path,label,status,logit_real,logit_physical,logit_digital,pad_logit_score,dataset_role,pred_real
YOUTUBE_id43_s0_105.png,0,VALID,-1.1660156,1.1005859,0.28125,-2.6317475,LCC-FASD external-dev / cross-domain stress set,False
YOUTUBE_id43_s0_124.png,0,VALID,-2.5976562,3.0,0.47192383,-5.6744432,LCC-FASD external-dev / cross-domain stress set,False
YOUTUBE_id43_s0_139.png,0,VALID,-1.8037109,1.2119141,0.90283203,-3.5661254,LCC-FASD external-dev / cross-domain stress set,False
YOUTUBE_id43_s0_154.png,0,VALID,-0.28979492,0.40820312,-0.121154785,-1.1610923,LCC-FASD external-dev / cross-domain stress set,False
YOUTUBE_id43_s1_15.png,0,VALID,-1.9179688,2.6210938,-0.034210205,-4.6069803,LCC-FASD external-dev / cross-domain stress set,False
YOUTUBE_id43_s1_30.png,0,VALID,-2.3417969,2.6484375,0.3203125,-5.0832496,LCC-FASD external-dev / cross-domain stress set,False
YOUTUBE_id43_s1_45.png,0,VALID,-2.265625,2.3925781,0.55322266,-4.8056917,LCC-FASD external-dev / cross-domain stress set,False
YOUTUBE_id43_s1_60.png,0,VALID,-0.8261719,1.2421875,-0.35424805,-2.2528596,LCC-FASD external-dev / cross-domain stress set,False
YOUTUBE_id43_s1_75.png,0,VALID,-1.5117188,1.828125,0.043273926,-3.4949841,LCC-FASD external-dev / cross-domain stress set,False
YOUTUBE_id43_s1_90.png,0,VALID,-2.1601562,2.3027344,0.39575195,-4.601372,LCC-FASD external-dev / cross-domain stress set,False
YOUTUBE_id43_s1_105.png,0,VALID,-2.296875,2.4902344,0.53271484,-4.919197,LCC-FASD external-dev / cross-domain stress set,False
YOUTUBE_id43_s1_120.png,0,VALID,-2.3378906,2.1210938,0.7451172,-4.6842003,LCC-FASD external-dev / cross-domain stress set,False
YOUTUBE_id43_s1_135.png,0,VALID,-1.8251953,1.9638672,0.40576172,-3.9801245,LCC-FASD external-dev / cross-domain stress set,False
YOUTUBE_id43_s1_150.png,0,VALID,-2.0800781,2.3417969,0.48095703,-4.5664444,LCC-FASD external-dev / cross-domain stress set,False
YOUTUBE_id48_s0_15.png,0,VALID,-1.5136719,1.8730469,-0.06585693,-3.5211287,LCC-FASD external-dev / cross-domain stress set,False
YOUTUBE_id48_s0_30.png,0,VALID,-1.5009766,1.9794922,-0.13708496,-3.594193,LCC-FASD external-dev / cross-domain stress set,False
YOUTUBE_id48_s0_45.png,0,VALID,-1.8759766,2.140625,0.057647705,-4.133992,LCC-FASD external-dev / cross-domain stress set,False
YOUTUBE_id48_s0_60.png,0,VALID,-2.0234375,1.9228516,0.30151367,-4.126637,LCC-FASD external-dev / cross-domain stress set,False
YOUTUBE_id48_s0_75.png,0,VALID,-1.5644531,1.6962891,0.10626221,-3.4463253,LCC-FASD external-dev / cross-domain stress set,False
YOUTUBE_id48_s0_90.png,0,VALID,-1.5078125,1.9677734,-0.21069336,-3.582838,LCC-FASD external-dev / cross-domain stress set,False
YOUTUBE_id48_s0_105.png,0,VALID,-1.4248047,1.8251953,0.033325195,-3.4041348,LCC-FASD external-dev / cross-domain stress set,False
YOUTUBE_id48_s0_120.png,0,VALID,-1.6884766,1.8505859,0.14294434,-3.705672,LCC-FASD external-dev / cross-domain stress set,False
YOUTUBE_id48_s0_135.png,0,VALID,-1.8310547,1.7353516,0.39648438,-3.7992167,LCC-FASD external-dev / cross-domain stress set,False
YOUTUBE_id48_s0_150.png,0,VALID,-2.3085938,2.2871094,0.43188477,-4.74103,LCC-FASD external-dev / cross-domain stress set,False
YOUTUBE_id48_s1_15.png,0,VALID,3.7597656,-2.6171875,-2.2167969,5.463704,LCC-FASD external-dev / cross-domain stress set,True
YOUTUBE_id48_s1_30.png,0,VALID,1.8876953,-1.9824219,-0.79589844,2.4171758,LCC-FASD external-dev / cross-domain stress set,True
YOUTUBE_id48_s1_45.png,0,VALID,0.6621094,-1.5830078,0.1171875,0.37716603,LCC-FASD external-dev / cross-domain stress set,True
YOUTUBE_id48_s1_60.png,0,VALID,0.99609375,-1.4003906,-0.29125977,1.0022907,LCC-FASD external-dev / cross-domain stress set,True
YOUTUBE_id48_s1_75.png,0,VALID,3.3730469,-2.40625,-1.8769531,4.7868834,LCC-FASD external-dev / cross-domain stress set,True
YOUTUBE_id48_s1_90.png,0,VALID,1.2919922,-1.3964844,-0.6826172,1.5760033,LCC-FASD external-dev / cross-domain stress set,True
YOUTUBE_id48_s1_105.png,0,VALID,1.2871094,-1.1748047,-0.67529297,1.488141,LCC-FASD external-dev / cross-domain stress set,True
YOUTUBE_id48_s1_124.png,0,VALID,3.0351562,-2.2011719,-1.7128906,4.2695293,LCC-FASD external-dev / cross-domain stress set,True
YOUTUBE_id48_s1_139.png,0,VALID,0.7583008,-0.91503906,-0.3876953,0.68215483,LCC-FASD external-dev / cross-domain stress set,True
YOUTUBE_id48_s1_154.png,0,VALID,1.328125,-1.171875,-0.78271484,1.5934603,LCC-FASD external-dev / cross-domain stress set,True
YOUTUBE_id48_s2_108.png,0,VALID,1.2207031,-0.4794922,-1.6181641,1.4223787,LCC-FASD external-dev / cross-domain stress set,True
YOUTUBE_id48_s2_123.png,0,VALID,0.047546387,0.49731445,-1.0927734,-0.6353408,LCC-FASD external-dev / cross-domain stress set,False
YOUTUBE_id29_s0_15.png,0,VALID,3.1191406,-2.2246094,-1.8789062,4.4628863,LCC-FASD external-dev / cross-domain stress set,True
YOUTUBE_id29_s0_30.png,0,VALID,2.8476562,-1.9033203,-1.8408203,4.026091,LCC-FASD external-dev / cross-domain stress set,True
YOUTUBE_id29_s0_45.png,0,VALID,2.7949219,-2.0078125,-1.6679688,3.9252975,LCC-FASD external-dev / cross-domain stress set,True
YOUTUBE_id29_s0_60.png,0,VALID,2.9804688,-2.0117188,-1.9121094,4.247996,LCC-FASD external-dev / cross-domain stress set,True
YOUTUBE_id29_s0_75.png,0,VALID,2.8339844,-2.0019531,-1.7792969,4.025278,LCC-FASD external-dev / cross-domain stress set,True
YOUTUBE_id29_s0_90.png,0,VALID,3.8789062,-2.7617188,-2.34375,5.716813,LCC-FASD external-dev / cross-domain stress set,True
YOUTUBE_id29_s0_105.png,0,VALID,3.6484375,-2.6210938,-2.1621094,5.3207865,LCC-FASD external-dev / cross-domain stress set,True
YOUTUBE_id29_s0_120.png,0,VALID,3.5019531,-2.6191406,-1.9541016,5.041132,LCC-FASD external-dev / cross-domain stress set,True
YOUTUBE_id29_s0_135.png,0,VALID,3.0722656,-2.359375,-1.6171875,4.300069,LCC-FASD external-dev / cross-domain stress set,True
YOUTUBE_id39_s0_15.png,0,VALID,-2.7402344,2.3789062,1.2597656,-5.40173,LCC-FASD external-dev / cross-domain stress set,False
YOUTUBE_id39_s0_30.png,0,VALID,-2.5410156,2.5351562,0.9584961,-5.2640314,LCC-FASD external-dev / cross-domain stress set,False
YOUTUBE_id39_s0_47.png,0,VALID,-0.6772461,1.9296875,-0.6464844,-2.680244,LCC-FASD external-dev / cross-domain stress set,False
YOUTUBE_id39_s0_62.png,0,VALID,-3.0683594,3.4824219,0.66015625,-6.608551,LCC-FASD external-dev / cross-domain stress set,False
YOUTUBE_id39_s0_80.png,0,VALID,-2.8535156,2.5546875,1.4013672,-5.6824865,LCC-FASD external-dev / cross-domain stress set,False
YOUTUBE_id39_s0_95.png,0,VALID,-2.5722656,2.3574219,0.9741211,-5.1534305,LCC-FASD external-dev / cross-domain stress set,False
YOUTUBE_id39_s1_15.png,0,VALID,-1.7597656,1.4443359,0.62158203,-3.5682032,LCC-FASD external-dev / cross-domain stress set,False
YOUTUBE_id39_s1_30.png,0,VALID,-0.7451172,1.5849609,-0.5800781,-2.4387043,LCC-FASD external-dev / cross-domain stress set,False
YOUTUBE_id39_s1_45.png,0,VALID,-0.8574219,1.0957031,-0.038909912,-2.2319276,LCC-FASD external-dev / cross-domain stress set,False
YOUTUBE_id39_s1_60.png,0,VALID,-1.6240234,1.7207031,0.41967773,-3.5855155,LCC-FASD external-dev / cross-domain stress set,False
YOUTUBE_id39_s1_75.png,0,VALID,-0.20788574,1.0205078,-0.69384766,-1.3939755,LCC-FASD external-dev / cross-domain stress set,False
YOUTUBE_id39_s1_91.png,0,VALID,-1.4404297,1.3300781,0.50878906,-3.1350567,LCC-FASD external-dev / cross-domain stress set,False
YOUTUBE_id39_s1_106.png,0,VALID,-1.3457031,1.7480469,-0.09118652,-3.2412553,LCC-FASD external-dev / cross-domain stress set,False
YOUTUBE_id39_s1_121.png,0,VALID,-1.2626953,1.8505859,-0.2836914,-3.225118,LCC-FASD external-dev / cross-domain stress set,False
YOUTUBE_id39_s1_136.png,0,VALID,-1.0048828,1.5800781,-0.31640625,-2.7248058,LCC-FASD external-dev / cross-domain stress set,False
YOUTUBE_id39_s1_151.png,0,VALID,-0.953125,1.5625,-0.35546875,-2.652692,LCC-FASD external-dev / cross-domain stress set,False
YOUTUBE_id42_s0_15.png,0,VALID,4.296875,-2.2246094,-3.2265625,6.208748,LCC-FASD external-dev / cross-domain stress set,True
YOUTUBE_id42_s0_30.png,0,VALID,4.0585938,-1.7900391,-3.296875,5.6484632,LCC-FASD external-dev / cross-domain stress set,True
YOUTUBE_id42_s0_105.png,0,VALID,2.3613281,-0.7578125,-2.296875,2.9247406,LCC-FASD external-dev / cross-domain stress set,True
YOUTUBE_id42_s0_120.png,0,VALID,1.4423828,-0.091430664,-1.8037109,1.3679146,LCC-FASD external-dev / cross-domain stress set,True
YOUTUBE_id42_s0_135.png,0,VALID,1.8857422,-0.53271484,-2.0585938,2.221715,LCC-FASD external-dev / cross-domain stress set,True
YOUTUBE_id42_s0_150.png,0,VALID,2.4863281,-0.98779297,-2.1738281,3.2075887,LCC-FASD external-dev / cross-domain stress set,True
YOUTUBE_id123_s0_15.png,0,VALID,-1.3681641,0.60302734,1.1640625,-2.983696,LCC-FASD external-dev / cross-domain stress set,False
YOUTUBE_id123_s0_30.png,0,VALID,-1.6123047,0.92089844,1.1044922,-3.3223546,LCC-FASD external-dev / cross-domain stress set,False
YOUTUBE_id123_s0_45.png,0,VALID,-1.7216797,0.96484375,1.3017578,-3.56225,LCC-FASD external-dev / cross-domain stress set,False
YOUTUBE_id123_s0_60.png,0,VALID,-1.9775391,0.92529297,1.5107422,-3.9309494,LCC-FASD external-dev / cross-domain stress set,False
YOUTUBE_id123_s0_75.png,0,VALID,-1.6650391,0.96533203,1.0791016,-3.38202,LCC-FASD external-dev / cross-domain stress set,False
YOUTUBE_id123_s0_90.png,0,VALID,-2.0195312,1.0742188,1.3193359,-3.9169474,LCC-FASD external-dev / cross-domain stress set,False
YOUTUBE_id123_s0_120.png,0,VALID,-2.1621094,1.1044922,1.6123047,-4.2455487,LCC-FASD external-dev / cross-domain stress set,False
YOUTUBE_id123_s0_135.png,0,VALID,-1.4414062,0.70166016,1.1572266,-3.089718,LCC-FASD external-dev / cross-domain stress set,False
YOUTUBE_id123_s0_150.png,0,VALID,-2.25,0.9194336,1.8515625,-4.433535,LCC-FASD external-dev / cross-domain stress set,False
YOUTUBE_id124_s0_15.png,0,VALID,0.16442871,-0.36694336,-0.016571045,-0.35222852,LCC-FASD external-dev / cross-domain stress set,False
YOUTUBE_id124_s0_30.png,0,VALID,-0.36669922,0.31103516,-0.04699707,-1.207804,LCC-FASD external-dev / cross-domain stress set,False
YOUTUBE_id124_s0_45.png,0,VALID,-0.08703613,0.26660156,-0.2758789,-0.81188786,LCC-FASD external-dev / cross-domain stress set,False
YOUTUBE_id124_s0_60.png,0,VALID,0.6826172,-0.4868164,-0.36645508,0.41429597,LCC-FASD external-dev / cross-domain stress set,True
YOUTUBE_id124_s0_75.png,0,VALID,0.92822266,-1.0771484,-0.027267456,0.65540075,LCC-FASD external-dev / cross-domain stress set,True
YOUTUBE_id124_s0_90.png,0,VALID,0.19787598,0.17456055,-0.3864746,-0.42815387,LCC-FASD external-dev / cross-domain stress set,False
YOUTUBE_id124_s0_105.png,0,VALID,0.04937744,0.20117188,-0.46679688,-0.56572294,LCC-FASD external-dev / cross-domain stress set,False
YOUTUBE_id124_s0_120.png,0,VALID,-0.6591797,0.44506836,0.14794922,-1.6598303,LCC-FASD external-dev / cross-domain stress set,False
YOUTUBE_id124_s0_135.png,0,VALID,-0.9482422,0.40966797,0.40844727,-2.0504472,LCC-FASD external-dev / cross-domain stress set,False
YOUTUBE_id124_s0_150.png,0,VALID,-0.17138672,0.17907715,-0.024765015,-0.946875,LCC-FASD external-dev / cross-domain stress set,False
YOUTUBE_id119_s0_15.png,0,VALID,1.0917969,0.044403076,-1.296875,0.81508344,LCC-FASD external-dev / cross-domain stress set,True
YOUTUBE_id119_s0_30.png,0,VALID,-0.15136719,1.2617188,-0.99658203,-1.512504,LCC-FASD external-dev / cross-domain stress set,False
YOUTUBE_id119_s0_45.png,0,VALID,-0.7392578,1.3925781,-0.4333496,-2.2811763,LCC-FASD external-dev / cross-domain stress set,False
YOUTUBE_id119_s0_60.png,0,VALID,-0.10736084,0.8359375,-0.6201172,-1.1528738,LCC-FASD external-dev / cross-domain stress set,False
YOUTUBE_id119_s0_75.png,0,VALID,-0.3017578,1.0800781,-0.6245117,-1.5489144,LCC-FASD external-dev / cross-domain stress set,False
YOUTUBE_id119_s0_90.png,0,VALID,-0.37548828,1.0458984,-0.48706055,-1.6168679,LCC-FASD external-dev / cross-domain stress set,False
YOUTUBE_id119_s0_150.png,0,VALID,0.0028953552,1.1044922,-1.1005859,-1.2061747,LCC-FASD external-dev / cross-domain stress set,False
YOUTUBE_id119_s1_15.png,0,VALID,-0.089782715,0.93603516,-0.9746094,-1.1638261,LCC-FASD external-dev / cross-domain stress set,False
YOUTUBE_id119_s1_30.png,0,VALID,-0.7963867,1.1962891,-0.2993164,-2.1948922,LCC-FASD external-dev / cross-domain stress set,False
YOUTUBE_id119_s1_45.png,0,VALID,0.08728027,0.75390625,-1.0322266,-0.8215824,LCC-FASD external-dev / cross-domain stress set,False
YOUTUBE_id119_s1_60.png,0,VALID,-1.0625,1.2363281,-0.056640625,-2.5413465,LCC-FASD external-dev / cross-domain stress set,False
YOUTUBE_id119_s1_75.png,0,VALID,-0.9243164,1.2333984,-0.15368652,-2.3807003,LCC-FASD external-dev / cross-domain stress set,False
YOUTUBE_id119_s1_90.png,0,VALID,0.92333984,0.17626953,-1.1728516,0.5163807,LCC-FASD external-dev / cross-domain stress set,True
YOUTUBE_id119_s1_105.png,0,VALID,-0.12188721,0.8881836,-0.51464844,-1.2299286,LCC-FASD external-dev / cross-domain stress set,False
YOUTUBE_id119_s1_120.png,0,VALID,-0.22290039,0.8378906,-0.6328125,-1.2676132,LCC-FASD external-dev / cross-domain stress set,False
YOUTUBE_id119_s1_135.png,0,VALID,0.4868164,0.24145508,-0.9086914,-0.029684067,LCC-FASD external-dev / cross-domain stress set,True
YOUTUBE_id119_s1_150.png,0,VALID,-0.5395508,1.3574219,-0.58691406,-2.030701,LCC-FASD external-dev / cross-domain stress set,False
YOUTUBE_id120_s0_57.png,0,VALID,1.5097656,-0.26757812,-1.7792969,1.578058,LCC-FASD external-dev / cross-domain stress set,True
YOUTUBE_id120_s0_72.png,0,VALID,-1.4423828,1.0605469,0.4663086,-2.942463,LCC-FASD external-dev / cross-domain stress set,False
YOUTUBE_id120_s0_87.png,0,VALID,-2.4335938,1.0039062,1.8378906,-4.632172,LCC-FASD external-dev / cross-domain stress set,False
YOUTUBE_id120_s0_102.png,0,VALID,-0.6591797,0.23400879,0.4572754,-1.704187,LCC-FASD external-dev / cross-domain stress set,False
YOUTUBE_id120_s0_117.png,0,VALID,-1.8994141,0.58496094,1.6708984,-3.8611784,LCC-FASD external-dev / cross-domain stress set,False
YOUTUBE_id120_s0_132.png,0,VALID,-1.4550781,0.44726562,1.1279297,-2.9926512,LCC-FASD external-dev / cross-domain stress set,False
YOUTUBE_id120_s0_147.png,0,VALID,-1.1855469,0.47045898,0.75683594,-2.5025582,LCC-FASD external-dev / cross-domain stress set,False
YOUTUBE_id120_s0_162.png,0,VALID,-2.0878906,1.1494141,1.1582031,-3.934856,LCC-FASD external-dev / cross-domain stress set,False
YOUTUBE_id120_s0_177.png,0,VALID,-2.1171875,0.8334961,1.4960938,-4.0290337,LCC-FASD external-dev / cross-domain stress set,False
YOUTUBE_id120_s0_192.png,0,VALID,-1.7822266,1.1074219,0.9794922,-3.5208752,LCC-FASD external-dev / cross-domain stress set,False
YOUTUBE_id121_s0_15.png,0,VALID,3.2480469,-2.34375,-1.9863281,4.7040544,LCC-FASD external-dev / cross-domain stress set,True
YOUTUBE_id121_s0_30.png,0,VALID,3.9042969,-3.6679688,-1.8408203,5.5959463,LCC-FASD external-dev / cross-domain stress set,True
YOUTUBE_id121_s0_45.png,0,VALID,4.1640625,-3.109375,-2.3378906,6.1219244,LCC-FASD external-dev / cross-domain stress set,True
YOUTUBE_id121_s0_60.png,0,VALID,2.7382812,-2.2304688,-1.6767578,3.9609027,LCC-FASD external-dev / cross-domain stress set,True
YOUTUBE_id121_s0_75.png,0,VALID,4.046875,-3.390625,-2.0058594,5.8292847,LCC-FASD external-dev / cross-domain stress set,True
YOUTUBE_id121_s0_90.png,0,VALID,2.859375,-2.6015625,-1.0341797,3.7041,LCC-FASD external-dev / cross-domain stress set,True
YOUTUBE_id121_s0_105.png,0,VALID,3.6992188,-3.0371094,-1.6904297,5.1584554,LCC-FASD external-dev / cross-domain stress set,True
YOUTUBE_id121_s0_120.png,0,VALID,3.8710938,-2.5976562,-2.5546875,5.7538877,LCC-FASD external-dev / cross-domain stress set,True
YOUTUBE_id121_s0_135.png,0,VALID,4.3320312,-3.2148438,-2.5234375,6.449423,LCC-FASD external-dev / cross-domain stress set,True
YOUTUBE_id121_s0_150.png,0,VALID,3.9296875,-3.0976562,-2.0664062,5.691141,LCC-FASD external-dev / cross-domain stress set,True
YOUTUBE_id122_s0_15.png,0,VALID,-1.4121094,1.9375,-0.035125732,-3.47984,LCC-FASD external-dev / cross-domain stress set,False
YOUTUBE_id122_s0_30.png,0,VALID,-1.3261719,1.6972656,0.037994385,-3.1976242,LCC-FASD external-dev / cross-domain stress set,False
YOUTUBE_id122_s0_45.png,0,VALID,-0.73583984,1.4746094,-0.6616211,-2.3220792,LCC-FASD external-dev / cross-domain stress set,False
YOUTUBE_id122_s0_60.png,0,VALID,-0.92529297,1.1777344,-0.03060913,-2.3643847,LCC-FASD external-dev / cross-domain stress set,False
YOUTUBE_id122_s0_75.png,0,VALID,-1.7021484,2.5292969,-0.19165039,-4.2951827,LCC-FASD external-dev / cross-domain stress set,False
YOUTUBE_id122_s0_90.png,0,VALID,-2.0722656,2.4257812,0.26831055,-4.6074543,LCC-FASD external-dev / cross-domain stress set,False
YOUTUBE_id122_s0_105.png,0,VALID,-0.5541992,1.3964844,-0.68652344,-2.068071,LCC-FASD external-dev / cross-domain stress set,False
YOUTUBE_id122_s0_120.png,0,VALID,-0.94140625,1.8017578,-0.41552734,-2.8465366,LCC-FASD external-dev / cross-domain stress set,False
YOUTUBE_id122_s0_135.png,0,VALID,-1.2128906,1.4003906,0.13916016,-2.86272,LCC-FASD external-dev / cross-domain stress set,False
YOUTUBE_id122_s0_150.png,0,VALID,-1.1396484,2.0058594,-0.44799805,-3.2279735,LCC-FASD external-dev / cross-domain stress set,False
YOUTUBE_id123_s0_105.png,0,VALID,-1.8271484,0.9707031,1.2939453,-3.6656241,LCC-FASD external-dev / cross-domain stress set,False
YOUTUBE_id115_s2_45.png,0,VALID,-0.31469727,0.057281494,0.11907959,-1.0965023,LCC-FASD external-dev / cross-domain stress set,False
YOUTUBE_id115_s2_60.png,0,VALID,-0.90527344,1.1748047,-0.07788086,-2.33141,LCC-FASD external-dev / cross-domain stress set,False
YOUTUBE_id115_s2_75.png,0,VALID,-0.58984375,0.6933594,-0.080200195,-1.662576,LCC-FASD external-dev / cross-domain stress set,False
YOUTUBE_id115_s2_90.png,0,VALID,-0.03289795,-0.14807129,-0.055114746,-0.6255319,LCC-FASD external-dev / cross-domain stress set,False
YOUTUBE_id116_s0_15.png,0,VALID,-1.8085938,1.0302734,1.015625,-3.5247169,LCC-FASD external-dev / cross-domain stress set,False
YOUTUBE_id116_s0_30.png,0,VALID,0.006904602,-0.21960449,-0.031433105,-0.56514335,LCC-FASD external-dev / cross-domain stress set,False
YOUTUBE_id116_s0_45.png,0,VALID,-0.2998047,-0.1116333,0.30737305,-1.1126089,LCC-FASD external-dev / cross-domain stress set,False
YOUTUBE_id116_s0_60.png,0,VALID,0.24255371,-0.25585938,-0.17578125,-0.23557448,LCC-FASD external-dev / cross-domain stress set,True
YOUTUBE_id116_s0_75.png,0,VALID,-0.25341797,0.04486084,0.18652344,-1.0647637,LCC-FASD external-dev / cross-domain stress set,False
YOUTUBE_id116_s0_90.png,0,VALID,0.12585449,-0.5649414,0.22937012,-0.47638333,LCC-FASD external-dev / cross-domain stress set,False
YOUTUBE_id116_s0_105.png,0,VALID,-0.25878906,-0.26489258,0.28564453,-0.99972963,LCC-FASD external-dev / cross-domain stress set,False
YOUTUBE_id116_s0_120.png,0,VALID,-0.32080078,-0.5239258,0.6411133,-1.2333986,LCC-FASD external-dev / cross-domain stress set,False
YOUTUBE_id116_s0_135.png,0,VALID,0.50634766,-0.26220703,-0.50878906,0.1911174,LCC-FASD external-dev / cross-domain stress set,True
YOUTUBE_id116_s0_150.png,0,VALID,0.14086914,-0.45410156,-0.04019165,-0.3263955,LCC-FASD external-dev / cross-domain stress set,False
YOUTUBE_id116_s1_15.png,0,VALID,-0.23461914,-0.24279785,0.3857422,-1.0478293,LCC-FASD external-dev / cross-domain stress set,False
YOUTUBE_id116_s1_30.png,0,VALID,0.45263672,0.32641602,-0.6640625,-0.1896106,LCC-FASD external-dev / cross-domain stress set,True
YOUTUBE_id116_s1_45.png,0,VALID,-1.5654297,0.35180664,1.3408203,-3.2224784,LCC-FASD external-dev / cross-domain stress set,False
YOUTUBE_id116_s1_60.png,0,VALID,-1.4746094,0.38745117,1.1152344,-2.9838963,LCC-FASD external-dev / cross-domain stress set,False
YOUTUBE_id116_s1_75.png,0,VALID,-1.1767578,-0.35424805,1.3867188,-2.7250433,LCC-FASD external-dev / cross-domain stress set,False
YOUTUBE_id116_s1_90.png,0,VALID,-0.8754883,-0.22875977,0.98583984,-2.1212502,LCC-FASD external-dev / cross-domain stress set,False
YOUTUBE_id116_s1_105.png,0,VALID,-1.0263672,0.20214844,0.76123047,-2.239777,LCC-FASD external-dev / cross-domain stress set,False
YOUTUBE_id116_s1_120.png,0,VALID,0.45458984,-0.83935547,-0.13439941,0.18744498,LCC-FASD external-dev / cross-domain stress set,True
YOUTUBE_id116_s1_135.png,0,VALID,-0.8154297,-0.068603516,0.80322266,-1.9680318,LCC-FASD external-dev / cross-domain stress set,False
YOUTUBE_id116_s1_150.png,0,VALID,-0.5205078,-0.15222168,0.6015625,-1.5077288,LCC-FASD external-dev / cross-domain stress set,False
YOUTUBE_id116_s2_15.png,0,VALID,-1.6494141,1.1376953,0.84521484,-3.3446715,LCC-FASD external-dev / cross-domain stress set,False
YOUTUBE_id116_s2_30.png,0,VALID,-0.40283203,0.7861328,-0.3774414,-1.4607978,LCC-FASD external-dev / cross-domain stress set,False
YOUTUBE_id116_s2_45.png,0,VALID,-0.40649414,0.6611328,-0.28955078,-1.3943927,LCC-FASD external-dev / cross-domain stress set,False
YOUTUBE_id116_s2_60.png,0,VALID,-0.40356445,-0.3317871,0.33203125,-1.150933,LCC-FASD external-dev / cross-domain stress set,False
YOUTUBE_id116_s2_75.png,0,VALID,1.0234375,0.17382812,-1.25,0.6338607,LCC-FASD external-dev / cross-domain stress set,True
YOUTUBE_id116_s2_90.png,0,VALID,0.7060547,-0.21264648,-0.7421875,0.45567486,LCC-FASD external-dev / cross-domain stress set,True
YOUTUBE_id116_s2_105.png,0,VALID,-0.55810547,0.49072266,-0.07269287,-1.4994333,LCC-FASD external-dev / cross-domain stress set,False
YOUTUBE_id116_s2_120.png,0,VALID,-0.4597168,0.005783081,0.48583984,-1.4272097,LCC-FASD external-dev / cross-domain stress set,False
YOUTUBE_id116_s2_135.png,0,VALID,0.66748047,0.37402344,-1.0439453,0.0765686,LCC-FASD external-dev / cross-domain stress set,True
YOUTUBE_id116_s2_150.png,0,VALID,0.11602783,0.5473633,-0.56347656,-0.71597457,LCC-FASD external-dev / cross-domain stress set,False
YOUTUBE_id117_s0_15.png,0,VALID,-1.9589844,1.8388672,0.46264648,-4.023018,LCC-FASD external-dev / cross-domain stress set,False
YOUTUBE_id117_s0_30.png,0,VALID,-1.4892578,1.8095703,-0.10534668,-3.4362867,LCC-FASD external-dev / cross-domain stress set,False
YOUTUBE_id117_s0_45.png,0,VALID,-1.4814453,1.7177734,0.029876709,-3.3688838,LCC-FASD external-dev / cross-domain stress set,False
YOUTUBE_id117_s0_60.png,0,VALID,-0.97265625,1.2568359,-0.1394043,-2.4506545,LCC-FASD external-dev / cross-domain stress set,False
YOUTUBE_id117_s0_75.png,0,VALID,-2.1699219,2.1074219,0.49951172,-4.45992,LCC-FASD external-dev / cross-domain stress set,False
YOUTUBE_id117_s0_90.png,0,VALID,-0.9477539,1.0537109,0.17541504,-2.3489408,LCC-FASD external-dev / cross-domain stress set,False
YOUTUBE_id117_s0_105.png,0,VALID,-1.7353516,1.6572266,0.47558594,-3.6601405,LCC-FASD external-dev / cross-domain stress set,False
YOUTUBE_id117_s0_120.png,0,VALID,-1.1630859,1.1152344,0.32202148,-2.65153,LCC-FASD external-dev / cross-domain stress set,False
YOUTUBE_id117_s0_135.png,0,VALID,-2.0078125,2.015625,0.33325195,-4.193967,LCC-FASD external-dev / cross-domain stress set,False
YOUTUBE_id117_s0_150.png,0,VALID,-1.5976562,1.75,0.2076416,-3.5414748,LCC-FASD external-dev / cross-domain stress set,False
YOUTUBE_id118_s0_15.png,0,VALID,-0.58251953,0.9116211,-0.3786621,-1.737238,LCC-FASD external-dev / cross-domain stress set,False
YOUTUBE_id118_s0_30.png,0,VALID,-0.3503418,0.9482422,-0.6010742,-1.4911802,LCC-FASD external-dev / cross-domain stress set,False
YOUTUBE_id118_s0_45.png,0,VALID,-0.7919922,1.3505859,-0.49243164,-2.289565,LCC-FASD external-dev / cross-domain stress set,False
YOUTUBE_id118_s0_60.png,0,VALID,-0.7080078,0.94677734,-0.25268555,-1.918192,LCC-FASD external-dev / cross-domain stress set,False
YOUTUBE_id118_s0_75.png,0,VALID,-0.10614014,0.72314453,-0.70947266,-1.0433338,LCC-FASD external-dev / cross-domain stress set,False
YOUTUBE_id118_s0_90.png,0,VALID,-1.2548828,1.5126953,-0.15344238,-2.9406703,LCC-FASD external-dev / cross-domain stress set,False
YOUTUBE_id118_s0_105.png,0,VALID,-0.49853516,1.2089844,-0.6147461,-1.8571651,LCC-FASD external-dev / cross-domain stress set,False
YOUTUBE_id118_s0_120.png,0,VALID,0.75927734,0.3149414,-1.4941406,0.29264164,LCC-FASD external-dev / cross-domain stress set,True
YOUTUBE_id118_s0_135.png,0,VALID,0.0042495728,0.6166992,-0.72216797,-0.84526026,LCC-FASD external-dev / cross-domain stress set,False
YOUTUBE_id118_s0_150.png,0,VALID,-0.69970703,0.9160156,-0.265625,-1.883285,LCC-FASD external-dev / cross-domain stress set,False
YOUTUBE_id119_s0_105.png,0,VALID,-0.14501953,1.1152344,-0.8647461,-1.3895894,LCC-FASD external-dev / cross-domain stress set,False
YOUTUBE_id119_s0_120.png,0,VALID,-0.4267578,1.2841797,-0.64208984,-1.8469452,LCC-FASD external-dev / cross-domain stress set,False
YOUTUBE_id119_s0_135.png,0,VALID,-0.13391113,0.9794922,-0.82958984,-1.2650976,LCC-FASD external-dev / cross-domain stress set,False
PBUNKNOWN_id169_s0_15.png,0,VALID,-0.59472656,0.62402344,-0.16845703,-1.5921879,LCC-FASD external-dev / cross-domain stress set,False
PBUNKNOWN_id169_s0_30.png,0,VALID,0.3881836,0.23657227,-1.046875,-0.092965305,LCC-FASD external-dev / cross-domain stress set,True
PBUNKNOWN_id169_s0_45.png,0,VALID,0.9609375,0.29174805,-1.6582031,0.53616226,LCC-FASD external-dev / cross-domain stress set,True
PBUNKNOWN_id169_s0_60.png,0,VALID,0.6591797,0.22314453,-1.3652344,0.25017285,LCC-FASD external-dev / cross-domain stress set,True
PBUNKNOWN_id169_s0_75.png,0,VALID,0.22937012,0.484375,-1.0878906,-0.4436186,LCC-FASD external-dev / cross-domain stress set,False
PBUNKNOWN_id169_s0_90.png,0,VALID,0.013710022,0.6152344,-0.9316406,-0.7945487,LCC-FASD external-dev / cross-domain stress set,False
PBUNKNOWN_id169_s0_120.png,0,VALID,1.2724609,0.18371582,-2.0234375,0.9843731,LCC-FASD external-dev / cross-domain stress set,True
PBUNKNOWN_id169_s0_135.png,0,VALID,1.2724609,0.17932129,-2.0078125,0.9867655,LCC-FASD external-dev / cross-domain stress set,True
PBUNKNOWN_id169_s0_150.png,0,VALID,1.0830078,0.39501953,-1.9365234,0.59527624,LCC-FASD external-dev / cross-domain stress set,True
SIC320_id161_s0_15.png,0,VALID,0.06524658,0.65722656,-0.4885254,-0.86808383,LCC-FASD external-dev / cross-domain stress set,False
SIC320_id161_s0_30.png,0,VALID,0.0135650635,0.7993164,-0.64501953,-0.997553,LCC-FASD external-dev / cross-domain stress set,False
SIC320_id161_s0_45.png,0,VALID,0.21350098,0.7651367,-0.80078125,-0.74134344,LCC-FASD external-dev / cross-domain stress set,False
SIC320_id161_s0_60.png,0,VALID,-0.2590332,0.92529297,-0.4621582,-1.4072385,LCC-FASD external-dev / cross-domain stress set,False
SIC320_id161_s0_75.png,0,VALID,-0.11956787,0.9692383,-0.65478516,-1.2687116,LCC-FASD external-dev / cross-domain stress set,False
SIC320_id161_s0_90.png,0,VALID,0.0032310486,0.81396484,-0.63378906,-1.021884,LCC-FASD external-dev / cross-domain stress set,False
SIC320_id161_s0_105.png,0,VALID,0.06365967,0.93896484,-0.8364258,-1.0318108,LCC-FASD external-dev / cross-domain stress set,False
SIC320_id161_s0_120.png,0,VALID,-0.26538086,1.1816406,-0.62158203,-1.5995426,LCC-FASD external-dev / cross-domain stress set,False
SIC320_id161_s0_135.png,0,VALID,-0.24084473,1.0458984,-0.58447266,-1.4656062,LCC-FASD external-dev / cross-domain stress set,False
SIC320_id161_s0_150.png,0,VALID,-0.026824951,0.9379883,-0.7607422,-1.1327955,LCC-FASD external-dev / cross-domain stress set,False
UNKNOWN_id152_s0_15.png,0,VALID,-2.2246094,2.5761719,0.39111328,-4.907365,LCC-FASD external-dev / cross-domain stress set,False
UNKNOWN_id152_s0_30.png,0,VALID,-2.2402344,2.6875,0.37597656,-5.022235,LCC-FASD external-dev / cross-domain stress set,False
UNKNOWN_id152_s0_45.png,0,VALID,-2.1171875,2.6445312,0.35473633,-4.858198,LCC-FASD external-dev / cross-domain stress set,False
UNKNOWN_id152_s0_60.png,0,VALID,-1.4892578,2.4589844,-0.28515625,-4.010563,LCC-FASD external-dev / cross-domain stress set,False
UNKNOWN_id152_s0_75.png,0,VALID,-1.9814453,2.2382812,0.56152344,-4.391138,LCC-FASD external-dev / cross-domain stress set,False
UNKNOWN_id152_s0_90.png,0,VALID,-2.390625,2.1914062,1.0273438,-4.853748,LCC-FASD external-dev / cross-domain stress set,False
UNKNOWN_id152_s0_105.png,0,VALID,-1.8662109,1.9316406,0.52001953,-4.0159807,LCC-FASD external-dev / cross-domain stress set,False
UNKNOWN_id152_s0_120.png,0,VALID,-1.4042969,1.9990234,-0.06500244,-3.522828,LCC-FASD external-dev / cross-domain stress set,False
UNKNOWN_id152_s0_135.png,0,VALID,-1.5976562,2.1113281,0.06112671,-3.8300588,LCC-FASD external-dev / cross-domain stress set,False
UNKNOWN_id152_s0_150.png,0,VALID,-1.2773438,1.6943359,0.0256958,-3.1443744,LCC-FASD external-dev / cross-domain stress set,False
YOUTUBE_id115_s0_15.png,0,VALID,1.4033203,-0.24841309,-1.3359375,1.3612678,LCC-FASD external-dev / cross-domain stress set,True
YOUTUBE_id115_s0_30.png,0,VALID,2.7246094,-1.4638672,-1.9208984,3.6979594,LCC-FASD external-dev / cross-domain stress set,True
YOUTUBE_id115_s0_45.png,0,VALID,0.3293457,-0.11999512,-0.4584961,-0.08881086,LCC-FASD external-dev / cross-domain stress set,True
YOUTUBE_id115_s0_60.png,0,VALID,-0.11932373,0.19384766,-0.19714355,-0.82981175,LCC-FASD external-dev / cross-domain stress set,False
YOUTUBE_id115_s0_75.png,0,VALID,-0.671875,0.6035156,0.014602661,-1.7168213,LCC-FASD external-dev / cross-domain stress set,False
YOUTUBE_id115_s0_90.png,0,VALID,1.4248047,-0.50439453,-1.1953125,1.5229905,LCC-FASD external-dev / cross-domain stress set,True
YOUTUBE_id115_s0_105.png,0,VALID,2.1582031,-0.8745117,-1.7607422,2.6875615,LCC-FASD external-dev / cross-domain stress set,True
YOUTUBE_id115_s0_120.png,0,VALID,2.7539062,-1.5195312,-1.8476562,3.7309544,LCC-FASD external-dev / cross-domain stress set,True
YOUTUBE_id115_s0_135.png,0,VALID,1.1337891,-0.15209961,-1.1738281,0.9784244,LCC-FASD external-dev / cross-domain stress set,True
YOUTUBE_id115_s1_15.png,0,VALID,-0.14941406,0.19018555,-0.12249756,-0.8885771,LCC-FASD external-dev / cross-domain stress set,False
YOUTUBE_id115_s1_30.png,0,VALID,-0.32641602,0.59228516,-0.2290039,-1.2832501,LCC-FASD external-dev / cross-domain stress set,False
YOUTUBE_id115_s1_45.png,0,VALID,-0.47045898,0.58984375,-0.13903809,-1.4539976,LCC-FASD external-dev / cross-domain stress set,False
YOUTUBE_id115_s1_60.png,0,VALID,-0.70410156,0.21313477,0.40698242,-1.711997,LCC-FASD external-dev / cross-domain stress set,False
YOUTUBE_id115_s1_75.png,0,VALID,-0.6411133,0.66015625,0.16015625,-1.7753465,LCC-FASD external-dev / cross-domain stress set,False
YOUTUBE_id115_s1_90.png,0,VALID,-0.14807129,0.02229309,-0.008857727,-0.84805745,LCC-FASD external-dev / cross-domain stress set,False
YOUTUBE_id115_s1_105.png,0,VALID,-0.21081543,0.26220703,-0.14367676,-0.9836806,LCC-FASD external-dev / cross-domain stress set,False
YOUTUBE_id115_s1_120.png,0,VALID,0.10668945,-0.4326172,0.090026855,-0.4489255,LCC-FASD external-dev / cross-domain stress set,False
YOUTUBE_id115_s1_135.png,0,VALID,-0.16906738,0.5859375,-0.47631836,-1.0519007,LCC-FASD external-dev / cross-domain stress set,False
YOUTUBE_id115_s1_150.png,0,VALID,-0.796875,0.84814453,0.059631348,-2.0196955,LCC-FASD external-dev / cross-domain stress set,False
YOUTUBE_id115_s2_15.png,0,VALID,-0.8378906,0.64697266,0.24267578,-1.9961563,LCC-FASD external-dev / cross-domain stress set,False
YOUTUBE_id115_s2_30.png,0,VALID,-0.51660156,0.84033203,-0.33642578,-1.6256443,LCC-FASD external-dev / cross-domain stress set,False
YOUTUBE_id115_s2_105.png,0,VALID,-1.1298828,1.21875,0.25756836,-2.6724834,LCC-FASD external-dev / cross-domain stress set,False
YOUTUBE_id115_s2_120.png,0,VALID,-0.55126953,0.7128906,-0.097839355,-1.6319466,LCC-FASD external-dev / cross-domain stress set,False
YOUTUBE_id115_s2_135.png,0,VALID,-1.2021484,0.99121094,0.35083008,-2.6167245,LCC-FASD external-dev / cross-domain stress set,False
YOUTUBE_id115_s2_150.png,0,VALID,-0.5131836,0.6591797,-0.09197998,-1.5588623,LCC-FASD external-dev / cross-domain stress set,False
FT720P_id5_s0_30.png,0,VALID,1.2978516,0.65283203,-2.2324219,0.59068227,LCC-FASD external-dev / cross-domain stress set,True
FT720P_id5_s0_45.png,0,VALID,1.0273438,0.81640625,-2.1425781,0.16036654,LCC-FASD external-dev / cross-domain stress set,True
FT720P_id5_s0_60.png,0,VALID,0.8173828,0.93603516,-2.0175781,-0.16948897,LCC-FASD external-dev / cross-domain stress set,True
FT720P_id5_s0_75.png,0,VALID,1.3349609,0.51904297,-2.1601562,0.7495517,LCC-FASD external-dev / cross-domain stress set,True
FT720P_id5_s0_90.png,0,VALID,1.0390625,0.7402344,-2.0917969,0.24160403,LCC-FASD external-dev / cross-domain stress set,True
FT720P_id9_s0_15.png,0,VALID,0.9633789,1.4853516,-2.4472656,-0.5413755,LCC-FASD external-dev / cross-domain stress set,False
FT720P_id9_s0_30.png,0,VALID,0.79541016,1.5341797,-2.3613281,-0.7588986,LCC-FASD external-dev / cross-domain stress set,False
FT720P_id9_s0_45.png,0,VALID,1.2890625,1.2421875,-2.6523438,0.026726365,LCC-FASD external-dev / cross-domain stress set,True
FT720P_id9_s0_60.png,0,VALID,1.2558594,1.1884766,-2.59375,0.044866323,LCC-FASD external-dev / cross-domain stress set,True
FT720P_id9_s0_75.png,0,VALID,1.0556641,1.5175781,-2.5507812,-0.47887492,LCC-FASD external-dev / cross-domain stress set,False
FT720P_id9_s0_90.png,0,VALID,1.1201172,1.5019531,-2.6542969,-0.3973807,LCC-FASD external-dev / cross-domain stress set,False
FT720P_id9_s0_105.png,0,VALID,1.265625,1.1015625,-2.4667969,0.13625085,LCC-FASD external-dev / cross-domain stress set,True
FT720P_id9_s0_120.png,0,VALID,1.0927734,1.3037109,-2.4472656,-0.23416054,LCC-FASD external-dev / cross-domain stress set,True
FT720P_id9_s0_135.png,0,VALID,1.5322266,1.1660156,-2.8476562,0.34830534,LCC-FASD external-dev / cross-domain stress set,True
FT720P_id9_s0_150.png,0,VALID,1.0449219,1.3378906,-2.3886719,-0.316759,LCC-FASD external-dev / cross-domain stress set,False
IPHONE8B_id5_s2_15.png,0,VALID,9.171875,-5.7148438,-6.1015625,14.368353,LCC-FASD external-dev / cross-domain stress set,True
IPHONE8B_id5_s2_30.png,0,VALID,9.2265625,-5.8828125,-5.9570312,14.452648,LCC-FASD external-dev / cross-domain stress set,True
IPHONE8B_id5_s2_45.png,0,VALID,9.296875,-5.8007812,-6.0664062,14.528528,LCC-FASD external-dev / cross-domain stress set,True
IPHONE8B_id5_s2_60.png,0,VALID,7.953125,-4.8164062,-5.328125,12.299862,LCC-FASD external-dev / cross-domain stress set,True
IPHONE8B_id5_s2_75.png,0,VALID,7.5273438,-4.515625,-5.109375,11.603262,LCC-FASD external-dev / cross-domain stress set,True
IPHONE8B_id5_s2_90.png,0,VALID,8.5703125,-5.171875,-5.7617188,13.301088,LCC-FASD external-dev / cross-domain stress set,True
IPHONE8B_id5_s2_105.png,0,VALID,8.390625,-4.9648438,-5.6679688,12.953319,LCC-FASD external-dev / cross-domain stress set,True
IPHONE8B_id5_s2_120.png,0,VALID,7.5625,-4.4296875,-5.203125,11.612776,LCC-FASD external-dev / cross-domain stress set,True
IPHONE8B_id5_s2_135.png,0,VALID,7.8515625,-4.7578125,-5.234375,12.126385,LCC-FASD external-dev / cross-domain stress set,True
IPHONE8B_id5_s2_150.png,0,VALID,7.421875,-4.3710938,-5.1015625,11.39979,LCC-FASD external-dev / cross-domain stress set,True
IPHONE8B_id9_s2_15.png,0,VALID,3.5742188,-1.1113281,-3.5996094,4.6057634,LCC-FASD external-dev / cross-domain stress set,True
IPHONE8B_id9_s2_30.png,0,VALID,3.6835938,-1.3671875,-3.4433594,4.9326344,LCC-FASD external-dev / cross-domain stress set,True
IPHONE8B_id9_s2_45.png,0,VALID,3.1640625,-0.8823242,-3.2734375,3.9588084,LCC-FASD external-dev / cross-domain stress set,True
IPHONE8B_id9_s2_60.png,0,VALID,3.3164062,-0.9033203,-3.3535156,4.1369705,LCC-FASD external-dev / cross-domain stress set,True
IPHONE8B_id9_s2_75.png,0,VALID,4.1953125,-1.5410156,-3.8378906,5.6404977,LCC-FASD external-dev / cross-domain stress set,True
IPHONE8B_id9_s2_90.png,0,VALID,3.7617188,-1.3447266,-3.5507812,5.001964,LCC-FASD external-dev / cross-domain stress set,True
IPHONE8B_id9_s2_105.png,0,VALID,3.8007812,-1.3818359,-3.5410156,5.073386,LCC-FASD external-dev / cross-domain stress set,True
IPHONE8B_id9_s2_120.png,0,VALID,3.6835938,-1.1044922,-3.5859375,4.7077765,LCC-FASD external-dev / cross-domain stress set,True
IPHONE8B_id9_s2_135.png,0,VALID,3.4941406,-1.1777344,-3.3632812,4.5653405,LCC-FASD external-dev / cross-domain stress set,True
IPHONE8B_id9_s2_150.png,0,VALID,4.1132812,-1.6435547,-3.640625,5.629558,LCC-FASD external-dev / cross-domain stress set,True
IPHONE8B_id81_s0_15.png,0,VALID,0.48657227,0.064331055,-0.7006836,0.040162683,LCC-FASD external-dev / cross-domain stress set,True
IPHONE8B_id81_s0_30.png,0,VALID,0.9165039,-0.07775879,-1.0947266,0.6855361,LCC-FASD external-dev / cross-domain stress set,True
IPHONE8B_id81_s0_45.png,0,VALID,0.84472656,-0.18762207,-0.87353516,0.6244663,LCC-FASD external-dev / cross-domain stress set,True
IPHONE8B_id81_s0_60.png,0,VALID,0.9370117,-0.28027344,-0.8852539,0.7815591,LCC-FASD external-dev / cross-domain stress set,True
IPHONE8B_id81_s0_75.png,0,VALID,1.1943359,-0.34887695,-1.1386719,1.1689372,LCC-FASD external-dev / cross-domain stress set,True
IPHONE8B_id81_s0_90.png,0,VALID,1.6494141,-0.75439453,-1.34375,1.9625359,LCC-FASD external-dev / cross-domain stress set,True
IPHONE8B_id81_s0_105.png,0,VALID,0.8613281,-0.2783203,-0.85302734,0.6931247,LCC-FASD external-dev / cross-domain stress set,True
IPHONE8B_id81_s0_120.png,0,VALID,1.2412109,-0.41723633,-1.1513672,1.2664576,LCC-FASD external-dev / cross-domain stress set,True
IPHONE8B_id81_s0_135.png,0,VALID,0.64941406,-0.13342285,-0.77783203,0.3608604,LCC-FASD external-dev / cross-domain stress set,True
IPHONE8B_id81_s0_150.png,0,VALID,1.28125,-0.41455078,-1.1523438,1.3049973,LCC-FASD external-dev / cross-domain stress set,True
MSIGT72_id164_s0_15.png,0,VALID,-3.1679688,3.8554688,0.49414062,-7.0575385,LCC-FASD external-dev / cross-domain stress set,False
MSIGT72_id164_s0_30.png,0,VALID,-3.1757812,3.5957031,0.71484375,-6.8260546,LCC-FASD external-dev / cross-domain stress set,False
MSIGT72_id164_s0_45.png,0,VALID,-3.4121094,3.984375,0.67578125,-7.4323993,LCC-FASD external-dev / cross-domain stress set,False
MSIGT72_id164_s0_60.png,0,VALID,-3.4726562,4.0507812,0.71484375,-7.5584,LCC-FASD external-dev / cross-domain stress set,False
MSIGT72_id164_s0_75.png,0,VALID,-3.4628906,3.9121094,0.73828125,-7.4159913,LCC-FASD external-dev / cross-domain stress set,False
MSIGT72_id164_s0_90.png,0,VALID,-3.5292969,4.1601562,0.5307617,-7.7156396,LCC-FASD external-dev / cross-domain stress set,False
MSIGT72_id164_s0_105.png,0,VALID,-3.6015625,4.078125,0.73291016,-7.714333,LCC-FASD external-dev / cross-domain stress set,False
MSIGT72_id164_s0_120.png,0,VALID,-3.2382812,3.8046875,0.58154297,-7.0820255,LCC-FASD external-dev / cross-domain stress set,False
MSIGT72_id164_s0_135.png,0,VALID,-3.6484375,4.03125,0.86865234,-7.7211323,LCC-FASD external-dev / cross-domain stress set,False
PBUNKNOWN_id169_s0_105.png,0,VALID,-0.008201599,0.68847656,-0.96875,-0.87119186,LCC-FASD external-dev / cross-domain stress set,False
FT720P_id0_s2_45.png,0,VALID,-2.25,3.2734375,-0.10473633,-5.556978,LCC-FASD external-dev / cross-domain stress set,False
FT720P_id0_s2_60.png,0,VALID,-2.0175781,3.3144531,-0.37353516,-5.3567457,LCC-FASD external-dev / cross-domain stress set,False
FT720P_id0_s2_75.png,0,VALID,-2.3652344,3.0898438,0.09887695,-5.504096,LCC-FASD external-dev / cross-domain stress set,False
FT720P_id0_s2_90.png,0,VALID,-2.3085938,3.1992188,0.0029315948,-5.5479116,LCC-FASD external-dev / cross-domain stress set,False
FT720P_id0_s3_16.png,0,VALID,-2.0332031,2.8515625,0.20117188,-4.9530067,LCC-FASD external-dev / cross-domain stress set,False
FT720P_id0_s3_31.png,0,VALID,-2.34375,3.0039062,0.42260742,-5.420605,LCC-FASD external-dev / cross-domain stress set,False
FT720P_id0_s3_46.png,0,VALID,-2.0996094,2.859375,0.19824219,-5.0265207,LCC-FASD external-dev / cross-domain stress set,False
FT720P_id0_s3_61.png,0,VALID,-2.6132812,2.6992188,0.97753906,-5.476968,LCC-FASD external-dev / cross-domain stress set,False
FT720P_id0_s3_77.png,0,VALID,-2.7792969,2.8359375,1.0917969,-5.776328,LCC-FASD external-dev / cross-domain stress set,False
FT720P_id0_s3_92.png,0,VALID,-2.8769531,3.1054688,0.9897461,-6.096238,LCC-FASD external-dev / cross-domain stress set,False
FT720P_id0_s3_107.png,0,VALID,-2.7734375,2.9238281,0.95996094,-5.82857,LCC-FASD external-dev / cross-domain stress set,False
FT720P_id0_s3_127.png,0,VALID,-2.7871094,3.1269531,0.9086914,-6.0173388,LCC-FASD external-dev / cross-domain stress set,False
FT720P_id0_s3_142.png,0,VALID,-2.140625,2.90625,0.23327637,-5.113642,LCC-FASD external-dev / cross-domain stress set,False
FT720P_id0_s3_157.png,0,VALID,-1.8916016,2.8066406,0.12927246,-4.764726,LCC-FASD external-dev / cross-domain stress set,False
FT720P_id5_s0_15.png,0,VALID,1.1923828,0.79296875,-2.25,0.35282332,LCC-FASD external-dev / cross-domain stress set,True
FT720P_id5_s0_105.png,0,VALID,0.73535156,1.0478516,-1.9697266,-0.3602606,LCC-FASD external-dev / cross-domain stress set,False
FT720P_id5_s0_120.png,0,VALID,0.69433594,1.0693359,-1.9736328,-0.4215907,LCC-FASD external-dev / cross-domain stress set,False
FT720P_id5_s0_135.png,0,VALID,0.9477539,0.9169922,-2.1640625,-0.01412642,LCC-FASD external-dev / cross-domain stress set,True
FT720P_id5_s0_150.png,0,VALID,0.7895508,0.9350586,-2.0097656,-0.19678187,LCC-FASD external-dev / cross-domain stress set,True
FT720P_id12_s0_15.png,0,VALID,8.1328125,-4.9648438,-5.4921875,12.633815,LCC-FASD external-dev / cross-domain stress set,True
FT720P_id12_s0_30.png,0,VALID,7.0859375,-4.0273438,-4.9960938,10.791519,LCC-FASD external-dev / cross-domain stress set,True
FT720P_id12_s0_45.png,0,VALID,7.59375,-4.2890625,-5.34375,11.583967,LCC-FASD external-dev / cross-domain stress set,True
FT720P_id12_s0_60.png,0,VALID,7.5703125,-4.4492188,-5.3242188,11.671087,LCC-FASD external-dev / cross-domain stress set,True
FT720P_id12_s0_75.png,0,VALID,6.9726562,-4.0273438,-4.8632812,10.639903,LCC-FASD external-dev / cross-domain stress set,True
FT720P_id12_s0_90.png,0,VALID,8.453125,-4.9453125,-5.7734375,13.035973,LCC-FASD external-dev / cross-domain stress set,True
FT720P_id12_s0_105.png,0,VALID,7.6445312,-4.3671875,-5.3554688,11.6952915,LCC-FASD external-dev / cross-domain stress set,True
FT720P_id12_s0_120.png,0,VALID,6.71875,-3.7382812,-4.7382812,10.143769,LCC-FASD external-dev / cross-domain stress set,True
FT720P_id12_s0_135.png,0,VALID,7.2734375,-4.2460938,-5.0507812,11.149881,LCC-FASD external-dev / cross-domain stress set,True
FT720P_id12_s0_150.png,0,VALID,8.6171875,-5.265625,-5.8203125,13.429032,LCC-FASD external-dev / cross-domain stress set,True
FT720P_id12_s1_15.png,0,VALID,2.9882812,-1.3076172,-2.5273438,4.0371475,LCC-FASD external-dev / cross-domain stress set,True
FT720P_id12_s1_30.png,0,VALID,3.2734375,-1.1865234,-2.8476562,4.286072,LCC-FASD external-dev / cross-domain stress set,True
FT720P_id12_s1_45.png,0,VALID,3.03125,-0.79296875,-2.9433594,3.7140749,LCC-FASD external-dev / cross-domain stress set,True
FT720P_id12_s1_60.png,0,VALID,4.4179688,-2.5136719,-3.1582031,6.5097065,LCC-FASD external-dev / cross-domain stress set,True
FT720P_id12_s1_75.png,0,VALID,5.9375,-2.8496094,-4.5820312,8.624264,LCC-FASD external-dev / cross-domain stress set,True
FT720P_id12_s1_90.png,0,VALID,5.4726562,-2.8378906,-4.1171875,8.065068,LCC-FASD external-dev / cross-domain stress set,True
FT720P_id12_s1_105.png,0,VALID,5.8164062,-2.9082031,-4.375,8.517056,LCC-FASD external-dev / cross-domain stress set,True
FT720P_id12_s1_120.png,0,VALID,5.0820312,-2.4511719,-3.9082031,7.3238125,LCC-FASD external-dev / cross-domain stress set,True
FT720P_id12_s1_135.png,0,VALID,3.6347656,-1.5097656,-3.1113281,4.9608927,LCC-FASD external-dev / cross-domain stress set,True
FT720P_id12_s1_150.png,0,VALID,2.4042969,-0.52490234,-2.4453125,2.7924445,LCC-FASD external-dev / cross-domain stress set,True
FT720P_id12_s2_15.png,0,VALID,7.4882812,-4.3945312,-5.1015625,11.481955,LCC-FASD external-dev / cross-domain stress set,True
FT720P_id12_s2_30.png,0,VALID,7.59375,-4.5625,-5.1835938,11.726186,LCC-FASD external-dev / cross-domain stress set,True
FT720P_id12_s2_45.png,0,VALID,6.859375,-4.0078125,-4.7421875,10.475277,LCC-FASD external-dev / cross-domain stress set,True
FT720P_id12_s2_60.png,0,VALID,6.8984375,-4.171875,-4.78125,10.636137,LCC-FASD external-dev / cross-domain stress set,True
FT720P_id12_s2_75.png,0,VALID,9.109375,-5.4257812,-6.1484375,14.139431,LCC-FASD external-dev / cross-domain stress set,True
FT720P_id12_s2_90.png,0,VALID,6.078125,-3.2539062,-4.5117188,9.081837,LCC-FASD external-dev / cross-domain stress set,True
FT720P_id12_s2_105.png,0,VALID,7.1289062,-3.9082031,-5.0585938,10.762123,LCC-FASD external-dev / cross-domain stress set,True
FT720P_id12_s2_120.png,0,VALID,7.3398438,-4.4726562,-5.0,11.348659,LCC-FASD external-dev / cross-domain stress set,True
FT720P_id12_s2_135.png,0,VALID,8.6328125,-4.96875,-5.9492188,13.2830105,LCC-FASD external-dev / cross-domain stress set,True
FT720P_id12_s2_150.png,0,VALID,7.65625,-4.4492188,-5.3320312,11.759316,LCC-FASD external-dev / cross-domain stress set,True
AGL752VM_id147_s0_15.png,0,VALID,1.9736328,0.13183594,-2.3457031,1.7611855,LCC-FASD external-dev / cross-domain stress set,True
AGL752VM_id147_s0_30.png,0,VALID,1.078125,0.8496094,-1.9912109,0.17177832,LCC-FASD external-dev / cross-domain stress set,True
AGL752VM_id147_s0_45.png,0,VALID,-0.52783203,1.7382812,-0.7705078,-2.344339,LCC-FASD external-dev / cross-domain stress set,False
AGL752VM_id147_s0_60.png,0,VALID,0.3137207,1.4726562,-1.4550781,-1.2110708,LCC-FASD external-dev / cross-domain stress set,False
AGL752VM_id147_s0_75.png,0,VALID,0.8149414,1.4306641,-2.2324219,-0.64105237,LCC-FASD external-dev / cross-domain stress set,False
AGL752VM_id147_s0_90.png,0,VALID,1.0400391,1.3261719,-2.40625,-0.30978572,LCC-FASD external-dev / cross-domain stress set,False
AGL752VM_id147_s0_105.png,0,VALID,1.0517578,1.2861328,-2.3417969,-0.26059926,LCC-FASD external-dev / cross-domain stress set,True
AGL752VM_id147_s0_120.png,0,VALID,1.875,0.6899414,-2.7617188,1.1538575,LCC-FASD external-dev / cross-domain stress set,True
AGL752VM_id147_s0_135.png,0,VALID,1.0410156,1.4951172,-2.4160156,-0.47392166,LCC-FASD external-dev / cross-domain stress set,False
AGL752VM_id147_s0_150.png,0,VALID,-0.2175293,2.1308594,-1.5849609,-2.3724327,LCC-FASD external-dev / cross-domain stress set,False
FT720P_id0_s0_15.png,0,VALID,-0.7026367,1.4873047,-0.9819336,-2.2711983,LCC-FASD external-dev / cross-domain stress set,False
FT720P_id0_s0_30.png,0,VALID,-0.52685547,1.4228516,-1.1298828,-2.0246925,LCC-FASD external-dev / cross-domain stress set,False
FT720P_id0_s0_45.png,0,VALID,-0.5390625,1.6787109,-1.2871094,-2.2680085,LCC-FASD external-dev / cross-domain stress set,False
FT720P_id0_s0_60.png,0,VALID,-0.46240234,1.5527344,-1.3115234,-2.0705955,LCC-FASD external-dev / cross-domain stress set,False
FT720P_id0_s0_75.png,0,VALID,-0.28881836,1.5371094,-1.4990234,-1.8728306,LCC-FASD external-dev / cross-domain stress set,False
FT720P_id0_s0_90.png,0,VALID,0.07537842,1.2216797,-1.671875,-1.2002013,LCC-FASD external-dev / cross-domain stress set,False
FT720P_id0_s0_105.png,0,VALID,-0.6796875,1.7421875,-1.1679688,-2.4749107,LCC-FASD external-dev / cross-domain stress set,False
FT720P_id0_s0_120.png,0,VALID,-0.796875,1.9414062,-1.25,-2.7785726,LCC-FASD external-dev / cross-domain stress set,False
FT720P_id0_s0_135.png,0,VALID,-0.24963379,1.3671875,-1.3828125,-1.6787889,LCC-FASD external-dev / cross-domain stress set,False
FT720P_id0_s0_150.png,0,VALID,-0.5288086,1.5742188,-1.2480469,-2.160797,LCC-FASD external-dev / cross-domain stress set,False
FT720P_id0_s1_15.png,0,VALID,3.6347656,-2.0976562,-2.5703125,5.2479334,LCC-FASD external-dev / cross-domain stress set,True
FT720P_id0_s1_30.png,0,VALID,3.7128906,-2.09375,-2.6289062,5.3456917,LCC-FASD external-dev / cross-domain stress set,True
FT720P_id0_s1_45.png,0,VALID,3.9609375,-2.171875,-2.9023438,5.7396336,LCC-FASD external-dev / cross-domain stress set,True
FT720P_id0_s1_60.png,0,VALID,4.4414062,-2.4863281,-3.1816406,6.52299,LCC-FASD external-dev / cross-domain stress set,True
FT720P_id0_s1_75.png,0,VALID,3.6445312,-1.8740234,-2.7988281,5.1845074,LCC-FASD external-dev / cross-domain stress set,True
FT720P_id0_s1_90.png,0,VALID,4.1132812,-2.1503906,-3.1074219,5.938671,LCC-FASD external-dev / cross-domain stress set,True
FT720P_id0_s1_105.png,0,VALID,4.3242188,-2.3828125,-3.1699219,6.3319163,LCC-FASD external-dev / cross-domain stress set,True
FT720P_id0_s1_120.png,0,VALID,3.8203125,-2.0644531,-2.8769531,5.517524,LCC-FASD external-dev / cross-domain stress set,True
FT720P_id0_s1_135.png,0,VALID,4.2148438,-2.3632812,-3.078125,6.17984,LCC-FASD external-dev / cross-domain stress set,True
FT720P_id0_s1_150.png,0,VALID,3.9726562,-2.203125,-2.9355469,5.783237,LCC-FASD external-dev / cross-domain stress set,True
FT720P_id0_s2_15.png,0,VALID,-2.5546875,3.1074219,0.2944336,-5.7204022,LCC-FASD external-dev / cross-domain stress set,False
FT720P_id0_s2_30.png,0,VALID,-2.2089844,3.2089844,-0.11450195,-5.453362,LCC-FASD external-dev / cross-domain stress set,False
FT720P_id0_s2_105.png,0,VALID,-2.3320312,3.2734375,0.026062012,-5.643608,LCC-FASD external-dev / cross-domain stress set,False
FT720P_id0_s2_120.png,0,VALID,-2.1933594,2.9726562,0.033294678,-5.2175636,LCC-FASD external-dev / cross-domain stress set,False
FT720P_id0_s2_135.png,0,VALID,-2.4746094,3.4023438,0.051574707,-5.9114103,LCC-FASD external-dev / cross-domain stress set,False
FT720P_id0_s2_150.png,0,VALID,-2.5625,3.3359375,0.23278809,-5.9423656,LCC-FASD external-dev / cross-domain stress set,False
YOUTUBE_id48_s2_15.png,0,VALID,0.27978516,-0.06365967,-0.89453125,-0.01818642,LCC-FASD external-dev / cross-domain stress set,True
YOUTUBE_id48_s2_30.png,0,VALID,1.3955078,0.10797119,-1.8408203,1.154365,LCC-FASD external-dev / cross-domain stress set,True
YOUTUBE_id48_s2_45.png,0,VALID,1.9130859,-0.5654297,-2.1191406,2.2866879,LCC-FASD external-dev / cross-domain stress set,True
YOUTUBE_id48_s2_78.png,0,VALID,6.15625,-3.5332031,-4.1914062,9.272203,LCC-FASD external-dev / cross-domain stress set,True
spoof_1793.png,1,VALID,-2.1933594,2.0097656,1.1025391,-4.5421953,LCC-FASD external-dev / cross-domain stress set,False
spoof_1794.png,1,VALID,-2.0136719,2.4238281,0.37524414,-4.5587587,LCC-FASD external-dev / cross-domain stress set,False
spoof_1795.png,1,VALID,-2.4042969,2.4882812,0.76220703,-5.0563807,LCC-FASD external-dev / cross-domain stress set,False
spoof_1796.png,1,VALID,-2.5175781,2.3125,0.93359375,-5.0547037,LCC-FASD external-dev / cross-domain stress set,False
spoof_1797.png,1,VALID,-2.1269531,1.2275391,1.1923828,-4.0302157,LCC-FASD external-dev / cross-domain stress set,False
spoof_1798.png,1,VALID,-1.5878906,2.6679688,-0.6743164,-4.2906046,LCC-FASD external-dev / cross-domain stress set,False
spoof_1799.png,1,VALID,-2.5566406,1.6523438,1.4501953,-4.8061566,LCC-FASD external-dev / cross-domain stress set,False
spoof_1800.png,1,VALID,-1.7978516,2.4863281,-0.26000977,-4.346368,LCC-FASD external-dev / cross-domain stress set,False
spoof_1801.png,1,VALID,-1.7001953,1.9853516,0.13476562,-3.8315027,LCC-FASD external-dev / cross-domain stress set,False
spoof_1802.png,1,VALID,0.24890137,2.4160156,-2.4453125,-2.1748247,LCC-FASD external-dev / cross-domain stress set,False
spoof_1803.png,1,VALID,-1.4941406,1.9980469,-0.17651367,-3.5998375,LCC-FASD external-dev / cross-domain stress set,False
spoof_1804.png,1,VALID,1.0224609,-0.00969696,-1.3583984,0.80138195,LCC-FASD external-dev / cross-domain stress set,True
spoof_1805.png,1,VALID,-0.2705078,1.734375,-1.0800781,-2.0630927,LCC-FASD external-dev / cross-domain stress set,False
spoof_1806.png,1,VALID,0.8461914,-0.4169922,-0.6767578,0.69150805,LCC-FASD external-dev / cross-domain stress set,True
spoof_1807.png,1,VALID,0.29858398,1.6826172,-1.7021484,-1.4173573,LCC-FASD external-dev / cross-domain stress set,False
spoof_1808.png,1,VALID,1.3095703,0.67089844,-2.296875,0.58853245,LCC-FASD external-dev / cross-domain stress set,True
spoof_1809.png,1,VALID,-1.5224609,1.4599609,0.3395996,-3.264711,LCC-FASD external-dev / cross-domain stress set,False
spoof_1810.png,1,VALID,1.2539062,-0.11779785,-1.4375,1.1348826,LCC-FASD external-dev / cross-domain stress set,True
spoof_1811.png,1,VALID,0.93310547,0.8354492,-1.7910156,0.027818978,LCC-FASD external-dev / cross-domain stress set,True
spoof_1812.png,1,VALID,0.3310547,1.3320312,-1.4072266,-1.0635929,LCC-FASD external-dev / cross-domain stress set,False
spoof_1813.png,1,VALID,0.097473145,0.6845703,-0.60595703,-0.8301419,LCC-FASD external-dev / cross-domain stress set,False
spoof_1814.png,1,VALID,0.7885742,-0.56103516,-0.63916016,0.69476193,LCC-FASD external-dev / cross-domain stress set,True
spoof_1815.png,1,VALID,-1.8134766,2.0820312,0.15307617,-4.0311747,LCC-FASD external-dev / cross-domain stress set,False
spoof_1816.png,1,VALID,0.6459961,-0.11853027,-0.77734375,0.34748527,LCC-FASD external-dev / cross-domain stress set,True
spoof_1817.png,1,VALID,0.28881836,1.4707031,-1.6269531,-1.2260499,LCC-FASD external-dev / cross-domain stress set,False
spoof_1818.png,1,VALID,0.47216797,1.1748047,-1.8642578,-0.7494055,LCC-FASD external-dev / cross-domain stress set,False
spoof_1819.png,1,VALID,0.21166992,0.37817383,-0.5283203,-0.505785,LCC-FASD external-dev / cross-domain stress set,False
spoof_1820.png,1,VALID,-0.36743164,1.8964844,-1.078125,-2.3137221,LCC-FASD external-dev / cross-domain stress set,False
spoof_1821.png,1,VALID,-0.6645508,2.6640625,-1.4951172,-3.3441129,LCC-FASD external-dev / cross-domain stress set,False
spoof_1822.png,1,VALID,1.6152344,0.48901367,-2.5136719,1.0777606,LCC-FASD external-dev / cross-domain stress set,True
spoof_1823.png,1,VALID,-1.78125,1.8876953,0.3178711,-3.857979,LCC-FASD external-dev / cross-domain stress set,False
spoof_1824.png,1,VALID,-2.9472656,3.1054688,0.9111328,-6.1583843,LCC-FASD external-dev / cross-domain stress set,False
spoof_1825.png,1,VALID,-1.9882812,1.1416016,1.4990234,-4.0176253,LCC-FASD external-dev / cross-domain stress set,False
spoof_1826.png,1,VALID,-2.15625,1.8476562,1.0029297,-4.3613534,LCC-FASD external-dev / cross-domain stress set,False
spoof_1827.png,1,VALID,-2.4609375,1.6914062,1.4013672,-4.71095,LCC-FASD external-dev / cross-domain stress set,False
spoof_1828.png,1,VALID,-1.3818359,1.2900391,0.6098633,-3.0816827,LCC-FASD external-dev / cross-domain stress set,False
spoof_1829.png,1,VALID,-1.7158203,1.9580078,0.37646484,-3.8608532,LCC-FASD external-dev / cross-domain stress set,False
spoof_1830.png,1,VALID,-1.9365234,2.1347656,0.47436523,-4.2452955,LCC-FASD external-dev / cross-domain stress set,False
spoof_1831.png,1,VALID,-2.2480469,2.1054688,0.90966797,-4.6177716,LCC-FASD external-dev / cross-domain stress set,False
spoof_1832.png,1,VALID,-2.4746094,1.2792969,1.9619141,-4.845511,LCC-FASD external-dev / cross-domain stress set,False
spoof_1833.png,1,VALID,-2.9316406,1.5048828,2.2753906,-5.5873685,LCC-FASD external-dev / cross-domain stress set,False
spoof_1834.png,1,VALID,-3.1601562,3.8457031,0.53759766,-7.0417914,LCC-FASD external-dev / cross-domain stress set,False
spoof_1835.png,1,VALID,-3.2402344,3.1074219,1.2011719,-6.486232,LCC-FASD external-dev / cross-domain stress set,False
spoof_1836.png,1,VALID,-2.109375,2.0996094,0.7421875,-4.437969,LCC-FASD external-dev / cross-domain stress set,False
spoof_1837.png,1,VALID,-2.4082031,1.2666016,2.0039062,-4.803071,LCC-FASD external-dev / cross-domain stress set,False
spoof_1838.png,1,VALID,-2.2089844,2.0058594,0.9111328,-4.5034986,LCC-FASD external-dev / cross-domain stress set,False
spoof_1839.png,1,VALID,-1.6445312,2.0996094,0.12573242,-3.8742187,LCC-FASD external-dev / cross-domain stress set,False
spoof_1840.png,1,VALID,-1.2539062,1.8925781,-0.035949707,-3.282205,LCC-FASD external-dev / cross-domain stress set,False
spoof_1841.png,1,VALID,-1.9628906,2.7109375,0.049468994,-4.7413425,LCC-FASD external-dev / cross-domain stress set,False
spoof_1730.png,1,VALID,3.1464844,-2.4101562,-1.8388672,4.5375957,LCC-FASD external-dev / cross-domain stress set,True
spoof_1731.png,1,VALID,-0.7680664,0.484375,0.3474121,-1.8794502,LCC-FASD external-dev / cross-domain stress set,False
spoof_1732.png,1,VALID,1.2207031,1.0019531,-2.0410156,0.17215931,LCC-FASD external-dev / cross-domain stress set,True
spoof_1733.png,1,VALID,-2.6757812,2.2714844,1.0302734,-5.2011585,LCC-FASD external-dev / cross-domain stress set,False
spoof_1734.png,1,VALID,-2.4042969,2.3828125,0.5595703,-4.936823,LCC-FASD external-dev / cross-domain stress set,False
spoof_1735.png,1,VALID,-0.9350586,1.7382812,-0.34692383,-2.7904842,LCC-FASD external-dev / cross-domain stress set,False
spoof_1736.png,1,VALID,-1.4960938,1.9951172,0.16455078,-3.6399093,LCC-FASD external-dev / cross-domain stress set,False
spoof_1737.png,1,VALID,-2.1386719,1.9902344,0.61376953,-4.3540235,LCC-FASD external-dev / cross-domain stress set,False
spoof_1738.png,1,VALID,-2.3378906,2.4101562,0.5678711,-4.895134,LCC-FASD external-dev / cross-domain stress set,False
spoof_1739.png,1,VALID,-0.54785156,0.8823242,-0.44604492,-1.6651759,LCC-FASD external-dev / cross-domain stress set,False
spoof_1740.png,1,VALID,0.30541992,1.2148438,-1.4423828,-0.97721565,LCC-FASD external-dev / cross-domain stress set,False
spoof_1741.png,1,VALID,-2.109375,1.8730469,0.80029297,-4.2766314,LCC-FASD external-dev / cross-domain stress set,False
spoof_1742.png,1,VALID,-2.0546875,1.7900391,0.8183594,-4.1656837,LCC-FASD external-dev / cross-domain stress set,False
spoof_1743.png,1,VALID,-2.34375,2.2890625,0.6958008,-4.817848,LCC-FASD external-dev / cross-domain stress set,False
spoof_1744.png,1,VALID,-1.5957031,1.7929688,0.45947266,-3.6226006,LCC-FASD external-dev / cross-domain stress set,False
spoof_1745.png,1,VALID,-1.6484375,2.21875,0.09234619,-3.97986,LCC-FASD external-dev / cross-domain stress set,False
spoof_1746.png,1,VALID,-1.8662109,1.9521484,0.5620117,-4.0407357,LCC-FASD external-dev / cross-domain stress set,False
spoof_1747.png,1,VALID,-2.5390625,2.2285156,1.0683594,-5.040226,LCC-FASD external-dev / cross-domain stress set,False
spoof_1748.png,1,VALID,-2.4257812,2.71875,0.4699707,-5.244854,LCC-FASD external-dev / cross-domain stress set,False
spoof_1749.png,1,VALID,-1.4414062,2.8886719,-0.5336914,-4.362192,LCC-FASD external-dev / cross-domain stress set,False
spoof_1750.png,1,VALID,-2.03125,2.5507812,-0.119506836,-4.648972,LCC-FASD external-dev / cross-domain stress set,False
spoof_1751.png,1,VALID,-0.04360962,0.88671875,-0.5708008,-1.139627,LCC-FASD external-dev / cross-domain stress set,False
spoof_1752.png,1,NO_VALID_FACE,,,,,LCC-FASD external-dev / cross-domain stress set,
spoof_1753.png,1,VALID,-1.8613281,2.6015625,-0.029220581,-4.5324373,LCC-FASD external-dev / cross-domain stress set,False
spoof_1754.png,1,VALID,-0.14770508,1.1054688,-0.56689453,-1.4252789,LCC-FASD external-dev / cross-domain stress set,False
spoof_1755.png,1,VALID,-2.1640625,2.7382812,-0.19763184,-4.9540653,LCC-FASD external-dev / cross-domain stress set,False
spoof_1756.png,1,VALID,-1.9472656,2.5664062,0.26367188,-4.6089687,LCC-FASD external-dev / cross-domain stress set,False
spoof_1757.png,1,VALID,-2.34375,2.7402344,0.21594238,-5.1610518,LCC-FASD external-dev / cross-domain stress set,False
spoof_1758.png,1,VALID,-1.1650391,1.5673828,-0.045532227,-2.9141648,LCC-FASD external-dev / cross-domain stress set,False
spoof_1759.png,1,VALID,-0.39233398,1.7265625,-1.0351562,-2.1801639,LCC-FASD external-dev / cross-domain stress set,False
spoof_1760.png,1,VALID,-2.0898438,1.9423828,0.71484375,-4.2892017,LCC-FASD external-dev / cross-domain stress set,False
spoof_1761.png,1,VALID,-1.1298828,2.2421875,-0.7597656,-3.4205651,LCC-FASD external-dev / cross-domain stress set,False
spoof_1762.png,1,VALID,-1.5957031,2.3320312,-0.2919922,-3.9977365,LCC-FASD external-dev / cross-domain stress set,False
spoof_1763.png,1,VALID,-1.9873047,2.3125,-0.04562378,-4.3901916,LCC-FASD external-dev / cross-domain stress set,False
spoof_1764.png,1,VALID,-0.45825195,0.4260254,0.011528015,-1.3914998,LCC-FASD external-dev / cross-domain stress set,False
spoof_1765.png,1,VALID,-2.1972656,2.7226562,0.28881836,-5.003987,LCC-FASD external-dev / cross-domain stress set,False
spoof_1766.png,1,VALID,-2.3339844,2.109375,0.93408203,-4.7124157,LCC-FASD external-dev / cross-domain stress set,False
spoof_1767.png,1,VALID,-1.1884766,1.9150391,-0.30859375,-3.2062664,LCC-FASD external-dev / cross-domain stress set,False
spoof_1768.png,1,VALID,0.19396973,0.95947266,-1.0615234,-0.8899512,LCC-FASD external-dev / cross-domain stress set,False
spoof_1769.png,1,VALID,1.7822266,0.28686523,-2.1796875,1.4138948,LCC-FASD external-dev / cross-domain stress set,True
spoof_1770.png,1,VALID,-1.2841797,1.9150391,-0.12524414,-3.3214293,LCC-FASD external-dev / cross-domain stress set,False
spoof_1771.png,1,VALID,0.107666016,1.0693359,-0.9897461,-1.0817356,LCC-FASD external-dev / cross-domain stress set,False
spoof_1772.png,1,VALID,0.8120117,1.6582031,-2.0820312,-0.8696623,LCC-FASD external-dev / cross-domain stress set,False
spoof_1773.png,1,VALID,-1.0566406,1.8671875,-0.30249023,-3.0319777,LCC-FASD external-dev / cross-domain stress set,False
spoof_1774.png,1,VALID,3.7382812,-1.2236328,-3.1855469,4.830369,LCC-FASD external-dev / cross-domain stress set,True
spoof_1775.png,1,VALID,-1.4179688,1.7451172,0.19702148,-3.355896,LCC-FASD external-dev / cross-domain stress set,False
spoof_1776.png,1,VALID,-1.4287109,1.8007812,0.10394287,-3.397767,LCC-FASD external-dev / cross-domain stress set,False
spoof_1777.png,1,VALID,-2.4941406,2.1191406,1.0351562,-4.90464,LCC-FASD external-dev / cross-domain stress set,False
spoof_1778.png,1,VALID,-1.9921875,2.6835938,-0.031280518,-4.739895,LCC-FASD external-dev / cross-domain stress set,False
spoof_1779.png,1,VALID,-2.0703125,1.3046875,1.1054688,-3.9734907,LCC-FASD external-dev / cross-domain stress set,False
spoof_1780.png,1,VALID,-2.7734375,2.5761719,0.9477539,-5.5287924,LCC-FASD external-dev / cross-domain stress set,False
spoof_1781.png,1,VALID,-2.7832031,2.7089844,0.90527344,-5.6446395,LCC-FASD external-dev / cross-domain stress set,False
spoof_1782.png,1,VALID,-1.9824219,2.6074219,0.1381836,-4.6711006,LCC-FASD external-dev / cross-domain stress set,False
spoof_1783.png,1,VALID,-0.36401367,2.0117188,-1.4921875,-2.4053686,LCC-FASD external-dev / cross-domain stress set,False
spoof_1784.png,1,VALID,-2.5664062,1.7822266,1.4150391,-4.8749456,LCC-FASD external-dev / cross-domain stress set,False
spoof_1673.png,1,VALID,-1.2939453,1.4199219,0.33935547,-3.0060914,LCC-FASD external-dev / cross-domain stress set,False
spoof_1674.png,1,VALID,-0.68847656,1.6650391,-0.58984375,-2.4532576,LCC-FASD external-dev / cross-domain stress set,False
spoof_1675.png,1,VALID,-0.43579102,0.35668945,0.07092285,-1.3529176,LCC-FASD external-dev / cross-domain stress set,False
spoof_1676.png,1,VALID,-1.8505859,2.6796875,-0.1665039,-4.586715,LCC-FASD external-dev / cross-domain stress set,False
spoof_1677.png,1,VALID,-2.6425781,2.4609375,0.9394531,-5.301044,LCC-FASD external-dev / cross-domain stress set,False
spoof_1678.png,1,VALID,-0.52685547,0.69140625,-0.12524414,-1.58423,LCC-FASD external-dev / cross-domain stress set,False
spoof_1679.png,1,VALID,-2.7734375,2.8535156,0.82714844,-5.7507744,LCC-FASD external-dev / cross-domain stress set,False
spoof_1680.png,1,VALID,-2.8378906,3.2109375,0.6020508,-6.1198606,LCC-FASD external-dev / cross-domain stress set,False
spoof_1681.png,1,VALID,-2.2363281,2.9257812,0.15649414,-5.2229285,LCC-FASD external-dev / cross-domain stress set,False
spoof_1682.png,1,VALID,-2.0644531,3.2949219,-0.375,-5.3845344,LCC-FASD external-dev / cross-domain stress set,False
spoof_1683.png,1,VALID,-2.0214844,2.4902344,0.44360352,-4.633201,LCC-FASD external-dev / cross-domain stress set,False
spoof_1684.png,1,VALID,0.30786133,0.27319336,-0.74853516,-0.27279633,LCC-FASD external-dev / cross-domain stress set,True
spoof_1685.png,1,VALID,-2.7597656,2.6054688,1.0830078,-5.5625877,LCC-FASD external-dev / cross-domain stress set,False
spoof_1686.png,1,VALID,-0.39672852,0.73583984,-0.39404297,-1.412524,LCC-FASD external-dev / cross-domain stress set,False
spoof_1687.png,1,VALID,-3.6777344,3.3105469,1.3876953,-7.1247244,LCC-FASD external-dev / cross-domain stress set,False
spoof_1688.png,1,VALID,-2.9335938,2.8671875,1.0058594,-5.945285,LCC-FASD external-dev / cross-domain stress set,False
spoof_1689.png,1,VALID,-2.3710938,2.8554688,0.27612305,-5.2996492,LCC-FASD external-dev / cross-domain stress set,False
spoof_1690.png,1,VALID,-1.8261719,2.8789062,-0.15771484,-4.751959,LCC-FASD external-dev / cross-domain stress set,False
spoof_1691.png,1,VALID,0.8847656,-0.2644043,-0.8769531,0.7161106,LCC-FASD external-dev / cross-domain stress set,True
spoof_1692.png,1,VALID,-2.296875,2.1660156,0.99560547,-4.733101,LCC-FASD external-dev / cross-domain stress set,False
spoof_1693.png,1,VALID,-1.2958984,1.21875,0.29125977,-2.8479338,LCC-FASD external-dev / cross-domain stress set,False
spoof_1694.png,1,VALID,-0.6904297,0.8623047,-0.34106445,-1.815238,LCC-FASD external-dev / cross-domain stress set,False
spoof_1695.png,1,VALID,-1.1494141,1.1738281,0.021057129,-2.5976572,LCC-FASD external-dev / cross-domain stress set,False
spoof_1696.png,1,VALID,-1.7148438,1.9814453,0.26513672,-3.8615732,LCC-FASD external-dev / cross-domain stress set,False
spoof_1697.png,1,VALID,-1.2939453,1.0048828,0.52978516,-2.7823796,LCC-FASD external-dev / cross-domain stress set,False
spoof_1698.png,1,VALID,-2.9179688,3.0,0.6586914,-6.00982,LCC-FASD external-dev / cross-domain stress set,False
spoof_1699.png,1,VALID,0.7368164,-0.17321777,-0.8466797,0.49796417,LCC-FASD external-dev / cross-domain stress set,True
spoof_1700.png,1,VALID,-0.39770508,0.3256836,-0.30639648,-1.1496266,LCC-FASD external-dev / cross-domain stress set,False
spoof_1701.png,1,VALID,-0.21350098,0.73339844,-0.8071289,-1.1410409,LCC-FASD external-dev / cross-domain stress set,False
spoof_1702.png,1,VALID,-0.7836914,0.5185547,0.46948242,-1.9711581,LCC-FASD external-dev / cross-domain stress set,False
spoof_1703.png,1,VALID,-1.2568359,1.2099609,0.37060547,-2.8258612,LCC-FASD external-dev / cross-domain stress set,False
spoof_1704.png,1,VALID,-0.53125,0.27001953,0.18786621,-1.4541833,LCC-FASD external-dev / cross-domain stress set,False
spoof_1705.png,1,VALID,0.5283203,-0.21240234,-0.7998047,0.29875264,LCC-FASD external-dev / cross-domain stress set,True
spoof_1706.png,1,VALID,-1.0761719,1.1054688,0.15319824,-2.5079644,LCC-FASD external-dev / cross-domain stress set,False
spoof_1707.png,1,VALID,-1.9931641,2.609375,-0.10546875,-4.6666546,LCC-FASD external-dev / cross-domain stress set,False
spoof_1708.png,1,VALID,-2.0449219,2.5546875,-0.06726074,-4.669752,LCC-FASD external-dev / cross-domain stress set,False
spoof_1709.png,1,VALID,-2.2617188,1.8867188,0.9301758,-4.4735737,LCC-FASD external-dev / cross-domain stress set,False
spoof_1710.png,1,VALID,-1.3271484,1.7509766,-0.00096035004,-3.2380626,LCC-FASD external-dev / cross-domain stress set,False
spoof_1711.png,1,VALID,-0.52734375,1.8330078,-0.86083984,-2.4257836,LCC-FASD external-dev / cross-domain stress set,False
spoof_1712.png,1,VALID,3.9433594,-2.1972656,-2.765625,5.6918106,LCC-FASD external-dev / cross-domain stress set,True
spoof_1713.png,1,VALID,2.578125,-0.25976562,-2.7675781,2.7595913,LCC-FASD external-dev / cross-domain stress set,True
spoof_1714.png,1,VALID,-1.0458984,0.010383606,1.0029297,-2.3641,LCC-FASD external-dev / cross-domain stress set,False
spoof_1715.png,1,VALID,-1.3554688,0.7397461,0.6455078,-2.7423525,LCC-FASD external-dev / cross-domain stress set,False
spoof_1716.png,1,VALID,0.14428711,-0.14709473,-0.19763184,-0.37681597,LCC-FASD external-dev / cross-domain stress set,False
spoof_1717.png,1,VALID,3.8515625,-2.0761719,-2.734375,5.510485,LCC-FASD external-dev / cross-domain stress set,True
spoof_1718.png,1,VALID,0.39819336,1.0576172,-1.3691406,-0.7440616,LCC-FASD external-dev / cross-domain stress set,False
spoof_1719.png,1,VALID,-0.107543945,-0.11920166,-0.099731445,-0.69127196,LCC-FASD external-dev / cross-domain stress set,False
spoof_1720.png,1,VALID,-0.105773926,1.9003906,-1.5595703,-2.0371118,LCC-FASD external-dev / cross-domain stress set,False
spoof_1721.png,1,VALID,-1.2236328,1.3300781,-0.13049316,-2.762434,LCC-FASD external-dev / cross-domain stress set,False
spoof_1722.png,1,VALID,-0.28295898,-0.8701172,0.97509766,-1.4047436,LCC-FASD external-dev / cross-domain stress set,False
spoof_1723.png,1,VALID,0.3959961,1.5117188,-1.7617188,-1.152899,LCC-FASD external-dev / cross-domain stress set,False
spoof_1724.png,1,VALID,2.0957031,-1.5175781,-1.3818359,2.8499615,LCC-FASD external-dev / cross-domain stress set,True
spoof_1725.png,1,VALID,-0.18896484,0.15771484,0.061340332,-0.9928002,LCC-FASD external-dev / cross-domain stress set,False
spoof_1726.png,1,VALID,3.0839844,-1.7607422,-2.265625,4.37249,LCC-FASD external-dev / cross-domain stress set,True
spoof_1727.png,1,VALID,2.0097656,-0.95703125,-1.3261719,2.4412827,LCC-FASD external-dev / cross-domain stress set,True
spoof_1728.png,1,VALID,-0.93603516,0.50390625,0.50878906,-2.1355329,LCC-FASD external-dev / cross-domain stress set,False
spoof_1729.png,1,VALID,2.3046875,-0.17822266,-2.6503906,2.4018817,LCC-FASD external-dev / cross-domain stress set,True
spoof_1619.png,1,VALID,0.40429688,0.83496094,-1.09375,-0.5663616,LCC-FASD external-dev / cross-domain stress set,False
spoof_1620.png,1,VALID,-1.7832031,2.9296875,-0.4206543,-4.747362,LCC-FASD external-dev / cross-domain stress set,False
spoof_1621.png,1,VALID,-1.0419922,1.8339844,-0.5253906,-2.9662552,LCC-FASD external-dev / cross-domain stress set,False
spoof_1622.png,1,VALID,-1.2431641,1.9833984,-0.4663086,-3.3093572,LCC-FASD external-dev / cross-domain stress set,False
spoof_1623.png,1,VALID,-0.6328125,1.1445312,-0.3408203,-1.9814453,LCC-FASD external-dev / cross-domain stress set,False
spoof_1624.png,1,VALID,-1.6523438,2.109375,0.20080566,-3.8999949,LCC-FASD external-dev / cross-domain stress set,False
spoof_1625.png,1,VALID,-0.90527344,1.0976562,-0.20825195,-2.2426758,LCC-FASD external-dev / cross-domain stress set,False
spoof_1626.png,1,VALID,2.0214844,-0.76123047,-1.7060547,2.4543123,LCC-FASD external-dev / cross-domain stress set,True
spoof_1627.png,1,VALID,-0.36669922,1.5292969,-0.9628906,-1.9754806,LCC-FASD external-dev / cross-domain stress set,False
spoof_1628.png,1,VALID,0.9199219,-0.42797852,-1.1533203,0.9530521,LCC-FASD external-dev / cross-domain stress set,True
spoof_1629.png,1,VALID,-0.39892578,1.4833984,-0.9765625,-1.964308,LCC-FASD external-dev / cross-domain stress set,False
spoof_1630.png,1,VALID,0.23339844,0.25195312,-1.0097656,-0.2678858,LCC-FASD external-dev / cross-domain stress set,True
spoof_1631.png,1,VALID,-0.7392578,1.4414062,-0.5888672,-2.3040311,LCC-FASD external-dev / cross-domain stress set,False
spoof_1632.png,1,VALID,2.3632812,0.08795166,-2.7382812,2.217782,LCC-FASD external-dev / cross-domain stress set,True
spoof_1633.png,1,VALID,2.5683594,-0.7480469,-2.4101562,3.142673,LCC-FASD external-dev / cross-domain stress set,True
spoof_1634.png,1,VALID,-0.49365234,1.1484375,-0.7182617,-1.7858727,LCC-FASD external-dev / cross-domain stress set,False
spoof_1635.png,1,VALID,-1.5566406,2.3378906,-0.14477539,-3.9747465,LCC-FASD external-dev / cross-domain stress set,False
spoof_1636.png,1,VALID,-0.71533203,1.5214844,-0.44873047,-2.367342,LCC-FASD external-dev / cross-domain stress set,False
spoof_1637.png,1,VALID,0.028045654,0.21350098,-0.24487305,-0.67545205,LCC-FASD external-dev / cross-domain stress set,False
spoof_1638.png,1,VALID,-0.39404297,1.2568359,-0.8286133,-1.7679962,LCC-FASD external-dev / cross-domain stress set,False
spoof_1639.png,1,VALID,-0.63623047,1.6318359,-0.65966797,-2.364389,LCC-FASD external-dev / cross-domain stress set,False
spoof_1640.png,1,VALID,-1.6855469,2.0820312,0.32666016,-3.9270089,LCC-FASD external-dev / cross-domain stress set,False
spoof_1641.png,1,VALID,-1.2890625,1.8857422,-0.35351562,-3.2760406,LCC-FASD external-dev / cross-domain stress set,False
spoof_1642.png,1,VALID,-0.9926758,1.5078125,-0.43164062,-2.634829,LCC-FASD external-dev / cross-domain stress set,False
spoof_1643.png,1,VALID,1.0224609,-0.23474121,-0.90722656,0.84480214,LCC-FASD external-dev / cross-domain stress set,True
spoof_1644.png,1,VALID,0.3623047,0.22265625,-0.55566406,-0.23822391,LCC-FASD external-dev / cross-domain stress set,True
spoof_1645.png,1,VALID,-1.7050781,2.9746094,-0.5,-4.7101917,LCC-FASD external-dev / cross-domain stress set,False
spoof_1646.png,1,VALID,-1.1083984,1.4121094,0.20947266,-2.7831807,LCC-FASD external-dev / cross-domain stress set,False
spoof_1647.png,1,VALID,0.63134766,0.03967285,-0.80615234,0.23455784,LCC-FASD external-dev / cross-domain stress set,True
spoof_1648.png,1,VALID,-2.3339844,1.8261719,1.1845703,-4.5831003,LCC-FASD external-dev / cross-domain stress set,False
spoof_1649.png,1,VALID,-0.25805664,0.91259766,-0.5498047,-1.3790326,LCC-FASD external-dev / cross-domain stress set,False
spoof_1650.png,1,VALID,2.0175781,-0.49047852,-2.0039062,2.3090796,LCC-FASD external-dev / cross-domain stress set,True
spoof_1651.png,1,VALID,-2.1621094,3.375,-0.26635742,-5.5629883,LCC-FASD external-dev / cross-domain stress set,False
spoof_1652.png,1,VALID,-0.61621094,1.0078125,-0.051513672,-1.9216727,LCC-FASD external-dev / cross-domain stress set,False
spoof_1653.png,1,VALID,1.7626953,-0.43286133,-1.7646484,1.9612713,LCC-FASD external-dev / cross-domain stress set,True
spoof_1654.png,1,VALID,-1.6191406,2.1894531,-0.12841797,-3.902524,LCC-FASD external-dev / cross-domain stress set,False
spoof_1655.png,1,VALID,0.51660156,-0.3251953,-0.35009766,0.16102332,LCC-FASD external-dev / cross-domain stress set,True
spoof_1656.png,1,VALID,1.4658203,-0.3798828,-1.1054688,1.4509344,LCC-FASD external-dev / cross-domain stress set,True
spoof_1657.png,1,VALID,-1.0449219,1.890625,-0.60546875,-3.0147333,LCC-FASD external-dev / cross-domain stress set,False
spoof_1658.png,1,VALID,-0.60009766,1.5214844,-0.3244629,-2.268169,LCC-FASD external-dev / cross-domain stress set,False
spoof_1659.png,1,VALID,-1.5380859,1.2285156,0.68359375,-3.223955,LCC-FASD external-dev / cross-domain stress set,False
spoof_1660.png,1,VALID,-1.0654297,1.7890625,-0.39282227,-2.9613974,LCC-FASD external-dev / cross-domain stress set,False
spoof_1661.png,1,VALID,-0.34277344,1.7128906,-1.0947266,-2.1142619,LCC-FASD external-dev / cross-domain stress set,False
spoof_1662.png,1,VALID,1.0527344,0.24267578,-1.4941406,0.6478716,LCC-FASD external-dev / cross-domain stress set,True
spoof_1663.png,1,VALID,-0.13586426,0.8208008,-0.39160156,-1.2170904,LCC-FASD external-dev / cross-domain stress set,False
spoof_1664.png,1,VALID,-1.4589844,2.1640625,-0.3479004,-3.701034,LCC-FASD external-dev / cross-domain stress set,False
spoof_1665.png,1,VALID,1.0458984,-0.17041016,-0.9716797,0.8456014,LCC-FASD external-dev / cross-domain stress set,True
spoof_1666.png,1,VALID,-1.0693359,2.0,-0.6220703,-3.1394703,LCC-FASD external-dev / cross-domain stress set,False
spoof_1667.png,1,VALID,-2.015625,1.5253906,1.0419922,-4.021393,LCC-FASD external-dev / cross-domain stress set,False
spoof_1668.png,1,VALID,2.5644531,-0.90283203,-2.359375,3.257802,LCC-FASD external-dev / cross-domain stress set,True
spoof_1669.png,1,VALID,-1.8466797,3.1210938,-0.50390625,-4.994074,LCC-FASD external-dev / cross-domain stress set,False
spoof_1670.png,1,VALID,0.72509766,0.32495117,-1.0449219,0.17369705,LCC-FASD external-dev / cross-domain stress set,True
spoof_1671.png,1,VALID,1.2773438,-0.22070312,-1.4736328,1.2467694,LCC-FASD external-dev / cross-domain stress set,True
spoof_1672.png,1,VALID,0.98095703,0.15332031,-0.9941406,0.551945,LCC-FASD external-dev / cross-domain stress set,True
spoof_1567.png,1,VALID,-0.5385742,1.6826172,-0.8144531,-2.3003037,LCC-FASD external-dev / cross-domain stress set,False
spoof_1568.png,1,VALID,0.8666992,-0.16796875,-0.90771484,0.64449584,LCC-FASD external-dev / cross-domain stress set,True
spoof_1569.png,1,VALID,-0.65283203,1.2490234,-0.29125977,-2.09604,LCC-FASD external-dev / cross-domain stress set,False
spoof_1570.png,1,VALID,-1.2900391,2.9101562,-1.0224609,-4.219598,LCC-FASD external-dev / cross-domain stress set,False
spoof_1571.png,1,VALID,-1.0126953,2.1699219,-0.60253906,-3.2432494,LCC-FASD external-dev / cross-domain stress set,False
spoof_1572.png,1,VALID,-2.1992188,1.4453125,1.1035156,-4.1813126,LCC-FASD external-dev / cross-domain stress set,False
spoof_1573.png,1,VALID,-2.1015625,0.095214844,2.2363281,-4.449006,LCC-FASD external-dev / cross-domain stress set,False
spoof_1574.png,1,VALID,-2.8105469,2.2285156,1.3837891,-5.3965096,LCC-FASD external-dev / cross-domain stress set,False
spoof_1575.png,1,VALID,-3.0917969,3.1054688,0.9277344,-6.304592,LCC-FASD external-dev / cross-domain stress set,False
spoof_1576.png,1,VALID,-0.98339844,2.3085938,-0.8964844,-3.331747,LCC-FASD external-dev / cross-domain stress set,False
spoof_1577.png,1,VALID,-0.54833984,1.5068359,-0.5029297,-2.1809447,LCC-FASD external-dev / cross-domain stress set,False
spoof_1578.png,1,VALID,-2.3886719,2.8984375,0.05682373,-5.343803,LCC-FASD external-dev / cross-domain stress set,False
spoof_1579.png,1,VALID,-1.6738281,3.7148438,-1.2177734,-5.395854,LCC-FASD external-dev / cross-domain stress set,False
spoof_1580.png,1,VALID,-0.62597656,3.1328125,-1.921875,-3.7651482,LCC-FASD external-dev / cross-domain stress set,False
spoof_1581.png,1,VALID,-1.0048828,0.058288574,0.8310547,-2.215561,LCC-FASD external-dev / cross-domain stress set,False
spoof_1582.png,1,VALID,-1.3359375,0.10028076,1.2724609,-2.8781896,LCC-FASD external-dev / cross-domain stress set,False
spoof_1583.png,1,VALID,-1.5341797,1.6855469,0.47045898,-3.4795368,LCC-FASD external-dev / cross-domain stress set,False
spoof_1584.png,1,VALID,-1.3339844,2.7617188,-0.8183594,-4.123195,LCC-FASD external-dev / cross-domain stress set,False
spoof_1585.png,1,VALID,-1.5947266,2.5722656,-0.28173828,-4.2230067,LCC-FASD external-dev / cross-domain stress set,False
spoof_1586.png,1,VALID,-1.2626953,2.4472656,-0.64208984,-3.754486,LCC-FASD external-dev / cross-domain stress set,False
spoof_1587.png,1,VALID,-1.9628906,0.2692871,1.9482422,-4.0821986,LCC-FASD external-dev / cross-domain stress set,False
spoof_1588.png,1,VALID,-2.0507812,0.1619873,2.1933594,-4.36738,LCC-FASD external-dev / cross-domain stress set,False
spoof_1589.png,1,VALID,-3.0449219,2.9511719,0.7363281,-6.099706,LCC-FASD external-dev / cross-domain stress set,False
spoof_1590.png,1,VALID,-2.1992188,2.0292969,0.69628906,-4.4625463,LCC-FASD external-dev / cross-domain stress set,False
spoof_1591.png,1,VALID,-0.4482422,0.96240234,-0.21508789,-1.6791826,LCC-FASD external-dev / cross-domain stress set,False
spoof_1592.png,1,VALID,-0.34204102,1.6396484,-0.7866211,-2.066367,LCC-FASD external-dev / cross-domain stress set,False
spoof_1593.png,1,VALID,-1.8037109,2.6523438,-0.19604492,-4.512376,LCC-FASD external-dev / cross-domain stress set,False
spoof_1594.png,1,VALID,0.3005371,0.052764893,-0.42749023,-0.23380512,LCC-FASD external-dev / cross-domain stress set,True
spoof_1595.png,1,VALID,1.5537109,-0.24206543,-1.8056641,1.6056676,LCC-FASD external-dev / cross-domain stress set,True
spoof_1596.png,1,VALID,-1.0830078,1.6230469,-0.30493164,-2.841845,LCC-FASD external-dev / cross-domain stress set,False
spoof_1597.png,1,VALID,-1.921875,2.3554688,0.28320312,-4.3959265,LCC-FASD external-dev / cross-domain stress set,False
spoof_1598.png,1,VALID,-1.7587891,1.6933594,0.50390625,-3.7178822,LCC-FASD external-dev / cross-domain stress set,False
spoof_1599.png,1,VALID,-0.45507812,1.5429688,-0.55810547,-2.113449,LCC-FASD external-dev / cross-domain stress set,False
spoof_1600.png,1,VALID,-2.0449219,2.8203125,-0.20336914,-4.912711,LCC-FASD external-dev / cross-domain stress set,False
spoof_1601.png,1,VALID,1.6455078,0.041259766,-2.1738281,1.5006595,LCC-FASD external-dev / cross-domain stress set,True
spoof_1602.png,1,VALID,-0.32080078,0.80371094,-0.3618164,-1.3958802,LCC-FASD external-dev / cross-domain stress set,False
spoof_1603.png,1,VALID,-1.4335938,2.6835938,-0.51416016,-4.157229,LCC-FASD external-dev / cross-domain stress set,False
spoof_1604.png,1,VALID,0.28173828,0.87109375,-1.1494141,-0.71386087,LCC-FASD external-dev / cross-domain stress set,False
spoof_1605.png,1,VALID,1.0400391,1.2763672,-2.3476562,-0.2626537,LCC-FASD external-dev / cross-domain stress set,True
spoof_1606.png,1,VALID,-1.2255859,1.4521484,0.3725586,-2.970206,LCC-FASD external-dev / cross-domain stress set,False
spoof_1607.png,1,VALID,-1.7539062,1.953125,0.39379883,-3.897881,LCC-FASD external-dev / cross-domain stress set,False
spoof_1608.png,1,VALID,1.6582031,-0.3798828,-1.9404297,1.8474481,LCC-FASD external-dev / cross-domain stress set,True
spoof_1609.png,1,VALID,-1.28125,2.6132812,-0.76708984,-3.9279997,LCC-FASD external-dev / cross-domain stress set,False
spoof_1610.png,1,VALID,-1.1357422,2.5742188,-0.8198242,-3.7429824,LCC-FASD external-dev / cross-domain stress set,False
spoof_1611.png,1,VALID,-0.23144531,0.7885742,-0.29223633,-1.3121818,LCC-FASD external-dev / cross-domain stress set,False
spoof_1612.png,1,VALID,2.2851562,-0.69970703,-2.234375,2.7896852,LCC-FASD external-dev / cross-domain stress set,True
spoof_1613.png,1,VALID,-0.57128906,0.97802734,-0.23596191,-1.809378,LCC-FASD external-dev / cross-domain stress set,False
spoof_1614.png,1,VALID,-1.8837891,1.7978516,0.67529297,-3.9633896,LCC-FASD external-dev / cross-domain stress set,False
spoof_1615.png,1,VALID,-0.7685547,1.3261719,-0.3474121,-2.2666388,LCC-FASD external-dev / cross-domain stress set,False
spoof_1616.png,1,VALID,0.5517578,0.61083984,-1.1259766,-0.22126901,LCC-FASD external-dev / cross-domain stress set,True
spoof_1617.png,1,VALID,-1.1503906,1.3017578,-0.07171631,-2.6778693,LCC-FASD external-dev / cross-domain stress set,False
spoof_1618.png,1,VALID,2.1972656,-0.5449219,-2.2910156,2.5813842,LCC-FASD external-dev / cross-domain stress set,True
spoof_1511.png,1,VALID,0.3930664,1.2578125,-1.2822266,-0.94065416,LCC-FASD external-dev / cross-domain stress set,False
spoof_1512.png,1,VALID,-2.234375,2.9707031,0.066711426,-5.2584333,LCC-FASD external-dev / cross-domain stress set,False
spoof_1513.png,1,VALID,-2.2246094,3.3710938,-0.3178711,-5.6203938,LCC-FASD external-dev / cross-domain stress set,False
spoof_1514.png,1,VALID,-3.0195312,3.3222656,0.6357422,-6.407695,LCC-FASD external-dev / cross-domain stress set,False
spoof_1515.png,1,VALID,-2.0058594,2.4785156,0.22058105,-4.583828,LCC-FASD external-dev / cross-domain stress set,False
spoof_1516.png,1,VALID,0.6669922,1.1611328,-1.4101562,-0.5677972,LCC-FASD external-dev / cross-domain stress set,False
spoof_1517.png,1,VALID,-1.484375,3.1113281,-1.015625,-4.6117067,LCC-FASD external-dev / cross-domain stress set,False
spoof_1518.png,1,VALID,-1.9150391,1.7978516,0.95458984,-4.070778,LCC-FASD external-dev / cross-domain stress set,False
spoof_1519.png,1,VALID,-1.7558594,3.1347656,-0.7368164,-4.911237,LCC-FASD external-dev / cross-domain stress set,False
spoof_1520.png,1,VALID,0.25268555,1.4316406,-1.2841797,-1.2430097,LCC-FASD external-dev / cross-domain stress set,False
spoof_1521.png,1,VALID,0.3725586,1.3173828,-1.2675781,-1.017516,LCC-FASD external-dev / cross-domain stress set,False
spoof_1522.png,1,VALID,-2.078125,2.4101562,0.4465332,-4.6196156,LCC-FASD external-dev / cross-domain stress set,False
spoof_1523.png,1,VALID,-1.4033203,3.3378906,-1.2832031,-4.751005,LCC-FASD external-dev / cross-domain stress set,False
spoof_1524.png,1,VALID,-0.26367188,2.3378906,-1.7158203,-2.6187713,LCC-FASD external-dev / cross-domain stress set,False
spoof_1525.png,1,VALID,-1.2314453,0.94970703,0.8300781,-2.816273,LCC-FASD external-dev / cross-domain stress set,False
spoof_1526.png,1,VALID,-1.3105469,1.7548828,0.21386719,-3.2594852,LCC-FASD external-dev / cross-domain stress set,False
spoof_1527.png,1,VALID,-2.3847656,1.9931641,1.171875,-4.7424784,LCC-FASD external-dev / cross-domain stress set,False
spoof_1528.png,1,VALID,-1.9667969,2.6796875,0.0758667,-4.7178655,LCC-FASD external-dev / cross-domain stress set,False
spoof_1529.png,1,VALID,-2.2285156,1.9570312,0.83496094,-4.467416,LCC-FASD external-dev / cross-domain stress set,False
spoof_1530.png,1,VALID,-2.2304688,2.71875,0.2915039,-5.033817,LCC-FASD external-dev / cross-domain stress set,False
spoof_1531.png,1,VALID,-0.16711426,1.0439453,-0.91552734,-1.3429056,LCC-FASD external-dev / cross-domain stress set,False
spoof_1532.png,1,VALID,-2.0136719,1.7792969,0.69873047,-4.0851927,LCC-FASD external-dev / cross-domain stress set,False
spoof_1533.png,1,NO_VALID_FACE,,,,,LCC-FASD external-dev / cross-domain stress set,
spoof_1534.png,1,VALID,-2.5,1.8710938,1.4511719,-4.8761616,LCC-FASD external-dev / cross-domain stress set,False
spoof_1535.png,1,VALID,-2.03125,1.5,1.1074219,-4.0472503,LCC-FASD external-dev / cross-domain stress set,False
spoof_1536.png,1,VALID,-3.2695312,3.4492188,0.88720703,-6.793068,LCC-FASD external-dev / cross-domain stress set,False
spoof_1537.png,1,VALID,-1.6171875,2.0507812,0.20324707,-3.8143396,LCC-FASD external-dev / cross-domain stress set,False
spoof_1538.png,1,VALID,-2.1777344,2.6171875,0.076049805,-4.8707495,LCC-FASD external-dev / cross-domain stress set,False
spoof_1539.png,1,VALID,-2.6054688,2.0527344,1.3115234,-5.047902,LCC-FASD external-dev / cross-domain stress set,False
spoof_1540.png,1,VALID,-1.8398438,1.5957031,0.6616211,-3.7669683,LCC-FASD external-dev / cross-domain stress set,False
spoof_1541.png,1,VALID,-1.3652344,1.5380859,0.033081055,-3.1038225,LCC-FASD external-dev / cross-domain stress set,False
spoof_1542.png,1,VALID,-2.5039062,1.4912109,1.5488281,-4.717488,LCC-FASD external-dev / cross-domain stress set,False
spoof_1543.png,1,VALID,-0.58154297,1.2851562,-0.66308594,-1.9999394,LCC-FASD external-dev / cross-domain stress set,False
spoof_1544.png,1,VALID,-1.2451172,0.8696289,0.44213867,-2.6168199,LCC-FASD external-dev / cross-domain stress set,False
spoof_1545.png,1,VALID,-2.1269531,2.3046875,0.5439453,-4.5902815,LCC-FASD external-dev / cross-domain stress set,False
spoof_1546.png,1,VALID,-1.6455078,1.6513672,0.66308594,-3.6133018,LCC-FASD external-dev / cross-domain stress set,False
spoof_1547.png,1,VALID,-0.77734375,1.2294922,0.011779785,-2.2660463,LCC-FASD external-dev / cross-domain stress set,False
spoof_1548.png,1,VALID,0.3095703,0.66259766,-0.7055664,-0.5798234,LCC-FASD external-dev / cross-domain stress set,False
spoof_1549.png,1,VALID,-0.4970703,1.6660156,-0.8305664,-2.2422352,LCC-FASD external-dev / cross-domain stress set,False
spoof_1550.png,1,VALID,0.7871094,-0.5776367,-0.40478516,0.5814431,LCC-FASD external-dev / cross-domain stress set,True
spoof_1551.png,1,VALID,-1.6416016,2.0820312,-0.02671814,-3.8382015,LCC-FASD external-dev / cross-domain stress set,False
spoof_1552.png,1,VALID,1.0019531,-0.48950195,-0.7446289,0.9177571,LCC-FASD external-dev / cross-domain stress set,True
spoof_1553.png,1,VALID,-0.86083984,1.2392578,0.08276367,-2.3736203,LCC-FASD external-dev / cross-domain stress set,False
spoof_1554.png,1,VALID,-1.2626953,1.3974609,0.29956055,-2.9480164,LCC-FASD external-dev / cross-domain stress set,False
spoof_1555.png,1,VALID,-0.46704102,1.4365234,-0.49609375,-2.0387673,LCC-FASD external-dev / cross-domain stress set,False
spoof_1556.png,1,VALID,0.4736328,0.54248047,-0.7421875,-0.31315953,LCC-FASD external-dev / cross-domain stress set,False
spoof_1557.png,1,VALID,0.09490967,1.1445312,-0.8618164,-1.1757951,LCC-FASD external-dev / cross-domain stress set,False
spoof_1558.png,1,VALID,0.12866211,1.0087891,-0.63134766,-1.057397,LCC-FASD external-dev / cross-domain stress set,False
spoof_1559.png,1,VALID,-0.3034668,1.7939453,-1.0429688,-2.1543653,LCC-FASD external-dev / cross-domain stress set,False
spoof_1560.png,1,VALID,-0.93066406,1.2275391,0.15490723,-2.4524438,LCC-FASD external-dev / cross-domain stress set,False
spoof_1561.png,1,VALID,-0.09210205,1.5986328,-1.171875,-1.751482,LCC-FASD external-dev / cross-domain stress set,False
spoof_1562.png,1,VALID,0.64941406,-0.27929688,-0.6435547,0.4011981,LCC-FASD external-dev / cross-domain stress set,True
spoof_1563.png,1,VALID,0.45532227,0.9995117,-1.0175781,-0.66909564,LCC-FASD external-dev / cross-domain stress set,False
spoof_1564.png,1,VALID,0.22314453,0.8149414,-0.7558594,-0.7806624,LCC-FASD external-dev / cross-domain stress set,False
spoof_1565.png,1,VALID,0.085876465,0.8354492,-0.5395508,-0.97498536,LCC-FASD external-dev / cross-domain stress set,False
spoof_1566.png,1,VALID,0.9501953,-0.23864746,-0.9506836,0.78963435,LCC-FASD external-dev / cross-domain stress set,True
spoof_1453.png,1,VALID,-0.44702148,0.46850586,0.057250977,-1.424041,LCC-FASD external-dev / cross-domain stress set,False
spoof_1454.png,1,VALID,-0.97265625,1.3798828,-0.117004395,-2.554521,LCC-FASD external-dev / cross-domain stress set,False
spoof_1455.png,1,VALID,2.4550781,-1.5039062,-1.6464844,3.3345873,LCC-FASD external-dev / cross-domain stress set,True
spoof_1456.png,1,VALID,0.48754883,0.78808594,-1.4316406,-0.40367,LCC-FASD external-dev / cross-domain stress set,False
spoof_1457.png,1,VALID,-0.6411133,0.84814453,0.14086914,-1.8900356,LCC-FASD external-dev / cross-domain stress set,False
spoof_1458.png,1,VALID,-1.0478516,1.5107422,-0.13745117,-2.7345595,LCC-FASD external-dev / cross-domain stress set,False
spoof_1459.png,1,VALID,-0.9448242,0.79785156,0.4272461,-2.2675915,LCC-FASD external-dev / cross-domain stress set,False
spoof_1460.png,1,VALID,-2.2753906,2.4140625,0.43188477,-4.8185225,LCC-FASD external-dev / cross-domain stress set,False
spoof_1461.png,1,VALID,-1.8066406,2.03125,0.049987793,-3.9670708,LCC-FASD external-dev / cross-domain stress set,False
spoof_1462.png,1,VALID,-0.90478516,0.9482422,0.13061523,-2.2186964,LCC-FASD external-dev / cross-domain stress set,False
spoof_1463.png,1,VALID,-1.8642578,1.8984375,0.19006348,-3.9291923,LCC-FASD external-dev / cross-domain stress set,False
spoof_1464.png,1,VALID,-0.63378906,0.7885742,0.047332764,-1.8120526,LCC-FASD external-dev / cross-domain stress set,False
spoof_1465.png,1,VALID,-0.49145508,1.1894531,-0.8569336,-1.8024185,LCC-FASD external-dev / cross-domain stress set,False
spoof_1466.png,1,VALID,-0.59814453,0.8129883,-0.39819336,-1.671838,LCC-FASD external-dev / cross-domain stress set,False
spoof_1467.png,1,VALID,2.078125,-1.2216797,-1.6035156,2.7794602,LCC-FASD external-dev / cross-domain stress set,True
spoof_1468.png,1,VALID,-0.75097656,0.91748047,0.0014686584,-2.005009,LCC-FASD external-dev / cross-domain stress set,False
spoof_1469.png,1,VALID,-0.2619629,0.6455078,-0.36083984,-1.2190292,LCC-FASD external-dev / cross-domain stress set,False
spoof_1470.png,1,VALID,-1.5361328,1.7929688,0.005065918,-3.4838042,LCC-FASD external-dev / cross-domain stress set,False
spoof_1471.png,1,VALID,2.4160156,-1.3164062,-1.8974609,3.2881796,LCC-FASD external-dev / cross-domain stress set,True
spoof_1472.png,1,VALID,-0.6274414,1.3193359,-0.5385742,-2.0917416,LCC-FASD external-dev / cross-domain stress set,False
spoof_1473.png,1,VALID,-1.5283203,1.8085938,-0.029678345,-3.484551,LCC-FASD external-dev / cross-domain stress set,False
spoof_1474.png,1,VALID,0.8178711,1.2324219,-1.8427734,-0.45969677,LCC-FASD external-dev / cross-domain stress set,False
spoof_1475.png,1,VALID,-0.97753906,-0.20471191,1.0400391,-2.2706785,LCC-FASD external-dev / cross-domain stress set,False
spoof_1476.png,1,VALID,0.12548828,0.39868164,-0.63916016,-0.5764178,LCC-FASD external-dev / cross-domain stress set,False
spoof_1477.png,1,VALID,-1.0566406,0.6225586,0.78271484,-2.4556274,LCC-FASD external-dev / cross-domain stress set,False
spoof_1478.png,1,VALID,-1.6230469,1.3808594,0.6274414,-3.3896818,LCC-FASD external-dev / cross-domain stress set,False
spoof_1479.png,1,VALID,-2.3046875,0.5654297,2.2324219,-4.710066,LCC-FASD external-dev / cross-domain stress set,False
spoof_1480.png,1,VALID,-1.2460938,1.6357422,-0.19812012,-3.0300794,LCC-FASD external-dev / cross-domain stress set,False
spoof_1481.png,1,VALID,-1.9267578,0.86816406,1.4453125,-3.8177154,LCC-FASD external-dev / cross-domain stress set,False
spoof_1482.png,1,VALID,-0.1427002,1.4023438,-0.9916992,-1.6323769,LCC-FASD external-dev / cross-domain stress set,False
spoof_1483.png,1,VALID,-0.9116211,0.82421875,0.21166992,-2.168899,LCC-FASD external-dev / cross-domain stress set,False
spoof_1484.png,1,VALID,-0.55371094,-0.46875,0.8125,-1.6112647,LCC-FASD external-dev / cross-domain stress set,False
spoof_1485.png,1,VALID,-0.40234375,-0.45043945,0.65478516,-1.343162,LCC-FASD external-dev / cross-domain stress set,False
spoof_1486.png,1,VALID,-0.30517578,0.5307617,-0.12731934,-1.2532284,LCC-FASD external-dev / cross-domain stress set,False
spoof_1487.png,1,VALID,-0.69970703,0.5991211,0.30297852,-1.8548267,LCC-FASD external-dev / cross-domain stress set,False
spoof_1488.png,1,VALID,-1.4619141,0.9970703,0.8535156,-3.082928,LCC-FASD external-dev / cross-domain stress set,False
spoof_1489.png,1,VALID,-1.2138672,1.8066406,-0.3918457,-3.1257422,LCC-FASD external-dev / cross-domain stress set,False
spoof_1490.png,1,VALID,-1.1113281,1.8105469,-0.7001953,-2.999954,LCC-FASD external-dev / cross-domain stress set,False
spoof_1491.png,1,VALID,0.39990234,1.2226562,-1.5625,-0.8826436,LCC-FASD external-dev / cross-domain stress set,False
spoof_1492.png,1,VALID,-1.9257812,1.4697266,1.0107422,-3.8852682,LCC-FASD external-dev / cross-domain stress set,False
spoof_1493.png,1,VALID,-2.3066406,0.6933594,2.203125,-4.7094045,LCC-FASD external-dev / cross-domain stress set,False
spoof_1494.png,1,VALID,-0.46972656,-0.5292969,0.8208008,-1.5210158,LCC-FASD external-dev / cross-domain stress set,False
spoof_1495.png,1,VALID,0.9272461,-0.10308838,-1.0185547,0.6936266,LCC-FASD external-dev / cross-domain stress set,True
spoof_1496.png,1,VALID,0.30566406,-0.8745117,0.16003418,-0.15845764,LCC-FASD external-dev / cross-domain stress set,True
spoof_1497.png,1,VALID,-1.7539062,2.0878906,-0.0017576218,-3.958451,LCC-FASD external-dev / cross-domain stress set,False
spoof_1498.png,1,VALID,-2.8339844,2.8671875,0.7109375,-5.810706,LCC-FASD external-dev / cross-domain stress set,False
spoof_1499.png,1,VALID,-1.7373047,2.4472656,0.042388916,-4.271002,LCC-FASD external-dev / cross-domain stress set,False
spoof_1500.png,1,VALID,-2.2304688,2.1582031,0.6171875,-4.5827274,LCC-FASD external-dev / cross-domain stress set,False
spoof_1501.png,1,NO_VALID_FACE,,,,,LCC-FASD external-dev / cross-domain stress set,
spoof_1502.png,1,VALID,-1.1650391,1.8427734,-0.04559326,-3.1487205,LCC-FASD external-dev / cross-domain stress set,False
spoof_1503.png,1,VALID,-2.3847656,2.2988281,0.61816406,-4.854391,LCC-FASD external-dev / cross-domain stress set,False
spoof_1504.png,1,VALID,-1.2050781,1.7792969,0.13269043,-3.1605968,LCC-FASD external-dev / cross-domain stress set,False
spoof_1505.png,1,VALID,-2.2382812,2.8808594,0.21520996,-5.1863823,LCC-FASD external-dev / cross-domain stress set,False
spoof_1506.png,1,VALID,-0.17285156,1.4316406,-0.81396484,-1.7051187,LCC-FASD external-dev / cross-domain stress set,False
spoof_1507.png,1,VALID,-1.8134766,2.953125,-0.70703125,-4.7920046,LCC-FASD external-dev / cross-domain stress set,False
spoof_1508.png,1,VALID,-1.4541016,2.7167969,-0.5209961,-4.2093983,LCC-FASD external-dev / cross-domain stress set,False
spoof_1509.png,1,VALID,-1.6484375,1.6289062,0.6479492,-3.5957627,LCC-FASD external-dev / cross-domain stress set,False
spoof_1510.png,1,VALID,-1.1914062,2.9726562,-1.1386719,-4.180316,LCC-FASD external-dev / cross-domain stress set,False
spoof_1401.png,1,VALID,1.0488281,0.027633667,-1.3310547,0.7924684,LCC-FASD external-dev / cross-domain stress set,True
spoof_1402.png,1,VALID,-1.2060547,0.8984375,0.5834961,-2.6525164,LCC-FASD external-dev / cross-domain stress set,False
spoof_1403.png,1,VALID,0.55908203,0.55615234,-1.2402344,-0.15056127,LCC-FASD external-dev / cross-domain stress set,True
spoof_1404.png,1,VALID,1.3457031,0.3671875,-2.0273438,0.89122355,LCC-FASD external-dev / cross-domain stress set,True
spoof_1405.png,1,VALID,-3.2070312,2.5742188,1.6103516,-6.1043587,LCC-FASD external-dev / cross-domain stress set,False
spoof_1406.png,1,VALID,-0.53515625,0.50683594,0.16699219,-1.5795853,LCC-FASD external-dev / cross-domain stress set,False
spoof_1407.png,1,VALID,-0.89990234,0.28588867,0.69433594,-2.103872,LCC-FASD external-dev / cross-domain stress set,False
spoof_1408.png,1,VALID,0.15356445,0.34228516,-0.5097656,-0.54397213,LCC-FASD external-dev / cross-domain stress set,False
spoof_1409.png,1,VALID,-0.22167969,0.79296875,-0.57910156,-1.240653,LCC-FASD external-dev / cross-domain stress set,False
spoof_1410.png,1,VALID,0.2841797,-0.15234375,-0.16345215,-0.25108498,LCC-FASD external-dev / cross-domain stress set,True
spoof_1411.png,1,VALID,-2.7695312,1.6269531,1.9941406,-5.2899847,LCC-FASD external-dev / cross-domain stress set,False
spoof_1412.png,1,VALID,-3.9257812,2.84375,2.109375,-7.161442,LCC-FASD external-dev / cross-domain stress set,False
spoof_1413.png,1,VALID,1.9306641,-0.5151367,-1.8808594,2.218509,LCC-FASD external-dev / cross-domain stress set,True
spoof_1414.png,1,VALID,-1.0029297,0.6254883,0.5024414,-2.261933,LCC-FASD external-dev / cross-domain stress set,False
spoof_1415.png,1,VALID,2.9023438,-1.5048828,-2.1523438,3.9862998,LCC-FASD external-dev / cross-domain stress set,True
spoof_1416.png,1,VALID,-3.1425781,2.1464844,1.8916016,-5.862867,LCC-FASD external-dev / cross-domain stress set,False
spoof_1417.png,1,VALID,0.48510742,-0.09716797,-0.6196289,0.11661914,LCC-FASD external-dev / cross-domain stress set,True
spoof_1418.png,1,VALID,-0.15039062,0.8027344,-0.6269531,-1.1677393,LCC-FASD external-dev / cross-domain stress set,False
spoof_1419.png,1,VALID,-0.4650879,1.1660156,-0.5214844,-1.8008306,LCC-FASD external-dev / cross-domain stress set,False
spoof_1420.png,1,VALID,-0.28515625,0.70751953,-0.38549805,-1.2817595,LCC-FASD external-dev / cross-domain stress set,False
spoof_1421.png,1,VALID,-3.1523438,2.6386719,1.4980469,-6.068359,LCC-FASD external-dev / cross-domain stress set,False
spoof_1422.png,1,VALID,2.3671875,-0.6254883,-2.5625,2.8580277,LCC-FASD external-dev / cross-domain stress set,True
spoof_1423.png,1,VALID,2.6425781,-0.7026367,-2.7363281,3.2222438,LCC-FASD external-dev / cross-domain stress set,True
spoof_1424.png,1,VALID,-1.2236328,1.1796875,0.3347168,-2.760694,LCC-FASD external-dev / cross-domain stress set,False
spoof_1425.png,1,VALID,-0.46826172,0.7661133,-0.26586914,-1.5391353,LCC-FASD external-dev / cross-domain stress set,False
spoof_1426.png,1,VALID,-1.9960938,2.4941406,0.20898438,-4.5871415,LCC-FASD external-dev / cross-domain stress set,False
spoof_1427.png,1,VALID,-2.8847656,1.8818359,1.6005859,-5.328979,LCC-FASD external-dev / cross-domain stress set,False
spoof_1428.png,1,VALID,-2.4394531,1.9179688,1.234375,-4.766082,LCC-FASD external-dev / cross-domain stress set,False
spoof_1429.png,1,VALID,1.9277344,0.71875,-2.7871094,1.1794052,LCC-FASD external-dev / cross-domain stress set,True
spoof_1430.png,1,VALID,-0.59716797,1.1855469,-0.68896484,-1.9254549,LCC-FASD external-dev / cross-domain stress set,False
spoof_1431.png,1,VALID,-1.9375,2.578125,0.10205078,-4.5963497,LCC-FASD external-dev / cross-domain stress set,False
spoof_1432.png,1,VALID,-1.0263672,0.8798828,0.25,-2.333251,LCC-FASD external-dev / cross-domain stress set,False
spoof_1433.png,1,VALID,-0.53271484,1.2548828,-0.6699219,-1.9237918,LCC-FASD external-dev / cross-domain stress set,False
spoof_1434.png,1,VALID,1.7705078,0.7573242,-2.5917969,0.97867084,LCC-FASD external-dev / cross-domain stress set,True
spoof_1435.png,1,VALID,-1.5488281,2.0644531,0.011528015,-3.7340455,LCC-FASD external-dev / cross-domain stress set,False
spoof_1436.png,1,VALID,0.78125,1.0439453,-1.7226562,-0.323673,LCC-FASD external-dev / cross-domain stress set,False
spoof_1437.png,1,VALID,-1.0742188,1.6806641,-0.062927246,-2.9160585,LCC-FASD external-dev / cross-domain stress set,False
spoof_1438.png,1,VALID,-0.76220703,1.6357422,-0.5395508,-2.5055246,LCC-FASD external-dev / cross-domain stress set,False
spoof_1439.png,1,VALID,0.33276367,0.2680664,-1.0664062,-0.16902769,LCC-FASD external-dev / cross-domain stress set,True
spoof_1440.png,1,VALID,-1.7861328,2.1757812,0.060333252,-4.07576,LCC-FASD external-dev / cross-domain stress set,False
spoof_1441.png,1,VALID,-2.0761719,2.46875,0.33032227,-4.65632,LCC-FASD external-dev / cross-domain stress set,False
spoof_1442.png,1,VALID,1.4804688,1.0058594,-2.546875,0.44636583,LCC-FASD external-dev / cross-domain stress set,True
spoof_1443.png,1,VALID,-1.4082031,1.2773438,0.3359375,-3.0149074,LCC-FASD external-dev / cross-domain stress set,False
spoof_1444.png,1,VALID,-1.7158203,1.7294922,0.58984375,-3.7228923,LCC-FASD external-dev / cross-domain stress set,False
spoof_1445.png,1,VALID,-2.0878906,1.7304688,0.9086914,-4.1827593,LCC-FASD external-dev / cross-domain stress set,False
spoof_1446.png,1,VALID,-2.5078125,1.5527344,1.5703125,-4.7625217,LCC-FASD external-dev / cross-domain stress set,False
spoof_1447.png,1,VALID,-1.9189453,2.296875,0.04650879,-4.315992,LCC-FASD external-dev / cross-domain stress set,False
spoof_1448.png,1,VALID,0.7211914,0.54345703,-1.484375,0.054083705,LCC-FASD external-dev / cross-domain stress set,True
spoof_1449.png,1,VALID,3.2050781,-1.8662109,-2.3515625,4.5916567,LCC-FASD external-dev / cross-domain stress set,True
spoof_1450.png,1,VALID,2.3261719,-1.2636719,-1.8789062,3.1577275,LCC-FASD external-dev / cross-domain stress set,True
spoof_1451.png,1,VALID,-1.8310547,1.8720703,0.3791504,-3.9058337,LCC-FASD external-dev / cross-domain stress set,False
spoof_1452.png,1,VALID,-1.1962891,0.45776367,0.8046875,-2.5356314,LCC-FASD external-dev / cross-domain stress set,False
spoof_1344.png,1,VALID,-1.3105469,1.8476562,-0.058166504,-3.2968342,LCC-FASD external-dev / cross-domain stress set,False
spoof_1345.png,1,VALID,-1.6591797,1.90625,-0.048339844,-3.6978803,LCC-FASD external-dev / cross-domain stress set,False
spoof_1346.png,1,VALID,0.86328125,0.30688477,-1.3535156,0.38239032,LCC-FASD external-dev / cross-domain stress set,True
spoof_1347.png,1,VALID,-0.12854004,0.78027344,-0.96240234,-1.0701253,LCC-FASD external-dev / cross-domain stress set,False
spoof_1348.png,1,VALID,1.0605469,0.47875977,-1.8701172,0.49059778,LCC-FASD external-dev / cross-domain stress set,True
spoof_1349.png,1,VALID,-1.2324219,2.015625,-0.20336914,-3.3512516,LCC-FASD external-dev / cross-domain stress set,False
spoof_1350.png,1,VALID,-0.90771484,1.5478516,-0.7553711,-2.5508187,LCC-FASD external-dev / cross-domain stress set,False
spoof_1351.png,1,VALID,-0.8120117,1.6533203,-0.46191406,-2.5792007,LCC-FASD external-dev / cross-domain stress set,False
spoof_1352.png,1,VALID,-1.2607422,1.2509766,0.33569336,-2.848479,LCC-FASD external-dev / cross-domain stress set,False
spoof_1353.png,1,VALID,-1.3320312,1.2226562,0.39501953,-2.9173014,LCC-FASD external-dev / cross-domain stress set,False
spoof_1354.png,1,VALID,-1.0917969,1.6455078,-0.39208984,-2.8598244,LCC-FASD external-dev / cross-domain stress set,False
spoof_1355.png,1,VALID,-1.8242188,2.2246094,0.0001705885,-4.1515,LCC-FASD external-dev / cross-domain stress set,False
spoof_1356.png,1,VALID,-1.78125,2.1875,-0.23083496,-4.0540743,LCC-FASD external-dev / cross-domain stress set,False
spoof_1357.png,1,VALID,-1.1337891,1.5517578,-0.33032227,-2.8272834,LCC-FASD external-dev / cross-domain stress set,False
spoof_1358.png,1,VALID,-1.4550781,1.984375,-0.10046387,-3.556638,LCC-FASD external-dev / cross-domain stress set,False
spoof_1359.png,1,VALID,-1.6699219,1.0253906,1.0195312,-3.3855343,LCC-FASD external-dev / cross-domain stress set,False
spoof_1360.png,1,VALID,0.07128906,0.9296875,-0.65966797,-1.0440952,LCC-FASD external-dev / cross-domain stress set,False
spoof_1361.png,1,VALID,-1.640625,3.1367188,-0.9555664,-4.7939067,LCC-FASD external-dev / cross-domain stress set,False
spoof_1362.png,1,VALID,-0.80615234,1.2880859,-0.21203613,-2.2956293,LCC-FASD external-dev / cross-domain stress set,False
spoof_1363.png,1,VALID,-0.9404297,1.1767578,0.026824951,-2.3922842,LCC-FASD external-dev / cross-domain stress set,False
spoof_1364.png,1,VALID,1.7744141,-0.8754883,-1.1230469,2.0728931,LCC-FASD external-dev / cross-domain stress set,True
spoof_1365.png,1,VALID,-1.8417969,1.6416016,0.90527344,-3.8746762,LCC-FASD external-dev / cross-domain stress set,False
spoof_1366.png,1,VALID,-1.9912109,2.5644531,-0.040130615,-4.626992,LCC-FASD external-dev / cross-domain stress set,False
spoof_1367.png,1,VALID,-1.8701172,1.5478516,0.8515625,-3.8223877,LCC-FASD external-dev / cross-domain stress set,False
spoof_1368.png,1,VALID,-0.53466797,0.73876953,0.13598633,-1.7099401,LCC-FASD external-dev / cross-domain stress set,False
spoof_1369.png,1,VALID,-0.28393555,0.94091797,-0.24267578,-1.4919577,LCC-FASD external-dev / cross-domain stress set,False
spoof_1370.png,1,VALID,-2.4433594,2.7304688,0.23925781,-5.2533875,LCC-FASD external-dev / cross-domain stress set,False
spoof_1371.png,1,VALID,-1.8867188,1.6367188,0.8857422,-3.9099953,LCC-FASD external-dev / cross-domain stress set,False
spoof_1372.png,1,VALID,0.45483398,0.021972656,-0.37817383,-0.08009511,LCC-FASD external-dev / cross-domain stress set,True
spoof_1373.png,1,VALID,-0.54345703,1.4560547,-0.4321289,-2.1404438,LCC-FASD external-dev / cross-domain stress set,False
spoof_1374.png,1,VALID,-2.265625,2.875,-0.10974121,-5.1899414,LCC-FASD external-dev / cross-domain stress set,False
spoof_1375.png,1,VALID,-0.87402344,1.0351562,0.21472168,-2.2739897,LCC-FASD external-dev / cross-domain stress set,False
spoof_1376.png,1,VALID,-1.9853516,2.3652344,-0.010055542,-4.439501,LCC-FASD external-dev / cross-domain stress set,False
spoof_1377.png,1,VALID,-1.1972656,1.5810547,-0.10217285,-2.9487154,LCC-FASD external-dev / cross-domain stress set,False
spoof_1378.png,1,VALID,1.6875,0.45166016,-2.2890625,1.1733124,LCC-FASD external-dev / cross-domain stress set,True
spoof_1379.png,1,VALID,1.5625,0.2854004,-1.8378906,1.1640949,LCC-FASD external-dev / cross-domain stress set,True
spoof_1380.png,1,VALID,-0.421875,2.2773438,-1.2324219,-2.7286842,LCC-FASD external-dev / cross-domain stress set,False
spoof_1381.png,1,VALID,2.0351562,0.10961914,-2.4726562,1.8526568,LCC-FASD external-dev / cross-domain stress set,True
spoof_1382.png,1,VALID,-0.11383057,1.234375,-1.5732422,-1.4068034,LCC-FASD external-dev / cross-domain stress set,False
spoof_1383.png,1,VALID,1.9433594,-0.69384766,-2.2382812,2.4437537,LCC-FASD external-dev / cross-domain stress set,True
spoof_1384.png,1,VALID,0.21398926,2.3515625,-2.0800781,-2.149398,LCC-FASD external-dev / cross-domain stress set,False
spoof_1385.png,1,VALID,0.26171875,2.1796875,-1.8974609,-1.9347823,LCC-FASD external-dev / cross-domain stress set,False
spoof_1386.png,1,VALID,3.0976562,-1.5673828,-2.5058594,4.3348556,LCC-FASD external-dev / cross-domain stress set,True
spoof_1387.png,1,VALID,1.5498047,0.35620117,-2.3398438,1.1283104,LCC-FASD external-dev / cross-domain stress set,True
spoof_1388.png,1,VALID,2.1425781,-0.19567871,-2.28125,2.221153,LCC-FASD external-dev / cross-domain stress set,True
spoof_1389.png,1,VALID,1.3076172,0.3918457,-1.8779297,0.8174337,LCC-FASD external-dev / cross-domain stress set,True
spoof_1390.png,1,VALID,0.73095703,0.47680664,-1.7304688,0.14979047,LCC-FASD external-dev / cross-domain stress set,True
spoof_1391.png,1,VALID,3.8144531,-1.0273438,-3.90625,4.7871227,LCC-FASD external-dev / cross-domain stress set,True
spoof_1392.png,1,VALID,1.0488281,0.5126953,-1.6875,0.43106896,LCC-FASD external-dev / cross-domain stress set,True
spoof_1393.png,1,VALID,0.23632812,0.77978516,-1.1806641,-0.6751825,LCC-FASD external-dev / cross-domain stress set,False
spoof_1394.png,1,VALID,1.2607422,0.7348633,-1.8476562,0.45301574,LCC-FASD external-dev / cross-domain stress set,True
spoof_1395.png,1,VALID,0.23266602,1.734375,-1.5556641,-1.5382843,LCC-FASD external-dev / cross-domain stress set,False
spoof_1396.png,1,VALID,2.2871094,-1.0751953,-2.2910156,3.102662,LCC-FASD external-dev / cross-domain stress set,True
spoof_1397.png,1,VALID,4.09375,-1.0498047,-4.0976562,5.0971856,LCC-FASD external-dev / cross-domain stress set,True
spoof_1398.png,1,VALID,1.3300781,0.6118164,-2.0507812,0.6508211,LCC-FASD external-dev / cross-domain stress set,True
spoof_1399.png,1,VALID,-0.30493164,2.0214844,-1.2080078,-2.3652306,LCC-FASD external-dev / cross-domain stress set,False
spoof_1400.png,1,VALID,0.703125,1.7148438,-2.3339844,-1.0290112,LCC-FASD external-dev / cross-domain stress set,False
spoof_1294.png,1,VALID,-1.4472656,1.2441406,0.52734375,-3.08905,LCC-FASD external-dev / cross-domain stress set,False
spoof_1295.png,1,VALID,-1.7089844,1.4287109,0.6665039,-3.5206664,LCC-FASD external-dev / cross-domain stress set,False
spoof_1296.png,1,VALID,-1.6572266,1.4072266,0.6660156,-3.4541523,LCC-FASD external-dev / cross-domain stress set,False
spoof_1297.png,1,VALID,-1.1982422,1.3183594,-0.20288086,-2.7141736,LCC-FASD external-dev / cross-domain stress set,False
spoof_1298.png,1,VALID,0.7949219,0.26171875,-1.4160156,0.36194533,LCC-FASD external-dev / cross-domain stress set,True
spoof_1299.png,1,VALID,-1.8535156,1.5205078,0.8305664,-3.7805583,LCC-FASD external-dev / cross-domain stress set,False
spoof_1300.png,1,VALID,1.3984375,-0.2644043,-1.6816406,1.4458104,LCC-FASD external-dev / cross-domain stress set,True
spoof_1301.png,1,VALID,-1.5332031,1.3056641,0.23718262,-3.1341677,LCC-FASD external-dev / cross-domain stress set,False
spoof_1302.png,1,VALID,-1.3085938,1.3701172,0.0836792,-2.9226394,LCC-FASD external-dev / cross-domain stress set,False
spoof_1303.png,1,VALID,0.12805176,0.28466797,-0.42871094,-0.55538285,LCC-FASD external-dev / cross-domain stress set,False
spoof_1304.png,1,VALID,-2.8046875,2.203125,1.3603516,-5.3658466,LCC-FASD external-dev / cross-domain stress set,False
spoof_1305.png,1,VALID,-0.1472168,-0.28857422,0.3984375,-0.95316875,LCC-FASD external-dev / cross-domain stress set,False
spoof_1306.png,1,VALID,-2.7617188,1.9414062,1.4238281,-5.170602,LCC-FASD external-dev / cross-domain stress set,False
spoof_1307.png,1,VALID,-2.3515625,1.8173828,1.0703125,-4.556757,LCC-FASD external-dev / cross-domain stress set,False
spoof_1308.png,1,VALID,0.7885742,-0.84716797,-0.27172852,0.61404276,LCC-FASD external-dev / cross-domain stress set,True
spoof_1309.png,1,VALID,-3.1367188,2.3417969,1.4287109,-5.8159046,LCC-FASD external-dev / cross-domain stress set,False
spoof_1310.png,1,VALID,-2.1132812,2.2265625,0.4777832,-4.500249,LCC-FASD external-dev / cross-domain stress set,False
spoof_1311.png,1,VALID,-0.88916016,0.86035156,0.3486328,-2.2191806,LCC-FASD external-dev / cross-domain stress set,False
spoof_1312.png,1,VALID,0.05041504,0.04156494,-0.18225098,-0.57863784,LCC-FASD external-dev / cross-domain stress set,False
spoof_1313.png,1,VALID,-0.15612793,0.34716797,-0.27905273,-0.9315711,LCC-FASD external-dev / cross-domain stress set,False
spoof_1314.png,1,VALID,-2.4511719,3.2109375,0.09674072,-5.7055655,LCC-FASD external-dev / cross-domain stress set,False
spoof_1315.png,1,VALID,-2.5917969,2.9980469,0.38110352,-5.660326,LCC-FASD external-dev / cross-domain stress set,False
spoof_1316.png,1,VALID,-1.5507812,2.3183594,0.023010254,-3.9651108,LCC-FASD external-dev / cross-domain stress set,False
spoof_1317.png,1,VALID,-2.4980469,2.7070312,0.5126953,-5.310728,LCC-FASD external-dev / cross-domain stress set,False
spoof_1318.png,1,VALID,-1.5,2.4492188,-0.18786621,-4.018343,LCC-FASD external-dev / cross-domain stress set,False
spoof_1319.png,1,VALID,-2.046875,2.6171875,0.36132812,-4.763712,LCC-FASD external-dev / cross-domain stress set,False
spoof_1320.png,1,VALID,-1.5244141,2.3613281,-0.04071045,-3.972409,LCC-FASD external-dev / cross-domain stress set,False
spoof_1321.png,1,VALID,-2.1796875,2.6464844,0.13903809,-4.904499,LCC-FASD external-dev / cross-domain stress set,False
spoof_1322.png,1,VALID,-1.5449219,2.421875,0.048736572,-4.055895,LCC-FASD external-dev / cross-domain stress set,False
spoof_1323.png,1,VALID,-2.671875,2.9785156,0.45239258,-5.7273226,LCC-FASD external-dev / cross-domain stress set,False
spoof_1324.png,1,VALID,-0.9692383,0.77783203,0.43115234,-2.2818263,LCC-FASD external-dev / cross-domain stress set,False
spoof_1325.png,1,VALID,-1.2685547,1.4033203,0.42895508,-2.992096,LCC-FASD external-dev / cross-domain stress set,False
spoof_1326.png,1,VALID,-1.1416016,1.0332031,0.49951172,-2.6362948,LCC-FASD external-dev / cross-domain stress set,False
spoof_1327.png,1,VALID,-0.5131836,1.2373047,-0.3034668,-1.9445866,LCC-FASD external-dev / cross-domain stress set,False
spoof_1328.png,1,VALID,-0.25268555,0.73046875,-0.3137207,-1.2847223,LCC-FASD external-dev / cross-domain stress set,False
spoof_1329.png,1,VALID,-2.3085938,2.1679688,0.84375,-4.7124333,LCC-FASD external-dev / cross-domain stress set,False
spoof_1330.png,1,VALID,-1.0800781,1.5244141,-0.030227661,-2.7961574,LCC-FASD external-dev / cross-domain stress set,False
spoof_1331.png,1,VALID,-0.2668457,0.5205078,-0.17858887,-1.1908394,LCC-FASD external-dev / cross-domain stress set,False
spoof_1332.png,1,VALID,-1.3652344,1.5742188,0.28051758,-3.181814,LCC-FASD external-dev / cross-domain stress set,False
spoof_1333.png,1,VALID,-1.2285156,1.3232422,0.28833008,-2.8557494,LCC-FASD external-dev / cross-domain stress set,False
spoof_1334.png,1,VALID,-1.7216797,1.4638672,0.60253906,-3.5380335,LCC-FASD external-dev / cross-domain stress set,False
spoof_1335.png,1,VALID,0.20532227,0.34545898,-0.484375,-0.50208294,LCC-FASD external-dev / cross-domain stress set,False
spoof_1336.png,1,VALID,-0.77734375,0.6767578,0.3623047,-2.0023317,LCC-FASD external-dev / cross-domain stress set,False
spoof_1337.png,1,VALID,-1.6875,1.7519531,0.5341797,-3.6986494,LCC-FASD external-dev / cross-domain stress set,False
spoof_1338.png,1,VALID,-1.8310547,1.1230469,1.0966797,-3.634152,LCC-FASD external-dev / cross-domain stress set,False
spoof_1339.png,1,VALID,-1.2792969,2.0097656,-0.44213867,-3.371683,LCC-FASD external-dev / cross-domain stress set,False
spoof_1340.png,1,VALID,-0.07702637,0.5800781,-0.42944336,-0.9678143,LCC-FASD external-dev / cross-domain stress set,False
spoof_1341.png,1,VALID,-1.734375,0.7866211,1.2529297,-3.4742353,LCC-FASD external-dev / cross-domain stress set,False
spoof_1342.png,1,VALID,1.1113281,0.16308594,-1.6572266,0.7981209,LCC-FASD external-dev / cross-domain stress set,True
spoof_1343.png,1,VALID,-1.7021484,0.98535156,1.1054688,-3.4425082,LCC-FASD external-dev / cross-domain stress set,False
spoof_1239.png,1,VALID,-2.0097656,2.0996094,0.56689453,-4.304899,LCC-FASD external-dev / cross-domain stress set,False
spoof_1240.png,1,VALID,-1.4433594,1.3554688,0.5053711,-3.154664,LCC-FASD external-dev / cross-domain stress set,False
spoof_1241.png,1,VALID,-1.6357422,1.6689453,0.41625977,-3.5560193,LCC-FASD external-dev / cross-domain stress set,False
spoof_1242.png,1,VALID,-2.0507812,2.0,0.5786133,-4.267004,LCC-FASD external-dev / cross-domain stress set,False
spoof_1243.png,1,VALID,-1.9482422,1.7138672,0.796875,-3.9983811,LCC-FASD external-dev / cross-domain stress set,False
spoof_1244.png,1,VALID,-1.4892578,1.0908203,0.80078125,-3.1386843,LCC-FASD external-dev / cross-domain stress set,False
spoof_1245.png,1,VALID,-1.1757812,0.10876465,1.1845703,-2.6537843,LCC-FASD external-dev / cross-domain stress set,False
spoof_1246.png,1,VALID,-0.4230957,-0.47216797,0.85302734,-1.5117887,LCC-FASD external-dev / cross-domain stress set,False
spoof_1247.png,1,VALID,-1.6123047,0.42089844,1.3349609,-3.284375,LCC-FASD external-dev / cross-domain stress set,False
spoof_1248.png,1,VALID,-1.4902344,1.3056641,0.52783203,-3.1739244,LCC-FASD external-dev / cross-domain stress set,False
spoof_1249.png,1,VALID,-1.5712891,0.84228516,1.0244141,-3.2019265,LCC-FASD external-dev / cross-domain stress set,False
spoof_1250.png,1,VALID,0.71728516,0.33496094,-1.3759766,0.2162199,LCC-FASD external-dev / cross-domain stress set,True
spoof_1251.png,1,VALID,-0.45751953,0.36669922,0.11773682,-1.4006126,LCC-FASD external-dev / cross-domain stress set,False
spoof_1252.png,1,VALID,-1.3789062,0.30810547,1.0996094,-2.852258,LCC-FASD external-dev / cross-domain stress set,False
spoof_1253.png,1,VALID,-1.8525391,0.296875,1.8359375,-3.8828766,LCC-FASD external-dev / cross-domain stress set,False
spoof_1254.png,1,VALID,0.05429077,-0.099365234,-0.070739746,-0.5539063,LCC-FASD external-dev / cross-domain stress set,False
spoof_1255.png,1,VALID,2.3398438,-0.4794922,-2.3867188,2.6808865,LCC-FASD external-dev / cross-domain stress set,True
spoof_1256.png,1,VALID,-0.9145508,1.2373047,-0.11224365,-2.382457,LCC-FASD external-dev / cross-domain stress set,False
spoof_1257.png,1,VALID,1.0732422,0.41381836,-1.9560547,0.570047,LCC-FASD external-dev / cross-domain stress set,True
spoof_1258.png,1,VALID,-0.8310547,0.7675781,0.16906738,-2.0366488,LCC-FASD external-dev / cross-domain stress set,False
spoof_1259.png,1,VALID,2.9785156,-0.42407227,-3.2089844,3.342684,LCC-FASD external-dev / cross-domain stress set,True
spoof_1260.png,1,VALID,0.2133789,0.14587402,-0.43286133,-0.3775699,LCC-FASD external-dev / cross-domain stress set,False
spoof_1261.png,1,VALID,-0.41357422,0.29345703,0.117004395,-1.315839,LCC-FASD external-dev / cross-domain stress set,False
spoof_1262.png,1,VALID,-1.2539062,0.3166504,1.0673828,-2.7079253,LCC-FASD external-dev / cross-domain stress set,False
spoof_1263.png,1,VALID,-0.5488281,0.42773438,0.1673584,-1.5479723,LCC-FASD external-dev / cross-domain stress set,False
spoof_1264.png,1,VALID,1.1337891,0.2939453,-1.8105469,0.72481334,LCC-FASD external-dev / cross-domain stress set,True
spoof_1265.png,1,VALID,-1.4716797,1.2001953,0.4440918,-3.0567918,LCC-FASD external-dev / cross-domain stress set,False
spoof_1266.png,1,VALID,-2.5058594,0.4794922,2.3535156,-5.00218,LCC-FASD external-dev / cross-domain stress set,False
spoof_1267.png,1,VALID,-1.71875,1.0078125,0.92089844,-3.3771966,LCC-FASD external-dev / cross-domain stress set,False
spoof_1268.png,1,VALID,-2.9042969,2.6796875,1.1367188,-5.7776957,LCC-FASD external-dev / cross-domain stress set,False
spoof_1269.png,1,VALID,-2.9707031,2.5800781,1.2607422,-5.7876797,LCC-FASD external-dev / cross-domain stress set,False
spoof_1270.png,1,VALID,-2.2128906,3.015625,-0.19763184,-5.267953,LCC-FASD external-dev / cross-domain stress set,False
spoof_1271.png,1,VALID,-1.671875,3.3046875,-0.6796875,-4.9949956,LCC-FASD external-dev / cross-domain stress set,False
spoof_1272.png,1,VALID,-3.0957031,2.9609375,1.0742188,-6.1977654,LCC-FASD external-dev / cross-domain stress set,False
spoof_1273.png,1,VALID,-2.6503906,4.0820312,-0.2322998,-6.745709,LCC-FASD external-dev / cross-domain stress set,False
spoof_1274.png,1,VALID,-2.5273438,3.609375,0.04321289,-6.164591,LCC-FASD external-dev / cross-domain stress set,False
spoof_1275.png,1,VALID,-2.390625,2.9492188,0.12335205,-5.397412,LCC-FASD external-dev / cross-domain stress set,False
spoof_1276.png,1,VALID,-2.3886719,3.7226562,-0.28833008,-6.1292815,LCC-FASD external-dev / cross-domain stress set,False
spoof_1277.png,1,VALID,-2.3085938,3.7910156,-0.4987793,-6.113224,LCC-FASD external-dev / cross-domain stress set,False
spoof_1278.png,1,VALID,-2.1464844,3.0390625,0.056793213,-5.2349825,LCC-FASD external-dev / cross-domain stress set,False
spoof_1279.png,1,VALID,-2.7695312,3.9550781,-0.05819702,-6.7425222,LCC-FASD external-dev / cross-domain stress set,False
spoof_1280.png,1,VALID,-2.8730469,3.3945312,0.3725586,-6.315134,LCC-FASD external-dev / cross-domain stress set,False
spoof_1281.png,1,VALID,-1.0595703,2.1601562,-0.46484375,-3.2896628,LCC-FASD external-dev / cross-domain stress set,False
spoof_1282.png,1,VALID,-3.0683594,3.9609375,0.36157227,-7.0562706,LCC-FASD external-dev / cross-domain stress set,False
spoof_1283.png,1,VALID,-3.3339844,3.0566406,1.2822266,-6.547272,LCC-FASD external-dev / cross-domain stress set,False
spoof_1284.png,1,VALID,-1.8330078,3.5332031,-0.69873047,-5.3806305,LCC-FASD external-dev / cross-domain stress set,False
spoof_1285.png,1,VALID,-2.7246094,3.2988281,0.19396973,-6.0672927,LCC-FASD external-dev / cross-domain stress set,False
spoof_1286.png,1,VALID,-2.6640625,3.8085938,-0.089416504,-6.492736,LCC-FASD external-dev / cross-domain stress set,False
spoof_1287.png,1,VALID,-3.2363281,2.9023438,1.3105469,-6.3239555,LCC-FASD external-dev / cross-domain stress set,False
spoof_1288.png,1,VALID,-1.7675781,1.6425781,0.2244873,-3.6270208,LCC-FASD external-dev / cross-domain stress set,False
spoof_1289.png,1,VALID,0.13562012,0.7080078,-1.1474609,-0.71768177,LCC-FASD external-dev / cross-domain stress set,False
spoof_1290.png,1,VALID,-2.1503906,2.2265625,0.5600586,-4.549987,LCC-FASD external-dev / cross-domain stress set,False
spoof_1291.png,1,VALID,1.3847656,-0.24987793,-1.703125,1.4245367,LCC-FASD external-dev / cross-domain stress set,True
spoof_1292.png,1,VALID,0.94091797,0.7338867,-1.9316406,0.13978142,LCC-FASD external-dev / cross-domain stress set,True
spoof_1293.png,1,VALID,-1.3017578,1.6201172,-0.06317139,-3.0922606,LCC-FASD external-dev / cross-domain stress set,False
spoof_1189.png,1,VALID,-1.7226562,2.0996094,0.058776855,-3.944413,LCC-FASD external-dev / cross-domain stress set,False
spoof_1190.png,1,VALID,-0.26513672,0.76904297,-0.3173828,-1.3249223,LCC-FASD external-dev / cross-domain stress set,False
spoof_1191.png,1,VALID,-0.13903809,0.61816406,-0.3942871,-1.0671303,LCC-FASD external-dev / cross-domain stress set,False
spoof_1192.png,1,VALID,0.9482422,-0.06512451,-1.0205078,0.6879087,LCC-FASD external-dev / cross-domain stress set,True
spoof_1193.png,1,VALID,-1.3671875,1.3701172,0.22277832,-3.013026,LCC-FASD external-dev / cross-domain stress set,False
spoof_1194.png,1,VALID,-1.7001953,1.8925781,0.21264648,-3.7636857,LCC-FASD external-dev / cross-domain stress set,False
spoof_1195.png,1,VALID,0.34301758,-0.8925781,0.17712402,-0.12909478,LCC-FASD external-dev / cross-domain stress set,True
spoof_1196.png,1,VALID,-1.6123047,-0.028747559,1.8652344,-3.6177108,LCC-FASD external-dev / cross-domain stress set,False
spoof_1197.png,1,VALID,-2.4277344,2.8789062,0.25317383,-5.3765273,LCC-FASD external-dev / cross-domain stress set,False
spoof_1198.png,1,VALID,-2.6464844,3.0175781,0.36279297,-5.7320147,LCC-FASD external-dev / cross-domain stress set,False
spoof_1199.png,1,VALID,-2.3320312,2.8398438,0.2927246,-5.2472672,LCC-FASD external-dev / cross-domain stress set,False
spoof_1200.png,1,VALID,0.06335449,1.8125,-1.6904297,-1.7788101,LCC-FASD external-dev / cross-domain stress set,False
spoof_1201.png,1,VALID,-1.8369141,2.7128906,-0.27246094,-4.5990915,LCC-FASD external-dev / cross-domain stress set,False
spoof_1202.png,1,VALID,-2.015625,0.9003906,1.3925781,-3.8852367,LCC-FASD external-dev / cross-domain stress set,False
spoof_1203.png,1,VALID,-2.1386719,3.0546875,0.013458252,-5.2400293,LCC-FASD external-dev / cross-domain stress set,False
spoof_1204.png,1,VALID,0.8774414,1.2470703,-2.078125,-0.40496266,LCC-FASD external-dev / cross-domain stress set,False
spoof_1205.png,1,VALID,-1.7587891,2.890625,-0.3251953,-4.688752,LCC-FASD external-dev / cross-domain stress set,False
spoof_1206.png,1,VALID,1.0537109,1.0224609,-2.1386719,-0.010254383,LCC-FASD external-dev / cross-domain stress set,True
spoof_1207.png,1,VALID,0.17956543,1.5146484,-1.4912109,-1.3833932,LCC-FASD external-dev / cross-domain stress set,False
spoof_1208.png,1,VALID,-1.9316406,2.4921875,0.14428711,-4.5151024,LCC-FASD external-dev / cross-domain stress set,False
spoof_1209.png,1,VALID,-1.6367188,0.22680664,1.3857422,-3.2954,LCC-FASD external-dev / cross-domain stress set,False
spoof_1210.png,1,VALID,-2.5195312,3.2851562,0.09063721,-5.8448563,LCC-FASD external-dev / cross-domain stress set,False
spoof_1211.png,1,VALID,-1.3417969,2.4316406,-0.6591797,-3.817899,LCC-FASD external-dev / cross-domain stress set,False
spoof_1212.png,1,VALID,-2.0097656,2.5722656,0.13293457,-4.665654,LCC-FASD external-dev / cross-domain stress set,False
spoof_1213.png,1,VALID,-2.4746094,3.1269531,0.1538086,-5.6514397,LCC-FASD external-dev / cross-domain stress set,False
spoof_1214.png,1,VALID,-2.0683594,0.46533203,1.7167969,-4.0367594,LCC-FASD external-dev / cross-domain stress set,False
spoof_1215.png,1,VALID,-0.6401367,0.22644043,-0.107666016,-1.4065601,LCC-FASD external-dev / cross-domain stress set,False
spoof_1216.png,1,VALID,0.4020996,0.3659668,-1.0878906,-0.17385834,LCC-FASD external-dev / cross-domain stress set,True
spoof_1217.png,1,VALID,-0.93896484,2.9628906,-1.4570312,-3.9138188,LCC-FASD external-dev / cross-domain stress set,False
spoof_1218.png,1,VALID,-0.28735352,2.5214844,-1.6630859,-2.823952,LCC-FASD external-dev / cross-domain stress set,False
spoof_1219.png,1,VALID,-0.7241211,2.5253906,-1.046875,-3.2772164,LCC-FASD external-dev / cross-domain stress set,False
spoof_1220.png,1,VALID,-1.1376953,2.7539062,-0.9638672,-3.9155993,LCC-FASD external-dev / cross-domain stress set,False
spoof_1221.png,1,VALID,-0.91796875,0.79345703,-0.27197266,-2.0075073,LCC-FASD external-dev / cross-domain stress set,False
spoof_1222.png,1,VALID,-1.9121094,1.2265625,0.50390625,-3.5343971,LCC-FASD external-dev / cross-domain stress set,False
spoof_1223.png,1,VALID,0.6850586,1.5380859,-1.9921875,-0.8819033,LCC-FASD external-dev / cross-domain stress set,False
spoof_1224.png,1,VALID,-1.1523438,2.4804688,-0.8178711,-3.6690907,LCC-FASD external-dev / cross-domain stress set,False
spoof_1225.png,1,VALID,-0.09637451,0.6982422,-0.74658203,-1.0063251,LCC-FASD external-dev / cross-domain stress set,False
spoof_1226.png,1,VALID,0.19506836,0.39086914,-0.84228516,-0.45150602,LCC-FASD external-dev / cross-domain stress set,False
spoof_1227.png,1,VALID,0.43896484,1.7958984,-1.9970703,-1.3792123,LCC-FASD external-dev / cross-domain stress set,False
spoof_1228.png,1,VALID,0.013763428,1.9257812,-1.5410156,-1.9427574,LCC-FASD external-dev / cross-domain stress set,False
spoof_1229.png,1,VALID,-0.73828125,0.5053711,-0.09448242,-1.6811922,LCC-FASD external-dev / cross-domain stress set,False
spoof_1230.png,1,VALID,0.050476074,1.8955078,-1.7392578,-1.8710796,LCC-FASD external-dev / cross-domain stress set,False
spoof_1231.png,1,VALID,-1.3222656,2.8652344,-0.8803711,-4.210847,LCC-FASD external-dev / cross-domain stress set,False
spoof_1232.png,1,VALID,2.1484375,-1.3662109,-1.6123047,2.936997,LCC-FASD external-dev / cross-domain stress set,True
spoof_1233.png,1,VALID,1.71875,-0.71191406,-1.5898438,2.0830805,LCC-FASD external-dev / cross-domain stress set,True
spoof_1234.png,1,VALID,-0.62597656,0.3605957,-0.32250977,-1.3953958,LCC-FASD external-dev / cross-domain stress set,False
spoof_1235.png,1,VALID,-1.2119141,1.2001953,0.35473633,-2.7693362,LCC-FASD external-dev / cross-domain stress set,False
spoof_1236.png,1,VALID,-1.125,1.3896484,0.18554688,-2.776983,LCC-FASD external-dev / cross-domain stress set,False
spoof_1237.png,1,VALID,-2.0234375,2.2402344,0.43310547,-4.4156413,LCC-FASD external-dev / cross-domain stress set,False
spoof_1238.png,1,VALID,-2.1113281,1.8896484,0.8198242,-4.2959337,LCC-FASD external-dev / cross-domain stress set,False
spoof_1133.png,1,VALID,-0.8339844,1.9785156,-0.6665039,-2.8810964,LCC-FASD external-dev / cross-domain stress set,False
spoof_1134.png,1,VALID,-1.3056641,1.6660156,0.08111572,-3.158133,LCC-FASD external-dev / cross-domain stress set,False
spoof_1135.png,1,VALID,-1.3222656,2.3554688,-0.30932617,-3.7450318,LCC-FASD external-dev / cross-domain stress set,False
spoof_1136.png,1,VALID,0.7709961,-0.234375,-0.7734375,0.54586303,LCC-FASD external-dev / cross-domain stress set,True
spoof_1137.png,1,VALID,-1.34375,1.7128906,0.21374512,-3.25821,LCC-FASD external-dev / cross-domain stress set,False
spoof_1138.png,1,VALID,-1.0888672,2.0683594,-0.35009766,-3.2425404,LCC-FASD external-dev / cross-domain stress set,False
spoof_1139.png,1,VALID,-1.7851562,1.9902344,0.41430664,-3.9633758,LCC-FASD external-dev / cross-domain stress set,False
spoof_1140.png,1,VALID,0.22717285,-0.39086914,0.04119873,-0.31429523,LCC-FASD external-dev / cross-domain stress set,False
spoof_1141.png,1,VALID,0.21191406,-0.25683594,-0.022094727,-0.34864002,LCC-FASD external-dev / cross-domain stress set,False
spoof_1142.png,1,VALID,-1.8798828,2.1230469,0.47094727,-4.178266,LCC-FASD external-dev / cross-domain stress set,False
spoof_1143.png,1,VALID,-1.3642578,1.9677734,-0.06427002,-3.455193,LCC-FASD external-dev / cross-domain stress set,False
spoof_1144.png,1,VALID,0.14343262,0.26293945,-0.43066406,-0.52481985,LCC-FASD external-dev / cross-domain stress set,False
spoof_1145.png,1,VALID,0.39501953,0.015449524,-0.5756836,-0.061068863,LCC-FASD external-dev / cross-domain stress set,True
spoof_1146.png,1,VALID,0.56396484,0.79785156,-1.2207031,-0.35862094,LCC-FASD external-dev / cross-domain stress set,False
spoof_1147.png,1,VALID,-1.8095703,1.9355469,0.47924805,-3.9546463,LCC-FASD external-dev / cross-domain stress set,False
spoof_1148.png,1,VALID,-0.20324707,0.0011491776,0.17773438,-0.98972875,LCC-FASD external-dev / cross-domain stress set,False
spoof_1149.png,1,VALID,0.3244629,-0.3972168,-0.08453369,-0.13998091,LCC-FASD external-dev / cross-domain stress set,True
spoof_1150.png,1,VALID,-0.010116577,1.0634766,-0.81591797,-1.215685,LCC-FASD external-dev / cross-domain stress set,False
spoof_1151.png,1,VALID,0.99560547,1.0292969,-2.2402344,-0.07101047,LCC-FASD external-dev / cross-domain stress set,True
spoof_1152.png,1,VALID,-1.4667969,2.2167969,-0.32666016,-3.7592523,LCC-FASD external-dev / cross-domain stress set,False
spoof_1153.png,1,VALID,-0.9848633,2.0722656,-0.69628906,-3.1179912,LCC-FASD external-dev / cross-domain stress set,False
spoof_1154.png,1,VALID,-2.2050781,1.7705078,1.109375,-4.3918366,LCC-FASD external-dev / cross-domain stress set,False
spoof_1155.png,1,VALID,-0.73046875,2.765625,-1.5917969,-3.5088239,LCC-FASD external-dev / cross-domain stress set,False
spoof_1156.png,1,VALID,-1.390625,2.921875,-0.9326172,-4.3334627,LCC-FASD external-dev / cross-domain stress set,False
spoof_1157.png,1,VALID,-1.953125,1.7773438,0.5629883,-3.9904466,LCC-FASD external-dev / cross-domain stress set,False
spoof_1158.png,1,VALID,-2.3886719,1.9677734,1.1152344,-4.7115507,LCC-FASD external-dev / cross-domain stress set,False
spoof_1159.png,1,VALID,-1.3222656,1.21875,0.40063477,-2.9065351,LCC-FASD external-dev / cross-domain stress set,False
spoof_1160.png,1,VALID,0.6791992,1.4638672,-2.4628906,-0.8041837,LCC-FASD external-dev / cross-domain stress set,False
spoof_1161.png,1,VALID,-2.2773438,2.3964844,0.51123047,-4.8151455,LCC-FASD external-dev / cross-domain stress set,False
spoof_1162.png,1,VALID,2.5761719,0.05618286,-3.3554688,2.4875348,LCC-FASD external-dev / cross-domain stress set,True
spoof_1163.png,1,VALID,-1.0556641,2.4609375,-0.92333984,-3.5499418,LCC-FASD external-dev / cross-domain stress set,False
spoof_1164.png,1,VALID,-3.171875,1.4511719,2.3574219,-5.8686485,LCC-FASD external-dev / cross-domain stress set,False
spoof_1165.png,1,VALID,-2.2441406,1.6435547,1.1289062,-4.356267,LCC-FASD external-dev / cross-domain stress set,False
spoof_1166.png,1,VALID,-1.4570312,1.9765625,-0.10119629,-3.551564,LCC-FASD external-dev / cross-domain stress set,False
spoof_1167.png,1,VALID,-1.8369141,2.6054688,-0.1505127,-4.503992,LCC-FASD external-dev / cross-domain stress set,False
spoof_1168.png,1,VALID,-2.0996094,1.7460938,0.86279297,-4.1917124,LCC-FASD external-dev / cross-domain stress set,False
spoof_1169.png,1,VALID,0.7529297,1.2958984,-2.2109375,-0.5725194,LCC-FASD external-dev / cross-domain stress set,False
spoof_1170.png,1,VALID,-0.49194336,0.25512695,0.44067383,-1.5372882,LCC-FASD external-dev / cross-domain stress set,False
spoof_1171.png,1,VALID,-2.0527344,1.9492188,0.58691406,-4.229941,LCC-FASD external-dev / cross-domain stress set,False
spoof_1172.png,1,VALID,-1.3945312,1.7402344,-0.0056762695,-3.2955961,LCC-FASD external-dev / cross-domain stress set,False
spoof_1173.png,1,VALID,-0.3203125,0.44360352,0.012435913,-1.2645397,LCC-FASD external-dev / cross-domain stress set,False
spoof_1174.png,1,VALID,-1.1367188,1.8828125,-0.2211914,-3.1346147,LCC-FASD external-dev / cross-domain stress set,False
spoof_1175.png,1,VALID,2.4335938,-0.36987305,-2.6269531,2.7039332,LCC-FASD external-dev / cross-domain stress set,True
spoof_1176.png,1,VALID,-1.8886719,2.65625,0.080566406,-4.618267,LCC-FASD external-dev / cross-domain stress set,False
spoof_1177.png,1,VALID,-1.2236328,1.9501953,-0.14916992,-3.2894168,LCC-FASD external-dev / cross-domain stress set,False
spoof_1178.png,1,VALID,-2.5996094,1.9404297,1.2861328,-4.958623,LCC-FASD external-dev / cross-domain stress set,False
spoof_1179.png,1,VALID,-1.7197266,2.1425781,0.14282227,-3.9892619,LCC-FASD external-dev / cross-domain stress set,False
spoof_1180.png,1,VALID,-1.3417969,1.1054688,0.58935547,-2.9152896,LCC-FASD external-dev / cross-domain stress set,False
spoof_1181.png,1,VALID,2.015625,-0.24230957,-2.3476562,2.142997,LCC-FASD external-dev / cross-domain stress set,True
spoof_1182.png,1,VALID,-1.7998047,1.9990234,0.22790527,-3.9559538,LCC-FASD external-dev / cross-domain stress set,False
spoof_1183.png,1,VALID,-1.1904297,1.2304688,0.31420898,-2.7573795,LCC-FASD external-dev / cross-domain stress set,False
spoof_1184.png,1,VALID,-0.81591797,1.3261719,-0.21801758,-2.335586,LCC-FASD external-dev / cross-domain stress set,False
spoof_1185.png,1,VALID,-2.5742188,2.1328125,1.1982422,-5.038315,LCC-FASD external-dev / cross-domain stress set,False
spoof_1186.png,1,VALID,-1.5800781,2.09375,0.035003662,-3.793932,LCC-FASD external-dev / cross-domain stress set,False
spoof_1187.png,1,VALID,0.3540039,0.4819336,-0.89697266,-0.35255522,LCC-FASD external-dev / cross-domain stress set,False
spoof_1188.png,1,VALID,0.71484375,0.2479248,-1.1298828,0.24207225,LCC-FASD external-dev / cross-domain stress set,True
spoof_1078.png,1,VALID,-1.7841797,0.7324219,1.3134766,-3.5418985,LCC-FASD external-dev / cross-domain stress set,False
spoof_1079.png,1,VALID,-1.5009766,0.5551758,1.1894531,-3.1159058,LCC-FASD external-dev / cross-domain stress set,False
spoof_1080.png,1,VALID,1.0996094,0.83740234,-2.0390625,0.20740306,LCC-FASD external-dev / cross-domain stress set,True
spoof_1081.png,1,VALID,-2.1992188,2.7089844,-0.13220215,-4.96492,LCC-FASD external-dev / cross-domain stress set,False
spoof_1082.png,1,VALID,-1.5244141,1.7333984,0.04763794,-3.4278114,LCC-FASD external-dev / cross-domain stress set,False
spoof_1083.png,1,VALID,0.010627747,0.73828125,-0.6513672,-0.9501271,LCC-FASD external-dev / cross-domain stress set,False
spoof_1084.png,1,VALID,-0.79833984,1.2304688,-0.34936523,-2.2161255,LCC-FASD external-dev / cross-domain stress set,False
spoof_1085.png,1,VALID,-1.9355469,1.0986328,1.1171875,-3.7366471,LCC-FASD external-dev / cross-domain stress set,False
spoof_1086.png,1,VALID,-1.6914062,1.2128906,0.69384766,-3.3712268,LCC-FASD external-dev / cross-domain stress set,False
spoof_1087.png,1,VALID,-1.6191406,2.0566406,-0.051818848,-3.7903814,LCC-FASD external-dev / cross-domain stress set,False
spoof_1088.png,1,VALID,-1.7333984,2.2050781,-0.05203247,-4.0380073,LCC-FASD external-dev / cross-domain stress set,False
spoof_1089.png,1,VALID,1.2412109,0.37719727,-1.7724609,0.7537934,LCC-FASD external-dev / cross-domain stress set,True
spoof_1090.png,1,VALID,0.74658203,0.46972656,-1.4248047,0.13675547,LCC-FASD external-dev / cross-domain stress set,True
spoof_1091.png,1,VALID,0.3317871,0.5732422,-1.0791016,-0.41675228,LCC-FASD external-dev / cross-domain stress set,False
spoof_1092.png,1,VALID,1.0341797,0.21936035,-1.4199219,0.6374104,LCC-FASD external-dev / cross-domain stress set,True
spoof_1093.png,1,VALID,-0.84814453,1.8984375,-0.79589844,-2.811983,LCC-FASD external-dev / cross-domain stress set,False
spoof_1094.png,1,VALID,3.1875,-1.7978516,-2.2441406,4.490656,LCC-FASD external-dev / cross-domain stress set,True
spoof_1095.png,1,VALID,-1.7089844,2.1816406,-0.10498047,-3.987397,LCC-FASD external-dev / cross-domain stress set,False
spoof_1096.png,1,VALID,-0.8383789,1.3759766,-0.17028809,-2.407487,LCC-FASD external-dev / cross-domain stress set,False
spoof_1097.png,1,VALID,1.2167969,-0.0035171509,-1.5478516,1.0268433,LCC-FASD external-dev / cross-domain stress set,True
spoof_1098.png,1,VALID,-0.5180664,1.2285156,-0.828125,-1.8669243,LCC-FASD external-dev / cross-domain stress set,False
spoof_1099.png,1,VALID,2.8867188,-1.6445312,-2.0761719,4.0308123,LCC-FASD external-dev / cross-domain stress set,True
spoof_1100.png,1,VALID,4.7539062,-2.6386719,-3.4589844,7.027731,LCC-FASD external-dev / cross-domain stress set,True
spoof_1101.png,1,VALID,2.28125,-0.47680664,-2.3300781,2.6124651,LCC-FASD external-dev / cross-domain stress set,True
spoof_1102.png,1,VALID,-2.5332031,2.1582031,0.8276367,-4.9259467,LCC-FASD external-dev / cross-domain stress set,False
spoof_1103.png,1,VALID,-0.70410156,1.6064453,-0.5864258,-2.4163437,LCC-FASD external-dev / cross-domain stress set,False
spoof_1104.png,1,VALID,-0.83496094,1.9013672,-0.7397461,-2.8051841,LCC-FASD external-dev / cross-domain stress set,False
spoof_1105.png,1,VALID,1.5263672,-0.44384766,-1.6611328,1.710907,LCC-FASD external-dev / cross-domain stress set,True
spoof_1106.png,1,VALID,0.8173828,0.0010070801,-1.0546875,0.5177903,LCC-FASD external-dev / cross-domain stress set,True
spoof_1107.png,1,VALID,-0.29516602,0.55078125,-0.14587402,-1.2502444,LCC-FASD external-dev / cross-domain stress set,False
spoof_1108.png,1,VALID,-1.0009766,1.6396484,-0.36767578,-2.7666826,LCC-FASD external-dev / cross-domain stress set,False
spoof_1109.png,1,VALID,2.1796875,-0.31445312,-2.3886719,2.3757758,LCC-FASD external-dev / cross-domain stress set,True
spoof_1110.png,1,VALID,-0.42773438,0.4345703,0.022140503,-1.3703502,LCC-FASD external-dev / cross-domain stress set,False
spoof_1111.png,1,VALID,-1.1640625,0.6665039,0.60009766,-2.4910617,LCC-FASD external-dev / cross-domain stress set,False
spoof_1112.png,1,VALID,-1.0556641,0.2680664,0.80810547,-2.322918,LCC-FASD external-dev / cross-domain stress set,False
spoof_1113.png,1,VALID,-0.74853516,-0.5786133,1.2900391,-2.1820955,LCC-FASD external-dev / cross-domain stress set,False
spoof_1114.png,1,VALID,-0.22192383,-0.5107422,0.7246094,-1.2017431,LCC-FASD external-dev / cross-domain stress set,False
spoof_1115.png,1,VALID,0.6567383,-0.5390625,-0.33862305,0.39742023,LCC-FASD external-dev / cross-domain stress set,True
spoof_1116.png,1,VALID,-2.5878906,2.8457031,0.50097656,-5.5251455,LCC-FASD external-dev / cross-domain stress set,False
spoof_1117.png,1,VALID,-1.0478516,1.1552734,0.33813477,-2.5689435,LCC-FASD external-dev / cross-domain stress set,False
spoof_1118.png,1,VALID,-0.73583984,1.3925781,-0.36401367,-2.287669,LCC-FASD external-dev / cross-domain stress set,False
spoof_1119.png,1,VALID,-2.3242188,2.6816406,0.3076172,-5.094882,LCC-FASD external-dev / cross-domain stress set,False
spoof_1120.png,1,VALID,-0.45336914,0.8798828,-0.12866211,-1.6442227,LCC-FASD external-dev / cross-domain stress set,False
spoof_1121.png,1,VALID,-1.1367188,1.3242188,0.21643066,-2.7463336,LCC-FASD external-dev / cross-domain stress set,False
spoof_1122.png,1,VALID,-1.1689453,1.4345703,0.11077881,-2.839476,LCC-FASD external-dev / cross-domain stress set,False
spoof_1123.png,1,VALID,-1.1142578,1.7890625,-0.12335205,-3.0411005,LCC-FASD external-dev / cross-domain stress set,False
spoof_1124.png,1,VALID,-2.0332031,2.0898438,0.35424805,-4.2854166,LCC-FASD external-dev / cross-domain stress set,False
spoof_1125.png,1,VALID,-1.5039062,1.6201172,0.44921875,-3.3941178,LCC-FASD external-dev / cross-domain stress set,False
spoof_1126.png,1,VALID,-1.5351562,1.6982422,0.39892578,-3.4745533,LCC-FASD external-dev / cross-domain stress set,False
spoof_1127.png,1,VALID,-1.4365234,2.0957031,-0.044067383,-3.6434834,LCC-FASD external-dev / cross-domain stress set,False
spoof_1128.png,1,VALID,-1.6337891,2.3242188,-0.24694824,-4.031673,LCC-FASD external-dev / cross-domain stress set,False
spoof_1129.png,1,VALID,-0.4099121,0.9916992,-0.15588379,-1.6772738,LCC-FASD external-dev / cross-domain stress set,False
spoof_1130.png,1,VALID,-0.27563477,1.9150391,-1.4902344,-2.2233324,LCC-FASD external-dev / cross-domain stress set,False
spoof_1131.png,1,VALID,-0.8076172,1.0869141,0.09259033,-2.2093227,LCC-FASD external-dev / cross-domain stress set,False
spoof_1132.png,1,VALID,-0.11138916,0.06842041,0.05783081,-0.8676759,LCC-FASD external-dev / cross-domain stress set,False
spoof_1025.png,1,VALID,-0.0038986206,-0.16955566,0.028640747,-0.6314906,LCC-FASD external-dev / cross-domain stress set,False
spoof_1026.png,1,VALID,-0.7524414,-0.1673584,0.63671875,-1.7589986,LCC-FASD external-dev / cross-domain stress set,False
spoof_1027.png,1,VALID,0.21813965,-1.015625,0.3786621,-0.38207257,LCC-FASD external-dev / cross-domain stress set,False
spoof_1028.png,1,VALID,0.38110352,-0.8251953,-0.06732178,0.0640735,LCC-FASD external-dev / cross-domain stress set,True
spoof_1029.png,1,VALID,-1.4667969,1.2373047,0.48486328,-3.09019,LCC-FASD external-dev / cross-domain stress set,False
spoof_1030.png,1,VALID,-1.2373047,2.0820312,-0.49780273,-3.392388,LCC-FASD external-dev / cross-domain stress set,False
spoof_1031.png,1,VALID,-1.8925781,1.9414062,0.48095703,-4.0427303,LCC-FASD external-dev / cross-domain stress set,False
spoof_1032.png,1,VALID,-1.6318359,2.2109375,0.15209961,-3.9628668,LCC-FASD external-dev / cross-domain stress set,False
spoof_1033.png,1,VALID,-0.8666992,1.1933594,-0.17736816,-2.286335,LCC-FASD external-dev / cross-domain stress set,False
spoof_1034.png,1,VALID,-1.6347656,2.7207031,-0.61376953,-4.390482,LCC-FASD external-dev / cross-domain stress set,False
spoof_1035.png,1,VALID,-1.5429688,1.6914062,0.22155762,-3.441357,LCC-FASD external-dev / cross-domain stress set,False
spoof_1036.png,1,VALID,-0.875,1.4492188,-0.30688477,-2.4835415,LCC-FASD external-dev / cross-domain stress set,False
spoof_1037.png,1,VALID,-1.6845703,1.3828125,0.64160156,-3.457082,LCC-FASD external-dev / cross-domain stress set,False
spoof_1038.png,1,VALID,-1.3789062,2.1386719,-0.04727173,-3.6240726,LCC-FASD external-dev / cross-domain stress set,False
spoof_1039.png,1,VALID,-1.5859375,2.296875,-0.30322266,-3.9544504,LCC-FASD external-dev / cross-domain stress set,False
spoof_1040.png,1,VALID,-1.1953125,2.2460938,-0.63964844,-3.4957175,LCC-FASD external-dev / cross-domain stress set,False
spoof_1041.png,1,VALID,-1.3564453,2.0800781,-0.3803711,-3.5184689,LCC-FASD external-dev / cross-domain stress set,False
spoof_1042.png,1,VALID,-1.9140625,2.4414062,0.11566162,-4.448695,LCC-FASD external-dev / cross-domain stress set,False
spoof_1043.png,1,VALID,-1.5009766,1.5527344,0.40307617,-3.3288736,LCC-FASD external-dev / cross-domain stress set,False
spoof_1044.png,1,VALID,-0.3527832,2.2753906,-1.5898438,-2.6489153,LCC-FASD external-dev / cross-domain stress set,False
spoof_1045.png,1,VALID,-2.0136719,2.1464844,0.3869629,-4.3189764,LCC-FASD external-dev / cross-domain stress set,False
spoof_1046.png,1,VALID,-0.9863281,2.3085938,-0.91503906,-3.33396,LCC-FASD external-dev / cross-domain stress set,False
spoof_1047.png,1,VALID,-1.4326172,1.7958984,0.3161621,-3.4336562,LCC-FASD external-dev / cross-domain stress set,False
spoof_1048.png,1,VALID,-1.1728516,0.89697266,0.4272461,-2.5554385,LCC-FASD external-dev / cross-domain stress set,False
spoof_1049.png,1,VALID,-1.6171875,2.265625,-0.2121582,-3.963405,LCC-FASD external-dev / cross-domain stress set,False
spoof_1050.png,1,VALID,-1.6542969,2.2792969,-0.17712402,-4.0158567,LCC-FASD external-dev / cross-domain stress set,False
spoof_1051.png,1,VALID,-3.1601562,2.9882812,1.1289062,-6.2932043,LCC-FASD external-dev / cross-domain stress set,False
spoof_1052.png,1,VALID,-1.4599609,2.4492188,-0.61816406,-3.9546719,LCC-FASD external-dev / cross-domain stress set,False
spoof_1053.png,1,VALID,-1.3710938,1.8652344,0.06744385,-3.3896196,LCC-FASD external-dev / cross-domain stress set,False
spoof_1054.png,1,VALID,-0.01461792,-0.60009766,0.6381836,-0.9073523,LCC-FASD external-dev / cross-domain stress set,False
spoof_1055.png,1,VALID,0.67578125,0.18847656,-0.88720703,0.19384101,LCC-FASD external-dev / cross-domain stress set,True
spoof_1056.png,1,VALID,-0.23181152,-0.26831055,0.4453125,-1.0758103,LCC-FASD external-dev / cross-domain stress set,False
spoof_1057.png,1,VALID,-0.0602417,0.6616211,-0.4699707,-1.0014014,LCC-FASD external-dev / cross-domain stress set,False
spoof_1058.png,1,VALID,-0.19665527,1.1201172,-0.7294922,-1.462861,LCC-FASD external-dev / cross-domain stress set,False
spoof_1059.png,1,VALID,-0.9477539,1.2177734,0.10681152,-2.4501362,LCC-FASD external-dev / cross-domain stress set,False
spoof_1060.png,1,VALID,-0.97314453,0.97509766,0.39819336,-2.393975,LCC-FASD external-dev / cross-domain stress set,False
spoof_1061.png,1,VALID,-0.0637207,0.65722656,-0.43676758,-1.0097859,LCC-FASD external-dev / cross-domain stress set,False
spoof_1062.png,1,VALID,-0.2705078,0.072143555,0.21166992,-1.1079931,LCC-FASD external-dev / cross-domain stress set,False
spoof_1063.png,1,VALID,-0.15649414,0.734375,-0.5732422,-1.1302512,LCC-FASD external-dev / cross-domain stress set,False
spoof_1064.png,1,VALID,0.45996094,-0.5541992,-0.05822754,0.04258874,LCC-FASD external-dev / cross-domain stress set,True
spoof_1065.png,1,VALID,-1.8242188,1.7724609,0.64208984,-3.876516,LCC-FASD external-dev / cross-domain stress set,False
spoof_1066.png,1,VALID,-2.0761719,1.4775391,1.1035156,-4.0772324,LCC-FASD external-dev / cross-domain stress set,False
spoof_1067.png,1,VALID,-0.9580078,-0.12988281,1.2285156,-2.415309,LCC-FASD external-dev / cross-domain stress set,False
spoof_1068.png,1,VALID,3.5,-1.0732422,-3.1914062,4.459688,LCC-FASD external-dev / cross-domain stress set,True
spoof_1069.png,1,VALID,-1.6279297,2.265625,-0.0541687,-3.9873126,LCC-FASD external-dev / cross-domain stress set,False
spoof_1070.png,1,VALID,-3.0019531,3.2246094,0.70410156,-6.303911,LCC-FASD external-dev / cross-domain stress set,False
spoof_1071.png,1,VALID,-0.15124512,1.0341797,-0.72509766,-1.3442808,LCC-FASD external-dev / cross-domain stress set,False
spoof_1072.png,1,VALID,-2.2089844,2.5019531,0.31835938,-4.8176694,LCC-FASD external-dev / cross-domain stress set,False
spoof_1073.png,1,VALID,2.5507812,-0.93847656,-2.2148438,3.243141,LCC-FASD external-dev / cross-domain stress set,True
spoof_1074.png,1,VALID,-1.0009766,1.3925781,-0.27563477,-2.566317,LCC-FASD external-dev / cross-domain stress set,False
spoof_1075.png,1,VALID,-2.5996094,2.8984375,0.5292969,-5.5874863,LCC-FASD external-dev / cross-domain stress set,False
spoof_1076.png,1,VALID,-1.0566406,1.1728516,0.028549194,-2.505946,LCC-FASD external-dev / cross-domain stress set,False
spoof_1077.png,1,VALID,-2.8007812,2.7949219,0.8183594,-5.725454,LCC-FASD external-dev / cross-domain stress set,False
spoof_1000.png,1,VALID,-2.9550781,3.4140625,0.7910156,-6.439209,LCC-FASD external-dev / cross-domain stress set,False
spoof_1001.png,1,VALID,-3.0859375,2.8261719,1.1357422,-6.08138,LCC-FASD external-dev / cross-domain stress set,False
spoof_1002.png,1,VALID,0.16223145,1.4726562,-1.5273438,-1.3590121,LCC-FASD external-dev / cross-domain stress set,False
spoof_1003.png,1,VALID,-0.84716797,2.5195312,-0.95947266,-3.3970714,LCC-FASD external-dev / cross-domain stress set,False
spoof_1004.png,1,VALID,-0.18823242,2.2421875,-1.7646484,-2.4484472,LCC-FASD external-dev / cross-domain stress set,False
spoof_1005.png,1,VALID,-3.0371094,2.2753906,1.4482422,-5.6752625,LCC-FASD external-dev / cross-domain stress set,False
spoof_1006.png,1,VALID,-1.5205078,1.65625,0.28857422,-3.403653,LCC-FASD external-dev / cross-domain stress set,False
spoof_1007.png,1,VALID,-0.040649414,1.8710938,-1.28125,-1.9536064,LCC-FASD external-dev / cross-domain stress set,False
spoof_1008.png,1,VALID,-1.328125,1.3320312,0.11730957,-2.9200501,LCC-FASD external-dev / cross-domain stress set,False
spoof_1009.png,1,VALID,-1.0957031,1.3330078,0.18737793,-2.7048442,LCC-FASD external-dev / cross-domain stress set,False
spoof_1010.png,1,VALID,-1.2949219,0.8989258,0.59716797,-2.7474551,LCC-FASD external-dev / cross-domain stress set,False
spoof_1011.png,1,VALID,-2.0,1.8046875,0.796875,-4.1158543,LCC-FASD external-dev / cross-domain stress set,False
spoof_1012.png,1,VALID,-2.3554688,2.2519531,0.8095703,-4.8195963,LCC-FASD external-dev / cross-domain stress set,False
spoof_1013.png,1,VALID,-1.1230469,0.171875,1.1464844,-2.5896852,LCC-FASD external-dev / cross-domain stress set,False
spoof_1014.png,1,VALID,-1.9082031,2.1640625,0.30493164,-4.2170653,LCC-FASD external-dev / cross-domain stress set,False
spoof_1015.png,1,VALID,-1.7128906,0.88720703,1.1191406,-3.4159207,LCC-FASD external-dev / cross-domain stress set,False
spoof_1016.png,1,VALID,-0.1986084,0.8955078,-0.63720703,-1.2896407,LCC-FASD external-dev / cross-domain stress set,False
spoof_1017.png,1,VALID,-2.0527344,2.3730469,0.3725586,-4.552651,LCC-FASD external-dev / cross-domain stress set,False
spoof_1018.png,1,VALID,-2.078125,2.4726562,0.2993164,-4.658556,LCC-FASD external-dev / cross-domain stress set,False
spoof_1019.png,1,VALID,-0.4897461,1.2275391,-0.33911133,-1.9068663,LCC-FASD external-dev / cross-domain stress set,False
spoof_1020.png,1,VALID,-0.19946289,0.15161133,0.13647461,-1.0366817,LCC-FASD external-dev / cross-domain stress set,False
spoof_1021.png,1,VALID,-0.6826172,0.03289795,0.74609375,-1.8275378,LCC-FASD external-dev / cross-domain stress set,False
spoof_1022.png,1,VALID,-0.19250488,1.2832031,-0.7236328,-1.6018236,LCC-FASD external-dev / cross-domain stress set,False
spoof_1023.png,1,VALID,-2.0527344,2.046875,0.55859375,-4.3031707,LCC-FASD external-dev / cross-domain stress set,False
spoof_1024.png,1,VALID,0.3930664,-0.95703125,0.02772522,0.047957003,LCC-FASD external-dev / cross-domain stress set,True
YOUTUBE_TP300LA_SGS7E_id48_s1_45.png,1,VALID,-0.03591919,-0.06591797,-0.19921875,-0.5987175,LCC-FASD external-dev / cross-domain stress set,False
YOUTUBE_TP300LA_SGS7E_id48_s1_60.png,1,VALID,0.003528595,-0.24975586,0.008125305,-0.57709324,LCC-FASD external-dev / cross-domain stress set,False
YOUTUBE_TP300LA_SGS7E_id48_s1_75.png,1,VALID,-0.9560547,0.111328125,0.7680664,-2.1418705,LCC-FASD external-dev / cross-domain stress set,False
YOUTUBE_TP300LA_SGS7E_id48_s1_90.png,1,VALID,0.14245605,-0.16357422,-0.13708496,-0.40044928,LCC-FASD external-dev / cross-domain stress set,False
YOUTUBE_VSUNKNOWN_REDMIN5A_id48_s0_15.png,1,VALID,-1.2939453,1.4003906,0.39282227,-3.0055678,LCC-FASD external-dev / cross-domain stress set,False
YOUTUBE_VSUNKNOWN_REDMIN5A_id48_s0_30.png,1,VALID,-1.1933594,1.2753906,0.33544922,-2.7985218,LCC-FASD external-dev / cross-domain stress set,False
YOUTUBE_VSUNKNOWN_REDMIN5A_id48_s0_45.png,1,VALID,-1.0722656,1.3554688,0.17651367,-2.6959279,LCC-FASD external-dev / cross-domain stress set,False
YOUTUBE_VSUNKNOWN_REDMIN5A_id48_s0_60.png,1,VALID,-1.0966797,1.4472656,0.090270996,-2.773018,LCC-FASD external-dev / cross-domain stress set,False
YOUTUBE_VSUNKNOWN_REDMIN5A_id48_s0_75.png,1,VALID,-1.5693359,1.2666016,0.7363281,-3.2986925,LCC-FASD external-dev / cross-domain stress set,False
YOUTUBE_VSUNKNOWN_REDMIN5A_id48_s0_90.png,1,VALID,-1.1171875,1.2539062,0.16455078,-2.661098,LCC-FASD external-dev / cross-domain stress set,False
YOUTUBE_VSUNKNOWN_REDMIN5A_id48_s0_105.png,1,VALID,-1.0722656,1.1914062,0.125,-2.559503,LCC-FASD external-dev / cross-domain stress set,False
YOUTUBE_VSUNKNOWN_REDMIN5A_id48_s0_120.png,1,VALID,-1.3144531,1.6943359,0.061553955,-3.1872575,LCC-FASD external-dev / cross-domain stress set,False
YOUTUBE_VSUNKNOWN_REDMIN5A_id48_s0_135.png,1,VALID,-1.1865234,1.328125,0.12011719,-2.776083,LCC-FASD external-dev / cross-domain stress set,False
YOUTUBE_VSUNKNOWN_REDMIN5A_id48_s0_150.png,1,VALID,-1.6445312,1.7900391,0.265625,-3.6315742,LCC-FASD external-dev / cross-domain stress set,False
YOUTUBE_VSVA2231WA_MEIZUM3S_id48_s0_15.png,1,VALID,-2.6113281,2.7832031,0.6303711,-5.5044208,LCC-FASD external-dev / cross-domain stress set,False
YOUTUBE_VSVA2231WA_MEIZUM3S_id48_s0_30.png,1,VALID,-2.5097656,2.3828125,0.7583008,-5.072403,LCC-FASD external-dev / cross-domain stress set,False
YOUTUBE_VSVA2231WA_MEIZUM3S_id48_s0_45.png,1,VALID,-2.4472656,2.5332031,0.61816406,-5.1179113,LCC-FASD external-dev / cross-domain stress set,False
YOUTUBE_VSVA2231WA_MEIZUM3S_id48_s0_60.png,1,VALID,-2.6875,2.9492188,0.5751953,-5.7257414,LCC-FASD external-dev / cross-domain stress set,False
YOUTUBE_VSVA2231WA_MEIZUM3S_id48_s0_75.png,1,VALID,-3.0585938,2.6484375,1.1230469,-5.9038606,LCC-FASD external-dev / cross-domain stress set,False
YOUTUBE_VSVA2231WA_MEIZUM3S_id48_s0_90.png,1,VALID,-2.8554688,2.8125,0.8071289,-5.794258,LCC-FASD external-dev / cross-domain stress set,False
YOUTUBE_VSVA2231WA_MEIZUM3S_id48_s0_105.png,1,VALID,-3.1425781,3.0976562,0.96728516,-6.3524847,LCC-FASD external-dev / cross-domain stress set,False
YOUTUBE_VSVA2231WA_MEIZUM3S_id48_s0_120.png,1,VALID,-3.15625,3.0898438,0.98339844,-6.3609123,LCC-FASD external-dev / cross-domain stress set,False
YOUTUBE_VSVA2231WA_MEIZUM3S_id48_s0_135.png,1,VALID,-3.0507812,3.2050781,0.7915039,-6.3415737,LCC-FASD external-dev / cross-domain stress set,False
YOUTUBE_VSVA2231WA_MEIZUM3S_id48_s0_150.png,1,VALID,-3.1308594,3.25,0.77783203,-6.461888,LCC-FASD external-dev / cross-domain stress set,False
YOUTUBE_VX2363SMHL_LGL90_id39_s0_16.png,1,VALID,-2.5683594,1.9902344,1.3544922,-4.9835625,LCC-FASD external-dev / cross-domain stress set,False
YOUTUBE_VX2363SMHL_LGL90_id39_s0_35.png,1,VALID,-0.6152344,2.3867188,-1.2412109,-3.0281775,LCC-FASD external-dev / cross-domain stress set,False
YOUTUBE_VX2363SMHL_LGL90_id39_s0_50.png,1,VALID,-2.7460938,2.3574219,0.9814453,-5.3287315,LCC-FASD external-dev / cross-domain stress set,False
YOUTUBE_VX2363SMHL_LGL90_id43_s0_15.png,1,VALID,-1.8886719,1.8789062,0.39819336,-3.9725378,LCC-FASD external-dev / cross-domain stress set,False
YOUTUBE_VX2363SMHL_LGL90_id43_s0_30.png,1,VALID,-1.5078125,0.84228516,0.703125,-2.9760835,LCC-FASD external-dev / cross-domain stress set,False
YOUTUBE_VX2363SMHL_LGL90_id43_s0_47.png,1,VALID,-2.1035156,1.5927734,0.80859375,-4.072321,LCC-FASD external-dev / cross-domain stress set,False
YOUTUBE_VX2363SMHL_LGL90_id43_s0_62.png,1,VALID,-1.1972656,0.9892578,0.56347656,-2.6892722,LCC-FASD external-dev / cross-domain stress set,False
YOUTUBE_VX2363SMHL_LGL90_id43_s0_77.png,1,VALID,-0.68066406,0.46289062,0.45361328,-1.8320739,LCC-FASD external-dev / cross-domain stress set,False
YOUTUBE_VX2363SMHL_LGL90_id43_s0_92.png,1,VALID,-0.6645508,0.15808105,0.56689453,-1.740933,LCC-FASD external-dev / cross-domain stress set,False
YOUTUBE_VX2363SMHL_LGL90_id43_s0_110.png,1,VALID,-0.86279297,1.8574219,-0.57421875,-2.8044572,LCC-FASD external-dev / cross-domain stress set,False
YOUTUBE_VX2363SMHL_LGL90_id43_s0_125.png,1,VALID,-1.2773438,0.6616211,0.61083984,-2.6070437,LCC-FASD external-dev / cross-domain stress set,False
YOUTUBE_VX2363SMHL_LGL90_id43_s0_140.png,1,VALID,0.68652344,-1.2695312,0.17883301,0.29665643,LCC-FASD external-dev / cross-domain stress set,True
YOUTUBE_VX2363SMHL_LGL90_id43_s0_155.png,1,VALID,-0.90625,0.5522461,0.32910156,-2.0462823,LCC-FASD external-dev / cross-domain stress set,False
YOUTUBE_VX2363SMHL_LGL90_id43_s1_15.png,1,VALID,1.3662109,-0.029769897,-1.6171875,1.2099555,LCC-FASD external-dev / cross-domain stress set,True
YOUTUBE_VX2363SMHL_LGL90_id43_s1_30.png,1,VALID,0.7792969,0.12731934,-1.0527344,0.38404253,LCC-FASD external-dev / cross-domain stress set,True
YOUTUBE_VX2363SMHL_LGL90_id43_s1_45.png,1,VALID,1.0683594,-0.089538574,-1.3378906,0.9056017,LCC-FASD external-dev / cross-domain stress set,True
YOUTUBE_VX2363SMHL_LGL90_id43_s1_60.png,1,VALID,0.7416992,0.3942871,-1.3154297,0.18112081,LCC-FASD external-dev / cross-domain stress set,True
YOUTUBE_VX2363SMHL_LGL90_id43_s1_75.png,1,VALID,-0.5708008,0.9692383,-0.36499023,-1.7738149,LCC-FASD external-dev / cross-domain stress set,False
YOUTUBE_VX2363SMHL_LGL90_id43_s1_90.png,1,VALID,-0.70458984,1.1455078,-0.29223633,-2.063161,LCC-FASD external-dev / cross-domain stress set,False
YOUTUBE_VX2363SMHL_LGL90_id43_s1_105.png,1,VALID,-1.1162109,1.2880859,0.22290039,-2.700441,LCC-FASD external-dev / cross-domain stress set,False
YOUTUBE_VX2363SMHL_LGL90_id43_s1_120.png,1,VALID,0.5595703,0.55078125,-1.1962891,-0.1518693,LCC-FASD external-dev / cross-domain stress set,True
YOUTUBE_VX2363SMHL_LGL90_id43_s1_135.png,1,VALID,-1.4345703,2.0527344,-0.17932129,-3.5892363,LCC-FASD external-dev / cross-domain stress set,False
YOUTUBE_VX2363SMHL_LGL90_id43_s1_150.png,1,VALID,-1.3994141,2.1523438,-0.13415527,-3.6485412,LCC-FASD external-dev / cross-domain stress set,False
YOUTUBE_VX2363SMHL_LGL90_id48_s1_15.png,1,VALID,0.21899414,-0.87402344,0.11627197,-0.2131587,LCC-FASD external-dev / cross-domain stress set,True
YOUTUBE_VX2363SMHL_LGL90_id48_s1_30.png,1,VALID,-0.4296875,-0.84228516,0.6791992,-1.306415,LCC-FASD external-dev / cross-domain stress set,False
YOUTUBE_VX2363SMHL_LGL90_id48_s1_45.png,1,VALID,-0.2064209,-0.30541992,0.04522705,-0.78476274,LCC-FASD external-dev / cross-domain stress set,False
YOUTUBE_VX2363SMHL_LGL90_id48_s1_105.png,1,VALID,0.7480469,-1.1132812,-0.35473633,0.71864563,LCC-FASD external-dev / cross-domain stress set,True
YOUTUBE_VX2363SMHL_LGL90_id48_s1_120.png,1,VALID,-0.69677734,-0.63134766,0.9111328,-1.8017073,LCC-FASD external-dev / cross-domain stress set,False
YOUTUBE_VX2363SMHL_LGL90_id48_s1_135.png,1,VALID,0.6333008,-0.91796875,-0.3166504,0.51293015,LCC-FASD external-dev / cross-domain stress set,True
YOUTUBE_VX2363SMHL_LGL90_id48_s1_150.png,1,VALID,-0.42114258,-1.0517578,0.93603516,-1.4855688,LCC-FASD external-dev / cross-domain stress set,False
YOUTUBE_TFT22W90PS_SA5100_id43_s0_15.png,1,VALID,-3.8691406,3.1074219,1.7900391,-7.213874,LCC-FASD external-dev / cross-domain stress set,False
YOUTUBE_TFT22W90PS_SA5100_id43_s0_30.png,1,VALID,-4.25,3.6699219,1.7646484,-8.058624,LCC-FASD external-dev / cross-domain stress set,False
YOUTUBE_TFT22W90PS_SA5100_id43_s0_45.png,1,VALID,-4.3242188,3.5585938,1.8798828,-8.053917,LCC-FASD external-dev / cross-domain stress set,False
YOUTUBE_TFT22W90PS_SA5100_id43_s0_60.png,1,VALID,-3.6914062,2.9511719,1.6884766,-6.891694,LCC-FASD external-dev / cross-domain stress set,False
YOUTUBE_TFT22W90PS_SA5100_id43_s0_75.png,1,VALID,-3.65625,2.8066406,1.7978516,-6.773796,LCC-FASD external-dev / cross-domain stress set,False
YOUTUBE_TFT22W90PS_SA5100_id43_s0_90.png,1,VALID,-3.3632812,2.5039062,1.7138672,-6.241387,LCC-FASD external-dev / cross-domain stress set,False
YOUTUBE_TFT22W90PS_SA5100_id43_s0_135.png,1,VALID,-4.0546875,3.1757812,1.8486328,-7.465725,LCC-FASD external-dev / cross-domain stress set,False
YOUTUBE_TFT22W90PS_SA5100_id43_s0_150.png,1,VALID,-3.7539062,2.9082031,1.7470703,-6.934524,LCC-FASD external-dev / cross-domain stress set,False
YOUTUBE_TFT22W90PS_SA5100_id43_s1_15.png,1,VALID,-3.2773438,3.4785156,0.8828125,-6.8278017,LCC-FASD external-dev / cross-domain stress set,False
YOUTUBE_TFT22W90PS_SA5100_id43_s1_30.png,1,VALID,-3.1875,3.3105469,0.7973633,-6.5759425,LCC-FASD external-dev / cross-domain stress set,False
YOUTUBE_TFT22W90PS_SA5100_id43_s1_45.png,1,VALID,-4.1992188,3.8125,1.6875,-8.124541,LCC-FASD external-dev / cross-domain stress set,False
YOUTUBE_TFT22W90PS_SA5100_id43_s1_60.png,1,VALID,-3.2480469,2.5214844,1.4121094,-6.0545335,LCC-FASD external-dev / cross-domain stress set,False
YOUTUBE_TFT22W90PS_SA5100_id43_s1_75.png,1,VALID,-3.6660156,3.40625,1.3554688,-7.193274,LCC-FASD external-dev / cross-domain stress set,False
YOUTUBE_TFT22W90PS_SA5100_id43_s1_90.png,1,VALID,-3.5253906,2.9785156,1.3886719,-6.6895204,LCC-FASD external-dev / cross-domain stress set,False
YOUTUBE_TFT22W90PS_SA5100_id43_s1_105.png,1,VALID,-3.1992188,4.1210938,0.30444336,-7.3420753,LCC-FASD external-dev / cross-domain stress set,False
YOUTUBE_TFT22W90PS_SA5100_id43_s1_120.png,1,VALID,-4.4960938,3.9941406,1.8242188,-8.598359,LCC-FASD external-dev / cross-domain stress set,False
YOUTUBE_TFT22W90PS_SA5100_id43_s1_135.png,1,VALID,-5.21875,4.0390625,2.609375,-9.472427,LCC-FASD external-dev / cross-domain stress set,False
YOUTUBE_TFT22W90PS_SA5100_id43_s1_150.png,1,VALID,-5.1640625,4.0625,2.640625,-9.44269,LCC-FASD external-dev / cross-domain stress set,False
YOUTUBE_TFT22W90PS_SA5100_id48_s1_15.png,1,VALID,-2.2363281,2.3535156,0.19311523,-4.6989484,LCC-FASD external-dev / cross-domain stress set,False
YOUTUBE_TFT22W90PS_SA5100_id48_s1_30.png,1,VALID,-2.6484375,2.59375,0.69873047,-5.3822236,LCC-FASD external-dev / cross-domain stress set,False
YOUTUBE_TFT22W90PS_SA5100_id48_s1_45.png,1,VALID,-1.8378906,1.7773438,0.38623047,-3.837416,LCC-FASD external-dev / cross-domain stress set,False
YOUTUBE_TFT22W90PS_SA5100_id48_s1_60.png,1,VALID,-0.9946289,1.6445312,-0.29638672,-2.7733169,LCC-FASD external-dev / cross-domain stress set,False
YOUTUBE_TFT22W90PS_SA5100_id48_s1_75.png,1,VALID,-2.8378906,2.71875,0.77490234,-5.69043,LCC-FASD external-dev / cross-domain stress set,False
YOUTUBE_TFT22W90PS_SA5100_id48_s1_90.png,1,VALID,-2.0019531,1.7871094,0.83251953,-4.114741,LCC-FASD external-dev / cross-domain stress set,False
YOUTUBE_TFT22W90PS_SA5100_id48_s1_105.png,1,VALID,-2.6054688,2.5917969,0.60302734,-5.3255386,LCC-FASD external-dev / cross-domain stress set,False
YOUTUBE_TFT22W90PS_SA5100_id48_s1_120.png,1,VALID,-0.41015625,1.3544922,-0.8730469,-1.8670185,LCC-FASD external-dev / cross-domain stress set,False
YOUTUBE_TFT22W90PS_SA5100_id48_s1_135.png,1,VALID,-2.875,2.5917969,0.94628906,-5.643196,LCC-FASD external-dev / cross-domain stress set,False
YOUTUBE_TFT22W90PS_SA5100_id48_s1_150.png,1,VALID,-3.0234375,3.0742188,0.703125,-6.1869287,LCC-FASD external-dev / cross-domain stress set,False
YOUTUBE_TP300LA_SGS7E_id43_s0_15.png,1,VALID,-0.33862305,1.0869141,-0.45507812,-1.6194203,LCC-FASD external-dev / cross-domain stress set,False
YOUTUBE_TP300LA_SGS7E_id43_s0_30.png,1,VALID,-1.15625,1.4306641,0.2265625,-2.8492486,LCC-FASD external-dev / cross-domain stress set,False
YOUTUBE_TP300LA_SGS7E_id43_s0_49.png,1,VALID,-0.33984375,1.1240234,-0.58447266,-1.6303456,LCC-FASD external-dev / cross-domain stress set,False
YOUTUBE_TP300LA_SGS7E_id43_s0_65.png,1,VALID,-0.026763916,1.1367188,-0.8383789,-1.293412,LCC-FASD external-dev / cross-domain stress set,False
YOUTUBE_TP300LA_SGS7E_id43_s0_80.png,1,VALID,0.21569824,1.0224609,-0.9604492,-0.9357432,LCC-FASD external-dev / cross-domain stress set,False
YOUTUBE_TP300LA_SGS7E_id43_s0_95.png,1,VALID,0.4814453,0.7734375,-1.0761719,-0.43808067,LCC-FASD external-dev / cross-domain stress set,False
YOUTUBE_TP300LA_SGS7E_id43_s0_112.png,1,VALID,-0.0073509216,1.1669922,-1.0322266,-1.2795044,LCC-FASD external-dev / cross-domain stress set,False
YOUTUBE_TP300LA_SGS7E_id43_s0_127.png,1,VALID,-0.48046875,1.0224609,-0.37768555,-1.7233181,LCC-FASD external-dev / cross-domain stress set,False
YOUTUBE_TP300LA_SGS7E_id43_s0_142.png,1,VALID,-0.08135986,0.89941406,-0.6274414,-1.1773416,LCC-FASD external-dev / cross-domain stress set,False
YOUTUBE_TP300LA_SGS7E_id43_s0_165.png,1,VALID,-1.0820312,1.5791016,0.042053223,-2.855889,LCC-FASD external-dev / cross-domain stress set,False
YOUTUBE_TP300LA_SGS7E_id43_s1_15.png,1,VALID,-1.5234375,2.0175781,-0.03262329,-3.66209,LCC-FASD external-dev / cross-domain stress set,False
YOUTUBE_TP300LA_SGS7E_id43_s1_36.png,1,VALID,-0.7661133,1.7988281,-0.625,-2.6498172,LCC-FASD external-dev / cross-domain stress set,False
YOUTUBE_TP300LA_SGS7E_id43_s1_51.png,1,VALID,-1.2158203,1.5742188,0.06402588,-2.9896007,LCC-FASD external-dev / cross-domain stress set,False
YOUTUBE_TP300LA_SGS7E_id43_s1_66.png,1,VALID,-1.0927734,1.8320312,-0.23339844,-3.0441542,LCC-FASD external-dev / cross-domain stress set,False
YOUTUBE_TP300LA_SGS7E_id43_s1_81.png,1,VALID,-1.4140625,1.4931641,0.20178223,-3.1500869,LCC-FASD external-dev / cross-domain stress set,False
YOUTUBE_TP300LA_SGS7E_id43_s1_96.png,1,VALID,-1.4414062,2.3300781,-0.37524414,-3.8361936,LCC-FASD external-dev / cross-domain stress set,False
YOUTUBE_TP300LA_SGS7E_id43_s1_118.png,1,VALID,-1.6611328,1.8779297,0.30126953,-3.7269223,LCC-FASD external-dev / cross-domain stress set,False
YOUTUBE_TP300LA_SGS7E_id43_s1_133.png,1,VALID,-2.2207031,2.2246094,0.63720703,-4.6313405,LCC-FASD external-dev / cross-domain stress set,False
YOUTUBE_TP300LA_SGS7E_id43_s1_148.png,1,VALID,-1.3076172,2.1152344,-0.20263672,-3.5167818,LCC-FASD external-dev / cross-domain stress set,False
YOUTUBE_TP300LA_SGS7E_id43_s1_163.png,1,VALID,-2.1523438,1.9794922,0.5917969,-4.354699,LCC-FASD external-dev / cross-domain stress set,False
YOUTUBE_TP300LA_SGS7E_id48_s1_15.png,1,VALID,1.3398438,-1.3837891,-0.5566406,1.5337219,LCC-FASD external-dev / cross-domain stress set,True
YOUTUBE_TP300LA_SGS7E_id48_s1_105.png,1,VALID,-0.62158203,0.75878906,-0.234375,-1.6954758,LCC-FASD external-dev / cross-domain stress set,False
YOUTUBE_TP300LA_SGS7E_id48_s1_126.png,1,VALID,0.59716797,0.30639648,-0.9321289,0.036275625,LCC-FASD external-dev / cross-domain stress set,True
YOUTUBE_TP300LA_SGS7E_id48_s1_141.png,1,VALID,-1.3134766,1.0673828,0.36621094,-2.7836566,LCC-FASD external-dev / cross-domain stress set,False
YOUTUBE_TP300LA_SGS7E_id48_s1_156.png,1,VALID,-2.1660156,1.4912109,1.046875,-4.1526847,LCC-FASD external-dev / cross-domain stress set,False
YOUTUBE_SSM763MB_LA546_id39_s1_49.png,1,VALID,-1.9316406,1.828125,0.46801758,-3.9882019,LCC-FASD external-dev / cross-domain stress set,False
YOUTUBE_SSM763MB_LA546_id39_s1_64.png,1,VALID,-1.9003906,2.09375,0.1472168,-4.127594,LCC-FASD external-dev / cross-domain stress set,False
YOUTUBE_SSM763MB_LA546_id42_s1_31.png,1,VALID,0.5126953,0.66796875,-1.2138672,-0.29704225,LCC-FASD external-dev / cross-domain stress set,True
YOUTUBE_SSM940N_AZ3MZC520TL_id48_s0_15.png,1,VALID,-3.1953125,3.2832031,0.86035156,-6.563471,LCC-FASD external-dev / cross-domain stress set,False
YOUTUBE_SSM940N_AZ3MZC520TL_id48_s0_30.png,1,VALID,-2.6328125,2.9589844,0.5019531,-5.6740117,LCC-FASD external-dev / cross-domain stress set,False
YOUTUBE_SSM940N_AZ3MZC520TL_id48_s0_45.png,1,VALID,-2.0097656,2.7207031,0.057403564,-4.7978635,LCC-FASD external-dev / cross-domain stress set,False
YOUTUBE_SSM940N_AZ3MZC520TL_id48_s0_60.png,1,VALID,-2.6035156,3.0859375,0.40039062,-5.755413,LCC-FASD external-dev / cross-domain stress set,False
YOUTUBE_SSM940N_AZ3MZC520TL_id48_s0_75.png,1,VALID,-3.4726562,3.203125,1.3740234,-6.824682,LCC-FASD external-dev / cross-domain stress set,False
YOUTUBE_SSM940N_AZ3MZC520TL_id48_s0_90.png,1,VALID,-3.1191406,3.2226562,0.8574219,-6.431571,LCC-FASD external-dev / cross-domain stress set,False
YOUTUBE_SSM940N_AZ3MZC520TL_id48_s0_105.png,1,VALID,-2.9902344,3.296875,0.7011719,-6.3590517,LCC-FASD external-dev / cross-domain stress set,False
YOUTUBE_SSM940N_AZ3MZC520TL_id48_s0_120.png,1,VALID,-3.546875,3.5253906,1.1025391,-7.157221,LCC-FASD external-dev / cross-domain stress set,False
YOUTUBE_SSM940N_AZ3MZC520TL_id48_s0_135.png,1,VALID,-3.4160156,3.4746094,1.109375,-6.980399,LCC-FASD external-dev / cross-domain stress set,False
YOUTUBE_SSM940N_AZ3MZC520TL_id48_s0_150.png,1,VALID,-3.34375,3.4414062,0.9785156,-6.86691,LCC-FASD external-dev / cross-domain stress set,False
YOUTUBE_SSMB2430_SM4AD_id48_s0_15.png,1,VALID,-1.6552734,1.8828125,0.26367188,-3.718797,LCC-FASD external-dev / cross-domain stress set,False
YOUTUBE_SSMB2430_SM4AD_id48_s0_30.png,1,VALID,-1.8681641,1.8710938,0.51708984,-3.9689434,LCC-FASD external-dev / cross-domain stress set,False
YOUTUBE_SSMB2430_SM4AD_id48_s0_45.png,1,VALID,-1.6894531,1.9951172,0.15270996,-3.8316407,LCC-FASD external-dev / cross-domain stress set,False
YOUTUBE_SSMB2430_SM4AD_id48_s0_60.png,1,VALID,-1.1074219,1.8310547,-0.25952148,-3.0550284,LCC-FASD external-dev / cross-domain stress set,False
YOUTUBE_SSMB2430_SM4AD_id48_s0_75.png,1,VALID,-2.0058594,2.3222656,0.30859375,-4.453433,LCC-FASD external-dev / cross-domain stress set,False
YOUTUBE_SSMB2430_SM4AD_id48_s0_90.png,1,VALID,-2.0917969,2.171875,0.5390625,-4.4421353,LCC-FASD external-dev / cross-domain stress set,False
YOUTUBE_SSMB2430_SM4AD_id48_s0_105.png,1,VALID,-1.9882812,2.703125,-0.10913086,-4.7497406,LCC-FASD external-dev / cross-domain stress set,False
YOUTUBE_SSMB2430_SM4AD_id48_s0_120.png,1,VALID,-2.3789062,2.7128906,0.18066406,-5.1682777,LCC-FASD external-dev / cross-domain stress set,False
YOUTUBE_SSMB2430_SM4AD_id48_s0_135.png,1,VALID,-2.4609375,2.9511719,0.234375,-5.4761033,LCC-FASD external-dev / cross-domain stress set,False
YOUTUBE_SSMB2430_SM4AD_id48_s0_150.png,1,VALID,-2.2363281,2.2832031,0.49682617,-4.674453,LCC-FASD external-dev / cross-domain stress set,False
YOUTUBE_SSMP2250_LVP1M_id39_s1_15.png,1,VALID,-0.87109375,0.75927734,0.13562012,-2.0595403,LCC-FASD external-dev / cross-domain stress set,False
YOUTUBE_SSMP2250_LVP1M_id39_s1_30.png,1,VALID,-1.7236328,1.0380859,0.92285156,-3.3989077,LCC-FASD external-dev / cross-domain stress set,False
YOUTUBE_SSMP2250_LVP1M_id39_s1_52.png,1,VALID,-1.0771484,1.0380859,0.33911133,-2.5187607,LCC-FASD external-dev / cross-domain stress set,False
YOUTUBE_SSMP2250_LVP1M_id39_s1_67.png,1,VALID,-0.64501953,0.6845703,0.023345947,-1.7458096,LCC-FASD external-dev / cross-domain stress set,False
YOUTUBE_SSMP2250_LVP1M_id39_s1_85.png,1,VALID,-1.4306641,1.2353516,0.48388672,-3.0524168,LCC-FASD external-dev / cross-domain stress set,False
YOUTUBE_SSMP2250_LVP1M_id39_s1_100.png,1,VALID,-1.5449219,1.3203125,0.5932617,-3.2595255,LCC-FASD external-dev / cross-domain stress set,False
YOUTUBE_SSMP2250_LVP1M_id39_s1_115.png,1,VALID,-0.5991211,0.52734375,0.022155762,-1.5985863,LCC-FASD external-dev / cross-domain stress set,False
YOUTUBE_SSMP2250_LVP1M_id39_s1_130.png,1,VALID,-1.4638672,0.7817383,0.7392578,-2.917738,LCC-FASD external-dev / cross-domain stress set,False
YOUTUBE_SSMP2250_LVP1M_id42_s0_17.png,1,VALID,0.9741211,0.3544922,-1.4482422,0.46703875,LCC-FASD external-dev / cross-domain stress set,True
YOUTUBE_SSMP2250_LVP1M_id42_s0_32.png,1,VALID,0.5263672,0.3371582,-1.0136719,-0.041128695,LCC-FASD external-dev / cross-domain stress set,True
YOUTUBE_SSMP2250_LVP1M_id42_s0_47.png,1,VALID,0.80126953,0.15124512,-1.0791016,0.39368498,LCC-FASD external-dev / cross-domain stress set,True
YOUTUBE_SSMP2250_LVP1M_id42_s0_62.png,1,VALID,2.1210938,-0.6484375,-1.9794922,2.5350928,LCC-FASD external-dev / cross-domain stress set,True
YOUTUBE_SSMP2250_LVP1M_id42_s0_77.png,1,VALID,2.4589844,-0.83984375,-2.2050781,3.071437,LCC-FASD external-dev / cross-domain stress set,True
YOUTUBE_SSMP2250_LVP1M_id42_s0_92.png,1,VALID,1.6503906,-0.38208008,-1.5605469,1.7641624,LCC-FASD external-dev / cross-domain stress set,True
YOUTUBE_SSMP2250_LVP1M_id42_s0_107.png,1,VALID,1.5,-0.3293457,-1.5068359,1.5608076,LCC-FASD external-dev / cross-domain stress set,True
YOUTUBE_SSMP2250_LVP1M_id42_s0_122.png,1,VALID,1.2089844,-0.2680664,-1.2314453,1.1538076,LCC-FASD external-dev / cross-domain stress set,True
YOUTUBE_SSMP2250_LVP1M_id42_s0_137.png,1,VALID,1.0244141,-0.061706543,-1.2392578,0.81759685,LCC-FASD external-dev / cross-domain stress set,True
YOUTUBE_SSMP2250_LVP1M_id42_s0_152.png,1,VALID,2.2753906,-0.88183594,-2.0214844,2.8796468,LCC-FASD external-dev / cross-domain stress set,True
YOUTUBE_SSMP2250_LVP1M_id42_s1_33.png,1,VALID,0.0015945435,0.74902344,-0.77001953,-0.9453952,LCC-FASD external-dev / cross-domain stress set,False
YOUTUBE_SSMP2250_LVP1M_id42_s1_49.png,1,VALID,-0.0057296753,0.4958496,-0.5571289,-0.8008665,LCC-FASD external-dev / cross-domain stress set,False
YOUTUBE_SSMP2250_LVP1M_id42_s1_64.png,1,VALID,-0.14526367,0.8208008,-0.6557617,-1.1717945,LCC-FASD external-dev / cross-domain stress set,False
YOUTUBE_SSMP2250_LVP1M_id42_s1_79.png,1,VALID,0.060791016,0.31762695,-0.4609375,-0.6346314,LCC-FASD external-dev / cross-domain stress set,False
YOUTUBE_SSMP2250_LVP1M_id42_s1_94.png,1,VALID,-0.32055664,0.31860352,0.08648682,-1.2229687,LCC-FASD external-dev / cross-domain stress set,False
YOUTUBE_SSMP2250_LVP1M_id42_s1_140.png,1,VALID,-0.056640625,0.09655762,0.025772095,-0.8115788,LCC-FASD external-dev / cross-domain stress set,False
YOUTUBE_SSMP2250_LVP1M_id42_s1_160.png,1,VALID,-0.05557251,0.49389648,-0.3930664,-0.8944087,LCC-FASD external-dev / cross-domain stress set,False
YOUTUBE_SSMP2250_LVP1M_id42_s1_180.png,1,VALID,-0.4255371,0.16833496,0.36572266,-1.3905754,LCC-FASD external-dev / cross-domain stress set,False
YOUTUBE_TFT22W90PS_SA5100_id39_s0_37.png,1,VALID,-3.4707031,3.1816406,1.3779297,-6.8047957,LCC-FASD external-dev / cross-domain stress set,False
YOUTUBE_TFT22W90PS_SA5100_id43_s0_105.png,1,VALID,-3.8515625,3.7089844,1.3896484,-7.6543455,LCC-FASD external-dev / cross-domain stress set,False
YOUTUBE_TFT22W90PS_SA5100_id43_s0_120.png,1,VALID,-3.4296875,2.7011719,1.5673828,-6.4098625,LCC-FASD external-dev / cross-domain stress set,False
YOUTUBE_SM943N_REDMIN5_id42_s1_65.png,1,VALID,1.2373047,-0.30297852,-1.1835938,1.1934874,LCC-FASD external-dev / cross-domain stress set,True
YOUTUBE_SM943N_REDMIN5_id42_s1_87.png,1,VALID,0.73535156,-0.045318604,-0.6542969,0.3463544,LCC-FASD external-dev / cross-domain stress set,True
YOUTUBE_SRV508_IPHONE5SF_id39_s1_15.png,1,VALID,-1.6416016,1.9345703,0.25073242,-3.7464716,LCC-FASD external-dev / cross-domain stress set,False
YOUTUBE_SRV508_IPHONE5SF_id39_s1_31.png,1,VALID,-1.7548828,0.81347656,1.3574219,-3.5700166,LCC-FASD external-dev / cross-domain stress set,False
YOUTUBE_SRV508_IPHONE5SF_id39_s1_49.png,1,VALID,-1.8349609,1.6113281,0.80371094,-3.8150344,LCC-FASD external-dev / cross-domain stress set,False
YOUTUBE_SRV508_IPHONE5SF_id39_s1_64.png,1,VALID,-1.4482422,1.4941406,0.42797852,-3.2382767,LCC-FASD external-dev / cross-domain stress set,False
YOUTUBE_SRV508_IPHONE5SF_id39_s1_84.png,1,VALID,-1.5488281,1.2773438,0.7626953,-3.2947435,LCC-FASD external-dev / cross-domain stress set,False
YOUTUBE_SRV508_IPHONE5SF_id39_s1_99.png,1,VALID,-0.99853516,1.5039062,-0.07489014,-2.6899354,LCC-FASD external-dev / cross-domain stress set,False
YOUTUBE_SRV508_IPHONE5SF_id39_s1_114.png,1,VALID,-2.609375,2.28125,0.8847656,-5.1117387,LCC-FASD external-dev / cross-domain stress set,False
YOUTUBE_SRV508_IPHONE5SF_id39_s1_129.png,1,VALID,-2.5585938,2.4511719,0.6933594,-5.168837,LCC-FASD external-dev / cross-domain stress set,False
YOUTUBE_SRV508_IPHONE5SF_id42_s0_51.png,1,VALID,1.0419922,0.45239258,-1.7294922,0.48269445,LCC-FASD external-dev / cross-domain stress set,True
YOUTUBE_SRV508_IPHONE5SF_id42_s0_67.png,1,VALID,1.2763672,-0.049865723,-1.5322266,1.1215786,LCC-FASD external-dev / cross-domain stress set,True
YOUTUBE_SRV508_IPHONE5SF_id42_s0_84.png,1,VALID,0.77441406,0.6386719,-1.4765625,0.021873474,LCC-FASD external-dev / cross-domain stress set,True
YOUTUBE_SRV508_IPHONE5SF_id42_s0_126.png,1,VALID,2.1269531,0.12658691,-2.5078125,1.9310621,LCC-FASD external-dev / cross-domain stress set,True
YOUTUBE_SRV508_IPHONE5SF_id42_s0_141.png,1,VALID,1.7265625,-0.44189453,-1.7099609,1.9205232,LCC-FASD external-dev / cross-domain stress set,True
YOUTUBE_SRV508_IPHONE5SF_id42_s0_156.png,1,VALID,1.4677734,-0.23828125,-1.5761719,1.4730412,LCC-FASD external-dev / cross-domain stress set,True
YOUTUBE_SRV508_IPHONE5SF_id42_s0_171.png,1,VALID,1.4833984,-0.16870117,-1.5634766,1.4306465,LCC-FASD external-dev / cross-domain stress set,True
YOUTUBE_SRV508_IPHONE5SF_id42_s0_186.png,1,VALID,1.9052734,-0.15258789,-2.1621094,1.9320636,LCC-FASD external-dev / cross-domain stress set,True
YOUTUBE_SRV508_IPHONE5SF_id42_s0_201.png,1,VALID,0.99072266,0.47387695,-1.5849609,0.39675224,LCC-FASD external-dev / cross-domain stress set,True
YOUTUBE_SRV508_IPHONE5SF_id42_s0_216.png,1,VALID,0.6879883,0.57373047,-1.3730469,-0.019165277,LCC-FASD external-dev / cross-domain stress set,True
YOUTUBE_SRV508_IPHONE5SF_id42_s1_46.png,1,VALID,-0.8310547,1.3349609,-0.15490723,-2.3692849,LCC-FASD external-dev / cross-domain stress set,False
YOUTUBE_SRV508_IPHONE5SF_id42_s1_61.png,1,VALID,-0.9707031,1.2324219,0.13720703,-2.4916575,LCC-FASD external-dev / cross-domain stress set,False
YOUTUBE_SS22C200_REDMIN4X_id48_s0_15.png,1,VALID,-1.5986328,2.3027344,-0.10992432,-3.9871566,LCC-FASD external-dev / cross-domain stress set,False
YOUTUBE_SS22C200_REDMIN4X_id48_s0_30.png,1,VALID,-0.70166016,1.1611328,-0.32250977,-2.0672102,LCC-FASD external-dev / cross-domain stress set,False
YOUTUBE_SS22C200_REDMIN4X_id48_s0_48.png,1,VALID,-2.265625,2.5625,0.3371582,-4.930709,LCC-FASD external-dev / cross-domain stress set,False
YOUTUBE_SS22C200_REDMIN4X_id48_s0_63.png,1,VALID,-0.7006836,1.1748047,-0.13122559,-2.1152084,LCC-FASD external-dev / cross-domain stress set,False
YOUTUBE_SS22C200_REDMIN4X_id48_s0_78.png,1,VALID,-3.1015625,3.2070312,0.6347656,-6.382181,LCC-FASD external-dev / cross-domain stress set,False
YOUTUBE_SS22C200_REDMIN4X_id48_s0_93.png,1,VALID,-2.9765625,3.0332031,0.7060547,-6.1028676,LCC-FASD external-dev / cross-domain stress set,False
YOUTUBE_SS22C200_REDMIN4X_id48_s0_108.png,1,VALID,-2.7382812,2.8925781,0.6074219,-5.7277665,LCC-FASD external-dev / cross-domain stress set,False
YOUTUBE_SS22C200_REDMIN4X_id48_s0_123.png,1,VALID,-1.6074219,1.9804688,0.15258789,-3.7369604,LCC-FASD external-dev / cross-domain stress set,False
YOUTUBE_SS22C200_REDMIN4X_id48_s0_138.png,1,VALID,-2.0703125,2.5488281,0.16638184,-4.707449,LCC-FASD external-dev / cross-domain stress set,False
YOUTUBE_SS22C200_REDMIN4X_id48_s0_153.png,1,VALID,-2.5917969,2.5820312,0.7392578,-5.3208485,LCC-FASD external-dev / cross-domain stress set,False
YOUTUBE_SSM757MB_FS407S6_id39_s0_16.png,1,VALID,-1.7011719,1.2871094,1.0703125,-3.5788937,LCC-FASD external-dev / cross-domain stress set,False
YOUTUBE_SSM757MB_FS407S6_id39_s0_45.png,1,VALID,-3.0527344,1.6357422,2.0664062,-5.6199627,LCC-FASD external-dev / cross-domain stress set,False
YOUTUBE_SSM757MB_FS407S6_id43_s0_15.png,1,VALID,-1.0898438,-0.13293457,1.2060547,-2.5286837,LCC-FASD external-dev / cross-domain stress set,False
YOUTUBE_SSM757MB_FS407S6_id43_s0_30.png,1,VALID,-0.6176758,0.26000977,0.29785156,-1.5899327,LCC-FASD external-dev / cross-domain stress set,False
YOUTUBE_SSM757MB_FS407S6_id43_s0_45.png,1,VALID,1.1640625,-0.48828125,-0.89990234,1.143976,LCC-FASD external-dev / cross-domain stress set,True
YOUTUBE_SSM757MB_FS407S6_id43_s0_60.png,1,VALID,0.3701172,0.10723877,-0.7602539,-0.08778077,LCC-FASD external-dev / cross-domain stress set,True
YOUTUBE_SSM757MB_FS407S6_id43_s0_75.png,1,VALID,-0.7338867,-0.032440186,0.8041992,-1.8979703,LCC-FASD external-dev / cross-domain stress set,False
YOUTUBE_SSM757MB_FS407S6_id43_s0_90.png,1,VALID,-2.6152344,1.4619141,1.6503906,-4.868968,LCC-FASD external-dev / cross-domain stress set,False
YOUTUBE_SSM757MB_FS407S6_id43_s0_105.png,1,VALID,-0.8017578,-0.14611816,0.8208008,-1.9448253,LCC-FASD external-dev / cross-domain stress set,False
YOUTUBE_SSM757MB_FS407S6_id43_s0_122.png,1,VALID,-0.52685547,0.7944336,-0.13195801,-1.6548858,LCC-FASD external-dev / cross-domain stress set,False
YOUTUBE_SSM757MB_FS407S6_id43_s0_137.png,1,VALID,-1.1064453,0.8901367,0.31689453,-2.4436336,LCC-FASD external-dev / cross-domain stress set,False
YOUTUBE_SSM757MB_FS407S6_id43_s0_152.png,1,VALID,-0.17932129,0.003982544,-0.101745605,-0.8249836,LCC-FASD external-dev / cross-domain stress set,False
YOUTUBE_SSM757MB_FS407S6_id43_s1_15.png,1,VALID,-1.0585938,0.7807617,0.25341797,-2.3031967,LCC-FASD external-dev / cross-domain stress set,False
YOUTUBE_SSM757MB_FS407S6_id43_s1_30.png,1,VALID,-2.2324219,2.328125,0.38256836,-4.6941223,LCC-FASD external-dev / cross-domain stress set,False
YOUTUBE_SSM757MB_FS407S6_id43_s1_45.png,1,VALID,-0.61572266,0.9604492,-0.27807617,-1.8306677,LCC-FASD external-dev / cross-domain stress set,False
YOUTUBE_SSM757MB_FS407S6_id43_s1_60.png,1,VALID,-1.5947266,1.7236328,0.03137207,-3.4873447,LCC-FASD external-dev / cross-domain stress set,False
YOUTUBE_SSM757MB_FS407S6_id43_s1_75.png,1,VALID,-2.0292969,1.6015625,0.81396484,-4.0058217,LCC-FASD external-dev / cross-domain stress set,False
YOUTUBE_SSM757MB_FS407S6_id43_s1_90.png,1,VALID,-2.2207031,1.6474609,0.9550781,-4.273884,LCC-FASD external-dev / cross-domain stress set,False
YOUTUBE_SSM757MB_FS407S6_id43_s1_105.png,1,VALID,-1.6357422,1.6191406,0.27856445,-3.4873388,LCC-FASD external-dev / cross-domain stress set,False
YOUTUBE_SSM757MB_FS407S6_id43_s1_120.png,1,VALID,-2.1035156,1.5058594,0.9350586,-4.0573072,LCC-FASD external-dev / cross-domain stress set,False
YOUTUBE_SSM757MB_FS407S6_id43_s1_135.png,1,VALID,-2.2753906,2.0527344,0.72314453,-4.5628695,LCC-FASD external-dev / cross-domain stress set,False
YOUTUBE_SSM757MB_FS407S6_id43_s1_150.png,1,VALID,-0.9272461,1.7636719,-0.7246094,-2.7707014,LCC-FASD external-dev / cross-domain stress set,False
YOUTUBE_SSM763MB_LA546_id39_s1_30.png,1,VALID,-1.6279297,1.5761719,0.28759766,-3.447568,LCC-FASD external-dev / cross-domain stress set,False
YOUTUBE_SSM2232BW_HISCRZERAF_id48_s0_197.png,1,VALID,-0.80566406,1.6015625,-0.41870117,-2.5317605,LCC-FASD external-dev / cross-domain stress set,False
YOUTUBE_SLS24E390HL0_HUAWEIG620SL01_S0_id48_s1_15.png,1,VALID,2.5664062,-3.4082031,-0.51708984,3.029468,LCC-FASD external-dev / cross-domain stress set,True
YOUTUBE_SLS24E390HL0_HUAWEIG620SL01_S0_id48_s1_30.png,1,VALID,-0.3713379,0.05429077,-0.06518555,-1.0608209,LCC-FASD external-dev / cross-domain stress set,False
YOUTUBE_SLS24E390HL0_HUAWEIG620SL01_S0_id48_s1_60.png,1,VALID,3.34375,-3.4785156,-0.98779297,4.2519464,LCC-FASD external-dev / cross-domain stress set,True
YOUTUBE_SLS24E390HL0_HUAWEIG620SL01_S0_id48_s1_75.png,1,VALID,3.953125,-3.8378906,-1.6650391,5.5103393,LCC-FASD external-dev / cross-domain stress set,True
YOUTUBE_SLS24E390HL0_HUAWEIG620SL01_S0_id48_s1_90.png,1,VALID,2.5742188,-3.90625,0.18920898,2.3684988,LCC-FASD external-dev / cross-domain stress set,True
YOUTUBE_SLS24E390HL0_HUAWEIG620SL01_S0_id48_s1_150.png,1,VALID,1.5908203,-2.625,0.13635254,1.3931787,LCC-FASD external-dev / cross-domain stress set,True
YOUTUBE_SLS24E390HL0_HUAWEIG620SL01_S0_id48_s1_165.png,1,VALID,1.3642578,-2.3515625,0.098083496,1.1833746,LCC-FASD external-dev / cross-domain stress set,True
YOUTUBE_SLS24E390HL0_HUAWEIG620SL01_S1_id39_s0_15.png,1,VALID,-3.1894531,2.8652344,1.3769531,-6.258249,LCC-FASD external-dev / cross-domain stress set,False
YOUTUBE_SLS24E390HL0_HUAWEIG620SL01_S1_id39_s0_31.png,1,VALID,-1.921875,2.21875,0.46044922,-4.2996244,LCC-FASD external-dev / cross-domain stress set,False
YOUTUBE_SLS24E390HL0_HUAWEIG620SL01_S1_id39_s0_46.png,1,VALID,-3.3632812,2.8007812,1.5244141,-6.410179,LCC-FASD external-dev / cross-domain stress set,False
YOUTUBE_SLS24E390HL0_HUAWEIG620SL01_S1_id43_s0_15.png,1,VALID,-2.5488281,2.2480469,0.82177734,-5.0121503,LCC-FASD external-dev / cross-domain stress set,False
YOUTUBE_SLS24E390HL0_HUAWEIG620SL01_S1_id43_s0_30.png,1,VALID,-2.7226562,2.0898438,1.171875,-5.148493,LCC-FASD external-dev / cross-domain stress set,False
YOUTUBE_SLS24E390HL0_HUAWEIG620SL01_S1_id43_s0_46.png,1,VALID,-2.5292969,2.0996094,0.85839844,-4.882799,LCC-FASD external-dev / cross-domain stress set,False
YOUTUBE_SLS24E390HL0_HUAWEIG620SL01_S1_id43_s0_61.png,1,VALID,-2.1660156,1.7333984,0.8959961,-4.259068,LCC-FASD external-dev / cross-domain stress set,False
YOUTUBE_SLS24E390HL0_HUAWEIG620SL01_S1_id43_s0_76.png,1,VALID,-2.0117188,1.6367188,0.9355469,-4.051235,LCC-FASD external-dev / cross-domain stress set,False
YOUTUBE_SLS24E390HL0_HUAWEIG620SL01_S1_id43_s0_91.png,1,VALID,-2.4707031,1.9931641,1.0058594,-4.780559,LCC-FASD external-dev / cross-domain stress set,False
YOUTUBE_SLS24E390HL0_HUAWEIG620SL01_S1_id43_s0_116.png,1,VALID,-2.671875,2.5820312,0.6748047,-5.392356,LCC-FASD external-dev / cross-domain stress set,False
YOUTUBE_SLS24E390HL0_HUAWEIG620SL01_S1_id43_s0_131.png,1,VALID,-1.8525391,1.5556641,0.7006836,-3.7625794,LCC-FASD external-dev / cross-domain stress set,False
YOUTUBE_SLS24E390HL0_HUAWEIG620SL01_S1_id43_s0_146.png,1,VALID,-1.7236328,1.3398438,0.70703125,-3.4894605,LCC-FASD external-dev / cross-domain stress set,False
YOUTUBE_SLS24E390HL0_HUAWEIG620SL01_S1_id43_s0_161.png,1,VALID,-1.9501953,1.9482422,0.5258789,-4.1144705,LCC-FASD external-dev / cross-domain stress set,False
YOUTUBE_SLS24E390HL0_HUAWEIG620SL01_S1_id43_s1_15.png,1,VALID,-1.0019531,1.9697266,-0.57373047,-3.0473382,LCC-FASD external-dev / cross-domain stress set,False
YOUTUBE_SLS24E390HL0_HUAWEIG620SL01_S1_id43_s1_30.png,1,VALID,-1.0908203,2.3945312,-0.75341797,-3.5273952,LCC-FASD external-dev / cross-domain stress set,False
YOUTUBE_SLS24E390HL0_HUAWEIG620SL01_S1_id43_s1_45.png,1,VALID,-0.8857422,1.3525391,-0.23962402,-2.423503,LCC-FASD external-dev / cross-domain stress set,False
YOUTUBE_SLS24E390HL0_HUAWEIG620SL01_S1_id43_s1_60.png,1,VALID,-0.39208984,0.8222656,-0.4169922,-1.4686868,LCC-FASD external-dev / cross-domain stress set,False
YOUTUBE_SLS24E390HL0_HUAWEIG620SL01_S1_id43_s1_75.png,1,VALID,-1.2822266,1.59375,-0.018203735,-3.0578792,LCC-FASD external-dev / cross-domain stress set,False
YOUTUBE_SLS24E390HL0_HUAWEIG620SL01_S1_id43_s1_90.png,1,VALID,-1.6933594,2.6171875,-0.18652344,-4.3693676,LCC-FASD external-dev / cross-domain stress set,False
YOUTUBE_SLS24E390HL0_HUAWEIG620SL01_S1_id43_s1_105.png,1,VALID,-0.8383789,2.1289062,-0.76171875,-3.0213392,LCC-FASD external-dev / cross-domain stress set,False
YOUTUBE_SLS24E390HL0_HUAWEIG620SL01_S1_id43_s1_120.png,1,VALID,-1.6533203,2.0742188,0.15490723,-3.8644342,LCC-FASD external-dev / cross-domain stress set,False
YOUTUBE_SLS24E390HL0_HUAWEIG620SL01_S1_id43_s1_135.png,1,VALID,-1.6542969,2.5546875,-0.24951172,-4.267777,LCC-FASD external-dev / cross-domain stress set,False
YOUTUBE_SLS24E390HL0_HUAWEIG620SL01_S1_id43_s1_150.png,1,VALID,-1.9511719,2.90625,-0.091796875,-4.906102,LCC-FASD external-dev / cross-domain stress set,False
YOUTUBE_SLS24E390HL0_HUAWEIG620SL01_S1_id48_s1_15.png,1,VALID,2.6582031,-3.3046875,-0.75146484,3.3347178,LCC-FASD external-dev / cross-domain stress set,True
YOUTUBE_SLS24E390HL0_HUAWEIG620SL01_S1_id48_s1_30.png,1,VALID,1.9902344,-3.3183594,0.24072266,1.7214444,LCC-FASD external-dev / cross-domain stress set,True
YOUTUBE_SLS24E390HL0_HUAWEIG620SL01_S1_id48_s1_45.png,1,VALID,2.9296875,-3.1484375,-1.0205078,3.837685,LCC-FASD external-dev / cross-domain stress set,True
YOUTUBE_SLS24E390HL0_HUAWEIG620SL01_S1_id48_s1_60.png,1,VALID,2.5976562,-3.1386719,-0.57958984,3.1027179,LCC-FASD external-dev / cross-domain stress set,True
YOUTUBE_SLS24E390HL0_HUAWEIG620SL01_S1_id48_s1_75.png,1,VALID,2.0527344,-2.5839844,-0.60302734,2.5265446,LCC-FASD external-dev / cross-domain stress set,True
YOUTUBE_SLS24E390HL0_HUAWEIG620SL01_S1_id48_s1_90.png,1,VALID,1.6376953,-2.6425781,0.1973877,1.3835231,LCC-FASD external-dev / cross-domain stress set,True
YOUTUBE_SLS24E390HL0_HUAWEIG620SL01_S1_id48_s1_105.png,1,VALID,1.953125,-2.4082031,-0.5961914,2.398034,LCC-FASD external-dev / cross-domain stress set,True
YOUTUBE_SLS24E390HL0_HUAWEIG620SL01_S1_id48_s1_120.png,1,VALID,2.6113281,-2.4570312,-1.2841797,3.6258752,LCC-FASD external-dev / cross-domain stress set,True
YOUTUBE_SLS24E390HL0_HUAWEIG620SL01_S1_id48_s1_135.png,1,VALID,1.6787109,-1.6689453,-0.97998047,2.2518303,LCC-FASD external-dev / cross-domain stress set,True
YOUTUBE_SLS24E390HL0_HUAWEIG620SL01_S1_id48_s1_150.png,1,VALID,1.1210938,-2.2089844,-0.0012083054,1.0179917,LCC-FASD external-dev / cross-domain stress set,True
YOUTUBE_SM943N_REDMIN5_id39_s1_15.png,1,VALID,-0.89746094,1.2890625,-0.058258057,-2.4175844,LCC-FASD external-dev / cross-domain stress set,False
YOUTUBE_SM943N_REDMIN5_id39_s1_32.png,1,VALID,-1.8808594,1.6347656,0.64941406,-3.8328474,LCC-FASD external-dev / cross-domain stress set,False
YOUTUBE_SM943N_REDMIN5_id39_s1_47.png,1,VALID,-2.1855469,2.1035156,0.73046875,-4.5148697,LCC-FASD external-dev / cross-domain stress set,False
YOUTUBE_SM943N_REDMIN5_id39_s1_64.png,1,VALID,-2.0898438,1.8222656,0.85498047,-4.234275,LCC-FASD external-dev / cross-domain stress set,False
YOUTUBE_SM943N_REDMIN5_id39_s1_80.png,1,VALID,-2.03125,2.2285156,0.41552734,-4.410911,LCC-FASD external-dev / cross-domain stress set,False
YOUTUBE_SM943N_REDMIN5_id39_s1_95.png,1,VALID,-2.1464844,1.6914062,1.0439453,-4.2588177,LCC-FASD external-dev / cross-domain stress set,False
YOUTUBE_SM943N_REDMIN5_id39_s1_110.png,1,VALID,-1.9931641,1.5117188,0.94677734,-3.9549346,LCC-FASD external-dev / cross-domain stress set,False
YOUTUBE_SM943N_REDMIN5_id42_s0_15.png,1,VALID,1.0820312,0.5488281,-1.8427734,0.44566584,LCC-FASD external-dev / cross-domain stress set,True
YOUTUBE_SM943N_REDMIN5_id42_s0_30.png,1,VALID,1.2158203,0.28637695,-1.7783203,0.81001127,LCC-FASD external-dev / cross-domain stress set,True
YOUTUBE_SM943N_REDMIN5_id42_s0_45.png,1,VALID,1.0996094,0.70654297,-1.9130859,0.32276654,LCC-FASD external-dev / cross-domain stress set,True
YOUTUBE_SM943N_REDMIN5_id42_s0_60.png,1,VALID,1.1787109,0.43432617,-1.7900391,0.6417054,LCC-FASD external-dev / cross-domain stress set,True
YOUTUBE_SM943N_REDMIN5_id42_s0_75.png,1,VALID,0.85595703,0.46899414,-1.4785156,0.25363135,LCC-FASD external-dev / cross-domain stress set,True
YOUTUBE_SM943N_REDMIN5_id42_s0_90.png,1,VALID,0.7705078,0.8256836,-1.6074219,-0.13929993,LCC-FASD external-dev / cross-domain stress set,True
YOUTUBE_SM943N_REDMIN5_id42_s0_105.png,1,VALID,1.3457031,0.4165039,-2.0078125,0.8443631,LCC-FASD external-dev / cross-domain stress set,True
YOUTUBE_SM943N_REDMIN5_id42_s0_120.png,1,VALID,0.84228516,0.53125,-1.4951172,0.1872139,LCC-FASD external-dev / cross-domain stress set,True
YOUTUBE_SM943N_REDMIN5_id42_s0_135.png,1,VALID,1.1220703,0.4946289,-1.7246094,0.5242605,LCC-FASD external-dev / cross-domain stress set,True
YOUTUBE_SM943N_REDMIN5_id42_s0_150.png,1,VALID,1.3095703,0.6118164,-1.9951172,0.62658703,LCC-FASD external-dev / cross-domain stress set,True
YOUTUBE_S300U1A_HUAWEIY3II_id39_s1_15.png,1,VALID,-1.9169922,1.4443359,0.7944336,-3.781417,LCC-FASD external-dev / cross-domain stress set,False
YOUTUBE_S300U1A_HUAWEIY3II_id39_s1_30.png,1,VALID,-1.4960938,0.34057617,1.3691406,-3.1708937,LCC-FASD external-dev / cross-domain stress set,False
YOUTUBE_S300U1A_HUAWEIY3II_id39_s1_56.png,1,VALID,-0.11987305,0.27075195,-0.22094727,-0.867844,LCC-FASD external-dev / cross-domain stress set,False
YOUTUBE_S300U1A_HUAWEIY3II_id39_s1_75.png,1,VALID,-1.3095703,0.3955078,1.0498047,-2.7779586,LCC-FASD external-dev / cross-domain stress set,False
YOUTUBE_S300U1A_HUAWEIY3II_id39_s1_92.png,1,VALID,-1.6259766,1.4980469,0.40307617,-3.4126172,LCC-FASD external-dev / cross-domain stress set,False
YOUTUBE_S300U1A_HUAWEIY3II_id39_s1_107.png,1,VALID,-2.5195312,1.7207031,1.2373047,-4.7206116,LCC-FASD external-dev / cross-domain stress set,False
YOUTUBE_S300U1A_HUAWEIY3II_id39_s1_122.png,1,VALID,-2.6933594,1.9833984,1.2119141,-5.0567865,LCC-FASD external-dev / cross-domain stress set,False
YOUTUBE_S300U1A_HUAWEIY3II_id39_s1_137.png,1,VALID,-2.3964844,1.7021484,1.1044922,-4.536952,LCC-FASD external-dev / cross-domain stress set,False
YOUTUBE_S300U1A_HUAWEIY3II_id42_s0_15.png,1,VALID,1.7226562,-0.23278809,-1.8369141,1.7722355,LCC-FASD external-dev / cross-domain stress set,True
YOUTUBE_S300U1A_HUAWEIY3II_id42_s0_30.png,1,VALID,1.3681641,0.5004883,-2.1152344,0.79711026,LCC-FASD external-dev / cross-domain stress set,True
YOUTUBE_S300U1A_HUAWEIY3II_id42_s0_45.png,1,VALID,1.6416016,-0.019744873,-1.8144531,1.5076164,LCC-FASD external-dev / cross-domain stress set,True
YOUTUBE_S300U1A_HUAWEIY3II_id42_s0_60.png,1,VALID,1.5224609,0.21606445,-2.0214844,1.2049961,LCC-FASD external-dev / cross-domain stress set,True
YOUTUBE_S300U1A_HUAWEIY3II_id42_s0_75.png,1,VALID,2.2402344,-0.16015625,-2.5,2.308411,LCC-FASD external-dev / cross-domain stress set,True
YOUTUBE_S300U1A_HUAWEIY3II_id42_s0_90.png,1,VALID,2.1542969,-0.25,-2.3574219,2.2895844,LCC-FASD external-dev / cross-domain stress set,True
YOUTUBE_S300U1A_HUAWEIY3II_id42_s0_105.png,1,VALID,1.0859375,0.37890625,-1.6455078,0.5829823,LCC-FASD external-dev / cross-domain stress set,True
YOUTUBE_S300U1A_HUAWEIY3II_id42_s0_120.png,1,VALID,1.03125,0.36376953,-1.5537109,0.5303508,LCC-FASD external-dev / cross-domain stress set,True
YOUTUBE_S300U1A_HUAWEIY3II_id42_s0_135.png,1,VALID,1.4970703,-0.2434082,-1.5527344,1.5014601,LCC-FASD external-dev / cross-domain stress set,True
YOUTUBE_S300U1A_HUAWEIY3II_id42_s0_150.png,1,VALID,1.4150391,0.034484863,-1.7060547,1.2189238,LCC-FASD external-dev / cross-domain stress set,True
YOUTUBE_S300U1A_HUAWEIY3II_id42_s1_65.png,1,VALID,-0.84521484,1.0566406,0.0044555664,-2.201348,LCC-FASD external-dev / cross-domain stress set,False
YOUTUBE_S198150N_GM5_id48_s0_15.png,1,VALID,-1.4345703,1.8398438,0.0039711,-3.4223807,LCC-FASD external-dev / cross-domain stress set,False
YOUTUBE_S198150N_GM5_id48_s0_30.png,1,VALID,-0.4934082,0.30688477,0.09918213,-1.3949717,LCC-FASD external-dev / cross-domain stress set,False
YOUTUBE_S198150N_GM5_id48_s0_45.png,1,VALID,-0.39990234,0.99365234,-0.29052734,-1.6379725,LCC-FASD external-dev / cross-domain stress set,False
YOUTUBE_S198150N_GM5_id48_s0_60.png,1,VALID,-1.4785156,1.3046875,0.7451172,-3.2352047,LCC-FASD external-dev / cross-domain stress set,False
YOUTUBE_S198150N_GM5_id48_s0_75.png,1,VALID,-1.4628906,1.3330078,0.5917969,-3.1855977,LCC-FASD external-dev / cross-domain stress set,False
YOUTUBE_S198150N_GM5_id48_s0_90.png,1,VALID,-2.1328125,1.4902344,1.2001953,-4.181653,LCC-FASD external-dev / cross-domain stress set,False
YOUTUBE_S198150N_GM5_id48_s0_120.png,1,VALID,-2.1679688,1.5439453,1.1240234,-4.216982,LCC-FASD external-dev / cross-domain stress set,False
YOUTUBE_S198150N_GM5_id48_s0_135.png,1,VALID,-2.6660156,2.2148438,1.2275391,-5.1975513,LCC-FASD external-dev / cross-domain stress set,False
YOUTUBE_S198150N_GM5_id48_s0_150.png,1,VALID,-2.421875,2.1660156,0.89501953,-4.835182,LCC-FASD external-dev / cross-domain stress set,False
YOUTUBE_SLS24E390HL0_HUAWEIG620SL01_S0_id39_s0_39.png,1,VALID,-3.6425781,3.3613281,1.4101562,-7.1367817,LCC-FASD external-dev / cross-domain stress set,False
YOUTUBE_SLS24E390HL0_HUAWEIG620SL01_S0_id43_s0_15.png,1,VALID,-2.4648438,2.4648438,0.65966797,-5.0819325,LCC-FASD external-dev / cross-domain stress set,False
YOUTUBE_SLS24E390HL0_HUAWEIG620SL01_S0_id43_s0_30.png,1,VALID,-2.4355469,2.2792969,0.7578125,-4.912372,LCC-FASD external-dev / cross-domain stress set,False
YOUTUBE_SLS24E390HL0_HUAWEIG620SL01_S0_id43_s0_46.png,1,VALID,-2.6972656,2.703125,0.6166992,-5.5174,LCC-FASD external-dev / cross-domain stress set,False
YOUTUBE_SLS24E390HL0_HUAWEIG620SL01_S0_id43_s0_61.png,1,VALID,-2.2207031,2.1582031,0.6694336,-4.5823774,LCC-FASD external-dev / cross-domain stress set,False
YOUTUBE_SLS24E390HL0_HUAWEIG620SL01_S0_id43_s0_76.png,1,VALID,-2.0742188,1.984375,0.6767578,-4.2979755,LCC-FASD external-dev / cross-domain stress set,False
YOUTUBE_SLS24E390HL0_HUAWEIG620SL01_S0_id43_s0_91.png,1,VALID,-2.0683594,1.8320312,0.7290039,-4.1869707,LCC-FASD external-dev / cross-domain stress set,False
YOUTUBE_SLS24E390HL0_HUAWEIG620SL01_S0_id43_s0_117.png,1,VALID,-2.6230469,2.9003906,0.4494629,-5.6061354,LCC-FASD external-dev / cross-domain stress set,False
YOUTUBE_SLS24E390HL0_HUAWEIG620SL01_S0_id43_s0_132.png,1,VALID,-2.4960938,1.9892578,0.98095703,-4.7963877,LCC-FASD external-dev / cross-domain stress set,False
YOUTUBE_SLS24E390HL0_HUAWEIG620SL01_S0_id43_s0_147.png,1,VALID,-1.8154297,1.3652344,0.80810547,-3.6335542,LCC-FASD external-dev / cross-domain stress set,False
YOUTUBE_SLS24E390HL0_HUAWEIG620SL01_S0_id43_s0_162.png,1,VALID,-1.7861328,1.8867188,0.41064453,-3.8786724,LCC-FASD external-dev / cross-domain stress set,False
YOUTUBE_SLS24E390HL0_HUAWEIG620SL01_S0_id43_s1_15.png,1,VALID,-1.4589844,2.2382812,-0.2866211,-3.774288,LCC-FASD external-dev / cross-domain stress set,False
YOUTUBE_SLS24E390HL0_HUAWEIG620SL01_S0_id43_s1_30.png,1,VALID,-1.0976562,2.1035156,-0.55029297,-3.269188,LCC-FASD external-dev / cross-domain stress set,False
YOUTUBE_SLS24E390HL0_HUAWEIG620SL01_S0_id43_s1_45.png,1,VALID,-1.1640625,1.8310547,-0.41455078,-3.0957437,LCC-FASD external-dev / cross-domain stress set,False
YOUTUBE_SLS24E390HL0_HUAWEIG620SL01_S0_id43_s1_60.png,1,VALID,-1.1923828,1.5205078,0.019088745,-2.914045,LCC-FASD external-dev / cross-domain stress set,False
YOUTUBE_SLS24E390HL0_HUAWEIG620SL01_S0_id43_s1_75.png,1,VALID,-1.1240234,1.8144531,-0.13366699,-3.071732,LCC-FASD external-dev / cross-domain stress set,False
YOUTUBE_SLS24E390HL0_HUAWEIG620SL01_S0_id43_s1_90.png,1,VALID,-0.89501953,1.7568359,-0.41503906,-2.75978,LCC-FASD external-dev / cross-domain stress set,False
YOUTUBE_SLS24E390HL0_HUAWEIG620SL01_S0_id43_s1_105.png,1,VALID,-0.83691406,1.9970703,-0.56152344,-2.9085476,LCC-FASD external-dev / cross-domain stress set,False
YOUTUBE_SLS24E390HL0_HUAWEIG620SL01_S0_id43_s1_120.png,1,VALID,-2.1347656,2.78125,0.20031738,-4.9889903,LCC-FASD external-dev / cross-domain stress set,False
YOUTUBE_SLS24E390HL0_HUAWEIG620SL01_S0_id43_s1_135.png,1,VALID,-1.328125,2.3378906,-0.3852539,-3.7296174,LCC-FASD external-dev / cross-domain stress set,False
YOUTUBE_SLS24E390HL0_HUAWEIG620SL01_S0_id43_s1_150.png,1,VALID,-2.0488281,3.0351562,0.0129776,-5.131531,LCC-FASD external-dev / cross-domain stress set,False
YOUTUBE_SLS24E390HL0_HUAWEIG620SL01_S0_id48_s1_105.png,1,VALID,1.2597656,-2.6914062,0.4650879,0.75298434,LCC-FASD external-dev / cross-domain stress set,True
YOUTUBE_SLS24E390HL0_HUAWEIG620SL01_S0_id48_s1_120.png,1,VALID,2.3183594,-2.7773438,-0.65625,2.8613696,LCC-FASD external-dev / cross-domain stress set,True
YOUTUBE_SLS24E390HL0_HUAWEIG620SL01_S0_id48_s1_135.png,1,VALID,2.3066406,-2.78125,-0.71240234,2.9000773,LCC-FASD external-dev / cross-domain stress set,True
YOUTUBE_PBQ5WTS_ZTEBA2_id43_s0_15.png,1,VALID,-2.0566406,1.6064453,0.9501953,-4.081002,LCC-FASD external-dev / cross-domain stress set,False
YOUTUBE_PBQ5WTS_ZTEBA2_id43_s0_30.png,1,VALID,-3.4140625,2.2363281,2.0410156,-6.2506423,LCC-FASD external-dev / cross-domain stress set,False
YOUTUBE_PBQ5WTS_ZTEBA2_id43_s0_45.png,1,VALID,-3.2929688,2.6054688,1.4833984,-6.1803064,LCC-FASD external-dev / cross-domain stress set,False
YOUTUBE_PBQ5WTS_ZTEBA2_id43_s0_60.png,1,VALID,-1.3847656,1.0195312,0.8041992,-2.9955628,LCC-FASD external-dev / cross-domain stress set,False
YOUTUBE_PBQ5WTS_ZTEBA2_id43_s0_75.png,1,VALID,-1.4101562,0.7890625,1.0166016,-3.0125933,LCC-FASD external-dev / cross-domain stress set,False
YOUTUBE_PBQ5WTS_ZTEBA2_id43_s0_90.png,1,VALID,-1.3671875,0.94140625,0.8828125,-2.9728732,LCC-FASD external-dev / cross-domain stress set,False
YOUTUBE_PBQ5WTS_ZTEBA2_id43_s0_147.png,1,VALID,-1.9804688,1.4609375,1.03125,-3.9426131,LCC-FASD external-dev / cross-domain stress set,False
YOUTUBE_PBQ5WTS_ZTEBA2_id43_s0_162.png,1,VALID,-2.9238281,2.7226562,0.95166016,-5.803628,LCC-FASD external-dev / cross-domain stress set,False
YOUTUBE_PBQ5WTS_ZTEBA2_id43_s1_15.png,1,VALID,-2.21875,2.4257812,0.6738281,-4.8044662,LCC-FASD external-dev / cross-domain stress set,False
YOUTUBE_PBQ5WTS_ZTEBA2_id43_s1_30.png,1,VALID,-1.9541016,2.2617188,0.31860352,-4.349702,LCC-FASD external-dev / cross-domain stress set,False
YOUTUBE_PBQ5WTS_ZTEBA2_id43_s1_45.png,1,VALID,-2.2832031,2.3574219,0.6953125,-4.814358,LCC-FASD external-dev / cross-domain stress set,False
YOUTUBE_PBQ5WTS_ZTEBA2_id43_s1_60.png,1,VALID,-2.7675781,1.8330078,1.4238281,-5.109927,LCC-FASD external-dev / cross-domain stress set,False
YOUTUBE_PBQ5WTS_ZTEBA2_id43_s1_75.png,1,VALID,-3.0214844,2.5410156,1.3027344,-5.817051,LCC-FASD external-dev / cross-domain stress set,False
YOUTUBE_PBQ5WTS_ZTEBA2_id43_s1_90.png,1,VALID,-2.5117188,2.59375,0.5908203,-5.232048,LCC-FASD external-dev / cross-domain stress set,False
YOUTUBE_PBQ5WTS_ZTEBA2_id43_s1_105.png,1,VALID,-2.1386719,2.7402344,0.19763184,-4.954627,LCC-FASD external-dev / cross-domain stress set,False
YOUTUBE_PBQ5WTS_ZTEBA2_id43_s1_120.png,1,VALID,-3.4335938,2.9335938,1.4697266,-6.5752907,LCC-FASD external-dev / cross-domain stress set,False
YOUTUBE_PBQ5WTS_ZTEBA2_id43_s1_135.png,1,VALID,-3.5859375,3.0683594,1.5390625,-6.8504295,LCC-FASD external-dev / cross-domain stress set,False
YOUTUBE_PBQ5WTS_ZTEBA2_id43_s1_150.png,1,VALID,-3.7128906,3.0664062,1.6523438,-6.9969482,LCC-FASD external-dev / cross-domain stress set,False
YOUTUBE_PBQ5WTS_ZTEBA2_id48_s1_15.png,1,VALID,-3.0253906,2.5976562,1.1708984,-5.8382277,LCC-FASD external-dev / cross-domain stress set,False
YOUTUBE_PBQ5WTS_ZTEBA2_id48_s1_30.png,1,VALID,-2.515625,1.9863281,1.3154297,-4.9148893,LCC-FASD external-dev / cross-domain stress set,False
YOUTUBE_PBQ5WTS_ZTEBA2_id48_s1_45.png,1,VALID,-2.9804688,2.578125,1.2802734,-5.8000627,LCC-FASD external-dev / cross-domain stress set,False
YOUTUBE_PBQ5WTS_ZTEBA2_id48_s1_60.png,1,VALID,-2.9082031,2.5820312,1.2841797,-5.7317033,LCC-FASD external-dev / cross-domain stress set,False
YOUTUBE_PBQ5WTS_ZTEBA2_id48_s1_75.png,1,VALID,-3.1230469,2.6679688,1.4375,-6.0473275,LCC-FASD external-dev / cross-domain stress set,False
YOUTUBE_PBQ5WTS_ZTEBA2_id48_s1_90.png,1,VALID,-3.1425781,2.3339844,1.8574219,-5.959553,LCC-FASD external-dev / cross-domain stress set,False
YOUTUBE_PBQ5WTS_ZTEBA2_id48_s1_105.png,1,VALID,-3.28125,2.3046875,1.8798828,-6.089072,LCC-FASD external-dev / cross-domain stress set,False
YOUTUBE_PBQ5WTS_ZTEBA2_id48_s1_120.png,1,VALID,-2.8496094,2.65625,1.1308594,-5.7026887,LCC-FASD external-dev / cross-domain stress set,False
YOUTUBE_PBQ5WTS_ZTEBA2_id48_s1_135.png,1,VALID,-2.5664062,2.0976562,1.2880859,-5.032206,LCC-FASD external-dev / cross-domain stress set,False
YOUTUBE_PBQ5WTS_ZTEBA2_id48_s1_150.png,1,VALID,-3.5546875,2.5175781,2.0625,-6.5635405,LCC-FASD external-dev / cross-domain stress set,False
YOUTUBE_PRS133S_PRMD3_id39_s0_27.png,1,VALID,-2.296875,2.5976562,0.2775879,-4.9882646,LCC-FASD external-dev / cross-domain stress set,False
YOUTUBE_PRS133S_PRMD3_id43_s0_15.png,1,VALID,-0.8701172,0.43408203,0.5029297,-2.0323625,LCC-FASD external-dev / cross-domain stress set,False
YOUTUBE_PRS133S_PRMD3_id43_s0_30.png,1,VALID,-0.8569336,0.76904297,0.20910645,-2.077845,LCC-FASD external-dev / cross-domain stress set,False
YOUTUBE_PRS133S_PRMD3_id43_s0_45.png,1,VALID,-0.9536133,0.45117188,0.6821289,-2.2200637,LCC-FASD external-dev / cross-domain stress set,False
YOUTUBE_PRS133S_PRMD3_id43_s0_60.png,1,VALID,-0.4321289,0.061676025,0.3388672,-1.3351214,LCC-FASD external-dev / cross-domain stress set,False
YOUTUBE_PRS133S_PRMD3_id43_s0_81.png,1,VALID,-0.75097656,0.43774414,0.33154297,-1.8301765,LCC-FASD external-dev / cross-domain stress set,False
YOUTUBE_PRS133S_PRMD3_id43_s0_96.png,1,VALID,-0.30444336,-0.07672119,0.31201172,-1.1340072,LCC-FASD external-dev / cross-domain stress set,False
YOUTUBE_PRS133S_PRMD3_id43_s0_111.png,1,VALID,-1.5117188,1.2177734,0.6933594,-3.1944218,LCC-FASD external-dev / cross-domain stress set,False
YOUTUBE_PRS133S_PRMD3_id43_s0_142.png,1,VALID,-0.8457031,0.6713867,0.36010742,-2.0666606,LCC-FASD external-dev / cross-domain stress set,False
YOUTUBE_PRS133S_PRMD3_id43_s1_15.png,1,VALID,-0.12426758,0.5888672,-0.42651367,-1.0222831,LCC-FASD external-dev / cross-domain stress set,False
YOUTUBE_PRS133S_PRMD3_id43_s1_30.png,1,VALID,-0.39990234,-0.30444336,0.44628906,-1.2328275,LCC-FASD external-dev / cross-domain stress set,False
YOUTUBE_PRS133S_PRMD3_id43_s1_45.png,1,VALID,-0.8798828,0.7651367,0.08666992,-2.055402,LCC-FASD external-dev / cross-domain stress set,False
YOUTUBE_PRS133S_PRMD3_id43_s1_60.png,1,VALID,-0.6171875,0.45214844,0.024673462,-1.5714157,LCC-FASD external-dev / cross-domain stress set,False
YOUTUBE_PRS133S_PRMD3_id43_s1_75.png,1,VALID,-1.2558594,0.92871094,0.5800781,-2.7185178,LCC-FASD external-dev / cross-domain stress set,False
YOUTUBE_PRS133S_PRMD3_id43_s1_90.png,1,VALID,-1.2578125,0.25756836,1.1865234,-2.7772062,LCC-FASD external-dev / cross-domain stress set,False
YOUTUBE_PRS133S_PRMD3_id43_s1_105.png,1,VALID,-0.9692383,0.18066406,0.6401367,-2.0989463,LCC-FASD external-dev / cross-domain stress set,False
YOUTUBE_PRS133S_PRMD3_id43_s1_128.png,1,VALID,-0.36572266,-0.018051147,0.3881836,-1.2644241,LCC-FASD external-dev / cross-domain stress set,False
YOUTUBE_PRS133S_PRMD3_id43_s1_143.png,1,VALID,-0.5834961,-0.67285156,1.1347656,-1.8701624,LCC-FASD external-dev / cross-domain stress set,False
YOUTUBE_PRS133S_PRMD3_id43_s1_158.png,1,VALID,-0.059783936,-1.0751953,1.0517578,-1.2241559,LCC-FASD external-dev / cross-domain stress set,False
YOUTUBE_PRS133S_PRMD3_id48_s1_15.png,1,VALID,-1.296875,0.36743164,1.0419922,-2.7505662,LCC-FASD external-dev / cross-domain stress set,False
YOUTUBE_PRS133S_PRMD3_id48_s1_30.png,1,VALID,-1.0654297,1.0009766,0.26342773,-2.4572887,LCC-FASD external-dev / cross-domain stress set,False
YOUTUBE_PRS133S_PRMD3_id48_s1_45.png,1,VALID,-2.5253906,1.5820312,1.4042969,-4.7156453,LCC-FASD external-dev / cross-domain stress set,False
YOUTUBE_PRS133S_PRMD3_id48_s1_60.png,1,VALID,-1.7597656,0.7861328,1.3115234,-3.5358558,LCC-FASD external-dev / cross-domain stress set,False
YOUTUBE_PRS133S_PRMD3_id48_s1_75.png,1,VALID,-1.0507812,0.8833008,0.41455078,-2.420072,LCC-FASD external-dev / cross-domain stress set,False
YOUTUBE_PRS133S_PRMD3_id48_s1_90.png,1,VALID,-3.0703125,1.6064453,2.0292969,-5.6035166,LCC-FASD external-dev / cross-domain stress set,False
YOUTUBE_PRS133S_PRMD3_id48_s1_107.png,1,VALID,-1.7412109,1.7353516,0.27685547,-3.6856766,LCC-FASD external-dev / cross-domain stress set,False
YOUTUBE_PRS133S_PRMD3_id48_s1_122.png,1,VALID,0.25854492,0.33691406,-0.66064453,-0.39228803,LCC-FASD external-dev / cross-domain stress set,False
YOUTUBE_PRS133S_PRMD3_id48_s1_137.png,1,VALID,-0.7475586,0.7753906,0.0007944107,-1.901995,LCC-FASD external-dev / cross-domain stress set,False
YOUTUBE_PRS133S_PRMD3_id48_s1_152.png,1,VALID,-1.9384766,0.67041016,1.4980469,-3.7991374,LCC-FASD external-dev / cross-domain stress set,False
YOUTUBE_S198150N_GM5_id48_s0_105.png,1,VALID,-2.8574219,2.0078125,1.4814453,-5.329438,LCC-FASD external-dev / cross-domain stress set,False
YOUTUBE_P223V5LSB_LS650_id42_s1_61.png,1,VALID,0.08203125,0.80371094,-0.7602539,-0.91172516,LCC-FASD external-dev / cross-domain stress set,False
YOUTUBE_P223V5LSB_LS650_id42_s1_76.png,1,VALID,0.122924805,0.8857422,-0.89453125,-0.918617,LCC-FASD external-dev / cross-domain stress set,False
YOUTUBE_P223V5LSB_LS650_id42_s1_92.png,1,VALID,-0.3708496,1.1005859,-0.4716797,-1.6600492,LCC-FASD external-dev / cross-domain stress set,False
YOUTUBE_P226VLSB00_HONOR4CCHMU01_id39_s0_15.png,1,VALID,3.6074219,-1.3154297,-2.9316406,4.7416553,LCC-FASD external-dev / cross-domain stress set,True
YOUTUBE_P226VLSB00_HONOR4CCHMU01_id39_s0_41.png,1,VALID,2.6367188,-0.8466797,-2.3164062,3.276394,LCC-FASD external-dev / cross-domain stress set,True
YOUTUBE_P226VLSB00_HONOR4CCHMU01_id39_s0_56.png,1,VALID,3.0292969,-0.97509766,-2.7675781,3.8503468,LCC-FASD external-dev / cross-domain stress set,True
YOUTUBE_P226VLSB00_HONOR4CCHMU01_id39_s0_81.png,1,VALID,2.9980469,-0.91748047,-2.7597656,3.7684402,LCC-FASD external-dev / cross-domain stress set,True
YOUTUBE_P226VLSB00_HONOR4CCHMU01_id48_s1_15.png,1,VALID,-1.8583984,1.2578125,0.8544922,-3.627895,LCC-FASD external-dev / cross-domain stress set,False
YOUTUBE_P226VLSB00_HONOR4CCHMU01_id48_s1_30.png,1,VALID,-2.046875,0.65625,1.7900391,-4.115917,LCC-FASD external-dev / cross-domain stress set,False
YOUTUBE_P226VLSB00_HONOR4CCHMU01_id48_s1_45.png,1,VALID,-1.7285156,1.2958984,0.87597656,-3.5294821,LCC-FASD external-dev / cross-domain stress set,False
YOUTUBE_P226VLSB00_HONOR4CCHMU01_id48_s1_60.png,1,VALID,-1.3261719,1.0976562,0.6386719,-2.9135885,LCC-FASD external-dev / cross-domain stress set,False
YOUTUBE_P226VLSB00_HONOR4CCHMU01_id48_s1_75.png,1,VALID,-2.4335938,1.5673828,1.3720703,-4.601228,LCC-FASD external-dev / cross-domain stress set,False
YOUTUBE_P226VLSB00_HONOR4CCHMU01_id48_s1_90.png,1,VALID,-2.515625,0.87060547,2.1171875,-4.885504,LCC-FASD external-dev / cross-domain stress set,False
YOUTUBE_P226VLSB00_HONOR4CCHMU01_id48_s1_105.png,1,VALID,-2.4238281,1.2763672,1.5380859,-4.5327396,LCC-FASD external-dev / cross-domain stress set,False
YOUTUBE_P226VLSB00_HONOR4CCHMU01_id48_s1_120.png,1,VALID,-2.1582031,1.4550781,1.1464844,-4.163988,LCC-FASD external-dev / cross-domain stress set,False
YOUTUBE_P226VLSB00_HONOR4CCHMU01_id48_s1_135.png,1,VALID,-2.671875,1.6552734,1.5722656,-4.9796524,LCC-FASD external-dev / cross-domain stress set,False
YOUTUBE_P226VLSB00_HONOR4CCHMU01_id48_s1_150.png,1,VALID,-2.1328125,1.2207031,1.40625,-4.1437335,LCC-FASD external-dev / cross-domain stress set,False
YOUTUBE_PBLS11HR_HONOR9L_id39_s1_15.png,1,VALID,-1.7441406,1.8935547,0.3334961,-3.828418,LCC-FASD external-dev / cross-domain stress set,False
YOUTUBE_PBLS11HR_HONOR9L_id39_s1_30.png,1,VALID,-1.7353516,1.6210938,0.6713867,-3.6834836,LCC-FASD external-dev / cross-domain stress set,False
YOUTUBE_PBLS11HR_HONOR9L_id39_s1_45.png,1,VALID,-1.4306641,1.5253906,0.32861328,-3.2200842,LCC-FASD external-dev / cross-domain stress set,False
YOUTUBE_PBLS11HR_HONOR9L_id39_s1_60.png,1,VALID,-1.4101562,1.6015625,0.19555664,-3.2309508,LCC-FASD external-dev / cross-domain stress set,False
YOUTUBE_PBLS11HR_HONOR9L_id39_s1_75.png,1,VALID,-1.5771484,1.8916016,0.30786133,-3.6554008,LCC-FASD external-dev / cross-domain stress set,False
YOUTUBE_PBLS11HR_HONOR9L_id39_s1_90.png,1,VALID,-1.4785156,1.8378906,0.17553711,-3.4901006,LCC-FASD external-dev / cross-domain stress set,False
YOUTUBE_PBLS11HR_HONOR9L_id39_s1_105.png,1,VALID,-2.2441406,2.0,0.7895508,-4.5050144,LCC-FASD external-dev / cross-domain stress set,False
YOUTUBE_PBLS11HR_HONOR9L_id39_s1_120.png,1,VALID,-1.5302734,1.8017578,0.24291992,-3.522966,LCC-FASD external-dev / cross-domain stress set,False
YOUTUBE_PBLS11HR_HONOR9L_id39_s1_135.png,1,VALID,-1.4775391,1.8310547,0.08099365,-3.4688087,LCC-FASD external-dev / cross-domain stress set,False
YOUTUBE_PBLS11HR_HONOR9L_id42_s0_15.png,1,VALID,1.2792969,0.84033203,-2.2578125,0.3948208,LCC-FASD external-dev / cross-domain stress set,True
YOUTUBE_PBLS11HR_HONOR9L_id42_s0_30.png,1,VALID,1.4794922,0.7290039,-2.359375,0.7059206,LCC-FASD external-dev / cross-domain stress set,True
YOUTUBE_PBLS11HR_HONOR9L_id42_s0_45.png,1,VALID,1.2070312,0.8095703,-2.0742188,0.34304613,LCC-FASD external-dev / cross-domain stress set,True
YOUTUBE_PBLS11HR_HONOR9L_id42_s0_60.png,1,VALID,0.5415039,1.0517578,-1.5712891,-0.58032215,LCC-FASD external-dev / cross-domain stress set,False
YOUTUBE_PBLS11HR_HONOR9L_id42_s0_75.png,1,VALID,0.88183594,0.9692383,-1.8535156,-0.1451447,LCC-FASD external-dev / cross-domain stress set,True
YOUTUBE_PBLS11HR_HONOR9L_id42_s0_90.png,1,VALID,1.5732422,0.46044922,-2.2246094,1.0468019,LCC-FASD external-dev / cross-domain stress set,True
YOUTUBE_PBLS11HR_HONOR9L_id42_s0_105.png,1,VALID,0.3371582,1.2099609,-1.4501953,-0.94040287,LCC-FASD external-dev / cross-domain stress set,False
YOUTUBE_PBLS11HR_HONOR9L_id42_s0_120.png,1,VALID,0.59228516,0.9741211,-1.5224609,-0.4609853,LCC-FASD external-dev / cross-domain stress set,False
YOUTUBE_PBLS11HR_HONOR9L_id42_s0_135.png,1,VALID,1.0839844,0.34838867,-1.6582031,0.6094512,LCC-FASD external-dev / cross-domain stress set,True
YOUTUBE_PBLS11HR_HONOR9L_id42_s0_150.png,1,VALID,0.50683594,0.7128906,-1.3525391,-0.32540435,LCC-FASD external-dev / cross-domain stress set,False
YOUTUBE_PBLS11HR_HONOR9L_id42_s1_17.png,1,VALID,-0.8129883,2.0703125,-0.8178711,-2.9374833,LCC-FASD external-dev / cross-domain stress set,False
YOUTUBE_PBLS11HR_HONOR9L_id42_s1_32.png,1,VALID,-0.81396484,1.4863281,-0.24108887,-2.463893,LCC-FASD external-dev / cross-domain stress set,False
YOUTUBE_PBLS11HR_HONOR9L_id42_s1_47.png,1,VALID,-0.40112305,0.5058594,0.19274902,-1.4557794,LCC-FASD external-dev / cross-domain stress set,False
YOUTUBE_PBLS11HR_HONOR9L_id42_s1_62.png,1,VALID,-0.7158203,1.0839844,0.08062744,-2.1121645,LCC-FASD external-dev / cross-domain stress set,False
YOUTUBE_PBLS11HR_HONOR9L_id42_s1_77.png,1,VALID,-0.9458008,1.4345703,-0.03265381,-2.5878441,LCC-FASD external-dev / cross-domain stress set,False
YOUTUBE_PBLS11HR_HONOR9L_id42_s1_92.png,1,VALID,0.23156738,0.35058594,-0.4099121,-0.50253356,LCC-FASD external-dev / cross-domain stress set,False
YOUTUBE_PBLS11HR_HONOR9L_id42_s1_107.png,1,VALID,-1.5166016,0.8095703,1.1289062,-3.1916802,LCC-FASD external-dev / cross-domain stress set,False
YOUTUBE_PBLS11HR_HONOR9L_id42_s1_133.png,1,VALID,-1.0527344,0.44311523,0.92285156,-2.4573617,LCC-FASD external-dev / cross-domain stress set,False
YOUTUBE_PBLS11HR_HONOR9L_id42_s1_148.png,1,VALID,-1.2441406,1.2451172,0.44555664,-2.8604946,LCC-FASD external-dev / cross-domain stress set,False
YOUTUBE_PBLS11HR_HONOR9L_id42_s1_165.png,1,VALID,0.72216797,0.051452637,-0.7636719,0.30427918,LCC-FASD external-dev / cross-domain stress set,True
YOUTUBE_PBQ5WTS_ZTEBA2_id39_s0_17.png,1,VALID,-2.40625,2.7734375,0.52978516,-5.2805014,LCC-FASD external-dev / cross-domain stress set,False
YOUTUBE_PBQ5WTS_ZTEBA2_id39_s0_36.png,1,VALID,-3.1894531,2.3339844,1.6074219,-5.9178877,LCC-FASD external-dev / cross-domain stress set,False
YOUTUBE_PBQ5WTS_ZTEBA2_id43_s0_117.png,1,VALID,-3.2304688,2.6269531,1.4824219,-6.1338205,LCC-FASD external-dev / cross-domain stress set,False
YOUTUBE_PBQ5WTS_ZTEBA2_id43_s0_132.png,1,VALID,-2.1035156,1.1796875,1.3916016,-4.08791,LCC-FASD external-dev / cross-domain stress set,False
YOUTUBE_MBP1314_IPHONE8F_id48_s0_75.png,1,VALID,-2.2773438,1.9794922,0.7602539,-4.515698,LCC-FASD external-dev / cross-domain stress set,False
YOUTUBE_MBP1314_IPHONE8F_id48_s0_90.png,1,VALID,-1.8017578,1.9423828,0.2043457,-3.9061449,LCC-FASD external-dev / cross-domain stress set,False
YOUTUBE_MSIGS60_SGJ5_id39_s1_16.png,1,VALID,-1.9580078,1.4824219,0.88671875,-3.8794422,LCC-FASD external-dev / cross-domain stress set,False
YOUTUBE_MSIGS60_SGJ5_id39_s1_31.png,1,VALID,-1.1855469,1.0693359,0.2578125,-2.622425,LCC-FASD external-dev / cross-domain stress set,False
YOUTUBE_MSIGS60_SGJ5_id39_s1_65.png,1,VALID,-1.1386719,1.2216797,0.1998291,-2.6677835,LCC-FASD external-dev / cross-domain stress set,False
YOUTUBE_MSIGS60_SGJ5_id39_s1_95.png,1,VALID,-1.1894531,0.94384766,0.5917969,-2.6658359,LCC-FASD external-dev / cross-domain stress set,False
YOUTUBE_MSIGS60_SGJ5_id39_s1_110.png,1,VALID,-1.0888672,1.5546875,-0.10333252,-2.8179414,LCC-FASD external-dev / cross-domain stress set,False
YOUTUBE_MSIGS60_SGJ5_id39_s1_126.png,1,VALID,-1.3789062,1.6865234,0.05810547,-3.2446127,LCC-FASD external-dev / cross-domain stress set,False
YOUTUBE_MSIGS60_SGJ5_id39_s1_141.png,1,VALID,-1.4238281,1.5029297,0.21081543,-3.1694603,LCC-FASD external-dev / cross-domain stress set,False
YOUTUBE_MSIGS60_SGJ5_id42_s0_15.png,1,VALID,1.7939453,-0.30322266,-1.8886719,1.9108082,LCC-FASD external-dev / cross-domain stress set,True
YOUTUBE_MSIGS60_SGJ5_id42_s0_30.png,1,VALID,1.453125,0.038085938,-1.7636719,1.2623106,LCC-FASD external-dev / cross-domain stress set,True
YOUTUBE_MSIGS60_SGJ5_id42_s0_45.png,1,VALID,1.3408203,0.111816406,-1.7832031,1.0889678,LCC-FASD external-dev / cross-domain stress set,True
YOUTUBE_MSIGS60_SGJ5_id42_s0_60.png,1,VALID,1.8144531,-0.4326172,-1.8398438,2.0280783,LCC-FASD external-dev / cross-domain stress set,True
YOUTUBE_MSIGS60_SGJ5_id42_s0_75.png,1,VALID,1.3652344,-0.18518066,-1.5019531,1.312975,LCC-FASD external-dev / cross-domain stress set,True
YOUTUBE_MSIGS60_SGJ5_id42_s0_90.png,1,VALID,2.0,-0.64160156,-1.8251953,2.3744974,LCC-FASD external-dev / cross-domain stress set,True
YOUTUBE_MSIGS60_SGJ5_id42_s0_105.png,1,VALID,0.93408203,-0.2446289,-1.0380859,0.80557716,LCC-FASD external-dev / cross-domain stress set,True
YOUTUBE_MSIGS60_SGJ5_id42_s0_120.png,1,VALID,0.8305664,-0.1619873,-0.9428711,0.61548734,LCC-FASD external-dev / cross-domain stress set,True
YOUTUBE_MSIGS60_SGJ5_id42_s0_135.png,1,VALID,-0.2548828,0.41308594,-0.3022461,-1.0660934,LCC-FASD external-dev / cross-domain stress set,False
YOUTUBE_MSIGS60_SGJ5_id42_s0_150.png,1,VALID,0.83251953,0.35595703,-1.3652344,0.31202066,LCC-FASD external-dev / cross-domain stress set,True
YOUTUBE_MSIGS60_SGJ5_id42_s1_16.png,1,VALID,-0.1550293,1.3652344,-1.1230469,-1.6000472,LCC-FASD external-dev / cross-domain stress set,False
YOUTUBE_MSIGS60_SGJ5_id42_s1_31.png,1,VALID,-0.46313477,1.2001953,-0.67871094,-1.8054866,LCC-FASD external-dev / cross-domain stress set,False
YOUTUBE_MSIGS60_SGJ5_id42_s1_46.png,1,VALID,-0.035186768,0.014350891,0.06945801,-0.7706179,LCC-FASD external-dev / cross-domain stress set,False
YOUTUBE_MSIGS60_SGJ5_id42_s1_61.png,1,VALID,-0.05911255,-0.31420898,0.3095703,-0.79780924,LCC-FASD external-dev / cross-domain stress set,False
YOUTUBE_MSIGS60_SGJ5_id42_s1_77.png,1,VALID,-0.6826172,0.7211914,0.054229736,-1.8180785,LCC-FASD external-dev / cross-domain stress set,False
YOUTUBE_MSIGS60_SGJ5_id42_s1_92.png,1,VALID,-0.25585938,-0.4658203,0.7006836,-1.2276794,LCC-FASD external-dev / cross-domain stress set,False
YOUTUBE_MSIGS60_SGJ5_id42_s1_146.png,1,VALID,-0.78222656,0.08691406,0.6430664,-1.8785388,LCC-FASD external-dev / cross-domain stress set,False
YOUTUBE_MSIGS60_SGJ5_id42_s1_180.png,1,VALID,-0.25610352,-0.5288086,0.67529297,-1.1937311,LCC-FASD external-dev / cross-domain stress set,False
YOUTUBE_NEC90GX2_ZC554KL_id39_s1_30.png,1,VALID,-1.1601562,1.234375,0.101135254,-2.6736681,LCC-FASD external-dev / cross-domain stress set,False
YOUTUBE_NEC90GX2_ZC554KL_id39_s1_45.png,1,VALID,-1.3945312,1.2988281,0.40600586,-3.0365934,LCC-FASD external-dev / cross-domain stress set,False
YOUTUBE_NEC90GX2_ZC554KL_id39_s1_67.png,1,VALID,-0.45092773,0.8691406,-0.39941406,-1.567895,LCC-FASD external-dev / cross-domain stress set,False
YOUTUBE_NEC90GX2_ZC554KL_id39_s1_87.png,1,VALID,1.1113281,0.3540039,-1.7119141,0.63802946,LCC-FASD external-dev / cross-domain stress set,True
YOUTUBE_NEC90GX2_ZC554KL_id39_s1_103.png,1,VALID,-0.010749817,0.8149414,-0.9321289,-0.9863496,LCC-FASD external-dev / cross-domain stress set,False
YOUTUBE_NEC90GX2_ZC554KL_id39_s1_118.png,1,VALID,-0.97265625,1.2558594,-0.26708984,-2.4257815,LCC-FASD external-dev / cross-domain stress set,False
YOUTUBE_NEC90GX2_ZC554KL_id39_s1_133.png,1,VALID,-0.30688477,0.96435547,-0.8745117,-1.4187956,LCC-FASD external-dev / cross-domain stress set,False
YOUTUBE_P223V5LSB_LS650_id39_s1_15.png,1,VALID,-1.0634766,1.6523438,-0.18334961,-2.8638115,LCC-FASD external-dev / cross-domain stress set,False
YOUTUBE_P223V5LSB_LS650_id39_s1_55.png,1,VALID,-1.5429688,1.3886719,0.43066406,-3.2563703,LCC-FASD external-dev / cross-domain stress set,False
YOUTUBE_P223V5LSB_LS650_id39_s1_92.png,1,VALID,-1.7324219,1.5839844,0.53125,-3.6157565,LCC-FASD external-dev / cross-domain stress set,False
YOUTUBE_P223V5LSB_LS650_id39_s1_107.png,1,VALID,-1.5517578,2.109375,-0.07080078,-3.7682114,LCC-FASD external-dev / cross-domain stress set,False
YOUTUBE_P223V5LSB_LS650_id39_s1_124.png,1,VALID,-2.03125,2.1210938,0.328125,-4.306322,LCC-FASD external-dev / cross-domain stress set,False
YOUTUBE_P223V5LSB_LS650_id42_s0_35.png,1,VALID,2.046875,-0.5854492,-1.9990234,2.4145775,LCC-FASD external-dev / cross-domain stress set,True
YOUTUBE_P223V5LSB_LS650_id42_s0_74.png,1,VALID,2.40625,-0.7792969,-2.2597656,2.9805422,LCC-FASD external-dev / cross-domain stress set,True
YOUTUBE_P223V5LSB_LS650_id42_s0_89.png,1,VALID,2.4179688,-0.7705078,-2.2675781,2.9865282,LCC-FASD external-dev / cross-domain stress set,True
YOUTUBE_P223V5LSB_LS650_id42_s0_104.png,1,VALID,1.0898438,0.06689453,-1.5351562,0.83939266,LCC-FASD external-dev / cross-domain stress set,True
YOUTUBE_P223V5LSB_LS650_id42_s0_119.png,1,VALID,1.7705078,-0.35717773,-1.8466797,1.9243488,LCC-FASD external-dev / cross-domain stress set,True
YOUTUBE_P223V5LSB_LS650_id42_s0_136.png,1,VALID,1.3525391,-0.032989502,-1.6992188,1.212451,LCC-FASD external-dev / cross-domain stress set,True
YOUTUBE_P223V5LSB_LS650_id42_s0_151.png,1,VALID,2.6035156,-0.8964844,-2.2871094,3.277721,LCC-FASD external-dev / cross-domain stress set,True
YOUTUBE_P223V5LSB_LS650_id42_s0_166.png,1,VALID,2.8242188,-0.55371094,-2.8339844,3.2805705,LCC-FASD external-dev / cross-domain stress set,True
YOUTUBE_P223V5LSB_LS650_id42_s0_181.png,1,VALID,2.6191406,-0.6723633,-2.4765625,3.1391208,LCC-FASD external-dev / cross-domain stress set,True
YOUTUBE_P223V5LSB_LS650_id42_s0_196.png,1,VALID,2.3652344,-0.515625,-2.390625,2.7381842,LCC-FASD external-dev / cross-domain stress set,True
YOUTUBE_P223V5LSB_LS650_id42_s1_15.png,1,VALID,2.2421875,-0.66796875,-2.2441406,2.7222128,LCC-FASD external-dev / cross-domain stress set,True
YOUTUBE_P223V5LSB_LS650_id42_s1_31.png,1,VALID,1.0859375,0.42871094,-1.75,0.54999924,LCC-FASD external-dev / cross-domain stress set,True
YOUTUBE_P223V5LSB_LS650_id42_s1_46.png,1,VALID,0.3581543,0.22351074,-0.65283203,-0.2134062,LCC-FASD external-dev / cross-domain stress set,True
YOUTUBE_MBP1314_IPHONE8B_id42_s0_15.png,1,VALID,3.8242188,-2.0078125,-2.9335938,5.4982615,LCC-FASD external-dev / cross-domain stress set,True
YOUTUBE_MBP1314_IPHONE8B_id42_s0_38.png,1,VALID,3.3476562,-1.8339844,-2.4609375,4.7536206,LCC-FASD external-dev / cross-domain stress set,True
YOUTUBE_MBP1314_IPHONE8B_id42_s0_58.png,1,VALID,4.265625,-2.171875,-3.1289062,6.112499,LCC-FASD external-dev / cross-domain stress set,True
YOUTUBE_MBP1314_IPHONE8B_id42_s0_73.png,1,VALID,3.4921875,-2.0917969,-2.3242188,5.000311,LCC-FASD external-dev / cross-domain stress set,True
YOUTUBE_MBP1314_IPHONE8B_id42_s0_88.png,1,VALID,3.2792969,-1.7451172,-2.4355469,4.618042,LCC-FASD external-dev / cross-domain stress set,True
YOUTUBE_MBP1314_IPHONE8B_id42_s0_148.png,1,VALID,2.765625,-1.5546875,-2.0527344,3.8454976,LCC-FASD external-dev / cross-domain stress set,True
YOUTUBE_MBP1314_IPHONE8B_id42_s0_163.png,1,VALID,3.2792969,-1.8916016,-2.4882812,4.7322326,LCC-FASD external-dev / cross-domain stress set,True
YOUTUBE_MBP1314_IPHONE8B_id42_s1_15.png,1,VALID,2.8867188,-0.6508789,-2.8671875,3.4341292,LCC-FASD external-dev / cross-domain stress set,True
YOUTUBE_MBP1314_IPHONE8B_id42_s1_30.png,1,VALID,2.6445312,-0.84521484,-2.4667969,3.3094382,LCC-FASD external-dev / cross-domain stress set,True
YOUTUBE_MBP1314_IPHONE8B_id42_s1_45.png,1,VALID,1.4365234,-0.07885742,-1.8085938,1.3521307,LCC-FASD external-dev / cross-domain stress set,True
YOUTUBE_MBP1314_IPHONE8B_id42_s1_60.png,1,VALID,1.2119141,0.5522461,-1.9902344,0.58393824,LCC-FASD external-dev / cross-domain stress set,True
YOUTUBE_MBP1314_IPHONE8B_id43_s0_15.png,1,VALID,-0.30249023,0.27294922,-0.09484863,-1.1015027,LCC-FASD external-dev / cross-domain stress set,False
YOUTUBE_MBP1314_IPHONE8B_id43_s0_30.png,1,VALID,-1.2167969,1.5439453,0.06793213,-2.9665744,LCC-FASD external-dev / cross-domain stress set,False
YOUTUBE_MBP1314_IPHONE8B_id43_s0_45.png,1,VALID,-1.625,1.7265625,0.41845703,-3.5908406,LCC-FASD external-dev / cross-domain stress set,False
YOUTUBE_MBP1314_IPHONE8B_id43_s0_62.png,1,VALID,0.09674072,-0.28857422,-0.084350586,-0.41514838,LCC-FASD external-dev / cross-domain stress set,False
YOUTUBE_MBP1314_IPHONE8B_id43_s0_82.png,1,VALID,0.062072754,-0.19763184,-0.16320801,-0.45080262,LCC-FASD external-dev / cross-domain stress set,False
YOUTUBE_MBP1314_IPHONE8B_id43_s0_97.png,1,VALID,-0.34936523,0.04309082,0.119140625,-1.1243508,LCC-FASD external-dev / cross-domain stress set,False
YOUTUBE_MBP1314_IPHONE8B_id43_s0_113.png,1,VALID,2.3476562,-1.4248047,-1.4882812,3.1105485,LCC-FASD external-dev / cross-domain stress set,True
YOUTUBE_MBP1314_IPHONE8B_id43_s0_128.png,1,VALID,-1.1826172,0.48046875,0.63427734,-2.4360917,LCC-FASD external-dev / cross-domain stress set,False
YOUTUBE_MBP1314_IPHONE8B_id43_s0_143.png,1,VALID,0.3161621,-1.0986328,0.29736328,-0.20241189,LCC-FASD external-dev / cross-domain stress set,True
YOUTUBE_MBP1314_IPHONE8B_id43_s0_158.png,1,VALID,-0.86279297,0.71191406,0.24743652,-2.0623438,LCC-FASD external-dev / cross-domain stress set,False
YOUTUBE_MBP1314_IPHONE8B_id43_s1_15.png,1,VALID,0.6245117,-0.0947876,-0.82910156,0.32736903,LCC-FASD external-dev / cross-domain stress set,True
YOUTUBE_MBP1314_IPHONE8B_id43_s1_30.png,1,VALID,0.77685547,0.6645508,-1.4892578,0.002516687,LCC-FASD external-dev / cross-domain stress set,True
YOUTUBE_MBP1314_IPHONE8B_id43_s1_45.png,1,VALID,0.6098633,0.24438477,-1.0878906,0.13129517,LCC-FASD external-dev / cross-domain stress set,True
YOUTUBE_MBP1314_IPHONE8B_id43_s1_60.png,1,VALID,-0.030212402,0.45288086,-0.7104492,-0.75498426,LCC-FASD external-dev / cross-domain stress set,False
YOUTUBE_MBP1314_IPHONE8B_id43_s1_75.png,1,VALID,-0.77001953,1.0625,-0.2364502,-2.0737529,LCC-FASD external-dev / cross-domain stress set,False
YOUTUBE_MBP1314_IPHONE8B_id43_s1_90.png,1,VALID,-1.6669922,1.8876953,0.24047852,-3.7308109,LCC-FASD external-dev / cross-domain stress set,False
YOUTUBE_MBP1314_IPHONE8B_id43_s1_105.png,1,VALID,-1.0058594,1.3330078,-0.08300781,-2.5561366,LCC-FASD external-dev / cross-domain stress set,False
YOUTUBE_MBP1314_IPHONE8B_id43_s1_120.png,1,VALID,-0.4411621,1.0566406,-0.5942383,-1.6733356,LCC-FASD external-dev / cross-domain stress set,False
YOUTUBE_MBP1314_IPHONE8B_id43_s1_135.png,1,VALID,-0.3671875,1.046875,-0.6923828,-1.5758843,LCC-FASD external-dev / cross-domain stress set,False
YOUTUBE_MBP1314_IPHONE8B_id43_s1_150.png,1,VALID,-1.2626953,1.5146484,-0.014884949,-2.973434,LCC-FASD external-dev / cross-domain stress set,False
YOUTUBE_MBP1314_IPHONE8B_id48_s1_15.png,1,VALID,0.9423828,-1.5273438,-0.24853516,0.9453331,LCC-FASD external-dev / cross-domain stress set,True
YOUTUBE_MBP1314_IPHONE8B_id48_s1_30.png,1,VALID,0.25878906,-1.09375,0.18029785,-0.16813225,LCC-FASD external-dev / cross-domain stress set,True
YOUTUBE_MBP1314_IPHONE8B_id48_s1_45.png,1,VALID,0.6171875,0.070739746,-0.80371094,0.1978415,LCC-FASD external-dev / cross-domain stress set,True
YOUTUBE_MBP1314_IPHONE8B_id48_s1_60.png,1,VALID,-2.5351562,1.5019531,1.4335938,-4.696661,LCC-FASD external-dev / cross-domain stress set,False
YOUTUBE_MBP1314_IPHONE8B_id48_s1_75.png,1,VALID,-1.0332031,1.2783203,0.028442383,-2.5634797,LCC-FASD external-dev / cross-domain stress set,False
YOUTUBE_MBP1314_IPHONE8B_id48_s1_90.png,1,VALID,-2.4589844,2.0605469,0.86035156,-4.7827682,LCC-FASD external-dev / cross-domain stress set,False
YOUTUBE_MBP1314_IPHONE8B_id48_s1_105.png,1,VALID,-2.6796875,1.9921875,1.2822266,-5.071767,LCC-FASD external-dev / cross-domain stress set,False
YOUTUBE_MBP1314_IPHONE8B_id48_s1_120.png,1,VALID,-1.4140625,1.9853516,-0.10638428,-3.5158384,LCC-FASD external-dev / cross-domain stress set,False
YOUTUBE_MBP1314_IPHONE8B_id48_s1_135.png,1,VALID,-2.78125,2.6699219,0.8198242,-5.5971937,LCC-FASD external-dev / cross-domain stress set,False
YOUTUBE_MBP1314_IPHONE8B_id48_s1_150.png,1,VALID,-2.7050781,2.2304688,1.0244141,-5.197431,LCC-FASD external-dev / cross-domain stress set,False
YOUTUBE_MBP1314_IPHONE8F_id48_s0_15.png,1,VALID,-2.0976562,2.3339844,0.23022461,-4.5467505,LCC-FASD external-dev / cross-domain stress set,False
YOUTUBE_MBP1314_IPHONE8F_id48_s0_30.png,1,VALID,-1.1542969,1.7646484,-0.23852539,-3.0454955,LCC-FASD external-dev / cross-domain stress set,False
YOUTUBE_MBP1314_IPHONE8F_id48_s0_45.png,1,VALID,-1.0097656,1.6582031,-0.31274414,-2.7984047,LCC-FASD external-dev / cross-domain stress set,False
YOUTUBE_MBP1314_IPHONE8F_id48_s0_60.png,1,VALID,-1.7167969,1.7880859,0.23486328,-3.6967957,LCC-FASD external-dev / cross-domain stress set,False
YOUTUBE_MBP1314_IPHONE8F_id48_s0_105.png,1,VALID,-1.6640625,1.9130859,0.09637451,-3.7277725,LCC-FASD external-dev / cross-domain stress set,False
YOUTUBE_MBP1314_IPHONE8F_id48_s0_120.png,1,VALID,-2.484375,2.4667969,0.5229492,-5.0849614,LCC-FASD external-dev / cross-domain stress set,False
YOUTUBE_MBP1314_IPHONE8F_id48_s0_135.png,1,VALID,-2.6171875,2.4414062,0.7788086,-5.2322493,LCC-FASD external-dev / cross-domain stress set,False
YOUTUBE_MBP1314_IPHONE8F_id48_s0_150.png,1,VALID,-2.6074219,2.4453125,0.6513672,-5.206573,LCC-FASD external-dev / cross-domain stress set,False
YOUTUBE_LGFIPS235VBN_SMA500F_id43_s0_17.png,1,VALID,-1.8251953,1.2382812,0.98535156,-3.6381342,LCC-FASD external-dev / cross-domain stress set,False
YOUTUBE_LGFIPS235VBN_SMA500F_id43_s0_32.png,1,VALID,-1.4248047,0.63378906,1.0068359,-2.95556,LCC-FASD external-dev / cross-domain stress set,False
YOUTUBE_LGFIPS235VBN_SMA500F_id43_s0_49.png,1,VALID,-1.8408203,1.4814453,0.7636719,-3.7195892,LCC-FASD external-dev / cross-domain stress set,False
YOUTUBE_LGFIPS235VBN_SMA500F_id43_s0_67.png,1,VALID,-1.5361328,0.85791016,1.0253906,-3.1744325,LCC-FASD external-dev / cross-domain stress set,False
YOUTUBE_LGFIPS235VBN_SMA500F_id43_s0_86.png,1,VALID,-1.7587891,1.1640625,0.97216797,-3.5246472,LCC-FASD external-dev / cross-domain stress set,False
YOUTUBE_LGFIPS235VBN_SMA500F_id43_s0_150.png,1,VALID,-1.2236328,0.3395996,0.94091797,-2.6015718,LCC-FASD external-dev / cross-domain stress set,False
YOUTUBE_LGFIPS235VBN_SMA500F_id43_s0_165.png,1,VALID,-1.6386719,1.4960938,0.5571289,-3.4648118,LCC-FASD external-dev / cross-domain stress set,False
YOUTUBE_LGFIPS235VBN_SMA500F_id43_s1_15.png,1,VALID,-0.9003906,0.7451172,0.27368164,-2.130465,LCC-FASD external-dev / cross-domain stress set,False
YOUTUBE_LGFIPS235VBN_SMA500F_id43_s1_30.png,1,VALID,-0.59472656,1.4414062,-0.63720703,-2.154008,LCC-FASD external-dev / cross-domain stress set,False
YOUTUBE_LGFIPS235VBN_SMA500F_id43_s1_45.png,1,VALID,-1.0712891,1.0732422,0.044403076,-2.4501183,LCC-FASD external-dev / cross-domain stress set,False
YOUTUBE_LGFIPS235VBN_SMA500F_id43_s1_62.png,1,VALID,-1.8320312,1.2158203,0.90966797,-3.5995932,LCC-FASD external-dev / cross-domain stress set,False
YOUTUBE_LGFIPS235VBN_SMA500F_id43_s1_77.png,1,VALID,-2.2324219,1.8857422,0.84375,-4.4203043,LCC-FASD external-dev / cross-domain stress set,False
YOUTUBE_LGFIPS235VBN_SMA500F_id43_s1_92.png,1,VALID,-2.0839844,2.15625,0.45214844,-4.4073877,LCC-FASD external-dev / cross-domain stress set,False
YOUTUBE_LGFIPS235VBN_SMA500F_id43_s1_107.png,1,VALID,-1.5371094,1.3417969,0.5908203,-3.265464,LCC-FASD external-dev / cross-domain stress set,False
YOUTUBE_LGFIPS235VBN_SMA500F_id43_s1_122.png,1,VALID,-1.8408203,2.0488281,0.27661133,-4.0466146,LCC-FASD external-dev / cross-domain stress set,False
YOUTUBE_LGFIPS235VBN_SMA500F_id43_s1_137.png,1,VALID,-2.1191406,2.4003906,0.33642578,-4.6390457,LCC-FASD external-dev / cross-domain stress set,False
YOUTUBE_LGFIPS235VBN_SMA500F_id43_s1_152.png,1,VALID,-2.1425781,2.2539062,0.37353516,-4.538447,LCC-FASD external-dev / cross-domain stress set,False
YOUTUBE_LY300_REDMIS2_id39_s1_15.png,1,VALID,-2.203125,2.0820312,0.38330078,-4.4531384,LCC-FASD external-dev / cross-domain stress set,False
YOUTUBE_LY300_REDMIS2_id39_s1_30.png,1,VALID,-2.2070312,1.4003906,1.2587891,-4.2322726,LCC-FASD external-dev / cross-domain stress set,False
YOUTUBE_LY300_REDMIS2_id39_s1_48.png,1,VALID,-2.5,1.6474609,1.5361328,-4.7864923,LCC-FASD external-dev / cross-domain stress set,False
YOUTUBE_LY300_REDMIS2_id39_s1_63.png,1,VALID,-2.0839844,1.9541016,0.65234375,-4.278718,LCC-FASD external-dev / cross-domain stress set,False
YOUTUBE_LY300_REDMIS2_id39_s1_82.png,1,VALID,-0.39746094,0.7817383,-0.1796875,-1.5029823,LCC-FASD external-dev / cross-domain stress set,False
YOUTUBE_LY300_REDMIS2_id39_s1_97.png,1,VALID,-2.1230469,2.0605469,0.45654297,-4.366823,LCC-FASD external-dev / cross-domain stress set,False
YOUTUBE_LY300_REDMIS2_id39_s1_112.png,1,VALID,-1.7666016,1.8916016,0.2939453,-3.842498,LCC-FASD external-dev / cross-domain stress set,False
YOUTUBE_LY300_REDMIS2_id39_s1_127.png,1,VALID,-1.2988281,1.4931641,-0.0084991455,-2.9931023,LCC-FASD external-dev / cross-domain stress set,False
YOUTUBE_LY300_REDMIS2_id42_s0_25.png,1,VALID,0.6191406,1.0849609,-1.6503906,-0.5286741,LCC-FASD external-dev / cross-domain stress set,False
YOUTUBE_LY300_REDMIS2_id42_s0_47.png,1,VALID,1.7207031,0.37182617,-2.2871094,1.2811971,LCC-FASD external-dev / cross-domain stress set,True
YOUTUBE_LY300_REDMIS2_id42_s0_88.png,1,VALID,2.0625,-0.5131836,-1.9853516,2.369135,LCC-FASD external-dev / cross-domain stress set,True
YOUTUBE_LY300_REDMIS2_id42_s0_106.png,1,VALID,1.4785156,0.0032577515,-1.7734375,1.3189412,LCC-FASD external-dev / cross-domain stress set,True
YOUTUBE_LY300_REDMIS2_id42_s0_121.png,1,VALID,1.640625,-0.09674072,-1.8974609,1.5844903,LCC-FASD external-dev / cross-domain stress set,True
YOUTUBE_LY300_REDMIS2_id42_s0_166.png,1,VALID,0.8261719,0.35742188,-1.3652344,0.30443025,LCC-FASD external-dev / cross-domain stress set,True
YOUTUBE_LY300_REDMIS2_id42_s0_181.png,1,VALID,1.9052734,-0.17346191,-2.1152344,1.9446858,LCC-FASD external-dev / cross-domain stress set,True
YOUTUBE_LY300_REDMIS2_id42_s0_196.png,1,VALID,1.9736328,-0.22961426,-2.1816406,2.0704782,LCC-FASD external-dev / cross-domain stress set,True
YOUTUBE_LY300_REDMIS2_id42_s0_213.png,1,VALID,1.7705078,-0.045959473,-2.0878906,1.6944462,LCC-FASD external-dev / cross-domain stress set,True
YOUTUBE_LY300_REDMIS2_id42_s0_248.png,1,VALID,1.1201172,0.05505371,-1.5,0.87346995,LCC-FASD external-dev / cross-domain stress set,True
YOUTUBE_MBP1314_IPHONE8B_id39_s0_15.png,1,VALID,-2.5859375,2.4726562,1.1367188,-5.2920136,LCC-FASD external-dev / cross-domain stress set,False
YOUTUBE_MBP1314_IPHONE8B_id39_s0_30.png,1,VALID,0.45239258,1.5185547,-1.5810547,-1.110243,LCC-FASD external-dev / cross-domain stress set,False
YOUTUBE_MBP1314_IPHONE8B_id39_s0_45.png,1,VALID,-2.515625,2.6191406,0.80078125,-5.285159,LCC-FASD external-dev / cross-domain stress set,False
YOUTUBE_MBP1314_IPHONE8B_id39_s0_64.png,1,VALID,-2.2167969,2.7480469,0.4338379,-5.059103,LCC-FASD external-dev / cross-domain stress set,False
YOUTUBE_MBP1314_IPHONE8B_id39_s1_15.png,1,VALID,-0.055786133,0.86376953,-0.73876953,-1.1030303,LCC-FASD external-dev / cross-domain stress set,False
YOUTUBE_MBP1314_IPHONE8B_id39_s1_30.png,1,VALID,0.35229492,0.1973877,-0.65234375,-0.20103824,LCC-FASD external-dev / cross-domain stress set,True
YOUTUBE_MBP1314_IPHONE8B_id39_s1_45.png,1,VALID,-0.20837402,0.6123047,-0.31103516,-1.1551421,LCC-FASD external-dev / cross-domain stress set,False
YOUTUBE_MBP1314_IPHONE8B_id39_s1_60.png,1,VALID,0.6245117,0.40478516,-1.2441406,0.043878973,LCC-FASD external-dev / cross-domain stress set,True
YOUTUBE_MBP1314_IPHONE8B_id39_s1_75.png,1,VALID,0.30273438,0.1538086,-0.62158203,-0.22986937,LCC-FASD external-dev / cross-domain stress set,True
YOUTUBE_MBP1314_IPHONE8B_id39_s1_90.png,1,VALID,-0.0031986237,0.33032227,-0.31079102,-0.75663316,LCC-FASD external-dev / cross-domain stress set,False
YOUTUBE_MBP1314_IPHONE8B_id39_s1_105.png,1,VALID,-0.02734375,0.8535156,-0.7705078,-1.0607648,LCC-FASD external-dev / cross-domain stress set,False
YOUTUBE_MBP1314_IPHONE8B_id39_s1_120.png,1,VALID,-0.24584961,0.96777344,-0.6958008,-1.387123,LCC-FASD external-dev / cross-domain stress set,False
YOUTUBE_MBP1314_IPHONE8B_id39_s1_135.png,1,VALID,-0.10437012,0.73583984,-0.5932617,-1.0750568,LCC-FASD external-dev / cross-domain stress set,False
YOUTUBE_MBP1314_IPHONE8B_id42_s0_103.png,1,VALID,2.296875,-1.2763672,-1.8691406,3.1331875,LCC-FASD external-dev / cross-domain stress set,True
YOUTUBE_MBP1314_IPHONE8B_id42_s0_118.png,1,VALID,2.1738281,-1.0205078,-1.8046875,2.8183038,LCC-FASD external-dev / cross-domain stress set,True
YOUTUBE_MBP1314_IPHONE8B_id42_s0_133.png,1,VALID,2.703125,-1.6455078,-1.9873047,3.8118515,LCC-FASD external-dev / cross-domain stress set,True
YOUTUBE_L5001EL_IPHONE6F_id43_s1_36.png,1,VALID,1.2841797,0.27539062,-1.9628906,0.90745914,LCC-FASD external-dev / cross-domain stress set,True
YOUTUBE_L5001EL_IPHONE6F_id43_s1_51.png,1,VALID,0.7416992,0.59814453,-1.6572266,0.043859005,LCC-FASD external-dev / cross-domain stress set,True
YOUTUBE_L5001EL_IPHONE6F_id43_s1_66.png,1,VALID,1.8525391,-0.36645508,-2.2226562,2.0737991,LCC-FASD external-dev / cross-domain stress set,True
YOUTUBE_L5001EL_IPHONE6F_id43_s1_81.png,1,VALID,0.14257812,0.8935547,-1.1503906,-0.8727664,LCC-FASD external-dev / cross-domain stress set,False
YOUTUBE_L5001EL_IPHONE6F_id43_s1_175.png,1,VALID,-0.15844727,1.2255859,-0.99609375,-1.486975,LCC-FASD external-dev / cross-domain stress set,False
YOUTUBE_LG58020157_DOOX5MP_id39_s0_15.png,1,VALID,-1.8613281,3.4414062,-0.4729004,-5.322492,LCC-FASD external-dev / cross-domain stress set,False
YOUTUBE_LG58020157_DOOX5MP_id39_s0_30.png,1,VALID,-2.2207031,3.046875,0.15649414,-5.321645,LCC-FASD external-dev / cross-domain stress set,False
YOUTUBE_LG58020157_DOOX5MP_id43_s0_15.png,1,VALID,-1.8203125,1.3007812,1.0761719,-3.708229,LCC-FASD external-dev / cross-domain stress set,False
YOUTUBE_LG58020157_DOOX5MP_id43_s0_31.png,1,VALID,-1.3496094,1.0722656,0.77734375,-2.9783945,LCC-FASD external-dev / cross-domain stress set,False
YOUTUBE_LG58020157_DOOX5MP_id43_s0_46.png,1,VALID,-1.3603516,0.9165039,0.8334961,-2.9293597,LCC-FASD external-dev / cross-domain stress set,False
YOUTUBE_LG58020157_DOOX5MP_id43_s0_67.png,1,VALID,-0.8491211,0.5473633,0.48217773,-2.0575697,LCC-FASD external-dev / cross-domain stress set,False
YOUTUBE_LG58020157_DOOX5MP_id43_s0_82.png,1,VALID,-0.7104492,0.67285156,0.33789062,-1.9229273,LCC-FASD external-dev / cross-domain stress set,False
YOUTUBE_LG58020157_DOOX5MP_id43_s0_101.png,1,NO_VALID_FACE,,,,,LCC-FASD external-dev / cross-domain stress set,
YOUTUBE_LG58020157_DOOX5MP_id43_s1_15.png,1,VALID,-2.0898438,2.8398438,0.31445312,-5.006674,LCC-FASD external-dev / cross-domain stress set,False
YOUTUBE_LG58020157_DOOX5MP_id43_s1_30.png,1,VALID,-0.041870117,1.1484375,-0.76220703,-1.3283159,LCC-FASD external-dev / cross-domain stress set,False
YOUTUBE_LG58020157_DOOX5MP_id43_s1_45.png,1,VALID,-1.2734375,2.0605469,-0.03552246,-3.4499335,LCC-FASD external-dev / cross-domain stress set,False
YOUTUBE_LG58020157_DOOX5MP_id43_s1_60.png,1,VALID,-0.72216797,2.6445312,-1.2753906,-3.3863475,LCC-FASD external-dev / cross-domain stress set,False
YOUTUBE_LG58020157_DOOX5MP_id43_s1_75.png,1,VALID,-1.2167969,2.78125,-0.6274414,-4.030596,LCC-FASD external-dev / cross-domain stress set,False
YOUTUBE_LG58020157_DOOX5MP_id48_s1_15.png,1,VALID,-0.2668457,0.1875,0.064819336,-1.0880327,LCC-FASD external-dev / cross-domain stress set,False
YOUTUBE_LG58020157_DOOX5MP_id48_s1_30.png,1,VALID,-2.1464844,1.7685547,0.7973633,-4.2361307,LCC-FASD external-dev / cross-domain stress set,False
YOUTUBE_LG58020157_DOOX5MP_id48_s1_45.png,1,VALID,-1.3662109,0.8901367,0.89746094,-2.9531636,LCC-FASD external-dev / cross-domain stress set,False
YOUTUBE_LG58020157_DOOX5MP_id48_s1_60.png,1,VALID,-1.6738281,1.0117188,1.0019531,-3.3738232,LCC-FASD external-dev / cross-domain stress set,False
YOUTUBE_LG58020157_DOOX5MP_id48_s1_75.png,1,VALID,-2.03125,1.7158203,0.9370117,-4.124789,LCC-FASD external-dev / cross-domain stress set,False
YOUTUBE_LG58020157_DOOX5MP_id48_s1_90.png,1,VALID,-1.4814453,1.2900391,0.6611328,-3.198825,LCC-FASD external-dev / cross-domain stress set,False
YOUTUBE_LG58020157_DOOX5MP_id48_s1_105.png,1,VALID,-1.9746094,1.3603516,0.91748047,-3.8309917,LCC-FASD external-dev / cross-domain stress set,False
YOUTUBE_LG58020157_DOOX5MP_id48_s1_120.png,1,VALID,-1.7509766,1.0898438,1.0410156,-3.5098515,LCC-FASD external-dev / cross-domain stress set,False
YOUTUBE_LG58020157_DOOX5MP_id48_s1_136.png,1,VALID,-1.3818359,1.40625,0.43115234,-3.1081061,LCC-FASD external-dev / cross-domain stress set,False
YOUTUBE_LG58020157_LP770_id42_s0_15.png,1,VALID,0.5161133,0.9526367,-1.3710938,-0.52992964,LCC-FASD external-dev / cross-domain stress set,False
YOUTUBE_LG58020157_LP770_id42_s0_30.png,1,VALID,0.6479492,0.5449219,-1.2714844,-0.04763937,LCC-FASD external-dev / cross-domain stress set,True
YOUTUBE_LG58020157_LP770_id42_s0_45.png,1,VALID,-0.026687622,0.5996094,-0.5332031,-0.9055381,LCC-FASD external-dev / cross-domain stress set,False
YOUTUBE_LG58020157_LP770_id42_s0_60.png,1,VALID,-0.24291992,0.9423828,-0.5361328,-1.39067,LCC-FASD external-dev / cross-domain stress set,False
YOUTUBE_LG58020157_LP770_id42_s0_75.png,1,VALID,0.5097656,0.8364258,-1.1699219,-0.4528336,LCC-FASD external-dev / cross-domain stress set,False
YOUTUBE_LG58020157_LP770_id42_s0_90.png,1,VALID,0.022201538,0.9458008,-0.7895508,-1.0860057,LCC-FASD external-dev / cross-domain stress set,False
YOUTUBE_LGFE2240_SDGTS6102_id43_s0_36.png,1,VALID,-1.2539062,1.3828125,0.19970703,-2.9039373,LCC-FASD external-dev / cross-domain stress set,False
YOUTUBE_LGFE2240_SDGTS6102_id43_s0_95.png,1,VALID,-0.51123047,0.53271484,0.04348755,-1.5221031,LCC-FASD external-dev / cross-domain stress set,False
YOUTUBE_LGFE2240_SDGTS6102_id43_s0_124.png,1,VALID,-1.4755859,1.0957031,0.7241211,-3.0958061,LCC-FASD external-dev / cross-domain stress set,False
YOUTUBE_LGFE2240_SDGTS6102_id48_s1_15.png,1,VALID,-1.9013672,1.6171875,0.7416992,-3.8668556,LCC-FASD external-dev / cross-domain stress set,False
YOUTUBE_LGFE2240_SDGTS6102_id48_s1_32.png,1,VALID,-1.4785156,0.63378906,1.2509766,-3.1609235,LCC-FASD external-dev / cross-domain stress set,False
YOUTUBE_LGFE2240_SDGTS6102_id48_s1_47.png,1,VALID,-3.4023438,2.4824219,1.8876953,-6.3241253,LCC-FASD external-dev / cross-domain stress set,False
YOUTUBE_LGFE2240_SDGTS6102_id48_s1_62.png,1,VALID,-2.6210938,1.7558594,1.4296875,-4.920254,LCC-FASD external-dev / cross-domain stress set,False
YOUTUBE_LGFE2240_SDGTS6102_id48_s1_77.png,1,VALID,-3.3378906,2.1757812,1.9492188,-6.0999403,LCC-FASD external-dev / cross-domain stress set,False
YOUTUBE_LGFE2240_SDGTS6102_id48_s1_93.png,1,VALID,-3.0136719,2.8828125,1.1298828,-6.0562754,LCC-FASD external-dev / cross-domain stress set,False
YOUTUBE_LGFE2240_SDGTS6102_id48_s1_108.png,1,VALID,-2.203125,1.7460938,0.97509766,-4.329402,LCC-FASD external-dev / cross-domain stress set,False
YOUTUBE_LGFE2240_SDGTS6102_id48_s1_124.png,1,VALID,-0.099487305,0.97558594,-0.67871094,-1.2500566,LCC-FASD external-dev / cross-domain stress set,False
YOUTUBE_LGFE2240_SDGTS6102_id48_s1_140.png,1,VALID,-2.9941406,1.9941406,1.7089844,-5.54898,LCC-FASD external-dev / cross-domain stress set,False
YOUTUBE_LGFE2240_SDGTS6102_id48_s1_155.png,1,VALID,-2.6035156,1.8769531,1.4267578,-4.9736414,LCC-FASD external-dev / cross-domain stress set,False
YOUTUBE_LGFIPS235VBN_SMA500F_id39_s0_15.png,1,VALID,-2.7226562,1.6894531,1.5917969,-5.05762,LCC-FASD external-dev / cross-domain stress set,False
YOUTUBE_LGFIPS235VBN_SMA500F_id39_s0_31.png,1,VALID,-0.045806885,1.421875,-1.1142578,-1.5438759,LCC-FASD external-dev / cross-domain stress set,False
YOUTUBE_LGFIPS235VBN_SMA500F_id39_s0_46.png,1,VALID,-2.625,2.2226562,0.97558594,-5.100239,LCC-FASD external-dev / cross-domain stress set,False
YOUTUBE_LGFIPS235VBN_SMA500F_id43_s0_101.png,1,VALID,-1.625,0.71972656,1.2089844,-3.3121305,LCC-FASD external-dev / cross-domain stress set,False
YOUTUBE_LGFIPS235VBN_SMA500F_id43_s0_116.png,1,VALID,-1.4931641,2.1484375,0.07141113,-3.7596533,LCC-FASD external-dev / cross-domain stress set,False
YOUTUBE_LGFIPS235VBN_SMA500F_id43_s0_131.png,1,VALID,-2.0351562,1.0439453,1.2841797,-3.8995628,LCC-FASD external-dev / cross-domain stress set,False
YOUTUBE_IIYAMAXU_ZE520KL_id43_s0_36.png,1,VALID,-2.4101562,1.7460938,1.1015625,-4.578184,LCC-FASD external-dev / cross-domain stress set,False
YOUTUBE_IIYAMAXU_ZE520KL_id43_s0_52.png,1,VALID,-2.6972656,2.9355469,0.5878906,-5.724108,LCC-FASD external-dev / cross-domain stress set,False
YOUTUBE_IIYAMAXU_ZE520KL_id43_s0_133.png,1,VALID,-2.8574219,1.7744141,1.7285156,-5.302297,LCC-FASD external-dev / cross-domain stress set,False
YOUTUBE_IIYAMAXU_ZE520KL_id43_s0_158.png,1,VALID,-2.3046875,1.3701172,1.4746094,-4.421562,LCC-FASD external-dev / cross-domain stress set,False
YOUTUBE_IIYAMAXU_ZE520KL_id43_s0_173.png,1,VALID,-1.921875,1.2421875,1.03125,-3.7572925,LCC-FASD external-dev / cross-domain stress set,False
YOUTUBE_IIYAMAXU_ZE520KL_id43_s0_193.png,1,VALID,-2.1054688,2.4472656,0.3684082,-4.6705823,LCC-FASD external-dev / cross-domain stress set,False
YOUTUBE_IIYAMAXU_ZE520KL_id43_s0_214.png,1,VALID,-1.8417969,2.0039062,0.40234375,-4.0293417,LCC-FASD external-dev / cross-domain stress set,False
YOUTUBE_IIYAMAXU_ZE520KL_id43_s1_17.png,1,VALID,-0.96777344,1.1376953,0.17736816,-2.429556,LCC-FASD external-dev / cross-domain stress set,False
YOUTUBE_IIYAMAXU_ZE520KL_id43_s1_34.png,1,VALID,-0.9082031,1.4033203,-0.13537598,-2.5059881,LCC-FASD external-dev / cross-domain stress set,False
YOUTUBE_IIYAMAXU_ZE520KL_id43_s1_72.png,1,VALID,-1.4296875,1.2109375,0.6201172,-3.0813754,LCC-FASD external-dev / cross-domain stress set,False
YOUTUBE_IIYAMAXU_ZE520KL_id43_s1_87.png,1,VALID,-1.8876953,2.1035156,0.44628906,-4.1657248,LCC-FASD external-dev / cross-domain stress set,False
YOUTUBE_IIYAMAXU_ZE520KL_id43_s1_114.png,1,VALID,-1.6982422,2.0800781,0.3154297,-3.9363892,LCC-FASD external-dev / cross-domain stress set,False
YOUTUBE_IIYAMAXU_ZE520KL_id43_s1_129.png,1,VALID,-2.9824219,2.5585938,1.3886719,-5.8113413,LCC-FASD external-dev / cross-domain stress set,False
YOUTUBE_IIYAMAXU_ZE520KL_id43_s1_144.png,1,VALID,-2.1640625,1.9287109,1.0839844,-4.4502206,LCC-FASD external-dev / cross-domain stress set,False
YOUTUBE_IIYAMAXU_ZE520KL_id43_s1_159.png,1,VALID,-2.2871094,2.5039062,0.79589844,-4.957569,LCC-FASD external-dev / cross-domain stress set,False
YOUTUBE_IIYAMAXU_ZE520KL_id48_s1_15.png,1,VALID,1.4140625,-1.6162109,-0.54345703,1.6633099,LCC-FASD external-dev / cross-domain stress set,True
YOUTUBE_IIYAMAXU_ZE520KL_id48_s1_30.png,1,VALID,-1.5302734,0.42944336,1.0703125,-3.0237823,LCC-FASD external-dev / cross-domain stress set,False
YOUTUBE_IIYAMAXU_ZE520KL_id48_s1_45.png,1,VALID,-1.5693359,0.59765625,1.1845703,-3.1960506,LCC-FASD external-dev / cross-domain stress set,False
YOUTUBE_IIYAMAXU_ZE520KL_id48_s1_60.png,1,VALID,-1.7753906,1.4091797,0.8125,-3.6232362,LCC-FASD external-dev / cross-domain stress set,False
YOUTUBE_IIYAMAXU_ZE520KL_id48_s1_75.png,1,VALID,-3.0898438,1.5625,2.0195312,-5.599892,LCC-FASD external-dev / cross-domain stress set,False
YOUTUBE_IIYAMAXU_ZE520KL_id48_s1_95.png,1,VALID,-3.1035156,1.1298828,2.6386719,-5.9420033,LCC-FASD external-dev / cross-domain stress set,False
YOUTUBE_IIYAMAXU_ZE520KL_id48_s1_110.png,1,VALID,-2.8144531,2.0898438,1.5224609,-5.3534646,LCC-FASD external-dev / cross-domain stress set,False
YOUTUBE_IIYAMAXU_ZE520KL_id48_s1_125.png,1,VALID,-2.4394531,2.21875,0.96777344,-4.909915,LCC-FASD external-dev / cross-domain stress set,False
YOUTUBE_IIYAMAXU_ZE520KL_id48_s1_140.png,1,VALID,-3.0234375,2.1289062,1.5986328,-5.615099,LCC-FASD external-dev / cross-domain stress set,False
YOUTUBE_IIYAMAXU_ZE520KL_id48_s1_155.png,1,VALID,-3.0253906,1.9130859,1.78125,-5.567877,LCC-FASD external-dev / cross-domain stress set,False
YOUTUBE_L1752S_SGS4M_id48_s0_15.png,1,VALID,-1.2753906,1.28125,0.39916992,-2.9030073,LCC-FASD external-dev / cross-domain stress set,False
YOUTUBE_L1752S_SGS4M_id48_s0_30.png,1,VALID,-1.0898438,1.3681641,0.059326172,-2.69713,LCC-FASD external-dev / cross-domain stress set,False
YOUTUBE_L1752S_SGS4M_id48_s0_45.png,1,VALID,-0.88134766,1.0830078,0.08850098,-2.2790976,LCC-FASD external-dev / cross-domain stress set,False
YOUTUBE_L1752S_SGS4M_id48_s0_60.png,1,VALID,-1.3632812,1.0732422,0.63623047,-2.9348497,LCC-FASD external-dev / cross-domain stress set,False
YOUTUBE_L1752S_SGS4M_id48_s0_75.png,1,VALID,-1.7978516,1.0947266,1.09375,-3.585237,LCC-FASD external-dev / cross-domain stress set,False
YOUTUBE_L1752S_SGS4M_id48_s0_90.png,1,VALID,-1.7324219,1.4160156,0.7739258,-3.571213,LCC-FASD external-dev / cross-domain stress set,False
YOUTUBE_L1752S_SGS4M_id48_s0_105.png,1,VALID,-1.2841797,1.4775391,0.19787598,-3.0071177,LCC-FASD external-dev / cross-domain stress set,False
YOUTUBE_L1752S_SGS4M_id48_s0_120.png,1,VALID,-1.7216797,1.5029297,0.5722656,-3.5569959,LCC-FASD external-dev / cross-domain stress set,False
YOUTUBE_L1752S_SGS4M_id48_s0_135.png,1,VALID,-2.2753906,1.9677734,0.9555664,-4.5531573,LCC-FASD external-dev / cross-domain stress set,False
YOUTUBE_L1752S_SGS4M_id48_s0_150.png,1,VALID,-2.0839844,1.890625,0.72216797,-4.245282,LCC-FASD external-dev / cross-domain stress set,False
YOUTUBE_L5001EL_IPHONE6F_id43_s0_15.png,1,VALID,0.11291504,0.73339844,-0.8388672,-0.8090971,LCC-FASD external-dev / cross-domain stress set,False
YOUTUBE_L5001EL_IPHONE6F_id43_s0_30.png,1,VALID,-0.13964844,0.7915039,-0.68066406,-1.137701,LCC-FASD external-dev / cross-domain stress set,False
YOUTUBE_L5001EL_IPHONE6F_id43_s0_48.png,1,VALID,-0.63671875,1.0986328,-0.3996582,-1.9370768,LCC-FASD external-dev / cross-domain stress set,False
YOUTUBE_L5001EL_IPHONE6F_id43_s0_66.png,1,VALID,0.14672852,0.39111328,-0.63916016,-0.5495944,LCC-FASD external-dev / cross-domain stress set,False
YOUTUBE_L5001EL_IPHONE6F_id43_s0_82.png,1,VALID,0.3479004,0.37353516,-0.8154297,-0.29148245,LCC-FASD external-dev / cross-domain stress set,True
YOUTUBE_L5001EL_IPHONE6F_id43_s0_98.png,1,VALID,-0.19702148,0.65722656,-0.4724121,-1.1342633,LCC-FASD external-dev / cross-domain stress set,False
YOUTUBE_L5001EL_IPHONE6F_id43_s0_121.png,1,VALID,0.15734863,0.51953125,-0.8984375,-0.57907104,LCC-FASD external-dev / cross-domain stress set,False
YOUTUBE_L5001EL_IPHONE6F_id43_s0_136.png,1,VALID,-0.55615234,0.4423828,0.052124023,-1.5154711,LCC-FASD external-dev / cross-domain stress set,False
YOUTUBE_L5001EL_IPHONE6F_id43_s0_151.png,1,VALID,0.015426636,0.5209961,-0.59228516,-0.7896044,LCC-FASD external-dev / cross-domain stress set,False
YOUTUBE_L5001EL_IPHONE6F_id43_s0_166.png,1,VALID,-1.0957031,1.5498047,-0.14501953,-2.814095,LCC-FASD external-dev / cross-domain stress set,False
YOUTUBE_L5001EL_IPHONE6F_id43_s1_15.png,1,VALID,1.2519531,0.33666992,-1.9541016,0.8188932,LCC-FASD external-dev / cross-domain stress set,True
YOUTUBE_L5001EL_IPHONE6F_id43_s1_104.png,1,VALID,1.8740234,-0.4814453,-1.9560547,2.1493752,LCC-FASD external-dev / cross-domain stress set,True
YOUTUBE_L5001EL_IPHONE6F_id43_s1_119.png,1,VALID,-0.13183594,1.0341797,-1.0136719,-1.2873583,LCC-FASD external-dev / cross-domain stress set,False
YOUTUBE_L5001EL_IPHONE6F_id43_s1_134.png,1,VALID,-0.61621094,1.4814453,-0.8364258,-2.1915865,LCC-FASD external-dev / cross-domain stress set,False
YOUTUBE_L5001EL_IPHONE6F_id43_s1_149.png,1,VALID,-0.64453125,1.6943359,-0.7871094,-2.4191766,LCC-FASD external-dev / cross-domain stress set,False
YOUTUBE_IIYAMAXU_SMG955U_S0_id48_s1_30.png,1,VALID,-1.4384766,1.3916016,0.32592773,-3.1260972,LCC-FASD external-dev / cross-domain stress set,False
YOUTUBE_IIYAMAXU_SMG955U_S0_id48_s1_45.png,1,VALID,-1.2744141,1.4589844,0.21728516,-2.9871821,LCC-FASD external-dev / cross-domain stress set,False
YOUTUBE_IIYAMAXU_SMG955U_S0_id48_s1_60.png,1,VALID,-2.5703125,2.1835938,0.9628906,-5.0124345,LCC-FASD external-dev / cross-domain stress set,False
YOUTUBE_IIYAMAXU_SMG955U_S0_id48_s1_77.png,1,VALID,-3.5390625,2.3339844,2.1210938,-6.4654036,LCC-FASD external-dev / cross-domain stress set,False
YOUTUBE_IIYAMAXU_SMG955U_S0_id48_s1_92.png,1,VALID,-2.5683594,2.15625,1.0263672,-5.0045652,LCC-FASD external-dev / cross-domain stress set,False
YOUTUBE_IIYAMAXU_SMG955U_S1_id48_s0_15.png,1,VALID,-2.171875,2.4453125,0.43066406,-4.7423806,LCC-FASD external-dev / cross-domain stress set,False
YOUTUBE_IIYAMAXU_SMG955U_S1_id48_s0_30.png,1,VALID,-2.625,2.7773438,0.68896484,-5.5191374,LCC-FASD external-dev / cross-domain stress set,False
YOUTUBE_IIYAMAXU_SMG955U_S1_id48_s0_45.png,1,VALID,-3.0722656,3.3046875,0.7495117,-6.451762,LCC-FASD external-dev / cross-domain stress set,False
YOUTUBE_IIYAMAXU_SMG955U_S1_id48_s0_60.png,1,VALID,-3.859375,3.5820312,1.4345703,-7.551856,LCC-FASD external-dev / cross-domain stress set,False
YOUTUBE_IIYAMAXU_SMG955U_S1_id48_s0_75.png,1,VALID,-3.375,3.0,1.3662109,-6.5533037,LCC-FASD external-dev / cross-domain stress set,False
YOUTUBE_IIYAMAXU_SMG955U_S1_id48_s0_90.png,1,VALID,-3.5273438,3.3613281,1.1630859,-6.993931,LCC-FASD external-dev / cross-domain stress set,False
YOUTUBE_IIYAMAXU_SMG955U_S1_id48_s0_105.png,1,VALID,-3.4765625,2.9550781,1.6035156,-6.661828,LCC-FASD external-dev / cross-domain stress set,False
YOUTUBE_IIYAMAXU_SMG955U_S1_id48_s0_120.png,1,VALID,-3.7265625,3.3339844,1.4824219,-7.2063704,LCC-FASD external-dev / cross-domain stress set,False
YOUTUBE_IIYAMAXU_SMG955U_S1_id48_s0_135.png,1,VALID,-3.1992188,3.1171875,1.1210938,-6.443801,LCC-FASD external-dev / cross-domain stress set,False
YOUTUBE_IIYAMAXU_SMG955U_S1_id48_s0_150.png,1,VALID,-3.7304688,3.265625,1.5449219,-7.1607094,LCC-FASD external-dev / cross-domain stress set,False
YOUTUBE_IIYAMAXU_SMG955U_S1_id48_s1_15.png,1,VALID,-0.7265625,0.057037354,0.64990234,-1.8164868,LCC-FASD external-dev / cross-domain stress set,False
YOUTUBE_IIYAMAXU_SMG955U_S1_id48_s1_30.png,1,VALID,-0.79052734,0.7006836,0.24401855,-1.98187,LCC-FASD external-dev / cross-domain stress set,False
YOUTUBE_IIYAMAXU_SMG955U_S1_id48_s1_45.png,1,VALID,-1.5732422,0.87646484,0.9550781,-3.182933,LCC-FASD external-dev / cross-domain stress set,False
YOUTUBE_IIYAMAXU_SMG955U_S1_id48_s1_60.png,1,VALID,-1.8496094,1.484375,0.71435547,-3.714476,LCC-FASD external-dev / cross-domain stress set,False
YOUTUBE_IIYAMAXU_SMG955U_S1_id48_s1_75.png,1,VALID,-2.5742188,0.95458984,1.9208984,-4.817552,LCC-FASD external-dev / cross-domain stress set,False
YOUTUBE_IIYAMAXU_SMG955U_S1_id48_s1_90.png,1,VALID,-2.3300781,1.9316406,0.82373047,-4.5470843,LCC-FASD external-dev / cross-domain stress set,False
YOUTUBE_IIYAMAXU_SMG955U_S1_id48_s1_105.png,1,VALID,-2.2128906,1.9775391,0.6821289,-4.4324226,LCC-FASD external-dev / cross-domain stress set,False
YOUTUBE_IIYAMAXU_SMG955U_S1_id48_s1_120.png,1,VALID,-2.3925781,1.7792969,1.1523438,-4.5998955,LCC-FASD external-dev / cross-domain stress set,False
YOUTUBE_IIYAMAXU_SMG955U_S1_id48_s1_135.png,1,VALID,-2.2714844,2.125,0.6645508,-4.6052303,LCC-FASD external-dev / cross-domain stress set,False
YOUTUBE_IIYAMAXU_SMG955U_S1_id48_s1_150.png,1,VALID,-2.0253906,1.7119141,0.8261719,-4.0826006,LCC-FASD external-dev / cross-domain stress set,False
YOUTUBE_IIYAMAXU_SMJ710FN_id29_s0_15.png,1,VALID,-1.4707031,1.4628906,0.46875,-3.2484345,LCC-FASD external-dev / cross-domain stress set,False
YOUTUBE_IIYAMAXU_SMJ710FN_id29_s0_30.png,1,VALID,-1.8007812,1.7949219,0.5625,-3.8515737,LCC-FASD external-dev / cross-domain stress set,False
YOUTUBE_IIYAMAXU_SMJ710FN_id29_s0_45.png,1,VALID,-2.1210938,2.1308594,0.6201172,-4.451415,LCC-FASD external-dev / cross-domain stress set,False
YOUTUBE_IIYAMAXU_SMJ710FN_id29_s0_60.png,1,VALID,-2.1523438,2.390625,0.4387207,-4.6757526,LCC-FASD external-dev / cross-domain stress set,False
YOUTUBE_IIYAMAXU_SMJ710FN_id29_s0_75.png,1,VALID,-1.7705078,1.9550781,0.3972168,-3.9166903,LCC-FASD external-dev / cross-domain stress set,False
YOUTUBE_IIYAMAXU_SMJ710FN_id29_s0_90.png,1,VALID,-1.6484375,1.8427734,0.27563477,-3.6807077,LCC-FASD external-dev / cross-domain stress set,False
YOUTUBE_IIYAMAXU_SMJ710FN_id29_s0_105.png,1,VALID,-1.5078125,1.3955078,0.56640625,-3.265489,LCC-FASD external-dev / cross-domain stress set,False
YOUTUBE_IIYAMAXU_SMJ710FN_id29_s0_120.png,1,VALID,-1.5283203,1.7578125,0.25390625,-3.4868345,LCC-FASD external-dev / cross-domain stress set,False
YOUTUBE_IIYAMAXU_SMJ710FN_id29_s0_135.png,1,VALID,-1.3964844,1.6962891,0.18847656,-3.292766,LCC-FASD external-dev / cross-domain stress set,False
YOUTUBE_IIYAMAXU_ZE520KL_id39_s0_16.png,1,VALID,-2.6113281,2.1699219,1.4296875,-5.1712646,LCC-FASD external-dev / cross-domain stress set,False
YOUTUBE_IIYAMAXU_ZE520KL_id39_s0_36.png,1,VALID,-1.0419922,2.3652344,-0.74902344,-3.45068,LCC-FASD external-dev / cross-domain stress set,False
YOUTUBE_IIYAMAXU_ZE520KL_id39_s0_51.png,1,VALID,-2.7324219,2.1386719,1.2128906,-5.2048635,LCC-FASD external-dev / cross-domain stress set,False
YOUTUBE_IIYAMAXU_ZE520KL_id39_s0_81.png,1,VALID,-2.1699219,1.8037109,1.0947266,-4.3738465,LCC-FASD external-dev / cross-domain stress set,False
YOUTUBE_IIYAMAXU_ZE520KL_id39_s0_213.png,1,VALID,1.4550781,0.25585938,-1.8193359,1.080963,LCC-FASD external-dev / cross-domain stress set,True
YOUTUBE_IIYAMAXU_ZE520KL_id39_s0_311.png,1,VALID,0.29418945,-1.6875,1.1220703,-0.88636756,LCC-FASD external-dev / cross-domain stress set,False
YOUTUBE_IIYAMAXU_ZE520KL_id39_s0_334.png,1,VALID,0.09442139,-1.5966797,1.4169922,-1.3705139,LCC-FASD external-dev / cross-domain stress set,False
YOUTUBE_IIYAMAXU_ZE520KL_id39_s0_367.png,1,VALID,-0.3996582,-0.23937988,0.6669922,-1.4059665,LCC-FASD external-dev / cross-domain stress set,False
YOUTUBE_IIYAMAXU_ZE520KL_id43_s0_109.png,1,VALID,-2.9160156,1.7177734,1.8623047,-5.4018106,LCC-FASD external-dev / cross-domain stress set,False
YOUTUBE_IIYAMAXU_SMG955U_S0_id39_s0_32.png,1,VALID,-4.0351562,4.25,1.1787109,-8.330475,LCC-FASD external-dev / cross-domain stress set,False
YOUTUBE_IIYAMAXU_SMG955U_S0_id43_s0_23.png,1,VALID,-3.7636719,2.8867188,1.984375,-6.9908676,LCC-FASD external-dev / cross-domain stress set,False
YOUTUBE_IIYAMAXU_SMG955U_S0_id43_s0_45.png,1,VALID,-3.7695312,3.3652344,1.5869141,-7.2908473,LCC-FASD external-dev / cross-domain stress set,False
YOUTUBE_IIYAMAXU_SMG955U_S0_id43_s0_101.png,1,VALID,-3.7109375,3.1113281,1.5791016,-7.0178766,LCC-FASD external-dev / cross-domain stress set,False
YOUTUBE_IIYAMAXU_SMG955U_S0_id43_s0_116.png,1,VALID,-3.4277344,3.3164062,1.1464844,-6.8522654,LCC-FASD external-dev / cross-domain stress set,False
YOUTUBE_IIYAMAXU_SMG955U_S0_id43_s0_131.png,1,VALID,-3.8710938,3.3535156,1.6757812,-7.3958673,LCC-FASD external-dev / cross-domain stress set,False
YOUTUBE_IIYAMAXU_SMG955U_S0_id43_s0_146.png,1,VALID,-3.9296875,3.2304688,1.875,-7.3895416,LCC-FASD external-dev / cross-domain stress set,False
YOUTUBE_IIYAMAXU_SMG955U_S0_id43_s0_161.png,1,VALID,-2.8886719,3.265625,0.48828125,-6.2146425,LCC-FASD external-dev / cross-domain stress set,False
YOUTUBE_IIYAMAXU_SMG955U_S0_id43_s0_187.png,1,VALID,-3.7773438,3.6835938,1.234375,-7.543771,LCC-FASD external-dev / cross-domain stress set,False
YOUTUBE_IIYAMAXU_SMG955U_S0_id43_s0_204.png,1,VALID,-3.7558594,3.8730469,1.0654297,-7.687504,LCC-FASD external-dev / cross-domain stress set,False
YOUTUBE_IIYAMAXU_SMG955U_S0_id43_s1_16.png,1,VALID,-2.9257812,2.6523438,1.0214844,-5.756908,LCC-FASD external-dev / cross-domain stress set,False
YOUTUBE_IIYAMAXU_SMG955U_S0_id43_s1_44.png,1,VALID,-2.1074219,1.9472656,0.6142578,-4.288718,LCC-FASD external-dev / cross-domain stress set,False
YOUTUBE_IIYAMAXU_SMG955U_S0_id43_s1_59.png,1,VALID,-3.2832031,2.8398438,1.3076172,-6.318658,LCC-FASD external-dev / cross-domain stress set,False
YOUTUBE_IIYAMAXU_SMG955U_S0_id43_s1_74.png,1,VALID,-3.4277344,2.8691406,1.4599609,-6.515483,LCC-FASD external-dev / cross-domain stress set,False
YOUTUBE_IIYAMAXU_SMG955U_S0_id43_s1_98.png,1,VALID,-2.7988281,2.2265625,1.1796875,-5.32626,LCC-FASD external-dev / cross-domain stress set,False
YOUTUBE_IIYAMAXU_SMG955U_S0_id43_s1_113.png,1,VALID,-3.5722656,2.5234375,1.9121094,-6.529192,LCC-FASD external-dev / cross-domain stress set,False
YOUTUBE_IIYAMAXU_SMG955U_S0_id43_s1_129.png,1,VALID,-3.3125,2.859375,1.3066406,-6.3638735,LCC-FASD external-dev / cross-domain stress set,False
YOUTUBE_IIYAMAXU_SMG955U_S0_id43_s1_144.png,1,VALID,-3.6132812,2.0390625,2.375,-6.5275006,LCC-FASD external-dev / cross-domain stress set,False
YOUTUBE_IIYAMAXU_SMG955U_S0_id48_s0_15.png,1,VALID,-2.6015625,2.6425781,0.8071289,-5.3921657,LCC-FASD external-dev / cross-domain stress set,False
YOUTUBE_IIYAMAXU_SMG955U_S0_id48_s0_30.png,1,VALID,-3.3964844,3.0917969,1.3037109,-6.6429577,LCC-FASD external-dev / cross-domain stress set,False
YOUTUBE_IIYAMAXU_SMG955U_S0_id48_s0_45.png,1,VALID,-3.5097656,3.4882812,1.1015625,-7.0859947,LCC-FASD external-dev / cross-domain stress set,False
YOUTUBE_IIYAMAXU_SMG955U_S0_id48_s0_60.png,1,VALID,-4.015625,3.8183594,1.4541016,-7.9238424,LCC-FASD external-dev / cross-domain stress set,False
YOUTUBE_IIYAMAXU_SMG955U_S0_id48_s0_75.png,1,VALID,-3.7226562,3.3320312,1.5527344,-7.210628,LCC-FASD external-dev / cross-domain stress set,False
YOUTUBE_IIYAMAXU_SMG955U_S0_id48_s0_90.png,1,VALID,-3.0039062,3.1113281,0.9604492,-6.2253275,LCC-FASD external-dev / cross-domain stress set,False
YOUTUBE_IIYAMAXU_SMG955U_S0_id48_s0_105.png,1,VALID,-3.3769531,3.296875,1.1220703,-6.781453,LCC-FASD external-dev / cross-domain stress set,False
YOUTUBE_IIYAMAXU_SMG955U_S0_id48_s0_120.png,1,VALID,-3.3007812,3.359375,1.0244141,-6.7525663,LCC-FASD external-dev / cross-domain stress set,False
YOUTUBE_IIYAMAXU_SMG955U_S0_id48_s0_135.png,1,VALID,-3.4433594,3.2695312,1.3974609,-6.8559556,LCC-FASD external-dev / cross-domain stress set,False
YOUTUBE_IIYAMAXU_SMG955U_S0_id48_s0_150.png,1,VALID,-3.5078125,3.5019531,1.0390625,-7.0915194,LCC-FASD external-dev / cross-domain stress set,False
YOUTUBE_IIYAMAXU_SMG955U_S0_id48_s1_15.png,1,VALID,-1.6357422,1.6435547,0.31176758,-3.5135822,LCC-FASD external-dev / cross-domain stress set,False
YOUTUBE_IIYAMAXU_SMG955U_S0_id48_s1_107.png,1,VALID,-3.1582031,3.2265625,1.0458984,-6.4917946,LCC-FASD external-dev / cross-domain stress set,False
YOUTUBE_IIYAMAXU_SMG955U_S0_id48_s1_122.png,1,VALID,-2.5507812,2.1367188,1.1669922,-5.008994,LCC-FASD external-dev / cross-domain stress set,False
YOUTUBE_IIYAMAXU_SMG955U_S0_id48_s1_137.png,1,VALID,-2.8359375,2.140625,1.4033203,-5.367524,LCC-FASD external-dev / cross-domain stress set,False
YOUTUBE_IIYAMAXU_SMG955U_S0_id48_s1_152.png,1,VALID,-2.875,2.640625,1.0253906,-5.696983,LCC-FASD external-dev / cross-domain stress set,False
YOUTUBE_IIYAMAXU_MOTOMC_S1_id39_s0_33.png,1,VALID,-2.7519531,1.9150391,1.6679688,-5.244215,LCC-FASD external-dev / cross-domain stress set,False
YOUTUBE_IIYAMAXU_MOTOMC_S1_id39_s1_15.png,1,VALID,-1.0332031,0.8833008,0.45214844,-2.4171338,LCC-FASD external-dev / cross-domain stress set,False
YOUTUBE_IIYAMAXU_MOTOMC_S1_id39_s1_30.png,1,VALID,-0.38720703,0.28515625,0.22375488,-1.3352809,LCC-FASD external-dev / cross-domain stress set,False
YOUTUBE_IIYAMAXU_MOTOMC_S1_id39_s1_45.png,1,VALID,-0.009506226,0.36621094,-0.30541992,-0.78840595,LCC-FASD external-dev / cross-domain stress set,False
YOUTUBE_IIYAMAXU_MOTOMC_S1_id39_s1_60.png,1,VALID,-0.34692383,0.3737793,0.079833984,-1.2776394,LCC-FASD external-dev / cross-domain stress set,False
YOUTUBE_IIYAMAXU_MOTOMC_S1_id39_s1_75.png,1,VALID,-0.65771484,0.9291992,-0.09588623,-1.8934909,LCC-FASD external-dev / cross-domain stress set,False
YOUTUBE_IIYAMAXU_MOTOMC_S1_id39_s1_90.png,1,VALID,-0.9951172,1.0263672,0.17407227,-2.3766627,LCC-FASD external-dev / cross-domain stress set,False
YOUTUBE_IIYAMAXU_MOTOMC_S1_id42_s0_17.png,1,VALID,1.2978516,0.08795166,-1.6142578,1.0424548,LCC-FASD external-dev / cross-domain stress set,True
YOUTUBE_IIYAMAXU_MOTOMC_S1_id42_s0_36.png,1,VALID,1.8603516,-0.29296875,-1.9482422,1.9784936,LCC-FASD external-dev / cross-domain stress set,True
YOUTUBE_IIYAMAXU_MOTOMC_S1_id42_s0_51.png,1,VALID,0.93408203,0.20251465,-1.2744141,0.52590543,LCC-FASD external-dev / cross-domain stress set,True
YOUTUBE_IIYAMAXU_MOTOMC_S1_id42_s0_66.png,1,VALID,0.004711151,0.78222656,-0.77783203,-0.96823806,LCC-FASD external-dev / cross-domain stress set,False
YOUTUBE_IIYAMAXU_MOTOMC_S1_id42_s0_81.png,1,VALID,0.4477539,0.70751953,-1.1738281,-0.40159905,LCC-FASD external-dev / cross-domain stress set,False
YOUTUBE_IIYAMAXU_MOTOMC_S1_id42_s0_96.png,1,VALID,0.8720703,0.07006836,-1.1298828,0.53870815,LCC-FASD external-dev / cross-domain stress set,True
YOUTUBE_IIYAMAXU_MOTOMC_S1_id42_s0_111.png,1,VALID,0.5708008,0.49829102,-1.1611328,-0.10165244,LCC-FASD external-dev / cross-domain stress set,True
YOUTUBE_IIYAMAXU_MOTOMC_S1_id42_s0_126.png,1,VALID,0.20617676,0.5439453,-0.8955078,-0.55050397,LCC-FASD external-dev / cross-domain stress set,False
YOUTUBE_IIYAMAXU_MOTOMC_S1_id42_s0_141.png,1,VALID,-0.6821289,1.2314453,-0.38012695,-2.0955405,LCC-FASD external-dev / cross-domain stress set,False
YOUTUBE_IIYAMAXU_MOTOMC_S1_id42_s0_156.png,1,VALID,-0.18408203,0.85546875,-0.5961914,-1.2499585,LCC-FASD external-dev / cross-domain stress set,False
YOUTUBE_IIYAMAXU_MOTOMC_S1_id43_s0_15.png,1,VALID,-1.9267578,1.1494141,1.1123047,-3.7509365,LCC-FASD external-dev / cross-domain stress set,False
YOUTUBE_IIYAMAXU_MOTOMC_S1_id43_s0_30.png,1,VALID,-2.4804688,1.5761719,1.4423828,-4.685129,LCC-FASD external-dev / cross-domain stress set,False
YOUTUBE_IIYAMAXU_MOTOMC_S1_id43_s0_45.png,1,VALID,-2.0742188,1.5175781,1.1523438,-4.11891,LCC-FASD external-dev / cross-domain stress set,False
YOUTUBE_IIYAMAXU_MOTOMC_S1_id43_s0_63.png,1,VALID,-1.6689453,0.87353516,1.1845703,-3.4031897,LCC-FASD external-dev / cross-domain stress set,False
YOUTUBE_IIYAMAXU_MOTOMC_S1_id43_s0_78.png,1,VALID,-2.8183594,2.4882812,1.0830078,-5.526017,LCC-FASD external-dev / cross-domain stress set,False
YOUTUBE_IIYAMAXU_MOTOMC_S1_id43_s0_93.png,1,VALID,-1.9345703,1.1738281,1.1484375,-3.788931,LCC-FASD external-dev / cross-domain stress set,False
YOUTUBE_IIYAMAXU_MOTOMC_S1_id43_s0_108.png,1,VALID,-2.1660156,1.9375,0.73291016,-4.3657374,LCC-FASD external-dev / cross-domain stress set,False
YOUTUBE_IIYAMAXU_MOTOMC_S1_id43_s0_133.png,1,VALID,0.66796875,-0.018997192,-0.60546875,0.24466336,LCC-FASD external-dev / cross-domain stress set,True
YOUTUBE_IIYAMAXU_MOTOMC_S1_id43_s1_15.png,1,VALID,-2.0332031,1.7324219,0.796875,-4.096633,LCC-FASD external-dev / cross-domain stress set,False
YOUTUBE_IIYAMAXU_MOTOMC_S1_id43_s1_30.png,1,VALID,-1.8769531,1.8251953,0.6660156,-3.975029,LCC-FASD external-dev / cross-domain stress set,False
YOUTUBE_IIYAMAXU_MOTOMC_S1_id43_s1_45.png,1,VALID,-1.4902344,1.3710938,0.48291016,-3.2059119,LCC-FASD external-dev / cross-domain stress set,False
YOUTUBE_IIYAMAXU_MOTOMC_S1_id43_s1_60.png,1,VALID,-2.1425781,2.6386719,0.27294922,-4.870982,LCC-FASD external-dev / cross-domain stress set,False
YOUTUBE_IIYAMAXU_MOTOMC_S1_id43_s1_75.png,1,VALID,-1.9794922,2.1328125,0.5283203,-4.295452,LCC-FASD external-dev / cross-domain stress set,False
YOUTUBE_IIYAMAXU_MOTOMC_S1_id43_s1_90.png,1,VALID,-1.9902344,1.4648438,1.1103516,-3.9866056,LCC-FASD external-dev / cross-domain stress set,False
YOUTUBE_IIYAMAXU_MOTOMC_S1_id43_s1_105.png,1,VALID,-3.0839844,2.9453125,1.2636719,-6.1999407,LCC-FASD external-dev / cross-domain stress set,False
YOUTUBE_IIYAMAXU_MOTOMC_S1_id48_s0_15.png,1,VALID,-1.1962891,1.5507812,0.08123779,-2.9541092,LCC-FASD external-dev / cross-domain stress set,False
YOUTUBE_IIYAMAXU_MOTOMC_S1_id48_s0_30.png,1,VALID,-1.3955078,1.6279297,0.34423828,-3.267961,LCC-FASD external-dev / cross-domain stress set,False
YOUTUBE_IIYAMAXU_MOTOMC_S1_id48_s0_45.png,1,VALID,-1.5126953,1.2011719,0.80908203,-3.2300644,LCC-FASD external-dev / cross-domain stress set,False
YOUTUBE_IIYAMAXU_MOTOMC_S1_id48_s0_60.png,1,VALID,-1.5205078,1.3066406,0.5961914,-3.2268794,LCC-FASD external-dev / cross-domain stress set,False
YOUTUBE_IIYAMAXU_MOTOMC_S1_id48_s0_75.png,1,VALID,-1.8056641,1.4755859,0.8256836,-3.7013388,LCC-FASD external-dev / cross-domain stress set,False
YOUTUBE_IIYAMAXU_MOTOMC_S1_id48_s0_90.png,1,VALID,-1.3408203,1.5087891,0.28955078,-3.1084714,LCC-FASD external-dev / cross-domain stress set,False
YOUTUBE_IIYAMAXU_MOTOMC_S1_id48_s0_105.png,1,VALID,-1.6230469,1.5917969,0.57666016,-3.524057,LCC-FASD external-dev / cross-domain stress set,False
YOUTUBE_IIYAMAXU_MOTOMC_S1_id48_s0_120.png,1,VALID,-1.9941406,1.6386719,0.8720703,-4.014387,LCC-FASD external-dev / cross-domain stress set,False
YOUTUBE_IIYAMAXU_MOTOMC_S1_id48_s0_135.png,1,VALID,-1.6630859,1.5449219,0.52490234,-3.5159247,LCC-FASD external-dev / cross-domain stress set,False
YOUTUBE_IIYAMAXU_MOTOMC_S1_id48_s0_150.png,1,VALID,-1.6914062,2.015625,0.19824219,-3.8575613,LCC-FASD external-dev / cross-domain stress set,False
YOUTUBE_IIYAMAXU_MOTOMC_S1_id48_s1_15.png,1,VALID,-0.38427734,-0.7011719,0.9135742,-1.4792905,LCC-FASD external-dev / cross-domain stress set,False
YOUTUBE_IIYAMAXU_MOTOMC_S1_id48_s1_30.png,1,VALID,0.009140015,-0.87158203,0.46801758,-0.69153607,LCC-FASD external-dev / cross-domain stress set,False
YOUTUBE_IIYAMAXU_MOTOMC_S1_id48_s1_45.png,1,VALID,-0.8261719,-0.4794922,1.0908203,-2.1059418,LCC-FASD external-dev / cross-domain stress set,False
YOUTUBE_IIYAMAXU_MOTOMC_S1_id48_s1_60.png,1,VALID,-0.4013672,-1.0693359,1.2822266,-1.7745492,LCC-FASD external-dev / cross-domain stress set,False
YOUTUBE_IIYAMAXU_MOTOMC_S1_id48_s1_75.png,1,VALID,0.4267578,-1.4697266,0.51416016,-0.21626484,LCC-FASD external-dev / cross-domain stress set,True
YOUTUBE_IIYAMAXU_MOTOMC_S1_id48_s1_90.png,1,VALID,-0.67871094,-0.3203125,0.75683594,-1.7286383,LCC-FASD external-dev / cross-domain stress set,False
YOUTUBE_IIYAMAXU_MOTOMC_S1_id48_s1_106.png,1,VALID,-0.25097656,0.15917969,-0.14013672,-0.9648025,LCC-FASD external-dev / cross-domain stress set,False
YOUTUBE_IIYAMAXU_MOTOMC_S1_id48_s1_121.png,1,VALID,0.95166016,-0.82958984,-0.6166992,0.97600293,LCC-FASD external-dev / cross-domain stress set,True
YOUTUBE_IIYAMAXU_MOTOMC_S1_id48_s1_136.png,1,VALID,1.5283203,-0.95703125,-1.3447266,1.96738,LCC-FASD external-dev / cross-domain stress set,True
YOUTUBE_IIYAMAXU_MOTOMC_S1_id48_s1_151.png,1,VALID,-0.51953125,0.017349243,0.33862305,-1.4035116,LCC-FASD external-dev / cross-domain stress set,False
YOUTUBE_IIYAMAXU_SMG955U_S0_id39_s0_17.png,1,VALID,-2.8984375,2.4980469,1.5332031,-5.719323,LCC-FASD external-dev / cross-domain stress set,False
YOUTUBE_IIYAMAXU_MOTOMC_S0_id39_s1_15.png,1,VALID,-1.2441406,1.1914062,0.33618164,-2.7898505,LCC-FASD external-dev / cross-domain stress set,False
YOUTUBE_IIYAMAXU_MOTOMC_S0_id39_s1_30.png,1,VALID,-0.44995117,0.5625,0.0947876,-1.4988408,LCC-FASD external-dev / cross-domain stress set,False
YOUTUBE_IIYAMAXU_MOTOMC_S0_id39_s1_46.png,1,VALID,-0.40942383,0.7138672,-0.034210205,-1.5107793,LCC-FASD external-dev / cross-domain stress set,False
YOUTUBE_IIYAMAXU_MOTOMC_S0_id39_s1_61.png,1,VALID,-0.3227539,0.48608398,-0.022201538,-1.2797948,LCC-FASD external-dev / cross-domain stress set,False
YOUTUBE_IIYAMAXU_MOTOMC_S0_id39_s1_76.png,1,VALID,-0.18103027,1.2568359,-0.8520508,-1.5524201,LCC-FASD external-dev / cross-domain stress set,False
YOUTUBE_IIYAMAXU_MOTOMC_S0_id42_s0_21.png,1,VALID,0.859375,0.6357422,-1.5205078,0.11409843,LCC-FASD external-dev / cross-domain stress set,True
YOUTUBE_IIYAMAXU_MOTOMC_S0_id42_s0_37.png,1,VALID,1.6669922,0.066833496,-1.921875,1.471878,LCC-FASD external-dev / cross-domain stress set,True
YOUTUBE_IIYAMAXU_MOTOMC_S0_id42_s0_52.png,1,VALID,1.2324219,-0.045928955,-1.4853516,1.0656095,LCC-FASD external-dev / cross-domain stress set,True
YOUTUBE_IIYAMAXU_MOTOMC_S0_id42_s0_67.png,1,VALID,-0.8256836,1.2431641,-0.30249023,-2.2620864,LCC-FASD external-dev / cross-domain stress set,False
YOUTUBE_IIYAMAXU_MOTOMC_S0_id42_s0_82.png,1,VALID,0.50097656,0.50146484,-1.0517578,-0.19240123,LCC-FASD external-dev / cross-domain stress set,True
YOUTUBE_IIYAMAXU_MOTOMC_S0_id42_s0_97.png,1,VALID,0.9008789,0.32617188,-1.3457031,0.40252465,LCC-FASD external-dev / cross-domain stress set,True
YOUTUBE_IIYAMAXU_MOTOMC_S0_id42_s0_112.png,1,VALID,1.1464844,0.06591797,-1.4931641,0.8896741,LCC-FASD external-dev / cross-domain stress set,True
YOUTUBE_IIYAMAXU_MOTOMC_S0_id42_s0_127.png,1,VALID,0.9379883,0.3786621,-1.5244141,0.4203391,LCC-FASD external-dev / cross-domain stress set,True
YOUTUBE_IIYAMAXU_MOTOMC_S0_id42_s0_142.png,1,VALID,-0.7207031,1.5859375,-0.52001953,-2.4215121,LCC-FASD external-dev / cross-domain stress set,False
YOUTUBE_IIYAMAXU_MOTOMC_S0_id42_s0_157.png,1,VALID,0.4477539,0.40307617,-0.94140625,-0.18696922,LCC-FASD external-dev / cross-domain stress set,True
YOUTUBE_IIYAMAXU_MOTOMC_S0_id43_s0_15.png,1,VALID,-2.1894531,1.6630859,0.93408203,-4.246194,LCC-FASD external-dev / cross-domain stress set,False
YOUTUBE_IIYAMAXU_MOTOMC_S0_id43_s0_30.png,1,VALID,-2.4140625,1.71875,1.2617188,-4.6233296,LCC-FASD external-dev / cross-domain stress set,False
YOUTUBE_IIYAMAXU_MOTOMC_S0_id43_s0_45.png,1,VALID,-2.1875,1.6142578,1.1982422,-4.3083763,LCC-FASD external-dev / cross-domain stress set,False
YOUTUBE_IIYAMAXU_MOTOMC_S0_id43_s0_63.png,1,VALID,-1.546875,1.0625,0.90527344,-3.2269957,LCC-FASD external-dev / cross-domain stress set,False
YOUTUBE_IIYAMAXU_MOTOMC_S0_id43_s0_78.png,1,VALID,-2.7324219,2.5410156,0.9326172,-5.4559326,LCC-FASD external-dev / cross-domain stress set,False
YOUTUBE_IIYAMAXU_MOTOMC_S0_id43_s0_93.png,1,VALID,-1.7832031,1.1015625,1.0146484,-3.5353997,LCC-FASD external-dev / cross-domain stress set,False
YOUTUBE_IIYAMAXU_MOTOMC_S0_id43_s0_108.png,1,VALID,-1.5898438,1.7626953,0.2331543,-3.5486279,LCC-FASD external-dev / cross-domain stress set,False
YOUTUBE_IIYAMAXU_MOTOMC_S0_id43_s0_133.png,1,VALID,0.31518555,0.83691406,-1.1542969,-0.64970833,LCC-FASD external-dev / cross-domain stress set,False
YOUTUBE_IIYAMAXU_MOTOMC_S0_id43_s1_16.png,1,VALID,-1.8847656,1.5107422,0.8930664,-3.8267682,LCC-FASD external-dev / cross-domain stress set,False
YOUTUBE_IIYAMAXU_MOTOMC_S0_id43_s1_31.png,1,VALID,-2.4003906,2.1464844,0.93847656,-4.8083096,LCC-FASD external-dev / cross-domain stress set,False
YOUTUBE_IIYAMAXU_MOTOMC_S0_id43_s1_46.png,1,VALID,-2.3828125,1.7382812,1.2431641,-4.5970173,LCC-FASD external-dev / cross-domain stress set,False
YOUTUBE_IIYAMAXU_MOTOMC_S0_id43_s1_61.png,1,VALID,-1.2128906,1.3095703,0.18273926,-2.8031626,LCC-FASD external-dev / cross-domain stress set,False
YOUTUBE_IIYAMAXU_MOTOMC_S0_id43_s1_76.png,1,VALID,-2.125,1.9414062,0.9321289,-4.377181,LCC-FASD external-dev / cross-domain stress set,False
YOUTUBE_IIYAMAXU_MOTOMC_S0_id43_s1_91.png,1,VALID,-2.4394531,1.9433594,1.2070312,-4.7740903,LCC-FASD external-dev / cross-domain stress set,False
YOUTUBE_IIYAMAXU_MOTOMC_S0_id43_s1_106.png,1,VALID,-1.6728516,2.25,0.32666016,-4.059232,LCC-FASD external-dev / cross-domain stress set,False
YOUTUBE_IIYAMAXU_MOTOMC_S0_id48_s0_15.png,1,VALID,-1.3564453,1.65625,0.25854492,-3.2335672,LCC-FASD external-dev / cross-domain stress set,False
YOUTUBE_IIYAMAXU_MOTOMC_S0_id48_s0_30.png,1,VALID,-1.4257812,1.5849609,0.3479004,-3.2655673,LCC-FASD external-dev / cross-domain stress set,False
YOUTUBE_IIYAMAXU_MOTOMC_S0_id48_s0_45.png,1,VALID,-1.6162109,1.5839844,0.671875,-3.537864,LCC-FASD external-dev / cross-domain stress set,False
YOUTUBE_IIYAMAXU_MOTOMC_S0_id48_s0_60.png,1,VALID,-1.4140625,1.4785156,0.41577148,-3.1893487,LCC-FASD external-dev / cross-domain stress set,False
YOUTUBE_IIYAMAXU_MOTOMC_S0_id48_s0_75.png,1,VALID,-1.7998047,1.6816406,0.6894531,-3.796814,LCC-FASD external-dev / cross-domain stress set,False
YOUTUBE_IIYAMAXU_MOTOMC_S0_id48_s0_90.png,1,VALID,-1.6474609,1.7841797,0.35180664,-3.6457367,LCC-FASD external-dev / cross-domain stress set,False
YOUTUBE_IIYAMAXU_MOTOMC_S0_id48_s0_105.png,1,VALID,-1.7958984,2.078125,0.37426758,-4.0412145,LCC-FASD external-dev / cross-domain stress set,False
YOUTUBE_IIYAMAXU_MOTOMC_S0_id48_s0_120.png,1,VALID,-1.9365234,1.7861328,0.6635742,-4.004405,LCC-FASD external-dev / cross-domain stress set,False
YOUTUBE_IIYAMAXU_MOTOMC_S0_id48_s0_135.png,1,VALID,-1.6181641,1.6025391,0.41015625,-3.485754,LCC-FASD external-dev / cross-domain stress set,False
YOUTUBE_IIYAMAXU_MOTOMC_S0_id48_s0_150.png,1,VALID,-1.9394531,2.2480469,0.36035156,-4.328496,LCC-FASD external-dev / cross-domain stress set,False
YOUTUBE_IIYAMAXU_MOTOMC_S0_id48_s1_15.png,1,VALID,-1.7509766,0.4333496,1.6699219,-3.6758335,LCC-FASD external-dev / cross-domain stress set,False
YOUTUBE_IIYAMAXU_MOTOMC_S0_id48_s1_30.png,1,VALID,-1.3681641,0.6191406,1.0058594,-2.8923898,LCC-FASD external-dev / cross-domain stress set,False
YOUTUBE_IIYAMAXU_MOTOMC_S0_id48_s1_45.png,1,VALID,-2.4335938,0.8925781,1.8095703,-4.579436,LCC-FASD external-dev / cross-domain stress set,False
YOUTUBE_IIYAMAXU_MOTOMC_S0_id48_s1_60.png,1,VALID,-2.2226562,0.37646484,2.1601562,-4.53812,LCC-FASD external-dev / cross-domain stress set,False
YOUTUBE_IIYAMAXU_MOTOMC_S0_id48_s1_75.png,1,VALID,-1.7783203,0.85791016,1.1572266,-3.4901931,LCC-FASD external-dev / cross-domain stress set,False
YOUTUBE_IIYAMAXU_MOTOMC_S0_id48_s1_90.png,1,VALID,-2.0195312,0.90771484,1.3847656,-3.8871002,LCC-FASD external-dev / cross-domain stress set,False
YOUTUBE_IIYAMAXU_MOTOMC_S0_id48_s1_107.png,1,VALID,-2.765625,2.1777344,1.2197266,-5.2680893,LCC-FASD external-dev / cross-domain stress set,False
YOUTUBE_IIYAMAXU_MOTOMC_S0_id48_s1_128.png,1,VALID,-0.96435547,1.7207031,-0.37890625,-2.8006206,LCC-FASD external-dev / cross-domain stress set,False
YOUTUBE_IIYAMAXU_MOTOMC_S0_id48_s1_143.png,1,VALID,-3.09375,2.0546875,1.6435547,-5.6569996,LCC-FASD external-dev / cross-domain stress set,False
YOUTUBE_IIYAMAXU_MOTOMC_S0_id48_s1_158.png,1,VALID,-3.3066406,1.8886719,2.0039062,-5.947736,LCC-FASD external-dev / cross-domain stress set,False
YOUTUBE_IIYAMAXU_MOTOMC_S1_id39_s0_18.png,1,VALID,-0.96191406,1.8896484,-0.49536133,-2.939654,LCC-FASD external-dev / cross-domain stress set,False
YOUTUBE_IIYAMAGB_GZS4020_id29_s0_15.png,1,VALID,0.5317383,-0.2052002,-0.54785156,0.20051199,LCC-FASD external-dev / cross-domain stress set,True
YOUTUBE_IIYAMAGB_GZS4020_id29_s0_30.png,1,VALID,0.42529297,-0.29516602,-0.3569336,0.057718754,LCC-FASD external-dev / cross-domain stress set,True
YOUTUBE_IIYAMAGB_GZS4020_id29_s0_45.png,1,VALID,0.4658203,-0.32592773,-0.3232422,0.0972572,LCC-FASD external-dev / cross-domain stress set,True
YOUTUBE_IIYAMAGB_GZS4020_id29_s0_60.png,1,VALID,-0.042877197,-0.06726074,-0.005996704,-0.69986475,LCC-FASD external-dev / cross-domain stress set,False
YOUTUBE_IIYAMAGB_GZS4020_id29_s0_75.png,1,VALID,0.28881836,-0.41552734,-0.049560547,-0.1884337,LCC-FASD external-dev / cross-domain stress set,True
YOUTUBE_IIYAMAGB_GZS4020_id29_s0_90.png,1,VALID,0.58691406,-0.31420898,-0.47192383,0.28372723,LCC-FASD external-dev / cross-domain stress set,True
YOUTUBE_IIYAMAGB_GZS4020_id29_s0_120.png,1,VALID,0.6015625,-0.37182617,-0.37670898,0.28267992,LCC-FASD external-dev / cross-domain stress set,True
YOUTUBE_IIYAMAGB_GZS4020_id29_s0_135.png,1,VALID,0.28466797,-0.40356445,-0.039642334,-0.20334017,LCC-FASD external-dev / cross-domain stress set,True
YOUTUBE_IIYAMAGB_IPHONE7F_id29_s0_15.png,1,VALID,-0.81396484,0.91845703,0.113586426,-2.102015,LCC-FASD external-dev / cross-domain stress set,False
YOUTUBE_IIYAMAGB_IPHONE7F_id29_s0_30.png,1,VALID,-0.7475586,0.87109375,0.07104492,-1.9897379,LCC-FASD external-dev / cross-domain stress set,False
YOUTUBE_IIYAMAGB_IPHONE7F_id29_s0_45.png,1,VALID,-0.7885742,1.2294922,-0.14038086,-2.244516,LCC-FASD external-dev / cross-domain stress set,False
YOUTUBE_IIYAMAGB_IPHONE7F_id29_s0_60.png,1,VALID,-1.0410156,1.2763672,0.064575195,-2.577948,LCC-FASD external-dev / cross-domain stress set,False
YOUTUBE_IIYAMAGB_IPHONE7F_id29_s0_75.png,1,VALID,-0.8022461,0.78515625,0.23779297,-2.0438604,LCC-FASD external-dev / cross-domain stress set,False
YOUTUBE_IIYAMAGB_IPHONE7F_id29_s0_90.png,1,VALID,-0.49121094,0.8642578,-0.27563477,-1.6329894,LCC-FASD external-dev / cross-domain stress set,False
YOUTUBE_IIYAMAGB_IPHONE7F_id29_s0_105.png,1,VALID,-0.58251953,0.41064453,0.3251953,-1.6444991,LCC-FASD external-dev / cross-domain stress set,False
YOUTUBE_IIYAMAGB_IPHONE7F_id29_s0_120.png,1,VALID,-0.5527344,0.6821289,0.004085541,-1.6453884,LCC-FASD external-dev / cross-domain stress set,False
YOUTUBE_IIYAMAGB_IPHONE7F_id29_s0_135.png,1,VALID,-0.7939453,0.89697266,0.14746094,-2.0779457,LCC-FASD external-dev / cross-domain stress set,False
YOUTUBE_IIYAMAXB_IPHONE7F_id29_s0_15.png,1,VALID,0.022735596,0.2388916,-0.34692383,-0.65869325,LCC-FASD external-dev / cross-domain stress set,False
YOUTUBE_IIYAMAXB_IPHONE7F_id29_s0_30.png,1,VALID,-1.0380859,1.0820312,0.22302246,-2.4732933,LCC-FASD external-dev / cross-domain stress set,False
YOUTUBE_IIYAMAXB_IPHONE7F_id29_s0_45.png,1,VALID,-0.6796875,0.70654297,0.10491943,-1.8231435,LCC-FASD external-dev / cross-domain stress set,False
YOUTUBE_IIYAMAXB_IPHONE7F_id29_s0_60.png,1,VALID,-0.39648438,0.89160156,-0.30688477,-1.5517191,LCC-FASD external-dev / cross-domain stress set,False
YOUTUBE_IIYAMAXB_IPHONE7F_id29_s0_75.png,1,VALID,-0.7397461,0.60595703,0.26904297,-1.8845155,LCC-FASD external-dev / cross-domain stress set,False
YOUTUBE_IIYAMAXB_IPHONE7F_id29_s0_90.png,1,VALID,-0.017608643,0.32226562,-0.32666016,-0.76029813,LCC-FASD external-dev / cross-domain stress set,False
YOUTUBE_IIYAMAXB_IPHONE7F_id29_s0_105.png,1,VALID,-0.46704102,0.37158203,0.10205078,-1.4060581,LCC-FASD external-dev / cross-domain stress set,False
YOUTUBE_IIYAMAXB_IPHONE7F_id29_s0_120.png,1,VALID,-0.3696289,0.4501953,-0.020553589,-1.3050455,LCC-FASD external-dev / cross-domain stress set,False
YOUTUBE_IIYAMAXB_IPHONE7F_id29_s0_135.png,1,VALID,-0.3017578,0.24682617,0.10821533,-1.1748254,LCC-FASD external-dev / cross-domain stress set,False
YOUTUBE_IIYAMAXB_WIZARD1_id29_s0_15.png,1,VALID,0.55029297,-0.3088379,-0.4580078,0.23778975,LCC-FASD external-dev / cross-domain stress set,True
YOUTUBE_IIYAMAXB_WIZARD1_id29_s0_30.png,1,VALID,0.15063477,0.15820312,-0.33081055,-0.4858073,LCC-FASD external-dev / cross-domain stress set,False
YOUTUBE_IIYAMAXB_WIZARD1_id29_s0_45.png,1,VALID,-0.12463379,0.5,-0.29907227,-0.99602216,LCC-FASD external-dev / cross-domain stress set,False
YOUTUBE_IIYAMAXB_WIZARD1_id29_s0_69.png,1,VALID,0.4152832,0.10064697,-0.6113281,-0.08459222,LCC-FASD external-dev / cross-domain stress set,True
YOUTUBE_IIYAMAXB_WIZARD1_id29_s0_105.png,1,VALID,0.40356445,-0.3178711,-0.21398926,-0.02500087,LCC-FASD external-dev / cross-domain stress set,True
YOUTUBE_IIYAMAXU_GZS4020_id29_s0_15.png,1,VALID,1.7441406,-1.1552734,-1.0820312,2.1689754,LCC-FASD external-dev / cross-domain stress set,True
YOUTUBE_IIYAMAXU_GZS4020_id29_s0_30.png,1,VALID,1.8193359,-1.1367188,-1.1523438,2.2706895,LCC-FASD external-dev / cross-domain stress set,True
YOUTUBE_IIYAMAXU_GZS4020_id29_s0_45.png,1,VALID,1.6005859,-1.1044922,-0.93359375,1.9228354,LCC-FASD external-dev / cross-domain stress set,True
YOUTUBE_IIYAMAXU_GZS4020_id29_s0_60.png,1,VALID,1.4228516,-1.1816406,-0.64404297,1.6068467,LCC-FASD external-dev / cross-domain stress set,True
YOUTUBE_IIYAMAXU_GZS4020_id29_s0_75.png,1,VALID,1.7460938,-1.2958984,-0.8989258,2.1307883,LCC-FASD external-dev / cross-domain stress set,True
YOUTUBE_IIYAMAXU_GZS4020_id29_s0_90.png,1,VALID,1.5175781,-1.0742188,-0.86621094,1.789247,LCC-FASD external-dev / cross-domain stress set,True
YOUTUBE_IIYAMAXU_GZS4020_id29_s0_105.png,1,VALID,1.8134766,-1.5566406,-0.76416016,2.2041988,LCC-FASD external-dev / cross-domain stress set,True
YOUTUBE_IIYAMAXU_GZS4020_id29_s0_120.png,1,VALID,1.5957031,-1.0947266,-0.8388672,1.861192,LCC-FASD external-dev / cross-domain stress set,True
YOUTUBE_IIYAMAXU_GZS4020_id29_s0_135.png,1,VALID,1.6572266,-1.4101562,-0.7841797,2.0130458,LCC-FASD external-dev / cross-domain stress set,True
YOUTUBE_IIYAMAXU_IPHONE7F_id29_s0_15.png,1,VALID,-1.1181641,1.2519531,0.20715332,-2.6715264,LCC-FASD external-dev / cross-domain stress set,False
YOUTUBE_IIYAMAXU_IPHONE7F_id29_s0_30.png,1,VALID,-0.8457031,1.1699219,0.023483276,-2.2915633,LCC-FASD external-dev / cross-domain stress set,False
YOUTUBE_IIYAMAXU_IPHONE7F_id29_s0_45.png,1,VALID,-0.54003906,0.64453125,0.019592285,-1.6132922,LCC-FASD external-dev / cross-domain stress set,False
YOUTUBE_IIYAMAXU_IPHONE7F_id29_s0_60.png,1,VALID,-0.9760742,1.3769531,-0.07904053,-2.5626144,LCC-FASD external-dev / cross-domain stress set,False
YOUTUBE_IIYAMAXU_IPHONE7F_id29_s0_75.png,1,VALID,-1.1689453,1.0078125,0.3972168,-2.6105042,LCC-FASD external-dev / cross-domain stress set,False
YOUTUBE_IIYAMAXU_IPHONE7F_id29_s0_90.png,1,VALID,-0.57128906,0.78027344,-0.061309814,-1.7099552,LCC-FASD external-dev / cross-domain stress set,False
YOUTUBE_IIYAMAXU_IPHONE7F_id29_s0_105.png,1,VALID,-0.07720947,0.061462402,-0.021148682,-0.79136634,LCC-FASD external-dev / cross-domain stress set,False
YOUTUBE_IIYAMAXU_IPHONE7F_id29_s0_120.png,1,VALID,-0.28149414,0.5444336,-0.16601562,-1.2256587,LCC-FASD external-dev / cross-domain stress set,False
YOUTUBE_IIYAMAXU_IPHONE7F_id29_s0_135.png,1,VALID,-0.17822266,0.36254883,-0.11254883,-1.0243231,LCC-FASD external-dev / cross-domain stress set,False
YOUTUBE_IIYAMAXU_MOTOMC_S0_id39_s0_17.png,1,VALID,-1.1083984,2.3828125,-0.58984375,-3.5411122,LCC-FASD external-dev / cross-domain stress set,False
YOUTUBE_IIYAMAXU_MOTOMC_S0_id39_s0_32.png,1,VALID,-3.0546875,2.3164062,1.6318359,-5.7794256,LCC-FASD external-dev / cross-domain stress set,False
YOUTUBE_HPE17J001ER_ZSZD551KL_id48_s0_75.png,1,VALID,-1.4091797,0.88183594,0.7836914,-2.936294,LCC-FASD external-dev / cross-domain stress set,False
YOUTUBE_HPE17J001ER_ZSZD551KL_id48_s0_90.png,1,VALID,-1.1728516,0.9277344,0.41601562,-2.5702548,LCC-FASD external-dev / cross-domain stress set,False
YOUTUBE_HPPEXP_IPHONE5SB_id39_s0_15.png,1,VALID,-0.7988281,1.6904297,-0.46289062,-2.5990965,LCC-FASD external-dev / cross-domain stress set,False
YOUTUBE_HPPEXP_IPHONE5SB_id39_s0_31.png,1,VALID,0.16174316,1.3583984,-1.2744141,-1.2660657,LCC-FASD external-dev / cross-domain stress set,False
YOUTUBE_HPPEXP_IPHONE5SB_id39_s0_46.png,1,VALID,-1.3212891,1.6474609,0.10595703,-3.1627192,LCC-FASD external-dev / cross-domain stress set,False
YOUTUBE_HPPEXP_IPHONE5SB_id43_s0_15.png,1,VALID,-0.93408203,0.625,0.7285156,-2.3053257,LCC-FASD external-dev / cross-domain stress set,False
YOUTUBE_HPPEXP_IPHONE5SB_id43_s0_30.png,1,VALID,-0.9033203,1.234375,0.09838867,-2.416164,LCC-FASD external-dev / cross-domain stress set,False
YOUTUBE_HPPEXP_IPHONE5SB_id43_s0_46.png,1,VALID,-0.9326172,1.4345703,-0.16955566,-2.5503964,LCC-FASD external-dev / cross-domain stress set,False
YOUTUBE_HPPEXP_IPHONE5SB_id43_s0_61.png,1,VALID,-0.5371094,1.1201172,-0.19934082,-1.8940995,LCC-FASD external-dev / cross-domain stress set,False
YOUTUBE_HPPEXP_IPHONE5SB_id43_s0_76.png,1,VALID,-0.2692871,0.25048828,0.19470215,-1.1854185,LCC-FASD external-dev / cross-domain stress set,False
YOUTUBE_HPPEXP_IPHONE5SB_id43_s0_91.png,1,VALID,0.18493652,0.4111328,-0.41967773,-0.58784604,LCC-FASD external-dev / cross-domain stress set,False
YOUTUBE_HPPEXP_IPHONE5SB_id43_s0_117.png,1,VALID,-0.7368164,1.2636719,-0.17272949,-2.2138093,LCC-FASD external-dev / cross-domain stress set,False
YOUTUBE_HPPEXP_IPHONE5SB_id43_s0_132.png,1,VALID,-0.47924805,0.61816406,0.11791992,-1.571397,LCC-FASD external-dev / cross-domain stress set,False
YOUTUBE_HPPEXP_IPHONE5SB_id43_s0_147.png,1,VALID,0.57666016,-0.34155273,-0.30004883,0.20409846,LCC-FASD external-dev / cross-domain stress set,True
YOUTUBE_HPPEXP_IPHONE5SB_id43_s0_162.png,1,VALID,-1.3300781,1.5390625,0.25268555,-3.1130824,LCC-FASD external-dev / cross-domain stress set,False
YOUTUBE_HPPEXP_IPHONE5SB_id43_s1_15.png,1,VALID,-1.0400391,1.3818359,0.15661621,-2.6793761,LCC-FASD external-dev / cross-domain stress set,False
YOUTUBE_HPPEXP_IPHONE5SB_id43_s1_30.png,1,VALID,-0.74609375,1.5664062,-0.56152344,-2.4250102,LCC-FASD external-dev / cross-domain stress set,False
YOUTUBE_HPPEXP_IPHONE5SB_id43_s1_45.png,1,VALID,-1.4101562,1.2255859,0.6142578,-3.0692308,LCC-FASD external-dev / cross-domain stress set,False
YOUTUBE_HPPEXP_IPHONE5SB_id43_s1_60.png,1,VALID,-1.3271484,1.7871094,-0.09222412,-3.2563577,LCC-FASD external-dev / cross-domain stress set,False
YOUTUBE_HPPEXP_IPHONE5SB_id43_s1_75.png,1,VALID,-0.7915039,1.4511719,-0.33740234,-2.3972821,LCC-FASD external-dev / cross-domain stress set,False
YOUTUBE_HPPEXP_IPHONE5SB_id43_s1_90.png,1,VALID,-1.0927734,1.765625,-0.33520508,-2.9738274,LCC-FASD external-dev / cross-domain stress set,False
YOUTUBE_HPPEXP_IPHONE5SB_id43_s1_105.png,1,VALID,-1.0009766,1.2421875,0.070373535,-2.513042,LCC-FASD external-dev / cross-domain stress set,False
YOUTUBE_HPPEXP_IPHONE5SB_id43_s1_120.png,1,VALID,-0.609375,1.4697266,-0.47265625,-2.2130747,LCC-FASD external-dev / cross-domain stress set,False
YOUTUBE_HPPEXP_IPHONE5SB_id43_s1_135.png,1,VALID,-0.64453125,1.3789062,-0.41870117,-2.176755,LCC-FASD external-dev / cross-domain stress set,False
YOUTUBE_HPPEXP_IPHONE5SB_id43_s1_150.png,1,VALID,-1.2080078,1.6308594,-0.028198242,-3.0130877,LCC-FASD external-dev / cross-domain stress set,False
YOUTUBE_HPPEXP_IPHONE5SB_id48_s1_15.png,1,VALID,1.7138672,-1.7626953,-0.8647461,2.2368662,LCC-FASD external-dev / cross-domain stress set,True
YOUTUBE_HPPEXP_IPHONE5SB_id48_s1_30.png,1,VALID,1.4150391,-1.6591797,-0.5703125,1.6952243,LCC-FASD external-dev / cross-domain stress set,True
YOUTUBE_HPPEXP_IPHONE5SB_id48_s1_45.png,1,VALID,2.0839844,-1.4316406,-1.3652344,2.7887235,LCC-FASD external-dev / cross-domain stress set,True
YOUTUBE_HPPEXP_IPHONE5SB_id48_s1_60.png,1,VALID,1.7158203,-1.7666016,-0.80029297,2.1936784,LCC-FASD external-dev / cross-domain stress set,True
YOUTUBE_HPPEXP_IPHONE5SB_id48_s1_75.png,1,VALID,0.8535156,-1.0224609,-0.5024414,0.88939124,LCC-FASD external-dev / cross-domain stress set,True
YOUTUBE_HPPEXP_IPHONE5SB_id48_s1_90.png,1,VALID,-0.14587402,-0.27026367,-0.07989502,-0.6684651,LCC-FASD external-dev / cross-domain stress set,False
YOUTUBE_HPPEXP_IPHONE5SB_id48_s1_105.png,1,VALID,-0.12756348,-0.22827148,-0.049987793,-0.6855489,LCC-FASD external-dev / cross-domain stress set,False
YOUTUBE_HPPEXP_IPHONE5SB_id48_s1_120.png,1,VALID,0.5341797,-0.47485352,-0.40771484,0.28175336,LCC-FASD external-dev / cross-domain stress set,True
YOUTUBE_HPPEXP_IPHONE5SB_id48_s1_135.png,1,VALID,-0.13989258,0.35766602,-0.43823242,-0.86993265,LCC-FASD external-dev / cross-domain stress set,False
YOUTUBE_HPPEXP_IPHONE5SB_id48_s1_150.png,1,VALID,-1.1425781,0.6855469,0.26879883,-2.3344526,LCC-FASD external-dev / cross-domain stress set,False
YOUTUBE_I2369VM_HONOR7X_id39_s0_15.png,1,VALID,-3.0625,3.046875,1.2412109,-6.261551,LCC-FASD external-dev / cross-domain stress set,False
YOUTUBE_I2369VM_HONOR7X_id39_s0_31.png,1,VALID,-1.9345703,2.4804688,0.3527832,-4.527575,LCC-FASD external-dev / cross-domain stress set,False
YOUTUBE_I2369VM_HONOR7X_id39_s0_46.png,1,VALID,-2.7441406,2.875,1.0107422,-5.7632504,LCC-FASD external-dev / cross-domain stress set,False
YOUTUBE_I2369VM_HONOR7X_id39_s0_66.png,1,VALID,-3.2363281,2.1464844,2.1660156,-6.085773,LCC-FASD external-dev / cross-domain stress set,False
YOUTUBE_I2369VM_HONOR7X_id48_s1_15.png,1,VALID,-2.1738281,1.5253906,0.9667969,-4.1515756,LCC-FASD external-dev / cross-domain stress set,False
YOUTUBE_I2369VM_HONOR7X_id48_s1_30.png,1,VALID,-2.9511719,2.1523438,1.4863281,-5.5181065,LCC-FASD external-dev / cross-domain stress set,False
YOUTUBE_I2369VM_HONOR7X_id48_s1_45.png,1,VALID,-1.5488281,1.6572266,0.38891602,-3.453935,LCC-FASD external-dev / cross-domain stress set,False
YOUTUBE_I2369VM_HONOR7X_id48_s1_60.png,1,VALID,-2.8261719,1.9980469,1.3789062,-5.254966,LCC-FASD external-dev / cross-domain stress set,False
YOUTUBE_I2369VM_HONOR7X_id48_s1_75.png,1,VALID,-2.2714844,2.3066406,0.6088867,-4.7462583,LCC-FASD external-dev / cross-domain stress set,False
YOUTUBE_I2369VM_HONOR7X_id48_s1_90.png,1,VALID,-3.7441406,2.0722656,2.5742188,-6.7916994,LCC-FASD external-dev / cross-domain stress set,False
YOUTUBE_I2369VM_HONOR7X_id48_s1_105.png,1,VALID,-3.3984375,1.9892578,2.1132812,-6.144776,LCC-FASD external-dev / cross-domain stress set,False
YOUTUBE_I2369VM_HONOR7X_id48_s1_120.png,1,VALID,-2.2636719,2.8378906,0.46801758,-5.1909394,LCC-FASD external-dev / cross-domain stress set,False
YOUTUBE_I2369VM_HONOR7X_id48_s1_135.png,1,VALID,-4.0234375,2.4824219,2.3203125,-7.121233,LCC-FASD external-dev / cross-domain stress set,False
YOUTUBE_I2369VM_HONOR7X_id48_s1_150.png,1,VALID,-3.453125,2.3339844,1.7392578,-6.226469,LCC-FASD external-dev / cross-domain stress set,False
YOUTUBE_IIYAMAGB_GZS4020_id29_s0_105.png,1,VALID,0.35302734,-0.7451172,0.17236328,-0.15546846,LCC-FASD external-dev / cross-domain stress set,True
YOUTUBE_HP3165NGW_IPADA1893_id48_s1_15.png,1,VALID,-0.41357422,1.0195312,-0.359375,-1.6577309,LCC-FASD external-dev / cross-domain stress set,False
YOUTUBE_HP3165NGW_IPADA1893_id48_s1_30.png,1,VALID,-2.609375,1.2421875,1.7207031,-4.8123207,LCC-FASD external-dev / cross-domain stress set,False
YOUTUBE_HP3165NGW_IPADA1893_id48_s1_45.png,1,VALID,-2.0253906,0.97802734,1.328125,-3.8868575,LCC-FASD external-dev / cross-domain stress set,False
YOUTUBE_HP3165NGW_IPADA1893_id48_s1_60.png,1,VALID,-1.6113281,1.0537109,0.83203125,-3.2534766,LCC-FASD external-dev / cross-domain stress set,False
YOUTUBE_HP3165NGW_IPADA1893_id48_s1_75.png,1,VALID,-2.4335938,1.4228516,1.4541016,-4.5653396,LCC-FASD external-dev / cross-domain stress set,False
YOUTUBE_HP3165NGW_IPADA1893_id48_s1_90.png,1,VALID,-1.5566406,-0.484375,2.3808594,-3.992906,LCC-FASD external-dev / cross-domain stress set,False
YOUTUBE_HP3165NGW_IPADA1893_id48_s1_105.png,1,VALID,-2.7089844,1.2578125,1.8388672,-4.992094,LCC-FASD external-dev / cross-domain stress set,False
YOUTUBE_HP3165NGW_IPADA1893_id48_s1_120.png,1,VALID,-1.7197266,1.8574219,0.40673828,-3.7877417,LCC-FASD external-dev / cross-domain stress set,False
YOUTUBE_HP3165NGW_IPADA1893_id48_s1_135.png,1,VALID,-1.6083984,1.3183594,0.6044922,-3.3253639,LCC-FASD external-dev / cross-domain stress set,False
YOUTUBE_HP3165NGW_IPADA1893_id48_s1_150.png,1,VALID,-2.7128906,1.9716797,1.2939453,-5.0951996,LCC-FASD external-dev / cross-domain stress set,False
YOUTUBE_HPE17J001ER_REDMIN3P_id39_s0_16.png,1,VALID,-2.1289062,1.1982422,1.4667969,-4.1635613,LCC-FASD external-dev / cross-domain stress set,False
YOUTUBE_HPE17J001ER_REDMIN3P_id39_s0_34.png,1,VALID,-0.99853516,1.0068359,0.32763672,-2.4155073,LCC-FASD external-dev / cross-domain stress set,False
YOUTUBE_HPE17J001ER_REDMIN3P_id39_s0_49.png,1,VALID,-2.3652344,1.0224609,1.7587891,-4.515301,LCC-FASD external-dev / cross-domain stress set,False
YOUTUBE_HPE17J001ER_REDMIN3P_id39_s0_68.png,1,VALID,-1.8017578,1.0146484,1.2402344,-3.628694,LCC-FASD external-dev / cross-domain stress set,False
YOUTUBE_HPE17J001ER_REDMIN3P_id43_s0_15.png,1,VALID,-1.125,0.74316406,0.60009766,-2.4923344,LCC-FASD external-dev / cross-domain stress set,False
YOUTUBE_HPE17J001ER_REDMIN3P_id43_s0_30.png,1,VALID,-2.1894531,0.7885742,1.6552734,-4.1956205,LCC-FASD external-dev / cross-domain stress set,False
YOUTUBE_HPE17J001ER_REDMIN3P_id43_s0_46.png,1,VALID,-1.9257812,1.3720703,0.84521484,-3.7618742,LCC-FASD external-dev / cross-domain stress set,False
YOUTUBE_HPE17J001ER_REDMIN3P_id43_s0_61.png,1,VALID,-1.1328125,0.55908203,0.76904297,-2.4955225,LCC-FASD external-dev / cross-domain stress set,False
YOUTUBE_HPE17J001ER_REDMIN3P_id43_s0_76.png,1,VALID,0.1381836,-0.34570312,0.36938477,-0.6294061,LCC-FASD external-dev / cross-domain stress set,False
YOUTUBE_HPE17J001ER_REDMIN3P_id43_s0_91.png,1,VALID,-0.35205078,-0.18896484,0.62939453,-1.3468901,LCC-FASD external-dev / cross-domain stress set,False
YOUTUBE_HPE17J001ER_REDMIN3P_id43_s0_118.png,1,VALID,-1.5810547,1.3154297,0.6254883,-3.3030193,LCC-FASD external-dev / cross-domain stress set,False
YOUTUBE_HPE17J001ER_REDMIN3P_id43_s0_133.png,1,VALID,-1.234375,0.40234375,0.94140625,-2.6352892,LCC-FASD external-dev / cross-domain stress set,False
YOUTUBE_HPE17J001ER_REDMIN3P_id43_s0_148.png,1,VALID,-0.36157227,-0.10406494,0.46557617,-1.2754996,LCC-FASD external-dev / cross-domain stress set,False
YOUTUBE_HPE17J001ER_REDMIN3P_id43_s0_163.png,1,VALID,-1.3730469,1.2080078,0.2998047,-2.9198444,LCC-FASD external-dev / cross-domain stress set,False
YOUTUBE_HPE17J001ER_REDMIN3P_id43_s1_15.png,1,VALID,-1.6679688,1.6113281,0.37426758,-3.534122,LCC-FASD external-dev / cross-domain stress set,False
YOUTUBE_HPE17J001ER_REDMIN3P_id43_s1_30.png,1,VALID,-2.1289062,1.921875,0.7324219,-4.316515,LCC-FASD external-dev / cross-domain stress set,False
YOUTUBE_HPE17J001ER_REDMIN3P_id43_s1_45.png,1,VALID,-1.6308594,0.9135742,0.9584961,-3.260294,LCC-FASD external-dev / cross-domain stress set,False
YOUTUBE_HPE17J001ER_REDMIN3P_id43_s1_60.png,1,VALID,-1.6318359,1.9550781,-0.015808105,-3.7173574,LCC-FASD external-dev / cross-domain stress set,False
YOUTUBE_HPE17J001ER_REDMIN3P_id43_s1_75.png,1,VALID,-1.2988281,1.171875,0.3203125,-2.8261006,LCC-FASD external-dev / cross-domain stress set,False
YOUTUBE_HPE17J001ER_REDMIN3P_id43_s1_90.png,1,VALID,-2.0585938,1.2216797,1.0449219,-3.888942,LCC-FASD external-dev / cross-domain stress set,False
YOUTUBE_HPE17J001ER_REDMIN3P_id43_s1_105.png,1,VALID,-1.8193359,1.4560547,0.6245117,-3.6368182,LCC-FASD external-dev / cross-domain stress set,False
YOUTUBE_HPE17J001ER_REDMIN3P_id43_s1_120.png,1,VALID,-2.1660156,2.1542969,0.52685547,-4.4996557,LCC-FASD external-dev / cross-domain stress set,False
YOUTUBE_HPE17J001ER_REDMIN3P_id43_s1_135.png,1,VALID,-1.7490234,1.9208984,0.31933594,-3.8535602,LCC-FASD external-dev / cross-domain stress set,False
YOUTUBE_HPE17J001ER_REDMIN3P_id43_s1_150.png,1,VALID,-2.0898438,2.4765625,0.29956055,-4.6738076,LCC-FASD external-dev / cross-domain stress set,False
YOUTUBE_HPE17J001ER_REDMIN3P_id48_s1_15.png,1,VALID,0.40283203,-1.5048828,0.62060547,-0.33054358,LCC-FASD external-dev / cross-domain stress set,False
YOUTUBE_HPE17J001ER_REDMIN3P_id48_s1_30.png,1,VALID,0.9135742,-1.3740234,0.095825195,0.6107671,LCC-FASD external-dev / cross-domain stress set,True
YOUTUBE_HPE17J001ER_REDMIN3P_id48_s1_45.png,1,VALID,-0.6459961,-1.1806641,1.5820312,-2.2892365,LCC-FASD external-dev / cross-domain stress set,False
YOUTUBE_HPE17J001ER_REDMIN3P_id48_s1_63.png,1,VALID,1.2402344,-1.8076172,-0.08081055,1.1573529,LCC-FASD external-dev / cross-domain stress set,True
YOUTUBE_HPE17J001ER_REDMIN3P_id48_s1_78.png,1,VALID,-0.85253906,-0.54296875,0.99121094,-2.0390143,LCC-FASD external-dev / cross-domain stress set,False
YOUTUBE_HPE17J001ER_REDMIN3P_id48_s1_93.png,1,VALID,0.09295654,-0.5083008,-0.06530762,-0.33771878,LCC-FASD external-dev / cross-domain stress set,False
YOUTUBE_HPE17J001ER_REDMIN3P_id48_s1_112.png,1,VALID,3.1796875,-1.9667969,-2.3964844,4.6452775,LCC-FASD external-dev / cross-domain stress set,True
YOUTUBE_HPE17J001ER_REDMIN3P_id48_s1_127.png,1,VALID,-0.77734375,-0.070373535,0.5073242,-1.7301157,LCC-FASD external-dev / cross-domain stress set,False
YOUTUBE_HPE17J001ER_REDMIN3P_id48_s1_142.png,1,VALID,0.050048828,-0.90625,0.63964844,-0.7827954,LCC-FASD external-dev / cross-domain stress set,False
YOUTUBE_HPE17J001ER_REDMIN3P_id48_s1_157.png,1,VALID,-0.9941406,-0.28857422,0.9633789,-2.209014,LCC-FASD external-dev / cross-domain stress set,False
YOUTUBE_HPE17J001ER_ZSZD551KL_id48_s0_15.png,1,VALID,-0.40966797,0.49487305,-0.28710938,-1.2812624,LCC-FASD external-dev / cross-domain stress set,False
YOUTUBE_HPE17J001ER_ZSZD551KL_id48_s0_30.png,1,VALID,-1.0390625,1.2275391,0.003774643,-2.5244331,LCC-FASD external-dev / cross-domain stress set,False
YOUTUBE_HPE17J001ER_ZSZD551KL_id48_s0_45.png,1,VALID,-0.7626953,1.1396484,-0.23608398,-2.1276088,LCC-FASD external-dev / cross-domain stress set,False
YOUTUBE_HPE17J001ER_ZSZD551KL_id48_s0_60.png,1,VALID,-0.89746094,0.8618164,0.1697998,-2.1651194,LCC-FASD external-dev / cross-domain stress set,False
YOUTUBE_HPE17J001ER_ZSZD551KL_id48_s0_105.png,1,VALID,-1.2822266,1.3144531,0.13830566,-2.8655343,LCC-FASD external-dev / cross-domain stress set,False
YOUTUBE_HPE17J001ER_ZSZD551KL_id48_s0_120.png,1,VALID,-1.3125,1.4511719,0.09625244,-2.9931698,LCC-FASD external-dev / cross-domain stress set,False
YOUTUBE_HPE17J001ER_ZSZD551KL_id48_s0_135.png,1,VALID,-1.890625,1.5800781,0.64697266,-3.8023999,LCC-FASD external-dev / cross-domain stress set,False
YOUTUBE_HPE17J001ER_ZSZD551KL_id48_s0_150.png,1,VALID,-1.5146484,1.4736328,0.3491211,-3.269551,LCC-FASD external-dev / cross-domain stress set,False
YOUTUBE_HP250_MEIZUM3S_id39_s1_31.png,1,VALID,-0.6875,0.9169922,0.23852539,-2.0148747,LCC-FASD external-dev / cross-domain stress set,False
YOUTUBE_HP250_MEIZUM3S_id39_s1_56.png,1,VALID,-1.1132812,1.5380859,0.005874634,-2.846981,LCC-FASD external-dev / cross-domain stress set,False
YOUTUBE_HP250_MEIZUM3S_id39_s1_86.png,1,VALID,-1.0791016,1.3603516,0.2849121,-2.7329788,LCC-FASD external-dev / cross-domain stress set,False
YOUTUBE_HP250_MEIZUM3S_id39_s1_101.png,1,VALID,-1.4980469,2.109375,-0.011169434,-3.7207205,LCC-FASD external-dev / cross-domain stress set,False
YOUTUBE_HP250_MEIZUM3S_id39_s1_116.png,1,VALID,-1.5878906,2.0566406,0.10827637,-3.7777562,LCC-FASD external-dev / cross-domain stress set,False
YOUTUBE_HP250_MEIZUM3S_id39_s1_131.png,1,VALID,-1.8603516,2.2792969,0.24645996,-4.262718,LCC-FASD external-dev / cross-domain stress set,False
YOUTUBE_HP250_MEIZUM3S_id42_s0_15.png,1,VALID,-0.029266357,1.7412109,-1.3779297,-1.8137237,LCC-FASD external-dev / cross-domain stress set,False
YOUTUBE_HP250_MEIZUM3S_id42_s0_30.png,1,VALID,-0.33520508,1.8369141,-1.1396484,-2.2218304,LCC-FASD external-dev / cross-domain stress set,False
YOUTUBE_HP250_MEIZUM3S_id42_s0_45.png,1,VALID,-0.23339844,1.7226562,-1.1230469,-2.0125232,LCC-FASD external-dev / cross-domain stress set,False
YOUTUBE_HP250_MEIZUM3S_id42_s0_60.png,1,VALID,0.060760498,1.6494141,-1.3837891,-1.6356909,LCC-FASD external-dev / cross-domain stress set,False
YOUTUBE_HP250_MEIZUM3S_id42_s0_75.png,1,VALID,0.24328613,1.5458984,-1.4697266,-1.3504641,LCC-FASD external-dev / cross-domain stress set,False
YOUTUBE_HP250_MEIZUM3S_id42_s0_90.png,1,VALID,-0.048797607,1.4707031,-1.1621094,-1.5889112,LCC-FASD external-dev / cross-domain stress set,False
YOUTUBE_HP250_MEIZUM3S_id42_s0_105.png,1,VALID,0.09350586,1.5742188,-1.421875,-1.5294858,LCC-FASD external-dev / cross-domain stress set,False
YOUTUBE_HP250_MEIZUM3S_id42_s0_120.png,1,VALID,-0.10290527,1.6015625,-1.1982422,-1.7635118,LCC-FASD external-dev / cross-domain stress set,False
YOUTUBE_HP250_MEIZUM3S_id42_s0_135.png,1,VALID,-0.25024414,1.6767578,-1.1787109,-1.9829369,LCC-FASD external-dev / cross-domain stress set,False
YOUTUBE_HP250_MEIZUM3S_id42_s0_150.png,1,VALID,-0.20861816,1.6738281,-1.1425781,-1.9405459,LCC-FASD external-dev / cross-domain stress set,False
YOUTUBE_HP250_MEIZUM3S_id42_s1_75.png,1,VALID,-2.2773438,1.1835938,1.4472656,-4.294586,LCC-FASD external-dev / cross-domain stress set,False
YOUTUBE_HP250_SGJ7_id39_s1_29.png,1,VALID,-1.6464844,0.99365234,1.0361328,-3.3547497,LCC-FASD external-dev / cross-domain stress set,False
YOUTUBE_HP250_SGJ7_id39_s1_59.png,1,VALID,-0.97998047,1.2685547,0.064575195,-2.5108979,LCC-FASD external-dev / cross-domain stress set,False
YOUTUBE_HP250_SGJ7_id39_s1_74.png,1,VALID,-2.0351562,1.4990234,0.95947266,-3.9935079,LCC-FASD external-dev / cross-domain stress set,False
YOUTUBE_HP250_SGJ7_id39_s1_94.png,1,VALID,-2.2246094,2.53125,0.3100586,-4.8588486,LCC-FASD external-dev / cross-domain stress set,False
YOUTUBE_HP250_SGJ7_id39_s1_109.png,1,VALID,-2.4355469,2.7890625,0.31030273,-5.305126,LCC-FASD external-dev / cross-domain stress set,False
YOUTUBE_HP250_SGJ7_id39_s1_124.png,1,VALID,-2.5683594,2.3417969,0.83203125,-5.109795,LCC-FASD external-dev / cross-domain stress set,False
YOUTUBE_HP250G6_XPERIAZ5_id48_s1_17.png,1,VALID,-1.4648438,1.6103516,0.24487305,-3.302537,LCC-FASD external-dev / cross-domain stress set,False
YOUTUBE_HP250G6_XPERIAZ5_id48_s1_32.png,1,VALID,-0.9868164,1.6611328,-0.46606445,-2.7605371,LCC-FASD external-dev / cross-domain stress set,False
YOUTUBE_HP250G6_XPERIAZ5_id48_s1_47.png,1,VALID,-0.3696289,1.7880859,-1.3447266,-2.2003863,LCC-FASD external-dev / cross-domain stress set,False
YOUTUBE_HP250G6_XPERIAZ5_id48_s1_62.png,1,VALID,-0.26586914,0.7060547,-0.5776367,-1.2164475,LCC-FASD external-dev / cross-domain stress set,False
YOUTUBE_HP250G6_XPERIAZ5_id48_s1_77.png,1,VALID,1.0859375,0.029006958,-1.4267578,0.8473004,LCC-FASD external-dev / cross-domain stress set,True
YOUTUBE_HP250G6_XPERIAZ5_id48_s1_92.png,1,VALID,1.1132812,1.1953125,-2.484375,-0.10694909,LCC-FASD external-dev / cross-domain stress set,True
YOUTUBE_HP250G6_XPERIAZ5_id48_s1_128.png,1,VALID,1.5097656,0.4453125,-2.2578125,0.999606,LCC-FASD external-dev / cross-domain stress set,True
YOUTUBE_HP250G6_XPERIAZ5_id48_s1_143.png,1,VALID,-1.3105469,1.3095703,0.09991455,-2.881173,LCC-FASD external-dev / cross-domain stress set,False
YOUTUBE_HP250G6_XPERIAZ5_id48_s1_158.png,1,VALID,-0.7348633,1.7197266,-0.78222656,-2.5333314,LCC-FASD external-dev / cross-domain stress set,False
YOUTUBE_HP3165NGW_IPADA1893_id39_s0_17.png,1,VALID,-0.9248047,1.7509766,-0.4128418,-2.784533,LCC-FASD external-dev / cross-domain stress set,False
YOUTUBE_HP3165NGW_IPADA1893_id39_s0_34.png,1,VALID,-1.1298828,1.6884766,-0.18249512,-2.961571,LCC-FASD external-dev / cross-domain stress set,False
YOUTUBE_HP3165NGW_IPADA1893_id39_s0_49.png,1,VALID,-1.1044922,1.7236328,-0.23742676,-2.9597752,LCC-FASD external-dev / cross-domain stress set,False
YOUTUBE_HP3165NGW_IPADA1893_id43_s0_15.png,1,VALID,-1.28125,1.2216797,0.47753906,-2.8916843,LCC-FASD external-dev / cross-domain stress set,False
YOUTUBE_HP3165NGW_IPADA1893_id43_s0_30.png,1,VALID,-0.9785156,1.4384766,-0.055664062,-2.6194768,LCC-FASD external-dev / cross-domain stress set,False
YOUTUBE_HP3165NGW_IPADA1893_id43_s0_45.png,1,VALID,-1.4404297,1.5,0.4111328,-3.230557,LCC-FASD external-dev / cross-domain stress set,False
YOUTUBE_HP3165NGW_IPADA1893_id43_s0_60.png,1,VALID,-0.8261719,1.1679688,0.17199707,-2.3084874,LCC-FASD external-dev / cross-domain stress set,False
YOUTUBE_HP3165NGW_IPADA1893_id43_s0_75.png,1,VALID,-1.0859375,1.0527344,0.5805664,-2.6233478,LCC-FASD external-dev / cross-domain stress set,False
YOUTUBE_HP3165NGW_IPADA1893_id43_s0_90.png,1,VALID,-0.059265137,0.71728516,-0.35961914,-1.0697037,LCC-FASD external-dev / cross-domain stress set,False
YOUTUBE_HP3165NGW_IPADA1893_id43_s0_105.png,1,VALID,-1.5361328,1.6064453,0.4272461,-3.4107141,LCC-FASD external-dev / cross-domain stress set,False
YOUTUBE_HP3165NGW_IPADA1893_id43_s0_120.png,1,VALID,-1.0605469,1.1318359,0.29882812,-2.5533662,LCC-FASD external-dev / cross-domain stress set,False
YOUTUBE_HP3165NGW_IPADA1893_id43_s0_135.png,1,VALID,-0.7709961,1.0400391,0.07128906,-2.1327977,LCC-FASD external-dev / cross-domain stress set,False
YOUTUBE_HP3165NGW_IPADA1893_id43_s0_150.png,1,VALID,-0.50146484,1.0751953,-0.23059082,-1.8164322,LCC-FASD external-dev / cross-domain stress set,False
YOUTUBE_HP3165NGW_IPADA1893_id43_s1_15.png,1,VALID,-1.6132812,1.9619141,0.32202148,-3.752505,LCC-FASD external-dev / cross-domain stress set,False
YOUTUBE_HP3165NGW_IPADA1893_id43_s1_30.png,1,VALID,-1.6416016,1.8828125,0.3022461,-3.7116058,LCC-FASD external-dev / cross-domain stress set,False
YOUTUBE_HP3165NGW_IPADA1893_id43_s1_45.png,1,VALID,-1.3447266,1.6826172,0.19238281,-3.2305455,LCC-FASD external-dev / cross-domain stress set,False
YOUTUBE_HP3165NGW_IPADA1893_id43_s1_60.png,1,VALID,-1.4609375,2.0410156,-0.058441162,-3.617532,LCC-FASD external-dev / cross-domain stress set,False
YOUTUBE_HP3165NGW_IPADA1893_id43_s1_75.png,1,VALID,-1.3935547,1.8515625,0.15490723,-3.4134207,LCC-FASD external-dev / cross-domain stress set,False
YOUTUBE_HP3165NGW_IPADA1893_id43_s1_90.png,1,VALID,-0.54248047,1.5087891,-0.5625,-2.1699617,LCC-FASD external-dev / cross-domain stress set,False
YOUTUBE_HP3165NGW_IPADA1893_id43_s1_105.png,1,VALID,-0.9238281,1.6796875,-0.265625,-2.7371216,LCC-FASD external-dev / cross-domain stress set,False
YOUTUBE_HP3165NGW_IPADA1893_id43_s1_120.png,1,VALID,-1.3300781,1.8632812,0.099121094,-3.3514998,LCC-FASD external-dev / cross-domain stress set,False
YOUTUBE_HP3165NGW_IPADA1893_id43_s1_135.png,1,VALID,-1.4980469,1.8544922,0.22131348,-3.5309427,LCC-FASD external-dev / cross-domain stress set,False
YOUTUBE_DV3360_LA6020A40_id42_s0_45.png,1,VALID,-1.7822266,2.7988281,-0.16418457,-4.631428,LCC-FASD external-dev / cross-domain stress set,False
YOUTUBE_DV3360_LA6020A40_id42_s0_60.png,1,VALID,-1.4355469,2.0585938,0.06677246,-3.6220472,LCC-FASD external-dev / cross-domain stress set,False
YOUTUBE_DV3360_LA6020A40_id42_s0_75.png,1,VALID,-1.3251953,2.4238281,-0.45654297,-3.8036196,LCC-FASD external-dev / cross-domain stress set,False
YOUTUBE_DV3360_LA6020A40_id42_s1_15.png,1,VALID,-0.6196289,2.0019531,-1.0410156,-2.6681728,LCC-FASD external-dev / cross-domain stress set,False
YOUTUBE_DV3360_LA6020A40_id42_s1_30.png,1,VALID,-0.5390625,1.4960938,-0.6743164,-2.143231,LCC-FASD external-dev / cross-domain stress set,False
YOUTUBE_DV3360_LA6020A40_id42_s1_45.png,1,VALID,-0.14660645,1.2958984,-0.9116211,-1.5468407,LCC-FASD external-dev / cross-domain stress set,False
YOUTUBE_DV3360_LA6020A40_id42_s1_60.png,1,VALID,-0.82958984,1.6191406,-0.40234375,-2.5731215,LCC-FASD external-dev / cross-domain stress set,False
YOUTUBE_DV3360_LA6020A40_id42_s1_75.png,1,VALID,-0.7163086,1.5429688,-0.45532227,-2.3864093,LCC-FASD external-dev / cross-domain stress set,False
YOUTUBE_HP15AC113UR_GZS5001_id39_s1_56.png,1,VALID,-0.0625,0.109802246,-0.31201172,-0.67662036,LCC-FASD external-dev / cross-domain stress set,False
YOUTUBE_HP15AC113UR_GZS5001_id39_s1_95.png,1,VALID,-1.2431641,1.1611328,-0.041107178,-2.6670613,LCC-FASD external-dev / cross-domain stress set,False
YOUTUBE_HP15AC113UR_GZS5001_id39_s1_110.png,1,VALID,-0.9785156,1.0390625,-0.09814453,-2.2957501,LCC-FASD external-dev / cross-domain stress set,False
YOUTUBE_HP15AC113UR_GZS5001_id39_s1_126.png,1,VALID,-1.9277344,1.0048828,0.9716797,-3.6093006,LCC-FASD external-dev / cross-domain stress set,False
YOUTUBE_HP15AC113UR_GZS5001_id42_s0_36.png,1,VALID,1.3603516,0.4519043,-1.9267578,0.8198189,LCC-FASD external-dev / cross-domain stress set,True
YOUTUBE_HP15AC113UR_GZS5001_id42_s0_51.png,1,VALID,1.0908203,0.67285156,-1.8535156,0.34105504,LCC-FASD external-dev / cross-domain stress set,True
YOUTUBE_HP15AC113UR_GZS5001_id42_s0_66.png,1,VALID,1.2880859,0.5449219,-1.9482422,0.6637541,LCC-FASD external-dev / cross-domain stress set,True
YOUTUBE_HP15AC113UR_GZS5001_id42_s0_81.png,1,VALID,1.703125,-0.06335449,-1.9335938,1.6231701,LCC-FASD external-dev / cross-domain stress set,True
YOUTUBE_HP15AC113UR_GZS5001_id42_s0_96.png,1,VALID,1.6289062,-0.16381836,-1.8095703,1.6163645,LCC-FASD external-dev / cross-domain stress set,True
YOUTUBE_HP15AC113UR_GZS5001_id42_s0_111.png,1,VALID,1.7949219,-0.1619873,-1.9560547,1.803088,LCC-FASD external-dev / cross-domain stress set,True
YOUTUBE_HP15AC113UR_GZS5001_id42_s0_126.png,1,VALID,1.8193359,0.009140015,-2.1621094,1.7022073,LCC-FASD external-dev / cross-domain stress set,True
YOUTUBE_HP15AC113UR_GZS5001_id42_s0_141.png,1,VALID,1.6113281,0.19714355,-2.046875,1.3134062,LCC-FASD external-dev / cross-domain stress set,True
YOUTUBE_HP15AC113UR_GZS5001_id42_s0_156.png,1,VALID,1.8369141,0.08746338,-2.1699219,1.649946,LCC-FASD external-dev / cross-domain stress set,True
YOUTUBE_HP15AC113UR_GZS5001_id42_s0_171.png,1,VALID,1.9101562,0.19604492,-2.2304688,1.6294538,LCC-FASD external-dev / cross-domain stress set,True
YOUTUBE_HP15AC113UR_GZS5001_id48_s0_15.png,1,VALID,-1.3886719,1.6728516,0.0435791,-3.2405665,LCC-FASD external-dev / cross-domain stress set,False
YOUTUBE_HP15AC113UR_GZS5001_id48_s0_30.png,1,VALID,-1.6269531,1.890625,0.16430664,-3.6813438,LCC-FASD external-dev / cross-domain stress set,False
YOUTUBE_HP15AC113UR_GZS5001_id48_s0_45.png,1,VALID,-1.0458984,1.5556641,-0.16101074,-2.7667909,LCC-FASD external-dev / cross-domain stress set,False
YOUTUBE_HP15AC113UR_GZS5001_id48_s0_60.png,1,VALID,-0.94091797,1.5439453,-0.3540039,-2.624517,LCC-FASD external-dev / cross-domain stress set,False
YOUTUBE_HP15AC113UR_GZS5001_id48_s0_75.png,1,VALID,-0.93115234,1.1572266,-0.058563232,-2.3480287,LCC-FASD external-dev / cross-domain stress set,False
YOUTUBE_HP15AC113UR_GZS5001_id48_s0_90.png,1,VALID,-1.3339844,1.5693359,0.033111572,-3.0982225,LCC-FASD external-dev / cross-domain stress set,False
YOUTUBE_HP15AC113UR_GZS5001_id48_s0_105.png,1,VALID,-1.2568359,1.6601562,-0.08282471,-3.0782585,LCC-FASD external-dev / cross-domain stress set,False
YOUTUBE_HP15AC113UR_GZS5001_id48_s0_120.png,1,VALID,-1.4814453,1.8349609,-0.08496094,-3.4532232,LCC-FASD external-dev / cross-domain stress set,False
YOUTUBE_HP15AC113UR_GZS5001_id48_s0_135.png,1,VALID,-1.0175781,1.65625,-0.35424805,-2.7995105,LCC-FASD external-dev / cross-domain stress set,False
YOUTUBE_HP15AC113UR_GZS5001_id48_s0_150.png,1,VALID,-0.984375,1.0888672,0.06756592,-2.3808196,LCC-FASD external-dev / cross-domain stress set,False
YOUTUBE_HP250G6_XPERIAZ5_id43_s0_15.png,1,VALID,-0.2421875,1.8320312,-1.2548828,-2.1188502,LCC-FASD external-dev / cross-domain stress set,False
YOUTUBE_HP250G6_XPERIAZ5_id43_s0_30.png,1,VALID,-1.296875,2.0761719,-0.21569824,-3.469336,LCC-FASD external-dev / cross-domain stress set,False
YOUTUBE_HP250G6_XPERIAZ5_id43_s0_47.png,1,VALID,-1.2802734,2.6269531,-0.79052734,-3.9394953,LCC-FASD external-dev / cross-domain stress set,False
YOUTUBE_HP250G6_XPERIAZ5_id43_s0_66.png,1,VALID,-0.703125,2.0800781,-0.90722656,-2.8323963,LCC-FASD external-dev / cross-domain stress set,False
YOUTUBE_HP250G6_XPERIAZ5_id43_s0_81.png,1,VALID,0.0496521,2.1132812,-1.6728516,-2.0860589,LCC-FASD external-dev / cross-domain stress set,False
YOUTUBE_HP250G6_XPERIAZ5_id43_s0_96.png,1,VALID,0.33154297,1.8144531,-1.8378906,-1.50851,LCC-FASD external-dev / cross-domain stress set,False
YOUTUBE_HP250G6_XPERIAZ5_id43_s0_118.png,1,VALID,-0.8642578,2.1132812,-0.8754883,-3.0266619,LCC-FASD external-dev / cross-domain stress set,False
YOUTUBE_HP250G6_XPERIAZ5_id43_s0_133.png,1,VALID,-0.6821289,1.8623047,-0.8676758,-2.6076155,LCC-FASD external-dev / cross-domain stress set,False
YOUTUBE_HP250G6_XPERIAZ5_id43_s0_148.png,1,VALID,-0.59472656,2.0253906,-1.0488281,-2.6653063,LCC-FASD external-dev / cross-domain stress set,False
YOUTUBE_HP250G6_XPERIAZ5_id43_s0_164.png,1,VALID,-1.7988281,2.6777344,-0.08862305,-4.5375547,LCC-FASD external-dev / cross-domain stress set,False
YOUTUBE_HP250G6_XPERIAZ5_id43_s1_15.png,1,VALID,-1.2119141,1.9453125,-0.25732422,-3.2620473,LCC-FASD external-dev / cross-domain stress set,False
YOUTUBE_HP250G6_XPERIAZ5_id43_s1_30.png,1,VALID,-0.7319336,1.2109375,-0.29541016,-2.1431293,LCC-FASD external-dev / cross-domain stress set,False
YOUTUBE_HP250G6_XPERIAZ5_id43_s1_46.png,1,VALID,-0.48876953,1.8232422,-1.0419922,-2.3674178,LCC-FASD external-dev / cross-domain stress set,False
YOUTUBE_HP250G6_XPERIAZ5_id43_s1_61.png,1,VALID,-1.6279297,2.1933594,-0.12426758,-3.915241,LCC-FASD external-dev / cross-domain stress set,False
YOUTUBE_HP250G6_XPERIAZ5_id43_s1_76.png,1,VALID,-1.8320312,2.3183594,-0.037475586,-4.2409754,LCC-FASD external-dev / cross-domain stress set,False
YOUTUBE_HP250G6_XPERIAZ5_id43_s1_92.png,1,VALID,-0.98779297,1.7216797,-0.46777344,-2.815613,LCC-FASD external-dev / cross-domain stress set,False
YOUTUBE_HP250G6_XPERIAZ5_id43_s1_107.png,1,VALID,-0.6435547,1.2539062,-0.3857422,-2.0748105,LCC-FASD external-dev / cross-domain stress set,False
YOUTUBE_HP250G6_XPERIAZ5_id43_s1_122.png,1,VALID,-1.1171875,2.1875,-0.6801758,-3.3599622,LCC-FASD external-dev / cross-domain stress set,False
YOUTUBE_HP250G6_XPERIAZ5_id43_s1_137.png,1,VALID,-1.6728516,1.7529297,0.23864746,-3.6246042,LCC-FASD external-dev / cross-domain stress set,False
YOUTUBE_HP250G6_XPERIAZ5_id43_s1_152.png,1,VALID,-0.51660156,2.203125,-1.3242188,-2.748686,LCC-FASD external-dev / cross-domain stress set,False
YOUTUBE_HP250G6_XPERIAZ5_id48_s1_107.png,1,VALID,-0.13830566,0.8222656,-0.68603516,-1.1604755,LCC-FASD external-dev / cross-domain stress set,False
YOUTUBE_DIGUNKNOWN_IPHONE5SF_id42_s1_95.png,1,VALID,-0.16796875,0.9355469,-0.52685547,-1.3118939,LCC-FASD external-dev / cross-domain stress set,False
YOUTUBE_DLE6540_HTCDEYE_id39_s1_15.png,1,VALID,-1.2460938,1.3525391,0.034942627,-2.8358986,LCC-FASD external-dev / cross-domain stress set,False
YOUTUBE_DLE6540_HTCDEYE_id39_s1_53.png,1,VALID,0.85253906,-0.41674805,-0.64160156,0.68226004,LCC-FASD external-dev / cross-domain stress set,True
YOUTUBE_DLE6540_HTCDEYE_id39_s1_68.png,1,VALID,-1.7744141,0.89453125,1.1835938,-3.5170321,LCC-FASD external-dev / cross-domain stress set,False
YOUTUBE_DLE6540_HTCDEYE_id39_s1_83.png,1,VALID,-2.28125,1.3359375,1.2597656,-4.272974,LCC-FASD external-dev / cross-domain stress set,False
YOUTUBE_DLE6540_HTCDEYE_id39_s1_98.png,1,VALID,-1.5,1.4599609,0.21679688,-3.2134166,LCC-FASD external-dev / cross-domain stress set,False
YOUTUBE_DLE6540_HTCDEYE_id39_s1_113.png,1,VALID,-2.2441406,1.4306641,1.0625,-4.200718,LCC-FASD external-dev / cross-domain stress set,False
YOUTUBE_DLE6540_HTCDEYE_id39_s1_128.png,1,VALID,-1.5820312,1.3271484,0.40771484,-3.244755,LCC-FASD external-dev / cross-domain stress set,False
YOUTUBE_DLE6540_HTCDEYE_id42_s0_15.png,1,VALID,3.5859375,-1.71875,-2.7519531,5.000248,LCC-FASD external-dev / cross-domain stress set,True
YOUTUBE_DLE6540_HTCDEYE_id42_s0_30.png,1,VALID,2.4902344,-0.88916016,-2.171875,3.134659,LCC-FASD external-dev / cross-domain stress set,True
YOUTUBE_DLE6540_HTCDEYE_id42_s0_45.png,1,VALID,2.4257812,-0.58740234,-2.328125,2.8515806,LCC-FASD external-dev / cross-domain stress set,True
YOUTUBE_DLE6540_HTCDEYE_id42_s0_60.png,1,VALID,1.5859375,-0.06774902,-1.8212891,1.4939857,LCC-FASD external-dev / cross-domain stress set,True
YOUTUBE_DLE6540_HTCDEYE_id42_s0_75.png,1,VALID,1.6142578,-0.0769043,-1.8144531,1.5290848,LCC-FASD external-dev / cross-domain stress set,True
YOUTUBE_DLE6540_HTCDEYE_id42_s0_90.png,1,VALID,1.8222656,-0.46118164,-1.828125,2.0564034,LCC-FASD external-dev / cross-domain stress set,True
YOUTUBE_DLE6540_HTCDEYE_id42_s0_105.png,1,VALID,0.90722656,0.45776367,-1.4570312,0.31198877,LCC-FASD external-dev / cross-domain stress set,True
YOUTUBE_DLE6540_HTCDEYE_id42_s0_120.png,1,VALID,1.5595703,0.14196777,-1.8583984,1.2907182,LCC-FASD external-dev / cross-domain stress set,True
YOUTUBE_DLE6540_HTCDEYE_id42_s0_135.png,1,VALID,1.2441406,0.12792969,-1.6015625,0.952924,LCC-FASD external-dev / cross-domain stress set,True
YOUTUBE_DLE6540_HTCDEYE_id42_s0_150.png,1,VALID,1.2539062,0.19958496,-1.6904297,0.91362965,LCC-FASD external-dev / cross-domain stress set,True
YOUTUBE_DLE6540_HTCDEYE_id42_s1_15.png,1,VALID,0.43139648,0.67626953,-1.3574219,-0.36784405,LCC-FASD external-dev / cross-domain stress set,False
YOUTUBE_DLE6540_HTCDEYE_id42_s1_30.png,1,VALID,1.1513672,0.05441284,-1.6201172,0.9251914,LCC-FASD external-dev / cross-domain stress set,True
YOUTUBE_DLE6540_HTCDEYE_id42_s1_45.png,1,VALID,0.04006958,-0.4243164,0.21032715,-0.5956066,LCC-FASD external-dev / cross-domain stress set,False
YOUTUBE_DLE6540_HTCDEYE_id42_s1_60.png,1,VALID,1.2724609,-0.18139648,-1.4316406,1.2019827,LCC-FASD external-dev / cross-domain stress set,True
YOUTUBE_DLE6540_HTCDEYE_id42_s1_75.png,1,VALID,0.65771484,-0.6821289,-0.18774414,0.36925834,LCC-FASD external-dev / cross-domain stress set,True
YOUTUBE_DLE6540_HTCDEYE_id42_s1_90.png,1,VALID,0.19482422,-0.5205078,0.20275879,-0.40346038,LCC-FASD external-dev / cross-domain stress set,False
YOUTUBE_DLE6540_HTCDEYE_id42_s1_136.png,1,VALID,0.7714844,-1.5371094,0.35839844,0.2731136,LCC-FASD external-dev / cross-domain stress set,True
YOUTUBE_DLE6540_HTCDEYE_id42_s1_152.png,1,VALID,0.23339844,-0.85009766,0.4206543,-0.43460065,LCC-FASD external-dev / cross-domain stress set,False
YOUTUBE_DP2717H_HTCONEM9_id48_s0_15.png,1,VALID,-0.40185547,1.0244141,-0.41137695,-1.6397078,LCC-FASD external-dev / cross-domain stress set,False
YOUTUBE_DP2717H_HTCONEM9_id48_s0_30.png,1,VALID,0.75683594,0.18859863,-0.89160156,0.27592027,LCC-FASD external-dev / cross-domain stress set,True
YOUTUBE_DP2717H_HTCONEM9_id48_s0_45.png,1,VALID,-0.02192688,0.58154297,-0.40307617,-0.92089134,LCC-FASD external-dev / cross-domain stress set,False
YOUTUBE_DP2717H_HTCONEM9_id48_s0_60.png,1,VALID,-0.36645508,0.87890625,-0.2788086,-1.518592,LCC-FASD external-dev / cross-domain stress set,False
YOUTUBE_DP2717H_HTCONEM9_id48_s0_75.png,1,VALID,-0.9316406,1.2167969,0.16821289,-2.4488633,LCC-FASD external-dev / cross-domain stress set,False
YOUTUBE_DP2717H_HTCONEM9_id48_s0_90.png,1,VALID,-0.6894531,1.2666016,-0.24121094,-2.1560473,LCC-FASD external-dev / cross-domain stress set,False
YOUTUBE_DP2717H_HTCONEM9_id48_s0_105.png,1,VALID,-0.30493164,0.82666016,-0.22961426,-1.4300276,LCC-FASD external-dev / cross-domain stress set,False
YOUTUBE_DP2717H_HTCONEM9_id48_s0_120.png,1,VALID,-1.4707031,1.5195312,0.43896484,-3.2824585,LCC-FASD external-dev / cross-domain stress set,False
YOUTUBE_DP2717H_HTCONEM9_id48_s0_135.png,1,VALID,-0.7783203,1.4873047,-0.22973633,-2.4307976,LCC-FASD external-dev / cross-domain stress set,False
YOUTUBE_DP2717H_HTCONEM9_id48_s0_150.png,1,VALID,-0.7714844,1.15625,-0.040130615,-2.191856,LCC-FASD external-dev / cross-domain stress set,False
YOUTUBE_DV3360_LA6020A40_id39_s1_15.png,1,VALID,-0.23034668,0.94433594,-0.39208984,-1.4080008,LCC-FASD external-dev / cross-domain stress set,False
YOUTUBE_DV3360_LA6020A40_id39_s1_30.png,1,VALID,-0.65283203,0.45458984,0.50927734,-1.8282866,LCC-FASD external-dev / cross-domain stress set,False
YOUTUBE_DV3360_LA6020A40_id39_s1_45.png,1,VALID,-0.4453125,0.6010742,0.09313965,-1.5174755,LCC-FASD external-dev / cross-domain stress set,False
YOUTUBE_DV3360_LA6020A40_id39_s1_63.png,1,VALID,-0.5546875,1.0058594,-0.16845703,-1.8298334,LCC-FASD external-dev / cross-domain stress set,False
YOUTUBE_DV3360_LA6020A40_id39_s1_78.png,1,VALID,-0.6958008,0.5234375,0.43310547,-1.8682392,LCC-FASD external-dev / cross-domain stress set,False
YOUTUBE_DV3360_LA6020A40_id39_s1_93.png,1,VALID,-1.1386719,1.2539062,0.3479004,-2.7319999,LCC-FASD external-dev / cross-domain stress set,False
YOUTUBE_DV3360_LA6020A40_id39_s1_108.png,1,VALID,-1.1513672,1.6064453,0.025131226,-2.9448767,LCC-FASD external-dev / cross-domain stress set,False
YOUTUBE_DV3360_LA6020A40_id39_s1_123.png,1,VALID,-0.52685547,1.2470703,-0.42285156,-1.9464173,LCC-FASD external-dev / cross-domain stress set,False
YOUTUBE_DV3360_LA6020A40_id42_s0_15.png,1,VALID,-1.4951172,2.7402344,-0.48364258,-4.2743807,LCC-FASD external-dev / cross-domain stress set,False
YOUTUBE_DV3360_LA6020A40_id42_s0_30.png,1,VALID,-1.2148438,2.328125,-0.5205078,-3.5992768,LCC-FASD external-dev / cross-domain stress set,False
YOUTUBE_DV3360_LA6020A40_id42_s0_106.png,1,VALID,-1.2421875,2.0332031,-0.15344238,-3.381814,LCC-FASD external-dev / cross-domain stress set,False
YOUTUBE_DV3360_LA6020A40_id42_s0_128.png,1,VALID,-1.0712891,2.21875,-0.5776367,-3.3492794,LCC-FASD external-dev / cross-domain stress set,False
YOUTUBE_DV3360_LA6020A40_id42_s0_143.png,1,VALID,-1.4570312,2.3125,-0.2388916,-3.8446138,LCC-FASD external-dev / cross-domain stress set,False
YOUTUBE_DV3360_LA6020A40_id42_s0_158.png,1,VALID,-2.1308594,2.8632812,0.14929199,-5.058309,LCC-FASD external-dev / cross-domain stress set,False
YOUTUBE_DV3360_LA6020A40_id42_s0_173.png,1,VALID,-0.56152344,1.8486328,-0.8618164,-2.474545,LCC-FASD external-dev / cross-domain stress set,False
YOUTUBE_C27F591FDI_LGG3D690_id43_s0_15.png,1,VALID,-0.91064453,0.6435547,0.4116211,-2.1380887,LCC-FASD external-dev / cross-domain stress set,False
YOUTUBE_C27F591FDI_LGG3D690_id43_s0_30.png,1,VALID,-1.0507812,0.84814453,0.35961914,-2.3773503,LCC-FASD external-dev / cross-domain stress set,False
YOUTUBE_C27F591FDI_LGG3D690_id43_s0_46.png,1,VALID,-1.0556641,0.71875,0.60839844,-2.4139068,LCC-FASD external-dev / cross-domain stress set,False
YOUTUBE_C27F591FDI_LGG3D690_id43_s0_61.png,1,VALID,-0.20751953,-0.20715332,0.48535156,-1.0985503,LCC-FASD external-dev / cross-domain stress set,False
YOUTUBE_C27F591FDI_LGG3D690_id43_s0_76.png,1,VALID,-0.66503906,0.24279785,0.7426758,-1.8818378,LCC-FASD external-dev / cross-domain stress set,False
YOUTUBE_C27F591FDI_LGG3D690_id43_s0_91.png,1,VALID,-0.89160156,0.25073242,0.8955078,-2.2089598,LCC-FASD external-dev / cross-domain stress set,False
YOUTUBE_C27F591FDI_LGG3D690_id43_s0_136.png,1,VALID,-0.33081055,-0.15100098,0.49291992,-1.245875,LCC-FASD external-dev / cross-domain stress set,False
YOUTUBE_C27F591FDI_LGG3D690_id43_s0_151.png,1,VALID,-1.7255859,1.5605469,0.5151367,-3.5873833,LCC-FASD external-dev / cross-domain stress set,False
YOUTUBE_C27F591FDI_LGG3D690_id43_s1_15.png,1,VALID,0.15307617,-0.097351074,-0.21118164,-0.3874234,LCC-FASD external-dev / cross-domain stress set,False
YOUTUBE_C27F591FDI_LGG3D690_id43_s1_30.png,1,VALID,-0.5107422,0.30395508,0.20153809,-1.4579465,LCC-FASD external-dev / cross-domain stress set,False
YOUTUBE_C27F591FDI_LGG3D690_id43_s1_45.png,1,VALID,0.44018555,-0.18591309,-0.4736328,0.066498995,LCC-FASD external-dev / cross-domain stress set,True
YOUTUBE_C27F591FDI_LGG3D690_id43_s1_60.png,1,VALID,0.18432617,0.24243164,-0.60058594,-0.4160664,LCC-FASD external-dev / cross-domain stress set,False
YOUTUBE_C27F591FDI_LGG3D690_id43_s1_75.png,1,VALID,-0.5566406,-0.07873535,0.49169922,-1.4964044,LCC-FASD external-dev / cross-domain stress set,False
YOUTUBE_C27F591FDI_LGG3D690_id43_s1_90.png,1,VALID,-1.3183594,1.4257812,0.36401367,-3.041162,LCC-FASD external-dev / cross-domain stress set,False
YOUTUBE_C27F591FDI_LGG3D690_id43_s1_105.png,1,VALID,-1.0507812,0.18908691,0.99072266,-2.4120977,LCC-FASD external-dev / cross-domain stress set,False
YOUTUBE_C27F591FDI_LGG3D690_id43_s1_120.png,1,VALID,-0.3515625,0.83496094,-0.35473633,-1.4522002,LCC-FASD external-dev / cross-domain stress set,False
YOUTUBE_C27F591FDI_LGG3D690_id43_s1_135.png,1,VALID,0.008468628,0.8251953,-0.86865234,-0.9854655,LCC-FASD external-dev / cross-domain stress set,False
YOUTUBE_C27F591FDI_LGG3D690_id43_s1_150.png,1,VALID,-0.6508789,0.61279297,0.0018596649,-1.6972994,LCC-FASD external-dev / cross-domain stress set,False
YOUTUBE_C27F591FDI_LGG3D690_id48_s1_15.png,1,VALID,-0.5253906,-0.6274414,0.8256836,-1.5612042,LCC-FASD external-dev / cross-domain stress set,False
YOUTUBE_C27F591FDI_LGG3D690_id48_s1_30.png,1,VALID,-0.5571289,-0.68310547,1.1162109,-1.8264145,LCC-FASD external-dev / cross-domain stress set,False
YOUTUBE_C27F591FDI_LGG3D690_id48_s1_45.png,1,VALID,-0.5332031,-0.37573242,0.9345703,-1.7065843,LCC-FASD external-dev / cross-domain stress set,False
YOUTUBE_C27F591FDI_LGG3D690_id48_s1_60.png,1,VALID,-1.3681641,-0.49804688,1.8994141,-3.3546257,LCC-FASD external-dev / cross-domain stress set,False
YOUTUBE_C27F591FDI_LGG3D690_id48_s1_75.png,1,VALID,-0.63134766,-0.6040039,1.0761719,-1.8783934,LCC-FASD external-dev / cross-domain stress set,False
YOUTUBE_C27F591FDI_LGG3D690_id48_s1_90.png,1,VALID,0.0005555153,-0.3100586,0.5078125,-0.8728512,LCC-FASD external-dev / cross-domain stress set,False
YOUTUBE_C27F591FDI_LGG3D690_id48_s1_105.png,1,VALID,-1.5,0.1619873,1.3691406,-3.1307719,LCC-FASD external-dev / cross-domain stress set,False
YOUTUBE_C27F591FDI_LGG3D690_id48_s1_121.png,1,VALID,-1.5546875,1.7070312,0.34326172,-3.489408,LCC-FASD external-dev / cross-domain stress set,False
YOUTUBE_C27F591FDI_LGG3D690_id48_s1_136.png,1,VALID,-0.30371094,0.2758789,0.105529785,-1.1911855,LCC-FASD external-dev / cross-domain stress set,False
YOUTUBE_C27F591FDI_LGG3D690_id48_s1_151.png,1,VALID,-0.1817627,-0.22558594,0.24145508,-0.9098661,LCC-FASD external-dev / cross-domain stress set,False
YOUTUBE_DIGUNKNOWN_IPHONE5SF_id39_s1_15.png,1,VALID,-2.1640625,2.4140625,0.3244629,-4.694784,LCC-FASD external-dev / cross-domain stress set,False
YOUTUBE_DIGUNKNOWN_IPHONE5SF_id39_s1_35.png,1,VALID,-1.3349609,1.0273438,0.6123047,-2.8693118,LCC-FASD external-dev / cross-domain stress set,False
YOUTUBE_DIGUNKNOWN_IPHONE5SF_id39_s1_53.png,1,VALID,-1.8740234,1.8027344,0.6279297,-3.945929,LCC-FASD external-dev / cross-domain stress set,False
YOUTUBE_DIGUNKNOWN_IPHONE5SF_id39_s1_68.png,1,VALID,-1.7041016,2.0117188,0.28857422,-3.8800662,LCC-FASD external-dev / cross-domain stress set,False
YOUTUBE_DIGUNKNOWN_IPHONE5SF_id39_s1_91.png,1,VALID,-2.078125,1.9921875,0.5878906,-4.2898817,LCC-FASD external-dev / cross-domain stress set,False
YOUTUBE_DIGUNKNOWN_IPHONE5SF_id39_s1_106.png,1,VALID,-2.2929688,2.921875,0.08068848,-5.2715607,LCC-FASD external-dev / cross-domain stress set,False
YOUTUBE_DIGUNKNOWN_IPHONE5SF_id39_s1_121.png,1,VALID,-2.375,2.7304688,0.28857422,-5.1888866,LCC-FASD external-dev / cross-domain stress set,False
YOUTUBE_DIGUNKNOWN_IPHONE5SF_id39_s1_136.png,1,VALID,-2.5722656,2.7695312,0.43652344,-5.4343796,LCC-FASD external-dev / cross-domain stress set,False
YOUTUBE_DIGUNKNOWN_IPHONE5SF_id42_s0_15.png,1,VALID,0.0042686462,1.8857422,-1.5625,-1.9127798,LCC-FASD external-dev / cross-domain stress set,False
YOUTUBE_DIGUNKNOWN_IPHONE5SF_id42_s0_30.png,1,VALID,1.5410156,0.80078125,-2.4882812,0.703624,LCC-FASD external-dev / cross-domain stress set,True
YOUTUBE_DIGUNKNOWN_IPHONE5SF_id42_s0_45.png,1,VALID,0.52001953,1.3417969,-1.7314453,-0.86700964,LCC-FASD external-dev / cross-domain stress set,False
YOUTUBE_DIGUNKNOWN_IPHONE5SF_id42_s0_60.png,1,VALID,0.7265625,1.2949219,-1.8720703,-0.6096262,LCC-FASD external-dev / cross-domain stress set,False
YOUTUBE_DIGUNKNOWN_IPHONE5SF_id42_s0_75.png,1,VALID,0.72314453,1.2978516,-1.9345703,-0.6134101,LCC-FASD external-dev / cross-domain stress set,False
YOUTUBE_DIGUNKNOWN_IPHONE5SF_id42_s0_90.png,1,VALID,-0.21386719,1.9326172,-1.4472656,-2.1799688,LCC-FASD external-dev / cross-domain stress set,False
YOUTUBE_DIGUNKNOWN_IPHONE5SF_id42_s0_105.png,1,VALID,0.031066895,1.8681641,-1.6074219,-1.8675718,LCC-FASD external-dev / cross-domain stress set,False
YOUTUBE_DIGUNKNOWN_IPHONE5SF_id42_s0_120.png,1,VALID,-0.03778076,1.8554688,-1.5458984,-1.9260339,LCC-FASD external-dev / cross-domain stress set,False
YOUTUBE_DIGUNKNOWN_IPHONE5SF_id42_s0_135.png,1,VALID,-0.11126709,1.8144531,-1.4443359,-1.9634348,LCC-FASD external-dev / cross-domain stress set,False
YOUTUBE_DIGUNKNOWN_IPHONE5SF_id42_s0_150.png,1,VALID,0.035003662,1.8085938,-1.6279297,-1.8052597,LCC-FASD external-dev / cross-domain stress set,False
YOUTUBE_DIGUNKNOWN_IPHONE5SF_id42_s1_18.png,1,VALID,-0.4543457,2.0136719,-1.1289062,-2.510283,LCC-FASD external-dev / cross-domain stress set,False
YOUTUBE_DIGUNKNOWN_IPHONE5SF_id42_s1_35.png,1,VALID,0.48535156,1.1953125,-1.4599609,-0.7778809,LCC-FASD external-dev / cross-domain stress set,False
YOUTUBE_DIGUNKNOWN_IPHONE5SF_id42_s1_50.png,1,VALID,-0.44262695,1.5136719,-0.7138672,-2.0586689,LCC-FASD external-dev / cross-domain stress set,False
YOUTUBE_DIGUNKNOWN_IPHONE5SF_id42_s1_65.png,1,VALID,0.16992188,1.3691406,-1.1835938,-1.2742043,LCC-FASD external-dev / cross-domain stress set,False
YOUTUBE_DIGUNKNOWN_IPHONE5SF_id42_s1_80.png,1,VALID,0.21057129,1.1132812,-1.0498047,-1.0115372,LCC-FASD external-dev / cross-domain stress set,False
YOUTUBE_DIGUNKNOWN_IPHONE5SF_id42_s1_141.png,1,VALID,-1.4453125,1.6035156,0.28198242,-3.2852638,LCC-FASD external-dev / cross-domain stress set,False
YOUTUBE_DIGUNKNOWN_IPHONE5SF_id42_s1_176.png,1,VALID,-0.42895508,1.0117188,-0.26611328,-1.6864715,LCC-FASD external-dev / cross-domain stress set,False
YOUTUBE_BQVW2245_NEXUS5_id42_s0_16.png,1,VALID,1.3447266,0.42944336,-2.1074219,0.8391429,LCC-FASD external-dev / cross-domain stress set,True
YOUTUBE_BQVW2245_NEXUS5_id42_s0_38.png,1,VALID,1.7519531,0.055511475,-2.2832031,1.6043626,LCC-FASD external-dev / cross-domain stress set,True
YOUTUBE_BQVW2245_NEXUS5_id42_s0_156.png,1,VALID,0.8066406,0.7578125,-1.6611328,-0.036445916,LCC-FASD external-dev / cross-domain stress set,True
YOUTUBE_BQVW2245_NEXUS5_id42_s0_171.png,1,VALID,1.96875,0.10443115,-2.3671875,1.7832477,LCC-FASD external-dev / cross-domain stress set,True
YOUTUBE_BQVW2245_NEXUS5_id42_s0_186.png,1,VALID,1.9628906,0.07904053,-2.4238281,1.8051777,LCC-FASD external-dev / cross-domain stress set,True
YOUTUBE_BQVW2245_NEXUS5_id42_s0_201.png,1,VALID,2.4375,-0.17163086,-2.7460938,2.5356994,LCC-FASD external-dev / cross-domain stress set,True
YOUTUBE_BQVW2245_NEXUS5_id42_s0_216.png,1,VALID,0.76171875,0.5595703,-1.4931641,0.08136243,LCC-FASD external-dev / cross-domain stress set,True
YOUTUBE_BQVW2245_NEXUS5_id42_s0_232.png,1,VALID,1.3564453,0.17626953,-1.8476562,1.0560699,LCC-FASD external-dev / cross-domain stress set,True
YOUTUBE_BQXL2420_NEXUS5_id39_s0_15.png,1,VALID,-2.4472656,1.6005859,1.4560547,-4.671342,LCC-FASD external-dev / cross-domain stress set,False
YOUTUBE_BQXL2420_NEXUS5_id39_s0_30.png,1,VALID,-1.1904297,1.3076172,0.17285156,-2.7768126,LCC-FASD external-dev / cross-domain stress set,False
YOUTUBE_BQXL2420_NEXUS5_id39_s0_45.png,1,VALID,-2.6171875,2.0195312,1.2265625,-5.0100045,LCC-FASD external-dev / cross-domain stress set,False
YOUTUBE_BQXL2420_NEXUS5_id43_s0_15.png,1,VALID,-1.6943359,1.4521484,0.80126953,-3.5662384,LCC-FASD external-dev / cross-domain stress set,False
YOUTUBE_BQXL2420_NEXUS5_id43_s0_30.png,1,VALID,-2.4492188,1.4638672,1.5898438,-4.6712036,LCC-FASD external-dev / cross-domain stress set,False
YOUTUBE_BQXL2420_NEXUS5_id43_s0_45.png,1,VALID,-2.3828125,1.890625,1.1152344,-4.6522326,LCC-FASD external-dev / cross-domain stress set,False
YOUTUBE_BQXL2420_NEXUS5_id43_s0_60.png,1,VALID,-1.171875,1.0332031,0.6582031,-2.7282014,LCC-FASD external-dev / cross-domain stress set,False
YOUTUBE_BQXL2420_NEXUS5_id43_s0_75.png,1,VALID,-0.92529297,0.91308594,0.44750977,-2.325592,LCC-FASD external-dev / cross-domain stress set,False
YOUTUBE_BQXL2420_NEXUS5_id43_s0_90.png,1,VALID,-1.0751953,0.4230957,1.0244141,-2.5366304,LCC-FASD external-dev / cross-domain stress set,False
YOUTUBE_BQXL2420_NEXUS5_id43_s0_116.png,1,VALID,-2.296875,2.3320312,0.6645508,-4.801785,LCC-FASD external-dev / cross-domain stress set,False
YOUTUBE_BQXL2420_NEXUS5_id43_s0_131.png,1,VALID,-0.78222656,0.9145508,0.13867188,-2.0754185,LCC-FASD external-dev / cross-domain stress set,False
YOUTUBE_BQXL2420_NEXUS5_id43_s0_146.png,1,VALID,-0.26733398,0.58203125,-0.10266113,-1.2576566,LCC-FASD external-dev / cross-domain stress set,False
YOUTUBE_BQXL2420_NEXUS5_id43_s0_161.png,1,VALID,-1.9345703,1.8193359,0.66308594,-4.0274873,LCC-FASD external-dev / cross-domain stress set,False
YOUTUBE_BQXL2420_NEXUS5_id43_s1_15.png,1,VALID,-0.75341797,0.9580078,-0.08416748,-2.0135186,LCC-FASD external-dev / cross-domain stress set,False
YOUTUBE_BQXL2420_NEXUS5_id43_s1_36.png,1,VALID,-2.3847656,2.46875,0.5083008,-4.985241,LCC-FASD external-dev / cross-domain stress set,False
YOUTUBE_BQXL2420_NEXUS5_id43_s1_51.png,1,VALID,-1.5292969,1.3251953,0.46704102,-3.2079225,LCC-FASD external-dev / cross-domain stress set,False
YOUTUBE_BQXL2420_NEXUS5_id43_s1_66.png,1,VALID,-1.6572266,1.4599609,0.57421875,-3.4624834,LCC-FASD external-dev / cross-domain stress set,False
YOUTUBE_BQXL2420_NEXUS5_id43_s1_92.png,1,VALID,-0.87597656,1.5078125,-0.4423828,-2.5167856,LCC-FASD external-dev / cross-domain stress set,False
YOUTUBE_BQXL2420_NEXUS5_id43_s1_118.png,1,VALID,-2.0488281,2.2929688,0.24780273,-4.4634466,LCC-FASD external-dev / cross-domain stress set,False
YOUTUBE_BQXL2420_NEXUS5_id43_s1_133.png,1,VALID,-3.0234375,2.296875,1.3759766,-5.6554704,LCC-FASD external-dev / cross-domain stress set,False
YOUTUBE_BQXL2420_NEXUS5_id43_s1_148.png,1,VALID,-2.9121094,2.7128906,1.0449219,-5.797801,LCC-FASD external-dev / cross-domain stress set,False
YOUTUBE_BQXL2420_NEXUS5_id43_s1_163.png,1,VALID,-2.1816406,1.0205078,1.3779297,-4.089891,LCC-FASD external-dev / cross-domain stress set,False
YOUTUBE_BQXL2420_NEXUS5_id48_s1_15.png,1,VALID,-1.1103516,-0.028167725,0.9501953,-2.379674,LCC-FASD external-dev / cross-domain stress set,False
YOUTUBE_BQXL2420_NEXUS5_id48_s1_30.png,1,VALID,-1.5957031,0.13708496,1.4414062,-3.277194,LCC-FASD external-dev / cross-domain stress set,False
YOUTUBE_BQXL2420_NEXUS5_id48_s1_45.png,1,VALID,-0.85595703,0.08154297,0.8046875,-2.05621,LCC-FASD external-dev / cross-domain stress set,False
YOUTUBE_BQXL2420_NEXUS5_id48_s1_60.png,1,VALID,-1.1083984,0.54541016,0.71533203,-2.4355216,LCC-FASD external-dev / cross-domain stress set,False
YOUTUBE_BQXL2420_NEXUS5_id48_s1_75.png,1,VALID,-1.6845703,0.93310547,1.0078125,-3.348874,LCC-FASD external-dev / cross-domain stress set,False
YOUTUBE_BQXL2420_NEXUS5_id48_s1_90.png,1,VALID,-2.46875,0.40014648,2.328125,-4.932666,LCC-FASD external-dev / cross-domain stress set,False
YOUTUBE_BQXL2420_NEXUS5_id48_s1_105.png,1,VALID,-2.109375,1.0126953,1.4648438,-4.066632,LCC-FASD external-dev / cross-domain stress set,False
YOUTUBE_BQXL2420_NEXUS5_id48_s1_120.png,1,VALID,-0.94189453,0.96972656,0.2052002,-2.2938547,LCC-FASD external-dev / cross-domain stress set,False
YOUTUBE_BQXL2420_NEXUS5_id48_s1_135.png,1,VALID,-1.9980469,0.9458008,1.2988281,-3.829007,LCC-FASD external-dev / cross-domain stress set,False
YOUTUBE_BQXL2420_NEXUS5_id48_s1_150.png,1,VALID,-2.5449219,0.66308594,2.0058594,-4.7827816,LCC-FASD external-dev / cross-domain stress set,False
YOUTUBE_C27F591FDI_LGG3D690_id39_s0_15.png,1,VALID,-2.0683594,1.0888672,1.5126953,-4.0845757,LCC-FASD external-dev / cross-domain stress set,False
YOUTUBE_C27F591FDI_LGG3D690_id39_s0_31.png,1,VALID,-1.5390625,1.7197266,0.32983398,-3.481214,LCC-FASD external-dev / cross-domain stress set,False
YOUTUBE_C27F591FDI_LGG3D690_id39_s0_46.png,1,VALID,-2.0136719,1.4824219,0.9838867,-3.970724,LCC-FASD external-dev / cross-domain stress set,False
YOUTUBE_C27F591FDI_LGG3D690_id39_s0_61.png,1,VALID,-1.7080078,1.671875,0.5361328,-3.658411,LCC-FASD external-dev / cross-domain stress set,False
YOUTUBE_C27F591FDI_LGG3D690_id43_s0_106.png,1,VALID,-0.71191406,0.8930664,0.19750977,-2.009643,LCC-FASD external-dev / cross-domain stress set,False
YOUTUBE_C27F591FDI_LGG3D690_id43_s0_121.png,1,VALID,-1.7705078,0.9428711,1.1289062,-3.5038636,LCC-FASD external-dev / cross-domain stress set,False
YOUTUBE_AV203H_LEREELE3_id43_s1_45.png,1,VALID,0.019012451,0.2602539,-0.5991211,-0.5943085,LCC-FASD external-dev / cross-domain stress set,False
YOUTUBE_AV203H_LEREELE3_id43_s1_60.png,1,VALID,-0.3269043,0.5288086,-0.3557129,-1.2013655,LCC-FASD external-dev / cross-domain stress set,False
YOUTUBE_AV203H_LEREELE3_id43_s1_75.png,1,VALID,-0.69189453,0.8334961,-0.15063477,-1.842945,LCC-FASD external-dev / cross-domain stress set,False
YOUTUBE_AV203H_LEREELE3_id43_s1_90.png,1,VALID,-0.4934082,0.5727539,-0.19689941,-1.44677,LCC-FASD external-dev / cross-domain stress set,False
YOUTUBE_AVC239H_REDMI4X_id48_s1_15.png,1,VALID,-0.63623047,0.93310547,-0.26000977,-1.8342162,LCC-FASD external-dev / cross-domain stress set,False
YOUTUBE_AVC239H_REDMI4X_id48_s1_30.png,1,VALID,-0.69970703,1.4091797,-0.5419922,-2.241762,LCC-FASD external-dev / cross-domain stress set,False
YOUTUBE_AVC239H_REDMI4X_id48_s1_45.png,1,VALID,-1.0546875,1.3642578,-0.21154785,-2.6069515,LCC-FASD external-dev / cross-domain stress set,False
YOUTUBE_AVC239H_REDMI4X_id48_s1_60.png,1,VALID,-1.6269531,2.0703125,-0.09277344,-3.806093,LCC-FASD external-dev / cross-domain stress set,False
YOUTUBE_AVC239H_REDMI4X_id48_s1_75.png,1,VALID,-1.6552734,1.9208984,-0.007434845,-3.7119174,LCC-FASD external-dev / cross-domain stress set,False
YOUTUBE_AVC239H_REDMI4X_id48_s1_90.png,1,VALID,-1.5742188,1.9003906,0.16333008,-3.6367598,LCC-FASD external-dev / cross-domain stress set,False
YOUTUBE_AVC239H_REDMI4X_id48_s1_105.png,1,VALID,-2.078125,2.4863281,0.16247559,-4.6578484,LCC-FASD external-dev / cross-domain stress set,False
YOUTUBE_AVC239H_REDMI4X_id48_s1_120.png,1,VALID,-1.6162109,1.8125,0.06976318,-3.5900137,LCC-FASD external-dev / cross-domain stress set,False
YOUTUBE_AVC239H_REDMI4X_id48_s1_135.png,1,VALID,-2.7246094,2.7070312,0.7026367,-5.558046,LCC-FASD external-dev / cross-domain stress set,False
YOUTUBE_AVC239H_REDMI4X_id48_s1_150.png,1,VALID,-2.7539062,2.8222656,0.5595703,-5.6751747,LCC-FASD external-dev / cross-domain stress set,False
YOUTUBE_AZPP01T_AZ3ZE552KL_id48_s0_15.png,1,VALID,-0.52490234,1.0888672,-0.39819336,-1.8175558,LCC-FASD external-dev / cross-domain stress set,False
YOUTUBE_AZPP01T_AZ3ZE552KL_id48_s0_30.png,1,VALID,-0.9038086,1.3652344,0.04208374,-2.5051384,LCC-FASD external-dev / cross-domain stress set,False
YOUTUBE_AZPP01T_AZ3ZE552KL_id48_s0_45.png,1,VALID,-0.6357422,1.0878906,-0.1459961,-1.9791728,LCC-FASD external-dev / cross-domain stress set,False
YOUTUBE_AZPP01T_AZ3ZE552KL_id48_s0_60.png,1,VALID,-1.1904297,1.8359375,-0.21960449,-3.1468341,LCC-FASD external-dev / cross-domain stress set,False
YOUTUBE_AZPP01T_AZ3ZE552KL_id48_s0_75.png,1,VALID,-1.1269531,1.8320312,-0.38671875,-3.062213,LCC-FASD external-dev / cross-domain stress set,False
YOUTUBE_AZPP01T_AZ3ZE552KL_id48_s0_90.png,1,VALID,-1.6552734,1.6025391,0.484375,-3.5406423,LCC-FASD external-dev / cross-domain stress set,False
YOUTUBE_AZPP01T_AZ3ZE552KL_id48_s0_105.png,1,VALID,-1.3417969,1.6650391,0.0017719269,-3.1803846,LCC-FASD external-dev / cross-domain stress set,False
YOUTUBE_AZPP01T_AZ3ZE552KL_id48_s0_120.png,1,VALID,-1.9072266,2.8164062,-0.19165039,-4.7718396,LCC-FASD external-dev / cross-domain stress set,False
YOUTUBE_AZPP01T_AZ3ZE552KL_id48_s0_135.png,1,VALID,-2.2695312,2.1894531,0.61572266,-4.6473465,LCC-FASD external-dev / cross-domain stress set,False
YOUTUBE_AZPP01T_AZ3ZE552KL_id48_s0_150.png,1,VALID,-2.0839844,2.5527344,0.1149292,-4.7204647,LCC-FASD external-dev / cross-domain stress set,False
YOUTUBE_BQG2411HDA_REDMIN3P_id48_s0_15.png,1,VALID,-1.5341797,1.7705078,0.2524414,-3.502829,LCC-FASD external-dev / cross-domain stress set,False
YOUTUBE_BQG2411HDA_REDMIN3P_id48_s0_52.png,1,VALID,-0.49047852,1.3583984,-0.52246094,-1.9907749,LCC-FASD external-dev / cross-domain stress set,False
YOUTUBE_BQG2411HDA_REDMIN3P_id48_s0_67.png,1,VALID,-0.49853516,0.85839844,-0.40307617,-1.6063186,LCC-FASD external-dev / cross-domain stress set,False
YOUTUBE_BQG2411HDA_REDMIN3P_id48_s0_82.png,1,VALID,-0.42236328,1.0634766,-0.43041992,-1.6883694,LCC-FASD external-dev / cross-domain stress set,False
YOUTUBE_BQG2411HDA_REDMIN3P_id48_s0_97.png,1,VALID,-0.9711914,1.0107422,-0.06970215,-2.2741885,LCC-FASD external-dev / cross-domain stress set,False
YOUTUBE_BQG2411HDA_REDMIN3P_id48_s0_112.png,1,VALID,-1.1337891,1.4130859,-0.022720337,-2.7603104,LCC-FASD external-dev / cross-domain stress set,False
YOUTUBE_BQG2411HDA_REDMIN3P_id48_s0_127.png,1,VALID,-1.9072266,2.0234375,0.23693848,-4.085568,LCC-FASD external-dev / cross-domain stress set,False
YOUTUBE_BQG2411HDA_REDMIN3P_id48_s0_142.png,1,VALID,-1.5253906,2.0390625,-0.14685059,-3.6709504,LCC-FASD external-dev / cross-domain stress set,False
YOUTUBE_BQG2411HDA_REDMIN3P_id48_s0_157.png,1,VALID,-2.1679688,2.6484375,0.091308594,-4.891075,LCC-FASD external-dev / cross-domain stress set,False
YOUTUBE_BQG2411HDA_REDMIN3P_id48_s0_172.png,1,VALID,-1.3398438,1.4765625,-0.0047416687,-3.0212564,LCC-FASD external-dev / cross-domain stress set,False
YOUTUBE_BQM2200HD_REDMIN3P_id48_s0_15.png,1,VALID,-2.2480469,2.4277344,0.18115234,-4.7763143,LCC-FASD external-dev / cross-domain stress set,False
YOUTUBE_BQM2200HD_REDMIN3P_id48_s0_30.png,1,VALID,-1.7128906,2.078125,-0.054595947,-3.903017,LCC-FASD external-dev / cross-domain stress set,False
YOUTUBE_BQM2200HD_REDMIN3P_id48_s0_45.png,1,VALID,-2.0488281,2.3164062,0.04827881,-4.4637265,LCC-FASD external-dev / cross-domain stress set,False
YOUTUBE_BQM2200HD_REDMIN3P_id48_s0_60.png,1,VALID,-2.1953125,2.5234375,0.1361084,-4.8066463,LCC-FASD external-dev / cross-domain stress set,False
YOUTUBE_BQM2200HD_REDMIN3P_id48_s0_75.png,1,VALID,-1.4697266,2.03125,-0.42895508,-3.582941,LCC-FASD external-dev / cross-domain stress set,False
YOUTUBE_BQM2200HD_REDMIN3P_id48_s0_90.png,1,VALID,-1.9951172,2.1621094,0.08001709,-4.2747154,LCC-FASD external-dev / cross-domain stress set,False
YOUTUBE_BQM2200HD_REDMIN3P_id48_s0_105.png,1,VALID,-2.25,2.9316406,-0.062561035,-5.230504,LCC-FASD external-dev / cross-domain stress set,False
YOUTUBE_BQM2200HD_REDMIN3P_id48_s0_120.png,1,VALID,-2.0195312,2.3496094,0.15563965,-4.474827,LCC-FASD external-dev / cross-domain stress set,False
YOUTUBE_BQM2200HD_REDMIN3P_id48_s0_135.png,1,VALID,-1.2197266,1.6582031,-0.4951172,-2.9877684,LCC-FASD external-dev / cross-domain stress set,False
YOUTUBE_BQM2200HD_REDMIN3P_id48_s0_150.png,1,VALID,-0.9736328,1.5927734,-0.76904297,-2.6564746,LCC-FASD external-dev / cross-domain stress set,False
YOUTUBE_BQVW2245_NEXUS5_id39_s1_15.png,1,VALID,-1.5361328,1.7324219,0.28051758,-3.4789162,LCC-FASD external-dev / cross-domain stress set,False
YOUTUBE_BQVW2245_NEXUS5_id39_s1_50.png,1,VALID,-2.2226562,1.5283203,1.3369141,-4.352993,LCC-FASD external-dev / cross-domain stress set,False
YOUTUBE_BQVW2245_NEXUS5_id39_s1_65.png,1,VALID,-1.6523438,1.3115234,0.76953125,-3.422297,LCC-FASD external-dev / cross-domain stress set,False
YOUTUBE_BQVW2245_NEXUS5_id39_s1_85.png,1,VALID,-2.2304688,1.3955078,1.4912109,-4.3681197,LCC-FASD external-dev / cross-domain stress set,False
YOUTUBE_BQVW2245_NEXUS5_id39_s1_100.png,1,VALID,-1.7763672,2.1054688,0.26245117,-4.028823,LCC-FASD external-dev / cross-domain stress set,False
YOUTUBE_BQVW2245_NEXUS5_id39_s1_115.png,1,VALID,-1.6416016,2.3964844,-0.24719238,-4.1067715,LCC-FASD external-dev / cross-domain stress set,False
YOUTUBE_BQVW2245_NEXUS5_id39_s1_130.png,1,VALID,-2.0175781,2.0625,0.51708984,-4.27336,LCC-FASD external-dev / cross-domain stress set,False
YOUTUBE_BQVW2245_NEXUS5_id42_s0_100.png,1,VALID,1.0732422,0.5234375,-1.9013672,0.46500832,LCC-FASD external-dev / cross-domain stress set,True
YOUTUBE_BQVW2245_NEXUS5_id42_s0_115.png,1,VALID,0.76416016,0.7573242,-1.7197266,-0.07381326,LCC-FASD external-dev / cross-domain stress set,True
YOUTUBE_ATMP253MG_XIAOMIMI6_id42_s0_16.png,1,VALID,0.23376465,1.078125,-1.1992188,-0.9419917,LCC-FASD external-dev / cross-domain stress set,False
YOUTUBE_ATMP253MG_XIAOMIMI6_id42_s0_32.png,1,VALID,0.71240234,0.80322266,-1.5302734,-0.1833595,LCC-FASD external-dev / cross-domain stress set,True
YOUTUBE_ATMP253MG_XIAOMIMI6_id42_s0_47.png,1,VALID,0.17285156,1.0976562,-1.2216797,-1.0186036,LCC-FASD external-dev / cross-domain stress set,False
YOUTUBE_ATMP253MG_XIAOMIMI6_id42_s0_62.png,1,VALID,0.8183594,0.67285156,-1.484375,0.036074758,LCC-FASD external-dev / cross-domain stress set,True
YOUTUBE_ATMP253MG_XIAOMIMI6_id42_s0_77.png,1,VALID,0.8852539,0.5913086,-1.6542969,0.1933189,LCC-FASD external-dev / cross-domain stress set,True
YOUTUBE_ATMP253MG_XIAOMIMI6_id42_s0_93.png,1,VALID,0.5541992,0.81396484,-1.4960938,-0.35439873,LCC-FASD external-dev / cross-domain stress set,False
YOUTUBE_ATMP253MG_XIAOMIMI6_id42_s0_123.png,1,VALID,-0.5517578,1.1923828,-0.44018555,-1.922644,LCC-FASD external-dev / cross-domain stress set,False
YOUTUBE_ATMP253MG_XIAOMIMI6_id42_s0_138.png,1,VALID,0.58691406,0.87353516,-1.3935547,-0.3852107,LCC-FASD external-dev / cross-domain stress set,False
YOUTUBE_ATMP253MG_XIAOMIMI6_id42_s0_153.png,1,VALID,-0.5024414,1.1855469,-0.52734375,-1.853794,LCC-FASD external-dev / cross-domain stress set,False
YOUTUBE_ATMP253MG_XIAOMIMI6_id42_s1_18.png,1,VALID,-0.43896484,2.1992188,-1.4873047,-2.6629338,LCC-FASD external-dev / cross-domain stress set,False
YOUTUBE_ATMP253MG_XIAOMIMI6_id42_s1_53.png,1,VALID,-0.8569336,0.6118164,0.57470703,-2.1435146,LCC-FASD external-dev / cross-domain stress set,False
YOUTUBE_ATMP253MG_XIAOMIMI6_id42_s1_75.png,1,VALID,-1.0048828,0.6020508,0.83935547,-2.425756,LCC-FASD external-dev / cross-domain stress set,False
YOUTUBE_AUNKNOWN_HUAWEIU22_id43_s0_15.png,1,VALID,-1.4423828,1.5263672,0.22338867,-3.2091212,LCC-FASD external-dev / cross-domain stress set,False
YOUTUBE_AUNKNOWN_HUAWEIU22_id43_s0_30.png,1,VALID,-1.6494141,1.7421875,0.32861328,-3.6093483,LCC-FASD external-dev / cross-domain stress set,False
YOUTUBE_AUNKNOWN_HUAWEIU22_id43_s0_51.png,1,VALID,-2.0878906,2.1894531,0.71972656,-4.4843483,LCC-FASD external-dev / cross-domain stress set,False
YOUTUBE_AUNKNOWN_HUAWEIU22_id43_s0_66.png,1,VALID,-1.2539062,1.5820312,0.04522705,-3.030737,LCC-FASD external-dev / cross-domain stress set,False
YOUTUBE_AUNKNOWN_HUAWEIU22_id43_s0_81.png,1,VALID,-1.6855469,1.7617188,0.36254883,-3.6678472,LCC-FASD external-dev / cross-domain stress set,False
YOUTUBE_AUNKNOWN_HUAWEIU22_id43_s0_96.png,1,VALID,-1.3671875,1.3125,0.49414062,-3.0451322,LCC-FASD external-dev / cross-domain stress set,False
YOUTUBE_AUNKNOWN_HUAWEIU22_id43_s0_111.png,1,VALID,-2.234375,2.6640625,0.32055664,-4.990096,LCC-FASD external-dev / cross-domain stress set,False
YOUTUBE_AUNKNOWN_HUAWEIU22_id43_s0_126.png,1,VALID,-2.2910156,2.4101562,0.41088867,-4.828187,LCC-FASD external-dev / cross-domain stress set,False
YOUTUBE_AUNKNOWN_HUAWEIU22_id43_s0_141.png,1,VALID,-1.3789062,1.6503906,0.07672119,-3.2176695,LCC-FASD external-dev / cross-domain stress set,False
YOUTUBE_AUNKNOWN_HUAWEIU22_id43_s0_156.png,1,VALID,-1.2236328,1.7451172,-0.12384033,-3.1122308,LCC-FASD external-dev / cross-domain stress set,False
YOUTUBE_AUNKNOWN_HUAWEIU22_id48_s1_15.png,1,VALID,0.8388672,-0.58496094,-0.5527344,0.71443784,LCC-FASD external-dev / cross-domain stress set,True
YOUTUBE_AUNKNOWN_HUAWEIU22_id48_s1_30.png,1,VALID,0.52001953,-0.83496094,0.008628845,0.15360183,LCC-FASD external-dev / cross-domain stress set,True
YOUTUBE_AUNKNOWN_HUAWEIU22_id48_s1_45.png,1,VALID,1.1933594,-0.6376953,-0.8847656,1.2538316,LCC-FASD external-dev / cross-domain stress set,True
YOUTUBE_AUNKNOWN_HUAWEIU22_id48_s1_60.png,1,VALID,0.9663086,-0.8339844,-0.3918457,0.86183715,LCC-FASD external-dev / cross-domain stress set,True
YOUTUBE_AUNKNOWN_HUAWEIU22_id48_s1_75.png,1,VALID,-0.6123047,0.010795593,0.47973633,-1.5779579,LCC-FASD external-dev / cross-domain stress set,False
YOUTUBE_AUNKNOWN_HUAWEIU22_id48_s1_90.png,1,VALID,0.78515625,-0.8491211,-0.29638672,0.62705004,LCC-FASD external-dev / cross-domain stress set,True
YOUTUBE_AUNKNOWN_HUAWEIU22_id48_s1_105.png,1,VALID,-0.45239258,-0.14025879,0.41918945,-1.3236282,LCC-FASD external-dev / cross-domain stress set,False
YOUTUBE_AUNKNOWN_HUAWEIU22_id48_s1_120.png,1,VALID,0.80859375,-0.55078125,-0.4855957,0.633104,LCC-FASD external-dev / cross-domain stress set,True
YOUTUBE_AUNKNOWN_HUAWEIU22_id48_s1_135.png,1,VALID,-0.4987793,-0.31347656,0.6430664,-1.4669816,LCC-FASD external-dev / cross-domain stress set,False
YOUTUBE_AUNKNOWN_HUAWEIU22_id48_s1_150.png,1,VALID,-0.46142578,-0.034362793,0.4404297,-1.385524,LCC-FASD external-dev / cross-domain stress set,False
YOUTUBE_AV203H_LEREELE3_id39_s0_15.png,1,VALID,-1.4023438,1.4638672,0.24133301,-3.1243224,LCC-FASD external-dev / cross-domain stress set,False
YOUTUBE_AV203H_LEREELE3_id39_s0_43.png,1,VALID,-0.7290039,1.6455078,-0.7451172,-2.462131,LCC-FASD external-dev / cross-domain stress set,False
YOUTUBE_AV203H_LEREELE3_id43_s0_15.png,1,VALID,-0.6166992,0.53222656,0.16894531,-1.6768391,LCC-FASD external-dev / cross-domain stress set,False
YOUTUBE_AV203H_LEREELE3_id43_s0_30.png,1,VALID,-1.5332031,1.4775391,0.3359375,-3.287849,LCC-FASD external-dev / cross-domain stress set,False
YOUTUBE_AV203H_LEREELE3_id43_s0_46.png,1,VALID,0.05596924,0.2397461,-0.36108398,-0.6209707,LCC-FASD external-dev / cross-domain stress set,False
YOUTUBE_AV203H_LEREELE3_id43_s0_61.png,1,VALID,-0.10247803,0.47558594,-0.2763672,-0.96430874,LCC-FASD external-dev / cross-domain stress set,False
YOUTUBE_AV203H_LEREELE3_id43_s0_76.png,1,VALID,0.75634766,-0.28857422,-0.58251953,0.48798555,LCC-FASD external-dev / cross-domain stress set,True
YOUTUBE_AV203H_LEREELE3_id43_s0_91.png,1,VALID,0.7578125,-0.25830078,-0.75439453,0.5405597,LCC-FASD external-dev / cross-domain stress set,True
YOUTUBE_AV203H_LEREELE3_id43_s0_114.png,1,VALID,-0.27172852,-0.040496826,0.24157715,-1.0753288,LCC-FASD external-dev / cross-domain stress set,False
YOUTUBE_AV203H_LEREELE3_id43_s0_129.png,1,VALID,-0.33081055,0.096069336,0.0848999,-1.114458,LCC-FASD external-dev / cross-domain stress set,False
YOUTUBE_AV203H_LEREELE3_id43_s0_144.png,1,VALID,0.24914551,0.26538086,-0.6298828,-0.35876054,LCC-FASD external-dev / cross-domain stress set,False
YOUTUBE_AV203H_LEREELE3_id43_s0_159.png,1,VALID,-0.94091797,0.66503906,0.5126953,-2.2258306,LCC-FASD external-dev / cross-domain stress set,False
YOUTUBE_AV203H_LEREELE3_id43_s1_15.png,1,VALID,0.34521484,0.3251953,-0.98535156,-0.21873945,LCC-FASD external-dev / cross-domain stress set,True
YOUTUBE_AV203H_LEREELE3_id43_s1_30.png,1,VALID,0.5810547,0.41992188,-1.2412109,-0.012756407,LCC-FASD external-dev / cross-domain stress set,True
YOUTUBE_AV203H_LEREELE3_id43_s1_105.png,1,VALID,0.4621582,0.009941101,-0.76220703,0.072398365,LCC-FASD external-dev / cross-domain stress set,True
YOUTUBE_AV203H_LEREELE3_id43_s1_120.png,1,VALID,-0.4609375,0.70166016,-0.40356445,-1.4486307,LCC-FASD external-dev / cross-domain stress set,False
YOUTUBE_AV203H_LEREELE3_id43_s1_135.png,1,VALID,-0.10839844,0.5678711,-0.6220703,-0.9418893,LCC-FASD external-dev / cross-domain stress set,False
YOUTUBE_AV203H_LEREELE3_id43_s1_150.png,1,VALID,-0.51660156,0.73291016,-0.21960449,-1.5757675,LCC-FASD external-dev / cross-domain stress set,False
YOUTUBE_AEME725_HONOR6CP_id43_s1_92.png,1,VALID,-2.2773438,2.2558594,0.5708008,-4.703312,LCC-FASD external-dev / cross-domain stress set,False
YOUTUBE_AEME725_HONOR6CP_id48_s0_15.png,1,VALID,-3.8320312,3.6328125,1.1835938,-7.547677,LCC-FASD external-dev / cross-domain stress set,False
YOUTUBE_AEME725_HONOR6CP_id48_s0_30.png,1,VALID,-3.2617188,3.2402344,0.79589844,-6.5851755,LCC-FASD external-dev / cross-domain stress set,False
YOUTUBE_AEME725_HONOR6CP_id48_s0_45.png,1,VALID,-3.1660156,3.2714844,0.72753906,-6.513123,LCC-FASD external-dev / cross-domain stress set,False
YOUTUBE_AEME725_HONOR6CP_id48_s0_60.png,1,VALID,-3.3867188,3.4902344,0.80615234,-6.9430065,LCC-FASD external-dev / cross-domain stress set,False
YOUTUBE_AEME725_HONOR6CP_id48_s0_75.png,1,VALID,-3.7324219,3.2441406,1.4365234,-7.1284633,LCC-FASD external-dev / cross-domain stress set,False
YOUTUBE_AEME725_HONOR6CP_id48_s0_90.png,1,VALID,-3.390625,3.21875,1.1298828,-6.726115,LCC-FASD external-dev / cross-domain stress set,False
YOUTUBE_AEME725_HONOR6CP_id48_s0_105.png,1,VALID,-4.0390625,3.8339844,1.3603516,-7.9539614,LCC-FASD external-dev / cross-domain stress set,False
YOUTUBE_AEME725_HONOR6CP_id48_s0_120.png,1,VALID,-3.0253906,3.3417969,0.5776367,-6.42831,LCC-FASD external-dev / cross-domain stress set,False
YOUTUBE_AEME725_HONOR6CP_id48_s0_135.png,1,VALID,-3.2890625,3.4257812,0.71875,-6.779446,LCC-FASD external-dev / cross-domain stress set,False
YOUTUBE_AEME725_HONOR6CP_id48_s0_150.png,1,VALID,-3.7480469,3.6132812,1.1279297,-7.4413366,LCC-FASD external-dev / cross-domain stress set,False
YOUTUBE_AEME725_HONOR6CP_id48_s1_15.png,1,VALID,-0.71875,1.0273438,-0.31811523,-1.9775388,LCC-FASD external-dev / cross-domain stress set,False
YOUTUBE_AEME725_HONOR6CP_id48_s1_30.png,1,VALID,-1.3994141,1.2197266,0.29541016,-2.9533262,LCC-FASD external-dev / cross-domain stress set,False
YOUTUBE_AEME725_HONOR6CP_id48_s1_45.png,1,VALID,-1.7724609,1.0595703,0.82470703,-3.4146261,LCC-FASD external-dev / cross-domain stress set,False
YOUTUBE_AEME725_HONOR6CP_id48_s1_60.png,1,VALID,-1.3496094,1.2382812,0.32641602,-2.9256294,LCC-FASD external-dev / cross-domain stress set,False
YOUTUBE_AEME725_HONOR6CP_id48_s1_75.png,1,VALID,-1.4755859,1.625,0.17248535,-3.3108315,LCC-FASD external-dev / cross-domain stress set,False
YOUTUBE_AEME725_HONOR6CP_id48_s1_90.png,1,VALID,-2.5996094,1.4921875,1.5693359,-4.824262,LCC-FASD external-dev / cross-domain stress set,False
YOUTUBE_AEME725_HONOR6CP_id48_s1_109.png,1,VALID,-1.4248047,1.5683594,0.18518066,-3.2169313,LCC-FASD external-dev / cross-domain stress set,False
YOUTUBE_AEME725_HONOR6CP_id48_s1_124.png,1,VALID,-2.921875,1.5126953,1.7734375,-5.266563,LCC-FASD external-dev / cross-domain stress set,False
YOUTUBE_AEME725_HONOR6CP_id48_s1_139.png,1,VALID,-2.8730469,2.3164062,1.2861328,-5.494663,LCC-FASD external-dev / cross-domain stress set,False
YOUTUBE_AEME725_HONOR6CP_id48_s1_156.png,1,VALID,-1.7089844,2.0234375,0.23669434,-3.8872907,LCC-FASD external-dev / cross-domain stress set,False
YOUTUBE_AK73S_REDMI3S_id39_s1_64.png,1,VALID,-0.1161499,0.65771484,-0.6699219,-1.0090184,LCC-FASD external-dev / cross-domain stress set,False
YOUTUBE_AK73S_REDMI3S_id39_s1_119.png,1,VALID,-0.9580078,0.94433594,0.01486969,-2.2350693,LCC-FASD external-dev / cross-domain stress set,False
YOUTUBE_AK73S_REDMI3S_id39_s1_137.png,1,VALID,-0.7998047,0.29516602,0.2770996,-1.7791255,LCC-FASD external-dev / cross-domain stress set,False
YOUTUBE_AK73S_REDMI3S_id42_s0_15.png,1,VALID,1.1054688,-0.22802734,-1.2587891,1.028415,LCC-FASD external-dev / cross-domain stress set,True
YOUTUBE_AK73S_REDMI3S_id42_s0_30.png,1,VALID,1.484375,-0.6694336,-1.2128906,1.6959174,LCC-FASD external-dev / cross-domain stress set,True
YOUTUBE_AK73S_REDMI3S_id42_s0_45.png,1,VALID,2.3535156,-1.0751953,-1.9511719,3.0805535,LCC-FASD external-dev / cross-domain stress set,True
YOUTUBE_AK73S_REDMI3S_id42_s0_60.png,1,VALID,2.5039062,-1.0224609,-2.203125,3.2585754,LCC-FASD external-dev / cross-domain stress set,True
YOUTUBE_AK73S_REDMI3S_id42_s0_76.png,1,VALID,2.03125,-0.88378906,-1.7910156,2.5759687,LCC-FASD external-dev / cross-domain stress set,True
YOUTUBE_AK73S_REDMI3S_id42_s0_91.png,1,VALID,1.7148438,-0.515625,-1.6445312,1.9502746,LCC-FASD external-dev / cross-domain stress set,True
YOUTUBE_AK73S_REDMI3S_id42_s0_106.png,1,VALID,1.7539062,-0.58935547,-1.6582031,2.048055,LCC-FASD external-dev / cross-domain stress set,True
YOUTUBE_AK73S_REDMI3S_id42_s0_121.png,1,VALID,1.6201172,-0.4248047,-1.5712891,1.7689947,LCC-FASD external-dev / cross-domain stress set,True
YOUTUBE_AK73S_REDMI3S_id42_s0_136.png,1,VALID,1.3222656,-0.6147461,-1.1513672,1.4766036,LCC-FASD external-dev / cross-domain stress set,True
YOUTUBE_AK73S_REDMI3S_id42_s0_151.png,1,VALID,1.7578125,-0.5439453,-1.6630859,2.0191684,LCC-FASD external-dev / cross-domain stress set,True
YOUTUBE_AK73S_REDMI3S_id42_s1_35.png,1,VALID,-1.1308594,0.9995117,0.41137695,-2.5720797,LCC-FASD external-dev / cross-domain stress set,False
YOUTUBE_AK73S_REDMI3S_id42_s1_50.png,1,VALID,-1.0927734,0.8173828,0.5102539,-2.461484,LCC-FASD external-dev / cross-domain stress set,False
YOUTUBE_AK73S_REDMI3S_id42_s1_67.png,1,VALID,-1.2460938,1.3730469,0.23510742,-2.8971348,LCC-FASD external-dev / cross-domain stress set,False
YOUTUBE_AK73S_REDMI3S_id42_s1_82.png,1,VALID,-1.2021484,0.9321289,0.5102539,-2.6385713,LCC-FASD external-dev / cross-domain stress set,False
YOUTUBE_ASM710N_MEIZUM2MINI_id43_s0_16.png,1,VALID,-1.7880859,1.8037109,0.5175781,-3.8357913,LCC-FASD external-dev / cross-domain stress set,False
YOUTUBE_ASM710N_MEIZUM2MINI_id43_s0_31.png,1,VALID,-0.9921875,0.9506836,0.3815918,-2.3914208,LCC-FASD external-dev / cross-domain stress set,False
YOUTUBE_ASM710N_MEIZUM2MINI_id43_s0_47.png,1,VALID,-0.8286133,0.6435547,0.2849121,-2.0019865,LCC-FASD external-dev / cross-domain stress set,False
YOUTUBE_ASM710N_MEIZUM2MINI_id43_s0_64.png,1,VALID,-1.4384766,1.1796875,0.6328125,-3.074801,LCC-FASD external-dev / cross-domain stress set,False
YOUTUBE_ASM710N_MEIZUM2MINI_id43_s0_79.png,1,VALID,2.9179688,-1.1572266,-2.5410156,3.85155,LCC-FASD external-dev / cross-domain stress set,True
YOUTUBE_ASM710N_MEIZUM2MINI_id43_s1_15.png,1,VALID,-0.5854492,1.0849609,-0.34301758,-1.8853548,LCC-FASD external-dev / cross-domain stress set,False
YOUTUBE_ASM710N_MEIZUM2MINI_id43_s1_31.png,1,VALID,-1.4238281,2.0644531,-0.13562012,-3.5933573,LCC-FASD external-dev / cross-domain stress set,False
YOUTUBE_ASM710N_MEIZUM2MINI_id43_s1_46.png,1,VALID,1.5791016,0.85009766,-2.3984375,0.6909079,LCC-FASD external-dev / cross-domain stress set,True
YOUTUBE_ASM710N_MEIZUM2MINI_id43_s1_61.png,1,VALID,-0.27514648,1.1572266,-0.69873047,-1.5776012,LCC-FASD external-dev / cross-domain stress set,False
YOUTUBE_ASM710N_MEIZUM2MINI_id43_s1_76.png,1,VALID,-0.57128906,1.6992188,-0.7133789,-2.3563023,LCC-FASD external-dev / cross-domain stress set,False
YOUTUBE_ASM710N_MEIZUM2MINI_id43_s1_91.png,1,VALID,-1.1640625,0.48168945,0.65771484,-2.43078,LCC-FASD external-dev / cross-domain stress set,False
YOUTUBE_ASM710N_MEIZUM2MINI_id48_s1_15.png,1,VALID,0.35620117,0.15209961,-0.49145508,-0.2181691,LCC-FASD external-dev / cross-domain stress set,True
YOUTUBE_ASM710N_MEIZUM2MINI_id48_s1_30.png,1,VALID,-0.86279297,0.91796875,0.25097656,-2.1950214,LCC-FASD external-dev / cross-domain stress set,False
YOUTUBE_ASM710N_MEIZUM2MINI_id48_s1_45.png,1,VALID,-0.65283203,0.1026001,0.6772461,-1.7766238,LCC-FASD external-dev / cross-domain stress set,False
YOUTUBE_ASM710N_MEIZUM2MINI_id48_s1_60.png,1,VALID,-0.7944336,1.0322266,0.034729004,-2.1405954,LCC-FASD external-dev / cross-domain stress set,False
YOUTUBE_ASM710N_MEIZUM2MINI_id48_s1_76.png,1,VALID,-0.30664062,0.6010742,-0.09991455,-1.3105729,LCC-FASD external-dev / cross-domain stress set,False
YOUTUBE_ASM710N_MEIZUM2MINI_id48_s1_92.png,1,VALID,-1.4853516,0.61035156,1.171875,-3.1085184,LCC-FASD external-dev / cross-domain stress set,False
YOUTUBE_ATMP253MG_XIAOMIMI6_id42_s0_108.png,1,VALID,-0.3173828,1.3007812,-0.8432617,-1.7289718,LCC-FASD external-dev / cross-domain stress set,False
YOUTUBE_ACER5820TG_REDMI4A_id42_s0_30.png,1,VALID,1.7207031,0.4416504,-2.3808594,1.2212965,LCC-FASD external-dev / cross-domain stress set,True
YOUTUBE_ACER5820TG_REDMI4A_id42_s0_45.png,1,VALID,0.17626953,1.2275391,-1.2607422,-1.1310531,LCC-FASD external-dev / cross-domain stress set,False
YOUTUBE_ACER5820TG_REDMI4A_id42_s0_60.png,1,VALID,0.70751953,1.0566406,-1.7646484,-0.4069457,LCC-FASD external-dev / cross-domain stress set,False
YOUTUBE_ACER5820TG_REDMI4A_id42_s0_75.png,1,VALID,1.0712891,0.78222656,-1.9804688,0.22785318,LCC-FASD external-dev / cross-domain stress set,True
YOUTUBE_ACER5820TG_REDMI4A_id42_s0_90.png,1,VALID,0.4675293,0.87109375,-1.3945312,-0.5022916,LCC-FASD external-dev / cross-domain stress set,False
YOUTUBE_ACER5820TG_REDMI4A_id42_s0_150.png,1,VALID,0.30566406,0.9897461,-1.3603516,-0.77516496,LCC-FASD external-dev / cross-domain stress set,False
YOUTUBE_ACER5820TG_REDMI4A_id42_s1_50.png,1,VALID,-0.6201172,0.48510742,0.22009277,-1.674618,LCC-FASD external-dev / cross-domain stress set,False
YOUTUBE_ACER5820TG_REDMI4A_id42_s1_65.png,1,VALID,-0.59033203,0.76171875,-0.053375244,-1.7184963,LCC-FASD external-dev / cross-domain stress set,False
YOUTUBE_ACER5820TG_REDMI4A_id42_s1_80.png,1,VALID,-0.12841797,0.6220703,-0.4309082,-1.0497755,LCC-FASD external-dev / cross-domain stress set,False
YOUTUBE_ACER5820TG_REDMI4A_id42_s1_96.png,1,VALID,-0.5629883,1.0966797,-0.37719727,-1.865898,LCC-FASD external-dev / cross-domain stress set,False
YOUTUBE_ACER5820TG_REDMI4A_id42_s1_148.png,1,VALID,-1.6513672,1.4042969,0.57177734,-3.4167955,LCC-FASD external-dev / cross-domain stress set,False
YOUTUBE_AEME725_HONOR6CP_id39_s0_40.png,1,VALID,-2.6113281,1.9394531,1.2988281,-4.974062,LCC-FASD external-dev / cross-domain stress set,False
YOUTUBE_AEME725_HONOR6CP_id39_s1_15.png,1,VALID,-1.9658203,1.2675781,0.86035156,-3.7435198,LCC-FASD external-dev / cross-domain stress set,False
YOUTUBE_AEME725_HONOR6CP_id39_s1_44.png,1,VALID,-2.1035156,0.8022461,1.5478516,-4.03965,LCC-FASD external-dev / cross-domain stress set,False
YOUTUBE_AEME725_HONOR6CP_id39_s1_59.png,1,VALID,-2.4179688,1.8232422,1.0087891,-4.607853,LCC-FASD external-dev / cross-domain stress set,False
YOUTUBE_AEME725_HONOR6CP_id39_s1_75.png,1,VALID,-1.8710938,0.7890625,1.3066406,-3.6452112,LCC-FASD external-dev / cross-domain stress set,False
YOUTUBE_AEME725_HONOR6CP_id39_s1_94.png,1,VALID,-2.53125,1.8935547,1.0566406,-4.784606,LCC-FASD external-dev / cross-domain stress set,False
YOUTUBE_AEME725_HONOR6CP_id39_s1_109.png,1,VALID,-1.6425781,1.8408203,0.10192871,-3.6452749,LCC-FASD external-dev / cross-domain stress set,False
YOUTUBE_AEME725_HONOR6CP_id39_s1_124.png,1,VALID,-2.2578125,1.7060547,0.88623047,-4.328864,LCC-FASD external-dev / cross-domain stress set,False
YOUTUBE_AEME725_HONOR6CP_id42_s0_15.png,1,VALID,1.3759766,0.3527832,-2.0273438,0.93468916,LCC-FASD external-dev / cross-domain stress set,True
YOUTUBE_AEME725_HONOR6CP_id42_s0_30.png,1,VALID,0.6513672,0.67871094,-1.4160156,-0.14343989,LCC-FASD external-dev / cross-domain stress set,True
YOUTUBE_AEME725_HONOR6CP_id42_s0_45.png,1,VALID,1.5878906,-0.24694824,-1.7939453,1.6418359,LCC-FASD external-dev / cross-domain stress set,True
YOUTUBE_AEME725_HONOR6CP_id42_s0_60.png,1,VALID,0.76416016,0.46069336,-1.2783203,0.14160848,LCC-FASD external-dev / cross-domain stress set,True
YOUTUBE_AEME725_HONOR6CP_id42_s0_75.png,1,VALID,1.0888672,0.5751953,-1.8144531,0.4259706,LCC-FASD external-dev / cross-domain stress set,True
YOUTUBE_AEME725_HONOR6CP_id42_s0_90.png,1,VALID,0.7495117,0.59765625,-1.4873047,0.03468424,LCC-FASD external-dev / cross-domain stress set,True
YOUTUBE_AEME725_HONOR6CP_id42_s0_105.png,1,VALID,0.6899414,0.6279297,-1.4345703,-0.05766797,LCC-FASD external-dev / cross-domain stress set,True
YOUTUBE_AEME725_HONOR6CP_id42_s0_120.png,1,VALID,0.5991211,0.8051758,-1.5078125,-0.30042356,LCC-FASD external-dev / cross-domain stress set,False
YOUTUBE_AEME725_HONOR6CP_id42_s0_135.png,1,VALID,1.3232422,-0.14453125,-1.5888672,1.2559718,LCC-FASD external-dev / cross-domain stress set,True
YOUTUBE_AEME725_HONOR6CP_id42_s0_150.png,1,VALID,0.47436523,0.7988281,-1.3583984,-0.43389595,LCC-FASD external-dev / cross-domain stress set,False
YOUTUBE_AEME725_HONOR6CP_id42_s1_40.png,1,VALID,-0.8540039,0.59277344,0.38623047,-2.041976,LCC-FASD external-dev / cross-domain stress set,False
YOUTUBE_AEME725_HONOR6CP_id42_s1_57.png,1,VALID,-0.76464844,0.73095703,0.25561523,-1.9790635,LCC-FASD external-dev / cross-domain stress set,False
YOUTUBE_AEME725_HONOR6CP_id42_s1_82.png,1,VALID,-0.7192383,0.64697266,0.33642578,-1.9160914,LCC-FASD external-dev / cross-domain stress set,False
YOUTUBE_AEME725_HONOR6CP_id43_s0_15.png,1,VALID,-0.9399414,1.2285156,-0.0065727234,-2.423726,LCC-FASD external-dev / cross-domain stress set,False
YOUTUBE_AEME725_HONOR6CP_id43_s0_30.png,1,VALID,-2.5566406,1.8105469,1.4316406,-4.8887215,LCC-FASD external-dev / cross-domain stress set,False
YOUTUBE_AEME725_HONOR6CP_id43_s0_46.png,1,VALID,-2.3691406,2.3828125,0.74902344,-4.930257,LCC-FASD external-dev / cross-domain stress set,False
YOUTUBE_AEME725_HONOR6CP_id43_s0_61.png,1,VALID,-0.8041992,0.8515625,0.2866211,-2.1058135,LCC-FASD external-dev / cross-domain stress set,False
YOUTUBE_AEME725_HONOR6CP_id43_s0_76.png,1,VALID,-0.84228516,0.81640625,0.39160156,-2.1618261,LCC-FASD external-dev / cross-domain stress set,False
YOUTUBE_AEME725_HONOR6CP_id43_s0_91.png,1,VALID,-0.46655273,0.47021484,0.23144531,-1.5176395,LCC-FASD external-dev / cross-domain stress set,False
YOUTUBE_AEME725_HONOR6CP_id43_s0_116.png,1,VALID,-1.421875,2.1445312,-0.13891602,-3.6634715,LCC-FASD external-dev / cross-domain stress set,False
YOUTUBE_AEME725_HONOR6CP_id43_s0_131.png,1,VALID,-1.2587891,1.2275391,0.36767578,-2.83925,LCC-FASD external-dev / cross-domain stress set,False
YOUTUBE_AEME725_HONOR6CP_id43_s0_146.png,1,VALID,-0.55029297,0.98535156,-0.2084961,-1.8003545,LCC-FASD external-dev / cross-domain stress set,False
YOUTUBE_AEME725_HONOR6CP_id43_s0_161.png,1,VALID,-2.3808594,2.0800781,0.90625,-4.730339,LCC-FASD external-dev / cross-domain stress set,False
YOUTUBE_AEME725_HONOR6CP_id43_s1_15.png,1,VALID,-1.6816406,1.7597656,0.39916992,-3.6697426,LCC-FASD external-dev / cross-domain stress set,False
YOUTUBE_AEME725_HONOR6CP_id43_s1_30.png,1,VALID,-2.0976562,2.4628906,0.14660645,-4.654619,LCC-FASD external-dev / cross-domain stress set,False
YOUTUBE_AEME725_HONOR6CP_id43_s1_45.png,1,VALID,-1.7695312,1.9951172,0.34399414,-3.940142,LCC-FASD external-dev / cross-domain stress set,False
YOUTUBE_AEME725_HONOR6CP_id43_s1_62.png,1,VALID,-0.30859375,1.6689453,-1.1933594,-2.0331032,LCC-FASD external-dev / cross-domain stress set,False
YOUTUBE_AEME725_HONOR6CP_id43_s1_77.png,1,VALID,-2.4316406,2.3339844,0.7836914,-4.9580503,LCC-FASD external-dev / cross-domain stress set,False
YOUTUBE_AEME725_HONOR6CP_id43_s1_107.png,1,VALID,-1.4990234,2.6738281,-0.5449219,-4.212077,LCC-FASD external-dev / cross-domain stress set,False
YOUTUBE_AEME725_HONOR6CP_id43_s1_122.png,1,VALID,-2.8808594,2.6601562,0.98535156,-5.712735,LCC-FASD external-dev / cross-domain stress set,False
YOUTUBE_AEME725_HONOR6CP_id43_s1_137.png,1,VALID,-2.4101562,2.4316406,0.7548828,-5.0132084,LCC-FASD external-dev / cross-domain stress set,False
YOUTUBE_AEME725_HONOR6CP_id43_s1_152.png,1,VALID,-2.0253906,2.453125,0.19641113,-4.578084,LCC-FASD external-dev / cross-domain stress set,False
YOUTUBE_AAL1917_SGT3SMT310_id42_s0_31.png,1,VALID,3.1972656,-1.5371094,-2.6191406,4.442522,LCC-FASD external-dev / cross-domain stress set,True
YOUTUBE_AAL1917_SGT3SMT310_id42_s0_46.png,1,VALID,1.9726562,-0.32641602,-2.1699219,2.152152,LCC-FASD external-dev / cross-domain stress set,True
YOUTUBE_AAL1917_SGT3SMT310_id42_s0_61.png,1,VALID,2.265625,-0.95166016,-1.9785156,2.9111753,LCC-FASD external-dev / cross-domain stress set,True
YOUTUBE_AAL1917_SGT3SMT310_id42_s0_76.png,1,VALID,4.5898438,-1.9287109,-3.6679688,6.356733,LCC-FASD external-dev / cross-domain stress set,True
YOUTUBE_AAL1917_SGT3SMT310_id42_s0_91.png,1,VALID,1.4921875,-0.23962402,-1.4912109,1.4802356,LCC-FASD external-dev / cross-domain stress set,True
YOUTUBE_AAR7_IPHONE4S_id39_s0_15.png,1,VALID,-2.3476562,2.0566406,0.9824219,-4.6981335,LCC-FASD external-dev / cross-domain stress set,False
YOUTUBE_AAR7_IPHONE4S_id39_s0_35.png,1,VALID,-2.171875,2.6269531,0.1895752,-4.8826084,LCC-FASD external-dev / cross-domain stress set,False
YOUTUBE_AAR7_IPHONE4S_id39_s0_50.png,1,VALID,-2.453125,2.7597656,0.39868164,-5.303022,LCC-FASD external-dev / cross-domain stress set,False
YOUTUBE_AAR7_IPHONE4S_id43_s0_15.png,1,VALID,-1.1328125,0.6298828,0.52490234,-2.4047294,LCC-FASD external-dev / cross-domain stress set,False
YOUTUBE_AAR7_IPHONE4S_id43_s0_30.png,1,VALID,-0.9814453,1.5400391,-0.15795898,-2.68958,LCC-FASD external-dev / cross-domain stress set,False
YOUTUBE_AAR7_IPHONE4S_id43_s0_45.png,1,VALID,-1.7675781,1.5400391,0.6376953,-3.6480942,LCC-FASD external-dev / cross-domain stress set,False
YOUTUBE_AAR7_IPHONE4S_id43_s0_61.png,1,VALID,-0.8823242,0.6826172,0.2783203,-2.0762343,LCC-FASD external-dev / cross-domain stress set,False
YOUTUBE_AAR7_IPHONE4S_id43_s0_81.png,1,VALID,-1.0449219,0.8144531,0.44848633,-2.3861876,LCC-FASD external-dev / cross-domain stress set,False
YOUTUBE_AAR7_IPHONE4S_id43_s0_96.png,1,VALID,-1.0957031,0.57666016,0.73828125,-2.4495826,LCC-FASD external-dev / cross-domain stress set,False
YOUTUBE_AAR7_IPHONE4S_id43_s0_111.png,1,VALID,-0.69873047,1.1660156,0.0016336441,-2.1363869,LCC-FASD external-dev / cross-domain stress set,False
YOUTUBE_AAR7_IPHONE4S_id43_s0_126.png,1,VALID,-1.5078125,0.78271484,0.8666992,-3.0265481,LCC-FASD external-dev / cross-domain stress set,False
YOUTUBE_AAR7_IPHONE4S_id43_s0_141.png,1,VALID,-0.5463867,-0.10235596,0.50146484,-1.4839873,LCC-FASD external-dev / cross-domain stress set,False
YOUTUBE_AAR7_IPHONE4S_id43_s0_156.png,1,VALID,-0.8330078,0.10266113,0.7392578,-1.9969385,LCC-FASD external-dev / cross-domain stress set,False
YOUTUBE_AAR7_IPHONE4S_id43_s1_15.png,1,VALID,1.2958984,-0.08569336,-1.5195312,1.1677779,LCC-FASD external-dev / cross-domain stress set,True
YOUTUBE_AAR7_IPHONE4S_id43_s1_30.png,1,VALID,1.3837891,0.10290527,-1.7558594,1.1360347,LCC-FASD external-dev / cross-domain stress set,True
YOUTUBE_AAR7_IPHONE4S_id43_s1_45.png,1,VALID,0.5473633,0.5102539,-1.3916016,-0.10203618,LCC-FASD external-dev / cross-domain stress set,True
YOUTUBE_AAR7_IPHONE4S_id43_s1_62.png,1,VALID,0.07397461,0.9863281,-1.1162109,-1.0275964,LCC-FASD external-dev / cross-domain stress set,False
YOUTUBE_AAR7_IPHONE4S_id43_s1_77.png,1,VALID,0.57128906,0.042663574,-0.95947266,0.21593788,LCC-FASD external-dev / cross-domain stress set,True
YOUTUBE_AAR7_IPHONE4S_id43_s1_92.png,1,VALID,0.828125,0.8334961,-1.6992188,-0.081816375,LCC-FASD external-dev / cross-domain stress set,True
YOUTUBE_AAR7_IPHONE4S_id43_s1_107.png,1,VALID,-0.44726562,1.6660156,-0.88916016,-2.1880903,LCC-FASD external-dev / cross-domain stress set,False
YOUTUBE_AAR7_IPHONE4S_id43_s1_122.png,1,VALID,-1.1435547,1.6787109,-0.035705566,-2.9878383,LCC-FASD external-dev / cross-domain stress set,False
YOUTUBE_AAR7_IPHONE4S_id43_s1_137.png,1,VALID,-0.6513672,1.3564453,-0.4501953,-2.1598508,LCC-FASD external-dev / cross-domain stress set,False
YOUTUBE_AAR7_IPHONE4S_id43_s1_152.png,1,VALID,0.25878906,1.0976562,-1.0927734,-0.9449092,LCC-FASD external-dev / cross-domain stress set,False
YOUTUBE_AAR7_IPHONE4S_id48_s1_15.png,1,VALID,0.09283447,-1.34375,0.61279297,-0.65216696,LCC-FASD external-dev / cross-domain stress set,False
YOUTUBE_AAR7_IPHONE4S_id48_s1_30.png,1,VALID,-1.1025391,-0.6713867,1.4716797,-2.6851292,LCC-FASD external-dev / cross-domain stress set,False
YOUTUBE_AAR7_IPHONE4S_id48_s1_45.png,1,VALID,-0.010673523,-0.020828247,-0.06707764,-0.6601351,LCC-FASD external-dev / cross-domain stress set,False
YOUTUBE_AAR7_IPHONE4S_id48_s1_60.png,1,VALID,1.1044922,-0.7236328,-0.80810547,1.1763225,LCC-FASD external-dev / cross-domain stress set,True
YOUTUBE_AAR7_IPHONE4S_id48_s1_75.png,1,VALID,-0.14208984,-0.8955078,0.54052734,-0.89600855,LCC-FASD external-dev / cross-domain stress set,False
YOUTUBE_AAR7_IPHONE4S_id48_s1_92.png,1,VALID,3.5566406,-2.7832031,-2.1757812,5.2975574,LCC-FASD external-dev / cross-domain stress set,True
YOUTUBE_AAR7_IPHONE4S_id48_s1_107.png,1,VALID,-1.3935547,1.0458984,0.31762695,-2.8333466,LCC-FASD external-dev / cross-domain stress set,False
YOUTUBE_AAR7_IPHONE4S_id48_s1_122.png,1,VALID,0.2619629,-0.36157227,-0.38427734,-0.05832392,LCC-FASD external-dev / cross-domain stress set,True
YOUTUBE_AAR7_IPHONE4S_id48_s1_137.png,1,VALID,-0.35058594,-0.0024662018,0.090026855,-1.0885825,LCC-FASD external-dev / cross-domain stress set,False
YOUTUBE_AAR7_IPHONE4S_id48_s1_161.png,1,VALID,8.1796875,-5.1054688,-4.96875,12.521315,LCC-FASD external-dev / cross-domain stress set,True
YOUTUBE_ACER5820TG_REDMI4A_id39_s1_15.png,1,VALID,-1.3730469,2.2988281,-0.47631836,-3.7323494,LCC-FASD external-dev / cross-domain stress set,False
YOUTUBE_ACER5820TG_REDMI4A_id39_s1_35.png,1,VALID,1.7910156,-0.33447266,-1.6123047,1.8796906,LCC-FASD external-dev / cross-domain stress set,True
YOUTUBE_ACER5820TG_REDMI4A_id39_s1_56.png,1,VALID,-1.6337891,2.234375,-0.23498535,-3.9494112,LCC-FASD external-dev / cross-domain stress set,False
YOUTUBE_ACER5820TG_REDMI4A_id39_s1_81.png,1,VALID,-1.0371094,0.97314453,0.13574219,-2.3699079,LCC-FASD external-dev / cross-domain stress set,False
YOUTUBE_ACER5820TG_REDMI4A_id39_s1_96.png,1,VALID,-1.2744141,1.96875,-0.38305664,-3.3340983,LCC-FASD external-dev / cross-domain stress set,False
YOUTUBE_ACER5820TG_REDMI4A_id39_s1_111.png,1,VALID,-1.9238281,2.2226562,0.13684082,-4.2635612,LCC-FASD external-dev / cross-domain stress set,False
YOUTUBE_ACER5820TG_REDMI4A_id39_s1_126.png,1,VALID,-1.8476562,1.4082031,0.62353516,-3.6317387,LCC-FASD external-dev / cross-domain stress set,False
YOUTUBE_ACER5820TG_REDMI4A_id42_s0_15.png,1,VALID,1.765625,-0.27441406,-1.9501953,1.8684735,LCC-FASD external-dev / cross-domain stress set,True
YOUTUBE_ACER5820TG_REDMI4A_id42_s0_105.png,1,VALID,-0.027633667,1.1357422,-1.0068359,-1.2743374,LCC-FASD external-dev / cross-domain stress set,False
YOUTUBE_ACER5820TG_REDMI4A_id42_s0_120.png,1,VALID,-0.15063477,1.3173828,-1.0429688,-1.558212,LCC-FASD external-dev / cross-domain stress set,False
YOUTUBE_ACER5820TG_REDMI4A_id42_s0_135.png,1,VALID,0.64941406,0.6245117,-1.4873047,-0.089334786,LCC-FASD external-dev / cross-domain stress set,True
FT720P_SSM2433_S4508_id5_s0_15.png,1,VALID,1.3261719,-0.20935059,-1.5507812,1.3032438,LCC-FASD external-dev / cross-domain stress set,True
FT720P_SSM2433_S4508_id5_s0_30.png,1,VALID,0.78564453,0.32128906,-1.3417969,0.29077774,LCC-FASD external-dev / cross-domain stress set,True
FT720P_SSM2433_S4508_id5_s0_45.png,1,VALID,0.027008057,0.7573242,-0.76220703,-0.9281947,LCC-FASD external-dev / cross-domain stress set,False
FT720P_SSM2433_S4508_id5_s0_60.png,1,VALID,-0.33911133,1.0527344,-0.6069336,-1.5659689,LCC-FASD external-dev / cross-domain stress set,False
FT720P_SSM2433_S4508_id5_s0_75.png,1,VALID,-0.24206543,1.1777344,-0.7885742,-1.550804,LCC-FASD external-dev / cross-domain stress set,False
FT720P_SSM2433_S4508_id5_s0_90.png,1,VALID,-0.0803833,0.8022461,-0.640625,-1.0947108,LCC-FASD external-dev / cross-domain stress set,False
FT720P_SSM2433_S4508_id5_s0_105.png,1,VALID,-0.96533203,1.4716797,-0.15942383,-2.6157548,LCC-FASD external-dev / cross-domain stress set,False
FT720P_SSM2433_S4508_id5_s0_120.png,1,VALID,-1.3105469,1.9375,-0.15637207,-3.3642368,LCC-FASD external-dev / cross-domain stress set,False
FT720P_SSM2433_S4508_id5_s0_135.png,1,VALID,-1.1201172,1.7802734,-0.23132324,-3.0259433,LCC-FASD external-dev / cross-domain stress set,False
FT720P_SSM2433_S4508_id5_s0_150.png,1,VALID,-1.2822266,1.6357422,0.04598999,-3.1035984,LCC-FASD external-dev / cross-domain stress set,False
FT720P_SSM2433_S4508_id5_s1_15.png,1,VALID,-1.4707031,0.6484375,1.1015625,-3.064299,LCC-FASD external-dev / cross-domain stress set,False
FT720P_SSM2433_S4508_id5_s1_30.png,1,VALID,-1.5722656,0.5498047,1.3544922,-3.2964077,LCC-FASD external-dev / cross-domain stress set,False
FT720P_SSM2433_S4508_id5_s1_45.png,1,VALID,-1.4199219,0.6230469,1.1621094,-3.0415392,LCC-FASD external-dev / cross-domain stress set,False
FT720P_SSM2433_S4508_id5_s1_60.png,1,VALID,-1.6572266,0.75,1.3046875,-3.4156942,LCC-FASD external-dev / cross-domain stress set,False
FT720P_SSM2433_S4508_id5_s1_75.png,1,VALID,-1.7431641,0.81640625,1.3466797,-3.5525987,LCC-FASD external-dev / cross-domain stress set,False
FT720P_SSM2433_S4508_id5_s1_90.png,1,VALID,-1.5595703,0.7807617,1.2041016,-3.267386,LCC-FASD external-dev / cross-domain stress set,False
FT720P_SSM2433_S4508_id5_s1_105.png,1,VALID,-1.6533203,0.5800781,1.4404297,-3.4465265,LCC-FASD external-dev / cross-domain stress set,False
FT720P_SSM2433_S4508_id5_s1_120.png,1,VALID,-1.7226562,0.85498047,1.2685547,-3.4988008,LCC-FASD external-dev / cross-domain stress set,False
FT720P_SSM2433_S4508_id5_s1_135.png,1,VALID,-1.6933594,0.7480469,1.3496094,-3.4799032,LCC-FASD external-dev / cross-domain stress set,False
FT720P_SSM2433_S4508_id5_s1_150.png,1,VALID,-2.0898438,1.1816406,1.4042969,-4.082144,LCC-FASD external-dev / cross-domain stress set,False
FT720P_SSM2433_S4508_id9_s0_15.png,1,VALID,0.23706055,1.1044922,-1.3574219,-0.9492619,LCC-FASD external-dev / cross-domain stress set,False
FT720P_SSM2433_S4508_id9_s0_30.png,1,VALID,0.22607422,1.2158203,-1.4121094,-1.0594847,LCC-FASD external-dev / cross-domain stress set,False
FT720P_SSM2433_S4508_id9_s0_45.png,1,VALID,-0.25317383,1.4248047,-1.1083984,-1.7543877,LCC-FASD external-dev / cross-domain stress set,False
FT720P_SSM2433_S4508_id9_s0_60.png,1,VALID,-0.4177246,1.4228516,-0.88427734,-1.9354742,LCC-FASD external-dev / cross-domain stress set,False
FT720P_SSM2433_S4508_id9_s0_75.png,1,VALID,-0.2454834,1.3691406,-1.0009766,-1.70398,LCC-FASD external-dev / cross-domain stress set,False
FT720P_SSM2433_S4508_id9_s0_90.png,1,VALID,-0.5175781,1.2744141,-0.5708008,-1.9386791,LCC-FASD external-dev / cross-domain stress set,False
FT720P_SSM2433_S4508_id9_s0_105.png,1,VALID,-0.5522461,1.5742188,-0.84716797,-2.2115395,LCC-FASD external-dev / cross-domain stress set,False
FT720P_SSM2433_S4508_id9_s0_120.png,1,VALID,-0.33862305,1.4111328,-0.94677734,-1.8401611,LCC-FASD external-dev / cross-domain stress set,False
FT720P_SSM2433_S4508_id9_s0_135.png,1,VALID,-0.43847656,1.4160156,-0.7734375,-1.9606326,LCC-FASD external-dev / cross-domain stress set,False
FT720P_SSM2433_S4508_id9_s0_150.png,1,VALID,-0.33764648,1.3056641,-0.80322266,-1.7578645,LCC-FASD external-dev / cross-domain stress set,False
YOUTUBE_AA6000_HUAWEIY9_id39_s1_15.png,1,VALID,-2.4472656,1.8974609,1.0371094,-4.697503,LCC-FASD external-dev / cross-domain stress set,False
YOUTUBE_AA6000_HUAWEIY9_id39_s1_30.png,1,VALID,-1.2988281,1.2783203,0.29467773,-2.8948357,LCC-FASD external-dev / cross-domain stress set,False
YOUTUBE_AA6000_HUAWEIY9_id39_s1_58.png,1,VALID,-1.5761719,1.9248047,0.11706543,-3.6528602,LCC-FASD external-dev / cross-domain stress set,False
YOUTUBE_AA6000_HUAWEIY9_id39_s1_87.png,1,VALID,-1.4960938,1.5410156,0.35009766,-3.3025014,LCC-FASD external-dev / cross-domain stress set,False
YOUTUBE_AA6000_HUAWEIY9_id39_s1_102.png,1,VALID,-1.5722656,1.8388672,0.12536621,-3.5768454,LCC-FASD external-dev / cross-domain stress set,False
YOUTUBE_AA6000_HUAWEIY9_id39_s1_117.png,1,VALID,-1.9599609,2.0058594,0.53125,-4.171914,LCC-FASD external-dev / cross-domain stress set,False
YOUTUBE_AA6000_HUAWEIY9_id39_s1_132.png,1,VALID,-1.8505859,1.6494141,0.51220703,-3.778172,LCC-FASD external-dev / cross-domain stress set,False
YOUTUBE_AA6000_HUAWEIY9_id42_s0_15.png,1,VALID,0.1661377,1.3623047,-1.3603516,-1.2597989,LCC-FASD external-dev / cross-domain stress set,False
YOUTUBE_AA6000_HUAWEIY9_id42_s0_30.png,1,VALID,1.0849609,0.89404297,-2.0253906,0.13835943,LCC-FASD external-dev / cross-domain stress set,True
YOUTUBE_AA6000_HUAWEIY9_id42_s0_45.png,1,VALID,1.1152344,0.5810547,-1.8457031,0.44954193,LCC-FASD external-dev / cross-domain stress set,True
YOUTUBE_AA6000_HUAWEIY9_id42_s0_60.png,1,VALID,1.2246094,0.93896484,-2.2558594,0.24548793,LCC-FASD external-dev / cross-domain stress set,True
YOUTUBE_AA6000_HUAWEIY9_id42_s0_75.png,1,VALID,0.60058594,1.1533203,-1.6787109,-0.6099585,LCC-FASD external-dev / cross-domain stress set,False
YOUTUBE_AA6000_HUAWEIY9_id42_s0_90.png,1,VALID,0.6557617,1.1621094,-1.7470703,-0.5594338,LCC-FASD external-dev / cross-domain stress set,False
YOUTUBE_AA6000_HUAWEIY9_id42_s0_105.png,1,VALID,0.47265625,1.2685547,-1.6425781,-0.8488836,LCC-FASD external-dev / cross-domain stress set,False
YOUTUBE_AA6000_HUAWEIY9_id42_s0_120.png,1,VALID,0.46191406,0.88378906,-1.328125,-0.52577627,LCC-FASD external-dev / cross-domain stress set,False
YOUTUBE_AA6000_HUAWEIY9_id42_s0_135.png,1,VALID,0.8564453,0.8540039,-1.7470703,-0.06912905,LCC-FASD external-dev / cross-domain stress set,True
YOUTUBE_AA6000_HUAWEIY9_id42_s0_150.png,1,VALID,1.2861328,0.84375,-2.1621094,0.3940726,LCC-FASD external-dev / cross-domain stress set,True
YOUTUBE_AA6000_HUAWEIY9_id42_s1_65.png,1,VALID,-0.7246094,1.2265625,-0.23352051,-2.159987,LCC-FASD external-dev / cross-domain stress set,False
YOUTUBE_AA6000_HUAWEIY9_id42_s1_142.png,1,VALID,-0.16870117,0.28515625,-0.009712219,-1.0103996,LCC-FASD external-dev / cross-domain stress set,False
YOUTUBE_AAL1917_SGT3SMT310_id42_s0_16.png,1,VALID,2.1484375,-0.8017578,-2.0878906,2.7062006,LCC-FASD external-dev / cross-domain stress set,True
YOUTUBE_AAL1917_SGT3SMT310_id42_s0_106.png,1,VALID,2.7617188,-1.2666016,-2.2695312,3.7158456,LCC-FASD external-dev / cross-domain stress set,True
YOUTUBE_AAL1917_SGT3SMT310_id42_s0_121.png,1,VALID,3.3027344,-1.2480469,-2.7441406,4.3486543,LCC-FASD external-dev / cross-domain stress set,True
YOUTUBE_AAL1917_SGT3SMT310_id42_s0_136.png,1,VALID,2.5761719,-1.3125,-1.9755859,3.4730856,LCC-FASD external-dev / cross-domain stress set,True
FT720P_SSM2433_S4508_id0_s1_15.png,1,VALID,0.23999023,0.6176758,-0.5878906,-0.6396823,LCC-FASD external-dev / cross-domain stress set,False
FT720P_SSM2433_S4508_id0_s1_30.png,1,VALID,0.5839844,0.37426758,-0.6845703,-0.088058114,LCC-FASD external-dev / cross-domain stress set,True
FT720P_SSM2433_S4508_id0_s1_45.png,1,VALID,1.0810547,0.13354492,-1.0527344,0.6810345,LCC-FASD external-dev / cross-domain stress set,True
FT720P_SSM2433_S4508_id0_s1_60.png,1,VALID,1.2177734,0.009407043,-1.0996094,0.9232752,LCC-FASD external-dev / cross-domain stress set,True
FT720P_SSM2433_S4508_id0_s1_75.png,1,VALID,0.94091797,0.092285156,-0.8574219,0.52159464,LCC-FASD external-dev / cross-domain stress set,True
FT720P_SSM2433_S4508_id0_s1_90.png,1,VALID,1.2958984,-0.20825195,-1.0146484,1.1350284,LCC-FASD external-dev / cross-domain stress set,True
FT720P_SSM2433_S4508_id0_s1_150.png,1,VALID,1.1259766,0.091430664,-1.1044922,0.77031827,LCC-FASD external-dev / cross-domain stress set,True
FT720P_SSM2433_S4508_id0_s2_15.png,1,VALID,-2.5546875,2.2597656,1.2265625,-5.1188927,LCC-FASD external-dev / cross-domain stress set,False
FT720P_SSM2433_S4508_id0_s2_30.png,1,VALID,-2.6347656,2.2460938,1.2275391,-5.1891646,LCC-FASD external-dev / cross-domain stress set,False
FT720P_SSM2433_S4508_id0_s2_45.png,1,VALID,-2.203125,2.3398438,0.6538086,-4.712925,LCC-FASD external-dev / cross-domain stress set,False
FT720P_SSM2433_S4508_id0_s2_60.png,1,VALID,-2.6953125,3.1015625,0.5644531,-5.8729973,LCC-FASD external-dev / cross-domain stress set,False
FT720P_SSM2433_S4508_id0_s2_75.png,1,VALID,-2.3007812,2.4296875,0.5996094,-4.8792343,LCC-FASD external-dev / cross-domain stress set,False
FT720P_SSM2433_S4508_id0_s2_90.png,1,VALID,-2.5722656,2.7714844,0.64453125,-5.456364,LCC-FASD external-dev / cross-domain stress set,False
FT720P_SSM2433_S4508_id0_s2_105.png,1,VALID,-2.375,2.6132812,0.50927734,-5.103365,LCC-FASD external-dev / cross-domain stress set,False
FT720P_SSM2433_S4508_id0_s2_120.png,1,VALID,-2.5410156,2.8085938,0.50439453,-5.4447727,LCC-FASD external-dev / cross-domain stress set,False
FT720P_SSM2433_S4508_id0_s2_135.png,1,VALID,-2.4140625,2.5449219,0.55908203,-5.087611,LCC-FASD external-dev / cross-domain stress set,False
FT720P_SSM2433_S4508_id0_s2_150.png,1,VALID,-2.6601562,2.7753906,0.71484375,-5.555447,LCC-FASD external-dev / cross-domain stress set,False
FT720P_SSM2433_S4508_id0_s3_15.png,1,VALID,-2.1191406,2.9414062,0.09326172,-5.1168814,LCC-FASD external-dev / cross-domain stress set,False
FT720P_SSM2433_S4508_id0_s3_30.png,1,VALID,-2.1328125,2.7207031,0.34057617,-4.94202,LCC-FASD external-dev / cross-domain stress set,False
FT720P_SSM2433_S4508_id0_s3_45.png,1,VALID,-2.0019531,2.671875,0.20947266,-4.75562,LCC-FASD external-dev / cross-domain stress set,False
FT720P_SSM2433_S4508_id0_s3_60.png,1,VALID,-1.9335938,2.296875,0.4880371,-4.3821974,LCC-FASD external-dev / cross-domain stress set,False
FT720P_SSM2433_S4508_id0_s3_75.png,1,VALID,-1.8046875,2.2695312,0.30517578,-4.205463,LCC-FASD external-dev / cross-domain stress set,False
FT720P_SSM2433_S4508_id0_s3_90.png,1,VALID,-1.7353516,2.2421875,0.27954102,-4.1089935,LCC-FASD external-dev / cross-domain stress set,False
FT720P_SSM2433_S4508_id0_s3_105.png,1,VALID,-1.4404297,1.9746094,0.234375,-3.576715,LCC-FASD external-dev / cross-domain stress set,False
FT720P_SSM2433_S4508_id0_s3_120.png,1,VALID,-1.4443359,2.21875,0.037750244,-3.7700808,LCC-FASD external-dev / cross-domain stress set,False
FT720P_SSM2433_S4508_id0_s3_135.png,1,VALID,-1.6064453,2.15625,0.23156738,-3.8989048,LCC-FASD external-dev / cross-domain stress set,False
FT720P_SSM2433_S4508_id0_s3_150.png,1,VALID,-1.5302734,2.1289062,0.1295166,-3.7861805,LCC-FASD external-dev / cross-domain stress set,False
FT720P_SSM2433_S4508_id12_s0_15.png,1,VALID,0.8300781,-1.2695312,0.3334961,0.3131892,LCC-FASD external-dev / cross-domain stress set,True
FT720P_SSM2433_S4508_id12_s0_30.png,1,VALID,0.6899414,-0.92578125,0.31713867,0.11929256,LCC-FASD external-dev / cross-domain stress set,True
FT720P_SSM2433_S4508_id12_s0_45.png,1,VALID,0.6269531,-0.69873047,0.1194458,0.14200658,LCC-FASD external-dev / cross-domain stress set,True
FT720P_SSM2433_S4508_id12_s0_60.png,1,VALID,0.85302734,-0.5576172,-0.21618652,0.5322804,LCC-FASD external-dev / cross-domain stress set,True
FT720P_SSM2433_S4508_id12_s0_75.png,1,VALID,1.2236328,-0.6875,-0.5527344,1.1483343,LCC-FASD external-dev / cross-domain stress set,True
FT720P_SSM2433_S4508_id12_s0_90.png,1,VALID,0.44702148,-0.44848633,0.07446289,-0.09291589,LCC-FASD external-dev / cross-domain stress set,True
FT720P_SSM2433_S4508_id12_s0_105.png,1,VALID,0.7402344,-0.51660156,-0.20080566,0.3933764,LCC-FASD external-dev / cross-domain stress set,True
FT720P_SSM2433_S4508_id12_s0_120.png,1,VALID,0.56103516,-0.5786133,0.11639404,0.039795697,LCC-FASD external-dev / cross-domain stress set,True
FT720P_SSM2433_S4508_id12_s0_135.png,1,VALID,0.7998047,-0.63720703,-0.13867188,0.46384633,LCC-FASD external-dev / cross-domain stress set,True
FT720P_SSM2433_S4508_id12_s0_150.png,1,VALID,0.77246094,-0.43725586,-0.3046875,0.44809026,LCC-FASD external-dev / cross-domain stress set,True
FT720P_SSM2433_S4508_id12_s1_15.png,1,VALID,-0.80322266,1.0947266,0.10687256,-2.214492,LCC-FASD external-dev / cross-domain stress set,False
FT720P_SSM2433_S4508_id12_s1_30.png,1,VALID,-0.51123047,0.82373047,0.0087890625,-1.7014532,LCC-FASD external-dev / cross-domain stress set,False
FT720P_SSM2433_S4508_id12_s1_45.png,1,VALID,-1.1142578,1.5390625,0.11730957,-2.869472,LCC-FASD external-dev / cross-domain stress set,False
FT720P_SSM2433_S4508_id12_s1_60.png,1,VALID,-0.43139648,0.76123047,-0.106933594,-1.5430876,LCC-FASD external-dev / cross-domain stress set,False
FT720P_SSM2433_S4508_id12_s1_75.png,1,VALID,0.7446289,-0.0154800415,-0.81347656,0.3883867,LCC-FASD external-dev / cross-domain stress set,True
FT720P_SSM2433_S4508_id12_s1_90.png,1,VALID,0.53515625,0.08557129,-0.7104492,0.07724887,LCC-FASD external-dev / cross-domain stress set,True
FT720P_SSM2433_S4508_id12_s1_105.png,1,VALID,0.43041992,0.13562012,-0.61083984,-0.09320831,LCC-FASD external-dev / cross-domain stress set,True
FT720P_SSM2433_S4508_id12_s1_120.png,1,VALID,-0.31298828,0.8979492,-0.35375977,-1.4624861,LCC-FASD external-dev / cross-domain stress set,False
FT720P_SSM2433_S4508_id12_s1_135.png,1,VALID,-0.17529297,0.7397461,-0.32348633,-1.2116842,LCC-FASD external-dev / cross-domain stress set,False
FT720P_SSM2433_S4508_id12_s1_150.png,1,VALID,-1.0791016,1.53125,0.010635376,-2.8080359,LCC-FASD external-dev / cross-domain stress set,False
FT720P_SSM2433_S4508_id12_s2_15.png,1,VALID,0.3449707,-0.13696289,-0.0102005005,-0.27660203,LCC-FASD external-dev / cross-domain stress set,True
FT720P_SSM2433_S4508_id12_s2_30.png,1,VALID,0.087524414,0.5053711,-0.17272949,-0.8283525,LCC-FASD external-dev / cross-domain stress set,False
FT720P_SSM2433_S4508_id12_s2_45.png,1,VALID,-0.23901367,0.5234375,0.23583984,-1.3221031,LCC-FASD external-dev / cross-domain stress set,False
FT720P_SSM2433_S4508_id12_s2_60.png,1,VALID,0.20898438,0.45117188,-0.2849121,-0.6335442,LCC-FASD external-dev / cross-domain stress set,False
FT720P_SSM2433_S4508_id12_s2_75.png,1,VALID,0.5229492,0.13720703,-0.3503418,-0.09305388,LCC-FASD external-dev / cross-domain stress set,True
FT720P_SSM2433_S4508_id12_s2_90.png,1,VALID,0.24316406,0.515625,-0.3720703,-0.617187,LCC-FASD external-dev / cross-domain stress set,False
FT720P_SSM2433_S4508_id12_s2_105.png,1,VALID,0.23486328,0.46704102,-0.41674805,-0.5780444,LCC-FASD external-dev / cross-domain stress set,False
FT720P_SSM2433_S4508_id12_s2_120.png,1,VALID,-0.047302246,0.7753906,-0.2590332,-1.1268125,LCC-FASD external-dev / cross-domain stress set,False
FT720P_SSM2433_S4508_id12_s2_135.png,1,VALID,0.12194824,0.49560547,-0.19543457,-0.77982527,LCC-FASD external-dev / cross-domain stress set,False
FT720P_SSM2433_S4508_id12_s2_150.png,1,VALID,0.08154297,0.5058594,-0.15246582,-0.841524,LCC-FASD external-dev / cross-domain stress set,False
FT720P_SSM20B370_BQ5204_id5_s0_15.png,1,VALID,-0.91503906,1.3662109,-0.10449219,-2.4880722,LCC-FASD external-dev / cross-domain stress set,False
FT720P_SSM20B370_BQ5204_id5_s0_30.png,1,VALID,-0.82421875,1.5878906,-0.41503906,-2.5386887,LCC-FASD external-dev / cross-domain stress set,False
FT720P_SSM20B370_BQ5204_id5_s0_45.png,1,VALID,-0.68310547,1.5712891,-0.59814453,-2.3625693,LCC-FASD external-dev / cross-domain stress set,False
FT720P_SSM20B370_BQ5204_id5_s0_60.png,1,VALID,-0.5761719,1.2929688,-0.51708984,-2.0206976,LCC-FASD external-dev / cross-domain stress set,False
FT720P_SSM20B370_BQ5204_id5_s0_75.png,1,VALID,-0.61376953,1.3740234,-0.46704102,-2.1350472,LCC-FASD external-dev / cross-domain stress set,False
FT720P_SSM20B370_BQ5204_id5_s0_90.png,1,VALID,-0.8955078,1.6689453,-0.43554688,-2.6794834,LCC-FASD external-dev / cross-domain stress set,False
FT720P_SSM20B370_BQ5204_id5_s0_105.png,1,VALID,-0.8964844,1.6220703,-0.24450684,-2.6623538,LCC-FASD external-dev / cross-domain stress set,False
FT720P_SSM20B370_BQ5204_id5_s0_120.png,1,VALID,-1.0654297,1.8828125,-0.3046875,-3.0545795,LCC-FASD external-dev / cross-domain stress set,False
FT720P_SSM20B370_BQ5204_id5_s0_135.png,1,VALID,-0.7182617,1.9189453,-0.86279297,-2.6972957,LCC-FASD external-dev / cross-domain stress set,False
FT720P_SSM20B370_BQ5204_id5_s0_150.png,1,VALID,-0.95996094,1.7041016,-0.37158203,-2.7822638,LCC-FASD external-dev / cross-domain stress set,False
FT720P_SSM20B370_BQ5204_id9_s0_15.png,1,VALID,-1.0703125,0.8310547,0.21044922,-2.331602,LCC-FASD external-dev / cross-domain stress set,False
FT720P_SSM20B370_BQ5204_id9_s0_30.png,1,VALID,-0.9550781,1.0410156,-0.109191895,-2.2711244,LCC-FASD external-dev / cross-domain stress set,False
FT720P_SSM20B370_BQ5204_id9_s0_45.png,1,VALID,-0.7685547,1.1757812,-0.45410156,-2.1232789,LCC-FASD external-dev / cross-domain stress set,False
FT720P_SSM20B370_BQ5204_id9_s0_60.png,1,VALID,-0.59716797,0.9580078,-0.43579102,-1.7768229,LCC-FASD external-dev / cross-domain stress set,False
FT720P_SSM20B370_BQ5204_id9_s0_75.png,1,VALID,-0.5463867,0.9746094,-0.4975586,-1.7275448,LCC-FASD external-dev / cross-domain stress set,False
FT720P_SSM20B370_BQ5204_id9_s0_90.png,1,VALID,-0.73876953,0.98583984,-0.33129883,-1.9619719,LCC-FASD external-dev / cross-domain stress set,False
FT720P_SSM20B370_BQ5204_id9_s0_105.png,1,VALID,-0.78808594,1.2763672,-0.49926758,-2.2209234,LCC-FASD external-dev / cross-domain stress set,False
FT720P_SSM20B370_BQ5204_id9_s0_120.png,1,VALID,-0.65771484,1.3427734,-0.66748047,-2.1261995,LCC-FASD external-dev / cross-domain stress set,False
FT720P_SSM20B370_BQ5204_id9_s0_135.png,1,VALID,-0.578125,1.046875,-0.5180664,-1.8148764,LCC-FASD external-dev / cross-domain stress set,False
FT720P_SSM20B370_BQ5204_id9_s0_150.png,1,VALID,-0.7182617,1.2539062,-0.5332031,-2.1269844,LCC-FASD external-dev / cross-domain stress set,False
FT720P_SSM20B370_BQ5204_id9_s1_95.png,1,VALID,-0.5932617,0.5317383,0.32373047,-1.719542,LCC-FASD external-dev / cross-domain stress set,False
FT720P_SSM20B370_BQ5204_id12_s1_30.png,1,VALID,0.047332764,0.4921875,-0.22290039,-0.84305966,LCC-FASD external-dev / cross-domain stress set,False
FT720P_SSM20B370_BQ5204_id12_s1_45.png,1,VALID,0.35009766,0.5366211,-0.625,-0.45882154,LCC-FASD external-dev / cross-domain stress set,False
FT720P_SSM20B370_BQ5204_id12_s1_60.png,1,VALID,0.050994873,0.71728516,-0.42919922,-0.94221747,LCC-FASD external-dev / cross-domain stress set,False
FT720P_SSM20B370_BQ5204_id12_s1_75.png,1,VALID,0.7890625,0.7368164,-1.2744141,-0.073349774,LCC-FASD external-dev / cross-domain stress set,True
FT720P_SSM20B370_BQ5204_id12_s1_90.png,1,VALID,0.7763672,0.66552734,-1.1826172,-0.035447955,LCC-FASD external-dev / cross-domain stress set,True
FT720P_SSM20B370_BQ5204_id12_s2_15.png,1,VALID,1.8046875,-0.55371094,-1.625,2.0638154,LCC-FASD external-dev / cross-domain stress set,True
FT720P_SSM20B370_BQ5204_id12_s2_30.png,1,VALID,2.0234375,-0.78271484,-1.6201172,2.4464984,LCC-FASD external-dev / cross-domain stress set,True
FT720P_SSM20B370_BQ5204_id12_s2_45.png,1,VALID,1.5419922,-0.28759766,-1.5439453,1.5790709,LCC-FASD external-dev / cross-domain stress set,True
FT720P_SSM20B370_BQ5204_id12_s2_60.png,1,VALID,2.40625,-1.0341797,-1.9111328,3.0925593,LCC-FASD external-dev / cross-domain stress set,True
FT720P_SSM20B370_BQ5204_id12_s2_75.png,1,VALID,2.28125,-0.69628906,-2.0078125,2.7389874,LCC-FASD external-dev / cross-domain stress set,True
FT720P_SSM20B370_BQ5204_id12_s2_90.png,1,VALID,1.4853516,-0.2376709,-1.5126953,1.4766123,LCC-FASD external-dev / cross-domain stress set,True
FT720P_SSM20B370_BQ5204_id12_s2_105.png,1,VALID,2.3085938,-0.7558594,-1.9960938,2.810341,LCC-FASD external-dev / cross-domain stress set,True
FT720P_SSM20B370_BQ5204_id12_s2_120.png,1,VALID,1.1757812,-0.24389648,-1.1328125,1.0753074,LCC-FASD external-dev / cross-domain stress set,True
FT720P_SSM20B370_BQ5204_id12_s2_135.png,1,VALID,1.7402344,-0.6328125,-1.4443359,2.0055046,LCC-FASD external-dev / cross-domain stress set,True
FT720P_SSM20B370_BQ5204_id12_s2_150.png,1,VALID,1.6103516,-0.40405273,-1.4941406,1.7245843,LCC-FASD external-dev / cross-domain stress set,True
FT720P_SSM2433_S4508_id0_s0_15.png,1,VALID,-1.1962891,1.9257812,-0.06829834,-3.2497058,LCC-FASD external-dev / cross-domain stress set,False
FT720P_SSM2433_S4508_id0_s0_30.png,1,VALID,-0.8930664,1.2011719,0.13439941,-2.389976,LCC-FASD external-dev / cross-domain stress set,False
FT720P_SSM2433_S4508_id0_s0_45.png,1,VALID,-0.9482422,1.2333984,0.19384766,-2.4844184,LCC-FASD external-dev / cross-domain stress set,False
FT720P_SSM2433_S4508_id0_s0_60.png,1,VALID,-0.80908203,1.0087891,0.20019531,-2.1863155,LCC-FASD external-dev / cross-domain stress set,False
FT720P_SSM2433_S4508_id0_s0_75.png,1,VALID,-0.7729492,1.1015625,0.121032715,-2.193047,LCC-FASD external-dev / cross-domain stress set,False
FT720P_SSM2433_S4508_id0_s0_90.png,1,VALID,-0.68066406,0.7363281,0.2854004,-1.9098799,LCC-FASD external-dev / cross-domain stress set,False
FT720P_SSM2433_S4508_id0_s0_105.png,1,VALID,-0.88378906,0.9941406,0.3166504,-2.288641,LCC-FASD external-dev / cross-domain stress set,False
FT720P_SSM2433_S4508_id0_s0_120.png,1,VALID,-0.80078125,0.98828125,0.2442627,-2.1778564,LCC-FASD external-dev / cross-domain stress set,False
FT720P_SSM2433_S4508_id0_s0_135.png,1,VALID,-0.69873047,0.93310547,0.21166992,-2.0279603,LCC-FASD external-dev / cross-domain stress set,False
FT720P_SSM2433_S4508_id0_s0_150.png,1,VALID,-0.48291016,0.7158203,0.10882568,-1.6337454,LCC-FASD external-dev / cross-domain stress set,False
FT720P_SSM2433_S4508_id0_s1_105.png,1,VALID,1.3837891,-0.05886841,-1.2802734,1.1842891,LCC-FASD external-dev / cross-domain stress set,True
FT720P_SSM2433_S4508_id0_s1_120.png,1,VALID,0.9902344,0.20922852,-1.0654297,0.5345158,LCC-FASD external-dev / cross-domain stress set,True
FT720P_SSM2433_S4508_id0_s1_135.png,1,VALID,0.80859375,0.37817383,-1.0498047,0.21547532,LCC-FASD external-dev / cross-domain stress set,True
FT720P_NEC90GX2_ZC554KL_id9_s0_15.png,1,VALID,-0.40429688,1.3955078,-0.9658203,-1.8899149,LCC-FASD external-dev / cross-domain stress set,False
FT720P_NEC90GX2_ZC554KL_id9_s0_30.png,1,VALID,-0.16931152,1.2568359,-1.0566406,-1.5204724,LCC-FASD external-dev / cross-domain stress set,False
FT720P_NEC90GX2_ZC554KL_id9_s0_45.png,1,VALID,0.14562988,1.1162109,-1.3525391,-1.051876,LCC-FASD external-dev / cross-domain stress set,False
FT720P_NEC90GX2_ZC554KL_id9_s0_60.png,1,VALID,0.3083496,0.73876953,-1.1953125,-0.5654375,LCC-FASD external-dev / cross-domain stress set,False
FT720P_NEC90GX2_ZC554KL_id9_s0_75.png,1,VALID,0.3972168,0.9394531,-1.4619141,-0.62895894,LCC-FASD external-dev / cross-domain stress set,False
FT720P_NEC90GX2_ZC554KL_id9_s0_90.png,1,VALID,0.1149292,1.0332031,-1.2597656,-1.0144621,LCC-FASD external-dev / cross-domain stress set,False
FT720P_NEC90GX2_ZC554KL_id9_s0_105.png,1,VALID,0.5053711,0.63623047,-1.3857422,-0.2551934,LCC-FASD external-dev / cross-domain stress set,True
FT720P_NEC90GX2_ZC554KL_id9_s0_120.png,1,VALID,0.47583008,0.91015625,-1.4726562,-0.52260315,LCC-FASD external-dev / cross-domain stress set,False
FT720P_NEC90GX2_ZC554KL_id9_s0_135.png,1,VALID,0.63916016,0.7290039,-1.6191406,-0.18109685,LCC-FASD external-dev / cross-domain stress set,True
FT720P_NEC90GX2_ZC554KL_id9_s0_150.png,1,VALID,0.16247559,1.0917969,-1.3623047,-1.0117676,LCC-FASD external-dev / cross-domain stress set,False
FT720P_NEC90GX2_ZC554KL_id12_s2_17.png,1,VALID,4.2929688,-2.6015625,-2.7148438,6.2564216,LCC-FASD external-dev / cross-domain stress set,True
FT720P_NEC90GX2_ZC554KL_id12_s2_32.png,1,VALID,0.8979492,0.52685547,-1.390625,0.23396409,LCC-FASD external-dev / cross-domain stress set,True
FT720P_NEC90GX2_ZC554KL_id12_s2_47.png,1,VALID,1.1210938,0.49316406,-1.5810547,0.509565,LCC-FASD external-dev / cross-domain stress set,True
FT720P_NEC90GX2_ZC554KL_id12_s2_62.png,1,VALID,0.65722656,1.0517578,-1.4892578,-0.4703679,LCC-FASD external-dev / cross-domain stress set,False
FT720P_NEC90GX2_ZC554KL_id12_s2_77.png,1,VALID,0.5029297,1.2089844,-1.5048828,-0.77023065,LCC-FASD external-dev / cross-domain stress set,False
FT720P_NEC90GX2_ZC554KL_id12_s2_92.png,1,VALID,0.6767578,1.0751953,-1.5488281,-0.4684397,LCC-FASD external-dev / cross-domain stress set,False
FT720P_SSM20B370_BQ5204_id0_s0_15.png,1,VALID,-2.0625,2.7636719,-0.025375366,-4.8858356,LCC-FASD external-dev / cross-domain stress set,False
FT720P_SSM20B370_BQ5204_id0_s0_30.png,1,VALID,-1.9492188,2.5332031,-0.03488159,-4.5563064,LCC-FASD external-dev / cross-domain stress set,False
FT720P_SSM20B370_BQ5204_id0_s0_45.png,1,VALID,-2.3125,3.1152344,-0.040924072,-5.4694414,LCC-FASD external-dev / cross-domain stress set,False
FT720P_SSM20B370_BQ5204_id0_s0_60.png,1,VALID,-2.0019531,2.9316406,-0.2602539,-4.9738655,LCC-FASD external-dev / cross-domain stress set,False
FT720P_SSM20B370_BQ5204_id0_s0_75.png,1,VALID,-2.2617188,2.8144531,0.15307617,-5.143692,LCC-FASD external-dev / cross-domain stress set,False
FT720P_SSM20B370_BQ5204_id0_s0_90.png,1,VALID,-2.3496094,3.28125,-0.13830566,-5.663062,LCC-FASD external-dev / cross-domain stress set,False
FT720P_SSM20B370_BQ5204_id0_s0_105.png,1,VALID,-2.1699219,3.1113281,-0.19726562,-5.317165,LCC-FASD external-dev / cross-domain stress set,False
FT720P_SSM20B370_BQ5204_id0_s0_121.png,1,VALID,-2.2460938,2.9960938,-0.0005326271,-5.290935,LCC-FASD external-dev / cross-domain stress set,False
FT720P_SSM20B370_BQ5204_id0_s0_136.png,1,VALID,-2.2226562,3.0390625,-0.0713501,-5.305336,LCC-FASD external-dev / cross-domain stress set,False
FT720P_SSM20B370_BQ5204_id0_s0_151.png,1,VALID,-2.1523438,3.0800781,-0.1932373,-5.269603,LCC-FASD external-dev / cross-domain stress set,False
FT720P_SSM20B370_BQ5204_id0_s1_15.png,1,VALID,-0.48217773,1.6035156,-0.66796875,-2.1838713,LCC-FASD external-dev / cross-domain stress set,False
FT720P_SSM20B370_BQ5204_id0_s1_30.png,1,VALID,-0.5761719,1.7080078,-0.6669922,-2.373119,LCC-FASD external-dev / cross-domain stress set,False
FT720P_SSM20B370_BQ5204_id0_s1_45.png,1,VALID,-0.5048828,1.6005859,-0.6435547,-2.2062354,LCC-FASD external-dev / cross-domain stress set,False
FT720P_SSM20B370_BQ5204_id0_s1_60.png,1,VALID,-0.44580078,1.5478516,-0.69189453,-2.094841,LCC-FASD external-dev / cross-domain stress set,False
FT720P_SSM20B370_BQ5204_id0_s1_75.png,1,VALID,-0.3803711,1.5517578,-0.7685547,-2.0258403,LCC-FASD external-dev / cross-domain stress set,False
FT720P_SSM20B370_BQ5204_id0_s1_90.png,1,VALID,-0.5024414,1.7021484,-0.7260742,-2.2891088,LCC-FASD external-dev / cross-domain stress set,False
FT720P_SSM20B370_BQ5204_id0_s1_105.png,1,VALID,-0.47827148,1.6337891,-0.70166016,-2.2044272,LCC-FASD external-dev / cross-domain stress set,False
FT720P_SSM20B370_BQ5204_id0_s1_120.png,1,VALID,-0.63623047,1.8232422,-0.6616211,-2.5395188,LCC-FASD external-dev / cross-domain stress set,False
FT720P_SSM20B370_BQ5204_id0_s1_135.png,1,VALID,-0.53222656,1.7333984,-0.73828125,-2.3466914,LCC-FASD external-dev / cross-domain stress set,False
FT720P_SSM20B370_BQ5204_id0_s1_150.png,1,VALID,-0.56689453,1.7001953,-0.65966797,-2.3573265,LCC-FASD external-dev / cross-domain stress set,False
FT720P_SSM20B370_BQ5204_id0_s3_15.png,1,VALID,-0.044067383,1.2314453,-0.7861328,-1.4003615,LCC-FASD external-dev / cross-domain stress set,False
FT720P_SSM20B370_BQ5204_id0_s3_32.png,1,VALID,0.095458984,1.1005859,-0.85839844,-1.1370335,LCC-FASD external-dev / cross-domain stress set,False
FT720P_SSM20B370_BQ5204_id0_s3_47.png,1,VALID,0.26391602,1.1064453,-1.0087891,-0.956398,LCC-FASD external-dev / cross-domain stress set,False
FT720P_SSM20B370_BQ5204_id0_s3_62.png,1,VALID,0.07940674,1.4619141,-1.0703125,-1.4589884,LCC-FASD external-dev / cross-domain stress set,False
FT720P_SSM20B370_BQ5204_id0_s3_77.png,1,VALID,0.11102295,1.3789062,-1.0429688,-1.3529181,LCC-FASD external-dev / cross-domain stress set,False
FT720P_SSM20B370_BQ5204_id0_s3_92.png,1,VALID,0.30541992,1.0722656,-1.0107422,-0.8842331,LCC-FASD external-dev / cross-domain stress set,False
FT720P_SSM20B370_BQ5204_id0_s3_107.png,1,VALID,0.5708008,1.0341797,-1.3212891,-0.5539954,LCC-FASD external-dev / cross-domain stress set,False
FT720P_SSM20B370_BQ5204_id0_s3_122.png,1,VALID,0.18005371,1.28125,-1.0566406,-1.1933479,LCC-FASD external-dev / cross-domain stress set,False
FT720P_SSM20B370_BQ5204_id0_s3_137.png,1,VALID,-0.1083374,1.3583984,-0.8305664,-1.5729254,LCC-FASD external-dev / cross-domain stress set,False
FT720P_SSM20B370_BQ5204_id0_s3_152.png,1,VALID,0.12963867,1.1621094,-0.9321289,-1.1486205,LCC-FASD external-dev / cross-domain stress set,False
FT720P_SSM20B370_BQ5204_id12_s1_15.png,1,VALID,0.30517578,0.57128906,-0.6142578,-0.5327599,LCC-FASD external-dev / cross-domain stress set,False
FT720P_SSM20B370_BQ5204_id12_s1_105.png,1,VALID,0.60595703,0.7241211,-1.0732422,-0.27151608,LCC-FASD external-dev / cross-domain stress set,True
FT720P_SSM20B370_BQ5204_id12_s1_120.png,1,VALID,0.5126953,0.48339844,-0.8120117,-0.21269637,LCC-FASD external-dev / cross-domain stress set,True
FT720P_SSM20B370_BQ5204_id12_s1_135.png,1,VALID,0.66259766,0.3857422,-0.859375,0.02383697,LCC-FASD external-dev / cross-domain stress set,True
FT720P_SSM20B370_BQ5204_id12_s1_150.png,1,VALID,0.37280273,0.3388672,-0.5180664,-0.31985837,LCC-FASD external-dev / cross-domain stress set,False
FT720P_MBP1314_X014D_id9_s0_15.png,1,VALID,-0.4477539,1.3291016,-0.86572266,-1.8824563,LCC-FASD external-dev / cross-domain stress set,False
FT720P_MBP1314_X014D_id9_s0_30.png,1,VALID,-0.96972656,1.5390625,-0.5151367,-2.6294084,LCC-FASD external-dev / cross-domain stress set,False
FT720P_MBP1314_X014D_id9_s0_45.png,1,VALID,-1.0292969,1.6894531,-0.5776367,-2.8173394,LCC-FASD external-dev / cross-domain stress set,False
FT720P_MBP1314_X014D_id9_s0_60.png,1,VALID,-0.96240234,1.4921875,-0.5385742,-2.5779002,LCC-FASD external-dev / cross-domain stress set,False
FT720P_MBP1314_X014D_id9_s0_75.png,1,VALID,-1.21875,1.9609375,-0.5942383,-3.2544968,LCC-FASD external-dev / cross-domain stress set,False
FT720P_MBP1314_X014D_id9_s0_90.png,1,VALID,-0.76708984,1.3720703,-0.671875,-2.26095,LCC-FASD external-dev / cross-domain stress set,False
FT720P_MBP1314_X014D_id9_s0_135.png,1,VALID,-1.09375,1.8789062,-0.6928711,-3.046278,LCC-FASD external-dev / cross-domain stress set,False
FT720P_MBP1314_X014D_id9_s0_150.png,1,VALID,-1.0244141,1.5537109,-0.53222656,-2.6951885,LCC-FASD external-dev / cross-domain stress set,False
FT720P_NEC90GX2_ZC554KL_id0_s0_15.png,1,VALID,-1.6113281,2.2832031,-0.43408203,-3.9584951,LCC-FASD external-dev / cross-domain stress set,False
FT720P_NEC90GX2_ZC554KL_id0_s0_30.png,1,VALID,-2.1191406,2.8222656,-0.34350586,-4.9827223,LCC-FASD external-dev / cross-domain stress set,False
FT720P_NEC90GX2_ZC554KL_id0_s0_45.png,1,VALID,-2.1914062,3.1328125,-0.29663086,-5.3561096,LCC-FASD external-dev / cross-domain stress set,False
FT720P_NEC90GX2_ZC554KL_id0_s0_60.png,1,VALID,-2.8964844,3.2421875,0.37890625,-6.1941833,LCC-FASD external-dev / cross-domain stress set,False
FT720P_NEC90GX2_ZC554KL_id0_s0_75.png,1,VALID,-2.9980469,3.3320312,0.46044922,-6.3851433,LCC-FASD external-dev / cross-domain stress set,False
FT720P_NEC90GX2_ZC554KL_id0_s0_90.png,1,VALID,-2.7578125,3.4296875,0.107055664,-6.2229233,LCC-FASD external-dev / cross-domain stress set,False
FT720P_NEC90GX2_ZC554KL_id0_s0_105.png,1,VALID,-2.5253906,3.4433594,-0.10595703,-5.997089,LCC-FASD external-dev / cross-domain stress set,False
FT720P_NEC90GX2_ZC554KL_id0_s0_120.png,1,VALID,-3.0488281,3.6503906,0.28808594,-6.733287,LCC-FASD external-dev / cross-domain stress set,False
FT720P_NEC90GX2_ZC554KL_id0_s0_135.png,1,VALID,-3.0898438,3.5800781,0.36254883,-6.709194,LCC-FASD external-dev / cross-domain stress set,False
FT720P_NEC90GX2_ZC554KL_id0_s0_150.png,1,VALID,-2.90625,3.4003906,0.3215332,-6.3516254,LCC-FASD external-dev / cross-domain stress set,False
FT720P_NEC90GX2_ZC554KL_id0_s1_15.png,1,VALID,2.0722656,-0.5917969,-2.0449219,2.4539325,LCC-FASD external-dev / cross-domain stress set,True
FT720P_NEC90GX2_ZC554KL_id0_s1_30.png,1,VALID,0.61376953,0.32592773,-1.0761719,0.06783944,LCC-FASD external-dev / cross-domain stress set,True
FT720P_NEC90GX2_ZC554KL_id0_s1_45.png,1,VALID,0.94628906,0.1998291,-1.3164062,0.5479889,LCC-FASD external-dev / cross-domain stress set,True
FT720P_NEC90GX2_ZC554KL_id0_s1_60.png,1,VALID,0.3400879,0.7529297,-1.0712891,-0.5624195,LCC-FASD external-dev / cross-domain stress set,False
FT720P_NEC90GX2_ZC554KL_id0_s1_75.png,1,VALID,0.16589355,0.87402344,-0.9008789,-0.86470616,LCC-FASD external-dev / cross-domain stress set,False
FT720P_NEC90GX2_ZC554KL_id0_s1_90.png,1,VALID,-0.11608887,1.0322266,-0.7421875,-1.3049626,LCC-FASD external-dev / cross-domain stress set,False
FT720P_NEC90GX2_ZC554KL_id0_s1_105.png,1,VALID,-0.20959473,1.2080078,-0.82714844,-1.5404041,LCC-FASD external-dev / cross-domain stress set,False
FT720P_NEC90GX2_ZC554KL_id0_s1_120.png,1,VALID,-0.33984375,1.2558594,-0.6513672,-1.7341526,LCC-FASD external-dev / cross-domain stress set,False
FT720P_NEC90GX2_ZC554KL_id0_s1_135.png,1,VALID,-0.0736084,0.90966797,-0.70214844,-1.1652019,LCC-FASD external-dev / cross-domain stress set,False
FT720P_NEC90GX2_ZC554KL_id0_s1_150.png,1,VALID,0.34277344,0.85009766,-1.1259766,-0.63713443,LCC-FASD external-dev / cross-domain stress set,False
FT720P_NEC90GX2_ZC554KL_id0_s2_15.png,1,VALID,-2.1523438,2.5488281,0.17016602,-4.7898,LCC-FASD external-dev / cross-domain stress set,False
FT720P_NEC90GX2_ZC554KL_id0_s2_30.png,1,VALID,-2.1894531,2.6328125,0.203125,-4.906666,LCC-FASD external-dev / cross-domain stress set,False
FT720P_NEC90GX2_ZC554KL_id0_s2_45.png,1,VALID,-2.3925781,2.7148438,0.31298828,-5.194104,LCC-FASD external-dev / cross-domain stress set,False
FT720P_NEC90GX2_ZC554KL_id0_s2_60.png,1,VALID,-2.5429688,2.7382812,0.43237305,-5.376259,LCC-FASD external-dev / cross-domain stress set,False
FT720P_NEC90GX2_ZC554KL_id0_s2_75.png,1,VALID,-1.3193359,2.2207031,-0.42016602,-3.6089113,LCC-FASD external-dev / cross-domain stress set,False
FT720P_NEC90GX2_ZC554KL_id0_s2_90.png,1,VALID,-2.6308594,2.9277344,0.4321289,-5.6378174,LCC-FASD external-dev / cross-domain stress set,False
FT720P_NEC90GX2_ZC554KL_id0_s2_105.png,1,VALID,-2.1015625,2.4414062,0.23291016,-4.6472077,LCC-FASD external-dev / cross-domain stress set,False
FT720P_NEC90GX2_ZC554KL_id0_s2_120.png,1,VALID,-2.28125,2.7519531,0.20532227,-5.1086307,LCC-FASD external-dev / cross-domain stress set,False
FT720P_NEC90GX2_ZC554KL_id0_s2_135.png,1,VALID,-2.2089844,2.6660156,0.1842041,-4.9552813,LCC-FASD external-dev / cross-domain stress set,False
FT720P_NEC90GX2_ZC554KL_id0_s2_150.png,1,VALID,-1.5585938,1.8251953,0.060546875,-3.5418582,LCC-FASD external-dev / cross-domain stress set,False
FT720P_NEC90GX2_ZC554KL_id0_s3_15.png,1,VALID,-2.1425781,3.2871094,-0.097961426,-5.4630013,LCC-FASD external-dev / cross-domain stress set,False
FT720P_NEC90GX2_ZC554KL_id0_s3_30.png,1,VALID,-1.4619141,2.7792969,-0.46948242,-4.279298,LCC-FASD external-dev / cross-domain stress set,False
FT720P_NEC90GX2_ZC554KL_id0_s3_45.png,1,VALID,-1.7763672,3.0546875,-0.29003906,-4.865717,LCC-FASD external-dev / cross-domain stress set,False
FT720P_NEC90GX2_ZC554KL_id0_s3_60.png,1,VALID,-1.5322266,2.9042969,-0.4423828,-4.471119,LCC-FASD external-dev / cross-domain stress set,False
FT720P_NEC90GX2_ZC554KL_id0_s3_75.png,1,VALID,-1.3623047,2.6679688,-0.45532227,-4.073344,LCC-FASD external-dev / cross-domain stress set,False
FT720P_NEC90GX2_ZC554KL_id0_s3_90.png,1,VALID,-2.15625,3.296875,-0.05722046,-5.4874697,LCC-FASD external-dev / cross-domain stress set,False
FT720P_NEC90GX2_ZC554KL_id0_s3_105.png,1,VALID,-1.6289062,2.9609375,-0.38867188,-4.62434,LCC-FASD external-dev / cross-domain stress set,False
FT720P_NEC90GX2_ZC554KL_id0_s3_120.png,1,VALID,-1.5566406,2.8046875,-0.3059082,-4.4049377,LCC-FASD external-dev / cross-domain stress set,False
FT720P_NEC90GX2_ZC554KL_id0_s3_135.png,1,VALID,-1.3994141,2.59375,-0.39257812,-4.042404,LCC-FASD external-dev / cross-domain stress set,False
FT720P_NEC90GX2_ZC554KL_id0_s3_150.png,1,VALID,-1.5087891,2.8671875,-0.42504883,-4.4124727,LCC-FASD external-dev / cross-domain stress set,False
FT720P_NEC90GX2_ZC554KL_id12_s1_15.png,1,VALID,0.6567383,0.5942383,-1.2724609,-0.081282794,LCC-FASD external-dev / cross-domain stress set,True
FT720P_NEC90GX2_ZC554KL_id12_s1_142.png,1,VALID,-1.3222656,2.1308594,-0.077697754,-3.557358,LCC-FASD external-dev / cross-domain stress set,False
FT720P_NEC90GX2_ZC554KL_id12_s2_107.png,1,VALID,0.46923828,1.1445312,-1.3017578,-0.7583598,LCC-FASD external-dev / cross-domain stress set,False
FT720P_NEC90GX2_ZC554KL_id12_s2_122.png,1,VALID,0.044677734,1.2949219,-1.0371094,-1.3429129,LCC-FASD external-dev / cross-domain stress set,False
FT720P_NEC90GX2_ZC554KL_id12_s2_137.png,1,VALID,0.61328125,0.9638672,-1.4003906,-0.4404441,LCC-FASD external-dev / cross-domain stress set,False
FT720P_NEC90GX2_ZC554KL_id12_s2_152.png,1,VALID,0.4645996,1.2119141,-1.4501953,-0.8147869,LCC-FASD external-dev / cross-domain stress set,False
FT720P_MBP1314_X014D_id0_s0_15.png,1,VALID,-1.84375,2.0292969,0.20776367,-4.022998,LCC-FASD external-dev / cross-domain stress set,False
FT720P_MBP1314_X014D_id0_s0_30.png,1,VALID,-1.4892578,1.9228516,-0.09173584,-3.5373096,LCC-FASD external-dev / cross-domain stress set,False
FT720P_MBP1314_X014D_id0_s0_45.png,1,VALID,-1.5566406,2.2324219,-0.15917969,-3.8765998,LCC-FASD external-dev / cross-domain stress set,False
FT720P_MBP1314_X014D_id0_s0_60.png,1,VALID,-1.7871094,2.1328125,0.14526367,-4.048342,LCC-FASD external-dev / cross-domain stress set,False
FT720P_MBP1314_X014D_id0_s0_75.png,1,VALID,-1.515625,2.1035156,-0.15063477,-3.7189522,LCC-FASD external-dev / cross-domain stress set,False
FT720P_MBP1314_X014D_id0_s0_90.png,1,VALID,-1.5273438,2.2207031,-0.18981934,-3.834012,LCC-FASD external-dev / cross-domain stress set,False
FT720P_MBP1314_X014D_id0_s0_150.png,1,VALID,-1.4492188,2.0976562,-0.23303223,-3.6396627,LCC-FASD external-dev / cross-domain stress set,False
FT720P_MBP1314_X014D_id0_s3_15.png,1,VALID,-2.3339844,1.8544922,1.4179688,-4.6869946,LCC-FASD external-dev / cross-domain stress set,False
FT720P_MBP1314_X014D_id0_s3_30.png,1,VALID,-3.0449219,2.3417969,1.8447266,-5.8619027,LCC-FASD external-dev / cross-domain stress set,False
FT720P_MBP1314_X014D_id0_s3_46.png,1,VALID,-3.2246094,2.3457031,2.0625,-6.1318502,LCC-FASD external-dev / cross-domain stress set,False
FT720P_MBP1314_X014D_id0_s3_61.png,1,VALID,-3.2128906,2.4863281,1.8496094,-6.1238494,LCC-FASD external-dev / cross-domain stress set,False
FT720P_MBP1314_X014D_id0_s3_76.png,1,VALID,-3.2832031,2.3574219,2.0546875,-6.1938176,LCC-FASD external-dev / cross-domain stress set,False
FT720P_MBP1314_X014D_id0_s3_91.png,1,VALID,-3.34375,2.4648438,2.0644531,-6.321452,LCC-FASD external-dev / cross-domain stress set,False
FT720P_MBP1314_X014D_id0_s3_106.png,1,VALID,-3.28125,2.4941406,1.9423828,-6.2302403,LCC-FASD external-dev / cross-domain stress set,False
FT720P_MBP1314_X014D_id0_s3_121.png,1,VALID,-2.8339844,2.2949219,1.5371094,-5.5132775,LCC-FASD external-dev / cross-domain stress set,False
FT720P_MBP1314_X014D_id0_s3_136.png,1,VALID,-2.4238281,2.1738281,1.2363281,-4.9281144,LCC-FASD external-dev / cross-domain stress set,False
FT720P_MBP1314_X014D_id0_s3_151.png,1,VALID,-2.4140625,2.03125,1.3134766,-4.842636,LCC-FASD external-dev / cross-domain stress set,False
FT720P_MBP1314_X014D_id5_s1_15.png,1,VALID,-0.12237549,1.1210938,-1.1806641,-1.3388547,LCC-FASD external-dev / cross-domain stress set,False
FT720P_MBP1314_X014D_id5_s1_30.png,1,VALID,-0.30126953,1.0839844,-0.89697266,-1.514471,LCC-FASD external-dev / cross-domain stress set,False
FT720P_MBP1314_X014D_id5_s1_45.png,1,VALID,-0.15930176,1.1865234,-1.1601562,-1.4372061,LCC-FASD external-dev / cross-domain stress set,False
FT720P_MBP1314_X014D_id5_s1_60.png,1,VALID,-0.20935059,1.3144531,-1.2119141,-1.6007174,LCC-FASD external-dev / cross-domain stress set,False
FT720P_MBP1314_X014D_id5_s1_75.png,1,VALID,-0.2788086,1.375,-1.1777344,-1.7287941,LCC-FASD external-dev / cross-domain stress set,False
FT720P_MBP1314_X014D_id5_s1_90.png,1,VALID,-0.123291016,1.1992188,-1.1494141,-1.4137204,LCC-FASD external-dev / cross-domain stress set,False
FT720P_MBP1314_X014D_id5_s1_105.png,1,VALID,-0.091674805,1.125,-1.1865234,-1.3111757,LCC-FASD external-dev / cross-domain stress set,False
FT720P_MBP1314_X014D_id5_s1_120.png,1,VALID,-0.028778076,1.0341797,-1.1923828,-1.1654229,LCC-FASD external-dev / cross-domain stress set,False
FT720P_MBP1314_X014D_id5_s1_135.png,1,VALID,0.05255127,0.98828125,-1.2412109,-1.0379102,LCC-FASD external-dev / cross-domain stress set,False
FT720P_MBP1314_X014D_id5_s1_150.png,1,VALID,-0.22241211,1.3681641,-1.2070312,-1.6639558,LCC-FASD external-dev / cross-domain stress set,False
FT720P_MBP1314_X014D_id9_s0_105.png,1,VALID,-1.0039062,1.7001953,-0.64208984,-2.795867,LCC-FASD external-dev / cross-domain stress set,False
FT720P_MBP1314_X014D_id9_s0_120.png,1,VALID,-0.9003906,1.6025391,-0.62890625,-2.6049204,LCC-FASD external-dev / cross-domain stress set,False
FT720P_MBP1314_X014D_id12_s0_15.png,1,VALID,1.4853516,-1.7011719,-0.5024414,1.7242165,LCC-FASD external-dev / cross-domain stress set,True
FT720P_MBP1314_X014D_id12_s0_30.png,1,VALID,1.2939453,-1.2783203,-0.63183594,1.5045187,LCC-FASD external-dev / cross-domain stress set,True
FT720P_MBP1314_X014D_id12_s0_45.png,1,VALID,1.5371094,-1.9013672,-0.41552734,1.7486253,LCC-FASD external-dev / cross-domain stress set,True
FT720P_MBP1314_X014D_id12_s0_60.png,1,VALID,1.8994141,-2.1777344,-0.57421875,2.2903218,LCC-FASD external-dev / cross-domain stress set,True
FT720P_MBP1314_X014D_id12_s0_75.png,1,VALID,1.5019531,-1.90625,-0.39111328,1.6943974,LCC-FASD external-dev / cross-domain stress set,True
FT720P_MBP1314_X014D_id12_s0_90.png,1,VALID,1.4648438,-1.8642578,-0.40014648,1.6569332,LCC-FASD external-dev / cross-domain stress set,True
FT720P_MBP1314_X014D_id12_s0_105.png,1,VALID,1.6513672,-1.5478516,-0.7885742,2.0560374,LCC-FASD external-dev / cross-domain stress set,True
FT720P_MBP1314_X014D_id12_s0_120.png,1,VALID,1.5693359,-2.3769531,-0.098083496,1.5699298,LCC-FASD external-dev / cross-domain stress set,True
FT720P_MBP1314_X014D_id12_s0_135.png,1,VALID,1.3632812,-1.4345703,-0.6142578,1.6126918,LCC-FASD external-dev / cross-domain stress set,True
FT720P_MBP1314_X014D_id12_s0_150.png,1,VALID,1.7216797,-1.6650391,-0.8305664,2.1917062,LCC-FASD external-dev / cross-domain stress set,True
FT720P_MBP1314_X014D_id12_s1_15.png,1,VALID,1.4550781,-1.3671875,-0.79785156,1.8044683,LCC-FASD external-dev / cross-domain stress set,True
FT720P_MBP1314_X014D_id12_s1_30.png,1,VALID,2.2167969,-2.0097656,-1.0644531,2.952984,LCC-FASD external-dev / cross-domain stress set,True
FT720P_MBP1314_X014D_id12_s1_45.png,1,VALID,1.5546875,-1.3886719,-0.8457031,1.9423199,LCC-FASD external-dev / cross-domain stress set,True
FT720P_MBP1314_X014D_id12_s1_60.png,1,VALID,2.109375,-1.8515625,-1.0761719,2.8067517,LCC-FASD external-dev / cross-domain stress set,True
FT720P_MBP1314_X014D_id12_s1_75.png,1,VALID,2.5488281,-1.8144531,-1.5351562,3.5207663,LCC-FASD external-dev / cross-domain stress set,True
FT720P_MBP1314_X014D_id12_s1_90.png,1,VALID,2.2832031,-1.6767578,-1.3154297,3.069918,LCC-FASD external-dev / cross-domain stress set,True
FT720P_MBP1314_X014D_id12_s1_105.png,1,VALID,2.2421875,-1.671875,-1.3691406,3.0581355,LCC-FASD external-dev / cross-domain stress set,True
FT720P_MBP1314_X014D_id12_s1_120.png,1,VALID,1.8740234,-1.3710938,-1.1523438,2.4366255,LCC-FASD external-dev / cross-domain stress set,True
FT720P_MBP1314_X014D_id12_s1_135.png,1,VALID,1.6601562,-1.0908203,-1.1318359,2.078127,LCC-FASD external-dev / cross-domain stress set,True
FT720P_MBP1314_X014D_id12_s1_150.png,1,VALID,1.640625,-1.6035156,-0.7626953,2.0446978,LCC-FASD external-dev / cross-domain stress set,True
FT720P_MBP1314_X014D_id12_s2_15.png,1,VALID,1.5869141,-1.7421875,-0.5541992,1.8750376,LCC-FASD external-dev / cross-domain stress set,True
FT720P_MBP1314_X014D_id12_s2_30.png,1,VALID,1.9335938,-2.2226562,-0.57714844,2.3343427,LCC-FASD external-dev / cross-domain stress set,True
FT720P_MBP1314_X014D_id12_s2_45.png,1,VALID,1.9570312,-2.2773438,-0.5151367,2.3137417,LCC-FASD external-dev / cross-domain stress set,True
FT720P_MBP1314_X014D_id12_s2_60.png,1,VALID,1.65625,-1.8945312,-0.53222656,1.9604888,LCC-FASD external-dev / cross-domain stress set,True
FT720P_MBP1314_X014D_id12_s2_75.png,1,VALID,2.1308594,-2.2089844,-0.8432617,2.746829,LCC-FASD external-dev / cross-domain stress set,True
FT720P_MBP1314_X014D_id12_s2_90.png,1,VALID,1.7001953,-1.9101562,-0.5629883,2.0320914,LCC-FASD external-dev / cross-domain stress set,True
FT720P_MBP1314_X014D_id12_s2_105.png,1,VALID,1.6523438,-1.9179688,-0.45629883,1.9001265,LCC-FASD external-dev / cross-domain stress set,True
FT720P_MBP1314_X014D_id12_s2_120.png,1,VALID,1.3994141,-2.1503906,0.020950317,1.2704844,LCC-FASD external-dev / cross-domain stress set,True
FT720P_MBP1314_X014D_id12_s2_135.png,1,VALID,1.8496094,-2.1875,-0.5395508,2.213155,LCC-FASD external-dev / cross-domain stress set,True
FT720P_MBP1314_X014D_id12_s2_150.png,1,VALID,1.6386719,-1.9736328,-0.42578125,1.8716002,LCC-FASD external-dev / cross-domain stress set,True
FT720P_MBP1314_IPHONE8F_id5_s0_15.png,1,VALID,4.34375,-2.1328125,-3.3554688,6.218479,LCC-FASD external-dev / cross-domain stress set,True
FT720P_MBP1314_IPHONE8F_id5_s0_30.png,1,VALID,3.6679688,-1.4082031,-3.2890625,4.9342737,LCC-FASD external-dev / cross-domain stress set,True
FT720P_MBP1314_IPHONE8F_id5_s0_45.png,1,VALID,3.4980469,-1.2587891,-3.2050781,4.623352,LCC-FASD external-dev / cross-domain stress set,True
FT720P_MBP1314_IPHONE8F_id5_s0_60.png,1,VALID,4.4414062,-2.2265625,-3.4375,6.4072075,LCC-FASD external-dev / cross-domain stress set,True
FT720P_MBP1314_IPHONE8F_id5_s0_75.png,1,VALID,3.359375,-1.1835938,-3.0996094,4.405651,LCC-FASD external-dev / cross-domain stress set,True
FT720P_MBP1314_IPHONE8F_id5_s0_90.png,1,VALID,3.3203125,-1.3378906,-2.9746094,4.480377,LCC-FASD external-dev / cross-domain stress set,True
FT720P_MBP1314_IPHONE8F_id5_s0_105.png,1,VALID,4.0625,-1.6054688,-3.5019531,5.528124,LCC-FASD external-dev / cross-domain stress set,True
FT720P_MBP1314_IPHONE8F_id5_s0_120.png,1,VALID,3.1582031,-1.0390625,-2.984375,4.0636597,LCC-FASD external-dev / cross-domain stress set,True
FT720P_MBP1314_IPHONE8F_id5_s0_135.png,1,VALID,3.5898438,-1.3613281,-3.2363281,4.808497,LCC-FASD external-dev / cross-domain stress set,True
FT720P_MBP1314_IPHONE8F_id5_s0_150.png,1,VALID,3.5566406,-1.2529297,-3.3222656,4.6906595,LCC-FASD external-dev / cross-domain stress set,True
FT720P_MBP1314_IPHONE8F_id5_s1_15.png,1,VALID,0.64746094,0.62353516,-1.6611328,-0.07302654,LCC-FASD external-dev / cross-domain stress set,True
FT720P_MBP1314_IPHONE8F_id5_s1_30.png,1,VALID,0.8647461,0.3864746,-1.6992188,0.36118114,LCC-FASD external-dev / cross-domain stress set,True
FT720P_MBP1314_IPHONE8F_id5_s1_45.png,1,VALID,0.49682617,0.44458008,-1.3945312,-0.09527582,LCC-FASD external-dev / cross-domain stress set,True
FT720P_MBP1314_IPHONE8F_id5_s1_60.png,1,VALID,1.7001953,-0.48706055,-1.9267578,1.9745672,LCC-FASD external-dev / cross-domain stress set,True
FT720P_MBP1314_IPHONE8F_id5_s1_75.png,1,VALID,1.421875,-0.0869751,-1.9775391,1.3682306,LCC-FASD external-dev / cross-domain stress set,True
FT720P_MBP1314_IPHONE8F_id5_s1_90.png,1,VALID,1.8535156,-0.4267578,-2.1523438,2.1163971,LCC-FASD external-dev / cross-domain stress set,True
FT720P_MBP1314_IPHONE8F_id5_s1_105.png,1,VALID,1.0302734,-0.093322754,-1.546875,0.91354716,LCC-FASD external-dev / cross-domain stress set,True
FT720P_MBP1314_IPHONE8F_id5_s1_120.png,1,VALID,1.2705078,-0.014732361,-1.9169922,1.1461473,LCC-FASD external-dev / cross-domain stress set,True
FT720P_MBP1314_IPHONE8F_id5_s1_135.png,1,VALID,1.2382812,0.028305054,-1.9238281,1.0772206,LCC-FASD external-dev / cross-domain stress set,True
FT720P_MBP1314_IPHONE8F_id5_s1_150.png,1,VALID,1.5800781,-0.1427002,-2.1386719,1.5953693,LCC-FASD external-dev / cross-domain stress set,True
FT720P_MBP1314_IPHONE8F_id9_s0_15.png,1,VALID,1.3847656,0.89404297,-2.5878906,0.460438,LCC-FASD external-dev / cross-domain stress set,True
FT720P_MBP1314_IPHONE8F_id9_s0_30.png,1,VALID,1.2480469,0.9350586,-2.4316406,0.27906686,LCC-FASD external-dev / cross-domain stress set,True
FT720P_MBP1314_IPHONE8F_id9_s0_45.png,1,VALID,0.75390625,1.3701172,-2.2070312,-0.6437826,LCC-FASD external-dev / cross-domain stress set,False
FT720P_MBP1314_IPHONE8F_id9_s0_60.png,1,VALID,0.9609375,1.2851562,-2.3535156,-0.35016632,LCC-FASD external-dev / cross-domain stress set,False
FT720P_MBP1314_IPHONE8F_id9_s0_75.png,1,VALID,1.1035156,0.97509766,-2.2460938,0.08928621,LCC-FASD external-dev / cross-domain stress set,True
FT720P_MBP1314_IPHONE8F_id9_s0_90.png,1,VALID,0.8857422,1.2685547,-2.2070312,-0.41328716,LCC-FASD external-dev / cross-domain stress set,False
FT720P_MBP1314_IPHONE8F_id9_s0_105.png,1,VALID,1.2099609,1.1552734,-2.4472656,0.027797818,LCC-FASD external-dev / cross-domain stress set,True
FT720P_MBP1314_IPHONE8F_id9_s0_120.png,1,VALID,1.4033203,1.0019531,-2.5449219,0.37295997,LCC-FASD external-dev / cross-domain stress set,True
FT720P_MBP1314_IPHONE8F_id9_s0_135.png,1,VALID,1.359375,0.9121094,-2.4765625,0.41406924,LCC-FASD external-dev / cross-domain stress set,True
FT720P_MBP1314_IPHONE8F_id9_s0_150.png,1,VALID,1.2490234,1.0673828,-2.4375,0.15203297,LCC-FASD external-dev / cross-domain stress set,True
FT720P_MBP1314_IPHONE8F_id9_s1_24.png,1,VALID,0.63183594,0.80126953,-1.4921875,-0.26557708,LCC-FASD external-dev / cross-domain stress set,True
FT720P_MBP1314_IPHONE8F_id9_s1_41.png,1,VALID,-0.25048828,1.4609375,-1.0488281,-1.7895781,LCC-FASD external-dev / cross-domain stress set,False
FT720P_MBP1314_IPHONE8F_id9_s1_137.png,1,VALID,-0.34448242,1.6035156,-1.0048828,-2.0190644,LCC-FASD external-dev / cross-domain stress set,False
FT720P_MBP1314_IPHONE8F_id12_s1_15.png,1,VALID,0.8935547,0.58203125,-1.6142578,0.20606935,LCC-FASD external-dev / cross-domain stress set,True
FT720P_MBP1314_IPHONE8F_id12_s1_30.png,1,VALID,1.0634766,0.4711914,-1.6953125,0.4838097,LCC-FASD external-dev / cross-domain stress set,True
FT720P_MBP1314_IPHONE8F_id12_s1_45.png,1,VALID,0.6958008,0.8989258,-1.6542969,-0.27807516,LCC-FASD external-dev / cross-domain stress set,True
FT720P_MBP1314_IPHONE8F_id12_s1_60.png,1,VALID,1.4824219,0.08746338,-1.8740234,1.263361,LCC-FASD external-dev / cross-domain stress set,True
FT720P_MBP1314_IPHONE8F_id12_s1_75.png,1,VALID,3.59375,-0.97998047,-3.3183594,4.4816217,LCC-FASD external-dev / cross-domain stress set,True
FT720P_MBP1314_IPHONE8F_id12_s1_90.png,1,VALID,2.5390625,-0.16003418,-2.8261719,2.6318865,LCC-FASD external-dev / cross-domain stress set,True
FT720P_MBP1314_IPHONE8F_id12_s1_150.png,1,VALID,0.44213867,0.8183594,-1.3261719,-0.48697722,LCC-FASD external-dev / cross-domain stress set,False
FT720P_MBP1314_IPHONE8F_id12_s2_15.png,1,VALID,1.4960938,0.023590088,-1.7910156,1.3215849,LCC-FASD external-dev / cross-domain stress set,True
FT720P_MBP1314_IPHONE8F_id12_s2_30.png,1,VALID,2.1464844,-0.45141602,-2.2246094,2.4410763,LCC-FASD external-dev / cross-domain stress set,True
FT720P_MBP1314_IPHONE8F_id12_s2_45.png,1,VALID,2.0917969,-0.66796875,-1.9960938,2.5247145,LCC-FASD external-dev / cross-domain stress set,True
FT720P_MBP1314_IPHONE8F_id12_s2_60.png,1,VALID,2.1992188,-0.6894531,-2.2070312,2.6904423,LCC-FASD external-dev / cross-domain stress set,True
FT720P_MBP1314_IPHONE8F_id12_s2_75.png,1,VALID,3.9980469,-2.1015625,-3.1152344,5.790006,LCC-FASD external-dev / cross-domain stress set,True
FT720P_MBP1314_IPHONE8F_id12_s2_90.png,1,VALID,2.1269531,-0.6298828,-2.1542969,2.559832,LCC-FASD external-dev / cross-domain stress set,True
FT720P_MBP1314_IPHONE8F_id12_s2_105.png,1,VALID,2.2910156,-0.6958008,-2.2011719,2.7863808,LCC-FASD external-dev / cross-domain stress set,True
FT720P_MBP1314_IPHONE8F_id12_s2_120.png,1,VALID,1.6162109,-0.42504883,-1.6689453,1.7879683,LCC-FASD external-dev / cross-domain stress set,True
FT720P_MBP1314_IPHONE8F_id12_s2_135.png,1,VALID,2.1914062,-0.6972656,-2.1640625,2.6811187,LCC-FASD external-dev / cross-domain stress set,True
FT720P_MBP1314_IPHONE8F_id12_s2_150.png,1,VALID,3.0644531,-1.0507812,-2.8125,3.9567366,LCC-FASD external-dev / cross-domain stress set,True
FT720P_MBP1314_X014D_id0_s0_105.png,1,VALID,-1.7744141,2.3378906,-0.024047852,-4.202362,LCC-FASD external-dev / cross-domain stress set,False
FT720P_MBP1314_X014D_id0_s0_120.png,1,VALID,-1.3632812,2.0742188,-0.27807617,-3.5283918,LCC-FASD external-dev / cross-domain stress set,False
FT720P_MBP1314_X014D_id0_s0_135.png,1,VALID,-1.4003906,2.1308594,-0.25585938,-3.6191976,LCC-FASD external-dev / cross-domain stress set,False
FT720P_MBP1314_IPHONE8F_id0_s0_15.png,1,VALID,0.5644531,0.67333984,-1.7578125,-0.19316852,LCC-FASD external-dev / cross-domain stress set,True
FT720P_MBP1314_IPHONE8F_id0_s0_30.png,1,VALID,-0.09906006,1.2402344,-1.4042969,-1.4079232,LCC-FASD external-dev / cross-domain stress set,False
FT720P_MBP1314_IPHONE8F_id0_s0_45.png,1,VALID,0.2619629,1.0537109,-1.5761719,-0.8613552,LCC-FASD external-dev / cross-domain stress set,False
FT720P_MBP1314_IPHONE8F_id0_s0_60.png,1,VALID,0.35864258,0.90625,-1.6914062,-0.6194143,LCC-FASD external-dev / cross-domain stress set,False
FT720P_MBP1314_IPHONE8F_id0_s0_75.png,1,VALID,0.5439453,0.7402344,-1.7363281,-0.2769761,LCC-FASD external-dev / cross-domain stress set,True
FT720P_MBP1314_IPHONE8F_id0_s0_90.png,1,VALID,0.95996094,0.58984375,-2.0878906,0.30365676,LCC-FASD external-dev / cross-domain stress set,True
FT720P_MBP1314_IPHONE8F_id0_s0_120.png,1,VALID,0.55078125,0.7285156,-1.7978516,-0.2546481,LCC-FASD external-dev / cross-domain stress set,True
FT720P_MBP1314_IPHONE8F_id0_s0_135.png,1,VALID,0.10168457,1.1445312,-1.5683594,-1.1070833,LCC-FASD external-dev / cross-domain stress set,False
FT720P_MBP1314_IPHONE8F_id0_s0_150.png,1,VALID,0.28637695,0.91015625,-1.5869141,-0.7028916,LCC-FASD external-dev / cross-domain stress set,False
FT720P_MBP1314_IPHONE8F_id0_s1_15.png,1,VALID,3.4550781,-2.1464844,-2.3359375,4.998662,LCC-FASD external-dev / cross-domain stress set,True
FT720P_MBP1314_IPHONE8F_id0_s1_30.png,1,VALID,3.1425781,-1.8251953,-2.1953125,4.4426584,LCC-FASD external-dev / cross-domain stress set,True
FT720P_MBP1314_IPHONE8F_id0_s1_45.png,1,VALID,3.3984375,-1.9746094,-2.4394531,4.8855515,LCC-FASD external-dev / cross-domain stress set,True
FT720P_MBP1314_IPHONE8F_id0_s1_60.png,1,VALID,3.6230469,-2.1035156,-2.5136719,5.217611,LCC-FASD external-dev / cross-domain stress set,True
FT720P_MBP1314_IPHONE8F_id0_s1_75.png,1,VALID,3.59375,-2.1523438,-2.4355469,5.184556,LCC-FASD external-dev / cross-domain stress set,True
FT720P_MBP1314_IPHONE8F_id0_s1_90.png,1,VALID,3.1914062,-1.6806641,-2.3710938,4.4656982,LCC-FASD external-dev / cross-domain stress set,True
FT720P_MBP1314_IPHONE8F_id0_s1_105.png,1,VALID,4.1015625,-2.2109375,-2.875,5.8972454,LCC-FASD external-dev / cross-domain stress set,True
FT720P_MBP1314_IPHONE8F_id0_s1_120.png,1,VALID,3.5488281,-1.9912109,-2.5625,5.0922832,LCC-FASD external-dev / cross-domain stress set,True
FT720P_MBP1314_IPHONE8F_id0_s1_135.png,1,VALID,3.40625,-1.9335938,-2.4414062,4.868709,LCC-FASD external-dev / cross-domain stress set,True
FT720P_MBP1314_IPHONE8F_id0_s1_150.png,1,VALID,3.5957031,-2.1582031,-2.4804688,5.208966,LCC-FASD external-dev / cross-domain stress set,True
FT720P_MBP1314_IPHONE8F_id0_s2_15.png,1,VALID,-1.2871094,2.4667969,-0.7294922,-3.7940052,LCC-FASD external-dev / cross-domain stress set,False
FT720P_MBP1314_IPHONE8F_id0_s2_30.png,1,VALID,-0.4272461,1.5517578,-0.9711914,-2.056171,LCC-FASD external-dev / cross-domain stress set,False
FT720P_MBP1314_IPHONE8F_id0_s2_45.png,1,VALID,-0.94384766,2.1289062,-0.96875,-3.116919,LCC-FASD external-dev / cross-domain stress set,False
FT720P_MBP1314_IPHONE8F_id0_s2_60.png,1,VALID,-0.35229492,1.7919922,-1.3076172,-2.1883678,LCC-FASD external-dev / cross-domain stress set,False
FT720P_MBP1314_IPHONE8F_id0_s2_75.png,1,VALID,-0.2915039,1.3710938,-1.1513672,-1.739801,LCC-FASD external-dev / cross-domain stress set,False
FT720P_MBP1314_IPHONE8F_id0_s2_90.png,1,VALID,-0.0635376,1.5839844,-1.5429688,-1.690439,LCC-FASD external-dev / cross-domain stress set,False
FT720P_MBP1314_IPHONE8F_id0_s2_105.png,1,VALID,-0.048187256,1.4921875,-1.5263672,-1.5880898,LCC-FASD external-dev / cross-domain stress set,False
FT720P_MBP1314_IPHONE8F_id0_s2_120.png,1,VALID,-0.06201172,1.4189453,-1.4189453,-1.5378562,LCC-FASD external-dev / cross-domain stress set,False
FT720P_MBP1314_IPHONE8F_id0_s2_135.png,1,VALID,-0.09631348,1.3828125,-1.4160156,-1.538226,LCC-FASD external-dev / cross-domain stress set,False
FT720P_MBP1314_IPHONE8F_id0_s2_150.png,1,VALID,-0.125,1.453125,-1.3505859,-1.6369455,LCC-FASD external-dev / cross-domain stress set,False
FT720P_MBP1314_IPHONE8F_id0_s3_16.png,1,VALID,-0.64941406,1.9414062,-0.62841797,-2.6645808,LCC-FASD external-dev / cross-domain stress set,False
FT720P_MBP1314_IPHONE8F_id0_s3_31.png,1,VALID,1.0869141,0.1583252,-1.2509766,0.7100046,LCC-FASD external-dev / cross-domain stress set,True
FT720P_MBP1314_IPHONE8F_id0_s3_46.png,1,VALID,1.8203125,-0.20983887,-1.765625,1.8386855,LCC-FASD external-dev / cross-domain stress set,True
FT720P_MBP1314_IPHONE8F_id0_s3_61.png,1,VALID,1.2509766,-0.11633301,-1.0898438,1.0468546,LCC-FASD external-dev / cross-domain stress set,True
FT720P_MBP1314_IPHONE8F_id0_s3_76.png,1,VALID,0.65234375,0.8076172,-1.1728516,-0.28454977,LCC-FASD external-dev / cross-domain stress set,True
FT720P_MBP1314_IPHONE8F_id0_s3_91.png,1,VALID,0.7607422,0.51171875,-1.0625,0.06074524,LCC-FASD external-dev / cross-domain stress set,True
FT720P_MBP1314_IPHONE8F_id0_s3_106.png,1,VALID,0.7285156,0.5048828,-0.98828125,0.020969033,LCC-FASD external-dev / cross-domain stress set,True
FT720P_MBP1314_IPHONE8F_id0_s3_121.png,1,VALID,0.6425781,0.4025879,-0.79296875,-0.02432251,LCC-FASD external-dev / cross-domain stress set,True
FT720P_MBP1314_IPHONE8F_id0_s3_136.png,1,VALID,1.3574219,0.08093262,-1.4853516,1.0868449,LCC-FASD external-dev / cross-domain stress set,True
FT720P_MBP1314_IPHONE8F_id0_s3_151.png,1,VALID,1.3486328,-0.056152344,-1.3359375,1.1594129,LCC-FASD external-dev / cross-domain stress set,True
FT720P_MBP1314_IPHONE8F_id12_s0_15.png,1,VALID,0.78027344,0.08331299,-1.1503906,0.44137907,LCC-FASD external-dev / cross-domain stress set,True
FT720P_MBP1314_IPHONE8F_id12_s0_30.png,1,VALID,1.1845703,-0.10821533,-1.421875,1.054687,LCC-FASD external-dev / cross-domain stress set,True
FT720P_MBP1314_IPHONE8F_id12_s0_45.png,1,VALID,1.4619141,-0.14294434,-1.6669922,1.4077891,LCC-FASD external-dev / cross-domain stress set,True
FT720P_MBP1314_IPHONE8F_id12_s0_60.png,1,VALID,1.8408203,-0.52783203,-1.7792969,2.1170492,LCC-FASD external-dev / cross-domain stress set,True
FT720P_MBP1314_IPHONE8F_id12_s0_75.png,1,VALID,1.171875,-0.22998047,-1.3183594,1.1116052,LCC-FASD external-dev / cross-domain stress set,True
FT720P_MBP1314_IPHONE8F_id12_s0_90.png,1,VALID,1.5175781,-0.39746094,-1.6113281,1.6549494,LCC-FASD external-dev / cross-domain stress set,True
FT720P_MBP1314_IPHONE8F_id12_s0_105.png,1,VALID,1.7890625,-0.37841797,-1.7978516,1.9508774,LCC-FASD external-dev / cross-domain stress set,True
FT720P_MBP1314_IPHONE8F_id12_s0_120.png,1,VALID,1.9462891,-0.6435547,-1.8007812,2.3164964,LCC-FASD external-dev / cross-domain stress set,True
FT720P_MBP1314_IPHONE8F_id12_s0_135.png,1,VALID,1.3408203,-0.20336914,-1.5253906,1.3078566,LCC-FASD external-dev / cross-domain stress set,True
FT720P_MBP1314_IPHONE8F_id12_s0_150.png,1,VALID,2.2773438,-0.8066406,-2.1308594,2.8481135,LCC-FASD external-dev / cross-domain stress set,True
FT720P_MBP1314_IPHONE8F_id12_s1_105.png,1,VALID,2.1484375,0.07861328,-2.5742188,2.0017438,LCC-FASD external-dev / cross-domain stress set,True
FT720P_MBP1314_IPHONE8F_id12_s1_120.png,1,VALID,1.5546875,0.296875,-2.0683594,1.1680382,LCC-FASD external-dev / cross-domain stress set,True
FT720P_MBP1314_IPHONE8F_id12_s1_135.png,1,VALID,2.7988281,-0.30273438,-2.9785156,3.0349765,LCC-FASD external-dev / cross-domain stress set,True
FT720P_MBP1314_IPHONE7F_id5_s0_15.png,1,VALID,2.796875,-0.9868164,-2.6816406,3.6151042,LCC-FASD external-dev / cross-domain stress set,True
FT720P_MBP1314_IPHONE7F_id5_s0_30.png,1,VALID,4.0273438,-2.1796875,-3.1152344,5.8760233,LCC-FASD external-dev / cross-domain stress set,True
FT720P_MBP1314_IPHONE7F_id5_s0_45.png,1,VALID,3.109375,-1.4785156,-2.5996094,4.305782,LCC-FASD external-dev / cross-domain stress set,True
FT720P_MBP1314_IPHONE7F_id5_s0_60.png,1,VALID,3.7226562,-1.9697266,-2.9414062,5.3714256,LCC-FASD external-dev / cross-domain stress set,True
FT720P_MBP1314_IPHONE7F_id5_s0_75.png,1,VALID,3.3339844,-1.7099609,-2.6445312,4.7126617,LCC-FASD external-dev / cross-domain stress set,True
FT720P_MBP1314_IPHONE7F_id5_s0_90.png,1,VALID,3.6816406,-1.7714844,-2.9785156,5.191466,LCC-FASD external-dev / cross-domain stress set,True
FT720P_MBP1314_IPHONE7F_id5_s0_105.png,1,VALID,3.0234375,-1.3994141,-2.5898438,4.157346,LCC-FASD external-dev / cross-domain stress set,True
FT720P_MBP1314_IPHONE7F_id5_s0_120.png,1,VALID,3.2246094,-1.5117188,-2.6855469,4.4669266,LCC-FASD external-dev / cross-domain stress set,True
FT720P_MBP1314_IPHONE7F_id5_s0_135.png,1,VALID,3.2773438,-1.6044922,-2.7480469,4.6052017,LCC-FASD external-dev / cross-domain stress set,True
FT720P_MBP1314_IPHONE7F_id5_s0_150.png,1,VALID,3.3496094,-1.6015625,-2.7578125,4.677591,LCC-FASD external-dev / cross-domain stress set,True
FT720P_MBP1314_IPHONE7F_id5_s1_15.png,1,VALID,0.70996094,1.0107422,-2.0703125,-0.3456694,LCC-FASD external-dev / cross-domain stress set,False
FT720P_MBP1314_IPHONE7F_id5_s1_30.png,1,VALID,0.30249023,1.3671875,-1.8173828,-1.1052594,LCC-FASD external-dev / cross-domain stress set,False
FT720P_MBP1314_IPHONE7F_id5_s1_45.png,1,VALID,0.5961914,1.1220703,-2.0097656,-0.56859124,LCC-FASD external-dev / cross-domain stress set,False
FT720P_MBP1314_IPHONE7F_id5_s1_60.png,1,VALID,0.55810547,1.2451172,-2.0332031,-0.7240102,LCC-FASD external-dev / cross-domain stress set,False
FT720P_MBP1314_IPHONE7F_id5_s1_75.png,1,VALID,0.49438477,1.2509766,-1.9794922,-0.79536915,LCC-FASD external-dev / cross-domain stress set,False
FT720P_MBP1314_IPHONE7F_id5_s1_90.png,1,VALID,0.75146484,0.890625,-2.0527344,-0.19050753,LCC-FASD external-dev / cross-domain stress set,True
FT720P_MBP1314_IPHONE7F_id5_s1_105.png,1,VALID,0.8105469,1.0605469,-2.1660156,-0.28892612,LCC-FASD external-dev / cross-domain stress set,True
FT720P_MBP1314_IPHONE7F_id5_s1_120.png,1,VALID,0.21960449,1.3798828,-1.7998047,-1.201035,LCC-FASD external-dev / cross-domain stress set,False
FT720P_MBP1314_IPHONE7F_id5_s1_135.png,1,VALID,0.5136719,1.1201172,-1.8310547,-0.657403,LCC-FASD external-dev / cross-domain stress set,False
FT720P_MBP1314_IPHONE7F_id9_s0_15.png,1,VALID,1.2109375,1.0332031,-2.4472656,0.14740598,LCC-FASD external-dev / cross-domain stress set,True
FT720P_MBP1314_IPHONE7F_id9_s0_30.png,1,VALID,1.1708984,1.1035156,-2.5097656,0.04077673,LCC-FASD external-dev / cross-domain stress set,True
FT720P_MBP1314_IPHONE7F_id9_s0_45.png,1,VALID,1.2177734,1.0722656,-2.5175781,0.11827922,LCC-FASD external-dev / cross-domain stress set,True
FT720P_MBP1314_IPHONE7F_id9_s0_60.png,1,VALID,0.84814453,1.3398438,-2.359375,-0.51614094,LCC-FASD external-dev / cross-domain stress set,False
FT720P_MBP1314_IPHONE7F_id9_s0_75.png,1,VALID,0.9550781,1.296875,-2.4335938,-0.36549544,LCC-FASD external-dev / cross-domain stress set,False
FT720P_MBP1314_IPHONE7F_id9_s0_90.png,1,VALID,1.2734375,1.0185547,-2.5097656,0.2259512,LCC-FASD external-dev / cross-domain stress set,True
FT720P_MBP1314_IPHONE7F_id9_s0_105.png,1,VALID,1.0976562,1.1826172,-2.453125,-0.11098373,LCC-FASD external-dev / cross-domain stress set,True
FT720P_MBP1314_IPHONE7F_id9_s0_120.png,1,VALID,0.94433594,1.1650391,-2.3027344,-0.2514131,LCC-FASD external-dev / cross-domain stress set,True
FT720P_MBP1314_IPHONE7F_id9_s0_135.png,1,VALID,1.0146484,1.1640625,-2.3515625,-0.17870998,LCC-FASD external-dev / cross-domain stress set,True
FT720P_MBP1314_IPHONE7F_id9_s0_150.png,1,VALID,1.0175781,1.1191406,-2.3183594,-0.1332016,LCC-FASD external-dev / cross-domain stress set,True
FT720P_MBP1314_IPHONE7F_id12_s1_15.png,1,VALID,0.11920166,1.1132812,-1.1259766,-1.0953155,LCC-FASD external-dev / cross-domain stress set,False
FT720P_MBP1314_IPHONE7F_id12_s1_30.png,1,VALID,0.3876953,1.0205078,-1.4101562,-0.71713376,LCC-FASD external-dev / cross-domain stress set,False
FT720P_MBP1314_IPHONE7F_id12_s1_45.png,1,VALID,0.21838379,1.2441406,-1.3691406,-1.096489,LCC-FASD external-dev / cross-domain stress set,False
FT720P_MBP1314_IPHONE7F_id12_s1_60.png,1,VALID,1.1933594,0.41845703,-1.7607422,0.66772455,LCC-FASD external-dev / cross-domain stress set,True
FT720P_MBP1314_IPHONE7F_id12_s1_75.png,1,VALID,2.3066406,-0.04550171,-2.7519531,2.287504,LCC-FASD external-dev / cross-domain stress set,True
FT720P_MBP1314_IPHONE7F_id12_s1_90.png,1,VALID,2.03125,0.4428711,-2.8027344,1.5501732,LCC-FASD external-dev / cross-domain stress set,True
FT720P_MBP1314_IPHONE7F_id12_s1_105.png,1,VALID,1.5136719,0.18066406,-1.9716797,1.2230675,LCC-FASD external-dev / cross-domain stress set,True
FT720P_MBP1314_IPHONE7F_id12_s1_120.png,1,VALID,0.4831543,1.1611328,-1.5556641,-0.74197257,LCC-FASD external-dev / cross-domain stress set,False
FT720P_MBP1314_IPHONE7F_id12_s1_135.png,1,VALID,0.9448242,0.9116211,-1.859375,-0.027515292,LCC-FASD external-dev / cross-domain stress set,True
FT720P_MBP1314_IPHONE7F_id12_s1_150.png,1,VALID,-0.36279297,1.4003906,-0.8989258,-1.8587914,LCC-FASD external-dev / cross-domain stress set,False
FT720P_MBP1314_IPHONE7F_id12_s2_15.png,1,VALID,0.5058594,0.74560547,-1.2099609,-0.3720755,LCC-FASD external-dev / cross-domain stress set,False
FT720P_MBP1314_IPHONE7F_id12_s2_30.png,1,VALID,0.34960938,0.9633789,-1.2822266,-0.714396,LCC-FASD external-dev / cross-domain stress set,False
FT720P_MBP1314_IPHONE7F_id12_s2_45.png,1,VALID,0.5986328,0.6982422,-1.4072266,-0.21453375,LCC-FASD external-dev / cross-domain stress set,True
FT720P_MBP1314_IPHONE7F_id12_s2_60.png,1,VALID,0.38208008,0.8540039,-1.3271484,-0.57890326,LCC-FASD external-dev / cross-domain stress set,False
FT720P_MBP1314_IPHONE7F_id12_s2_75.png,1,VALID,0.66552734,0.69140625,-1.5283203,-0.12901181,LCC-FASD external-dev / cross-domain stress set,True
FT720P_MBP1314_IPHONE7F_id12_s2_90.png,1,VALID,0.16333008,0.9428711,-1.1591797,-0.8948369,LCC-FASD external-dev / cross-domain stress set,False
FT720P_MBP1314_IPHONE7F_id12_s2_105.png,1,VALID,1.3916016,0.5102539,-2.25,0.81999326,LCC-FASD external-dev / cross-domain stress set,True
FT720P_MBP1314_IPHONE7F_id12_s2_120.png,1,VALID,0.6269531,0.49609375,-1.1806641,-0.0405522,LCC-FASD external-dev / cross-domain stress set,True
FT720P_MBP1314_IPHONE7F_id12_s2_135.png,1,VALID,0.72021484,0.55615234,-1.4394531,0.03660959,LCC-FASD external-dev / cross-domain stress set,True
FT720P_MBP1314_IPHONE7F_id12_s2_150.png,1,VALID,0.60791016,0.77001953,-1.4882812,-0.26152742,LCC-FASD external-dev / cross-domain stress set,True
FT720P_MBP1314_IPHONE8F_id0_s0_105.png,1,VALID,0.34545898,0.96484375,-1.6972656,-0.6868572,LCC-FASD external-dev / cross-domain stress set,False
FT720P_MBP1314_IPHONE7F_id0_s0_15.png,1,VALID,0.42797852,0.6958008,-1.5195312,-0.3713867,LCC-FASD external-dev / cross-domain stress set,False
FT720P_MBP1314_IPHONE7F_id0_s0_30.png,1,VALID,0.3881836,0.56689453,-1.5068359,-0.29713017,LCC-FASD external-dev / cross-domain stress set,True
FT720P_MBP1314_IPHONE7F_id0_s0_45.png,1,VALID,0.8022461,0.55810547,-1.9833984,0.16833961,LCC-FASD external-dev / cross-domain stress set,True
FT720P_MBP1314_IPHONE7F_id0_s0_60.png,1,VALID,0.98828125,0.5083008,-2.1660156,0.41329986,LCC-FASD external-dev / cross-domain stress set,True
FT720P_MBP1314_IPHONE7F_id0_s0_75.png,1,VALID,0.7783203,0.5859375,-1.9755859,0.11802971,LCC-FASD external-dev / cross-domain stress set,True
FT720P_MBP1314_IPHONE7F_id0_s0_90.png,1,VALID,1.1171875,0.39086914,-2.2109375,0.6547985,LCC-FASD external-dev / cross-domain stress set,True
FT720P_MBP1314_IPHONE7F_id0_s0_120.png,1,VALID,0.85009766,0.5449219,-2.0214844,0.23117185,LCC-FASD external-dev / cross-domain stress set,True
FT720P_MBP1314_IPHONE7F_id0_s0_135.png,1,VALID,1.0078125,0.40185547,-2.0957031,0.5268819,LCC-FASD external-dev / cross-domain stress set,True
FT720P_MBP1314_IPHONE7F_id0_s0_150.png,1,VALID,0.8129883,0.35327148,-1.8105469,0.35096502,LCC-FASD external-dev / cross-domain stress set,True
FT720P_MBP1314_IPHONE7F_id0_s1_15.png,1,VALID,3.1679688,-1.9990234,-2.1816406,4.560991,LCC-FASD external-dev / cross-domain stress set,True
FT720P_MBP1314_IPHONE7F_id0_s1_30.png,1,VALID,3.3320312,-2.0390625,-2.3046875,4.801965,LCC-FASD external-dev / cross-domain stress set,True
FT720P_MBP1314_IPHONE7F_id0_s1_45.png,1,VALID,3.4433594,-2.1914062,-2.21875,4.955197,LCC-FASD external-dev / cross-domain stress set,True
FT720P_MBP1314_IPHONE7F_id0_s1_60.png,1,VALID,3.5839844,-2.1699219,-2.5117188,5.217125,LCC-FASD external-dev / cross-domain stress set,True
FT720P_MBP1314_IPHONE7F_id0_s1_75.png,1,VALID,3.9101562,-2.3789062,-2.7011719,5.744122,LCC-FASD external-dev / cross-domain stress set,True
FT720P_MBP1314_IPHONE7F_id0_s1_90.png,1,VALID,3.9414062,-2.4277344,-2.6679688,5.7889137,LCC-FASD external-dev / cross-domain stress set,True
FT720P_MBP1314_IPHONE7F_id0_s1_105.png,1,VALID,3.8203125,-2.3398438,-2.6640625,5.616036,LCC-FASD external-dev / cross-domain stress set,True
FT720P_MBP1314_IPHONE7F_id0_s1_120.png,1,VALID,3.78125,-2.3789062,-2.5722656,5.5590224,LCC-FASD external-dev / cross-domain stress set,True
FT720P_MBP1314_IPHONE7F_id0_s1_135.png,1,VALID,3.8300781,-2.3027344,-2.5273438,5.545677,LCC-FASD external-dev / cross-domain stress set,True
FT720P_MBP1314_IPHONE7F_id0_s1_150.png,1,VALID,3.5117188,-2.1367188,-2.4882812,5.1157007,LCC-FASD external-dev / cross-domain stress set,True
FT720P_MBP1314_IPHONE7F_id0_s2_15.png,1,VALID,-0.94677734,2.0117188,-0.8564453,-3.0137446,LCC-FASD external-dev / cross-domain stress set,False
FT720P_MBP1314_IPHONE7F_id0_s2_30.png,1,VALID,-0.17797852,1.2460938,-1.1054688,-1.5150278,LCC-FASD external-dev / cross-domain stress set,False
FT720P_MBP1314_IPHONE7F_id0_s2_45.png,1,VALID,-0.1953125,1.2744141,-1.0976562,-1.5589156,LCC-FASD external-dev / cross-domain stress set,False
FT720P_MBP1314_IPHONE7F_id0_s2_60.png,1,VALID,-0.1899414,1.4882812,-1.3193359,-1.7368205,LCC-FASD external-dev / cross-domain stress set,False
FT720P_MBP1314_IPHONE7F_id0_s2_75.png,1,VALID,-0.34570312,1.4042969,-1.1279297,-1.8264811,LCC-FASD external-dev / cross-domain stress set,False
FT720P_MBP1314_IPHONE7F_id0_s2_90.png,1,VALID,-0.052368164,0.98583984,-1.1777344,-1.146985,LCC-FASD external-dev / cross-domain stress set,False
FT720P_MBP1314_IPHONE7F_id0_s2_105.png,1,VALID,-0.25585938,1.1484375,-0.98828125,-1.5158753,LCC-FASD external-dev / cross-domain stress set,False
FT720P_MBP1314_IPHONE7F_id0_s2_120.png,1,VALID,-0.092285156,1.1337891,-1.2587891,-1.3135297,LCC-FASD external-dev / cross-domain stress set,False
FT720P_MBP1314_IPHONE7F_id0_s2_135.png,1,VALID,-0.008979797,0.7602539,-1.0029297,-0.92751706,LCC-FASD external-dev / cross-domain stress set,False
FT720P_MBP1314_IPHONE7F_id0_s2_150.png,1,VALID,-0.13378906,1.0439453,-0.90478516,-1.3109137,LCC-FASD external-dev / cross-domain stress set,False
FT720P_MBP1314_IPHONE7F_id0_s3_15.png,1,VALID,-0.04699707,1.3457031,-0.8330078,-1.4999275,LCC-FASD external-dev / cross-domain stress set,False
FT720P_MBP1314_IPHONE7F_id0_s3_30.png,1,VALID,0.5805664,0.60498047,-1.0234375,-0.20359719,LCC-FASD external-dev / cross-domain stress set,True
FT720P_MBP1314_IPHONE7F_id0_s3_45.png,1,VALID,1.0654297,0.15673828,-1.2070312,0.68100214,LCC-FASD external-dev / cross-domain stress set,True
FT720P_MBP1314_IPHONE7F_id0_s3_60.png,1,VALID,0.5957031,0.11608887,-0.56591797,0.070421934,LCC-FASD external-dev / cross-domain stress set,True
FT720P_MBP1314_IPHONE7F_id0_s3_75.png,1,VALID,0.51416016,0.64501953,-0.984375,-0.3098824,LCC-FASD external-dev / cross-domain stress set,False
FT720P_MBP1314_IPHONE7F_id0_s3_90.png,1,VALID,0.21081543,0.7558594,-0.75,-0.7453909,LCC-FASD external-dev / cross-domain stress set,False
FT720P_MBP1314_IPHONE7F_id0_s3_105.png,1,VALID,0.49780273,0.04397583,-0.40307617,-0.040570855,LCC-FASD external-dev / cross-domain stress set,True
FT720P_MBP1314_IPHONE7F_id0_s3_120.png,1,VALID,1.1376953,-0.31591797,-0.7373047,0.94912595,LCC-FASD external-dev / cross-domain stress set,True
FT720P_MBP1314_IPHONE7F_id0_s3_135.png,1,VALID,1.4833984,-0.43896484,-1.2041016,1.5403235,LCC-FASD external-dev / cross-domain stress set,True
FT720P_MBP1314_IPHONE7F_id0_s3_150.png,1,VALID,1.1162109,-0.19506836,-1.0693359,0.9626192,LCC-FASD external-dev / cross-domain stress set,True
FT720P_MBP1314_IPHONE7F_id12_s0_15.png,1,VALID,-0.4567871,1.65625,-1.0126953,-2.1800652,LCC-FASD external-dev / cross-domain stress set,False
FT720P_MBP1314_IPHONE7F_id12_s0_30.png,1,VALID,0.17919922,0.9760742,-1.2304688,-0.90130746,LCC-FASD external-dev / cross-domain stress set,False
FT720P_MBP1314_IPHONE7F_id12_s0_45.png,1,VALID,0.16235352,1.0576172,-1.2832031,-0.9871577,LCC-FASD external-dev / cross-domain stress set,False
FT720P_MBP1314_IPHONE7F_id12_s0_60.png,1,VALID,0.40429688,0.6635742,-1.3144531,-0.3888501,LCC-FASD external-dev / cross-domain stress set,False
FT720P_MBP1314_IPHONE7F_id12_s0_75.png,1,VALID,0.3088379,0.74902344,-1.1835938,-0.57538825,LCC-FASD external-dev / cross-domain stress set,False
FT720P_MBP1314_IPHONE7F_id12_s0_90.png,1,VALID,0.29516602,0.72558594,-1.1904297,-0.56773734,LCC-FASD external-dev / cross-domain stress set,False
FT720P_MBP1314_IPHONE7F_id12_s0_105.png,1,VALID,0.3815918,1.1621094,-1.4833984,-0.84908175,LCC-FASD external-dev / cross-domain stress set,False
FT720P_MBP1314_IPHONE7F_id12_s0_120.png,1,VALID,0.42041016,0.8383789,-1.3154297,-0.52775675,LCC-FASD external-dev / cross-domain stress set,False
FT720P_MBP1314_IPHONE7F_id12_s0_135.png,1,VALID,0.46166992,0.82421875,-1.3652344,-0.4686892,LCC-FASD external-dev / cross-domain stress set,False
FT720P_MBP1314_IPHONE7F_id12_s0_150.png,1,VALID,1.4052734,0.21276855,-1.9404297,1.0826535,LCC-FASD external-dev / cross-domain stress set,True
FT720P_MBP1314_IPHONE7B_id5_s0_15.png,1,VALID,4.3007812,-3.0078125,-2.84375,6.5300546,LCC-FASD external-dev / cross-domain stress set,True
FT720P_MBP1314_IPHONE7B_id5_s0_30.png,1,VALID,4.0273438,-2.9277344,-2.5234375,6.0394883,LCC-FASD external-dev / cross-domain stress set,True
FT720P_MBP1314_IPHONE7B_id5_s0_45.png,1,VALID,4.1992188,-3.0566406,-2.6582031,6.3437796,LCC-FASD external-dev / cross-domain stress set,True
FT720P_MBP1314_IPHONE7B_id5_s0_60.png,1,VALID,4.0429688,-2.8105469,-2.6933594,6.100059,LCC-FASD external-dev / cross-domain stress set,True
FT720P_MBP1314_IPHONE7B_id5_s0_75.png,1,VALID,3.984375,-2.703125,-2.6738281,5.979597,LCC-FASD external-dev / cross-domain stress set,True
FT720P_MBP1314_IPHONE7B_id5_s0_90.png,1,VALID,4.2773438,-3.0214844,-2.7578125,6.4651794,LCC-FASD external-dev / cross-domain stress set,True
FT720P_MBP1314_IPHONE7B_id5_s0_105.png,1,VALID,4.5039062,-3.1523438,-2.9042969,6.831408,LCC-FASD external-dev / cross-domain stress set,True
FT720P_MBP1314_IPHONE7B_id5_s0_120.png,1,VALID,3.9316406,-2.7988281,-2.5019531,5.8779078,LCC-FASD external-dev / cross-domain stress set,True
FT720P_MBP1314_IPHONE7B_id5_s0_135.png,1,VALID,3.8710938,-2.6816406,-2.6054688,5.820776,LCC-FASD external-dev / cross-domain stress set,True
FT720P_MBP1314_IPHONE7B_id5_s0_150.png,1,VALID,3.8574219,-2.7949219,-2.4121094,5.749583,LCC-FASD external-dev / cross-domain stress set,True
FT720P_MBP1314_IPHONE7B_id9_s0_15.png,1,VALID,3.0644531,-0.8720703,-3.1347656,3.8375206,LCC-FASD external-dev / cross-domain stress set,True
FT720P_MBP1314_IPHONE7B_id9_s0_30.png,1,VALID,2.953125,-0.7817383,-3.0644531,3.6377304,LCC-FASD external-dev / cross-domain stress set,True
FT720P_MBP1314_IPHONE7B_id9_s0_45.png,1,VALID,3.5820312,-0.96191406,-3.5859375,4.473943,LCC-FASD external-dev / cross-domain stress set,True
FT720P_MBP1314_IPHONE7B_id9_s0_60.png,1,VALID,3.2207031,-0.9711914,-3.2148438,4.091081,LCC-FASD external-dev / cross-domain stress set,True
FT720P_MBP1314_IPHONE7B_id9_s0_75.png,1,VALID,2.9160156,-0.48754883,-3.2285156,3.3410518,LCC-FASD external-dev / cross-domain stress set,True
FT720P_MBP1314_IPHONE7B_id9_s0_90.png,1,VALID,2.9433594,-0.61816406,-3.2246094,3.490323,LCC-FASD external-dev / cross-domain stress set,True
FT720P_MBP1314_IPHONE7B_id9_s0_105.png,1,VALID,3.2675781,-0.82666016,-3.4042969,4.0210314,LCC-FASD external-dev / cross-domain stress set,True
FT720P_MBP1314_IPHONE7B_id9_s0_120.png,1,VALID,3.484375,-0.8691406,-3.6210938,4.291665,LCC-FASD external-dev / cross-domain stress set,True
FT720P_MBP1314_IPHONE7B_id9_s0_135.png,1,VALID,2.890625,-0.50146484,-3.1542969,3.3240094,LCC-FASD external-dev / cross-domain stress set,True
FT720P_MBP1314_IPHONE7B_id9_s0_150.png,1,VALID,3.3125,-0.84228516,-3.4003906,4.080187,LCC-FASD external-dev / cross-domain stress set,True
FT720P_MBP1314_IPHONE7B_id12_s0_15.png,1,VALID,4.9453125,-3.875,-2.6796875,7.3606305,LCC-FASD external-dev / cross-domain stress set,True
FT720P_MBP1314_IPHONE7B_id12_s0_30.png,1,VALID,7.0859375,-5.2773438,-4.0859375,10.906597,LCC-FASD external-dev / cross-domain stress set,True
FT720P_MBP1314_IPHONE7B_id12_s0_45.png,1,VALID,7.0195312,-5.4648438,-3.8496094,10.687782,LCC-FASD external-dev / cross-domain stress set,True
FT720P_MBP1314_IPHONE7B_id12_s0_60.png,1,VALID,6.7265625,-4.7851562,-4.09375,10.414267,LCC-FASD external-dev / cross-domain stress set,True
FT720P_MBP1314_IPHONE7B_id12_s0_75.png,1,VALID,7.0898438,-5.453125,-3.9667969,10.852719,LCC-FASD external-dev / cross-domain stress set,True
FT720P_MBP1314_IPHONE7B_id12_s0_90.png,1,VALID,6.9101562,-5.0429688,-4.0273438,10.628416,LCC-FASD external-dev / cross-domain stress set,True
FT720P_MBP1314_IPHONE7B_id12_s0_150.png,1,VALID,7.6875,-5.1640625,-4.7851562,11.951122,LCC-FASD external-dev / cross-domain stress set,True
FT720P_MBP1314_IPHONE7B_id12_s1_15.png,1,VALID,5.0,-3.8144531,-2.7871094,7.4811287,LCC-FASD external-dev / cross-domain stress set,True
FT720P_MBP1314_IPHONE7B_id12_s1_30.png,1,VALID,6.265625,-4.8007812,-3.421875,9.462874,LCC-FASD external-dev / cross-domain stress set,True
FT720P_MBP1314_IPHONE7B_id12_s1_45.png,1,VALID,6.5273438,-4.8671875,-3.6640625,9.928846,LCC-FASD external-dev / cross-domain stress set,True
FT720P_MBP1314_IPHONE7B_id12_s1_60.png,1,VALID,7.3789062,-5.5273438,-4.0976562,11.261949,LCC-FASD external-dev / cross-domain stress set,True
FT720P_MBP1314_IPHONE7B_id12_s1_75.png,1,VALID,10.5234375,-7.546875,-5.890625,16.239391,LCC-FASD external-dev / cross-domain stress set,True
FT720P_MBP1314_IPHONE7B_id12_s1_90.png,1,VALID,10.1875,-7.1875,-5.8398438,15.796352,LCC-FASD external-dev / cross-domain stress set,True
FT720P_MBP1314_IPHONE7B_id12_s1_105.png,1,VALID,8.796875,-6.3671875,-5.0507812,13.610139,LCC-FASD external-dev / cross-domain stress set,True
FT720P_MBP1314_IPHONE7B_id12_s1_120.png,1,VALID,7.5429688,-5.2070312,-4.46875,11.621073,LCC-FASD external-dev / cross-domain stress set,True
FT720P_MBP1314_IPHONE7B_id12_s1_135.png,1,VALID,7.8984375,-5.5585938,-4.5976562,12.172176,LCC-FASD external-dev / cross-domain stress set,True
FT720P_MBP1314_IPHONE7B_id12_s1_150.png,1,VALID,5.7070312,-4.2851562,-3.2128906,8.625587,LCC-FASD external-dev / cross-domain stress set,True
FT720P_MBP1314_IPHONE7B_id12_s2_15.png,1,VALID,3.0097656,-2.9414062,-1.0605469,3.9284146,LCC-FASD external-dev / cross-domain stress set,True
FT720P_MBP1314_IPHONE7B_id12_s2_30.png,1,VALID,6.6992188,-5.3242188,-3.3984375,9.961586,LCC-FASD external-dev / cross-domain stress set,True
FT720P_MBP1314_IPHONE7B_id12_s2_45.png,1,VALID,6.2421875,-4.5351562,-3.5605469,9.48258,LCC-FASD external-dev / cross-domain stress set,True
FT720P_MBP1314_IPHONE7B_id12_s2_60.png,1,VALID,6.609375,-5.1132812,-3.5957031,10.006848,LCC-FASD external-dev / cross-domain stress set,True
FT720P_MBP1314_IPHONE7B_id12_s2_75.png,1,VALID,7.046875,-5.2929688,-4.0039062,10.807421,LCC-FASD external-dev / cross-domain stress set,True
FT720P_MBP1314_IPHONE7B_id12_s2_90.png,1,VALID,6.7109375,-4.9648438,-3.84375,10.272579,LCC-FASD external-dev / cross-domain stress set,True
FT720P_MBP1314_IPHONE7B_id12_s2_105.png,1,VALID,6.8398438,-4.9921875,-3.8789062,10.434715,LCC-FASD external-dev / cross-domain stress set,True
FT720P_MBP1314_IPHONE7B_id12_s2_120.png,1,VALID,6.6367188,-5.3515625,-3.3984375,9.902524,LCC-FASD external-dev / cross-domain stress set,True
FT720P_MBP1314_IPHONE7B_id12_s2_135.png,1,VALID,6.9375,-5.34375,-3.8417969,10.578239,LCC-FASD external-dev / cross-domain stress set,True
FT720P_MBP1314_IPHONE7B_id12_s2_150.png,1,VALID,6.4570312,-4.7617188,-3.703125,9.862318,LCC-FASD external-dev / cross-domain stress set,True
FT720P_MBP1314_IPHONE7F_id0_s0_105.png,1,VALID,1.2001953,0.32470703,-2.2089844,0.79911494,LCC-FASD external-dev / cross-domain stress set,True
FT720P_MBP1314_IPHONE6SF_id9_s0_15.png,1,VALID,-0.4260254,2.6308594,-1.7685547,-3.0690944,LCC-FASD external-dev / cross-domain stress set,False
FT720P_MBP1314_IPHONE6SF_id9_s0_30.png,1,VALID,-0.083984375,2.375,-1.8955078,-2.4728622,LCC-FASD external-dev / cross-domain stress set,False
FT720P_MBP1314_IPHONE6SF_id9_s0_45.png,1,VALID,-0.1796875,2.4433594,-1.8945312,-2.6360264,LCC-FASD external-dev / cross-domain stress set,False
FT720P_MBP1314_IPHONE6SF_id9_s0_60.png,1,VALID,-0.2680664,2.4804688,-1.8378906,-2.761769,LCC-FASD external-dev / cross-domain stress set,False
FT720P_MBP1314_IPHONE6SF_id9_s0_75.png,1,VALID,0.04840088,2.2714844,-2.0058594,-2.2368677,LCC-FASD external-dev / cross-domain stress set,False
FT720P_MBP1314_IPHONE6SF_id9_s0_90.png,1,VALID,-0.07885742,2.4511719,-1.9824219,-2.541831,LCC-FASD external-dev / cross-domain stress set,False
FT720P_MBP1314_IPHONE6SF_id9_s0_150.png,1,VALID,0.111450195,2.5625,-2.3125,-2.4586558,LCC-FASD external-dev / cross-domain stress set,False
FT720P_MBP1314_IPHONE7B_id0_s0_15.png,1,VALID,0.68310547,0.3774414,-1.6162109,0.17797726,LCC-FASD external-dev / cross-domain stress set,True
FT720P_MBP1314_IPHONE7B_id0_s0_30.png,1,VALID,1.0136719,0.36328125,-2.0527344,0.56487674,LCC-FASD external-dev / cross-domain stress set,True
FT720P_MBP1314_IPHONE7B_id0_s0_45.png,1,VALID,0.76123047,0.45483398,-1.7734375,0.20409769,LCC-FASD external-dev / cross-domain stress set,True
FT720P_MBP1314_IPHONE7B_id0_s0_60.png,1,VALID,1.2402344,0.09820557,-2.0566406,1.0323488,LCC-FASD external-dev / cross-domain stress set,True
FT720P_MBP1314_IPHONE7B_id0_s0_75.png,1,VALID,0.84814453,0.3425293,-1.8261719,0.3973655,LCC-FASD external-dev / cross-domain stress set,True
FT720P_MBP1314_IPHONE7B_id0_s0_90.png,1,VALID,1.5947266,-0.071777344,-2.3359375,1.5676389,LCC-FASD external-dev / cross-domain stress set,True
FT720P_MBP1314_IPHONE7B_id0_s0_105.png,1,VALID,0.63183594,0.38989258,-1.6005859,0.11387557,LCC-FASD external-dev / cross-domain stress set,True
FT720P_MBP1314_IPHONE7B_id0_s0_120.png,1,VALID,0.80859375,0.48535156,-1.9589844,0.2400195,LCC-FASD external-dev / cross-domain stress set,True
FT720P_MBP1314_IPHONE7B_id0_s0_135.png,1,VALID,0.84472656,0.12420654,-1.6943359,0.5701518,LCC-FASD external-dev / cross-domain stress set,True
FT720P_MBP1314_IPHONE7B_id0_s0_150.png,1,VALID,0.92285156,0.015327454,-1.6708984,0.737598,LCC-FASD external-dev / cross-domain stress set,True
FT720P_MBP1314_IPHONE7B_id0_s1_15.png,1,VALID,3.2402344,-2.3007812,-1.8935547,4.6236677,LCC-FASD external-dev / cross-domain stress set,True
FT720P_MBP1314_IPHONE7B_id0_s1_30.png,1,VALID,3.1953125,-2.1132812,-1.9912109,4.55255,LCC-FASD external-dev / cross-domain stress set,True
FT720P_MBP1314_IPHONE7B_id0_s1_45.png,1,VALID,3.5859375,-2.3515625,-2.296875,5.216635,LCC-FASD external-dev / cross-domain stress set,True
FT720P_MBP1314_IPHONE7B_id0_s1_60.png,1,VALID,3.4042969,-2.2851562,-2.1464844,4.924568,LCC-FASD external-dev / cross-domain stress set,True
FT720P_MBP1314_IPHONE7B_id0_s1_75.png,1,VALID,3.6347656,-2.4082031,-2.3203125,5.3049107,LCC-FASD external-dev / cross-domain stress set,True
FT720P_MBP1314_IPHONE7B_id0_s1_90.png,1,VALID,3.7519531,-2.4277344,-2.4570312,5.5010815,LCC-FASD external-dev / cross-domain stress set,True
FT720P_MBP1314_IPHONE7B_id0_s1_105.png,1,VALID,3.6621094,-2.4042969,-2.3242188,5.3324184,LCC-FASD external-dev / cross-domain stress set,True
FT720P_MBP1314_IPHONE7B_id0_s1_120.png,1,VALID,3.7167969,-2.3242188,-2.5058594,5.4345703,LCC-FASD external-dev / cross-domain stress set,True
FT720P_MBP1314_IPHONE7B_id0_s1_135.png,1,VALID,3.7558594,-2.4316406,-2.4335938,5.495329,LCC-FASD external-dev / cross-domain stress set,True
FT720P_MBP1314_IPHONE7B_id0_s1_150.png,1,VALID,3.5761719,-2.4042969,-2.2441406,5.2040405,LCC-FASD external-dev / cross-domain stress set,True
FT720P_MBP1314_IPHONE7B_id0_s2_15.png,1,VALID,0.7495117,0.68652344,-1.7539062,-0.020546854,LCC-FASD external-dev / cross-domain stress set,True
FT720P_MBP1314_IPHONE7B_id0_s2_30.png,1,VALID,1.3242188,0.040100098,-1.9326172,1.1538992,LCC-FASD external-dev / cross-domain stress set,True
FT720P_MBP1314_IPHONE7B_id0_s2_45.png,1,VALID,1.4091797,-0.14794922,-1.9716797,1.4074833,LCC-FASD external-dev / cross-domain stress set,True
FT720P_MBP1314_IPHONE7B_id0_s2_60.png,1,VALID,1.4746094,0.001253128,-2.2441406,1.3727095,LCC-FASD external-dev / cross-domain stress set,True
FT720P_MBP1314_IPHONE7B_id0_s2_75.png,1,VALID,1.0332031,0.070251465,-1.6689453,0.80112076,LCC-FASD external-dev / cross-domain stress set,True
FT720P_MBP1314_IPHONE7B_id0_s2_90.png,1,VALID,0.86865234,-0.005191803,-1.4833984,0.6684196,LCC-FASD external-dev / cross-domain stress set,True
FT720P_MBP1314_IPHONE7B_id0_s2_105.png,1,VALID,0.50341797,0.3720703,-1.4267578,-0.021796346,LCC-FASD external-dev / cross-domain stress set,True
FT720P_MBP1314_IPHONE7B_id0_s2_120.png,1,VALID,1.0292969,0.103515625,-1.7617188,0.7818022,LCC-FASD external-dev / cross-domain stress set,True
FT720P_MBP1314_IPHONE7B_id0_s2_135.png,1,VALID,1.0419922,0.20373535,-1.8671875,0.71952367,LCC-FASD external-dev / cross-domain stress set,True
FT720P_MBP1314_IPHONE7B_id0_s2_150.png,1,VALID,0.7475586,0.11804199,-1.3173828,0.41600794,LCC-FASD external-dev / cross-domain stress set,True
FT720P_MBP1314_IPHONE7B_id0_s3_15.png,1,VALID,0.13842773,0.95654297,-0.78808594,-0.97913635,LCC-FASD external-dev / cross-domain stress set,False
FT720P_MBP1314_IPHONE7B_id0_s3_30.png,1,VALID,0.83691406,0.16271973,-0.9863281,0.39888468,LCC-FASD external-dev / cross-domain stress set,True
FT720P_MBP1314_IPHONE7B_id0_s3_45.png,1,VALID,1.2207031,-0.29052734,-1.0507812,1.1276377,LCC-FASD external-dev / cross-domain stress set,True
FT720P_MBP1314_IPHONE7B_id0_s3_60.png,1,VALID,0.32836914,0.61865234,-0.8383789,-0.49967396,LCC-FASD external-dev / cross-domain stress set,False
FT720P_MBP1314_IPHONE7B_id0_s3_75.png,1,VALID,0.7006836,0.3544922,-0.9423828,0.10451281,LCC-FASD external-dev / cross-domain stress set,True
FT720P_MBP1314_IPHONE7B_id0_s3_90.png,1,VALID,0.17285156,0.6801758,-0.6074219,-0.75100183,LCC-FASD external-dev / cross-domain stress set,False
FT720P_MBP1314_IPHONE7B_id0_s3_105.png,1,VALID,1.0244141,-0.40649414,-0.58740234,0.8241297,LCC-FASD external-dev / cross-domain stress set,True
FT720P_MBP1314_IPHONE7B_id0_s3_120.png,1,VALID,0.7885742,-0.11810303,-0.6088867,0.42911074,LCC-FASD external-dev / cross-domain stress set,True
FT720P_MBP1314_IPHONE7B_id0_s3_135.png,1,VALID,1.6552734,-0.5136719,-1.3603516,1.8120849,LCC-FASD external-dev / cross-domain stress set,True
FT720P_MBP1314_IPHONE7B_id0_s3_150.png,1,VALID,1.2998047,-0.38867188,-1.0996094,1.2889065,LCC-FASD external-dev / cross-domain stress set,True
FT720P_MBP1314_IPHONE7B_id12_s0_105.png,1,VALID,6.6640625,-4.734375,-3.9648438,10.24826,LCC-FASD external-dev / cross-domain stress set,True
FT720P_MBP1314_IPHONE7B_id12_s0_120.png,1,VALID,7.3984375,-5.2734375,-4.3671875,11.426273,LCC-FASD external-dev / cross-domain stress set,True
FT720P_MBP1314_IPHONE7B_id12_s0_135.png,1,VALID,5.5703125,-3.9960938,-3.4042969,8.534207,LCC-FASD external-dev / cross-domain stress set,True
FT720P_MBP1314_IPHONE6SF_id0_s2_30.png,1,VALID,-1.4697266,3.0117188,-0.9169922,-4.500923,LCC-FASD external-dev / cross-domain stress set,False
FT720P_MBP1314_IPHONE6SF_id0_s2_45.png,1,VALID,-0.67333984,2.3359375,-1.3027344,-3.035225,LCC-FASD external-dev / cross-domain stress set,False
FT720P_MBP1314_IPHONE6SF_id0_s2_60.png,1,VALID,-0.7241211,2.6035156,-1.515625,-3.3437645,LCC-FASD external-dev / cross-domain stress set,False
FT720P_MBP1314_IPHONE6SF_id0_s2_75.png,1,VALID,-0.87890625,2.4648438,-1.2353516,-3.368168,LCC-FASD external-dev / cross-domain stress set,False
FT720P_MBP1314_IPHONE6SF_id0_s2_90.png,1,VALID,-0.6616211,2.40625,-1.4521484,-3.0887532,LCC-FASD external-dev / cross-domain stress set,False
FT720P_MBP1314_IPHONE6SF_id0_s3_54.png,1,VALID,-0.89453125,1.8525391,-0.33032227,-2.8538766,LCC-FASD external-dev / cross-domain stress set,False
FT720P_MBP1314_IPHONE6SF_id0_s3_81.png,1,VALID,-0.47998047,1.5742188,-0.6035156,-2.161526,LCC-FASD external-dev / cross-domain stress set,False
FT720P_MBP1314_IPHONE6SF_id0_s3_98.png,1,VALID,-0.4111328,1.1962891,-0.24572754,-1.8196666,LCC-FASD external-dev / cross-domain stress set,False
FT720P_MBP1314_IPHONE6SF_id0_s3_114.png,1,VALID,-0.11450195,1.1787109,-0.52978516,-1.4596913,LCC-FASD external-dev / cross-domain stress set,False
FT720P_MBP1314_IPHONE6SF_id0_s3_129.png,1,VALID,-0.6064453,1.7734375,-0.67285156,-2.4629498,LCC-FASD external-dev / cross-domain stress set,False
FT720P_MBP1314_IPHONE6SF_id0_s3_144.png,1,VALID,0.36450195,1.1142578,-1.1494141,-0.8486669,LCC-FASD external-dev / cross-domain stress set,False
FT720P_MBP1314_IPHONE6SF_id0_s3_159.png,1,VALID,0.29589844,1.1367188,-1.0888672,-0.9433806,LCC-FASD external-dev / cross-domain stress set,False
FT720P_MBP1314_IPHONE6SF_id0_s3_174.png,1,VALID,0.2265625,0.9711914,-0.8491211,-0.8947501,LCC-FASD external-dev / cross-domain stress set,False
FT720P_MBP1314_IPHONE6SF_id5_s0_15.png,1,VALID,1.265625,0.4428711,-2.1191406,0.7484358,LCC-FASD external-dev / cross-domain stress set,True
FT720P_MBP1314_IPHONE6SF_id5_s0_30.png,1,VALID,1.0078125,0.4465332,-1.7675781,0.4575947,LCC-FASD external-dev / cross-domain stress set,True
FT720P_MBP1314_IPHONE6SF_id5_s0_45.png,1,VALID,2.3867188,-0.7607422,-2.3457031,2.961018,LCC-FASD external-dev / cross-domain stress set,True
FT720P_MBP1314_IPHONE6SF_id5_s0_60.png,1,VALID,2.1621094,-0.68652344,-2.171875,2.6445312,LCC-FASD external-dev / cross-domain stress set,True
FT720P_MBP1314_IPHONE6SF_id5_s0_75.png,1,VALID,1.9658203,-0.4621582,-2.1132812,2.252485,LCC-FASD external-dev / cross-domain stress set,True
FT720P_MBP1314_IPHONE6SF_id5_s0_90.png,1,VALID,1.4023438,0.1451416,-1.9667969,1.1429782,LCC-FASD external-dev / cross-domain stress set,True
FT720P_MBP1314_IPHONE6SF_id5_s0_105.png,1,VALID,1.9560547,-0.38891602,-2.1171875,2.1814997,LCC-FASD external-dev / cross-domain stress set,True
FT720P_MBP1314_IPHONE6SF_id5_s0_120.png,1,VALID,1.6748047,-0.18823242,-2.03125,1.7160501,LCC-FASD external-dev / cross-domain stress set,True
FT720P_MBP1314_IPHONE6SF_id5_s0_135.png,1,VALID,1.6630859,-0.08117676,-2.0976562,1.6192849,LCC-FASD external-dev / cross-domain stress set,True
FT720P_MBP1314_IPHONE6SF_id5_s0_150.png,1,VALID,1.8720703,-0.2919922,-2.1523438,2.0194273,LCC-FASD external-dev / cross-domain stress set,True
FT720P_MBP1314_IPHONE6SF_id9_s0_105.png,1,VALID,-0.076538086,2.6738281,-2.1601562,-2.7582893,LCC-FASD external-dev / cross-domain stress set,False
FT720P_MBP1314_IPHONE6SF_id9_s0_120.png,1,VALID,0.16003418,2.1152344,-1.9726562,-1.9718356,LCC-FASD external-dev / cross-domain stress set,False
FT720P_MBP1314_IPHONE6SF_id9_s0_135.png,1,VALID,0.2322998,2.2226562,-2.1054688,-2.0034626,LCC-FASD external-dev / cross-domain stress set,False
FT720P_MBP1314_IPHONE6SF_id12_s0_15.png,1,VALID,-0.46142578,2.1054688,-1.3740234,-2.5972521,LCC-FASD external-dev / cross-domain stress set,False
FT720P_MBP1314_IPHONE6SF_id12_s0_30.png,1,VALID,-0.24914551,1.8105469,-1.3095703,-2.1028976,LCC-FASD external-dev / cross-domain stress set,False
FT720P_MBP1314_IPHONE6SF_id12_s0_45.png,1,VALID,-0.5292969,1.9658203,-1.0908203,-2.5410895,LCC-FASD external-dev / cross-domain stress set,False
FT720P_MBP1314_IPHONE6SF_id12_s0_60.png,1,VALID,-0.7817383,2.2832031,-1.1855469,-3.0956218,LCC-FASD external-dev / cross-domain stress set,False
FT720P_MBP1314_IPHONE6SF_id12_s0_75.png,1,VALID,-0.59033203,2.03125,-1.1279297,-2.6631658,LCC-FASD external-dev / cross-domain stress set,False
FT720P_MBP1314_IPHONE6SF_id12_s0_90.png,1,VALID,-0.7729492,2.2285156,-1.078125,-3.0374486,LCC-FASD external-dev / cross-domain stress set,False
FT720P_MBP1314_IPHONE6SF_id12_s0_105.png,1,VALID,-0.7138672,2.2949219,-1.2363281,-3.0376372,LCC-FASD external-dev / cross-domain stress set,False
FT720P_MBP1314_IPHONE6SF_id12_s0_120.png,1,VALID,-0.70996094,2.1386719,-1.0673828,-2.8883498,LCC-FASD external-dev / cross-domain stress set,False
FT720P_MBP1314_IPHONE6SF_id12_s0_135.png,1,VALID,-0.92871094,2.34375,-1.0214844,-3.3064313,LCC-FASD external-dev / cross-domain stress set,False
FT720P_MBP1314_IPHONE6SF_id12_s0_150.png,1,VALID,-0.8198242,2.3964844,-1.2265625,-3.2426596,LCC-FASD external-dev / cross-domain stress set,False
FT720P_MBP1314_IPHONE6SF_id12_s1_15.png,1,VALID,-1.4082031,2.6660156,-0.6748047,-4.1090145,LCC-FASD external-dev / cross-domain stress set,False
FT720P_MBP1314_IPHONE6SF_id12_s1_30.png,1,VALID,-0.7890625,1.9248047,-0.78027344,-2.7785916,LCC-FASD external-dev / cross-domain stress set,False
FT720P_MBP1314_IPHONE6SF_id12_s1_45.png,1,VALID,-1.5537109,2.4296875,-0.35083008,-4.043558,LCC-FASD external-dev / cross-domain stress set,False
FT720P_MBP1314_IPHONE6SF_id12_s1_60.png,1,VALID,-0.7138672,1.7353516,-0.7602539,-2.5284426,LCC-FASD external-dev / cross-domain stress set,False
FT720P_MBP1314_IPHONE6SF_id12_s1_75.png,1,VALID,0.7651367,0.9838867,-1.7519531,-0.281574,LCC-FASD external-dev / cross-domain stress set,True
FT720P_MBP1314_IPHONE6SF_id12_s1_90.png,1,VALID,0.70654297,1.0332031,-1.7158203,-0.38868654,LCC-FASD external-dev / cross-domain stress set,False
FT720P_MBP1314_IPHONE6SF_id12_s1_105.png,1,VALID,-0.59814453,1.5703125,-0.7753906,-2.2599235,LCC-FASD external-dev / cross-domain stress set,False
FT720P_MBP1314_IPHONE6SF_id12_s1_120.png,1,VALID,-1.0644531,2.1386719,-0.6230469,-3.2643924,LCC-FASD external-dev / cross-domain stress set,False
FT720P_MBP1314_IPHONE6SF_id12_s1_135.png,1,VALID,-0.44702148,1.9746094,-1.2197266,-2.4618065,LCC-FASD external-dev / cross-domain stress set,False
FT720P_MBP1314_IPHONE6SF_id12_s1_150.png,1,VALID,-1.7470703,2.46875,-0.20446777,-4.282572,LCC-FASD external-dev / cross-domain stress set,False
FT720P_MBP1314_IPHONE6SF_id12_s2_15.png,1,VALID,-0.5136719,2.265625,-1.2402344,-2.808876,LCC-FASD external-dev / cross-domain stress set,False
FT720P_MBP1314_IPHONE6SF_id12_s2_30.png,1,VALID,-0.46264648,2.0957031,-1.1474609,-2.596647,LCC-FASD external-dev / cross-domain stress set,False
FT720P_MBP1314_IPHONE6SF_id12_s2_45.png,1,VALID,-0.029708862,1.7773438,-1.4414062,-1.8462782,LCC-FASD external-dev / cross-domain stress set,False
FT720P_MBP1314_IPHONE6SF_id12_s2_60.png,1,VALID,-0.359375,1.8398438,-1.1796875,-2.2468884,LCC-FASD external-dev / cross-domain stress set,False
FT720P_MBP1314_IPHONE6SF_id12_s2_75.png,1,VALID,-0.41601562,2.0566406,-1.2587891,-2.5083308,LCC-FASD external-dev / cross-domain stress set,False
FT720P_MBP1314_IPHONE6SF_id12_s2_90.png,1,VALID,-0.5566406,2.1582031,-1.1669922,-2.7501776,LCC-FASD external-dev / cross-domain stress set,False
FT720P_MBP1314_IPHONE6SF_id12_s2_105.png,1,VALID,-0.66748047,2.25,-1.1357422,-2.9507725,LCC-FASD external-dev / cross-domain stress set,False
FT720P_MBP1314_IPHONE6SF_id12_s2_120.png,1,VALID,-0.6665039,1.9287109,-0.828125,-2.656773,LCC-FASD external-dev / cross-domain stress set,False
FT720P_MBP1314_IPHONE6SF_id12_s2_135.png,1,VALID,-0.33251953,1.8730469,-1.1689453,-2.2522016,LCC-FASD external-dev / cross-domain stress set,False
FT720P_MBP1314_IPHONE6SF_id12_s2_150.png,1,VALID,-0.51660156,2.125,-1.1943359,-2.6771393,LCC-FASD external-dev / cross-domain stress set,False
FT720P_MBP1314_IPHONE6F_id5_s0_15.png,1,VALID,2.2617188,-0.20385742,-2.578125,2.3765743,LCC-FASD external-dev / cross-domain stress set,True
FT720P_MBP1314_IPHONE6F_id5_s0_30.png,1,VALID,2.3398438,-0.46557617,-2.4941406,2.6818542,LCC-FASD external-dev / cross-domain stress set,True
FT720P_MBP1314_IPHONE6F_id5_s0_45.png,1,VALID,1.4472656,0.18896484,-2.0292969,1.1550242,LCC-FASD external-dev / cross-domain stress set,True
FT720P_MBP1314_IPHONE6F_id5_s0_60.png,1,VALID,2.2773438,-0.39990234,-2.4726562,2.5587177,LCC-FASD external-dev / cross-domain stress set,True
FT720P_MBP1314_IPHONE6F_id5_s0_75.png,1,VALID,1.9121094,-0.20996094,-2.2753906,2.0027206,LCC-FASD external-dev / cross-domain stress set,True
FT720P_MBP1314_IPHONE6F_id5_s0_90.png,1,VALID,1.5869141,-0.11846924,-1.953125,1.5572492,LCC-FASD external-dev / cross-domain stress set,True
FT720P_MBP1314_IPHONE6F_id5_s0_105.png,1,VALID,1.6171875,-0.17932129,-1.9306641,1.6364833,LCC-FASD external-dev / cross-domain stress set,True
FT720P_MBP1314_IPHONE6F_id5_s0_120.png,1,VALID,1.6982422,0.06591797,-2.2109375,1.5346475,LCC-FASD external-dev / cross-domain stress set,True
FT720P_MBP1314_IPHONE6F_id5_s0_135.png,1,VALID,1.7099609,-0.2331543,-2.03125,1.7898673,LCC-FASD external-dev / cross-domain stress set,True
FT720P_MBP1314_IPHONE6F_id5_s0_150.png,1,VALID,1.4238281,0.16699219,-1.9765625,1.145977,LCC-FASD external-dev / cross-domain stress set,True
FT720P_MBP1314_IPHONE6F_id9_s0_15.png,1,VALID,0.11230469,2.1542969,-1.9863281,-2.0577798,LCC-FASD external-dev / cross-domain stress set,False
FT720P_MBP1314_IPHONE6F_id9_s0_30.png,1,VALID,0.5209961,1.7148438,-2.0878906,-1.2159121,LCC-FASD external-dev / cross-domain stress set,False
FT720P_MBP1314_IPHONE6F_id9_s0_45.png,1,VALID,0.5805664,1.9150391,-2.3515625,-1.3484045,LCC-FASD external-dev / cross-domain stress set,False
FT720P_MBP1314_IPHONE6F_id9_s0_60.png,1,VALID,0.3684082,2.1367188,-2.25,-1.7806754,LCC-FASD external-dev / cross-domain stress set,False
FT720P_MBP1314_IPHONE6F_id9_s0_75.png,1,VALID,0.9975586,1.3447266,-2.3066406,-0.37279248,LCC-FASD external-dev / cross-domain stress set,False
FT720P_MBP1314_IPHONE6F_id9_s0_90.png,1,VALID,0.9707031,1.2871094,-2.1054688,-0.34947526,LCC-FASD external-dev / cross-domain stress set,False
FT720P_MBP1314_IPHONE6F_id9_s0_105.png,1,VALID,0.8881836,1.3691406,-2.2207031,-0.5081856,LCC-FASD external-dev / cross-domain stress set,False
FT720P_MBP1314_IPHONE6F_id9_s0_120.png,1,VALID,0.8359375,1.640625,-2.3613281,-0.8228023,LCC-FASD external-dev / cross-domain stress set,False
FT720P_MBP1314_IPHONE6F_id9_s0_135.png,1,VALID,0.7548828,1.6914062,-2.3007812,-0.95481443,LCC-FASD external-dev / cross-domain stress set,False
FT720P_MBP1314_IPHONE6F_id9_s0_150.png,1,VALID,0.5151367,1.8369141,-2.2089844,-1.33912,LCC-FASD external-dev / cross-domain stress set,False
FT720P_MBP1314_IPHONE6F_id12_s2_15.png,1,VALID,-0.78515625,1.9208984,-0.7192383,-2.7749758,LCC-FASD external-dev / cross-domain stress set,False
FT720P_MBP1314_IPHONE6F_id12_s2_30.png,1,VALID,-0.65234375,1.7939453,-0.78027344,-2.5197377,LCC-FASD external-dev / cross-domain stress set,False
FT720P_MBP1314_IPHONE6F_id12_s2_45.png,1,VALID,-0.2364502,1.7587891,-1.2324219,-2.0442452,LCC-FASD external-dev / cross-domain stress set,False
FT720P_MBP1314_IPHONE6F_id12_s2_60.png,1,VALID,-0.73583984,1.9619141,-0.82910156,-2.757304,LCC-FASD external-dev / cross-domain stress set,False
FT720P_MBP1314_IPHONE6F_id12_s2_75.png,1,VALID,-0.3869629,1.8378906,-1.1318359,-2.2748976,LCC-FASD external-dev / cross-domain stress set,False
FT720P_MBP1314_IPHONE6F_id12_s2_90.png,1,VALID,-0.62060547,1.8720703,-0.9248047,-2.551888,LCC-FASD external-dev / cross-domain stress set,False
FT720P_MBP1314_IPHONE6F_id12_s2_120.png,1,VALID,-0.8408203,1.7568359,-0.53125,-2.6942933,LCC-FASD external-dev / cross-domain stress set,False
FT720P_MBP1314_IPHONE6F_id12_s2_135.png,1,VALID,0.10229492,1.3076172,-1.2695312,-1.2785639,LCC-FASD external-dev / cross-domain stress set,False
FT720P_MBP1314_IPHONE6F_id12_s2_150.png,1,VALID,-0.296875,1.7167969,-1.1298828,-2.070087,LCC-FASD external-dev / cross-domain stress set,False
FT720P_MBP1314_IPHONE6SF_id0_s0_15.png,1,VALID,0.8833008,0.61621094,-2.0390625,0.19916993,LCC-FASD external-dev / cross-domain stress set,True
FT720P_MBP1314_IPHONE6SF_id0_s0_30.png,1,VALID,0.75146484,0.62158203,-1.9560547,0.05667579,LCC-FASD external-dev / cross-domain stress set,True
FT720P_MBP1314_IPHONE6SF_id0_s0_45.png,1,VALID,1.1367188,0.35327148,-2.1289062,0.7031944,LCC-FASD external-dev / cross-domain stress set,True
FT720P_MBP1314_IPHONE6SF_id0_s0_60.png,1,VALID,0.9350586,0.54589844,-2.0703125,0.31862783,LCC-FASD external-dev / cross-domain stress set,True
FT720P_MBP1314_IPHONE6SF_id0_s0_75.png,1,VALID,0.91015625,0.44433594,-1.9541016,0.37885416,LCC-FASD external-dev / cross-domain stress set,True
FT720P_MBP1314_IPHONE6SF_id0_s0_90.png,1,VALID,0.8261719,0.45043945,-1.8447266,0.27974546,LCC-FASD external-dev / cross-domain stress set,True
FT720P_MBP1314_IPHONE6SF_id0_s0_105.png,1,VALID,0.4597168,0.6928711,-1.6162109,-0.32787555,LCC-FASD external-dev / cross-domain stress set,False
FT720P_MBP1314_IPHONE6SF_id0_s0_120.png,1,VALID,0.46264648,0.6635742,-1.6884766,-0.29184085,LCC-FASD external-dev / cross-domain stress set,True
FT720P_MBP1314_IPHONE6SF_id0_s0_135.png,1,VALID,0.8330078,0.32861328,-1.8261719,0.39470813,LCC-FASD external-dev / cross-domain stress set,True
FT720P_MBP1314_IPHONE6SF_id0_s0_150.png,1,VALID,1.2998047,0.12646484,-2.1757812,1.0779989,LCC-FASD external-dev / cross-domain stress set,True
FT720P_MBP1314_IPHONE6SF_id0_s1_15.png,1,VALID,3.28125,-2.03125,-2.2441406,4.7201433,LCC-FASD external-dev / cross-domain stress set,True
FT720P_MBP1314_IPHONE6SF_id0_s1_30.png,1,VALID,3.171875,-2.0410156,-2.1171875,4.557104,LCC-FASD external-dev / cross-domain stress set,True
FT720P_MBP1314_IPHONE6SF_id0_s1_45.png,1,VALID,3.5898438,-2.2382812,-2.4746094,5.2461767,LCC-FASD external-dev / cross-domain stress set,True
FT720P_MBP1314_IPHONE6SF_id0_s1_60.png,1,VALID,3.0332031,-1.7929688,-2.1914062,4.3125296,LCC-FASD external-dev / cross-domain stress set,True
FT720P_MBP1314_IPHONE6SF_id0_s1_75.png,1,VALID,3.6699219,-2.1972656,-2.4082031,5.2739573,LCC-FASD external-dev / cross-domain stress set,True
FT720P_MBP1314_IPHONE6SF_id0_s1_90.png,1,VALID,3.4902344,-1.9726562,-2.3925781,4.957823,LCC-FASD external-dev / cross-domain stress set,True
FT720P_MBP1314_IPHONE6SF_id0_s1_105.png,1,VALID,3.5820312,-2.2304688,-2.4707031,5.232273,LCC-FASD external-dev / cross-domain stress set,True
FT720P_MBP1314_IPHONE6SF_id0_s1_120.png,1,VALID,3.3496094,-2.0898438,-2.3515625,4.8686275,LCC-FASD external-dev / cross-domain stress set,True
FT720P_MBP1314_IPHONE6SF_id0_s1_135.png,1,VALID,3.3671875,-2.1445312,-2.2988281,4.892747,LCC-FASD external-dev / cross-domain stress set,True
FT720P_MBP1314_IPHONE6SF_id0_s1_150.png,1,VALID,3.140625,-1.9902344,-2.203125,4.5385027,LCC-FASD external-dev / cross-domain stress set,True
FT720P_MBP1314_IPHONE6SF_id0_s2_15.png,1,VALID,-1.7001953,3.0449219,-0.7207031,-4.7680063,LCC-FASD external-dev / cross-domain stress set,False
FT720P_MBP1314_IPHONE6SF_id0_s2_105.png,1,VALID,-0.40527344,2.3613281,-1.6474609,-2.784594,LCC-FASD external-dev / cross-domain stress set,False
FT720P_MBP1314_IPHONE6SF_id0_s2_120.png,1,VALID,-0.39672852,2.3261719,-1.6181641,-2.7420795,LCC-FASD external-dev / cross-domain stress set,False
FT720P_MBP1314_IPHONE6SF_id0_s2_135.png,1,VALID,-0.9428711,2.5214844,-1.1777344,-3.4887972,LCC-FASD external-dev / cross-domain stress set,False
FT720P_MBP1314_IPHONE6SF_id0_s2_150.png,1,VALID,-0.34326172,2.2011719,-1.6621094,-2.565215,LCC-FASD external-dev / cross-domain stress set,False
FT720P_MBP1314_IPHONE6F_id0_s0_30.png,1,VALID,0.3515625,0.7441406,-1.6416016,-0.48060787,LCC-FASD external-dev / cross-domain stress set,False
FT720P_MBP1314_IPHONE6F_id0_s0_45.png,1,VALID,0.9609375,0.20214844,-1.9169922,0.64533997,LCC-FASD external-dev / cross-domain stress set,True
FT720P_MBP1314_IPHONE6F_id0_s0_60.png,1,VALID,1.1816406,0.0015687943,-1.9990234,1.0532144,LCC-FASD external-dev / cross-domain stress set,True
FT720P_MBP1314_IPHONE6F_id0_s0_75.png,1,VALID,1.2314453,0.07373047,-2.0761719,1.0475202,LCC-FASD external-dev / cross-domain stress set,True
FT720P_MBP1314_IPHONE6F_id0_s0_90.png,1,VALID,1.2783203,-0.09625244,-2.0390625,1.2406534,LCC-FASD external-dev / cross-domain stress set,True
FT720P_MBP1314_IPHONE6F_id0_s0_150.png,1,VALID,1.0742188,-0.088378906,-1.8447266,1.0033107,LCC-FASD external-dev / cross-domain stress set,True
FT720P_MBP1314_IPHONE6F_id0_s1_15.png,1,VALID,3.609375,-2.4238281,-2.3886719,5.3223233,LCC-FASD external-dev / cross-domain stress set,True
FT720P_MBP1314_IPHONE6F_id0_s1_30.png,1,VALID,2.6113281,-1.6738281,-1.7763672,3.641965,LCC-FASD external-dev / cross-domain stress set,True
FT720P_MBP1314_IPHONE6F_id0_s1_45.png,1,VALID,2.7304688,-1.7675781,-1.7919922,3.8170323,LCC-FASD external-dev / cross-domain stress set,True
FT720P_MBP1314_IPHONE6F_id0_s1_60.png,1,VALID,2.8417969,-1.8125,-1.9160156,4.011569,LCC-FASD external-dev / cross-domain stress set,True
FT720P_MBP1314_IPHONE6F_id0_s1_75.png,1,VALID,2.6679688,-1.7333984,-1.7705078,3.7266026,LCC-FASD external-dev / cross-domain stress set,True
FT720P_MBP1314_IPHONE6F_id0_s1_90.png,1,VALID,2.9316406,-1.7949219,-2.0625,4.1582813,LCC-FASD external-dev / cross-domain stress set,True
FT720P_MBP1314_IPHONE6F_id0_s1_105.png,1,VALID,3.0039062,-1.9873047,-1.9580078,4.283308,LCC-FASD external-dev / cross-domain stress set,True
FT720P_MBP1314_IPHONE6F_id0_s1_120.png,1,VALID,2.7402344,-1.6552734,-1.9316406,3.831027,LCC-FASD external-dev / cross-domain stress set,True
FT720P_MBP1314_IPHONE6F_id0_s1_135.png,1,VALID,2.8652344,-1.8427734,-1.9189453,4.0522213,LCC-FASD external-dev / cross-domain stress set,True
FT720P_MBP1314_IPHONE6F_id0_s1_150.png,1,VALID,2.9882812,-1.8398438,-2.0195312,4.220791,LCC-FASD external-dev / cross-domain stress set,True
FT720P_MBP1314_IPHONE6F_id0_s2_15.png,1,VALID,-1.4560547,3.0,-1.0585938,-4.473181,LCC-FASD external-dev / cross-domain stress set,False
FT720P_MBP1314_IPHONE6F_id0_s2_30.png,1,VALID,-0.68847656,2.2089844,-1.2373047,-2.9288275,LCC-FASD external-dev / cross-domain stress set,False
FT720P_MBP1314_IPHONE6F_id0_s2_45.png,1,VALID,-0.76708984,2.296875,-1.2910156,-3.091246,LCC-FASD external-dev / cross-domain stress set,False
FT720P_MBP1314_IPHONE6F_id0_s2_60.png,1,VALID,-0.22363281,2.0625,-1.7021484,-2.3090441,LCC-FASD external-dev / cross-domain stress set,False
FT720P_MBP1314_IPHONE6F_id0_s2_75.png,1,VALID,-0.7939453,2.3984375,-1.3691406,-3.2152278,LCC-FASD external-dev / cross-domain stress set,False
FT720P_MBP1314_IPHONE6F_id0_s2_90.png,1,VALID,-0.8647461,2.4179688,-1.2998047,-3.3067126,LCC-FASD external-dev / cross-domain stress set,False
FT720P_MBP1314_IPHONE6F_id0_s2_105.png,1,VALID,-0.90722656,2.3847656,-1.2138672,-3.3189857,LCC-FASD external-dev / cross-domain stress set,False
FT720P_MBP1314_IPHONE6F_id0_s2_120.png,1,VALID,-0.32666016,1.9433594,-1.5068359,-2.3012657,LCC-FASD external-dev / cross-domain stress set,False
FT720P_MBP1314_IPHONE6F_id0_s2_135.png,1,VALID,-0.20739746,1.8339844,-1.5761719,-2.073884,LCC-FASD external-dev / cross-domain stress set,False
FT720P_MBP1314_IPHONE6F_id0_s2_150.png,1,VALID,-0.48706055,2.21875,-1.5458984,-2.7287219,LCC-FASD external-dev / cross-domain stress set,False
FT720P_MBP1314_IPHONE6F_id0_s3_15.png,1,VALID,-0.61083984,2.1855469,-0.88427734,-2.8417704,LCC-FASD external-dev / cross-domain stress set,False
FT720P_MBP1314_IPHONE6F_id0_s3_30.png,1,VALID,-0.42260742,1.5878906,-0.63623047,-2.1132011,LCC-FASD external-dev / cross-domain stress set,False
FT720P_MBP1314_IPHONE6F_id0_s3_45.png,1,VALID,0.29223633,0.875,-0.87646484,-0.74277115,LCC-FASD external-dev / cross-domain stress set,False
FT720P_MBP1314_IPHONE6F_id0_s3_60.png,1,VALID,-0.32592773,1.2695312,-0.58447266,-1.7409513,LCC-FASD external-dev / cross-domain stress set,False
FT720P_MBP1314_IPHONE6F_id0_s3_75.png,1,VALID,-0.08306885,0.80810547,-0.3474121,-1.1649308,LCC-FASD external-dev / cross-domain stress set,False
FT720P_MBP1314_IPHONE6F_id0_s3_90.png,1,VALID,-0.43408203,1.4765625,-0.66015625,-2.022223,LCC-FASD external-dev / cross-domain stress set,False
FT720P_MBP1314_IPHONE6F_id0_s3_105.png,1,VALID,0.46875,0.4724121,-0.64990234,-0.28547108,LCC-FASD external-dev / cross-domain stress set,True
FT720P_MBP1314_IPHONE6F_id0_s3_120.png,1,VALID,0.328125,0.39013672,-0.5,-0.4060266,LCC-FASD external-dev / cross-domain stress set,False
FT720P_MBP1314_IPHONE6F_id0_s3_135.png,1,VALID,0.97753906,0.20080566,-1.1865234,0.5537967,LCC-FASD external-dev / cross-domain stress set,True
FT720P_MBP1314_IPHONE6F_id0_s3_150.png,1,VALID,0.8046875,0.40063477,-1.1064453,0.20392734,LCC-FASD external-dev / cross-domain stress set,True
FT720P_MBP1314_IPHONE6F_id12_s0_15.png,1,VALID,-0.38085938,1.9755859,-1.390625,-2.390383,LCC-FASD external-dev / cross-domain stress set,False
FT720P_MBP1314_IPHONE6F_id12_s0_30.png,1,VALID,-0.52246094,1.9902344,-1.1757812,-2.5540016,LCC-FASD external-dev / cross-domain stress set,False
FT720P_MBP1314_IPHONE6F_id12_s0_45.png,1,VALID,-0.55908203,1.8623047,-1.0400391,-2.4748273,LCC-FASD external-dev / cross-domain stress set,False
FT720P_MBP1314_IPHONE6F_id12_s0_60.png,1,VALID,-0.6772461,2.0878906,-1.0556641,-2.8073618,LCC-FASD external-dev / cross-domain stress set,False
FT720P_MBP1314_IPHONE6F_id12_s0_75.png,1,VALID,-0.38354492,1.9433594,-1.2275391,-2.3680134,LCC-FASD external-dev / cross-domain stress set,False
FT720P_MBP1314_IPHONE6F_id12_s0_90.png,1,VALID,-0.9638672,2.1132812,-0.74560547,-3.1328976,LCC-FASD external-dev / cross-domain stress set,False
FT720P_MBP1314_IPHONE6F_id12_s0_105.png,1,VALID,-0.10784912,1.7119141,-1.2861328,-1.8684433,LCC-FASD external-dev / cross-domain stress set,False
FT720P_MBP1314_IPHONE6F_id12_s0_120.png,1,VALID,-0.92578125,1.9853516,-0.63183594,-2.9815986,LCC-FASD external-dev / cross-domain stress set,False
FT720P_MBP1314_IPHONE6F_id12_s0_135.png,1,VALID,-0.65527344,1.8291016,-0.8227539,-2.5525198,LCC-FASD external-dev / cross-domain stress set,False
FT720P_MBP1314_IPHONE6F_id12_s0_150.png,1,VALID,-0.070617676,1.5390625,-1.3125,-1.665828,LCC-FASD external-dev / cross-domain stress set,False
FT720P_MBP1314_IPHONE6F_id12_s1_15.png,1,VALID,-1.1289062,2.2089844,-0.61083984,-3.3957977,LCC-FASD external-dev / cross-domain stress set,False
FT720P_MBP1314_IPHONE6F_id12_s1_30.png,1,VALID,-0.9248047,2.0410156,-0.74609375,-3.0255966,LCC-FASD external-dev / cross-domain stress set,False
FT720P_MBP1314_IPHONE6F_id12_s1_45.png,1,VALID,-0.30029297,1.4726562,-0.95751953,-1.85731,LCC-FASD external-dev / cross-domain stress set,False
FT720P_MBP1314_IPHONE6F_id12_s1_60.png,1,VALID,0.12597656,0.9321289,-1.0400391,-0.93643904,LCC-FASD external-dev / cross-domain stress set,False
FT720P_MBP1314_IPHONE6F_id12_s1_75.png,1,VALID,2.3554688,-0.5517578,-2.2441406,2.7382603,LCC-FASD external-dev / cross-domain stress set,True
FT720P_MBP1314_IPHONE6F_id12_s1_90.png,1,VALID,0.57421875,1.2558594,-1.7412109,-0.7303672,LCC-FASD external-dev / cross-domain stress set,False
FT720P_MBP1314_IPHONE6F_id12_s1_105.png,1,VALID,-0.004272461,1.1816406,-1.0341797,-1.2894294,LCC-FASD external-dev / cross-domain stress set,False
FT720P_MBP1314_IPHONE6F_id12_s1_120.png,1,VALID,-0.3701172,1.3779297,-0.8466797,-1.8507024,LCC-FASD external-dev / cross-domain stress set,False
FT720P_MBP1314_IPHONE6F_id12_s1_135.png,1,VALID,0.54785156,0.72998047,-1.296875,-0.30589324,LCC-FASD external-dev / cross-domain stress set,False
FT720P_MBP1314_IPHONE6F_id12_s1_150.png,1,VALID,-1.6533203,2.4941406,-0.22436523,-4.2113495,LCC-FASD external-dev / cross-domain stress set,False
FT720P_MBP1314_IPHONE6F_id12_s2_105.png,1,VALID,0.2019043,1.65625,-1.6630859,-1.4898835,LCC-FASD external-dev / cross-domain stress set,False
FT720P_I2269VWM_DOOX30_id5_s0_30.png,1,VALID,0.8125,0.16601562,-1.2109375,0.42146558,LCC-FASD external-dev / cross-domain stress set,True
FT720P_I2269VWM_DOOX30_id5_s0_45.png,1,VALID,0.8823242,-0.28686523,-0.8857422,0.7313034,LCC-FASD external-dev / cross-domain stress set,True
FT720P_I2269VWM_DOOX30_id5_s0_60.png,1,VALID,0.93310547,-0.36499023,-0.91796875,0.84369195,LCC-FASD external-dev / cross-domain stress set,True
FT720P_I2269VWM_DOOX30_id5_s0_75.png,1,VALID,0.3334961,0.13989258,-0.69970703,-0.16538715,LCC-FASD external-dev / cross-domain stress set,True
FT720P_I2269VWM_DOOX30_id5_s0_90.png,1,VALID,0.45751953,0.23132324,-0.9121094,-0.05046761,LCC-FASD external-dev / cross-domain stress set,True
FT720P_I2269VWM_DOOX30_id9_s0_15.png,1,VALID,1.6289062,0.050872803,-2.3515625,1.4913996,LCC-FASD external-dev / cross-domain stress set,True
FT720P_I2269VWM_DOOX30_id9_s0_30.png,1,VALID,1.6240234,0.22143555,-2.3984375,1.3323046,LCC-FASD external-dev / cross-domain stress set,True
FT720P_I2269VWM_DOOX30_id9_s0_45.png,1,VALID,1.6552734,0.17297363,-2.4648438,1.4132242,LCC-FASD external-dev / cross-domain stress set,True
FT720P_I2269VWM_DOOX30_id9_s0_60.png,1,VALID,1.3066406,0.5263672,-2.3144531,0.72353613,LCC-FASD external-dev / cross-domain stress set,True
FT720P_I2269VWM_DOOX30_id9_s0_75.png,1,VALID,1.1972656,0.5185547,-2.1953125,0.614535,LCC-FASD external-dev / cross-domain stress set,True
FT720P_I2269VWM_DOOX30_id9_s0_90.png,1,VALID,1.6425781,0.28125,-2.4746094,1.2997116,LCC-FASD external-dev / cross-domain stress set,True
FT720P_I2269VWM_DOOX30_id9_s0_105.png,1,VALID,1.3632812,0.47631836,-2.3535156,0.8296164,LCC-FASD external-dev / cross-domain stress set,True
FT720P_I2269VWM_DOOX30_id9_s0_120.png,1,VALID,1.8095703,-0.08935547,-2.4082031,1.8050832,LCC-FASD external-dev / cross-domain stress set,True
FT720P_I2269VWM_DOOX30_id9_s0_135.png,1,VALID,1.7236328,0.18969727,-2.4902344,1.4676162,LCC-FASD external-dev / cross-domain stress set,True
FT720P_I2269VWM_DOOX30_id9_s0_150.png,1,VALID,1.7041016,-0.051574707,-2.2832031,1.6537033,LCC-FASD external-dev / cross-domain stress set,True
FT720P_IIYAMAGB_IPHONE5SB_id0_s0_15.png,1,VALID,-0.09979248,0.8339844,-1.0283203,-1.0781492,LCC-FASD external-dev / cross-domain stress set,False
FT720P_IIYAMAGB_IPHONE5SB_id0_s0_30.png,1,VALID,-0.05407715,0.90625,-1.1865234,-1.0766376,LCC-FASD external-dev / cross-domain stress set,False
FT720P_IIYAMAGB_IPHONE5SB_id0_s0_45.png,1,VALID,-0.022979736,0.61572266,-1.0546875,-0.8111166,LCC-FASD external-dev / cross-domain stress set,False
FT720P_IIYAMAGB_IPHONE5SB_id0_s0_60.png,1,VALID,0.22351074,0.48632812,-1.1992188,-0.4328496,LCC-FASD external-dev / cross-domain stress set,False
FT720P_IIYAMAGB_IPHONE5SB_id0_s0_75.png,1,VALID,0.4555664,0.37695312,-1.2265625,-0.104697764,LCC-FASD external-dev / cross-domain stress set,True
FT720P_IIYAMAGB_IPHONE5SB_id0_s0_90.png,1,VALID,0.6821289,0.15161133,-1.3720703,0.33338284,LCC-FASD external-dev / cross-domain stress set,True
FT720P_IIYAMAGB_IPHONE5SB_id0_s0_105.png,1,VALID,-0.19470215,0.8100586,-1.0058594,-1.1554958,LCC-FASD external-dev / cross-domain stress set,False
FT720P_IIYAMAGB_IPHONE5SB_id0_s0_120.png,1,VALID,-0.24768066,0.8535156,-0.87841797,-1.2641158,LCC-FASD external-dev / cross-domain stress set,False
FT720P_IIYAMAGB_IPHONE5SB_id0_s0_135.png,1,VALID,0.76953125,0.32861328,-1.6396484,0.31015337,LCC-FASD external-dev / cross-domain stress set,True
FT720P_IIYAMAGB_IPHONE5SB_id0_s0_150.png,1,VALID,0.13439941,0.6254883,-1.1845703,-0.64264584,LCC-FASD external-dev / cross-domain stress set,False
FT720P_IIYAMAGB_IPHONE5SB_id5_s0_15.png,1,VALID,0.5004883,0.63183594,-1.3330078,-0.26253182,LCC-FASD external-dev / cross-domain stress set,True
FT720P_IIYAMAGB_IPHONE5SB_id5_s0_30.png,1,VALID,0.099609375,0.89746094,-1.0693359,-0.9287958,LCC-FASD external-dev / cross-domain stress set,False
FT720P_IIYAMAGB_IPHONE5SB_id5_s0_45.png,1,VALID,-0.042877197,0.78271484,-0.7758789,-1.0165691,LCC-FASD external-dev / cross-domain stress set,False
FT720P_IIYAMAGB_IPHONE5SB_id5_s0_60.png,1,VALID,-0.48657227,1.3183594,-0.71728516,-1.9276768,LCC-FASD external-dev / cross-domain stress set,False
FT720P_IIYAMAGB_IPHONE5SB_id5_s0_75.png,1,VALID,-0.2109375,0.9863281,-0.70410156,-1.3665359,LCC-FASD external-dev / cross-domain stress set,False
FT720P_IIYAMAGB_IPHONE5SB_id5_s0_90.png,1,VALID,-0.07409668,0.8613281,-0.7626953,-1.1153302,LCC-FASD external-dev / cross-domain stress set,False
FT720P_IIYAMAGB_IPHONE5SB_id5_s0_105.png,1,VALID,-0.22570801,1.0693359,-0.8198242,-1.4358478,LCC-FASD external-dev / cross-domain stress set,False
FT720P_IIYAMAGB_IPHONE5SB_id5_s0_120.png,1,VALID,-0.05368042,0.86816406,-0.86279297,-1.0849109,LCC-FASD external-dev / cross-domain stress set,False
FT720P_IIYAMAGB_IPHONE5SB_id5_s0_135.png,1,VALID,-0.14587402,0.9941406,-0.82421875,-1.2904084,LCC-FASD external-dev / cross-domain stress set,False
FT720P_IIYAMAGB_IPHONE5SB_id5_s0_150.png,1,VALID,-0.35888672,1.1142578,-0.70996094,-1.6227223,LCC-FASD external-dev / cross-domain stress set,False
FT720P_IIYAMAGB_IPHONE5SB_id9_s0_15.png,1,VALID,1.8398438,0.18066406,-2.546875,1.5958482,LCC-FASD external-dev / cross-domain stress set,True
FT720P_IIYAMAGB_IPHONE5SB_id9_s0_30.png,1,VALID,1.5322266,0.55908203,-2.4765625,0.9262192,LCC-FASD external-dev / cross-domain stress set,True
FT720P_IIYAMAGB_IPHONE5SB_id9_s0_45.png,1,VALID,1.2900391,0.99072266,-2.5371094,0.27037084,LCC-FASD external-dev / cross-domain stress set,True
FT720P_IIYAMAGB_IPHONE5SB_id9_s0_60.png,1,VALID,0.8457031,1.2304688,-2.1269531,-0.41899788,LCC-FASD external-dev / cross-domain stress set,False
FT720P_IIYAMAGB_IPHONE5SB_id9_s0_75.png,1,VALID,1.0380859,1.2041016,-2.34375,-0.19439554,LCC-FASD external-dev / cross-domain stress set,True
FT720P_IIYAMAGB_IPHONE5SB_id9_s0_90.png,1,VALID,1.0566406,1.3818359,-2.5273438,-0.3450538,LCC-FASD external-dev / cross-domain stress set,False
FT720P_IIYAMAGB_IPHONE5SB_id9_s0_105.png,1,VALID,1.5507812,0.8569336,-2.6796875,0.66515183,LCC-FASD external-dev / cross-domain stress set,True
FT720P_IIYAMAGB_IPHONE5SB_id9_s0_120.png,1,VALID,1.4316406,0.7480469,-2.4511719,0.6436099,LCC-FASD external-dev / cross-domain stress set,True
FT720P_IIYAMAGB_IPHONE5SB_id9_s0_135.png,1,VALID,1.4541016,1.2988281,-2.9355469,0.14088857,LCC-FASD external-dev / cross-domain stress set,True
FT720P_IIYAMAGB_IPHONE5SB_id9_s0_150.png,1,VALID,1.0263672,0.94970703,-2.1445312,0.032347083,LCC-FASD external-dev / cross-domain stress set,True
FT720P_MBP1314_IPHONE6F_id0_s0_15.png,1,VALID,0.22375488,0.7285156,-1.4335938,-0.6136888,LCC-FASD external-dev / cross-domain stress set,False
FT720P_MBP1314_IPHONE6F_id0_s0_105.png,1,VALID,1.1064453,0.23046875,-2.0058594,0.7744583,LCC-FASD external-dev / cross-domain stress set,True
FT720P_MBP1314_IPHONE6F_id0_s0_120.png,1,VALID,0.7919922,0.23547363,-1.7382812,0.4264257,LCC-FASD external-dev / cross-domain stress set,True
FT720P_MBP1314_IPHONE6F_id0_s0_135.png,1,VALID,0.91064453,0.02658081,-1.765625,0.7299767,LCC-FASD external-dev / cross-domain stress set,True
FT720P_I2269VWM_DOOX30_id0_s1_60.png,1,VALID,-0.3347168,0.61865234,-0.056365967,-1.3649138,LCC-FASD external-dev / cross-domain stress set,False
FT720P_I2269VWM_DOOX30_id0_s1_75.png,1,VALID,-0.16503906,0.6879883,-0.2709961,-1.1774862,LCC-FASD external-dev / cross-domain stress set,False
FT720P_I2269VWM_DOOX30_id0_s1_90.png,1,VALID,-0.049316406,0.5151367,-0.2475586,-0.9472687,LCC-FASD external-dev / cross-domain stress set,False
FT720P_I2269VWM_DOOX30_id0_s2_15.png,1,VALID,-0.99902344,1.7226562,-0.43066406,-2.8315184,LCC-FASD external-dev / cross-domain stress set,False
FT720P_I2269VWM_DOOX30_id0_s2_30.png,1,VALID,-1.0068359,1.4023438,-0.2232666,-2.5888238,LCC-FASD external-dev / cross-domain stress set,False
FT720P_I2269VWM_DOOX30_id0_s2_45.png,1,VALID,-1.1308594,1.3212891,0.03387451,-2.6958656,LCC-FASD external-dev / cross-domain stress set,False
FT720P_I2269VWM_DOOX30_id0_s2_60.png,1,VALID,-2.1699219,2.1386719,0.62597656,-4.507703,LCC-FASD external-dev / cross-domain stress set,False
FT720P_I2269VWM_DOOX30_id0_s2_75.png,1,VALID,-1.3867188,1.6123047,0.10913086,-3.1998584,LCC-FASD external-dev / cross-domain stress set,False
FT720P_I2269VWM_DOOX30_id0_s2_90.png,1,VALID,-0.83447266,1.2167969,-0.24658203,-2.2594643,LCC-FASD external-dev / cross-domain stress set,False
FT720P_I2269VWM_DOOX30_id0_s2_105.png,1,VALID,-1.6855469,1.7705078,0.26611328,-3.6566677,LCC-FASD external-dev / cross-domain stress set,False
FT720P_I2269VWM_DOOX30_id0_s2_120.png,1,VALID,-0.68896484,1.3789062,-0.5605469,-2.2022119,LCC-FASD external-dev / cross-domain stress set,False
FT720P_I2269VWM_DOOX30_id0_s2_135.png,1,VALID,-1.6279297,1.4013672,0.49438477,-3.3684373,LCC-FASD external-dev / cross-domain stress set,False
FT720P_I2269VWM_DOOX30_id0_s2_150.png,1,VALID,-1.9257812,1.8916016,0.48168945,-4.035847,LCC-FASD external-dev / cross-domain stress set,False
FT720P_I2269VWM_DOOX30_id0_s3_15.png,1,VALID,-1.8105469,2.0410156,0.56347656,-4.057111,LCC-FASD external-dev / cross-domain stress set,False
FT720P_I2269VWM_DOOX30_id0_s3_42.png,1,VALID,-0.9355469,1.3466797,0.20458984,-2.559215,LCC-FASD external-dev / cross-domain stress set,False
FT720P_I2269VWM_DOOX30_id0_s3_59.png,1,VALID,-2.1679688,1.6640625,1.1953125,-4.318022,LCC-FASD external-dev / cross-domain stress set,False
FT720P_I2269VWM_DOOX30_id0_s3_89.png,1,VALID,-1.8916016,1.6367188,0.97216797,-3.9434087,LCC-FASD external-dev / cross-domain stress set,False
FT720P_I2269VWM_DOOX30_id0_s3_123.png,1,VALID,-2.0253906,1.7753906,0.96728516,-4.169376,LCC-FASD external-dev / cross-domain stress set,False
FT720P_I2269VWM_DOOX30_id0_s3_140.png,1,VALID,-1.9716797,2.21875,0.53271484,-4.360386,LCC-FASD external-dev / cross-domain stress set,False
FT720P_I2269VWM_DOOX30_id0_s3_155.png,1,VALID,-1.4130859,1.5996094,0.42993164,-3.283079,LCC-FASD external-dev / cross-domain stress set,False
FT720P_I2269VWM_DOOX30_id0_s3_170.png,1,VALID,-2.2128906,2.1210938,0.9038086,-4.593292,LCC-FASD external-dev / cross-domain stress set,False
FT720P_I2269VWM_DOOX30_id5_s0_15.png,1,VALID,0.81396484,-0.28686523,-0.8647461,0.6554482,LCC-FASD external-dev / cross-domain stress set,True
FT720P_I2269VWM_DOOX30_id5_s0_105.png,1,VALID,0.89160156,-0.20544434,-0.97216797,0.7155098,LCC-FASD external-dev / cross-domain stress set,True
FT720P_I2269VWM_DOOX30_id5_s0_120.png,1,VALID,0.0463562,0.6220703,-0.7319336,-0.80539966,LCC-FASD external-dev / cross-domain stress set,False
FT720P_I2269VWM_DOOX30_id5_s0_135.png,1,VALID,0.74658203,-0.053588867,-1.0205078,0.4779042,LCC-FASD external-dev / cross-domain stress set,True
FT720P_I2269VWM_DOOX30_id5_s0_150.png,1,VALID,0.43188477,0.33276367,-0.89697266,-0.15735638,LCC-FASD external-dev / cross-domain stress set,True
FT720P_I2269VWM_DOOX30_id12_s0_15.png,1,VALID,0.23791504,-0.30517578,0.33935547,-0.52337486,LCC-FASD external-dev / cross-domain stress set,False
FT720P_I2269VWM_DOOX30_id12_s0_30.png,1,VALID,0.65527344,-1.1230469,0.42895508,0.034192145,LCC-FASD external-dev / cross-domain stress set,True
FT720P_I2269VWM_DOOX30_id12_s0_45.png,1,VALID,0.57666016,-1.0488281,0.40063477,-0.034799635,LCC-FASD external-dev / cross-domain stress set,True
FT720P_I2269VWM_DOOX30_id12_s0_60.png,1,VALID,0.72021484,-1.1582031,0.29052734,0.21872318,LCC-FASD external-dev / cross-domain stress set,True
FT720P_I2269VWM_DOOX30_id12_s0_75.png,1,VALID,0.77490234,-1.4179688,0.4736328,0.16078609,LCC-FASD external-dev / cross-domain stress set,True
FT720P_I2269VWM_DOOX30_id12_s0_90.png,1,VALID,0.79296875,-1.2070312,0.28100586,0.30835652,LCC-FASD external-dev / cross-domain stress set,True
FT720P_I2269VWM_DOOX30_id12_s0_105.png,1,VALID,0.61865234,-1.0664062,0.38110352,0.026352286,LCC-FASD external-dev / cross-domain stress set,True
FT720P_I2269VWM_DOOX30_id12_s0_120.png,1,VALID,0.67578125,-1.0673828,0.32128906,0.13182366,LCC-FASD external-dev / cross-domain stress set,True
FT720P_I2269VWM_DOOX30_id12_s0_135.png,1,VALID,0.83203125,-1.0634766,0.16357422,0.41137135,LCC-FASD external-dev / cross-domain stress set,True
FT720P_I2269VWM_DOOX30_id12_s0_150.png,1,VALID,0.9472656,-1.1259766,0.026062012,0.64661294,LCC-FASD external-dev / cross-domain stress set,True
FT720P_I2269VWM_DOOX30_id12_s1_15.png,1,VALID,-0.91845703,0.9892578,0.43164062,-2.3604271,LCC-FASD external-dev / cross-domain stress set,False
FT720P_I2269VWM_DOOX30_id12_s1_30.png,1,VALID,-1.4033203,1.2910156,0.6635742,-3.1221862,LCC-FASD external-dev / cross-domain stress set,False
FT720P_I2269VWM_DOOX30_id12_s1_45.png,1,VALID,-1.5507812,1.4101562,0.77197266,-3.3850615,LCC-FASD external-dev / cross-domain stress set,False
FT720P_I2269VWM_DOOX30_id12_s1_60.png,1,VALID,-0.28637695,0.5053711,0.0074501038,-1.2666105,LCC-FASD external-dev / cross-domain stress set,False
FT720P_I2269VWM_DOOX30_id12_s1_75.png,1,VALID,0.38720703,0.22497559,-0.57128906,-0.21002877,LCC-FASD external-dev / cross-domain stress set,True
FT720P_I2269VWM_DOOX30_id12_s1_90.png,1,VALID,0.3149414,0.35986328,-0.58740234,-0.37264162,LCC-FASD external-dev / cross-domain stress set,False
FT720P_I2269VWM_DOOX30_id12_s1_105.png,1,VALID,-0.11651611,0.34521484,-0.07922363,-0.9650104,LCC-FASD external-dev / cross-domain stress set,False
FT720P_I2269VWM_DOOX30_id12_s1_120.png,1,VALID,-0.57128906,0.5854492,0.23205566,-1.688719,LCC-FASD external-dev / cross-domain stress set,False
FT720P_I2269VWM_DOOX30_id12_s1_135.png,1,VALID,-0.32739258,0.43579102,0.09033203,-1.2984455,LCC-FASD external-dev / cross-domain stress set,False
FT720P_I2269VWM_DOOX30_id12_s1_150.png,1,VALID,-1.3652344,1.4667969,0.49951172,-3.1541972,LCC-FASD external-dev / cross-domain stress set,False
FT720P_I2269VWM_DOOX30_id12_s2_15.png,1,VALID,0.43579102,-1.0253906,0.6645508,-0.39810616,LCC-FASD external-dev / cross-domain stress set,False
FT720P_I2269VWM_DOOX30_id12_s2_30.png,1,VALID,0.2980957,-0.9316406,0.58740234,-0.48727292,LCC-FASD external-dev / cross-domain stress set,False
FT720P_I2269VWM_DOOX30_id12_s2_45.png,1,VALID,0.83203125,-1.2734375,0.25048828,0.38445187,LCC-FASD external-dev / cross-domain stress set,True
FT720P_I2269VWM_DOOX30_id12_s2_60.png,1,VALID,0.96777344,-1.296875,0.1796875,0.58235586,LCC-FASD external-dev / cross-domain stress set,True
FT720P_I2269VWM_DOOX30_id12_s2_75.png,1,VALID,0.70703125,-1.1875,0.41430664,0.109127104,LCC-FASD external-dev / cross-domain stress set,True
FT720P_I2269VWM_DOOX30_id12_s2_90.png,1,VALID,0.8652344,-1.34375,0.34716797,0.34887207,LCC-FASD external-dev / cross-domain stress set,True
FT720P_I2269VWM_DOOX30_id12_s2_105.png,1,VALID,0.7626953,-1.1933594,0.3232422,0.24104792,LCC-FASD external-dev / cross-domain stress set,True
FT720P_I2269VWM_DOOX30_id12_s2_120.png,1,VALID,0.859375,-1.4628906,0.42114258,0.29675382,LCC-FASD external-dev / cross-domain stress set,True
FT720P_I2269VWM_DOOX30_id12_s2_135.png,1,VALID,0.8256836,-1.3007812,0.3413086,0.30742186,LCC-FASD external-dev / cross-domain stress set,True
FT720P_I2269VWM_DOOX30_id12_s2_150.png,1,VALID,1.1005859,-1.3720703,0.10760498,0.7878289,LCC-FASD external-dev / cross-domain stress set,True
FT720P_G780_REDMI4X_id5_s0_15.png,1,VALID,-0.81152344,2.0507812,-0.63183594,-2.9284518,LCC-FASD external-dev / cross-domain stress set,False
FT720P_G780_REDMI4X_id5_s0_30.png,1,VALID,-0.93066406,2.0859375,-0.5004883,-3.0891907,LCC-FASD external-dev / cross-domain stress set,False
FT720P_G780_REDMI4X_id5_s0_45.png,1,VALID,-1.1806641,2.1230469,-0.30615234,-3.3881507,LCC-FASD external-dev / cross-domain stress set,False
FT720P_G780_REDMI4X_id5_s0_60.png,1,VALID,-1.0634766,2.0507812,-0.3125,-3.2042,LCC-FASD external-dev / cross-domain stress set,False
FT720P_G780_REDMI4X_id5_s0_75.png,1,VALID,-1.0048828,2.2207031,-0.52685547,-3.2877004,LCC-FASD external-dev / cross-domain stress set,False
FT720P_G780_REDMI4X_id5_s0_90.png,1,VALID,-0.9213867,1.7402344,-0.29833984,-2.7840283,LCC-FASD external-dev / cross-domain stress set,False
FT720P_G780_REDMI4X_id5_s0_105.png,1,VALID,-1.2285156,2.1582031,-0.21655273,-3.475679,LCC-FASD external-dev / cross-domain stress set,False
FT720P_G780_REDMI4X_id5_s0_120.png,1,VALID,-1.3925781,2.2285156,-0.050964355,-3.7185266,LCC-FASD external-dev / cross-domain stress set,False
FT720P_G780_REDMI4X_id5_s0_135.png,1,VALID,-1.4658203,2.3554688,-0.15002441,-3.899763,LCC-FASD external-dev / cross-domain stress set,False
FT720P_G780_REDMI4X_id5_s0_150.png,1,VALID,-1.5917969,2.3359375,0.010467529,-4.0209856,LCC-FASD external-dev / cross-domain stress set,False
FT720P_G780_REDMI4X_id9_s0_15.png,1,VALID,-1.2265625,1.6494141,-0.09338379,-3.03727,LCC-FASD external-dev / cross-domain stress set,False
FT720P_G780_REDMI4X_id9_s0_30.png,1,VALID,-1.2265625,1.6982422,-0.060516357,-3.083737,LCC-FASD external-dev / cross-domain stress set,False
FT720P_G780_REDMI4X_id9_s0_45.png,1,VALID,-1.4892578,1.7128906,0.16247559,-3.3945522,LCC-FASD external-dev / cross-domain stress set,False
FT720P_G780_REDMI4X_id9_s0_60.png,1,VALID,-1.1523438,1.7060547,-0.113708496,-3.0085962,LCC-FASD external-dev / cross-domain stress set,False
FT720P_G780_REDMI4X_id9_s0_75.png,1,VALID,-1.2929688,2.0488281,-0.2512207,-3.4373379,LCC-FASD external-dev / cross-domain stress set,False
FT720P_G780_REDMI4X_id9_s0_90.png,1,VALID,-1.3066406,1.9462891,-0.15466309,-3.3683453,LCC-FASD external-dev / cross-domain stress set,False
FT720P_G780_REDMI4X_id9_s0_105.png,1,VALID,-1.3457031,2.1367188,-0.28759766,-3.567258,LCC-FASD external-dev / cross-domain stress set,False
FT720P_G780_REDMI4X_id9_s0_120.png,1,VALID,-1.1962891,2.0410156,-0.33325195,-3.3263066,LCC-FASD external-dev / cross-domain stress set,False
FT720P_G780_REDMI4X_id9_s0_135.png,1,VALID,-1.1533203,1.9345703,-0.33081055,-3.1866407,LCC-FASD external-dev / cross-domain stress set,False
FT720P_G780_REDMI4X_id9_s0_150.png,1,VALID,-1.2265625,1.8154297,-0.08111572,-3.181829,LCC-FASD external-dev / cross-domain stress set,False
FT720P_G780_REDMI4X_id12_s1_15.png,1,VALID,-0.23730469,1.5830078,-0.8798828,-1.9020661,LCC-FASD external-dev / cross-domain stress set,False
FT720P_G780_REDMI4X_id12_s1_30.png,1,VALID,-0.036895752,1.3007812,-0.9213867,-1.440571,LCC-FASD external-dev / cross-domain stress set,False
FT720P_G780_REDMI4X_id12_s1_45.png,1,VALID,0.21350098,1.4277344,-1.2402344,-1.2813246,LCC-FASD external-dev / cross-domain stress set,False
FT720P_G780_REDMI4X_id12_s1_60.png,1,VALID,-0.121032715,1.5478516,-0.93408203,-1.749156,LCC-FASD external-dev / cross-domain stress set,False
FT720P_G780_REDMI4X_id12_s1_75.png,1,VALID,0.63378906,1.4541016,-1.6865234,-0.86265886,LCC-FASD external-dev / cross-domain stress set,False
FT720P_G780_REDMI4X_id12_s1_90.png,1,VALID,0.96728516,1.2832031,-1.9179688,-0.35582542,LCC-FASD external-dev / cross-domain stress set,False
FT720P_G780_REDMI4X_id12_s1_120.png,1,VALID,0.11755371,1.4863281,-1.2265625,-1.433011,LCC-FASD external-dev / cross-domain stress set,False
FT720P_G780_REDMI4X_id12_s1_135.png,1,VALID,-0.045806885,1.7402344,-1.2011719,-1.8374865,LCC-FASD external-dev / cross-domain stress set,False
FT720P_G780_REDMI4X_id12_s1_150.png,1,VALID,-0.047790527,1.4443359,-1.015625,-1.5741103,LCC-FASD external-dev / cross-domain stress set,False
FT720P_G780_REDMI4X_id12_s2_15.png,1,VALID,1.3847656,-0.27270508,-1.3964844,1.3760213,LCC-FASD external-dev / cross-domain stress set,True
FT720P_G780_REDMI4X_id12_s2_30.png,1,VALID,1.3964844,-0.13623047,-1.4638672,1.2975612,LCC-FASD external-dev / cross-domain stress set,True
FT720P_G780_REDMI4X_id12_s2_45.png,1,VALID,1.3085938,-0.035064697,-1.4228516,1.1208133,LCC-FASD external-dev / cross-domain stress set,True
FT720P_G780_REDMI4X_id12_s2_60.png,1,VALID,1.3496094,0.07519531,-1.5771484,1.0991168,LCC-FASD external-dev / cross-domain stress set,True
FT720P_G780_REDMI4X_id12_s2_75.png,1,VALID,1.6152344,0.007820129,-1.7978516,1.4552393,LCC-FASD external-dev / cross-domain stress set,True
FT720P_G780_REDMI4X_id12_s2_90.png,1,VALID,0.859375,0.42993164,-1.3164062,0.26867616,LCC-FASD external-dev / cross-domain stress set,True
FT720P_G780_REDMI4X_id12_s2_105.png,1,VALID,1.09375,0.3671875,-1.5371094,0.58773375,LCC-FASD external-dev / cross-domain stress set,True
FT720P_G780_REDMI4X_id12_s2_120.png,1,VALID,0.6508789,0.20788574,-0.9663086,0.17367786,LCC-FASD external-dev / cross-domain stress set,True
FT720P_G780_REDMI4X_id12_s2_135.png,1,VALID,0.8852539,0.31811523,-1.2695312,0.38115203,LCC-FASD external-dev / cross-domain stress set,True
FT720P_G780_REDMI4X_id12_s2_150.png,1,VALID,1.2158203,0.19091797,-1.5107422,0.85737264,LCC-FASD external-dev / cross-domain stress set,True
FT720P_I2269VWM_DOOX30_id0_s0_15.png,1,VALID,-1.546875,2.0917969,-0.2878418,-3.7272174,LCC-FASD external-dev / cross-domain stress set,False
FT720P_I2269VWM_DOOX30_id0_s0_30.png,1,VALID,-1.6943359,1.984375,-0.037628174,-3.8030415,LCC-FASD external-dev / cross-domain stress set,False
FT720P_I2269VWM_DOOX30_id0_s0_45.png,1,VALID,-1.6083984,2.1582031,-0.27172852,-3.8509822,LCC-FASD external-dev / cross-domain stress set,False
FT720P_I2269VWM_DOOX30_id0_s0_60.png,1,VALID,-1.1601562,1.7832031,-0.48291016,-3.0420408,LCC-FASD external-dev / cross-domain stress set,False
FT720P_I2269VWM_DOOX30_id0_s0_75.png,1,VALID,-1.7285156,1.7773438,0.07659912,-3.6735306,LCC-FASD external-dev / cross-domain stress set,False
FT720P_I2269VWM_DOOX30_id0_s0_90.png,1,VALID,-1.3066406,1.8115234,-0.38452148,-3.2236426,LCC-FASD external-dev / cross-domain stress set,False
FT720P_I2269VWM_DOOX30_id0_s0_105.png,1,VALID,-1.4980469,1.7832031,-0.123046875,-3.4198258,LCC-FASD external-dev / cross-domain stress set,False
FT720P_I2269VWM_DOOX30_id0_s0_120.png,1,VALID,-2.0097656,2.015625,0.2680664,-4.1859765,LCC-FASD external-dev / cross-domain stress set,False
FT720P_I2269VWM_DOOX30_id0_s0_135.png,1,VALID,-2.0078125,2.3222656,0.06021118,-4.4291415,LCC-FASD external-dev / cross-domain stress set,False
FT720P_I2269VWM_DOOX30_id0_s0_150.png,1,VALID,-1.453125,1.7998047,-0.20654297,-3.3791032,LCC-FASD external-dev / cross-domain stress set,False
FT720P_I2269VWM_DOOX30_id0_s1_15.png,1,VALID,0.014129639,0.41625977,-0.26660156,-0.8110356,LCC-FASD external-dev / cross-domain stress set,False
FT720P_I2269VWM_DOOX30_id0_s1_30.png,1,VALID,-0.15527344,0.5258789,-0.17126465,-1.0852871,LCC-FASD external-dev / cross-domain stress set,False
FT720P_I2269VWM_DOOX30_id0_s1_45.png,1,VALID,-0.20629883,0.6621094,-0.18017578,-1.2265896,LCC-FASD external-dev / cross-domain stress set,False
FT720P_I2269VWM_DOOX30_id0_s1_105.png,1,VALID,-0.12084961,0.5,-0.14770508,-1.0416927,LCC-FASD external-dev / cross-domain stress set,False
FT720P_I2269VWM_DOOX30_id0_s1_120.png,1,VALID,-0.5673828,0.8017578,0.06185913,-1.7592635,LCC-FASD external-dev / cross-domain stress set,False
FT720P_I2269VWM_DOOX30_id0_s1_135.png,1,VALID,-0.13195801,0.5756836,-0.18676758,-1.0905349,LCC-FASD external-dev / cross-domain stress set,False
FT720P_I2269VWM_DOOX30_id0_s1_150.png,1,VALID,-0.40185547,0.61572266,0.04196167,-1.4644426,LCC-FASD external-dev / cross-domain stress set,False
FT720P_G780_REDMI4X_id0_s0_15.png,1,VALID,-2.3691406,3.3007812,-0.037017822,-5.7048206,LCC-FASD external-dev / cross-domain stress set,False
FT720P_G780_REDMI4X_id0_s0_30.png,1,VALID,-2.8085938,3.2871094,0.52246094,-6.1567965,LCC-FASD external-dev / cross-domain stress set,False
FT720P_G780_REDMI4X_id0_s0_45.png,1,VALID,-2.6699219,3.15625,0.4423828,-5.890348,LCC-FASD external-dev / cross-domain stress set,False
FT720P_G780_REDMI4X_id0_s0_60.png,1,VALID,-2.7949219,3.3339844,0.49829102,-6.185927,LCC-FASD external-dev / cross-domain stress set,False
FT720P_G780_REDMI4X_id0_s0_75.png,1,VALID,-2.671875,3.3378906,0.33618164,-6.058272,LCC-FASD external-dev / cross-domain stress set,False
FT720P_G780_REDMI4X_id0_s0_90.png,1,VALID,-2.8652344,3.2128906,0.6386719,-6.1515737,LCC-FASD external-dev / cross-domain stress set,False
FT720P_G780_REDMI4X_id0_s0_105.png,1,VALID,-2.8417969,3.2675781,0.5810547,-6.175273,LCC-FASD external-dev / cross-domain stress set,False
FT720P_G780_REDMI4X_id0_s0_120.png,1,VALID,-2.5664062,3.0429688,0.4501953,-5.681521,LCC-FASD external-dev / cross-domain stress set,False
FT720P_G780_REDMI4X_id0_s0_135.png,1,VALID,-2.5957031,3.0605469,0.49853516,-5.730568,LCC-FASD external-dev / cross-domain stress set,False
FT720P_G780_REDMI4X_id0_s0_150.png,1,VALID,-2.4550781,3.1757812,0.2310791,-5.6821394,LCC-FASD external-dev / cross-domain stress set,False
FT720P_G780_REDMI4X_id0_s1_15.png,1,VALID,-1.7373047,2.734375,-0.31054688,-4.518182,LCC-FASD external-dev / cross-domain stress set,False
FT720P_G780_REDMI4X_id0_s1_30.png,1,VALID,-1.796875,2.6796875,-0.119140625,-4.5356627,LCC-FASD external-dev / cross-domain stress set,False
FT720P_G780_REDMI4X_id0_s1_45.png,1,VALID,-2.0976562,2.5234375,0.2919922,-4.7230844,LCC-FASD external-dev / cross-domain stress set,False
FT720P_G780_REDMI4X_id0_s1_60.png,1,VALID,-2.0019531,2.7734375,-0.014678955,-4.8351088,LCC-FASD external-dev / cross-domain stress set,False
FT720P_G780_REDMI4X_id0_s1_75.png,1,VALID,-2.2265625,2.6152344,0.359375,-4.9414463,LCC-FASD external-dev / cross-domain stress set,False
FT720P_G780_REDMI4X_id0_s1_90.png,1,VALID,-1.8886719,2.6835938,-0.095825195,-4.6324897,LCC-FASD external-dev / cross-domain stress set,False
FT720P_G780_REDMI4X_id0_s1_105.png,1,VALID,-2.0410156,2.6855469,0.10321045,-4.7994385,LCC-FASD external-dev / cross-domain stress set,False
FT720P_G780_REDMI4X_id0_s1_120.png,1,VALID,-2.0488281,2.6582031,0.1295166,-4.7837734,LCC-FASD external-dev / cross-domain stress set,False
FT720P_G780_REDMI4X_id0_s1_135.png,1,VALID,-2.0722656,2.6699219,0.14672852,-4.819337,LCC-FASD external-dev / cross-domain stress set,False
FT720P_G780_REDMI4X_id0_s1_150.png,1,VALID,-2.0820312,2.5546875,0.25878906,-4.7326384,LCC-FASD external-dev / cross-domain stress set,False
FT720P_G780_REDMI4X_id0_s2_15.png,1,VALID,-1.8330078,1.6103516,0.7910156,-3.8085053,LCC-FASD external-dev / cross-domain stress set,False
FT720P_G780_REDMI4X_id0_s2_30.png,1,VALID,-2.3339844,2.0488281,0.9501953,-4.6704893,LCC-FASD external-dev / cross-domain stress set,False
FT720P_G780_REDMI4X_id0_s2_45.png,1,VALID,-2.0917969,1.8173828,0.9321289,-4.254618,LCC-FASD external-dev / cross-domain stress set,False
FT720P_G780_REDMI4X_id0_s2_60.png,1,VALID,-2.0664062,2.0761719,0.6557617,-4.358991,LCC-FASD external-dev / cross-domain stress set,False
FT720P_G780_REDMI4X_id0_s2_75.png,1,VALID,-2.6679688,2.4453125,1.0146484,-5.3277073,LCC-FASD external-dev / cross-domain stress set,False
FT720P_G780_REDMI4X_id0_s2_90.png,1,VALID,-2.5566406,2.2402344,1.078125,-5.0690565,LCC-FASD external-dev / cross-domain stress set,False
FT720P_G780_REDMI4X_id0_s2_105.png,1,VALID,-2.6875,2.4707031,1.0039062,-5.365756,LCC-FASD external-dev / cross-domain stress set,False
FT720P_G780_REDMI4X_id0_s2_120.png,1,VALID,-2.7636719,2.4277344,1.1542969,-5.438163,LCC-FASD external-dev / cross-domain stress set,False
FT720P_G780_REDMI4X_id0_s2_135.png,1,VALID,-2.5644531,2.3730469,0.9916992,-5.161635,LCC-FASD external-dev / cross-domain stress set,False
FT720P_G780_REDMI4X_id0_s2_150.png,1,VALID,-2.4335938,2.3574219,0.88183594,-4.9969273,LCC-FASD external-dev / cross-domain stress set,False
FT720P_G780_REDMI4X_id0_s3_15.png,1,VALID,-1.8017578,2.6816406,0.054473877,-4.5531883,LCC-FASD external-dev / cross-domain stress set,False
FT720P_G780_REDMI4X_id0_s3_30.png,1,VALID,-1.8681641,2.78125,0.061920166,-4.713251,LCC-FASD external-dev / cross-domain stress set,False
FT720P_G780_REDMI4X_id0_s3_45.png,1,VALID,-1.9755859,2.8710938,0.09906006,-4.907337,LCC-FASD external-dev / cross-domain stress set,False
FT720P_G780_REDMI4X_id0_s3_60.png,1,VALID,-2.4726562,3.203125,0.32104492,-5.7302866,LCC-FASD external-dev / cross-domain stress set,False
FT720P_G780_REDMI4X_id0_s3_75.png,1,VALID,-2.2558594,3.0996094,0.17590332,-5.4078093,LCC-FASD external-dev / cross-domain stress set,False
FT720P_G780_REDMI4X_id0_s3_90.png,1,VALID,-1.8046875,2.765625,-0.008522034,-4.6308455,LCC-FASD external-dev / cross-domain stress set,False
FT720P_G780_REDMI4X_id0_s3_105.png,1,VALID,-2.2402344,3.171875,0.12249756,-5.4584093,LCC-FASD external-dev / cross-domain stress set,False
FT720P_G780_REDMI4X_id0_s3_120.png,1,VALID,-2.1835938,3.1210938,0.070617676,-5.350938,LCC-FASD external-dev / cross-domain stress set,False
FT720P_G780_REDMI4X_id0_s3_135.png,1,VALID,-1.8203125,2.6308594,0.10797119,-4.5283437,LCC-FASD external-dev / cross-domain stress set,False
FT720P_G780_REDMI4X_id0_s3_150.png,1,VALID,-2.296875,2.9921875,0.3486328,-5.357756,LCC-FASD external-dev / cross-domain stress set,False
FT720P_G780_REDMI4X_id12_s0_15.png,1,VALID,1.1826172,0.17980957,-1.4326172,0.8209835,LCC-FASD external-dev / cross-domain stress set,True
FT720P_G780_REDMI4X_id12_s0_30.png,1,VALID,1.3720703,0.08105469,-1.5576172,1.1135075,LCC-FASD external-dev / cross-domain stress set,True
FT720P_G780_REDMI4X_id12_s0_45.png,1,VALID,1.1757812,0.30639648,-1.5117188,0.7189569,LCC-FASD external-dev / cross-domain stress set,True
FT720P_G780_REDMI4X_id12_s0_60.png,1,VALID,1.1660156,0.24584961,-1.4589844,0.7531252,LCC-FASD external-dev / cross-domain stress set,True
FT720P_G780_REDMI4X_id12_s0_75.png,1,VALID,1.1123047,0.26245117,-1.4121094,0.6780954,LCC-FASD external-dev / cross-domain stress set,True
FT720P_G780_REDMI4X_id12_s0_90.png,1,VALID,1.1640625,-0.017700195,-1.3183594,0.9408954,LCC-FASD external-dev / cross-domain stress set,True
FT720P_G780_REDMI4X_id12_s0_105.png,1,VALID,0.9428711,0.32739258,-1.3427734,0.44302562,LCC-FASD external-dev / cross-domain stress set,True
FT720P_G780_REDMI4X_id12_s0_120.png,1,VALID,0.99902344,0.38671875,-1.4355469,0.4624554,LCC-FASD external-dev / cross-domain stress set,True
FT720P_G780_REDMI4X_id12_s0_135.png,1,VALID,1.2050781,0.16186523,-1.4453125,0.8605143,LCC-FASD external-dev / cross-domain stress set,True
FT720P_G780_REDMI4X_id12_s0_150.png,1,VALID,1.2333984,0.25195312,-1.5136719,0.823519,LCC-FASD external-dev / cross-domain stress set,True
FT720P_G780_REDMI4X_id12_s1_105.png,1,VALID,-0.13696289,1.5712891,-0.99365234,-1.7823606,LCC-FASD external-dev / cross-domain stress set,False
YOUTUBE_VX2363SMHL_LGL90_id48_s1_60.png,1,VALID,-0.48706055,-0.12756348,0.38012695,-1.338368,LCC-FASD external-dev / cross-domain stress set,False
YOUTUBE_VX2363SMHL_LGL90_id48_s1_75.png,1,VALID,-0.81591797,-1.2089844,1.7949219,-2.6592422,LCC-FASD external-dev / cross-domain stress set,False
YOUTUBE_VX2363SMHL_LGL90_id48_s1_90.png,1,VALID,0.53466797,-0.9765625,0.123535156,0.123821914,LCC-FASD external-dev / cross-domain stress set,True
YOUTUBE_TP300LA_SGS7E_id48_s1_30.png,1,VALID,-0.10870361,0.19445801,-0.23730469,-0.8035511,LCC-FASD external-dev / cross-domain stress set,False
