path,label,status,logit_real,logit_physical,logit_digital,pad_logit_score,dataset_role,pred_real
YOUTUBE_id43_s0_105.png,0,VALID,29.28125,-21.15625,-20.125,49.101295,LCC-FASD external-dev / cross-domain stress set,True
YOUTUBE_id43_s0_124.png,0,VALID,-5.875,3.6386719,2.9414062,-9.917767,LCC-FASD external-dev / cross-domain stress set,False
YOUTUBE_id43_s0_139.png,0,VALID,0.62158203,-2.1132812,-0.36157227,0.823183,LCC-FASD external-dev / cross-domain stress set,False
YOUTUBE_id43_s0_154.png,0,VALID,35.5,-25.75,-24.1875,59.4972,LCC-FASD external-dev / cross-domain stress set,True
YOUTUBE_id43_s1_15.png,0,VALID,61.96875,-43.0625,-42.8125,104.20531,LCC-FASD external-dev / cross-domain stress set,True
YOUTUBE_id43_s1_30.png,0,VALID,81.875,-56.71875,-56.3125,137.67699,LCC-FASD external-dev / cross-domain stress set,True
YOUTUBE_id43_s1_45.png,0,VALID,82.5,-57.03125,-56.8125,138.72276,LCC-FASD external-dev / cross-domain stress set,True
YOUTUBE_id43_s1_60.png,0,VALID,81.75,-56.625,-56.1875,137.43936,LCC-FASD external-dev / cross-domain stress set,True
YOUTUBE_id43_s1_75.png,0,VALID,85.25,-59.0,-58.625,143.35187,LCC-FASD external-dev / cross-domain stress set,True
YOUTUBE_id43_s1_90.png,0,VALID,83.5625,-57.78125,-57.46875,140.4822,LCC-FASD external-dev / cross-domain stress set,True
YOUTUBE_id43_s1_105.png,0,VALID,86.4375,-59.5625,-59.5,145.27512,LCC-FASD external-dev / cross-domain stress set,True
YOUTUBE_id43_s1_120.png,0,VALID,96.5625,-66.375,-66.4375,162.27512,LCC-FASD external-dev / cross-domain stress set,True
YOUTUBE_id43_s1_135.png,0,VALID,83.3125,-57.375,-57.4375,140.02512,LCC-FASD external-dev / cross-domain stress set,True
YOUTUBE_id43_s1_150.png,0,VALID,70.5,-48.9375,-48.46875,118.48276,LCC-FASD external-dev / cross-domain stress set,True
YOUTUBE_id48_s0_15.png,0,VALID,5.5898438,-3.0976562,-6.390625,8.65103,LCC-FASD external-dev / cross-domain stress set,True
YOUTUBE_id48_s0_30.png,0,VALID,19.796875,-12.96875,-15.8515625,32.71116,LCC-FASD external-dev / cross-domain stress set,True
YOUTUBE_id48_s0_45.png,0,VALID,-24.90625,17.921875,14.125,-42.85032,LCC-FASD external-dev / cross-domain stress set,False
YOUTUBE_id48_s0_60.png,0,VALID,11.78125,-7.7890625,-10.03125,19.469358,LCC-FASD external-dev / cross-domain stress set,True
YOUTUBE_id48_s0_75.png,0,VALID,19.65625,-13.2734375,-15.2734375,32.802757,LCC-FASD external-dev / cross-domain stress set,True
YOUTUBE_id48_s0_90.png,0,VALID,9.3203125,-5.8203125,-8.7578125,15.088984,LCC-FASD external-dev / cross-domain stress set,True
YOUTUBE_id48_s0_105.png,0,VALID,-33.1875,23.65625,19.46875,-56.858818,LCC-FASD external-dev / cross-domain stress set,False
YOUTUBE_id48_s0_120.png,0,VALID,6.8359375,-4.1835938,-7.03125,10.963169,LCC-FASD external-dev / cross-domain stress set,True
YOUTUBE_id48_s0_135.png,0,VALID,17.109375,-11.25,-13.7421875,28.27989,LCC-FASD external-dev / cross-domain stress set,True
YOUTUBE_id48_s0_150.png,0,VALID,17.15625,-10.828125,-14.3828125,27.956184,LCC-FASD external-dev / cross-domain stress set,True
YOUTUBE_id48_s1_15.png,0,VALID,70.0,-47.4375,-49.46875,117.31425,LCC-FASD external-dev / cross-domain stress set,True
YOUTUBE_id48_s1_30.png,0,VALID,15.984375,-10.9453125,-12.5703125,26.749943,LCC-FASD external-dev / cross-domain stress set,True
YOUTUBE_id48_s1_45.png,0,VALID,17.140625,-11.6875,-13.4765625,28.673588,LCC-FASD external-dev / cross-domain stress set,True
YOUTUBE_id48_s1_60.png,0,VALID,5.25,-3.2324219,-5.7539062,8.405146,LCC-FASD external-dev / cross-domain stress set,False
YOUTUBE_id48_s1_75.png,0,VALID,54.0,-36.625,-38.5,90.48233,LCC-FASD external-dev / cross-domain stress set,True
YOUTUBE_id48_s1_90.png,0,VALID,1.6630859,-0.63427734,-3.3476562,2.2331572,LCC-FASD external-dev / cross-domain stress set,False
YOUTUBE_id48_s1_105.png,0,VALID,25.75,-17.84375,-19.078125,43.338318,LCC-FASD external-dev / cross-domain stress set,True
YOUTUBE_id48_s1_124.png,0,VALID,76.4375,-52.3125,-53.375,128.45317,LCC-FASD external-dev / cross-domain stress set,True
YOUTUBE_id48_s1_139.png,0,VALID,25.203125,-17.09375,-19.0625,42.16617,LCC-FASD external-dev / cross-domain stress set,True
YOUTUBE_id48_s1_154.png,0,VALID,37.0,-25.359375,-26.78125,62.14325,LCC-FASD external-dev / cross-domain stress set,True
YOUTUBE_id48_s2_108.png,0,VALID,48.09375,-32.125,-34.90625,80.15863,LCC-FASD external-dev / cross-domain stress set,True
YOUTUBE_id48_s2_123.png,0,VALID,-5.3632812,4.7734375,0.9580078,-10.158508,LCC-FASD external-dev / cross-domain stress set,False
YOUTUBE_id29_s0_15.png,0,VALID,111.25,-75.875,-76.8125,186.79454,LCC-FASD external-dev / cross-domain stress set,True
YOUTUBE_id29_s0_30.png,0,VALID,116.8125,-79.4375,-80.8125,196.0246,LCC-FASD external-dev / cross-domain stress set,True
YOUTUBE_id29_s0_45.png,0,VALID,115.0,-78.375,-79.4375,193.07816,LCC-FASD external-dev / cross-domain stress set,True
YOUTUBE_id29_s0_60.png,0,VALID,106.4375,-72.5,-73.6875,178.67131,LCC-FASD external-dev / cross-domain stress set,True
YOUTUBE_id29_s0_75.png,0,VALID,101.25,-69.0625,-70.0,169.98204,LCC-FASD external-dev / cross-domain stress set,True
YOUTUBE_id29_s0_90.png,0,VALID,110.1875,-75.25,-76.0,185.05063,LCC-FASD external-dev / cross-domain stress set,True
YOUTUBE_id29_s0_105.png,0,VALID,106.8125,-72.8125,-73.875,179.32816,LCC-FASD external-dev / cross-domain stress set,True
YOUTUBE_id29_s0_120.png,0,VALID,110.9375,-75.6875,-76.625,186.29454,LCC-FASD external-dev / cross-domain stress set,True
YOUTUBE_id29_s0_135.png,0,VALID,119.1875,-81.3125,-82.1875,200.15155,LCC-FASD external-dev / cross-domain stress set,True
YOUTUBE_id39_s0_15.png,0,VALID,-45.59375,29.671875,30.546875,-76.48907,LCC-FASD external-dev / cross-domain stress set,False
YOUTUBE_id39_s0_30.png,0,VALID,-38.875,25.015625,26.03125,-65.21533,LCC-FASD external-dev / cross-domain stress set,False
YOUTUBE_id39_s0_47.png,0,VALID,-29.953125,19.71875,19.1875,-50.13427,LCC-FASD external-dev / cross-domain stress set,False
YOUTUBE_id39_s0_62.png,0,VALID,-13.7734375,8.4921875,8.5703125,-22.998596,LCC-FASD external-dev / cross-domain stress set,False
YOUTUBE_id39_s0_80.png,0,VALID,-57.75,37.90625,38.75,-96.85774,LCC-FASD external-dev / cross-domain stress set,False
YOUTUBE_id39_s0_95.png,0,VALID,-52.625,35.3125,34.46875,-88.29524,LCC-FASD external-dev / cross-domain stress set,False
YOUTUBE_id39_s1_15.png,0,VALID,26.609375,-17.5625,-20.390625,44.114433,LCC-FASD external-dev / cross-domain stress set,True
YOUTUBE_id39_s1_30.png,0,VALID,-21.71875,15.8046875,11.890625,-37.5432,LCC-FASD external-dev / cross-domain stress set,False
YOUTUBE_id39_s1_45.png,0,VALID,47.96875,-32.0,-34.875,79.913864,LCC-FASD external-dev / cross-domain stress set,True
YOUTUBE_id39_s1_60.png,0,VALID,9.6484375,-5.5820312,-9.296875,15.206402,LCC-FASD external-dev / cross-domain stress set,True
YOUTUBE_id39_s1_75.png,0,VALID,36.28125,-24.1875,-26.90625,60.404877,LCC-FASD external-dev / cross-domain stress set,True
YOUTUBE_id39_s1_91.png,0,VALID,26.03125,-16.953125,-20.21875,42.946915,LCC-FASD external-dev / cross-domain stress set,True
YOUTUBE_id39_s1_106.png,0,VALID,-18.0,12.828125,9.6953125,-30.870796,LCC-FASD external-dev / cross-domain stress set,False
YOUTUBE_id39_s1_121.png,0,VALID,21.296875,-13.859375,-16.984375,35.11325,LCC-FASD external-dev / cross-domain stress set,True
YOUTUBE_id39_s1_136.png,0,VALID,19.09375,-12.9375,-14.8359375,31.891659,LCC-FASD external-dev / cross-domain stress set,True
YOUTUBE_id39_s1_151.png,0,VALID,2.9472656,-1.5605469,-4.296875,4.445018,LCC-FASD external-dev / cross-domain stress set,False
YOUTUBE_id42_s0_15.png,0,VALID,95.9375,-65.9375,-66.125,161.27121,LCC-FASD external-dev / cross-domain stress set,True
YOUTUBE_id42_s0_30.png,0,VALID,85.125,-58.28125,-59.03125,143.01938,LCC-FASD external-dev / cross-domain stress set,True
YOUTUBE_id42_s0_105.png,0,VALID,94.9375,-64.9375,-65.6875,159.48813,LCC-FASD external-dev / cross-domain stress set,True
YOUTUBE_id42_s0_120.png,0,VALID,82.3125,-56.46875,-56.9375,138.29526,LCC-FASD external-dev / cross-domain stress set,True
YOUTUBE_id42_s0_135.png,0,VALID,86.0,-58.90625,-59.5,144.46654,LCC-FASD external-dev / cross-domain stress set,True
YOUTUBE_id42_s0_150.png,0,VALID,89.9375,-61.625,-62.25,151.1338,LCC-FASD external-dev / cross-domain stress set,True
YOUTUBE_id123_s0_15.png,0,VALID,44.75,-31.90625,-30.75,75.22642,LCC-FASD external-dev / cross-domain stress set,True
YOUTUBE_id123_s0_30.png,0,VALID,0.65527344,-0.70703125,-1.8730469,1.0910523,LCC-FASD external-dev / cross-domain stress set,False
YOUTUBE_id123_s0_45.png,0,VALID,12.453125,-9.9140625,-8.78125,20.955133,LCC-FASD external-dev / cross-domain stress set,True
YOUTUBE_id123_s0_60.png,0,VALID,53.8125,-37.21875,-37.5625,90.495285,LCC-FASD external-dev / cross-domain stress set,True
YOUTUBE_id123_s0_75.png,0,VALID,45.53125,-31.75,-31.84375,76.63388,LCC-FASD external-dev / cross-domain stress set,True
YOUTUBE_id123_s0_90.png,0,VALID,35.6875,-24.8125,-25.40625,60.060295,LCC-FASD external-dev / cross-domain stress set,True
YOUTUBE_id123_s0_120.png,0,VALID,5.7929688,-4.5546875,-5.0351562,9.86616,LCC-FASD external-dev / cross-domain stress set,True
YOUTUBE_id123_s0_135.png,0,VALID,30.96875,-21.875,-22.03125,52.225677,LCC-FASD external-dev / cross-domain stress set,True
YOUTUBE_id123_s0_150.png,0,VALID,19.65625,-14.359375,-14.15625,33.215767,LCC-FASD external-dev / cross-domain stress set,True
YOUTUBE_id124_s0_15.png,0,VALID,49.59375,-34.40625,-34.75,83.464035,LCC-FASD external-dev / cross-domain stress set,True
YOUTUBE_id124_s0_30.png,0,VALID,50.9375,-35.0625,-35.875,85.63276,LCC-FASD external-dev / cross-domain stress set,True
YOUTUBE_id124_s0_45.png,0,VALID,66.4375,-45.46875,-46.4375,111.58449,LCC-FASD external-dev / cross-domain stress set,True
YOUTUBE_id124_s0_60.png,0,VALID,40.46875,-27.65625,-29.15625,67.923584,LCC-FASD external-dev / cross-domain stress set,True
YOUTUBE_id124_s0_75.png,0,VALID,44.375,-30.6875,-31.390625,74.66035,LCC-FASD external-dev / cross-domain stress set,True
YOUTUBE_id124_s0_90.png,0,VALID,9.9140625,-7.1171875,-8.140625,16.724237,LCC-FASD external-dev / cross-domain stress set,True
YOUTUBE_id124_s0_105.png,0,VALID,22.96875,-15.9375,-16.953125,38.597168,LCC-FASD external-dev / cross-domain stress set,True
YOUTUBE_id124_s0_120.png,0,VALID,26.375,-18.359375,-19.171875,44.367134,LCC-FASD external-dev / cross-domain stress set,True
YOUTUBE_id124_s0_135.png,0,VALID,2.6875,-2.1210938,-3.2480469,4.5279217,LCC-FASD external-dev / cross-domain stress set,False
YOUTUBE_id124_s0_150.png,0,VALID,15.328125,-10.765625,-11.796875,25.788797,LCC-FASD external-dev / cross-domain stress set,True
YOUTUBE_id119_s0_15.png,0,VALID,83.8125,-57.09375,-58.34375,140.65433,LCC-FASD external-dev / cross-domain stress set,True
YOUTUBE_id119_s0_30.png,0,VALID,33.6875,-22.984375,-24.578125,56.486923,LCC-FASD external-dev / cross-domain stress set,True
YOUTUBE_id119_s0_45.png,0,VALID,57.09375,-38.75,-40.53125,95.688095,LCC-FASD external-dev / cross-domain stress set,True
YOUTUBE_id119_s0_60.png,0,VALID,63.59375,-43.34375,-44.71875,106.71208,LCC-FASD external-dev / cross-domain stress set,True
YOUTUBE_id119_s0_75.png,0,VALID,72.0625,-49.3125,-50.25,121.04454,LCC-FASD external-dev / cross-domain stress set,True
YOUTUBE_id119_s0_90.png,0,VALID,69.8125,-47.8125,-48.78125,117.30324,LCC-FASD external-dev / cross-domain stress set,True
YOUTUBE_id119_s0_150.png,0,VALID,66.0625,-44.875,-46.6875,110.786285,LCC-FASD external-dev / cross-domain stress set,True
YOUTUBE_id119_s1_15.png,0,VALID,75.8125,-51.65625,-53.0,127.23695,LCC-FASD external-dev / cross-domain stress set,True
YOUTUBE_id119_s1_30.png,0,VALID,81.75,-55.75,-56.96875,137.24103,LCC-FASD external-dev / cross-domain stress set,True
YOUTUBE_id119_s1_45.png,0,VALID,59.5625,-40.46875,-42.1875,99.86633,LCC-FASD external-dev / cross-domain stress set,True
YOUTUBE_id119_s1_60.png,0,VALID,66.4375,-45.65625,-46.34375,111.6864,LCC-FASD external-dev / cross-domain stress set,True
YOUTUBE_id119_s1_75.png,0,VALID,71.1875,-48.65625,-49.78125,119.5626,LCC-FASD external-dev / cross-domain stress set,True
YOUTUBE_id119_s1_90.png,0,VALID,79.9375,-54.65625,-55.59375,134.26329,LCC-FASD external-dev / cross-domain stress set,True
YOUTUBE_id119_s1_105.png,0,VALID,86.75,-59.125,-60.46875,145.6432,LCC-FASD external-dev / cross-domain stress set,True
YOUTUBE_id119_s1_120.png,0,VALID,78.125,-53.25,-54.5,131.12308,LCC-FASD external-dev / cross-domain stress set,True
YOUTUBE_id119_s1_135.png,0,VALID,80.625,-54.90625,-56.25,135.29945,LCC-FASD external-dev / cross-domain stress set,True
YOUTUBE_id119_s1_150.png,0,VALID,57.65625,-39.28125,-40.6875,96.718315,LCC-FASD external-dev / cross-domain stress set,True
YOUTUBE_id120_s0_57.png,0,VALID,63.53125,-44.03125,-44.0,106.85361,LCC-FASD external-dev / cross-domain stress set,True
YOUTUBE_id120_s0_72.png,0,VALID,-40.9375,25.1875,28.671875,-69.63959,LCC-FASD external-dev / cross-domain stress set,False
YOUTUBE_id120_s0_87.png,0,VALID,-4.7773438,1.0341797,3.5976562,-8.449213,LCC-FASD external-dev / cross-domain stress set,False
YOUTUBE_id120_s0_102.png,0,VALID,13.28125,-10.8984375,-8.953125,22.100769,LCC-FASD external-dev / cross-domain stress set,True
YOUTUBE_id120_s0_117.png,0,VALID,-42.09375,25.484375,29.78125,-71.88852,LCC-FASD external-dev / cross-domain stress set,False
YOUTUBE_id120_s0_132.png,0,VALID,-15.3125,7.8515625,11.0390625,-26.39201,LCC-FASD external-dev / cross-domain stress set,False
YOUTUBE_id120_s0_147.png,0,VALID,-9.703125,4.3710938,6.9570312,-16.73278,LCC-FASD external-dev / cross-domain stress set,False
YOUTUBE_id120_s0_162.png,0,VALID,-10.3671875,4.6523438,7.6132812,-18.030943,LCC-FASD external-dev / cross-domain stress set,False
YOUTUBE_id120_s0_177.png,0,VALID,-10.140625,4.4726562,7.4453125,-17.635838,LCC-FASD external-dev / cross-domain stress set,False
YOUTUBE_id120_s0_192.png,0,VALID,9.9296875,-8.65625,-6.5859375,16.396824,LCC-FASD external-dev / cross-domain stress set,True
YOUTUBE_id121_s0_15.png,0,VALID,53.59375,-37.375,-37.3125,90.243866,LCC-FASD external-dev / cross-domain stress set,True
YOUTUBE_id121_s0_30.png,0,VALID,53.65625,-37.59375,-37.25,90.370285,LCC-FASD external-dev / cross-domain stress set,True
YOUTUBE_id121_s0_45.png,0,VALID,53.15625,-37.0625,-37.03125,89.50986,LCC-FASD external-dev / cross-domain stress set,True
YOUTUBE_id121_s0_60.png,0,VALID,63.71875,-44.8125,-43.65625,107.10142,LCC-FASD external-dev / cross-domain stress set,True
YOUTUBE_id121_s0_75.png,0,VALID,48.84375,-34.15625,-34.15625,82.306854,LCC-FASD external-dev / cross-domain stress set,True
YOUTUBE_id121_s0_90.png,0,VALID,57.84375,-40.3125,-40.15625,97.38193,LCC-FASD external-dev / cross-domain stress set,True
YOUTUBE_id121_s0_105.png,0,VALID,50.8125,-35.59375,-35.375,85.59776,LCC-FASD external-dev / cross-domain stress set,True
YOUTUBE_id121_s0_120.png,0,VALID,49.84375,-34.9375,-34.6875,83.95531,LCC-FASD external-dev / cross-domain stress set,True
YOUTUBE_id121_s0_135.png,0,VALID,48.75,-34.09375,-34.09375,82.150604,LCC-FASD external-dev / cross-domain stress set,True
YOUTUBE_id121_s0_150.png,0,VALID,44.0625,-31.109375,-30.734375,74.27375,LCC-FASD external-dev / cross-domain stress set,True
YOUTUBE_id122_s0_15.png,0,VALID,-21.5625,13.96875,13.8203125,-36.15293,LCC-FASD external-dev / cross-domain stress set,False
YOUTUBE_id122_s0_30.png,0,VALID,-14.8828125,8.6875,9.8125,-24.976463,LCC-FASD external-dev / cross-domain stress set,False
YOUTUBE_id122_s0_45.png,0,VALID,-32.5625,21.0625,21.46875,-54.541763,LCC-FASD external-dev / cross-domain stress set,False
YOUTUBE_id122_s0_60.png,0,VALID,-25.25,16.25,16.3125,-42.224884,LCC-FASD external-dev / cross-domain stress set,False
YOUTUBE_id122_s0_75.png,0,VALID,-51.65625,33.9375,34.5625,-86.647446,LCC-FASD external-dev / cross-domain stress set,False
YOUTUBE_id122_s0_90.png,0,VALID,-31.765625,20.765625,20.796875,-53.240143,LCC-FASD external-dev / cross-domain stress set,False
YOUTUBE_id122_s0_105.png,0,VALID,-34.96875,22.796875,22.9375,-58.531555,LCC-FASD external-dev / cross-domain stress set,False
YOUTUBE_id122_s0_120.png,0,VALID,-4.9140625,2.5839844,2.4355469,-8.119727,LCC-FASD external-dev / cross-domain stress set,False
YOUTUBE_id122_s0_135.png,0,VALID,-5.6601562,2.9609375,3.109375,-9.3912115,LCC-FASD external-dev / cross-domain stress set,False
YOUTUBE_id122_s0_150.png,0,VALID,-40.90625,27.453125,26.34375,-68.64438,LCC-FASD external-dev / cross-domain stress set,False
YOUTUBE_id123_s0_105.png,0,VALID,22.3125,-15.78125,-16.296875,37.62554,LCC-FASD external-dev / cross-domain stress set,True
YOUTUBE_id115_s2_45.png,0,VALID,20.609375,-14.953125,-14.7578125,34.766937,LCC-FASD external-dev / cross-domain stress set,True
YOUTUBE_id115_s2_60.png,0,VALID,45.1875,-31.75,-31.375,76.039375,LCC-FASD external-dev / cross-domain stress set,True
YOUTUBE_id115_s2_75.png,0,VALID,39.0625,-27.578125,-27.203125,65.7425,LCC-FASD external-dev / cross-domain stress set,True
YOUTUBE_id115_s2_90.png,0,VALID,24.484375,-17.171875,-17.78125,41.222076,LCC-FASD external-dev / cross-domain stress set,True
YOUTUBE_id116_s0_15.png,0,VALID,2.6894531,-2.7363281,-2.8789062,4.801384,LCC-FASD external-dev / cross-domain stress set,False
YOUTUBE_id116_s0_30.png,0,VALID,37.0,-25.859375,-26.4375,62.41408,LCC-FASD external-dev / cross-domain stress set,True
YOUTUBE_id116_s0_45.png,0,VALID,47.90625,-33.3125,-33.625,80.66969,LCC-FASD external-dev / cross-domain stress set,True
YOUTUBE_id116_s0_60.png,0,VALID,48.09375,-33.3125,-33.84375,80.943855,LCC-FASD external-dev / cross-domain stress set,True
YOUTUBE_id116_s0_75.png,0,VALID,-6.3320312,3.5820312,3.1914062,-10.430851,LCC-FASD external-dev / cross-domain stress set,False
YOUTUBE_id116_s0_90.png,0,VALID,50.65625,-35.3125,-35.4375,85.33615,LCC-FASD external-dev / cross-domain stress set,True
YOUTUBE_id116_s0_105.png,0,VALID,54.3125,-37.90625,-37.6875,91.41026,LCC-FASD external-dev / cross-domain stress set,True
YOUTUBE_id116_s0_120.png,0,VALID,65.1875,-45.21875,-45.15625,109.681366,LCC-FASD external-dev / cross-domain stress set,True
YOUTUBE_id116_s0_135.png,0,VALID,23.078125,-16.171875,-17.078125,38.91065,LCC-FASD external-dev / cross-domain stress set,True
YOUTUBE_id116_s0_150.png,0,VALID,61.125,-42.1875,-42.625,102.81436,LCC-FASD external-dev / cross-domain stress set,True
YOUTUBE_id116_s1_15.png,0,VALID,24.875,-17.9375,-17.59375,41.932777,LCC-FASD external-dev / cross-domain stress set,True
YOUTUBE_id116_s1_30.png,0,VALID,-13.1015625,8.1484375,7.8554688,-21.807354,LCC-FASD external-dev / cross-domain stress set,False
YOUTUBE_id116_s1_45.png,0,VALID,43.3125,-30.34375,-30.375,72.97861,LCC-FASD external-dev / cross-domain stress set,True
YOUTUBE_id116_s1_60.png,0,VALID,4.2265625,-3.8398438,-3.7871094,7.3465443,LCC-FASD external-dev / cross-domain stress set,False
YOUTUBE_id116_s1_75.png,0,VALID,35.46875,-25.59375,-24.453125,59.64453,LCC-FASD external-dev / cross-domain stress set,True
YOUTUBE_id116_s1_90.png,0,VALID,29.40625,-20.921875,-20.828125,49.587006,LCC-FASD external-dev / cross-domain stress set,True
YOUTUBE_id116_s1_105.png,0,VALID,54.0625,-37.6875,-37.59375,91.00888,LCC-FASD external-dev / cross-domain stress set,True
YOUTUBE_id116_s1_120.png,0,VALID,59.3125,-41.1875,-41.21875,99.82236,LCC-FASD external-dev / cross-domain stress set,True
YOUTUBE_id116_s1_135.png,0,VALID,30.03125,-21.359375,-21.34375,50.689636,LCC-FASD external-dev / cross-domain stress set,True
YOUTUBE_id116_s1_150.png,0,VALID,10.890625,-8.390625,-8.203125,18.489964,LCC-FASD external-dev / cross-domain stress set,True
YOUTUBE_id116_s2_15.png,0,VALID,41.75,-29.46875,-28.984375,70.25437,LCC-FASD external-dev / cross-domain stress set,True
YOUTUBE_id116_s2_30.png,0,VALID,65.0625,-45.28125,-44.90625,109.445625,LCC-FASD external-dev / cross-domain stress set,True
YOUTUBE_id116_s2_45.png,0,VALID,67.25,-46.71875,-46.375,113.089035,LCC-FASD external-dev / cross-domain stress set,True
YOUTUBE_id116_s2_60.png,0,VALID,53.375,-36.75,-37.53125,89.74805,LCC-FASD external-dev / cross-domain stress set,True
YOUTUBE_id116_s2_75.png,0,VALID,42.125,-28.90625,-30.125,70.77228,LCC-FASD external-dev / cross-domain stress set,True
YOUTUBE_id116_s2_90.png,0,VALID,59.34375,-41.53125,-40.875,99.800835,LCC-FASD external-dev / cross-domain stress set,True
YOUTUBE_id116_s2_105.png,0,VALID,27.453125,-18.5,-20.734375,45.851418,LCC-FASD external-dev / cross-domain stress set,True
YOUTUBE_id116_s2_120.png,0,VALID,-17.234375,12.40625,9.1796875,-29.67955,LCC-FASD external-dev / cross-domain stress set,False
YOUTUBE_id116_s2_135.png,0,VALID,63.84375,-43.6875,-44.75,107.23442,LCC-FASD external-dev / cross-domain stress set,True
YOUTUBE_id116_s2_150.png,0,VALID,41.90625,-28.71875,-29.953125,70.36957,LCC-FASD external-dev / cross-domain stress set,True
YOUTUBE_id117_s0_15.png,0,VALID,-17.375,12.328125,9.3125,-29.750977,LCC-FASD external-dev / cross-domain stress set,False
YOUTUBE_id117_s0_30.png,0,VALID,-18.0625,12.7109375,9.7734375,-30.825079,LCC-FASD external-dev / cross-domain stress set,False
YOUTUBE_id117_s0_45.png,0,VALID,7.0898438,-4.8828125,-6.6484375,11.81473,LCC-FASD external-dev / cross-domain stress set,True
YOUTUBE_id117_s0_60.png,0,VALID,-7.9765625,5.3398438,3.5429688,-13.469828,LCC-FASD external-dev / cross-domain stress set,False
YOUTUBE_id117_s0_75.png,0,VALID,-21.890625,15.3984375,12.375,-37.33655,LCC-FASD external-dev / cross-domain stress set,False
YOUTUBE_id117_s0_90.png,0,VALID,-3.9980469,2.5410156,0.875,-6.712174,LCC-FASD external-dev / cross-domain stress set,False
YOUTUBE_id117_s0_105.png,0,VALID,-5.2226562,3.3378906,1.6582031,-8.731498,LCC-FASD external-dev / cross-domain stress set,False
YOUTUBE_id117_s0_120.png,0,VALID,-8.15625,5.6835938,3.4160156,-13.938387,LCC-FASD external-dev / cross-domain stress set,False
YOUTUBE_id117_s0_135.png,0,VALID,7.0664062,-4.5234375,-6.9960938,11.508854,LCC-FASD external-dev / cross-domain stress set,True
YOUTUBE_id117_s0_150.png,0,VALID,22.78125,-16.046875,-16.828125,38.45117,LCC-FASD external-dev / cross-domain stress set,True
YOUTUBE_id118_s0_15.png,0,VALID,49.46875,-34.125,-34.78125,83.175835,LCC-FASD external-dev / cross-domain stress set,True
YOUTUBE_id118_s0_30.png,0,VALID,45.21875,-31.125,-32.03125,76.004395,LCC-FASD external-dev / cross-domain stress set,True
YOUTUBE_id118_s0_45.png,0,VALID,49.40625,-34.0625,-34.84375,83.0918,LCC-FASD external-dev / cross-domain stress set,True
YOUTUBE_id118_s0_60.png,0,VALID,63.46875,-43.9375,-44.0625,106.77365,LCC-FASD external-dev / cross-domain stress set,True
YOUTUBE_id118_s0_75.png,0,VALID,62.1875,-42.90625,-43.5,104.65404,LCC-FASD external-dev / cross-domain stress set,True
YOUTUBE_id118_s0_90.png,0,VALID,66.125,-45.4375,-46.125,111.15515,LCC-FASD external-dev / cross-domain stress set,True
YOUTUBE_id118_s0_105.png,0,VALID,63.625,-43.59375,-44.5625,106.89699,LCC-FASD external-dev / cross-domain stress set,True
YOUTUBE_id118_s0_120.png,0,VALID,73.5,-50.375,-51.21875,123.51726,LCC-FASD external-dev / cross-domain stress set,True
YOUTUBE_id118_s0_135.png,0,VALID,67.75,-46.625,-47.15625,113.912605,LCC-FASD external-dev / cross-domain stress set,True
YOUTUBE_id118_s0_150.png,0,VALID,69.5,-47.5625,-48.65625,116.773605,LCC-FASD external-dev / cross-domain stress set,True
YOUTUBE_id119_s0_105.png,0,VALID,60.375,-41.0,-42.71875,101.21008,LCC-FASD external-dev / cross-domain stress set,True
YOUTUBE_id119_s0_120.png,0,VALID,45.5,-30.90625,-32.71875,76.255035,LCC-FASD external-dev / cross-domain stress set,True
YOUTUBE_id119_s0_135.png,0,VALID,60.25,-40.96875,-42.59375,101.039,LCC-FASD external-dev / cross-domain stress set,True
PBUNKNOWN_id169_s0_15.png,0,VALID,3.0625,-2.2675781,-3.2636719,5.015764,LCC-FASD external-dev / cross-domain stress set,False
PBUNKNOWN_id169_s0_30.png,0,VALID,41.0625,-28.109375,-29.046875,68.841415,LCC-FASD external-dev / cross-domain stress set,True
PBUNKNOWN_id169_s0_45.png,0,VALID,54.96875,-37.375,-38.75,92.11833,LCC-FASD external-dev / cross-domain stress set,True
PBUNKNOWN_id169_s0_60.png,0,VALID,42.4375,-29.140625,-29.984375,71.22038,LCC-FASD external-dev / cross-domain stress set,True
PBUNKNOWN_id169_s0_75.png,0,VALID,41.09375,-28.46875,-28.734375,68.99337,LCC-FASD external-dev / cross-domain stress set,True
PBUNKNOWN_id169_s0_90.png,0,VALID,45.21875,-31.1875,-31.625,75.90811,LCC-FASD external-dev / cross-domain stress set,True
PBUNKNOWN_id169_s0_120.png,0,VALID,13.234375,-8.9921875,-10.359375,21.999569,LCC-FASD external-dev / cross-domain stress set,True
PBUNKNOWN_id169_s0_135.png,0,VALID,18.6875,-12.796875,-14.015625,31.225403,LCC-FASD external-dev / cross-domain stress set,True
PBUNKNOWN_id169_s0_150.png,0,VALID,45.40625,-31.125,-32.03125,76.191895,LCC-FASD external-dev / cross-domain stress set,True
SIC320_id161_s0_15.png,0,VALID,-78.25,49.9375,54.40625,-132.66765,LCC-FASD external-dev / cross-domain stress set,False
SIC320_id161_s0_30.png,0,VALID,-30.6875,18.390625,21.53125,-52.261097,LCC-FASD external-dev / cross-domain stress set,False
SIC320_id161_s0_45.png,0,VALID,-64.625,41.21875,44.65625,-109.31289,LCC-FASD external-dev / cross-domain stress set,False
SIC320_id161_s0_60.png,0,VALID,-64.125,40.46875,44.71875,-108.85791,LCC-FASD external-dev / cross-domain stress set,False
SIC320_id161_s0_75.png,0,VALID,-62.5,39.75,43.4375,-105.96223,LCC-FASD external-dev / cross-domain stress set,False
SIC320_id161_s0_90.png,0,VALID,-41.21875,25.28125,28.9375,-70.18175,LCC-FASD external-dev / cross-domain stress set,False
SIC320_id161_s0_105.png,0,VALID,-62.09375,39.34375,43.1875,-105.30244,LCC-FASD external-dev / cross-domain stress set,False
SIC320_id161_s0_120.png,0,VALID,-79.875,50.96875,55.59375,-135.4785,LCC-FASD external-dev / cross-domain stress set,False
SIC320_id161_s0_135.png,0,VALID,-42.25,26.0625,29.59375,-71.8726,LCC-FASD external-dev / cross-domain stress set,False
SIC320_id161_s0_150.png,0,VALID,-70.0,44.84375,48.46875,-118.49505,LCC-FASD external-dev / cross-domain stress set,False
UNKNOWN_id152_s0_15.png,0,VALID,9.8203125,-5.8984375,-9.1875,15.682139,LCC-FASD external-dev / cross-domain stress set,True
UNKNOWN_id152_s0_30.png,0,VALID,62.53125,-42.15625,-44.5,104.59586,LCC-FASD external-dev / cross-domain stress set,True
UNKNOWN_id152_s0_45.png,0,VALID,38.46875,-25.8125,-28.234375,64.19621,LCC-FASD external-dev / cross-domain stress set,True
UNKNOWN_id152_s0_60.png,0,VALID,11.765625,-7.625,-10.2109375,19.318,LCC-FASD external-dev / cross-domain stress set,True
UNKNOWN_id152_s0_75.png,0,VALID,-24.875,17.640625,14.1171875,-42.544697,LCC-FASD external-dev / cross-domain stress set,False
UNKNOWN_id152_s0_90.png,0,VALID,-17.5,12.515625,9.421875,-30.05996,LCC-FASD external-dev / cross-domain stress set,False
UNKNOWN_id152_s0_105.png,0,VALID,-12.015625,8.78125,5.6953125,-20.841549,LCC-FASD external-dev / cross-domain stress set,False
UNKNOWN_id152_s0_120.png,0,VALID,52.8125,-35.53125,-37.96875,88.25998,LCC-FASD external-dev / cross-domain stress set,True
UNKNOWN_id152_s0_135.png,0,VALID,69.5,-47.21875,-48.875,116.54408,LCC-FASD external-dev / cross-domain stress set,True
UNKNOWN_id152_s0_150.png,0,VALID,48.34375,-33.0,-34.40625,81.124565,LCC-FASD external-dev / cross-domain stress set,True
YOUTUBE_id115_s0_15.png,0,VALID,24.546875,-16.890625,-18.296875,41.218315,LCC-FASD external-dev / cross-domain stress set,True
YOUTUBE_id115_s0_30.png,0,VALID,35.25,-23.796875,-25.796875,58.919945,LCC-FASD external-dev / cross-domain stress set,True
YOUTUBE_id115_s0_45.png,0,VALID,38.90625,-26.78125,-27.8125,65.382545,LCC-FASD external-dev / cross-domain stress set,True
YOUTUBE_id115_s0_60.png,0,VALID,27.203125,-18.765625,-19.859375,45.679848,LCC-FASD external-dev / cross-domain stress set,True
YOUTUBE_id115_s0_75.png,0,VALID,3.0820312,-2.2207031,-3.6738281,5.0926046,LCC-FASD external-dev / cross-domain stress set,False
YOUTUBE_id115_s0_90.png,0,VALID,31.921875,-21.5625,-23.53125,53.35367,LCC-FASD external-dev / cross-domain stress set,True
YOUTUBE_id115_s0_105.png,0,VALID,52.625,-35.875,-37.25,88.27458,LCC-FASD external-dev / cross-domain stress set,True
YOUTUBE_id115_s0_120.png,0,VALID,50.25,-34.34375,-35.65625,84.35541,LCC-FASD external-dev / cross-domain stress set,True
YOUTUBE_id115_s0_135.png,0,VALID,46.09375,-31.203125,-33.15625,77.164246,LCC-FASD external-dev / cross-domain stress set,True
YOUTUBE_id115_s1_15.png,0,VALID,17.5,-12.53125,-12.9765625,29.536173,LCC-FASD external-dev / cross-domain stress set,True
YOUTUBE_id115_s1_30.png,0,VALID,37.1875,-25.8125,-26.453125,62.57672,LCC-FASD external-dev / cross-domain stress set,True
YOUTUBE_id115_s1_45.png,0,VALID,-5.109375,2.484375,2.8183594,-8.467768,LCC-FASD external-dev / cross-domain stress set,False
YOUTUBE_id115_s1_60.png,0,VALID,46.15625,-32.125,-32.28125,77.66318,LCC-FASD external-dev / cross-domain stress set,True
YOUTUBE_id115_s1_75.png,0,VALID,19.21875,-13.78125,-13.953125,32.389103,LCC-FASD external-dev / cross-domain stress set,True
YOUTUBE_id115_s1_90.png,0,VALID,25.875,-18.4375,-18.40625,43.603607,LCC-FASD external-dev / cross-domain stress set,True
YOUTUBE_id115_s1_105.png,0,VALID,25.5625,-18.09375,-18.421875,43.11377,LCC-FASD external-dev / cross-domain stress set,True
YOUTUBE_id115_s1_120.png,0,VALID,40.71875,-28.171875,-28.875,68.48847,LCC-FASD external-dev / cross-domain stress set,True
YOUTUBE_id115_s1_135.png,0,VALID,20.59375,-14.6796875,-15.0,34.727676,LCC-FASD external-dev / cross-domain stress set,True
YOUTUBE_id115_s1_150.png,0,VALID,26.671875,-18.375,-19.640625,44.798405,LCC-FASD external-dev / cross-domain stress set,True
YOUTUBE_id115_s2_15.png,0,VALID,-0.85302734,-0.5253906,-0.038269043,-1.2937169,LCC-FASD external-dev / cross-domain stress set,False
YOUTUBE_id115_s2_30.png,0,VALID,43.5625,-30.859375,-30.140625,73.30612,LCC-FASD external-dev / cross-domain stress set,True
YOUTUBE_id115_s2_105.png,0,VALID,2.9824219,-3.15625,-2.5117188,5.0722065,LCC-FASD external-dev / cross-domain stress set,False
YOUTUBE_id115_s2_120.png,0,VALID,28.640625,-20.015625,-20.59375,48.210957,LCC-FASD external-dev / cross-domain stress set,True
YOUTUBE_id115_s2_135.png,0,VALID,21.484375,-14.859375,-16.046875,36.07756,LCC-FASD external-dev / cross-domain stress set,True
YOUTUBE_id115_s2_150.png,0,VALID,22.109375,-15.4921875,-16.265625,37.222153,LCC-FASD external-dev / cross-domain stress set,True
FT720P_id5_s0_30.png,0,VALID,113.6875,-77.5625,-78.375,190.88275,LCC-FASD external-dev / cross-domain stress set,True
FT720P_id5_s0_45.png,0,VALID,111.3125,-75.8125,-76.875,186.82816,LCC-FASD external-dev / cross-domain stress set,True
FT720P_id5_s0_60.png,0,VALID,118.3125,-80.625,-81.5625,198.60704,LCC-FASD external-dev / cross-domain stress set,True
FT720P_id5_s0_75.png,0,VALID,111.0625,-75.375,-76.9375,186.2472,LCC-FASD external-dev / cross-domain stress set,True
FT720P_id5_s0_90.png,0,VALID,115.3125,-78.375,-79.75,193.4621,LCC-FASD external-dev / cross-domain stress set,True
FT720P_id9_s0_15.png,0,VALID,-0.88623047,1.046875,-1.6582031,-1.99783,LCC-FASD external-dev / cross-domain stress set,False
FT720P_id9_s0_30.png,0,VALID,9.0234375,-6.0546875,-7.9335938,14.935968,LCC-FASD external-dev / cross-domain stress set,True
FT720P_id9_s0_45.png,0,VALID,0.3449707,0.17907715,-2.4570312,0.0967038,LCC-FASD external-dev / cross-domain stress set,False
FT720P_id9_s0_60.png,0,VALID,0.8105469,-0.13671875,-2.7871094,0.8790243,LCC-FASD external-dev / cross-domain stress set,False
FT720P_id9_s0_75.png,0,VALID,2.5996094,-1.4648438,-3.8632812,3.977487,LCC-FASD external-dev / cross-domain stress set,False
FT720P_id9_s0_90.png,0,VALID,1.4414062,-0.7089844,-3.046875,2.058239,LCC-FASD external-dev / cross-domain stress set,False
FT720P_id9_s0_105.png,0,VALID,7.5,-4.8828125,-7.0546875,12.274888,LCC-FASD external-dev / cross-domain stress set,True
FT720P_id9_s0_120.png,0,VALID,-0.6791992,0.8173828,-1.7216797,-1.5725615,LCC-FASD external-dev / cross-domain stress set,False
FT720P_id9_s0_135.png,0,VALID,6.921875,-4.1875,-6.984375,11.050163,LCC-FASD external-dev / cross-domain stress set,True
FT720P_id9_s0_150.png,0,VALID,6.6054688,-4.0976562,-6.625,10.626284,LCC-FASD external-dev / cross-domain stress set,True
IPHONE8B_id5_s2_15.png,0,VALID,90.875,-62.25,-62.84375,152.68529,LCC-FASD external-dev / cross-domain stress set,True
IPHONE8B_id5_s2_30.png,0,VALID,84.6875,-57.9375,-58.78125,142.26726,LCC-FASD external-dev / cross-domain stress set,True
IPHONE8B_id5_s2_45.png,0,VALID,85.6875,-58.65625,-59.46875,143.9765,LCC-FASD external-dev / cross-domain stress set,True
IPHONE8B_id5_s2_60.png,0,VALID,85.0625,-58.3125,-58.875,142.92406,LCC-FASD external-dev / cross-domain stress set,True
IPHONE8B_id5_s2_75.png,0,VALID,81.9375,-56.25,-56.75,137.71342,LCC-FASD external-dev / cross-domain stress set,True
IPHONE8B_id5_s2_90.png,0,VALID,87.75,-60.15625,-60.75,147.46654,LCC-FASD external-dev / cross-domain stress set,True
IPHONE8B_id5_s2_105.png,0,VALID,80.1875,-55.0,-55.625,134.7588,LCC-FASD external-dev / cross-domain stress set,True
IPHONE8B_id5_s2_120.png,0,VALID,82.375,-56.59375,-57.03125,138.47061,LCC-FASD external-dev / cross-domain stress set,True
IPHONE8B_id5_s2_135.png,0,VALID,86.875,-59.625,-60.0625,146.00186,LCC-FASD external-dev / cross-domain stress set,True
IPHONE8B_id5_s2_150.png,0,VALID,81.875,-56.21875,-56.6875,137.60776,LCC-FASD external-dev / cross-domain stress set,True
IPHONE8B_id9_s2_15.png,0,VALID,71.5625,-49.4375,-49.46875,120.32236,LCC-FASD external-dev / cross-domain stress set,True
IPHONE8B_id9_s2_30.png,0,VALID,66.75,-46.21875,-46.03125,112.17746,LCC-FASD external-dev / cross-domain stress set,True
IPHONE8B_id9_s2_45.png,0,VALID,76.0,-52.46875,-52.46875,127.775604,LCC-FASD external-dev / cross-domain stress set,True
IPHONE8B_id9_s2_60.png,0,VALID,76.8125,-53.0625,-52.96875,129.13388,LCC-FASD external-dev / cross-domain stress set,True
IPHONE8B_id9_s2_75.png,0,VALID,72.0625,-49.84375,-49.6875,121.13193,LCC-FASD external-dev / cross-domain stress set,True
IPHONE8B_id9_s2_90.png,0,VALID,71.875,-49.6875,-49.625,120.837616,LCC-FASD external-dev / cross-domain stress set,True
IPHONE8B_id9_s2_105.png,0,VALID,72.9375,-50.46875,-50.25,122.59776,LCC-FASD external-dev / cross-domain stress set,True
IPHONE8B_id9_s2_120.png,0,VALID,68.875,-47.65625,-47.65625,115.838104,LCC-FASD external-dev / cross-domain stress set,True
IPHONE8B_id9_s2_135.png,0,VALID,79.125,-54.53125,-54.59375,132.99387,LCC-FASD external-dev / cross-domain stress set,True
IPHONE8B_id9_s2_150.png,0,VALID,70.0625,-48.40625,-48.40625,117.775604,LCC-FASD external-dev / cross-domain stress set,True
IPHONE8B_id81_s0_15.png,0,VALID,45.75,-31.46875,-32.46875,76.90549,LCC-FASD external-dev / cross-domain stress set,True
IPHONE8B_id81_s0_30.png,0,VALID,54.6875,-37.40625,-38.65625,91.84182,LCC-FASD external-dev / cross-domain stress set,True
IPHONE8B_id81_s0_45.png,0,VALID,38.59375,-26.359375,-27.796875,64.74001,LCC-FASD external-dev / cross-domain stress set,True
IPHONE8B_id81_s0_60.png,0,VALID,27.328125,-18.65625,-20.234375,45.79677,LCC-FASD external-dev / cross-domain stress set,True
IPHONE8B_id81_s0_75.png,0,VALID,47.0,-32.25,-33.375,78.96885,LCC-FASD external-dev / cross-domain stress set,True
IPHONE8B_id81_s0_90.png,0,VALID,49.96875,-34.34375,-35.34375,83.99924,LCC-FASD external-dev / cross-domain stress set,True
IPHONE8B_id81_s0_105.png,0,VALID,56.8125,-39.09375,-39.875,95.5293,LCC-FASD external-dev / cross-domain stress set,True
IPHONE8B_id81_s0_120.png,0,VALID,40.46875,-27.734375,-29.046875,67.96478,LCC-FASD external-dev / cross-domain stress set,True
IPHONE8B_id81_s0_135.png,0,VALID,56.625,-38.84375,-39.875,95.163795,LCC-FASD external-dev / cross-domain stress set,True
IPHONE8B_id81_s0_150.png,0,VALID,60.9375,-42.0,-42.5625,102.48656,LCC-FASD external-dev / cross-domain stress set,True
MSIGT72_id164_s0_15.png,0,VALID,-153.375,105.875,100.75,-259.25592,LCC-FASD external-dev / cross-domain stress set,False
MSIGT72_id164_s0_30.png,0,VALID,-155.5,107.75,101.625,-263.2522,LCC-FASD external-dev / cross-domain stress set,False
MSIGT72_id164_s0_45.png,0,VALID,-152.0,105.5,99.0,-257.5015,LCC-FASD external-dev / cross-domain stress set,False
MSIGT72_id164_s0_60.png,0,VALID,-154.625,107.25,100.875,-261.8767,LCC-FASD external-dev / cross-domain stress set,False
MSIGT72_id164_s0_75.png,0,VALID,-142.75,98.75,93.1875,-241.50383,LCC-FASD external-dev / cross-domain stress set,False
MSIGT72_id164_s0_90.png,0,VALID,-146.75,101.5,96.0,-248.25409,LCC-FASD external-dev / cross-domain stress set,False
MSIGT72_id164_s0_105.png,0,VALID,-154.375,106.8125,101.0625,-261.19067,LCC-FASD external-dev / cross-domain stress set,False
MSIGT72_id164_s0_120.png,0,VALID,-144.625,99.8125,94.75,-244.44382,LCC-FASD external-dev / cross-domain stress set,False
MSIGT72_id164_s0_135.png,0,VALID,-143.375,99.8125,93.0625,-243.18866,LCC-FASD external-dev / cross-domain stress set,False
PBUNKNOWN_id169_s0_105.png,0,VALID,57.59375,-39.40625,-40.15625,96.61313,LCC-FASD external-dev / cross-domain stress set,True
FT720P_id0_s2_45.png,0,VALID,-18.625,13.234375,10.234375,-31.907963,LCC-FASD external-dev / cross-domain stress set,False
FT720P_id0_s2_60.png,0,VALID,-17.03125,12.1953125,9.078125,-29.269892,LCC-FASD external-dev / cross-domain stress set,False
FT720P_id0_s2_75.png,0,VALID,-17.9375,13.03125,9.3984375,-30.994848,LCC-FASD external-dev / cross-domain stress set,False
FT720P_id0_s2_90.png,0,VALID,-24.171875,17.421875,13.4921875,-41.61321,LCC-FASD external-dev / cross-domain stress set,False
FT720P_id0_s3_16.png,0,VALID,-82.25,57.90625,51.78125,-140.15843,LCC-FASD external-dev / cross-domain stress set,False
FT720P_id0_s3_31.png,0,VALID,-83.8125,59.21875,52.5,-143.03246,LCC-FASD external-dev / cross-domain stress set,False
FT720P_id0_s3_46.png,0,VALID,-77.625,54.65625,48.71875,-132.28389,LCC-FASD external-dev / cross-domain stress set,False
FT720P_id0_s3_61.png,0,VALID,-82.9375,58.71875,51.9375,-141.65738,LCC-FASD external-dev / cross-domain stress set,False
FT720P_id0_s3_77.png,0,VALID,-81.4375,57.5625,51.03125,-139.00146,LCC-FASD external-dev / cross-domain stress set,False
FT720P_id0_s3_92.png,0,VALID,-84.125,59.3125,52.96875,-143.43925,LCC-FASD external-dev / cross-domain stress set,False
FT720P_id0_s3_107.png,0,VALID,-78.5,55.5,49.1875,-134.00182,LCC-FASD external-dev / cross-domain stress set,False
FT720P_id0_s3_127.png,0,VALID,-76.75,54.21875,48.15625,-130.97107,LCC-FASD external-dev / cross-domain stress set,False
FT720P_id0_s3_142.png,0,VALID,-96.6875,67.9375,61.34375,-164.62637,LCC-FASD external-dev / cross-domain stress set,False
FT720P_id0_s3_157.png,0,VALID,-86.25,60.5,54.59375,-146.75272,LCC-FASD external-dev / cross-domain stress set,False
FT720P_id5_s0_15.png,0,VALID,112.0,-76.125,-77.5,187.8996,LCC-FASD external-dev / cross-domain stress set,True
FT720P_id5_s0_105.png,0,VALID,115.625,-78.6875,-79.875,194.04631,LCC-FASD external-dev / cross-domain stress set,True
FT720P_id5_s0_120.png,0,VALID,112.1875,-76.4375,-77.5,188.32816,LCC-FASD external-dev / cross-domain stress set,True
FT720P_id5_s0_135.png,0,VALID,114.5,-78.1875,-78.875,192.28015,LCC-FASD external-dev / cross-domain stress set,True
FT720P_id5_s0_150.png,0,VALID,109.375,-74.6875,-75.375,183.65515,LCC-FASD external-dev / cross-domain stress set,True
FT720P_id12_s0_15.png,0,VALID,104.4375,-72.0,-71.375,175.38379,LCC-FASD external-dev / cross-domain stress set,True
FT720P_id12_s0_30.png,0,VALID,110.375,-76.0,-75.5,185.40092,LCC-FASD external-dev / cross-domain stress set,True
FT720P_id12_s0_45.png,0,VALID,108.125,-74.4375,-74.125,181.70094,LCC-FASD external-dev / cross-domain stress set,True
FT720P_id12_s0_60.png,0,VALID,118.5,-81.25,-81.3125,199.08762,LCC-FASD external-dev / cross-domain stress set,True
FT720P_id12_s0_75.png,0,VALID,100.8125,-69.6875,-68.875,169.32025,LCC-FASD external-dev / cross-domain stress set,True
FT720P_id12_s0_90.png,0,VALID,108.6875,-74.875,-74.4375,182.62686,LCC-FASD external-dev / cross-domain stress set,True
FT720P_id12_s0_105.png,0,VALID,101.875,-70.1875,-69.8125,171.16437,LCC-FASD external-dev / cross-domain stress set,True
FT720P_id12_s0_120.png,0,VALID,105.125,-72.0,-72.3125,176.57594,LCC-FASD external-dev / cross-domain stress set,True
FT720P_id12_s0_135.png,0,VALID,99.75,-68.6875,-68.4375,167.61156,LCC-FASD external-dev / cross-domain stress set,True
FT720P_id12_s0_150.png,0,VALID,96.1875,-66.125,-66.125,161.61935,LCC-FASD external-dev / cross-domain stress set,True
FT720P_id12_s1_15.png,0,VALID,103.5625,-70.8125,-71.5625,173.98813,LCC-FASD external-dev / cross-domain stress set,True
FT720P_id12_s1_30.png,0,VALID,112.5,-77.25,-77.3125,189.08762,LCC-FASD external-dev / cross-domain stress set,True
FT720P_id12_s1_45.png,0,VALID,111.5625,-76.5,-76.75,187.48656,LCC-FASD external-dev / cross-domain stress set,True
FT720P_id12_s1_60.png,0,VALID,112.875,-77.3125,-77.75,189.68936,LCC-FASD external-dev / cross-domain stress set,True
FT720P_id12_s1_75.png,0,VALID,104.8125,-72.1875,-71.8125,176.10187,LCC-FASD external-dev / cross-domain stress set,True
FT720P_id12_s1_90.png,0,VALID,99.3125,-68.375,-68.25,166.9299,LCC-FASD external-dev / cross-domain stress set,True
FT720P_id12_s1_105.png,0,VALID,98.25,-67.5,-67.5625,165.08762,LCC-FASD external-dev / cross-domain stress set,True
FT720P_id12_s1_120.png,0,VALID,113.125,-77.625,-77.6875,190.08762,LCC-FASD external-dev / cross-domain stress set,True
FT720P_id12_s1_135.png,0,VALID,108.1875,-74.25,-74.5,181.86156,LCC-FASD external-dev / cross-domain stress set,True
FT720P_id12_s1_150.png,0,VALID,91.25,-62.6875,-63.0,153.38844,LCC-FASD external-dev / cross-domain stress set,True
FT720P_id12_s2_15.png,0,VALID,107.625,-73.3125,-74.5,180.67131,LCC-FASD external-dev / cross-domain stress set,True
FT720P_id12_s2_30.png,0,VALID,114.0,-78.125,-78.3125,191.52121,LCC-FASD external-dev / cross-domain stress set,True
FT720P_id12_s2_45.png,0,VALID,109.0,-74.8125,-74.875,183.15012,LCC-FASD external-dev / cross-domain stress set,True
FT720P_id12_s2_60.png,0,VALID,100.125,-68.875,-68.875,168.30685,LCC-FASD external-dev / cross-domain stress set,True
FT720P_id12_s2_75.png,0,VALID,105.25,-72.25,-72.25,176.80685,LCC-FASD external-dev / cross-domain stress set,True
FT720P_id12_s2_90.png,0,VALID,84.5625,-58.46875,-57.9375,142.0376,LCC-FASD external-dev / cross-domain stress set,True
FT720P_id12_s2_105.png,0,VALID,109.5625,-75.25,-75.1875,184.08762,LCC-FASD external-dev / cross-domain stress set,True
FT720P_id12_s2_120.png,0,VALID,112.25,-77.125,-76.9375,188.58371,LCC-FASD external-dev / cross-domain stress set,True
FT720P_id12_s2_135.png,0,VALID,115.375,-79.25,-79.125,193.8674,LCC-FASD external-dev / cross-domain stress set,True
FT720P_id12_s2_150.png,0,VALID,111.25,-76.625,-76.125,186.90092,LCC-FASD external-dev / cross-domain stress set,True
AGL752VM_id147_s0_15.png,0,VALID,100.25,-67.25,-70.5625,167.46423,LCC-FASD external-dev / cross-domain stress set,True
AGL752VM_id147_s0_30.png,0,VALID,107.0,-71.8125,-75.0,178.77206,LCC-FASD external-dev / cross-domain stress set,True
AGL752VM_id147_s0_45.png,0,VALID,51.40625,-33.75,-37.46875,85.13228,LCC-FASD external-dev / cross-domain stress set,True
AGL752VM_id147_s0_60.png,0,VALID,28.875,-18.25,-22.5,47.110836,LCC-FASD external-dev / cross-domain stress set,True
AGL752VM_id147_s0_75.png,0,VALID,41.0,-26.796875,-30.4375,67.77098,LCC-FASD external-dev / cross-domain stress set,True
AGL752VM_id147_s0_90.png,0,VALID,8.328125,-4.34375,-8.5703125,12.657378,LCC-FASD external-dev / cross-domain stress set,True
AGL752VM_id147_s0_105.png,0,VALID,25.5,-16.03125,-20.125,41.51471,LCC-FASD external-dev / cross-domain stress set,True
AGL752VM_id147_s0_120.png,0,VALID,73.125,-49.1875,-51.71875,122.23595,LCC-FASD external-dev / cross-domain stress set,True
AGL752VM_id147_s0_135.png,0,VALID,52.40625,-34.78125,-38.0,87.14827,LCC-FASD external-dev / cross-domain stress set,True
AGL752VM_id147_s0_150.png,0,VALID,-22.59375,16.921875,11.96875,-39.52266,LCC-FASD external-dev / cross-domain stress set,False
FT720P_id0_s0_15.png,0,VALID,80.5,-54.96875,-56.125,135.19516,LCC-FASD external-dev / cross-domain stress set,True
FT720P_id0_s0_30.png,0,VALID,88.8125,-60.71875,-61.625,149.1919,LCC-FASD external-dev / cross-domain stress set,True
FT720P_id0_s0_45.png,0,VALID,88.5625,-60.34375,-61.6875,148.67445,LCC-FASD external-dev / cross-domain stress set,True
FT720P_id0_s0_60.png,0,VALID,91.875,-62.75,-63.75,154.31174,LCC-FASD external-dev / cross-domain stress set,True
FT720P_id0_s0_75.png,0,VALID,88.625,-60.46875,-61.65625,148.82756,LCC-FASD external-dev / cross-domain stress set,True
FT720P_id0_s0_90.png,0,VALID,92.0,-62.71875,-63.9375,154.45978,LCC-FASD external-dev / cross-domain stress set,True
FT720P_id0_s0_105.png,0,VALID,79.5625,-54.375,-55.40625,133.63254,LCC-FASD external-dev / cross-domain stress set,True
FT720P_id0_s0_120.png,0,VALID,96.875,-66.0625,-67.1875,162.65634,LCC-FASD external-dev / cross-domain stress set,True
FT720P_id0_s0_135.png,0,VALID,90.3125,-61.5625,-62.78125,151.61603,LCC-FASD external-dev / cross-domain stress set,True
FT720P_id0_s0_150.png,0,VALID,79.4375,-54.3125,-55.3125,133.43674,LCC-FASD external-dev / cross-domain stress set,True
FT720P_id0_s1_15.png,0,VALID,96.1875,-65.9375,-66.375,161.62686,LCC-FASD external-dev / cross-domain stress set,True
FT720P_id0_s1_30.png,0,VALID,95.125,-65.1875,-65.625,159.81436,LCC-FASD external-dev / cross-domain stress set,True
FT720P_id0_s1_45.png,0,VALID,94.6875,-64.9375,-65.3125,159.10187,LCC-FASD external-dev / cross-domain stress set,True
FT720P_id0_s1_60.png,0,VALID,92.6875,-63.71875,-63.90625,155.80246,LCC-FASD external-dev / cross-domain stress set,True
FT720P_id0_s1_75.png,0,VALID,98.25,-67.375,-67.6875,165.07594,LCC-FASD external-dev / cross-domain stress set,True
FT720P_id0_s1_90.png,0,VALID,95.9375,-65.8125,-66.1875,161.22687,LCC-FASD external-dev / cross-domain stress set,True
FT720P_id0_s1_105.png,0,VALID,95.1875,-65.25,-65.6875,159.93936,LCC-FASD external-dev / cross-domain stress set,True
FT720P_id0_s1_120.png,0,VALID,99.5,-68.125,-68.6875,167.17407,LCC-FASD external-dev / cross-domain stress set,True
FT720P_id0_s1_135.png,0,VALID,91.5625,-62.875,-63.1875,153.88844,LCC-FASD external-dev / cross-domain stress set,True
FT720P_id0_s1_150.png,0,VALID,92.375,-63.375,-63.71875,155.21404,LCC-FASD external-dev / cross-domain stress set,True
FT720P_id0_s2_15.png,0,VALID,-11.375,8.1640625,5.515625,-19.607433,LCC-FASD external-dev / cross-domain stress set,False
FT720P_id0_s2_30.png,0,VALID,-13.78125,9.984375,6.9414062,-23.812216,LCC-FASD external-dev / cross-domain stress set,False
FT720P_id0_s2_105.png,0,VALID,-6.1171875,4.7773438,1.671875,-10.93836,LCC-FASD external-dev / cross-domain stress set,False
FT720P_id0_s2_120.png,0,VALID,-27.453125,19.5625,15.7734375,-47.03799,LCC-FASD external-dev / cross-domain stress set,False
FT720P_id0_s2_135.png,0,VALID,-4.71875,3.9003906,0.6821289,-8.658384,LCC-FASD external-dev / cross-domain stress set,False
FT720P_id0_s2_150.png,0,VALID,4.3710938,-2.5117188,-5.21875,6.81821,LCC-FASD external-dev / cross-domain stress set,False
YOUTUBE_id48_s2_15.png,0,VALID,75.8125,-50.625,-53.9375,126.40172,LCC-FASD external-dev / cross-domain stress set,True
YOUTUBE_id48_s2_30.png,0,VALID,-1.4501953,2.1308594,-2.0214844,-3.59666,LCC-FASD external-dev / cross-domain stress set,False
YOUTUBE_id48_s2_45.png,0,VALID,39.46875,-25.78125,-29.4375,65.2245,LCC-FASD external-dev / cross-domain stress set,True
YOUTUBE_id48_s2_78.png,0,VALID,-15.328125,11.6171875,7.7851562,-26.966747,LCC-FASD external-dev / cross-domain stress set,False
spoof_1793.png,1,VALID,-59.5,40.6875,38.03125,-100.255356,LCC-FASD external-dev / cross-domain stress set,False
spoof_1794.png,1,VALID,-86.375,58.9375,56.59375,-145.40414,LCC-FASD external-dev / cross-domain stress set,False
spoof_1795.png,1,VALID,-66.875,45.53125,43.25,-112.50352,LCC-FASD external-dev / cross-domain stress set,False
spoof_1796.png,1,VALID,-77.25,53.5,49.25,-130.76416,LCC-FASD external-dev / cross-domain stress set,False
spoof_1797.png,1,VALID,-45.09375,31.015625,28.265625,-76.17134,LCC-FASD external-dev / cross-domain stress set,False
spoof_1798.png,1,VALID,-57.75,40.6875,35.96875,-98.44639,LCC-FASD external-dev / cross-domain stress set,False
spoof_1799.png,1,VALID,-49.53125,34.3125,30.875,-83.87539,LCC-FASD external-dev / cross-domain stress set,False
spoof_1800.png,1,VALID,-17.296875,13.1328125,8.6953125,-30.441444,LCC-FASD external-dev / cross-domain stress set,False
spoof_1801.png,1,VALID,-25.21875,18.09375,14.28125,-43.33435,LCC-FASD external-dev / cross-domain stress set,False
spoof_1802.png,1,VALID,-17.0,11.875,9.4296875,-28.958145,LCC-FASD external-dev / cross-domain stress set,False
spoof_1803.png,1,VALID,-24.828125,17.5625,14.296875,-42.428085,LCC-FASD external-dev / cross-domain stress set,False
spoof_1804.png,1,VALID,77.0625,-53.3125,-53.1875,129.6174,LCC-FASD external-dev / cross-domain stress set,True
spoof_1805.png,1,VALID,-28.8125,20.328125,16.890625,-49.172264,LCC-FASD external-dev / cross-domain stress set,False
spoof_1806.png,1,VALID,77.875,-54.21875,-53.5,130.978,LCC-FASD external-dev / cross-domain stress set,True
spoof_1807.png,1,VALID,26.515625,-18.765625,-19.078125,44.732193,LCC-FASD external-dev / cross-domain stress set,True
spoof_1808.png,1,VALID,18.921875,-13.4921875,-13.9453125,31.92203,LCC-FASD external-dev / cross-domain stress set,True
spoof_1809.png,1,VALID,-10.34375,7.1835938,5.0390625,-17.6381,LCC-FASD external-dev / cross-domain stress set,False
spoof_1810.png,1,VALID,80.0625,-55.53125,-55.0,134.6001,LCC-FASD external-dev / cross-domain stress set,True
spoof_1811.png,1,VALID,-5.6445312,3.1191406,2.7421875,-9.286,LCC-FASD external-dev / cross-domain stress set,False
spoof_1812.png,1,VALID,-17.25,11.7734375,9.7734375,-29.150366,LCC-FASD external-dev / cross-domain stress set,False
spoof_1813.png,1,VALID,-21.359375,14.7109375,12.484375,-36.17278,LCC-FASD external-dev / cross-domain stress set,False
spoof_1814.png,1,VALID,80.4375,-55.8125,-55.34375,135.29526,LCC-FASD external-dev / cross-domain stress set,True
spoof_1815.png,1,VALID,-15.34375,10.9375,8.0546875,-26.335716,LCC-FASD external-dev / cross-domain stress set,False
spoof_1816.png,1,VALID,76.25,-53.03125,-52.375,128.20709,LCC-FASD external-dev / cross-domain stress set,True
spoof_1817.png,1,VALID,-2.3496094,1.1611328,0.22229004,-3.8408227,LCC-FASD external-dev / cross-domain stress set,False
spoof_1818.png,1,VALID,29.375,-20.46875,-21.15625,49.4364,LCC-FASD external-dev / cross-domain stress set,True
spoof_1819.png,1,VALID,-38.25,26.109375,23.953125,-64.46891,LCC-FASD external-dev / cross-domain stress set,False
spoof_1820.png,1,VALID,-15.0078125,10.3515625,8.1171875,-25.461082,LCC-FASD external-dev / cross-domain stress set,False
spoof_1821.png,1,VALID,-15.9140625,10.4140625,9.390625,-26.635138,LCC-FASD external-dev / cross-domain stress set,False
spoof_1822.png,1,VALID,15.234375,-10.6015625,-11.8359375,25.580507,LCC-FASD external-dev / cross-domain stress set,True
spoof_1823.png,1,VALID,-26.671875,19.015625,15.3125,-45.711845,LCC-FASD external-dev / cross-domain stress set,False
spoof_1824.png,1,VALID,-67.4375,46.28125,43.28125,-113.767334,LCC-FASD external-dev / cross-domain stress set,False
spoof_1825.png,1,VALID,-70.9375,48.28125,46.375,-119.35733,LCC-FASD external-dev / cross-domain stress set,False
spoof_1826.png,1,VALID,-50.1875,35.34375,30.828125,-85.54213,LCC-FASD external-dev / cross-domain stress set,False
spoof_1827.png,1,VALID,-48.40625,33.28125,30.515625,-81.748535,LCC-FASD external-dev / cross-domain stress set,False
spoof_1828.png,1,VALID,-48.9375,33.625,30.90625,-82.62637,LCC-FASD external-dev / cross-domain stress set,False
spoof_1829.png,1,VALID,-59.34375,40.09375,38.6875,-99.656685,LCC-FASD external-dev / cross-domain stress set,False
spoof_1830.png,1,VALID,-54.15625,37.34375,34.21875,-91.543,LCC-FASD external-dev / cross-domain stress set,False
spoof_1831.png,1,VALID,-52.40625,37.09375,32.0625,-89.50651,LCC-FASD external-dev / cross-domain stress set,False
spoof_1832.png,1,VALID,-69.6875,48.3125,44.46875,-118.02119,LCC-FASD external-dev / cross-domain stress set,False
spoof_1833.png,1,VALID,-88.125,61.53125,56.125,-149.66074,LCC-FASD external-dev / cross-domain stress set,False
spoof_1834.png,1,VALID,-66.25,45.8125,42.03125,-112.08504,LCC-FASD external-dev / cross-domain stress set,False
spoof_1835.png,1,VALID,-64.9375,44.6875,41.5,-109.66545,LCC-FASD external-dev / cross-domain stress set,False
spoof_1836.png,1,VALID,-44.21875,30.109375,28.125,-74.456924,LCC-FASD external-dev / cross-domain stress set,False
spoof_1837.png,1,VALID,-66.5625,46.25,42.375,-112.83304,LCC-FASD external-dev / cross-domain stress set,False
spoof_1838.png,1,VALID,-39.9375,28.203125,24.09375,-68.156906,LCC-FASD external-dev / cross-domain stress set,False
spoof_1839.png,1,VALID,-57.15625,39.1875,36.625,-96.41803,LCC-FASD external-dev / cross-domain stress set,False
spoof_1840.png,1,VALID,-42.8125,29.484375,26.78125,-72.361725,LCC-FASD external-dev / cross-domain stress set,False
spoof_1841.png,1,VALID,-68.6875,46.84375,44.46875,-115.62019,LCC-FASD external-dev / cross-domain stress set,False
spoof_1730.png,1,VALID,87.125,-59.59375,-60.5,146.3794,LCC-FASD external-dev / cross-domain stress set,True
spoof_1731.png,1,VALID,-25.921875,16.28125,17.0625,-43.36133,LCC-FASD external-dev / cross-domain stress set,False
spoof_1732.png,1,VALID,-12.046875,8.1796875,6.4648438,-20.39207,LCC-FASD external-dev / cross-domain stress set,False
spoof_1733.png,1,VALID,-65.375,44.125,43.0625,-109.79683,LCC-FASD external-dev / cross-domain stress set,False
spoof_1734.png,1,VALID,-58.40625,41.0625,36.40625,-99.47821,LCC-FASD external-dev / cross-domain stress set,False
spoof_1735.png,1,VALID,18.59375,-12.25,-14.6171875,30.754143,LCC-FASD external-dev / cross-domain stress set,True
spoof_1736.png,1,VALID,-52.1875,36.34375,32.625,-88.55522,LCC-FASD external-dev / cross-domain stress set,False
spoof_1737.png,1,VALID,-71.375,49.84375,45.03125,-121.226845,LCC-FASD external-dev / cross-domain stress set,False
spoof_1738.png,1,VALID,-63.4375,43.96875,40.34375,-107.43255,LCC-FASD external-dev / cross-domain stress set,False
spoof_1739.png,1,VALID,48.875,-32.96875,-34.9375,81.71304,LCC-FASD external-dev / cross-domain stress set,True
spoof_1740.png,1,VALID,-22.203125,15.78125,12.6953125,-38.02905,LCC-FASD external-dev / cross-domain stress set,False
spoof_1741.png,1,VALID,-59.96875,40.90625,38.84375,-100.994675,LCC-FASD external-dev / cross-domain stress set,False
spoof_1742.png,1,VALID,-53.4375,37.34375,33.1875,-90.7968,LCC-FASD external-dev / cross-domain stress set,False
spoof_1743.png,1,VALID,-60.90625,42.1875,38.5625,-103.12005,LCC-FASD external-dev / cross-domain stress set,False
spoof_1744.png,1,VALID,-13.65625,9.75,7.1210938,-23.475922,LCC-FASD external-dev / cross-domain stress set,False
spoof_1745.png,1,VALID,-58.9375,40.6875,37.53125,-99.6667,LCC-FASD external-dev / cross-domain stress set,False
spoof_1746.png,1,VALID,-67.125,47.25,41.9375,-114.37991,LCC-FASD external-dev / cross-domain stress set,False
spoof_1747.png,1,VALID,-44.78125,30.328125,28.890625,-75.32249,LCC-FASD external-dev / cross-domain stress set,False
spoof_1748.png,1,VALID,-44.03125,31.71875,26.34375,-75.75462,LCC-FASD external-dev / cross-domain stress set,False
spoof_1749.png,1,VALID,-38.09375,26.5625,23.234375,-64.69148,LCC-FASD external-dev / cross-domain stress set,False
spoof_1750.png,1,VALID,-47.0,33.59375,28.171875,-80.59816,LCC-FASD external-dev / cross-domain stress set,False
spoof_1751.png,1,VALID,119.0625,-80.9375,-82.3125,199.7746,LCC-FASD external-dev / cross-domain stress set,True
spoof_1752.png,1,NO_VALID_FACE,,,,,LCC-FASD external-dev / cross-domain stress set,
spoof_1753.png,1,VALID,30.578125,-20.8125,-22.171875,51.16204,LCC-FASD external-dev / cross-domain stress set,True
spoof_1754.png,1,VALID,103.875,-71.0,-71.75,174.48813,LCC-FASD external-dev / cross-domain stress set,True
spoof_1755.png,1,VALID,-49.9375,35.46875,30.296875,-85.41191,LCC-FASD external-dev / cross-domain stress set,False
spoof_1756.png,1,VALID,28.03125,-19.96875,-19.625,47.120277,LCC-FASD external-dev / cross-domain stress set,True
spoof_1757.png,1,VALID,-59.40625,42.28125,36.40625,-101.69031,LCC-FASD external-dev / cross-domain stress set,False
spoof_1758.png,1,VALID,64.0625,-43.46875,-45.25,107.375595,LCC-FASD external-dev / cross-domain stress set,True
spoof_1759.png,1,VALID,80.5625,-55.03125,-56.0625,135.28879,LCC-FASD external-dev / cross-domain stress set,True
spoof_1760.png,1,VALID,72.6875,-50.03125,-50.28125,122.14281,LCC-FASD external-dev / cross-domain stress set,True
spoof_1761.png,1,VALID,-58.0,40.78125,35.78125,-98.787964,LCC-FASD external-dev / cross-domain stress set,False
spoof_1762.png,1,VALID,91.1875,-62.34375,-63.1875,153.17351,LCC-FASD external-dev / cross-domain stress set,True
spoof_1763.png,1,VALID,-28.703125,21.046875,16.03125,-49.75661,LCC-FASD external-dev / cross-domain stress set,False
spoof_1764.png,1,VALID,45.65625,-31.296875,-32.34375,76.65225,LCC-FASD external-dev / cross-domain stress set,True
spoof_1765.png,1,VALID,32.21875,-22.578125,-22.625,54.126892,LCC-FASD external-dev / cross-domain stress set,True
spoof_1766.png,1,VALID,15.2109375,-11.828125,-10.421875,25.413628,LCC-FASD external-dev / cross-domain stress set,True
spoof_1767.png,1,VALID,10.828125,-8.1640625,-8.5234375,18.46267,LCC-FASD external-dev / cross-domain stress set,True
spoof_1768.png,1,VALID,-40.0625,26.09375,26.59375,-67.130325,LCC-FASD external-dev / cross-domain stress set,False
spoof_1769.png,1,VALID,-20.21875,12.3125,13.5546875,-34.02711,LCC-FASD external-dev / cross-domain stress set,False
spoof_1770.png,1,VALID,23.3125,-16.953125,-16.609375,39.385902,LCC-FASD external-dev / cross-domain stress set,True
spoof_1771.png,1,VALID,-56.78125,36.125,39.1875,-96.014465,LCC-FASD external-dev / cross-domain stress set,False
spoof_1772.png,1,VALID,-72.5625,47.1875,49.46875,-122.12852,LCC-FASD external-dev / cross-domain stress set,False
spoof_1773.png,1,VALID,75.25,-52.21875,-51.875,126.589035,LCC-FASD external-dev / cross-domain stress set,True
spoof_1774.png,1,VALID,-8.515625,3.5585938,6.234375,-14.816586,LCC-FASD external-dev / cross-domain stress set,False
spoof_1775.png,1,VALID,6.8007812,-5.6015625,-5.6015625,11.709196,LCC-FASD external-dev / cross-domain stress set,True
spoof_1776.png,1,VALID,-11.5078125,7.9492188,5.8320312,-19.57069,LCC-FASD external-dev / cross-domain stress set,False
spoof_1777.png,1,VALID,-58.34375,40.0,37.375,-98.41368,LCC-FASD external-dev / cross-domain stress set,False
spoof_1778.png,1,VALID,-82.75,58.1875,52.34375,-140.9404,LCC-FASD external-dev / cross-domain stress set,False
spoof_1779.png,1,VALID,-38.59375,26.921875,23.546875,-65.54927,LCC-FASD external-dev / cross-domain stress set,False
spoof_1780.png,1,VALID,-75.375,52.71875,47.59375,-128.09967,LCC-FASD external-dev / cross-domain stress set,False
spoof_1781.png,1,VALID,-90.625,61.46875,59.6875,-152.2494,LCC-FASD external-dev / cross-domain stress set,False
spoof_1782.png,1,VALID,-93.75,64.5,60.90625,-158.27713,LCC-FASD external-dev / cross-domain stress set,False
spoof_1783.png,1,VALID,-40.21875,29.0625,24.0,-69.28756,LCC-FASD external-dev / cross-domain stress set,False
spoof_1784.png,1,VALID,-79.4375,54.6875,51.0625,-134.1513,LCC-FASD external-dev / cross-domain stress set,False
spoof_1673.png,1,VALID,-24.9375,17.09375,14.9921875,-42.1466,LCC-FASD external-dev / cross-domain stress set,False
spoof_1674.png,1,VALID,-23.296875,16.0625,13.796875,-39.4581,LCC-FASD external-dev / cross-domain stress set,False
spoof_1675.png,1,VALID,-50.90625,34.4375,32.84375,-85.5287,LCC-FASD external-dev / cross-domain stress set,False
spoof_1676.png,1,VALID,-103.6875,70.1875,68.9375,-174.12692,LCC-FASD external-dev / cross-domain stress set,False
spoof_1677.png,1,VALID,-99.625,69.75,63.4375,-169.3768,LCC-FASD external-dev / cross-domain stress set,False
spoof_1678.png,1,VALID,-64.5625,43.09375,42.84375,-108.23219,LCC-FASD external-dev / cross-domain stress set,False
spoof_1679.png,1,VALID,-42.5625,29.671875,26.171875,-72.26413,LCC-FASD external-dev / cross-domain stress set,False
spoof_1680.png,1,VALID,-66.75,47.09375,41.5,-113.847466,LCC-FASD external-dev / cross-domain stress set,False
spoof_1681.png,1,VALID,-88.1875,59.96875,58.125,-148.30313,LCC-FASD external-dev / cross-domain stress set,False
spoof_1682.png,1,VALID,-103.25,71.375,66.9375,-174.63675,LCC-FASD external-dev / cross-domain stress set,False
spoof_1683.png,1,VALID,-71.0,49.40625,45.03125,-120.41876,LCC-FASD external-dev / cross-domain stress set,False
spoof_1684.png,1,VALID,-48.46875,32.65625,31.390625,-81.373474,LCC-FASD external-dev / cross-domain stress set,False
spoof_1685.png,1,VALID,-41.09375,28.09375,25.78125,-69.28191,LCC-FASD external-dev / cross-domain stress set,False
spoof_1686.png,1,VALID,-54.09375,36.21875,35.3125,-90.651855,LCC-FASD external-dev / cross-domain stress set,False
spoof_1687.png,1,VALID,-85.625,60.15625,54.0625,-145.78351,LCC-FASD external-dev / cross-domain stress set,False
spoof_1688.png,1,VALID,-48.71875,34.03125,30.1875,-82.77119,LCC-FASD external-dev / cross-domain stress set,False
spoof_1689.png,1,VALID,-124.125,85.125,81.4375,-209.27472,LCC-FASD external-dev / cross-domain stress set,False
spoof_1690.png,1,VALID,-70.375,48.1875,45.8125,-118.65144,LCC-FASD external-dev / cross-domain stress set,False
spoof_1691.png,1,VALID,-61.78125,41.625,40.46875,-103.67983,LCC-FASD external-dev / cross-domain stress set,False
spoof_1692.png,1,VALID,-36.28125,24.578125,22.828125,-61.0196,LCC-FASD external-dev / cross-domain stress set,False
spoof_1693.png,1,VALID,-68.1875,46.53125,44.0625,-114.80005,LCC-FASD external-dev / cross-domain stress set,False
spoof_1694.png,1,VALID,-52.9375,36.375,33.53125,-89.36908,LCC-FASD external-dev / cross-domain stress set,False
spoof_1695.png,1,VALID,35.90625,-24.265625,-26.171875,60.0333,LCC-FASD external-dev / cross-domain stress set,True
spoof_1696.png,1,VALID,-80.0,53.84375,52.6875,-134.11734,LCC-FASD external-dev / cross-domain stress set,False
spoof_1697.png,1,VALID,-74.875,51.21875,48.46875,-126.155716,LCC-FASD external-dev / cross-domain stress set,False
spoof_1698.png,1,VALID,-97.125,66.375,63.34375,-163.54712,LCC-FASD external-dev / cross-domain stress set,False
spoof_1699.png,1,VALID,65.6875,-45.09375,-45.8125,110.38425,LCC-FASD external-dev / cross-domain stress set,True
spoof_1700.png,1,VALID,54.75,-37.875,-38.34375,92.13901,LCC-FASD external-dev / cross-domain stress set,True
spoof_1701.png,1,VALID,-30.5,21.359375,18.484375,-51.914257,LCC-FASD external-dev / cross-domain stress set,False
spoof_1702.png,1,VALID,3.3847656,-2.5019531,-3.796875,5.644621,LCC-FASD external-dev / cross-domain stress set,False
spoof_1703.png,1,VALID,-65.3125,43.84375,43.0,-109.51399,LCC-FASD external-dev / cross-domain stress set,False
spoof_1704.png,1,VALID,4.8515625,-3.5390625,-4.8125,8.143868,LCC-FASD external-dev / cross-domain stress set,False
spoof_1705.png,1,VALID,-41.9375,27.078125,28.015625,-70.283585,LCC-FASD external-dev / cross-domain stress set,False
spoof_1706.png,1,VALID,-68.0,46.40625,43.96875,-114.49002,LCC-FASD external-dev / cross-domain stress set,False
spoof_1707.png,1,VALID,-39.0,26.921875,24.1875,-65.98479,LCC-FASD external-dev / cross-domain stress set,False
spoof_1708.png,1,VALID,-67.5,46.125,43.5,-113.69493,LCC-FASD external-dev / cross-domain stress set,False
spoof_1709.png,1,VALID,-37.75,26.21875,23.28125,-64.02039,LCC-FASD external-dev / cross-domain stress set,False
spoof_1710.png,1,VALID,-43.6875,30.640625,26.84375,-74.35032,LCC-FASD external-dev / cross-domain stress set,False
spoof_1711.png,1,VALID,15.703125,-10.2421875,-12.6875,25.862167,LCC-FASD external-dev / cross-domain stress set,True
spoof_1712.png,1,VALID,93.8125,-63.96875,-65.125,157.50766,LCC-FASD external-dev / cross-domain stress set,True
spoof_1713.png,1,VALID,105.5625,-71.8125,-73.25,177.1619,LCC-FASD external-dev / cross-domain stress set,True
spoof_1714.png,1,VALID,87.125,-59.65625,-60.34375,146.3739,LCC-FASD external-dev / cross-domain stress set,True
spoof_1715.png,1,VALID,-9.5625,5.0820312,6.1484375,-16.00677,LCC-FASD external-dev / cross-domain stress set,False
spoof_1716.png,1,VALID,-19.765625,12.203125,12.796875,-33.002205,LCC-FASD external-dev / cross-domain stress set,False
spoof_1717.png,1,VALID,77.1875,-52.75,-53.6875,129.60704,LCC-FASD external-dev / cross-domain stress set,True
spoof_1718.png,1,VALID,-32.6875,22.484375,20.1875,-55.267708,LCC-FASD external-dev / cross-domain stress set,False
spoof_1719.png,1,VALID,88.1875,-60.5,-61.0,148.21342,LCC-FASD external-dev / cross-domain stress set,True
spoof_1720.png,1,VALID,-28.9375,20.359375,17.34375,-49.344727,LCC-FASD external-dev / cross-domain stress set,False
spoof_1721.png,1,VALID,64.4375,-44.34375,-44.90625,108.33031,LCC-FASD external-dev / cross-domain stress set,True
spoof_1722.png,1,VALID,-15.8671875,9.359375,10.4375,-26.59753,LCC-FASD external-dev / cross-domain stress set,False
spoof_1723.png,1,VALID,57.71875,-38.625,-41.21875,96.27167,LCC-FASD external-dev / cross-domain stress set,True
spoof_1724.png,1,VALID,82.125,-56.0625,-57.28125,137.92853,LCC-FASD external-dev / cross-domain stress set,True
spoof_1725.png,1,VALID,-34.40625,22.9375,21.90625,-57.648705,LCC-FASD external-dev / cross-domain stress set,False
spoof_1726.png,1,VALID,84.625,-57.40625,-59.1875,141.8756,LCC-FASD external-dev / cross-domain stress set,True
spoof_1727.png,1,VALID,70.125,-47.875,-49.03125,117.72642,LCC-FASD external-dev / cross-domain stress set,True
spoof_1728.png,1,VALID,100.25,-68.5,-69.3125,168.38275,LCC-FASD external-dev / cross-domain stress set,True
spoof_1729.png,1,VALID,94.0,-63.4375,-65.75,157.34308,LCC-FASD external-dev / cross-domain stress set,True
spoof_1619.png,1,VALID,-18.265625,11.921875,11.25,-30.600105,LCC-FASD external-dev / cross-domain stress set,False
spoof_1620.png,1,VALID,-23.90625,14.15625,16.578125,-40.569412,LCC-FASD external-dev / cross-domain stress set,False
spoof_1621.png,1,VALID,-3.4707031,1.9414062,1.2509766,-5.8184814,LCC-FASD external-dev / cross-domain stress set,False
spoof_1622.png,1,VALID,-67.0625,46.59375,42.375,-113.67086,LCC-FASD external-dev / cross-domain stress set,False
spoof_1623.png,1,VALID,-22.515625,15.1328125,13.890625,-37.90211,LCC-FASD external-dev / cross-domain stress set,False
spoof_1624.png,1,VALID,-73.5,50.21875,47.46875,-123.780716,LCC-FASD external-dev / cross-domain stress set,False
spoof_1625.png,1,VALID,-78.0,54.0625,49.84375,-132.07712,LCC-FASD external-dev / cross-domain stress set,False
spoof_1626.png,1,VALID,24.25,-17.046875,-17.625,40.85158,LCC-FASD external-dev / cross-domain stress set,True
spoof_1627.png,1,VALID,-80.625,54.375,53.125,-135.25192,LCC-FASD external-dev / cross-domain stress set,False
spoof_1628.png,1,VALID,-2.7285156,1.6582031,0.089904785,-4.5760155,LCC-FASD external-dev / cross-domain stress set,False
spoof_1629.png,1,VALID,-56.84375,39.90625,35.1875,-96.75889,LCC-FASD external-dev / cross-domain stress set,False
spoof_1630.png,1,VALID,-36.625,24.859375,23.125,-61.646927,LCC-FASD external-dev / cross-domain stress set,False
spoof_1631.png,1,VALID,-87.625,61.125,55.78125,-148.75476,LCC-FASD external-dev / cross-domain stress set,False
spoof_1632.png,1,VALID,-73.1875,50.375,47.09375,-123.599396,LCC-FASD external-dev / cross-domain stress set,False
spoof_1633.png,1,VALID,55.625,-37.96875,-39.40625,93.38064,LCC-FASD external-dev / cross-domain stress set,True
spoof_1634.png,1,VALID,-51.375,35.375,32.46875,-86.80324,LCC-FASD external-dev / cross-domain stress set,False
spoof_1635.png,1,VALID,-55.5625,38.375,34.96875,-93.97012,LCC-FASD external-dev / cross-domain stress set,False
spoof_1636.png,1,VALID,-40.5,27.03125,26.171875,-67.884315,LCC-FASD external-dev / cross-domain stress set,False
spoof_1637.png,1,VALID,48.21875,-33.1875,-34.03125,81.04851,LCC-FASD external-dev / cross-domain stress set,True
spoof_1638.png,1,VALID,-79.8125,55.71875,50.59375,-135.53717,LCC-FASD external-dev / cross-domain stress set,False
spoof_1639.png,1,VALID,-49.0625,33.3125,31.4375,-82.51767,LCC-FASD external-dev / cross-domain stress set,False
spoof_1640.png,1,VALID,-80.0,54.9375,51.625,-134.97328,LCC-FASD external-dev / cross-domain stress set,False
spoof_1641.png,1,VALID,-25.625,18.21875,14.578125,-43.869648,LCC-FASD external-dev / cross-domain stress set,False
spoof_1642.png,1,VALID,-55.5,38.625,34.6875,-94.14431,LCC-FASD external-dev / cross-domain stress set,False
spoof_1643.png,1,VALID,4.59375,-4.6328125,-3.4394531,7.7683797,LCC-FASD external-dev / cross-domain stress set,False
spoof_1644.png,1,VALID,-11.3515625,7.6289062,6.125,-19.181171,LCC-FASD external-dev / cross-domain stress set,False
spoof_1645.png,1,VALID,2.3886719,-3.5957031,-1.4414062,3.720341,LCC-FASD external-dev / cross-domain stress set,False
spoof_1646.png,1,VALID,26.5625,-18.859375,-19.09375,44.839066,LCC-FASD external-dev / cross-domain stress set,True
spoof_1647.png,1,VALID,61.0,-42.46875,-42.1875,102.62512,LCC-FASD external-dev / cross-domain stress set,True
spoof_1648.png,1,VALID,-28.203125,20.28125,16.15625,-48.500412,LCC-FASD external-dev / cross-domain stress set,False
spoof_1649.png,1,VALID,-65.3125,43.6875,43.21875,-109.48599,LCC-FASD external-dev / cross-domain stress set,False
spoof_1650.png,1,VALID,-24.828125,17.203125,14.796875,-42.11757,LCC-FASD external-dev / cross-domain stress set,False
spoof_1651.png,1,VALID,8.390625,-6.90625,-6.328125,14.273457,LCC-FASD external-dev / cross-domain stress set,True
spoof_1652.png,1,VALID,-0.4050293,0.1940918,-1.2958984,-0.80236787,LCC-FASD external-dev / cross-domain stress set,False
spoof_1653.png,1,VALID,12.3046875,-8.5078125,-9.921875,20.594849,LCC-FASD external-dev / cross-domain stress set,True
spoof_1654.png,1,VALID,-3.21875,1.1308594,1.5302734,-5.262274,LCC-FASD external-dev / cross-domain stress set,False
spoof_1655.png,1,VALID,-30.265625,20.21875,19.140625,-50.777218,LCC-FASD external-dev / cross-domain stress set,False
spoof_1656.png,1,VALID,4.8632812,-3.5957031,-4.8046875,8.197775,LCC-FASD external-dev / cross-domain stress set,False
spoof_1657.png,1,VALID,-20.234375,13.53125,12.3828125,-34.04108,LCC-FASD external-dev / cross-domain stress set,False
spoof_1658.png,1,VALID,6.203125,-4.5703125,-5.5859375,10.464354,LCC-FASD external-dev / cross-domain stress set,True
spoof_1659.png,1,VALID,27.515625,-19.328125,-19.875,46.387115,LCC-FASD external-dev / cross-domain stress set,True
spoof_1660.png,1,VALID,-40.8125,27.1875,26.71875,-68.48599,LCC-FASD external-dev / cross-domain stress set,False
spoof_1661.png,1,VALID,1.859375,-1.3876953,-2.9824219,3.0622816,LCC-FASD external-dev / cross-domain stress set,False
spoof_1662.png,1,VALID,1.5673828,-1.3125,-2.6445312,2.6456485,LCC-FASD external-dev / cross-domain stress set,False
spoof_1663.png,1,VALID,-15.484375,10.578125,8.703125,-26.205175,LCC-FASD external-dev / cross-domain stress set,False
spoof_1664.png,1,VALID,-3.4199219,0.58984375,2.2636719,-5.8554673,LCC-FASD external-dev / cross-domain stress set,False
spoof_1665.png,1,VALID,18.84375,-13.6015625,-13.8046875,31.84858,LCC-FASD external-dev / cross-domain stress set,True
spoof_1666.png,1,VALID,-43.65625,29.578125,28.078125,-73.43579,LCC-FASD external-dev / cross-domain stress set,False
spoof_1667.png,1,VALID,30.21875,-21.234375,-21.59375,50.923607,LCC-FASD external-dev / cross-domain stress set,True
spoof_1668.png,1,VALID,-25.265625,16.484375,16.078125,-42.260513,LCC-FASD external-dev / cross-domain stress set,False
spoof_1669.png,1,VALID,16.96875,-12.9140625,-11.9921875,28.626057,LCC-FASD external-dev / cross-domain stress set,True
spoof_1670.png,1,VALID,24.984375,-17.203125,-18.296875,41.898598,LCC-FASD external-dev / cross-domain stress set,True
spoof_1671.png,1,VALID,-9.140625,6.1484375,4.453125,-15.457574,LCC-FASD external-dev / cross-domain stress set,False
spoof_1672.png,1,VALID,11.328125,-8.15625,-8.953125,19.112305,LCC-FASD external-dev / cross-domain stress set,True
spoof_1567.png,1,VALID,-12.1875,8.4765625,6.2695312,-20.768448,LCC-FASD external-dev / cross-domain stress set,False
spoof_1568.png,1,VALID,81.25,-56.5625,-55.40625,136.38266,LCC-FASD external-dev / cross-domain stress set,True
spoof_1569.png,1,VALID,-49.15625,34.59375,30.203125,-83.762314,LCC-FASD external-dev / cross-domain stress set,False
spoof_1570.png,1,VALID,1.03125,-0.34204102,-2.6386719,1.2774382,LCC-FASD external-dev / cross-domain stress set,False
spoof_1571.png,1,VALID,-11.375,7.578125,6.0976562,-19.15813,LCC-FASD external-dev / cross-domain stress set,False
spoof_1572.png,1,VALID,-24.953125,17.375,14.6953125,-42.394463,LCC-FASD external-dev / cross-domain stress set,False
spoof_1573.png,1,VALID,-78.625,51.875,53.21875,-132.07555,LCC-FASD external-dev / cross-domain stress set,False
spoof_1574.png,1,VALID,-82.375,55.5,54.625,-138.22345,LCC-FASD external-dev / cross-domain stress set,False
spoof_1575.png,1,VALID,-42.0625,28.234375,27.234375,-70.61014,LCC-FASD external-dev / cross-domain stress set,False
spoof_1576.png,1,VALID,-39.4375,27.890625,23.765625,-67.34416,LCC-FASD external-dev / cross-domain stress set,False
spoof_1577.png,1,VALID,-11.859375,8.078125,6.2539062,-20.087078,LCC-FASD external-dev / cross-domain stress set,False
spoof_1578.png,1,VALID,-45.0,30.4375,28.765625,-75.60968,LCC-FASD external-dev / cross-domain stress set,False
spoof_1579.png,1,VALID,5.734375,-3.6738281,-5.703125,9.284722,LCC-FASD external-dev / cross-domain stress set,True
spoof_1580.png,1,VALID,5.515625,-3.4453125,-5.6992188,8.861103,LCC-FASD external-dev / cross-domain stress set,True
spoof_1581.png,1,VALID,-57.25,36.71875,39.375,-96.692856,LCC-FASD external-dev / cross-domain stress set,False
spoof_1582.png,1,VALID,-30.1875,19.328125,20.15625,-50.706215,LCC-FASD external-dev / cross-domain stress set,False
spoof_1583.png,1,VALID,-85.375,58.5625,55.5625,-143.98608,LCC-FASD external-dev / cross-domain stress set,False
spoof_1584.png,1,VALID,49.5,-33.9375,-34.9375,83.12424,LCC-FASD external-dev / cross-domain stress set,True
spoof_1585.png,1,VALID,-14.078125,9.15625,8.2421875,-23.571484,LCC-FASD external-dev / cross-domain stress set,False
spoof_1586.png,1,VALID,-28.546875,20.109375,16.84375,-48.69371,LCC-FASD external-dev / cross-domain stress set,False
spoof_1587.png,1,VALID,-47.59375,30.921875,32.15625,-80.00543,LCC-FASD external-dev / cross-domain stress set,False
spoof_1588.png,1,VALID,-49.375,32.96875,32.5625,-82.85426,LCC-FASD external-dev / cross-domain stress set,False
spoof_1589.png,1,VALID,-60.8125,41.875,39.125,-102.749466,LCC-FASD external-dev / cross-domain stress set,False
spoof_1590.png,1,VALID,-34.3125,23.5625,21.1875,-57.96394,LCC-FASD external-dev / cross-domain stress set,False
spoof_1591.png,1,VALID,-10.1328125,7.0351562,4.9921875,-17.289871,LCC-FASD external-dev / cross-domain stress set,False
spoof_1592.png,1,VALID,-5.9804688,3.6210938,2.7988281,-9.965813,LCC-FASD external-dev / cross-domain stress set,False
spoof_1593.png,1,VALID,-73.125,49.0,48.4375,-122.57594,LCC-FASD external-dev / cross-domain stress set,False
spoof_1594.png,1,VALID,-27.234375,18.328125,16.96875,-45.791084,LCC-FASD external-dev / cross-domain stress set,False
spoof_1595.png,1,VALID,-27.875,17.46875,18.65625,-46.79744,LCC-FASD external-dev / cross-domain stress set,False
spoof_1596.png,1,VALID,-52.5625,34.625,35.125,-88.161575,LCC-FASD external-dev / cross-domain stress set,False
spoof_1597.png,1,VALID,-54.1875,36.65625,35.0,-91.01842,LCC-FASD external-dev / cross-domain stress set,False
spoof_1598.png,1,VALID,-101.5625,67.25,68.9375,-170.66972,LCC-FASD external-dev / cross-domain stress set,False
spoof_1599.png,1,VALID,-21.0625,13.34375,13.484375,-35.17218,LCC-FASD external-dev / cross-domain stress set,False
spoof_1600.png,1,VALID,-44.71875,27.796875,31.203125,-75.9545,LCC-FASD external-dev / cross-domain stress set,False
spoof_1601.png,1,VALID,52.21875,-36.4375,-36.125,87.79469,LCC-FASD external-dev / cross-domain stress set,True
spoof_1602.png,1,VALID,-15.578125,10.6171875,8.8203125,-26.348734,LCC-FASD external-dev / cross-domain stress set,False
spoof_1603.png,1,VALID,2.4453125,-3.4511719,-1.6152344,3.912589,LCC-FASD external-dev / cross-domain stress set,False
spoof_1604.png,1,VALID,21.09375,-15.7734375,-14.4375,35.29783,LCC-FASD external-dev / cross-domain stress set,True
spoof_1605.png,1,VALID,-27.046875,17.359375,17.625,-45.241005,LCC-FASD external-dev / cross-domain stress set,False
spoof_1606.png,1,VALID,-51.0625,34.84375,32.75,-86.02245,LCC-FASD external-dev / cross-domain stress set,False
spoof_1607.png,1,VALID,-28.6875,19.5,17.6875,-48.338715,LCC-FASD external-dev / cross-domain stress set,False
spoof_1608.png,1,VALID,15.234375,-11.5,-10.8515625,25.665346,LCC-FASD external-dev / cross-domain stress set,True
spoof_1609.png,1,VALID,-32.15625,19.515625,22.359375,-54.5722,LCC-FASD external-dev / cross-domain stress set,False
spoof_1610.png,1,VALID,30.9375,-21.90625,-21.921875,52.158386,LCC-FASD external-dev / cross-domain stress set,True
spoof_1611.png,1,VALID,-46.90625,31.125,30.78125,-78.56722,LCC-FASD external-dev / cross-domain stress set,False
spoof_1612.png,1,VALID,-10.28125,5.2578125,6.9570312,-17.406189,LCC-FASD external-dev / cross-domain stress set,False
spoof_1613.png,1,VALID,14.09375,-10.046875,-10.8671875,23.775778,LCC-FASD external-dev / cross-domain stress set,True
spoof_1614.png,1,VALID,-66.8125,45.3125,43.46875,-112.27189,LCC-FASD external-dev / cross-domain stress set,False
spoof_1615.png,1,VALID,-26.640625,16.921875,17.703125,-44.720703,LCC-FASD external-dev / cross-domain stress set,False
spoof_1616.png,1,VALID,-22.015625,14.6171875,13.5703125,-36.93368,LCC-FASD external-dev / cross-domain stress set,False
spoof_1617.png,1,VALID,-49.53125,33.40625,32.15625,-83.18943,LCC-FASD external-dev / cross-domain stress set,False
spoof_1618.png,1,VALID,-18.078125,10.84375,11.9375,-30.304525,LCC-FASD external-dev / cross-domain stress set,False
spoof_1511.png,1,VALID,-23.59375,14.8359375,15.75,-39.68086,LCC-FASD external-dev / cross-domain stress set,False
spoof_1512.png,1,VALID,-54.375,38.53125,33.3125,-92.91165,LCC-FASD external-dev / cross-domain stress set,False
spoof_1513.png,1,VALID,-31.078125,21.0625,19.703125,-52.36921,LCC-FASD external-dev / cross-domain stress set,False
spoof_1514.png,1,VALID,-76.625,53.125,48.8125,-129.7633,LCC-FASD external-dev / cross-domain stress set,False
spoof_1515.png,1,VALID,-54.75,38.75,33.59375,-93.505745,LCC-FASD external-dev / cross-domain stress set,False
spoof_1516.png,1,VALID,-34.03125,21.921875,22.765625,-57.154617,LCC-FASD external-dev / cross-domain stress set,False
spoof_1517.png,1,VALID,-47.28125,33.21875,29.15625,-80.51706,LCC-FASD external-dev / cross-domain stress set,False
spoof_1518.png,1,VALID,49.96875,-33.9375,-35.5625,83.7265,LCC-FASD external-dev / cross-domain stress set,True
spoof_1519.png,1,VALID,-61.4375,42.625,38.84375,-104.08504,LCC-FASD external-dev / cross-domain stress set,False
spoof_1520.png,1,VALID,-48.6875,32.3125,32.125,-81.60379,LCC-FASD external-dev / cross-domain stress set,False
spoof_1521.png,1,VALID,-34.90625,23.078125,22.765625,-58.533432,LCC-FASD external-dev / cross-domain stress set,False
spoof_1522.png,1,VALID,-45.5,32.03125,27.78125,-77.54541,LCC-FASD external-dev / cross-domain stress set,False
spoof_1523.png,1,VALID,-91.5625,62.125,60.375,-153.84772,LCC-FASD external-dev / cross-domain stress set,False
spoof_1524.png,1,VALID,-51.0625,34.40625,33.40625,-85.78201,LCC-FASD external-dev / cross-domain stress set,False
spoof_1525.png,1,VALID,59.9375,-40.90625,-42.09375,100.57756,LCC-FASD external-dev / cross-domain stress set,True
spoof_1526.png,1,VALID,63.03125,-42.84375,-44.4375,105.69005,LCC-FASD external-dev / cross-domain stress set,True
spoof_1527.png,1,VALID,-71.125,47.625,47.125,-119.224075,LCC-FASD external-dev / cross-domain stress set,False
spoof_1528.png,1,VALID,-81.0625,55.78125,52.5,-136.88065,LCC-FASD external-dev / cross-domain stress set,False
spoof_1529.png,1,VALID,-9.84375,6.9375,4.6523438,-16.878157,LCC-FASD external-dev / cross-domain stress set,False
spoof_1530.png,1,VALID,-81.875,54.59375,54.75,-137.24307,LCC-FASD external-dev / cross-domain stress set,False
spoof_1531.png,1,VALID,-30.984375,22.046875,18.0,-53.048576,LCC-FASD external-dev / cross-domain stress set,False
spoof_1532.png,1,VALID,-30.265625,20.78125,18.40625,-51.135815,LCC-FASD external-dev / cross-domain stress set,False
spoof_1533.png,1,NO_VALID_FACE,,,,,LCC-FASD external-dev / cross-domain stress set,
spoof_1534.png,1,VALID,-69.375,47.53125,44.53125,-116.954834,LCC-FASD external-dev / cross-domain stress set,False
spoof_1535.png,1,VALID,-67.9375,46.0625,44.15625,-114.13858,LCC-FASD external-dev / cross-domain stress set,False
spoof_1536.png,1,VALID,-66.0625,44.03125,44.03125,-110.786896,LCC-FASD external-dev / cross-domain stress set,False
spoof_1537.png,1,VALID,-87.8125,59.71875,57.65625,-147.65092,LCC-FASD external-dev / cross-domain stress set,False
spoof_1538.png,1,VALID,-34.8125,24.859375,20.671875,-59.686943,LCC-FASD external-dev / cross-domain stress set,False
spoof_1539.png,1,VALID,-65.0,44.40625,41.8125,-109.47833,LCC-FASD external-dev / cross-domain stress set,False
spoof_1540.png,1,VALID,-37.625,26.125,23.140625,-63.79933,LCC-FASD external-dev / cross-domain stress set,False
spoof_1541.png,1,VALID,-37.46875,26.828125,22.109375,-64.30576,LCC-FASD external-dev / cross-domain stress set,False
spoof_1542.png,1,VALID,-55.78125,37.9375,35.84375,-93.83495,LCC-FASD external-dev / cross-domain stress set,False
spoof_1543.png,1,VALID,-61.90625,43.75,38.28125,-105.66046,LCC-FASD external-dev / cross-domain stress set,False
spoof_1544.png,1,VALID,-40.71875,28.6875,24.84375,-69.42744,LCC-FASD external-dev / cross-domain stress set,False
spoof_1545.png,1,VALID,-64.875,43.9375,42.4375,-109.013916,LCC-FASD external-dev / cross-domain stress set,False
spoof_1546.png,1,VALID,-46.46875,31.421875,29.65625,-78.04855,LCC-FASD external-dev / cross-domain stress set,False
spoof_1547.png,1,VALID,-55.9375,38.625,35.34375,-94.599396,LCC-FASD external-dev / cross-domain stress set,False
spoof_1548.png,1,VALID,41.96875,-28.53125,-30.03125,70.298584,LCC-FASD external-dev / cross-domain stress set,True
spoof_1549.png,1,VALID,-7.4765625,5.2265625,3.1621094,-12.822584,LCC-FASD external-dev / cross-domain stress set,False
spoof_1550.png,1,VALID,60.28125,-42.46875,-41.03125,101.09939,LCC-FASD external-dev / cross-domain stress set,True
spoof_1551.png,1,VALID,48.0625,-32.15625,-34.625,80.13745,LCC-FASD external-dev / cross-domain stress set,True
spoof_1552.png,1,VALID,67.5625,-47.03125,-46.25,113.43555,LCC-FASD external-dev / cross-domain stress set,True
spoof_1553.png,1,VALID,-53.9375,37.875,33.28125,-91.82256,LCC-FASD external-dev / cross-domain stress set,False
spoof_1554.png,1,VALID,-53.8125,37.625,33.5,-91.45354,LCC-FASD external-dev / cross-domain stress set,False
spoof_1555.png,1,VALID,-22.78125,14.4296875,14.734375,-38.06799,LCC-FASD external-dev / cross-domain stress set,False
spoof_1556.png,1,VALID,19.703125,-13.4609375,-14.9609375,32.96265,LCC-FASD external-dev / cross-domain stress set,True
spoof_1557.png,1,VALID,-9.53125,5.6054688,5.6171875,-15.835743,LCC-FASD external-dev / cross-domain stress set,False
spoof_1558.png,1,VALID,62.3125,-42.5,-43.6875,104.54631,LCC-FASD external-dev / cross-domain stress set,True
spoof_1559.png,1,VALID,-13.875,9.046875,8.0234375,-23.228888,LCC-FASD external-dev / cross-domain stress set,False
spoof_1560.png,1,VALID,-51.21875,36.0,31.46875,-87.22946,LCC-FASD external-dev / cross-domain stress set,False
spoof_1561.png,1,VALID,9.2890625,-5.9882812,-8.40625,15.19199,LCC-FASD external-dev / cross-domain stress set,True
spoof_1562.png,1,VALID,82.5625,-57.28125,-56.375,138.59814,LCC-FASD external-dev / cross-domain stress set,True
spoof_1563.png,1,VALID,70.1875,-47.625,-49.1875,117.6222,LCC-FASD external-dev / cross-domain stress set,True
spoof_1564.png,1,VALID,1.9179688,-2.5351562,-1.7724609,3.307614,LCC-FASD external-dev / cross-domain stress set,False
spoof_1565.png,1,VALID,97.375,-66.125,-67.6875,163.3097,LCC-FASD external-dev / cross-domain stress set,True
spoof_1566.png,1,VALID,19.53125,-15.0,-13.15625,32.54061,LCC-FASD external-dev / cross-domain stress set,True
spoof_1453.png,1,VALID,-24.40625,17.390625,13.7890625,-41.82379,LCC-FASD external-dev / cross-domain stress set,False
spoof_1454.png,1,VALID,-26.984375,19.359375,15.4453125,-46.36351,LCC-FASD external-dev / cross-domain stress set,False
spoof_1455.png,1,VALID,35.875,-24.8125,-25.6875,60.339058,LCC-FASD external-dev / cross-domain stress set,True
spoof_1456.png,1,VALID,-9.0234375,6.6054688,3.9003906,-15.69363,LCC-FASD external-dev / cross-domain stress set,False
spoof_1457.png,1,VALID,-36.15625,25.71875,21.671875,-61.892326,LCC-FASD external-dev / cross-domain stress set,False
spoof_1458.png,1,VALID,-50.875,36.40625,30.734375,-87.28468,LCC-FASD external-dev / cross-domain stress set,False
spoof_1459.png,1,VALID,21.84375,-14.1640625,-17.28125,35.964485,LCC-FASD external-dev / cross-domain stress set,True
spoof_1460.png,1,VALID,12.765625,-8.078125,-11.109375,20.796623,LCC-FASD external-dev / cross-domain stress set,True
spoof_1461.png,1,VALID,-15.1953125,10.7421875,8.0078125,-26.000412,LCC-FASD external-dev / cross-domain stress set,False
spoof_1462.png,1,VALID,-10.328125,7.9335938,4.2929688,-18.287617,LCC-FASD external-dev / cross-domain stress set,False
spoof_1463.png,1,VALID,-23.046875,16.0625,13.359375,-39.174225,LCC-FASD external-dev / cross-domain stress set,False
spoof_1464.png,1,VALID,-31.09375,22.109375,18.34375,-53.226013,LCC-FASD external-dev / cross-domain stress set,False
spoof_1465.png,1,VALID,9.7890625,-6.1484375,-9.0,15.881351,LCC-FASD external-dev / cross-domain stress set,True
spoof_1466.png,1,VALID,3.7519531,-2.2109375,-4.6757812,5.8812904,LCC-FASD external-dev / cross-domain stress set,False
spoof_1467.png,1,VALID,54.9375,-38.125,-38.21875,92.41513,LCC-FASD external-dev / cross-domain stress set,True
spoof_1468.png,1,VALID,-28.125,20.234375,16.15625,-48.376175,LCC-FASD external-dev / cross-domain stress set,False
spoof_1469.png,1,VALID,34.25,-22.65625,-25.625,56.85616,LCC-FASD external-dev / cross-domain stress set,True
spoof_1470.png,1,VALID,5.9804688,-3.8613281,-6.0976562,9.740278,LCC-FASD external-dev / cross-domain stress set,True
spoof_1471.png,1,VALID,47.96875,-33.46875,-33.34375,80.6799,LCC-FASD external-dev / cross-domain stress set,True
spoof_1472.png,1,VALID,-0.16687012,0.4638672,-2.0859375,-0.70593464,LCC-FASD external-dev / cross-domain stress set,False
spoof_1473.png,1,VALID,0.7084961,-0.77734375,-1.9726562,1.2214704,LCC-FASD external-dev / cross-domain stress set,False
spoof_1474.png,1,VALID,-66.1875,44.0,44.34375,-111.067215,LCC-FASD external-dev / cross-domain stress set,False
spoof_1475.png,1,VALID,-8.875,4.1015625,6.1796875,-15.172617,LCC-FASD external-dev / cross-domain stress set,False
spoof_1476.png,1,VALID,-12.5703125,9.328125,5.9179688,-21.930939,LCC-FASD external-dev / cross-domain stress set,False
spoof_1477.png,1,VALID,-37.78125,23.40625,26.03125,-63.88244,LCC-FASD external-dev / cross-domain stress set,False
spoof_1478.png,1,VALID,-57.6875,38.03125,38.8125,-96.87695,LCC-FASD external-dev / cross-domain stress set,False
spoof_1479.png,1,VALID,-17.09375,9.40625,11.9453125,-29.115042,LCC-FASD external-dev / cross-domain stress set,False
spoof_1480.png,1,VALID,35.90625,-24.90625,-25.625,60.415497,LCC-FASD external-dev / cross-domain stress set,True
spoof_1481.png,1,VALID,26.25,-18.21875,-19.03125,44.10151,LCC-FASD external-dev / cross-domain stress set,True
spoof_1482.png,1,VALID,27.421875,-19.46875,-19.5625,46.243256,LCC-FASD external-dev / cross-domain stress set,True
spoof_1483.png,1,VALID,-30.5625,21.28125,18.296875,-51.89308,LCC-FASD external-dev / cross-domain stress set,False
spoof_1484.png,1,VALID,14.46875,-11.40625,-10.0078125,24.255836,LCC-FASD external-dev / cross-domain stress set,True
spoof_1485.png,1,VALID,-16.203125,9.109375,11.1484375,-27.473913,LCC-FASD external-dev / cross-domain stress set,False
spoof_1486.png,1,VALID,31.234375,-21.140625,-23.0,52.230232,LCC-FASD external-dev / cross-domain stress set,True
spoof_1487.png,1,VALID,-3.2734375,2.453125,0.2253418,-5.828909,LCC-FASD external-dev / cross-domain stress set,False
spoof_1488.png,1,VALID,-25.8125,16.015625,17.3125,-43.366676,LCC-FASD external-dev / cross-domain stress set,False
spoof_1489.png,1,VALID,-24.640625,16.859375,14.765625,-41.616203,LCC-FASD external-dev / cross-domain stress set,False
spoof_1490.png,1,VALID,9.0390625,-6.0195312,-7.9921875,14.928367,LCC-FASD external-dev / cross-domain stress set,True
spoof_1491.png,1,VALID,22.84375,-16.140625,-16.65625,38.516167,LCC-FASD external-dev / cross-domain stress set,True
spoof_1492.png,1,VALID,-28.078125,18.015625,18.484375,-47.048492,LCC-FASD external-dev / cross-domain stress set,False
spoof_1493.png,1,VALID,4.3945312,-3.9765625,-3.7382812,7.5517254,LCC-FASD external-dev / cross-domain stress set,False
spoof_1494.png,1,VALID,-35.4375,22.40625,24.046875,-59.661568,LCC-FASD external-dev / cross-domain stress set,False
spoof_1495.png,1,VALID,71.5,-48.75,-50.0625,120.01166,LCC-FASD external-dev / cross-domain stress set,True
spoof_1496.png,1,VALID,-14.3671875,8.1796875,9.734375,-24.29322,LCC-FASD external-dev / cross-domain stress set,False
spoof_1497.png,1,VALID,28.375,-19.53125,-20.671875,47.628906,LCC-FASD external-dev / cross-domain stress set,True
spoof_1498.png,1,VALID,-45.84375,32.25,28.0625,-78.108826,LCC-FASD external-dev / cross-domain stress set,False
spoof_1499.png,1,VALID,-102.75,69.25,68.6875,-172.45093,LCC-FASD external-dev / cross-domain stress set,False
spoof_1500.png,1,VALID,-43.0,30.109375,26.21875,-73.1296,LCC-FASD external-dev / cross-domain stress set,False
spoof_1501.png,1,NO_VALID_FACE,,,,,LCC-FASD external-dev / cross-domain stress set,
spoof_1502.png,1,VALID,-61.875,40.5625,42.0625,-104.138916,LCC-FASD external-dev / cross-domain stress set,False
spoof_1503.png,1,VALID,-67.125,46.6875,42.375,-113.825806,LCC-FASD external-dev / cross-domain stress set,False
spoof_1504.png,1,VALID,23.765625,-15.7890625,-18.125,39.462364,LCC-FASD external-dev / cross-domain stress set,True
spoof_1505.png,1,VALID,-36.5,25.671875,22.046875,-62.198174,LCC-FASD external-dev / cross-domain stress set,False
spoof_1506.png,1,VALID,-60.65625,39.46875,41.25,-102.061905,LCC-FASD external-dev / cross-domain stress set,False
spoof_1507.png,1,VALID,-38.96875,27.234375,23.96875,-66.240585,LCC-FASD external-dev / cross-domain stress set,False
spoof_1508.png,1,VALID,-63.28125,42.75,41.5625,-106.29744,LCC-FASD external-dev / cross-domain stress set,False
spoof_1509.png,1,VALID,33.90625,-23.015625,-24.640625,56.74213,LCC-FASD external-dev / cross-domain stress set,True
spoof_1510.png,1,VALID,-68.1875,47.0625,43.9375,-115.293,LCC-FASD external-dev / cross-domain stress set,False
spoof_1401.png,1,VALID,-15.4140625,10.765625,8.3515625,-26.265362,LCC-FASD external-dev / cross-domain stress set,False
spoof_1402.png,1,VALID,-12.171875,8.7734375,5.9648438,-21.003855,LCC-FASD external-dev / cross-domain stress set,False
spoof_1403.png,1,VALID,-27.828125,19.0,16.921875,-46.946053,LCC-FASD external-dev / cross-domain stress set,False
spoof_1404.png,1,VALID,-58.5,39.25,38.375,-98.09845,LCC-FASD external-dev / cross-domain stress set,False
spoof_1405.png,1,VALID,-44.5625,31.71875,27.015625,-76.290276,LCC-FASD external-dev / cross-domain stress set,False
spoof_1406.png,1,VALID,-103.1875,68.0625,70.4375,-173.71393,LCC-FASD external-dev / cross-domain stress set,False
spoof_1407.png,1,VALID,-75.6875,50.8125,50.125,-126.90735,LCC-FASD external-dev / cross-domain stress set,False
spoof_1408.png,1,VALID,-4.03125,2.8417969,0.86035156,-7.002205,LCC-FASD external-dev / cross-domain stress set,False
spoof_1409.png,1,VALID,-23.59375,16.515625,13.6953125,-40.167255,LCC-FASD external-dev / cross-domain stress set,False
spoof_1410.png,1,VALID,-105.5625,70.125,71.5625,-177.3381,LCC-FASD external-dev / cross-domain stress set,False
spoof_1411.png,1,VALID,-5.28125,3.2128906,2.1191406,-8.783041,LCC-FASD external-dev / cross-domain stress set,False
spoof_1412.png,1,VALID,-66.875,46.625,42.3125,-113.513306,LCC-FASD external-dev / cross-domain stress set,False
spoof_1413.png,1,VALID,17.34375,-12.1953125,-13.1171875,29.204182,LCC-FASD external-dev / cross-domain stress set,True
spoof_1414.png,1,VALID,-102.3125,68.0625,69.125,-171.73434,LCC-FASD external-dev / cross-domain stress set,False
spoof_1415.png,1,VALID,69.0,-47.59375,-47.78125,115.98996,LCC-FASD external-dev / cross-domain stress set,True
spoof_1416.png,1,VALID,-46.96875,33.03125,29.03125,-80.01815,LCC-FASD external-dev / cross-domain stress set,False
spoof_1417.png,1,VALID,-76.75,51.25,51.21875,-128.67764,LCC-FASD external-dev / cross-domain stress set,False
spoof_1418.png,1,VALID,-26.859375,18.921875,15.703125,-45.820477,LCC-FASD external-dev / cross-domain stress set,False
spoof_1419.png,1,VALID,-16.59375,11.6328125,9.140625,-28.306047,LCC-FASD external-dev / cross-domain stress set,False
spoof_1420.png,1,VALID,1.5117188,-0.7050781,-3.0703125,2.1270227,LCC-FASD external-dev / cross-domain stress set,False
spoof_1421.png,1,VALID,-25.421875,18.1875,14.5078125,-43.634293,LCC-FASD external-dev / cross-domain stress set,False
spoof_1422.png,1,VALID,0.44091797,-0.031051636,-2.2070312,0.36446416,LCC-FASD external-dev / cross-domain stress set,False
spoof_1423.png,1,VALID,63.0,-43.5625,-43.75,105.95871,LCC-FASD external-dev / cross-domain stress set,True
spoof_1424.png,1,VALID,-16.984375,11.796875,9.3828125,-28.866924,LCC-FASD external-dev / cross-domain stress set,False
spoof_1425.png,1,VALID,-30.234375,20.8125,18.4375,-51.135815,LCC-FASD external-dev / cross-domain stress set,False
spoof_1426.png,1,VALID,-36.375,25.296875,22.046875,-61.709915,LCC-FASD external-dev / cross-domain stress set,False
spoof_1427.png,1,VALID,-53.46875,34.15625,36.46875,-90.03191,LCC-FASD external-dev / cross-domain stress set,False
spoof_1428.png,1,VALID,-54.9375,37.6875,35.0,-92.690834,LCC-FASD external-dev / cross-domain stress set,False
spoof_1429.png,1,VALID,23.046875,-15.4921875,-17.25,38.37999,LCC-FASD external-dev / cross-domain stress set,True
spoof_1430.png,1,VALID,-14.828125,10.0625,8.265625,-25.044046,LCC-FASD external-dev / cross-domain stress set,False
spoof_1431.png,1,VALID,-29.1875,20.640625,17.0,-49.854023,LCC-FASD external-dev / cross-domain stress set,False
spoof_1432.png,1,VALID,-16.546875,10.7578125,9.8671875,-27.64856,LCC-FASD external-dev / cross-domain stress set,False
spoof_1433.png,1,VALID,-9.6328125,5.9492188,5.328125,-16.012096,LCC-FASD external-dev / cross-domain stress set,False
spoof_1434.png,1,VALID,-18.3125,13.75,9.453125,-32.07602,LCC-FASD external-dev / cross-domain stress set,False
spoof_1435.png,1,VALID,-40.59375,28.015625,25.375,-68.67826,LCC-FASD external-dev / cross-domain stress set,False
spoof_1436.png,1,VALID,-47.375,32.96875,29.453125,-80.37305,LCC-FASD external-dev / cross-domain stress set,False
spoof_1437.png,1,VALID,2.1679688,-1.6679688,-3.0195312,3.6057503,LCC-FASD external-dev / cross-domain stress set,False
spoof_1438.png,1,VALID,-27.046875,18.640625,16.53125,-45.802002,LCC-FASD external-dev / cross-domain stress set,False
spoof_1439.png,1,VALID,-12.5234375,8.34375,6.8203125,-21.064365,LCC-FASD external-dev / cross-domain stress set,False
spoof_1440.png,1,VALID,-34.34375,23.984375,20.65625,-58.363358,LCC-FASD external-dev / cross-domain stress set,False
spoof_1441.png,1,VALID,-31.421875,21.921875,18.75,-53.38482,LCC-FASD external-dev / cross-domain stress set,False
spoof_1442.png,1,VALID,-13.703125,10.296875,6.6914062,-24.026812,LCC-FASD external-dev / cross-domain stress set,False
spoof_1443.png,1,VALID,-22.40625,13.5234375,15.0234375,-37.6311,LCC-FASD external-dev / cross-domain stress set,False
spoof_1444.png,1,VALID,-76.1875,50.28125,51.15625,-127.6922,LCC-FASD external-dev / cross-domain stress set,False
spoof_1445.png,1,VALID,-44.625,30.0,28.640625,-74.853584,LCC-FASD external-dev / cross-domain stress set,False
spoof_1446.png,1,VALID,-49.15625,33.21875,31.59375,-82.55475,LCC-FASD external-dev / cross-domain stress set,False
spoof_1447.png,1,VALID,-29.953125,20.8125,17.921875,-50.81968,LCC-FASD external-dev / cross-domain stress set,False
spoof_1448.png,1,VALID,32.5,-21.6875,-24.140625,54.104977,LCC-FASD external-dev / cross-domain stress set,True
spoof_1449.png,1,VALID,13.46875,-9.21875,-10.765625,22.494476,LCC-FASD external-dev / cross-domain stress set,True
spoof_1450.png,1,VALID,68.375,-47.0,-47.46875,114.88901,LCC-FASD external-dev / cross-domain stress set,True
spoof_1451.png,1,VALID,31.9375,-21.28125,-23.84375,53.144466,LCC-FASD external-dev / cross-domain stress set,True
spoof_1452.png,1,VALID,-25.765625,18.453125,14.765625,-44.243477,LCC-FASD external-dev / cross-domain stress set,False
spoof_1344.png,1,VALID,-83.0,54.90625,56.0,-139.2889,LCC-FASD external-dev / cross-domain stress set,False
spoof_1345.png,1,VALID,-57.40625,40.46875,35.71875,-97.88361,LCC-FASD external-dev / cross-domain stress set,False
spoof_1346.png,1,VALID,-27.78125,18.15625,17.75,-46.448013,LCC-FASD external-dev / cross-domain stress set,False
spoof_1347.png,1,VALID,-108.25,71.9375,73.0,-181.54684,LCC-FASD external-dev / cross-domain stress set,False
spoof_1348.png,1,VALID,-88.6875,58.9375,59.625,-148.71985,LCC-FASD external-dev / cross-domain stress set,False
spoof_1349.png,1,VALID,-51.09375,33.96875,33.59375,-85.585625,LCC-FASD external-dev / cross-domain stress set,False
spoof_1350.png,1,VALID,-3.5351562,3.0761719,-0.11029053,-6.6518154,LCC-FASD external-dev / cross-domain stress set,False
spoof_1351.png,1,VALID,-30.21875,19.296875,19.96875,-50.600105,LCC-FASD external-dev / cross-domain stress set,False
spoof_1352.png,1,VALID,-68.125,45.125,45.5625,-114.18564,LCC-FASD external-dev / cross-domain stress set,False
spoof_1353.png,1,VALID,-61.8125,40.65625,41.46875,-103.64849,LCC-FASD external-dev / cross-domain stress set,False
spoof_1354.png,1,VALID,-9.578125,6.2070312,5.140625,-16.080988,LCC-FASD external-dev / cross-domain stress set,False
spoof_1355.png,1,VALID,-79.1875,53.15625,52.46875,-132.7511,LCC-FASD external-dev / cross-domain stress set,False
spoof_1356.png,1,VALID,-53.5625,37.90625,33.125,-91.4771,LCC-FASD external-dev / cross-domain stress set,False
spoof_1357.png,1,VALID,-34.5625,24.34375,20.96875,-58.939896,LCC-FASD external-dev / cross-domain stress set,False
spoof_1358.png,1,VALID,-1.2929688,0.5932617,-0.62646484,-2.1449814,LCC-FASD external-dev / cross-domain stress set,False
spoof_1359.png,1,VALID,-16.09375,9.234375,10.7578125,-27.04874,LCC-FASD external-dev / cross-domain stress set,False
spoof_1360.png,1,VALID,-42.0,27.78125,27.40625,-70.304375,LCC-FASD external-dev / cross-domain stress set,False
spoof_1361.png,1,VALID,-21.28125,14.734375,12.421875,-36.11004,LCC-FASD external-dev / cross-domain stress set,False
spoof_1362.png,1,VALID,-1.9765625,0.9589844,-0.05834961,-3.2441761,LCC-FASD external-dev / cross-domain stress set,False
spoof_1363.png,1,VALID,6.8359375,-5.171875,-5.9414062,11.627167,LCC-FASD external-dev / cross-domain stress set,True
spoof_1364.png,1,VALID,-19.625,12.625,12.0703125,-32.70378,LCC-FASD external-dev / cross-domain stress set,False
spoof_1365.png,1,VALID,10.109375,-7.5039062,-8.109375,17.177727,LCC-FASD external-dev / cross-domain stress set,True
spoof_1366.png,1,VALID,-54.21875,37.34375,34.3125,-91.60963,LCC-FASD external-dev / cross-domain stress set,False
spoof_1367.png,1,VALID,-2.1640625,1.5029297,-0.41430664,-3.804153,LCC-FASD external-dev / cross-domain stress set,False
spoof_1368.png,1,VALID,3.1171875,-2.140625,-3.8886719,5.097299,LCC-FASD external-dev / cross-domain stress set,False
spoof_1369.png,1,VALID,-37.40625,24.6875,24.28125,-62.604263,LCC-FASD external-dev / cross-domain stress set,False
spoof_1370.png,1,VALID,-41.15625,28.59375,25.390625,-69.78983,LCC-FASD external-dev / cross-domain stress set,False
spoof_1371.png,1,VALID,-7.3007812,3.5878906,4.5078125,-12.14403,LCC-FASD external-dev / cross-domain stress set,False
spoof_1372.png,1,VALID,-18.59375,12.2109375,11.1171875,-31.093588,LCC-FASD external-dev / cross-domain stress set,False
spoof_1373.png,1,VALID,-32.5625,21.09375,21.25,-54.430573,LCC-FASD external-dev / cross-domain stress set,False
spoof_1374.png,1,VALID,-22.28125,15.7109375,12.671875,-38.038956,LCC-FASD external-dev / cross-domain stress set,False
spoof_1375.png,1,VALID,5.234375,-4.2695312,-4.6757812,8.993395,LCC-FASD external-dev / cross-domain stress set,True
spoof_1376.png,1,VALID,-10.765625,7.5039062,5.2382812,-18.36826,LCC-FASD external-dev / cross-domain stress set,False
spoof_1377.png,1,VALID,-19.453125,12.9140625,11.7421875,-32.63705,LCC-FASD external-dev / cross-domain stress set,False
spoof_1378.png,1,VALID,76.3125,-52.5625,-52.65625,128.22763,LCC-FASD external-dev / cross-domain stress set,True
spoof_1379.png,1,VALID,31.0625,-22.0,-21.84375,52.288177,LCC-FASD external-dev / cross-domain stress set,True
spoof_1380.png,1,VALID,-22.203125,15.515625,12.78125,-37.781662,LCC-FASD external-dev / cross-domain stress set,False
spoof_1381.png,1,VALID,82.9375,-57.75,-56.5625,139.23381,LCC-FASD external-dev / cross-domain stress set,True
spoof_1382.png,1,VALID,-31.59375,22.546875,18.4375,-54.15691,LCC-FASD external-dev / cross-domain stress set,False
spoof_1383.png,1,VALID,-28.953125,20.828125,16.53125,-49.79477,LCC-FASD external-dev / cross-domain stress set,False
spoof_1384.png,1,VALID,16.625,-11.3203125,-12.9765625,27.770641,LCC-FASD external-dev / cross-domain stress set,True
spoof_1385.png,1,VALID,13.9921875,-9.3984375,-11.2734375,23.24795,LCC-FASD external-dev / cross-domain stress set,True
spoof_1386.png,1,VALID,48.96875,-34.96875,-33.21875,82.027275,LCC-FASD external-dev / cross-domain stress set,True
spoof_1387.png,1,VALID,128.0,-87.6875,-87.8125,215.0549,LCC-FASD external-dev / cross-domain stress set,True
spoof_1388.png,1,VALID,116.375,-80.0625,-79.75,195.57594,LCC-FASD external-dev / cross-domain stress set,True
spoof_1389.png,1,VALID,33.78125,-24.609375,-22.859375,56.4804,LCC-FASD external-dev / cross-domain stress set,True
spoof_1390.png,1,VALID,-23.453125,16.90625,13.0078125,-40.379448,LCC-FASD external-dev / cross-domain stress set,False
spoof_1391.png,1,VALID,103.0,-70.4375,-71.1875,173.05063,LCC-FASD external-dev / cross-domain stress set,True
spoof_1392.png,1,VALID,78.0625,-54.40625,-53.28125,131.06259,LCC-FASD external-dev / cross-domain stress set,True
spoof_1393.png,1,VALID,-12.28125,8.875,5.9765625,-21.209894,LCC-FASD external-dev / cross-domain stress set,False
spoof_1394.png,1,VALID,92.625,-63.53125,-63.875,155.62029,LCC-FASD external-dev / cross-domain stress set,True
spoof_1395.png,1,VALID,-5.4101562,3.7890625,1.9130859,-9.341764,LCC-FASD external-dev / cross-domain stress set,False
spoof_1396.png,1,VALID,-31.65625,22.109375,18.953125,-53.807327,LCC-FASD external-dev / cross-domain stress set,False
spoof_1397.png,1,VALID,110.125,-75.4375,-75.875,185.06436,LCC-FASD external-dev / cross-domain stress set,True
spoof_1398.png,1,VALID,46.1875,-33.03125,-31.1875,77.22811,LCC-FASD external-dev / cross-domain stress set,True
spoof_1399.png,1,VALID,16.609375,-11.171875,-12.875,27.613945,LCC-FASD external-dev / cross-domain stress set,True
spoof_1400.png,1,VALID,63.9375,-44.0,-44.46875,107.45151,LCC-FASD external-dev / cross-domain stress set,True
spoof_1294.png,1,VALID,-30.40625,20.453125,18.9375,-51.057957,LCC-FASD external-dev / cross-domain stress set,False
spoof_1295.png,1,VALID,-40.25,27.71875,25.0625,-68.036606,LCC-FASD external-dev / cross-domain stress set,False
spoof_1296.png,1,VALID,-34.46875,23.53125,21.34375,-58.10634,LCC-FASD external-dev / cross-domain stress set,False
spoof_1297.png,1,VALID,-42.3125,29.3125,26.28125,-71.67213,LCC-FASD external-dev / cross-domain stress set,False
spoof_1298.png,1,VALID,2.8398438,-1.5917969,-4.078125,4.351707,LCC-FASD external-dev / cross-domain stress set,False
spoof_1299.png,1,VALID,-31.875,21.765625,19.640625,-53.75345,LCC-FASD external-dev / cross-domain stress set,False
spoof_1300.png,1,VALID,39.6875,-27.1875,-28.484375,66.63332,LCC-FASD external-dev / cross-domain stress set,True
spoof_1301.png,1,VALID,-29.8125,21.265625,17.3125,-51.097137,LCC-FASD external-dev / cross-domain stress set,False
spoof_1302.png,1,VALID,-33.03125,23.1875,19.78125,-56.251377,LCC-FASD external-dev / cross-domain stress set,False
spoof_1303.png,1,VALID,2.6640625,-2.3085938,-3.0078125,4.569211,LCC-FASD external-dev / cross-domain stress set,False
spoof_1304.png,1,VALID,-15.5234375,11.296875,8.1171875,-26.861069,LCC-FASD external-dev / cross-domain stress set,False
spoof_1305.png,1,VALID,-37.75,25.234375,24.265625,-63.306137,LCC-FASD external-dev / cross-domain stress set,False
spoof_1306.png,1,VALID,-28.75,18.828125,18.375,-48.07016,LCC-FASD external-dev / cross-domain stress set,False
spoof_1307.png,1,VALID,-6.296875,3.9609375,2.8574219,-10.544271,LCC-FASD external-dev / cross-domain stress set,False
spoof_1308.png,1,VALID,-1.0742188,0.18847656,-0.49536133,-1.6712731,LCC-FASD external-dev / cross-domain stress set,False
spoof_1309.png,1,VALID,-15.9609375,11.15625,8.765625,-27.204807,LCC-FASD external-dev / cross-domain stress set,False
spoof_1310.png,1,VALID,-25.0,17.84375,14.328125,-42.873047,LCC-FASD external-dev / cross-domain stress set,False
spoof_1311.png,1,VALID,10.453125,-7.3632812,-8.6015625,17.561855,LCC-FASD external-dev / cross-domain stress set,True
spoof_1312.png,1,VALID,-20.953125,13.9609375,12.71875,-35.167736,LCC-FASD external-dev / cross-domain stress set,False
spoof_1313.png,1,VALID,-18.03125,11.921875,10.84375,-30.245968,LCC-FASD external-dev / cross-domain stress set,False
spoof_1314.png,1,VALID,-23.578125,16.8125,13.3671875,-40.42202,LCC-FASD external-dev / cross-domain stress set,False
spoof_1315.png,1,VALID,-36.84375,26.125,21.984375,-62.984535,LCC-FASD external-dev / cross-domain stress set,False
spoof_1316.png,1,VALID,-99.8125,69.5,64.0625,-169.31683,LCC-FASD external-dev / cross-domain stress set,False
spoof_1317.png,1,VALID,-38.09375,26.828125,23.125,-64.94622,LCC-FASD external-dev / cross-domain stress set,False
spoof_1318.png,1,VALID,-109.9375,76.5,70.8125,-186.44089,LCC-FASD external-dev / cross-domain stress set,False
spoof_1319.png,1,VALID,-104.625,72.875,67.375,-177.50409,LCC-FASD external-dev / cross-domain stress set,False
spoof_1320.png,1,VALID,-119.5625,83.5625,76.875,-203.12625,LCC-FASD external-dev / cross-domain stress set,False
spoof_1321.png,1,VALID,-33.78125,23.890625,20.0625,-57.69339,LCC-FASD external-dev / cross-domain stress set,False
spoof_1322.png,1,VALID,-120.8125,84.625,77.25,-205.43813,LCC-FASD external-dev / cross-domain stress set,False
spoof_1323.png,1,VALID,-51.71875,36.0625,32.25,-87.8031,LCC-FASD external-dev / cross-domain stress set,False
spoof_1324.png,1,VALID,-28.4375,19.546875,17.25,-48.080208,LCC-FASD external-dev / cross-domain stress set,False
spoof_1325.png,1,VALID,-57.4375,39.8125,36.21875,-97.27712,LCC-FASD external-dev / cross-domain stress set,False
spoof_1326.png,1,VALID,-39.78125,27.0625,25.21875,-66.99064,LCC-FASD external-dev / cross-domain stress set,False
spoof_1327.png,1,VALID,-38.90625,25.953125,24.921875,-65.16433,LCC-FASD external-dev / cross-domain stress set,False
spoof_1328.png,1,VALID,-63.46875,42.8125,41.375,-106.49436,LCC-FASD external-dev / cross-domain stress set,False
spoof_1329.png,1,VALID,-76.9375,52.21875,50.28125,-129.29083,LCC-FASD external-dev / cross-domain stress set,False
spoof_1330.png,1,VALID,-69.75,48.53125,44.125,-118.29338,LCC-FASD external-dev / cross-domain stress set,False
spoof_1331.png,1,VALID,-36.84375,24.515625,23.59375,-61.694256,LCC-FASD external-dev / cross-domain stress set,False
spoof_1332.png,1,VALID,-82.6875,57.28125,53.0,-139.98248,LCC-FASD external-dev / cross-domain stress set,False
spoof_1333.png,1,VALID,-69.9375,48.40625,44.53125,-118.36429,LCC-FASD external-dev / cross-domain stress set,False
spoof_1334.png,1,VALID,-39.5625,26.65625,25.171875,-66.423035,LCC-FASD external-dev / cross-domain stress set,False
spoof_1335.png,1,VALID,-41.9375,28.3125,26.796875,-70.44858,LCC-FASD external-dev / cross-domain stress set,False
spoof_1336.png,1,VALID,20.234375,-14.140625,-15.0546875,34.03789,LCC-FASD external-dev / cross-domain stress set,True
spoof_1337.png,1,VALID,-80.4375,55.84375,51.21875,-136.291,LCC-FASD external-dev / cross-domain stress set,False
spoof_1338.png,1,VALID,-30.765625,20.0,20.171875,-51.548397,LCC-FASD external-dev / cross-domain stress set,False
spoof_1339.png,1,VALID,-61.03125,43.375,37.65625,-104.40953,LCC-FASD external-dev / cross-domain stress set,False
spoof_1340.png,1,VALID,-69.75,45.125,47.75,-117.56993,LCC-FASD external-dev / cross-domain stress set,False
spoof_1341.png,1,VALID,-21.828125,13.59375,14.328125,-36.54816,LCC-FASD external-dev / cross-domain stress set,False
spoof_1342.png,1,VALID,-19.78125,11.9296875,13.171875,-33.2068,LCC-FASD external-dev / cross-domain stress set,False
spoof_1343.png,1,VALID,-40.78125,26.84375,26.84375,-68.318146,LCC-FASD external-dev / cross-domain stress set,False
spoof_1239.png,1,VALID,-41.875,30.09375,24.734375,-71.97344,LCC-FASD external-dev / cross-domain stress set,False
spoof_1240.png,1,VALID,-32.09375,21.75,20.1875,-54.03405,LCC-FASD external-dev / cross-domain stress set,False
spoof_1241.png,1,VALID,-38.28125,25.296875,25.140625,-64.1962,LCC-FASD external-dev / cross-domain stress set,False
spoof_1242.png,1,VALID,-39.21875,28.265625,23.078125,-67.489944,LCC-FASD external-dev / cross-domain stress set,False
spoof_1243.png,1,VALID,-35.0,25.0625,20.5625,-60.073547,LCC-FASD external-dev / cross-domain stress set,False
spoof_1244.png,1,VALID,-33.53125,22.53125,21.34375,-56.32869,LCC-FASD external-dev / cross-domain stress set,False
spoof_1245.png,1,VALID,-10.3671875,5.3710938,7.0820312,-17.615322,LCC-FASD external-dev / cross-domain stress set,False
spoof_1246.png,1,VALID,-10.890625,5.84375,7.53125,-18.591602,LCC-FASD external-dev / cross-domain stress set,False
spoof_1247.png,1,VALID,5.0390625,-4.5585938,-3.9199219,8.535029,LCC-FASD external-dev / cross-domain stress set,False
spoof_1248.png,1,VALID,-18.09375,11.609375,11.2109375,-30.216766,LCC-FASD external-dev / cross-domain stress set,False
spoof_1249.png,1,VALID,-17.328125,10.8671875,10.9375,-28.924232,LCC-FASD external-dev / cross-domain stress set,False
spoof_1250.png,1,VALID,53.90625,-37.5,-37.5,90.713104,LCC-FASD external-dev / cross-domain stress set,True
spoof_1251.png,1,VALID,42.75,-29.03125,-30.65625,71.6015,LCC-FASD external-dev / cross-domain stress set,True
spoof_1252.png,1,VALID,9.296875,-7.1914062,-7.0351562,15.713961,LCC-FASD external-dev / cross-domain stress set,True
spoof_1253.png,1,VALID,-47.4375,30.109375,32.65625,-80.16916,LCC-FASD external-dev / cross-domain stress set,False
spoof_1254.png,1,VALID,41.625,-28.84375,-29.34375,69.994675,LCC-FASD external-dev / cross-domain stress set,True
spoof_1255.png,1,VALID,33.65625,-23.84375,-23.484375,56.611107,LCC-FASD external-dev / cross-domain stress set,True
spoof_1256.png,1,VALID,15.40625,-11.5859375,-10.953125,25.933392,LCC-FASD external-dev / cross-domain stress set,True
spoof_1257.png,1,VALID,-11.2109375,6.3476562,7.2304688,-18.78756,LCC-FASD external-dev / cross-domain stress set,False
spoof_1258.png,1,VALID,-23.21875,14.65625,15.0859375,-38.805893,LCC-FASD external-dev / cross-domain stress set,False
spoof_1259.png,1,VALID,6.8007812,-5.3164062,-5.5273438,11.523957,LCC-FASD external-dev / cross-domain stress set,True
spoof_1260.png,1,VALID,-18.125,11.5625,11.265625,-30.243187,LCC-FASD external-dev / cross-domain stress set,False
spoof_1261.png,1,VALID,29.203125,-20.734375,-20.5625,49.154728,LCC-FASD external-dev / cross-domain stress set,True
spoof_1262.png,1,VALID,42.5625,-29.96875,-29.453125,71.54742,LCC-FASD external-dev / cross-domain stress set,True
spoof_1263.png,1,VALID,-7.609375,4.8828125,3.8417969,-12.794582,LCC-FASD external-dev / cross-domain stress set,False
spoof_1264.png,1,VALID,40.9375,-28.6875,-28.734375,68.95502,LCC-FASD external-dev / cross-domain stress set,True
spoof_1265.png,1,VALID,12.1015625,-9.34375,-8.875,20.490572,LCC-FASD external-dev / cross-domain stress set,True
spoof_1266.png,1,VALID,-4.3945312,1.4150391,2.9550781,-7.543837,LCC-FASD external-dev / cross-domain stress set,False
spoof_1267.png,1,VALID,-11.53125,6.9375,7.234375,-19.321312,LCC-FASD external-dev / cross-domain stress set,False
spoof_1268.png,1,VALID,-112.0625,76.0625,74.1875,-188.26767,LCC-FASD external-dev / cross-domain stress set,False
spoof_1269.png,1,VALID,-100.875,68.6875,66.4375,-169.6627,LCC-FASD external-dev / cross-domain stress set,False
spoof_1270.png,1,VALID,-87.4375,60.9375,55.71875,-148.3804,LCC-FASD external-dev / cross-domain stress set,False
spoof_1271.png,1,VALID,-52.6875,36.5625,33.1875,-89.283646,LCC-FASD external-dev / cross-domain stress set,False
spoof_1272.png,1,VALID,-62.28125,43.5,39.15625,-105.79416,LCC-FASD external-dev / cross-domain stress set,False
spoof_1273.png,1,VALID,-98.875,67.5625,64.8125,-166.49947,LCC-FASD external-dev / cross-domain stress set,False
spoof_1274.png,1,VALID,-67.125,45.75,43.53125,-112.978226,LCC-FASD external-dev / cross-domain stress set,False
spoof_1275.png,1,VALID,-87.1875,60.5625,55.78125,-147.75835,LCC-FASD external-dev / cross-domain stress set,False
spoof_1276.png,1,VALID,-94.125,63.53125,62.53125,-157.96951,LCC-FASD external-dev / cross-domain stress set,False
spoof_1277.png,1,VALID,-91.8125,62.15625,60.65625,-154.17017,LCC-FASD external-dev / cross-domain stress set,False
spoof_1278.png,1,VALID,-101.5625,70.5,65.5625,-172.06964,LCC-FASD external-dev / cross-domain stress set,False
spoof_1279.png,1,VALID,-113.0625,78.0,73.5,-191.07355,LCC-FASD external-dev / cross-domain stress set,False
spoof_1280.png,1,VALID,-88.1875,61.375,56.375,-149.56921,LCC-FASD external-dev / cross-domain stress set,False
spoof_1281.png,1,VALID,-90.0625,61.34375,59.03125,-151.50067,LCC-FASD external-dev / cross-domain stress set,False
spoof_1282.png,1,VALID,-108.9375,74.0625,72.125,-183.13458,LCC-FASD external-dev / cross-domain stress set,False
spoof_1283.png,1,VALID,-67.3125,46.90625,42.59375,-114.232056,LCC-FASD external-dev / cross-domain stress set,False
spoof_1284.png,1,VALID,-32.65625,22.578125,20.046875,-55.31093,LCC-FASD external-dev / cross-domain stress set,False
spoof_1285.png,1,VALID,-74.375,51.84375,47.15625,-126.22792,LCC-FASD external-dev / cross-domain stress set,False
spoof_1286.png,1,VALID,-98.4375,66.875,65.0625,-165.46371,LCC-FASD external-dev / cross-domain stress set,False
spoof_1287.png,1,VALID,-107.1875,73.0,70.75,-180.2877,LCC-FASD external-dev / cross-domain stress set,False
spoof_1288.png,1,VALID,-15.671875,11.125,8.3203125,-26.85564,LCC-FASD external-dev / cross-domain stress set,False
spoof_1289.png,1,VALID,-15.015625,10.65625,7.9335938,-25.735508,LCC-FASD external-dev / cross-domain stress set,False
spoof_1290.png,1,VALID,-43.375,29.265625,27.65625,-72.82295,LCC-FASD external-dev / cross-domain stress set,False
spoof_1291.png,1,VALID,25.328125,-17.640625,-18.546875,42.6294,LCC-FASD external-dev / cross-domain stress set,True
spoof_1292.png,1,VALID,25.21875,-17.046875,-18.90625,42.120857,LCC-FASD external-dev / cross-domain stress set,True
spoof_1293.png,1,VALID,-43.5625,29.96875,27.28125,-73.597084,LCC-FASD external-dev / cross-domain stress set,False
spoof_1189.png,1,VALID,-52.84375,34.5,35.5,-88.65701,LCC-FASD external-dev / cross-domain stress set,False
spoof_1190.png,1,VALID,-10.8671875,6.6992188,6.4023438,-18.122093,LCC-FASD external-dev / cross-domain stress set,False
spoof_1191.png,1,VALID,-11.421875,7.4453125,6.3867188,-19.165026,LCC-FASD external-dev / cross-domain stress set,False
spoof_1192.png,1,VALID,53.125,-37.0625,-36.71875,89.307785,LCC-FASD external-dev / cross-domain stress set,True
spoof_1193.png,1,VALID,-68.6875,47.6875,43.8125,-116.39554,LCC-FASD external-dev / cross-domain stress set,False
spoof_1194.png,1,VALID,-65.8125,44.3125,43.4375,-110.47345,LCC-FASD external-dev / cross-domain stress set,False
spoof_1195.png,1,VALID,-23.640625,15.03125,15.5703125,-39.67045,LCC-FASD external-dev / cross-domain stress set,False
spoof_1196.png,1,VALID,-34.21875,23.3125,21.609375,-57.698555,LCC-FASD external-dev / cross-domain stress set,False
spoof_1197.png,1,VALID,-71.875,50.15625,45.375,-122.0396,LCC-FASD external-dev / cross-domain stress set,False
spoof_1198.png,1,VALID,-78.3125,54.5,49.78125,-132.82138,LCC-FASD external-dev / cross-domain stress set,False
spoof_1199.png,1,VALID,-98.125,68.5,62.875,-166.6286,LCC-FASD external-dev / cross-domain stress set,False
spoof_1200.png,1,VALID,-55.65625,39.21875,34.6875,-94.88571,LCC-FASD external-dev / cross-domain stress set,False
spoof_1201.png,1,VALID,-41.4375,28.859375,25.46875,-70.33001,LCC-FASD external-dev / cross-domain stress set,False
spoof_1202.png,1,VALID,-48.40625,32.21875,31.921875,-81.18069,LCC-FASD external-dev / cross-domain stress set,False
spoof_1203.png,1,VALID,-93.5625,64.625,60.78125,-158.20868,LCC-FASD external-dev / cross-domain stress set,False
spoof_1204.png,1,VALID,-12.53125,10.28125,5.1171875,-22.818203,LCC-FASD external-dev / cross-domain stress set,False
spoof_1205.png,1,VALID,-109.0,75.5,70.5625,-184.50714,LCC-FASD external-dev / cross-domain stress set,False
spoof_1206.png,1,VALID,-23.859375,17.796875,13.03125,-41.664734,LCC-FASD external-dev / cross-domain stress set,False
spoof_1207.png,1,VALID,-44.6875,32.0625,26.8125,-76.75523,LCC-FASD external-dev / cross-domain stress set,False
spoof_1208.png,1,VALID,-119.875,82.875,77.9375,-202.75714,LCC-FASD external-dev / cross-domain stress set,False
spoof_1209.png,1,VALID,-21.453125,14.59375,13.0625,-36.24266,LCC-FASD external-dev / cross-domain stress set,False
spoof_1210.png,1,VALID,-74.375,52.03125,46.9375,-126.41237,LCC-FASD external-dev / cross-domain stress set,False
spoof_1211.png,1,VALID,-62.625,44.03125,39.3125,-106.66514,LCC-FASD external-dev / cross-domain stress set,False
spoof_1212.png,1,VALID,-109.3125,75.6875,70.75,-185.00714,LCC-FASD external-dev / cross-domain stress set,False
spoof_1213.png,1,VALID,-71.0,49.4375,44.875,-120.44788,LCC-FASD external-dev / cross-domain stress set,False
spoof_1214.png,1,VALID,-4.0859375,2.9414062,1.2509766,-7.1966143,LCC-FASD external-dev / cross-domain stress set,False
spoof_1215.png,1,VALID,18.34375,-12.4453125,-14.34375,30.649471,LCC-FASD external-dev / cross-domain stress set,True
spoof_1216.png,1,VALID,52.46875,-35.9375,-37.21875,88.161194,LCC-FASD external-dev / cross-domain stress set,True
spoof_1217.png,1,VALID,-50.40625,35.28125,31.125,-85.70305,LCC-FASD external-dev / cross-domain stress set,False
spoof_1218.png,1,VALID,-40.75,28.25,25.0625,-69.04044,LCC-FASD external-dev / cross-domain stress set,False
spoof_1219.png,1,VALID,-22.953125,16.03125,13.2265625,-39.04314,LCC-FASD external-dev / cross-domain stress set,False
spoof_1220.png,1,VALID,-49.21875,34.03125,30.734375,-83.28633,LCC-FASD external-dev / cross-domain stress set,False
spoof_1221.png,1,VALID,-3.9003906,2.6523438,0.67333984,-6.6821885,LCC-FASD external-dev / cross-domain stress set,False
spoof_1222.png,1,VALID,-16.203125,11.3046875,8.75,-27.582657,LCC-FASD external-dev / cross-domain stress set,False
spoof_1223.png,1,VALID,3.1875,-2.3242188,-3.9140625,5.3261046,LCC-FASD external-dev / cross-domain stress set,False
spoof_1224.png,1,VALID,-43.1875,29.375,27.3125,-72.68218,LCC-FASD external-dev / cross-domain stress set,False
spoof_1225.png,1,VALID,9.4453125,-6.1367188,-8.734375,15.510224,LCC-FASD external-dev / cross-domain stress set,True
spoof_1226.png,1,VALID,21.71875,-14.6640625,-16.828125,36.274086,LCC-FASD external-dev / cross-domain stress set,True
spoof_1227.png,1,VALID,-53.59375,36.5,34.1875,-90.18816,LCC-FASD external-dev / cross-domain stress set,False
spoof_1228.png,1,VALID,6.4296875,-4.1796875,-6.4492188,10.511015,LCC-FASD external-dev / cross-domain stress set,True
spoof_1229.png,1,VALID,37.65625,-25.734375,-27.3125,63.20302,LCC-FASD external-dev / cross-domain stress set,True
spoof_1230.png,1,VALID,-40.53125,28.390625,24.703125,-68.9466,LCC-FASD external-dev / cross-domain stress set,False
spoof_1231.png,1,VALID,-35.84375,24.4375,22.296875,-60.392418,LCC-FASD external-dev / cross-domain stress set,False
spoof_1232.png,1,VALID,56.78125,-39.21875,-39.875,95.582085,LCC-FASD external-dev / cross-domain stress set,True
spoof_1233.png,1,VALID,59.8125,-40.9375,-42.28125,100.5182,LCC-FASD external-dev / cross-domain stress set,True
spoof_1234.png,1,VALID,-12.40625,8.71875,6.1445312,-21.198448,LCC-FASD external-dev / cross-domain stress set,False
spoof_1235.png,1,VALID,-28.5625,19.1875,17.890625,-47.991676,LCC-FASD external-dev / cross-domain stress set,False
spoof_1236.png,1,VALID,-39.59375,26.703125,25.421875,-66.54193,LCC-FASD external-dev / cross-domain stress set,False
spoof_1237.png,1,VALID,-47.53125,34.0,28.578125,-81.53566,LCC-FASD external-dev / cross-domain stress set,False
spoof_1238.png,1,VALID,-37.8125,26.96875,22.4375,-64.79196,LCC-FASD external-dev / cross-domain stress set,False
spoof_1133.png,1,VALID,41.1875,-27.140625,-30.15625,68.28027,LCC-FASD external-dev / cross-domain stress set,True
spoof_1134.png,1,VALID,-60.875,42.75,38.09375,-103.63446,LCC-FASD external-dev / cross-domain stress set,False
spoof_1135.png,1,VALID,-3.8242188,3.7734375,0.013183594,-7.6206675,LCC-FASD external-dev / cross-domain stress set,False
spoof_1136.png,1,VALID,-25.734375,17.984375,15.1953125,-43.77841,LCC-FASD external-dev / cross-domain stress set,False
spoof_1137.png,1,VALID,-55.40625,37.71875,35.8125,-93.26358,LCC-FASD external-dev / cross-domain stress set,False
spoof_1138.png,1,VALID,-43.1875,30.53125,26.3125,-73.73336,LCC-FASD external-dev / cross-domain stress set,False
spoof_1139.png,1,VALID,-87.375,60.8125,55.875,-148.19464,LCC-FASD external-dev / cross-domain stress set,False
spoof_1140.png,1,VALID,-26.6875,19.0,15.421875,-45.715046,LCC-FASD external-dev / cross-domain stress set,False
spoof_1141.png,1,VALID,-27.71875,19.4375,16.390625,-47.202663,LCC-FASD external-dev / cross-domain stress set,False
spoof_1142.png,1,VALID,-63.84375,44.28125,40.4375,-108.14619,LCC-FASD external-dev / cross-domain stress set,False
spoof_1143.png,1,VALID,-35.03125,24.546875,21.421875,-59.621124,LCC-FASD external-dev / cross-domain stress set,False
spoof_1144.png,1,VALID,-8.0078125,6.0664062,3.0761719,-14.123272,LCC-FASD external-dev / cross-domain stress set,False
spoof_1145.png,1,VALID,-39.34375,27.71875,23.875,-67.08369,LCC-FASD external-dev / cross-domain stress set,False
spoof_1146.png,1,VALID,19.703125,-12.6640625,-15.5390625,32.312305,LCC-FASD external-dev / cross-domain stress set,True
spoof_1147.png,1,VALID,-58.71875,40.78125,37.09375,-99.52473,LCC-FASD external-dev / cross-domain stress set,False
spoof_1148.png,1,VALID,-33.625,23.703125,20.09375,-57.354836,LCC-FASD external-dev / cross-domain stress set,False
spoof_1149.png,1,VALID,-16.140625,11.78125,8.3359375,-27.953272,LCC-FASD external-dev / cross-domain stress set,False
spoof_1150.png,1,VALID,-28.65625,20.53125,16.59375,-49.20681,LCC-FASD external-dev / cross-domain stress set,False
spoof_1151.png,1,VALID,0.8515625,-0.9741211,-1.8300781,1.4715986,LCC-FASD external-dev / cross-domain stress set,False
spoof_1152.png,1,VALID,-15.3671875,9.453125,9.6484375,-25.615877,LCC-FASD external-dev / cross-domain stress set,False
spoof_1153.png,1,VALID,-51.3125,34.625,33.34375,-86.182556,LCC-FASD external-dev / cross-domain stress set,False
spoof_1154.png,1,VALID,38.0,-26.78125,-26.125,63.707085,LCC-FASD external-dev / cross-domain stress set,True
spoof_1155.png,1,VALID,-46.90625,32.40625,29.484375,-79.36493,LCC-FASD external-dev / cross-domain stress set,False
spoof_1156.png,1,VALID,-48.125,32.90625,30.640625,-81.129974,LCC-FASD external-dev / cross-domain stress set,False
spoof_1157.png,1,VALID,-16.6875,10.9921875,9.9375,-27.978533,LCC-FASD external-dev / cross-domain stress set,False
spoof_1158.png,1,VALID,-3.1289062,0.7080078,2.09375,-5.4459105,LCC-FASD external-dev / cross-domain stress set,False
spoof_1159.png,1,VALID,76.0625,-52.6875,-52.375,127.88844,LCC-FASD external-dev / cross-domain stress set,True
spoof_1160.png,1,VALID,-27.125,18.46875,16.578125,-45.73436,LCC-FASD external-dev / cross-domain stress set,False
spoof_1161.png,1,VALID,-15.5234375,9.4609375,9.8203125,-25.873268,LCC-FASD external-dev / cross-domain stress set,False
spoof_1162.png,1,VALID,5.5390625,-4.4023438,-4.7929688,9.424618,LCC-FASD external-dev / cross-domain stress set,True
spoof_1163.png,1,VALID,-66.625,45.09375,43.6875,-111.937935,LCC-FASD external-dev / cross-domain stress set,False
spoof_1164.png,1,VALID,-20.015625,12.6875,13.15625,-33.657867,LCC-FASD external-dev / cross-domain stress set,False
spoof_1165.png,1,VALID,-8.65625,5.7578125,4.6835938,-14.707899,LCC-FASD external-dev / cross-domain stress set,False
spoof_1166.png,1,VALID,-53.21875,36.34375,34.25,-89.6787,LCC-FASD external-dev / cross-domain stress set,False
spoof_1167.png,1,VALID,-22.21875,15.0390625,13.28125,-37.416885,LCC-FASD external-dev / cross-domain stress set,False
spoof_1168.png,1,VALID,-25.734375,17.296875,15.890625,-43.250435,LCC-FASD external-dev / cross-domain stress set,False
spoof_1169.png,1,VALID,29.21875,-20.578125,-20.71875,49.17157,LCC-FASD external-dev / cross-domain stress set,True
spoof_1170.png,1,VALID,-27.21875,18.953125,16.40625,-46.247284,LCC-FASD external-dev / cross-domain stress set,False
spoof_1171.png,1,VALID,-60.3125,42.0625,37.9375,-102.39104,LCC-FASD external-dev / cross-domain stress set,False
spoof_1172.png,1,VALID,-86.75,58.28125,57.875,-145.54176,LCC-FASD external-dev / cross-domain stress set,False
spoof_1173.png,1,VALID,-10.4453125,6.8515625,5.65625,-17.561245,LCC-FASD external-dev / cross-domain stress set,False
spoof_1174.png,1,VALID,-50.03125,33.78125,32.625,-84.08608,LCC-FASD external-dev / cross-domain stress set,False
spoof_1175.png,1,VALID,41.84375,-29.390625,-29.15625,70.41719,LCC-FASD external-dev / cross-domain stress set,True
spoof_1176.png,1,VALID,-67.0,47.34375,41.875,-114.34796,LCC-FASD external-dev / cross-domain stress set,False
spoof_1177.png,1,VALID,-34.625,23.109375,22.359375,-58.121246,LCC-FASD external-dev / cross-domain stress set,False
spoof_1178.png,1,VALID,-60.6875,38.5,42.09375,-102.80837,LCC-FASD external-dev / cross-domain stress set,False
spoof_1179.png,1,VALID,-74.625,51.09375,48.4375,-125.786606,LCC-FASD external-dev / cross-domain stress set,False
spoof_1180.png,1,VALID,-16.25,10.5859375,9.7421875,-27.193678,LCC-FASD external-dev / cross-domain stress set,False
spoof_1181.png,1,VALID,3.7128906,-2.6054688,-4.1601562,6.1267023,LCC-FASD external-dev / cross-domain stress set,False
spoof_1182.png,1,VALID,-45.78125,29.375,31.0625,-77.01347,LCC-FASD external-dev / cross-domain stress set,False
spoof_1183.png,1,VALID,-14.125,9.03125,8.3671875,-23.571505,LCC-FASD external-dev / cross-domain stress set,False
spoof_1184.png,1,VALID,-18.53125,10.7734375,12.515625,-31.20826,LCC-FASD external-dev / cross-domain stress set,False
spoof_1185.png,1,VALID,-30.484375,18.21875,21.375,-51.901077,LCC-FASD external-dev / cross-domain stress set,False
spoof_1186.png,1,VALID,-37.9375,26.609375,23.125,-64.57709,LCC-FASD external-dev / cross-domain stress set,False
spoof_1187.png,1,VALID,27.953125,-20.140625,-19.390625,46.95688,LCC-FASD external-dev / cross-domain stress set,True
spoof_1188.png,1,VALID,31.375,-22.734375,-21.640625,52.726723,LCC-FASD external-dev / cross-domain stress set,True
spoof_1078.png,1,VALID,-41.4375,25.828125,28.671875,-70.165955,LCC-FASD external-dev / cross-domain stress set,False
spoof_1079.png,1,VALID,-2.2421875,-0.70458984,1.9052734,-4.2184267,LCC-FASD external-dev / cross-domain stress set,False
spoof_1080.png,1,VALID,1.1308594,-1.4150391,-1.7744141,2.016381,LCC-FASD external-dev / cross-domain stress set,False
spoof_1081.png,1,VALID,-78.25,54.5625,49.6875,-132.8201,LCC-FASD external-dev / cross-domain stress set,False
spoof_1082.png,1,VALID,-28.546875,18.859375,18.421875,-47.904385,LCC-FASD external-dev / cross-domain stress set,False
spoof_1083.png,1,VALID,-26.609375,18.109375,16.125,-44.847553,LCC-FASD external-dev / cross-domain stress set,False
spoof_1084.png,1,VALID,-40.6875,27.125,26.609375,-68.28071,LCC-FASD external-dev / cross-domain stress set,False
spoof_1085.png,1,VALID,19.5,-14.859375,-13.40625,32.69612,LCC-FASD external-dev / cross-domain stress set,True
spoof_1086.png,1,VALID,-27.625,17.171875,18.53125,-46.384834,LCC-FASD external-dev / cross-domain stress set,False
spoof_1087.png,1,VALID,-71.25,49.875,44.8125,-121.13131,LCC-FASD external-dev / cross-domain stress set,False
spoof_1088.png,1,VALID,-68.875,48.375,43.15625,-117.2554,LCC-FASD external-dev / cross-domain stress set,False
spoof_1089.png,1,VALID,32.53125,-21.734375,-23.8125,54.147697,LCC-FASD external-dev / cross-domain stress set,True
spoof_1090.png,1,VALID,-31.390625,22.390625,18.484375,-53.801167,LCC-FASD external-dev / cross-domain stress set,False
spoof_1091.png,1,VALID,5.9140625,-3.5410156,-6.0820312,9.379242,LCC-FASD external-dev / cross-domain stress set,True
spoof_1092.png,1,VALID,3.1484375,-1.9785156,-4.0859375,5.0122404,LCC-FASD external-dev / cross-domain stress set,False
spoof_1093.png,1,VALID,-4.8671875,4.1328125,0.64404297,-9.030081,LCC-FASD external-dev / cross-domain stress set,False
spoof_1094.png,1,VALID,-6.0429688,4.8203125,1.7001953,-10.9064865,LCC-FASD external-dev / cross-domain stress set,False
spoof_1095.png,1,VALID,-46.5625,32.15625,29.296875,-78.774475,LCC-FASD external-dev / cross-domain stress set,False
spoof_1096.png,1,VALID,3.265625,-1.8613281,-4.46875,5.0558195,LCC-FASD external-dev / cross-domain stress set,False
spoof_1097.png,1,VALID,31.15625,-21.1875,-22.921875,52.1812,LCC-FASD external-dev / cross-domain stress set,True
spoof_1098.png,1,VALID,-35.0,25.328125,20.15625,-60.333782,LCC-FASD external-dev / cross-domain stress set,False
spoof_1099.png,1,VALID,101.5625,-69.6875,-69.8125,170.6174,LCC-FASD external-dev / cross-domain stress set,True
spoof_1100.png,1,VALID,66.125,-45.0,-46.46875,110.917816,LCC-FASD external-dev / cross-domain stress set,True
spoof_1101.png,1,VALID,-5.1132812,4.4609375,0.65527344,-9.59622,LCC-FASD external-dev / cross-domain stress set,False
spoof_1102.png,1,VALID,-16.828125,12.421875,8.921875,-29.27975,LCC-FASD external-dev / cross-domain stress set,False
spoof_1103.png,1,VALID,-2.1835938,2.25,-1.1445312,-4.4665995,LCC-FASD external-dev / cross-domain stress set,False
spoof_1104.png,1,VALID,17.453125,-11.8046875,-13.4609375,29.083141,LCC-FASD external-dev / cross-domain stress set,True
spoof_1105.png,1,VALID,14.484375,-9.8046875,-11.5234375,24.12415,LCC-FASD external-dev / cross-domain stress set,True
spoof_1106.png,1,VALID,3.2734375,-2.65625,-3.5585938,5.5892105,LCC-FASD external-dev / cross-domain stress set,False
spoof_1107.png,1,VALID,-7.59375,5.328125,3.3183594,-13.047644,LCC-FASD external-dev / cross-domain stress set,False
spoof_1108.png,1,VALID,-31.015625,22.390625,17.96875,-53.41819,LCC-FASD external-dev / cross-domain stress set,False
spoof_1109.png,1,VALID,-17.90625,13.1328125,9.34375,-31.061428,LCC-FASD external-dev / cross-domain stress set,False
spoof_1110.png,1,VALID,-34.1875,23.8125,20.78125,-58.047127,LCC-FASD external-dev / cross-domain stress set,False
spoof_1111.png,1,VALID,4.4101562,-4.0546875,-3.6875,7.5713434,LCC-FASD external-dev / cross-domain stress set,False
spoof_1112.png,1,VALID,-0.27661133,0.09661865,-1.4814453,-0.56084937,LCC-FASD external-dev / cross-domain stress set,False
spoof_1113.png,1,VALID,-4.5234375,2.2402344,2.0976562,-7.388069,LCC-FASD external-dev / cross-domain stress set,False
spoof_1114.png,1,VALID,2.0136719,-2.8320312,-1.6621094,3.4054556,LCC-FASD external-dev / cross-domain stress set,False
spoof_1115.png,1,VALID,-10.3203125,6.3359375,5.9335938,-17.168325,LCC-FASD external-dev / cross-domain stress set,False
spoof_1116.png,1,VALID,-45.125,31.75,27.578125,-76.890305,LCC-FASD external-dev / cross-domain stress set,False
spoof_1117.png,1,VALID,-52.9375,34.46875,35.78125,-88.95709,LCC-FASD external-dev / cross-domain stress set,False
spoof_1118.png,1,VALID,-22.109375,15.15625,12.984375,-37.37355,LCC-FASD external-dev / cross-domain stress set,False
spoof_1119.png,1,VALID,-33.59375,23.40625,20.390625,-57.04785,LCC-FASD external-dev / cross-domain stress set,False
spoof_1120.png,1,VALID,-10.078125,6.0898438,5.8945312,-16.76822,LCC-FASD external-dev / cross-domain stress set,False
spoof_1121.png,1,VALID,11.6953125,-7.6992188,-9.984375,19.297625,LCC-FASD external-dev / cross-domain stress set,True
spoof_1122.png,1,VALID,22.890625,-15.5546875,-17.328125,38.288525,LCC-FASD external-dev / cross-domain stress set,True
spoof_1123.png,1,VALID,4.0234375,-2.6699219,-4.546875,6.550944,LCC-FASD external-dev / cross-domain stress set,False
spoof_1124.png,1,VALID,-48.4375,34.375,29.453125,-82.81976,LCC-FASD external-dev / cross-domain stress set,False
spoof_1125.png,1,VALID,-48.46875,32.8125,31.265625,-81.47427,LCC-FASD external-dev / cross-domain stress set,False
spoof_1126.png,1,VALID,15.8671875,-11.0390625,-12.25,26.645489,LCC-FASD external-dev / cross-domain stress set,True
spoof_1127.png,1,VALID,-32.34375,22.03125,20.25,-54.53066,LCC-FASD external-dev / cross-domain stress set,False
spoof_1128.png,1,VALID,-28.59375,20.109375,16.828125,-48.740017,LCC-FASD external-dev / cross-domain stress set,False
spoof_1129.png,1,VALID,-49.34375,33.28125,31.890625,-82.847275,LCC-FASD external-dev / cross-domain stress set,False
spoof_1130.png,1,VALID,-100.5625,67.5625,67.125,-168.62314,LCC-FASD external-dev / cross-domain stress set,False
spoof_1131.png,1,VALID,-63.84375,45.3125,39.46875,-109.15915,LCC-FASD external-dev / cross-domain stress set,False
spoof_1132.png,1,VALID,-12.5703125,9.0703125,6.1875,-21.695091,LCC-FASD external-dev / cross-domain stress set,False
spoof_1025.png,1,VALID,28.078125,-19.78125,-20.171875,47.342587,LCC-FASD external-dev / cross-domain stress set,True
spoof_1026.png,1,VALID,-1.5126953,0.0073127747,0.24255371,-2.3376772,LCC-FASD external-dev / cross-domain stress set,False
spoof_1027.png,1,VALID,7.4375,-5.9453125,-6.0039062,12.718533,LCC-FASD external-dev / cross-domain stress set,True
spoof_1028.png,1,VALID,25.8125,-18.3125,-18.625,43.575943,LCC-FASD external-dev / cross-domain stress set,True
spoof_1029.png,1,VALID,22.515625,-15.28125,-17.125,37.649986,LCC-FASD external-dev / cross-domain stress set,True
spoof_1030.png,1,VALID,-54.625,37.5,34.625,-92.179886,LCC-FASD external-dev / cross-domain stress set,False
spoof_1031.png,1,VALID,-26.71875,18.390625,15.90625,-45.18946,LCC-FASD external-dev / cross-domain stress set,False
spoof_1032.png,1,VALID,-20.0625,13.828125,11.5859375,-33.991577,LCC-FASD external-dev / cross-domain stress set,False
spoof_1033.png,1,VALID,9.046875,-6.1445312,-7.859375,15.025899,LCC-FASD external-dev / cross-domain stress set,True
spoof_1034.png,1,VALID,-3.515625,3.5605469,-0.44311523,-7.094256,LCC-FASD external-dev / cross-domain stress set,False
spoof_1035.png,1,VALID,12.4296875,-8.203125,-10.5390625,20.54049,LCC-FASD external-dev / cross-domain stress set,True
spoof_1036.png,1,VALID,-52.0,35.5,33.3125,-87.60634,LCC-FASD external-dev / cross-domain stress set,False
spoof_1037.png,1,VALID,-49.15625,32.09375,32.90625,-82.42974,LCC-FASD external-dev / cross-domain stress set,False
spoof_1038.png,1,VALID,-50.15625,34.53125,31.625,-84.74074,LCC-FASD external-dev / cross-domain stress set,False
spoof_1039.png,1,VALID,-59.78125,41.0,38.125,-100.836136,LCC-FASD external-dev / cross-domain stress set,False
spoof_1040.png,1,VALID,-60.78125,41.65625,38.75,-102.49074,LCC-FASD external-dev / cross-domain stress set,False
spoof_1041.png,1,VALID,-48.625,33.5,30.484375,-82.17285,LCC-FASD external-dev / cross-domain stress set,False
spoof_1042.png,1,VALID,-64.5625,44.75,41.125,-109.3388,LCC-FASD external-dev / cross-domain stress set,False
spoof_1043.png,1,VALID,-43.4375,28.625,28.640625,-72.76349,LCC-FASD external-dev / cross-domain stress set,False
spoof_1044.png,1,VALID,39.875,-25.546875,-30.21875,65.41257,LCC-FASD external-dev / cross-domain stress set,True
spoof_1045.png,1,VALID,-3.1523438,2.03125,0.58691406,-5.3953953,LCC-FASD external-dev / cross-domain stress set,False
spoof_1046.png,1,VALID,-6.8515625,5.0546875,2.5214844,-11.982659,LCC-FASD external-dev / cross-domain stress set,False
spoof_1047.png,1,VALID,-29.484375,20.765625,17.53125,-50.288628,LCC-FASD external-dev / cross-domain stress set,False
spoof_1048.png,1,VALID,-28.296875,19.34375,17.28125,-47.760307,LCC-FASD external-dev / cross-domain stress set,False
spoof_1049.png,1,VALID,-22.296875,16.296875,12.4296875,-38.61445,LCC-FASD external-dev / cross-domain stress set,False
spoof_1050.png,1,VALID,-54.65625,37.78125,34.3125,-92.468185,LCC-FASD external-dev / cross-domain stress set,False
spoof_1051.png,1,VALID,-43.25,30.34375,26.5625,-73.61629,LCC-FASD external-dev / cross-domain stress set,False
spoof_1052.png,1,VALID,-8.5625,7.109375,2.8808594,-15.686344,LCC-FASD external-dev / cross-domain stress set,False
spoof_1053.png,1,VALID,-5.7890625,3.3828125,2.6542969,-9.565689,LCC-FASD external-dev / cross-domain stress set,False
spoof_1054.png,1,VALID,55.3125,-38.25,-38.625,93.039375,LCC-FASD external-dev / cross-domain stress set,True
spoof_1055.png,1,VALID,96.9375,-66.3125,-67.0,162.84265,LCC-FASD external-dev / cross-domain stress set,True
spoof_1056.png,1,VALID,23.3125,-17.453125,-16.015625,39.115013,LCC-FASD external-dev / cross-domain stress set,True
spoof_1057.png,1,VALID,83.5,-56.5625,-58.5625,139.93558,LCC-FASD external-dev / cross-domain stress set,True
spoof_1058.png,1,VALID,30.515625,-20.0625,-23.125,50.532417,LCC-FASD external-dev / cross-domain stress set,True
spoof_1059.png,1,VALID,-1.9570312,0.62060547,0.18115234,-3.0750055,LCC-FASD external-dev / cross-domain stress set,False
spoof_1060.png,1,VALID,7.1132812,-5.7929688,-5.6992188,12.16513,LCC-FASD external-dev / cross-domain stress set,True
spoof_1061.png,1,VALID,88.875,-60.71875,-61.6875,149.27199,LCC-FASD external-dev / cross-domain stress set,True
spoof_1062.png,1,VALID,42.53125,-30.046875,-29.5,71.574615,LCC-FASD external-dev / cross-domain stress set,True
spoof_1063.png,1,VALID,53.8125,-36.53125,-38.3125,90.188095,LCC-FASD external-dev / cross-domain stress set,True
spoof_1064.png,1,VALID,50.1875,-34.25,-35.625,84.21208,LCC-FASD external-dev / cross-domain stress set,True
spoof_1065.png,1,VALID,4.40625,-3.3066406,-4.5429688,7.4579005,LCC-FASD external-dev / cross-domain stress set,False
spoof_1066.png,1,VALID,-2.4707031,1.0761719,0.41455078,-3.9629595,LCC-FASD external-dev / cross-domain stress set,False
spoof_1067.png,1,VALID,30.40625,-21.9375,-21.140625,51.174805,LCC-FASD external-dev / cross-domain stress set,True
spoof_1068.png,1,VALID,96.5,-66.3125,-66.4375,162.1799,LCC-FASD external-dev / cross-domain stress set,True
spoof_1069.png,1,VALID,-67.8125,47.6875,42.40625,-115.50507,LCC-FASD external-dev / cross-domain stress set,False
spoof_1070.png,1,VALID,-90.8125,62.84375,58.34375,-153.6673,LCC-FASD external-dev / cross-domain stress set,False
spoof_1071.png,1,VALID,-62.96875,41.3125,42.59375,-105.807556,LCC-FASD external-dev / cross-domain stress set,False
spoof_1072.png,1,VALID,-83.0625,57.8125,52.875,-140.88214,LCC-FASD external-dev / cross-domain stress set,False
spoof_1073.png,1,VALID,-6.8359375,4.1328125,3.4511719,-11.378065,LCC-FASD external-dev / cross-domain stress set,False
spoof_1074.png,1,VALID,-55.875,37.0,37.34375,-93.754715,LCC-FASD external-dev / cross-domain stress set,False
spoof_1075.png,1,VALID,-72.3125,50.34375,45.90625,-122.66801,LCC-FASD external-dev / cross-domain stress set,False
spoof_1076.png,1,VALID,15.0703125,-10.78125,-11.3984375,25.420132,LCC-FASD external-dev / cross-domain stress set,True
spoof_1077.png,1,VALID,-73.6875,51.375,46.71875,-125.07196,LCC-FASD external-dev / cross-domain stress set,False
spoof_1000.png,1,VALID,-159.5,109.6875,105.0,-269.19666,LCC-FASD external-dev / cross-domain stress set,False
spoof_1001.png,1,VALID,-52.75,37.375,32.375,-90.131714,LCC-FASD external-dev / cross-domain stress set,False
spoof_1002.png,1,VALID,-21.8125,15.0234375,12.734375,-36.932484,LCC-FASD external-dev / cross-domain stress set,False
spoof_1003.png,1,VALID,-57.28125,39.71875,36.21875,-97.029755,LCC-FASD external-dev / cross-domain stress set,False
spoof_1004.png,1,VALID,-27.984375,20.203125,16.140625,-48.20456,LCC-FASD external-dev / cross-domain stress set,False
spoof_1005.png,1,VALID,-100.75,68.75,66.0625,-169.56583,LCC-FASD external-dev / cross-domain stress set,False
spoof_1006.png,1,VALID,-61.625,43.75,38.125,-105.3786,LCC-FASD external-dev / cross-domain stress set,False
spoof_1007.png,1,VALID,2.4277344,-2.8496094,-2.0410156,4.1003056,LCC-FASD external-dev / cross-domain stress set,False
spoof_1008.png,1,VALID,-61.71875,43.6875,38.3125,-105.41087,LCC-FASD external-dev / cross-domain stress set,False
spoof_1009.png,1,VALID,8.8515625,-6.1875,-7.3632812,14.770122,LCC-FASD external-dev / cross-domain stress set,True
spoof_1010.png,1,VALID,-21.46875,15.3515625,11.90625,-36.851707,LCC-FASD external-dev / cross-domain stress set,False
spoof_1011.png,1,VALID,-76.3125,53.75,47.875,-130.0653,LCC-FASD external-dev / cross-domain stress set,False
spoof_1012.png,1,VALID,-17.203125,11.8515625,9.5625,-29.151234,LCC-FASD external-dev / cross-domain stress set,False
spoof_1013.png,1,VALID,17.40625,-12.3828125,-12.921875,29.329556,LCC-FASD external-dev / cross-domain stress set,True
spoof_1014.png,1,VALID,-15.296875,10.640625,8.2890625,-26.028456,LCC-FASD external-dev / cross-domain stress set,False
spoof_1015.png,1,VALID,17.171875,-12.3046875,-12.6484375,28.940592,LCC-FASD external-dev / cross-domain stress set,True
spoof_1016.png,1,VALID,56.90625,-39.6875,-39.40625,95.75012,LCC-FASD external-dev / cross-domain stress set,True
spoof_1017.png,1,VALID,-22.25,15.2734375,13.0546875,-37.626667,LCC-FASD external-dev / cross-domain stress set,False
spoof_1018.png,1,VALID,-13.34375,9.3828125,6.8671875,-22.804276,LCC-FASD external-dev / cross-domain stress set,False
spoof_1019.png,1,VALID,-37.375,24.90625,24.1875,-62.678253,LCC-FASD external-dev / cross-domain stress set,False
spoof_1020.png,1,VALID,41.96875,-29.421875,-29.359375,70.66574,LCC-FASD external-dev / cross-domain stress set,True
spoof_1021.png,1,VALID,58.21875,-40.15625,-40.59375,97.87686,LCC-FASD external-dev / cross-domain stress set,True
spoof_1022.png,1,VALID,-50.0,33.4375,32.75,-83.84485,LCC-FASD external-dev / cross-domain stress set,False
spoof_1023.png,1,VALID,-21.71875,15.1796875,12.421875,-36.959938,LCC-FASD external-dev / cross-domain stress set,False
spoof_1024.png,1,VALID,13.9453125,-10.515625,-10.25,23.626184,LCC-FASD external-dev / cross-domain stress set,True
YOUTUBE_TP300LA_SGS7E_id48_s1_45.png,1,VALID,-24.859375,16.0,16.0625,-41.58426,LCC-FASD external-dev / cross-domain stress set,False
YOUTUBE_TP300LA_SGS7E_id48_s1_60.png,1,VALID,-27.34375,17.265625,18.140625,-45.832817,LCC-FASD external-dev / cross-domain stress set,False
YOUTUBE_TP300LA_SGS7E_id48_s1_75.png,1,VALID,-64.4375,43.375,42.3125,-108.10933,LCC-FASD external-dev / cross-domain stress set,False
YOUTUBE_TP300LA_SGS7E_id48_s1_90.png,1,VALID,7.9921875,-6.4179688,-6.1679688,13.584217,LCC-FASD external-dev / cross-domain stress set,True
YOUTUBE_VSUNKNOWN_REDMIN5A_id48_s0_15.png,1,VALID,-7.6484375,5.6367188,2.9472656,-13.350867,LCC-FASD external-dev / cross-domain stress set,False
YOUTUBE_VSUNKNOWN_REDMIN5A_id48_s0_30.png,1,VALID,-32.4375,22.96875,19.296875,-55.43136,LCC-FASD external-dev / cross-domain stress set,False
YOUTUBE_VSUNKNOWN_REDMIN5A_id48_s0_45.png,1,VALID,-35.03125,24.6875,21.1875,-59.7485,LCC-FASD external-dev / cross-domain stress set,False
YOUTUBE_VSUNKNOWN_REDMIN5A_id48_s0_60.png,1,VALID,-9.6953125,7.1171875,4.34375,-16.873074,LCC-FASD external-dev / cross-domain stress set,False
YOUTUBE_VSUNKNOWN_REDMIN5A_id48_s0_75.png,1,VALID,36.78125,-25.03125,-26.578125,61.619476,LCC-FASD external-dev / cross-domain stress set,True
YOUTUBE_VSUNKNOWN_REDMIN5A_id48_s0_90.png,1,VALID,0.47680664,0.31079102,-2.7050781,0.11817521,LCC-FASD external-dev / cross-domain stress set,False
YOUTUBE_VSUNKNOWN_REDMIN5A_id48_s0_105.png,1,VALID,-6.3125,5.1171875,1.6738281,-11.461144,LCC-FASD external-dev / cross-domain stress set,False
YOUTUBE_VSUNKNOWN_REDMIN5A_id48_s0_120.png,1,VALID,26.8125,-17.953125,-20.203125,44.66542,LCC-FASD external-dev / cross-domain stress set,True
YOUTUBE_VSUNKNOWN_REDMIN5A_id48_s0_135.png,1,VALID,27.421875,-18.515625,-20.5,45.808697,LCC-FASD external-dev / cross-domain stress set,True
YOUTUBE_VSUNKNOWN_REDMIN5A_id48_s0_150.png,1,VALID,33.875,-22.84375,-24.890625,56.597298,LCC-FASD external-dev / cross-domain stress set,True
YOUTUBE_VSVA2231WA_MEIZUM3S_id48_s0_15.png,1,VALID,-89.5,62.4375,57.09375,-151.94226,LCC-FASD external-dev / cross-domain stress set,False
YOUTUBE_VSVA2231WA_MEIZUM3S_id48_s0_30.png,1,VALID,-113.0625,78.375,73.1875,-191.44307,LCC-FASD external-dev / cross-domain stress set,False
YOUTUBE_VSVA2231WA_MEIZUM3S_id48_s0_45.png,1,VALID,-102.75,71.125,66.375,-173.8836,LCC-FASD external-dev / cross-domain stress set,False
YOUTUBE_VSVA2231WA_MEIZUM3S_id48_s0_60.png,1,VALID,-96.9375,67.1875,62.34375,-164.13284,LCC-FASD external-dev / cross-domain stress set,False
YOUTUBE_VSVA2231WA_MEIZUM3S_id48_s0_75.png,1,VALID,-87.0,59.9375,56.15625,-146.96004,LCC-FASD external-dev / cross-domain stress set,False
YOUTUBE_VSVA2231WA_MEIZUM3S_id48_s0_90.png,1,VALID,-96.875,66.75,62.78125,-163.64372,LCC-FASD external-dev / cross-domain stress set,False
YOUTUBE_VSVA2231WA_MEIZUM3S_id48_s0_105.png,1,VALID,-97.3125,67.3125,62.78125,-164.63571,LCC-FASD external-dev / cross-domain stress set,False
YOUTUBE_VSVA2231WA_MEIZUM3S_id48_s0_120.png,1,VALID,-83.3125,57.75,53.34375,-141.07463,LCC-FASD external-dev / cross-domain stress set,False
YOUTUBE_VSVA2231WA_MEIZUM3S_id48_s0_135.png,1,VALID,-95.5625,65.875,61.90625,-161.45622,LCC-FASD external-dev / cross-domain stress set,False
YOUTUBE_VSVA2231WA_MEIZUM3S_id48_s0_150.png,1,VALID,-84.5625,58.6875,54.09375,-143.26007,LCC-FASD external-dev / cross-domain stress set,False
YOUTUBE_VX2363SMHL_LGL90_id39_s0_16.png,1,VALID,-18.4375,11.453125,11.90625,-30.835783,LCC-FASD external-dev / cross-domain stress set,False
YOUTUBE_VX2363SMHL_LGL90_id39_s0_35.png,1,VALID,-1.9189453,1.078125,-0.23876953,-3.2344844,LCC-FASD external-dev / cross-domain stress set,False
YOUTUBE_VX2363SMHL_LGL90_id39_s0_50.png,1,VALID,31.125,-21.71875,-22.203125,52.363747,LCC-FASD external-dev / cross-domain stress set,True
YOUTUBE_VX2363SMHL_LGL90_id43_s0_15.png,1,VALID,1.1269531,-1.8261719,-1.2871094,1.9545544,LCC-FASD external-dev / cross-domain stress set,False
YOUTUBE_VX2363SMHL_LGL90_id43_s0_30.png,1,VALID,-15.625,9.546875,10.015625,-26.126616,LCC-FASD external-dev / cross-domain stress set,False
YOUTUBE_VX2363SMHL_LGL90_id43_s0_47.png,1,VALID,-14.4765625,9.6875,8.390625,-24.40574,LCC-FASD external-dev / cross-domain stress set,False
YOUTUBE_VX2363SMHL_LGL90_id43_s0_62.png,1,VALID,-6.1132812,2.7695312,3.9375,-10.321569,LCC-FASD external-dev / cross-domain stress set,False
YOUTUBE_VX2363SMHL_LGL90_id43_s0_77.png,1,VALID,-16.484375,9.671875,11.015625,-27.731798,LCC-FASD external-dev / cross-domain stress set,False
YOUTUBE_VX2363SMHL_LGL90_id43_s0_92.png,1,VALID,21.125,-15.8203125,-14.6328125,35.491623,LCC-FASD external-dev / cross-domain stress set,True
YOUTUBE_VX2363SMHL_LGL90_id43_s0_110.png,1,VALID,47.3125,-32.875,-33.1875,79.63844,LCC-FASD external-dev / cross-domain stress set,True
YOUTUBE_VX2363SMHL_LGL90_id43_s0_125.png,1,VALID,-8.0234375,3.5742188,5.5039062,-13.662918,LCC-FASD external-dev / cross-domain stress set,False
YOUTUBE_VX2363SMHL_LGL90_id43_s0_140.png,1,VALID,32.96875,-24.125,-22.453125,55.249695,LCC-FASD external-dev / cross-domain stress set,True
YOUTUBE_VX2363SMHL_LGL90_id43_s0_155.png,1,VALID,-32.59375,22.0,20.5625,-54.80686,LCC-FASD external-dev / cross-domain stress set,False
YOUTUBE_VX2363SMHL_LGL90_id43_s1_15.png,1,VALID,80.8125,-55.96875,-55.59375,135.88312,LCC-FASD external-dev / cross-domain stress set,True
YOUTUBE_VX2363SMHL_LGL90_id43_s1_30.png,1,VALID,79.75,-54.8125,-55.28125,134.0765,LCC-FASD external-dev / cross-domain stress set,True
YOUTUBE_VX2363SMHL_LGL90_id43_s1_45.png,1,VALID,76.625,-52.96875,-52.9375,128.88486,LCC-FASD external-dev / cross-domain stress set,True
YOUTUBE_VX2363SMHL_LGL90_id43_s1_60.png,1,VALID,86.6875,-60.03125,-59.59375,145.78311,LCC-FASD external-dev / cross-domain stress set,True
YOUTUBE_VX2363SMHL_LGL90_id43_s1_75.png,1,VALID,69.0625,-47.71875,-47.90625,116.17746,LCC-FASD external-dev / cross-domain stress set,True
YOUTUBE_VX2363SMHL_LGL90_id43_s1_90.png,1,VALID,87.9375,-60.75,-60.4375,147.82594,LCC-FASD external-dev / cross-domain stress set,True
YOUTUBE_VX2363SMHL_LGL90_id43_s1_105.png,1,VALID,73.1875,-50.40625,-50.75,123.057785,LCC-FASD external-dev / cross-domain stress set,True
YOUTUBE_VX2363SMHL_LGL90_id43_s1_120.png,1,VALID,88.6875,-61.25,-60.9375,149.07594,LCC-FASD external-dev / cross-domain stress set,True
YOUTUBE_VX2363SMHL_LGL90_id43_s1_135.png,1,VALID,80.25,-54.96875,-55.75,134.8418,LCC-FASD external-dev / cross-domain stress set,True
YOUTUBE_VX2363SMHL_LGL90_id43_s1_150.png,1,VALID,87.375,-60.5,-60.0,146.90092,LCC-FASD external-dev / cross-domain stress set,True
YOUTUBE_VX2363SMHL_LGL90_id48_s1_15.png,1,VALID,-9.5390625,6.7421875,4.40625,-16.373573,LCC-FASD external-dev / cross-domain stress set,False
YOUTUBE_VX2363SMHL_LGL90_id48_s1_30.png,1,VALID,-35.3125,24.0625,22.09375,-59.505707,LCC-FASD external-dev / cross-domain stress set,False
YOUTUBE_VX2363SMHL_LGL90_id48_s1_45.png,1,VALID,-32.78125,23.1875,19.359375,-55.990265,LCC-FASD external-dev / cross-domain stress set,False
YOUTUBE_VX2363SMHL_LGL90_id48_s1_105.png,1,VALID,-21.25,14.9375,12.125,-36.24582,LCC-FASD external-dev / cross-domain stress set,False
YOUTUBE_VX2363SMHL_LGL90_id48_s1_120.png,1,VALID,-16.59375,11.2265625,9.5546875,-27.992495,LCC-FASD external-dev / cross-domain stress set,False
YOUTUBE_VX2363SMHL_LGL90_id48_s1_135.png,1,VALID,-32.125,22.296875,19.671875,-54.491814,LCC-FASD external-dev / cross-domain stress set,False
YOUTUBE_VX2363SMHL_LGL90_id48_s1_150.png,1,VALID,-10.796875,7.328125,5.6445312,-18.295338,LCC-FASD external-dev / cross-domain stress set,False
YOUTUBE_TFT22W90PS_SA5100_id43_s0_15.png,1,VALID,-72.3125,49.6875,46.875,-122.05832,LCC-FASD external-dev / cross-domain stress set,False
YOUTUBE_TFT22W90PS_SA5100_id43_s0_30.png,1,VALID,-82.875,57.46875,53.3125,-140.3593,LCC-FASD external-dev / cross-domain stress set,False
YOUTUBE_TFT22W90PS_SA5100_id43_s0_45.png,1,VALID,-72.6875,49.5,47.40625,-122.3037,LCC-FASD external-dev / cross-domain stress set,False
YOUTUBE_TFT22W90PS_SA5100_id43_s0_60.png,1,VALID,-58.0,40.03125,37.21875,-98.08957,LCC-FASD external-dev / cross-domain stress set,False
YOUTUBE_TFT22W90PS_SA5100_id43_s0_75.png,1,VALID,-70.4375,48.375,45.6875,-118.878334,LCC-FASD external-dev / cross-domain stress set,False
YOUTUBE_TFT22W90PS_SA5100_id43_s0_90.png,1,VALID,-50.5,34.25,32.71875,-84.945786,LCC-FASD external-dev / cross-domain stress set,False
YOUTUBE_TFT22W90PS_SA5100_id43_s0_135.png,1,VALID,-78.75,53.9375,51.34375,-132.75958,LCC-FASD external-dev / cross-domain stress set,False
YOUTUBE_TFT22W90PS_SA5100_id43_s0_150.png,1,VALID,-90.0,61.09375,59.4375,-151.26842,LCC-FASD external-dev / cross-domain stress set,False
YOUTUBE_TFT22W90PS_SA5100_id43_s1_15.png,1,VALID,-47.5,32.46875,30.28125,-80.07509,LCC-FASD external-dev / cross-domain stress set,False
YOUTUBE_TFT22W90PS_SA5100_id43_s1_30.png,1,VALID,-89.3125,61.40625,58.03125,-150.7524,LCC-FASD external-dev / cross-domain stress set,False
YOUTUBE_TFT22W90PS_SA5100_id43_s1_45.png,1,VALID,-50.78125,35.8125,31.4375,-86.60626,LCC-FASD external-dev / cross-domain stress set,False
YOUTUBE_TFT22W90PS_SA5100_id43_s1_60.png,1,VALID,-71.5,48.84375,46.5,-120.43539,LCC-FASD external-dev / cross-domain stress set,False
YOUTUBE_TFT22W90PS_SA5100_id43_s1_75.png,1,VALID,-59.4375,41.1875,38.0,-100.66545,LCC-FASD external-dev / cross-domain stress set,False
YOUTUBE_TFT22W90PS_SA5100_id43_s1_90.png,1,VALID,-71.875,49.40625,46.5625,-121.33783,LCC-FASD external-dev / cross-domain stress set,False
YOUTUBE_TFT22W90PS_SA5100_id43_s1_105.png,1,VALID,-109.625,76.0,71.25,-185.6336,LCC-FASD external-dev / cross-domain stress set,False
YOUTUBE_TFT22W90PS_SA5100_id43_s1_120.png,1,VALID,-96.0,65.75,62.875,-161.80489,LCC-FASD external-dev / cross-domain stress set,False
YOUTUBE_TFT22W90PS_SA5100_id43_s1_135.png,1,VALID,-100.75,69.25,65.9375,-170.03577,LCC-FASD external-dev / cross-domain stress set,False
YOUTUBE_TFT22W90PS_SA5100_id43_s1_150.png,1,VALID,-83.6875,58.84375,53.125,-142.53453,LCC-FASD external-dev / cross-domain stress set,False
YOUTUBE_TFT22W90PS_SA5100_id48_s1_15.png,1,VALID,-92.25,63.6875,59.625,-155.95456,LCC-FASD external-dev / cross-domain stress set,False
YOUTUBE_TFT22W90PS_SA5100_id48_s1_30.png,1,VALID,-97.3125,66.3125,64.125,-163.73134,LCC-FASD external-dev / cross-domain stress set,False
YOUTUBE_TFT22W90PS_SA5100_id48_s1_45.png,1,VALID,-104.125,70.875,68.6875,-175.10634,LCC-FASD external-dev / cross-domain stress set,False
YOUTUBE_TFT22W90PS_SA5100_id48_s1_60.png,1,VALID,-95.75,66.0,62.15625,-161.77118,LCC-FASD external-dev / cross-domain stress set,False
YOUTUBE_TFT22W90PS_SA5100_id48_s1_75.png,1,VALID,-103.375,70.6875,67.75,-174.11414,LCC-FASD external-dev / cross-domain stress set,False
YOUTUBE_TFT22W90PS_SA5100_id48_s1_90.png,1,VALID,-87.0625,59.75,56.78125,-146.8626,LCC-FASD external-dev / cross-domain stress set,False
YOUTUBE_TFT22W90PS_SA5100_id48_s1_105.png,1,VALID,-101.0,69.5625,65.75,-170.58435,LCC-FASD external-dev / cross-domain stress set,False
YOUTUBE_TFT22W90PS_SA5100_id48_s1_120.png,1,VALID,-85.0,58.40625,55.125,-143.44315,LCC-FASD external-dev / cross-domain stress set,False
YOUTUBE_TFT22W90PS_SA5100_id48_s1_135.png,1,VALID,-100.0,68.8125,65.125,-168.83722,LCC-FASD external-dev / cross-domain stress set,False
YOUTUBE_TFT22W90PS_SA5100_id48_s1_150.png,1,VALID,-89.0625,61.125,58.0625,-150.23322,LCC-FASD external-dev / cross-domain stress set,False
YOUTUBE_TP300LA_SGS7E_id43_s0_15.png,1,VALID,-68.4375,44.90625,46.15625,-114.84568,LCC-FASD external-dev / cross-domain stress set,False
YOUTUBE_TP300LA_SGS7E_id43_s0_30.png,1,VALID,-95.8125,63.71875,64.625,-160.77686,LCC-FASD external-dev / cross-domain stress set,False
YOUTUBE_TP300LA_SGS7E_id43_s0_49.png,1,VALID,-74.375,49.40625,49.5625,-124.55557,LCC-FASD external-dev / cross-domain stress set,False
YOUTUBE_TP300LA_SGS7E_id43_s0_65.png,1,VALID,-67.25,44.25,45.21875,-112.79051,LCC-FASD external-dev / cross-domain stress set,False
YOUTUBE_TP300LA_SGS7E_id43_s0_80.png,1,VALID,-64.625,42.09375,43.84375,-108.628975,LCC-FASD external-dev / cross-domain stress set,False
YOUTUBE_TP300LA_SGS7E_id43_s0_95.png,1,VALID,-46.09375,29.484375,31.25,-77.50168,LCC-FASD external-dev / cross-domain stress set,False
YOUTUBE_TP300LA_SGS7E_id43_s0_112.png,1,VALID,-57.71875,37.875,38.75,-96.8172,LCC-FASD external-dev / cross-domain stress set,False
YOUTUBE_TP300LA_SGS7E_id43_s0_127.png,1,VALID,-80.9375,53.625,54.40625,-135.7207,LCC-FASD external-dev / cross-domain stress set,False
YOUTUBE_TP300LA_SGS7E_id43_s0_142.png,1,VALID,-54.15625,35.34375,36.40625,-90.85933,LCC-FASD external-dev / cross-domain stress set,False
YOUTUBE_TP300LA_SGS7E_id43_s0_165.png,1,VALID,-100.0,65.8125,68.1875,-168.27643,LCC-FASD external-dev / cross-domain stress set,False
YOUTUBE_TP300LA_SGS7E_id43_s1_15.png,1,VALID,-29.109375,19.28125,18.65625,-48.81933,LCC-FASD external-dev / cross-domain stress set,False
YOUTUBE_TP300LA_SGS7E_id43_s1_36.png,1,VALID,-68.4375,45.9375,45.4375,-114.849075,LCC-FASD external-dev / cross-domain stress set,False
YOUTUBE_TP300LA_SGS7E_id43_s1_51.png,1,VALID,-75.375,51.28125,49.40625,-126.79892,LCC-FASD external-dev / cross-domain stress set,False
YOUTUBE_TP300LA_SGS7E_id43_s1_66.png,1,VALID,-33.4375,22.09375,21.78125,-56.080307,LCC-FASD external-dev / cross-domain stress set,False
YOUTUBE_TP300LA_SGS7E_id43_s1_81.png,1,VALID,-62.09375,41.5,41.21875,-104.15613,LCC-FASD external-dev / cross-domain stress set,False
YOUTUBE_TP300LA_SGS7E_id43_s1_96.png,1,VALID,-33.0625,22.078125,21.28125,-55.512695,LCC-FASD external-dev / cross-domain stress set,False
YOUTUBE_TP300LA_SGS7E_id43_s1_118.png,1,VALID,-89.6875,60.0625,60.0625,-150.44315,LCC-FASD external-dev / cross-domain stress set,False
YOUTUBE_TP300LA_SGS7E_id43_s1_133.png,1,VALID,-27.328125,17.75,17.875,-45.835724,LCC-FASD external-dev / cross-domain stress set,False
YOUTUBE_TP300LA_SGS7E_id43_s1_148.png,1,VALID,-19.234375,11.859375,12.5546875,-32.193806,LCC-FASD external-dev / cross-domain stress set,False
YOUTUBE_TP300LA_SGS7E_id43_s1_163.png,1,VALID,-74.5,50.125,49.4375,-125.03235,LCC-FASD external-dev / cross-domain stress set,False
YOUTUBE_TP300LA_SGS7E_id48_s1_15.png,1,VALID,25.640625,-18.453125,-18.15625,43.241188,LCC-FASD external-dev / cross-domain stress set,True
YOUTUBE_TP300LA_SGS7E_id48_s1_105.png,1,VALID,-53.3125,35.625,35.0625,-89.38844,LCC-FASD external-dev / cross-domain stress set,False
YOUTUBE_TP300LA_SGS7E_id48_s1_126.png,1,VALID,-36.75,22.875,25.296875,-62.131912,LCC-FASD external-dev / cross-domain stress set,False
YOUTUBE_TP300LA_SGS7E_id48_s1_141.png,1,VALID,-57.9375,39.40625,37.375,-97.467,LCC-FASD external-dev / cross-domain stress set,False
YOUTUBE_TP300LA_SGS7E_id48_s1_156.png,1,VALID,-85.25,57.78125,56.125,-143.20592,LCC-FASD external-dev / cross-domain stress set,False
YOUTUBE_SSM763MB_LA546_id39_s1_49.png,1,VALID,-9.640625,6.8945312,4.3867188,-16.613455,LCC-FASD external-dev / cross-domain stress set,False
YOUTUBE_SSM763MB_LA546_id39_s1_64.png,1,VALID,-13.3515625,9.3671875,6.8945312,-22.79974,LCC-FASD external-dev / cross-domain stress set,False
YOUTUBE_SSM763MB_LA546_id42_s1_31.png,1,VALID,50.90625,-35.03125,-35.875,85.57976,LCC-FASD external-dev / cross-domain stress set,True
YOUTUBE_SSM940N_AZ3MZC520TL_id48_s0_15.png,1,VALID,-101.125,69.9375,65.375,-171.07288,LCC-FASD external-dev / cross-domain stress set,False
YOUTUBE_SSM940N_AZ3MZC520TL_id48_s0_30.png,1,VALID,-118.625,82.0625,77.0,-200.69382,LCC-FASD external-dev / cross-domain stress set,False
YOUTUBE_SSM940N_AZ3MZC520TL_id48_s0_45.png,1,VALID,-106.6875,73.6875,69.25,-180.38675,LCC-FASD external-dev / cross-domain stress set,False
YOUTUBE_SSM940N_AZ3MZC520TL_id48_s0_60.png,1,VALID,-96.3125,66.4375,62.3125,-162.76604,LCC-FASD external-dev / cross-domain stress set,False
YOUTUBE_SSM940N_AZ3MZC520TL_id48_s0_75.png,1,VALID,-101.75,70.1875,65.9375,-171.95166,LCC-FASD external-dev / cross-domain stress set,False
YOUTUBE_SSM940N_AZ3MZC520TL_id48_s0_90.png,1,VALID,-86.3125,59.71875,55.5625,-146.0468,LCC-FASD external-dev / cross-domain stress set,False
YOUTUBE_SSM940N_AZ3MZC520TL_id48_s0_105.png,1,VALID,-98.6875,68.125,63.90625,-166.82712,LCC-FASD external-dev / cross-domain stress set,False
YOUTUBE_SSM940N_AZ3MZC520TL_id48_s0_120.png,1,VALID,-109.1875,74.75,71.4375,-183.97327,LCC-FASD external-dev / cross-domain stress set,False
YOUTUBE_SSM940N_AZ3MZC520TL_id48_s0_135.png,1,VALID,-116.125,79.8125,75.75,-195.95456,LCC-FASD external-dev / cross-domain stress set,False
YOUTUBE_SSM940N_AZ3MZC520TL_id48_s0_150.png,1,VALID,-90.0,62.3125,57.84375,-152.3239,LCC-FASD external-dev / cross-domain stress set,False
YOUTUBE_SSMB2430_SM4AD_id48_s0_15.png,1,VALID,-32.65625,22.9375,19.65625,-55.630642,LCC-FASD external-dev / cross-domain stress set,False
YOUTUBE_SSMB2430_SM4AD_id48_s0_30.png,1,VALID,-30.859375,21.578125,18.578125,-52.486088,LCC-FASD external-dev / cross-domain stress set,False
YOUTUBE_SSMB2430_SM4AD_id48_s0_45.png,1,VALID,-38.25,26.609375,23.46875,-64.90172,LCC-FASD external-dev / cross-domain stress set,False
YOUTUBE_SSMB2430_SM4AD_id48_s0_60.png,1,VALID,-51.0,35.5625,31.78125,-86.58504,LCC-FASD external-dev / cross-domain stress set,False
YOUTUBE_SSMB2430_SM4AD_id48_s0_75.png,1,VALID,-43.46875,30.390625,26.828125,-73.887344,LCC-FASD external-dev / cross-domain stress set,False
YOUTUBE_SSMB2430_SM4AD_id48_s0_90.png,1,VALID,-48.65625,34.15625,30.015625,-82.82829,LCC-FASD external-dev / cross-domain stress set,False
YOUTUBE_SSMB2430_SM4AD_id48_s0_105.png,1,VALID,-46.4375,32.78125,28.5,-79.23248,LCC-FASD external-dev / cross-domain stress set,False
YOUTUBE_SSMB2430_SM4AD_id48_s0_120.png,1,VALID,-34.75,24.015625,21.4375,-58.8388,LCC-FASD external-dev / cross-domain stress set,False
YOUTUBE_SSMB2430_SM4AD_id48_s0_135.png,1,VALID,-55.75,38.875,34.96875,-94.64491,LCC-FASD external-dev / cross-domain stress set,False
YOUTUBE_SSMB2430_SM4AD_id48_s0_150.png,1,VALID,-40.84375,28.484375,25.109375,-69.36177,LCC-FASD external-dev / cross-domain stress set,False
YOUTUBE_SSMP2250_LVP1M_id39_s1_15.png,1,VALID,-0.28320312,0.4321289,-1.9082031,-0.807269,LCC-FASD external-dev / cross-domain stress set,False
YOUTUBE_SSMP2250_LVP1M_id39_s1_30.png,1,VALID,43.71875,-30.484375,-30.734375,73.62718,LCC-FASD external-dev / cross-domain stress set,True
YOUTUBE_SSMP2250_LVP1M_id39_s1_52.png,1,VALID,46.53125,-32.25,-32.75,78.307175,LCC-FASD external-dev / cross-domain stress set,True
YOUTUBE_SSMP2250_LVP1M_id39_s1_67.png,1,VALID,47.4375,-32.96875,-33.3125,79.870285,LCC-FASD external-dev / cross-domain stress set,True
YOUTUBE_SSMP2250_LVP1M_id39_s1_85.png,1,VALID,50.84375,-35.15625,-35.71875,85.54906,LCC-FASD external-dev / cross-domain stress set,True
YOUTUBE_SSMP2250_LVP1M_id39_s1_100.png,1,VALID,47.96875,-33.25,-33.6875,80.72061,LCC-FASD external-dev / cross-domain stress set,True
YOUTUBE_SSMP2250_LVP1M_id39_s1_115.png,1,VALID,18.59375,-13.0234375,-13.9453125,31.282307,LCC-FASD external-dev / cross-domain stress set,True
YOUTUBE_SSMP2250_LVP1M_id39_s1_130.png,1,VALID,47.15625,-32.90625,-32.9375,79.38486,LCC-FASD external-dev / cross-domain stress set,True
YOUTUBE_SSMP2250_LVP1M_id42_s0_17.png,1,VALID,22.171875,-15.9921875,-15.8125,37.37704,LCC-FASD external-dev / cross-domain stress set,True
YOUTUBE_SSMP2250_LVP1M_id42_s0_32.png,1,VALID,31.234375,-22.25,-21.84375,52.56761,LCC-FASD external-dev / cross-domain stress set,True
YOUTUBE_SSMP2250_LVP1M_id42_s0_47.png,1,VALID,42.0,-29.53125,-29.25,70.68762,LCC-FASD external-dev / cross-domain stress set,True
YOUTUBE_SSMP2250_LVP1M_id42_s0_62.png,1,VALID,29.015625,-20.578125,-20.453125,48.83615,LCC-FASD external-dev / cross-domain stress set,True
YOUTUBE_SSMP2250_LVP1M_id42_s0_77.png,1,VALID,23.46875,-16.671875,-16.84375,39.529728,LCC-FASD external-dev / cross-domain stress set,True
YOUTUBE_SSMP2250_LVP1M_id42_s0_92.png,1,VALID,35.125,-24.625,-24.734375,59.110046,LCC-FASD external-dev / cross-domain stress set,True
YOUTUBE_SSMP2250_LVP1M_id42_s0_107.png,1,VALID,34.84375,-24.46875,-24.5625,58.66513,LCC-FASD external-dev / cross-domain stress set,True
YOUTUBE_SSMP2250_LVP1M_id42_s0_122.png,1,VALID,36.4375,-25.828125,-25.390625,61.32999,LCC-FASD external-dev / cross-domain stress set,True
YOUTUBE_SSMP2250_LVP1M_id42_s0_137.png,1,VALID,28.703125,-20.484375,-20.1875,48.334938,LCC-FASD external-dev / cross-domain stress set,True
YOUTUBE_SSMP2250_LVP1M_id42_s0_152.png,1,VALID,37.59375,-26.4375,-26.375,63.306366,LCC-FASD external-dev / cross-domain stress set,True
YOUTUBE_SSMP2250_LVP1M_id42_s1_33.png,1,VALID,3.890625,-2.5078125,-4.65625,6.2880898,LCC-FASD external-dev / cross-domain stress set,False
YOUTUBE_SSMP2250_LVP1M_id42_s1_49.png,1,VALID,17.71875,-12.203125,-13.7109375,29.721882,LCC-FASD external-dev / cross-domain stress set,True
YOUTUBE_SSMP2250_LVP1M_id42_s1_64.png,1,VALID,8.7890625,-6.0195312,-7.7226562,14.64129,LCC-FASD external-dev / cross-domain stress set,True
YOUTUBE_SSMP2250_LVP1M_id42_s1_79.png,1,VALID,32.09375,-21.96875,-23.4375,53.855312,LCC-FASD external-dev / cross-domain stress set,True
YOUTUBE_SSMP2250_LVP1M_id42_s1_94.png,1,VALID,21.703125,-15.1015625,-16.1875,36.51382,LCC-FASD external-dev / cross-domain stress set,True
YOUTUBE_SSMP2250_LVP1M_id42_s1_140.png,1,VALID,-10.9765625,7.71875,5.4023438,-18.789373,LCC-FASD external-dev / cross-domain stress set,False
YOUTUBE_SSMP2250_LVP1M_id42_s1_160.png,1,VALID,1.1933594,-0.70458984,-2.7324219,1.7742985,LCC-FASD external-dev / cross-domain stress set,False
YOUTUBE_SSMP2250_LVP1M_id42_s1_180.png,1,VALID,9.1953125,-6.7382812,-7.5234375,15.557867,LCC-FASD external-dev / cross-domain stress set,True
YOUTUBE_TFT22W90PS_SA5100_id39_s0_37.png,1,VALID,-103.1875,69.75,68.5,-173.18942,LCC-FASD external-dev / cross-domain stress set,False
YOUTUBE_TFT22W90PS_SA5100_id43_s0_105.png,1,VALID,-7.2421875,5.7578125,2.6269531,-13.042753,LCC-FASD external-dev / cross-domain stress set,False
YOUTUBE_TFT22W90PS_SA5100_id43_s0_120.png,1,VALID,-82.9375,56.0,54.84375,-139.21109,LCC-FASD external-dev / cross-domain stress set,False
YOUTUBE_SM943N_REDMIN5_id42_s1_65.png,1,VALID,-27.171875,19.125,16.140625,-46.346207,LCC-FASD external-dev / cross-domain stress set,False
YOUTUBE_SM943N_REDMIN5_id42_s1_87.png,1,VALID,-24.25,16.921875,14.296875,-41.241814,LCC-FASD external-dev / cross-domain stress set,False
YOUTUBE_SRV508_IPHONE5SF_id39_s1_15.png,1,VALID,-93.8125,64.0625,61.15625,-157.92824,LCC-FASD external-dev / cross-domain stress set,False
YOUTUBE_SRV508_IPHONE5SF_id39_s1_31.png,1,VALID,-51.21875,35.34375,32.21875,-86.6055,LCC-FASD external-dev / cross-domain stress set,False
YOUTUBE_SRV508_IPHONE5SF_id39_s1_49.png,1,VALID,-60.875,41.875,38.78125,-102.794334,LCC-FASD external-dev / cross-domain stress set,False
YOUTUBE_SRV508_IPHONE5SF_id39_s1_64.png,1,VALID,-57.75,40.03125,36.3125,-97.80522,LCC-FASD external-dev / cross-domain stress set,False
YOUTUBE_SRV508_IPHONE5SF_id39_s1_84.png,1,VALID,-69.625,48.21875,44.28125,-117.86306,LCC-FASD external-dev / cross-domain stress set,False
YOUTUBE_SRV508_IPHONE5SF_id39_s1_99.png,1,VALID,-111.0,75.5625,73.3125,-186.6627,LCC-FASD external-dev / cross-domain stress set,False
YOUTUBE_SRV508_IPHONE5SF_id39_s1_114.png,1,VALID,-69.4375,47.65625,44.5625,-117.138084,LCC-FASD external-dev / cross-domain stress set,False
YOUTUBE_SRV508_IPHONE5SF_id39_s1_129.png,1,VALID,-73.375,50.5,47.0,-123.904755,LCC-FASD external-dev / cross-domain stress set,False
YOUTUBE_SRV508_IPHONE5SF_id42_s0_51.png,1,VALID,-24.84375,17.640625,14.4453125,-42.524513,LCC-FASD external-dev / cross-domain stress set,False
YOUTUBE_SRV508_IPHONE5SF_id42_s0_67.png,1,VALID,-8.984375,6.9179688,3.5507812,-15.936249,LCC-FASD external-dev / cross-domain stress set,False
YOUTUBE_SRV508_IPHONE5SF_id42_s0_84.png,1,VALID,-30.5,21.703125,17.953125,-52.22637,LCC-FASD external-dev / cross-domain stress set,False
YOUTUBE_SRV508_IPHONE5SF_id42_s0_126.png,1,VALID,-4.4257812,3.4492188,0.86279297,-7.947589,LCC-FASD external-dev / cross-domain stress set,False
YOUTUBE_SRV508_IPHONE5SF_id42_s0_141.png,1,VALID,7.0039062,-4.4101562,-6.828125,11.328709,LCC-FASD external-dev / cross-domain stress set,True
YOUTUBE_SRV508_IPHONE5SF_id42_s0_156.png,1,VALID,34.03125,-22.65625,-25.21875,56.613216,LCC-FASD external-dev / cross-domain stress set,True
YOUTUBE_SRV508_IPHONE5SF_id42_s0_171.png,1,VALID,35.15625,-23.453125,-25.875,58.524338,LCC-FASD external-dev / cross-domain stress set,True
YOUTUBE_SRV508_IPHONE5SF_id42_s0_186.png,1,VALID,32.4375,-21.828125,-23.859375,54.142372,LCC-FASD external-dev / cross-domain stress set,True
YOUTUBE_SRV508_IPHONE5SF_id42_s0_201.png,1,VALID,-12.6640625,9.5078125,5.921875,-22.199207,LCC-FASD external-dev / cross-domain stress set,False
YOUTUBE_SRV508_IPHONE5SF_id42_s0_216.png,1,VALID,-11.625,8.921875,5.1992188,-20.570757,LCC-FASD external-dev / cross-domain stress set,False
YOUTUBE_SRV508_IPHONE5SF_id42_s1_46.png,1,VALID,-85.0,57.4375,56.21875,-142.69647,LCC-FASD external-dev / cross-domain stress set,False
YOUTUBE_SRV508_IPHONE5SF_id42_s1_61.png,1,VALID,-90.3125,61.21875,59.59375,-151.711,LCC-FASD external-dev / cross-domain stress set,False
YOUTUBE_SS22C200_REDMIN4X_id48_s0_15.png,1,VALID,20.984375,-14.765625,-15.6796875,35.41289,LCC-FASD external-dev / cross-domain stress set,True
YOUTUBE_SS22C200_REDMIN4X_id48_s0_30.png,1,VALID,-10.265625,6.8671875,5.4414062,-17.348183,LCC-FASD external-dev / cross-domain stress set,False
YOUTUBE_SS22C200_REDMIN4X_id48_s0_48.png,1,VALID,-81.5,56.46875,52.1875,-137.98248,LCC-FASD external-dev / cross-domain stress set,False
YOUTUBE_SS22C200_REDMIN4X_id48_s0_63.png,1,VALID,0.796875,-0.9423828,-2.0039062,1.4421737,LCC-FASD external-dev / cross-domain stress set,False
YOUTUBE_SS22C200_REDMIN4X_id48_s0_78.png,1,VALID,-57.375,39.75,36.09375,-97.1505,LCC-FASD external-dev / cross-domain stress set,False
YOUTUBE_SS22C200_REDMIN4X_id48_s0_93.png,1,VALID,-78.375,54.34375,50.0625,-132.73248,LCC-FASD external-dev / cross-domain stress set,False
YOUTUBE_SS22C200_REDMIN4X_id48_s0_108.png,1,VALID,-60.1875,42.0625,37.625,-102.26176,LCC-FASD external-dev / cross-domain stress set,False
YOUTUBE_SS22C200_REDMIN4X_id48_s0_123.png,1,VALID,3.9472656,-2.8105469,-4.4101562,6.573846,LCC-FASD external-dev / cross-domain stress set,False
YOUTUBE_SS22C200_REDMIN4X_id48_s0_138.png,1,VALID,-20.375,13.859375,11.9296875,-34.36995,LCC-FASD external-dev / cross-domain stress set,False
YOUTUBE_SS22C200_REDMIN4X_id48_s0_153.png,1,VALID,-25.25,17.359375,15.1328125,-42.711838,LCC-FASD external-dev / cross-domain stress set,False
YOUTUBE_SSM757MB_FS407S6_id39_s0_16.png,1,VALID,15.0546875,-10.484375,-11.59375,25.25406,LCC-FASD external-dev / cross-domain stress set,True
YOUTUBE_SSM757MB_FS407S6_id39_s0_45.png,1,VALID,4.984375,-4.0039062,-4.5351562,8.525888,LCC-FASD external-dev / cross-domain stress set,False
YOUTUBE_SSM757MB_FS407S6_id43_s0_15.png,1,VALID,-21.109375,12.8125,14.15625,-35.49742,LCC-FASD external-dev / cross-domain stress set,False
YOUTUBE_SSM757MB_FS407S6_id43_s0_30.png,1,VALID,-8.84375,4.1132812,6.1992188,-15.160032,LCC-FASD external-dev / cross-domain stress set,False
YOUTUBE_SSM757MB_FS407S6_id43_s0_45.png,1,VALID,71.25,-48.84375,-49.4375,119.65404,LCC-FASD external-dev / cross-domain stress set,True
YOUTUBE_SSM757MB_FS407S6_id43_s0_60.png,1,VALID,41.0625,-28.8125,-28.640625,69.092224,LCC-FASD external-dev / cross-domain stress set,True
YOUTUBE_SSM757MB_FS407S6_id43_s0_75.png,1,VALID,-10.453125,5.2226562,7.1992188,-17.782095,LCC-FASD external-dev / cross-domain stress set,False
YOUTUBE_SSM757MB_FS407S6_id43_s0_90.png,1,VALID,-24.640625,14.7890625,16.984375,-41.730553,LCC-FASD external-dev / cross-domain stress set,False
YOUTUBE_SSM757MB_FS407S6_id43_s0_105.png,1,VALID,4.1679688,-4.90625,-2.4375,6.5241737,LCC-FASD external-dev / cross-domain stress set,False
YOUTUBE_SSM757MB_FS407S6_id43_s0_122.png,1,VALID,45.0625,-32.1875,-30.625,75.4972,LCC-FASD external-dev / cross-domain stress set,True
YOUTUBE_SSM757MB_FS407S6_id43_s0_137.png,1,VALID,14.6171875,-11.5546875,-10.0703125,24.48322,LCC-FASD external-dev / cross-domain stress set,True
YOUTUBE_SSM757MB_FS407S6_id43_s0_152.png,1,VALID,31.25,-22.78125,-21.515625,52.517155,LCC-FASD external-dev / cross-domain stress set,True
YOUTUBE_SSM757MB_FS407S6_id43_s1_15.png,1,VALID,82.8125,-57.21875,-57.1875,139.32236,LCC-FASD external-dev / cross-domain stress set,True
YOUTUBE_SSM757MB_FS407S6_id43_s1_30.png,1,VALID,47.78125,-33.1875,-33.5,80.41969,LCC-FASD external-dev / cross-domain stress set,True
YOUTUBE_SSM757MB_FS407S6_id43_s1_45.png,1,VALID,43.625,-30.609375,-30.265625,73.35465,LCC-FASD external-dev / cross-domain stress set,True
YOUTUBE_SSM757MB_FS407S6_id43_s1_60.png,1,VALID,76.375,-52.71875,-52.78125,128.43137,LCC-FASD external-dev / cross-domain stress set,True
YOUTUBE_SSM757MB_FS407S6_id43_s1_75.png,1,VALID,54.15625,-37.625,-37.625,91.088104,LCC-FASD external-dev / cross-domain stress set,True
YOUTUBE_SSM757MB_FS407S6_id43_s1_90.png,1,VALID,32.15625,-23.078125,-22.21875,54.021935,LCC-FASD external-dev / cross-domain stress set,True
YOUTUBE_SSM757MB_FS407S6_id43_s1_105.png,1,VALID,26.296875,-19.078125,-18.296875,44.216797,LCC-FASD external-dev / cross-domain stress set,True
YOUTUBE_SSM757MB_FS407S6_id43_s1_120.png,1,VALID,22.03125,-16.421875,-15.2109375,36.981426,LCC-FASD external-dev / cross-domain stress set,True
YOUTUBE_SSM757MB_FS407S6_id43_s1_135.png,1,VALID,13.7890625,-10.4609375,-9.9140625,23.246487,LCC-FASD external-dev / cross-domain stress set,True
YOUTUBE_SSM757MB_FS407S6_id43_s1_150.png,1,VALID,23.875,-17.125,-16.890625,40.182816,LCC-FASD external-dev / cross-domain stress set,True
YOUTUBE_SSM763MB_LA546_id39_s1_30.png,1,VALID,-19.390625,13.75,10.7890625,-33.1911,LCC-FASD external-dev / cross-domain stress set,False
YOUTUBE_SSM2232BW_HISCRZERAF_id48_s0_197.png,1,VALID,-56.71875,39.875,35.0,-96.60136,LCC-FASD external-dev / cross-domain stress set,False
YOUTUBE_SLS24E390HL0_HUAWEIG620SL01_S0_id48_s1_15.png,1,VALID,45.5625,-31.03125,-32.5625,76.397964,LCC-FASD external-dev / cross-domain stress set,True
YOUTUBE_SLS24E390HL0_HUAWEIG620SL01_S0_id48_s1_30.png,1,VALID,-60.3125,40.5,39.78125,-101.2095,LCC-FASD external-dev / cross-domain stress set,False
YOUTUBE_SLS24E390HL0_HUAWEIG620SL01_S0_id48_s1_60.png,1,VALID,-4.3671875,3.3144531,0.8876953,-7.7662783,LCC-FASD external-dev / cross-domain stress set,False
YOUTUBE_SLS24E390HL0_HUAWEIG620SL01_S0_id48_s1_75.png,1,VALID,37.9375,-25.546875,-27.71875,63.37645,LCC-FASD external-dev / cross-domain stress set,True
YOUTUBE_SLS24E390HL0_HUAWEIG620SL01_S0_id48_s1_90.png,1,VALID,-17.5625,11.6484375,10.5625,-29.501804,LCC-FASD external-dev / cross-domain stress set,False
YOUTUBE_SLS24E390HL0_HUAWEIG620SL01_S0_id48_s1_150.png,1,VALID,-46.53125,30.421875,31.0625,-78.01703,LCC-FASD external-dev / cross-domain stress set,False
YOUTUBE_SLS24E390HL0_HUAWEIG620SL01_S0_id48_s1_165.png,1,VALID,-27.75,19.1875,16.765625,-47.022537,LCC-FASD external-dev / cross-domain stress set,False
YOUTUBE_SLS24E390HL0_HUAWEIG620SL01_S1_id39_s0_15.png,1,VALID,-65.75,44.25,43.21875,-110.304955,LCC-FASD external-dev / cross-domain stress set,False
YOUTUBE_SLS24E390HL0_HUAWEIG620SL01_S1_id39_s0_31.png,1,VALID,-53.78125,35.5,35.75,-90.10719,LCC-FASD external-dev / cross-domain stress set,False
YOUTUBE_SLS24E390HL0_HUAWEIG620SL01_S1_id39_s0_46.png,1,VALID,-67.5625,45.9375,43.96875,-113.63071,LCC-FASD external-dev / cross-domain stress set,False
YOUTUBE_SLS24E390HL0_HUAWEIG620SL01_S1_id43_s0_15.png,1,VALID,-62.4375,42.59375,40.75,-105.17814,LCC-FASD external-dev / cross-domain stress set,False
YOUTUBE_SLS24E390HL0_HUAWEIG620SL01_S1_id43_s0_30.png,1,VALID,-75.375,51.90625,48.8125,-127.325584,LCC-FASD external-dev / cross-domain stress set,False
YOUTUBE_SLS24E390HL0_HUAWEIG620SL01_S1_id43_s0_46.png,1,VALID,-70.625,48.09375,46.0625,-118.842,LCC-FASD external-dev / cross-domain stress set,False
YOUTUBE_SLS24E390HL0_HUAWEIG620SL01_S1_id43_s0_61.png,1,VALID,-65.125,44.125,42.71875,-109.469185,LCC-FASD external-dev / cross-domain stress set,False
YOUTUBE_SLS24E390HL0_HUAWEIG620SL01_S1_id43_s0_76.png,1,VALID,-38.25,25.703125,24.796875,-64.29248,LCC-FASD external-dev / cross-domain stress set,False
YOUTUBE_SLS24E390HL0_HUAWEIG620SL01_S1_id43_s0_91.png,1,VALID,-13.4296875,8.921875,7.8632812,-22.6494,LCC-FASD external-dev / cross-domain stress set,False
YOUTUBE_SLS24E390HL0_HUAWEIG620SL01_S1_id43_s0_116.png,1,VALID,-42.28125,28.5,27.34375,-71.05483,LCC-FASD external-dev / cross-domain stress set,False
YOUTUBE_SLS24E390HL0_HUAWEIG620SL01_S1_id43_s0_131.png,1,VALID,-36.6875,24.1875,24.046875,-61.500305,LCC-FASD external-dev / cross-domain stress set,False
YOUTUBE_SLS24E390HL0_HUAWEIG620SL01_S1_id43_s0_146.png,1,VALID,-45.6875,30.75,29.71875,-76.742455,LCC-FASD external-dev / cross-domain stress set,False
YOUTUBE_SLS24E390HL0_HUAWEIG620SL01_S1_id43_s0_161.png,1,VALID,-68.875,47.1875,44.59375,-116.13458,LCC-FASD external-dev / cross-domain stress set,False
YOUTUBE_SLS24E390HL0_HUAWEIG620SL01_S1_id43_s1_15.png,1,VALID,40.78125,-28.15625,-28.75,68.497795,LCC-FASD external-dev / cross-domain stress set,True
YOUTUBE_SLS24E390HL0_HUAWEIG620SL01_S1_id43_s1_30.png,1,VALID,-21.796875,14.609375,13.4140625,-36.67062,LCC-FASD external-dev / cross-domain stress set,False
YOUTUBE_SLS24E390HL0_HUAWEIG620SL01_S1_id43_s1_45.png,1,VALID,4.1679688,-3.0351562,-4.0429688,6.891958,LCC-FASD external-dev / cross-domain stress set,False
YOUTUBE_SLS24E390HL0_HUAWEIG620SL01_S1_id43_s1_60.png,1,VALID,47.3125,-32.5,-33.3125,79.44526,LCC-FASD external-dev / cross-domain stress set,True
YOUTUBE_SLS24E390HL0_HUAWEIG620SL01_S1_id43_s1_75.png,1,VALID,24.484375,-17.15625,-17.71875,41.18969,LCC-FASD external-dev / cross-domain stress set,True
YOUTUBE_SLS24E390HL0_HUAWEIG620SL01_S1_id43_s1_90.png,1,VALID,10.9140625,-7.8945312,-8.3359375,18.311989,LCC-FASD external-dev / cross-domain stress set,True
YOUTUBE_SLS24E390HL0_HUAWEIG620SL01_S1_id43_s1_105.png,1,VALID,41.5625,-28.25,-29.59375,69.5807,LCC-FASD external-dev / cross-domain stress set,True
YOUTUBE_SLS24E390HL0_HUAWEIG620SL01_S1_id43_s1_120.png,1,VALID,10.375,-8.265625,-7.4414062,17.452751,LCC-FASD external-dev / cross-domain stress set,True
YOUTUBE_SLS24E390HL0_HUAWEIG620SL01_S1_id43_s1_135.png,1,VALID,7.9804688,-5.4375,-7.0,13.22767,LCC-FASD external-dev / cross-domain stress set,True
YOUTUBE_SLS24E390HL0_HUAWEIG620SL01_S1_id43_s1_150.png,1,VALID,7.03125,-5.0820312,-5.8789062,11.741211,LCC-FASD external-dev / cross-domain stress set,True
YOUTUBE_SLS24E390HL0_HUAWEIG620SL01_S1_id48_s1_15.png,1,VALID,6.6054688,-4.4140625,-6.2929688,10.877375,LCC-FASD external-dev / cross-domain stress set,True
YOUTUBE_SLS24E390HL0_HUAWEIG620SL01_S1_id48_s1_30.png,1,VALID,-22.734375,15.7578125,13.296875,-38.574097,LCC-FASD external-dev / cross-domain stress set,False
YOUTUBE_SLS24E390HL0_HUAWEIG620SL01_S1_id48_s1_45.png,1,VALID,-12.203125,7.8710938,6.9414062,-20.406881,LCC-FASD external-dev / cross-domain stress set,False
YOUTUBE_SLS24E390HL0_HUAWEIG620SL01_S1_id48_s1_60.png,1,VALID,-0.68359375,0.6645508,-1.5371094,-1.4530623,LCC-FASD external-dev / cross-domain stress set,False
YOUTUBE_SLS24E390HL0_HUAWEIG620SL01_S1_id48_s1_75.png,1,VALID,-6.8867188,5.1601562,2.453125,-12.111477,LCC-FASD external-dev / cross-domain stress set,False
YOUTUBE_SLS24E390HL0_HUAWEIG620SL01_S1_id48_s1_90.png,1,VALID,-27.484375,17.03125,18.5625,-46.24266,LCC-FASD external-dev / cross-domain stress set,False
YOUTUBE_SLS24E390HL0_HUAWEIG620SL01_S1_id48_s1_105.png,1,VALID,-12.6015625,9.2734375,6.140625,-21.917671,LCC-FASD external-dev / cross-domain stress set,False
YOUTUBE_SLS24E390HL0_HUAWEIG620SL01_S1_id48_s1_120.png,1,VALID,-13.1796875,9.4453125,6.7734375,-22.691837,LCC-FASD external-dev / cross-domain stress set,False
YOUTUBE_SLS24E390HL0_HUAWEIG620SL01_S1_id48_s1_135.png,1,VALID,-20.859375,14.9453125,11.7109375,-35.843315,LCC-FASD external-dev / cross-domain stress set,False
YOUTUBE_SLS24E390HL0_HUAWEIG620SL01_S1_id48_s1_150.png,1,VALID,41.25,-27.875,-29.828125,68.99237,LCC-FASD external-dev / cross-domain stress set,True
YOUTUBE_SM943N_REDMIN5_id39_s1_15.png,1,VALID,-45.875,32.4375,27.96875,-78.3239,LCC-FASD external-dev / cross-domain stress set,False
YOUTUBE_SM943N_REDMIN5_id39_s1_32.png,1,VALID,-20.0,14.0390625,11.3203125,-34.102936,LCC-FASD external-dev / cross-domain stress set,False
YOUTUBE_SM943N_REDMIN5_id39_s1_47.png,1,VALID,-25.84375,18.375,14.8984375,-44.249195,LCC-FASD external-dev / cross-domain stress set,False
YOUTUBE_SM943N_REDMIN5_id39_s1_64.png,1,VALID,-15.2265625,11.0234375,7.9179688,-26.293829,LCC-FASD external-dev / cross-domain stress set,False
YOUTUBE_SM943N_REDMIN5_id39_s1_80.png,1,VALID,-28.15625,19.90625,16.484375,-48.094627,LCC-FASD external-dev / cross-domain stress set,False
YOUTUBE_SM943N_REDMIN5_id39_s1_95.png,1,VALID,-16.9375,12.3203125,8.953125,-29.291718,LCC-FASD external-dev / cross-domain stress set,False
YOUTUBE_SM943N_REDMIN5_id39_s1_110.png,1,VALID,-23.515625,16.71875,13.4609375,-40.272125,LCC-FASD external-dev / cross-domain stress set,False
YOUTUBE_SM943N_REDMIN5_id42_s0_15.png,1,VALID,-11.9765625,8.15625,6.3125,-20.2797,LCC-FASD external-dev / cross-domain stress set,False
YOUTUBE_SM943N_REDMIN5_id42_s0_30.png,1,VALID,-21.34375,14.6875,12.4296875,-36.130714,LCC-FASD external-dev / cross-domain stress set,False
YOUTUBE_SM943N_REDMIN5_id42_s0_45.png,1,VALID,-17.078125,11.7421875,9.6953125,-28.941767,LCC-FASD external-dev / cross-domain stress set,False
YOUTUBE_SM943N_REDMIN5_id42_s0_60.png,1,VALID,-27.390625,19.234375,16.09375,-46.667347,LCC-FASD external-dev / cross-domain stress set,False
YOUTUBE_SM943N_REDMIN5_id42_s0_75.png,1,VALID,-20.453125,14.3125,11.625,-34.83146,LCC-FASD external-dev / cross-domain stress set,False
YOUTUBE_SM943N_REDMIN5_id42_s0_90.png,1,VALID,-17.125,12.0546875,9.4140625,-29.248577,LCC-FASD external-dev / cross-domain stress set,False
YOUTUBE_SM943N_REDMIN5_id42_s0_105.png,1,VALID,-24.90625,17.515625,14.4140625,-42.465874,LCC-FASD external-dev / cross-domain stress set,False
YOUTUBE_SM943N_REDMIN5_id42_s0_120.png,1,VALID,-11.2578125,7.8710938,5.7070312,-19.237633,LCC-FASD external-dev / cross-domain stress set,False
YOUTUBE_SM943N_REDMIN5_id42_s0_135.png,1,VALID,-16.03125,11.171875,8.8359375,-27.295448,LCC-FASD external-dev / cross-domain stress set,False
YOUTUBE_SM943N_REDMIN5_id42_s0_150.png,1,VALID,0.78759766,-0.1517334,-2.5527344,0.8525781,LCC-FASD external-dev / cross-domain stress set,False
YOUTUBE_S300U1A_HUAWEIY3II_id39_s1_15.png,1,VALID,-55.75,38.71875,35.0,-94.49272,LCC-FASD external-dev / cross-domain stress set,False
YOUTUBE_S300U1A_HUAWEIY3II_id39_s1_30.png,1,VALID,-29.828125,20.96875,17.609375,-50.83104,LCC-FASD external-dev / cross-domain stress set,False
YOUTUBE_S300U1A_HUAWEIY3II_id39_s1_56.png,1,VALID,-84.1875,56.46875,56.03125,-141.15439,LCC-FASD external-dev / cross-domain stress set,False
YOUTUBE_S300U1A_HUAWEIY3II_id39_s1_75.png,1,VALID,-21.328125,15.0234375,12.125,-36.405205,LCC-FASD external-dev / cross-domain stress set,False
YOUTUBE_S300U1A_HUAWEIY3II_id39_s1_92.png,1,VALID,-34.46875,23.90625,20.9375,-58.42509,LCC-FASD external-dev / cross-domain stress set,False
YOUTUBE_S300U1A_HUAWEIY3II_id39_s1_107.png,1,VALID,-47.125,32.3125,29.71875,-79.50958,LCC-FASD external-dev / cross-domain stress set,False
YOUTUBE_S300U1A_HUAWEIY3II_id39_s1_122.png,1,VALID,-45.53125,31.671875,28.140625,-77.23197,LCC-FASD external-dev / cross-domain stress set,False
YOUTUBE_S300U1A_HUAWEIY3II_id39_s1_137.png,1,VALID,-35.78125,24.828125,21.734375,-60.65371,LCC-FASD external-dev / cross-domain stress set,False
YOUTUBE_S300U1A_HUAWEIY3II_id42_s0_15.png,1,VALID,5.2539062,-3.8222656,-4.96875,8.800245,LCC-FASD external-dev / cross-domain stress set,True
YOUTUBE_S300U1A_HUAWEIY3II_id42_s0_30.png,1,VALID,-11.3046875,7.7109375,5.9453125,-19.173552,LCC-FASD external-dev / cross-domain stress set,False
YOUTUBE_S300U1A_HUAWEIY3II_id42_s0_45.png,1,VALID,-22.328125,15.796875,12.7265625,-38.170364,LCC-FASD external-dev / cross-domain stress set,False
YOUTUBE_S300U1A_HUAWEIY3II_id42_s0_60.png,1,VALID,-30.140625,21.40625,17.75,-51.572376,LCC-FASD external-dev / cross-domain stress set,False
YOUTUBE_S300U1A_HUAWEIY3II_id42_s0_75.png,1,VALID,-33.34375,23.375,20.09375,-56.755642,LCC-FASD external-dev / cross-domain stress set,False
YOUTUBE_S300U1A_HUAWEIY3II_id42_s0_90.png,1,VALID,-20.15625,14.2421875,11.3203125,-34.45087,LCC-FASD external-dev / cross-domain stress set,False
YOUTUBE_S300U1A_HUAWEIY3II_id42_s0_105.png,1,VALID,-22.59375,16.171875,12.796875,-38.79927,LCC-FASD external-dev / cross-domain stress set,False
YOUTUBE_S300U1A_HUAWEIY3II_id42_s0_120.png,1,VALID,-7.8164062,5.7734375,3.1542969,-13.660177,LCC-FASD external-dev / cross-domain stress set,False
YOUTUBE_S300U1A_HUAWEIY3II_id42_s0_135.png,1,VALID,-17.84375,12.8359375,9.609375,-30.718613,LCC-FASD external-dev / cross-domain stress set,False
YOUTUBE_S300U1A_HUAWEIY3II_id42_s0_150.png,1,VALID,-20.640625,14.703125,11.609375,-35.388084,LCC-FASD external-dev / cross-domain stress set,False
YOUTUBE_S300U1A_HUAWEIY3II_id42_s1_65.png,1,VALID,-76.1875,52.8125,48.71875,-129.01654,LCC-FASD external-dev / cross-domain stress set,False
YOUTUBE_S198150N_GM5_id48_s0_15.png,1,VALID,-16.1875,10.953125,9.2265625,-27.304354,LCC-FASD external-dev / cross-domain stress set,False
YOUTUBE_S198150N_GM5_id48_s0_30.png,1,VALID,-27.015625,18.390625,16.359375,-45.529503,LCC-FASD external-dev / cross-domain stress set,False
YOUTUBE_S198150N_GM5_id48_s0_45.png,1,VALID,-40.25,27.96875,24.859375,-68.26241,LCC-FASD external-dev / cross-domain stress set,False
YOUTUBE_S198150N_GM5_id48_s0_60.png,1,VALID,-28.140625,19.5,16.8125,-47.70646,LCC-FASD external-dev / cross-domain stress set,False
YOUTUBE_S198150N_GM5_id48_s0_75.png,1,VALID,-26.140625,17.796875,15.9296875,-44.081215,LCC-FASD external-dev / cross-domain stress set,False
YOUTUBE_S198150N_GM5_id48_s0_90.png,1,VALID,-58.5625,40.9375,36.71875,-99.51461,LCC-FASD external-dev / cross-domain stress set,False
YOUTUBE_S198150N_GM5_id48_s0_120.png,1,VALID,-34.40625,23.796875,20.953125,-58.2597,LCC-FASD external-dev / cross-domain stress set,False
YOUTUBE_S198150N_GM5_id48_s0_135.png,1,VALID,-27.21875,19.0625,16.046875,-46.3291,LCC-FASD external-dev / cross-domain stress set,False
YOUTUBE_S198150N_GM5_id48_s0_150.png,1,VALID,-34.625,23.796875,21.328125,-58.50317,LCC-FASD external-dev / cross-domain stress set,False
YOUTUBE_SLS24E390HL0_HUAWEIG620SL01_S0_id39_s0_39.png,1,VALID,-75.9375,51.3125,50.09375,-127.50897,LCC-FASD external-dev / cross-domain stress set,False
YOUTUBE_SLS24E390HL0_HUAWEIG620SL01_S0_id43_s0_15.png,1,VALID,-73.125,49.125,48.6875,-122.74814,LCC-FASD external-dev / cross-domain stress set,False
YOUTUBE_SLS24E390HL0_HUAWEIG620SL01_S0_id43_s0_30.png,1,VALID,-101.6875,69.4375,67.0,-171.20877,LCC-FASD external-dev / cross-domain stress set,False
YOUTUBE_SLS24E390HL0_HUAWEIG620SL01_S0_id43_s0_46.png,1,VALID,-73.0,49.6875,47.84375,-122.83439,LCC-FASD external-dev / cross-domain stress set,False
YOUTUBE_SLS24E390HL0_HUAWEIG620SL01_S0_id43_s0_61.png,1,VALID,-73.9375,50.03125,48.84375,-124.23494,LCC-FASD external-dev / cross-domain stress set,False
YOUTUBE_SLS24E390HL0_HUAWEIG620SL01_S0_id43_s0_76.png,1,VALID,-56.71875,37.96875,37.65625,-95.23656,LCC-FASD external-dev / cross-domain stress set,False
YOUTUBE_SLS24E390HL0_HUAWEIG620SL01_S0_id43_s0_91.png,1,VALID,-65.25,43.9375,43.1875,-109.57437,LCC-FASD external-dev / cross-domain stress set,False
YOUTUBE_SLS24E390HL0_HUAWEIG620SL01_S0_id43_s0_117.png,1,VALID,-44.96875,29.890625,29.59375,-75.41506,LCC-FASD external-dev / cross-domain stress set,False
YOUTUBE_SLS24E390HL0_HUAWEIG620SL01_S0_id43_s0_132.png,1,VALID,-68.1875,45.59375,45.3125,-114.34363,LCC-FASD external-dev / cross-domain stress set,False
YOUTUBE_SLS24E390HL0_HUAWEIG620SL01_S0_id43_s0_147.png,1,VALID,-39.09375,25.640625,25.984375,-65.6141,LCC-FASD external-dev / cross-domain stress set,False
YOUTUBE_SLS24E390HL0_HUAWEIG620SL01_S0_id43_s0_162.png,1,VALID,-86.8125,59.46875,56.71875,-146.34322,LCC-FASD external-dev / cross-domain stress set,False
YOUTUBE_SLS24E390HL0_HUAWEIG620SL01_S0_id43_s1_15.png,1,VALID,66.1875,-45.375,-46.03125,111.144585,LCC-FASD external-dev / cross-domain stress set,True
YOUTUBE_SLS24E390HL0_HUAWEIG620SL01_S0_id43_s1_30.png,1,VALID,-44.5,30.328125,28.4375,-74.968735,LCC-FASD external-dev / cross-domain stress set,False
YOUTUBE_SLS24E390HL0_HUAWEIG620SL01_S0_id43_s1_45.png,1,VALID,-16.921875,10.8515625,10.765625,-28.424538,LCC-FASD external-dev / cross-domain stress set,False
YOUTUBE_SLS24E390HL0_HUAWEIG620SL01_S0_id43_s1_60.png,1,VALID,-15.421875,9.9921875,9.46875,-25.879356,LCC-FASD external-dev / cross-domain stress set,False
YOUTUBE_SLS24E390HL0_HUAWEIG620SL01_S0_id43_s1_75.png,1,VALID,23.609375,-16.59375,-16.984375,39.686337,LCC-FASD external-dev / cross-domain stress set,True
YOUTUBE_SLS24E390HL0_HUAWEIG620SL01_S0_id43_s1_90.png,1,VALID,22.09375,-14.8203125,-16.75,36.77849,LCC-FASD external-dev / cross-domain stress set,True
YOUTUBE_SLS24E390HL0_HUAWEIG620SL01_S0_id43_s1_105.png,1,VALID,26.609375,-18.03125,-19.5,44.433437,LCC-FASD external-dev / cross-domain stress set,True
YOUTUBE_SLS24E390HL0_HUAWEIG620SL01_S0_id43_s1_120.png,1,VALID,-16.71875,10.8125,10.4140625,-28.044891,LCC-FASD external-dev / cross-domain stress set,False
YOUTUBE_SLS24E390HL0_HUAWEIG620SL01_S0_id43_s1_135.png,1,VALID,-33.03125,21.984375,21.375,-55.4498,LCC-FASD external-dev / cross-domain stress set,False
YOUTUBE_SLS24E390HL0_HUAWEIG620SL01_S0_id43_s1_150.png,1,VALID,-17.8125,11.6796875,11.1953125,-29.972193,LCC-FASD external-dev / cross-domain stress set,False
YOUTUBE_SLS24E390HL0_HUAWEIG620SL01_S0_id48_s1_105.png,1,VALID,-9.6796875,6.4375,4.953125,-16.321468,LCC-FASD external-dev / cross-domain stress set,False
YOUTUBE_SLS24E390HL0_HUAWEIG620SL01_S0_id48_s1_120.png,1,VALID,-37.5,25.96875,23.15625,-63.52707,LCC-FASD external-dev / cross-domain stress set,False
YOUTUBE_SLS24E390HL0_HUAWEIG620SL01_S0_id48_s1_135.png,1,VALID,-26.90625,18.421875,16.375,-45.449577,LCC-FASD external-dev / cross-domain stress set,False
YOUTUBE_PBQ5WTS_ZTEBA2_id43_s0_15.png,1,VALID,-27.921875,18.875,17.546875,-47.03193,LCC-FASD external-dev / cross-domain stress set,False
YOUTUBE_PBQ5WTS_ZTEBA2_id43_s0_30.png,1,VALID,-71.5,48.53125,46.90625,-120.211,LCC-FASD external-dev / cross-domain stress set,False
YOUTUBE_PBQ5WTS_ZTEBA2_id43_s0_45.png,1,VALID,-98.9375,67.3125,65.3125,-166.37692,LCC-FASD external-dev / cross-domain stress set,False
YOUTUBE_PBQ5WTS_ZTEBA2_id43_s0_60.png,1,VALID,-57.3125,37.9375,38.3125,-96.148125,LCC-FASD external-dev / cross-domain stress set,False
YOUTUBE_PBQ5WTS_ZTEBA2_id43_s0_75.png,1,VALID,-29.3125,19.265625,18.984375,-49.140503,LCC-FASD external-dev / cross-domain stress set,False
YOUTUBE_PBQ5WTS_ZTEBA2_id43_s0_90.png,1,VALID,-23.65625,15.0546875,15.4375,-39.613697,LCC-FASD external-dev / cross-domain stress set,False
YOUTUBE_PBQ5WTS_ZTEBA2_id43_s0_147.png,1,VALID,-54.3125,35.75,36.21875,-91.01724,LCC-FASD external-dev / cross-domain stress set,False
YOUTUBE_PBQ5WTS_ZTEBA2_id43_s0_162.png,1,VALID,-85.9375,58.21875,56.75,-144.36343,LCC-FASD external-dev / cross-domain stress set,False
YOUTUBE_PBQ5WTS_ZTEBA2_id43_s1_15.png,1,VALID,-18.703125,13.703125,9.9921875,-32.430412,LCC-FASD external-dev / cross-domain stress set,False
YOUTUBE_PBQ5WTS_ZTEBA2_id43_s1_30.png,1,VALID,-51.71875,35.78125,32.5625,-87.53923,LCC-FASD external-dev / cross-domain stress set,False
YOUTUBE_PBQ5WTS_ZTEBA2_id43_s1_45.png,1,VALID,20.53125,-13.8203125,-15.8125,34.2237,LCC-FASD external-dev / cross-domain stress set,True
YOUTUBE_PBQ5WTS_ZTEBA2_id43_s1_60.png,1,VALID,-31.8125,22.328125,18.984375,-54.17532,LCC-FASD external-dev / cross-domain stress set,False
YOUTUBE_PBQ5WTS_ZTEBA2_id43_s1_75.png,1,VALID,-36.0,25.3125,21.75,-61.340473,LCC-FASD external-dev / cross-domain stress set,False
YOUTUBE_PBQ5WTS_ZTEBA2_id43_s1_90.png,1,VALID,-38.3125,26.921875,23.3125,-65.261086,LCC-FASD external-dev / cross-domain stress set,False
YOUTUBE_PBQ5WTS_ZTEBA2_id43_s1_105.png,1,VALID,-63.96875,44.5,40.6875,-108.4906,LCC-FASD external-dev / cross-domain stress set,False
YOUTUBE_PBQ5WTS_ZTEBA2_id43_s1_120.png,1,VALID,-49.1875,34.71875,30.234375,-83.917465,LCC-FASD external-dev / cross-domain stress set,False
YOUTUBE_PBQ5WTS_ZTEBA2_id43_s1_135.png,1,VALID,-48.40625,33.53125,30.390625,-81.97984,LCC-FASD external-dev / cross-domain stress set,False
YOUTUBE_PBQ5WTS_ZTEBA2_id43_s1_150.png,1,VALID,-47.84375,33.46875,29.78125,-81.33723,LCC-FASD external-dev / cross-domain stress set,False
YOUTUBE_PBQ5WTS_ZTEBA2_id48_s1_15.png,1,VALID,-66.125,45.5,42.625,-111.679886,LCC-FASD external-dev / cross-domain stress set,False
YOUTUBE_PBQ5WTS_ZTEBA2_id48_s1_30.png,1,VALID,-81.1875,55.53125,53.0,-136.7953,LCC-FASD external-dev / cross-domain stress set,False
YOUTUBE_PBQ5WTS_ZTEBA2_id48_s1_45.png,1,VALID,-72.0625,49.28125,46.75,-121.4203,LCC-FASD external-dev / cross-domain stress set,False
YOUTUBE_PBQ5WTS_ZTEBA2_id48_s1_60.png,1,VALID,-57.78125,39.28125,37.375,-97.20108,LCC-FASD external-dev / cross-domain stress set,False
YOUTUBE_PBQ5WTS_ZTEBA2_id48_s1_75.png,1,VALID,-78.625,54.0,50.96875,-132.67212,LCC-FASD external-dev / cross-domain stress set,False
YOUTUBE_PBQ5WTS_ZTEBA2_id48_s1_90.png,1,VALID,-104.25,70.3125,69.5625,-174.94937,LCC-FASD external-dev / cross-domain stress set,False
YOUTUBE_PBQ5WTS_ZTEBA2_id48_s1_105.png,1,VALID,-67.625,45.6875,44.40625,-113.557556,LCC-FASD external-dev / cross-domain stress set,False
YOUTUBE_PBQ5WTS_ZTEBA2_id48_s1_120.png,1,VALID,-91.0,61.5,60.0625,-152.7131,LCC-FASD external-dev / cross-domain stress set,False
YOUTUBE_PBQ5WTS_ZTEBA2_id48_s1_135.png,1,VALID,-80.1875,53.5625,53.59375,-134.4589,LCC-FASD external-dev / cross-domain stress set,False
YOUTUBE_PBQ5WTS_ZTEBA2_id48_s1_150.png,1,VALID,-74.9375,50.4375,49.59375,-125.73274,LCC-FASD external-dev / cross-domain stress set,False
YOUTUBE_PRS133S_PRMD3_id39_s0_27.png,1,VALID,-8.1953125,4.296875,5.0898438,-13.658442,LCC-FASD external-dev / cross-domain stress set,False
YOUTUBE_PRS133S_PRMD3_id43_s0_15.png,1,VALID,-3.1269531,-0.06439209,2.4960938,-5.6974745,LCC-FASD external-dev / cross-domain stress set,False
YOUTUBE_PRS133S_PRMD3_id43_s0_30.png,1,VALID,-2.78125,-0.25439453,2.171875,-5.0378027,LCC-FASD external-dev / cross-domain stress set,False
YOUTUBE_PRS133S_PRMD3_id43_s0_45.png,1,VALID,4.5117188,-5.1992188,-2.7304688,7.1608925,LCC-FASD external-dev / cross-domain stress set,False
YOUTUBE_PRS133S_PRMD3_id43_s0_60.png,1,VALID,-6.9414062,2.4023438,5.2382812,-12.236694,LCC-FASD external-dev / cross-domain stress set,False
YOUTUBE_PRS133S_PRMD3_id43_s0_81.png,1,VALID,9.3515625,-8.1015625,-6.4257812,15.605778,LCC-FASD external-dev / cross-domain stress set,True
YOUTUBE_PRS133S_PRMD3_id43_s0_96.png,1,VALID,-0.3125,-1.9023438,0.51416016,-0.912134,LCC-FASD external-dev / cross-domain stress set,False
YOUTUBE_PRS133S_PRMD3_id43_s0_111.png,1,VALID,-23.203125,14.3046875,15.484375,-38.95552,LCC-FASD external-dev / cross-domain stress set,False
YOUTUBE_PRS133S_PRMD3_id43_s0_142.png,1,VALID,-1.8984375,-0.46557617,1.21875,-3.2874107,LCC-FASD external-dev / cross-domain stress set,False
YOUTUBE_PRS133S_PRMD3_id43_s1_15.png,1,VALID,32.28125,-22.90625,-22.734375,54.404728,LCC-FASD external-dev / cross-domain stress set,True
YOUTUBE_PRS133S_PRMD3_id43_s1_30.png,1,VALID,14.40625,-11.9609375,-9.453125,23.781075,LCC-FASD external-dev / cross-domain stress set,True
YOUTUBE_PRS133S_PRMD3_id43_s1_45.png,1,VALID,59.09375,-41.0625,-41.09375,99.47861,LCC-FASD external-dev / cross-domain stress set,True
YOUTUBE_PRS133S_PRMD3_id43_s1_60.png,1,VALID,43.09375,-30.734375,-29.671875,72.468796,LCC-FASD external-dev / cross-domain stress set,True
YOUTUBE_PRS133S_PRMD3_id43_s1_75.png,1,VALID,23.078125,-17.03125,-16.125,38.863773,LCC-FASD external-dev / cross-domain stress set,True
YOUTUBE_PRS133S_PRMD3_id43_s1_90.png,1,VALID,15.5859375,-12.359375,-10.6328125,26.055021,LCC-FASD external-dev / cross-domain stress set,True
YOUTUBE_PRS133S_PRMD3_id43_s1_105.png,1,VALID,7.296875,-6.2890625,-5.375,12.334765,LCC-FASD external-dev / cross-domain stress set,True
YOUTUBE_PRS133S_PRMD3_id43_s1_128.png,1,VALID,-26.328125,17.28125,16.578125,-44.011528,LCC-FASD external-dev / cross-domain stress set,False
YOUTUBE_PRS133S_PRMD3_id43_s1_143.png,1,VALID,-3.9863281,2.5234375,1.1796875,-6.741564,LCC-FASD external-dev / cross-domain stress set,False
YOUTUBE_PRS133S_PRMD3_id43_s1_158.png,1,VALID,26.515625,-18.75,-19.0625,44.716568,LCC-FASD external-dev / cross-domain stress set,True
YOUTUBE_PRS133S_PRMD3_id48_s1_15.png,1,VALID,4.4335938,-3.6855469,-4.0742188,7.601564,LCC-FASD external-dev / cross-domain stress set,False
YOUTUBE_PRS133S_PRMD3_id48_s1_30.png,1,VALID,21.578125,-15.15625,-15.96875,36.367134,LCC-FASD external-dev / cross-domain stress set,True
YOUTUBE_PRS133S_PRMD3_id48_s1_45.png,1,VALID,54.34375,-37.90625,-37.78125,91.4924,LCC-FASD external-dev / cross-domain stress set,True
YOUTUBE_PRS133S_PRMD3_id48_s1_60.png,1,VALID,55.6875,-39.03125,-38.5,93.725105,LCC-FASD external-dev / cross-domain stress set,True
YOUTUBE_PRS133S_PRMD3_id48_s1_75.png,1,VALID,39.53125,-28.109375,-27.453125,66.56646,LCC-FASD external-dev / cross-domain stress set,True
YOUTUBE_PRS133S_PRMD3_id48_s1_90.png,1,VALID,2.4707031,-2.9589844,-2.2089844,4.2928166,LCC-FASD external-dev / cross-domain stress set,False
YOUTUBE_PRS133S_PRMD3_id48_s1_107.png,1,VALID,30.328125,-20.71875,-22.078125,50.81829,LCC-FASD external-dev / cross-domain stress set,True
YOUTUBE_PRS133S_PRMD3_id48_s1_122.png,1,VALID,36.53125,-25.484375,-25.9375,61.52359,LCC-FASD external-dev / cross-domain stress set,True
YOUTUBE_PRS133S_PRMD3_id48_s1_137.png,1,VALID,64.0625,-44.4375,-44.3125,107.7424,LCC-FASD external-dev / cross-domain stress set,True
YOUTUBE_PRS133S_PRMD3_id48_s1_152.png,1,VALID,89.5,-61.875,-61.53125,150.49529,LCC-FASD external-dev / cross-domain stress set,True
YOUTUBE_S198150N_GM5_id48_s0_105.png,1,VALID,-17.984375,12.953125,9.7109375,-30.975834,LCC-FASD external-dev / cross-domain stress set,False
YOUTUBE_P223V5LSB_LS650_id42_s1_61.png,1,VALID,-67.0,45.96875,43.125,-113.02533,LCC-FASD external-dev / cross-domain stress set,False
YOUTUBE_P223V5LSB_LS650_id42_s1_76.png,1,VALID,-73.6875,50.4375,47.6875,-124.186966,LCC-FASD external-dev / cross-domain stress set,False
YOUTUBE_P223V5LSB_LS650_id42_s1_92.png,1,VALID,-68.1875,47.28125,43.375,-115.48866,LCC-FASD external-dev / cross-domain stress set,False
YOUTUBE_P226VLSB00_HONOR4CCHMU01_id39_s0_15.png,1,VALID,-74.0,47.84375,51.0625,-125.10173,LCC-FASD external-dev / cross-domain stress set,False
YOUTUBE_P226VLSB00_HONOR4CCHMU01_id39_s0_41.png,1,VALID,-49.5,31.84375,33.59375,-83.253975,LCC-FASD external-dev / cross-domain stress set,False
YOUTUBE_P226VLSB00_HONOR4CCHMU01_id39_s0_56.png,1,VALID,-48.25,31.109375,32.65625,-81.09927,LCC-FASD external-dev / cross-domain stress set,False
YOUTUBE_P226VLSB00_HONOR4CCHMU01_id39_s0_81.png,1,VALID,-83.3125,54.5625,56.96875,-140.36757,LCC-FASD external-dev / cross-domain stress set,False
YOUTUBE_P226VLSB00_HONOR4CCHMU01_id48_s1_15.png,1,VALID,-22.328125,14.5234375,13.90625,-37.282993,LCC-FASD external-dev / cross-domain stress set,False
YOUTUBE_P226VLSB00_HONOR4CCHMU01_id48_s1_30.png,1,VALID,-33.125,20.984375,22.171875,-55.563065,LCC-FASD external-dev / cross-domain stress set,False
YOUTUBE_P226VLSB00_HONOR4CCHMU01_id48_s1_45.png,1,VALID,-43.15625,29.078125,27.703125,-72.459785,LCC-FASD external-dev / cross-domain stress set,False
YOUTUBE_P226VLSB00_HONOR4CCHMU01_id48_s1_60.png,1,VALID,-29.0,19.578125,18.03125,-48.77115,LCC-FASD external-dev / cross-domain stress set,False
YOUTUBE_P226VLSB00_HONOR4CCHMU01_id48_s1_75.png,1,VALID,-41.75,28.125,26.703125,-70.091125,LCC-FASD external-dev / cross-domain stress set,False
YOUTUBE_P226VLSB00_HONOR4CCHMU01_id48_s1_90.png,1,VALID,-52.0,34.28125,34.5,-87.08974,LCC-FASD external-dev / cross-domain stress set,False
YOUTUBE_P226VLSB00_HONOR4CCHMU01_id48_s1_105.png,1,VALID,-40.40625,26.921875,26.078125,-67.68587,LCC-FASD external-dev / cross-domain stress set,False
YOUTUBE_P226VLSB00_HONOR4CCHMU01_id48_s1_120.png,1,VALID,-33.3125,22.9375,20.53125,-56.33632,LCC-FASD external-dev / cross-domain stress set,False
YOUTUBE_P226VLSB00_HONOR4CCHMU01_id48_s1_135.png,1,VALID,-57.4375,39.03125,37.0625,-96.59946,LCC-FASD external-dev / cross-domain stress set,False
YOUTUBE_P226VLSB00_HONOR4CCHMU01_id48_s1_150.png,1,VALID,-40.46875,26.765625,26.328125,-67.73251,LCC-FASD external-dev / cross-domain stress set,False
YOUTUBE_PBLS11HR_HONOR9L_id39_s1_15.png,1,VALID,-45.4375,31.515625,28.21875,-76.989456,LCC-FASD external-dev / cross-domain stress set,False
YOUTUBE_PBLS11HR_HONOR9L_id39_s1_30.png,1,VALID,-33.875,23.84375,20.1875,-57.74425,LCC-FASD external-dev / cross-domain stress set,False
YOUTUBE_PBLS11HR_HONOR9L_id39_s1_45.png,1,VALID,-36.375,25.375,22.015625,-61.784164,LCC-FASD external-dev / cross-domain stress set,False
YOUTUBE_PBLS11HR_HONOR9L_id39_s1_60.png,1,VALID,-39.1875,27.546875,23.734375,-66.756226,LCC-FASD external-dev / cross-domain stress set,False
YOUTUBE_PBLS11HR_HONOR9L_id39_s1_75.png,1,VALID,-26.78125,19.015625,15.453125,-45.82485,LCC-FASD external-dev / cross-domain stress set,False
YOUTUBE_PBLS11HR_HONOR9L_id39_s1_90.png,1,VALID,-22.125,15.7109375,12.375,-37.8709,LCC-FASD external-dev / cross-domain stress set,False
YOUTUBE_PBLS11HR_HONOR9L_id39_s1_105.png,1,VALID,-23.5625,16.71875,13.3671875,-40.31568,LCC-FASD external-dev / cross-domain stress set,False
YOUTUBE_PBLS11HR_HONOR9L_id39_s1_120.png,1,VALID,-11.4296875,7.9804688,5.6992188,-19.507425,LCC-FASD external-dev / cross-domain stress set,False
YOUTUBE_PBLS11HR_HONOR9L_id39_s1_135.png,1,VALID,-23.5625,16.453125,13.6015625,-40.071774,LCC-FASD external-dev / cross-domain stress set,False
YOUTUBE_PBLS11HR_HONOR9L_id42_s0_15.png,1,VALID,-37.0,25.96875,22.40625,-62.996723,LCC-FASD external-dev / cross-domain stress set,False
YOUTUBE_PBLS11HR_HONOR9L_id42_s0_30.png,1,VALID,-50.09375,34.65625,31.5,-84.7917,LCC-FASD external-dev / cross-domain stress set,False
YOUTUBE_PBLS11HR_HONOR9L_id42_s0_45.png,1,VALID,-40.46875,28.265625,24.828125,-68.766014,LCC-FASD external-dev / cross-domain stress set,False
YOUTUBE_PBLS11HR_HONOR9L_id42_s0_60.png,1,VALID,-2.2597656,2.1035156,-0.7368164,-4.4200454,LCC-FASD external-dev / cross-domain stress set,False
YOUTUBE_PBLS11HR_HONOR9L_id42_s0_75.png,1,VALID,-29.296875,20.65625,17.3125,-49.98782,LCC-FASD external-dev / cross-domain stress set,False
YOUTUBE_PBLS11HR_HONOR9L_id42_s0_90.png,1,VALID,-12.9609375,8.96875,6.8164062,-22.039627,LCC-FASD external-dev / cross-domain stress set,False
YOUTUBE_PBLS11HR_HONOR9L_id42_s0_105.png,1,VALID,-59.1875,41.59375,36.78125,-100.789345,LCC-FASD external-dev / cross-domain stress set,False
YOUTUBE_PBLS11HR_HONOR9L_id42_s0_120.png,1,VALID,-28.21875,20.265625,16.21875,-48.5017,LCC-FASD external-dev / cross-domain stress set,False
YOUTUBE_PBLS11HR_HONOR9L_id42_s0_135.png,1,VALID,-20.53125,14.953125,11.109375,-35.50556,LCC-FASD external-dev / cross-domain stress set,False
YOUTUBE_PBLS11HR_HONOR9L_id42_s0_150.png,1,VALID,-5.46875,4.453125,1.3164062,-9.964384,LCC-FASD external-dev / cross-domain stress set,False
YOUTUBE_PBLS11HR_HONOR9L_id42_s1_17.png,1,VALID,-76.25,51.53125,50.3125,-128.04022,LCC-FASD external-dev / cross-domain stress set,False
YOUTUBE_PBLS11HR_HONOR9L_id42_s1_32.png,1,VALID,-96.75,65.8125,63.75,-162.68219,LCC-FASD external-dev / cross-domain stress set,False
YOUTUBE_PBLS11HR_HONOR9L_id42_s1_47.png,1,VALID,-69.5625,47.5,45.03125,-117.1438,LCC-FASD external-dev / cross-domain stress set,False
YOUTUBE_PBLS11HR_HONOR9L_id42_s1_62.png,1,VALID,-69.4375,47.625,44.65625,-117.112595,LCC-FASD external-dev / cross-domain stress set,False
YOUTUBE_PBLS11HR_HONOR9L_id42_s1_77.png,1,VALID,-73.9375,50.75,47.71875,-124.73463,LCC-FASD external-dev / cross-domain stress set,False
YOUTUBE_PBLS11HR_HONOR9L_id42_s1_92.png,1,VALID,-66.1875,45.71875,42.21875,-111.936005,LCC-FASD external-dev / cross-domain stress set,False
YOUTUBE_PBLS11HR_HONOR9L_id42_s1_107.png,1,VALID,-33.625,22.640625,21.0,-56.442818,LCC-FASD external-dev / cross-domain stress set,False
YOUTUBE_PBLS11HR_HONOR9L_id42_s1_133.png,1,VALID,-22.5625,14.8203125,13.84375,-37.70243,LCC-FASD external-dev / cross-domain stress set,False
YOUTUBE_PBLS11HR_HONOR9L_id42_s1_148.png,1,VALID,-22.78125,15.3515625,13.625,-38.29654,LCC-FASD external-dev / cross-domain stress set,False
YOUTUBE_PBLS11HR_HONOR9L_id42_s1_165.png,1,VALID,-14.921875,10.3203125,8.0234375,-25.338018,LCC-FASD external-dev / cross-domain stress set,False
YOUTUBE_PBQ5WTS_ZTEBA2_id39_s0_17.png,1,VALID,-48.1875,31.921875,31.796875,-80.741974,LCC-FASD external-dev / cross-domain stress set,False
YOUTUBE_PBQ5WTS_ZTEBA2_id39_s0_36.png,1,VALID,-78.6875,53.0625,52.0625,-132.06326,LCC-FASD external-dev / cross-domain stress set,False
YOUTUBE_PBQ5WTS_ZTEBA2_id43_s0_117.png,1,VALID,-70.6875,47.34375,46.90625,-118.52939,LCC-FASD external-dev / cross-domain stress set,False
YOUTUBE_PBQ5WTS_ZTEBA2_id43_s0_132.png,1,VALID,-48.0625,31.453125,32.0625,-80.55917,LCC-FASD external-dev / cross-domain stress set,False
YOUTUBE_MBP1314_IPHONE8F_id48_s0_75.png,1,VALID,-27.984375,19.421875,16.71875,-47.4711,LCC-FASD external-dev / cross-domain stress set,False
YOUTUBE_MBP1314_IPHONE8F_id48_s0_90.png,1,VALID,-25.796875,18.453125,14.6640625,-44.272366,LCC-FASD external-dev / cross-domain stress set,False
YOUTUBE_MSIGS60_SGJ5_id39_s1_16.png,1,VALID,-26.984375,18.625,16.203125,-45.694412,LCC-FASD external-dev / cross-domain stress set,False
YOUTUBE_MSIGS60_SGJ5_id39_s1_31.png,1,VALID,-32.625,23.03125,19.484375,-55.684658,LCC-FASD external-dev / cross-domain stress set,False
YOUTUBE_MSIGS60_SGJ5_id39_s1_65.png,1,VALID,-82.0625,56.71875,52.71875,-138.79941,LCC-FASD external-dev / cross-domain stress set,False
YOUTUBE_MSIGS60_SGJ5_id39_s1_95.png,1,VALID,-51.5,35.71875,32.25,-87.249435,LCC-FASD external-dev / cross-domain stress set,False
YOUTUBE_MSIGS60_SGJ5_id39_s1_110.png,1,VALID,-74.25,51.34375,47.53125,-125.6156,LCC-FASD external-dev / cross-domain stress set,False
YOUTUBE_MSIGS60_SGJ5_id39_s1_126.png,1,VALID,-69.6875,47.84375,44.78125,-117.576965,LCC-FASD external-dev / cross-domain stress set,False
YOUTUBE_MSIGS60_SGJ5_id39_s1_141.png,1,VALID,-76.0,52.375,48.78125,-128.40213,LCC-FASD external-dev / cross-domain stress set,False
YOUTUBE_MSIGS60_SGJ5_id42_s0_15.png,1,VALID,74.1875,-51.1875,-51.21875,124.69736,LCC-FASD external-dev / cross-domain stress set,True
YOUTUBE_MSIGS60_SGJ5_id42_s0_30.png,1,VALID,52.0625,-35.96875,-36.46875,87.557175,LCC-FASD external-dev / cross-domain stress set,True
YOUTUBE_MSIGS60_SGJ5_id42_s0_45.png,1,VALID,6.5390625,-4.2070312,-6.3828125,10.638568,LCC-FASD external-dev / cross-domain stress set,True
YOUTUBE_MSIGS60_SGJ5_id42_s0_60.png,1,VALID,73.625,-50.875,-50.875,123.806854,LCC-FASD external-dev / cross-domain stress set,True
YOUTUBE_MSIGS60_SGJ5_id42_s0_75.png,1,VALID,50.84375,-34.78125,-35.90625,85.34385,LCC-FASD external-dev / cross-domain stress set,True
YOUTUBE_MSIGS60_SGJ5_id42_s0_90.png,1,VALID,68.125,-46.875,-47.34375,114.51401,LCC-FASD external-dev / cross-domain stress set,True
YOUTUBE_MSIGS60_SGJ5_id42_s0_105.png,1,VALID,36.28125,-24.90625,-26.015625,60.902496,LCC-FASD external-dev / cross-domain stress set,True
YOUTUBE_MSIGS60_SGJ5_id42_s0_120.png,1,VALID,61.125,-41.75,-42.90625,102.60142,LCC-FASD external-dev / cross-domain stress set,True
YOUTUBE_MSIGS60_SGJ5_id42_s0_135.png,1,VALID,64.0,-44.125,-44.5,107.601875,LCC-FASD external-dev / cross-domain stress set,True
YOUTUBE_MSIGS60_SGJ5_id42_s0_150.png,1,VALID,53.6875,-36.9375,-37.59375,90.207085,LCC-FASD external-dev / cross-domain stress set,True
YOUTUBE_MSIGS60_SGJ5_id42_s1_16.png,1,VALID,6.0703125,-4.59375,-5.3632812,10.283417,LCC-FASD external-dev / cross-domain stress set,True
YOUTUBE_MSIGS60_SGJ5_id42_s1_31.png,1,VALID,-42.0,28.390625,26.828125,-70.580925,LCC-FASD external-dev / cross-domain stress set,False
YOUTUBE_MSIGS60_SGJ5_id42_s1_46.png,1,VALID,-31.0625,20.484375,19.859375,-51.97558,LCC-FASD external-dev / cross-domain stress set,False
YOUTUBE_MSIGS60_SGJ5_id42_s1_61.png,1,VALID,-23.109375,15.3515625,14.265625,-38.751804,LCC-FASD external-dev / cross-domain stress set,False
YOUTUBE_MSIGS60_SGJ5_id42_s1_77.png,1,VALID,-21.546875,14.609375,12.890625,-36.321163,LCC-FASD external-dev / cross-domain stress set,False
YOUTUBE_MSIGS60_SGJ5_id42_s1_92.png,1,VALID,-20.953125,13.6171875,13.109375,-35.041447,LCC-FASD external-dev / cross-domain stress set,False
YOUTUBE_MSIGS60_SGJ5_id42_s1_146.png,1,VALID,-26.140625,18.0625,15.765625,-44.298958,LCC-FASD external-dev / cross-domain stress set,False
YOUTUBE_MSIGS60_SGJ5_id42_s1_180.png,1,VALID,-3.8164062,1.8964844,1.5615234,-6.252517,LCC-FASD external-dev / cross-domain stress set,False
YOUTUBE_NEC90GX2_ZC554KL_id39_s1_30.png,1,VALID,53.96875,-36.8125,-38.34375,90.585464,LCC-FASD external-dev / cross-domain stress set,True
YOUTUBE_NEC90GX2_ZC554KL_id39_s1_45.png,1,VALID,19.75,-13.265625,-15.3984375,32.903633,LCC-FASD external-dev / cross-domain stress set,True
YOUTUBE_NEC90GX2_ZC554KL_id39_s1_67.png,1,VALID,33.71875,-22.65625,-24.96875,56.280586,LCC-FASD external-dev / cross-domain stress set,True
YOUTUBE_NEC90GX2_ZC554KL_id39_s1_87.png,1,VALID,2.5097656,-0.9082031,-4.1875,3.3810058,LCC-FASD external-dev / cross-domain stress set,False
YOUTUBE_NEC90GX2_ZC554KL_id39_s1_103.png,1,VALID,29.390625,-19.78125,-21.96875,49.065536,LCC-FASD external-dev / cross-domain stress set,True
YOUTUBE_NEC90GX2_ZC554KL_id39_s1_118.png,1,VALID,4.0234375,-2.3964844,-4.9023438,6.3414755,LCC-FASD external-dev / cross-domain stress set,False
YOUTUBE_NEC90GX2_ZC554KL_id39_s1_133.png,1,VALID,28.890625,-19.90625,-21.1875,48.55182,LCC-FASD external-dev / cross-domain stress set,True
YOUTUBE_P223V5LSB_LS650_id39_s1_15.png,1,VALID,-88.3125,60.84375,56.9375,-149.17616,LCC-FASD external-dev / cross-domain stress set,False
YOUTUBE_P223V5LSB_LS650_id39_s1_55.png,1,VALID,-81.8125,57.03125,51.9375,-138.84987,LCC-FASD external-dev / cross-domain stress set,False
YOUTUBE_P223V5LSB_LS650_id39_s1_92.png,1,VALID,-77.625,54.03125,49.375,-131.66571,LCC-FASD external-dev / cross-domain stress set,False
YOUTUBE_P223V5LSB_LS650_id39_s1_107.png,1,VALID,-81.5625,56.65625,52.0625,-138.22882,LCC-FASD external-dev / cross-domain stress set,False
YOUTUBE_P223V5LSB_LS650_id39_s1_124.png,1,VALID,-83.375,57.90625,53.1875,-141.29013,LCC-FASD external-dev / cross-domain stress set,False
YOUTUBE_P223V5LSB_LS650_id42_s0_35.png,1,VALID,-16.21875,11.734375,8.4921875,-27.991459,LCC-FASD external-dev / cross-domain stress set,False
YOUTUBE_P223V5LSB_LS650_id42_s0_74.png,1,VALID,-34.1875,23.859375,20.640625,-58.0861,LCC-FASD external-dev / cross-domain stress set,False
YOUTUBE_P223V5LSB_LS650_id42_s0_89.png,1,VALID,-25.046875,17.65625,14.53125,-42.746124,LCC-FASD external-dev / cross-domain stress set,False
YOUTUBE_P223V5LSB_LS650_id42_s0_104.png,1,VALID,-46.96875,32.96875,28.953125,-79.95537,LCC-FASD external-dev / cross-domain stress set,False
YOUTUBE_P223V5LSB_LS650_id42_s0_119.png,1,VALID,-36.53125,25.6875,22.015625,-62.24386,LCC-FASD external-dev / cross-domain stress set,False
YOUTUBE_P223V5LSB_LS650_id42_s0_136.png,1,VALID,-34.8125,24.46875,20.96875,-59.311,LCC-FASD external-dev / cross-domain stress set,False
YOUTUBE_P223V5LSB_LS650_id42_s0_151.png,1,VALID,-13.140625,9.4453125,6.6210938,-22.643597,LCC-FASD external-dev / cross-domain stress set,False
YOUTUBE_P223V5LSB_LS650_id42_s0_166.png,1,VALID,-20.796875,14.828125,11.53125,-35.66133,LCC-FASD external-dev / cross-domain stress set,False
YOUTUBE_P223V5LSB_LS650_id42_s0_181.png,1,VALID,2.3300781,-1.2255859,-3.7773438,3.480608,LCC-FASD external-dev / cross-domain stress set,False
YOUTUBE_P223V5LSB_LS650_id42_s0_196.png,1,VALID,-9.2265625,6.5585938,4.1757812,-15.873433,LCC-FASD external-dev / cross-domain stress set,False
YOUTUBE_P223V5LSB_LS650_id42_s1_15.png,1,VALID,-32.875,21.578125,21.234375,-54.989098,LCC-FASD external-dev / cross-domain stress set,False
YOUTUBE_P223V5LSB_LS650_id42_s1_31.png,1,VALID,-48.4375,33.125,30.84375,-81.65977,LCC-FASD external-dev / cross-domain stress set,False
YOUTUBE_P223V5LSB_LS650_id42_s1_46.png,1,VALID,-70.5625,49.15625,44.78125,-119.73126,LCC-FASD external-dev / cross-domain stress set,False
YOUTUBE_MBP1314_IPHONE8B_id42_s0_15.png,1,VALID,80.5625,-55.3125,-55.8125,135.40092,LCC-FASD external-dev / cross-domain stress set,True
YOUTUBE_MBP1314_IPHONE8B_id42_s0_38.png,1,VALID,78.625,-54.21875,-54.375,132.22568,LCC-FASD external-dev / cross-domain stress set,True
YOUTUBE_MBP1314_IPHONE8B_id42_s0_58.png,1,VALID,83.1875,-57.1875,-57.46875,139.81262,LCC-FASD external-dev / cross-domain stress set,True
YOUTUBE_MBP1314_IPHONE8B_id42_s0_73.png,1,VALID,85.5,-58.71875,-59.0625,143.68279,LCC-FASD external-dev / cross-domain stress set,True
YOUTUBE_MBP1314_IPHONE8B_id42_s0_88.png,1,VALID,82.9375,-57.0625,-57.28125,139.41026,LCC-FASD external-dev / cross-domain stress set,True
YOUTUBE_MBP1314_IPHONE8B_id42_s0_148.png,1,VALID,79.3125,-54.65625,-54.8125,133.35068,LCC-FASD external-dev / cross-domain stress set,True
YOUTUBE_MBP1314_IPHONE8B_id42_s0_163.png,1,VALID,64.25,-44.03125,-44.875,107.92351,LCC-FASD external-dev / cross-domain stress set,True
YOUTUBE_MBP1314_IPHONE8B_id42_s1_15.png,1,VALID,77.875,-52.21875,-55.0625,130.03717,LCC-FASD external-dev / cross-domain stress set,True
YOUTUBE_MBP1314_IPHONE8B_id42_s1_30.png,1,VALID,56.125,-38.28125,-39.53125,94.15432,LCC-FASD external-dev / cross-domain stress set,True
YOUTUBE_MBP1314_IPHONE8B_id42_s1_45.png,1,VALID,55.28125,-37.1875,-39.4375,92.368546,LCC-FASD external-dev / cross-domain stress set,True
YOUTUBE_MBP1314_IPHONE8B_id42_s1_60.png,1,VALID,93.5625,-63.5625,-65.0625,156.92358,LCC-FASD external-dev / cross-domain stress set,True
YOUTUBE_MBP1314_IPHONE8B_id43_s0_15.png,1,VALID,12.7734375,-9.921875,-8.9296875,21.387756,LCC-FASD external-dev / cross-domain stress set,True
YOUTUBE_MBP1314_IPHONE8B_id43_s0_30.png,1,VALID,-0.3371582,0.058532715,-0.9296875,-0.71213436,LCC-FASD external-dev / cross-domain stress set,False
YOUTUBE_MBP1314_IPHONE8B_id43_s0_45.png,1,VALID,31.296875,-21.75,-22.21875,52.560883,LCC-FASD external-dev / cross-domain stress set,True
YOUTUBE_MBP1314_IPHONE8B_id43_s0_62.png,1,VALID,5.2578125,-4.7773438,-3.8300781,8.760171,LCC-FASD external-dev / cross-domain stress set,True
YOUTUBE_MBP1314_IPHONE8B_id43_s0_82.png,1,VALID,1.5634766,-2.4921875,-1.0332031,2.3876576,LCC-FASD external-dev / cross-domain stress set,False
YOUTUBE_MBP1314_IPHONE8B_id43_s0_97.png,1,VALID,11.3359375,-9.140625,-7.7851562,18.891708,LCC-FASD external-dev / cross-domain stress set,True
YOUTUBE_MBP1314_IPHONE8B_id43_s0_113.png,1,VALID,105.625,-72.4375,-72.5625,177.4299,LCC-FASD external-dev / cross-domain stress set,True
YOUTUBE_MBP1314_IPHONE8B_id43_s0_128.png,1,VALID,19.125,-14.7734375,-12.90625,31.887531,LCC-FASD external-dev / cross-domain stress set,True
YOUTUBE_MBP1314_IPHONE8B_id43_s0_143.png,1,VALID,31.5625,-22.9375,-21.59375,52.924454,LCC-FASD external-dev / cross-domain stress set,True
YOUTUBE_MBP1314_IPHONE8B_id43_s0_158.png,1,VALID,-32.5625,21.453125,21.234375,-54.60537,LCC-FASD external-dev / cross-domain stress set,False
YOUTUBE_MBP1314_IPHONE8B_id43_s1_15.png,1,VALID,78.8125,-54.71875,-54.25,132.5765,LCC-FASD external-dev / cross-domain stress set,True
YOUTUBE_MBP1314_IPHONE8B_id43_s1_30.png,1,VALID,73.3125,-50.5625,-50.6875,123.2424,LCC-FASD external-dev / cross-domain stress set,True
YOUTUBE_MBP1314_IPHONE8B_id43_s1_45.png,1,VALID,93.125,-64.25,-64.0,156.54906,LCC-FASD external-dev / cross-domain stress set,True
YOUTUBE_MBP1314_IPHONE8B_id43_s1_60.png,1,VALID,87.5,-60.03125,-60.53125,147.05717,LCC-FASD external-dev / cross-domain stress set,True
YOUTUBE_MBP1314_IPHONE8B_id43_s1_75.png,1,VALID,82.4375,-56.6875,-57.125,138.62686,LCC-FASD external-dev / cross-domain stress set,True
YOUTUBE_MBP1314_IPHONE8B_id43_s1_90.png,1,VALID,69.1875,-47.75,-47.875,116.3049,LCC-FASD external-dev / cross-domain stress set,True
YOUTUBE_MBP1314_IPHONE8B_id43_s1_105.png,1,VALID,44.625,-31.421875,-30.875,75.043365,LCC-FASD external-dev / cross-domain stress set,True
YOUTUBE_MBP1314_IPHONE8B_id43_s1_120.png,1,VALID,79.1875,-55.1875,-54.21875,133.08449,LCC-FASD external-dev / cross-domain stress set,True
YOUTUBE_MBP1314_IPHONE8B_id43_s1_135.png,1,VALID,88.5,-61.375,-60.65625,148.75925,LCC-FASD external-dev / cross-domain stress set,True
YOUTUBE_MBP1314_IPHONE8B_id43_s1_150.png,1,VALID,79.75,-54.78125,-55.21875,134.03311,LCC-FASD external-dev / cross-domain stress set,True
YOUTUBE_MBP1314_IPHONE8B_id48_s1_15.png,1,VALID,-34.78125,24.53125,20.8125,-59.336475,LCC-FASD external-dev / cross-domain stress set,False
YOUTUBE_MBP1314_IPHONE8B_id48_s1_30.png,1,VALID,-16.09375,11.28125,8.8203125,-27.456907,LCC-FASD external-dev / cross-domain stress set,False
YOUTUBE_MBP1314_IPHONE8B_id48_s1_45.png,1,VALID,-28.921875,20.5625,16.921875,-49.510273,LCC-FASD external-dev / cross-domain stress set,False
YOUTUBE_MBP1314_IPHONE8B_id48_s1_60.png,1,VALID,-40.65625,28.515625,24.859375,-69.19737,LCC-FASD external-dev / cross-domain stress set,False
YOUTUBE_MBP1314_IPHONE8B_id48_s1_75.png,1,VALID,-72.5625,50.59375,46.03125,-123.16663,LCC-FASD external-dev / cross-domain stress set,False
YOUTUBE_MBP1314_IPHONE8B_id48_s1_90.png,1,VALID,-69.3125,46.1875,46.125,-116.162384,LCC-FASD external-dev / cross-domain stress set,False
YOUTUBE_MBP1314_IPHONE8B_id48_s1_105.png,1,VALID,-32.46875,21.96875,20.28125,-54.607227,LCC-FASD external-dev / cross-domain stress set,False
YOUTUBE_MBP1314_IPHONE8B_id48_s1_120.png,1,VALID,-48.53125,33.59375,30.6875,-82.17824,LCC-FASD external-dev / cross-domain stress set,False
YOUTUBE_MBP1314_IPHONE8B_id48_s1_135.png,1,VALID,-62.9375,43.1875,40.375,-106.18332,LCC-FASD external-dev / cross-domain stress set,False
YOUTUBE_MBP1314_IPHONE8B_id48_s1_150.png,1,VALID,10.046875,-6.7734375,-8.65625,16.678673,LCC-FASD external-dev / cross-domain stress set,True
YOUTUBE_MBP1314_IPHONE8F_id48_s0_15.png,1,VALID,-57.28125,40.46875,35.375,-97.75612,LCC-FASD external-dev / cross-domain stress set,False
YOUTUBE_MBP1314_IPHONE8F_id48_s0_30.png,1,VALID,-73.25,51.5,46.0625,-124.75434,LCC-FASD external-dev / cross-domain stress set,False
YOUTUBE_MBP1314_IPHONE8F_id48_s0_45.png,1,VALID,-65.6875,46.1875,41.15625,-111.88151,LCC-FASD external-dev / cross-domain stress set,False
YOUTUBE_MBP1314_IPHONE8F_id48_s0_60.png,1,VALID,-46.8125,33.0625,28.59375,-79.8864,LCC-FASD external-dev / cross-domain stress set,False
YOUTUBE_MBP1314_IPHONE8F_id48_s0_105.png,1,VALID,-47.0,33.1875,28.71875,-80.1989,LCC-FASD external-dev / cross-domain stress set,False
YOUTUBE_MBP1314_IPHONE8F_id48_s0_120.png,1,VALID,-43.3125,29.875,27.109375,-73.248535,LCC-FASD external-dev / cross-domain stress set,False
YOUTUBE_MBP1314_IPHONE8F_id48_s0_135.png,1,VALID,-47.5,33.4375,29.1875,-80.95166,LCC-FASD external-dev / cross-domain stress set,False
YOUTUBE_MBP1314_IPHONE8F_id48_s0_150.png,1,VALID,-2.1542969,1.9189453,-0.8261719,-4.135504,LCC-FASD external-dev / cross-domain stress set,False
YOUTUBE_LGFIPS235VBN_SMA500F_id43_s0_17.png,1,VALID,-12.4140625,6.7148438,8.4453125,-21.022514,LCC-FASD external-dev / cross-domain stress set,False
YOUTUBE_LGFIPS235VBN_SMA500F_id43_s0_32.png,1,VALID,-29.234375,18.5625,19.546875,-49.09874,LCC-FASD external-dev / cross-domain stress set,False
YOUTUBE_LGFIPS235VBN_SMA500F_id43_s0_49.png,1,VALID,-39.25,26.203125,25.34375,-65.80619,LCC-FASD external-dev / cross-domain stress set,False
YOUTUBE_LGFIPS235VBN_SMA500F_id43_s0_67.png,1,VALID,-24.46875,14.6328125,16.90625,-41.472996,LCC-FASD external-dev / cross-domain stress set,False
YOUTUBE_LGFIPS235VBN_SMA500F_id43_s0_86.png,1,VALID,-15.4296875,8.71875,10.515625,-26.098734,LCC-FASD external-dev / cross-domain stress set,False
YOUTUBE_LGFIPS235VBN_SMA500F_id43_s0_150.png,1,VALID,-0.6074219,-0.9824219,0.0010156631,-0.9261806,LCC-FASD external-dev / cross-domain stress set,False
YOUTUBE_LGFIPS235VBN_SMA500F_id43_s0_165.png,1,VALID,-38.21875,25.4375,24.84375,-64.095955,LCC-FASD external-dev / cross-domain stress set,False
YOUTUBE_LGFIPS235VBN_SMA500F_id43_s1_15.png,1,VALID,35.9375,-25.796875,-24.828125,60.443863,LCC-FASD external-dev / cross-domain stress set,True
YOUTUBE_LGFIPS235VBN_SMA500F_id43_s1_30.png,1,VALID,16.671875,-12.765625,-11.6015625,28.00172,LCC-FASD external-dev / cross-domain stress set,True
YOUTUBE_LGFIPS235VBN_SMA500F_id43_s1_45.png,1,VALID,51.25,-36.0,-35.4375,86.23656,LCC-FASD external-dev / cross-domain stress set,True
YOUTUBE_LGFIPS235VBN_SMA500F_id43_s1_62.png,1,VALID,14.671875,-11.25,-10.4765625,24.769026,LCC-FASD external-dev / cross-domain stress set,True
YOUTUBE_LGFIPS235VBN_SMA500F_id43_s1_77.png,1,VALID,-6.7539062,3.7265625,3.7285156,-11.174593,LCC-FASD external-dev / cross-domain stress set,False
YOUTUBE_LGFIPS235VBN_SMA500F_id43_s1_92.png,1,VALID,40.59375,-28.78125,-28.125,68.300835,LCC-FASD external-dev / cross-domain stress set,True
YOUTUBE_LGFIPS235VBN_SMA500F_id43_s1_107.png,1,VALID,21.140625,-15.453125,-14.9375,35.609917,LCC-FASD external-dev / cross-domain stress set,True
YOUTUBE_LGFIPS235VBN_SMA500F_id43_s1_122.png,1,VALID,3.9179688,-4.1484375,-3.0371094,6.67056,LCC-FASD external-dev / cross-domain stress set,False
YOUTUBE_LGFIPS235VBN_SMA500F_id43_s1_137.png,1,VALID,-13.7578125,7.4414062,9.4453125,-23.329588,LCC-FASD external-dev / cross-domain stress set,False
YOUTUBE_LGFIPS235VBN_SMA500F_id43_s1_152.png,1,VALID,-4.9648438,1.9199219,3.0,-8.257192,LCC-FASD external-dev / cross-domain stress set,False
YOUTUBE_LY300_REDMIS2_id39_s1_15.png,1,VALID,-41.75,28.859375,25.953125,-70.66261,LCC-FASD external-dev / cross-domain stress set,False
YOUTUBE_LY300_REDMIS2_id39_s1_30.png,1,VALID,-12.2421875,8.921875,5.875,-21.210476,LCC-FASD external-dev / cross-domain stress set,False
YOUTUBE_LY300_REDMIS2_id39_s1_48.png,1,VALID,-11.8046875,8.734375,5.5507812,-20.579662,LCC-FASD external-dev / cross-domain stress set,False
YOUTUBE_LY300_REDMIS2_id39_s1_63.png,1,VALID,-13.4453125,9.7734375,6.6054688,-23.259977,LCC-FASD external-dev / cross-domain stress set,False
YOUTUBE_LY300_REDMIS2_id39_s1_82.png,1,VALID,-37.03125,25.734375,22.65625,-62.810642,LCC-FASD external-dev / cross-domain stress set,False
YOUTUBE_LY300_REDMIS2_id39_s1_97.png,1,VALID,-11.3515625,8.2734375,5.3125,-19.675476,LCC-FASD external-dev / cross-domain stress set,False
YOUTUBE_LY300_REDMIS2_id39_s1_112.png,1,VALID,-8.546875,6.1601562,3.609375,-14.782158,LCC-FASD external-dev / cross-domain stress set,False
YOUTUBE_LY300_REDMIS2_id39_s1_127.png,1,VALID,10.5703125,-7.1796875,-8.890625,17.583897,LCC-FASD external-dev / cross-domain stress set,True
YOUTUBE_LY300_REDMIS2_id42_s0_25.png,1,VALID,-14.71875,11.265625,7.0429688,-25.998928,LCC-FASD external-dev / cross-domain stress set,False
YOUTUBE_LY300_REDMIS2_id42_s0_47.png,1,VALID,16.4375,-11.0078125,-12.953125,27.311707,LCC-FASD external-dev / cross-domain stress set,True
YOUTUBE_LY300_REDMIS2_id42_s0_88.png,1,VALID,31.25,-21.0625,-22.9375,52.169823,LCC-FASD external-dev / cross-domain stress set,True
YOUTUBE_LY300_REDMIS2_id42_s0_106.png,1,VALID,35.9375,-24.53125,-25.875,60.236954,LCC-FASD external-dev / cross-domain stress set,True
YOUTUBE_LY300_REDMIS2_id42_s0_121.png,1,VALID,13.3046875,-8.6953125,-11.0,21.90488,LCC-FASD external-dev / cross-domain stress set,True
YOUTUBE_LY300_REDMIS2_id42_s0_166.png,1,VALID,3.2441406,-1.7021484,-4.2421875,4.870381,LCC-FASD external-dev / cross-domain stress set,False
YOUTUBE_LY300_REDMIS2_id42_s0_181.png,1,VALID,27.609375,-18.6875,-20.390625,46.12957,LCC-FASD external-dev / cross-domain stress set,True
YOUTUBE_LY300_REDMIS2_id42_s0_196.png,1,VALID,30.03125,-20.296875,-22.109375,50.17691,LCC-FASD external-dev / cross-domain stress set,True
YOUTUBE_LY300_REDMIS2_id42_s0_213.png,1,VALID,11.765625,-7.59375,-10.0234375,19.274975,LCC-FASD external-dev / cross-domain stress set,True
YOUTUBE_LY300_REDMIS2_id42_s0_248.png,1,VALID,22.640625,-14.8203125,-17.46875,37.392567,LCC-FASD external-dev / cross-domain stress set,True
YOUTUBE_MBP1314_IPHONE8B_id39_s0_15.png,1,VALID,-52.84375,36.09375,33.84375,-89.037704,LCC-FASD external-dev / cross-domain stress set,False
YOUTUBE_MBP1314_IPHONE8B_id39_s0_30.png,1,VALID,10.2734375,-7.4804688,-8.2578125,17.375727,LCC-FASD external-dev / cross-domain stress set,True
YOUTUBE_MBP1314_IPHONE8B_id39_s0_45.png,1,VALID,-32.125,21.859375,20.0,-54.129143,LCC-FASD external-dev / cross-domain stress set,False
YOUTUBE_MBP1314_IPHONE8B_id39_s0_64.png,1,VALID,-42.28125,27.9375,27.671875,-70.78788,LCC-FASD external-dev / cross-domain stress set,False
YOUTUBE_MBP1314_IPHONE8B_id39_s1_15.png,1,VALID,-16.125,12.0546875,8.03125,-28.197422,LCC-FASD external-dev / cross-domain stress set,False
YOUTUBE_MBP1314_IPHONE8B_id39_s1_30.png,1,VALID,48.8125,-32.3125,-35.625,81.08922,LCC-FASD external-dev / cross-domain stress set,True
YOUTUBE_MBP1314_IPHONE8B_id39_s1_45.png,1,VALID,35.0,-23.0625,-26.140625,58.017483,LCC-FASD external-dev / cross-domain stress set,True
YOUTUBE_MBP1314_IPHONE8B_id39_s1_60.png,1,VALID,4.8710938,-2.4042969,-6.0742188,7.2502313,LCC-FASD external-dev / cross-domain stress set,False
YOUTUBE_MBP1314_IPHONE8B_id39_s1_75.png,1,VALID,27.75,-18.0625,-21.3125,45.77446,LCC-FASD external-dev / cross-domain stress set,True
YOUTUBE_MBP1314_IPHONE8B_id39_s1_90.png,1,VALID,20.09375,-12.515625,-16.578125,32.592316,LCC-FASD external-dev / cross-domain stress set,True
YOUTUBE_MBP1314_IPHONE8B_id39_s1_105.png,1,VALID,41.8125,-27.8125,-30.78125,69.574905,LCC-FASD external-dev / cross-domain stress set,True
YOUTUBE_MBP1314_IPHONE8B_id39_s1_120.png,1,VALID,-10.8671875,7.9492188,4.8984375,-18.862642,LCC-FASD external-dev / cross-domain stress set,False
YOUTUBE_MBP1314_IPHONE8B_id39_s1_135.png,1,VALID,-0.7919922,1.3740234,-2.0996094,-2.196549,LCC-FASD external-dev / cross-domain stress set,False
YOUTUBE_MBP1314_IPHONE8B_id42_s0_103.png,1,VALID,82.375,-56.5625,-56.96875,138.42699,LCC-FASD external-dev / cross-domain stress set,True
YOUTUBE_MBP1314_IPHONE8B_id42_s0_118.png,1,VALID,75.5,-52.03125,-52.1875,126.91318,LCC-FASD external-dev / cross-domain stress set,True
YOUTUBE_MBP1314_IPHONE8B_id42_s0_133.png,1,VALID,85.125,-58.5,-58.84375,143.08904,LCC-FASD external-dev / cross-domain stress set,True
YOUTUBE_L5001EL_IPHONE6F_id43_s1_36.png,1,VALID,83.8125,-57.25,-58.3125,140.76567,LCC-FASD external-dev / cross-domain stress set,True
YOUTUBE_L5001EL_IPHONE6F_id43_s1_51.png,1,VALID,80.8125,-55.46875,-56.0,135.81885,LCC-FASD external-dev / cross-domain stress set,True
YOUTUBE_L5001EL_IPHONE6F_id43_s1_66.png,1,VALID,91.0625,-62.34375,-62.90625,152.9553,LCC-FASD external-dev / cross-domain stress set,True
YOUTUBE_L5001EL_IPHONE6F_id43_s1_81.png,1,VALID,82.375,-56.28125,-57.15625,138.3078,LCC-FASD external-dev / cross-domain stress set,True
YOUTUBE_L5001EL_IPHONE6F_id43_s1_175.png,1,VALID,85.4375,-58.5625,-59.03125,143.514,LCC-FASD external-dev / cross-domain stress set,True
YOUTUBE_LG58020157_DOOX5MP_id39_s0_15.png,1,VALID,-3.3476562,1.4970703,1.3925781,-5.486992,LCC-FASD external-dev / cross-domain stress set,False
YOUTUBE_LG58020157_DOOX5MP_id39_s0_30.png,1,VALID,-56.3125,37.625,37.21875,-94.44801,LCC-FASD external-dev / cross-domain stress set,False
YOUTUBE_LG58020157_DOOX5MP_id43_s0_15.png,1,VALID,-35.0625,23.25,22.6875,-58.763435,LCC-FASD external-dev / cross-domain stress set,False
YOUTUBE_LG58020157_DOOX5MP_id43_s0_31.png,1,VALID,-31.0625,20.296875,20.28125,-52.04474,LCC-FASD external-dev / cross-domain stress set,False
YOUTUBE_LG58020157_DOOX5MP_id43_s0_46.png,1,VALID,0.47631836,-1.1552734,-1.0683594,0.8940436,LCC-FASD external-dev / cross-domain stress set,False
YOUTUBE_LG58020157_DOOX5MP_id43_s0_67.png,1,VALID,-18.125,11.21875,11.6171875,-30.255829,LCC-FASD external-dev / cross-domain stress set,False
YOUTUBE_LG58020157_DOOX5MP_id43_s0_82.png,1,VALID,-10.78125,5.8164062,7.09375,-18.120903,LCC-FASD external-dev / cross-domain stress set,False
YOUTUBE_LG58020157_DOOX5MP_id43_s0_101.png,1,NO_VALID_FACE,,,,,LCC-FASD external-dev / cross-domain stress set,
YOUTUBE_LG58020157_DOOX5MP_id43_s1_15.png,1,VALID,-63.40625,44.15625,40.125,-107.58009,LCC-FASD external-dev / cross-domain stress set,False
YOUTUBE_LG58020157_DOOX5MP_id43_s1_30.png,1,VALID,-53.3125,37.75,32.71875,-91.06901,LCC-FASD external-dev / cross-domain stress set,False
YOUTUBE_LG58020157_DOOX5MP_id43_s1_45.png,1,VALID,-30.25,21.25,18.03125,-51.539227,LCC-FASD external-dev / cross-domain stress set,False
YOUTUBE_LG58020157_DOOX5MP_id43_s1_60.png,1,VALID,-66.75,45.5625,43.25,-112.40691,LCC-FASD external-dev / cross-domain stress set,False
YOUTUBE_LG58020157_DOOX5MP_id43_s1_75.png,1,VALID,-10.390625,7.5742188,4.9257812,-18.033215,LCC-FASD external-dev / cross-domain stress set,False
YOUTUBE_LG58020157_DOOX5MP_id48_s1_15.png,1,VALID,-24.25,16.5,14.7265625,-40.906788,LCC-FASD external-dev / cross-domain stress set,False
YOUTUBE_LG58020157_DOOX5MP_id48_s1_30.png,1,VALID,-44.84375,30.1875,28.8125,-75.25666,LCC-FASD external-dev / cross-domain stress set,False
YOUTUBE_LG58020157_DOOX5MP_id48_s1_45.png,1,VALID,-79.4375,53.65625,52.34375,-133.33209,LCC-FASD external-dev / cross-domain stress set,False
YOUTUBE_LG58020157_DOOX5MP_id48_s1_60.png,1,VALID,-75.0625,50.875,49.0,-126.08017,LCC-FASD external-dev / cross-domain stress set,False
YOUTUBE_LG58020157_DOOX5MP_id48_s1_75.png,1,VALID,-64.9375,43.65625,42.65625,-108.90701,LCC-FASD external-dev / cross-domain stress set,False
YOUTUBE_LG58020157_DOOX5MP_id48_s1_90.png,1,VALID,-53.34375,35.875,34.75,-89.4999,LCC-FASD external-dev / cross-domain stress set,False
YOUTUBE_LG58020157_DOOX5MP_id48_s1_105.png,1,VALID,-57.6875,38.46875,37.90625,-96.60719,LCC-FASD external-dev / cross-domain stress set,False
YOUTUBE_LG58020157_DOOX5MP_id48_s1_120.png,1,VALID,-57.1875,38.53125,37.25,-95.963806,LCC-FASD external-dev / cross-domain stress set,False
YOUTUBE_LG58020157_DOOX5MP_id48_s1_136.png,1,VALID,-54.4375,36.09375,35.96875,-91.16385,LCC-FASD external-dev / cross-domain stress set,False
YOUTUBE_LG58020157_LP770_id42_s0_15.png,1,VALID,22.046875,-15.8515625,-15.7578125,37.15732,LCC-FASD external-dev / cross-domain stress set,True
YOUTUBE_LG58020157_LP770_id42_s0_30.png,1,VALID,35.25,-24.671875,-24.90625,59.339066,LCC-FASD external-dev / cross-domain stress set,True
YOUTUBE_LG58020157_LP770_id42_s0_45.png,1,VALID,26.90625,-19.15625,-19.09375,45.337616,LCC-FASD external-dev / cross-domain stress set,True
YOUTUBE_LG58020157_LP770_id42_s0_60.png,1,VALID,15.6484375,-11.4609375,-11.4140625,26.392515,LCC-FASD external-dev / cross-domain stress set,True
YOUTUBE_LG58020157_LP770_id42_s0_75.png,1,VALID,25.5625,-18.140625,-18.265625,43.070526,LCC-FASD external-dev / cross-domain stress set,True
YOUTUBE_LG58020157_LP770_id42_s0_90.png,1,VALID,27.515625,-19.59375,-19.46875,46.351776,LCC-FASD external-dev / cross-domain stress set,True
YOUTUBE_LGFE2240_SDGTS6102_id43_s0_36.png,1,VALID,-40.75,26.375,27.265625,-68.3595,LCC-FASD external-dev / cross-domain stress set,False
YOUTUBE_LGFE2240_SDGTS6102_id43_s0_95.png,1,VALID,-4.90625,1.5800781,3.2246094,-8.307417,LCC-FASD external-dev / cross-domain stress set,False
YOUTUBE_LGFE2240_SDGTS6102_id43_s0_124.png,1,VALID,-26.234375,16.890625,16.921875,-43.833893,LCC-FASD external-dev / cross-domain stress set,False
YOUTUBE_LGFE2240_SDGTS6102_id48_s1_15.png,1,VALID,-65.25,45.03125,41.53125,-110.311005,LCC-FASD external-dev / cross-domain stress set,False
YOUTUBE_LGFE2240_SDGTS6102_id48_s1_32.png,1,VALID,-27.546875,16.71875,18.921875,-46.573524,LCC-FASD external-dev / cross-domain stress set,False
YOUTUBE_LGFE2240_SDGTS6102_id48_s1_47.png,1,VALID,-64.875,44.15625,41.96875,-109.13759,LCC-FASD external-dev / cross-domain stress set,False
YOUTUBE_LGFE2240_SDGTS6102_id48_s1_62.png,1,VALID,-31.171875,20.0625,20.40625,-52.114098,LCC-FASD external-dev / cross-domain stress set,False
YOUTUBE_LGFE2240_SDGTS6102_id48_s1_77.png,1,VALID,-55.71875,37.0,36.78125,-93.30849,LCC-FASD external-dev / cross-domain stress set,False
YOUTUBE_LGFE2240_SDGTS6102_id48_s1_93.png,1,VALID,-57.875,38.84375,37.84375,-97.03201,LCC-FASD external-dev / cross-domain stress set,False
YOUTUBE_LGFE2240_SDGTS6102_id48_s1_108.png,1,VALID,-30.46875,20.296875,19.265625,-51.07058,LCC-FASD external-dev / cross-domain stress set,False
YOUTUBE_LGFE2240_SDGTS6102_id48_s1_124.png,1,VALID,-16.90625,11.265625,9.9296875,-28.405294,LCC-FASD external-dev / cross-domain stress set,False
YOUTUBE_LGFE2240_SDGTS6102_id48_s1_140.png,1,VALID,-33.3125,21.796875,21.640625,-55.727448,LCC-FASD external-dev / cross-domain stress set,False
YOUTUBE_LGFE2240_SDGTS6102_id48_s1_155.png,1,VALID,-59.5625,39.84375,39.15625,-99.8136,LCC-FASD external-dev / cross-domain stress set,False
YOUTUBE_LGFIPS235VBN_SMA500F_id39_s0_15.png,1,VALID,-50.8125,33.1875,34.09375,-85.245605,LCC-FASD external-dev / cross-domain stress set,False
YOUTUBE_LGFIPS235VBN_SMA500F_id39_s0_31.png,1,VALID,50.15625,-34.84375,-34.875,84.32236,LCC-FASD external-dev / cross-domain stress set,True
YOUTUBE_LGFIPS235VBN_SMA500F_id39_s0_46.png,1,VALID,-39.15625,26.390625,25.078125,-65.78522,LCC-FASD external-dev / cross-domain stress set,False
YOUTUBE_LGFIPS235VBN_SMA500F_id43_s0_101.png,1,VALID,2.2070312,-3.1992188,-1.4667969,3.510982,LCC-FASD external-dev / cross-domain stress set,False
YOUTUBE_LGFIPS235VBN_SMA500F_id43_s0_116.png,1,VALID,64.5,-44.28125,-45.03125,108.39438,LCC-FASD external-dev / cross-domain stress set,True
YOUTUBE_LGFIPS235VBN_SMA500F_id43_s0_131.png,1,VALID,-13.0546875,7.0390625,8.8515625,-22.057465,LCC-FASD external-dev / cross-domain stress set,False
YOUTUBE_IIYAMAXU_ZE520KL_id43_s0_36.png,1,VALID,-78.3125,52.9375,51.84375,-131.5389,LCC-FASD external-dev / cross-domain stress set,False
YOUTUBE_IIYAMAXU_ZE520KL_id43_s0_52.png,1,VALID,-69.3125,46.90625,45.5625,-116.45055,LCC-FASD external-dev / cross-domain stress set,False
YOUTUBE_IIYAMAXU_ZE520KL_id43_s0_133.png,1,VALID,-84.3125,54.84375,57.84375,-142.20483,LCC-FASD external-dev / cross-domain stress set,False
YOUTUBE_IIYAMAXU_ZE520KL_id43_s0_158.png,1,VALID,-66.5625,42.78125,45.96875,-112.5717,LCC-FASD external-dev / cross-domain stress set,False
YOUTUBE_IIYAMAXU_ZE520KL_id43_s0_173.png,1,VALID,-55.625,37.78125,36.1875,-93.5912,LCC-FASD external-dev / cross-domain stress set,False
YOUTUBE_IIYAMAXU_ZE520KL_id43_s0_193.png,1,VALID,43.0625,-29.265625,-30.78125,72.12955,LCC-FASD external-dev / cross-domain stress set,True
YOUTUBE_IIYAMAXU_ZE520KL_id43_s0_214.png,1,VALID,-19.921875,12.6328125,12.9609375,-33.425297,LCC-FASD external-dev / cross-domain stress set,False
YOUTUBE_IIYAMAXU_ZE520KL_id43_s1_17.png,1,VALID,31.703125,-22.703125,-22.171875,53.412605,LCC-FASD external-dev / cross-domain stress set,True
YOUTUBE_IIYAMAXU_ZE520KL_id43_s1_34.png,1,VALID,17.75,-12.90625,-12.9296875,29.974752,LCC-FASD external-dev / cross-domain stress set,True
YOUTUBE_IIYAMAXU_ZE520KL_id43_s1_72.png,1,VALID,23.4375,-16.84375,-16.734375,39.53192,LCC-FASD external-dev / cross-domain stress set,True
YOUTUBE_IIYAMAXU_ZE520KL_id43_s1_87.png,1,VALID,-7.9335938,4.65625,4.390625,-13.158972,LCC-FASD external-dev / cross-domain stress set,False
YOUTUBE_IIYAMAXU_ZE520KL_id43_s1_114.png,1,VALID,8.0078125,-6.0585938,-6.4921875,13.566737,LCC-FASD external-dev / cross-domain stress set,True
YOUTUBE_IIYAMAXU_ZE520KL_id43_s1_129.png,1,VALID,8.0078125,-5.3984375,-7.0585938,13.232204,LCC-FASD external-dev / cross-domain stress set,True
YOUTUBE_IIYAMAXU_ZE520KL_id43_s1_144.png,1,VALID,-9.4921875,6.09375,5.1367188,-15.910938,LCC-FASD external-dev / cross-domain stress set,False
YOUTUBE_IIYAMAXU_ZE520KL_id43_s1_159.png,1,VALID,13.484375,-9.421875,-10.5625,22.628906,LCC-FASD external-dev / cross-domain stress set,True
YOUTUBE_IIYAMAXU_ZE520KL_id48_s1_15.png,1,VALID,23.890625,-16.0625,-18.171875,39.838623,LCC-FASD external-dev / cross-domain stress set,True
YOUTUBE_IIYAMAXU_ZE520KL_id48_s1_30.png,1,VALID,-35.875,23.453125,23.375,-59.98297,LCC-FASD external-dev / cross-domain stress set,False
YOUTUBE_IIYAMAXU_ZE520KL_id48_s1_45.png,1,VALID,-45.90625,30.890625,29.578125,-77.03522,LCC-FASD external-dev / cross-domain stress set,False
YOUTUBE_IIYAMAXU_ZE520KL_id48_s1_60.png,1,VALID,-39.09375,27.0,24.171875,-66.15119,LCC-FASD external-dev / cross-domain stress set,False
YOUTUBE_IIYAMAXU_ZE520KL_id48_s1_75.png,1,VALID,-44.5,29.359375,29.171875,-74.46316,LCC-FASD external-dev / cross-domain stress set,False
YOUTUBE_IIYAMAXU_ZE520KL_id48_s1_95.png,1,VALID,-72.4375,47.09375,49.28125,-121.82509,LCC-FASD external-dev / cross-domain stress set,False
YOUTUBE_IIYAMAXU_ZE520KL_id48_s1_110.png,1,VALID,-78.5625,51.90625,52.6875,-131.62695,LCC-FASD external-dev / cross-domain stress set,False
YOUTUBE_IIYAMAXU_ZE520KL_id48_s1_125.png,1,VALID,-64.625,44.75,41.09375,-109.4005,LCC-FASD external-dev / cross-domain stress set,False
YOUTUBE_IIYAMAXU_ZE520KL_id48_s1_140.png,1,VALID,-77.5,51.78125,51.5625,-129.87099,LCC-FASD external-dev / cross-domain stress set,False
YOUTUBE_IIYAMAXU_ZE520KL_id48_s1_155.png,1,VALID,-49.21875,33.03125,31.921875,-82.535,LCC-FASD external-dev / cross-domain stress set,False
YOUTUBE_L1752S_SGS4M_id48_s0_15.png,1,VALID,-62.625,43.1875,39.875,-105.84828,LCC-FASD external-dev / cross-domain stress set,False
YOUTUBE_L1752S_SGS4M_id48_s0_30.png,1,VALID,-75.4375,52.0,48.46875,-127.46635,LCC-FASD external-dev / cross-domain stress set,False
YOUTUBE_L1752S_SGS4M_id48_s0_45.png,1,VALID,-61.3125,42.34375,39.09375,-103.69429,LCC-FASD external-dev / cross-domain stress set,False
YOUTUBE_L1752S_SGS4M_id48_s0_60.png,1,VALID,-44.15625,30.59375,27.46875,-74.793,LCC-FASD external-dev / cross-domain stress set,False
YOUTUBE_L1752S_SGS4M_id48_s0_75.png,1,VALID,-40.71875,28.15625,25.328125,-68.93244,LCC-FASD external-dev / cross-domain stress set,False
YOUTUBE_L1752S_SGS4M_id48_s0_90.png,1,VALID,-53.96875,37.125,34.28125,-91.15033,LCC-FASD external-dev / cross-domain stress set,False
YOUTUBE_L1752S_SGS4M_id48_s0_105.png,1,VALID,-51.625,36.0,32.21875,-87.64754,LCC-FASD external-dev / cross-domain stress set,False
YOUTUBE_L1752S_SGS4M_id48_s0_120.png,1,VALID,-52.5,36.1875,33.21875,-88.737595,LCC-FASD external-dev / cross-domain stress set,False
YOUTUBE_L1752S_SGS4M_id48_s0_135.png,1,VALID,-58.09375,39.96875,37.0625,-98.11574,LCC-FASD external-dev / cross-domain stress set,False
YOUTUBE_L1752S_SGS4M_id48_s0_150.png,1,VALID,-44.53125,30.875,27.734375,-75.44859,LCC-FASD external-dev / cross-domain stress set,False
YOUTUBE_L5001EL_IPHONE6F_id43_s0_15.png,1,VALID,-10.3359375,6.6132812,5.84375,-17.329865,LCC-FASD external-dev / cross-domain stress set,False
YOUTUBE_L5001EL_IPHONE6F_id43_s0_30.png,1,VALID,-1.5683594,0.8515625,-0.2084961,-2.7173827,LCC-FASD external-dev / cross-domain stress set,False
YOUTUBE_L5001EL_IPHONE6F_id43_s0_48.png,1,VALID,-40.5625,27.984375,25.40625,-68.62005,LCC-FASD external-dev / cross-domain stress set,False
YOUTUBE_L5001EL_IPHONE6F_id43_s0_66.png,1,VALID,-10.4765625,6.9375,5.6953125,-17.667736,LCC-FASD external-dev / cross-domain stress set,False
YOUTUBE_L5001EL_IPHONE6F_id43_s0_82.png,1,VALID,-50.1875,33.75,32.75,-84.25076,LCC-FASD external-dev / cross-domain stress set,False
YOUTUBE_L5001EL_IPHONE6F_id43_s0_98.png,1,VALID,-26.0,16.515625,17.09375,-43.539043,LCC-FASD external-dev / cross-domain stress set,False
YOUTUBE_L5001EL_IPHONE6F_id43_s0_121.png,1,VALID,-10.7109375,6.4023438,6.484375,-17.848286,LCC-FASD external-dev / cross-domain stress set,False
YOUTUBE_L5001EL_IPHONE6F_id43_s0_136.png,1,VALID,8.984375,-6.640625,-7.1914062,15.169793,LCC-FASD external-dev / cross-domain stress set,True
YOUTUBE_L5001EL_IPHONE6F_id43_s0_151.png,1,VALID,34.59375,-24.34375,-24.234375,58.18817,LCC-FASD external-dev / cross-domain stress set,True
YOUTUBE_L5001EL_IPHONE6F_id43_s0_166.png,1,VALID,7.2578125,-4.9257812,-6.4882812,11.993295,LCC-FASD external-dev / cross-domain stress set,True
YOUTUBE_L5001EL_IPHONE6F_id43_s1_15.png,1,VALID,89.5,-61.1875,-61.96875,150.31055,LCC-FASD external-dev / cross-domain stress set,True
YOUTUBE_L5001EL_IPHONE6F_id43_s1_104.png,1,VALID,91.3125,-62.28125,-63.34375,153.29692,LCC-FASD external-dev / cross-domain stress set,True
YOUTUBE_L5001EL_IPHONE6F_id43_s1_119.png,1,VALID,81.125,-55.75,-56.21875,136.389,LCC-FASD external-dev / cross-domain stress set,True
YOUTUBE_L5001EL_IPHONE6F_id43_s1_134.png,1,VALID,71.6875,-49.5,-49.46875,120.47861,LCC-FASD external-dev / cross-domain stress set,True
YOUTUBE_L5001EL_IPHONE6F_id43_s1_149.png,1,VALID,86.5625,-59.1875,-60.0625,145.40155,LCC-FASD external-dev / cross-domain stress set,True
YOUTUBE_IIYAMAXU_SMG955U_S0_id48_s1_30.png,1,VALID,-64.125,44.53125,40.71875,-108.6781,LCC-FASD external-dev / cross-domain stress set,False
YOUTUBE_IIYAMAXU_SMG955U_S0_id48_s1_45.png,1,VALID,-85.0625,58.71875,55.03125,-143.80597,LCC-FASD external-dev / cross-domain stress set,False
YOUTUBE_IIYAMAXU_SMG955U_S0_id48_s1_60.png,1,VALID,-100.1875,68.125,66.125,-168.43942,LCC-FASD external-dev / cross-domain stress set,False
YOUTUBE_IIYAMAXU_SMG955U_S0_id48_s1_77.png,1,VALID,-96.9375,64.875,64.875,-162.50565,LCC-FASD external-dev / cross-domain stress set,False
YOUTUBE_IIYAMAXU_SMG955U_S0_id48_s1_92.png,1,VALID,-91.0625,61.90625,59.8125,-153.08496,LCC-FASD external-dev / cross-domain stress set,False
YOUTUBE_IIYAMAXU_SMG955U_S1_id48_s0_15.png,1,VALID,-41.59375,29.171875,25.578125,-70.79275,LCC-FASD external-dev / cross-domain stress set,False
YOUTUBE_IIYAMAXU_SMG955U_S1_id48_s0_30.png,1,VALID,-41.21875,29.171875,25.03125,-70.40641,LCC-FASD external-dev / cross-domain stress set,False
YOUTUBE_IIYAMAXU_SMG955U_S1_id48_s0_45.png,1,VALID,-4.7460938,3.625,1.0976562,-8.447935,LCC-FASD external-dev / cross-domain stress set,False
YOUTUBE_IIYAMAXU_SMG955U_S1_id48_s0_60.png,1,VALID,-16.71875,12.1328125,8.8046875,-28.886795,LCC-FASD external-dev / cross-domain stress set,False
YOUTUBE_IIYAMAXU_SMG955U_S1_id48_s0_75.png,1,VALID,-22.03125,15.640625,12.5,-37.714222,LCC-FASD external-dev / cross-domain stress set,False
YOUTUBE_IIYAMAXU_SMG955U_S1_id48_s0_90.png,1,VALID,-28.859375,20.734375,16.65625,-49.61055,LCC-FASD external-dev / cross-domain stress set,False
YOUTUBE_IIYAMAXU_SMG955U_S1_id48_s0_105.png,1,VALID,-14.2109375,10.1640625,7.3359375,-24.432442,LCC-FASD external-dev / cross-domain stress set,False
YOUTUBE_IIYAMAXU_SMG955U_S1_id48_s0_120.png,1,VALID,-24.390625,17.21875,14.125,-41.65371,LCC-FASD external-dev / cross-domain stress set,False
YOUTUBE_IIYAMAXU_SMG955U_S1_id48_s0_135.png,1,VALID,-23.703125,17.03125,13.390625,-40.760273,LCC-FASD external-dev / cross-domain stress set,False
YOUTUBE_IIYAMAXU_SMG955U_S1_id48_s0_150.png,1,VALID,-15.109375,11.09375,7.6328125,-26.234043,LCC-FASD external-dev / cross-domain stress set,False
YOUTUBE_IIYAMAXU_SMG955U_S1_id48_s1_15.png,1,VALID,-57.6875,39.65625,36.75,-97.39699,LCC-FASD external-dev / cross-domain stress set,False
YOUTUBE_IIYAMAXU_SMG955U_S1_id48_s1_30.png,1,VALID,-44.46875,31.5,27.078125,-75.98069,LCC-FASD external-dev / cross-domain stress set,False
YOUTUBE_IIYAMAXU_SMG955U_S1_id48_s1_45.png,1,VALID,-50.65625,35.59375,31.296875,-86.26352,LCC-FASD external-dev / cross-domain stress set,False
YOUTUBE_IIYAMAXU_SMG955U_S1_id48_s1_60.png,1,VALID,-68.0625,47.375,43.21875,-115.45305,LCC-FASD external-dev / cross-domain stress set,False
YOUTUBE_IIYAMAXU_SMG955U_S1_id48_s1_75.png,1,VALID,-68.375,45.40625,45.40625,-114.474396,LCC-FASD external-dev / cross-domain stress set,False
YOUTUBE_IIYAMAXU_SMG955U_S1_id48_s1_90.png,1,VALID,-87.5625,58.6875,58.3125,-146.77313,LCC-FASD external-dev / cross-domain stress set,False
YOUTUBE_IIYAMAXU_SMG955U_S1_id48_s1_105.png,1,VALID,-61.1875,42.875,38.28125,-104.07256,LCC-FASD external-dev / cross-domain stress set,False
YOUTUBE_IIYAMAXU_SMG955U_S1_id48_s1_120.png,1,VALID,-91.9375,62.6875,60.0625,-154.69493,LCC-FASD external-dev / cross-domain stress set,False
YOUTUBE_IIYAMAXU_SMG955U_S1_id48_s1_135.png,1,VALID,-44.03125,29.78125,28.15625,-73.99225,LCC-FASD external-dev / cross-domain stress set,False
YOUTUBE_IIYAMAXU_SMG955U_S1_id48_s1_150.png,1,VALID,-73.3125,51.09375,46.4375,-124.41571,LCC-FASD external-dev / cross-domain stress set,False
YOUTUBE_IIYAMAXU_SMJ710FN_id29_s0_15.png,1,VALID,-82.3125,57.625,52.15625,-139.94171,LCC-FASD external-dev / cross-domain stress set,False
YOUTUBE_IIYAMAXU_SMJ710FN_id29_s0_30.png,1,VALID,-90.9375,63.75,57.625,-154.68968,LCC-FASD external-dev / cross-domain stress set,False
YOUTUBE_IIYAMAXU_SMJ710FN_id29_s0_45.png,1,VALID,-91.75,63.9375,58.5625,-155.69212,LCC-FASD external-dev / cross-domain stress set,False
YOUTUBE_IIYAMAXU_SMJ710FN_id29_s0_60.png,1,VALID,-87.25,60.75,55.625,-148.00592,LCC-FASD external-dev / cross-domain stress set,False
YOUTUBE_IIYAMAXU_SMJ710FN_id29_s0_75.png,1,VALID,-105.5625,73.375,67.8125,-178.94133,LCC-FASD external-dev / cross-domain stress set,False
YOUTUBE_IIYAMAXU_SMJ710FN_id29_s0_90.png,1,VALID,-95.0,65.875,61.0,-160.8826,LCC-FASD external-dev / cross-domain stress set,False
YOUTUBE_IIYAMAXU_SMJ710FN_id29_s0_105.png,1,VALID,-101.125,70.0625,65.125,-171.19464,LCC-FASD external-dev / cross-domain stress set,False
YOUTUBE_IIYAMAXU_SMJ710FN_id29_s0_120.png,1,VALID,-90.5,62.8125,58.0,-153.32059,LCC-FASD external-dev / cross-domain stress set,False
YOUTUBE_IIYAMAXU_SMJ710FN_id29_s0_135.png,1,VALID,-89.0625,62.0625,56.78125,-151.13007,LCC-FASD external-dev / cross-domain stress set,False
YOUTUBE_IIYAMAXU_ZE520KL_id39_s0_16.png,1,VALID,-50.09375,33.84375,32.34375,-84.138916,LCC-FASD external-dev / cross-domain stress set,False
YOUTUBE_IIYAMAXU_ZE520KL_id39_s0_36.png,1,VALID,-23.09375,15.6796875,13.9453125,-38.93599,LCC-FASD external-dev / cross-domain stress set,False
YOUTUBE_IIYAMAXU_ZE520KL_id39_s0_51.png,1,VALID,-40.625,27.484375,25.953125,-68.30516,LCC-FASD external-dev / cross-domain stress set,False
YOUTUBE_IIYAMAXU_ZE520KL_id39_s0_81.png,1,VALID,-48.6875,33.3125,31.03125,-82.09727,LCC-FASD external-dev / cross-domain stress set,False
YOUTUBE_IIYAMAXU_ZE520KL_id39_s0_213.png,1,VALID,-35.8125,25.40625,21.625,-61.241287,LCC-FASD external-dev / cross-domain stress set,False
YOUTUBE_IIYAMAXU_ZE520KL_id39_s0_311.png,1,VALID,64.75,-45.34375,-44.3125,108.757545,LCC-FASD external-dev / cross-domain stress set,True
YOUTUBE_IIYAMAXU_ZE520KL_id39_s0_334.png,1,VALID,46.09375,-32.75,-31.515625,77.35394,LCC-FASD external-dev / cross-domain stress set,True
YOUTUBE_IIYAMAXU_ZE520KL_id39_s0_367.png,1,VALID,-13.9921875,9.1875,7.9804688,-23.441347,LCC-FASD external-dev / cross-domain stress set,False
YOUTUBE_IIYAMAXU_ZE520KL_id43_s0_109.png,1,VALID,-74.875,50.0625,50.09375,-125.64639,LCC-FASD external-dev / cross-domain stress set,False
YOUTUBE_IIYAMAXU_SMG955U_S0_id39_s0_32.png,1,VALID,-79.5625,54.71875,51.5625,-134.32295,LCC-FASD external-dev / cross-domain stress set,False
YOUTUBE_IIYAMAXU_SMG955U_S0_id43_s0_23.png,1,VALID,-68.4375,47.59375,43.53125,-116.04831,LCC-FASD external-dev / cross-domain stress set,False
YOUTUBE_IIYAMAXU_SMG955U_S0_id43_s0_45.png,1,VALID,-85.6875,60.34375,53.96875,-146.03296,LCC-FASD external-dev / cross-domain stress set,False
YOUTUBE_IIYAMAXU_SMG955U_S0_id43_s0_101.png,1,VALID,-70.0,48.875,44.375,-118.88605,LCC-FASD external-dev / cross-domain stress set,False
YOUTUBE_IIYAMAXU_SMG955U_S0_id43_s0_116.png,1,VALID,-87.0,61.25,55.0,-148.25192,LCC-FASD external-dev / cross-domain stress set,False
YOUTUBE_IIYAMAXU_SMG955U_S0_id43_s0_131.png,1,VALID,-81.8125,56.78125,52.59375,-138.60883,LCC-FASD external-dev / cross-domain stress set,False
YOUTUBE_IIYAMAXU_SMG955U_S0_id43_s0_146.png,1,VALID,-75.25,52.34375,48.0625,-127.60748,LCC-FASD external-dev / cross-domain stress set,False
YOUTUBE_IIYAMAXU_SMG955U_S0_id43_s0_161.png,1,VALID,-81.5,56.78125,52.0625,-138.29013,LCC-FASD external-dev / cross-domain stress set,False
YOUTUBE_IIYAMAXU_SMG955U_S0_id43_s0_187.png,1,VALID,-42.375,29.875,25.828125,-72.26733,LCC-FASD external-dev / cross-domain stress set,False
YOUTUBE_IIYAMAXU_SMG955U_S0_id43_s0_204.png,1,VALID,-46.25,32.5,28.4375,-78.76706,LCC-FASD external-dev / cross-domain stress set,False
YOUTUBE_IIYAMAXU_SMG955U_S0_id43_s1_16.png,1,VALID,-25.828125,18.125,15.203125,-44.005558,LCC-FASD external-dev / cross-domain stress set,False
YOUTUBE_IIYAMAXU_SMG955U_S0_id43_s1_44.png,1,VALID,-29.078125,20.734375,16.90625,-49.834015,LCC-FASD external-dev / cross-domain stress set,False
YOUTUBE_IIYAMAXU_SMG955U_S0_id43_s1_59.png,1,VALID,-19.265625,13.015625,11.40625,-32.46358,LCC-FASD external-dev / cross-domain stress set,False
YOUTUBE_IIYAMAXU_SMG955U_S0_id43_s1_74.png,1,VALID,-20.390625,14.46875,11.4765625,-34.908333,LCC-FASD external-dev / cross-domain stress set,False
YOUTUBE_IIYAMAXU_SMG955U_S0_id43_s1_98.png,1,VALID,-11.3671875,8.0,5.5703125,-19.451588,LCC-FASD external-dev / cross-domain stress set,False
YOUTUBE_IIYAMAXU_SMG955U_S0_id43_s1_113.png,1,VALID,-27.5625,18.953125,16.671875,-46.612892,LCC-FASD external-dev / cross-domain stress set,False
YOUTUBE_IIYAMAXU_SMG955U_S0_id43_s1_129.png,1,VALID,-10.234375,6.6835938,5.4414062,-17.171642,LCC-FASD external-dev / cross-domain stress set,False
YOUTUBE_IIYAMAXU_SMG955U_S0_id43_s1_144.png,1,VALID,-35.84375,24.453125,22.5,-60.42951,LCC-FASD external-dev / cross-domain stress set,False
YOUTUBE_IIYAMAXU_SMG955U_S0_id48_s0_15.png,1,VALID,-41.96875,29.640625,25.59375,-71.6267,LCC-FASD external-dev / cross-domain stress set,False
YOUTUBE_IIYAMAXU_SMG955U_S0_id48_s0_30.png,1,VALID,-40.53125,28.5,24.84375,-69.05675,LCC-FASD external-dev / cross-domain stress set,False
YOUTUBE_IIYAMAXU_SMG955U_S0_id48_s0_45.png,1,VALID,-44.9375,31.75,27.484375,-76.70145,LCC-FASD external-dev / cross-domain stress set,False
YOUTUBE_IIYAMAXU_SMG955U_S0_id48_s0_60.png,1,VALID,-45.46875,31.890625,28.109375,-77.38191,LCC-FASD external-dev / cross-domain stress set,False
YOUTUBE_IIYAMAXU_SMG955U_S0_id48_s0_75.png,1,VALID,-43.28125,30.375,26.59375,-73.67879,LCC-FASD external-dev / cross-domain stress set,False
YOUTUBE_IIYAMAXU_SMG955U_S0_id48_s0_90.png,1,VALID,-43.875,31.515625,26.296875,-75.39603,LCC-FASD external-dev / cross-domain stress set,False
YOUTUBE_IIYAMAXU_SMG955U_S0_id48_s0_105.png,1,VALID,-31.828125,22.5625,18.921875,-54.416523,LCC-FASD external-dev / cross-domain stress set,False
YOUTUBE_IIYAMAXU_SMG955U_S0_id48_s0_120.png,1,VALID,-39.25,27.84375,23.703125,-67.109535,LCC-FASD external-dev / cross-domain stress set,False
YOUTUBE_IIYAMAXU_SMG955U_S0_id48_s0_135.png,1,VALID,-32.4375,22.96875,19.328125,-55.432148,LCC-FASD external-dev / cross-domain stress set,False
YOUTUBE_IIYAMAXU_SMG955U_S0_id48_s0_150.png,1,VALID,-42.75,29.78125,26.484375,-72.56758,LCC-FASD external-dev / cross-domain stress set,False
YOUTUBE_IIYAMAXU_SMG955U_S0_id48_s1_15.png,1,VALID,-89.3125,61.65625,57.53125,-150.98479,LCC-FASD external-dev / cross-domain stress set,False
YOUTUBE_IIYAMAXU_SMG955U_S0_id48_s1_107.png,1,VALID,-94.5625,65.5625,60.90625,-160.13446,LCC-FASD external-dev / cross-domain stress set,False
YOUTUBE_IIYAMAXU_SMG955U_S0_id48_s1_122.png,1,VALID,-93.0625,63.75,60.6875,-156.85822,LCC-FASD external-dev / cross-domain stress set,False
YOUTUBE_IIYAMAXU_SMG955U_S0_id48_s1_137.png,1,VALID,-70.75,48.4375,45.875,-119.26178,LCC-FASD external-dev / cross-domain stress set,False
YOUTUBE_IIYAMAXU_SMG955U_S0_id48_s1_152.png,1,VALID,-77.25,53.28125,49.78125,-130.561,LCC-FASD external-dev / cross-domain stress set,False
YOUTUBE_IIYAMAXU_MOTOMC_S1_id39_s0_33.png,1,VALID,-40.4375,27.15625,25.75,-67.812935,LCC-FASD external-dev / cross-domain stress set,False
YOUTUBE_IIYAMAXU_MOTOMC_S1_id39_s1_15.png,1,VALID,-33.84375,24.0,20.0,-57.8619,LCC-FASD external-dev / cross-domain stress set,False
YOUTUBE_IIYAMAXU_MOTOMC_S1_id39_s1_30.png,1,VALID,-19.140625,14.0625,10.09375,-33.221848,LCC-FASD external-dev / cross-domain stress set,False
YOUTUBE_IIYAMAXU_MOTOMC_S1_id39_s1_45.png,1,VALID,-11.6875,8.65625,5.4023438,-20.381645,LCC-FASD external-dev / cross-domain stress set,False
YOUTUBE_IIYAMAXU_MOTOMC_S1_id39_s1_60.png,1,VALID,-25.9375,18.734375,14.5546875,-44.687065,LCC-FASD external-dev / cross-domain stress set,False
YOUTUBE_IIYAMAXU_MOTOMC_S1_id39_s1_75.png,1,VALID,-17.328125,12.6484375,9.0,-30.002262,LCC-FASD external-dev / cross-domain stress set,False
YOUTUBE_IIYAMAXU_MOTOMC_S1_id39_s1_90.png,1,VALID,-9.46875,7.0820312,3.9316406,-16.592724,LCC-FASD external-dev / cross-domain stress set,False
YOUTUBE_IIYAMAXU_MOTOMC_S1_id42_s0_17.png,1,VALID,43.46875,-30.046875,-30.65625,73.08145,LCC-FASD external-dev / cross-domain stress set,True
YOUTUBE_IIYAMAXU_MOTOMC_S1_id42_s0_36.png,1,VALID,66.9375,-46.21875,-46.34375,112.52365,LCC-FASD external-dev / cross-domain stress set,True
YOUTUBE_IIYAMAXU_MOTOMC_S1_id42_s0_51.png,1,VALID,45.625,-31.609375,-32.09375,76.75437,LCC-FASD external-dev / cross-domain stress set,True
YOUTUBE_IIYAMAXU_MOTOMC_S1_id42_s0_66.png,1,VALID,23.21875,-15.890625,-17.296875,38.89019,LCC-FASD external-dev / cross-domain stress set,True
YOUTUBE_IIYAMAXU_MOTOMC_S1_id42_s0_81.png,1,VALID,42.84375,-29.59375,-30.28125,72.03015,LCC-FASD external-dev / cross-domain stress set,True
YOUTUBE_IIYAMAXU_MOTOMC_S1_id42_s0_96.png,1,VALID,33.0,-22.671875,-23.828125,55.398293,LCC-FASD external-dev / cross-domain stress set,True
YOUTUBE_IIYAMAXU_MOTOMC_S1_id42_s0_111.png,1,VALID,39.09375,-26.90625,-27.875,65.67824,LCC-FASD external-dev / cross-domain stress set,True
YOUTUBE_IIYAMAXU_MOTOMC_S1_id42_s0_126.png,1,VALID,35.78125,-24.515625,-25.75,60.041443,LCC-FASD external-dev / cross-domain stress set,True
YOUTUBE_IIYAMAXU_MOTOMC_S1_id42_s0_141.png,1,VALID,28.40625,-19.609375,-20.625,47.706543,LCC-FASD external-dev / cross-domain stress set,True
YOUTUBE_IIYAMAXU_MOTOMC_S1_id42_s0_156.png,1,VALID,33.3125,-23.0,-23.90625,55.97315,LCC-FASD external-dev / cross-domain stress set,True
YOUTUBE_IIYAMAXU_MOTOMC_S1_id43_s0_15.png,1,VALID,-4.296875,1.7685547,2.4433594,-7.151851,LCC-FASD external-dev / cross-domain stress set,False
YOUTUBE_IIYAMAXU_MOTOMC_S1_id43_s0_30.png,1,VALID,-12.875,7.6367188,8.0546875,-21.435532,LCC-FASD external-dev / cross-domain stress set,False
YOUTUBE_IIYAMAXU_MOTOMC_S1_id43_s0_45.png,1,VALID,-11.2421875,6.6523438,6.953125,-18.749336,LCC-FASD external-dev / cross-domain stress set,False
YOUTUBE_IIYAMAXU_MOTOMC_S1_id43_s0_63.png,1,VALID,1.5761719,-2.625,-1.2001953,2.560808,LCC-FASD external-dev / cross-domain stress set,False
YOUTUBE_IIYAMAXU_MOTOMC_S1_id43_s0_78.png,1,VALID,-26.0625,16.625,17.09375,-43.642242,LCC-FASD external-dev / cross-domain stress set,False
YOUTUBE_IIYAMAXU_MOTOMC_S1_id43_s0_93.png,1,VALID,8.984375,-7.390625,-6.578125,15.195258,LCC-FASD external-dev / cross-domain stress set,True
YOUTUBE_IIYAMAXU_MOTOMC_S1_id43_s0_108.png,1,VALID,-51.25,34.34375,33.53125,-85.96099,LCC-FASD external-dev / cross-domain stress set,False
YOUTUBE_IIYAMAXU_MOTOMC_S1_id43_s0_133.png,1,VALID,81.9375,-56.1875,-56.6875,137.65092,LCC-FASD external-dev / cross-domain stress set,True
YOUTUBE_IIYAMAXU_MOTOMC_S1_id43_s1_15.png,1,VALID,-5.2929688,2.9609375,2.4707031,-8.731682,LCC-FASD external-dev / cross-domain stress set,False
YOUTUBE_IIYAMAXU_MOTOMC_S1_id43_s1_30.png,1,VALID,4.8476562,-4.515625,-3.8574219,8.287828,LCC-FASD external-dev / cross-domain stress set,False
YOUTUBE_IIYAMAXU_MOTOMC_S1_id43_s1_45.png,1,VALID,12.234375,-8.984375,-9.421875,20.720615,LCC-FASD external-dev / cross-domain stress set,True
YOUTUBE_IIYAMAXU_MOTOMC_S1_id43_s1_60.png,1,VALID,50.9375,-35.875,-35.0625,85.63276,LCC-FASD external-dev / cross-domain stress set,True
YOUTUBE_IIYAMAXU_MOTOMC_S1_id43_s1_75.png,1,VALID,11.640625,-8.765625,-8.734375,19.697355,LCC-FASD external-dev / cross-domain stress set,True
YOUTUBE_IIYAMAXU_MOTOMC_S1_id43_s1_90.png,1,VALID,14.6484375,-10.875,-10.8046875,24.794518,LCC-FASD external-dev / cross-domain stress set,True
YOUTUBE_IIYAMAXU_MOTOMC_S1_id43_s1_105.png,1,VALID,-1.8369141,0.5834961,0.30566406,-2.9842594,LCC-FASD external-dev / cross-domain stress set,False
YOUTUBE_IIYAMAXU_MOTOMC_S1_id48_s0_15.png,1,VALID,-42.0,28.71875,26.6875,-70.842,LCC-FASD external-dev / cross-domain stress set,False
YOUTUBE_IIYAMAXU_MOTOMC_S1_id48_s0_30.png,1,VALID,-14.8203125,9.9453125,8.6328125,-25.00397,LCC-FASD external-dev / cross-domain stress set,False
YOUTUBE_IIYAMAXU_MOTOMC_S1_id48_s0_45.png,1,VALID,5.5625,-3.9160156,-5.2109375,9.236418,LCC-FASD external-dev / cross-domain stress set,True
YOUTUBE_IIYAMAXU_MOTOMC_S1_id48_s0_60.png,1,VALID,-11.59375,8.3125,5.8007812,-19.984257,LCC-FASD external-dev / cross-domain stress set,False
YOUTUBE_IIYAMAXU_MOTOMC_S1_id48_s0_75.png,1,VALID,-10.703125,7.3046875,5.609375,-18.176323,LCC-FASD external-dev / cross-domain stress set,False
YOUTUBE_IIYAMAXU_MOTOMC_S1_id48_s0_90.png,1,VALID,-11.34375,8.4453125,5.2578125,-19.82951,LCC-FASD external-dev / cross-domain stress set,False
YOUTUBE_IIYAMAXU_MOTOMC_S1_id48_s0_105.png,1,VALID,-4.2617188,3.2792969,0.84472656,-7.625022,LCC-FASD external-dev / cross-domain stress set,False
YOUTUBE_IIYAMAXU_MOTOMC_S1_id48_s0_120.png,1,VALID,6.4414062,-4.0976562,-6.4335938,10.446739,LCC-FASD external-dev / cross-domain stress set,True
YOUTUBE_IIYAMAXU_MOTOMC_S1_id48_s0_135.png,1,VALID,-21.984375,15.3671875,12.78125,-37.424187,LCC-FASD external-dev / cross-domain stress set,False
YOUTUBE_IIYAMAXU_MOTOMC_S1_id48_s0_150.png,1,VALID,-12.359375,8.5078125,6.5859375,-21.003756,LCC-FASD external-dev / cross-domain stress set,False
YOUTUBE_IIYAMAXU_MOTOMC_S1_id48_s1_15.png,1,VALID,8.0234375,-5.8085938,-6.7304688,13.497151,LCC-FASD external-dev / cross-domain stress set,True
YOUTUBE_IIYAMAXU_MOTOMC_S1_id48_s1_30.png,1,VALID,6.4101562,-4.921875,-5.5859375,10.916777,LCC-FASD external-dev / cross-domain stress set,True
YOUTUBE_IIYAMAXU_MOTOMC_S1_id48_s1_45.png,1,VALID,6.15625,-4.9023438,-5.2070312,10.50623,LCC-FASD external-dev / cross-domain stress set,True
YOUTUBE_IIYAMAXU_MOTOMC_S1_id48_s1_60.png,1,VALID,7.0,-5.3242188,-5.8789062,11.870439,LCC-FASD external-dev / cross-domain stress set,True
YOUTUBE_IIYAMAXU_MOTOMC_S1_id48_s1_75.png,1,VALID,18.046875,-13.3125,-13.0,30.49782,LCC-FASD external-dev / cross-domain stress set,True
YOUTUBE_IIYAMAXU_MOTOMC_S1_id48_s1_90.png,1,VALID,-13.296875,9.1875,7.0117188,-22.5919,LCC-FASD external-dev / cross-domain stress set,False
YOUTUBE_IIYAMAXU_MOTOMC_S1_id48_s1_106.png,1,VALID,-20.375,13.828125,12.2421875,-34.3894,LCC-FASD external-dev / cross-domain stress set,False
YOUTUBE_IIYAMAXU_MOTOMC_S1_id48_s1_121.png,1,VALID,-24.109375,16.171875,14.8125,-40.509834,LCC-FASD external-dev / cross-domain stress set,False
YOUTUBE_IIYAMAXU_MOTOMC_S1_id48_s1_136.png,1,VALID,16.65625,-12.21875,-12.21875,28.181852,LCC-FASD external-dev / cross-domain stress set,True
YOUTUBE_IIYAMAXU_MOTOMC_S1_id48_s1_151.png,1,VALID,-2.1640625,1.2890625,-0.11206055,-3.6733203,LCC-FASD external-dev / cross-domain stress set,False
YOUTUBE_IIYAMAXU_SMG955U_S0_id39_s0_17.png,1,VALID,-61.5,41.5625,40.1875,-103.28792,LCC-FASD external-dev / cross-domain stress set,False
YOUTUBE_IIYAMAXU_MOTOMC_S0_id39_s1_15.png,1,VALID,-32.4375,23.078125,19.09375,-55.534058,LCC-FASD external-dev / cross-domain stress set,False
YOUTUBE_IIYAMAXU_MOTOMC_S0_id39_s1_30.png,1,VALID,-26.53125,19.171875,14.984375,-45.718193,LCC-FASD external-dev / cross-domain stress set,False
YOUTUBE_IIYAMAXU_MOTOMC_S0_id39_s1_46.png,1,VALID,-28.890625,21.046875,16.359375,-49.946667,LCC-FASD external-dev / cross-domain stress set,False
YOUTUBE_IIYAMAXU_MOTOMC_S0_id39_s1_61.png,1,VALID,-19.609375,14.2890625,10.453125,-33.91979,LCC-FASD external-dev / cross-domain stress set,False
YOUTUBE_IIYAMAXU_MOTOMC_S0_id39_s1_76.png,1,VALID,-29.34375,21.0625,16.875,-50.421318,LCC-FASD external-dev / cross-domain stress set,False
YOUTUBE_IIYAMAXU_MOTOMC_S0_id42_s0_21.png,1,VALID,76.625,-52.5,-53.25,128.73813,LCC-FASD external-dev / cross-domain stress set,True
YOUTUBE_IIYAMAXU_MOTOMC_S0_id42_s0_37.png,1,VALID,58.0,-40.0625,-40.40625,97.526535,LCC-FASD external-dev / cross-domain stress set,True
YOUTUBE_IIYAMAXU_MOTOMC_S0_id42_s0_52.png,1,VALID,67.25,-46.09375,-46.90625,112.97651,LCC-FASD external-dev / cross-domain stress set,True
YOUTUBE_IIYAMAXU_MOTOMC_S0_id42_s0_67.png,1,VALID,52.3125,-36.0,-36.71875,87.9155,LCC-FASD external-dev / cross-domain stress set,True
YOUTUBE_IIYAMAXU_MOTOMC_S0_id42_s0_82.png,1,VALID,57.5625,-39.59375,-40.25,96.738335,LCC-FASD external-dev / cross-domain stress set,True
YOUTUBE_IIYAMAXU_MOTOMC_S0_id42_s0_97.png,1,VALID,57.0625,-39.21875,-40.0,95.9043,LCC-FASD external-dev / cross-domain stress set,True
YOUTUBE_IIYAMAXU_MOTOMC_S0_id42_s0_112.png,1,VALID,70.5625,-48.4375,-49.0625,118.571304,LCC-FASD external-dev / cross-domain stress set,True
YOUTUBE_IIYAMAXU_MOTOMC_S0_id42_s0_127.png,1,VALID,49.5,-33.84375,-35.03125,83.07756,LCC-FASD external-dev / cross-domain stress set,True
YOUTUBE_IIYAMAXU_MOTOMC_S0_id42_s0_142.png,1,VALID,53.3125,-36.65625,-37.375,89.57175,LCC-FASD external-dev / cross-domain stress set,True
YOUTUBE_IIYAMAXU_MOTOMC_S0_id42_s0_157.png,1,VALID,43.03125,-29.625,-30.546875,72.321365,LCC-FASD external-dev / cross-domain stress set,True
YOUTUBE_IIYAMAXU_MOTOMC_S0_id43_s0_15.png,1,VALID,-14.6171875,9.34375,8.984375,-24.490456,LCC-FASD external-dev / cross-domain stress set,False
YOUTUBE_IIYAMAXU_MOTOMC_S0_id43_s0_30.png,1,VALID,-6.3203125,3.5039062,3.4472656,-10.489447,LCC-FASD external-dev / cross-domain stress set,False
YOUTUBE_IIYAMAXU_MOTOMC_S0_id43_s0_45.png,1,VALID,-16.53125,10.59375,10.234375,-27.654518,LCC-FASD external-dev / cross-domain stress set,False
YOUTUBE_IIYAMAXU_MOTOMC_S0_id43_s0_63.png,1,VALID,-7.828125,3.8691406,5.2226562,-13.280567,LCC-FASD external-dev / cross-domain stress set,False
YOUTUBE_IIYAMAXU_MOTOMC_S0_id43_s0_78.png,1,VALID,-36.125,23.765625,23.703125,-60.55301,LCC-FASD external-dev / cross-domain stress set,False
YOUTUBE_IIYAMAXU_MOTOMC_S0_id43_s0_93.png,1,VALID,-13.296875,7.9375,8.4453125,-22.213322,LCC-FASD external-dev / cross-domain stress set,False
YOUTUBE_IIYAMAXU_MOTOMC_S0_id43_s0_108.png,1,VALID,-40.6875,27.515625,26.078125,-68.41624,LCC-FASD external-dev / cross-domain stress set,False
YOUTUBE_IIYAMAXU_MOTOMC_S0_id43_s0_133.png,1,VALID,75.4375,-51.4375,-52.65625,126.61603,LCC-FASD external-dev / cross-domain stress set,True
YOUTUBE_IIYAMAXU_MOTOMC_S0_id43_s1_16.png,1,VALID,-6.6679688,3.9257812,3.3789062,-11.050386,LCC-FASD external-dev / cross-domain stress set,False
YOUTUBE_IIYAMAXU_MOTOMC_S0_id43_s1_31.png,1,VALID,-22.46875,15.6328125,12.984375,-38.169933,LCC-FASD external-dev / cross-domain stress set,False
YOUTUBE_IIYAMAXU_MOTOMC_S0_id43_s1_46.png,1,VALID,-9.515625,5.875,5.2539062,-15.820689,LCC-FASD external-dev / cross-domain stress set,False
YOUTUBE_IIYAMAXU_MOTOMC_S0_id43_s1_61.png,1,VALID,9.5546875,-7.8789062,-6.8867188,16.126038,LCC-FASD external-dev / cross-domain stress set,True
YOUTUBE_IIYAMAXU_MOTOMC_S0_id43_s1_76.png,1,VALID,-3.671875,1.7080078,1.5654297,-6.00428,LCC-FASD external-dev / cross-domain stress set,False
YOUTUBE_IIYAMAXU_MOTOMC_S0_id43_s1_91.png,1,VALID,-2.6796875,1.0351562,0.8276367,-4.3096046,LCC-FASD external-dev / cross-domain stress set,False
YOUTUBE_IIYAMAXU_MOTOMC_S0_id43_s1_106.png,1,VALID,12.875,-9.484375,-9.6953125,21.766144,LCC-FASD external-dev / cross-domain stress set,True
YOUTUBE_IIYAMAXU_MOTOMC_S0_id48_s0_15.png,1,VALID,-46.34375,32.0,29.25,-78.405716,LCC-FASD external-dev / cross-domain stress set,False
YOUTUBE_IIYAMAXU_MOTOMC_S0_id48_s0_30.png,1,VALID,-11.09375,8.046875,5.40625,-19.209515,LCC-FASD external-dev / cross-domain stress set,False
YOUTUBE_IIYAMAXU_MOTOMC_S0_id48_s0_45.png,1,VALID,-15.40625,10.6015625,8.6953125,-26.146389,LCC-FASD external-dev / cross-domain stress set,False
YOUTUBE_IIYAMAXU_MOTOMC_S0_id48_s0_60.png,1,VALID,-29.703125,20.765625,17.9375,-50.52619,LCC-FASD external-dev / cross-domain stress set,False
YOUTUBE_IIYAMAXU_MOTOMC_S0_id48_s0_75.png,1,VALID,-10.2734375,7.3984375,4.9101562,-17.75166,LCC-FASD external-dev / cross-domain stress set,False
YOUTUBE_IIYAMAXU_MOTOMC_S0_id48_s0_90.png,1,VALID,-14.7109375,10.59375,7.6210938,-25.354588,LCC-FASD external-dev / cross-domain stress set,False
YOUTUBE_IIYAMAXU_MOTOMC_S0_id48_s0_105.png,1,VALID,-35.65625,25.203125,21.484375,-60.88335,LCC-FASD external-dev / cross-domain stress set,False
YOUTUBE_IIYAMAXU_MOTOMC_S0_id48_s0_120.png,1,VALID,-8.7109375,7.0273438,3.0390625,-15.756643,LCC-FASD external-dev / cross-domain stress set,False
YOUTUBE_IIYAMAXU_MOTOMC_S0_id48_s0_135.png,1,VALID,-31.625,22.09375,19.125,-53.76884,LCC-FASD external-dev / cross-domain stress set,False
YOUTUBE_IIYAMAXU_MOTOMC_S0_id48_s0_150.png,1,VALID,-21.609375,15.1640625,12.5078125,-36.841293,LCC-FASD external-dev / cross-domain stress set,False
YOUTUBE_IIYAMAXU_MOTOMC_S0_id48_s1_15.png,1,VALID,-40.875,28.265625,25.375,-69.19468,LCC-FASD external-dev / cross-domain stress set,False
YOUTUBE_IIYAMAXU_MOTOMC_S0_id48_s1_30.png,1,VALID,-39.0,26.265625,24.859375,-65.48481,LCC-FASD external-dev / cross-domain stress set,False
YOUTUBE_IIYAMAXU_MOTOMC_S0_id48_s1_45.png,1,VALID,-41.0625,27.796875,26.265625,-69.05516,LCC-FASD external-dev / cross-domain stress set,False
YOUTUBE_IIYAMAXU_MOTOMC_S0_id48_s1_60.png,1,VALID,-22.1875,15.2109375,13.21875,-37.5263,LCC-FASD external-dev / cross-domain stress set,False
YOUTUBE_IIYAMAXU_MOTOMC_S0_id48_s1_75.png,1,VALID,-20.4375,13.71875,12.328125,-34.37853,LCC-FASD external-dev / cross-domain stress set,False
YOUTUBE_IIYAMAXU_MOTOMC_S0_id48_s1_90.png,1,VALID,-36.90625,25.375,22.890625,-62.361336,LCC-FASD external-dev / cross-domain stress set,False
YOUTUBE_IIYAMAXU_MOTOMC_S0_id48_s1_107.png,1,VALID,-43.28125,30.015625,27.03125,-73.34621,LCC-FASD external-dev / cross-domain stress set,False
YOUTUBE_IIYAMAXU_MOTOMC_S0_id48_s1_128.png,1,VALID,-40.90625,28.25,25.765625,-69.236336,LCC-FASD external-dev / cross-domain stress set,False
YOUTUBE_IIYAMAXU_MOTOMC_S0_id48_s1_143.png,1,VALID,-21.515625,14.46875,13.046875,-36.200504,LCC-FASD external-dev / cross-domain stress set,False
YOUTUBE_IIYAMAXU_MOTOMC_S0_id48_s1_158.png,1,VALID,-64.3125,44.15625,41.46875,-108.534584,LCC-FASD external-dev / cross-domain stress set,False
YOUTUBE_IIYAMAXU_MOTOMC_S1_id39_s0_18.png,1,VALID,-31.46875,21.828125,19.03125,-53.356087,LCC-FASD external-dev / cross-domain stress set,False
YOUTUBE_IIYAMAGB_GZS4020_id29_s0_15.png,1,VALID,22.453125,-14.734375,-17.40625,37.120663,LCC-FASD external-dev / cross-domain stress set,True
YOUTUBE_IIYAMAGB_GZS4020_id29_s0_30.png,1,VALID,6.8945312,-4.3671875,-6.71875,11.170763,LCC-FASD external-dev / cross-domain stress set,True
YOUTUBE_IIYAMAGB_GZS4020_id29_s0_45.png,1,VALID,9.234375,-5.6757812,-8.625,14.859101,LCC-FASD external-dev / cross-domain stress set,True
YOUTUBE_IIYAMAGB_GZS4020_id29_s0_60.png,1,VALID,55.25,-37.25,-39.53125,92.40273,LCC-FASD external-dev / cross-domain stress set,True
YOUTUBE_IIYAMAGB_GZS4020_id29_s0_75.png,1,VALID,26.3125,-17.265625,-20.21875,43.527264,LCC-FASD external-dev / cross-domain stress set,True
YOUTUBE_IIYAMAGB_GZS4020_id29_s0_90.png,1,VALID,51.5,-34.5,-37.15625,85.932144,LCC-FASD external-dev / cross-domain stress set,True
YOUTUBE_IIYAMAGB_GZS4020_id29_s0_120.png,1,VALID,-3.3203125,2.9902344,-0.30517578,-6.3469296,LCC-FASD external-dev / cross-domain stress set,False
YOUTUBE_IIYAMAGB_GZS4020_id29_s0_135.png,1,VALID,-0.75439453,1.3339844,-2.0605469,-2.1213844,LCC-FASD external-dev / cross-domain stress set,False
YOUTUBE_IIYAMAGB_IPHONE7F_id29_s0_15.png,1,VALID,-17.96875,13.0625,9.6484375,-31.063627,LCC-FASD external-dev / cross-domain stress set,False
YOUTUBE_IIYAMAGB_IPHONE7F_id29_s0_30.png,1,VALID,-6.8515625,5.4101562,2.2558594,-12.303502,LCC-FASD external-dev / cross-domain stress set,False
YOUTUBE_IIYAMAGB_IPHONE7F_id29_s0_45.png,1,VALID,-8.4921875,6.5195312,3.3183594,-15.051626,LCC-FASD external-dev / cross-domain stress set,False
YOUTUBE_IIYAMAGB_IPHONE7F_id29_s0_60.png,1,VALID,8.125,-4.8828125,-7.8164062,12.955975,LCC-FASD external-dev / cross-domain stress set,True
YOUTUBE_IIYAMAGB_IPHONE7F_id29_s0_75.png,1,VALID,-0.6855469,0.9555664,-1.6914062,-1.7095804,LCC-FASD external-dev / cross-domain stress set,False
YOUTUBE_IIYAMAGB_IPHONE7F_id29_s0_90.png,1,VALID,-8.0859375,6.125,3.1699219,-14.261702,LCC-FASD external-dev / cross-domain stress set,False
YOUTUBE_IIYAMAGB_IPHONE7F_id29_s0_105.png,1,VALID,-21.328125,15.4140625,11.7890625,-36.768486,LCC-FASD external-dev / cross-domain stress set,False
YOUTUBE_IIYAMAGB_IPHONE7F_id29_s0_120.png,1,VALID,-22.546875,16.25,12.6328125,-38.82338,LCC-FASD external-dev / cross-domain stress set,False
YOUTUBE_IIYAMAGB_IPHONE7F_id29_s0_135.png,1,VALID,-9.6328125,7.1289062,4.2460938,-16.816185,LCC-FASD external-dev / cross-domain stress set,False
YOUTUBE_IIYAMAXB_IPHONE7F_id29_s0_15.png,1,VALID,-36.40625,25.828125,21.796875,-62.251972,LCC-FASD external-dev / cross-domain stress set,False
YOUTUBE_IIYAMAXB_IPHONE7F_id29_s0_30.png,1,VALID,-46.5625,32.875,28.515625,-79.45021,LCC-FASD external-dev / cross-domain stress set,False
YOUTUBE_IIYAMAXB_IPHONE7F_id29_s0_45.png,1,VALID,-31.140625,22.09375,18.34375,-53.25762,LCC-FASD external-dev / cross-domain stress set,False
YOUTUBE_IIYAMAXB_IPHONE7F_id29_s0_60.png,1,VALID,-12.5703125,9.3515625,6.0351562,-21.957516,LCC-FASD external-dev / cross-domain stress set,False
YOUTUBE_IIYAMAXB_IPHONE7F_id29_s0_75.png,1,VALID,-22.8125,16.46875,12.765625,-39.305595,LCC-FASD external-dev / cross-domain stress set,False
YOUTUBE_IIYAMAXB_IPHONE7F_id29_s0_90.png,1,VALID,-28.6875,20.421875,16.796875,-49.135674,LCC-FASD external-dev / cross-domain stress set,False
YOUTUBE_IIYAMAXB_IPHONE7F_id29_s0_105.png,1,VALID,-44.15625,31.265625,26.84375,-75.433815,LCC-FASD external-dev / cross-domain stress set,False
YOUTUBE_IIYAMAXB_IPHONE7F_id29_s0_120.png,1,VALID,-26.859375,19.296875,15.40625,-46.176476,LCC-FASD external-dev / cross-domain stress set,False
YOUTUBE_IIYAMAXB_IPHONE7F_id29_s0_135.png,1,VALID,-49.46875,34.8125,30.546875,-84.2952,LCC-FASD external-dev / cross-domain stress set,False
YOUTUBE_IIYAMAXB_WIZARD1_id29_s0_15.png,1,VALID,9.6171875,-6.1289062,-8.6328125,15.6675,LCC-FASD external-dev / cross-domain stress set,True
YOUTUBE_IIYAMAXB_WIZARD1_id29_s0_30.png,1,VALID,-35.34375,24.984375,21.140625,-60.34931,LCC-FASD external-dev / cross-domain stress set,False
YOUTUBE_IIYAMAXB_WIZARD1_id29_s0_45.png,1,VALID,-25.390625,17.796875,14.84375,-43.23836,LCC-FASD external-dev / cross-domain stress set,False
YOUTUBE_IIYAMAXB_WIZARD1_id29_s0_69.png,1,VALID,-17.796875,12.6875,9.671875,-30.532227,LCC-FASD external-dev / cross-domain stress set,False
YOUTUBE_IIYAMAXB_WIZARD1_id29_s0_105.png,1,VALID,-26.203125,18.640625,15.15625,-44.873962,LCC-FASD external-dev / cross-domain stress set,False
YOUTUBE_IIYAMAXU_GZS4020_id29_s0_15.png,1,VALID,15.703125,-9.8515625,-13.03125,25.513931,LCC-FASD external-dev / cross-domain stress set,True
YOUTUBE_IIYAMAXU_GZS4020_id29_s0_30.png,1,VALID,30.484375,-20.171875,-22.890625,50.592377,LCC-FASD external-dev / cross-domain stress set,True
YOUTUBE_IIYAMAXU_GZS4020_id29_s0_45.png,1,VALID,33.90625,-22.578125,-25.078125,56.405487,LCC-FASD external-dev / cross-domain stress set,True
YOUTUBE_IIYAMAXU_GZS4020_id29_s0_60.png,1,VALID,56.46875,-37.96875,-40.40625,94.35373,LCC-FASD external-dev / cross-domain stress set,True
YOUTUBE_IIYAMAXU_GZS4020_id29_s0_75.png,1,VALID,16.078125,-10.0234375,-13.5,26.071117,LCC-FASD external-dev / cross-domain stress set,True
YOUTUBE_IIYAMAXU_GZS4020_id29_s0_90.png,1,VALID,19.953125,-12.8046875,-15.9375,32.71514,LCC-FASD external-dev / cross-domain stress set,True
YOUTUBE_IIYAMAXU_GZS4020_id29_s0_105.png,1,VALID,-4.7578125,3.7714844,0.95751953,-8.587534,LCC-FASD external-dev / cross-domain stress set,False
YOUTUBE_IIYAMAXU_GZS4020_id29_s0_120.png,1,VALID,49.34375,-33.09375,-35.59375,82.35861,LCC-FASD external-dev / cross-domain stress set,True
YOUTUBE_IIYAMAXU_GZS4020_id29_s0_135.png,1,VALID,18.6875,-12.078125,-14.96875,30.71157,LCC-FASD external-dev / cross-domain stress set,True
YOUTUBE_IIYAMAXU_IPHONE7F_id29_s0_15.png,1,VALID,-39.8125,28.328125,23.90625,-68.152565,LCC-FASD external-dev / cross-domain stress set,False
YOUTUBE_IIYAMAXU_IPHONE7F_id29_s0_30.png,1,VALID,-15.8984375,11.40625,8.484375,-27.35712,LCC-FASD external-dev / cross-domain stress set,False
YOUTUBE_IIYAMAXU_IPHONE7F_id29_s0_45.png,1,VALID,-29.265625,20.734375,17.203125,-50.028847,LCC-FASD external-dev / cross-domain stress set,False
YOUTUBE_IIYAMAXU_IPHONE7F_id29_s0_60.png,1,VALID,11.2265625,-7.1796875,-9.6875,18.327951,LCC-FASD external-dev / cross-domain stress set,True
YOUTUBE_IIYAMAXU_IPHONE7F_id29_s0_75.png,1,VALID,25.921875,-17.375,-19.46875,43.18067,LCC-FASD external-dev / cross-domain stress set,True
YOUTUBE_IIYAMAXU_IPHONE7F_id29_s0_90.png,1,VALID,-21.765625,15.7890625,12.046875,-37.578114,LCC-FASD external-dev / cross-domain stress set,False
YOUTUBE_IIYAMAXU_IPHONE7F_id29_s0_105.png,1,VALID,-20.65625,14.8046875,11.5546875,-35.498978,LCC-FASD external-dev / cross-domain stress set,False
YOUTUBE_IIYAMAXU_IPHONE7F_id29_s0_120.png,1,VALID,4.84375,-2.84375,-5.3476562,7.608906,LCC-FASD external-dev / cross-domain stress set,False
YOUTUBE_IIYAMAXU_IPHONE7F_id29_s0_135.png,1,VALID,-21.0625,15.046875,11.875,-36.150444,LCC-FASD external-dev / cross-domain stress set,False
YOUTUBE_IIYAMAXU_MOTOMC_S0_id39_s0_17.png,1,VALID,-34.84375,24.234375,21.1875,-59.12454,LCC-FASD external-dev / cross-domain stress set,False
YOUTUBE_IIYAMAXU_MOTOMC_S0_id39_s0_32.png,1,VALID,-56.96875,38.15625,37.40625,-95.51187,LCC-FASD external-dev / cross-domain stress set,False
YOUTUBE_HPE17J001ER_ZSZD551KL_id48_s0_75.png,1,VALID,21.296875,-15.25,-15.46875,35.957134,LCC-FASD external-dev / cross-domain stress set,True
YOUTUBE_HPE17J001ER_ZSZD551KL_id48_s0_90.png,1,VALID,3.2441406,-2.4140625,-3.734375,5.42151,LCC-FASD external-dev / cross-domain stress set,False
YOUTUBE_HPPEXP_IPHONE5SB_id39_s0_15.png,1,VALID,-83.4375,57.9375,53.46875,-141.3864,LCC-FASD external-dev / cross-domain stress set,False
YOUTUBE_HPPEXP_IPHONE5SB_id39_s0_31.png,1,VALID,-4.2929688,0.83691406,3.2695312,-7.6466637,LCC-FASD external-dev / cross-domain stress set,False
YOUTUBE_HPPEXP_IPHONE5SB_id39_s0_46.png,1,VALID,-21.734375,13.7265625,14.203125,-36.42049,LCC-FASD external-dev / cross-domain stress set,False
YOUTUBE_HPPEXP_IPHONE5SB_id43_s0_15.png,1,VALID,-68.4375,46.5625,44.46875,-115.1162,LCC-FASD external-dev / cross-domain stress set,False
YOUTUBE_HPPEXP_IPHONE5SB_id43_s0_30.png,1,VALID,-91.9375,63.53125,59.15625,-155.48126,LCC-FASD external-dev / cross-domain stress set,False
YOUTUBE_HPPEXP_IPHONE5SB_id43_s0_46.png,1,VALID,-79.0625,54.25,51.15625,-133.35684,LCC-FASD external-dev / cross-domain stress set,False
YOUTUBE_HPPEXP_IPHONE5SB_id43_s0_61.png,1,VALID,-13.9140625,9.3671875,7.84375,-23.478428,LCC-FASD external-dev / cross-domain stress set,False
YOUTUBE_HPPEXP_IPHONE5SB_id43_s0_76.png,1,VALID,-17.453125,9.6953125,12.375,-29.894459,LCC-FASD external-dev / cross-domain stress set,False
YOUTUBE_HPPEXP_IPHONE5SB_id43_s0_91.png,1,VALID,41.0625,-29.265625,-28.1875,68.95715,LCC-FASD external-dev / cross-domain stress set,True
YOUTUBE_HPPEXP_IPHONE5SB_id43_s0_117.png,1,VALID,-73.875,51.3125,46.90625,-125.19963,LCC-FASD external-dev / cross-domain stress set,False
YOUTUBE_HPPEXP_IPHONE5SB_id43_s0_132.png,1,VALID,7.2265625,-5.8554688,-5.8125,12.367168,LCC-FASD external-dev / cross-domain stress set,True
YOUTUBE_HPPEXP_IPHONE5SB_id43_s0_147.png,1,VALID,11.6875,-9.59375,-8.0390625,19.534904,LCC-FASD external-dev / cross-domain stress set,True
YOUTUBE_HPPEXP_IPHONE5SB_id43_s0_162.png,1,VALID,21.125,-15.4609375,-14.96875,35.616714,LCC-FASD external-dev / cross-domain stress set,True
YOUTUBE_HPPEXP_IPHONE5SB_id43_s1_15.png,1,VALID,-51.65625,36.0625,32.15625,-87.73866,LCC-FASD external-dev / cross-domain stress set,False
YOUTUBE_HPPEXP_IPHONE5SB_id43_s1_30.png,1,VALID,-21.90625,15.53125,12.4453125,-37.482174,LCC-FASD external-dev / cross-domain stress set,False
YOUTUBE_HPPEXP_IPHONE5SB_id43_s1_45.png,1,VALID,-2.5097656,1.9335938,-0.28271484,-4.546828,LCC-FASD external-dev / cross-domain stress set,False
YOUTUBE_HPPEXP_IPHONE5SB_id43_s1_60.png,1,VALID,-39.34375,26.453125,25.34375,-66.08188,LCC-FASD external-dev / cross-domain stress set,False
YOUTUBE_HPPEXP_IPHONE5SB_id43_s1_75.png,1,VALID,-70.625,47.71875,46.34375,-118.56917,LCC-FASD external-dev / cross-domain stress set,False
YOUTUBE_HPPEXP_IPHONE5SB_id43_s1_90.png,1,VALID,-75.25,50.8125,49.46875,-126.2943,LCC-FASD external-dev / cross-domain stress set,False
YOUTUBE_HPPEXP_IPHONE5SB_id43_s1_105.png,1,VALID,-48.46875,33.8125,30.140625,-82.306366,LCC-FASD external-dev / cross-domain stress set,False
YOUTUBE_HPPEXP_IPHONE5SB_id43_s1_120.png,1,VALID,-57.9375,38.71875,38.0,-97.05325,LCC-FASD external-dev / cross-domain stress set,False
YOUTUBE_HPPEXP_IPHONE5SB_id43_s1_135.png,1,VALID,-31.8125,21.609375,19.6875,-53.55844,LCC-FASD external-dev / cross-domain stress set,False
YOUTUBE_HPPEXP_IPHONE5SB_id43_s1_150.png,1,VALID,-78.0625,54.4375,49.46875,-132.50693,LCC-FASD external-dev / cross-domain stress set,False
YOUTUBE_HPPEXP_IPHONE5SB_id48_s1_15.png,1,VALID,41.25,-28.296875,-29.359375,69.250046,LCC-FASD external-dev / cross-domain stress set,True
YOUTUBE_HPPEXP_IPHONE5SB_id48_s1_30.png,1,VALID,18.296875,-12.1796875,-14.2890625,30.36206,LCC-FASD external-dev / cross-domain stress set,True
YOUTUBE_HPPEXP_IPHONE5SB_id48_s1_45.png,1,VALID,-14.75,10.2578125,8.03125,-25.11028,LCC-FASD external-dev / cross-domain stress set,False
YOUTUBE_HPPEXP_IPHONE5SB_id48_s1_60.png,1,VALID,28.953125,-19.40625,-21.515625,48.244873,LCC-FASD external-dev / cross-domain stress set,True
YOUTUBE_HPPEXP_IPHONE5SB_id48_s1_75.png,1,VALID,17.28125,-11.53125,-13.703125,28.704575,LCC-FASD external-dev / cross-domain stress set,True
YOUTUBE_HPPEXP_IPHONE5SB_id48_s1_90.png,1,VALID,-43.46875,29.65625,27.640625,-73.25008,LCC-FASD external-dev / cross-domain stress set,False
YOUTUBE_HPPEXP_IPHONE5SB_id48_s1_105.png,1,VALID,1.6494141,-1.0380859,-2.9472656,2.5493028,LCC-FASD external-dev / cross-domain stress set,False
YOUTUBE_HPPEXP_IPHONE5SB_id48_s1_120.png,1,VALID,55.0,-37.5,-38.90625,92.280815,LCC-FASD external-dev / cross-domain stress set,True
YOUTUBE_HPPEXP_IPHONE5SB_id48_s1_135.png,1,VALID,-18.4375,12.9921875,10.2734375,-31.49356,LCC-FASD external-dev / cross-domain stress set,False
YOUTUBE_HPPEXP_IPHONE5SB_id48_s1_150.png,1,VALID,53.15625,-36.59375,-37.4375,89.39226,LCC-FASD external-dev / cross-domain stress set,True
YOUTUBE_I2369VM_HONOR7X_id39_s0_15.png,1,VALID,-69.125,45.9375,46.25,-115.92406,LCC-FASD external-dev / cross-domain stress set,False
YOUTUBE_I2369VM_HONOR7X_id39_s0_31.png,1,VALID,-19.5625,12.984375,11.78125,-32.809433,LCC-FASD external-dev / cross-domain stress set,False
YOUTUBE_I2369VM_HONOR7X_id39_s0_46.png,1,VALID,-46.0625,31.4375,29.3125,-77.61282,LCC-FASD external-dev / cross-domain stress set,False
YOUTUBE_I2369VM_HONOR7X_id39_s0_66.png,1,VALID,-60.9375,40.40625,40.65625,-102.16969,LCC-FASD external-dev / cross-domain stress set,False
YOUTUBE_I2369VM_HONOR7X_id48_s1_15.png,1,VALID,-64.3125,44.40625,41.03125,-108.752396,LCC-FASD external-dev / cross-domain stress set,False
YOUTUBE_I2369VM_HONOR7X_id48_s1_30.png,1,VALID,-65.75,44.46875,42.84375,-110.3985,LCC-FASD external-dev / cross-domain stress set,False
YOUTUBE_I2369VM_HONOR7X_id48_s1_45.png,1,VALID,-74.875,51.21875,48.4375,-126.15387,LCC-FASD external-dev / cross-domain stress set,False
YOUTUBE_I2369VM_HONOR7X_id48_s1_60.png,1,VALID,-59.09375,40.28125,38.0,-99.47227,LCC-FASD external-dev / cross-domain stress set,False
YOUTUBE_I2369VM_HONOR7X_id48_s1_75.png,1,VALID,-72.0,49.25,46.5625,-121.315834,LCC-FASD external-dev / cross-domain stress set,False
YOUTUBE_I2369VM_HONOR7X_id48_s1_90.png,1,VALID,-84.75,56.15625,56.8125,-141.98041,LCC-FASD external-dev / cross-domain stress set,False
YOUTUBE_I2369VM_HONOR7X_id48_s1_105.png,1,VALID,-71.25,48.25,46.46875,-119.655655,LCC-FASD external-dev / cross-domain stress set,False
YOUTUBE_I2369VM_HONOR7X_id48_s1_120.png,1,VALID,-75.9375,52.625,48.5625,-128.57956,LCC-FASD external-dev / cross-domain stress set,False
YOUTUBE_I2369VM_HONOR7X_id48_s1_135.png,1,VALID,-77.25,52.5,50.3125,-129.85634,LCC-FASD external-dev / cross-domain stress set,False
YOUTUBE_I2369VM_HONOR7X_id48_s1_150.png,1,VALID,-36.1875,24.875,22.5,-61.15144,LCC-FASD external-dev / cross-domain stress set,False
YOUTUBE_IIYAMAGB_GZS4020_id29_s0_105.png,1,VALID,-18.515625,13.265625,10.078125,-31.821697,LCC-FASD external-dev / cross-domain stress set,False
YOUTUBE_HP3165NGW_IPADA1893_id48_s1_15.png,1,VALID,-7.53125,4.515625,4.0117188,-12.519479,LCC-FASD external-dev / cross-domain stress set,False
YOUTUBE_HP3165NGW_IPADA1893_id48_s1_30.png,1,VALID,-39.625,25.609375,26.796875,-66.688065,LCC-FASD external-dev / cross-domain stress set,False
YOUTUBE_HP3165NGW_IPADA1893_id48_s1_45.png,1,VALID,-68.625,45.34375,46.34375,-115.28201,LCC-FASD external-dev / cross-domain stress set,False
YOUTUBE_HP3165NGW_IPADA1893_id48_s1_60.png,1,VALID,-55.125,36.53125,36.84375,-92.51781,LCC-FASD external-dev / cross-domain stress set,False
YOUTUBE_HP3165NGW_IPADA1893_id48_s1_75.png,1,VALID,6.5507812,-5.6054688,-4.9648438,11.092344,LCC-FASD external-dev / cross-domain stress set,True
YOUTUBE_HP3165NGW_IPADA1893_id48_s1_90.png,1,VALID,-67.1875,43.40625,46.0625,-113.317856,LCC-FASD external-dev / cross-domain stress set,False
YOUTUBE_HP3165NGW_IPADA1893_id48_s1_105.png,1,VALID,-57.875,37.875,39.03125,-97.17983,LCC-FASD external-dev / cross-domain stress set,False
YOUTUBE_HP3165NGW_IPADA1893_id48_s1_120.png,1,VALID,-91.3125,60.28125,62.0,-153.47742,LCC-FASD external-dev / cross-domain stress set,False
YOUTUBE_HP3165NGW_IPADA1893_id48_s1_135.png,1,VALID,-62.625,41.84375,41.40625,-104.96689,LCC-FASD external-dev / cross-domain stress set,False
YOUTUBE_HP3165NGW_IPADA1893_id48_s1_150.png,1,VALID,-77.4375,50.96875,52.59375,-130.211,LCC-FASD external-dev / cross-domain stress set,False
YOUTUBE_HPE17J001ER_REDMIN3P_id39_s0_16.png,1,VALID,-89.0,58.375,60.78125,-149.86757,LCC-FASD external-dev / cross-domain stress set,False
YOUTUBE_HPE17J001ER_REDMIN3P_id39_s0_34.png,1,VALID,-38.625,25.890625,24.71875,-64.78549,LCC-FASD external-dev / cross-domain stress set,False
YOUTUBE_HPE17J001ER_REDMIN3P_id39_s0_49.png,1,VALID,-38.59375,25.765625,24.890625,-64.70782,LCC-FASD external-dev / cross-domain stress set,False
YOUTUBE_HPE17J001ER_REDMIN3P_id39_s0_68.png,1,VALID,-63.40625,41.53125,42.8125,-106.463806,LCC-FASD external-dev / cross-domain stress set,False
YOUTUBE_HPE17J001ER_REDMIN3P_id43_s0_15.png,1,VALID,15.4609375,-11.4453125,-11.2578125,26.114964,LCC-FASD external-dev / cross-domain stress set,True
YOUTUBE_HPE17J001ER_REDMIN3P_id43_s0_30.png,1,VALID,-19.6875,12.71875,12.3984375,-32.95201,LCC-FASD external-dev / cross-domain stress set,False
YOUTUBE_HPE17J001ER_REDMIN3P_id43_s0_46.png,1,VALID,7.71875,-6.4414062,-5.6914062,13.023285,LCC-FASD external-dev / cross-domain stress set,True
YOUTUBE_HPE17J001ER_REDMIN3P_id43_s0_61.png,1,VALID,22.640625,-16.734375,-15.7890625,38.10142,LCC-FASD external-dev / cross-domain stress set,True
YOUTUBE_HPE17J001ER_REDMIN3P_id43_s0_76.png,1,VALID,42.09375,-29.78125,-29.0625,70.75925,LCC-FASD external-dev / cross-domain stress set,True
YOUTUBE_HPE17J001ER_REDMIN3P_id43_s0_91.png,1,VALID,32.625,-23.390625,-22.625,54.868114,LCC-FASD external-dev / cross-domain stress set,True
YOUTUBE_HPE17J001ER_REDMIN3P_id43_s0_118.png,1,VALID,-1.0371094,-0.83447266,0.6010742,-1.8516688,LCC-FASD external-dev / cross-domain stress set,False
YOUTUBE_HPE17J001ER_REDMIN3P_id43_s0_133.png,1,VALID,13.8125,-10.8359375,-9.75,23.271633,LCC-FASD external-dev / cross-domain stress set,True
YOUTUBE_HPE17J001ER_REDMIN3P_id43_s0_148.png,1,VALID,12.6328125,-9.7734375,-9.1328125,21.342344,LCC-FASD external-dev / cross-domain stress set,True
YOUTUBE_HPE17J001ER_REDMIN3P_id43_s0_163.png,1,VALID,-13.3203125,8.609375,7.7617188,-22.286255,LCC-FASD external-dev / cross-domain stress set,False
YOUTUBE_HPE17J001ER_REDMIN3P_id43_s1_15.png,1,VALID,64.0625,-44.46875,-44.25,107.72276,LCC-FASD external-dev / cross-domain stress set,True
YOUTUBE_HPE17J001ER_REDMIN3P_id43_s1_30.png,1,VALID,42.96875,-30.1875,-29.71875,72.20151,LCC-FASD external-dev / cross-domain stress set,True
YOUTUBE_HPE17J001ER_REDMIN3P_id43_s1_45.png,1,VALID,27.265625,-19.734375,-18.96875,45.85249,LCC-FASD external-dev / cross-domain stress set,True
YOUTUBE_HPE17J001ER_REDMIN3P_id43_s1_60.png,1,VALID,70.1875,-48.84375,-48.21875,117.977554,LCC-FASD external-dev / cross-domain stress set,True
YOUTUBE_HPE17J001ER_REDMIN3P_id43_s1_75.png,1,VALID,89.1875,-61.40625,-61.40625,149.9006,LCC-FASD external-dev / cross-domain stress set,True
YOUTUBE_HPE17J001ER_REDMIN3P_id43_s1_90.png,1,VALID,62.59375,-43.71875,-43.09375,105.258804,LCC-FASD external-dev / cross-domain stress set,True
YOUTUBE_HPE17J001ER_REDMIN3P_id43_s1_105.png,1,VALID,56.25,-39.15625,-38.96875,94.61496,LCC-FASD external-dev / cross-domain stress set,True
YOUTUBE_HPE17J001ER_REDMIN3P_id43_s1_120.png,1,VALID,79.125,-54.71875,-54.46875,133.0178,LCC-FASD external-dev / cross-domain stress set,True
YOUTUBE_HPE17J001ER_REDMIN3P_id43_s1_135.png,1,VALID,74.75,-51.78125,-51.5625,125.72276,LCC-FASD external-dev / cross-domain stress set,True
YOUTUBE_HPE17J001ER_REDMIN3P_id43_s1_150.png,1,VALID,80.75,-55.96875,-55.4375,135.7251,LCC-FASD external-dev / cross-domain stress set,True
YOUTUBE_HPE17J001ER_REDMIN3P_id48_s1_15.png,1,VALID,20.796875,-15.1796875,-14.7578125,35.050392,LCC-FASD external-dev / cross-domain stress set,True
YOUTUBE_HPE17J001ER_REDMIN3P_id48_s1_30.png,1,VALID,9.4765625,-6.8867188,-7.7578125,16.013685,LCC-FASD external-dev / cross-domain stress set,True
YOUTUBE_HPE17J001ER_REDMIN3P_id48_s1_45.png,1,VALID,-4.3242188,2.5488281,1.6708984,-7.2206306,LCC-FASD external-dev / cross-domain stress set,False
YOUTUBE_HPE17J001ER_REDMIN3P_id48_s1_63.png,1,VALID,47.0,-32.84375,-32.875,79.16611,LCC-FASD external-dev / cross-domain stress set,True
YOUTUBE_HPE17J001ER_REDMIN3P_id48_s1_78.png,1,VALID,2.46875,-2.5683594,-2.5117188,4.315241,LCC-FASD external-dev / cross-domain stress set,False
YOUTUBE_HPE17J001ER_REDMIN3P_id48_s1_93.png,1,VALID,-11.359375,7.3710938,6.2539062,-19.013538,LCC-FASD external-dev / cross-domain stress set,False
YOUTUBE_HPE17J001ER_REDMIN3P_id48_s1_112.png,1,VALID,80.125,-55.0,-55.5625,134.67406,LCC-FASD external-dev / cross-domain stress set,True
YOUTUBE_HPE17J001ER_REDMIN3P_id48_s1_127.png,1,VALID,0.38867188,-0.8046875,-1.5058594,0.79056203,LCC-FASD external-dev / cross-domain stress set,False
YOUTUBE_HPE17J001ER_REDMIN3P_id48_s1_142.png,1,VALID,35.3125,-24.671875,-25.0,59.441895,LCC-FASD external-dev / cross-domain stress set,True
YOUTUBE_HPE17J001ER_REDMIN3P_id48_s1_157.png,1,VALID,8.3671875,-6.1875,-6.921875,14.162777,LCC-FASD external-dev / cross-domain stress set,True
YOUTUBE_HPE17J001ER_ZSZD551KL_id48_s0_15.png,1,VALID,-26.015625,17.65625,15.78125,-43.814552,LCC-FASD external-dev / cross-domain stress set,False
YOUTUBE_HPE17J001ER_ZSZD551KL_id48_s0_30.png,1,VALID,-36.40625,25.109375,22.515625,-61.587704,LCC-FASD external-dev / cross-domain stress set,False
YOUTUBE_HPE17J001ER_ZSZD551KL_id48_s0_45.png,1,VALID,-23.953125,16.640625,14.0546875,-40.666374,LCC-FASD external-dev / cross-domain stress set,False
YOUTUBE_HPE17J001ER_ZSZD551KL_id48_s0_60.png,1,VALID,-7.546875,4.5117188,3.9707031,-12.517383,LCC-FASD external-dev / cross-domain stress set,False
YOUTUBE_HPE17J001ER_ZSZD551KL_id48_s0_105.png,1,VALID,-4.8984375,2.90625,1.9355469,-8.125914,LCC-FASD external-dev / cross-domain stress set,False
YOUTUBE_HPE17J001ER_ZSZD551KL_id48_s0_120.png,1,VALID,-2.9257812,1.9208984,0.29785156,-5.026746,LCC-FASD external-dev / cross-domain stress set,False
YOUTUBE_HPE17J001ER_ZSZD551KL_id48_s0_135.png,1,VALID,-9.2578125,6.2265625,4.5703125,-15.659045,LCC-FASD external-dev / cross-domain stress set,False
YOUTUBE_HPE17J001ER_ZSZD551KL_id48_s0_150.png,1,VALID,1.0351562,-0.6821289,-2.4707031,1.5626788,LCC-FASD external-dev / cross-domain stress set,False
YOUTUBE_HP250_MEIZUM3S_id39_s1_31.png,1,VALID,-57.75,39.5625,37.03125,-97.38905,LCC-FASD external-dev / cross-domain stress set,False
YOUTUBE_HP250_MEIZUM3S_id39_s1_56.png,1,VALID,-69.6875,48.21875,44.5,-117.93022,LCC-FASD external-dev / cross-domain stress set,False
YOUTUBE_HP250_MEIZUM3S_id39_s1_86.png,1,VALID,-50.28125,34.96875,31.484375,-85.28021,LCC-FASD external-dev / cross-domain stress set,False
YOUTUBE_HP250_MEIZUM3S_id39_s1_101.png,1,VALID,-66.875,46.0625,42.78125,-112.974396,LCC-FASD external-dev / cross-domain stress set,False
YOUTUBE_HP250_MEIZUM3S_id39_s1_116.png,1,VALID,-54.59375,37.46875,34.71875,-92.124466,LCC-FASD external-dev / cross-domain stress set,False
YOUTUBE_HP250_MEIZUM3S_id39_s1_131.png,1,VALID,-38.625,27.046875,23.4375,-65.698586,LCC-FASD external-dev / cross-domain stress set,False
YOUTUBE_HP250_MEIZUM3S_id42_s0_15.png,1,VALID,-84.0625,58.09375,54.125,-142.17497,LCC-FASD external-dev / cross-domain stress set,False
YOUTUBE_HP250_MEIZUM3S_id42_s0_30.png,1,VALID,-77.625,53.6875,49.875,-131.33435,LCC-FASD external-dev / cross-domain stress set,False
YOUTUBE_HP250_MEIZUM3S_id42_s0_45.png,1,VALID,-109.0,74.8125,71.3125,-183.84225,LCC-FASD external-dev / cross-domain stress set,False
YOUTUBE_HP250_MEIZUM3S_id42_s0_60.png,1,VALID,-102.0625,69.25,67.5,-171.47272,LCC-FASD external-dev / cross-domain stress set,False
YOUTUBE_HP250_MEIZUM3S_id42_s0_75.png,1,VALID,-78.25,53.875,50.5,-132.15865,LCC-FASD external-dev / cross-domain stress set,False
YOUTUBE_HP250_MEIZUM3S_id42_s0_90.png,1,VALID,-70.75,49.375,44.71875,-120.13446,LCC-FASD external-dev / cross-domain stress set,False
YOUTUBE_HP250_MEIZUM3S_id42_s0_105.png,1,VALID,-94.125,65.1875,60.59375,-159.32257,LCC-FASD external-dev / cross-domain stress set,False
YOUTUBE_HP250_MEIZUM3S_id42_s0_120.png,1,VALID,-72.875,51.03125,46.0,-123.91276,LCC-FASD external-dev / cross-domain stress set,False
YOUTUBE_HP250_MEIZUM3S_id42_s0_135.png,1,VALID,-82.6875,56.9375,53.40625,-139.65384,LCC-FASD external-dev / cross-domain stress set,False
YOUTUBE_HP250_MEIZUM3S_id42_s0_150.png,1,VALID,-87.625,60.65625,56.34375,-148.29456,LCC-FASD external-dev / cross-domain stress set,False
YOUTUBE_HP250_MEIZUM3S_id42_s1_75.png,1,VALID,-115.5,78.125,76.9375,-193.89119,LCC-FASD external-dev / cross-domain stress set,False
YOUTUBE_HP250_SGJ7_id39_s1_29.png,1,VALID,-56.78125,39.28125,35.875,-96.09512,LCC-FASD external-dev / cross-domain stress set,False
YOUTUBE_HP250_SGJ7_id39_s1_59.png,1,VALID,-91.9375,62.4375,60.5,-154.50958,LCC-FASD external-dev / cross-domain stress set,False
YOUTUBE_HP250_SGJ7_id39_s1_74.png,1,VALID,-66.9375,46.4375,42.4375,-113.39315,LCC-FASD external-dev / cross-domain stress set,False
YOUTUBE_HP250_SGJ7_id39_s1_94.png,1,VALID,-94.8125,65.25,61.4375,-160.08435,LCC-FASD external-dev / cross-domain stress set,False
YOUTUBE_HP250_SGJ7_id39_s1_109.png,1,VALID,-69.5625,47.84375,44.5,-117.44095,LCC-FASD external-dev / cross-domain stress set,False
YOUTUBE_HP250_SGJ7_id39_s1_124.png,1,VALID,-77.0625,53.0625,49.53125,-130.15384,LCC-FASD external-dev / cross-domain stress set,False
YOUTUBE_HP250G6_XPERIAZ5_id48_s1_17.png,1,VALID,-20.484375,13.2109375,13.1875,-34.37681,LCC-FASD external-dev / cross-domain stress set,False
YOUTUBE_HP250G6_XPERIAZ5_id48_s1_32.png,1,VALID,-67.375,46.1875,43.6875,-113.64139,LCC-FASD external-dev / cross-domain stress set,False
YOUTUBE_HP250G6_XPERIAZ5_id48_s1_47.png,1,VALID,-63.71875,43.1875,41.8125,-107.13167,LCC-FASD external-dev / cross-domain stress set,False
YOUTUBE_HP250G6_XPERIAZ5_id48_s1_62.png,1,VALID,-55.34375,38.28125,35.28125,-93.673584,LCC-FASD external-dev / cross-domain stress set,False
YOUTUBE_HP250G6_XPERIAZ5_id48_s1_77.png,1,VALID,-64.875,44.96875,41.59375,-109.877396,LCC-FASD external-dev / cross-domain stress set,False
YOUTUBE_HP250G6_XPERIAZ5_id48_s1_92.png,1,VALID,-64.8125,45.0625,41.28125,-109.89754,LCC-FASD external-dev / cross-domain stress set,False
YOUTUBE_HP250G6_XPERIAZ5_id48_s1_128.png,1,VALID,-28.78125,20.609375,17.0625,-49.419033,LCC-FASD external-dev / cross-domain stress set,False
YOUTUBE_HP250G6_XPERIAZ5_id48_s1_143.png,1,VALID,-69.0,48.21875,43.53125,-117.22792,LCC-FASD external-dev / cross-domain stress set,False
YOUTUBE_HP250G6_XPERIAZ5_id48_s1_158.png,1,VALID,-64.625,45.34375,40.6875,-109.97821,LCC-FASD external-dev / cross-domain stress set,False
YOUTUBE_HP3165NGW_IPADA1893_id39_s0_17.png,1,VALID,-76.625,50.65625,51.71875,-128.64058,LCC-FASD external-dev / cross-domain stress set,False
YOUTUBE_HP3165NGW_IPADA1893_id39_s0_34.png,1,VALID,-108.3125,73.6875,71.75,-182.13458,LCC-FASD external-dev / cross-domain stress set,False
YOUTUBE_HP3165NGW_IPADA1893_id39_s0_49.png,1,VALID,-89.625,59.8125,60.3125,-150.41158,LCC-FASD external-dev / cross-domain stress set,False
YOUTUBE_HP3165NGW_IPADA1893_id43_s0_15.png,1,VALID,-7.6289062,3.3339844,5.4179688,-13.164154,LCC-FASD external-dev / cross-domain stress set,False
YOUTUBE_HP3165NGW_IPADA1893_id43_s0_30.png,1,VALID,-34.6875,22.28125,23.328125,-58.316494,LCC-FASD external-dev / cross-domain stress set,False
YOUTUBE_HP3165NGW_IPADA1893_id43_s0_45.png,1,VALID,-70.0625,45.78125,47.75,-117.94321,LCC-FASD external-dev / cross-domain stress set,False
YOUTUBE_HP3165NGW_IPADA1893_id43_s0_60.png,1,VALID,-5.7539062,2.3027344,4.03125,-9.94859,LCC-FASD external-dev / cross-domain stress set,False
YOUTUBE_HP3165NGW_IPADA1893_id43_s0_75.png,1,VALID,20.03125,-15.234375,-13.5546875,33.414986,LCC-FASD external-dev / cross-domain stress set,True
YOUTUBE_HP3165NGW_IPADA1893_id43_s0_90.png,1,VALID,-26.84375,17.25,17.671875,-45.01992,LCC-FASD external-dev / cross-domain stress set,False
YOUTUBE_HP3165NGW_IPADA1893_id43_s0_105.png,1,VALID,-1.1875,0.0061302185,0.05935669,-1.9137447,LCC-FASD external-dev / cross-domain stress set,False
YOUTUBE_HP3165NGW_IPADA1893_id43_s0_120.png,1,VALID,-79.625,53.59375,52.9375,-133.63666,LCC-FASD external-dev / cross-domain stress set,False
YOUTUBE_HP3165NGW_IPADA1893_id43_s0_135.png,1,VALID,5.2578125,-4.6367188,-4.1210938,8.9107,LCC-FASD external-dev / cross-domain stress set,True
YOUTUBE_HP3165NGW_IPADA1893_id43_s0_150.png,1,VALID,-48.90625,31.90625,32.90625,-82.12576,LCC-FASD external-dev / cross-domain stress set,False
YOUTUBE_HP3165NGW_IPADA1893_id43_s1_15.png,1,VALID,-64.9375,44.625,41.90625,-109.62637,LCC-FASD external-dev / cross-domain stress set,False
YOUTUBE_HP3165NGW_IPADA1893_id43_s1_30.png,1,VALID,-49.09375,33.15625,31.9375,-82.50897,LCC-FASD external-dev / cross-domain stress set,False
YOUTUBE_HP3165NGW_IPADA1893_id43_s1_45.png,1,VALID,-84.375,56.84375,56.125,-141.61575,LCC-FASD external-dev / cross-domain stress set,False
YOUTUBE_HP3165NGW_IPADA1893_id43_s1_60.png,1,VALID,-33.125,22.5625,20.78125,-55.84316,LCC-FASD external-dev / cross-domain stress set,False
YOUTUBE_HP3165NGW_IPADA1893_id43_s1_75.png,1,VALID,-40.15625,26.6875,26.296875,-67.360535,LCC-FASD external-dev / cross-domain stress set,False
YOUTUBE_HP3165NGW_IPADA1893_id43_s1_90.png,1,VALID,-104.4375,70.3125,69.875,-175.24814,LCC-FASD external-dev / cross-domain stress set,False
YOUTUBE_HP3165NGW_IPADA1893_id43_s1_105.png,1,VALID,-96.4375,65.0,64.375,-161.86621,LCC-FASD external-dev / cross-domain stress set,False
YOUTUBE_HP3165NGW_IPADA1893_id43_s1_120.png,1,VALID,-92.0625,62.4375,60.9375,-154.70142,LCC-FASD external-dev / cross-domain stress set,False
YOUTUBE_HP3165NGW_IPADA1893_id43_s1_135.png,1,VALID,-86.5,58.375,57.5625,-145.24225,LCC-FASD external-dev / cross-domain stress set,False
YOUTUBE_DV3360_LA6020A40_id42_s0_45.png,1,VALID,-40.71875,29.25,24.359375,-69.97624,LCC-FASD external-dev / cross-domain stress set,False
YOUTUBE_DV3360_LA6020A40_id42_s0_60.png,1,VALID,-39.125,27.21875,24.109375,-66.38741,LCC-FASD external-dev / cross-domain stress set,False
YOUTUBE_DV3360_LA6020A40_id42_s0_75.png,1,VALID,-43.71875,31.40625,26.171875,-75.13032,LCC-FASD external-dev / cross-domain stress set,False
YOUTUBE_DV3360_LA6020A40_id42_s1_15.png,1,VALID,-70.0625,47.96875,45.21875,-118.093216,LCC-FASD external-dev / cross-domain stress set,False
YOUTUBE_DV3360_LA6020A40_id42_s1_30.png,1,VALID,-80.8125,55.46875,52.28125,-136.3217,LCC-FASD external-dev / cross-domain stress set,False
YOUTUBE_DV3360_LA6020A40_id42_s1_45.png,1,VALID,-73.8125,51.15625,47.15625,-124.9869,LCC-FASD external-dev / cross-domain stress set,False
YOUTUBE_DV3360_LA6020A40_id42_s1_60.png,1,VALID,-28.875,19.890625,17.5625,-48.858643,LCC-FASD external-dev / cross-domain stress set,False
YOUTUBE_DV3360_LA6020A40_id42_s1_75.png,1,VALID,-40.5625,27.71875,25.53125,-68.38759,LCC-FASD external-dev / cross-domain stress set,False
YOUTUBE_HP15AC113UR_GZS5001_id39_s1_56.png,1,VALID,-54.375,37.71875,34.125,-92.12087,LCC-FASD external-dev / cross-domain stress set,False
YOUTUBE_HP15AC113UR_GZS5001_id39_s1_95.png,1,VALID,-31.578125,21.703125,19.21875,-53.361336,LCC-FASD external-dev / cross-domain stress set,False
YOUTUBE_HP15AC113UR_GZS5001_id39_s1_110.png,1,VALID,-17.28125,12.109375,9.546875,-29.464909,LCC-FASD external-dev / cross-domain stress set,False
YOUTUBE_HP15AC113UR_GZS5001_id39_s1_126.png,1,VALID,-15.21875,10.3671875,8.4453125,-25.722506,LCC-FASD external-dev / cross-domain stress set,False
YOUTUBE_HP15AC113UR_GZS5001_id42_s0_36.png,1,VALID,2.5527344,-1.6357422,-3.4433594,4.036576,LCC-FASD external-dev / cross-domain stress set,False
YOUTUBE_HP15AC113UR_GZS5001_id42_s0_51.png,1,VALID,40.34375,-27.859375,-28.546875,67.79578,LCC-FASD external-dev / cross-domain stress set,True
YOUTUBE_HP15AC113UR_GZS5001_id42_s0_66.png,1,VALID,20.984375,-14.4296875,-15.7109375,35.16901,LCC-FASD external-dev / cross-domain stress set,True
YOUTUBE_HP15AC113UR_GZS5001_id42_s0_81.png,1,VALID,16.078125,-11.0625,-12.3984375,26.907206,LCC-FASD external-dev / cross-domain stress set,True
YOUTUBE_HP15AC113UR_GZS5001_id42_s0_96.png,1,VALID,6.078125,-3.8789062,-6.0117188,9.845039,LCC-FASD external-dev / cross-domain stress set,True
YOUTUBE_HP15AC113UR_GZS5001_id42_s0_111.png,1,VALID,31.109375,-21.453125,-22.4375,52.24501,LCC-FASD external-dev / cross-domain stress set,True
YOUTUBE_HP15AC113UR_GZS5001_id42_s0_126.png,1,VALID,-13.2734375,9.640625,6.7304688,-22.967098,LCC-FASD external-dev / cross-domain stress set,False
YOUTUBE_HP15AC113UR_GZS5001_id42_s0_141.png,1,VALID,-0.2166748,0.3251953,-1.65625,-0.6710281,LCC-FASD external-dev / cross-domain stress set,False
YOUTUBE_HP15AC113UR_GZS5001_id42_s0_156.png,1,VALID,12.703125,-8.6015625,-10.25,21.128761,LCC-FASD external-dev / cross-domain stress set,True
YOUTUBE_HP15AC113UR_GZS5001_id42_s0_171.png,1,VALID,-11.7890625,8.6953125,5.6484375,-20.530788,LCC-FASD external-dev / cross-domain stress set,False
YOUTUBE_HP15AC113UR_GZS5001_id48_s0_15.png,1,VALID,-38.09375,25.390625,24.625,-63.86626,LCC-FASD external-dev / cross-domain stress set,False
YOUTUBE_HP15AC113UR_GZS5001_id48_s0_30.png,1,VALID,-44.21875,31.0,27.28125,-75.24272,LCC-FASD external-dev / cross-domain stress set,False
YOUTUBE_HP15AC113UR_GZS5001_id48_s0_45.png,1,VALID,-18.515625,13.171875,10.3046875,-31.742802,LCC-FASD external-dev / cross-domain stress set,False
YOUTUBE_HP15AC113UR_GZS5001_id48_s0_60.png,1,VALID,-22.09375,14.984375,13.25,-37.240677,LCC-FASD external-dev / cross-domain stress set,False
YOUTUBE_HP15AC113UR_GZS5001_id48_s0_75.png,1,VALID,-5.8828125,3.9492188,2.3417969,-10.0146885,LCC-FASD external-dev / cross-domain stress set,False
YOUTUBE_HP15AC113UR_GZS5001_id48_s0_90.png,1,VALID,-22.46875,15.6328125,13.0078125,-38.171497,LCC-FASD external-dev / cross-domain stress set,False
YOUTUBE_HP15AC113UR_GZS5001_id48_s0_105.png,1,VALID,-20.734375,13.8359375,12.46875,-34.797306,LCC-FASD external-dev / cross-domain stress set,False
YOUTUBE_HP15AC113UR_GZS5001_id48_s0_120.png,1,VALID,-36.9375,25.515625,22.875,-62.52201,LCC-FASD external-dev / cross-domain stress set,False
YOUTUBE_HP15AC113UR_GZS5001_id48_s0_135.png,1,VALID,-12.5390625,8.8671875,6.3398438,-21.483091,LCC-FASD external-dev / cross-domain stress set,False
YOUTUBE_HP15AC113UR_GZS5001_id48_s0_150.png,1,VALID,16.96875,-11.828125,-12.9921875,28.525158,LCC-FASD external-dev / cross-domain stress set,True
YOUTUBE_HP250G6_XPERIAZ5_id43_s0_15.png,1,VALID,-49.6875,32.03125,33.6875,-83.54967,LCC-FASD external-dev / cross-domain stress set,False
YOUTUBE_HP250G6_XPERIAZ5_id43_s0_30.png,1,VALID,-72.0625,48.25,47.875,-120.835625,LCC-FASD external-dev / cross-domain stress set,False
YOUTUBE_HP250G6_XPERIAZ5_id43_s0_47.png,1,VALID,-57.78125,38.8125,37.9375,-96.9422,LCC-FASD external-dev / cross-domain stress set,False
YOUTUBE_HP250G6_XPERIAZ5_id43_s0_66.png,1,VALID,-51.53125,33.84375,34.40625,-86.38844,LCC-FASD external-dev / cross-domain stress set,False
YOUTUBE_HP250G6_XPERIAZ5_id43_s0_81.png,1,VALID,-47.6875,30.875,32.21875,-80.13805,LCC-FASD external-dev / cross-domain stress set,False
YOUTUBE_HP250G6_XPERIAZ5_id43_s0_96.png,1,VALID,-54.8125,35.84375,36.9375,-92.038895,LCC-FASD external-dev / cross-domain stress set,False
YOUTUBE_HP250G6_XPERIAZ5_id43_s0_118.png,1,VALID,-78.375,51.8125,52.8125,-131.50076,LCC-FASD external-dev / cross-domain stress set,False
YOUTUBE_HP250G6_XPERIAZ5_id43_s0_133.png,1,VALID,-76.5625,51.375,50.8125,-128.38844,LCC-FASD external-dev / cross-domain stress set,False
YOUTUBE_HP250G6_XPERIAZ5_id43_s0_148.png,1,VALID,-61.15625,41.34375,39.96875,-102.72542,LCC-FASD external-dev / cross-domain stress set,False
YOUTUBE_HP250G6_XPERIAZ5_id43_s0_164.png,1,VALID,-90.125,59.5,60.96875,-151.30093,LCC-FASD external-dev / cross-domain stress set,False
YOUTUBE_HP250G6_XPERIAZ5_id43_s1_15.png,1,VALID,-25.734375,17.28125,15.84375,-43.228737,LCC-FASD external-dev / cross-domain stress set,False
YOUTUBE_HP250G6_XPERIAZ5_id43_s1_30.png,1,VALID,-8.1484375,4.9453125,4.5898438,-13.624875,LCC-FASD external-dev / cross-domain stress set,False
YOUTUBE_HP250G6_XPERIAZ5_id43_s1_46.png,1,VALID,-4.953125,3.1894531,1.7773438,-8.360612,LCC-FASD external-dev / cross-domain stress set,False
YOUTUBE_HP250G6_XPERIAZ5_id43_s1_61.png,1,VALID,34.625,-23.78125,-24.765625,58.08876,LCC-FASD external-dev / cross-domain stress set,True
YOUTUBE_HP250G6_XPERIAZ5_id43_s1_76.png,1,VALID,-21.46875,14.125,13.3984375,-35.9882,LCC-FASD external-dev / cross-domain stress set,False
YOUTUBE_HP250G6_XPERIAZ5_id43_s1_92.png,1,VALID,12.2421875,-8.8203125,-9.3515625,20.600107,LCC-FASD external-dev / cross-domain stress set,True
YOUTUBE_HP250G6_XPERIAZ5_id43_s1_107.png,1,VALID,2.7167969,-2.3632812,-2.7167969,4.5481477,LCC-FASD external-dev / cross-domain stress set,False
YOUTUBE_HP250G6_XPERIAZ5_id43_s1_122.png,1,VALID,11.6796875,-8.5390625,-8.9921875,19.726717,LCC-FASD external-dev / cross-domain stress set,True
YOUTUBE_HP250G6_XPERIAZ5_id43_s1_137.png,1,VALID,-0.23657227,-0.63964844,-0.49609375,-0.36442214,LCC-FASD external-dev / cross-domain stress set,False
YOUTUBE_HP250G6_XPERIAZ5_id43_s1_152.png,1,VALID,-2.8417969,0.94873047,1.2373047,-4.638335,LCC-FASD external-dev / cross-domain stress set,False
YOUTUBE_HP250G6_XPERIAZ5_id48_s1_107.png,1,VALID,-56.875,39.5,35.9375,-96.40297,LCC-FASD external-dev / cross-domain stress set,False
YOUTUBE_DIGUNKNOWN_IPHONE5SF_id42_s1_95.png,1,VALID,-75.1875,51.59375,48.71875,-126.836136,LCC-FASD external-dev / cross-domain stress set,False
YOUTUBE_DLE6540_HTCDEYE_id39_s1_15.png,1,VALID,-25.78125,17.0,16.15625,-43.138992,LCC-FASD external-dev / cross-domain stress set,False
YOUTUBE_DLE6540_HTCDEYE_id39_s1_53.png,1,VALID,-54.71875,35.75,36.84375,-91.851395,LCC-FASD external-dev / cross-domain stress set,False
YOUTUBE_DLE6540_HTCDEYE_id39_s1_68.png,1,VALID,-26.203125,17.703125,15.9609375,-44.067635,LCC-FASD external-dev / cross-domain stress set,False
YOUTUBE_DLE6540_HTCDEYE_id39_s1_83.png,1,VALID,-25.109375,17.53125,14.65625,-42.695507,LCC-FASD external-dev / cross-domain stress set,False
YOUTUBE_DLE6540_HTCDEYE_id39_s1_98.png,1,VALID,-23.75,16.046875,14.375,-39.969055,LCC-FASD external-dev / cross-domain stress set,False
YOUTUBE_DLE6540_HTCDEYE_id39_s1_113.png,1,VALID,-22.171875,14.5703125,13.6796875,-37.08606,LCC-FASD external-dev / cross-domain stress set,False
YOUTUBE_DLE6540_HTCDEYE_id39_s1_128.png,1,VALID,-16.828125,11.5234375,9.5078125,-28.47664,LCC-FASD external-dev / cross-domain stress set,False
YOUTUBE_DLE6540_HTCDEYE_id42_s0_15.png,1,VALID,32.8125,-22.578125,-23.640625,55.093792,LCC-FASD external-dev / cross-domain stress set,True
YOUTUBE_DLE6540_HTCDEYE_id42_s0_30.png,1,VALID,34.4375,-23.828125,-24.640625,57.898384,LCC-FASD external-dev / cross-domain stress set,True
YOUTUBE_DLE6540_HTCDEYE_id42_s0_45.png,1,VALID,24.1875,-16.59375,-17.96875,40.55584,LCC-FASD external-dev / cross-domain stress set,True
YOUTUBE_DLE6540_HTCDEYE_id42_s0_60.png,1,VALID,20.46875,-14.2734375,-15.234375,34.41827,LCC-FASD external-dev / cross-domain stress set,True
YOUTUBE_DLE6540_HTCDEYE_id42_s0_75.png,1,VALID,0.018127441,0.18054199,-1.9199219,-0.27788353,LCC-FASD external-dev / cross-domain stress set,False
YOUTUBE_DLE6540_HTCDEYE_id42_s0_90.png,1,VALID,2.7421875,-1.8613281,-3.5820312,4.4388995,LCC-FASD external-dev / cross-domain stress set,False
YOUTUBE_DLE6540_HTCDEYE_id42_s0_105.png,1,VALID,8.0703125,-5.53125,-7.1914062,13.427517,LCC-FASD external-dev / cross-domain stress set,True
YOUTUBE_DLE6540_HTCDEYE_id42_s0_120.png,1,VALID,3.9941406,-2.671875,-4.4726562,6.513149,LCC-FASD external-dev / cross-domain stress set,False
YOUTUBE_DLE6540_HTCDEYE_id42_s0_135.png,1,VALID,17.96875,-12.34375,-13.75,30.093315,LCC-FASD external-dev / cross-domain stress set,True
YOUTUBE_DLE6540_HTCDEYE_id42_s0_150.png,1,VALID,-2.9472656,2.2089844,0.039276123,-5.2643967,LCC-FASD external-dev / cross-domain stress set,False
YOUTUBE_DLE6540_HTCDEYE_id42_s1_15.png,1,VALID,-22.59375,15.2265625,13.6015625,-38.000057,LCC-FASD external-dev / cross-domain stress set,False
YOUTUBE_DLE6540_HTCDEYE_id42_s1_30.png,1,VALID,21.390625,-14.1484375,-16.625,35.458374,LCC-FASD external-dev / cross-domain stress set,True
YOUTUBE_DLE6540_HTCDEYE_id42_s1_45.png,1,VALID,36.96875,-24.875,-27.078125,61.738976,LCC-FASD external-dev / cross-domain stress set,True
YOUTUBE_DLE6540_HTCDEYE_id42_s1_60.png,1,VALID,33.75,-22.640625,-24.90625,56.2919,LCC-FASD external-dev / cross-domain stress set,True
YOUTUBE_DLE6540_HTCDEYE_id42_s1_75.png,1,VALID,10.515625,-6.4648438,-9.59375,16.937634,LCC-FASD external-dev / cross-domain stress set,True
YOUTUBE_DLE6540_HTCDEYE_id42_s1_90.png,1,VALID,12.2578125,-7.9960938,-10.4140625,20.168552,LCC-FASD external-dev / cross-domain stress set,True
YOUTUBE_DLE6540_HTCDEYE_id42_s1_136.png,1,VALID,14.59375,-9.640625,-11.875,24.132668,LCC-FASD external-dev / cross-domain stress set,True
YOUTUBE_DLE6540_HTCDEYE_id42_s1_152.png,1,VALID,-5.1210938,4.015625,1.2226562,-9.196156,LCC-FASD external-dev / cross-domain stress set,False
YOUTUBE_DP2717H_HTCONEM9_id48_s0_15.png,1,VALID,-55.34375,38.59375,34.59375,-93.95565,LCC-FASD external-dev / cross-domain stress set,False
YOUTUBE_DP2717H_HTCONEM9_id48_s0_30.png,1,VALID,-51.375,35.5625,32.34375,-86.97673,LCC-FASD external-dev / cross-domain stress set,False
YOUTUBE_DP2717H_HTCONEM9_id48_s0_45.png,1,VALID,-35.6875,24.9375,21.625,-60.660778,LCC-FASD external-dev / cross-domain stress set,False
YOUTUBE_DP2717H_HTCONEM9_id48_s0_60.png,1,VALID,-39.15625,27.71875,23.5,-66.88961,LCC-FASD external-dev / cross-domain stress set,False
YOUTUBE_DP2717H_HTCONEM9_id48_s0_75.png,1,VALID,-39.9375,28.203125,24.0625,-68.15641,LCC-FASD external-dev / cross-domain stress set,False
YOUTUBE_DP2717H_HTCONEM9_id48_s0_90.png,1,VALID,-44.90625,31.59375,27.421875,-76.515305,LCC-FASD external-dev / cross-domain stress set,False
YOUTUBE_DP2717H_HTCONEM9_id48_s0_105.png,1,VALID,-47.3125,33.03125,29.34375,-80.36848,LCC-FASD external-dev / cross-domain stress set,False
YOUTUBE_DP2717H_HTCONEM9_id48_s0_120.png,1,VALID,-30.234375,21.578125,17.5625,-51.83037,LCC-FASD external-dev / cross-domain stress set,False
YOUTUBE_DP2717H_HTCONEM9_id48_s0_135.png,1,VALID,-41.96875,29.6875,25.359375,-71.66936,LCC-FASD external-dev / cross-domain stress set,False
YOUTUBE_DP2717H_HTCONEM9_id48_s0_150.png,1,VALID,-46.21875,31.90625,29.046875,-78.180725,LCC-FASD external-dev / cross-domain stress set,False
YOUTUBE_DV3360_LA6020A40_id39_s1_15.png,1,VALID,-50.5,34.375,32.28125,-84.9912,LCC-FASD external-dev / cross-domain stress set,False
YOUTUBE_DV3360_LA6020A40_id39_s1_30.png,1,VALID,-17.03125,11.1484375,10.1796875,-28.50145,LCC-FASD external-dev / cross-domain stress set,False
YOUTUBE_DV3360_LA6020A40_id39_s1_45.png,1,VALID,-53.0625,35.5,34.71875,-88.93945,LCC-FASD external-dev / cross-domain stress set,False
YOUTUBE_DV3360_LA6020A40_id39_s1_63.png,1,VALID,-31.5625,20.96875,20.0625,-52.8706,LCC-FASD external-dev / cross-domain stress set,False
YOUTUBE_DV3360_LA6020A40_id39_s1_78.png,1,VALID,-35.21875,23.9375,22.109375,-59.305286,LCC-FASD external-dev / cross-domain stress set,False
YOUTUBE_DV3360_LA6020A40_id39_s1_93.png,1,VALID,-56.3125,38.46875,35.96875,-94.86014,LCC-FASD external-dev / cross-domain stress set,False
YOUTUBE_DV3360_LA6020A40_id39_s1_108.png,1,VALID,-39.25,26.5625,24.828125,-65.97505,LCC-FASD external-dev / cross-domain stress set,False
YOUTUBE_DV3360_LA6020A40_id39_s1_123.png,1,VALID,-28.9375,19.90625,17.546875,-48.93403,LCC-FASD external-dev / cross-domain stress set,False
YOUTUBE_DV3360_LA6020A40_id42_s0_15.png,1,VALID,-13.8046875,10.7734375,6.2578125,-24.589003,LCC-FASD external-dev / cross-domain stress set,False
YOUTUBE_DV3360_LA6020A40_id42_s0_30.png,1,VALID,-23.34375,17.15625,12.8125,-40.5129,LCC-FASD external-dev / cross-domain stress set,False
YOUTUBE_DV3360_LA6020A40_id42_s0_106.png,1,VALID,-65.25,45.9375,40.90625,-111.19401,LCC-FASD external-dev / cross-domain stress set,False
YOUTUBE_DV3360_LA6020A40_id42_s0_128.png,1,VALID,-70.625,49.5625,44.6875,-120.19511,LCC-FASD external-dev / cross-domain stress set,False
YOUTUBE_DV3360_LA6020A40_id42_s0_143.png,1,VALID,-58.96875,41.6875,36.75,-100.6634,LCC-FASD external-dev / cross-domain stress set,False
YOUTUBE_DV3360_LA6020A40_id42_s0_158.png,1,VALID,-66.75,46.875,42.09375,-113.63335,LCC-FASD external-dev / cross-domain stress set,False
YOUTUBE_DV3360_LA6020A40_id42_s0_173.png,1,VALID,-28.21875,20.515625,16.140625,-48.746887,LCC-FASD external-dev / cross-domain stress set,False
YOUTUBE_C27F591FDI_LGG3D690_id43_s0_15.png,1,VALID,1.1279297,-1.7255859,-1.6035156,2.0974717,LCC-FASD external-dev / cross-domain stress set,False
YOUTUBE_C27F591FDI_LGG3D690_id43_s0_30.png,1,VALID,-7.6679688,4.046875,4.65625,-12.758394,LCC-FASD external-dev / cross-domain stress set,False
YOUTUBE_C27F591FDI_LGG3D690_id43_s0_46.png,1,VALID,-5.1210938,2.2324219,2.921875,-8.449667,LCC-FASD external-dev / cross-domain stress set,False
YOUTUBE_C27F591FDI_LGG3D690_id43_s0_61.png,1,VALID,0.43603516,-0.91259766,-1.4355469,0.8831583,LCC-FASD external-dev / cross-domain stress set,False
YOUTUBE_C27F591FDI_LGG3D690_id43_s0_76.png,1,VALID,-1.7734375,-0.53808594,1.2089844,-3.1430802,LCC-FASD external-dev / cross-domain stress set,False
YOUTUBE_C27F591FDI_LGG3D690_id43_s0_91.png,1,VALID,-1.5488281,-0.68115234,1.0507812,-2.762529,LCC-FASD external-dev / cross-domain stress set,False
YOUTUBE_C27F591FDI_LGG3D690_id43_s0_136.png,1,VALID,12.46875,-9.921875,-8.8046875,20.990368,LCC-FASD external-dev / cross-domain stress set,True
YOUTUBE_C27F591FDI_LGG3D690_id43_s0_151.png,1,VALID,-7.0625,4.03125,3.9082031,-11.727265,LCC-FASD external-dev / cross-domain stress set,False
YOUTUBE_C27F591FDI_LGG3D690_id43_s1_15.png,1,VALID,14.5234375,-12.03125,-9.5546875,23.997438,LCC-FASD external-dev / cross-domain stress set,True
YOUTUBE_C27F591FDI_LGG3D690_id43_s1_30.png,1,VALID,2.515625,-2.7949219,-2.3945312,4.397298,LCC-FASD external-dev / cross-domain stress set,False
YOUTUBE_C27F591FDI_LGG3D690_id43_s1_45.png,1,VALID,10.9921875,-9.3359375,-7.5,18.34423,LCC-FASD external-dev / cross-domain stress set,True
YOUTUBE_C27F591FDI_LGG3D690_id43_s1_60.png,1,VALID,47.78125,-33.8125,-32.96875,80.39226,LCC-FASD external-dev / cross-domain stress set,True
YOUTUBE_C27F591FDI_LGG3D690_id43_s1_75.png,1,VALID,-22.640625,13.6875,15.2109375,-38.04874,LCC-FASD external-dev / cross-domain stress set,False
YOUTUBE_C27F591FDI_LGG3D690_id43_s1_90.png,1,VALID,26.84375,-19.65625,-18.4375,45.022278,LCC-FASD external-dev / cross-domain stress set,True
YOUTUBE_C27F591FDI_LGG3D690_id43_s1_105.png,1,VALID,31.234375,-22.453125,-21.765625,52.59265,LCC-FASD external-dev / cross-domain stress set,True
YOUTUBE_C27F591FDI_LGG3D690_id43_s1_120.png,1,VALID,70.375,-48.40625,-48.9375,118.318855,LCC-FASD external-dev / cross-domain stress set,True
YOUTUBE_C27F591FDI_LGG3D690_id43_s1_135.png,1,VALID,74.3125,-51.5625,-51.28125,125.03137,LCC-FASD external-dev / cross-domain stress set,True
YOUTUBE_C27F591FDI_LGG3D690_id43_s1_150.png,1,VALID,44.96875,-31.453125,-31.34375,75.67255,LCC-FASD external-dev / cross-domain stress set,True
YOUTUBE_C27F591FDI_LGG3D690_id48_s1_15.png,1,VALID,12.8046875,-9.3671875,-9.7421875,21.648752,LCC-FASD external-dev / cross-domain stress set,True
YOUTUBE_C27F591FDI_LGG3D690_id48_s1_30.png,1,VALID,44.4375,-31.328125,-30.9375,74.858215,LCC-FASD external-dev / cross-domain stress set,True
YOUTUBE_C27F591FDI_LGG3D690_id48_s1_45.png,1,VALID,53.96875,-37.03125,-38.0,90.67824,LCC-FASD external-dev / cross-domain stress set,True
YOUTUBE_C27F591FDI_LGG3D690_id48_s1_60.png,1,VALID,55.65625,-38.84375,-38.53125,93.63844,LCC-FASD external-dev / cross-domain stress set,True
YOUTUBE_C27F591FDI_LGG3D690_id48_s1_75.png,1,VALID,22.1875,-16.078125,-15.84375,37.44844,LCC-FASD external-dev / cross-domain stress set,True
YOUTUBE_C27F591FDI_LGG3D690_id48_s1_90.png,1,VALID,5.5117188,-4.8007812,-4.3945312,9.395739,LCC-FASD external-dev / cross-domain stress set,True
YOUTUBE_C27F591FDI_LGG3D690_id48_s1_105.png,1,VALID,37.9375,-26.625,-26.78125,63.944427,LCC-FASD external-dev / cross-domain stress set,True
YOUTUBE_C27F591FDI_LGG3D690_id48_s1_121.png,1,VALID,-6.0664062,3.9492188,2.9101562,-10.31853,LCC-FASD external-dev / cross-domain stress set,False
YOUTUBE_C27F591FDI_LGG3D690_id48_s1_136.png,1,VALID,16.796875,-12.8515625,-11.8359375,28.32373,LCC-FASD external-dev / cross-domain stress set,True
YOUTUBE_C27F591FDI_LGG3D690_id48_s1_151.png,1,VALID,81.6875,-56.5625,-56.25,137.38844,LCC-FASD external-dev / cross-domain stress set,True
YOUTUBE_DIGUNKNOWN_IPHONE5SF_id39_s1_15.png,1,VALID,-62.28125,42.8125,39.8125,-105.142334,LCC-FASD external-dev / cross-domain stress set,False
YOUTUBE_DIGUNKNOWN_IPHONE5SF_id39_s1_35.png,1,VALID,-45.96875,31.359375,29.234375,-77.44095,LCC-FASD external-dev / cross-domain stress set,False
YOUTUBE_DIGUNKNOWN_IPHONE5SF_id39_s1_53.png,1,VALID,-65.5,44.96875,42.0625,-110.52199,LCC-FASD external-dev / cross-domain stress set,False
YOUTUBE_DIGUNKNOWN_IPHONE5SF_id39_s1_68.png,1,VALID,-25.859375,17.953125,15.1953125,-43.874,LCC-FASD external-dev / cross-domain stress set,False
YOUTUBE_DIGUNKNOWN_IPHONE5SF_id39_s1_91.png,1,VALID,-56.15625,38.21875,36.09375,-94.48782,LCC-FASD external-dev / cross-domain stress set,False
YOUTUBE_DIGUNKNOWN_IPHONE5SF_id39_s1_106.png,1,VALID,-44.625,30.53125,28.15625,-75.24519,LCC-FASD external-dev / cross-domain stress set,False
YOUTUBE_DIGUNKNOWN_IPHONE5SF_id39_s1_121.png,1,VALID,-49.625,33.96875,31.484375,-83.67383,LCC-FASD external-dev / cross-domain stress set,False
YOUTUBE_DIGUNKNOWN_IPHONE5SF_id39_s1_136.png,1,VALID,-48.5625,33.5625,30.40625,-82.1667,LCC-FASD external-dev / cross-domain stress set,False
YOUTUBE_DIGUNKNOWN_IPHONE5SF_id42_s0_15.png,1,VALID,-21.984375,15.4375,12.75,-37.48771,LCC-FASD external-dev / cross-domain stress set,False
YOUTUBE_DIGUNKNOWN_IPHONE5SF_id42_s0_30.png,1,VALID,5.5195312,-3.5039062,-5.7382812,8.92173,LCC-FASD external-dev / cross-domain stress set,True
YOUTUBE_DIGUNKNOWN_IPHONE5SF_id42_s0_45.png,1,VALID,-33.59375,23.328125,20.578125,-56.98384,LCC-FASD external-dev / cross-domain stress set,False
YOUTUBE_DIGUNKNOWN_IPHONE5SF_id42_s0_60.png,1,VALID,-9.6953125,7.171875,4.3554688,-16.925287,LCC-FASD external-dev / cross-domain stress set,False
YOUTUBE_DIGUNKNOWN_IPHONE5SF_id42_s0_75.png,1,VALID,-22.421875,15.7578125,12.9453125,-38.238007,LCC-FASD external-dev / cross-domain stress set,False
YOUTUBE_DIGUNKNOWN_IPHONE5SF_id42_s0_90.png,1,VALID,-11.9921875,8.9921875,5.6445312,-21.018936,LCC-FASD external-dev / cross-domain stress set,False
YOUTUBE_DIGUNKNOWN_IPHONE5SF_id42_s0_105.png,1,VALID,-2.6679688,2.4511719,-0.40966797,-5.174784,LCC-FASD external-dev / cross-domain stress set,False
YOUTUBE_DIGUNKNOWN_IPHONE5SF_id42_s0_120.png,1,VALID,-12.0390625,9.2734375,5.4375,-21.33385,LCC-FASD external-dev / cross-domain stress set,False
YOUTUBE_DIGUNKNOWN_IPHONE5SF_id42_s0_135.png,1,VALID,-16.921875,12.5078125,8.8203125,-29.454414,LCC-FASD external-dev / cross-domain stress set,False
YOUTUBE_DIGUNKNOWN_IPHONE5SF_id42_s0_150.png,1,VALID,-13.109375,9.8203125,6.21875,-22.956604,LCC-FASD external-dev / cross-domain stress set,False
YOUTUBE_DIGUNKNOWN_IPHONE5SF_id42_s1_18.png,1,VALID,-87.0,59.15625,57.5,-146.33092,LCC-FASD external-dev / cross-domain stress set,False
YOUTUBE_DIGUNKNOWN_IPHONE5SF_id42_s1_35.png,1,VALID,-78.3125,52.46875,52.375,-131.42862,LCC-FASD external-dev / cross-domain stress set,False
YOUTUBE_DIGUNKNOWN_IPHONE5SF_id42_s1_50.png,1,VALID,-70.0625,48.4375,45.0,-118.53164,LCC-FASD external-dev / cross-domain stress set,False
YOUTUBE_DIGUNKNOWN_IPHONE5SF_id42_s1_65.png,1,VALID,-95.1875,65.0625,62.40625,-160.31786,LCC-FASD external-dev / cross-domain stress set,False
YOUTUBE_DIGUNKNOWN_IPHONE5SF_id42_s1_80.png,1,VALID,-82.125,56.03125,53.8125,-138.25948,LCC-FASD external-dev / cross-domain stress set,False
YOUTUBE_DIGUNKNOWN_IPHONE5SF_id42_s1_141.png,1,VALID,-78.3125,53.4375,51.0,-131.83377,LCC-FASD external-dev / cross-domain stress set,False
YOUTUBE_DIGUNKNOWN_IPHONE5SF_id42_s1_176.png,1,VALID,-66.375,45.125,43.09375,-111.62325,LCC-FASD external-dev / cross-domain stress set,False
YOUTUBE_BQVW2245_NEXUS5_id42_s0_16.png,1,VALID,-21.25,15.484375,11.59375,-36.7546,LCC-FASD external-dev / cross-domain stress set,False
YOUTUBE_BQVW2245_NEXUS5_id42_s0_38.png,1,VALID,-15.921875,12.0390625,7.8164062,-27.97549,LCC-FASD external-dev / cross-domain stress set,False
YOUTUBE_BQVW2245_NEXUS5_id42_s0_156.png,1,VALID,-9.6640625,7.7851562,3.5644531,-17.4638,LCC-FASD external-dev / cross-domain stress set,False
YOUTUBE_BQVW2245_NEXUS5_id42_s0_171.png,1,VALID,-23.5625,17.265625,12.921875,-40.841026,LCC-FASD external-dev / cross-domain stress set,False
YOUTUBE_BQVW2245_NEXUS5_id42_s0_186.png,1,VALID,7.7421875,-4.3007812,-8.0390625,12.019453,LCC-FASD external-dev / cross-domain stress set,True
YOUTUBE_BQVW2245_NEXUS5_id42_s0_201.png,1,VALID,22.140625,-14.2421875,-17.59375,36.34838,LCC-FASD external-dev / cross-domain stress set,True
YOUTUBE_BQVW2245_NEXUS5_id42_s0_216.png,1,VALID,0.98828125,0.45117188,-3.4277344,0.51664674,LCC-FASD external-dev / cross-domain stress set,False
YOUTUBE_BQVW2245_NEXUS5_id42_s0_232.png,1,VALID,-7.4375,6.0234375,2.3964844,-13.487186,LCC-FASD external-dev / cross-domain stress set,False
YOUTUBE_BQXL2420_NEXUS5_id39_s0_15.png,1,VALID,-57.5625,37.6875,38.6875,-96.56326,LCC-FASD external-dev / cross-domain stress set,False
YOUTUBE_BQXL2420_NEXUS5_id39_s0_30.png,1,VALID,-36.4375,23.171875,24.5,-61.172554,LCC-FASD external-dev / cross-domain stress set,False
YOUTUBE_BQXL2420_NEXUS5_id39_s0_45.png,1,VALID,-49.25,32.6875,32.53125,-82.55557,LCC-FASD external-dev / cross-domain stress set,False
YOUTUBE_BQXL2420_NEXUS5_id43_s0_15.png,1,VALID,-41.96875,27.0,28.28125,-70.495056,LCC-FASD external-dev / cross-domain stress set,False
YOUTUBE_BQXL2420_NEXUS5_id43_s0_30.png,1,VALID,-75.4375,50.84375,49.84375,-126.59451,LCC-FASD external-dev / cross-domain stress set,False
YOUTUBE_BQXL2420_NEXUS5_id43_s0_45.png,1,VALID,-45.71875,30.21875,30.140625,-76.59235,LCC-FASD external-dev / cross-domain stress set,False
YOUTUBE_BQXL2420_NEXUS5_id43_s0_60.png,1,VALID,-40.03125,25.46875,27.21875,-67.410225,LCC-FASD external-dev / cross-domain stress set,False
YOUTUBE_BQXL2420_NEXUS5_id43_s0_75.png,1,VALID,-29.734375,18.234375,20.390625,-50.234535,LCC-FASD external-dev / cross-domain stress set,False
YOUTUBE_BQXL2420_NEXUS5_id43_s0_90.png,1,VALID,-32.4375,20.609375,21.734375,-54.453026,LCC-FASD external-dev / cross-domain stress set,False
YOUTUBE_BQXL2420_NEXUS5_id43_s0_116.png,1,VALID,-32.28125,21.109375,21.078125,-54.068268,LCC-FASD external-dev / cross-domain stress set,False
YOUTUBE_BQXL2420_NEXUS5_id43_s0_131.png,1,VALID,-33.1875,21.25,22.0,-55.57437,LCC-FASD external-dev / cross-domain stress set,False
YOUTUBE_BQXL2420_NEXUS5_id43_s0_146.png,1,VALID,-29.28125,18.484375,19.515625,-49.10183,LCC-FASD external-dev / cross-domain stress set,False
YOUTUBE_BQXL2420_NEXUS5_id43_s0_161.png,1,VALID,-62.0625,41.0,41.59375,-104.09596,LCC-FASD external-dev / cross-domain stress set,False
YOUTUBE_BQXL2420_NEXUS5_id43_s1_15.png,1,VALID,34.71875,-25.28125,-23.609375,58.155945,LCC-FASD external-dev / cross-domain stress set,True
YOUTUBE_BQXL2420_NEXUS5_id43_s1_36.png,1,VALID,39.3125,-28.078125,-27.078125,66.07736,LCC-FASD external-dev / cross-domain stress set,True
YOUTUBE_BQXL2420_NEXUS5_id43_s1_51.png,1,VALID,7.09375,-6.8554688,-4.5429688,11.542306,LCC-FASD external-dev / cross-domain stress set,True
YOUTUBE_BQXL2420_NEXUS5_id43_s1_66.png,1,VALID,58.15625,-40.84375,-39.9375,97.754395,LCC-FASD external-dev / cross-domain stress set,True
YOUTUBE_BQXL2420_NEXUS5_id43_s1_92.png,1,VALID,90.3125,-62.65625,-61.6875,151.67824,LCC-FASD external-dev / cross-domain stress set,True
YOUTUBE_BQXL2420_NEXUS5_id43_s1_118.png,1,VALID,51.4375,-35.71875,-35.6875,86.44736,LCC-FASD external-dev / cross-domain stress set,True
YOUTUBE_BQXL2420_NEXUS5_id43_s1_133.png,1,VALID,33.8125,-23.703125,-23.796875,56.868256,LCC-FASD external-dev / cross-domain stress set,True
YOUTUBE_BQXL2420_NEXUS5_id43_s1_148.png,1,VALID,2.265625,-2.7421875,-1.9882812,3.8682866,LCC-FASD external-dev / cross-domain stress set,False
YOUTUBE_BQXL2420_NEXUS5_id43_s1_163.png,1,VALID,-30.5,19.5,20.09375,-51.033455,LCC-FASD external-dev / cross-domain stress set,False
YOUTUBE_BQXL2420_NEXUS5_id48_s1_15.png,1,VALID,-33.90625,22.78125,21.34375,-56.90061,LCC-FASD external-dev / cross-domain stress set,False
YOUTUBE_BQXL2420_NEXUS5_id48_s1_30.png,1,VALID,-45.6875,30.984375,29.28125,-76.83918,LCC-FASD external-dev / cross-domain stress set,False
YOUTUBE_BQXL2420_NEXUS5_id48_s1_45.png,1,VALID,-47.75,32.53125,30.515625,-80.40633,LCC-FASD external-dev / cross-domain stress set,False
YOUTUBE_BQXL2420_NEXUS5_id48_s1_60.png,1,VALID,-38.0,25.9375,23.859375,-64.05543,LCC-FASD external-dev / cross-domain stress set,False
YOUTUBE_BQXL2420_NEXUS5_id48_s1_75.png,1,VALID,-70.125,48.15625,45.125,-118.32838,LCC-FASD external-dev / cross-domain stress set,False
YOUTUBE_BQXL2420_NEXUS5_id48_s1_90.png,1,VALID,-72.6875,48.125,48.75,-121.866196,LCC-FASD external-dev / cross-domain stress set,False
YOUTUBE_BQXL2420_NEXUS5_id48_s1_105.png,1,VALID,-57.9375,39.1875,37.65625,-97.320786,LCC-FASD external-dev / cross-domain stress set,False
YOUTUBE_BQXL2420_NEXUS5_id48_s1_120.png,1,VALID,-75.0625,51.34375,48.625,-126.47012,LCC-FASD external-dev / cross-domain stress set,False
YOUTUBE_BQXL2420_NEXUS5_id48_s1_135.png,1,VALID,-61.46875,41.90625,39.75,-103.484535,LCC-FASD external-dev / cross-domain stress set,False
YOUTUBE_BQXL2420_NEXUS5_id48_s1_150.png,1,VALID,-46.5625,31.84375,29.578125,-78.504974,LCC-FASD external-dev / cross-domain stress set,False
YOUTUBE_C27F591FDI_LGG3D690_id39_s0_15.png,1,VALID,-18.375,12.828125,10.2890625,-31.279104,LCC-FASD external-dev / cross-domain stress set,False
YOUTUBE_C27F591FDI_LGG3D690_id39_s0_31.png,1,VALID,-26.71875,18.96875,15.3203125,-45.7132,LCC-FASD external-dev / cross-domain stress set,False
YOUTUBE_C27F591FDI_LGG3D690_id39_s0_46.png,1,VALID,-7.265625,5.046875,3.0625,-12.441303,LCC-FASD external-dev / cross-domain stress set,False
YOUTUBE_C27F591FDI_LGG3D690_id39_s0_61.png,1,VALID,-17.15625,11.4765625,10.1015625,-28.858225,LCC-FASD external-dev / cross-domain stress set,False
YOUTUBE_C27F591FDI_LGG3D690_id43_s0_106.png,1,VALID,50.0,-34.96875,-34.625,84.089035,LCC-FASD external-dev / cross-domain stress set,True
YOUTUBE_C27F591FDI_LGG3D690_id43_s0_121.png,1,VALID,-16.515625,9.3046875,11.3046875,-27.94724,LCC-FASD external-dev / cross-domain stress set,False
YOUTUBE_AV203H_LEREELE3_id43_s1_45.png,1,VALID,52.84375,-37.15625,-36.5,88.925835,LCC-FASD external-dev / cross-domain stress set,True
YOUTUBE_AV203H_LEREELE3_id43_s1_60.png,1,VALID,61.25,-42.625,-42.34375,103.03137,LCC-FASD external-dev / cross-domain stress set,True
YOUTUBE_AV203H_LEREELE3_id43_s1_75.png,1,VALID,72.6875,-50.46875,-50.0625,122.23949,LCC-FASD external-dev / cross-domain stress set,True
YOUTUBE_AV203H_LEREELE3_id43_s1_90.png,1,VALID,60.5625,-41.96875,-42.09375,101.89865,LCC-FASD external-dev / cross-domain stress set,True
YOUTUBE_AVC239H_REDMI4X_id48_s1_15.png,1,VALID,-64.75,45.46875,40.5,-110.22568,LCC-FASD external-dev / cross-domain stress set,False
YOUTUBE_AVC239H_REDMI4X_id48_s1_30.png,1,VALID,-80.3125,55.625,51.59375,-135.9551,LCC-FASD external-dev / cross-domain stress set,False
YOUTUBE_AVC239H_REDMI4X_id48_s1_45.png,1,VALID,-58.59375,41.375,36.28125,-99.97487,LCC-FASD external-dev / cross-domain stress set,False
YOUTUBE_AVC239H_REDMI4X_id48_s1_60.png,1,VALID,-55.53125,38.78125,34.625,-94.32805,LCC-FASD external-dev / cross-domain stress set,False
YOUTUBE_AVC239H_REDMI4X_id48_s1_75.png,1,VALID,-55.40625,39.375,33.90625,-94.78546,LCC-FASD external-dev / cross-domain stress set,False
YOUTUBE_AVC239H_REDMI4X_id48_s1_90.png,1,VALID,-76.4375,53.5,48.28125,-129.9429,LCC-FASD external-dev / cross-domain stress set,False
YOUTUBE_AVC239H_REDMI4X_id48_s1_105.png,1,VALID,-82.5,57.875,52.0625,-140.37799,LCC-FASD external-dev / cross-domain stress set,False
YOUTUBE_AVC239H_REDMI4X_id48_s1_120.png,1,VALID,-68.125,47.90625,42.84375,-116.03756,LCC-FASD external-dev / cross-domain stress set,False
YOUTUBE_AVC239H_REDMI4X_id48_s1_135.png,1,VALID,-68.9375,48.6875,42.96875,-117.62828,LCC-FASD external-dev / cross-domain stress set,False
YOUTUBE_AVC239H_REDMI4X_id48_s1_150.png,1,VALID,-93.25,64.1875,60.5,-157.46222,LCC-FASD external-dev / cross-domain stress set,False
YOUTUBE_AZPP01T_AZ3ZE552KL_id48_s0_15.png,1,VALID,-14.609375,10.9765625,7.0976562,-25.6064,LCC-FASD external-dev / cross-domain stress set,False
YOUTUBE_AZPP01T_AZ3ZE552KL_id48_s0_30.png,1,VALID,-38.84375,26.984375,23.796875,-65.86857,LCC-FASD external-dev / cross-domain stress set,False
YOUTUBE_AZPP01T_AZ3ZE552KL_id48_s0_45.png,1,VALID,-44.34375,30.953125,27.484375,-75.32755,LCC-FASD external-dev / cross-domain stress set,False
YOUTUBE_AZPP01T_AZ3ZE552KL_id48_s0_60.png,1,VALID,-43.3125,30.25,26.90625,-73.5972,LCC-FASD external-dev / cross-domain stress set,False
YOUTUBE_AZPP01T_AZ3ZE552KL_id48_s0_75.png,1,VALID,-24.046875,17.0625,13.78125,-41.146267,LCC-FASD external-dev / cross-domain stress set,False
YOUTUBE_AZPP01T_AZ3ZE552KL_id48_s0_90.png,1,VALID,6.5820312,-4.0898438,-6.640625,10.596748,LCC-FASD external-dev / cross-domain stress set,True
YOUTUBE_AZPP01T_AZ3ZE552KL_id48_s0_105.png,1,VALID,4.7304688,-2.53125,-5.5703125,7.21495,LCC-FASD external-dev / cross-domain stress set,False
YOUTUBE_AZPP01T_AZ3ZE552KL_id48_s0_120.png,1,VALID,-43.34375,30.15625,26.890625,-73.53746,LCC-FASD external-dev / cross-domain stress set,False
YOUTUBE_AZPP01T_AZ3ZE552KL_id48_s0_135.png,1,VALID,-16.1875,11.015625,9.265625,-27.36335,LCC-FASD external-dev / cross-domain stress set,False
YOUTUBE_AZPP01T_AZ3ZE552KL_id48_s0_150.png,1,VALID,-39.3125,27.578125,24.0,-66.91817,LCC-FASD external-dev / cross-domain stress set,False
YOUTUBE_BQG2411HDA_REDMIN3P_id48_s0_15.png,1,VALID,-48.03125,33.40625,30.0,-81.47012,LCC-FASD external-dev / cross-domain stress set,False
YOUTUBE_BQG2411HDA_REDMIN3P_id48_s0_52.png,1,VALID,31.09375,-22.03125,-21.671875,52.236107,LCC-FASD external-dev / cross-domain stress set,True
YOUTUBE_BQG2411HDA_REDMIN3P_id48_s0_67.png,1,VALID,-26.40625,19.171875,14.8671875,-45.591537,LCC-FASD external-dev / cross-domain stress set,False
YOUTUBE_BQG2411HDA_REDMIN3P_id48_s0_82.png,1,VALID,-54.84375,38.53125,34.03125,-93.38605,LCC-FASD external-dev / cross-domain stress set,False
YOUTUBE_BQG2411HDA_REDMIN3P_id48_s0_97.png,1,VALID,-22.078125,15.6484375,12.484375,-37.76795,LCC-FASD external-dev / cross-domain stress set,False
YOUTUBE_BQG2411HDA_REDMIN3P_id48_s0_112.png,1,VALID,-53.375,37.5625,32.875,-90.94667,LCC-FASD external-dev / cross-domain stress set,False
YOUTUBE_BQG2411HDA_REDMIN3P_id48_s0_127.png,1,VALID,-50.34375,35.625,30.8125,-85.976845,LCC-FASD external-dev / cross-domain stress set,False
YOUTUBE_BQG2411HDA_REDMIN3P_id48_s0_142.png,1,VALID,-61.6875,43.25,38.59375,-104.94696,LCC-FASD external-dev / cross-domain stress set,False
YOUTUBE_BQG2411HDA_REDMIN3P_id48_s0_157.png,1,VALID,-50.46875,35.6875,30.90625,-86.1646,LCC-FASD external-dev / cross-domain stress set,False
YOUTUBE_BQG2411HDA_REDMIN3P_id48_s0_172.png,1,VALID,-61.25,42.5625,38.65625,-103.83241,LCC-FASD external-dev / cross-domain stress set,False
YOUTUBE_BQM2200HD_REDMIN3P_id48_s0_15.png,1,VALID,-70.0,49.03125,44.09375,-119.0384,LCC-FASD external-dev / cross-domain stress set,False
YOUTUBE_BQM2200HD_REDMIN3P_id48_s0_30.png,1,VALID,-70.4375,48.84375,44.84375,-119.2994,LCC-FASD external-dev / cross-domain stress set,False
YOUTUBE_BQM2200HD_REDMIN3P_id48_s0_45.png,1,VALID,-58.09375,40.8125,36.15625,-98.91571,LCC-FASD external-dev / cross-domain stress set,False
YOUTUBE_BQM2200HD_REDMIN3P_id48_s0_60.png,1,VALID,-67.625,47.09375,42.8125,-114.73248,LCC-FASD external-dev / cross-domain stress set,False
YOUTUBE_BQM2200HD_REDMIN3P_id48_s0_75.png,1,VALID,-66.875,46.96875,41.84375,-113.84968,LCC-FASD external-dev / cross-domain stress set,False
YOUTUBE_BQM2200HD_REDMIN3P_id48_s0_90.png,1,VALID,-75.1875,51.9375,48.25,-127.14973,LCC-FASD external-dev / cross-domain stress set,False
YOUTUBE_BQM2200HD_REDMIN3P_id48_s0_105.png,1,VALID,-68.375,47.6875,43.1875,-116.07355,LCC-FASD external-dev / cross-domain stress set,False
YOUTUBE_BQM2200HD_REDMIN3P_id48_s0_120.png,1,VALID,-80.8125,55.96875,51.8125,-136.7968,LCC-FASD external-dev / cross-domain stress set,False
YOUTUBE_BQM2200HD_REDMIN3P_id48_s0_135.png,1,VALID,-34.96875,24.625,20.96875,-59.61925,LCC-FASD external-dev / cross-domain stress set,False
YOUTUBE_BQM2200HD_REDMIN3P_id48_s0_150.png,1,VALID,-20.75,14.65625,11.578125,-35.451267,LCC-FASD external-dev / cross-domain stress set,False
YOUTUBE_BQVW2245_NEXUS5_id39_s1_15.png,1,VALID,-77.75,53.28125,50.34375,-131.08289,LCC-FASD external-dev / cross-domain stress set,False
YOUTUBE_BQVW2245_NEXUS5_id39_s1_50.png,1,VALID,-65.125,45.125,41.34375,-110.27254,LCC-FASD external-dev / cross-domain stress set,False
YOUTUBE_BQVW2245_NEXUS5_id39_s1_65.png,1,VALID,-63.5625,44.25,40.09375,-107.82805,LCC-FASD external-dev / cross-domain stress set,False
YOUTUBE_BQVW2245_NEXUS5_id39_s1_85.png,1,VALID,-68.25,47.71875,42.9375,-115.9771,LCC-FASD external-dev / cross-domain stress set,False
YOUTUBE_BQVW2245_NEXUS5_id39_s1_100.png,1,VALID,-79.5625,54.75,51.3125,-134.34415,LCC-FASD external-dev / cross-domain stress set,False
YOUTUBE_BQVW2245_NEXUS5_id39_s1_115.png,1,VALID,-74.75,52.03125,47.46875,-126.79163,LCC-FASD external-dev / cross-domain stress set,False
YOUTUBE_BQVW2245_NEXUS5_id39_s1_130.png,1,VALID,-58.53125,41.25,36.21875,-99.78776,LCC-FASD external-dev / cross-domain stress set,False
YOUTUBE_BQVW2245_NEXUS5_id42_s0_100.png,1,VALID,-32.40625,23.484375,18.734375,-55.89924,LCC-FASD external-dev / cross-domain stress set,False
YOUTUBE_BQVW2245_NEXUS5_id42_s0_115.png,1,VALID,-20.046875,14.71875,10.7421875,-34.784203,LCC-FASD external-dev / cross-domain stress set,False
YOUTUBE_ATMP253MG_XIAOMIMI6_id42_s0_16.png,1,VALID,-20.859375,15.015625,11.484375,-35.903847,LCC-FASD external-dev / cross-domain stress set,False
YOUTUBE_ATMP253MG_XIAOMIMI6_id42_s0_32.png,1,VALID,-9.9296875,7.4648438,4.2265625,-17.433012,LCC-FASD external-dev / cross-domain stress set,False
YOUTUBE_ATMP253MG_XIAOMIMI6_id42_s0_47.png,1,VALID,10.0078125,-6.390625,-8.9296875,16.322458,LCC-FASD external-dev / cross-domain stress set,True
YOUTUBE_ATMP253MG_XIAOMIMI6_id42_s0_62.png,1,VALID,-26.953125,19.21875,15.6171875,-46.19879,LCC-FASD external-dev / cross-domain stress set,False
YOUTUBE_ATMP253MG_XIAOMIMI6_id42_s0_77.png,1,VALID,-4.7734375,3.7402344,1.0244141,-8.577726,LCC-FASD external-dev / cross-domain stress set,False
YOUTUBE_ATMP253MG_XIAOMIMI6_id42_s0_93.png,1,VALID,0.82958984,-0.23144531,-2.6699219,0.9773433,LCC-FASD external-dev / cross-domain stress set,False
YOUTUBE_ATMP253MG_XIAOMIMI6_id42_s0_123.png,1,VALID,41.40625,-28.34375,-29.546875,69.48744,LCC-FASD external-dev / cross-domain stress set,True
YOUTUBE_ATMP253MG_XIAOMIMI6_id42_s0_138.png,1,VALID,19.875,-13.4453125,-15.2890625,33.173424,LCC-FASD external-dev / cross-domain stress set,True
YOUTUBE_ATMP253MG_XIAOMIMI6_id42_s0_153.png,1,VALID,33.46875,-22.703125,-24.453125,56.01165,LCC-FASD external-dev / cross-domain stress set,True
YOUTUBE_ATMP253MG_XIAOMIMI6_id42_s1_18.png,1,VALID,-89.25,61.59375,57.71875,-150.86429,LCC-FASD external-dev / cross-domain stress set,False
YOUTUBE_ATMP253MG_XIAOMIMI6_id42_s1_53.png,1,VALID,-72.625,49.25,47.4375,-122.026215,LCC-FASD external-dev / cross-domain stress set,False
YOUTUBE_ATMP253MG_XIAOMIMI6_id42_s1_75.png,1,VALID,-96.9375,65.5625,64.25,-162.73834,LCC-FASD external-dev / cross-domain stress set,False
YOUTUBE_AUNKNOWN_HUAWEIU22_id43_s0_15.png,1,VALID,-31.828125,20.296875,21.359375,-53.484333,LCC-FASD external-dev / cross-domain stress set,False
YOUTUBE_AUNKNOWN_HUAWEIU22_id43_s0_30.png,1,VALID,-26.875,17.703125,17.34375,-45.107643,LCC-FASD external-dev / cross-domain stress set,False
YOUTUBE_AUNKNOWN_HUAWEIU22_id43_s0_51.png,1,VALID,-0.38232422,-0.66845703,-0.29125977,-0.6132933,LCC-FASD external-dev / cross-domain stress set,False
YOUTUBE_AUNKNOWN_HUAWEIU22_id43_s0_66.png,1,VALID,-59.9375,39.5625,40.1875,-100.553696,LCC-FASD external-dev / cross-domain stress set,False
YOUTUBE_AUNKNOWN_HUAWEIU22_id43_s0_81.png,1,VALID,-53.125,34.5625,35.96875,-89.312935,LCC-FASD external-dev / cross-domain stress set,False
YOUTUBE_AUNKNOWN_HUAWEIU22_id43_s0_96.png,1,VALID,-39.59375,25.640625,26.46875,-66.424965,LCC-FASD external-dev / cross-domain stress set,False
YOUTUBE_AUNKNOWN_HUAWEIU22_id43_s0_111.png,1,VALID,-50.03125,33.03125,33.46875,-83.99814,LCC-FASD external-dev / cross-domain stress set,False
YOUTUBE_AUNKNOWN_HUAWEIU22_id43_s0_126.png,1,VALID,-67.0625,44.09375,45.15625,-112.51558,LCC-FASD external-dev / cross-domain stress set,False
YOUTUBE_AUNKNOWN_HUAWEIU22_id43_s0_141.png,1,VALID,-18.09375,11.21875,11.7109375,-30.281721,LCC-FASD external-dev / cross-domain stress set,False
YOUTUBE_AUNKNOWN_HUAWEIU22_id43_s0_156.png,1,VALID,-46.5625,30.21875,31.265625,-78.129,LCC-FASD external-dev / cross-domain stress set,False
YOUTUBE_AUNKNOWN_HUAWEIU22_id48_s1_15.png,1,VALID,-29.734375,19.984375,18.6875,-49.960426,LCC-FASD external-dev / cross-domain stress set,False
YOUTUBE_AUNKNOWN_HUAWEIU22_id48_s1_30.png,1,VALID,-51.84375,35.59375,33.03125,-87.51178,LCC-FASD external-dev / cross-domain stress set,False
YOUTUBE_AUNKNOWN_HUAWEIU22_id48_s1_45.png,1,VALID,-47.0,31.84375,30.0625,-78.999405,LCC-FASD external-dev / cross-domain stress set,False
YOUTUBE_AUNKNOWN_HUAWEIU22_id48_s1_60.png,1,VALID,-45.1875,30.453125,29.140625,-75.87897,LCC-FASD external-dev / cross-domain stress set,False
YOUTUBE_AUNKNOWN_HUAWEIU22_id48_s1_75.png,1,VALID,-66.1875,45.65625,42.3125,-111.87845,LCC-FASD external-dev / cross-domain stress set,False
YOUTUBE_AUNKNOWN_HUAWEIU22_id48_s1_90.png,1,VALID,-79.5,53.15625,52.96875,-133.26004,LCC-FASD external-dev / cross-domain stress set,False
YOUTUBE_AUNKNOWN_HUAWEIU22_id48_s1_105.png,1,VALID,-37.8125,26.09375,23.515625,-63.979424,LCC-FASD external-dev / cross-domain stress set,False
YOUTUBE_AUNKNOWN_HUAWEIU22_id48_s1_120.png,1,VALID,-38.0625,25.59375,24.421875,-63.926113,LCC-FASD external-dev / cross-domain stress set,False
YOUTUBE_AUNKNOWN_HUAWEIU22_id48_s1_135.png,1,VALID,-43.5,30.015625,27.234375,-73.575745,LCC-FASD external-dev / cross-domain stress set,False
YOUTUBE_AUNKNOWN_HUAWEIU22_id48_s1_150.png,1,VALID,-22.484375,15.234375,13.5078125,-37.882477,LCC-FASD external-dev / cross-domain stress set,False
YOUTUBE_AV203H_LEREELE3_id39_s0_15.png,1,VALID,-10.875,7.2226562,5.8671875,-18.327042,LCC-FASD external-dev / cross-domain stress set,False
YOUTUBE_AV203H_LEREELE3_id39_s0_43.png,1,VALID,-1.1367188,-0.07757568,0.030929565,-1.8080138,LCC-FASD external-dev / cross-domain stress set,False
YOUTUBE_AV203H_LEREELE3_id43_s0_15.png,1,VALID,-1.6992188,-0.40600586,0.9614258,-2.8875892,LCC-FASD external-dev / cross-domain stress set,False
YOUTUBE_AV203H_LEREELE3_id43_s0_30.png,1,VALID,16.515625,-12.1875,-11.921875,27.868372,LCC-FASD external-dev / cross-domain stress set,True
YOUTUBE_AV203H_LEREELE3_id43_s0_46.png,1,VALID,16.15625,-12.3671875,-11.3203125,27.175694,LCC-FASD external-dev / cross-domain stress set,True
YOUTUBE_AV203H_LEREELE3_id43_s0_61.png,1,VALID,-4.5273438,1.2724609,3.1230469,-7.7963467,LCC-FASD external-dev / cross-domain stress set,False
YOUTUBE_AV203H_LEREELE3_id43_s0_76.png,1,VALID,-7.1757812,3.0488281,4.9648438,-12.277943,LCC-FASD external-dev / cross-domain stress set,False
YOUTUBE_AV203H_LEREELE3_id43_s0_91.png,1,VALID,0.9458008,-2.3027344,-0.75,1.5038025,LCC-FASD external-dev / cross-domain stress set,False
YOUTUBE_AV203H_LEREELE3_id43_s0_114.png,1,VALID,10.0546875,-8.3125,-7.1171875,16.907505,LCC-FASD external-dev / cross-domain stress set,True
YOUTUBE_AV203H_LEREELE3_id43_s0_129.png,1,VALID,9.984375,-8.4296875,-6.9257812,16.709454,LCC-FASD external-dev / cross-domain stress set,True
YOUTUBE_AV203H_LEREELE3_id43_s0_144.png,1,VALID,7.484375,-6.5976562,-5.3085938,12.549608,LCC-FASD external-dev / cross-domain stress set,True
YOUTUBE_AV203H_LEREELE3_id43_s0_159.png,1,VALID,5.9726562,-5.4882812,-4.3867188,10.07243,LCC-FASD external-dev / cross-domain stress set,True
YOUTUBE_AV203H_LEREELE3_id43_s1_15.png,1,VALID,56.3125,-39.25,-39.09375,94.78818,LCC-FASD external-dev / cross-domain stress set,True
YOUTUBE_AV203H_LEREELE3_id43_s1_30.png,1,VALID,60.53125,-42.09375,-41.875,101.81651,LCC-FASD external-dev / cross-domain stress set,True
YOUTUBE_AV203H_LEREELE3_id43_s1_105.png,1,VALID,65.375,-45.375,-45.15625,109.94151,LCC-FASD external-dev / cross-domain stress set,True
YOUTUBE_AV203H_LEREELE3_id43_s1_120.png,1,VALID,65.4375,-45.8125,-45.0,110.07026,LCC-FASD external-dev / cross-domain stress set,True
YOUTUBE_AV203H_LEREELE3_id43_s1_135.png,1,VALID,69.9375,-48.5625,-48.3125,117.67406,LCC-FASD external-dev / cross-domain stress set,True
YOUTUBE_AV203H_LEREELE3_id43_s1_150.png,1,VALID,62.21875,-43.28125,-43.03125,104.67406,LCC-FASD external-dev / cross-domain stress set,True
YOUTUBE_AEME725_HONOR6CP_id43_s1_92.png,1,VALID,-15.8046875,11.265625,8.6171875,-27.138683,LCC-FASD external-dev / cross-domain stress set,False
YOUTUBE_AEME725_HONOR6CP_id48_s0_15.png,1,VALID,-120.5625,84.125,77.5,-204.68883,LCC-FASD external-dev / cross-domain stress set,False
YOUTUBE_AEME725_HONOR6CP_id48_s0_30.png,1,VALID,-106.0,73.625,68.5,-179.63092,LCC-FASD external-dev / cross-domain stress set,False
YOUTUBE_AEME725_HONOR6CP_id48_s0_45.png,1,VALID,-114.4375,79.4375,73.875,-193.87883,LCC-FASD external-dev / cross-domain stress set,False
YOUTUBE_AEME725_HONOR6CP_id48_s0_60.png,1,VALID,-95.875,66.8125,61.25,-162.69133,LCC-FASD external-dev / cross-domain stress set,False
YOUTUBE_AEME725_HONOR6CP_id48_s0_75.png,1,VALID,-95.5625,66.4375,61.34375,-162.00612,LCC-FASD external-dev / cross-domain stress set,False
YOUTUBE_AEME725_HONOR6CP_id48_s0_90.png,1,VALID,-111.3125,76.625,72.625,-187.95566,LCC-FASD external-dev / cross-domain stress set,False
YOUTUBE_AEME725_HONOR6CP_id48_s0_105.png,1,VALID,-112.875,78.25,72.9375,-191.12991,LCC-FASD external-dev / cross-domain stress set,False
YOUTUBE_AEME725_HONOR6CP_id48_s0_120.png,1,VALID,-101.5625,69.8125,66.25,-171.40297,LCC-FASD external-dev / cross-domain stress set,False
YOUTUBE_AEME725_HONOR6CP_id48_s0_135.png,1,VALID,-115.875,79.875,75.375,-195.76105,LCC-FASD external-dev / cross-domain stress set,False
YOUTUBE_AEME725_HONOR6CP_id48_s0_150.png,1,VALID,-102.1875,69.625,67.1875,-171.89627,LCC-FASD external-dev / cross-domain stress set,False
YOUTUBE_AEME725_HONOR6CP_id48_s1_15.png,1,VALID,-71.875,48.9375,46.65625,-120.90977,LCC-FASD external-dev / cross-domain stress set,False
YOUTUBE_AEME725_HONOR6CP_id48_s1_30.png,1,VALID,-83.9375,56.21875,56.03125,-140.76004,LCC-FASD external-dev / cross-domain stress set,False
YOUTUBE_AEME725_HONOR6CP_id48_s1_45.png,1,VALID,-90.125,60.84375,59.625,-151.22772,LCC-FASD external-dev / cross-domain stress set,False
YOUTUBE_AEME725_HONOR6CP_id48_s1_60.png,1,VALID,-92.75,64.125,59.78125,-156.88791,LCC-FASD external-dev / cross-domain stress set,False
YOUTUBE_AEME725_HONOR6CP_id48_s1_75.png,1,VALID,-95.125,64.125,63.34375,-159.62695,LCC-FASD external-dev / cross-domain stress set,False
YOUTUBE_AEME725_HONOR6CP_id48_s1_90.png,1,VALID,-87.8125,59.34375,58.0,-147.38805,LCC-FASD external-dev / cross-domain stress set,False
YOUTUBE_AEME725_HONOR6CP_id48_s1_109.png,1,VALID,-111.6875,75.8125,73.875,-187.63458,LCC-FASD external-dev / cross-domain stress set,False
YOUTUBE_AEME725_HONOR6CP_id48_s1_124.png,1,VALID,-119.9375,81.5,79.3125,-201.54384,LCC-FASD external-dev / cross-domain stress set,False
YOUTUBE_AEME725_HONOR6CP_id48_s1_139.png,1,VALID,-87.1875,59.15625,57.3125,-146.49063,LCC-FASD external-dev / cross-domain stress set,False
YOUTUBE_AEME725_HONOR6CP_id48_s1_156.png,1,VALID,-101.5625,68.875,67.0,-170.58017,LCC-FASD external-dev / cross-domain stress set,False
YOUTUBE_AK73S_REDMI3S_id39_s1_64.png,1,VALID,-1.2792969,1.2333984,-1.3164062,-2.5878925,LCC-FASD external-dev / cross-domain stress set,False
YOUTUBE_AK73S_REDMI3S_id39_s1_119.png,1,VALID,33.34375,-23.09375,-24.0,56.09815,LCC-FASD external-dev / cross-domain stress set,True
YOUTUBE_AK73S_REDMI3S_id39_s1_137.png,1,VALID,22.734375,-15.9140625,-16.859375,38.32017,LCC-FASD external-dev / cross-domain stress set,True
YOUTUBE_AK73S_REDMI3S_id42_s0_15.png,1,VALID,3.7382812,-3.09375,-3.7363281,6.409424,LCC-FASD external-dev / cross-domain stress set,False
YOUTUBE_AK73S_REDMI3S_id42_s0_30.png,1,VALID,5.9335938,-4.4804688,-5.2929688,10.046821,LCC-FASD external-dev / cross-domain stress set,True
YOUTUBE_AK73S_REDMI3S_id42_s0_45.png,1,VALID,9.1328125,-6.4765625,-7.6601562,15.342271,LCC-FASD external-dev / cross-domain stress set,True
YOUTUBE_AK73S_REDMI3S_id42_s0_60.png,1,VALID,10.4453125,-7.4023438,-8.5859375,17.580551,LCC-FASD external-dev / cross-domain stress set,True
YOUTUBE_AK73S_REDMI3S_id42_s0_76.png,1,VALID,-5.1132812,3.390625,1.8154297,-8.692017,LCC-FASD external-dev / cross-domain stress set,False
YOUTUBE_AK73S_REDMI3S_id42_s0_91.png,1,VALID,24.9375,-17.984375,-17.6875,42.069313,LCC-FASD external-dev / cross-domain stress set,True
YOUTUBE_AK73S_REDMI3S_id42_s0_106.png,1,VALID,-4.6484375,2.9394531,1.6308594,-7.8270645,LCC-FASD external-dev / cross-domain stress set,False
YOUTUBE_AK73S_REDMI3S_id42_s0_121.png,1,VALID,1.2753906,-1.1474609,-2.3535156,2.1609674,LCC-FASD external-dev / cross-domain stress set,False
YOUTUBE_AK73S_REDMI3S_id42_s0_136.png,1,VALID,14.859375,-10.640625,-11.3671875,25.105549,LCC-FASD external-dev / cross-domain stress set,True
YOUTUBE_AK73S_REDMI3S_id42_s0_151.png,1,VALID,15.59375,-11.328125,-11.7109375,26.401928,LCC-FASD external-dev / cross-domain stress set,True
YOUTUBE_AK73S_REDMI3S_id42_s1_35.png,1,VALID,-52.9375,35.625,34.375,-88.81443,LCC-FASD external-dev / cross-domain stress set,False
YOUTUBE_AK73S_REDMI3S_id42_s1_50.png,1,VALID,-49.25,32.46875,32.59375,-82.47635,LCC-FASD external-dev / cross-domain stress set,False
YOUTUBE_AK73S_REDMI3S_id42_s1_67.png,1,VALID,-44.03125,29.296875,28.6875,-73.7623,LCC-FASD external-dev / cross-domain stress set,False
YOUTUBE_AK73S_REDMI3S_id42_s1_82.png,1,VALID,-49.4375,33.0625,32.1875,-82.84845,LCC-FASD external-dev / cross-domain stress set,False
YOUTUBE_ASM710N_MEIZUM2MINI_id43_s0_16.png,1,VALID,-20.640625,13.453125,12.953125,-34.567825,LCC-FASD external-dev / cross-domain stress set,False
YOUTUBE_ASM710N_MEIZUM2MINI_id43_s0_31.png,1,VALID,-8.828125,5.3320312,4.9335938,-14.6737995,LCC-FASD external-dev / cross-domain stress set,False
YOUTUBE_ASM710N_MEIZUM2MINI_id43_s0_47.png,1,VALID,-7.65625,3.3203125,5.1992188,-12.997625,LCC-FASD external-dev / cross-domain stress set,False
YOUTUBE_ASM710N_MEIZUM2MINI_id43_s0_64.png,1,VALID,-15.5078125,9.1328125,10.2109375,-26.011593,LCC-FASD external-dev / cross-domain stress set,False
YOUTUBE_ASM710N_MEIZUM2MINI_id43_s0_79.png,1,VALID,78.4375,-53.90625,-54.3125,131.83324,LCC-FASD external-dev / cross-domain stress set,True
YOUTUBE_ASM710N_MEIZUM2MINI_id43_s1_15.png,1,VALID,19.671875,-14.03125,-14.328125,33.147438,LCC-FASD external-dev / cross-domain stress set,True
YOUTUBE_ASM710N_MEIZUM2MINI_id43_s1_31.png,1,VALID,32.59375,-22.953125,-23.109375,54.928802,LCC-FASD external-dev / cross-domain stress set,True
YOUTUBE_ASM710N_MEIZUM2MINI_id43_s1_46.png,1,VALID,24.75,-16.609375,-18.46875,41.214607,LCC-FASD external-dev / cross-domain stress set,True
YOUTUBE_ASM710N_MEIZUM2MINI_id43_s1_61.png,1,VALID,102.4375,-70.4375,-70.5,172.21262,LCC-FASD external-dev / cross-domain stress set,True
YOUTUBE_ASM710N_MEIZUM2MINI_id43_s1_76.png,1,VALID,65.0625,-44.96875,-45.125,109.41318,LCC-FASD external-dev / cross-domain stress set,True
YOUTUBE_ASM710N_MEIZUM2MINI_id43_s1_91.png,1,VALID,-40.21875,26.9375,25.9375,-67.46951,LCC-FASD external-dev / cross-domain stress set,False
YOUTUBE_ASM710N_MEIZUM2MINI_id48_s1_15.png,1,VALID,29.5625,-21.09375,-20.671875,49.73008,LCC-FASD external-dev / cross-domain stress set,True
YOUTUBE_ASM710N_MEIZUM2MINI_id48_s1_30.png,1,VALID,-46.46875,29.875,31.703125,-78.32091,LCC-FASD external-dev / cross-domain stress set,False
YOUTUBE_ASM710N_MEIZUM2MINI_id48_s1_45.png,1,VALID,-31.34375,20.140625,20.71875,-52.507793,LCC-FASD external-dev / cross-domain stress set,False
YOUTUBE_ASM710N_MEIZUM2MINI_id48_s1_60.png,1,VALID,-37.5625,23.71875,25.671875,-63.36701,LCC-FASD external-dev / cross-domain stress set,False
YOUTUBE_ASM710N_MEIZUM2MINI_id48_s1_76.png,1,VALID,-25.375,15.828125,17.015625,-42.656815,LCC-FASD external-dev / cross-domain stress set,False
YOUTUBE_ASM710N_MEIZUM2MINI_id48_s1_92.png,1,VALID,-44.0625,28.984375,29.0625,-73.77985,LCC-FASD external-dev / cross-domain stress set,False
YOUTUBE_ATMP253MG_XIAOMIMI6_id42_s0_108.png,1,VALID,18.5,-12.484375,-14.390625,30.845798,LCC-FASD external-dev / cross-domain stress set,True
YOUTUBE_ACER5820TG_REDMI4A_id42_s0_30.png,1,VALID,42.46875,-29.453125,-29.90625,71.42984,LCC-FASD external-dev / cross-domain stress set,True
YOUTUBE_ACER5820TG_REDMI4A_id42_s0_45.png,1,VALID,10.46875,-7.1171875,-8.8046875,17.41621,LCC-FASD external-dev / cross-domain stress set,True
YOUTUBE_ACER5820TG_REDMI4A_id42_s0_60.png,1,VALID,21.046875,-14.453125,-15.8203125,35.273006,LCC-FASD external-dev / cross-domain stress set,True
YOUTUBE_ACER5820TG_REDMI4A_id42_s0_75.png,1,VALID,-7.0546875,4.9765625,2.8300781,-12.141802,LCC-FASD external-dev / cross-domain stress set,False
YOUTUBE_ACER5820TG_REDMI4A_id42_s0_90.png,1,VALID,40.5625,-28.03125,-28.796875,68.21187,LCC-FASD external-dev / cross-domain stress set,True
YOUTUBE_ACER5820TG_REDMI4A_id42_s0_150.png,1,VALID,20.6875,-14.328125,-15.4375,34.73062,LCC-FASD external-dev / cross-domain stress set,True
YOUTUBE_ACER5820TG_REDMI4A_id42_s1_50.png,1,VALID,-59.5,40.9375,37.9375,-100.486084,LCC-FASD external-dev / cross-domain stress set,False
YOUTUBE_ACER5820TG_REDMI4A_id42_s1_65.png,1,VALID,-63.25,43.53125,40.40625,-106.82425,LCC-FASD external-dev / cross-domain stress set,False
YOUTUBE_ACER5820TG_REDMI4A_id42_s1_80.png,1,VALID,-68.0625,46.84375,43.71875,-114.94925,LCC-FASD external-dev / cross-domain stress set,False
YOUTUBE_ACER5820TG_REDMI4A_id42_s1_96.png,1,VALID,-55.84375,38.375,35.5625,-94.27707,LCC-FASD external-dev / cross-domain stress set,False
YOUTUBE_ACER5820TG_REDMI4A_id42_s1_148.png,1,VALID,-58.6875,40.40625,37.3125,-99.138084,LCC-FASD external-dev / cross-domain stress set,False
YOUTUBE_AEME725_HONOR6CP_id39_s0_40.png,1,VALID,-47.59375,32.65625,30.1875,-80.3313,LCC-FASD external-dev / cross-domain stress set,False
YOUTUBE_AEME725_HONOR6CP_id39_s1_15.png,1,VALID,-52.5625,36.40625,32.90625,-88.998505,LCC-FASD external-dev / cross-domain stress set,False
YOUTUBE_AEME725_HONOR6CP_id39_s1_44.png,1,VALID,-29.46875,20.953125,17.125,-50.44339,LCC-FASD external-dev / cross-domain stress set,False
YOUTUBE_AEME725_HONOR6CP_id39_s1_59.png,1,VALID,-47.75,33.4375,29.390625,-81.20483,LCC-FASD external-dev / cross-domain stress set,False
YOUTUBE_AEME725_HONOR6CP_id39_s1_75.png,1,VALID,-22.578125,16.0625,12.703125,-38.67479,LCC-FASD external-dev / cross-domain stress set,False
YOUTUBE_AEME725_HONOR6CP_id39_s1_94.png,1,VALID,-42.96875,29.65625,26.671875,-72.67433,LCC-FASD external-dev / cross-domain stress set,False
YOUTUBE_AEME725_HONOR6CP_id39_s1_109.png,1,VALID,-34.0,23.703125,20.5625,-57.745472,LCC-FASD external-dev / cross-domain stress set,False
YOUTUBE_AEME725_HONOR6CP_id39_s1_124.png,1,VALID,-36.5625,25.40625,22.265625,-62.011097,LCC-FASD external-dev / cross-domain stress set,False
YOUTUBE_AEME725_HONOR6CP_id42_s0_15.png,1,VALID,-62.5625,43.6875,39.1875,-106.26105,LCC-FASD external-dev / cross-domain stress set,False
YOUTUBE_AEME725_HONOR6CP_id42_s0_30.png,1,VALID,-63.46875,44.1875,39.96875,-107.67086,LCC-FASD external-dev / cross-domain stress set,False
YOUTUBE_AEME725_HONOR6CP_id42_s0_45.png,1,VALID,-53.96875,37.6875,33.6875,-91.6744,LCC-FASD external-dev / cross-domain stress set,False
YOUTUBE_AEME725_HONOR6CP_id42_s0_60.png,1,VALID,-60.03125,42.03125,37.46875,-102.07288,LCC-FASD external-dev / cross-domain stress set,False
YOUTUBE_AEME725_HONOR6CP_id42_s0_75.png,1,VALID,-67.75,47.40625,42.53125,-115.16386,LCC-FASD external-dev / cross-domain stress set,False
YOUTUBE_AEME725_HONOR6CP_id42_s0_90.png,1,VALID,-50.71875,35.6875,31.109375,-86.41647,LCC-FASD external-dev / cross-domain stress set,False
YOUTUBE_AEME725_HONOR6CP_id42_s0_105.png,1,VALID,-40.375,28.625,24.375,-69.01416,LCC-FASD external-dev / cross-domain stress set,False
YOUTUBE_AEME725_HONOR6CP_id42_s0_120.png,1,VALID,-47.53125,33.625,29.0,-81.166,LCC-FASD external-dev / cross-domain stress set,False
YOUTUBE_AEME725_HONOR6CP_id42_s0_135.png,1,VALID,-43.53125,30.734375,26.453125,-74.27936,LCC-FASD external-dev / cross-domain stress set,False
YOUTUBE_AEME725_HONOR6CP_id42_s0_150.png,1,VALID,-42.78125,30.3125,25.8125,-73.1048,LCC-FASD external-dev / cross-domain stress set,False
YOUTUBE_AEME725_HONOR6CP_id42_s1_40.png,1,VALID,-95.0,65.3125,61.78125,-160.34134,LCC-FASD external-dev / cross-domain stress set,False
YOUTUBE_AEME725_HONOR6CP_id42_s1_57.png,1,VALID,-96.875,66.875,62.59375,-163.76373,LCC-FASD external-dev / cross-domain stress set,False
YOUTUBE_AEME725_HONOR6CP_id42_s1_82.png,1,VALID,-84.625,58.25,54.75,-142.90475,LCC-FASD external-dev / cross-domain stress set,False
YOUTUBE_AEME725_HONOR6CP_id43_s0_15.png,1,VALID,-76.6875,51.53125,50.8125,-128.61575,LCC-FASD external-dev / cross-domain stress set,False
YOUTUBE_AEME725_HONOR6CP_id43_s0_30.png,1,VALID,-96.125,65.625,63.09375,-161.82655,LCC-FASD external-dev / cross-domain stress set,False
YOUTUBE_AEME725_HONOR6CP_id43_s0_46.png,1,VALID,-97.9375,67.0625,63.9375,-165.043,LCC-FASD external-dev / cross-domain stress set,False
YOUTUBE_AEME725_HONOR6CP_id43_s0_61.png,1,VALID,-65.4375,43.40625,43.8125,-109.76051,LCC-FASD external-dev / cross-domain stress set,False
YOUTUBE_AEME725_HONOR6CP_id43_s0_76.png,1,VALID,-47.15625,31.59375,30.8125,-79.12695,LCC-FASD external-dev / cross-domain stress set,False
YOUTUBE_AEME725_HONOR6CP_id43_s0_91.png,1,VALID,-65.8125,44.09375,43.5625,-110.368645,LCC-FASD external-dev / cross-domain stress set,False
YOUTUBE_AEME725_HONOR6CP_id43_s0_116.png,1,VALID,-93.5625,64.375,60.8125,-157.96547,LCC-FASD external-dev / cross-domain stress set,False
YOUTUBE_AEME725_HONOR6CP_id43_s0_131.png,1,VALID,-66.1875,44.53125,43.53125,-111.03201,LCC-FASD external-dev / cross-domain stress set,False
YOUTUBE_AEME725_HONOR6CP_id43_s0_146.png,1,VALID,-50.5,34.1875,32.6875,-84.888916,LCC-FASD external-dev / cross-domain stress set,False
YOUTUBE_AEME725_HONOR6CP_id43_s0_161.png,1,VALID,-79.75,54.125,52.40625,-134.03992,LCC-FASD external-dev / cross-domain stress set,False
YOUTUBE_AEME725_HONOR6CP_id43_s1_15.png,1,VALID,-35.875,24.984375,21.890625,-60.90371,LCC-FASD external-dev / cross-domain stress set,False
YOUTUBE_AEME725_HONOR6CP_id43_s1_30.png,1,VALID,-44.0625,30.15625,28.046875,-74.33325,LCC-FASD external-dev / cross-domain stress set,False
YOUTUBE_AEME725_HONOR6CP_id43_s1_45.png,1,VALID,25.3125,-16.796875,-19.234375,42.025604,LCC-FASD external-dev / cross-domain stress set,True
YOUTUBE_AEME725_HONOR6CP_id43_s1_62.png,1,VALID,29.609375,-19.953125,-21.890625,49.427914,LCC-FASD external-dev / cross-domain stress set,True
YOUTUBE_AEME725_HONOR6CP_id43_s1_77.png,1,VALID,-20.84375,14.3125,12.4609375,-35.302074,LCC-FASD external-dev / cross-domain stress set,False
YOUTUBE_AEME725_HONOR6CP_id43_s1_107.png,1,VALID,14.6328125,-9.34375,-11.984375,23.907673,LCC-FASD external-dev / cross-domain stress set,True
YOUTUBE_AEME725_HONOR6CP_id43_s1_122.png,1,VALID,-39.625,27.25,24.984375,-66.973724,LCC-FASD external-dev / cross-domain stress set,False
YOUTUBE_AEME725_HONOR6CP_id43_s1_137.png,1,VALID,-33.34375,22.984375,20.671875,-56.42254,LCC-FASD external-dev / cross-domain stress set,False
YOUTUBE_AEME725_HONOR6CP_id43_s1_152.png,1,VALID,-13.109375,9.546875,6.6835938,-22.711761,LCC-FASD external-dev / cross-domain stress set,False
YOUTUBE_AAL1917_SGT3SMT310_id42_s0_31.png,1,VALID,-4.3046875,3.0078125,1.1542969,-7.4580584,LCC-FASD external-dev / cross-domain stress set,False
YOUTUBE_AAL1917_SGT3SMT310_id42_s0_46.png,1,VALID,-10.8671875,7.8242188,5.2070312,-18.761871,LCC-FASD external-dev / cross-domain stress set,False
YOUTUBE_AAL1917_SGT3SMT310_id42_s0_61.png,1,VALID,8.6015625,-5.9140625,-7.4765625,14.325326,LCC-FASD external-dev / cross-domain stress set,True
YOUTUBE_AAL1917_SGT3SMT310_id42_s0_76.png,1,VALID,12.6640625,-8.2109375,-10.671875,20.793093,LCC-FASD external-dev / cross-domain stress set,True
YOUTUBE_AAL1917_SGT3SMT310_id42_s0_91.png,1,VALID,12.984375,-8.9453125,-10.40625,21.721033,LCC-FASD external-dev / cross-domain stress set,True
YOUTUBE_AAR7_IPHONE4S_id39_s0_15.png,1,VALID,-54.5625,36.03125,36.4375,-91.51051,LCC-FASD external-dev / cross-domain stress set,False
YOUTUBE_AAR7_IPHONE4S_id39_s0_35.png,1,VALID,-49.1875,33.5625,31.484375,-82.86793,LCC-FASD external-dev / cross-domain stress set,False
YOUTUBE_AAR7_IPHONE4S_id39_s0_50.png,1,VALID,-16.15625,10.1875,10.0859375,-26.987404,LCC-FASD external-dev / cross-domain stress set,False
YOUTUBE_AAR7_IPHONE4S_id43_s0_15.png,1,VALID,23.46875,-17.484375,-16.0625,39.31512,LCC-FASD external-dev / cross-domain stress set,True
YOUTUBE_AAR7_IPHONE4S_id43_s0_30.png,1,VALID,-22.34375,14.1015625,14.7734375,-37.529793,LCC-FASD external-dev / cross-domain stress set,False
YOUTUBE_AAR7_IPHONE4S_id43_s0_45.png,1,VALID,31.59375,-21.8125,-22.59375,53.029297,LCC-FASD external-dev / cross-domain stress set,True
YOUTUBE_AAR7_IPHONE4S_id43_s0_61.png,1,VALID,-10.65625,5.5546875,7.3554688,-18.164585,LCC-FASD external-dev / cross-domain stress set,False
YOUTUBE_AAR7_IPHONE4S_id43_s0_81.png,1,VALID,-6.796875,2.5449219,5.0898438,-11.962271,LCC-FASD external-dev / cross-domain stress set,False
YOUTUBE_AAR7_IPHONE4S_id43_s0_96.png,1,VALID,3.8984375,-4.5039062,-2.4414062,6.2201643,LCC-FASD external-dev / cross-domain stress set,False
YOUTUBE_AAR7_IPHONE4S_id43_s0_111.png,1,VALID,-6.3007812,3.9199219,3.0019531,-10.556696,LCC-FASD external-dev / cross-domain stress set,False
YOUTUBE_AAR7_IPHONE4S_id43_s0_126.png,1,VALID,15.5,-12.3828125,-10.3984375,25.769634,LCC-FASD external-dev / cross-domain stress set,True
YOUTUBE_AAR7_IPHONE4S_id43_s0_141.png,1,VALID,10.78125,-9.2265625,-7.1132812,17.780453,LCC-FASD external-dev / cross-domain stress set,True
YOUTUBE_AAR7_IPHONE4S_id43_s0_156.png,1,VALID,-24.28125,15.296875,16.09375,-40.74707,LCC-FASD external-dev / cross-domain stress set,False
YOUTUBE_AAR7_IPHONE4S_id43_s1_15.png,1,VALID,83.4375,-57.71875,-57.34375,140.25812,LCC-FASD external-dev / cross-domain stress set,True
YOUTUBE_AAR7_IPHONE4S_id43_s1_30.png,1,VALID,85.6875,-58.9375,-59.125,144.02121,LCC-FASD external-dev / cross-domain stress set,True
YOUTUBE_AAR7_IPHONE4S_id43_s1_45.png,1,VALID,92.75,-63.78125,-63.90625,155.89865,LCC-FASD external-dev / cross-domain stress set,True
YOUTUBE_AAR7_IPHONE4S_id43_s1_62.png,1,VALID,65.1875,-45.0,-45.21875,109.59776,LCC-FASD external-dev / cross-domain stress set,True
YOUTUBE_AAR7_IPHONE4S_id43_s1_77.png,1,VALID,83.8125,-57.875,-57.6875,140.89621,LCC-FASD external-dev / cross-domain stress set,True
YOUTUBE_AAR7_IPHONE4S_id43_s1_92.png,1,VALID,94.0625,-64.875,-64.6875,158.14621,LCC-FASD external-dev / cross-domain stress set,True
YOUTUBE_AAR7_IPHONE4S_id43_s1_107.png,1,VALID,87.5625,-60.09375,-60.53125,147.15811,LCC-FASD external-dev / cross-domain stress set,True
YOUTUBE_AAR7_IPHONE4S_id43_s1_122.png,1,VALID,78.8125,-54.0625,-54.65625,132.43529,LCC-FASD external-dev / cross-domain stress set,True
YOUTUBE_AAR7_IPHONE4S_id43_s1_137.png,1,VALID,-2.4511719,1.3701172,0.34887695,-4.1288824,LCC-FASD external-dev / cross-domain stress set,False
YOUTUBE_AAR7_IPHONE4S_id43_s1_152.png,1,VALID,55.5,-37.9375,-39.0625,93.15635,LCC-FASD external-dev / cross-domain stress set,True
YOUTUBE_AAR7_IPHONE4S_id48_s1_15.png,1,VALID,17.671875,-12.2109375,-13.5859375,29.6574,LCC-FASD external-dev / cross-domain stress set,True
YOUTUBE_AAR7_IPHONE4S_id48_s1_30.png,1,VALID,0.15527344,-0.47973633,-1.5585938,0.3423523,LCC-FASD external-dev / cross-domain stress set,False
YOUTUBE_AAR7_IPHONE4S_id48_s1_45.png,1,VALID,-9.3515625,6.546875,4.3125,-16.000145,LCC-FASD external-dev / cross-domain stress set,False
YOUTUBE_AAR7_IPHONE4S_id48_s1_60.png,1,VALID,-33.25,23.515625,19.84375,-56.790733,LCC-FASD external-dev / cross-domain stress set,False
YOUTUBE_AAR7_IPHONE4S_id48_s1_75.png,1,VALID,32.1875,-22.359375,-23.203125,54.189133,LCC-FASD external-dev / cross-domain stress set,True
YOUTUBE_AAR7_IPHONE4S_id48_s1_92.png,1,VALID,19.375,-14.203125,-13.9375,32.74337,LCC-FASD external-dev / cross-domain stress set,True
YOUTUBE_AAR7_IPHONE4S_id48_s1_107.png,1,VALID,-9.640625,6.5898438,4.7578125,-16.378963,LCC-FASD external-dev / cross-domain stress set,False
YOUTUBE_AAR7_IPHONE4S_id48_s1_122.png,1,VALID,-2.71875,1.6767578,0.30566406,-4.62171,LCC-FASD external-dev / cross-domain stress set,False
YOUTUBE_AAR7_IPHONE4S_id48_s1_137.png,1,VALID,4.7617188,-3.5410156,-4.703125,8.030553,LCC-FASD external-dev / cross-domain stress set,False
YOUTUBE_AAR7_IPHONE4S_id48_s1_161.png,1,VALID,77.625,-52.6875,-54.40625,130.14758,LCC-FASD external-dev / cross-domain stress set,True
YOUTUBE_ACER5820TG_REDMI4A_id39_s1_15.png,1,VALID,-34.40625,23.5,21.375,-58.019073,LCC-FASD external-dev / cross-domain stress set,False
YOUTUBE_ACER5820TG_REDMI4A_id39_s1_35.png,1,VALID,7.15625,-5.3476562,-6.0273438,12.093935,LCC-FASD external-dev / cross-domain stress set,True
YOUTUBE_ACER5820TG_REDMI4A_id39_s1_56.png,1,VALID,-14.59375,9.7109375,8.234375,-24.510418,LCC-FASD external-dev / cross-domain stress set,False
YOUTUBE_ACER5820TG_REDMI4A_id39_s1_81.png,1,VALID,30.421875,-21.078125,-22.296875,51.241028,LCC-FASD external-dev / cross-domain stress set,True
YOUTUBE_ACER5820TG_REDMI4A_id39_s1_96.png,1,VALID,-13.015625,8.9609375,6.8554688,-22.091488,LCC-FASD external-dev / cross-domain stress set,False
YOUTUBE_ACER5820TG_REDMI4A_id39_s1_111.png,1,VALID,-8.6796875,6.0429688,3.890625,-14.832596,LCC-FASD external-dev / cross-domain stress set,False
YOUTUBE_ACER5820TG_REDMI4A_id39_s1_126.png,1,VALID,17.734375,-12.171875,-13.828125,29.731579,LCC-FASD external-dev / cross-domain stress set,True
YOUTUBE_ACER5820TG_REDMI4A_id42_s0_15.png,1,VALID,17.828125,-12.4453125,-13.4140625,29.951675,LCC-FASD external-dev / cross-domain stress set,True
YOUTUBE_ACER5820TG_REDMI4A_id42_s0_105.png,1,VALID,21.96875,-15.3125,-16.21875,36.9419,LCC-FASD external-dev / cross-domain stress set,True
YOUTUBE_ACER5820TG_REDMI4A_id42_s0_120.png,1,VALID,27.140625,-18.765625,-19.796875,45.601295,LCC-FASD external-dev / cross-domain stress set,True
YOUTUBE_ACER5820TG_REDMI4A_id42_s0_135.png,1,VALID,26.265625,-17.890625,-19.4375,43.963226,LCC-FASD external-dev / cross-domain stress set,True
FT720P_SSM2433_S4508_id5_s0_15.png,1,VALID,46.1875,-31.53125,-32.84375,77.48041,LCC-FASD external-dev / cross-domain stress set,True
FT720P_SSM2433_S4508_id5_s0_30.png,1,VALID,30.5,-20.78125,-22.28125,51.079834,LCC-FASD external-dev / cross-domain stress set,True
FT720P_SSM2433_S4508_id5_s0_45.png,1,VALID,10.2265625,-7.0078125,-8.515625,17.034382,LCC-FASD external-dev / cross-domain stress set,True
FT720P_SSM2433_S4508_id5_s0_60.png,1,VALID,8.109375,-5.5234375,-7.171875,13.456886,LCC-FASD external-dev / cross-domain stress set,True
FT720P_SSM2433_S4508_id5_s0_75.png,1,VALID,5.515625,-3.9023438,-5.25,9.186977,LCC-FASD external-dev / cross-domain stress set,True
FT720P_SSM2433_S4508_id5_s0_90.png,1,VALID,-2.9941406,2.0175781,0.3671875,-5.1873302,LCC-FASD external-dev / cross-domain stress set,False
FT720P_SSM2433_S4508_id5_s0_105.png,1,VALID,-12.921875,9.078125,6.7695312,-22.094765,LCC-FASD external-dev / cross-domain stress set,False
FT720P_SSM2433_S4508_id5_s0_120.png,1,VALID,-26.5,18.328125,15.875,-44.91065,LCC-FASD external-dev / cross-domain stress set,False
FT720P_SSM2433_S4508_id5_s0_135.png,1,VALID,-28.453125,19.734375,17.125,-48.2585,LCC-FASD external-dev / cross-domain stress set,False
FT720P_SSM2433_S4508_id5_s0_150.png,1,VALID,-3.7382812,2.5761719,0.8071289,-6.471881,LCC-FASD external-dev / cross-domain stress set,False
FT720P_SSM2433_S4508_id5_s1_15.png,1,VALID,-44.875,31.234375,27.796875,-76.141014,LCC-FASD external-dev / cross-domain stress set,False
FT720P_SSM2433_S4508_id5_s1_30.png,1,VALID,-34.15625,23.140625,21.40625,-57.459427,LCC-FASD external-dev / cross-domain stress set,False
FT720P_SSM2433_S4508_id5_s1_45.png,1,VALID,-40.1875,27.609375,25.09375,-67.87459,LCC-FASD external-dev / cross-domain stress set,False
FT720P_SSM2433_S4508_id5_s1_60.png,1,VALID,-30.0,20.328125,18.5625,-50.486053,LCC-FASD external-dev / cross-domain stress set,False
FT720P_SSM2433_S4508_id5_s1_75.png,1,VALID,-34.21875,23.0625,21.53125,-57.477036,LCC-FASD external-dev / cross-domain stress set,False
FT720P_SSM2433_S4508_id5_s1_90.png,1,VALID,-37.3125,25.59375,23.171875,-62.991287,LCC-FASD external-dev / cross-domain stress set,False
FT720P_SSM2433_S4508_id5_s1_105.png,1,VALID,-31.609375,21.34375,19.734375,-53.135456,LCC-FASD external-dev / cross-domain stress set,False
FT720P_SSM2433_S4508_id5_s1_120.png,1,VALID,-41.1875,28.15625,25.859375,-69.43958,LCC-FASD external-dev / cross-domain stress set,False
FT720P_SSM2433_S4508_id5_s1_135.png,1,VALID,-43.75,30.0625,27.4375,-73.88244,LCC-FASD external-dev / cross-domain stress set,False
FT720P_SSM2433_S4508_id5_s1_150.png,1,VALID,-36.84375,24.890625,23.296875,-61.919327,LCC-FASD external-dev / cross-domain stress set,False
FT720P_SSM2433_S4508_id9_s0_15.png,1,VALID,-1.1142578,0.3696289,-0.63427734,-1.7960993,LCC-FASD external-dev / cross-domain stress set,False
FT720P_SSM2433_S4508_id9_s0_30.png,1,VALID,-5.4648438,3.6152344,1.9628906,-9.255375,LCC-FASD external-dev / cross-domain stress set,False
FT720P_SSM2433_S4508_id9_s0_45.png,1,VALID,-10.03125,6.3085938,5.4179688,-16.683716,LCC-FASD external-dev / cross-domain stress set,False
FT720P_SSM2433_S4508_id9_s0_60.png,1,VALID,-4.96875,2.8457031,2.0644531,-8.191404,LCC-FASD external-dev / cross-domain stress set,False
FT720P_SSM2433_S4508_id9_s0_75.png,1,VALID,-6.1835938,3.8476562,2.6914062,-10.304831,LCC-FASD external-dev / cross-domain stress set,False
FT720P_SSM2433_S4508_id9_s0_90.png,1,VALID,-5.671875,3.4140625,2.4140625,-9.3991995,LCC-FASD external-dev / cross-domain stress set,False
FT720P_SSM2433_S4508_id9_s0_105.png,1,VALID,-9.703125,5.7460938,5.5859375,-16.06549,LCC-FASD external-dev / cross-domain stress set,False
FT720P_SSM2433_S4508_id9_s0_120.png,1,VALID,-6.09375,3.6289062,2.78125,-10.079224,LCC-FASD external-dev / cross-domain stress set,False
FT720P_SSM2433_S4508_id9_s0_135.png,1,VALID,-9.828125,6.1640625,5.3320312,-16.353466,LCC-FASD external-dev / cross-domain stress set,False
FT720P_SSM2433_S4508_id9_s0_150.png,1,VALID,-5.4453125,3.3300781,2.2109375,-9.05798,LCC-FASD external-dev / cross-domain stress set,False
YOUTUBE_AA6000_HUAWEIY9_id39_s1_15.png,1,VALID,-58.78125,40.4375,37.46875,-99.268845,LCC-FASD external-dev / cross-domain stress set,False
YOUTUBE_AA6000_HUAWEIY9_id39_s1_30.png,1,VALID,-24.546875,17.546875,13.953125,-42.120872,LCC-FASD external-dev / cross-domain stress set,False
YOUTUBE_AA6000_HUAWEIY9_id39_s1_58.png,1,VALID,-53.9375,37.375,33.875,-91.342255,LCC-FASD external-dev / cross-domain stress set,False
YOUTUBE_AA6000_HUAWEIY9_id39_s1_87.png,1,VALID,-2.7929688,2.4726562,-0.5566406,-5.3128424,LCC-FASD external-dev / cross-domain stress set,False
YOUTUBE_AA6000_HUAWEIY9_id39_s1_102.png,1,VALID,-31.828125,22.3125,19.0,-54.176403,LCC-FASD external-dev / cross-domain stress set,False
YOUTUBE_AA6000_HUAWEIY9_id39_s1_117.png,1,VALID,-36.5,25.375,22.28125,-61.919334,LCC-FASD external-dev / cross-domain stress set,False
YOUTUBE_AA6000_HUAWEIY9_id39_s1_132.png,1,VALID,-24.03125,16.8125,13.984375,-40.90119,LCC-FASD external-dev / cross-domain stress set,False
YOUTUBE_AA6000_HUAWEIY9_id42_s0_15.png,1,VALID,-35.75,25.359375,21.21875,-61.12516,LCC-FASD external-dev / cross-domain stress set,False
YOUTUBE_AA6000_HUAWEIY9_id42_s0_30.png,1,VALID,-32.59375,23.0,19.390625,-55.62046,LCC-FASD external-dev / cross-domain stress set,False
YOUTUBE_AA6000_HUAWEIY9_id42_s0_45.png,1,VALID,-10.734375,7.9179688,4.84375,-18.697533,LCC-FASD external-dev / cross-domain stress set,False
YOUTUBE_AA6000_HUAWEIY9_id42_s0_60.png,1,VALID,-32.15625,22.828125,18.96875,-55.005238,LCC-FASD external-dev / cross-domain stress set,False
YOUTUBE_AA6000_HUAWEIY9_id42_s0_75.png,1,VALID,-25.875,18.59375,14.6484375,-44.48791,LCC-FASD external-dev / cross-domain stress set,False
YOUTUBE_AA6000_HUAWEIY9_id42_s0_90.png,1,VALID,-38.28125,27.1875,22.890625,-65.48227,LCC-FASD external-dev / cross-domain stress set,False
YOUTUBE_AA6000_HUAWEIY9_id42_s0_105.png,1,VALID,-28.109375,20.375,15.9296875,-48.49604,LCC-FASD external-dev / cross-domain stress set,False
YOUTUBE_AA6000_HUAWEIY9_id42_s0_120.png,1,VALID,-29.28125,21.21875,16.625,-50.510063,LCC-FASD external-dev / cross-domain stress set,False
YOUTUBE_AA6000_HUAWEIY9_id42_s0_135.png,1,VALID,-24.984375,18.078125,14.078125,-43.08065,LCC-FASD external-dev / cross-domain stress set,False
YOUTUBE_AA6000_HUAWEIY9_id42_s0_150.png,1,VALID,-43.625,31.078125,26.296875,-74.71147,LCC-FASD external-dev / cross-domain stress set,False
YOUTUBE_AA6000_HUAWEIY9_id42_s1_65.png,1,VALID,-107.6875,72.9375,71.5,-180.8381,LCC-FASD external-dev / cross-domain stress set,False
YOUTUBE_AA6000_HUAWEIY9_id42_s1_142.png,1,VALID,-86.6875,58.8125,57.03125,-145.65565,LCC-FASD external-dev / cross-domain stress set,False
YOUTUBE_AAL1917_SGT3SMT310_id42_s0_16.png,1,VALID,10.5703125,-7.2890625,-8.7421875,17.649244,LCC-FASD external-dev / cross-domain stress set,True
YOUTUBE_AAL1917_SGT3SMT310_id42_s0_106.png,1,VALID,-8.75,6.3476562,3.8515625,-15.176843,LCC-FASD external-dev / cross-domain stress set,False
YOUTUBE_AAL1917_SGT3SMT310_id42_s0_121.png,1,VALID,20.1875,-13.46875,-15.578125,33.541748,LCC-FASD external-dev / cross-domain stress set,True
YOUTUBE_AAL1917_SGT3SMT310_id42_s0_136.png,1,VALID,-3.6914062,2.6601562,0.63623047,-6.4756684,LCC-FASD external-dev / cross-domain stress set,False
FT720P_SSM2433_S4508_id0_s1_15.png,1,VALID,11.203125,-7.1328125,-9.7734375,18.267048,LCC-FASD external-dev / cross-domain stress set,True
FT720P_SSM2433_S4508_id0_s1_30.png,1,VALID,-1.8613281,1.9287109,-1.125,-3.8361433,LCC-FASD external-dev / cross-domain stress set,False
FT720P_SSM2433_S4508_id0_s1_45.png,1,VALID,0.052581787,0.5991211,-2.3984375,-0.59524256,LCC-FASD external-dev / cross-domain stress set,False
FT720P_SSM2433_S4508_id0_s1_60.png,1,VALID,32.625,-21.90625,-24.125,54.42802,LCC-FASD external-dev / cross-domain stress set,True
FT720P_SSM2433_S4508_id0_s1_75.png,1,VALID,33.3125,-22.375,-24.53125,55.577965,LCC-FASD external-dev / cross-domain stress set,True
FT720P_SSM2433_S4508_id0_s1_90.png,1,VALID,35.625,-23.96875,-26.09375,59.480927,LCC-FASD external-dev / cross-domain stress set,True
FT720P_SSM2433_S4508_id0_s1_150.png,1,VALID,40.78125,-27.390625,-29.5625,68.06395,LCC-FASD external-dev / cross-domain stress set,True
FT720P_SSM2433_S4508_id0_s2_15.png,1,VALID,-21.484375,15.140625,12.125,-36.67285,LCC-FASD external-dev / cross-domain stress set,False
FT720P_SSM2433_S4508_id0_s2_30.png,1,VALID,-25.546875,18.328125,14.4453125,-43.895386,LCC-FASD external-dev / cross-domain stress set,False
FT720P_SSM2433_S4508_id0_s2_45.png,1,VALID,-19.046875,14.0703125,9.859375,-33.131912,LCC-FASD external-dev / cross-domain stress set,False
FT720P_SSM2433_S4508_id0_s2_60.png,1,VALID,-16.8125,12.59375,8.3125,-29.419981,LCC-FASD external-dev / cross-domain stress set,False
FT720P_SSM2433_S4508_id0_s2_75.png,1,VALID,-15.4609375,11.5390625,7.5273438,-27.01794,LCC-FASD external-dev / cross-domain stress set,False
FT720P_SSM2433_S4508_id0_s2_90.png,1,VALID,-15.671875,11.640625,7.7265625,-27.332264,LCC-FASD external-dev / cross-domain stress set,False
FT720P_SSM2433_S4508_id0_s2_105.png,1,VALID,-16.546875,12.2890625,8.2734375,-28.85381,LCC-FASD external-dev / cross-domain stress set,False
FT720P_SSM2433_S4508_id0_s2_120.png,1,VALID,9.2890625,-5.7851562,-8.6015625,15.016119,LCC-FASD external-dev / cross-domain stress set,True
FT720P_SSM2433_S4508_id0_s2_135.png,1,VALID,-9.1953125,7.25,3.4453125,-16.467335,LCC-FASD external-dev / cross-domain stress set,False
FT720P_SSM2433_S4508_id0_s2_150.png,1,VALID,-17.140625,12.71875,8.765625,-29.878387,LCC-FASD external-dev / cross-domain stress set,False
FT720P_SSM2433_S4508_id0_s3_15.png,1,VALID,-53.84375,37.8125,33.53125,-91.66998,LCC-FASD external-dev / cross-domain stress set,False
FT720P_SSM2433_S4508_id0_s3_30.png,1,VALID,-63.1875,44.84375,39.15625,-108.03464,LCC-FASD external-dev / cross-domain stress set,False
FT720P_SSM2433_S4508_id0_s3_45.png,1,VALID,-59.4375,42.25,36.53125,-101.69078,LCC-FASD external-dev / cross-domain stress set,False
FT720P_SSM2433_S4508_id0_s3_60.png,1,VALID,-69.0,48.6875,43.125,-117.69133,LCC-FASD external-dev / cross-domain stress set,False
FT720P_SSM2433_S4508_id0_s3_75.png,1,VALID,-56.375,39.71875,35.0,-96.10264,LCC-FASD external-dev / cross-domain stress set,False
FT720P_SSM2433_S4508_id0_s3_90.png,1,VALID,-61.46875,43.3125,38.3125,-104.787964,LCC-FASD external-dev / cross-domain stress set,False
FT720P_SSM2433_S4508_id0_s3_105.png,1,VALID,-69.3125,48.6875,43.59375,-118.00612,LCC-FASD external-dev / cross-domain stress set,False
FT720P_SSM2433_S4508_id0_s3_120.png,1,VALID,-71.9375,50.8125,44.96875,-122.7529,LCC-FASD external-dev / cross-domain stress set,False
FT720P_SSM2433_S4508_id0_s3_135.png,1,VALID,-78.25,55.28125,49.0,-133.53311,LCC-FASD external-dev / cross-domain stress set,False
FT720P_SSM2433_S4508_id0_s3_150.png,1,VALID,-64.6875,45.96875,40.0,-110.658806,LCC-FASD external-dev / cross-domain stress set,False
FT720P_SSM2433_S4508_id12_s0_15.png,1,VALID,19.640625,-13.9765625,-14.4375,33.12818,LCC-FASD external-dev / cross-domain stress set,True
FT720P_SSM2433_S4508_id12_s0_30.png,1,VALID,54.9375,-37.75,-38.625,92.33905,LCC-FASD external-dev / cross-domain stress set,True
FT720P_SSM2433_S4508_id12_s0_45.png,1,VALID,52.21875,-36.09375,-36.5625,87.82651,LCC-FASD external-dev / cross-domain stress set,True
FT720P_SSM2433_S4508_id12_s0_60.png,1,VALID,60.0,-41.21875,-42.0,100.8418,LCC-FASD external-dev / cross-domain stress set,True
FT720P_SSM2433_S4508_id12_s0_75.png,1,VALID,68.25,-47.09375,-47.25,114.72568,LCC-FASD external-dev / cross-domain stress set,True
FT720P_SSM2433_S4508_id12_s0_90.png,1,VALID,36.375,-25.796875,-25.375,61.245705,LCC-FASD external-dev / cross-domain stress set,True
FT720P_SSM2433_S4508_id12_s0_105.png,1,VALID,50.9375,-35.78125,-35.125,85.644585,LCC-FASD external-dev / cross-domain stress set,True
FT720P_SSM2433_S4508_id12_s0_120.png,1,VALID,62.8125,-43.5625,-43.4375,105.6174,LCC-FASD external-dev / cross-domain stress set,True
FT720P_SSM2433_S4508_id12_s0_135.png,1,VALID,43.53125,-30.3125,-30.46875,73.22568,LCC-FASD external-dev / cross-domain stress set,True
FT720P_SSM2433_S4508_id12_s0_150.png,1,VALID,41.21875,-28.515625,-29.171875,69.31646,LCC-FASD external-dev / cross-domain stress set,True
FT720P_SSM2433_S4508_id12_s1_15.png,1,VALID,45.28125,-32.375,-30.78125,75.87755,LCC-FASD external-dev / cross-domain stress set,True
FT720P_SSM2433_S4508_id12_s1_30.png,1,VALID,41.8125,-30.078125,-28.40625,70.04657,LCC-FASD external-dev / cross-domain stress set,True
FT720P_SSM2433_S4508_id12_s1_45.png,1,VALID,15.4453125,-11.7265625,-10.84375,25.94291,LCC-FASD external-dev / cross-domain stress set,True
FT720P_SSM2433_S4508_id12_s1_60.png,1,VALID,7.7929688,-6.5859375,-5.671875,13.127734,LCC-FASD external-dev / cross-domain stress set,True
FT720P_SSM2433_S4508_id12_s1_75.png,1,VALID,56.1875,-39.28125,-38.6875,94.43529,LCC-FASD external-dev / cross-domain stress set,True
FT720P_SSM2433_S4508_id12_s1_90.png,1,VALID,57.5,-40.5,-39.28125,96.52228,LCC-FASD external-dev / cross-domain stress set,True
FT720P_SSM2433_S4508_id12_s1_105.png,1,VALID,57.5,-40.4375,-39.34375,96.554855,LCC-FASD external-dev / cross-domain stress set,True
FT720P_SSM2433_S4508_id12_s1_120.png,1,VALID,49.71875,-35.09375,-34.15625,83.54454,LCC-FASD external-dev / cross-domain stress set,True
FT720P_SSM2433_S4508_id12_s1_135.png,1,VALID,33.71875,-24.203125,-23.28125,56.66512,LCC-FASD external-dev / cross-domain stress set,True
FT720P_SSM2433_S4508_id12_s1_150.png,1,VALID,36.78125,-26.328125,-25.3125,61.784668,LCC-FASD external-dev / cross-domain stress set,True
FT720P_SSM2433_S4508_id12_s2_15.png,1,VALID,63.34375,-43.65625,-44.0,106.464035,LCC-FASD external-dev / cross-domain stress set,True
FT720P_SSM2433_S4508_id12_s2_30.png,1,VALID,42.5625,-28.703125,-30.703125,71.138695,LCC-FASD external-dev / cross-domain stress set,True
FT720P_SSM2433_S4508_id12_s2_45.png,1,VALID,-3.15625,2.7441406,-0.18835449,-5.952285,LCC-FASD external-dev / cross-domain stress set,False
FT720P_SSM2433_S4508_id12_s2_60.png,1,VALID,48.375,-32.625,-34.6875,80.880325,LCC-FASD external-dev / cross-domain stress set,True
FT720P_SSM2433_S4508_id12_s2_75.png,1,VALID,28.515625,-19.328125,-21.015625,47.674023,LCC-FASD external-dev / cross-domain stress set,True
FT720P_SSM2433_S4508_id12_s2_90.png,1,VALID,31.375,-21.125,-23.109375,52.371197,LCC-FASD external-dev / cross-domain stress set,True
FT720P_SSM2433_S4508_id12_s2_105.png,1,VALID,52.1875,-35.3125,-37.125,87.348785,LCC-FASD external-dev / cross-domain stress set,True
FT720P_SSM2433_S4508_id12_s2_120.png,1,VALID,45.375,-30.703125,-32.5,75.924706,LCC-FASD external-dev / cross-domain stress set,True
FT720P_SSM2433_S4508_id12_s2_135.png,1,VALID,27.53125,-18.515625,-20.546875,45.923622,LCC-FASD external-dev / cross-domain stress set,True
FT720P_SSM2433_S4508_id12_s2_150.png,1,VALID,46.125,-31.34375,-32.96875,77.289,LCC-FASD external-dev / cross-domain stress set,True
FT720P_SSM20B370_BQ5204_id5_s0_15.png,1,VALID,-34.96875,24.25,21.3125,-59.270393,LCC-FASD external-dev / cross-domain stress set,False
FT720P_SSM20B370_BQ5204_id5_s0_30.png,1,VALID,-31.09375,21.546875,18.828125,-52.7045,LCC-FASD external-dev / cross-domain stress set,False
FT720P_SSM20B370_BQ5204_id5_s0_45.png,1,VALID,-15.125,10.6953125,8.09375,-25.89185,LCC-FASD external-dev / cross-domain stress set,False
FT720P_SSM20B370_BQ5204_id5_s0_60.png,1,VALID,-15.640625,11.078125,8.390625,-26.784584,LCC-FASD external-dev / cross-domain stress set,False
FT720P_SSM20B370_BQ5204_id5_s0_75.png,1,VALID,-20.484375,14.09375,11.90625,-34.684464,LCC-FASD external-dev / cross-domain stress set,False
FT720P_SSM20B370_BQ5204_id5_s0_90.png,1,VALID,-16.8125,11.65625,9.375,-28.56602,LCC-FASD external-dev / cross-domain stress set,False
FT720P_SSM20B370_BQ5204_id5_s0_105.png,1,VALID,-22.890625,16.140625,13.09375,-39.077663,LCC-FASD external-dev / cross-domain stress set,False
FT720P_SSM20B370_BQ5204_id5_s0_120.png,1,VALID,-31.171875,21.484375,18.953125,-52.732803,LCC-FASD external-dev / cross-domain stress set,False
FT720P_SSM20B370_BQ5204_id5_s0_135.png,1,VALID,22.8125,-15.265625,-17.375,37.963623,LCC-FASD external-dev / cross-domain stress set,True
FT720P_SSM20B370_BQ5204_id5_s0_150.png,1,VALID,-18.734375,13.1328125,10.5,-31.936598,LCC-FASD external-dev / cross-domain stress set,False
FT720P_SSM20B370_BQ5204_id9_s0_15.png,1,VALID,-30.71875,19.53125,20.484375,-51.529213,LCC-FASD external-dev / cross-domain stress set,False
FT720P_SSM20B370_BQ5204_id9_s0_30.png,1,VALID,-8.0546875,4.9023438,4.4453125,-13.447548,LCC-FASD external-dev / cross-domain stress set,False
FT720P_SSM20B370_BQ5204_id9_s0_45.png,1,VALID,3.046875,-2.2597656,-3.4707031,5.0458794,LCC-FASD external-dev / cross-domain stress set,False
FT720P_SSM20B370_BQ5204_id9_s0_60.png,1,VALID,12.75,-9.0234375,-9.921875,21.431831,LCC-FASD external-dev / cross-domain stress set,True
FT720P_SSM20B370_BQ5204_id9_s0_75.png,1,VALID,19.75,-13.5546875,-14.8828125,33.069637,LCC-FASD external-dev / cross-domain stress set,True
FT720P_SSM20B370_BQ5204_id9_s0_90.png,1,VALID,2.65625,-2.1992188,-3.0644531,4.504141,LCC-FASD external-dev / cross-domain stress set,False
FT720P_SSM20B370_BQ5204_id9_s0_105.png,1,VALID,31.03125,-21.421875,-22.3125,52.109253,LCC-FASD external-dev / cross-domain stress set,True
FT720P_SSM20B370_BQ5204_id9_s0_120.png,1,VALID,9.71875,-6.8203125,-7.9453125,16.257912,LCC-FASD external-dev / cross-domain stress set,True
FT720P_SSM20B370_BQ5204_id9_s0_135.png,1,VALID,6.0703125,-4.3203125,-5.515625,10.126255,LCC-FASD external-dev / cross-domain stress set,True
FT720P_SSM20B370_BQ5204_id9_s0_150.png,1,VALID,12.4453125,-8.5390625,-9.9375,20.763649,LCC-FASD external-dev / cross-domain stress set,True
FT720P_SSM20B370_BQ5204_id9_s1_95.png,1,VALID,-51.0,33.59375,34.03125,-85.52939,LCC-FASD external-dev / cross-domain stress set,False
FT720P_SSM20B370_BQ5204_id12_s1_30.png,1,VALID,46.90625,-32.4375,-32.875,78.84561,LCC-FASD external-dev / cross-domain stress set,True
FT720P_SSM20B370_BQ5204_id12_s1_45.png,1,VALID,45.0625,-30.84375,-32.03125,75.64006,LCC-FASD external-dev / cross-domain stress set,True
FT720P_SSM20B370_BQ5204_id12_s1_60.png,1,VALID,36.5625,-25.4375,-25.84375,61.489487,LCC-FASD external-dev / cross-domain stress set,True
FT720P_SSM20B370_BQ5204_id12_s1_75.png,1,VALID,84.75,-58.25,-58.4375,142.39621,LCC-FASD external-dev / cross-domain stress set,True
FT720P_SSM20B370_BQ5204_id12_s1_90.png,1,VALID,84.4375,-58.21875,-58.0625,141.88193,LCC-FASD external-dev / cross-domain stress set,True
FT720P_SSM20B370_BQ5204_id12_s2_15.png,1,VALID,-3.0625,2.2109375,0.11810303,-5.389741,LCC-FASD external-dev / cross-domain stress set,False
FT720P_SSM20B370_BQ5204_id12_s2_30.png,1,VALID,-0.11413574,-0.7998047,-0.8051758,-0.004796326,LCC-FASD external-dev / cross-domain stress set,False
FT720P_SSM20B370_BQ5204_id12_s2_45.png,1,VALID,0.03845215,-0.4560547,-1.4394531,0.17675316,LCC-FASD external-dev / cross-domain stress set,False
FT720P_SSM20B370_BQ5204_id12_s2_60.png,1,VALID,38.15625,-26.265625,-27.34375,64.12903,LCC-FASD external-dev / cross-domain stress set,True
FT720P_SSM20B370_BQ5204_id12_s2_75.png,1,VALID,2.1308594,-1.9072266,-2.75,3.6800516,LCC-FASD external-dev / cross-domain stress set,False
FT720P_SSM20B370_BQ5204_id12_s2_90.png,1,VALID,-4.015625,2.5234375,1.0927734,-6.7534885,LCC-FASD external-dev / cross-domain stress set,False
FT720P_SSM20B370_BQ5204_id12_s2_105.png,1,VALID,36.8125,-25.46875,-26.28125,61.91401,LCC-FASD external-dev / cross-domain stress set,True
FT720P_SSM20B370_BQ5204_id12_s2_120.png,1,VALID,8.5234375,-7.1640625,-6.2148438,14.411107,LCC-FASD external-dev / cross-domain stress set,True
FT720P_SSM20B370_BQ5204_id12_s2_135.png,1,VALID,-3.8886719,2.1875,1.2910156,-6.4183435,LCC-FASD external-dev / cross-domain stress set,False
FT720P_SSM20B370_BQ5204_id12_s2_150.png,1,VALID,7.515625,-5.2421875,-6.7578125,12.559231,LCC-FASD external-dev / cross-domain stress set,True
FT720P_SSM2433_S4508_id0_s0_15.png,1,VALID,-18.75,13.546875,10.1640625,-32.33026,LCC-FASD external-dev / cross-domain stress set,False
FT720P_SSM2433_S4508_id0_s0_30.png,1,VALID,-21.3125,15.328125,12.03125,-36.676956,LCC-FASD external-dev / cross-domain stress set,False
FT720P_SSM2433_S4508_id0_s0_45.png,1,VALID,-7.3242188,5.7851562,2.4375,-13.143938,LCC-FASD external-dev / cross-domain stress set,False
FT720P_SSM2433_S4508_id0_s0_60.png,1,VALID,-0.5864258,1.0507812,-1.9511719,-1.6857018,LCC-FASD external-dev / cross-domain stress set,False
FT720P_SSM2433_S4508_id0_s0_75.png,1,VALID,-0.5024414,0.79589844,-1.7822266,-1.3715124,LCC-FASD external-dev / cross-domain stress set,False
FT720P_SSM2433_S4508_id0_s0_90.png,1,VALID,-5.1992188,4.0898438,1.3671875,-9.3526945,LCC-FASD external-dev / cross-domain stress set,False
FT720P_SSM2433_S4508_id0_s0_105.png,1,VALID,-28.625,20.25,17.0,-48.91304,LCC-FASD external-dev / cross-domain stress set,False
FT720P_SSM2433_S4508_id0_s0_120.png,1,VALID,-14.25,10.203125,7.5820312,-24.523327,LCC-FASD external-dev / cross-domain stress set,False
FT720P_SSM2433_S4508_id0_s0_135.png,1,VALID,16.578125,-11.1953125,-12.9765625,27.617779,LCC-FASD external-dev / cross-domain stress set,True
FT720P_SSM2433_S4508_id0_s0_150.png,1,VALID,37.96875,-25.703125,-27.53125,63.52284,LCC-FASD external-dev / cross-domain stress set,True
FT720P_SSM2433_S4508_id0_s1_105.png,1,VALID,37.40625,-25.21875,-27.234375,62.499924,LCC-FASD external-dev / cross-domain stress set,True
FT720P_SSM2433_S4508_id0_s1_120.png,1,VALID,25.515625,-16.890625,-19.3125,42.321213,LCC-FASD external-dev / cross-domain stress set,True
FT720P_SSM2433_S4508_id0_s1_135.png,1,VALID,11.859375,-7.4960938,-10.125,19.285795,LCC-FASD external-dev / cross-domain stress set,True
FT720P_NEC90GX2_ZC554KL_id9_s0_15.png,1,VALID,-14.6171875,10.2421875,8.03125,-24.963371,LCC-FASD external-dev / cross-domain stress set,False
FT720P_NEC90GX2_ZC554KL_id9_s0_30.png,1,VALID,-3.6015625,1.9023438,1.3740234,-5.9673853,LCC-FASD external-dev / cross-domain stress set,False
FT720P_NEC90GX2_ZC554KL_id9_s0_45.png,1,VALID,-0.6464844,0.00026631355,-0.7998047,-1.0178294,LCC-FASD external-dev / cross-domain stress set,False
FT720P_NEC90GX2_ZC554KL_id9_s0_60.png,1,VALID,-12.2734375,7.921875,7.1484375,-20.574724,LCC-FASD external-dev / cross-domain stress set,False
FT720P_NEC90GX2_ZC554KL_id9_s0_75.png,1,VALID,-13.71875,9.2109375,7.6992188,-23.128973,LCC-FASD external-dev / cross-domain stress set,False
FT720P_NEC90GX2_ZC554KL_id9_s0_90.png,1,VALID,2.640625,-1.9033203,-3.3398438,4.3306475,LCC-FASD external-dev / cross-domain stress set,False
FT720P_NEC90GX2_ZC554KL_id9_s0_105.png,1,VALID,1.9140625,-1.4755859,-2.7128906,3.1348782,LCC-FASD external-dev / cross-domain stress set,False
FT720P_NEC90GX2_ZC554KL_id9_s0_120.png,1,VALID,-12.4375,8.7265625,6.4296875,-21.259893,LCC-FASD external-dev / cross-domain stress set,False
FT720P_NEC90GX2_ZC554KL_id9_s0_135.png,1,VALID,-3.3867188,1.8134766,1.1464844,-5.614455,LCC-FASD external-dev / cross-domain stress set,False
FT720P_NEC90GX2_ZC554KL_id9_s0_150.png,1,VALID,-6.4765625,4.5585938,2.5957031,-11.16658,LCC-FASD external-dev / cross-domain stress set,False
FT720P_NEC90GX2_ZC554KL_id12_s2_17.png,1,VALID,-3.4492188,2.4628906,0.5527344,-6.0501804,LCC-FASD external-dev / cross-domain stress set,False
FT720P_NEC90GX2_ZC554KL_id12_s2_32.png,1,VALID,-7.5039062,4.703125,3.7871094,-12.543582,LCC-FASD external-dev / cross-domain stress set,False
FT720P_NEC90GX2_ZC554KL_id12_s2_47.png,1,VALID,16.6875,-11.546875,-12.8046875,27.98418,LCC-FASD external-dev / cross-domain stress set,True
FT720P_NEC90GX2_ZC554KL_id12_s2_62.png,1,VALID,5.6054688,-3.8671875,-5.421875,9.280999,LCC-FASD external-dev / cross-domain stress set,True
FT720P_NEC90GX2_ZC554KL_id12_s2_77.png,1,VALID,3.3359375,-2.7714844,-3.46875,5.7033277,LCC-FASD external-dev / cross-domain stress set,False
FT720P_NEC90GX2_ZC554KL_id12_s2_92.png,1,VALID,32.25,-21.71875,-23.75,53.845497,LCC-FASD external-dev / cross-domain stress set,True
FT720P_SSM20B370_BQ5204_id0_s0_15.png,1,VALID,76.3125,-52.0625,-53.28125,128.11603,LCC-FASD external-dev / cross-domain stress set,True
FT720P_SSM20B370_BQ5204_id0_s0_30.png,1,VALID,85.75,-58.40625,-59.625,143.89728,LCC-FASD external-dev / cross-domain stress set,True
FT720P_SSM20B370_BQ5204_id0_s0_45.png,1,VALID,96.9375,-66.125,-67.1875,162.76566,LCC-FASD external-dev / cross-domain stress set,True
FT720P_SSM20B370_BQ5204_id0_s0_60.png,1,VALID,95.75,-65.25,-66.375,160.71884,LCC-FASD external-dev / cross-domain stress set,True
FT720P_SSM20B370_BQ5204_id0_s0_75.png,1,VALID,92.5625,-63.15625,-64.1875,155.41379,LCC-FASD external-dev / cross-domain stress set,True
FT720P_SSM20B370_BQ5204_id0_s0_90.png,1,VALID,94.125,-64.1875,-65.25,158.01567,LCC-FASD external-dev / cross-domain stress set,True
FT720P_SSM20B370_BQ5204_id0_s0_105.png,1,VALID,94.75,-65.0,-65.3125,159.20094,LCC-FASD external-dev / cross-domain stress set,True
FT720P_SSM20B370_BQ5204_id0_s0_121.png,1,VALID,79.75,-54.5625,-55.375,133.94525,LCC-FASD external-dev / cross-domain stress set,True
FT720P_SSM20B370_BQ5204_id0_s0_136.png,1,VALID,87.375,-59.625,-60.65625,146.69504,LCC-FASD external-dev / cross-domain stress set,True
FT720P_SSM20B370_BQ5204_id0_s0_151.png,1,VALID,49.3125,-33.65625,-34.96875,82.73041,LCC-FASD external-dev / cross-domain stress set,True
FT720P_SSM20B370_BQ5204_id0_s1_15.png,1,VALID,16.609375,-11.0,-13.2265625,27.506908,LCC-FASD external-dev / cross-domain stress set,True
FT720P_SSM20B370_BQ5204_id0_s1_30.png,1,VALID,49.25,-33.25,-35.21875,82.36929,LCC-FASD external-dev / cross-domain stress set,True
FT720P_SSM20B370_BQ5204_id0_s1_45.png,1,VALID,50.375,-33.8125,-36.28125,84.1062,LCC-FASD external-dev / cross-domain stress set,True
FT720P_SSM20B370_BQ5204_id0_s1_60.png,1,VALID,48.46875,-32.65625,-34.84375,81.01866,LCC-FASD external-dev / cross-domain stress set,True
FT720P_SSM20B370_BQ5204_id0_s1_75.png,1,VALID,51.84375,-35.15625,-36.9375,86.844345,LCC-FASD external-dev / cross-domain stress set,True
FT720P_SSM20B370_BQ5204_id0_s1_90.png,1,VALID,62.21875,-42.0,-44.1875,104.11241,LCC-FASD external-dev / cross-domain stress set,True
FT720P_SSM20B370_BQ5204_id0_s1_105.png,1,VALID,54.21875,-36.78125,-38.53125,90.839775,LCC-FASD external-dev / cross-domain stress set,True
FT720P_SSM20B370_BQ5204_id0_s1_120.png,1,VALID,42.78125,-28.9375,-30.875,71.58417,LCC-FASD external-dev / cross-domain stress set,True
FT720P_SSM20B370_BQ5204_id0_s1_135.png,1,VALID,48.03125,-32.625,-34.3125,80.48653,LCC-FASD external-dev / cross-domain stress set,True
FT720P_SSM20B370_BQ5204_id0_s1_150.png,1,VALID,36.40625,-24.578125,-26.515625,60.84979,LCC-FASD external-dev / cross-domain stress set,True
FT720P_SSM20B370_BQ5204_id0_s3_15.png,1,VALID,16.21875,-11.515625,-12.0390625,27.269081,LCC-FASD external-dev / cross-domain stress set,True
FT720P_SSM20B370_BQ5204_id0_s3_32.png,1,VALID,3.96875,-3.2246094,-3.6953125,6.7081203,LCC-FASD external-dev / cross-domain stress set,False
FT720P_SSM20B370_BQ5204_id0_s3_47.png,1,VALID,44.40625,-30.421875,-31.421875,74.51486,LCC-FASD external-dev / cross-domain stress set,True
FT720P_SSM20B370_BQ5204_id0_s3_62.png,1,VALID,60.96875,-41.9375,-42.4375,102.432175,LCC-FASD external-dev / cross-domain stress set,True
FT720P_SSM20B370_BQ5204_id0_s3_77.png,1,VALID,54.78125,-37.75,-38.21875,92.04526,LCC-FASD external-dev / cross-domain stress set,True
FT720P_SSM20B370_BQ5204_id0_s3_92.png,1,VALID,30.5,-21.109375,-21.875,51.22749,LCC-FASD external-dev / cross-domain stress set,True
FT720P_SSM20B370_BQ5204_id0_s3_107.png,1,VALID,34.8125,-24.0625,-24.75,58.46765,LCC-FASD external-dev / cross-domain stress set,True
FT720P_SSM20B370_BQ5204_id0_s3_122.png,1,VALID,46.90625,-32.3125,-32.90625,78.779045,LCC-FASD external-dev / cross-domain stress set,True
FT720P_SSM20B370_BQ5204_id0_s3_137.png,1,VALID,31.40625,-21.671875,-22.515625,52.720383,LCC-FASD external-dev / cross-domain stress set,True
FT720P_SSM20B370_BQ5204_id0_s3_152.png,1,VALID,16.625,-11.3203125,-12.765625,27.733696,LCC-FASD external-dev / cross-domain stress set,True
FT720P_SSM20B370_BQ5204_id12_s1_15.png,1,VALID,25.234375,-17.6875,-18.15625,42.435883,LCC-FASD external-dev / cross-domain stress set,True
FT720P_SSM20B370_BQ5204_id12_s1_105.png,1,VALID,84.0625,-57.84375,-57.90625,141.24387,LCC-FASD external-dev / cross-domain stress set,True
FT720P_SSM20B370_BQ5204_id12_s1_120.png,1,VALID,43.03125,-29.890625,-30.15625,72.352745,LCC-FASD external-dev / cross-domain stress set,True
FT720P_SSM20B370_BQ5204_id12_s1_135.png,1,VALID,60.125,-41.40625,-41.875,101.04526,LCC-FASD external-dev / cross-domain stress set,True
FT720P_SSM20B370_BQ5204_id12_s1_150.png,1,VALID,29.421875,-20.796875,-20.78125,49.51776,LCC-FASD external-dev / cross-domain stress set,True
FT720P_MBP1314_X014D_id9_s0_15.png,1,VALID,-18.46875,11.859375,11.53125,-30.87061,LCC-FASD external-dev / cross-domain stress set,False
FT720P_MBP1314_X014D_id9_s0_30.png,1,VALID,-20.859375,13.9453125,12.7109375,-35.06012,LCC-FASD external-dev / cross-domain stress set,False
FT720P_MBP1314_X014D_id9_s0_45.png,1,VALID,-18.984375,12.7421875,11.3125,-31.941177,LCC-FASD external-dev / cross-domain stress set,False
FT720P_MBP1314_X014D_id9_s0_60.png,1,VALID,-18.90625,12.6171875,11.40625,-31.784199,LCC-FASD external-dev / cross-domain stress set,False
FT720P_MBP1314_X014D_id9_s0_75.png,1,VALID,-16.140625,10.4765625,9.765625,-27.016758,LCC-FASD external-dev / cross-domain stress set,False
FT720P_MBP1314_X014D_id9_s0_90.png,1,VALID,-16.5625,11.1171875,9.6953125,-27.895817,LCC-FASD external-dev / cross-domain stress set,False
FT720P_MBP1314_X014D_id9_s0_135.png,1,VALID,-13.328125,8.1171875,8.375,-22.275652,LCC-FASD external-dev / cross-domain stress set,False
FT720P_MBP1314_X014D_id9_s0_150.png,1,VALID,-16.140625,10.5625,9.65625,-27.042477,LCC-FASD external-dev / cross-domain stress set,False
FT720P_NEC90GX2_ZC554KL_id0_s0_15.png,1,VALID,89.875,-60.59375,-63.125,150.3922,LCC-FASD external-dev / cross-domain stress set,True
FT720P_NEC90GX2_ZC554KL_id0_s0_30.png,1,VALID,86.375,-58.25,-60.59375,144.53336,LCC-FASD external-dev / cross-domain stress set,True
FT720P_NEC90GX2_ZC554KL_id0_s0_45.png,1,VALID,77.25,-52.03125,-54.5,129.19995,LCC-FASD external-dev / cross-domain stress set,True
FT720P_NEC90GX2_ZC554KL_id0_s0_60.png,1,VALID,33.0625,-21.765625,-24.84375,54.783108,LCC-FASD external-dev / cross-domain stress set,True
FT720P_NEC90GX2_ZC554KL_id0_s0_75.png,1,VALID,37.5,-24.875,-27.734375,62.319275,LCC-FASD external-dev / cross-domain stress set,True
FT720P_NEC90GX2_ZC554KL_id0_s0_90.png,1,VALID,29.984375,-19.578125,-22.8125,49.523872,LCC-FASD external-dev / cross-domain stress set,True
FT720P_NEC90GX2_ZC554KL_id0_s0_105.png,1,VALID,58.09375,-39.15625,-41.34375,97.14366,LCC-FASD external-dev / cross-domain stress set,True
FT720P_NEC90GX2_ZC554KL_id0_s0_120.png,1,VALID,45.4375,-30.328125,-33.03125,75.700775,LCC-FASD external-dev / cross-domain stress set,True
FT720P_NEC90GX2_ZC554KL_id0_s0_135.png,1,VALID,35.5,-23.546875,-26.3125,58.98584,LCC-FASD external-dev / cross-domain stress set,True
FT720P_NEC90GX2_ZC554KL_id0_s0_150.png,1,VALID,20.734375,-13.5859375,-16.234375,34.25194,LCC-FASD external-dev / cross-domain stress set,True
FT720P_NEC90GX2_ZC554KL_id0_s1_15.png,1,VALID,91.1875,-61.8125,-63.65625,152.85312,LCC-FASD external-dev / cross-domain stress set,True
FT720P_NEC90GX2_ZC554KL_id0_s1_30.png,1,VALID,25.421875,-16.59375,-19.703125,41.971962,LCC-FASD external-dev / cross-domain stress set,True
FT720P_NEC90GX2_ZC554KL_id0_s1_45.png,1,VALID,28.15625,-18.34375,-21.5625,46.460773,LCC-FASD external-dev / cross-domain stress set,True
FT720P_NEC90GX2_ZC554KL_id0_s1_60.png,1,VALID,48.03125,-32.375,-34.5,80.29343,LCC-FASD external-dev / cross-domain stress set,True
FT720P_NEC90GX2_ZC554KL_id0_s1_75.png,1,VALID,40.3125,-26.703125,-29.78125,66.97061,LCC-FASD external-dev / cross-domain stress set,True
FT720P_NEC90GX2_ZC554KL_id0_s1_90.png,1,VALID,15.125,-9.46875,-12.8125,24.559055,LCC-FASD external-dev / cross-domain stress set,True
FT720P_NEC90GX2_ZC554KL_id0_s1_105.png,1,VALID,39.03125,-26.015625,-28.640625,64.97694,LCC-FASD external-dev / cross-domain stress set,True
FT720P_NEC90GX2_ZC554KL_id0_s1_120.png,1,VALID,48.96875,-32.9375,-35.21875,81.80898,LCC-FASD external-dev / cross-domain stress set,True
FT720P_NEC90GX2_ZC554KL_id0_s1_135.png,1,VALID,56.34375,-37.8125,-40.375,94.08197,LCC-FASD external-dev / cross-domain stress set,True
FT720P_NEC90GX2_ZC554KL_id0_s1_150.png,1,VALID,35.65625,-23.703125,-26.3125,59.288376,LCC-FASD external-dev / cross-domain stress set,True
FT720P_NEC90GX2_ZC554KL_id0_s2_15.png,1,VALID,-22.59375,16.0625,12.71875,-38.690945,LCC-FASD external-dev / cross-domain stress set,False
FT720P_NEC90GX2_ZC554KL_id0_s2_30.png,1,VALID,13.5078125,-8.7734375,-11.3046875,22.204697,LCC-FASD external-dev / cross-domain stress set,True
FT720P_NEC90GX2_ZC554KL_id0_s2_45.png,1,VALID,-0.98535156,1.1845703,-1.5546875,-2.2325382,LCC-FASD external-dev / cross-domain stress set,False
FT720P_NEC90GX2_ZC554KL_id0_s2_60.png,1,VALID,29.90625,-19.8125,-22.515625,49.6539,LCC-FASD external-dev / cross-domain stress set,True
FT720P_NEC90GX2_ZC554KL_id0_s2_75.png,1,VALID,-13.3046875,9.734375,6.484375,-23.077103,LCC-FASD external-dev / cross-domain stress set,False
FT720P_NEC90GX2_ZC554KL_id0_s2_90.png,1,VALID,15.640625,-10.140625,-12.828125,25.715416,LCC-FASD external-dev / cross-domain stress set,True
FT720P_NEC90GX2_ZC554KL_id0_s2_105.png,1,VALID,29.75,-19.5625,-22.65625,49.268166,LCC-FASD external-dev / cross-domain stress set,True
FT720P_NEC90GX2_ZC554KL_id0_s2_120.png,1,VALID,50.875,-34.1875,-36.625,84.97873,LCC-FASD external-dev / cross-domain stress set,True
FT720P_NEC90GX2_ZC554KL_id0_s2_135.png,1,VALID,42.78125,-28.875,-31.0,71.54343,LCC-FASD external-dev / cross-domain stress set,True
FT720P_NEC90GX2_ZC554KL_id0_s2_150.png,1,VALID,29.875,-20.109375,-22.265625,49.87484,LCC-FASD external-dev / cross-domain stress set,True
FT720P_NEC90GX2_ZC554KL_id0_s3_15.png,1,VALID,-59.0625,42.09375,36.28125,-101.15924,LCC-FASD external-dev / cross-domain stress set,False
FT720P_NEC90GX2_ZC554KL_id0_s3_30.png,1,VALID,-78.625,55.28125,49.5625,-133.90953,LCC-FASD external-dev / cross-domain stress set,False
FT720P_NEC90GX2_ZC554KL_id0_s3_45.png,1,VALID,-60.9375,43.03125,37.8125,-103.97415,LCC-FASD external-dev / cross-domain stress set,False
FT720P_NEC90GX2_ZC554KL_id0_s3_60.png,1,VALID,-61.78125,44.0,38.0,-105.78372,LCC-FASD external-dev / cross-domain stress set,False
FT720P_NEC90GX2_ZC554KL_id0_s3_75.png,1,VALID,-59.875,42.40625,36.96875,-102.28559,LCC-FASD external-dev / cross-domain stress set,False
FT720P_NEC90GX2_ZC554KL_id0_s3_90.png,1,VALID,-73.5625,51.5,46.46875,-125.06901,LCC-FASD external-dev / cross-domain stress set,False
FT720P_NEC90GX2_ZC554KL_id0_s3_105.png,1,VALID,-78.25,55.1875,49.0625,-133.43968,LCC-FASD external-dev / cross-domain stress set,False
FT720P_NEC90GX2_ZC554KL_id0_s3_120.png,1,VALID,-65.5,45.9375,41.125,-111.445595,LCC-FASD external-dev / cross-domain stress set,False
FT720P_NEC90GX2_ZC554KL_id0_s3_135.png,1,VALID,-80.875,56.84375,51.0,-137.72165,LCC-FASD external-dev / cross-domain stress set,False
FT720P_NEC90GX2_ZC554KL_id0_s3_150.png,1,VALID,-76.75,54.375,47.84375,-131.12646,LCC-FASD external-dev / cross-domain stress set,False
FT720P_NEC90GX2_ZC554KL_id12_s1_15.png,1,VALID,53.40625,-36.09375,-38.0625,89.36929,LCC-FASD external-dev / cross-domain stress set,True
FT720P_NEC90GX2_ZC554KL_id12_s1_142.png,1,VALID,-41.0,26.921875,26.96875,-68.63873,LCC-FASD external-dev / cross-domain stress set,False
FT720P_NEC90GX2_ZC554KL_id12_s2_107.png,1,VALID,24.015625,-16.703125,-17.53125,40.356285,LCC-FASD external-dev / cross-domain stress set,True
FT720P_NEC90GX2_ZC554KL_id12_s2_122.png,1,VALID,-37.1875,24.625,24.125,-62.286575,LCC-FASD external-dev / cross-domain stress set,False
FT720P_NEC90GX2_ZC554KL_id12_s2_137.png,1,VALID,5.3515625,-3.6953125,-5.2109375,8.848294,LCC-FASD external-dev / cross-domain stress set,True
FT720P_NEC90GX2_ZC554KL_id12_s2_152.png,1,VALID,-8.6953125,5.7695312,4.3203125,-14.6757145,LCC-FASD external-dev / cross-domain stress set,False
FT720P_MBP1314_X014D_id0_s0_15.png,1,VALID,27.9375,-19.71875,-19.859375,47.030945,LCC-FASD external-dev / cross-domain stress set,True
FT720P_MBP1314_X014D_id0_s0_30.png,1,VALID,20.109375,-13.953125,-14.9765625,33.755486,LCC-FASD external-dev / cross-domain stress set,True
FT720P_MBP1314_X014D_id0_s0_45.png,1,VALID,76.0625,-52.0625,-52.9375,127.77655,LCC-FASD external-dev / cross-domain stress set,True
FT720P_MBP1314_X014D_id0_s0_60.png,1,VALID,46.09375,-31.859375,-32.4375,77.50783,LCC-FASD external-dev / cross-domain stress set,True
FT720P_MBP1314_X014D_id0_s0_75.png,1,VALID,38.375,-26.328125,-27.40625,64.41028,LCC-FASD external-dev / cross-domain stress set,True
FT720P_MBP1314_X014D_id0_s0_90.png,1,VALID,71.4375,-48.84375,-49.875,119.976295,LCC-FASD external-dev / cross-domain stress set,True
FT720P_MBP1314_X014D_id0_s0_150.png,1,VALID,88.875,-60.84375,-61.5,149.30084,LCC-FASD external-dev / cross-domain stress set,True
FT720P_MBP1314_X014D_id0_s3_15.png,1,VALID,-76.0,53.25,47.90625,-129.25476,LCC-FASD external-dev / cross-domain stress set,False
FT720P_MBP1314_X014D_id0_s3_30.png,1,VALID,-84.0625,58.75,53.4375,-142.81741,LCC-FASD external-dev / cross-domain stress set,False
FT720P_MBP1314_X014D_id0_s3_46.png,1,VALID,-85.3125,59.71875,54.0625,-145.03474,LCC-FASD external-dev / cross-domain stress set,False
FT720P_MBP1314_X014D_id0_s3_61.png,1,VALID,-70.6875,49.5625,44.5,-120.25631,LCC-FASD external-dev / cross-domain stress set,False
FT720P_MBP1314_X014D_id0_s3_76.png,1,VALID,-75.875,53.15625,47.9375,-129.03665,LCC-FASD external-dev / cross-domain stress set,False
FT720P_MBP1314_X014D_id0_s3_91.png,1,VALID,-74.4375,51.8125,47.40625,-126.26213,LCC-FASD external-dev / cross-domain stress set,False
FT720P_MBP1314_X014D_id0_s3_106.png,1,VALID,-78.4375,54.625,49.84375,-133.07085,LCC-FASD external-dev / cross-domain stress set,False
FT720P_MBP1314_X014D_id0_s3_121.png,1,VALID,-73.0,51.15625,45.96875,-124.16182,LCC-FASD external-dev / cross-domain stress set,False
FT720P_MBP1314_X014D_id0_s3_136.png,1,VALID,-74.75,52.5625,46.9375,-127.3161,LCC-FASD external-dev / cross-domain stress set,False
FT720P_MBP1314_X014D_id0_s3_151.png,1,VALID,-76.9375,53.625,48.75,-130.5701,LCC-FASD external-dev / cross-domain stress set,False
FT720P_MBP1314_X014D_id5_s1_15.png,1,VALID,-23.90625,16.796875,13.921875,-40.758007,LCC-FASD external-dev / cross-domain stress set,False
FT720P_MBP1314_X014D_id5_s1_30.png,1,VALID,-27.140625,18.953125,16.140625,-46.15207,LCC-FASD external-dev / cross-domain stress set,False
FT720P_MBP1314_X014D_id5_s1_45.png,1,VALID,-21.796875,15.0078125,12.828125,-36.911816,LCC-FASD external-dev / cross-domain stress set,False
FT720P_MBP1314_X014D_id5_s1_60.png,1,VALID,-28.546875,19.921875,17.0625,-48.524475,LCC-FASD external-dev / cross-domain stress set,False
FT720P_MBP1314_X014D_id5_s1_75.png,1,VALID,-29.484375,20.578125,17.671875,-50.115738,LCC-FASD external-dev / cross-domain stress set,False
FT720P_MBP1314_X014D_id5_s1_90.png,1,VALID,-17.765625,12.3671875,10.0,-30.22242,LCC-FASD external-dev / cross-domain stress set,False
FT720P_MBP1314_X014D_id5_s1_105.png,1,VALID,-23.78125,16.640625,13.8828125,-40.483376,LCC-FASD external-dev / cross-domain stress set,False
FT720P_MBP1314_X014D_id5_s1_120.png,1,VALID,-23.46875,16.140625,14.0234375,-39.723034,LCC-FASD external-dev / cross-domain stress set,False
FT720P_MBP1314_X014D_id5_s1_135.png,1,VALID,-26.96875,18.703125,16.140625,-45.74616,LCC-FASD external-dev / cross-domain stress set,False
FT720P_MBP1314_X014D_id5_s1_150.png,1,VALID,-24.828125,17.328125,14.609375,-42.220123,LCC-FASD external-dev / cross-domain stress set,False
FT720P_MBP1314_X014D_id9_s0_105.png,1,VALID,-12.765625,7.7148438,7.9921875,-21.321873,LCC-FASD external-dev / cross-domain stress set,False
FT720P_MBP1314_X014D_id9_s0_120.png,1,VALID,-16.734375,11.3671875,9.65625,-28.267666,LCC-FASD external-dev / cross-domain stress set,False
FT720P_MBP1314_X014D_id12_s0_15.png,1,VALID,-36.625,21.953125,25.9375,-62.580933,LCC-FASD external-dev / cross-domain stress set,False
FT720P_MBP1314_X014D_id12_s0_30.png,1,VALID,-15.2734375,7.7460938,11.2109375,-26.515175,LCC-FASD external-dev / cross-domain stress set,False
FT720P_MBP1314_X014D_id12_s0_45.png,1,VALID,-31.5,18.5,22.4375,-53.95681,LCC-FASD external-dev / cross-domain stress set,False
FT720P_MBP1314_X014D_id12_s0_60.png,1,VALID,-19.0625,10.203125,13.859375,-32.947376,LCC-FASD external-dev / cross-domain stress set,False
FT720P_MBP1314_X014D_id12_s0_75.png,1,VALID,-30.09375,17.53125,21.53125,-51.64315,LCC-FASD external-dev / cross-domain stress set,False
FT720P_MBP1314_X014D_id12_s0_90.png,1,VALID,-28.28125,16.296875,20.265625,-48.565598,LCC-FASD external-dev / cross-domain stress set,False
FT720P_MBP1314_X014D_id12_s0_105.png,1,VALID,-6.7460938,2.0,5.3515625,-12.132086,LCC-FASD external-dev / cross-domain stress set,False
FT720P_MBP1314_X014D_id12_s0_120.png,1,VALID,-22.375,12.421875,16.125,-38.524345,LCC-FASD external-dev / cross-domain stress set,False
FT720P_MBP1314_X014D_id12_s0_135.png,1,VALID,-6.6367188,1.8212891,5.3125,-11.979228,LCC-FASD external-dev / cross-domain stress set,False
FT720P_MBP1314_X014D_id12_s0_150.png,1,VALID,-24.890625,14.0390625,17.9375,-42.848198,LCC-FASD external-dev / cross-domain stress set,False
FT720P_MBP1314_X014D_id12_s1_15.png,1,VALID,-21.453125,12.8203125,14.609375,-36.217037,LCC-FASD external-dev / cross-domain stress set,False
FT720P_MBP1314_X014D_id12_s1_30.png,1,VALID,-15.8671875,8.9140625,10.8984375,-26.894428,LCC-FASD external-dev / cross-domain stress set,False
FT720P_MBP1314_X014D_id12_s1_45.png,1,VALID,16.09375,-12.78125,-10.828125,26.789242,LCC-FASD external-dev / cross-domain stress set,True
FT720P_MBP1314_X014D_id12_s1_60.png,1,VALID,-3.703125,0.36669922,2.8886719,-6.669037,LCC-FASD external-dev / cross-domain stress set,False
FT720P_MBP1314_X014D_id12_s1_75.png,1,VALID,27.546875,-20.765625,-18.46875,45.919792,LCC-FASD external-dev / cross-domain stress set,True
FT720P_MBP1314_X014D_id12_s1_90.png,1,VALID,29.953125,-22.390625,-20.140625,49.993546,LCC-FASD external-dev / cross-domain stress set,True
FT720P_MBP1314_X014D_id12_s1_105.png,1,VALID,30.28125,-22.578125,-20.328125,50.50917,LCC-FASD external-dev / cross-domain stress set,True
FT720P_MBP1314_X014D_id12_s1_120.png,1,VALID,28.375,-21.125,-19.234375,47.468765,LCC-FASD external-dev / cross-domain stress set,True
FT720P_MBP1314_X014D_id12_s1_135.png,1,VALID,20.84375,-16.03125,-14.0546875,34.768684,LCC-FASD external-dev / cross-domain stress set,True
FT720P_MBP1314_X014D_id12_s1_150.png,1,VALID,-12.6328125,6.8554688,8.5546875,-21.355408,LCC-FASD external-dev / cross-domain stress set,False
FT720P_MBP1314_X014D_id12_s2_15.png,1,VALID,-27.46875,16.15625,19.3125,-46.822952,LCC-FASD external-dev / cross-domain stress set,False
FT720P_MBP1314_X014D_id12_s2_30.png,1,VALID,-15.3203125,7.8242188,11.1015625,-26.458908,LCC-FASD external-dev / cross-domain stress set,False
FT720P_MBP1314_X014D_id12_s2_45.png,1,VALID,3.7109375,-4.8867188,-2.0253906,5.680711,LCC-FASD external-dev / cross-domain stress set,False
FT720P_MBP1314_X014D_id12_s2_60.png,1,VALID,0.16992188,-2.6523438,0.5258789,-0.39677227,LCC-FASD external-dev / cross-domain stress set,False
FT720P_MBP1314_X014D_id12_s2_75.png,1,VALID,6.3359375,-6.8007812,-3.6835938,9.976202,LCC-FASD external-dev / cross-domain stress set,True
FT720P_MBP1314_X014D_id12_s2_90.png,1,VALID,4.9453125,-5.9375,-2.7089844,7.615445,LCC-FASD external-dev / cross-domain stress set,False
FT720P_MBP1314_X014D_id12_s2_105.png,1,VALID,-9.265625,3.7851562,6.9257812,-16.233753,LCC-FASD external-dev / cross-domain stress set,False
FT720P_MBP1314_X014D_id12_s2_120.png,1,VALID,-20.03125,11.0078125,14.3984375,-34.462822,LCC-FASD external-dev / cross-domain stress set,False
FT720P_MBP1314_X014D_id12_s2_135.png,1,VALID,1.5224609,-3.5878906,-0.40112305,1.8831091,LCC-FASD external-dev / cross-domain stress set,False
FT720P_MBP1314_X014D_id12_s2_150.png,1,VALID,-6.1953125,1.5058594,4.984375,-11.210074,LCC-FASD external-dev / cross-domain stress set,False
FT720P_MBP1314_IPHONE8F_id5_s0_15.png,1,VALID,59.03125,-39.5,-42.15625,98.463394,LCC-FASD external-dev / cross-domain stress set,True
FT720P_MBP1314_IPHONE8F_id5_s0_30.png,1,VALID,69.0,-46.71875,-48.53125,115.567535,LCC-FASD external-dev / cross-domain stress set,True
FT720P_MBP1314_IPHONE8F_id5_s0_45.png,1,VALID,97.5,-66.375,-67.625,163.62308,LCC-FASD external-dev / cross-domain stress set,True
FT720P_MBP1314_IPHONE8F_id5_s0_60.png,1,VALID,86.0,-58.28125,-60.03125,144.12103,LCC-FASD external-dev / cross-domain stress set,True
FT720P_MBP1314_IPHONE8F_id5_s0_75.png,1,VALID,82.1875,-55.5,-57.65625,137.57797,LCC-FASD external-dev / cross-domain stress set,True
FT720P_MBP1314_IPHONE8F_id5_s0_90.png,1,VALID,70.3125,-47.4375,-49.625,117.64366,LCC-FASD external-dev / cross-domain stress set,True
FT720P_MBP1314_IPHONE8F_id5_s0_105.png,1,VALID,86.0,-58.1875,-60.15625,144.0568,LCC-FASD external-dev / cross-domain stress set,True
FT720P_MBP1314_IPHONE8F_id5_s0_120.png,1,VALID,88.125,-59.6875,-61.53125,147.66562,LCC-FASD external-dev / cross-domain stress set,True
FT720P_MBP1314_IPHONE8F_id5_s0_135.png,1,VALID,88.5,-60.09375,-61.6875,148.4088,LCC-FASD external-dev / cross-domain stress set,True
FT720P_MBP1314_IPHONE8F_id5_s0_150.png,1,VALID,83.875,-56.75,-58.6875,140.49042,LCC-FASD external-dev / cross-domain stress set,True
FT720P_MBP1314_IPHONE8F_id5_s1_15.png,1,VALID,-38.46875,27.625,22.75,-66.10136,LCC-FASD external-dev / cross-domain stress set,False
FT720P_MBP1314_IPHONE8F_id5_s1_30.png,1,VALID,-32.0,23.03125,18.578125,-55.042824,LCC-FASD external-dev / cross-domain stress set,False
FT720P_MBP1314_IPHONE8F_id5_s1_45.png,1,VALID,-31.578125,22.6875,18.359375,-54.278732,LCC-FASD external-dev / cross-domain stress set,False
FT720P_MBP1314_IPHONE8F_id5_s1_60.png,1,VALID,-10.9765625,8.3671875,4.7539062,-19.370358,LCC-FASD external-dev / cross-domain stress set,False
FT720P_MBP1314_IPHONE8F_id5_s1_75.png,1,VALID,-31.546875,22.75,18.234375,-54.307755,LCC-FASD external-dev / cross-domain stress set,False
FT720P_MBP1314_IPHONE8F_id5_s1_90.png,1,VALID,-24.890625,17.953125,14.0390625,-42.86351,LCC-FASD external-dev / cross-domain stress set,False
FT720P_MBP1314_IPHONE8F_id5_s1_105.png,1,VALID,-29.921875,21.59375,17.21875,-51.528137,LCC-FASD external-dev / cross-domain stress set,False
FT720P_MBP1314_IPHONE8F_id5_s1_120.png,1,VALID,-29.25,20.96875,16.875,-50.23529,LCC-FASD external-dev / cross-domain stress set,False
FT720P_MBP1314_IPHONE8F_id5_s1_135.png,1,VALID,-26.171875,18.890625,14.8046875,-45.07917,LCC-FASD external-dev / cross-domain stress set,False
FT720P_MBP1314_IPHONE8F_id5_s1_150.png,1,VALID,-36.1875,26.09375,21.203125,-62.28874,LCC-FASD external-dev / cross-domain stress set,False
FT720P_MBP1314_IPHONE8F_id9_s0_15.png,1,VALID,-1.625,1.2558594,-0.8017578,-3.001091,LCC-FASD external-dev / cross-domain stress set,False
FT720P_MBP1314_IPHONE8F_id9_s0_30.png,1,VALID,4.796875,-3.390625,-4.8671875,7.98177,LCC-FASD external-dev / cross-domain stress set,False
FT720P_MBP1314_IPHONE8F_id9_s0_45.png,1,VALID,-4.7851562,3.1425781,1.6044922,-8.122307,LCC-FASD external-dev / cross-domain stress set,False
FT720P_MBP1314_IPHONE8F_id9_s0_60.png,1,VALID,0.7128906,-0.36206055,-2.3789062,0.9500164,LCC-FASD external-dev / cross-domain stress set,False
FT720P_MBP1314_IPHONE8F_id9_s0_75.png,1,VALID,7.625,-5.1367188,-6.9257812,12.6071825,LCC-FASD external-dev / cross-domain stress set,True
FT720P_MBP1314_IPHONE8F_id9_s0_90.png,1,VALID,4.8984375,-3.3398438,-5.0429688,8.070977,LCC-FASD external-dev / cross-domain stress set,False
FT720P_MBP1314_IPHONE8F_id9_s0_105.png,1,VALID,0.98779297,-0.4567871,-2.6523438,1.3390526,LCC-FASD external-dev / cross-domain stress set,False
FT720P_MBP1314_IPHONE8F_id9_s0_120.png,1,VALID,3.1074219,-2.0273438,-3.9609375,4.9996862,LCC-FASD external-dev / cross-domain stress set,False
FT720P_MBP1314_IPHONE8F_id9_s0_135.png,1,VALID,3.6972656,-2.2441406,-4.546875,5.8461094,LCC-FASD external-dev / cross-domain stress set,False
FT720P_MBP1314_IPHONE8F_id9_s0_150.png,1,VALID,-0.012763977,-0.008277893,-1.7724609,-0.16262306,LCC-FASD external-dev / cross-domain stress set,False
FT720P_MBP1314_IPHONE8F_id9_s1_24.png,1,VALID,-1.4833984,0.92089844,-0.6455078,-2.5939202,LCC-FASD external-dev / cross-domain stress set,False
FT720P_MBP1314_IPHONE8F_id9_s1_41.png,1,VALID,-5.4101562,3.7851562,1.8095703,-9.325182,LCC-FASD external-dev / cross-domain stress set,False
FT720P_MBP1314_IPHONE8F_id9_s1_137.png,1,VALID,-9.5703125,6.5234375,4.671875,-16.239574,LCC-FASD external-dev / cross-domain stress set,False
FT720P_MBP1314_IPHONE8F_id12_s1_15.png,1,VALID,57.15625,-39.6875,-39.5,96.05246,LCC-FASD external-dev / cross-domain stress set,True
FT720P_MBP1314_IPHONE8F_id12_s1_30.png,1,VALID,62.875,-43.1875,-43.78125,105.62279,LCC-FASD external-dev / cross-domain stress set,True
FT720P_MBP1314_IPHONE8F_id12_s1_45.png,1,VALID,63.65625,-44.03125,-44.09375,107.025116,LCC-FASD external-dev / cross-domain stress set,True
FT720P_MBP1314_IPHONE8F_id12_s1_60.png,1,VALID,77.5,-53.625,-53.28125,130.24529,LCC-FASD external-dev / cross-domain stress set,True
FT720P_MBP1314_IPHONE8F_id12_s1_75.png,1,VALID,83.25,-57.6875,-57.09375,139.90404,LCC-FASD external-dev / cross-domain stress set,True
FT720P_MBP1314_IPHONE8F_id12_s1_90.png,1,VALID,71.25,-49.375,-49.0625,119.76344,LCC-FASD external-dev / cross-domain stress set,True
FT720P_MBP1314_IPHONE8F_id12_s1_150.png,1,VALID,58.4375,-40.625,-40.34375,98.21887,LCC-FASD external-dev / cross-domain stress set,True
FT720P_MBP1314_IPHONE8F_id12_s2_15.png,1,VALID,-10.640625,7.1640625,5.484375,-17.97564,LCC-FASD external-dev / cross-domain stress set,False
FT720P_MBP1314_IPHONE8F_id12_s2_30.png,1,VALID,31.5,-21.875,-22.65625,52.998047,LCC-FASD external-dev / cross-domain stress set,True
FT720P_MBP1314_IPHONE8F_id12_s2_45.png,1,VALID,53.625,-37.0,-37.5625,90.17406,LCC-FASD external-dev / cross-domain stress set,True
FT720P_MBP1314_IPHONE8F_id12_s2_60.png,1,VALID,70.0,-48.15625,-48.5625,117.64574,LCC-FASD external-dev / cross-domain stress set,True
FT720P_MBP1314_IPHONE8F_id12_s2_75.png,1,VALID,43.5,-29.765625,-31.03125,73.01715,LCC-FASD external-dev / cross-domain stress set,True
FT720P_MBP1314_IPHONE8F_id12_s2_90.png,1,VALID,53.46875,-36.4375,-37.9375,89.704834,LCC-FASD external-dev / cross-domain stress set,True
FT720P_MBP1314_IPHONE8F_id12_s2_105.png,1,VALID,25.1875,-17.875,-18.03125,42.444427,LCC-FASD external-dev / cross-domain stress set,True
FT720P_MBP1314_IPHONE8F_id12_s2_120.png,1,VALID,65.0625,-44.90625,-45.03125,109.33615,LCC-FASD external-dev / cross-domain stress set,True
FT720P_MBP1314_IPHONE8F_id12_s2_135.png,1,VALID,45.90625,-31.65625,-32.34375,77.15515,LCC-FASD external-dev / cross-domain stress set,True
FT720P_MBP1314_IPHONE8F_id12_s2_150.png,1,VALID,66.75,-45.96875,-46.3125,112.182785,LCC-FASD external-dev / cross-domain stress set,True
FT720P_MBP1314_X014D_id0_s0_105.png,1,VALID,74.1875,-50.71875,-51.71875,124.59299,LCC-FASD external-dev / cross-domain stress set,True
FT720P_MBP1314_X014D_id0_s0_120.png,1,VALID,70.9375,-48.53125,-49.46875,119.13829,LCC-FASD external-dev / cross-domain stress set,True
FT720P_MBP1314_X014D_id0_s0_135.png,1,VALID,78.625,-53.875,-54.53125,132.08209,LCC-FASD external-dev / cross-domain stress set,True
FT720P_MBP1314_IPHONE8F_id0_s0_15.png,1,VALID,85.75,-58.09375,-60.0625,143.71304,LCC-FASD external-dev / cross-domain stress set,True
FT720P_MBP1314_IPHONE8F_id0_s0_30.png,1,VALID,72.0,-48.65625,-50.8125,120.546715,LCC-FASD external-dev / cross-domain stress set,True
FT720P_MBP1314_IPHONE8F_id0_s0_45.png,1,VALID,72.875,-49.21875,-51.5,121.99648,LCC-FASD external-dev / cross-domain stress set,True
FT720P_MBP1314_IPHONE8F_id0_s0_60.png,1,VALID,73.0625,-49.5,-51.46875,122.43179,LCC-FASD external-dev / cross-domain stress set,True
FT720P_MBP1314_IPHONE8F_id0_s0_75.png,1,VALID,76.375,-51.84375,-53.625,128.0631,LCC-FASD external-dev / cross-domain stress set,True
FT720P_MBP1314_IPHONE8F_id0_s0_90.png,1,VALID,82.25,-55.875,-57.5,137.94525,LCC-FASD external-dev / cross-domain stress set,True
FT720P_MBP1314_IPHONE8F_id0_s0_120.png,1,VALID,71.625,-48.40625,-50.59375,119.92491,LCC-FASD external-dev / cross-domain stress set,True
FT720P_MBP1314_IPHONE8F_id0_s0_135.png,1,VALID,75.3125,-51.03125,-52.96875,126.20917,LCC-FASD external-dev / cross-domain stress set,True
FT720P_MBP1314_IPHONE8F_id0_s0_150.png,1,VALID,69.5,-47.0,-49.09375,116.3838,LCC-FASD external-dev / cross-domain stress set,True
FT720P_MBP1314_IPHONE8F_id0_s1_15.png,1,VALID,89.5625,-61.40625,-61.96875,150.5178,LCC-FASD external-dev / cross-domain stress set,True
FT720P_MBP1314_IPHONE8F_id0_s1_30.png,1,VALID,93.0625,-63.8125,-64.3125,156.40092,LCC-FASD external-dev / cross-domain stress set,True
FT720P_MBP1314_IPHONE8F_id0_s1_45.png,1,VALID,92.625,-63.625,-63.875,155.67406,LCC-FASD external-dev / cross-domain stress set,True
FT720P_MBP1314_IPHONE8F_id0_s1_60.png,1,VALID,94.0625,-64.625,-64.8125,158.08371,LCC-FASD external-dev / cross-domain stress set,True
FT720P_MBP1314_IPHONE8F_id0_s1_75.png,1,VALID,89.6875,-61.6875,-61.875,150.77121,LCC-FASD external-dev / cross-domain stress set,True
FT720P_MBP1314_IPHONE8F_id0_s1_90.png,1,VALID,92.0,-63.25,-63.46875,154.66026,LCC-FASD external-dev / cross-domain stress set,True
FT720P_MBP1314_IPHONE8F_id0_s1_105.png,1,VALID,102.25,-69.8125,-70.6875,171.71405,LCC-FASD external-dev / cross-domain stress set,True
FT720P_MBP1314_IPHONE8F_id0_s1_120.png,1,VALID,90.0,-61.875,-62.09375,151.28526,LCC-FASD external-dev / cross-domain stress set,True
FT720P_MBP1314_IPHONE8F_id0_s1_135.png,1,VALID,95.75,-65.6875,-66.0625,160.91437,LCC-FASD external-dev / cross-domain stress set,True
FT720P_MBP1314_IPHONE8F_id0_s1_150.png,1,VALID,88.6875,-60.90625,-61.28125,149.07062,LCC-FASD external-dev / cross-domain stress set,True
FT720P_MBP1314_IPHONE8F_id0_s2_15.png,1,VALID,-27.1875,19.234375,15.7578125,-46.45232,LCC-FASD external-dev / cross-domain stress set,False
FT720P_MBP1314_IPHONE8F_id0_s2_30.png,1,VALID,-23.796875,16.96875,13.375,-40.792747,LCC-FASD external-dev / cross-domain stress set,False
FT720P_MBP1314_IPHONE8F_id0_s2_45.png,1,VALID,-28.78125,20.53125,16.5625,-49.331223,LCC-FASD external-dev / cross-domain stress set,False
FT720P_MBP1314_IPHONE8F_id0_s2_60.png,1,VALID,-7.03125,5.6835938,2.0078125,-12.739858,LCC-FASD external-dev / cross-domain stress set,False
FT720P_MBP1314_IPHONE8F_id0_s2_75.png,1,VALID,-5.7265625,4.4648438,1.4355469,-10.238624,LCC-FASD external-dev / cross-domain stress set,False
FT720P_MBP1314_IPHONE8F_id0_s2_90.png,1,VALID,-1.1923828,1.5039062,-1.7363281,-2.7346969,LCC-FASD external-dev / cross-domain stress set,False
FT720P_MBP1314_IPHONE8F_id0_s2_105.png,1,VALID,2.2636719,-0.8208008,-4.078125,3.0467038,LCC-FASD external-dev / cross-domain stress set,False
FT720P_MBP1314_IPHONE8F_id0_s2_120.png,1,VALID,-15.6875,11.5390625,7.8359375,-27.25091,LCC-FASD external-dev / cross-domain stress set,False
FT720P_MBP1314_IPHONE8F_id0_s2_135.png,1,VALID,8.0,-4.9570312,-7.7265625,12.896227,LCC-FASD external-dev / cross-domain stress set,True
FT720P_MBP1314_IPHONE8F_id0_s2_150.png,1,VALID,-6.4960938,5.1875,1.7480469,-11.715172,LCC-FASD external-dev / cross-domain stress set,False
FT720P_MBP1314_IPHONE8F_id0_s3_16.png,1,VALID,-70.3125,49.71875,43.78125,-120.03389,LCC-FASD external-dev / cross-domain stress set,False
FT720P_MBP1314_IPHONE8F_id0_s3_31.png,1,VALID,-46.1875,33.0,27.890625,-79.19353,LCC-FASD external-dev / cross-domain stress set,False
FT720P_MBP1314_IPHONE8F_id0_s3_46.png,1,VALID,-43.53125,31.1875,26.03125,-74.724495,LCC-FASD external-dev / cross-domain stress set,False
FT720P_MBP1314_IPHONE8F_id0_s3_61.png,1,VALID,-31.546875,22.953125,18.03125,-54.50726,LCC-FASD external-dev / cross-domain stress set,False
FT720P_MBP1314_IPHONE8F_id0_s3_76.png,1,VALID,-39.03125,27.921875,23.21875,-66.96215,LCC-FASD external-dev / cross-domain stress set,False
FT720P_MBP1314_IPHONE8F_id0_s3_91.png,1,VALID,-38.34375,27.28125,22.8125,-65.6364,LCC-FASD external-dev / cross-domain stress set,False
FT720P_MBP1314_IPHONE8F_id0_s3_106.png,1,VALID,-32.96875,23.671875,19.234375,-56.65238,LCC-FASD external-dev / cross-domain stress set,False
FT720P_MBP1314_IPHONE8F_id0_s3_121.png,1,VALID,-31.53125,22.609375,18.328125,-54.154358,LCC-FASD external-dev / cross-domain stress set,False
FT720P_MBP1314_IPHONE8F_id0_s3_136.png,1,VALID,-47.125,33.625,28.46875,-80.755745,LCC-FASD external-dev / cross-domain stress set,False
FT720P_MBP1314_IPHONE8F_id0_s3_151.png,1,VALID,-47.0,33.34375,28.46875,-80.35136,LCC-FASD external-dev / cross-domain stress set,False
FT720P_MBP1314_IPHONE8F_id12_s0_15.png,1,VALID,23.90625,-17.28125,-16.765625,40.203667,LCC-FASD external-dev / cross-domain stress set,True
FT720P_MBP1314_IPHONE8F_id12_s0_30.png,1,VALID,25.140625,-18.25,-17.5625,42.295776,LCC-FASD external-dev / cross-domain stress set,True
FT720P_MBP1314_IPHONE8F_id12_s0_45.png,1,VALID,35.4375,-24.625,-25.1875,59.611565,LCC-FASD external-dev / cross-domain stress set,True
FT720P_MBP1314_IPHONE8F_id12_s0_60.png,1,VALID,58.46875,-40.40625,-40.5625,98.25693,LCC-FASD external-dev / cross-domain stress set,True
FT720P_MBP1314_IPHONE8F_id12_s0_75.png,1,VALID,37.875,-26.46875,-26.625,63.725677,LCC-FASD external-dev / cross-domain stress set,True
FT720P_MBP1314_IPHONE8F_id12_s0_90.png,1,VALID,36.53125,-25.578125,-25.75,61.498478,LCC-FASD external-dev / cross-domain stress set,True
FT720P_MBP1314_IPHONE8F_id12_s0_105.png,1,VALID,45.84375,-31.78125,-32.15625,77.101875,LCC-FASD external-dev / cross-domain stress set,True
FT720P_MBP1314_IPHONE8F_id12_s0_120.png,1,VALID,70.5625,-48.78125,-48.6875,118.60263,LCC-FASD external-dev / cross-domain stress set,True
FT720P_MBP1314_IPHONE8F_id12_s0_135.png,1,VALID,58.0,-40.5,-39.90625,97.46654,LCC-FASD external-dev / cross-domain stress set,True
FT720P_MBP1314_IPHONE8F_id12_s0_150.png,1,VALID,73.9375,-50.8125,-51.21875,124.23949,LCC-FASD external-dev / cross-domain stress set,True
FT720P_MBP1314_IPHONE8F_id12_s1_105.png,1,VALID,78.5625,-54.15625,-54.125,132.00986,LCC-FASD external-dev / cross-domain stress set,True
FT720P_MBP1314_IPHONE8F_id12_s1_120.png,1,VALID,81.0,-55.6875,-56.0,136.13844,LCC-FASD external-dev / cross-domain stress set,True
FT720P_MBP1314_IPHONE8F_id12_s1_135.png,1,VALID,72.5,-49.84375,-50.21875,121.820625,LCC-FASD external-dev / cross-domain stress set,True
FT720P_MBP1314_IPHONE7F_id5_s0_15.png,1,VALID,45.71875,-30.40625,-33.1875,76.06488,LCC-FASD external-dev / cross-domain stress set,True
FT720P_MBP1314_IPHONE7F_id5_s0_30.png,1,VALID,68.1875,-45.8125,-48.21875,113.91368,LCC-FASD external-dev / cross-domain stress set,True
FT720P_MBP1314_IPHONE7F_id5_s0_45.png,1,VALID,60.1875,-40.3125,-42.9375,100.43007,LCC-FASD external-dev / cross-domain stress set,True
FT720P_MBP1314_IPHONE7F_id5_s0_60.png,1,VALID,71.8125,-48.3125,-50.6875,120.03606,LCC-FASD external-dev / cross-domain stress set,True
FT720P_MBP1314_IPHONE7F_id5_s0_75.png,1,VALID,32.75,-21.546875,-24.546875,54.248287,LCC-FASD external-dev / cross-domain stress set,True
FT720P_MBP1314_IPHONE7F_id5_s0_90.png,1,VALID,52.90625,-35.3125,-38.125,88.16043,LCC-FASD external-dev / cross-domain stress set,True
FT720P_MBP1314_IPHONE7F_id5_s0_105.png,1,VALID,18.203125,-11.515625,-14.8359375,29.683247,LCC-FASD external-dev / cross-domain stress set,True
FT720P_MBP1314_IPHONE7F_id5_s0_120.png,1,VALID,99.9375,-67.5625,-69.5625,167.37308,LCC-FASD external-dev / cross-domain stress set,True
FT720P_MBP1314_IPHONE7F_id5_s0_135.png,1,VALID,67.9375,-45.71875,-48.0625,113.56461,LCC-FASD external-dev / cross-domain stress set,True
FT720P_MBP1314_IPHONE7F_id5_s0_150.png,1,VALID,99.25,-67.125,-69.125,166.24808,LCC-FASD external-dev / cross-domain stress set,True
FT720P_MBP1314_IPHONE7F_id5_s1_15.png,1,VALID,-25.859375,18.8125,14.5859375,-44.68637,LCC-FASD external-dev / cross-domain stress set,False
FT720P_MBP1314_IPHONE7F_id5_s1_30.png,1,VALID,-0.17260742,0.8623047,-2.3730469,-1.0735041,LCC-FASD external-dev / cross-domain stress set,False
FT720P_MBP1314_IPHONE7F_id5_s1_45.png,1,VALID,-36.34375,26.046875,21.59375,-62.4022,LCC-FASD external-dev / cross-domain stress set,False
FT720P_MBP1314_IPHONE7F_id5_s1_60.png,1,VALID,2.4199219,-0.7001953,-4.265625,3.092225,LCC-FASD external-dev / cross-domain stress set,False
FT720P_MBP1314_IPHONE7F_id5_s1_75.png,1,VALID,-32.90625,23.734375,19.171875,-56.65101,LCC-FASD external-dev / cross-domain stress set,False
FT720P_MBP1314_IPHONE7F_id5_s1_90.png,1,VALID,-31.078125,22.4375,18.046875,-53.527943,LCC-FASD external-dev / cross-domain stress set,False
FT720P_MBP1314_IPHONE7F_id5_s1_105.png,1,VALID,-12.9375,9.8125,6.0195312,-22.772278,LCC-FASD external-dev / cross-domain stress set,False
FT720P_MBP1314_IPHONE7F_id5_s1_120.png,1,VALID,-29.4375,21.46875,16.75,-50.91514,LCC-FASD external-dev / cross-domain stress set,False
FT720P_MBP1314_IPHONE7F_id5_s1_135.png,1,VALID,-5.7460938,4.9609375,1.0996094,-10.727853,LCC-FASD external-dev / cross-domain stress set,False
FT720P_MBP1314_IPHONE7F_id9_s0_15.png,1,VALID,-19.140625,13.3125,10.953125,-32.543404,LCC-FASD external-dev / cross-domain stress set,False
FT720P_MBP1314_IPHONE7F_id9_s0_30.png,1,VALID,-15.78125,11.0703125,8.578125,-26.931047,LCC-FASD external-dev / cross-domain stress set,False
FT720P_MBP1314_IPHONE7F_id9_s0_45.png,1,VALID,-21.125,15.0390625,11.8828125,-36.205765,LCC-FASD external-dev / cross-domain stress set,False
FT720P_MBP1314_IPHONE7F_id9_s0_60.png,1,VALID,-26.34375,18.578125,15.359375,-44.9611,LCC-FASD external-dev / cross-domain stress set,False
FT720P_MBP1314_IPHONE7F_id9_s0_75.png,1,VALID,-21.828125,15.546875,12.296875,-37.41304,LCC-FASD external-dev / cross-domain stress set,False
FT720P_MBP1314_IPHONE7F_id9_s0_90.png,1,VALID,-23.65625,16.78125,13.4609375,-40.473003,LCC-FASD external-dev / cross-domain stress set,False
FT720P_MBP1314_IPHONE7F_id9_s0_105.png,1,VALID,-20.671875,14.9375,11.3046875,-35.635475,LCC-FASD external-dev / cross-domain stress set,False
FT720P_MBP1314_IPHONE7F_id9_s0_120.png,1,VALID,-24.296875,17.203125,13.96875,-41.538628,LCC-FASD external-dev / cross-domain stress set,False
FT720P_MBP1314_IPHONE7F_id9_s0_135.png,1,VALID,-25.28125,17.96875,14.53125,-43.28164,LCC-FASD external-dev / cross-domain stress set,False
FT720P_MBP1314_IPHONE7F_id9_s0_150.png,1,VALID,-19.125,13.65625,10.5078125,-32.823273,LCC-FASD external-dev / cross-domain stress set,False
FT720P_MBP1314_IPHONE7F_id12_s1_15.png,1,VALID,-17.46875,11.1796875,10.9609375,-29.238178,LCC-FASD external-dev / cross-domain stress set,False
FT720P_MBP1314_IPHONE7F_id12_s1_30.png,1,VALID,-20.140625,13.6171875,11.984375,-33.936275,LCC-FASD external-dev / cross-domain stress set,False
FT720P_MBP1314_IPHONE7F_id12_s1_45.png,1,VALID,16.15625,-11.15625,-12.484375,27.07745,LCC-FASD external-dev / cross-domain stress set,True
FT720P_MBP1314_IPHONE7F_id12_s1_60.png,1,VALID,-6.3359375,4.0546875,2.7988281,-10.6412525,LCC-FASD external-dev / cross-domain stress set,False
FT720P_MBP1314_IPHONE7F_id12_s1_75.png,1,VALID,9.3828125,-6.5703125,-7.9882812,15.736237,LCC-FASD external-dev / cross-domain stress set,True
FT720P_MBP1314_IPHONE7F_id12_s1_90.png,1,VALID,25.453125,-17.5625,-18.71875,42.742043,LCC-FASD external-dev / cross-domain stress set,True
FT720P_MBP1314_IPHONE7F_id12_s1_105.png,1,VALID,19.15625,-13.09375,-14.5546875,32.041344,LCC-FASD external-dev / cross-domain stress set,True
FT720P_MBP1314_IPHONE7F_id12_s1_120.png,1,VALID,-2.3984375,1.7880859,-0.23999023,-4.310146,LCC-FASD external-dev / cross-domain stress set,False
FT720P_MBP1314_IPHONE7F_id12_s1_135.png,1,VALID,-16.859375,11.3671875,9.6953125,-28.398745,LCC-FASD external-dev / cross-domain stress set,False
FT720P_MBP1314_IPHONE7F_id12_s1_150.png,1,VALID,-6.9882812,4.5664062,3.2089844,-11.783672,LCC-FASD external-dev / cross-domain stress set,False
FT720P_MBP1314_IPHONE7F_id12_s2_15.png,1,VALID,-35.9375,24.671875,22.34375,-60.702393,LCC-FASD external-dev / cross-domain stress set,False
FT720P_MBP1314_IPHONE7F_id12_s2_30.png,1,VALID,-16.375,10.9140625,9.5703125,-27.52086,LCC-FASD external-dev / cross-domain stress set,False
FT720P_MBP1314_IPHONE7F_id12_s2_45.png,1,VALID,-11.0625,7.0507812,6.34375,-18.51414,LCC-FASD external-dev / cross-domain stress set,False
FT720P_MBP1314_IPHONE7F_id12_s2_60.png,1,VALID,-22.171875,14.65625,13.6953125,-37.152042,LCC-FASD external-dev / cross-domain stress set,False
FT720P_MBP1314_IPHONE7F_id12_s2_75.png,1,VALID,-33.5625,22.359375,21.5,-56.27494,LCC-FASD external-dev / cross-domain stress set,False
FT720P_MBP1314_IPHONE7F_id12_s2_90.png,1,VALID,-23.125,15.1171875,14.59375,-38.70748,LCC-FASD external-dev / cross-domain stress set,False
FT720P_MBP1314_IPHONE7F_id12_s2_105.png,1,VALID,-35.15625,23.75,22.296875,-59.11638,LCC-FASD external-dev / cross-domain stress set,False
FT720P_MBP1314_IPHONE7F_id12_s2_120.png,1,VALID,-34.75,23.15625,22.359375,-58.27832,LCC-FASD external-dev / cross-domain stress set,False
FT720P_MBP1314_IPHONE7F_id12_s2_135.png,1,VALID,-43.03125,28.75,27.96875,-72.1582,LCC-FASD external-dev / cross-domain stress set,False
FT720P_MBP1314_IPHONE7F_id12_s2_150.png,1,VALID,-33.6875,22.71875,21.296875,-56.622375,LCC-FASD external-dev / cross-domain stress set,False
FT720P_MBP1314_IPHONE8F_id0_s0_105.png,1,VALID,73.0625,-49.40625,-51.5625,122.359215,LCC-FASD external-dev / cross-domain stress set,True
FT720P_MBP1314_IPHONE7F_id0_s0_15.png,1,VALID,79.875,-53.96875,-56.25,133.74649,LCC-FASD external-dev / cross-domain stress set,True
FT720P_MBP1314_IPHONE7F_id0_s0_30.png,1,VALID,76.125,-51.90625,-53.28125,127.80583,LCC-FASD external-dev / cross-domain stress set,True
FT720P_MBP1314_IPHONE7F_id0_s0_45.png,1,VALID,75.875,-51.46875,-53.40625,127.20917,LCC-FASD external-dev / cross-domain stress set,True
FT720P_MBP1314_IPHONE7F_id0_s0_60.png,1,VALID,84.25,-57.28125,-58.90625,141.3515,LCC-FASD external-dev / cross-domain stress set,True
FT720P_MBP1314_IPHONE7F_id0_s0_75.png,1,VALID,74.5,-50.59375,-52.40625,124.942535,LCC-FASD external-dev / cross-domain stress set,True
FT720P_MBP1314_IPHONE7F_id0_s0_90.png,1,VALID,76.875,-52.25,-53.90625,128.95033,LCC-FASD external-dev / cross-domain stress set,True
FT720P_MBP1314_IPHONE7F_id0_s0_120.png,1,VALID,70.625,-47.6875,-50.03125,118.22086,LCC-FASD external-dev / cross-domain stress set,True
FT720P_MBP1314_IPHONE7F_id0_s0_135.png,1,VALID,78.5,-53.25,-55.09375,131.60312,LCC-FASD external-dev / cross-domain stress set,True
FT720P_MBP1314_IPHONE7F_id0_s0_150.png,1,VALID,74.0625,-50.1875,-52.15625,124.11929,LCC-FASD external-dev / cross-domain stress set,True
FT720P_MBP1314_IPHONE7F_id0_s1_15.png,1,VALID,93.5,-64.125,-64.625,157.15092,LCC-FASD external-dev / cross-domain stress set,True
FT720P_MBP1314_IPHONE7F_id0_s1_30.png,1,VALID,94.1875,-64.6875,-65.0,158.32594,LCC-FASD external-dev / cross-domain stress set,True
FT720P_MBP1314_IPHONE7F_id0_s1_45.png,1,VALID,106.5625,-72.6875,-73.6875,178.93674,LCC-FASD external-dev / cross-domain stress set,True
FT720P_MBP1314_IPHONE7F_id0_s1_60.png,1,VALID,96.25,-66.0625,-66.375,161.76344,LCC-FASD external-dev / cross-domain stress set,True
FT720P_MBP1314_IPHONE7F_id0_s1_75.png,1,VALID,94.125,-64.75,-64.8125,158.21262,LCC-FASD external-dev / cross-domain stress set,True
FT720P_MBP1314_IPHONE7F_id0_s1_90.png,1,VALID,92.0625,-63.3125,-63.46875,154.75693,LCC-FASD external-dev / cross-domain stress set,True
FT720P_MBP1314_IPHONE7F_id0_s1_105.png,1,VALID,93.5,-64.1875,-64.5,157.13844,LCC-FASD external-dev / cross-domain stress set,True
FT720P_MBP1314_IPHONE7F_id0_s1_120.png,1,VALID,92.5,-63.59375,-63.8125,155.50401,LCC-FASD external-dev / cross-domain stress set,True
FT720P_MBP1314_IPHONE7F_id0_s1_135.png,1,VALID,101.9375,-69.6875,-70.375,171.21765,LCC-FASD external-dev / cross-domain stress set,True
FT720P_MBP1314_IPHONE7F_id0_s1_150.png,1,VALID,92.125,-63.3125,-63.5625,154.86156,LCC-FASD external-dev / cross-domain stress set,True
FT720P_MBP1314_IPHONE7F_id0_s2_15.png,1,VALID,-25.578125,18.109375,14.71875,-43.720634,LCC-FASD external-dev / cross-domain stress set,False
FT720P_MBP1314_IPHONE7F_id0_s2_30.png,1,VALID,-6.8945312,5.2539062,2.2597656,-12.197304,LCC-FASD external-dev / cross-domain stress set,False
FT720P_MBP1314_IPHONE7F_id0_s2_45.png,1,VALID,-4.8164062,3.7089844,0.96435547,-8.587682,LCC-FASD external-dev / cross-domain stress set,False
FT720P_MBP1314_IPHONE7F_id0_s2_60.png,1,VALID,13.0390625,-8.1328125,-11.3828125,21.133835,LCC-FASD external-dev / cross-domain stress set,True
FT720P_MBP1314_IPHONE7F_id0_s2_75.png,1,VALID,23.265625,-15.2265625,-18.140625,38.439354,LCC-FASD external-dev / cross-domain stress set,True
FT720P_MBP1314_IPHONE7F_id0_s2_90.png,1,VALID,30.96875,-20.546875,-23.359375,51.457306,LCC-FASD external-dev / cross-domain stress set,True
FT720P_MBP1314_IPHONE7F_id0_s2_105.png,1,VALID,1.6757812,-0.38012695,-3.7324219,2.021503,LCC-FASD external-dev / cross-domain stress set,False
FT720P_MBP1314_IPHONE7F_id0_s2_120.png,1,VALID,18.46875,-12.1328125,-14.75,30.531097,LCC-FASD external-dev / cross-domain stress set,True
FT720P_MBP1314_IPHONE7F_id0_s2_135.png,1,VALID,30.765625,-20.28125,-23.34375,51.001167,LCC-FASD external-dev / cross-domain stress set,True
FT720P_MBP1314_IPHONE7F_id0_s2_150.png,1,VALID,-5.4140625,4.4960938,0.94921875,-9.938563,LCC-FASD external-dev / cross-domain stress set,False
FT720P_MBP1314_IPHONE7F_id0_s3_15.png,1,VALID,-45.0,32.25,26.90625,-77.25477,LCC-FASD external-dev / cross-domain stress set,False
FT720P_MBP1314_IPHONE7F_id0_s3_30.png,1,VALID,-44.09375,31.65625,26.3125,-75.75477,LCC-FASD external-dev / cross-domain stress set,False
FT720P_MBP1314_IPHONE7F_id0_s3_45.png,1,VALID,-22.46875,16.734375,11.9609375,-39.21154,LCC-FASD external-dev / cross-domain stress set,False
FT720P_MBP1314_IPHONE7F_id0_s3_60.png,1,VALID,-2.5527344,3.0078125,-1.2753906,-5.574251,LCC-FASD external-dev / cross-domain stress set,False
FT720P_MBP1314_IPHONE7F_id0_s3_75.png,1,VALID,-2.125,2.8964844,-1.7509766,-5.031025,LCC-FASD external-dev / cross-domain stress set,False
FT720P_MBP1314_IPHONE7F_id0_s3_90.png,1,VALID,-9.75,8.1015625,3.3945312,-17.860554,LCC-FASD external-dev / cross-domain stress set,False
FT720P_MBP1314_IPHONE7F_id0_s3_105.png,1,VALID,-4.0742188,4.0703125,-0.29736328,-8.157132,LCC-FASD external-dev / cross-domain stress set,False
FT720P_MBP1314_IPHONE7F_id0_s3_120.png,1,VALID,-14.0625,10.84375,6.5273438,-24.91951,LCC-FASD external-dev / cross-domain stress set,False
FT720P_MBP1314_IPHONE7F_id0_s3_135.png,1,VALID,-30.265625,22.09375,17.109375,-52.366196,LCC-FASD external-dev / cross-domain stress set,False
FT720P_MBP1314_IPHONE7F_id0_s3_150.png,1,VALID,-29.90625,21.9375,16.75,-51.84932,LCC-FASD external-dev / cross-domain stress set,False
FT720P_MBP1314_IPHONE7F_id12_s0_15.png,1,VALID,-52.1875,34.75,34.375,-87.460625,LCC-FASD external-dev / cross-domain stress set,False
FT720P_MBP1314_IPHONE7F_id12_s0_30.png,1,VALID,-56.59375,37.46875,37.65625,-94.85379,LCC-FASD external-dev / cross-domain stress set,False
FT720P_MBP1314_IPHONE7F_id12_s0_45.png,1,VALID,-47.15625,31.515625,30.71875,-79.043945,LCC-FASD external-dev / cross-domain stress set,False
FT720P_MBP1314_IPHONE7F_id12_s0_60.png,1,VALID,-40.25,26.921875,25.890625,-67.47683,LCC-FASD external-dev / cross-domain stress set,False
FT720P_MBP1314_IPHONE7F_id12_s0_75.png,1,VALID,-41.375,27.5,26.90625,-69.314705,LCC-FASD external-dev / cross-domain stress set,False
FT720P_MBP1314_IPHONE7F_id12_s0_90.png,1,VALID,-37.90625,25.53125,24.046875,-63.641785,LCC-FASD external-dev / cross-domain stress set,False
FT720P_MBP1314_IPHONE7F_id12_s0_105.png,1,VALID,-39.1875,26.59375,24.765625,-65.93028,LCC-FASD external-dev / cross-domain stress set,False
FT720P_MBP1314_IPHONE7F_id12_s0_120.png,1,VALID,-34.53125,23.15625,22.0,-57.961082,LCC-FASD external-dev / cross-domain stress set,False
FT720P_MBP1314_IPHONE7F_id12_s0_135.png,1,VALID,-1.8691406,1.0390625,-0.21557617,-3.159101,LCC-FASD external-dev / cross-domain stress set,False
FT720P_MBP1314_IPHONE7F_id12_s0_150.png,1,VALID,-24.34375,16.015625,15.28125,-40.751286,LCC-FASD external-dev / cross-domain stress set,False
FT720P_MBP1314_IPHONE7B_id5_s0_15.png,1,VALID,45.40625,-30.265625,-32.90625,75.60299,LCC-FASD external-dev / cross-domain stress set,True
FT720P_MBP1314_IPHONE7B_id5_s0_30.png,1,VALID,32.8125,-21.78125,-24.359375,54.520576,LCC-FASD external-dev / cross-domain stress set,True
FT720P_MBP1314_IPHONE7B_id5_s0_45.png,1,VALID,31.578125,-20.78125,-23.671875,52.30532,LCC-FASD external-dev / cross-domain stress set,True
FT720P_MBP1314_IPHONE7B_id5_s0_60.png,1,VALID,26.203125,-17.03125,-20.1875,43.192673,LCC-FASD external-dev / cross-domain stress set,True
FT720P_MBP1314_IPHONE7B_id5_s0_75.png,1,VALID,24.640625,-16.015625,-19.078125,40.610542,LCC-FASD external-dev / cross-domain stress set,True
FT720P_MBP1314_IPHONE7B_id5_s0_90.png,1,VALID,32.3125,-21.265625,-24.21875,53.527264,LCC-FASD external-dev / cross-domain stress set,True
FT720P_MBP1314_IPHONE7B_id5_s0_105.png,1,VALID,53.1875,-35.625,-38.1875,88.73822,LCC-FASD external-dev / cross-domain stress set,True
FT720P_MBP1314_IPHONE7B_id5_s0_120.png,1,VALID,55.34375,-36.96875,-39.78125,92.25418,LCC-FASD external-dev / cross-domain stress set,True
FT720P_MBP1314_IPHONE7B_id5_s0_135.png,1,VALID,62.375,-41.84375,-44.46875,104.14882,LCC-FASD external-dev / cross-domain stress set,True
FT720P_MBP1314_IPHONE7B_id5_s0_150.png,1,VALID,63.5625,-42.625,-45.3125,106.121666,LCC-FASD external-dev / cross-domain stress set,True
FT720P_MBP1314_IPHONE7B_id9_s0_15.png,1,VALID,14.1953125,-9.765625,-11.109375,23.72914,LCC-FASD external-dev / cross-domain stress set,True
FT720P_MBP1314_IPHONE7B_id9_s0_30.png,1,VALID,-7.8710938,5.8554688,3.109375,-13.788765,LCC-FASD external-dev / cross-domain stress set,False
FT720P_MBP1314_IPHONE7B_id9_s0_45.png,1,VALID,-5.03125,3.6894531,1.3974609,-8.81698,LCC-FASD external-dev / cross-domain stress set,False
FT720P_MBP1314_IPHONE7B_id9_s0_60.png,1,VALID,-4.8789062,3.75,1.1494141,-8.70051,LCC-FASD external-dev / cross-domain stress set,False
FT720P_MBP1314_IPHONE7B_id9_s0_75.png,1,VALID,-8.234375,6.0898438,3.3261719,-14.38537,LCC-FASD external-dev / cross-domain stress set,False
FT720P_MBP1314_IPHONE7B_id9_s0_90.png,1,VALID,-9.953125,7.2929688,4.3671875,-17.298328,LCC-FASD external-dev / cross-domain stress set,False
FT720P_MBP1314_IPHONE7B_id9_s0_105.png,1,VALID,-1.8212891,1.5595703,-0.76416016,-3.4742656,LCC-FASD external-dev / cross-domain stress set,False
FT720P_MBP1314_IPHONE7B_id9_s0_120.png,1,VALID,-3.9472656,3.15625,0.39794922,-7.1649866,LCC-FASD external-dev / cross-domain stress set,False
FT720P_MBP1314_IPHONE7B_id9_s0_135.png,1,VALID,-5.0625,3.921875,1.1591797,-9.045585,LCC-FASD external-dev / cross-domain stress set,False
FT720P_MBP1314_IPHONE7B_id9_s0_150.png,1,VALID,-6.1210938,4.6796875,1.8359375,-10.857357,LCC-FASD external-dev / cross-domain stress set,False
FT720P_MBP1314_IPHONE7B_id12_s0_15.png,1,VALID,-13.9375,8.5,8.6796875,-23.224522,LCC-FASD external-dev / cross-domain stress set,False
FT720P_MBP1314_IPHONE7B_id12_s0_30.png,1,VALID,25.546875,-18.578125,-17.640625,42.85704,LCC-FASD external-dev / cross-domain stress set,True
FT720P_MBP1314_IPHONE7B_id12_s0_45.png,1,VALID,52.0,-36.0625,-36.21875,87.44443,LCC-FASD external-dev / cross-domain stress set,True
FT720P_MBP1314_IPHONE7B_id12_s0_60.png,1,VALID,49.1875,-34.4375,-33.96875,82.67026,LCC-FASD external-dev / cross-domain stress set,True
FT720P_MBP1314_IPHONE7B_id12_s0_75.png,1,VALID,20.078125,-14.3984375,-14.484375,33.825462,LCC-FASD external-dev / cross-domain stress set,True
FT720P_MBP1314_IPHONE7B_id12_s0_90.png,1,VALID,41.4375,-28.796875,-29.140625,69.6984,LCC-FASD external-dev / cross-domain stress set,True
FT720P_MBP1314_IPHONE7B_id12_s0_150.png,1,VALID,44.15625,-30.734375,-30.828125,74.243256,LCC-FASD external-dev / cross-domain stress set,True
FT720P_MBP1314_IPHONE7B_id12_s1_15.png,1,VALID,65.875,-44.9375,-46.15625,110.55353,LCC-FASD external-dev / cross-domain stress set,True
FT720P_MBP1314_IPHONE7B_id12_s1_30.png,1,VALID,78.625,-53.21875,-55.3125,131.72754,LCC-FASD external-dev / cross-domain stress set,True
FT720P_MBP1314_IPHONE7B_id12_s1_45.png,1,VALID,107.8125,-73.75,-74.375,181.13379,LCC-FASD external-dev / cross-domain stress set,True
FT720P_MBP1314_IPHONE7B_id12_s1_60.png,1,VALID,104.5625,-71.5625,-72.1875,175.69629,LCC-FASD external-dev / cross-domain stress set,True
FT720P_MBP1314_IPHONE7B_id12_s1_75.png,1,VALID,99.5625,-68.5,-68.5,167.36935,LCC-FASD external-dev / cross-domain stress set,True
FT720P_MBP1314_IPHONE7B_id12_s1_90.png,1,VALID,97.8125,-67.25,-67.375,164.4299,LCC-FASD external-dev / cross-domain stress set,True
FT720P_MBP1314_IPHONE7B_id12_s1_105.png,1,VALID,92.4375,-62.78125,-64.5,155.05383,LCC-FASD external-dev / cross-domain stress set,True
FT720P_MBP1314_IPHONE7B_id12_s1_120.png,1,VALID,110.0,-74.9375,-76.25,184.69916,LCC-FASD external-dev / cross-domain stress set,True
FT720P_MBP1314_IPHONE7B_id12_s1_135.png,1,VALID,108.0,-73.6875,-74.75,181.39066,LCC-FASD external-dev / cross-domain stress set,True
FT720P_MBP1314_IPHONE7B_id12_s1_150.png,1,VALID,87.125,-59.4375,-60.6875,146.31058,LCC-FASD external-dev / cross-domain stress set,True
FT720P_MBP1314_IPHONE7B_id12_s2_15.png,1,VALID,-33.96875,23.15625,21.078125,-57.242928,LCC-FASD external-dev / cross-domain stress set,False
FT720P_MBP1314_IPHONE7B_id12_s2_30.png,1,VALID,4.9335938,-4.0,-4.5078125,8.46246,LCC-FASD external-dev / cross-domain stress set,False
FT720P_MBP1314_IPHONE7B_id12_s2_45.png,1,VALID,9.3984375,-6.7890625,-7.7265625,15.857042,LCC-FASD external-dev / cross-domain stress set,True
FT720P_MBP1314_IPHONE7B_id12_s2_60.png,1,VALID,35.28125,-24.265625,-25.40625,59.26953,LCC-FASD external-dev / cross-domain stress set,True
FT720P_MBP1314_IPHONE7B_id12_s2_75.png,1,VALID,35.0625,-24.578125,-24.71875,59.01532,LCC-FASD external-dev / cross-domain stress set,True
FT720P_MBP1314_IPHONE7B_id12_s2_90.png,1,VALID,44.84375,-31.359375,-31.234375,75.445526,LCC-FASD external-dev / cross-domain stress set,True
FT720P_MBP1314_IPHONE7B_id12_s2_105.png,1,VALID,44.75,-31.125,-31.203125,75.22015,LCC-FASD external-dev / cross-domain stress set,True
FT720P_MBP1314_IPHONE7B_id12_s2_120.png,1,VALID,66.5625,-46.03125,-45.84375,111.80246,LCC-FASD external-dev / cross-domain stress set,True
FT720P_MBP1314_IPHONE7B_id12_s2_135.png,1,VALID,40.6875,-28.421875,-28.515625,68.462006,LCC-FASD external-dev / cross-domain stress set,True
FT720P_MBP1314_IPHONE7B_id12_s2_150.png,1,VALID,20.1875,-14.328125,-14.765625,34.01749,LCC-FASD external-dev / cross-domain stress set,True
FT720P_MBP1314_IPHONE7F_id0_s0_105.png,1,VALID,75.6875,-51.4375,-53.15625,126.96008,LCC-FASD external-dev / cross-domain stress set,True
FT720P_MBP1314_IPHONE6SF_id9_s0_15.png,1,VALID,-42.875,30.359375,25.9375,-73.246315,LCC-FASD external-dev / cross-domain stress set,False
FT720P_MBP1314_IPHONE6SF_id9_s0_30.png,1,VALID,-39.75,28.3125,23.765625,-68.073044,LCC-FASD external-dev / cross-domain stress set,False
FT720P_MBP1314_IPHONE6SF_id9_s0_45.png,1,VALID,-38.9375,27.609375,23.34375,-66.56082,LCC-FASD external-dev / cross-domain stress set,False
FT720P_MBP1314_IPHONE6SF_id9_s0_60.png,1,VALID,-29.015625,20.8125,16.734375,-49.844925,LCC-FASD external-dev / cross-domain stress set,False
FT720P_MBP1314_IPHONE6SF_id9_s0_75.png,1,VALID,-33.6875,23.953125,19.9375,-57.658497,LCC-FASD external-dev / cross-domain stress set,False
FT720P_MBP1314_IPHONE6SF_id9_s0_90.png,1,VALID,-29.6875,21.25,17.234375,-50.95537,LCC-FASD external-dev / cross-domain stress set,False
FT720P_MBP1314_IPHONE6SF_id9_s0_150.png,1,VALID,-36.3125,25.90625,21.484375,-62.23069,LCC-FASD external-dev / cross-domain stress set,False
FT720P_MBP1314_IPHONE7B_id0_s0_15.png,1,VALID,87.9375,-59.78125,-61.375,147.5338,LCC-FASD external-dev / cross-domain stress set,True
FT720P_MBP1314_IPHONE7B_id0_s0_30.png,1,VALID,78.875,-53.46875,-55.40625,132.20917,LCC-FASD external-dev / cross-domain stress set,True
FT720P_MBP1314_IPHONE7B_id0_s0_45.png,1,VALID,74.6875,-50.6875,-52.53125,125.22811,LCC-FASD external-dev / cross-domain stress set,True
FT720P_MBP1314_IPHONE7B_id0_s0_60.png,1,VALID,82.875,-56.40625,-57.90625,139.07983,LCC-FASD external-dev / cross-domain stress set,True
FT720P_MBP1314_IPHONE7B_id0_s0_75.png,1,VALID,73.125,-49.75,-51.34375,122.69005,LCC-FASD external-dev / cross-domain stress set,True
FT720P_MBP1314_IPHONE7B_id0_s0_90.png,1,VALID,83.0625,-56.65625,-57.75,139.42986,LCC-FASD external-dev / cross-domain stress set,True
FT720P_MBP1314_IPHONE7B_id0_s0_105.png,1,VALID,84.25,-57.59375,-58.5625,141.52199,LCC-FASD external-dev / cross-domain stress set,True
FT720P_MBP1314_IPHONE7B_id0_s0_120.png,1,VALID,85.8125,-58.40625,-59.8125,143.99957,LCC-FASD external-dev / cross-domain stress set,True
FT720P_MBP1314_IPHONE7B_id0_s0_135.png,1,VALID,83.5,-57.0,-58.1875,140.23381,LCC-FASD external-dev / cross-domain stress set,True
FT720P_MBP1314_IPHONE7B_id0_s0_150.png,1,VALID,79.125,-54.03125,-55.1875,132.88266,LCC-FASD external-dev / cross-domain stress set,True
FT720P_MBP1314_IPHONE7B_id0_s1_15.png,1,VALID,81.0,-55.625,-56.125,136.15092,LCC-FASD external-dev / cross-domain stress set,True
FT720P_MBP1314_IPHONE7B_id0_s1_30.png,1,VALID,85.625,-58.9375,-59.0625,143.9299,LCC-FASD external-dev / cross-domain stress set,True
FT720P_MBP1314_IPHONE7B_id0_s1_45.png,1,VALID,89.9375,-61.78125,-62.0625,151.15637,LCC-FASD external-dev / cross-domain stress set,True
FT720P_MBP1314_IPHONE7B_id0_s1_60.png,1,VALID,90.875,-62.40625,-62.71875,152.7322,LCC-FASD external-dev / cross-domain stress set,True
FT720P_MBP1314_IPHONE7B_id0_s1_75.png,1,VALID,89.0625,-61.28125,-61.46875,149.73996,LCC-FASD external-dev / cross-domain stress set,True
FT720P_MBP1314_IPHONE7B_id0_s1_90.png,1,VALID,93.125,-64.0,-64.25,156.54906,LCC-FASD external-dev / cross-domain stress set,True
FT720P_MBP1314_IPHONE7B_id0_s1_105.png,1,VALID,86.625,-59.5,-59.90625,145.61449,LCC-FASD external-dev / cross-domain stress set,True
FT720P_MBP1314_IPHONE7B_id0_s1_120.png,1,VALID,89.625,-61.625,-61.90625,150.68762,LCC-FASD external-dev / cross-domain stress set,True
FT720P_MBP1314_IPHONE7B_id0_s1_135.png,1,VALID,90.25,-61.9375,-62.34375,151.67699,LCC-FASD external-dev / cross-domain stress set,True
FT720P_MBP1314_IPHONE7B_id0_s1_150.png,1,VALID,88.0,-60.5,-60.78125,147.93762,LCC-FASD external-dev / cross-domain stress set,True
FT720P_MBP1314_IPHONE7B_id0_s2_15.png,1,VALID,-17.359375,12.328125,9.34375,-29.736834,LCC-FASD external-dev / cross-domain stress set,False
FT720P_MBP1314_IPHONE7B_id0_s2_30.png,1,VALID,22.984375,-15.59375,-17.34375,38.4179,LCC-FASD external-dev / cross-domain stress set,True
FT720P_MBP1314_IPHONE7B_id0_s2_45.png,1,VALID,-0.3696289,0.47875977,-1.8476562,-0.9415557,LCC-FASD external-dev / cross-domain stress set,False
FT720P_MBP1314_IPHONE7B_id0_s2_60.png,1,VALID,25.96875,-17.078125,-19.921875,42.9903,LCC-FASD external-dev / cross-domain stress set,True
FT720P_MBP1314_IPHONE7B_id0_s2_75.png,1,VALID,29.96875,-19.953125,-22.578125,49.851936,LCC-FASD external-dev / cross-domain stress set,True
FT720P_MBP1314_IPHONE7B_id0_s2_90.png,1,VALID,33.5625,-22.375,-25.0,55.86756,LCC-FASD external-dev / cross-domain stress set,True
FT720P_MBP1314_IPHONE7B_id0_s2_105.png,1,VALID,32.78125,-21.875,-24.453125,54.583076,LCC-FASD external-dev / cross-domain stress set,True
FT720P_MBP1314_IPHONE7B_id0_s2_120.png,1,VALID,25.234375,-16.8125,-19.3125,41.967987,LCC-FASD external-dev / cross-domain stress set,True
FT720P_MBP1314_IPHONE7B_id0_s2_135.png,1,VALID,25.21875,-16.71875,-19.34375,41.86756,LCC-FASD external-dev / cross-domain stress set,True
FT720P_MBP1314_IPHONE7B_id0_s2_150.png,1,VALID,13.21875,-8.5078125,-11.25,21.664124,LCC-FASD external-dev / cross-domain stress set,True
FT720P_MBP1314_IPHONE7B_id0_s3_15.png,1,VALID,-51.5,36.5,31.4375,-88.00631,LCC-FASD external-dev / cross-domain stress set,False
FT720P_MBP1314_IPHONE7B_id0_s3_30.png,1,VALID,-16.15625,12.2265625,7.9765625,-28.396976,LCC-FASD external-dev / cross-domain stress set,False
FT720P_MBP1314_IPHONE7B_id0_s3_45.png,1,VALID,-17.96875,13.359375,9.2265625,-31.344036,LCC-FASD external-dev / cross-domain stress set,False
FT720P_MBP1314_IPHONE7B_id0_s3_60.png,1,VALID,24.171875,-15.2890625,-19.25,39.44207,LCC-FASD external-dev / cross-domain stress set,True
FT720P_MBP1314_IPHONE7B_id0_s3_75.png,1,VALID,-11.9296875,9.4609375,4.9804688,-21.40189,LCC-FASD external-dev / cross-domain stress set,False
FT720P_MBP1314_IPHONE7B_id0_s3_90.png,1,VALID,-1.5839844,2.4394531,-1.9414062,-4.0358744,LCC-FASD external-dev / cross-domain stress set,False
FT720P_MBP1314_IPHONE7B_id0_s3_105.png,1,VALID,-17.421875,12.90625,8.9140625,-30.346416,LCC-FASD external-dev / cross-domain stress set,False
FT720P_MBP1314_IPHONE7B_id0_s3_120.png,1,VALID,-4.8085938,4.2617188,0.5073242,-9.093457,LCC-FASD external-dev / cross-domain stress set,False
FT720P_MBP1314_IPHONE7B_id0_s3_135.png,1,VALID,-18.03125,13.5390625,9.1328125,-31.58244,LCC-FASD external-dev / cross-domain stress set,False
FT720P_MBP1314_IPHONE7B_id0_s3_150.png,1,VALID,15.5078125,-9.4296875,-13.359375,24.918041,LCC-FASD external-dev / cross-domain stress set,True
FT720P_MBP1314_IPHONE7B_id12_s0_105.png,1,VALID,46.6875,-32.09375,-32.96875,78.43281,LCC-FASD external-dev / cross-domain stress set,True
FT720P_MBP1314_IPHONE7B_id12_s0_120.png,1,VALID,62.0,-42.90625,-42.84375,104.181366,LCC-FASD external-dev / cross-domain stress set,True
FT720P_MBP1314_IPHONE7B_id12_s0_135.png,1,VALID,35.25,-24.734375,-24.8125,59.32953,LCC-FASD external-dev / cross-domain stress set,True
FT720P_MBP1314_IPHONE6SF_id0_s2_30.png,1,VALID,-40.1875,28.046875,24.625,-68.2665,LCC-FASD external-dev / cross-domain stress set,False
FT720P_MBP1314_IPHONE6SF_id0_s2_45.png,1,VALID,-22.625,16.1875,12.65625,-38.841347,LCC-FASD external-dev / cross-domain stress set,False
FT720P_MBP1314_IPHONE6SF_id0_s2_60.png,1,VALID,32.9375,-21.765625,-24.59375,54.645683,LCC-FASD external-dev / cross-domain stress set,True
FT720P_MBP1314_IPHONE6SF_id0_s2_75.png,1,VALID,21.890625,-14.0546875,-17.359375,35.90926,LCC-FASD external-dev / cross-domain stress set,True
FT720P_MBP1314_IPHONE6SF_id0_s2_90.png,1,VALID,0.9926758,0.15539551,-3.2597656,0.80493784,LCC-FASD external-dev / cross-domain stress set,False
FT720P_MBP1314_IPHONE6SF_id0_s3_54.png,1,VALID,-51.5625,36.71875,31.453125,-88.28641,LCC-FASD external-dev / cross-domain stress set,False
FT720P_MBP1314_IPHONE6SF_id0_s3_81.png,1,VALID,-41.0,29.453125,24.390625,-70.459435,LCC-FASD external-dev / cross-domain stress set,False
FT720P_MBP1314_IPHONE6SF_id0_s3_98.png,1,VALID,-37.375,27.078125,21.8125,-64.45828,LCC-FASD external-dev / cross-domain stress set,False
FT720P_MBP1314_IPHONE6SF_id0_s3_114.png,1,VALID,-47.96875,34.09375,29.1875,-82.06987,LCC-FASD external-dev / cross-domain stress set,False
FT720P_MBP1314_IPHONE6SF_id0_s3_129.png,1,VALID,-54.03125,38.625,32.9375,-92.65964,LCC-FASD external-dev / cross-domain stress set,False
FT720P_MBP1314_IPHONE6SF_id0_s3_144.png,1,VALID,-48.34375,34.71875,29.015625,-83.06583,LCC-FASD external-dev / cross-domain stress set,False
FT720P_MBP1314_IPHONE6SF_id0_s3_159.png,1,VALID,-55.25,39.34375,33.8125,-94.5977,LCC-FASD external-dev / cross-domain stress set,False
FT720P_MBP1314_IPHONE6SF_id0_s3_174.png,1,VALID,-62.875,44.78125,38.71875,-107.65858,LCC-FASD external-dev / cross-domain stress set,False
FT720P_MBP1314_IPHONE6SF_id5_s0_15.png,1,VALID,-70.125,49.5625,43.78125,-119.69058,LCC-FASD external-dev / cross-domain stress set,False
FT720P_MBP1314_IPHONE6SF_id5_s0_30.png,1,VALID,-46.875,33.46875,28.359375,-80.34978,LCC-FASD external-dev / cross-domain stress set,False
FT720P_MBP1314_IPHONE6SF_id5_s0_45.png,1,VALID,-57.625,40.875,35.5,-98.50462,LCC-FASD external-dev / cross-domain stress set,False
FT720P_MBP1314_IPHONE6SF_id5_s0_60.png,1,VALID,-48.40625,34.46875,29.359375,-82.88103,LCC-FASD external-dev / cross-domain stress set,False
FT720P_MBP1314_IPHONE6SF_id5_s0_75.png,1,VALID,-50.75,36.0625,30.953125,-86.81853,LCC-FASD external-dev / cross-domain stress set,False
FT720P_MBP1314_IPHONE6SF_id5_s0_90.png,1,VALID,-46.34375,33.09375,28.015625,-79.44371,LCC-FASD external-dev / cross-domain stress set,False
FT720P_MBP1314_IPHONE6SF_id5_s0_105.png,1,VALID,-55.5625,39.34375,34.15625,-94.91182,LCC-FASD external-dev / cross-domain stress set,False
FT720P_MBP1314_IPHONE6SF_id5_s0_120.png,1,VALID,-47.6875,33.90625,29.09375,-81.601845,LCC-FASD external-dev / cross-domain stress set,False
FT720P_MBP1314_IPHONE6SF_id5_s0_135.png,1,VALID,-36.46875,26.234375,21.515625,-62.712013,LCC-FASD external-dev / cross-domain stress set,False
FT720P_MBP1314_IPHONE6SF_id5_s0_150.png,1,VALID,-32.625,23.5625,19.015625,-56.198044,LCC-FASD external-dev / cross-domain stress set,False
FT720P_MBP1314_IPHONE6SF_id9_s0_105.png,1,VALID,-38.9375,27.734375,23.21875,-66.682755,LCC-FASD external-dev / cross-domain stress set,False
FT720P_MBP1314_IPHONE6SF_id9_s0_120.png,1,VALID,-29.75,21.484375,17.03125,-51.24595,LCC-FASD external-dev / cross-domain stress set,False
FT720P_MBP1314_IPHONE6SF_id9_s0_135.png,1,VALID,-40.71875,29.078125,24.34375,-69.805626,LCC-FASD external-dev / cross-domain stress set,False
FT720P_MBP1314_IPHONE6SF_id12_s0_15.png,1,VALID,-123.5625,85.6875,80.0625,-209.2536,LCC-FASD external-dev / cross-domain stress set,False
FT720P_MBP1314_IPHONE6SF_id12_s0_30.png,1,VALID,-123.0,85.125,79.8125,-208.12991,LCC-FASD external-dev / cross-domain stress set,False
FT720P_MBP1314_IPHONE6SF_id12_s0_45.png,1,VALID,-121.125,83.9375,78.4375,-205.06659,LCC-FASD external-dev / cross-domain stress set,False
FT720P_MBP1314_IPHONE6SF_id12_s0_60.png,1,VALID,-108.5625,75.5625,69.8125,-184.12817,LCC-FASD external-dev / cross-domain stress set,False
FT720P_MBP1314_IPHONE6SF_id12_s0_75.png,1,VALID,-112.5625,78.125,72.625,-190.69159,LCC-FASD external-dev / cross-domain stress set,False
FT720P_MBP1314_IPHONE6SF_id12_s0_90.png,1,VALID,-113.1875,78.3125,73.3125,-191.50671,LCC-FASD external-dev / cross-domain stress set,False
FT720P_MBP1314_IPHONE6SF_id12_s0_105.png,1,VALID,-105.125,73.3125,67.25,-178.43982,LCC-FASD external-dev / cross-domain stress set,False
FT720P_MBP1314_IPHONE6SF_id12_s0_120.png,1,VALID,-110.8125,77.25,71.125,-188.06468,LCC-FASD external-dev / cross-domain stress set,False
FT720P_MBP1314_IPHONE6SF_id12_s0_135.png,1,VALID,-106.25,73.625,68.625,-179.88171,LCC-FASD external-dev / cross-domain stress set,False
FT720P_MBP1314_IPHONE6SF_id12_s0_150.png,1,VALID,-107.4375,74.9375,68.875,-182.37732,LCC-FASD external-dev / cross-domain stress set,False
FT720P_MBP1314_IPHONE6SF_id12_s1_15.png,1,VALID,-78.4375,54.53125,50.03125,-132.9798,LCC-FASD external-dev / cross-domain stress set,False
FT720P_MBP1314_IPHONE6SF_id12_s1_30.png,1,VALID,-74.0,51.53125,47.0625,-125.54265,LCC-FASD external-dev / cross-domain stress set,False
FT720P_MBP1314_IPHONE6SF_id12_s1_45.png,1,VALID,-53.28125,37.40625,33.15625,-90.70166,LCC-FASD external-dev / cross-domain stress set,False
FT720P_MBP1314_IPHONE6SF_id12_s1_60.png,1,VALID,-71.3125,49.90625,44.96875,-121.2259,LCC-FASD external-dev / cross-domain stress set,False
FT720P_MBP1314_IPHONE6SF_id12_s1_75.png,1,VALID,-58.5,41.0,36.46875,-99.51071,LCC-FASD external-dev / cross-domain stress set,False
FT720P_MBP1314_IPHONE6SF_id12_s1_90.png,1,VALID,-59.3125,41.53125,37.0625,-100.85515,LCC-FASD external-dev / cross-domain stress set,False
FT720P_MBP1314_IPHONE6SF_id12_s1_105.png,1,VALID,-74.3125,51.625,47.3125,-125.950806,LCC-FASD external-dev / cross-domain stress set,False
FT720P_MBP1314_IPHONE6SF_id12_s1_120.png,1,VALID,-66.0,46.3125,41.34375,-112.31943,LCC-FASD external-dev / cross-domain stress set,False
FT720P_MBP1314_IPHONE6SF_id12_s1_135.png,1,VALID,-68.5625,47.9375,43.21875,-116.50889,LCC-FASD external-dev / cross-domain stress set,False
FT720P_MBP1314_IPHONE6SF_id12_s1_150.png,1,VALID,-74.4375,52.28125,46.875,-126.72323,LCC-FASD external-dev / cross-domain stress set,False
FT720P_MBP1314_IPHONE6SF_id12_s2_15.png,1,VALID,-115.6875,80.5,74.5,-196.18997,LCC-FASD external-dev / cross-domain stress set,False
FT720P_MBP1314_IPHONE6SF_id12_s2_30.png,1,VALID,-115.5,80.25,74.5,-195.75317,LCC-FASD external-dev / cross-domain stress set,False
FT720P_MBP1314_IPHONE6SF_id12_s2_45.png,1,VALID,-99.25,69.3125,63.40625,-168.56522,LCC-FASD external-dev / cross-domain stress set,False
FT720P_MBP1314_IPHONE6SF_id12_s2_60.png,1,VALID,-102.5,71.8125,65.3125,-174.314,LCC-FASD external-dev / cross-domain stress set,False
FT720P_MBP1314_IPHONE6SF_id12_s2_75.png,1,VALID,-97.9375,68.125,62.84375,-166.06757,LCC-FASD external-dev / cross-domain stress set,False
FT720P_MBP1314_IPHONE6SF_id12_s2_90.png,1,VALID,-104.6875,73.25,66.875,-177.93921,LCC-FASD external-dev / cross-domain stress set,False
FT720P_MBP1314_IPHONE6SF_id12_s2_105.png,1,VALID,-105.125,72.9375,67.8125,-178.06842,LCC-FASD external-dev / cross-domain stress set,False
FT720P_MBP1314_IPHONE6SF_id12_s2_120.png,1,VALID,-113.0,78.5625,72.875,-191.56589,LCC-FASD external-dev / cross-domain stress set,False
FT720P_MBP1314_IPHONE6SF_id12_s2_135.png,1,VALID,-107.4375,74.625,69.1875,-182.06683,LCC-FASD external-dev / cross-domain stress set,False
FT720P_MBP1314_IPHONE6SF_id12_s2_150.png,1,VALID,-103.9375,72.1875,66.875,-176.12991,LCC-FASD external-dev / cross-domain stress set,False
FT720P_MBP1314_IPHONE6F_id5_s0_15.png,1,VALID,-41.25,29.59375,24.6875,-70.85112,LCC-FASD external-dev / cross-domain stress set,False
FT720P_MBP1314_IPHONE6F_id5_s0_30.png,1,VALID,-28.53125,20.765625,16.328125,-49.30863,LCC-FASD external-dev / cross-domain stress set,False
FT720P_MBP1314_IPHONE6F_id5_s0_45.png,1,VALID,-31.265625,22.5625,18.171875,-53.840443,LCC-FASD external-dev / cross-domain stress set,False
FT720P_MBP1314_IPHONE6F_id5_s0_60.png,1,VALID,-36.96875,26.515625,21.984375,-63.495087,LCC-FASD external-dev / cross-domain stress set,False
FT720P_MBP1314_IPHONE6F_id5_s0_75.png,1,VALID,-50.25,35.40625,31.0,-85.66838,LCC-FASD external-dev / cross-domain stress set,False
FT720P_MBP1314_IPHONE6F_id5_s0_90.png,1,VALID,-23.265625,17.03125,12.8828125,-40.31254,LCC-FASD external-dev / cross-domain stress set,False
FT720P_MBP1314_IPHONE6F_id5_s0_105.png,1,VALID,-36.125,25.875,21.421875,-62.011574,LCC-FASD external-dev / cross-domain stress set,False
FT720P_MBP1314_IPHONE6F_id5_s0_120.png,1,VALID,-23.234375,17.09375,12.8515625,-40.3424,LCC-FASD external-dev / cross-domain stress set,False
FT720P_MBP1314_IPHONE6F_id5_s0_135.png,1,VALID,-39.90625,28.546875,23.890625,-68.462585,LCC-FASD external-dev / cross-domain stress set,False
FT720P_MBP1314_IPHONE6F_id5_s0_150.png,1,VALID,-12.5546875,9.7109375,5.765625,-22.284786,LCC-FASD external-dev / cross-domain stress set,False
FT720P_MBP1314_IPHONE6F_id9_s0_15.png,1,VALID,-34.15625,24.015625,20.578125,-58.203514,LCC-FASD external-dev / cross-domain stress set,False
FT720P_MBP1314_IPHONE6F_id9_s0_30.png,1,VALID,-21.453125,15.4296875,11.9375,-36.912792,LCC-FASD external-dev / cross-domain stress set,False
FT720P_MBP1314_IPHONE6F_id9_s0_45.png,1,VALID,-27.40625,19.515625,15.890625,-46.948174,LCC-FASD external-dev / cross-domain stress set,False
FT720P_MBP1314_IPHONE6F_id9_s0_60.png,1,VALID,-18.75,13.3671875,10.328125,-32.163956,LCC-FASD external-dev / cross-domain stress set,False
FT720P_MBP1314_IPHONE6F_id9_s0_75.png,1,VALID,-17.15625,12.4765625,9.0546875,-29.664942,LCC-FASD external-dev / cross-domain stress set,False
FT720P_MBP1314_IPHONE6F_id9_s0_90.png,1,VALID,-15.5234375,11.328125,8.0078125,-26.887066,LCC-FASD external-dev / cross-domain stress set,False
FT720P_MBP1314_IPHONE6F_id9_s0_105.png,1,VALID,-23.421875,16.71875,13.3125,-40.173252,LCC-FASD external-dev / cross-domain stress set,False
FT720P_MBP1314_IPHONE6F_id9_s0_120.png,1,VALID,-26.6875,19.0,15.4453125,-45.71569,LCC-FASD external-dev / cross-domain stress set,False
FT720P_MBP1314_IPHONE6F_id9_s0_135.png,1,VALID,-24.796875,17.671875,14.1875,-42.498962,LCC-FASD external-dev / cross-domain stress set,False
FT720P_MBP1314_IPHONE6F_id9_s0_150.png,1,VALID,-14.0390625,9.9296875,7.3632812,-24.042755,LCC-FASD external-dev / cross-domain stress set,False
FT720P_MBP1314_IPHONE6F_id12_s2_15.png,1,VALID,-94.3125,64.8125,61.3125,-159.15475,LCC-FASD external-dev / cross-domain stress set,False
FT720P_MBP1314_IPHONE6F_id12_s2_30.png,1,VALID,-87.25,60.5625,55.90625,-147.82196,LCC-FASD external-dev / cross-domain stress set,False
FT720P_MBP1314_IPHONE6F_id12_s2_45.png,1,VALID,-87.1875,60.375,56.0625,-147.5758,LCC-FASD external-dev / cross-domain stress set,False
FT720P_MBP1314_IPHONE6F_id12_s2_60.png,1,VALID,-74.6875,51.90625,47.5625,-126.60666,LCC-FASD external-dev / cross-domain stress set,False
FT720P_MBP1314_IPHONE6F_id12_s2_75.png,1,VALID,-83.1875,57.5625,53.375,-140.76508,LCC-FASD external-dev / cross-domain stress set,False
FT720P_MBP1314_IPHONE6F_id12_s2_90.png,1,VALID,-76.0625,52.65625,48.78125,-128.73929,LCC-FASD external-dev / cross-domain stress set,False
FT720P_MBP1314_IPHONE6F_id12_s2_120.png,1,VALID,-93.75,64.6875,60.5625,-158.45354,LCC-FASD external-dev / cross-domain stress set,False
FT720P_MBP1314_IPHONE6F_id12_s2_135.png,1,VALID,-74.875,52.0,47.71875,-126.88873,LCC-FASD external-dev / cross-domain stress set,False
FT720P_MBP1314_IPHONE6F_id12_s2_150.png,1,VALID,-89.8125,62.4375,57.4375,-152.25671,LCC-FASD external-dev / cross-domain stress set,False
FT720P_MBP1314_IPHONE6SF_id0_s0_15.png,1,VALID,77.375,-51.65625,-54.9375,128.99435,LCC-FASD external-dev / cross-domain stress set,True
FT720P_MBP1314_IPHONE6SF_id0_s0_30.png,1,VALID,51.59375,-34.375,-37.25,85.913864,LCC-FASD external-dev / cross-domain stress set,True
FT720P_MBP1314_IPHONE6SF_id0_s0_45.png,1,VALID,59.40625,-39.875,-42.5,99.21132,LCC-FASD external-dev / cross-domain stress set,True
FT720P_MBP1314_IPHONE6SF_id0_s0_60.png,1,VALID,70.5,-47.21875,-50.15625,117.667114,LCC-FASD external-dev / cross-domain stress set,True
FT720P_MBP1314_IPHONE6SF_id0_s0_75.png,1,VALID,60.5625,-40.625,-43.28125,101.119644,LCC-FASD external-dev / cross-domain stress set,True
FT720P_MBP1314_IPHONE6SF_id0_s0_90.png,1,VALID,68.5625,-45.9375,-48.9375,114.451416,LCC-FASD external-dev / cross-domain stress set,True
FT720P_MBP1314_IPHONE6SF_id0_s0_105.png,1,VALID,55.96875,-37.40625,-40.21875,93.31668,LCC-FASD external-dev / cross-domain stress set,True
FT720P_MBP1314_IPHONE6SF_id0_s0_120.png,1,VALID,57.71875,-38.625,-41.4375,96.28543,LCC-FASD external-dev / cross-domain stress set,True
FT720P_MBP1314_IPHONE6SF_id0_s0_135.png,1,VALID,55.5,-37.1875,-39.96875,92.62738,LCC-FASD external-dev / cross-domain stress set,True
FT720P_MBP1314_IPHONE6SF_id0_s0_150.png,1,VALID,80.25,-53.90625,-56.71875,134.09793,LCC-FASD external-dev / cross-domain stress set,True
FT720P_MBP1314_IPHONE6SF_id0_s1_15.png,1,VALID,92.9375,-63.15625,-64.75,155.9088,LCC-FASD external-dev / cross-domain stress set,True
FT720P_MBP1314_IPHONE6SF_id0_s1_30.png,1,VALID,79.25,-54.03125,-55.21875,133.01506,LCC-FASD external-dev / cross-domain stress set,True
FT720P_MBP1314_IPHONE6SF_id0_s1_45.png,1,VALID,80.6875,-54.84375,-56.375,135.33546,LCC-FASD external-dev / cross-domain stress set,True
FT720P_MBP1314_IPHONE6SF_id0_s1_60.png,1,VALID,70.4375,-47.8125,-49.5,118.08028,LCC-FASD external-dev / cross-domain stress set,True
FT720P_MBP1314_IPHONE6SF_id0_s1_75.png,1,VALID,82.4375,-55.625,-57.90625,137.96524,LCC-FASD external-dev / cross-domain stress set,True
FT720P_MBP1314_IPHONE6SF_id0_s1_90.png,1,VALID,71.6875,-48.3125,-50.5625,119.899796,LCC-FASD external-dev / cross-domain stress set,True
FT720P_MBP1314_IPHONE6SF_id0_s1_105.png,1,VALID,67.625,-45.96875,-47.5625,113.4088,LCC-FASD external-dev / cross-domain stress set,True
FT720P_MBP1314_IPHONE6SF_id0_s1_120.png,1,VALID,75.25,-51.125,-52.75,126.19525,LCC-FASD external-dev / cross-domain stress set,True
FT720P_MBP1314_IPHONE6SF_id0_s1_135.png,1,VALID,78.0625,-53.125,-54.59375,130.98032,LCC-FASD external-dev / cross-domain stress set,True
FT720P_MBP1314_IPHONE6SF_id0_s1_150.png,1,VALID,76.8125,-52.1875,-53.8125,128.82025,LCC-FASD external-dev / cross-domain stress set,True
FT720P_MBP1314_IPHONE6SF_id0_s2_15.png,1,VALID,-33.5,23.265625,20.421875,-56.8222,LCC-FASD external-dev / cross-domain stress set,False
FT720P_MBP1314_IPHONE6SF_id0_s2_105.png,1,VALID,38.90625,-25.703125,-28.765625,64.56367,LCC-FASD external-dev / cross-domain stress set,True
FT720P_MBP1314_IPHONE6SF_id0_s2_120.png,1,VALID,8.03125,-4.765625,-7.8984375,12.754204,LCC-FASD external-dev / cross-domain stress set,True
FT720P_MBP1314_IPHONE6SF_id0_s2_135.png,1,VALID,6.6445312,-3.6542969,-7.1054688,10.267612,LCC-FASD external-dev / cross-domain stress set,True
FT720P_MBP1314_IPHONE6SF_id0_s2_150.png,1,VALID,21.609375,-14.0078125,-17.046875,35.57042,LCC-FASD external-dev / cross-domain stress set,True
FT720P_MBP1314_IPHONE6F_id0_s0_30.png,1,VALID,66.4375,-45.0,-46.90625,111.29892,LCC-FASD external-dev / cross-domain stress set,True
FT720P_MBP1314_IPHONE6F_id0_s0_45.png,1,VALID,85.8125,-58.15625,-60.03125,143.82608,LCC-FASD external-dev / cross-domain stress set,True
FT720P_MBP1314_IPHONE6F_id0_s0_60.png,1,VALID,85.9375,-58.34375,-60.03125,144.11153,LCC-FASD external-dev / cross-domain stress set,True
FT720P_MBP1314_IPHONE6F_id0_s0_75.png,1,VALID,87.8125,-59.40625,-61.53125,147.10593,LCC-FASD external-dev / cross-domain stress set,True
FT720P_MBP1314_IPHONE6F_id0_s0_90.png,1,VALID,90.125,-61.21875,-62.875,151.16908,LCC-FASD external-dev / cross-domain stress set,True
FT720P_MBP1314_IPHONE6F_id0_s0_150.png,1,VALID,86.125,-58.5625,-60.15625,144.50255,LCC-FASD external-dev / cross-domain stress set,True
FT720P_MBP1314_IPHONE6F_id0_s1_15.png,1,VALID,96.375,-65.9375,-66.6875,161.92563,LCC-FASD external-dev / cross-domain stress set,True
FT720P_MBP1314_IPHONE6F_id0_s1_30.png,1,VALID,84.5625,-58.125,-58.46875,142.15154,LCC-FASD external-dev / cross-domain stress set,True
FT720P_MBP1314_IPHONE6F_id0_s1_45.png,1,VALID,78.5,-53.96875,-54.40625,131.97061,LCC-FASD external-dev / cross-domain stress set,True
FT720P_MBP1314_IPHONE6F_id0_s1_60.png,1,VALID,79.1875,-54.53125,-54.78125,133.1428,LCC-FASD external-dev / cross-domain stress set,True
FT720P_MBP1314_IPHONE6F_id0_s1_75.png,1,VALID,72.25,-49.75,-50.09375,121.464035,LCC-FASD external-dev / cross-domain stress set,True
FT720P_MBP1314_IPHONE6F_id0_s1_90.png,1,VALID,73.875,-51.09375,-51.0,124.22763,LCC-FASD external-dev / cross-domain stress set,True
FT720P_MBP1314_IPHONE6F_id0_s1_105.png,1,VALID,75.0625,-51.71875,-51.9375,126.19151,LCC-FASD external-dev / cross-domain stress set,True
FT720P_MBP1314_IPHONE6F_id0_s1_120.png,1,VALID,70.0,-48.34375,-48.53125,117.73996,LCC-FASD external-dev / cross-domain stress set,True
FT720P_MBP1314_IPHONE6F_id0_s1_135.png,1,VALID,69.875,-48.125,-48.53125,117.48949,LCC-FASD external-dev / cross-domain stress set,True
FT720P_MBP1314_IPHONE6F_id0_s1_150.png,1,VALID,66.25,-45.78125,-45.90625,111.39865,LCC-FASD external-dev / cross-domain stress set,True
FT720P_MBP1314_IPHONE6F_id0_s2_15.png,1,VALID,-26.375,18.46875,15.453125,-44.8916,LCC-FASD external-dev / cross-domain stress set,False
FT720P_MBP1314_IPHONE6F_id0_s2_30.png,1,VALID,-14.4921875,10.5,7.3710938,-25.035023,LCC-FASD external-dev / cross-domain stress set,False
FT720P_MBP1314_IPHONE6F_id0_s2_45.png,1,VALID,-3.6660156,3.1132812,0.0736084,-6.826038,LCC-FASD external-dev / cross-domain stress set,False
FT720P_MBP1314_IPHONE6F_id0_s2_60.png,1,VALID,-9.5078125,7.3789062,3.6835938,-16.911255,LCC-FASD external-dev / cross-domain stress set,False
FT720P_MBP1314_IPHONE6F_id0_s2_75.png,1,VALID,4.3984375,-2.3339844,-5.4492188,6.6890097,LCC-FASD external-dev / cross-domain stress set,False
FT720P_MBP1314_IPHONE6F_id0_s2_90.png,1,VALID,-0.66064453,1.2353516,-2.1816406,-1.9282802,LCC-FASD external-dev / cross-domain stress set,False
FT720P_MBP1314_IPHONE6F_id0_s2_105.png,1,VALID,15.1875,-9.6640625,-12.671875,24.803345,LCC-FASD external-dev / cross-domain stress set,True
FT720P_MBP1314_IPHONE6F_id0_s2_120.png,1,VALID,12.953125,-8.234375,-11.125,21.133446,LCC-FASD external-dev / cross-domain stress set,True
FT720P_MBP1314_IPHONE6F_id0_s2_135.png,1,VALID,3.9882812,-2.0664062,-5.1484375,6.009842,LCC-FASD external-dev / cross-domain stress set,False
FT720P_MBP1314_IPHONE6F_id0_s2_150.png,1,VALID,3.0195312,-1.3740234,-4.5195312,4.3514104,LCC-FASD external-dev / cross-domain stress set,False
FT720P_MBP1314_IPHONE6F_id0_s3_15.png,1,VALID,-48.09375,34.4375,29.03125,-82.53573,LCC-FASD external-dev / cross-domain stress set,False
FT720P_MBP1314_IPHONE6F_id0_s3_30.png,1,VALID,-34.5625,25.125,19.96875,-59.693245,LCC-FASD external-dev / cross-domain stress set,False
FT720P_MBP1314_IPHONE6F_id0_s3_45.png,1,VALID,-40.21875,28.859375,23.84375,-69.08473,LCC-FASD external-dev / cross-domain stress set,False
FT720P_MBP1314_IPHONE6F_id0_s3_60.png,1,VALID,-24.90625,18.484375,13.5234375,-43.397606,LCC-FASD external-dev / cross-domain stress set,False
FT720P_MBP1314_IPHONE6F_id0_s3_75.png,1,VALID,-33.875,24.140625,19.96875,-58.03093,LCC-FASD external-dev / cross-domain stress set,False
FT720P_MBP1314_IPHONE6F_id0_s3_90.png,1,VALID,-41.78125,29.953125,24.96875,-71.741196,LCC-FASD external-dev / cross-domain stress set,False
FT720P_MBP1314_IPHONE6F_id0_s3_105.png,1,VALID,-29.5,21.515625,16.640625,-51.02323,LCC-FASD external-dev / cross-domain stress set,False
FT720P_MBP1314_IPHONE6F_id0_s3_120.png,1,VALID,-33.71875,24.3125,19.640625,-58.04056,LCC-FASD external-dev / cross-domain stress set,False
FT720P_MBP1314_IPHONE6F_id0_s3_135.png,1,VALID,-36.375,26.265625,21.1875,-62.646835,LCC-FASD external-dev / cross-domain stress set,False
FT720P_MBP1314_IPHONE6F_id0_s3_150.png,1,VALID,-42.03125,30.25,24.890625,-72.28594,LCC-FASD external-dev / cross-domain stress set,False
FT720P_MBP1314_IPHONE6F_id12_s0_15.png,1,VALID,-104.75,72.5,67.6875,-177.25809,LCC-FASD external-dev / cross-domain stress set,False
FT720P_MBP1314_IPHONE6F_id12_s0_30.png,1,VALID,-100.125,69.0625,65.0,-169.20456,LCC-FASD external-dev / cross-domain stress set,False
FT720P_MBP1314_IPHONE6F_id12_s0_45.png,1,VALID,-94.875,65.75,61.15625,-160.63507,LCC-FASD external-dev / cross-domain stress set,False
FT720P_MBP1314_IPHONE6F_id12_s0_60.png,1,VALID,-98.4375,68.0,63.71875,-166.45123,LCC-FASD external-dev / cross-domain stress set,False
FT720P_MBP1314_IPHONE6F_id12_s0_75.png,1,VALID,-87.9375,61.1875,56.21875,-149.13193,LCC-FASD external-dev / cross-domain stress set,False
FT720P_MBP1314_IPHONE6F_id12_s0_90.png,1,VALID,-90.75,62.65625,58.59375,-153.42331,LCC-FASD external-dev / cross-domain stress set,False
FT720P_MBP1314_IPHONE6F_id12_s0_105.png,1,VALID,-72.1875,50.46875,45.5,-122.66318,LCC-FASD external-dev / cross-domain stress set,False
FT720P_MBP1314_IPHONE6F_id12_s0_120.png,1,VALID,-88.8125,61.125,57.5625,-149.96547,LCC-FASD external-dev / cross-domain stress set,False
FT720P_MBP1314_IPHONE6F_id12_s0_135.png,1,VALID,-68.625,47.59375,43.65625,-116.23806,LCC-FASD external-dev / cross-domain stress set,False
FT720P_MBP1314_IPHONE6F_id12_s0_150.png,1,VALID,-75.8125,52.09375,48.875,-127.94548,LCC-FASD external-dev / cross-domain stress set,False
FT720P_MBP1314_IPHONE6F_id12_s1_15.png,1,VALID,-62.53125,43.15625,39.84375,-105.72328,LCC-FASD external-dev / cross-domain stress set,False
FT720P_MBP1314_IPHONE6F_id12_s1_30.png,1,VALID,-72.875,50.28125,46.6875,-123.18337,LCC-FASD external-dev / cross-domain stress set,False
FT720P_MBP1314_IPHONE6F_id12_s1_45.png,1,VALID,-49.71875,34.53125,31.0625,-84.280685,LCC-FASD external-dev / cross-domain stress set,False
FT720P_MBP1314_IPHONE6F_id12_s1_60.png,1,VALID,-54.625,38.28125,33.96875,-92.919556,LCC-FASD external-dev / cross-domain stress set,False
FT720P_MBP1314_IPHONE6F_id12_s1_75.png,1,VALID,-50.53125,35.46875,31.171875,-86.01352,LCC-FASD external-dev / cross-domain stress set,False
FT720P_MBP1314_IPHONE6F_id12_s1_90.png,1,VALID,-61.78125,42.90625,39.0625,-104.70869,LCC-FASD external-dev / cross-domain stress set,False
FT720P_MBP1314_IPHONE6F_id12_s1_105.png,1,VALID,-72.125,50.0625,45.84375,-122.20211,LCC-FASD external-dev / cross-domain stress set,False
FT720P_MBP1314_IPHONE6F_id12_s1_120.png,1,VALID,-60.875,42.59375,38.1875,-103.48088,LCC-FASD external-dev / cross-domain stress set,False
FT720P_MBP1314_IPHONE6F_id12_s1_135.png,1,VALID,-69.75,48.875,43.84375,-118.63151,LCC-FASD external-dev / cross-domain stress set,False
FT720P_MBP1314_IPHONE6F_id12_s1_150.png,1,VALID,-80.5625,56.34375,51.03125,-136.91116,LCC-FASD external-dev / cross-domain stress set,False
FT720P_MBP1314_IPHONE6F_id12_s2_105.png,1,VALID,-90.9375,63.0,58.5,-153.94855,LCC-FASD external-dev / cross-domain stress set,False
FT720P_I2269VWM_DOOX30_id5_s0_30.png,1,VALID,17.984375,-11.203125,-14.71875,29.158203,LCC-FASD external-dev / cross-domain stress set,True
FT720P_I2269VWM_DOOX30_id5_s0_45.png,1,VALID,81.9375,-55.8125,-57.0625,137.49808,LCC-FASD external-dev / cross-domain stress set,True
FT720P_I2269VWM_DOOX30_id5_s0_60.png,1,VALID,93.0,-63.3125,-64.5,156.04631,LCC-FASD external-dev / cross-domain stress set,True
FT720P_I2269VWM_DOOX30_id5_s0_75.png,1,VALID,83.4375,-56.5,-58.25,139.77728,LCC-FASD external-dev / cross-domain stress set,True
FT720P_I2269VWM_DOOX30_id5_s0_90.png,1,VALID,84.5625,-57.59375,-58.78125,141.89006,LCC-FASD external-dev / cross-domain stress set,True
FT720P_I2269VWM_DOOX30_id9_s0_15.png,1,VALID,-6.5351562,4.4414062,2.7675781,-11.148436,LCC-FASD external-dev / cross-domain stress set,False
FT720P_I2269VWM_DOOX30_id9_s0_30.png,1,VALID,3.0449219,-2.5039062,-3.3476562,5.1910877,LCC-FASD external-dev / cross-domain stress set,False
FT720P_I2269VWM_DOOX30_id9_s0_45.png,1,VALID,5.1953125,-3.8027344,-5.0039062,8.735035,LCC-FASD external-dev / cross-domain stress set,True
FT720P_I2269VWM_DOOX30_id9_s0_60.png,1,VALID,17.6875,-12.40625,-13.34375,29.76329,LCC-FASD external-dev / cross-domain stress set,True
FT720P_I2269VWM_DOOX30_id9_s0_75.png,1,VALID,20.15625,-14.0234375,-15.0859375,33.882854,LCC-FASD external-dev / cross-domain stress set,True
FT720P_I2269VWM_DOOX30_id9_s0_90.png,1,VALID,17.84375,-12.4609375,-13.484375,29.997675,LCC-FASD external-dev / cross-domain stress set,True
FT720P_I2269VWM_DOOX30_id9_s0_105.png,1,VALID,19.484375,-13.84375,-14.3203125,32.845135,LCC-FASD external-dev / cross-domain stress set,True
FT720P_I2269VWM_DOOX30_id9_s0_120.png,1,VALID,12.859375,-8.984375,-10.15625,21.573887,LCC-FASD external-dev / cross-domain stress set,True
FT720P_I2269VWM_DOOX30_id9_s0_135.png,1,VALID,11.5859375,-8.8203125,-8.65625,19.62771,LCC-FASD external-dev / cross-domain stress set,True
FT720P_I2269VWM_DOOX30_id9_s0_150.png,1,VALID,13.9375,-9.8203125,-10.8203125,23.44455,LCC-FASD external-dev / cross-domain stress set,True
FT720P_IIYAMAGB_IPHONE5SB_id0_s0_15.png,1,VALID,51.46875,-35.0625,-36.65625,86.3463,LCC-FASD external-dev / cross-domain stress set,True
FT720P_IIYAMAGB_IPHONE5SB_id0_s0_30.png,1,VALID,68.6875,-46.8125,-48.25,115.28689,LCC-FASD external-dev / cross-domain stress set,True
FT720P_IIYAMAGB_IPHONE5SB_id0_s0_45.png,1,VALID,67.5625,-46.28125,-47.28125,113.53049,LCC-FASD external-dev / cross-domain stress set,True
FT720P_IIYAMAGB_IPHONE5SB_id0_s0_60.png,1,VALID,60.21875,-41.1875,-42.46875,101.161194,LCC-FASD external-dev / cross-domain stress set,True
FT720P_IIYAMAGB_IPHONE5SB_id0_s0_75.png,1,VALID,68.875,-47.125,-48.28125,115.72642,LCC-FASD external-dev / cross-domain stress set,True
FT720P_IIYAMAGB_IPHONE5SB_id0_s0_90.png,1,VALID,67.125,-46.09375,-46.96875,112.8703,LCC-FASD external-dev / cross-domain stress set,True
FT720P_IIYAMAGB_IPHONE5SB_id0_s0_105.png,1,VALID,57.6875,-39.75,-40.4375,97.03015,LCC-FASD external-dev / cross-domain stress set,True
FT720P_IIYAMAGB_IPHONE5SB_id0_s0_120.png,1,VALID,69.125,-47.21875,-48.5,116.098694,LCC-FASD external-dev / cross-domain stress set,True
FT720P_IIYAMAGB_IPHONE5SB_id0_s0_135.png,1,VALID,72.0,-49.34375,-50.21875,120.9953,LCC-FASD external-dev / cross-domain stress set,True
FT720P_IIYAMAGB_IPHONE5SB_id0_s0_150.png,1,VALID,70.75,-48.71875,-49.25,119.006355,LCC-FASD external-dev / cross-domain stress set,True
FT720P_IIYAMAGB_IPHONE5SB_id5_s0_15.png,1,VALID,-1.59375,1.1738281,-0.70166016,-2.9101882,LCC-FASD external-dev / cross-domain stress set,False
FT720P_IIYAMAGB_IPHONE5SB_id5_s0_30.png,1,VALID,-8.6640625,6.2070312,3.8261719,-14.959536,LCC-FASD external-dev / cross-domain stress set,False
FT720P_IIYAMAGB_IPHONE5SB_id5_s0_45.png,1,VALID,-12.015625,8.6015625,5.921875,-20.683521,LCC-FASD external-dev / cross-domain stress set,False
FT720P_IIYAMAGB_IPHONE5SB_id5_s0_60.png,1,VALID,-10.390625,7.15625,5.1992188,-17.679024,LCC-FASD external-dev / cross-domain stress set,False
FT720P_IIYAMAGB_IPHONE5SB_id5_s0_75.png,1,VALID,-3.0449219,2.4003906,0.028274536,-5.5344977,LCC-FASD external-dev / cross-domain stress set,False
FT720P_IIYAMAGB_IPHONE5SB_id5_s0_90.png,1,VALID,24.53125,-16.640625,-18.3125,40.999695,LCC-FASD external-dev / cross-domain stress set,True
FT720P_IIYAMAGB_IPHONE5SB_id5_s0_105.png,1,VALID,-9.4609375,6.84375,4.2265625,-16.375153,LCC-FASD external-dev / cross-domain stress set,False
FT720P_IIYAMAGB_IPHONE5SB_id5_s0_120.png,1,VALID,-7.2734375,5.1132812,2.9804688,-12.498711,LCC-FASD external-dev / cross-domain stress set,False
FT720P_IIYAMAGB_IPHONE5SB_id5_s0_135.png,1,VALID,-10.0703125,7.1484375,4.7734375,-17.30769,LCC-FASD external-dev / cross-domain stress set,False
FT720P_IIYAMAGB_IPHONE5SB_id5_s0_150.png,1,VALID,-2.2910156,1.6933594,-0.33642578,-4.1077986,LCC-FASD external-dev / cross-domain stress set,False
FT720P_IIYAMAGB_IPHONE5SB_id9_s0_15.png,1,VALID,-2.0371094,1.5380859,-0.50927734,-3.6965938,LCC-FASD external-dev / cross-domain stress set,False
FT720P_IIYAMAGB_IPHONE5SB_id9_s0_30.png,1,VALID,-6.9296875,4.9882812,2.6679688,-12.011681,LCC-FASD external-dev / cross-domain stress set,False
FT720P_IIYAMAGB_IPHONE5SB_id9_s0_45.png,1,VALID,-15.546875,11.2734375,8.015625,-26.858063,LCC-FASD external-dev / cross-domain stress set,False
FT720P_IIYAMAGB_IPHONE5SB_id9_s0_60.png,1,VALID,-20.8125,14.8828125,11.546875,-35.730274,LCC-FASD external-dev / cross-domain stress set,False
FT720P_IIYAMAGB_IPHONE5SB_id9_s0_75.png,1,VALID,-13.328125,9.671875,6.609375,-23.04571,LCC-FASD external-dev / cross-domain stress set,False
FT720P_IIYAMAGB_IPHONE5SB_id9_s0_90.png,1,VALID,-19.046875,13.8515625,10.0703125,-32.920975,LCC-FASD external-dev / cross-domain stress set,False
FT720P_IIYAMAGB_IPHONE5SB_id9_s0_105.png,1,VALID,-15.03125,10.7734375,7.8515625,-25.85712,LCC-FASD external-dev / cross-domain stress set,False
FT720P_IIYAMAGB_IPHONE5SB_id9_s0_120.png,1,VALID,-9.5234375,7.0234375,4.0664062,-16.597542,LCC-FASD external-dev / cross-domain stress set,False
FT720P_IIYAMAGB_IPHONE5SB_id9_s0_135.png,1,VALID,-17.1875,12.3515625,9.09375,-29.576813,LCC-FASD external-dev / cross-domain stress set,False
FT720P_IIYAMAGB_IPHONE5SB_id9_s0_150.png,1,VALID,-8.734375,6.2148438,3.8242188,-15.036839,LCC-FASD external-dev / cross-domain stress set,False
FT720P_MBP1314_IPHONE6F_id0_s0_15.png,1,VALID,98.5625,-66.9375,-68.5625,165.32025,LCC-FASD external-dev / cross-domain stress set,True
FT720P_MBP1314_IPHONE6F_id0_s0_105.png,1,VALID,86.6875,-58.78125,-60.625,145.32187,LCC-FASD external-dev / cross-domain stress set,True
FT720P_MBP1314_IPHONE6F_id0_s0_120.png,1,VALID,79.9375,-53.9375,-56.21875,133.77774,LCC-FASD external-dev / cross-domain stress set,True
FT720P_MBP1314_IPHONE6F_id0_s0_135.png,1,VALID,85.25,-57.84375,-59.625,142.9381,LCC-FASD external-dev / cross-domain stress set,True
FT720P_I2269VWM_DOOX30_id0_s1_60.png,1,VALID,49.53125,-34.5,-34.59375,83.38388,LCC-FASD external-dev / cross-domain stress set,True
FT720P_I2269VWM_DOOX30_id0_s1_75.png,1,VALID,62.15625,-43.1875,-43.09375,104.60263,LCC-FASD external-dev / cross-domain stress set,True
FT720P_I2269VWM_DOOX30_id0_s1_90.png,1,VALID,44.9375,-31.3125,-31.578125,75.68087,LCC-FASD external-dev / cross-domain stress set,True
FT720P_I2269VWM_DOOX30_id0_s2_15.png,1,VALID,-22.90625,16.15625,13.0,-39.104202,LCC-FASD external-dev / cross-domain stress set,False
FT720P_I2269VWM_DOOX30_id0_s2_30.png,1,VALID,-16.453125,11.6796875,8.7265625,-28.183674,LCC-FASD external-dev / cross-domain stress set,False
FT720P_I2269VWM_DOOX30_id0_s2_45.png,1,VALID,12.1875,-9.0078125,-9.28125,20.629566,LCC-FASD external-dev / cross-domain stress set,True
FT720P_I2269VWM_DOOX30_id0_s2_60.png,1,VALID,9.171875,-6.7382812,-7.546875,15.541712,LCC-FASD external-dev / cross-domain stress set,True
FT720P_I2269VWM_DOOX30_id0_s2_75.png,1,VALID,39.1875,-26.921875,-28.140625,65.8504,LCC-FASD external-dev / cross-domain stress set,True
FT720P_I2269VWM_DOOX30_id0_s2_90.png,1,VALID,70.0625,-48.40625,-48.53125,117.83615,LCC-FASD external-dev / cross-domain stress set,True
FT720P_I2269VWM_DOOX30_id0_s2_105.png,1,VALID,17.296875,-12.2734375,-13.0,29.175861,LCC-FASD external-dev / cross-domain stress set,True
FT720P_I2269VWM_DOOX30_id0_s2_120.png,1,VALID,18.359375,-12.5625,-14.1953125,30.743412,LCC-FASD external-dev / cross-domain stress set,True
FT720P_I2269VWM_DOOX30_id0_s2_135.png,1,VALID,12.2890625,-8.4765625,-10.0546875,20.578016,LCC-FASD external-dev / cross-domain stress set,True
FT720P_I2269VWM_DOOX30_id0_s2_150.png,1,VALID,49.46875,-34.375,-34.59375,83.25401,LCC-FASD external-dev / cross-domain stress set,True
FT720P_I2269VWM_DOOX30_id0_s3_15.png,1,VALID,-68.0625,48.40625,41.8125,-116.47012,LCC-FASD external-dev / cross-domain stress set,False
FT720P_I2269VWM_DOOX30_id0_s3_42.png,1,VALID,-55.25,39.125,33.75,-94.37962,LCC-FASD external-dev / cross-domain stress set,False
FT720P_I2269VWM_DOOX30_id0_s3_59.png,1,VALID,-65.5,46.03125,40.875,-111.536995,LCC-FASD external-dev / cross-domain stress set,False
FT720P_I2269VWM_DOOX30_id0_s3_89.png,1,VALID,-51.90625,36.59375,31.90625,-88.50917,LCC-FASD external-dev / cross-domain stress set,False
FT720P_I2269VWM_DOOX30_id0_s3_123.png,1,VALID,-60.0625,42.3125,37.03125,-102.38007,LCC-FASD external-dev / cross-domain stress set,False
FT720P_I2269VWM_DOOX30_id0_s3_140.png,1,VALID,-62.4375,44.09375,38.5,-106.534966,LCC-FASD external-dev / cross-domain stress set,False
FT720P_I2269VWM_DOOX30_id0_s3_155.png,1,VALID,-52.96875,36.96875,32.78125,-89.952576,LCC-FASD external-dev / cross-domain stress set,False
FT720P_I2269VWM_DOOX30_id0_s3_170.png,1,VALID,-61.90625,43.25,38.71875,-105.16696,LCC-FASD external-dev / cross-domain stress set,False
FT720P_I2269VWM_DOOX30_id5_s0_15.png,1,VALID,40.65625,-26.9375,-29.8125,67.538864,LCC-FASD external-dev / cross-domain stress set,True
FT720P_I2269VWM_DOOX30_id5_s0_105.png,1,VALID,89.5,-60.90625,-62.15625,150.15433,LCC-FASD external-dev / cross-domain stress set,True
FT720P_I2269VWM_DOOX30_id5_s0_120.png,1,VALID,71.9375,-48.75,-50.46875,120.52258,LCC-FASD external-dev / cross-domain stress set,True
FT720P_I2269VWM_DOOX30_id5_s0_135.png,1,VALID,73.375,-49.875,-51.34375,123.042816,LCC-FASD external-dev / cross-domain stress set,True
FT720P_I2269VWM_DOOX30_id5_s0_150.png,1,VALID,87.5,-59.40625,-60.96875,146.71594,LCC-FASD external-dev / cross-domain stress set,True
FT720P_I2269VWM_DOOX30_id12_s0_15.png,1,VALID,48.375,-34.5,-32.71875,80.938095,LCC-FASD external-dev / cross-domain stress set,True
FT720P_I2269VWM_DOOX30_id12_s0_30.png,1,VALID,77.0625,-53.84375,-52.34375,129.20483,LCC-FASD external-dev / cross-domain stress set,True
FT720P_I2269VWM_DOOX30_id12_s0_45.png,1,VALID,70.1875,-49.5,-47.46875,117.533,LCC-FASD external-dev / cross-domain stress set,True
FT720P_I2269VWM_DOOX30_id12_s0_60.png,1,VALID,49.8125,-35.65625,-33.59375,83.286575,LCC-FASD external-dev / cross-domain stress set,True
FT720P_I2269VWM_DOOX30_id12_s0_75.png,1,VALID,63.25,-44.53125,-42.9375,106.00255,LCC-FASD external-dev / cross-domain stress set,True
FT720P_I2269VWM_DOOX30_id12_s0_90.png,1,VALID,21.0625,-16.59375,-13.671875,34.681942,LCC-FASD external-dev / cross-domain stress set,True
FT720P_I2269VWM_DOOX30_id12_s0_105.png,1,VALID,55.125,-39.03125,-37.4375,92.37755,LCC-FASD external-dev / cross-domain stress set,True
FT720P_I2269VWM_DOOX30_id12_s0_120.png,1,VALID,78.4375,-54.59375,-53.59375,131.71799,LCC-FASD external-dev / cross-domain stress set,True
FT720P_I2269VWM_DOOX30_id12_s0_135.png,1,VALID,79.0625,-55.15625,-53.875,132.69244,LCC-FASD external-dev / cross-domain stress set,True
FT720P_I2269VWM_DOOX30_id12_s0_150.png,1,VALID,58.03125,-41.21875,-39.1875,97.0955,LCC-FASD external-dev / cross-domain stress set,True
FT720P_I2269VWM_DOOX30_id12_s1_15.png,1,VALID,25.59375,-19.09375,-17.390625,42.81707,LCC-FASD external-dev / cross-domain stress set,True
FT720P_I2269VWM_DOOX30_id12_s1_30.png,1,VALID,19.375,-14.953125,-12.9921875,32.235523,LCC-FASD external-dev / cross-domain stress set,True
FT720P_I2269VWM_DOOX30_id12_s1_45.png,1,VALID,19.765625,-15.2265625,-13.2734375,32.90643,LCC-FASD external-dev / cross-domain stress set,True
FT720P_I2269VWM_DOOX30_id12_s1_60.png,1,VALID,8.2265625,-7.6210938,-5.2695312,13.405138,LCC-FASD external-dev / cross-domain stress set,True
FT720P_I2269VWM_DOOX30_id12_s1_75.png,1,VALID,50.28125,-35.84375,-34.21875,84.32025,LCC-FASD external-dev / cross-domain stress set,True
FT720P_I2269VWM_DOOX30_id12_s1_90.png,1,VALID,55.6875,-39.40625,-37.9375,93.417816,LCC-FASD external-dev / cross-domain stress set,True
FT720P_I2269VWM_DOOX30_id12_s1_105.png,1,VALID,27.140625,-20.15625,-18.40625,45.38665,LCC-FASD external-dev / cross-domain stress set,True
FT720P_I2269VWM_DOOX30_id12_s1_120.png,1,VALID,51.40625,-36.5625,-34.96875,86.19005,LCC-FASD external-dev / cross-domain stress set,True
FT720P_I2269VWM_DOOX30_id12_s1_135.png,1,VALID,48.25,-34.46875,-32.8125,80.88783,LCC-FASD external-dev / cross-domain stress set,True
FT720P_I2269VWM_DOOX30_id12_s1_150.png,1,VALID,20.859375,-15.96875,-14.1328125,34.84423,LCC-FASD external-dev / cross-domain stress set,True
FT720P_I2269VWM_DOOX30_id12_s2_15.png,1,VALID,32.6875,-23.15625,-22.875,55.000122,LCC-FASD external-dev / cross-domain stress set,True
FT720P_I2269VWM_DOOX30_id12_s2_30.png,1,VALID,69.875,-48.9375,-47.625,117.26166,LCC-FASD external-dev / cross-domain stress set,True
FT720P_I2269VWM_DOOX30_id12_s2_45.png,1,VALID,87.5,-60.59375,-59.8125,146.93555,LCC-FASD external-dev / cross-domain stress set,True
FT720P_I2269VWM_DOOX30_id12_s2_60.png,1,VALID,94.25,-64.8125,-64.75,158.33762,LCC-FASD external-dev / cross-domain stress set,True
FT720P_I2269VWM_DOOX30_id12_s2_75.png,1,VALID,80.25,-55.5625,-54.9375,134.7588,LCC-FASD external-dev / cross-domain stress set,True
FT720P_I2269VWM_DOOX30_id12_s2_90.png,1,VALID,82.1875,-57.0625,-56.125,137.98204,LCC-FASD external-dev / cross-domain stress set,True
FT720P_I2269VWM_DOOX30_id12_s2_105.png,1,VALID,85.0625,-58.96875,-58.09375,142.8078,LCC-FASD external-dev / cross-domain stress set,True
FT720P_I2269VWM_DOOX30_id12_s2_120.png,1,VALID,67.1875,-47.1875,-45.5625,112.57025,LCC-FASD external-dev / cross-domain stress set,True
FT720P_I2269VWM_DOOX30_id12_s2_135.png,1,VALID,87.5,-60.59375,-59.78125,146.914,LCC-FASD external-dev / cross-domain stress set,True
FT720P_I2269VWM_DOOX30_id12_s2_150.png,1,VALID,83.8125,-58.09375,-57.3125,140.74805,LCC-FASD external-dev / cross-domain stress set,True
FT720P_G780_REDMI4X_id5_s0_15.png,1,VALID,-45.5625,31.359375,28.65625,-76.986725,LCC-FASD external-dev / cross-domain stress set,False
FT720P_G780_REDMI4X_id5_s0_30.png,1,VALID,-45.40625,31.171875,28.625,-76.653534,LCC-FASD external-dev / cross-domain stress set,False
FT720P_G780_REDMI4X_id5_s0_45.png,1,VALID,-39.40625,26.984375,24.71875,-66.48935,LCC-FASD external-dev / cross-domain stress set,False
FT720P_G780_REDMI4X_id5_s0_60.png,1,VALID,-39.78125,27.296875,24.984375,-67.17254,LCC-FASD external-dev / cross-domain stress set,False
FT720P_G780_REDMI4X_id5_s0_75.png,1,VALID,-46.625,31.71875,29.8125,-78.48233,LCC-FASD external-dev / cross-domain stress set,False
FT720P_G780_REDMI4X_id5_s0_90.png,1,VALID,-60.0,41.15625,38.4375,-101.22012,LCC-FASD external-dev / cross-domain stress set,False
FT720P_G780_REDMI4X_id5_s0_105.png,1,VALID,-29.9375,20.8125,18.0625,-50.811966,LCC-FASD external-dev / cross-domain stress set,False
FT720P_G780_REDMI4X_id5_s0_120.png,1,VALID,-36.03125,24.921875,22.203125,-61.017,LCC-FASD external-dev / cross-domain stress set,False
FT720P_G780_REDMI4X_id5_s0_135.png,1,VALID,-26.625,18.484375,15.9296875,-45.18422,LCC-FASD external-dev / cross-domain stress set,False
FT720P_G780_REDMI4X_id5_s0_150.png,1,VALID,-27.84375,19.265625,16.78125,-47.18946,LCC-FASD external-dev / cross-domain stress set,False
FT720P_G780_REDMI4X_id9_s0_15.png,1,VALID,-47.25,30.625,31.78125,-79.30483,LCC-FASD external-dev / cross-domain stress set,False
FT720P_G780_REDMI4X_id9_s0_30.png,1,VALID,-37.875,24.421875,25.203125,-63.45508,LCC-FASD external-dev / cross-domain stress set,False
FT720P_G780_REDMI4X_id9_s0_45.png,1,VALID,-45.03125,29.453125,29.90625,-75.429535,LCC-FASD external-dev / cross-domain stress set,False
FT720P_G780_REDMI4X_id9_s0_60.png,1,VALID,-48.78125,31.40625,32.96875,-81.9403,LCC-FASD external-dev / cross-domain stress set,False
FT720P_G780_REDMI4X_id9_s0_75.png,1,VALID,-37.78125,24.234375,25.234375,-63.328888,LCC-FASD external-dev / cross-domain stress set,False
FT720P_G780_REDMI4X_id9_s0_90.png,1,VALID,-44.75,29.3125,29.609375,-74.91506,LCC-FASD external-dev / cross-domain stress set,False
FT720P_G780_REDMI4X_id9_s0_105.png,1,VALID,-39.40625,25.609375,26.078125,-65.97037,LCC-FASD external-dev / cross-domain stress set,False
FT720P_G780_REDMI4X_id9_s0_120.png,1,VALID,-40.90625,26.921875,26.859375,-68.49051,LCC-FASD external-dev / cross-domain stress set,False
FT720P_G780_REDMI4X_id9_s0_135.png,1,VALID,-39.625,26.171875,25.859375,-66.34593,LCC-FASD external-dev / cross-domain stress set,False
FT720P_G780_REDMI4X_id9_s0_150.png,1,VALID,-32.5,20.53125,21.859375,-54.59443,LCC-FASD external-dev / cross-domain stress set,False
FT720P_G780_REDMI4X_id12_s1_15.png,1,VALID,26.515625,-17.859375,-19.78125,44.238434,LCC-FASD external-dev / cross-domain stress set,True
FT720P_G780_REDMI4X_id12_s1_30.png,1,VALID,37.65625,-25.359375,-27.421875,62.895943,LCC-FASD external-dev / cross-domain stress set,True
FT720P_G780_REDMI4X_id12_s1_45.png,1,VALID,25.453125,-16.921875,-19.296875,42.28606,LCC-FASD external-dev / cross-domain stress set,True
FT720P_G780_REDMI4X_id12_s1_60.png,1,VALID,34.03125,-22.71875,-25.09375,56.66106,LCC-FASD external-dev / cross-domain stress set,True
FT720P_G780_REDMI4X_id12_s1_75.png,1,VALID,81.8125,-55.9375,-56.875,137.41954,LCC-FASD external-dev / cross-domain stress set,True
FT720P_G780_REDMI4X_id12_s1_90.png,1,VALID,89.5625,-61.34375,-61.96875,150.47755,LCC-FASD external-dev / cross-domain stress set,True
FT720P_G780_REDMI4X_id12_s1_120.png,1,VALID,30.8125,-20.96875,-22.578125,51.59892,LCC-FASD external-dev / cross-domain stress set,True
FT720P_G780_REDMI4X_id12_s1_135.png,1,VALID,49.46875,-33.6875,-35.15625,82.949066,LCC-FASD external-dev / cross-domain stress set,True
FT720P_G780_REDMI4X_id12_s1_150.png,1,VALID,38.46875,-26.1875,-27.703125,64.45767,LCC-FASD external-dev / cross-domain stress set,True
FT720P_G780_REDMI4X_id12_s2_15.png,1,VALID,-31.015625,21.859375,18.296875,-52.902973,LCC-FASD external-dev / cross-domain stress set,False
FT720P_G780_REDMI4X_id12_s2_30.png,1,VALID,-27.96875,19.78125,16.28125,-47.77975,LCC-FASD external-dev / cross-domain stress set,False
FT720P_G780_REDMI4X_id12_s2_45.png,1,VALID,-28.203125,20.09375,16.28125,-48.318726,LCC-FASD external-dev / cross-domain stress set,False
FT720P_G780_REDMI4X_id12_s2_60.png,1,VALID,-28.359375,20.171875,16.46875,-48.555595,LCC-FASD external-dev / cross-domain stress set,False
FT720P_G780_REDMI4X_id12_s2_75.png,1,VALID,-23.515625,16.671875,13.375,-40.22383,LCC-FASD external-dev / cross-domain stress set,False
FT720P_G780_REDMI4X_id12_s2_90.png,1,VALID,-28.75,20.546875,16.546875,-49.315025,LCC-FASD external-dev / cross-domain stress set,False
FT720P_G780_REDMI4X_id12_s2_105.png,1,VALID,-23.390625,16.703125,13.1640625,-40.122375,LCC-FASD external-dev / cross-domain stress set,False
FT720P_G780_REDMI4X_id12_s2_120.png,1,VALID,-40.0,27.609375,24.78125,-67.66682,LCC-FASD external-dev / cross-domain stress set,False
FT720P_G780_REDMI4X_id12_s2_135.png,1,VALID,-37.0625,26.125,22.265625,-63.208363,LCC-FASD external-dev / cross-domain stress set,False
FT720P_G780_REDMI4X_id12_s2_150.png,1,VALID,-19.890625,14.5078125,10.6640625,-34.419624,LCC-FASD external-dev / cross-domain stress set,False
FT720P_I2269VWM_DOOX30_id0_s0_15.png,1,VALID,33.5625,-22.0625,-25.234375,55.58393,LCC-FASD external-dev / cross-domain stress set,True
FT720P_I2269VWM_DOOX30_id0_s0_30.png,1,VALID,60.1875,-40.9375,-42.59375,100.95033,LCC-FASD external-dev / cross-domain stress set,True
FT720P_I2269VWM_DOOX30_id0_s0_45.png,1,VALID,56.375,-38.15625,-40.21875,94.411575,LCC-FASD external-dev / cross-domain stress set,True
FT720P_I2269VWM_DOOX30_id0_s0_60.png,1,VALID,63.5,-43.46875,-44.625,106.69517,LCC-FASD external-dev / cross-domain stress set,True
FT720P_I2269VWM_DOOX30_id0_s0_75.png,1,VALID,54.875,-37.9375,-38.34375,92.30199,LCC-FASD external-dev / cross-domain stress set,True
FT720P_I2269VWM_DOOX30_id0_s0_90.png,1,VALID,51.0625,-34.75,-36.40625,85.63783,LCC-FASD external-dev / cross-domain stress set,True
FT720P_I2269VWM_DOOX30_id0_s0_105.png,1,VALID,43.5625,-29.453125,-31.546875,72.89942,LCC-FASD external-dev / cross-domain stress set,True
FT720P_I2269VWM_DOOX30_id0_s0_120.png,1,VALID,24.96875,-17.0,-18.71875,41.803837,LCC-FASD external-dev / cross-domain stress set,True
FT720P_I2269VWM_DOOX30_id0_s0_135.png,1,VALID,37.53125,-25.453125,-27.3125,62.839607,LCC-FASD external-dev / cross-domain stress set,True
FT720P_I2269VWM_DOOX30_id0_s0_150.png,1,VALID,55.1875,-37.71875,-39.0625,92.67445,LCC-FASD external-dev / cross-domain stress set,True
FT720P_I2269VWM_DOOX30_id0_s1_15.png,1,VALID,42.5625,-29.296875,-30.265625,71.53761,LCC-FASD external-dev / cross-domain stress set,True
FT720P_I2269VWM_DOOX30_id0_s1_30.png,1,VALID,27.21875,-19.0,-19.671875,45.806145,LCC-FASD external-dev / cross-domain stress set,True
FT720P_I2269VWM_DOOX30_id0_s1_45.png,1,VALID,40.9375,-28.296875,-29.09375,68.862305,LCC-FASD external-dev / cross-domain stress set,True
FT720P_I2269VWM_DOOX30_id0_s1_105.png,1,VALID,49.3125,-34.28125,-34.53125,83.01781,LCC-FASD external-dev / cross-domain stress set,True
FT720P_I2269VWM_DOOX30_id0_s1_120.png,1,VALID,52.0625,-36.15625,-36.375,87.62901,LCC-FASD external-dev / cross-domain stress set,True
FT720P_I2269VWM_DOOX30_id0_s1_135.png,1,VALID,48.59375,-33.75,-34.03125,81.78137,LCC-FASD external-dev / cross-domain stress set,True
FT720P_I2269VWM_DOOX30_id0_s1_150.png,1,VALID,45.6875,-31.75,-32.15625,76.92699,LCC-FASD external-dev / cross-domain stress set,True
FT720P_G780_REDMI4X_id0_s0_15.png,1,VALID,-5.3125,4.109375,1.5263672,-9.494703,LCC-FASD external-dev / cross-domain stress set,False
FT720P_G780_REDMI4X_id0_s0_30.png,1,VALID,-14.0078125,10.046875,7.515625,-24.13124,LCC-FASD external-dev / cross-domain stress set,False
FT720P_G780_REDMI4X_id0_s0_45.png,1,VALID,6.1523438,-3.7148438,-6.234375,9.789766,LCC-FASD external-dev / cross-domain stress set,True
FT720P_G780_REDMI4X_id0_s0_60.png,1,VALID,-35.0,24.5625,21.25,-59.598278,LCC-FASD external-dev / cross-domain stress set,False
FT720P_G780_REDMI4X_id0_s0_75.png,1,VALID,-22.671875,16.015625,13.109375,-38.740738,LCC-FASD external-dev / cross-domain stress set,False
FT720P_G780_REDMI4X_id0_s0_90.png,1,VALID,-10.3125,7.3867188,4.9960938,-17.786839,LCC-FASD external-dev / cross-domain stress set,False
FT720P_G780_REDMI4X_id0_s0_105.png,1,VALID,-16.234375,11.296875,9.1328125,-27.639977,LCC-FASD external-dev / cross-domain stress set,False
FT720P_G780_REDMI4X_id0_s0_120.png,1,VALID,2.0078125,-0.92333984,-3.3671875,2.8478909,LCC-FASD external-dev / cross-domain stress set,False
FT720P_G780_REDMI4X_id0_s0_135.png,1,VALID,0.5888672,0.009674072,-2.4746094,0.4991025,LCC-FASD external-dev / cross-domain stress set,False
FT720P_G780_REDMI4X_id0_s0_150.png,1,VALID,3.7851562,-2.0429688,-4.7539062,5.763767,LCC-FASD external-dev / cross-domain stress set,False
FT720P_G780_REDMI4X_id0_s1_15.png,1,VALID,19.78125,-12.609375,-15.859375,32.352585,LCC-FASD external-dev / cross-domain stress set,True
FT720P_G780_REDMI4X_id0_s1_30.png,1,VALID,5.2304688,-2.6933594,-6.0390625,7.8891993,LCC-FASD external-dev / cross-domain stress set,False
FT720P_G780_REDMI4X_id0_s1_45.png,1,VALID,0.44311523,0.54589844,-2.7675781,-0.1385262,LCC-FASD external-dev / cross-domain stress set,False
FT720P_G780_REDMI4X_id0_s1_60.png,1,VALID,24.703125,-16.25,-18.890625,40.88424,LCC-FASD external-dev / cross-domain stress set,True
FT720P_G780_REDMI4X_id0_s1_75.png,1,VALID,11.8984375,-7.3515625,-10.4765625,19.207,LCC-FASD external-dev / cross-domain stress set,True
FT720P_G780_REDMI4X_id0_s1_90.png,1,VALID,-4.7070312,3.8769531,0.9038086,-8.633862,LCC-FASD external-dev / cross-domain stress set,False
FT720P_G780_REDMI4X_id0_s1_105.png,1,VALID,11.3359375,-7.0234375,-10.015625,18.310415,LCC-FASD external-dev / cross-domain stress set,True
FT720P_G780_REDMI4X_id0_s1_120.png,1,VALID,-6.6484375,5.4140625,1.9453125,-12.093181,LCC-FASD external-dev / cross-domain stress set,False
FT720P_G780_REDMI4X_id0_s1_135.png,1,VALID,-0.92578125,1.4003906,-1.7910156,-2.3664632,LCC-FASD external-dev / cross-domain stress set,False
FT720P_G780_REDMI4X_id0_s1_150.png,1,VALID,-7.4882812,5.9335938,2.5722656,-13.4559765,LCC-FASD external-dev / cross-domain stress set,False
FT720P_G780_REDMI4X_id0_s2_15.png,1,VALID,-51.5625,34.0,34.125,-86.3201,LCC-FASD external-dev / cross-domain stress set,False
FT720P_G780_REDMI4X_id0_s2_30.png,1,VALID,-62.59375,41.9375,41.1875,-104.91812,LCC-FASD external-dev / cross-domain stress set,False
FT720P_G780_REDMI4X_id0_s2_45.png,1,VALID,-54.8125,37.1875,35.3125,-92.14267,LCC-FASD external-dev / cross-domain stress set,False
FT720P_G780_REDMI4X_id0_s2_60.png,1,VALID,-56.65625,38.125,36.9375,-95.04744,LCC-FASD external-dev / cross-domain stress set,False
FT720P_G780_REDMI4X_id0_s2_75.png,1,VALID,-52.3125,35.5625,33.5625,-88.00192,LCC-FASD external-dev / cross-domain stress set,False
FT720P_G780_REDMI4X_id0_s2_90.png,1,VALID,-52.375,35.5625,33.6875,-88.08017,LCC-FASD external-dev / cross-domain stress set,False
FT720P_G780_REDMI4X_id0_s2_105.png,1,VALID,-44.625,30.4375,28.328125,-75.177,LCC-FASD external-dev / cross-domain stress set,False
FT720P_G780_REDMI4X_id0_s2_120.png,1,VALID,-48.5,33.09375,30.828125,-81.692474,LCC-FASD external-dev / cross-domain stress set,False
FT720P_G780_REDMI4X_id0_s2_135.png,1,VALID,-51.21875,35.09375,32.46875,-86.38243,LCC-FASD external-dev / cross-domain stress set,False
FT720P_G780_REDMI4X_id0_s2_150.png,1,VALID,-43.90625,30.25,27.40625,-74.21283,LCC-FASD external-dev / cross-domain stress set,False
FT720P_G780_REDMI4X_id0_s3_15.png,1,VALID,-53.46875,37.375,33.59375,-90.86629,LCC-FASD external-dev / cross-domain stress set,False
FT720P_G780_REDMI4X_id0_s3_30.png,1,VALID,-68.8125,48.0,43.71875,-116.82623,LCC-FASD external-dev / cross-domain stress set,False
FT720P_G780_REDMI4X_id0_s3_45.png,1,VALID,-60.375,42.1875,38.0625,-102.57854,LCC-FASD external-dev / cross-domain stress set,False
FT720P_G780_REDMI4X_id0_s3_60.png,1,VALID,-62.15625,42.65625,40.125,-104.88905,LCC-FASD external-dev / cross-domain stress set,False
FT720P_G780_REDMI4X_id0_s3_75.png,1,VALID,-44.0625,30.640625,27.625,-74.75098,LCC-FASD external-dev / cross-domain stress set,False
FT720P_G780_REDMI4X_id0_s3_90.png,1,VALID,-55.875,38.9375,35.21875,-94.83647,LCC-FASD external-dev / cross-domain stress set,False
FT720P_G780_REDMI4X_id0_s3_105.png,1,VALID,-54.46875,37.78125,34.59375,-92.29045,LCC-FASD external-dev / cross-domain stress set,False
FT720P_G780_REDMI4X_id0_s3_120.png,1,VALID,-38.96875,27.203125,24.140625,-66.21758,LCC-FASD external-dev / cross-domain stress set,False
FT720P_G780_REDMI4X_id0_s3_135.png,1,VALID,-65.375,45.71875,41.34375,-111.10626,LCC-FASD external-dev / cross-domain stress set,False
FT720P_G780_REDMI4X_id0_s3_150.png,1,VALID,-78.25,54.21875,50.28125,-132.48807,LCC-FASD external-dev / cross-domain stress set,False
FT720P_G780_REDMI4X_id12_s0_15.png,1,VALID,-35.875,25.203125,21.625,-61.10567,LCC-FASD external-dev / cross-domain stress set,False
FT720P_G780_REDMI4X_id12_s0_30.png,1,VALID,-36.9375,25.84375,22.390625,-62.81241,LCC-FASD external-dev / cross-domain stress set,False
FT720P_G780_REDMI4X_id12_s0_45.png,1,VALID,-19.234375,13.703125,10.59375,-32.981163,LCC-FASD external-dev / cross-domain stress set,False
FT720P_G780_REDMI4X_id12_s0_60.png,1,VALID,-32.75,22.921875,19.65625,-55.709335,LCC-FASD external-dev / cross-domain stress set,False
FT720P_G780_REDMI4X_id12_s0_75.png,1,VALID,-34.375,23.984375,20.84375,-58.401722,LCC-FASD external-dev / cross-domain stress set,False
FT720P_G780_REDMI4X_id12_s0_90.png,1,VALID,-36.28125,25.234375,22.109375,-61.558624,LCC-FASD external-dev / cross-domain stress set,False
FT720P_G780_REDMI4X_id12_s0_105.png,1,VALID,-31.53125,22.015625,18.921875,-53.59121,LCC-FASD external-dev / cross-domain stress set,False
FT720P_G780_REDMI4X_id12_s0_120.png,1,VALID,-32.84375,23.0,19.6875,-55.879528,LCC-FASD external-dev / cross-domain stress set,False
FT720P_G780_REDMI4X_id12_s0_135.png,1,VALID,-25.515625,18.046875,14.7578125,-43.59911,LCC-FASD external-dev / cross-domain stress set,False
FT720P_G780_REDMI4X_id12_s0_150.png,1,VALID,-23.25,16.359375,13.3671875,-39.658333,LCC-FASD external-dev / cross-domain stress set,False
FT720P_G780_REDMI4X_id12_s1_105.png,1,VALID,39.15625,-26.625,-28.21875,65.5963,LCC-FASD external-dev / cross-domain stress set,True
YOUTUBE_VX2363SMHL_LGL90_id48_s1_60.png,1,VALID,-44.3125,30.921875,27.3125,-75.261086,LCC-FASD external-dev / cross-domain stress set,False
YOUTUBE_VX2363SMHL_LGL90_id48_s1_75.png,1,VALID,-54.0625,35.96875,35.6875,-90.59363,LCC-FASD external-dev / cross-domain stress set,False
YOUTUBE_VX2363SMHL_LGL90_id48_s1_90.png,1,VALID,-46.0,31.3125,29.3125,-77.43943,LCC-FASD external-dev / cross-domain stress set,False
YOUTUBE_TP300LA_SGS7E_id48_s1_30.png,1,VALID,-22.515625,14.234375,14.7421875,-37.728947,LCC-FASD external-dev / cross-domain stress set,False
