path,label,status,logit_real,logit_physical,logit_digital,pad_logit_score,dataset_role,pred_real
YOUTUBE_id43_s0_105.png,0,VALID,0.9321289,-0.96777344,-1.1220703,1.2809306,LCC-FASD external-dev / cross-domain stress set,True
YOUTUBE_id43_s0_124.png,0,VALID,0.55078125,0.27514648,-1.5078125,0.12022209,LCC-FASD external-dev / cross-domain stress set,True
YOUTUBE_id43_s0_139.png,0,VALID,1.0683594,-0.9916992,-1.3339844,1.5234799,LCC-FASD external-dev / cross-domain stress set,True
YOUTUBE_id43_s0_154.png,0,VALID,1.3212891,-1.4970703,-1.2949219,2.0190387,LCC-FASD external-dev / cross-domain stress set,True
YOUTUBE_id43_s1_15.png,0,VALID,1.7431641,-1.1435547,-1.7695312,2.4583583,LCC-FASD external-dev / cross-domain stress set,True
YOUTUBE_id43_s1_30.png,0,VALID,1.8876953,-1.6982422,-1.6455078,2.8660755,LCC-FASD external-dev / cross-domain stress set,True
YOUTUBE_id43_s1_45.png,0,VALID,1.8125,-1.6660156,-1.6884766,2.796536,LCC-FASD external-dev / cross-domain stress set,True
YOUTUBE_id43_s1_60.png,0,VALID,2.03125,-1.9453125,-1.5634766,3.074382,LCC-FASD external-dev / cross-domain stress set,True
YOUTUBE_id43_s1_75.png,0,VALID,2.1875,-2.3027344,-1.8037109,3.516765,LCC-FASD external-dev / cross-domain stress set,True
YOUTUBE_id43_s1_90.png,0,VALID,2.0585938,-1.9003906,-1.5947266,3.1013715,LCC-FASD external-dev / cross-domain stress set,True
YOUTUBE_id43_s1_105.png,0,VALID,1.9306641,-1.9033203,-1.7861328,3.0805278,LCC-FASD external-dev / cross-domain stress set,True
YOUTUBE_id43_s1_120.png,0,VALID,2.2226562,-1.8525391,-1.8779297,3.3946629,LCC-FASD external-dev / cross-domain stress set,True
YOUTUBE_id43_s1_135.png,0,VALID,1.8623047,-1.7695312,-1.7314453,2.9194646,LCC-FASD external-dev / cross-domain stress set,True
YOUTUBE_id43_s1_150.png,0,VALID,1.8964844,-1.7832031,-1.6005859,2.891069,LCC-FASD external-dev / cross-domain stress set,True
YOUTUBE_id48_s0_15.png,0,VALID,1.1601562,-0.62939453,-1.6298828,1.4764204,LCC-FASD external-dev / cross-domain stress set,True
YOUTUBE_id48_s0_30.png,0,VALID,1.2832031,-0.7548828,-1.7255859,1.7168603,LCC-FASD external-dev / cross-domain stress set,True
YOUTUBE_id48_s0_45.png,0,VALID,0.60302734,-0.13598633,-1.2695312,0.45995104,LCC-FASD external-dev / cross-domain stress set,True
YOUTUBE_id48_s0_60.png,0,VALID,1.3857422,-0.81640625,-1.7041016,1.8574224,LCC-FASD external-dev / cross-domain stress set,True
YOUTUBE_id48_s0_75.png,0,VALID,1.5234375,-1.1259766,-1.6943359,2.2005997,LCC-FASD external-dev / cross-domain stress set,True
YOUTUBE_id48_s0_90.png,0,VALID,1.3691406,-0.7836914,-1.7412109,1.827967,LCC-FASD external-dev / cross-domain stress set,True
YOUTUBE_id48_s0_105.png,0,VALID,0.49291992,0.5625,-1.7060547,-0.16803223,LCC-FASD external-dev / cross-domain stress set,True
YOUTUBE_id48_s0_120.png,0,VALID,1.0322266,-0.20007324,-1.7871094,1.0462096,LCC-FASD external-dev / cross-domain stress set,True
YOUTUBE_id48_s0_135.png,0,VALID,1.3066406,-0.5419922,-1.7978516,1.5980057,LCC-FASD external-dev / cross-domain stress set,True
YOUTUBE_id48_s0_150.png,0,VALID,1.1210938,-0.40185547,-1.7851562,1.2992061,LCC-FASD external-dev / cross-domain stress set,True
YOUTUBE_id48_s1_15.png,0,VALID,1.6855469,-2.3417969,-1.6181641,2.9083047,LCC-FASD external-dev / cross-domain stress set,True
YOUTUBE_id48_s1_30.png,0,VALID,1.3857422,-2.3261719,-1.2314453,2.3285327,LCC-FASD external-dev / cross-domain stress set,True
YOUTUBE_id48_s1_45.png,0,VALID,1.5029297,-2.4003906,-1.3652344,2.5642366,LCC-FASD external-dev / cross-domain stress set,True
YOUTUBE_id48_s1_60.png,0,VALID,1.578125,-2.4140625,-1.4638672,2.7150903,LCC-FASD external-dev / cross-domain stress set,True
YOUTUBE_id48_s1_75.png,0,VALID,1.4697266,-2.1738281,-1.4462891,2.5218835,LCC-FASD external-dev / cross-domain stress set,True
YOUTUBE_id48_s1_90.png,0,VALID,1.5830078,-2.2304688,-1.5410156,2.7173254,LCC-FASD external-dev / cross-domain stress set,True
YOUTUBE_id48_s1_105.png,0,VALID,1.6533203,-2.4589844,-1.4873047,2.8196676,LCC-FASD external-dev / cross-domain stress set,True
YOUTUBE_id48_s1_124.png,0,VALID,1.6748047,-2.3554688,-1.5009766,2.821259,LCC-FASD external-dev / cross-domain stress set,True
YOUTUBE_id48_s1_139.png,0,VALID,1.6074219,-2.3261719,-1.5224609,2.759931,LCC-FASD external-dev / cross-domain stress set,True
YOUTUBE_id48_s1_154.png,0,VALID,1.8271484,-2.5703125,-1.6992188,3.1767716,LCC-FASD external-dev / cross-domain stress set,True
YOUTUBE_id48_s2_108.png,0,VALID,1.8388672,-1.5634766,-1.9404297,2.8800156,LCC-FASD external-dev / cross-domain stress set,True
YOUTUBE_id48_s2_123.png,0,VALID,1.4814453,-1.5400391,-1.4931641,2.304625,LCC-FASD external-dev / cross-domain stress set,True
YOUTUBE_id29_s0_15.png,0,VALID,1.5947266,-1.8691406,-1.421875,2.5222871,LCC-FASD external-dev / cross-domain stress set,True
YOUTUBE_id29_s0_30.png,0,VALID,1.5478516,-1.8583984,-1.4404297,2.4824383,LCC-FASD external-dev / cross-domain stress set,True
YOUTUBE_id29_s0_45.png,0,VALID,1.5332031,-1.7148438,-1.4111328,2.3915582,LCC-FASD external-dev / cross-domain stress set,True
YOUTUBE_id29_s0_60.png,0,VALID,1.5019531,-1.8261719,-1.3945312,2.3960469,LCC-FASD external-dev / cross-domain stress set,True
YOUTUBE_id29_s0_75.png,0,VALID,1.546875,-1.8818359,-1.4199219,2.47817,LCC-FASD external-dev / cross-domain stress set,True
YOUTUBE_id29_s0_90.png,0,VALID,1.6103516,-1.8896484,-1.4814453,2.5820656,LCC-FASD external-dev / cross-domain stress set,True
YOUTUBE_id29_s0_105.png,0,VALID,1.6621094,-1.890625,-1.6035156,2.7057638,LCC-FASD external-dev / cross-domain stress set,True
YOUTUBE_id29_s0_120.png,0,VALID,1.6445312,-1.9404297,-1.5712891,2.6903062,LCC-FASD external-dev / cross-domain stress set,True
YOUTUBE_id29_s0_135.png,0,VALID,1.6855469,-1.9169922,-1.578125,2.7256725,LCC-FASD external-dev / cross-domain stress set,True
YOUTUBE_id39_s0_15.png,0,VALID,-0.9169922,1.2041016,-0.72753906,-2.2564201,LCC-FASD external-dev / cross-domain stress set,False
YOUTUBE_id39_s0_30.png,0,VALID,0.2475586,0.7753906,-1.4970703,-0.62591857,LCC-FASD external-dev / cross-domain stress set,False
YOUTUBE_id39_s0_47.png,0,VALID,0.42919922,0.5332031,-1.3154297,-0.25022525,LCC-FASD external-dev / cross-domain stress set,True
YOUTUBE_id39_s0_62.png,0,VALID,-0.62353516,1.0322266,-0.80322266,-1.8037866,LCC-FASD external-dev / cross-domain stress set,False
YOUTUBE_id39_s0_80.png,0,VALID,-1.0390625,0.79003906,0.09552002,-2.2341096,LCC-FASD external-dev / cross-domain stress set,False
YOUTUBE_id39_s0_95.png,0,VALID,-0.7133789,1.2841797,-0.70214844,-2.1261263,LCC-FASD external-dev / cross-domain stress set,False
YOUTUBE_id39_s1_15.png,0,VALID,1.0625,-0.06890869,-1.9169922,0.98511267,LCC-FASD external-dev / cross-domain stress set,True
YOUTUBE_id39_s1_30.png,0,VALID,1.1679688,-0.084472656,-2.0605469,1.1226312,LCC-FASD external-dev / cross-domain stress set,True
YOUTUBE_id39_s1_45.png,0,VALID,1.4121094,-0.3425293,-2.0683594,1.5907991,LCC-FASD external-dev / cross-domain stress set,True
YOUTUBE_id39_s1_60.png,0,VALID,1.0673828,0.073791504,-1.9902344,0.87408364,LCC-FASD external-dev / cross-domain stress set,True
YOUTUBE_id39_s1_75.png,0,VALID,0.9916992,0.05307007,-1.8164062,0.7952179,LCC-FASD external-dev / cross-domain stress set,True
YOUTUBE_id39_s1_91.png,0,VALID,1.0,0.31323242,-2.0039062,0.5927717,LCC-FASD external-dev / cross-domain stress set,True
YOUTUBE_id39_s1_106.png,0,VALID,0.55810547,0.7294922,-1.8769531,-0.24258709,LCC-FASD external-dev / cross-domain stress set,True
YOUTUBE_id39_s1_121.png,0,VALID,1.2373047,-0.33569336,-2.0585938,1.4087152,LCC-FASD external-dev / cross-domain stress set,True
YOUTUBE_id39_s1_136.png,0,VALID,1.0097656,-0.1673584,-1.7978516,0.998281,LCC-FASD external-dev / cross-domain stress set,True
YOUTUBE_id39_s1_151.png,0,VALID,1.4248047,-0.8330078,-1.8222656,1.9416504,LCC-FASD external-dev / cross-domain stress set,True
YOUTUBE_id42_s0_15.png,0,VALID,1.9306641,-1.9472656,-1.7890625,3.1025558,LCC-FASD external-dev / cross-domain stress set,True
YOUTUBE_id42_s0_30.png,0,VALID,1.8046875,-1.8623047,-1.7080078,2.8937235,LCC-FASD external-dev / cross-domain stress set,True
YOUTUBE_id42_s0_105.png,0,VALID,1.8212891,-1.7539062,-1.7822266,2.8961082,LCC-FASD external-dev / cross-domain stress set,True
YOUTUBE_id42_s0_120.png,0,VALID,1.8681641,-1.8964844,-1.7890625,3.0163486,LCC-FASD external-dev / cross-domain stress set,True
YOUTUBE_id42_s0_135.png,0,VALID,2.0097656,-1.8857422,-1.9863281,3.2513895,LCC-FASD external-dev / cross-domain stress set,True
YOUTUBE_id42_s0_150.png,0,VALID,2.0214844,-2.0214844,-1.8642578,3.2681215,LCC-FASD external-dev / cross-domain stress set,True
YOUTUBE_id123_s0_15.png,0,VALID,1.6259766,-1.2431641,-1.7138672,2.3839018,LCC-FASD external-dev / cross-domain stress set,True
YOUTUBE_id123_s0_30.png,0,VALID,1.6582031,-1.0273438,-1.9140625,2.3405359,LCC-FASD external-dev / cross-domain stress set,True
YOUTUBE_id123_s0_45.png,0,VALID,0.5776367,0.2590332,-1.7216797,0.18935683,LCC-FASD external-dev / cross-domain stress set,True
YOUTUBE_id123_s0_60.png,0,VALID,1.5117188,-1.0019531,-1.7363281,2.1217613,LCC-FASD external-dev / cross-domain stress set,True
YOUTUBE_id123_s0_75.png,0,VALID,2.1191406,-1.3886719,-2.2148438,3.1447527,LCC-FASD external-dev / cross-domain stress set,True
YOUTUBE_id123_s0_90.png,0,VALID,1.953125,-1.2021484,-2.1132812,2.8173246,LCC-FASD external-dev / cross-domain stress set,True
YOUTUBE_id123_s0_120.png,0,VALID,1.4628906,-0.6352539,-1.8466797,1.8374953,LCC-FASD external-dev / cross-domain stress set,True
YOUTUBE_id123_s0_135.png,0,VALID,1.9785156,-1.2900391,-2.03125,2.8788555,LCC-FASD external-dev / cross-domain stress set,True
YOUTUBE_id123_s0_150.png,0,VALID,1.7792969,-0.99658203,-1.8525391,2.421794,LCC-FASD external-dev / cross-domain stress set,True
YOUTUBE_id124_s0_15.png,0,VALID,1.6152344,-2.0625,-1.4072266,2.6042113,LCC-FASD external-dev / cross-domain stress set,True
YOUTUBE_id124_s0_30.png,0,VALID,1.3369141,-1.5917969,-1.2568359,2.0541234,LCC-FASD external-dev / cross-domain stress set,True
YOUTUBE_id124_s0_45.png,0,VALID,1.390625,-1.6982422,-1.1953125,2.1129656,LCC-FASD external-dev / cross-domain stress set,True
YOUTUBE_id124_s0_60.png,0,VALID,1.4091797,-1.9121094,-1.2763672,2.2605782,LCC-FASD external-dev / cross-domain stress set,True
YOUTUBE_id124_s0_75.png,0,VALID,1.4677734,-1.8525391,-1.3984375,2.374557,LCC-FASD external-dev / cross-domain stress set,True
YOUTUBE_id124_s0_90.png,0,VALID,1.2910156,-1.6357422,-1.2998047,2.051601,LCC-FASD external-dev / cross-domain stress set,True
YOUTUBE_id124_s0_105.png,0,VALID,1.7207031,-2.015625,-1.5253906,2.7683187,LCC-FASD external-dev / cross-domain stress set,True
YOUTUBE_id124_s0_120.png,0,VALID,1.6279297,-1.8330078,-1.3496094,2.4971619,LCC-FASD external-dev / cross-domain stress set,True
YOUTUBE_id124_s0_135.png,0,VALID,1.5566406,-1.7460938,-1.3515625,2.3929896,LCC-FASD external-dev / cross-domain stress set,True
YOUTUBE_id124_s0_150.png,0,VALID,1.5410156,-1.8642578,-1.3203125,2.4036162,LCC-FASD external-dev / cross-domain stress set,True
YOUTUBE_id119_s0_15.png,0,VALID,2.0390625,-2.3105469,-1.8632812,3.4080293,LCC-FASD external-dev / cross-domain stress set,True
YOUTUBE_id119_s0_30.png,0,VALID,2.2265625,-2.234375,-2.0390625,3.6653733,LCC-FASD external-dev / cross-domain stress set,True
YOUTUBE_id119_s0_45.png,0,VALID,2.2734375,-2.3222656,-2.0429688,3.7531881,LCC-FASD external-dev / cross-domain stress set,True
YOUTUBE_id119_s0_60.png,0,VALID,2.140625,-2.1933594,-1.9785156,3.5276566,LCC-FASD external-dev / cross-domain stress set,True
YOUTUBE_id119_s0_75.png,0,VALID,2.1035156,-2.3359375,-1.9355469,3.526204,LCC-FASD external-dev / cross-domain stress set,True
YOUTUBE_id119_s0_90.png,0,VALID,2.1835938,-2.3730469,-1.9863281,3.6515555,LCC-FASD external-dev / cross-domain stress set,True
YOUTUBE_id119_s0_150.png,0,VALID,2.2578125,-2.3808594,-2.0039062,3.7393906,LCC-FASD external-dev / cross-domain stress set,True
YOUTUBE_id119_s1_15.png,0,VALID,2.2089844,-2.3046875,-1.9746094,3.6419282,LCC-FASD external-dev / cross-domain stress set,True
YOUTUBE_id119_s1_30.png,0,VALID,2.2265625,-2.4414062,-1.9853516,3.7210183,LCC-FASD external-dev / cross-domain stress set,True
YOUTUBE_id119_s1_45.png,0,VALID,2.1542969,-2.3730469,-1.9404297,3.5946734,LCC-FASD external-dev / cross-domain stress set,True
YOUTUBE_id119_s1_60.png,0,VALID,2.2167969,-2.3945312,-1.9433594,3.6673634,LCC-FASD external-dev / cross-domain stress set,True
YOUTUBE_id119_s1_75.png,0,VALID,2.1484375,-2.3046875,-1.9423828,3.5625064,LCC-FASD external-dev / cross-domain stress set,True
YOUTUBE_id119_s1_90.png,0,VALID,1.8935547,-2.1542969,-1.7138672,3.1104357,LCC-FASD external-dev / cross-domain stress set,True
YOUTUBE_id119_s1_105.png,0,VALID,1.9589844,-2.203125,-1.8359375,3.268609,LCC-FASD external-dev / cross-domain stress set,True
YOUTUBE_id119_s1_120.png,0,VALID,2.0703125,-2.2558594,-1.9394531,3.4623594,LCC-FASD external-dev / cross-domain stress set,True
YOUTUBE_id119_s1_135.png,0,VALID,2.1054688,-2.3847656,-1.9824219,3.5758152,LCC-FASD external-dev / cross-domain stress set,True
YOUTUBE_id119_s1_150.png,0,VALID,2.1015625,-2.3144531,-1.9121094,3.5015965,LCC-FASD external-dev / cross-domain stress set,True
YOUTUBE_id120_s0_57.png,0,VALID,1.7441406,-2.1679688,-1.1054688,2.5527763,LCC-FASD external-dev / cross-domain stress set,True
YOUTUBE_id120_s0_72.png,0,VALID,-0.68359375,-1.7597656,1.4521484,-2.1752315,LCC-FASD external-dev / cross-domain stress set,False
YOUTUBE_id120_s0_87.png,0,VALID,-0.77734375,-1.6953125,1.3662109,-2.1893082,LCC-FASD external-dev / cross-domain stress set,False
YOUTUBE_id120_s0_102.png,0,VALID,0.5913086,-1.75,-0.13476562,0.5447164,LCC-FASD external-dev / cross-domain stress set,True
YOUTUBE_id120_s0_117.png,0,VALID,-0.65771484,-1.484375,1.2900391,-2.0082712,LCC-FASD external-dev / cross-domain stress set,False
YOUTUBE_id120_s0_132.png,0,VALID,-0.55126953,-1.640625,1.109375,-1.7226121,LCC-FASD external-dev / cross-domain stress set,False
YOUTUBE_id120_s0_147.png,0,VALID,-0.8564453,-1.0869141,1.1621094,-2.1188545,LCC-FASD external-dev / cross-domain stress set,False
YOUTUBE_id120_s0_162.png,0,VALID,-1.0878906,-0.98535156,1.140625,-2.3412337,LCC-FASD external-dev / cross-domain stress set,False
YOUTUBE_id120_s0_177.png,0,VALID,-1.2080078,-1.4179688,1.6953125,-2.9468155,LCC-FASD external-dev / cross-domain stress set,False
YOUTUBE_id120_s0_192.png,0,VALID,-0.4555664,-1.4912109,0.9111328,-1.4533406,LCC-FASD external-dev / cross-domain stress set,False
YOUTUBE_id121_s0_15.png,0,VALID,2.2929688,-2.5742188,-2.2675781,4.009012,LCC-FASD external-dev / cross-domain stress set,True
YOUTUBE_id121_s0_30.png,0,VALID,2.1523438,-2.421875,-2.2070312,3.767891,LCC-FASD external-dev / cross-domain stress set,True
YOUTUBE_id121_s0_45.png,0,VALID,2.0058594,-2.3398438,-2.0644531,3.5054104,LCC-FASD external-dev / cross-domain stress set,True
YOUTUBE_id121_s0_60.png,0,VALID,1.7734375,-2.2734375,-1.8144531,3.0981302,LCC-FASD external-dev / cross-domain stress set,True
YOUTUBE_id121_s0_75.png,0,VALID,2.0683594,-2.5039062,-2.1328125,3.6764555,LCC-FASD external-dev / cross-domain stress set,True
YOUTUBE_id121_s0_90.png,0,VALID,2.2011719,-2.609375,-2.1171875,3.8413258,LCC-FASD external-dev / cross-domain stress set,True
YOUTUBE_id121_s0_105.png,0,VALID,2.1425781,-2.6152344,-2.0976562,3.7727575,LCC-FASD external-dev / cross-domain stress set,True
YOUTUBE_id121_s0_120.png,0,VALID,2.2421875,-2.5449219,-2.2226562,3.9199033,LCC-FASD external-dev / cross-domain stress set,True
YOUTUBE_id121_s0_135.png,0,VALID,2.09375,-2.3242188,-2.1660156,3.6425948,LCC-FASD external-dev / cross-domain stress set,True
YOUTUBE_id121_s0_150.png,0,VALID,2.0859375,-2.4335938,-2.1933594,3.69907,LCC-FASD external-dev / cross-domain stress set,True
YOUTUBE_id122_s0_15.png,0,VALID,0.6274414,-0.8154297,-0.6777344,0.67850816,LCC-FASD external-dev / cross-domain stress set,True
YOUTUBE_id122_s0_30.png,0,VALID,0.45898438,-0.5439453,-0.5727539,0.32408303,LCC-FASD external-dev / cross-domain stress set,True
YOUTUBE_id122_s0_45.png,0,VALID,-0.053863525,-0.6538086,0.07672119,-0.5237435,LCC-FASD external-dev / cross-domain stress set,True
YOUTUBE_id122_s0_60.png,0,VALID,0.6088867,-1.0126953,-0.52001953,0.65205777,LCC-FASD external-dev / cross-domain stress set,True
YOUTUBE_id122_s0_75.png,0,VALID,-0.24731445,-0.014434814,-0.13354492,-0.8682442,LCC-FASD external-dev / cross-domain stress set,False
YOUTUBE_id122_s0_90.png,0,VALID,0.015701294,0.2244873,-0.59716797,-0.573223,LCC-FASD external-dev / cross-domain stress set,True
YOUTUBE_id122_s0_105.png,0,VALID,0.5996094,-1.1855469,-0.45214844,0.65953064,LCC-FASD external-dev / cross-domain stress set,True
YOUTUBE_id122_s0_120.png,0,VALID,0.21765137,-0.44482422,-0.3540039,-0.07711244,LCC-FASD external-dev / cross-domain stress set,True
YOUTUBE_id122_s0_135.png,0,VALID,0.5131836,-0.9794922,-0.4074707,0.47316256,LCC-FASD external-dev / cross-domain stress set,True
YOUTUBE_id122_s0_150.png,0,VALID,0.6386719,-0.4152832,-0.84521484,0.55284435,LCC-FASD external-dev / cross-domain stress set,True
YOUTUBE_id123_s0_105.png,0,VALID,1.7109375,-1.0761719,-1.953125,2.439239,LCC-FASD external-dev / cross-domain stress set,True
YOUTUBE_id115_s2_45.png,0,VALID,1.4589844,-2.171875,-1.2929688,2.4046562,LCC-FASD external-dev / cross-domain stress set,True
YOUTUBE_id115_s2_60.png,0,VALID,1.6552734,-2.1621094,-1.5537109,2.7744644,LCC-FASD external-dev / cross-domain stress set,True
YOUTUBE_id115_s2_75.png,0,VALID,1.7060547,-2.2675781,-1.515625,2.835435,LCC-FASD external-dev / cross-domain stress set,True
YOUTUBE_id115_s2_90.png,0,VALID,1.6386719,-2.1308594,-1.5244141,2.7278771,LCC-FASD external-dev / cross-domain stress set,True
YOUTUBE_id116_s0_15.png,0,VALID,1.4541016,-2.2089844,-1.1826172,2.33048,LCC-FASD external-dev / cross-domain stress set,True
YOUTUBE_id116_s0_30.png,0,VALID,1.6416016,-2.578125,-1.4277344,2.7943492,LCC-FASD external-dev / cross-domain stress set,True
YOUTUBE_id116_s0_45.png,0,VALID,1.6435547,-2.6699219,-1.3017578,2.7185163,LCC-FASD external-dev / cross-domain stress set,True
YOUTUBE_id116_s0_60.png,0,VALID,1.5380859,-2.5839844,-1.1435547,2.4690924,LCC-FASD external-dev / cross-domain stress set,True
YOUTUBE_id116_s0_75.png,0,VALID,1.7226562,-2.5078125,-1.3710938,2.8154593,LCC-FASD external-dev / cross-domain stress set,True
YOUTUBE_id116_s0_90.png,0,VALID,1.5400391,-2.7207031,-1.1679688,2.5160096,LCC-FASD external-dev / cross-domain stress set,True
YOUTUBE_id116_s0_105.png,0,VALID,1.7050781,-2.8554688,-1.2871094,2.8029013,LCC-FASD external-dev / cross-domain stress set,True
YOUTUBE_id116_s0_120.png,0,VALID,1.4794922,-2.7304688,-1.1083984,2.4076633,LCC-FASD external-dev / cross-domain stress set,True
YOUTUBE_id116_s0_135.png,0,VALID,1.4902344,-2.4746094,-1.1611328,2.4132297,LCC-FASD external-dev / cross-domain stress set,True
YOUTUBE_id116_s0_150.png,0,VALID,1.8935547,-2.7460938,-1.5048828,3.1445444,LCC-FASD external-dev / cross-domain stress set,True
YOUTUBE_id116_s1_15.png,0,VALID,1.5771484,-2.5019531,-1.1738281,2.5159254,LCC-FASD external-dev / cross-domain stress set,True
YOUTUBE_id116_s1_30.png,0,VALID,1.4003906,-2.0957031,-1.0849609,2.1749675,LCC-FASD external-dev / cross-domain stress set,True
YOUTUBE_id116_s1_45.png,0,VALID,1.5146484,-2.7109375,-1.0664062,2.4044971,LCC-FASD external-dev / cross-domain stress set,True
YOUTUBE_id116_s1_60.png,0,VALID,1.4199219,-2.4785156,-1.0957031,2.291784,LCC-FASD external-dev / cross-domain stress set,True
YOUTUBE_id116_s1_75.png,0,VALID,1.3691406,-2.5039062,-0.9873047,2.15804,LCC-FASD external-dev / cross-domain stress set,True
YOUTUBE_id116_s1_90.png,0,VALID,1.4140625,-2.5234375,-1.1503906,2.338646,LCC-FASD external-dev / cross-domain stress set,True
YOUTUBE_id116_s1_105.png,0,VALID,1.6757812,-2.7285156,-1.3613281,2.810115,LCC-FASD external-dev / cross-domain stress set,True
YOUTUBE_id116_s1_120.png,0,VALID,1.6054688,-2.734375,-1.2695312,2.6670804,LCC-FASD external-dev / cross-domain stress set,True
YOUTUBE_id116_s1_135.png,0,VALID,1.7412109,-2.6445312,-1.4570312,2.9320524,LCC-FASD external-dev / cross-domain stress set,True
YOUTUBE_id116_s1_150.png,0,VALID,1.4267578,-2.609375,-1.0576172,2.292206,LCC-FASD external-dev / cross-domain stress set,True
YOUTUBE_id116_s2_15.png,0,VALID,1.8125,-2.3144531,-1.4863281,2.9363625,LCC-FASD external-dev / cross-domain stress set,True
YOUTUBE_id116_s2_30.png,0,VALID,1.875,-2.5136719,-1.4746094,3.046704,LCC-FASD external-dev / cross-domain stress set,True
YOUTUBE_id116_s2_45.png,0,VALID,1.8027344,-2.5136719,-1.4472656,2.9541688,LCC-FASD external-dev / cross-domain stress set,True
YOUTUBE_id116_s2_60.png,0,VALID,1.7207031,-2.328125,-1.5644531,2.902651,LCC-FASD external-dev / cross-domain stress set,True
YOUTUBE_id116_s2_75.png,0,VALID,1.7919922,-2.1171875,-1.6171875,2.9351027,LCC-FASD external-dev / cross-domain stress set,True
YOUTUBE_id116_s2_90.png,0,VALID,1.6035156,-2.2382812,-1.2587891,2.543486,LCC-FASD external-dev / cross-domain stress set,True
YOUTUBE_id116_s2_105.png,0,VALID,1.7099609,-1.9150391,-1.7314453,2.8358486,LCC-FASD external-dev / cross-domain stress set,True
YOUTUBE_id116_s2_120.png,0,VALID,1.7353516,-2.125,-1.609375,2.8765202,LCC-FASD external-dev / cross-domain stress set,True
YOUTUBE_id116_s2_135.png,0,VALID,1.8066406,-2.0820312,-1.6201172,2.9381309,LCC-FASD external-dev / cross-domain stress set,True
YOUTUBE_id116_s2_150.png,0,VALID,1.7646484,-2.0527344,-1.5898438,2.8662426,LCC-FASD external-dev / cross-domain stress set,True
YOUTUBE_id117_s0_15.png,0,VALID,0.62646484,0.5366211,-1.7705078,-0.0050542355,LCC-FASD external-dev / cross-domain stress set,True
YOUTUBE_id117_s0_30.png,0,VALID,0.60009766,0.5419922,-1.7578125,-0.037457764,LCC-FASD external-dev / cross-domain stress set,True
YOUTUBE_id117_s0_45.png,0,VALID,1.0107422,-0.12890625,-1.7148438,0.9533715,LCC-FASD external-dev / cross-domain stress set,True
YOUTUBE_id117_s0_60.png,0,VALID,0.8691406,-0.6303711,-1.3261719,1.0949304,LCC-FASD external-dev / cross-domain stress set,True
YOUTUBE_id117_s0_75.png,0,VALID,0.8833008,-0.030303955,-1.7314453,0.7459949,LCC-FASD external-dev / cross-domain stress set,True
YOUTUBE_id117_s0_90.png,0,VALID,1.4921875,-1.1855469,-1.65625,2.1924956,LCC-FASD external-dev / cross-domain stress set,True
YOUTUBE_id117_s0_105.png,0,VALID,0.99609375,-0.50390625,-1.5927734,1.2098727,LCC-FASD external-dev / cross-domain stress set,True
YOUTUBE_id117_s0_120.png,0,VALID,0.85009766,-0.5673828,-1.5107422,1.0886676,LCC-FASD external-dev / cross-domain stress set,True
YOUTUBE_id117_s0_135.png,0,VALID,1.2226562,-0.7578125,-1.6103516,1.6253633,LCC-FASD external-dev / cross-domain stress set,True
YOUTUBE_id117_s0_150.png,0,VALID,1.5185547,-0.7553711,-2.0195312,2.025133,LCC-FASD external-dev / cross-domain stress set,True
YOUTUBE_id118_s0_15.png,0,VALID,1.9335938,-2.1738281,-1.9365234,3.2885995,LCC-FASD external-dev / cross-domain stress set,True
YOUTUBE_id118_s0_30.png,0,VALID,1.9345703,-2.1484375,-1.9394531,3.2799191,LCC-FASD external-dev / cross-domain stress set,True
YOUTUBE_id118_s0_45.png,0,VALID,1.8984375,-2.1894531,-1.8720703,3.2235131,LCC-FASD external-dev / cross-domain stress set,True
YOUTUBE_id118_s0_60.png,0,VALID,2.0,-2.4023438,-1.9462891,3.4553933,LCC-FASD external-dev / cross-domain stress set,True
YOUTUBE_id118_s0_75.png,0,VALID,1.9423828,-2.3828125,-1.8769531,3.347467,LCC-FASD external-dev / cross-domain stress set,True
YOUTUBE_id118_s0_90.png,0,VALID,2.0136719,-2.3457031,-2.0625,3.5146341,LCC-FASD external-dev / cross-domain stress set,True
YOUTUBE_id118_s0_105.png,0,VALID,2.0429688,-2.2441406,-2.0664062,3.5011516,LCC-FASD external-dev / cross-domain stress set,True
YOUTUBE_id118_s0_120.png,0,VALID,2.1972656,-2.6152344,-2.0351562,3.7878294,LCC-FASD external-dev / cross-domain stress set,True
YOUTUBE_id118_s0_135.png,0,VALID,1.9970703,-2.4140625,-2.0019531,3.4908502,LCC-FASD external-dev / cross-domain stress set,True
YOUTUBE_id118_s0_150.png,0,VALID,1.9892578,-2.3320312,-1.9970703,3.4467015,LCC-FASD external-dev / cross-domain stress set,True
YOUTUBE_id119_s0_105.png,0,VALID,2.1699219,-2.4023438,-1.9599609,3.6336613,LCC-FASD external-dev / cross-domain stress set,True
YOUTUBE_id119_s0_120.png,0,VALID,2.2285156,-2.296875,-1.9960938,3.6705866,LCC-FASD external-dev / cross-domain stress set,True
YOUTUBE_id119_s0_135.png,0,VALID,2.2832031,-2.4277344,-2.0625,3.8185904,LCC-FASD external-dev / cross-domain stress set,True
PBUNKNOWN_id169_s0_15.png,0,VALID,1.3349609,-1.2285156,-1.2841797,1.8977742,LCC-FASD external-dev / cross-domain stress set,True
PBUNKNOWN_id169_s0_30.png,0,VALID,1.4628906,-1.6357422,-1.3173828,2.23369,LCC-FASD external-dev / cross-domain stress set,True
PBUNKNOWN_id169_s0_45.png,0,VALID,1.2539062,-0.99121094,-1.4023438,1.7365549,LCC-FASD external-dev / cross-domain stress set,True
PBUNKNOWN_id169_s0_60.png,0,VALID,1.3457031,-1.2382812,-1.3320312,1.936614,LCC-FASD external-dev / cross-domain stress set,True
PBUNKNOWN_id169_s0_75.png,0,VALID,1.4189453,-1.5087891,-1.2451172,2.094086,LCC-FASD external-dev / cross-domain stress set,True
PBUNKNOWN_id169_s0_90.png,0,VALID,1.2783203,-0.9921875,-1.3378906,1.7353472,LCC-FASD external-dev / cross-domain stress set,True
PBUNKNOWN_id169_s0_120.png,0,VALID,0.96972656,-0.34765625,-1.2138672,0.96634436,LCC-FASD external-dev / cross-domain stress set,True
PBUNKNOWN_id169_s0_135.png,0,VALID,1.3310547,-0.95996094,-1.3291016,1.7655015,LCC-FASD external-dev / cross-domain stress set,True
PBUNKNOWN_id169_s0_150.png,0,VALID,1.3603516,-0.9243164,-1.3759766,1.7920651,LCC-FASD external-dev / cross-domain stress set,True
SIC320_id161_s0_15.png,0,VALID,-1.03125,-0.9428711,1.2236328,-2.3633583,LCC-FASD external-dev / cross-domain stress set,False
SIC320_id161_s0_30.png,0,VALID,-0.8359375,-1.1708984,1.1337891,-2.0648458,LCC-FASD external-dev / cross-domain stress set,False
SIC320_id161_s0_45.png,0,VALID,-1.0253906,-0.95166016,1.2441406,-2.3750343,LCC-FASD external-dev / cross-domain stress set,False
SIC320_id161_s0_60.png,0,VALID,-1.1962891,-1.3828125,1.8164062,-3.052679,LCC-FASD external-dev / cross-domain stress set,False
SIC320_id161_s0_75.png,0,VALID,-0.9116211,-0.040740967,0.37060547,-1.7907038,LCC-FASD external-dev / cross-domain stress set,False
SIC320_id161_s0_90.png,0,VALID,-0.45385742,-0.79248047,0.4543457,-1.1608398,LCC-FASD external-dev / cross-domain stress set,False
SIC320_id161_s0_105.png,0,VALID,-1.0966797,-0.28710938,0.8652344,-2.2364316,LCC-FASD external-dev / cross-domain stress set,False
SIC320_id161_s0_120.png,0,VALID,-1.1738281,-1.1083984,1.5263672,-2.769475,LCC-FASD external-dev / cross-domain stress set,False
SIC320_id161_s0_135.png,0,VALID,-0.7426758,-0.53466797,0.5966797,-1.6189536,LCC-FASD external-dev / cross-domain stress set,False
SIC320_id161_s0_150.png,0,VALID,-1.1591797,-0.47583008,1.0126953,-2.3753915,LCC-FASD external-dev / cross-domain stress set,False
UNKNOWN_id152_s0_15.png,0,VALID,1.6650391,-0.15478516,-2.28125,1.7071581,LCC-FASD external-dev / cross-domain stress set,True
UNKNOWN_id152_s0_30.png,0,VALID,2.0917969,-0.5180664,-2.4960938,2.4802904,LCC-FASD external-dev / cross-domain stress set,True
UNKNOWN_id152_s0_45.png,0,VALID,1.8632812,-0.52246094,-2.1992188,2.2143307,LCC-FASD external-dev / cross-domain stress set,True
UNKNOWN_id152_s0_60.png,0,VALID,1.5976562,0.11846924,-2.2285156,1.3878328,LCC-FASD external-dev / cross-domain stress set,True
UNKNOWN_id152_s0_75.png,0,VALID,1.5527344,-0.005756378,-2.1035156,1.4427266,LCC-FASD external-dev / cross-domain stress set,True
UNKNOWN_id152_s0_90.png,0,VALID,0.7006836,0.9038086,-2.0117188,-0.25588393,LCC-FASD external-dev / cross-domain stress set,True
UNKNOWN_id152_s0_105.png,0,VALID,1.0078125,0.7133789,-2.2597656,0.24455619,LCC-FASD external-dev / cross-domain stress set,True
UNKNOWN_id152_s0_120.png,0,VALID,1.9335938,-0.66064453,-2.2636719,2.4108455,LCC-FASD external-dev / cross-domain stress set,True
UNKNOWN_id152_s0_135.png,0,VALID,2.0410156,-0.0602417,-2.6308594,2.027553,LCC-FASD external-dev / cross-domain stress set,True
UNKNOWN_id152_s0_150.png,0,VALID,2.1386719,-0.6713867,-2.3476562,2.63857,LCC-FASD external-dev / cross-domain stress set,True
YOUTUBE_id115_s0_15.png,0,VALID,1.7333984,-2.15625,-1.6728516,2.9258728,LCC-FASD external-dev / cross-domain stress set,True
YOUTUBE_id115_s0_30.png,0,VALID,1.7421875,-2.125,-1.7363281,2.960939,LCC-FASD external-dev / cross-domain stress set,True
YOUTUBE_id115_s0_45.png,0,VALID,1.4775391,-2.0,-1.4384766,2.4647238,LCC-FASD external-dev / cross-domain stress set,True
YOUTUBE_id115_s0_60.png,0,VALID,1.5332031,-2.0585938,-1.3964844,2.5137691,LCC-FASD external-dev / cross-domain stress set,True
YOUTUBE_id115_s0_75.png,0,VALID,1.6289062,-1.9980469,-1.5273438,2.6710112,LCC-FASD external-dev / cross-domain stress set,True
YOUTUBE_id115_s0_90.png,0,VALID,1.7919922,-2.4648438,-1.59375,3.0361466,LCC-FASD external-dev / cross-domain stress set,True
YOUTUBE_id115_s0_105.png,0,VALID,2.0175781,-2.1230469,-1.8330078,3.2919798,LCC-FASD external-dev / cross-domain stress set,True
YOUTUBE_id115_s0_120.png,0,VALID,1.8066406,-2.1015625,-1.7373047,3.0164325,LCC-FASD external-dev / cross-domain stress set,True
YOUTUBE_id115_s0_135.png,0,VALID,1.6298828,-2.1308594,-1.5166016,2.7140255,LCC-FASD external-dev / cross-domain stress set,True
YOUTUBE_id115_s1_15.png,0,VALID,1.6796875,-2.3105469,-1.5556641,2.8500445,LCC-FASD external-dev / cross-domain stress set,True
YOUTUBE_id115_s1_30.png,0,VALID,1.6152344,-2.2304688,-1.4423828,2.6828077,LCC-FASD external-dev / cross-domain stress set,True
YOUTUBE_id115_s1_45.png,0,VALID,1.6025391,-2.1757812,-1.4746094,2.6743512,LCC-FASD external-dev / cross-domain stress set,True
YOUTUBE_id115_s1_60.png,0,VALID,1.5703125,-2.1171875,-1.4287109,2.591999,LCC-FASD external-dev / cross-domain stress set,True
YOUTUBE_id115_s1_75.png,0,VALID,1.7412109,-2.3164062,-1.4443359,2.8362393,LCC-FASD external-dev / cross-domain stress set,True
YOUTUBE_id115_s1_90.png,0,VALID,1.5712891,-2.2695312,-1.3583984,2.5917387,LCC-FASD external-dev / cross-domain stress set,True
YOUTUBE_id115_s1_105.png,0,VALID,1.6826172,-2.2539062,-1.5058594,2.8009787,LCC-FASD external-dev / cross-domain stress set,True
YOUTUBE_id115_s1_120.png,0,VALID,1.5097656,-2.3261719,-1.2734375,2.4838529,LCC-FASD external-dev / cross-domain stress set,True
YOUTUBE_id115_s1_135.png,0,VALID,1.7705078,-2.2617188,-1.7226562,3.0336561,LCC-FASD external-dev / cross-domain stress set,True
YOUTUBE_id115_s1_150.png,0,VALID,1.6621094,-2.1699219,-1.5517578,2.7827778,LCC-FASD external-dev / cross-domain stress set,True
YOUTUBE_id115_s2_15.png,0,VALID,1.3994141,-2.2421875,-1.265625,2.34542,LCC-FASD external-dev / cross-domain stress set,True
YOUTUBE_id115_s2_30.png,0,VALID,1.7148438,-2.3476562,-1.6064453,2.9315898,LCC-FASD external-dev / cross-domain stress set,True
YOUTUBE_id115_s2_105.png,0,VALID,1.8330078,-2.34375,-1.5078125,2.9807239,LCC-FASD external-dev / cross-domain stress set,True
YOUTUBE_id115_s2_120.png,0,VALID,1.7099609,-2.3261719,-1.6123047,2.9236596,LCC-FASD external-dev / cross-domain stress set,True
YOUTUBE_id115_s2_135.png,0,VALID,1.6142578,-2.1679688,-1.4443359,2.6631875,LCC-FASD external-dev / cross-domain stress set,True
YOUTUBE_id115_s2_150.png,0,VALID,1.6533203,-2.3046875,-1.4667969,2.7606106,LCC-FASD external-dev / cross-domain stress set,True
FT720P_id5_s0_30.png,0,VALID,2.03125,-1.6210938,-1.796875,3.0432298,LCC-FASD external-dev / cross-domain stress set,True
FT720P_id5_s0_45.png,0,VALID,2.0175781,-1.6103516,-1.7998047,3.0250292,LCC-FASD external-dev / cross-domain stress set,True
FT720P_id5_s0_60.png,0,VALID,1.9775391,-1.5273438,-1.8125,2.9441838,LCC-FASD external-dev / cross-domain stress set,True
FT720P_id5_s0_75.png,0,VALID,2.0292969,-1.5292969,-1.8613281,3.0177445,LCC-FASD external-dev / cross-domain stress set,True
FT720P_id5_s0_90.png,0,VALID,1.9833984,-1.5595703,-1.8173828,2.9704423,LCC-FASD external-dev / cross-domain stress set,True
FT720P_id9_s0_15.png,0,VALID,1.0302734,0.48754883,-2.0976562,0.47004998,LCC-FASD external-dev / cross-domain stress set,True
FT720P_id9_s0_30.png,0,VALID,1.2880859,0.25024414,-2.2226562,0.95687044,LCC-FASD external-dev / cross-domain stress set,True
FT720P_id9_s0_45.png,0,VALID,0.9970703,0.72753906,-2.2050781,0.21764356,LCC-FASD external-dev / cross-domain stress set,True
FT720P_id9_s0_60.png,0,VALID,1.1474609,0.41625977,-2.1601562,0.65790784,LCC-FASD external-dev / cross-domain stress set,True
FT720P_id9_s0_75.png,0,VALID,1.1357422,0.6123047,-2.2949219,0.4702503,LCC-FASD external-dev / cross-domain stress set,True
FT720P_id9_s0_90.png,0,VALID,1.1914062,0.5126953,-2.2773438,0.61910444,LCC-FASD external-dev / cross-domain stress set,True
FT720P_id9_s0_105.png,0,VALID,1.0878906,0.6567383,-2.2304688,0.37691832,LCC-FASD external-dev / cross-domain stress set,True
FT720P_id9_s0_120.png,0,VALID,1.0185547,0.85058594,-2.3046875,0.12622553,LCC-FASD external-dev / cross-domain stress set,True
FT720P_id9_s0_135.png,0,VALID,1.1171875,0.67529297,-2.3046875,0.3923486,LCC-FASD external-dev / cross-domain stress set,True
FT720P_id9_s0_150.png,0,VALID,0.9160156,0.72216797,-2.140625,0.13830984,LCC-FASD external-dev / cross-domain stress set,True
IPHONE8B_id5_s2_15.png,0,VALID,1.7792969,-1.8642578,-1.7509766,2.8921638,LCC-FASD external-dev / cross-domain stress set,True
IPHONE8B_id5_s2_30.png,0,VALID,1.7509766,-1.9638672,-1.7285156,2.8971128,LCC-FASD external-dev / cross-domain stress set,True
IPHONE8B_id5_s2_45.png,0,VALID,1.7080078,-1.9316406,-1.6777344,2.811511,LCC-FASD external-dev / cross-domain stress set,True
IPHONE8B_id5_s2_60.png,0,VALID,1.7626953,-1.7871094,-1.7265625,2.8259258,LCC-FASD external-dev / cross-domain stress set,True
IPHONE8B_id5_s2_75.png,0,VALID,1.7509766,-1.8701172,-1.7050781,2.8420262,LCC-FASD external-dev / cross-domain stress set,True
IPHONE8B_id5_s2_90.png,0,VALID,1.7880859,-1.8398438,-1.7617188,2.8949573,LCC-FASD external-dev / cross-domain stress set,True
IPHONE8B_id5_s2_105.png,0,VALID,1.7597656,-1.9179688,-1.6992188,2.8692427,LCC-FASD external-dev / cross-domain stress set,True
IPHONE8B_id5_s2_120.png,0,VALID,1.8125,-1.8261719,-1.7597656,2.9117703,LCC-FASD external-dev / cross-domain stress set,True
IPHONE8B_id5_s2_135.png,0,VALID,1.8417969,-1.828125,-1.7929688,2.959042,LCC-FASD external-dev / cross-domain stress set,True
IPHONE8B_id5_s2_150.png,0,VALID,1.8261719,-1.8466797,-1.7480469,2.9291725,LCC-FASD external-dev / cross-domain stress set,True
IPHONE8B_id9_s2_15.png,0,VALID,1.8798828,-1.9228516,-1.5517578,2.9069242,LCC-FASD external-dev / cross-domain stress set,True
IPHONE8B_id9_s2_30.png,0,VALID,2.1367188,-2.140625,-1.6601562,3.3153794,LCC-FASD external-dev / cross-domain stress set,True
IPHONE8B_id9_s2_45.png,0,VALID,2.0878906,-1.6865234,-1.78125,3.1275089,LCC-FASD external-dev / cross-domain stress set,True
IPHONE8B_id9_s2_60.png,0,VALID,1.9658203,-1.9648438,-1.6337891,3.058352,LCC-FASD external-dev / cross-domain stress set,True
IPHONE8B_id9_s2_75.png,0,VALID,1.9716797,-1.9658203,-1.6142578,3.053201,LCC-FASD external-dev / cross-domain stress set,True
IPHONE8B_id9_s2_90.png,0,VALID,2.1113281,-2.1582031,-1.6699219,3.3027325,LCC-FASD external-dev / cross-domain stress set,True
IPHONE8B_id9_s2_105.png,0,VALID,2.0878906,-2.0820312,-1.6513672,3.2384357,LCC-FASD external-dev / cross-domain stress set,True
IPHONE8B_id9_s2_120.png,0,VALID,2.0078125,-1.8652344,-1.6933594,3.090274,LCC-FASD external-dev / cross-domain stress set,True
IPHONE8B_id9_s2_135.png,0,VALID,1.9472656,-1.7373047,-1.6689453,2.9566593,LCC-FASD external-dev / cross-domain stress set,True
IPHONE8B_id9_s2_150.png,0,VALID,1.9638672,-2.0859375,-1.5693359,3.0653615,LCC-FASD external-dev / cross-domain stress set,True
IPHONE8B_id81_s0_15.png,0,VALID,1.6318359,-1.6259766,-1.8007812,2.648253,LCC-FASD external-dev / cross-domain stress set,True
IPHONE8B_id81_s0_30.png,0,VALID,1.5878906,-1.4716797,-1.78125,2.5092766,LCC-FASD external-dev / cross-domain stress set,True
IPHONE8B_id81_s0_45.png,0,VALID,1.6552734,-1.5615234,-1.7939453,2.6331234,LCC-FASD external-dev / cross-domain stress set,True
IPHONE8B_id81_s0_60.png,0,VALID,1.6796875,-1.5546875,-1.8583984,2.6815972,LCC-FASD external-dev / cross-domain stress set,True
IPHONE8B_id81_s0_75.png,0,VALID,1.5908203,-1.6044922,-1.7460938,2.5704618,LCC-FASD external-dev / cross-domain stress set,True
IPHONE8B_id81_s0_90.png,0,VALID,1.6484375,-1.5957031,-1.8105469,2.6526566,LCC-FASD external-dev / cross-domain stress set,True
IPHONE8B_id81_s0_105.png,0,VALID,1.6005859,-1.5839844,-1.7910156,2.5895905,LCC-FASD external-dev / cross-domain stress set,True
IPHONE8B_id81_s0_120.png,0,VALID,1.6054688,-1.4892578,-1.7900391,2.5407038,LCC-FASD external-dev / cross-domain stress set,True
IPHONE8B_id81_s0_135.png,0,VALID,1.6865234,-1.6523438,-1.7871094,2.7108343,LCC-FASD external-dev / cross-domain stress set,True
IPHONE8B_id81_s0_150.png,0,VALID,1.7216797,-1.6953125,-1.8222656,2.7853084,LCC-FASD external-dev / cross-domain stress set,True
MSIGT72_id164_s0_15.png,0,VALID,-0.8251953,2.5195312,-1.3574219,-3.3652287,LCC-FASD external-dev / cross-domain stress set,False
MSIGT72_id164_s0_30.png,0,VALID,-0.6044922,2.2695312,-1.3320312,-2.900939,LCC-FASD external-dev / cross-domain stress set,False
MSIGT72_id164_s0_45.png,0,VALID,-1.0117188,2.5820312,-1.2978516,-3.614193,LCC-FASD external-dev / cross-domain stress set,False
MSIGT72_id164_s0_60.png,0,VALID,-0.84472656,2.5546875,-1.4140625,-3.4181347,LCC-FASD external-dev / cross-domain stress set,False
MSIGT72_id164_s0_75.png,0,VALID,-0.78222656,2.3964844,-1.3115234,-3.2029414,LCC-FASD external-dev / cross-domain stress set,False
MSIGT72_id164_s0_90.png,0,VALID,-0.60546875,2.2871094,-1.4111328,-2.9170434,LCC-FASD external-dev / cross-domain stress set,False
MSIGT72_id164_s0_105.png,0,VALID,-0.8071289,2.5058594,-1.3808594,-3.3332932,LCC-FASD external-dev / cross-domain stress set,False
MSIGT72_id164_s0_120.png,0,VALID,-0.5102539,2.2636719,-1.4980469,-2.7969036,LCC-FASD external-dev / cross-domain stress set,False
MSIGT72_id164_s0_135.png,0,VALID,-0.92822266,2.6953125,-1.3671875,-3.6405947,LCC-FASD external-dev / cross-domain stress set,False
PBUNKNOWN_id169_s0_105.png,0,VALID,1.3154297,-1.1318359,-1.2929688,1.8314428,LCC-FASD external-dev / cross-domain stress set,True
FT720P_id0_s2_45.png,0,VALID,-0.06738281,1.6123047,-1.6845703,-1.7160181,LCC-FASD external-dev / cross-domain stress set,False
FT720P_id0_s2_60.png,0,VALID,0.13708496,1.7285156,-2.046875,-1.6140999,LCC-FASD external-dev / cross-domain stress set,False
FT720P_id0_s2_75.png,0,VALID,0.41430664,1.5673828,-2.1445312,-1.1772133,LCC-FASD external-dev / cross-domain stress set,False
FT720P_id0_s2_90.png,0,VALID,0.25634766,1.7666016,-2.0957031,-1.5310555,LCC-FASD external-dev / cross-domain stress set,False
FT720P_id0_s3_16.png,0,VALID,-0.43481445,2.4980469,-1.9375,-2.9446402,LCC-FASD external-dev / cross-domain stress set,False
FT720P_id0_s3_31.png,0,VALID,-0.5048828,2.6503906,-1.9785156,-3.1649914,LCC-FASD external-dev / cross-domain stress set,False
FT720P_id0_s3_46.png,0,VALID,-0.6464844,2.8632812,-2.0039062,-3.517431,LCC-FASD external-dev / cross-domain stress set,False
FT720P_id0_s3_61.png,0,VALID,-0.41308594,2.671875,-2.140625,-3.0930557,LCC-FASD external-dev / cross-domain stress set,False
FT720P_id0_s3_77.png,0,VALID,-0.30664062,2.7382812,-2.3203125,-3.0512562,LCC-FASD external-dev / cross-domain stress set,False
FT720P_id0_s3_92.png,0,VALID,-0.48583984,2.7871094,-2.1445312,-3.280138,LCC-FASD external-dev / cross-domain stress set,False
FT720P_id0_s3_107.png,0,VALID,-0.48291016,2.734375,-2.0917969,-3.2252703,LCC-FASD external-dev / cross-domain stress set,False
FT720P_id0_s3_127.png,0,VALID,-0.5727539,2.7226562,-2.0058594,-3.304211,LCC-FASD external-dev / cross-domain stress set,False
FT720P_id0_s3_142.png,0,VALID,-0.60302734,2.5371094,-1.8056641,-3.1530533,LCC-FASD external-dev / cross-domain stress set,False
FT720P_id0_s3_157.png,0,VALID,-0.5136719,2.53125,-1.8496094,-3.0573587,LCC-FASD external-dev / cross-domain stress set,False
FT720P_id5_s0_15.png,0,VALID,2.015625,-1.5380859,-1.8125,2.988387,LCC-FASD external-dev / cross-domain stress set,True
FT720P_id5_s0_105.png,0,VALID,2.0058594,-1.4677734,-1.8300781,2.945319,LCC-FASD external-dev / cross-domain stress set,True
FT720P_id5_s0_120.png,0,VALID,2.046875,-1.5576172,-1.8955078,3.0660865,LCC-FASD external-dev / cross-domain stress set,True
FT720P_id5_s0_135.png,0,VALID,2.0449219,-1.6445312,-1.8378906,3.0883193,LCC-FASD external-dev / cross-domain stress set,True
FT720P_id5_s0_150.png,0,VALID,1.9746094,-1.6201172,-1.7900391,2.9829354,LCC-FASD external-dev / cross-domain stress set,True
FT720P_id12_s0_15.png,0,VALID,1.8837891,-0.91064453,-2.1015625,2.5290415,LCC-FASD external-dev / cross-domain stress set,True
FT720P_id12_s0_30.png,0,VALID,1.9072266,-0.8178711,-2.171875,2.495412,LCC-FASD external-dev / cross-domain stress set,True
FT720P_id12_s0_45.png,0,VALID,1.8720703,-0.8647461,-2.1171875,2.4854305,LCC-FASD external-dev / cross-domain stress set,True
FT720P_id12_s0_60.png,0,VALID,1.9023438,-1.0302734,-2.0957031,2.6365356,LCC-FASD external-dev / cross-domain stress set,True
FT720P_id12_s0_75.png,0,VALID,2.0625,-1.0722656,-2.1523438,2.8424177,LCC-FASD external-dev / cross-domain stress set,True
FT720P_id12_s0_90.png,0,VALID,2.0390625,-0.9946289,-2.1933594,2.770115,LCC-FASD external-dev / cross-domain stress set,True
FT720P_id12_s0_105.png,0,VALID,2.1640625,-1.1708984,-2.2070312,3.031289,LCC-FASD external-dev / cross-domain stress set,True
FT720P_id12_s0_120.png,0,VALID,2.1621094,-1.4111328,-2.0195312,3.1387222,LCC-FASD external-dev / cross-domain stress set,True
FT720P_id12_s0_135.png,0,VALID,2.0703125,-1.0458984,-2.1796875,2.8372078,LCC-FASD external-dev / cross-domain stress set,True
FT720P_id12_s0_150.png,0,VALID,1.9355469,-1.3642578,-1.9677734,2.8635612,LCC-FASD external-dev / cross-domain stress set,True
FT720P_id12_s1_15.png,0,VALID,1.8867188,-1.0869141,-2.0703125,2.655879,LCC-FASD external-dev / cross-domain stress set,True
FT720P_id12_s1_30.png,0,VALID,2.1308594,-1.2695312,-2.2089844,3.0704818,LCC-FASD external-dev / cross-domain stress set,True
FT720P_id12_s1_45.png,0,VALID,1.9179688,-0.84716797,-2.1816406,2.5314116,LCC-FASD external-dev / cross-domain stress set,True
FT720P_id12_s1_60.png,0,VALID,1.8759766,-1.0732422,-2.0429688,2.6277246,LCC-FASD external-dev / cross-domain stress set,True
FT720P_id12_s1_75.png,0,VALID,1.9501953,-0.9580078,-2.1425781,2.6413279,LCC-FASD external-dev / cross-domain stress set,True
FT720P_id12_s1_90.png,0,VALID,2.0273438,-0.95654297,-2.1757812,2.7250247,LCC-FASD external-dev / cross-domain stress set,True
FT720P_id12_s1_105.png,0,VALID,2.0273438,-0.99658203,-2.1640625,2.7530212,LCC-FASD external-dev / cross-domain stress set,True
FT720P_id12_s1_120.png,0,VALID,1.9580078,-1.1835938,-2.0234375,2.7826846,LCC-FASD external-dev / cross-domain stress set,True
FT720P_id12_s1_135.png,0,VALID,1.8554688,-1.1835938,-1.9707031,2.6639476,LCC-FASD external-dev / cross-domain stress set,True
FT720P_id12_s1_150.png,0,VALID,1.9511719,-1.1933594,-2.109375,2.8079805,LCC-FASD external-dev / cross-domain stress set,True
FT720P_id12_s2_15.png,0,VALID,1.8310547,-0.93847656,-2.0058594,2.47395,LCC-FASD external-dev / cross-domain stress set,True
FT720P_id12_s2_30.png,0,VALID,1.8964844,-1.0107422,-2.078125,2.6116452,LCC-FASD external-dev / cross-domain stress set,True
FT720P_id12_s2_45.png,0,VALID,1.9248047,-1.2539062,-1.9677734,2.7801049,LCC-FASD external-dev / cross-domain stress set,True
FT720P_id12_s2_60.png,0,VALID,1.9101562,-1.2480469,-2.0605469,2.7909613,LCC-FASD external-dev / cross-domain stress set,True
FT720P_id12_s2_75.png,0,VALID,2.0449219,-1.0751953,-2.1386719,2.8235347,LCC-FASD external-dev / cross-domain stress set,True
FT720P_id12_s2_90.png,0,VALID,1.7832031,-0.6323242,-2.046875,2.1979716,LCC-FASD external-dev / cross-domain stress set,True
FT720P_id12_s2_105.png,0,VALID,1.8935547,-1.03125,-2.0371094,2.6131155,LCC-FASD external-dev / cross-domain stress set,True
FT720P_id12_s2_120.png,0,VALID,1.9921875,-1.21875,-2.0664062,2.85437,LCC-FASD external-dev / cross-domain stress set,True
FT720P_id12_s2_135.png,0,VALID,2.03125,-1.2158203,-2.1152344,2.905747,LCC-FASD external-dev / cross-domain stress set,True
FT720P_id12_s2_150.png,0,VALID,1.9052734,-1.1298828,-2.0175781,2.6904302,LCC-FASD external-dev / cross-domain stress set,True
AGL752VM_id147_s0_15.png,0,VALID,2.2675781,-1.6279297,-2.3105469,3.4865203,LCC-FASD external-dev / cross-domain stress set,True
AGL752VM_id147_s0_30.png,0,VALID,2.3183594,-1.5576172,-2.3574219,3.5048153,LCC-FASD external-dev / cross-domain stress set,True
AGL752VM_id147_s0_45.png,0,VALID,1.9169922,-1.4755859,-1.9238281,2.8986444,LCC-FASD external-dev / cross-domain stress set,True
AGL752VM_id147_s0_60.png,0,VALID,2.1660156,-1.4667969,-2.2070312,3.242798,LCC-FASD external-dev / cross-domain stress set,True
AGL752VM_id147_s0_75.png,0,VALID,1.9453125,-1.3339844,-2.046875,2.8803697,LCC-FASD external-dev / cross-domain stress set,True
AGL752VM_id147_s0_90.png,0,VALID,2.0,-1.1542969,-2.1777344,2.8472848,LCC-FASD external-dev / cross-domain stress set,True
AGL752VM_id147_s0_105.png,0,VALID,1.9726562,-1.3515625,-2.0605469,2.924005,LCC-FASD external-dev / cross-domain stress set,True
AGL752VM_id147_s0_120.png,0,VALID,1.8320312,-0.81347656,-2.2460938,2.4314587,LCC-FASD external-dev / cross-domain stress set,True
AGL752VM_id147_s0_135.png,0,VALID,1.7460938,-0.8383789,-2.1074219,2.3367531,LCC-FASD external-dev / cross-domain stress set,True
AGL752VM_id147_s0_150.png,0,VALID,1.8740234,-1.0390625,-2.1367188,2.6251647,LCC-FASD external-dev / cross-domain stress set,True
FT720P_id0_s0_15.png,0,VALID,1.7773438,-1.4277344,-1.9482422,2.7386942,LCC-FASD external-dev / cross-domain stress set,True
FT720P_id0_s0_30.png,0,VALID,1.7480469,-1.6367188,-1.8466797,2.7910986,LCC-FASD external-dev / cross-domain stress set,True
FT720P_id0_s0_45.png,0,VALID,1.6953125,-1.5996094,-1.7900391,2.6924634,LCC-FASD external-dev / cross-domain stress set,True
FT720P_id0_s0_60.png,0,VALID,1.6914062,-1.6367188,-1.7470703,2.6886322,LCC-FASD external-dev / cross-domain stress set,True
FT720P_id0_s0_75.png,0,VALID,1.7802734,-1.7021484,-1.8339844,2.8530216,LCC-FASD external-dev / cross-domain stress set,True
FT720P_id0_s0_90.png,0,VALID,1.7646484,-1.8154297,-1.8144531,2.8864427,LCC-FASD external-dev / cross-domain stress set,True
FT720P_id0_s0_105.png,0,VALID,1.6787109,-1.4589844,-1.8183594,2.608178,LCC-FASD external-dev / cross-domain stress set,True
FT720P_id0_s0_120.png,0,VALID,1.9277344,-1.6035156,-1.9443359,2.994063,LCC-FASD external-dev / cross-domain stress set,True
FT720P_id0_s0_135.png,0,VALID,1.7773438,-1.6884766,-1.8574219,2.8535821,LCC-FASD external-dev / cross-domain stress set,True
FT720P_id0_s0_150.png,0,VALID,1.7138672,-1.4921875,-1.8486328,2.6753318,LCC-FASD external-dev / cross-domain stress set,True
FT720P_id0_s1_15.png,0,VALID,1.5458984,-1.5957031,-1.6503906,2.4754243,LCC-FASD external-dev / cross-domain stress set,True
FT720P_id0_s1_30.png,0,VALID,1.5332031,-1.6113281,-1.6318359,2.4615855,LCC-FASD external-dev / cross-domain stress set,True
FT720P_id0_s1_45.png,0,VALID,1.5830078,-1.6035156,-1.7158203,2.547953,LCC-FASD external-dev / cross-domain stress set,True
FT720P_id0_s1_60.png,0,VALID,1.6171875,-1.8164062,-1.6455078,2.651351,LCC-FASD external-dev / cross-domain stress set,True
FT720P_id0_s1_75.png,0,VALID,1.5566406,-1.6074219,-1.6474609,2.4907346,LCC-FASD external-dev / cross-domain stress set,True
FT720P_id0_s1_90.png,0,VALID,1.5878906,-1.6542969,-1.65625,2.5500164,LCC-FASD external-dev / cross-domain stress set,True
FT720P_id0_s1_105.png,0,VALID,1.53125,-1.7060547,-1.5634766,2.4703295,LCC-FASD external-dev / cross-domain stress set,True
FT720P_id0_s1_120.png,0,VALID,1.5644531,-1.59375,-1.6582031,2.4967632,LCC-FASD external-dev / cross-domain stress set,True
FT720P_id0_s1_135.png,0,VALID,1.5742188,-1.7548828,-1.5917969,2.5510905,LCC-FASD external-dev / cross-domain stress set,True
FT720P_id0_s1_150.png,0,VALID,1.5341797,-1.6601562,-1.6113281,2.4764767,LCC-FASD external-dev / cross-domain stress set,True
FT720P_id0_s2_15.png,0,VALID,-0.36254883,1.8076172,-1.4755859,-2.2069876,LCC-FASD external-dev / cross-domain stress set,False
FT720P_id0_s2_30.png,0,VALID,-0.15368652,1.7578125,-1.6982422,-1.9425654,LCC-FASD external-dev / cross-domain stress set,False
FT720P_id0_s2_105.png,0,VALID,0.8022461,1.2460938,-2.3632812,-0.4705565,LCC-FASD external-dev / cross-domain stress set,True
FT720P_id0_s2_120.png,0,VALID,0.20422363,1.7851562,-2.0683594,-1.601916,LCC-FASD external-dev / cross-domain stress set,False
FT720P_id0_s2_135.png,0,VALID,0.7416992,1.1445312,-2.2089844,-0.43719602,LCC-FASD external-dev / cross-domain stress set,True
FT720P_id0_s2_150.png,0,VALID,0.71533203,1.3574219,-2.3691406,-0.6658801,LCC-FASD external-dev / cross-domain stress set,False
YOUTUBE_id48_s2_15.png,0,VALID,1.6865234,-1.8066406,-1.6269531,2.7061427,LCC-FASD external-dev / cross-domain stress set,True
YOUTUBE_id48_s2_30.png,0,VALID,1.0214844,-0.6333008,-1.6435547,1.344271,LCC-FASD external-dev / cross-domain stress set,True
YOUTUBE_id48_s2_45.png,0,VALID,1.5302734,-1.7519531,-1.5625,2.489873,LCC-FASD external-dev / cross-domain stress set,True
YOUTUBE_id48_s2_78.png,0,VALID,1.5107422,-0.75439453,-1.8798828,1.9841062,LCC-FASD external-dev / cross-domain stress set,True
spoof_1793.png,1,VALID,-0.47583008,1.1855469,-0.85791016,-1.7832229,LCC-FASD external-dev / cross-domain stress set,False
spoof_1794.png,1,VALID,-1.2226562,1.203125,-0.12915039,-2.6599646,LCC-FASD external-dev / cross-domain stress set,False
spoof_1795.png,1,VALID,-0.39941406,1.0009766,-0.78808594,-1.554927,LCC-FASD external-dev / cross-domain stress set,False
spoof_1796.png,1,VALID,-1.5869141,1.9199219,-0.24694824,-3.6152737,LCC-FASD external-dev / cross-domain stress set,False
spoof_1797.png,1,VALID,-0.8261719,0.90478516,-0.5415039,-1.9423862,LCC-FASD external-dev / cross-domain stress set,False
spoof_1798.png,1,VALID,0.17297363,0.7055664,-1.2529297,-0.6645595,LCC-FASD external-dev / cross-domain stress set,False
spoof_1799.png,1,VALID,-1.1962891,1.4746094,-0.41064453,-2.8122163,LCC-FASD external-dev / cross-domain stress set,False
spoof_1800.png,1,VALID,0.04953003,0.6333008,-1.0537109,-0.753574,LCC-FASD external-dev / cross-domain stress set,False
spoof_1801.png,1,VALID,-0.66259766,1.3798828,-1.0595703,-2.1260939,LCC-FASD external-dev / cross-domain stress set,False
spoof_1802.png,1,VALID,0.40942383,-0.6220703,-0.8208008,0.4327836,LCC-FASD external-dev / cross-domain stress set,True
spoof_1803.png,1,VALID,-0.9086914,1.484375,-0.73828125,-2.4959126,LCC-FASD external-dev / cross-domain stress set,False
spoof_1804.png,1,VALID,1.8427734,-1.8681641,-1.6015625,2.875631,LCC-FASD external-dev / cross-domain stress set,True
spoof_1805.png,1,VALID,-0.5629883,1.1767578,-0.95654297,-1.851686,LCC-FASD external-dev / cross-domain stress set,False
spoof_1806.png,1,VALID,1.953125,-1.8603516,-1.6455078,3.0071487,LCC-FASD external-dev / cross-domain stress set,True
spoof_1807.png,1,VALID,0.7573242,-1.265625,-0.5727539,0.92452097,LCC-FASD external-dev / cross-domain stress set,True
spoof_1808.png,1,VALID,1.3525391,-1.4765625,-1.1328125,1.949381,LCC-FASD external-dev / cross-domain stress set,True
spoof_1809.png,1,VALID,-0.6430664,1.0458984,-0.82958984,-1.831575,LCC-FASD external-dev / cross-domain stress set,False
spoof_1810.png,1,VALID,1.9208984,-2.0195312,-1.6455078,3.042885,LCC-FASD external-dev / cross-domain stress set,True
spoof_1811.png,1,VALID,0.8129883,-1.1386719,-0.8828125,1.1224225,LCC-FASD external-dev / cross-domain stress set,True
spoof_1812.png,1,VALID,-0.03164673,0.58447266,-1.0615234,-0.79244,LCC-FASD external-dev / cross-domain stress set,False
spoof_1813.png,1,VALID,-0.16345215,0.80078125,-1.1015625,-1.1033155,LCC-FASD external-dev / cross-domain stress set,False
spoof_1814.png,1,VALID,1.5634766,-2.1582031,-1.1416016,2.3962543,LCC-FASD external-dev / cross-domain stress set,True
spoof_1815.png,1,VALID,-0.77978516,1.2148438,-0.8222656,-2.117205,LCC-FASD external-dev / cross-domain stress set,False
spoof_1816.png,1,VALID,1.9550781,-1.8935547,-1.7001953,3.0541396,LCC-FASD external-dev / cross-domain stress set,True
spoof_1817.png,1,VALID,-0.10900879,-0.7416992,0.048187256,-0.5314431,LCC-FASD external-dev / cross-domain stress set,True
spoof_1818.png,1,VALID,1.6054688,-1.5634766,-1.3808594,2.3803267,LCC-FASD external-dev / cross-domain stress set,True
spoof_1819.png,1,VALID,-0.56347656,0.80566406,-0.72314453,-1.56536,LCC-FASD external-dev / cross-domain stress set,False
spoof_1820.png,1,VALID,-0.11895752,1.0400391,-1.3271484,-1.2486033,LCC-FASD external-dev / cross-domain stress set,False
spoof_1821.png,1,VALID,0.057250977,-0.44311523,-0.3696289,-0.23019904,LCC-FASD external-dev / cross-domain stress set,True
spoof_1822.png,1,VALID,1.3925781,-1.4697266,-1.1035156,1.9693811,LCC-FASD external-dev / cross-domain stress set,True
spoof_1823.png,1,VALID,-0.70410156,1.3554688,-1.0517578,-2.1458073,LCC-FASD external-dev / cross-domain stress set,False
spoof_1824.png,1,VALID,-1.1376953,1.5800781,-0.39111328,-2.8481793,LCC-FASD external-dev / cross-domain stress set,False
spoof_1825.png,1,VALID,-0.9291992,1.3798828,-0.54589844,-2.4451518,LCC-FASD external-dev / cross-domain stress set,False
spoof_1826.png,1,VALID,-1.2314453,2.5351562,-1.0605469,-3.7936733,LCC-FASD external-dev / cross-domain stress set,False
spoof_1827.png,1,VALID,-1.4970703,1.8525391,-0.32861328,-3.4565887,LCC-FASD external-dev / cross-domain stress set,False
spoof_1828.png,1,VALID,-1.3085938,1.0078125,0.13427734,-2.665282,LCC-FASD external-dev / cross-domain stress set,False
spoof_1829.png,1,VALID,-1.0732422,1.4814453,-0.60498047,-2.671697,LCC-FASD external-dev / cross-domain stress set,False
spoof_1830.png,1,VALID,-0.88623047,1.0566406,-0.3569336,-2.1606178,LCC-FASD external-dev / cross-domain stress set,False
spoof_1831.png,1,VALID,-1.2392578,2.5722656,-1.1015625,-3.836586,LCC-FASD external-dev / cross-domain stress set,False
spoof_1832.png,1,VALID,-0.9536133,1.5322266,-0.58691406,-2.599289,LCC-FASD external-dev / cross-domain stress set,False
spoof_1833.png,1,VALID,-0.8652344,1.7509766,-0.8442383,-2.6881871,LCC-FASD external-dev / cross-domain stress set,False
spoof_1834.png,1,VALID,-1.3115234,2.0488281,-0.5854492,-3.429664,LCC-FASD external-dev / cross-domain stress set,False
spoof_1835.png,1,VALID,-1.5273438,1.7304688,-0.003314972,-3.420454,LCC-FASD external-dev / cross-domain stress set,False
spoof_1836.png,1,VALID,-0.98339844,1.6962891,-0.82470703,-2.757,LCC-FASD external-dev / cross-domain stress set,False
spoof_1837.png,1,VALID,-0.8491211,1.6835938,-0.82714844,-2.6107938,LCC-FASD external-dev / cross-domain stress set,False
spoof_1838.png,1,VALID,-1.2255859,2.203125,-0.82470703,-3.4759958,LCC-FASD external-dev / cross-domain stress set,False
spoof_1839.png,1,VALID,-0.9350586,1.6005859,-0.8203125,-2.620759,LCC-FASD external-dev / cross-domain stress set,False
spoof_1840.png,1,VALID,-0.3708496,0.5991211,-0.609375,-1.231293,LCC-FASD external-dev / cross-domain stress set,False
spoof_1841.png,1,VALID,-0.8286133,1.5488281,-0.8901367,-2.461094,LCC-FASD external-dev / cross-domain stress set,False
spoof_1730.png,1,VALID,1.7421875,-2.171875,-1.6201172,2.907455,LCC-FASD external-dev / cross-domain stress set,True
spoof_1731.png,1,VALID,1.015625,-1.4960938,-0.60009766,1.2734098,LCC-FASD external-dev / cross-domain stress set,True
spoof_1732.png,1,VALID,0.42529297,0.49829102,-1.1523438,-0.2485702,LCC-FASD external-dev / cross-domain stress set,True
spoof_1733.png,1,VALID,-1.2460938,1.4736328,-0.3557129,-2.8685935,LCC-FASD external-dev / cross-domain stress set,False
spoof_1734.png,1,VALID,-0.56640625,2.2929688,-1.6328125,-2.8789096,LCC-FASD external-dev / cross-domain stress set,False
spoof_1735.png,1,VALID,0.38623047,0.082458496,-0.9091797,-0.011745423,LCC-FASD external-dev / cross-domain stress set,True
spoof_1736.png,1,VALID,-0.8413086,1.0800781,-0.24743652,-2.156566,LCC-FASD external-dev / cross-domain stress set,False
spoof_1737.png,1,VALID,-0.8544922,2.2402344,-1.4335938,-3.1197891,LCC-FASD external-dev / cross-domain stress set,False
spoof_1738.png,1,VALID,-0.71240234,1.5722656,-0.80371094,-2.3735242,LCC-FASD external-dev / cross-domain stress set,False
spoof_1739.png,1,VALID,0.6166992,0.7709961,-1.9736328,-0.21658802,LCC-FASD external-dev / cross-domain stress set,True
spoof_1740.png,1,VALID,0.3425293,0.011268616,-0.9213867,-0.0005632639,LCC-FASD external-dev / cross-domain stress set,True
spoof_1741.png,1,VALID,-1.2617188,1.4736328,-0.14611816,-2.9159617,LCC-FASD external-dev / cross-domain stress set,False
spoof_1742.png,1,VALID,-0.8984375,2.3632812,-1.4775391,-3.2829673,LCC-FASD external-dev / cross-domain stress set,False
spoof_1743.png,1,VALID,-1.1552734,1.4042969,-0.18457031,-2.74535,LCC-FASD external-dev / cross-domain stress set,False
spoof_1744.png,1,VALID,-0.5493164,0.83154297,-0.3881836,-1.6396102,LCC-FASD external-dev / cross-domain stress set,False
spoof_1745.png,1,VALID,-0.8203125,1.1279297,-0.32958984,-2.1575408,LCC-FASD external-dev / cross-domain stress set,False
spoof_1746.png,1,VALID,-0.90185547,2.3808594,-1.4482422,-3.3042111,LCC-FASD external-dev / cross-domain stress set,False
spoof_1747.png,1,VALID,-0.20397949,1.2158203,-1.1660156,-1.5081593,LCC-FASD external-dev / cross-domain stress set,False
spoof_1748.png,1,VALID,-0.42773438,1.8388672,-1.3691406,-2.3062425,LCC-FASD external-dev / cross-domain stress set,False
spoof_1749.png,1,VALID,-0.3227539,0.96875,-0.6899414,-1.4657831,LCC-FASD external-dev / cross-domain stress set,False
spoof_1750.png,1,VALID,-0.79589844,1.8085938,-1.0996094,-2.6576288,LCC-FASD external-dev / cross-domain stress set,False
spoof_1751.png,1,VALID,1.8251953,-1.7548828,-1.4980469,2.75029,LCC-FASD external-dev / cross-domain stress set,True
spoof_1752.png,1,NO_VALID_FACE,,,,,LCC-FASD external-dev / cross-domain stress set,
spoof_1753.png,1,VALID,-0.65283203,1.546875,-0.94140625,-2.2794905,LCC-FASD external-dev / cross-domain stress set,False
spoof_1754.png,1,VALID,1.0751953,-1.1542969,-1.1269531,1.5225797,LCC-FASD external-dev / cross-domain stress set,True
spoof_1755.png,1,VALID,-0.72216797,1.7089844,-1.1074219,-2.489252,LCC-FASD external-dev / cross-domain stress set,False
spoof_1756.png,1,VALID,-0.92041016,1.8007812,-0.8876953,-2.7869647,LCC-FASD external-dev / cross-domain stress set,False
spoof_1757.png,1,VALID,-1.1640625,2.671875,-1.3125,-3.8543706,LCC-FASD external-dev / cross-domain stress set,False
spoof_1758.png,1,VALID,1.4794922,-1.0771484,-1.5107422,2.0569718,LCC-FASD external-dev / cross-domain stress set,True
spoof_1759.png,1,VALID,1.3398438,-0.7504883,-1.5205078,1.7098402,LCC-FASD external-dev / cross-domain stress set,True
spoof_1760.png,1,VALID,-0.16772461,1.2480469,-1.3427734,-1.4880536,LCC-FASD external-dev / cross-domain stress set,False
spoof_1761.png,1,VALID,-0.91064453,1.8457031,-1.0048828,-2.8125486,LCC-FASD external-dev / cross-domain stress set,False
spoof_1762.png,1,VALID,1.3271484,-1.4941406,-1.2470703,1.9969957,LCC-FASD external-dev / cross-domain stress set,True
spoof_1763.png,1,VALID,-0.18322754,1.1630859,-1.3095703,-1.4273039,LCC-FASD external-dev / cross-domain stress set,False
spoof_1764.png,1,VALID,-0.8178711,1.6357422,-0.81152344,-2.5366023,LCC-FASD external-dev / cross-domain stress set,False
spoof_1765.png,1,VALID,-0.765625,1.7998047,-0.90625,-2.630093,LCC-FASD external-dev / cross-domain stress set,False
spoof_1766.png,1,VALID,-0.30664062,0.14489746,-0.27075195,-0.95830244,LCC-FASD external-dev / cross-domain stress set,False
spoof_1767.png,1,VALID,-0.97216797,0.66259766,-0.35083008,-1.9444338,LCC-FASD external-dev / cross-domain stress set,False
spoof_1768.png,1,VALID,-0.68115234,-0.14990234,0.109436035,-1.3624499,LCC-FASD external-dev / cross-domain stress set,False
spoof_1769.png,1,VALID,-0.45581055,-0.57421875,0.24121094,-1.063364,LCC-FASD external-dev / cross-domain stress set,False
spoof_1770.png,1,VALID,-0.9272461,0.08947754,0.02166748,-1.6765405,LCC-FASD external-dev / cross-domain stress set,False
spoof_1771.png,1,VALID,-0.3022461,0.10064697,-0.34887695,-0.89632744,LCC-FASD external-dev / cross-domain stress set,False
spoof_1772.png,1,VALID,-0.2541504,0.8339844,-0.8383789,-1.2602398,LCC-FASD external-dev / cross-domain stress set,False
spoof_1773.png,1,VALID,-0.3017578,-0.89501953,0.2421875,-0.82211745,LCC-FASD external-dev / cross-domain stress set,False
spoof_1774.png,1,VALID,0.15136719,-0.7753906,-0.2241211,-0.079539955,LCC-FASD external-dev / cross-domain stress set,True
spoof_1775.png,1,VALID,-1.1992188,0.14501953,0.27172852,-2.1027455,LCC-FASD external-dev / cross-domain stress set,False
spoof_1776.png,1,VALID,-1.25,1.4970703,-0.4284668,-2.883171,LCC-FASD external-dev / cross-domain stress set,False
spoof_1777.png,1,VALID,-0.18347168,1.2451172,-1.2958984,-1.5044255,LCC-FASD external-dev / cross-domain stress set,False
spoof_1778.png,1,VALID,-0.078552246,1.5673828,-1.5898438,-1.6875985,LCC-FASD external-dev / cross-domain stress set,False
spoof_1779.png,1,VALID,-0.6020508,0.8378906,-0.77197266,-1.622192,LCC-FASD external-dev / cross-domain stress set,False
spoof_1780.png,1,VALID,-1.6865234,2.1289062,-0.29125977,-3.900604,LCC-FASD external-dev / cross-domain stress set,False
spoof_1781.png,1,VALID,-1.4414062,1.2460938,0.045135498,-2.9505606,LCC-FASD external-dev / cross-domain stress set,False
spoof_1782.png,1,VALID,-1.5253906,1.9033203,-0.35009766,-3.528592,LCC-FASD external-dev / cross-domain stress set,False
spoof_1783.png,1,VALID,0.13903809,0.8911133,-1.2353516,-0.8647413,LCC-FASD external-dev / cross-domain stress set,False
spoof_1784.png,1,VALID,-1.1640625,1.4648438,-0.4440918,-2.767135,LCC-FASD external-dev / cross-domain stress set,False
spoof_1673.png,1,VALID,-0.11175537,1.2792969,-1.2958984,-1.4644319,LCC-FASD external-dev / cross-domain stress set,False
spoof_1674.png,1,VALID,-0.22436523,0.65283203,-0.5004883,-1.1514803,LCC-FASD external-dev / cross-domain stress set,False
spoof_1675.png,1,VALID,-0.91845703,0.36694336,0.21765137,-1.9066851,LCC-FASD external-dev / cross-domain stress set,False
spoof_1676.png,1,VALID,-0.12805176,1.3818359,-1.2919922,-1.5765997,LCC-FASD external-dev / cross-domain stress set,False
spoof_1677.png,1,VALID,-1.1298828,2.484375,-1.2509766,-3.6378422,LCC-FASD external-dev / cross-domain stress set,False
spoof_1678.png,1,VALID,-1.0800781,0.18981934,0.4794922,-2.1183333,LCC-FASD external-dev / cross-domain stress set,False
spoof_1679.png,1,VALID,-0.6044922,1.125,-0.7314453,-1.8746543,LCC-FASD external-dev / cross-domain stress set,False
spoof_1680.png,1,VALID,-0.8520508,2.4160156,-1.4931641,-3.2879248,LCC-FASD external-dev / cross-domain stress set,False
spoof_1681.png,1,VALID,-0.46728516,0.95214844,-0.6020508,-1.6111761,LCC-FASD external-dev / cross-domain stress set,False
spoof_1682.png,1,VALID,0.27148438,1.6220703,-1.9394531,-1.3785858,LCC-FASD external-dev / cross-domain stress set,False
spoof_1683.png,1,VALID,-1.1845703,2.4101562,-1.0927734,-3.6243913,LCC-FASD external-dev / cross-domain stress set,False
spoof_1684.png,1,VALID,-0.22351074,-0.29785156,-0.30908203,-0.61320686,LCC-FASD external-dev / cross-domain stress set,False
spoof_1685.png,1,VALID,-0.45776367,0.7207031,-0.6459961,-1.4055603,LCC-FASD external-dev / cross-domain stress set,False
spoof_1686.png,1,VALID,-1.0068359,0.061523438,0.34521484,-1.9133788,LCC-FASD external-dev / cross-domain stress set,False
spoof_1687.png,1,VALID,-1.0849609,2.5761719,-1.3007812,-3.681635,LCC-FASD external-dev / cross-domain stress set,False
spoof_1688.png,1,VALID,-0.8154297,2.1347656,-1.1513672,-2.9869113,LCC-FASD external-dev / cross-domain stress set,False
spoof_1689.png,1,VALID,0.06707764,1.4140625,-1.7128906,-1.3899019,LCC-FASD external-dev / cross-domain stress set,False
spoof_1690.png,1,VALID,0.5083008,0.6035156,-1.3730469,-0.22496569,LCC-FASD external-dev / cross-domain stress set,True
spoof_1691.png,1,VALID,-0.39990234,-0.35131836,-0.03125,-0.9145165,LCC-FASD external-dev / cross-domain stress set,False
spoof_1692.png,1,VALID,-0.5019531,0.8925781,-0.6933594,-1.5808082,LCC-FASD external-dev / cross-domain stress set,False
spoof_1693.png,1,VALID,-0.7626953,-0.56884766,0.9057617,-1.8745506,LCC-FASD external-dev / cross-domain stress set,False
spoof_1694.png,1,VALID,-1.0126953,1.6689453,-0.5366211,-2.78617,LCC-FASD external-dev / cross-domain stress set,False
spoof_1695.png,1,VALID,1.5400391,-1.5917969,-1.3242188,2.2959766,LCC-FASD external-dev / cross-domain stress set,True
spoof_1696.png,1,VALID,-1.1083984,1.3359375,-0.24084473,-2.6321747,LCC-FASD external-dev / cross-domain stress set,False
spoof_1697.png,1,VALID,-0.74853516,-0.5805664,0.9272461,-1.8757738,LCC-FASD external-dev / cross-domain stress set,False
spoof_1698.png,1,VALID,-1.3339844,1.8740234,-0.41796875,-3.3042855,LCC-FASD external-dev / cross-domain stress set,False
spoof_1699.png,1,VALID,2.0527344,-2.203125,-1.7265625,3.2963066,LCC-FASD external-dev / cross-domain stress set,True
spoof_1700.png,1,VALID,1.3857422,-2.4003906,-0.8798828,2.0679216,LCC-FASD external-dev / cross-domain stress set,True
spoof_1701.png,1,VALID,0.06951904,1.1845703,-1.390625,-1.1884309,LCC-FASD external-dev / cross-domain stress set,False
spoof_1702.png,1,VALID,1.4052734,-1.6142578,-1.2363281,2.1196706,LCC-FASD external-dev / cross-domain stress set,True
spoof_1703.png,1,VALID,-0.5292969,-1.1884766,0.9511719,-1.5917383,LCC-FASD external-dev / cross-domain stress set,False
spoof_1704.png,1,VALID,1.3398438,-1.7910156,-1.0478516,1.9986261,LCC-FASD external-dev / cross-domain stress set,True
spoof_1705.png,1,VALID,-0.6767578,0.3046875,0.09161377,-1.57372,LCC-FASD external-dev / cross-domain stress set,False
spoof_1706.png,1,VALID,-0.7080078,-0.7128906,0.9213867,-1.8076187,LCC-FASD external-dev / cross-domain stress set,False
spoof_1707.png,1,VALID,-1.1376953,1.6455078,-0.67333984,-2.8770456,LCC-FASD external-dev / cross-domain stress set,False
spoof_1708.png,1,VALID,-1.6142578,2.2890625,-0.59521484,-3.9577093,LCC-FASD external-dev / cross-domain stress set,False
spoof_1709.png,1,VALID,-0.83154297,1.5595703,-0.9375,-2.4702256,LCC-FASD external-dev / cross-domain stress set,False
spoof_1710.png,1,VALID,-1.0546875,2.0664062,-1.1074219,-3.162085,LCC-FASD external-dev / cross-domain stress set,False
spoof_1711.png,1,VALID,-0.3798828,0.91845703,-0.7939453,-1.4642202,LCC-FASD external-dev / cross-domain stress set,False
spoof_1712.png,1,VALID,1.3046875,-1.7958984,-1.2001953,2.0658703,LCC-FASD external-dev / cross-domain stress set,True
spoof_1713.png,1,VALID,1.9648438,-1.4941406,-1.9921875,2.9841695,LCC-FASD external-dev / cross-domain stress set,True
spoof_1714.png,1,VALID,1.1699219,-1.6259766,-1.1533203,1.8387538,LCC-FASD external-dev / cross-domain stress set,True
spoof_1715.png,1,VALID,1.0771484,-1.4248047,-0.8613281,1.4878936,LCC-FASD external-dev / cross-domain stress set,True
spoof_1716.png,1,VALID,0.61376953,-0.6176758,-0.76464844,0.60908675,LCC-FASD external-dev / cross-domain stress set,True
spoof_1717.png,1,VALID,1.4228516,-1.8867188,-1.3076172,2.2855253,LCC-FASD external-dev / cross-domain stress set,True
spoof_1718.png,1,VALID,0.96240234,-0.09863281,-1.6582031,0.8702277,LCC-FASD external-dev / cross-domain stress set,True
spoof_1719.png,1,VALID,1.2119141,-1.9140625,-1.0488281,1.9094145,LCC-FASD external-dev / cross-domain stress set,True
spoof_1720.png,1,VALID,0.6611328,-0.03515625,-1.3417969,0.4566991,LCC-FASD external-dev / cross-domain stress set,True
spoof_1721.png,1,VALID,0.9946289,-1.4804688,-0.9394531,1.4752932,LCC-FASD external-dev / cross-domain stress set,True
spoof_1722.png,1,VALID,1.0429688,-1.2421875,-0.6850586,1.2751372,LCC-FASD external-dev / cross-domain stress set,True
spoof_1723.png,1,VALID,1.8056641,-1.2783203,-1.9140625,2.6590157,LCC-FASD external-dev / cross-domain stress set,True
spoof_1724.png,1,VALID,1.609375,-2.0429688,-1.5371094,2.6746154,LCC-FASD external-dev / cross-domain stress set,True
spoof_1725.png,1,VALID,0.30908203,-0.81591797,-0.28808594,0.13350794,LCC-FASD external-dev / cross-domain stress set,True
spoof_1726.png,1,VALID,1.6552734,-2.0449219,-1.4404297,2.6598046,LCC-FASD external-dev / cross-domain stress set,True
spoof_1727.png,1,VALID,1.1220703,-1.4208984,-1.0498047,1.6471586,LCC-FASD external-dev / cross-domain stress set,True
spoof_1728.png,1,VALID,1.6005859,-2.1523438,-1.4257812,2.631917,LCC-FASD external-dev / cross-domain stress set,True
spoof_1729.png,1,VALID,1.9501953,-1.1386719,-2.0976562,2.7644083,LCC-FASD external-dev / cross-domain stress set,True
spoof_1619.png,1,VALID,0.85595703,-0.4716797,-1.3330078,0.97515017,LCC-FASD external-dev / cross-domain stress set,True
spoof_1620.png,1,VALID,0.7368164,-0.5292969,-1.28125,0.8798685,LCC-FASD external-dev / cross-domain stress set,True
spoof_1621.png,1,VALID,1.375,-1.9355469,-0.9199219,1.9858385,LCC-FASD external-dev / cross-domain stress set,True
spoof_1622.png,1,VALID,-0.87158203,2.0214844,-1.3007812,-2.928502,LCC-FASD external-dev / cross-domain stress set,False
spoof_1623.png,1,VALID,-0.87841797,0.83447266,-0.070129395,-2.0527165,LCC-FASD external-dev / cross-domain stress set,False
spoof_1624.png,1,VALID,-1.1308594,1.21875,-0.24682617,-2.5573914,LCC-FASD external-dev / cross-domain stress set,False
spoof_1625.png,1,VALID,-0.79052734,1.3798828,-0.66552734,-2.2920322,LCC-FASD external-dev / cross-domain stress set,False
spoof_1626.png,1,VALID,0.015792847,0.3876953,-0.89990234,-0.6155801,LCC-FASD external-dev / cross-domain stress set,False
spoof_1627.png,1,VALID,-1.7861328,2.1464844,-0.12939453,-4.030385,LCC-FASD external-dev / cross-domain stress set,False
spoof_1628.png,1,VALID,-0.7910156,0.9145508,-0.41210938,-1.9409246,LCC-FASD external-dev / cross-domain stress set,False
spoof_1629.png,1,VALID,-0.7841797,1.9980469,-1.3925781,-2.815359,LCC-FASD external-dev / cross-domain stress set,False
spoof_1630.png,1,VALID,-0.8027344,1.3164062,-0.66503906,-2.2482986,LCC-FASD external-dev / cross-domain stress set,False
spoof_1631.png,1,VALID,-1.0253906,1.6367188,-0.6723633,-2.7568307,LCC-FASD external-dev / cross-domain stress set,False
spoof_1632.png,1,VALID,0.13452148,0.81884766,-1.3056641,-0.79720056,LCC-FASD external-dev / cross-domain stress set,False
spoof_1633.png,1,VALID,-0.11065674,-0.083862305,-0.4584961,-0.5500669,LCC-FASD external-dev / cross-domain stress set,True
spoof_1634.png,1,VALID,-0.96777344,2.3476562,-1.4775391,-3.3370094,LCC-FASD external-dev / cross-domain stress set,False
spoof_1635.png,1,VALID,-0.81152344,0.83154297,-0.2319336,-1.9396489,LCC-FASD external-dev / cross-domain stress set,False
spoof_1636.png,1,VALID,-0.69970703,0.3881836,-0.10180664,-1.5657585,LCC-FASD external-dev / cross-domain stress set,False
spoof_1637.png,1,VALID,-0.56591797,0.8227539,-0.60498047,-1.6036637,LCC-FASD external-dev / cross-domain stress set,False
spoof_1638.png,1,VALID,-0.89404297,1.8339844,-0.91308594,-2.7901711,LCC-FASD external-dev / cross-domain stress set,False
spoof_1639.png,1,VALID,-0.8354492,0.8613281,-0.26733398,-1.9770312,LCC-FASD external-dev / cross-domain stress set,False
spoof_1640.png,1,VALID,-1.1025391,1.4365234,-0.4104004,-2.6855164,LCC-FASD external-dev / cross-domain stress set,False
spoof_1641.png,1,VALID,-0.55859375,1.7900391,-1.5146484,-2.3846858,LCC-FASD external-dev / cross-domain stress set,False
spoof_1642.png,1,VALID,-1.0146484,2.5273438,-1.5009766,-3.55964,LCC-FASD external-dev / cross-domain stress set,False
spoof_1643.png,1,VALID,0.5883789,-1.0175781,-0.5498047,0.65181744,LCC-FASD external-dev / cross-domain stress set,True
spoof_1644.png,1,VALID,0.39990234,0.34448242,-1.3291016,-0.11649227,LCC-FASD external-dev / cross-domain stress set,True
spoof_1645.png,1,VALID,-0.0021038055,-0.97558594,-0.042541504,-0.2912764,LCC-FASD external-dev / cross-domain stress set,True
spoof_1646.png,1,VALID,-0.7558594,0.28076172,-0.089904785,-1.5615118,LCC-FASD external-dev / cross-domain stress set,False
spoof_1647.png,1,VALID,1.5234375,-1.4726562,-1.2929688,2.2090724,LCC-FASD external-dev / cross-domain stress set,True
spoof_1648.png,1,VALID,-1.2041016,2.0957031,-1.0039062,-3.3438854,LCC-FASD external-dev / cross-domain stress set,False
spoof_1649.png,1,VALID,-0.25195312,0.16516113,-0.64160156,-0.78612316,LCC-FASD external-dev / cross-domain stress set,False
spoof_1650.png,1,VALID,0.92041016,-1.2119141,-1.0927734,1.3778335,LCC-FASD external-dev / cross-domain stress set,True
spoof_1651.png,1,VALID,-0.20776367,-0.56933594,-0.29736328,-0.47677904,LCC-FASD external-dev / cross-domain stress set,True
spoof_1652.png,1,VALID,0.5917969,0.26879883,-1.4902344,0.16410607,LCC-FASD external-dev / cross-domain stress set,True
spoof_1653.png,1,VALID,0.98291016,-1.2382812,-1.1474609,1.4816034,LCC-FASD external-dev / cross-domain stress set,True
spoof_1654.png,1,VALID,-0.22961426,0.6816406,-1.0839844,-1.0691812,LCC-FASD external-dev / cross-domain stress set,False
spoof_1655.png,1,VALID,0.30200195,0.29052734,-1.0458984,-0.2218436,LCC-FASD external-dev / cross-domain stress set,True
spoof_1656.png,1,VALID,-0.19921875,-0.121032715,-0.3256836,-0.6742339,LCC-FASD external-dev / cross-domain stress set,False
spoof_1657.png,1,VALID,0.026443481,-0.43603516,-0.5102539,-0.19424754,LCC-FASD external-dev / cross-domain stress set,True
spoof_1658.png,1,VALID,-0.57128906,1.0195312,-0.7294922,-1.7511891,LCC-FASD external-dev / cross-domain stress set,False
spoof_1659.png,1,VALID,-0.72998047,0.9316406,-0.64404297,-1.849648,LCC-FASD external-dev / cross-domain stress set,False
spoof_1660.png,1,VALID,0.23803711,-0.31518555,-0.7524414,0.05499232,LCC-FASD external-dev / cross-domain stress set,True
spoof_1661.png,1,VALID,0.48095703,-0.78222656,-0.7114258,0.5340095,LCC-FASD external-dev / cross-domain stress set,True
spoof_1662.png,1,VALID,0.77001953,-1.1611328,-0.82470703,1.0557108,LCC-FASD external-dev / cross-domain stress set,True
spoof_1663.png,1,VALID,0.29882812,0.0390625,-1.0664062,-0.026206732,LCC-FASD external-dev / cross-domain stress set,True
spoof_1664.png,1,VALID,-0.30151367,0.0011520386,-0.5004883,-0.77612376,LCC-FASD external-dev / cross-domain stress set,False
spoof_1665.png,1,VALID,0.50390625,-0.85253906,-0.5620117,0.5075206,LCC-FASD external-dev / cross-domain stress set,True
spoof_1666.png,1,VALID,0.12145996,-0.55908203,-0.3474121,-0.12403023,LCC-FASD external-dev / cross-domain stress set,True
spoof_1667.png,1,VALID,-0.05230713,-0.09588623,-0.8066406,-0.3560513,LCC-FASD external-dev / cross-domain stress set,True
spoof_1668.png,1,VALID,0.59228516,-0.6484375,-0.9423828,0.68378633,LCC-FASD external-dev / cross-domain stress set,True
spoof_1669.png,1,VALID,0.3557129,-1.0703125,-0.51464844,0.41693744,LCC-FASD external-dev / cross-domain stress set,True
spoof_1670.png,1,VALID,1.0986328,-0.46362305,-1.5878906,1.2809261,LCC-FASD external-dev / cross-domain stress set,True
spoof_1671.png,1,VALID,0.74658203,-0.6621094,-1.0957031,0.9090225,LCC-FASD external-dev / cross-domain stress set,True
spoof_1672.png,1,VALID,0.7236328,0.0847168,-1.5253906,0.456706,LCC-FASD external-dev / cross-domain stress set,True
spoof_1567.png,1,VALID,1.3164062,-1.3154297,-1.2910156,1.9264072,LCC-FASD external-dev / cross-domain stress set,True
spoof_1568.png,1,VALID,1.8955078,-1.7167969,-1.6933594,2.90737,LCC-FASD external-dev / cross-domain stress set,True
spoof_1569.png,1,VALID,-0.21240234,1.0957031,-1.2363281,-1.4007742,LCC-FASD external-dev / cross-domain stress set,False
spoof_1570.png,1,VALID,0.7661133,0.38745117,-1.5615234,0.24551326,LCC-FASD external-dev / cross-domain stress set,True
spoof_1571.png,1,VALID,1.8525391,-1.3388672,-1.8789062,2.7322578,LCC-FASD external-dev / cross-domain stress set,True
spoof_1572.png,1,VALID,-1.2548828,1.65625,-0.20959473,-3.0550299,LCC-FASD external-dev / cross-domain stress set,False
spoof_1573.png,1,VALID,-1.0087891,0.0010547638,0.60791016,-2.0517635,LCC-FASD external-dev / cross-domain stress set,False
spoof_1574.png,1,VALID,-1.0703125,1.6533203,-0.71777344,-2.8129053,LCC-FASD external-dev / cross-domain stress set,False
spoof_1575.png,1,VALID,-0.48095703,1.3603516,-1.0693359,-1.9257089,LCC-FASD external-dev / cross-domain stress set,False
spoof_1576.png,1,VALID,-1.5078125,1.5166016,0.055603027,-3.2330565,LCC-FASD external-dev / cross-domain stress set,False
spoof_1577.png,1,VALID,1.7792969,-0.8310547,-1.8974609,2.3145204,LCC-FASD external-dev / cross-domain stress set,True
spoof_1578.png,1,VALID,-1.0478516,0.29541016,0.5966797,-2.1983464,LCC-FASD external-dev / cross-domain stress set,False
spoof_1579.png,1,VALID,1.2392578,0.44311523,-2.2617188,0.73140275,LCC-FASD external-dev / cross-domain stress set,True
spoof_1580.png,1,VALID,1.4501953,0.123413086,-2.25,1.2377076,LCC-FASD external-dev / cross-domain stress set,True
spoof_1581.png,1,VALID,0.26831055,-1.2255859,-0.019699097,0.026086777,LCC-FASD external-dev / cross-domain stress set,True
spoof_1582.png,1,VALID,0.07019043,-1.1699219,0.19921875,-0.35562623,LCC-FASD external-dev / cross-domain stress set,True
spoof_1583.png,1,VALID,-1.1152344,2.1464844,-0.8208008,-3.311882,LCC-FASD external-dev / cross-domain stress set,False
spoof_1584.png,1,VALID,0.69873047,0.5449219,-1.6796875,0.051153123,LCC-FASD external-dev / cross-domain stress set,True
spoof_1585.png,1,VALID,0.7915039,0.15820312,-1.4042969,0.44300163,LCC-FASD external-dev / cross-domain stress set,True
spoof_1586.png,1,VALID,-1.4052734,1.34375,0.074279785,-2.9966493,LCC-FASD external-dev / cross-domain stress set,False
spoof_1587.png,1,VALID,-0.2512207,-0.73828125,0.35986328,-0.898883,LCC-FASD external-dev / cross-domain stress set,False
spoof_1588.png,1,VALID,-0.7138672,-0.18139648,0.4243164,-1.573651,LCC-FASD external-dev / cross-domain stress set,False
spoof_1589.png,1,VALID,-0.32421875,1.4023438,-1.2304688,-1.795973,LCC-FASD external-dev / cross-domain stress set,False
spoof_1590.png,1,VALID,-1.0986328,1.3017578,-0.20654297,-2.6002948,LCC-FASD external-dev / cross-domain stress set,False
spoof_1591.png,1,VALID,1.6865234,-0.8745117,-1.8398438,2.238331,LCC-FASD external-dev / cross-domain stress set,True
spoof_1592.png,1,VALID,1.3232422,-0.027755737,-1.7880859,1.1922965,LCC-FASD external-dev / cross-domain stress set,True
spoof_1593.png,1,VALID,-0.97753906,2.4902344,-1.3613281,-3.4887974,LCC-FASD external-dev / cross-domain stress set,False
spoof_1594.png,1,VALID,0.10089111,0.60595703,-1.2041016,-0.6566229,LCC-FASD external-dev / cross-domain stress set,False
spoof_1595.png,1,VALID,0.55615234,-0.96533203,-0.86621094,0.7775491,LCC-FASD external-dev / cross-domain stress set,True
spoof_1596.png,1,VALID,1.1748047,-1.6748047,-0.79589844,1.6234062,LCC-FASD external-dev / cross-domain stress set,True
spoof_1597.png,1,VALID,-0.98535156,1.3193359,-0.5732422,-2.445043,LCC-FASD external-dev / cross-domain stress set,False
spoof_1598.png,1,VALID,-0.7246094,-0.18603516,0.28564453,-1.4951174,LCC-FASD external-dev / cross-domain stress set,False
spoof_1599.png,1,VALID,-0.0541687,0.14160156,-0.7158203,-0.5494187,LCC-FASD external-dev / cross-domain stress set,True
spoof_1600.png,1,VALID,0.35205078,-0.3088379,-1.0429688,0.268899,LCC-FASD external-dev / cross-domain stress set,True
spoof_1601.png,1,VALID,0.87841797,-1.3320312,-0.99072266,1.3321564,LCC-FASD external-dev / cross-domain stress set,True
spoof_1602.png,1,VALID,0.44677734,-0.13256836,-1.1767578,0.27777773,LCC-FASD external-dev / cross-domain stress set,True
spoof_1603.png,1,VALID,0.4650879,-0.36547852,-1.1660156,0.45963228,LCC-FASD external-dev / cross-domain stress set,True
spoof_1604.png,1,VALID,0.7050781,-1.7744141,-0.15307617,0.67780626,LCC-FASD external-dev / cross-domain stress set,True
spoof_1605.png,1,VALID,-0.046783447,-0.53515625,-0.18786621,-0.39342058,LCC-FASD external-dev / cross-domain stress set,True
spoof_1606.png,1,VALID,-1.2929688,2.3925781,-1.0927734,-3.7157297,LCC-FASD external-dev / cross-domain stress set,False
spoof_1607.png,1,VALID,-0.5776367,0.90234375,-0.8491211,-1.639988,LCC-FASD external-dev / cross-domain stress set,False
spoof_1608.png,1,VALID,0.62890625,-1.1269531,-0.87597656,0.9293708,LCC-FASD external-dev / cross-domain stress set,True
spoof_1609.png,1,VALID,0.33569336,-0.20166016,-1.0810547,0.19019991,LCC-FASD external-dev / cross-domain stress set,True
spoof_1610.png,1,VALID,0.88378906,-0.8286133,-1.2705078,1.2159896,LCC-FASD external-dev / cross-domain stress set,True
spoof_1611.png,1,VALID,-0.58496094,0.8334961,-0.56152344,-1.6398617,LCC-FASD external-dev / cross-domain stress set,False
spoof_1612.png,1,VALID,0.5966797,-0.9277344,-0.92822266,0.831511,LCC-FASD external-dev / cross-domain stress set,True
spoof_1613.png,1,VALID,1.3886719,-1.8349609,-1.0947266,2.093384,LCC-FASD external-dev / cross-domain stress set,True
spoof_1614.png,1,VALID,-0.9946289,1.4101562,-0.734375,-2.5155416,LCC-FASD external-dev / cross-domain stress set,False
spoof_1615.png,1,VALID,0.32250977,-0.8925781,-0.5708008,0.34816492,LCC-FASD external-dev / cross-domain stress set,True
spoof_1616.png,1,VALID,0.19897461,0.36938477,-1.0771484,-0.38179278,LCC-FASD external-dev / cross-domain stress set,True
spoof_1617.png,1,VALID,1.3671875,-1.5146484,-1.1621094,1.9969635,LCC-FASD external-dev / cross-domain stress set,True
spoof_1618.png,1,VALID,0.9345703,-1.1455078,-1.1308594,1.3795799,LCC-FASD external-dev / cross-domain stress set,True
spoof_1511.png,1,VALID,0.5419922,0.47973633,-1.4023438,-0.07948071,LCC-FASD external-dev / cross-domain stress set,True
spoof_1512.png,1,VALID,-0.75146484,2.4609375,-1.3935547,-3.2333653,LCC-FASD external-dev / cross-domain stress set,False
spoof_1513.png,1,VALID,-0.4243164,1.2041016,-1.0703125,-1.7263222,LCC-FASD external-dev / cross-domain stress set,False
spoof_1514.png,1,VALID,-0.66503906,2.2246094,-1.2451172,-2.9202993,LCC-FASD external-dev / cross-domain stress set,False
spoof_1515.png,1,VALID,-0.54833984,2.1972656,-1.4609375,-2.7710576,LCC-FASD external-dev / cross-domain stress set,False
spoof_1516.png,1,VALID,1.1025391,0.042114258,-1.7314453,0.90365374,LCC-FASD external-dev / cross-domain stress set,True
spoof_1517.png,1,VALID,0.1595459,1.5273438,-1.8339844,-1.401899,LCC-FASD external-dev / cross-domain stress set,False
spoof_1518.png,1,VALID,0.88134766,0.22619629,-1.8300781,0.53476757,LCC-FASD external-dev / cross-domain stress set,True
spoof_1519.png,1,VALID,0.30273438,1.7431641,-2.3183594,-1.4575058,LCC-FASD external-dev / cross-domain stress set,False
spoof_1520.png,1,VALID,0.58691406,0.7265625,-1.6542969,-0.22809064,LCC-FASD external-dev / cross-domain stress set,True
spoof_1521.png,1,VALID,0.89501953,0.19018555,-1.5898438,0.5489991,LCC-FASD external-dev / cross-domain stress set,True
spoof_1522.png,1,VALID,-0.4111328,1.8525391,-1.5546875,-2.2962677,LCC-FASD external-dev / cross-domain stress set,False
spoof_1523.png,1,VALID,-1.2363281,2.3125,-0.7739258,-3.593481,LCC-FASD external-dev / cross-domain stress set,False
spoof_1524.png,1,VALID,-0.04257202,1.6474609,-1.4619141,-1.7336947,LCC-FASD external-dev / cross-domain stress set,False
spoof_1525.png,1,VALID,0.94433594,-0.38110352,-1.4375,1.0270351,LCC-FASD external-dev / cross-domain stress set,True
spoof_1526.png,1,VALID,1.3447266,-0.53271484,-1.7900391,1.6271389,LCC-FASD external-dev / cross-domain stress set,True
spoof_1527.png,1,VALID,-0.94433594,-0.14562988,0.81347656,-2.0822377,LCC-FASD external-dev / cross-domain stress set,False
spoof_1528.png,1,VALID,-1.3007812,1.1113281,0.3215332,-2.786385,LCC-FASD external-dev / cross-domain stress set,False
spoof_1529.png,1,VALID,0.3449707,-0.27783203,-0.8305664,0.16830981,LCC-FASD external-dev / cross-domain stress set,True
spoof_1530.png,1,VALID,-1.4550781,1.1103516,0.39453125,-2.9633942,LCC-FASD external-dev / cross-domain stress set,False
spoof_1531.png,1,VALID,-0.11328125,0.9477539,-1.3554688,-1.1562874,LCC-FASD external-dev / cross-domain stress set,False
spoof_1532.png,1,VALID,-0.39697266,0.77246094,-0.72265625,-1.3717394,LCC-FASD external-dev / cross-domain stress set,False
spoof_1533.png,1,NO_VALID_FACE,,,,,LCC-FASD external-dev / cross-domain stress set,
spoof_1534.png,1,VALID,-0.79052734,0.98583984,-0.41430664,-1.9967556,LCC-FASD external-dev / cross-domain stress set,False
spoof_1535.png,1,VALID,-0.7866211,0.88916016,-0.3581543,-1.9283091,LCC-FASD external-dev / cross-domain stress set,False
spoof_1536.png,1,VALID,-0.8911133,0.022888184,0.57470703,-1.9206477,LCC-FASD external-dev / cross-domain stress set,False
spoof_1537.png,1,VALID,-1.3603516,1.0791016,0.28857422,-2.8135002,LCC-FASD external-dev / cross-domain stress set,False
spoof_1538.png,1,VALID,-0.48291016,1.8896484,-1.5429688,-2.4043503,LCC-FASD external-dev / cross-domain stress set,False
spoof_1539.png,1,VALID,-0.36865234,0.8876953,-0.79541016,-1.4267621,LCC-FASD external-dev / cross-domain stress set,False
spoof_1540.png,1,VALID,-0.34960938,0.6069336,-0.6489258,-1.2071701,LCC-FASD external-dev / cross-domain stress set,False
spoof_1541.png,1,VALID,-0.6308594,1.4111328,-1.0673828,-2.122528,LCC-FASD external-dev / cross-domain stress set,False
spoof_1542.png,1,VALID,-1.078125,1.1289062,-0.30566406,-2.4207044,LCC-FASD external-dev / cross-domain stress set,False
spoof_1543.png,1,VALID,-0.8901367,1.9375,-1.1923828,-2.8704307,LCC-FASD external-dev / cross-domain stress set,False
spoof_1544.png,1,VALID,-0.8183594,1.0458984,-0.36621094,-2.0822914,LCC-FASD external-dev / cross-domain stress set,False
spoof_1545.png,1,VALID,-1.1445312,0.9140625,0.19140625,-2.454319,LCC-FASD external-dev / cross-domain stress set,False
spoof_1546.png,1,VALID,-0.2590332,0.12536621,-0.4321289,-0.8371562,LCC-FASD external-dev / cross-domain stress set,False
spoof_1547.png,1,VALID,-0.17016602,0.50927734,-0.9165039,-0.8948133,LCC-FASD external-dev / cross-domain stress set,False
spoof_1548.png,1,VALID,1.0205078,-0.47143555,-1.5107422,1.1891019,LCC-FASD external-dev / cross-domain stress set,True
spoof_1549.png,1,VALID,1.4384766,-1.0927734,-1.5722656,2.049381,LCC-FASD external-dev / cross-domain stress set,True
spoof_1550.png,1,VALID,1.6855469,-1.7373047,-1.3964844,2.5448442,LCC-FASD external-dev / cross-domain stress set,True
spoof_1551.png,1,VALID,0.20275879,-0.6074219,-0.36889648,-0.009324193,LCC-FASD external-dev / cross-domain stress set,True
spoof_1552.png,1,VALID,1.6152344,-1.5830078,-1.3964844,2.4074907,LCC-FASD external-dev / cross-domain stress set,True
spoof_1553.png,1,VALID,-0.16320801,1.0664062,-1.2451172,-1.3241152,LCC-FASD external-dev / cross-domain stress set,False
spoof_1554.png,1,VALID,0.49169922,0.57910156,-1.6669922,-0.18798196,LCC-FASD external-dev / cross-domain stress set,True
spoof_1555.png,1,VALID,-0.37963867,-0.72802734,0.37768555,-1.0432358,LCC-FASD external-dev / cross-domain stress set,False
spoof_1556.png,1,VALID,0.86621094,-0.30517578,-1.4091797,0.8850498,LCC-FASD external-dev / cross-domain stress set,True
spoof_1557.png,1,VALID,-0.6064453,-0.0065841675,0.1538086,-1.3764169,LCC-FASD external-dev / cross-domain stress set,False
spoof_1558.png,1,VALID,1.0722656,-0.7988281,-1.3271484,1.4076148,LCC-FASD external-dev / cross-domain stress set,True
spoof_1559.png,1,VALID,-0.47729492,0.24267578,-0.24597168,-1.1983489,LCC-FASD external-dev / cross-domain stress set,False
spoof_1560.png,1,VALID,-0.058502197,0.94628906,-1.3115234,-1.1042556,LCC-FASD external-dev / cross-domain stress set,False
spoof_1561.png,1,VALID,1.5517578,-1.5380859,-1.3925781,2.3212984,LCC-FASD external-dev / cross-domain stress set,True
spoof_1562.png,1,VALID,1.4609375,-1.5205078,-1.3642578,2.2071245,LCC-FASD external-dev / cross-domain stress set,True
spoof_1563.png,1,VALID,1.0244141,-0.88720703,-1.2861328,1.3981745,LCC-FASD external-dev / cross-domain stress set,True
spoof_1564.png,1,VALID,-0.24707031,-0.8232422,0.38110352,-0.890452,LCC-FASD external-dev / cross-domain stress set,False
spoof_1565.png,1,VALID,1.0576172,-0.6254883,-1.3691406,1.2941936,LCC-FASD external-dev / cross-domain stress set,True
spoof_1566.png,1,VALID,1.3320312,-1.2744141,-1.4042969,1.9761323,LCC-FASD external-dev / cross-domain stress set,True
spoof_1453.png,1,VALID,1.7949219,-1.8095703,-1.6230469,2.8137407,LCC-FASD external-dev / cross-domain stress set,True
spoof_1454.png,1,VALID,0.046447754,0.62597656,-1.1630859,-0.7340652,LCC-FASD external-dev / cross-domain stress set,False
spoof_1455.png,1,VALID,1.3613281,-2.0664062,-0.8286133,1.9352809,LCC-FASD external-dev / cross-domain stress set,True
spoof_1456.png,1,VALID,0.5180664,-0.04611206,-1.1787109,0.28488538,LCC-FASD external-dev / cross-domain stress set,True
spoof_1457.png,1,VALID,-0.6533203,1.3603516,-0.9589844,-2.1074708,LCC-FASD external-dev / cross-domain stress set,False
spoof_1458.png,1,VALID,-0.80810547,1.4677734,-0.8671875,-2.3682888,LCC-FASD external-dev / cross-domain stress set,False
spoof_1459.png,1,VALID,1.7626953,-1.9267578,-1.5849609,2.810875,LCC-FASD external-dev / cross-domain stress set,True
spoof_1460.png,1,VALID,0.50439453,0.61279297,-1.7265625,-0.20042121,LCC-FASD external-dev / cross-domain stress set,True
spoof_1461.png,1,VALID,0.6113281,0.44067383,-1.7636719,0.06600356,LCC-FASD external-dev / cross-domain stress set,True
spoof_1462.png,1,VALID,1.4003906,-1.2509766,-1.5273438,2.0868864,LCC-FASD external-dev / cross-domain stress set,True
spoof_1463.png,1,VALID,0.24511719,0.5678711,-1.515625,-0.44008726,LCC-FASD external-dev / cross-domain stress set,True
spoof_1464.png,1,VALID,0.018051147,0.62158203,-1.2978516,-0.74041045,LCC-FASD external-dev / cross-domain stress set,False
spoof_1465.png,1,VALID,1.2861328,-0.4416504,-1.9404297,1.5261471,LCC-FASD external-dev / cross-domain stress set,True
spoof_1466.png,1,VALID,0.5683594,0.4309082,-1.5917969,0.013202727,LCC-FASD external-dev / cross-domain stress set,True
spoof_1467.png,1,VALID,1.7363281,-2.3359375,-1.2021484,2.6594734,LCC-FASD external-dev / cross-domain stress set,True
spoof_1468.png,1,VALID,0.24853516,0.2397461,-1.1396484,-0.21573827,LCC-FASD external-dev / cross-domain stress set,True
spoof_1469.png,1,VALID,1.8291016,-2.25,-1.5722656,2.990738,LCC-FASD external-dev / cross-domain stress set,True
spoof_1470.png,1,VALID,0.42651367,0.52685547,-1.6044922,-0.21248877,LCC-FASD external-dev / cross-domain stress set,True
spoof_1471.png,1,VALID,1.5429688,-2.2167969,-0.94189453,2.2384264,LCC-FASD external-dev / cross-domain stress set,True
spoof_1472.png,1,VALID,0.79785156,0.09802246,-1.640625,0.53791606,LCC-FASD external-dev / cross-domain stress set,True
spoof_1473.png,1,VALID,0.8178711,-1.1826172,-0.7529297,1.0695938,LCC-FASD external-dev / cross-domain stress set,True
spoof_1474.png,1,VALID,-1.0488281,1.8779297,-0.80371094,-2.9929676,LCC-FASD external-dev / cross-domain stress set,False
spoof_1475.png,1,VALID,0.18664551,-1.2753906,-0.00082063675,-0.059043214,LCC-FASD external-dev / cross-domain stress set,True
spoof_1476.png,1,VALID,-0.13500977,0.113220215,-0.62646484,-0.63842183,LCC-FASD external-dev / cross-domain stress set,False
spoof_1477.png,1,VALID,-0.040618896,-0.625,-0.23181152,-0.32456172,LCC-FASD external-dev / cross-domain stress set,True
spoof_1478.png,1,VALID,-0.25634766,0.6035156,-0.7890625,-1.0817533,LCC-FASD external-dev / cross-domain stress set,False
spoof_1479.png,1,VALID,0.42285156,-0.7446289,-0.4477539,0.31491917,LCC-FASD external-dev / cross-domain stress set,True
spoof_1480.png,1,VALID,0.8222656,-1.0654297,-0.9550781,1.137851,LCC-FASD external-dev / cross-domain stress set,True
spoof_1481.png,1,VALID,0.41870117,-0.734375,-0.55615234,0.36685246,LCC-FASD external-dev / cross-domain stress set,True
spoof_1482.png,1,VALID,0.45825195,-0.48999023,-0.91552734,0.44539708,LCC-FASD external-dev / cross-domain stress set,True
spoof_1483.png,1,VALID,0.24816895,-0.3684082,-0.77001953,0.10420823,LCC-FASD external-dev / cross-domain stress set,True
spoof_1484.png,1,VALID,0.31152344,-1.2744141,-0.22729492,0.23801225,LCC-FASD external-dev / cross-domain stress set,True
spoof_1485.png,1,VALID,0.1385498,-1.1318359,-0.17114258,-0.014293283,LCC-FASD external-dev / cross-domain stress set,True
spoof_1486.png,1,VALID,0.36401367,-0.43432617,-0.8330078,0.28479534,LCC-FASD external-dev / cross-domain stress set,True
spoof_1487.png,1,VALID,-0.35131836,0.41333008,-0.57714844,-1.0804797,LCC-FASD external-dev / cross-domain stress set,False
spoof_1488.png,1,VALID,0.55029297,-0.5810547,-0.94873047,0.60523456,LCC-FASD external-dev / cross-domain stress set,True
spoof_1489.png,1,VALID,0.7270508,-0.87939453,-0.9472656,0.946658,LCC-FASD external-dev / cross-domain stress set,True
spoof_1490.png,1,VALID,0.5722656,-0.7841797,-0.8803711,0.7102377,LCC-FASD external-dev / cross-domain stress set,True
spoof_1491.png,1,VALID,0.36206055,-0.46679688,-0.7817383,0.2808333,LCC-FASD external-dev / cross-domain stress set,True
spoof_1492.png,1,VALID,0.6948242,-0.5385742,-1.1777344,0.8096119,LCC-FASD external-dev / cross-domain stress set,True
spoof_1493.png,1,VALID,0.14929199,-1.0839844,-0.047088623,-0.10709134,LCC-FASD external-dev / cross-domain stress set,True
spoof_1494.png,1,VALID,0.10430908,-1.2705078,0.09429932,-0.21746838,LCC-FASD external-dev / cross-domain stress set,True
spoof_1495.png,1,VALID,-0.22351074,-0.31274414,-0.2434082,-0.63918257,LCC-FASD external-dev / cross-domain stress set,False
spoof_1496.png,1,VALID,-0.10748291,-1.3671875,0.453125,-0.7107292,LCC-FASD external-dev / cross-domain stress set,False
spoof_1497.png,1,VALID,0.8144531,-1.4384766,-0.6088867,1.0613195,LCC-FASD external-dev / cross-domain stress set,True
spoof_1498.png,1,VALID,-1.0185547,2.4824219,-1.4638672,-3.5201185,LCC-FASD external-dev / cross-domain stress set,False
spoof_1499.png,1,VALID,-0.8305664,0.39160156,0.34375,-1.8916755,LCC-FASD external-dev / cross-domain stress set,False
spoof_1500.png,1,VALID,-0.83984375,2.0214844,-1.1513672,-2.9023588,LCC-FASD external-dev / cross-domain stress set,False
spoof_1501.png,1,NO_VALID_FACE,,,,,LCC-FASD external-dev / cross-domain stress set,
spoof_1502.png,1,VALID,-0.7138672,0.21008301,0.34936523,-1.6891615,LCC-FASD external-dev / cross-domain stress set,False
spoof_1503.png,1,VALID,-1.0087891,2.2773438,-1.2363281,-3.315485,LCC-FASD external-dev / cross-domain stress set,False
spoof_1504.png,1,VALID,1.3046875,-0.2019043,-1.9375,1.344222,LCC-FASD external-dev / cross-domain stress set,True
spoof_1505.png,1,VALID,-0.21679688,1.8583984,-1.7226562,-2.1026611,LCC-FASD external-dev / cross-domain stress set,False
spoof_1506.png,1,VALID,0.48095703,0.33764648,-1.1162109,-0.06668061,LCC-FASD external-dev / cross-domain stress set,True
spoof_1507.png,1,VALID,0.48706055,1.4384766,-2.2792969,-0.9754137,LCC-FASD external-dev / cross-domain stress set,False
spoof_1508.png,1,VALID,-0.6557617,1.3818359,-0.63671875,-2.1623318,LCC-FASD external-dev / cross-domain stress set,False
spoof_1509.png,1,VALID,1.6376953,-0.87158203,-1.8701172,2.1956215,LCC-FASD external-dev / cross-domain stress set,True
spoof_1510.png,1,VALID,-0.5600586,1.9296875,-1.2080078,-2.5322142,LCC-FASD external-dev / cross-domain stress set,False
spoof_1401.png,1,VALID,0.46411133,-0.4724121,-0.89160156,0.43116492,LCC-FASD external-dev / cross-domain stress set,True
spoof_1402.png,1,VALID,-0.24902344,1.3496094,-1.2626953,-1.6694316,LCC-FASD external-dev / cross-domain stress set,False
spoof_1403.png,1,VALID,0.4501953,-0.029769897,-1.1660156,0.20155951,LCC-FASD external-dev / cross-domain stress set,True
spoof_1404.png,1,VALID,-1.1132812,2.234375,-1.0693359,-3.3837438,LCC-FASD external-dev / cross-domain stress set,False
spoof_1405.png,1,VALID,-0.6357422,2.390625,-1.6582031,-3.0436597,LCC-FASD external-dev / cross-domain stress set,False
spoof_1406.png,1,VALID,-1.2734375,0.3076172,0.78515625,-2.5412102,LCC-FASD external-dev / cross-domain stress set,False
spoof_1407.png,1,VALID,0.95703125,-0.9819336,-1.0566406,1.2824737,LCC-FASD external-dev / cross-domain stress set,True
spoof_1408.png,1,VALID,0.75439453,-0.08746338,-1.4179688,0.6073048,LCC-FASD external-dev / cross-domain stress set,True
spoof_1409.png,1,VALID,-0.08001709,0.51416016,-0.89453125,-0.81288135,LCC-FASD external-dev / cross-domain stress set,False
spoof_1410.png,1,VALID,-0.6088867,0.38305664,0.067871094,-1.5398644,LCC-FASD external-dev / cross-domain stress set,False
spoof_1411.png,1,VALID,0.08850098,1.3408203,-1.5175781,-1.3080951,LCC-FASD external-dev / cross-domain stress set,False
spoof_1412.png,1,VALID,-0.92578125,2.4023438,-1.3242188,-3.3519154,LCC-FASD external-dev / cross-domain stress set,False
spoof_1413.png,1,VALID,1.0039062,-0.6020508,-1.5810547,1.2870052,LCC-FASD external-dev / cross-domain stress set,True
spoof_1414.png,1,VALID,-0.25756836,0.28051758,-0.43066406,-0.93757564,LCC-FASD external-dev / cross-domain stress set,False
spoof_1415.png,1,VALID,1.5039062,-1.5673828,-1.5683594,2.3786302,LCC-FASD external-dev / cross-domain stress set,True
spoof_1416.png,1,VALID,-1.0097656,2.4863281,-1.2529297,-3.5195873,LCC-FASD external-dev / cross-domain stress set,False
spoof_1417.png,1,VALID,0.20776367,-0.67285156,-0.18273926,-0.0873186,LCC-FASD external-dev / cross-domain stress set,True
spoof_1418.png,1,VALID,0.16918945,0.4465332,-1.109375,-0.46878833,LCC-FASD external-dev / cross-domain stress set,True
spoof_1419.png,1,VALID,-0.1817627,1.5693359,-1.4160156,-1.8003856,LCC-FASD external-dev / cross-domain stress set,False
spoof_1420.png,1,VALID,0.20263672,0.8227539,-1.2558594,-0.7379923,LCC-FASD external-dev / cross-domain stress set,False
spoof_1421.png,1,VALID,-0.69140625,2.2363281,-1.5097656,-2.9510698,LCC-FASD external-dev / cross-domain stress set,False
spoof_1422.png,1,VALID,1.0019531,-0.75390625,-1.4853516,1.362998,LCC-FASD external-dev / cross-domain stress set,True
spoof_1423.png,1,VALID,1.1015625,-1.0966797,-1.1708984,1.5415161,LCC-FASD external-dev / cross-domain stress set,True
spoof_1424.png,1,VALID,-0.67529297,2.1191406,-1.4990234,-2.820912,LCC-FASD external-dev / cross-domain stress set,False
spoof_1425.png,1,VALID,-0.56884766,1.4208984,-0.9003906,-2.0833702,LCC-FASD external-dev / cross-domain stress set,False
spoof_1426.png,1,VALID,-0.6425781,1.1015625,-0.5385742,-1.9214107,LCC-FASD external-dev / cross-domain stress set,False
spoof_1427.png,1,VALID,-1.3466797,0.15808105,0.9355469,-2.660368,LCC-FASD external-dev / cross-domain stress set,False
spoof_1428.png,1,VALID,-0.78466797,0.50390625,-0.16674805,-1.7015933,LCC-FASD external-dev / cross-domain stress set,False
spoof_1429.png,1,VALID,0.8857422,0.27563477,-1.6445312,0.47332156,LCC-FASD external-dev / cross-domain stress set,True
spoof_1430.png,1,VALID,0.2783203,0.16040039,-1.0800781,-0.13613752,LCC-FASD external-dev / cross-domain stress set,True
spoof_1431.png,1,VALID,-0.52001953,0.9746094,-0.62939453,-1.6778581,LCC-FASD external-dev / cross-domain stress set,False
spoof_1432.png,1,VALID,0.21044922,-0.34375,-0.68652344,0.017823398,LCC-FASD external-dev / cross-domain stress set,True
spoof_1433.png,1,VALID,-0.22473145,0.27441406,-0.47802734,-0.88523394,LCC-FASD external-dev / cross-domain stress set,False
spoof_1434.png,1,VALID,0.6767578,0.21606445,-1.3789062,0.27594602,LCC-FASD external-dev / cross-domain stress set,True
spoof_1435.png,1,VALID,-1.1152344,1.25,-0.20141602,-2.5756884,LCC-FASD external-dev / cross-domain stress set,False
spoof_1436.png,1,VALID,-0.5371094,2.0410156,-1.5361328,-2.6056967,LCC-FASD external-dev / cross-domain stress set,False
spoof_1437.png,1,VALID,-0.93115234,1.421875,-0.60839844,-2.4763944,LCC-FASD external-dev / cross-domain stress set,False
spoof_1438.png,1,VALID,1.2480469,-0.51660156,-1.7080078,1.4993701,LCC-FASD external-dev / cross-domain stress set,True
spoof_1439.png,1,VALID,-0.066345215,1.0126953,-1.3896484,-1.165682,LCC-FASD external-dev / cross-domain stress set,False
spoof_1440.png,1,VALID,-0.40844727,1.3369141,-1.21875,-1.8201354,LCC-FASD external-dev / cross-domain stress set,False
spoof_1441.png,1,VALID,-0.8642578,1.2001953,-0.3725586,-2.2529829,LCC-FASD external-dev / cross-domain stress set,False
spoof_1442.png,1,VALID,0.49682617,0.59521484,-1.2558594,-0.24427819,LCC-FASD external-dev / cross-domain stress set,True
spoof_1443.png,1,VALID,0.005973816,-0.32958984,-0.45507812,-0.2968065,LCC-FASD external-dev / cross-domain stress set,True
spoof_1444.png,1,VALID,-1.5527344,0.56689453,0.84375,-2.9607544,LCC-FASD external-dev / cross-domain stress set,False
spoof_1445.png,1,VALID,-0.7915039,0.5800781,-0.3178711,-1.7133291,LCC-FASD external-dev / cross-domain stress set,False
spoof_1446.png,1,VALID,-0.6166992,0.30029297,-0.30200195,-1.3536675,LCC-FASD external-dev / cross-domain stress set,False
spoof_1447.png,1,VALID,-0.51416016,1.0410156,-0.69873047,-1.7169247,LCC-FASD external-dev / cross-domain stress set,False
spoof_1448.png,1,VALID,1.0527344,-0.66503906,-1.4189453,1.3321539,LCC-FASD external-dev / cross-domain stress set,True
spoof_1449.png,1,VALID,1.2275391,-2.1894531,-0.625,1.6625781,LCC-FASD external-dev / cross-domain stress set,True
spoof_1450.png,1,VALID,1.7197266,-2.3300781,-1.1542969,2.6050825,LCC-FASD external-dev / cross-domain stress set,True
spoof_1451.png,1,VALID,0.60009766,0.42700195,-1.6943359,0.059882104,LCC-FASD external-dev / cross-domain stress set,True
spoof_1452.png,1,VALID,1.4316406,-1.6386719,-1.3886719,2.244373,LCC-FASD external-dev / cross-domain stress set,True
spoof_1344.png,1,VALID,-0.8901367,-0.032806396,0.23620605,-1.6940025,LCC-FASD external-dev / cross-domain stress set,False
spoof_1345.png,1,VALID,-0.90185547,2.4238281,-1.3398438,-3.348617,LCC-FASD external-dev / cross-domain stress set,False
spoof_1346.png,1,VALID,0.13330078,0.13867188,-0.921875,-0.3027062,LCC-FASD external-dev / cross-domain stress set,True
spoof_1347.png,1,VALID,-0.85009766,0.8359375,-0.29833984,-1.9649194,LCC-FASD external-dev / cross-domain stress set,False
spoof_1348.png,1,VALID,-0.54296875,0.8701172,-0.7294922,-1.5970522,LCC-FASD external-dev / cross-domain stress set,False
spoof_1349.png,1,VALID,-1.15625,0.23535156,0.36376953,-2.1510177,LCC-FASD external-dev / cross-domain stress set,False
spoof_1350.png,1,VALID,-0.50390625,1.8681641,-1.4365234,-2.4081233,LCC-FASD external-dev / cross-domain stress set,False
spoof_1351.png,1,VALID,-0.9506836,-0.3659668,0.6621094,-1.9185809,LCC-FASD external-dev / cross-domain stress set,False
spoof_1352.png,1,VALID,-0.9160156,0.41870117,0.15246582,-1.9035804,LCC-FASD external-dev / cross-domain stress set,False
spoof_1353.png,1,VALID,-0.7290039,0.22570801,0.19238281,-1.6313353,LCC-FASD external-dev / cross-domain stress set,False
spoof_1354.png,1,VALID,-0.012428284,0.9609375,-1.2050781,-1.0818914,LCC-FASD external-dev / cross-domain stress set,False
spoof_1355.png,1,VALID,-1.1777344,0.6879883,-0.03338623,-2.2618668,LCC-FASD external-dev / cross-domain stress set,False
spoof_1356.png,1,VALID,-0.82421875,2.4433594,-1.3994141,-3.2887857,LCC-FASD external-dev / cross-domain stress set,False
spoof_1357.png,1,VALID,-0.91503906,2.28125,-1.2607422,-3.2248333,LCC-FASD external-dev / cross-domain stress set,False
spoof_1358.png,1,VALID,0.61621094,-0.8076172,-0.8520508,0.752651,LCC-FASD external-dev / cross-domain stress set,True
spoof_1359.png,1,VALID,-0.033111572,-0.080566406,-0.69970703,-0.38329253,LCC-FASD external-dev / cross-domain stress set,True
spoof_1360.png,1,VALID,-0.9946289,0.51660156,0.08868408,-2.0131354,LCC-FASD external-dev / cross-domain stress set,False
spoof_1361.png,1,VALID,0.59765625,-0.4345703,-1.140625,0.63104546,LCC-FASD external-dev / cross-domain stress set,True
spoof_1362.png,1,VALID,0.36376953,-0.6694336,-0.6904297,0.3504989,LCC-FASD external-dev / cross-domain stress set,True
spoof_1363.png,1,VALID,0.05102539,-0.16491699,-0.68847656,-0.24930498,LCC-FASD external-dev / cross-domain stress set,True
spoof_1364.png,1,VALID,-0.3876953,-0.3125,-0.013916016,-0.9287374,LCC-FASD external-dev / cross-domain stress set,False
spoof_1365.png,1,VALID,0.25830078,-0.39794922,-0.9248047,0.19222751,LCC-FASD external-dev / cross-domain stress set,True
spoof_1366.png,1,VALID,0.119628906,-0.19128418,-0.6015625,-0.19799,LCC-FASD external-dev / cross-domain stress set,True
spoof_1367.png,1,VALID,-0.34936523,0.5410156,-0.8198242,-1.1186674,LCC-FASD external-dev / cross-domain stress set,False
spoof_1368.png,1,VALID,-0.26342773,0.5800781,-0.81591797,-1.0647166,LCC-FASD external-dev / cross-domain stress set,False
spoof_1369.png,1,VALID,-0.6933594,0.50439453,-0.39160156,-1.5400667,LCC-FASD external-dev / cross-domain stress set,False
spoof_1370.png,1,VALID,-0.36328125,1.2832031,-1.2460938,-1.7231815,LCC-FASD external-dev / cross-domain stress set,False
spoof_1371.png,1,VALID,1.0449219,-1.6845703,-0.7216797,1.4432235,LCC-FASD external-dev / cross-domain stress set,True
spoof_1372.png,1,VALID,-0.05154419,-0.5722656,-0.21228027,-0.3685304,LCC-FASD external-dev / cross-domain stress set,True
spoof_1373.png,1,VALID,-0.98339844,0.27661133,0.2536621,-1.9417481,LCC-FASD external-dev / cross-domain stress set,False
spoof_1374.png,1,VALID,-0.046905518,0.5366211,-1.1328125,-0.7560956,LCC-FASD external-dev / cross-domain stress set,False
spoof_1375.png,1,VALID,0.20922852,-0.61279297,-0.6699219,0.15703082,LCC-FASD external-dev / cross-domain stress set,True
spoof_1376.png,1,VALID,0.6791992,-0.37402344,-1.1933594,0.68807673,LCC-FASD external-dev / cross-domain stress set,True
spoof_1377.png,1,VALID,-0.6699219,0.15478516,-0.022979736,-1.4329166,LCC-FASD external-dev / cross-domain stress set,False
spoof_1378.png,1,VALID,0.9379883,-0.8515625,-1.0458984,1.1888583,LCC-FASD external-dev / cross-domain stress set,True
spoof_1379.png,1,VALID,0.83935547,-1.125,-0.74609375,1.0639153,LCC-FASD external-dev / cross-domain stress set,True
spoof_1380.png,1,VALID,-0.32495117,1.5185547,-1.1337891,-1.9116185,LCC-FASD external-dev / cross-domain stress set,False
spoof_1381.png,1,VALID,2.4238281,-2.1230469,-2.15625,3.8701916,LCC-FASD external-dev / cross-domain stress set,True
spoof_1382.png,1,VALID,0.39575195,1.0800781,-1.8759766,-0.73504186,LCC-FASD external-dev / cross-domain stress set,False
spoof_1383.png,1,VALID,0.8857422,0.083496094,-1.7607422,0.65542585,LCC-FASD external-dev / cross-domain stress set,True
spoof_1384.png,1,VALID,0.34545898,0.5996094,-1.2900391,-0.39489007,LCC-FASD external-dev / cross-domain stress set,True
spoof_1385.png,1,VALID,1.0400391,0.034729004,-1.5947266,0.82629704,LCC-FASD external-dev / cross-domain stress set,True
spoof_1386.png,1,VALID,0.9511719,-1.4296875,-0.55566406,1.158104,LCC-FASD external-dev / cross-domain stress set,True
spoof_1387.png,1,VALID,2.3183594,-2.109375,-1.9912109,3.673761,LCC-FASD external-dev / cross-domain stress set,True
spoof_1388.png,1,VALID,2.4882812,-2.28125,-2.2050781,4.037573,LCC-FASD external-dev / cross-domain stress set,True
spoof_1389.png,1,VALID,2.2207031,-2.0,-2.0175781,3.5363064,LCC-FASD external-dev / cross-domain stress set,True
spoof_1390.png,1,VALID,0.6044922,0.39282227,-1.6875,0.09398472,LCC-FASD external-dev / cross-domain stress set,True
spoof_1391.png,1,VALID,2.3691406,-2.5273438,-1.9833984,3.8948271,LCC-FASD external-dev / cross-domain stress set,True
spoof_1392.png,1,VALID,2.3925781,-2.2441406,-2.0742188,3.8550057,LCC-FASD external-dev / cross-domain stress set,True
spoof_1393.png,1,VALID,1.0273438,-0.2322998,-1.7216797,1.0562844,LCC-FASD external-dev / cross-domain stress set,True
spoof_1394.png,1,VALID,1.3349609,-1.484375,-1.0878906,1.9084239,LCC-FASD external-dev / cross-domain stress set,True
spoof_1395.png,1,VALID,0.23925781,0.81689453,-1.2314453,-0.69892365,LCC-FASD external-dev / cross-domain stress set,False
spoof_1396.png,1,VALID,0.27246094,0.001698494,-0.7246094,-0.12377083,LCC-FASD external-dev / cross-domain stress set,True
spoof_1397.png,1,VALID,2.2910156,-2.4199219,-1.9140625,3.7332091,LCC-FASD external-dev / cross-domain stress set,True
spoof_1398.png,1,VALID,1.8955078,-1.8623047,-1.7949219,3.0304065,LCC-FASD external-dev / cross-domain stress set,True
spoof_1399.png,1,VALID,0.74658203,-0.12133789,-1.1826172,0.5707731,LCC-FASD external-dev / cross-domain stress set,True
spoof_1400.png,1,VALID,1.6142578,-1.6162109,-1.3828125,2.4138284,LCC-FASD external-dev / cross-domain stress set,True
spoof_1294.png,1,VALID,-0.61865234,0.6147461,-0.19506836,-1.6014667,LCC-FASD external-dev / cross-domain stress set,False
spoof_1295.png,1,VALID,-0.74072266,0.765625,-0.13647461,-1.8468951,LCC-FASD external-dev / cross-domain stress set,False
spoof_1296.png,1,VALID,-0.86621094,0.859375,-0.07751465,-2.056216,LCC-FASD external-dev / cross-domain stress set,False
spoof_1297.png,1,VALID,-0.38256836,0.53027344,-0.7089844,-1.1671731,LCC-FASD external-dev / cross-domain stress set,False
spoof_1298.png,1,VALID,1.0068359,-0.9116211,-1.2050781,1.3613122,LCC-FASD external-dev / cross-domain stress set,True
spoof_1299.png,1,VALID,-0.6645508,0.7788086,-0.28930664,-1.7387533,LCC-FASD external-dev / cross-domain stress set,False
spoof_1300.png,1,VALID,1.1259766,-1.2539062,-1.1416016,1.6290076,LCC-FASD external-dev / cross-domain stress set,True
spoof_1301.png,1,VALID,-0.48486328,1.1992188,-1.1132812,-1.778495,LCC-FASD external-dev / cross-domain stress set,False
spoof_1302.png,1,VALID,-0.61572266,1.2890625,-0.9091797,-2.010044,LCC-FASD external-dev / cross-domain stress set,False
spoof_1303.png,1,VALID,0.5024414,-1.2412109,-0.23901367,0.42878386,LCC-FASD external-dev / cross-domain stress set,True
spoof_1304.png,1,VALID,-0.89208984,2.3886719,-1.2773438,-3.306018,LCC-FASD external-dev / cross-domain stress set,False
spoof_1305.png,1,VALID,-1.7109375,0.18896484,1.2099609,-3.2285566,LCC-FASD external-dev / cross-domain stress set,False
spoof_1306.png,1,VALID,-0.0055618286,-0.84277344,0.051879883,-0.40014404,LCC-FASD external-dev / cross-domain stress set,True
spoof_1307.png,1,VALID,0.14807129,0.7788086,-1.1337891,-0.768494,LCC-FASD external-dev / cross-domain stress set,False
spoof_1308.png,1,VALID,0.59521484,-1.4814453,-0.12188721,0.48855376,LCC-FASD external-dev / cross-domain stress set,True
spoof_1309.png,1,VALID,-0.43115234,0.4946289,-0.39257812,-1.2706498,LCC-FASD external-dev / cross-domain stress set,False
spoof_1310.png,1,VALID,-0.6333008,1.2734375,-0.6113281,-2.0481205,LCC-FASD external-dev / cross-domain stress set,False
spoof_1311.png,1,VALID,0.52734375,0.09423828,-1.2177734,0.19465739,LCC-FASD external-dev / cross-domain stress set,True
spoof_1312.png,1,VALID,-0.28735352,-0.5136719,0.22363281,-0.90194786,LCC-FASD external-dev / cross-domain stress set,False
spoof_1313.png,1,VALID,-0.14367676,-0.6435547,0.006954193,-0.5705118,LCC-FASD external-dev / cross-domain stress set,True
spoof_1314.png,1,VALID,-1.0439453,1.5771484,-0.65234375,-2.723274,LCC-FASD external-dev / cross-domain stress set,False
spoof_1315.png,1,VALID,-1.0322266,1.546875,-0.60302734,-2.6892962,LCC-FASD external-dev / cross-domain stress set,False
spoof_1316.png,1,VALID,-0.080444336,1.1923828,-1.2900391,-1.3530612,LCC-FASD external-dev / cross-domain stress set,False
spoof_1317.png,1,VALID,-0.58740234,1.5507812,-1.0830078,-2.2075286,LCC-FASD external-dev / cross-domain stress set,False
spoof_1318.png,1,VALID,-0.32299805,1.6787109,-1.4228516,-2.0457058,LCC-FASD external-dev / cross-domain stress set,False
spoof_1319.png,1,VALID,-0.71533203,2.0429688,-1.2001953,-2.7965982,LCC-FASD external-dev / cross-domain stress set,False
spoof_1320.png,1,VALID,-1.0634766,2.4121094,-1.1494141,-3.5035858,LCC-FASD external-dev / cross-domain stress set,False
spoof_1321.png,1,VALID,-0.1887207,0.54052734,-0.9291992,-0.9362527,LCC-FASD external-dev / cross-domain stress set,False
spoof_1322.png,1,VALID,-0.8959961,1.9677734,-1.0,-2.913909,LCC-FASD external-dev / cross-domain stress set,False
spoof_1323.png,1,VALID,-0.8149414,1.4960938,-0.81591797,-2.4054918,LCC-FASD external-dev / cross-domain stress set,False
spoof_1324.png,1,VALID,-0.8676758,0.50146484,-0.010826111,-1.838595,LCC-FASD external-dev / cross-domain stress set,False
spoof_1325.png,1,VALID,-0.8696289,2.2167969,-1.2451172,-3.1173134,LCC-FASD external-dev / cross-domain stress set,False
spoof_1326.png,1,VALID,-0.8310547,0.17053223,0.22546387,-1.7225771,LCC-FASD external-dev / cross-domain stress set,False
spoof_1327.png,1,VALID,-1.2373047,1.1904297,-0.29760742,-2.6313407,LCC-FASD external-dev / cross-domain stress set,False
spoof_1328.png,1,VALID,-0.7348633,0.3400879,0.008415222,-1.6159503,LCC-FASD external-dev / cross-domain stress set,False
spoof_1329.png,1,VALID,-0.6850586,-0.10583496,0.22473145,-1.4512515,LCC-FASD external-dev / cross-domain stress set,False
spoof_1330.png,1,VALID,-1.0195312,2.1875,-1.0078125,-3.2471685,LCC-FASD external-dev / cross-domain stress set,False
spoof_1331.png,1,VALID,-0.46191406,0.3400879,-0.3479004,-1.2091897,LCC-FASD external-dev / cross-domain stress set,False
spoof_1332.png,1,VALID,-1.2646484,2.3300781,-0.89501953,-3.6337087,LCC-FASD external-dev / cross-domain stress set,False
spoof_1333.png,1,VALID,-1.1220703,2.4609375,-1.171875,-3.609106,LCC-FASD external-dev / cross-domain stress set,False
spoof_1334.png,1,VALID,-0.80859375,0.95410156,-0.6010742,-1.9542675,LCC-FASD external-dev / cross-domain stress set,False
spoof_1335.png,1,VALID,-0.41137695,0.5761719,-0.5341797,-1.272309,LCC-FASD external-dev / cross-domain stress set,False
spoof_1336.png,1,VALID,-0.13500977,-0.32739258,-0.2824707,-0.5234775,LCC-FASD external-dev / cross-domain stress set,True
spoof_1337.png,1,VALID,-1.2802734,2.4433594,-0.94677734,-3.7567813,LCC-FASD external-dev / cross-domain stress set,False
spoof_1338.png,1,VALID,-0.35498047,0.5019531,-0.47485352,-1.176486,LCC-FASD external-dev / cross-domain stress set,False
spoof_1339.png,1,VALID,-0.8979492,2.6386719,-1.5332031,-3.5519266,LCC-FASD external-dev / cross-domain stress set,False
spoof_1340.png,1,VALID,-0.85302734,-0.9238281,1.0878906,-2.0664563,LCC-FASD external-dev / cross-domain stress set,False
spoof_1341.png,1,VALID,-0.28759766,-0.026428223,-0.2208252,-0.86183447,LCC-FASD external-dev / cross-domain stress set,False
spoof_1342.png,1,VALID,0.28076172,-0.06463623,-0.85253906,-0.029468864,LCC-FASD external-dev / cross-domain stress set,True
spoof_1343.png,1,VALID,-0.16015625,0.18078613,-0.46020508,-0.76409674,LCC-FASD external-dev / cross-domain stress set,False
spoof_1239.png,1,VALID,-1.2509766,2.1269531,-0.859375,-3.4271696,LCC-FASD external-dev / cross-domain stress set,False
spoof_1240.png,1,VALID,0.44970703,-0.4152832,-0.88134766,0.37796548,LCC-FASD external-dev / cross-domain stress set,True
spoof_1241.png,1,VALID,-0.47607422,0.21496582,-0.2980957,-1.1602058,LCC-FASD external-dev / cross-domain stress set,False
spoof_1242.png,1,VALID,-1.2089844,2.34375,-0.9580078,-3.5888913,LCC-FASD external-dev / cross-domain stress set,False
spoof_1243.png,1,VALID,-1.3408203,2.1699219,-0.7348633,-3.564056,LCC-FASD external-dev / cross-domain stress set,False
spoof_1244.png,1,VALID,0.20178223,-0.1665039,-0.8618164,-0.036457747,LCC-FASD external-dev / cross-domain stress set,True
spoof_1245.png,1,VALID,1.0810547,-0.8598633,-1.4335938,1.4940424,LCC-FASD external-dev / cross-domain stress set,True
spoof_1246.png,1,VALID,-0.078430176,-1.2470703,0.12548828,-0.42982432,LCC-FASD external-dev / cross-domain stress set,True
spoof_1247.png,1,VALID,0.23144531,-1.3300781,0.021820068,-0.020492852,LCC-FASD external-dev / cross-domain stress set,True
spoof_1248.png,1,VALID,1.8886719,-1.4189453,-1.6894531,2.7406049,LCC-FASD external-dev / cross-domain stress set,True
spoof_1249.png,1,VALID,1.7441406,-1.5039062,-1.4746094,2.540144,LCC-FASD external-dev / cross-domain stress set,True
spoof_1250.png,1,VALID,1.6865234,-2.140625,-1.234375,2.5815473,LCC-FASD external-dev / cross-domain stress set,True
spoof_1251.png,1,VALID,1.5546875,-1.34375,-1.4394531,2.2519975,LCC-FASD external-dev / cross-domain stress set,True
spoof_1252.png,1,VALID,0.6040039,-1.4042969,-0.3112793,0.62619954,LCC-FASD external-dev / cross-domain stress set,True
spoof_1253.png,1,VALID,1.0517578,-0.76220703,-1.3447266,1.3702478,LCC-FASD external-dev / cross-domain stress set,True
spoof_1254.png,1,VALID,1.1806641,-1.0751953,-1.2080078,1.6269152,LCC-FASD external-dev / cross-domain stress set,True
spoof_1255.png,1,VALID,0.5620117,-1.3193359,-0.25854492,0.5232843,LCC-FASD external-dev / cross-domain stress set,True
spoof_1256.png,1,VALID,1.8300781,-1.5273438,-1.6142578,2.7067878,LCC-FASD external-dev / cross-domain stress set,True
spoof_1257.png,1,VALID,-0.044281006,-0.7285156,0.09320068,-0.5019001,LCC-FASD external-dev / cross-domain stress set,True
spoof_1258.png,1,VALID,1.8955078,-1.4042969,-1.6640625,2.7281291,LCC-FASD external-dev / cross-domain stress set,True
spoof_1259.png,1,VALID,0.41845703,-1.1474609,-0.20483398,0.2942729,LCC-FASD external-dev / cross-domain stress set,True
spoof_1260.png,1,VALID,1.453125,-1.2626953,-1.4316406,2.1035821,LCC-FASD external-dev / cross-domain stress set,True
spoof_1261.png,1,VALID,1.375,-0.98876953,-1.5439453,1.9101677,LCC-FASD external-dev / cross-domain stress set,True
spoof_1262.png,1,VALID,0.7661133,-1.6201172,-0.47192383,0.96252173,LCC-FASD external-dev / cross-domain stress set,True
spoof_1263.png,1,VALID,0.9980469,-0.5703125,-1.2880859,1.1710358,LCC-FASD external-dev / cross-domain stress set,True
spoof_1264.png,1,VALID,1.2861328,-1.90625,-0.7973633,1.7983727,LCC-FASD external-dev / cross-domain stress set,True
spoof_1265.png,1,VALID,1.8222656,-1.3037109,-1.7753906,2.641113,LCC-FASD external-dev / cross-domain stress set,True
spoof_1266.png,1,VALID,0.064331055,-1.1660156,-0.02381897,-0.18881279,LCC-FASD external-dev / cross-domain stress set,True
spoof_1267.png,1,VALID,1.0400391,-0.6020508,-1.5019531,1.3009079,LCC-FASD external-dev / cross-domain stress set,True
spoof_1268.png,1,VALID,-0.85009766,1.7148438,-0.91308594,-2.63468,LCC-FASD external-dev / cross-domain stress set,False
spoof_1269.png,1,VALID,-1.0087891,1.4199219,-0.59814453,-2.5535026,LCC-FASD external-dev / cross-domain stress set,False
spoof_1270.png,1,VALID,-1.3017578,2.8652344,-1.3359375,-4.181859,LCC-FASD external-dev / cross-domain stress set,False
spoof_1271.png,1,VALID,-1.1054688,1.9814453,-0.78125,-3.1481235,LCC-FASD external-dev / cross-domain stress set,False
spoof_1272.png,1,VALID,-1.1787109,1.7392578,-0.66552734,-3.004408,LCC-FASD external-dev / cross-domain stress set,False
spoof_1273.png,1,VALID,-1.1513672,2.4785156,-1.0898438,-3.6576946,LCC-FASD external-dev / cross-domain stress set,False
spoof_1274.png,1,VALID,-0.6508789,0.91503906,-0.4333496,-1.7967585,LCC-FASD external-dev / cross-domain stress set,False
spoof_1275.png,1,VALID,-1.4013672,2.9765625,-1.3359375,-4.3912406,LCC-FASD external-dev / cross-domain stress set,False
spoof_1276.png,1,VALID,-1.5205078,2.625,-0.8720703,-4.1753445,LCC-FASD external-dev / cross-domain stress set,False
spoof_1277.png,1,VALID,-1.4873047,2.4511719,-0.77197266,-3.9775333,LCC-FASD external-dev / cross-domain stress set,False
spoof_1278.png,1,VALID,-1.2519531,2.6601562,-1.1757812,-3.933461,LCC-FASD external-dev / cross-domain stress set,False
spoof_1279.png,1,VALID,-1.125,2.2578125,-0.92285156,-3.42353,LCC-FASD external-dev / cross-domain stress set,False
spoof_1280.png,1,VALID,-1.3457031,2.8261719,-1.2392578,-4.188885,LCC-FASD external-dev / cross-domain stress set,False
spoof_1281.png,1,VALID,-1.0673828,1.1435547,-0.2055664,-2.441627,LCC-FASD external-dev / cross-domain stress set,False
spoof_1282.png,1,VALID,-1.3974609,2.7519531,-1.0224609,-4.172105,LCC-FASD external-dev / cross-domain stress set,False
spoof_1283.png,1,VALID,-0.9560547,1.6699219,-0.85791016,-2.7027822,LCC-FASD external-dev / cross-domain stress set,False
spoof_1284.png,1,VALID,-0.88623047,1.6904297,-0.78515625,-2.657423,LCC-FASD external-dev / cross-domain stress set,False
spoof_1285.png,1,VALID,-1.2822266,2.5839844,-1.1767578,-3.889211,LCC-FASD external-dev / cross-domain stress set,False
spoof_1286.png,1,VALID,-1.2285156,2.4003906,-0.9692383,-3.66273,LCC-FASD external-dev / cross-domain stress set,False
spoof_1287.png,1,VALID,-1.0986328,1.5566406,-0.5395508,-2.7712092,LCC-FASD external-dev / cross-domain stress set,False
spoof_1288.png,1,VALID,-1.1005859,1.546875,-0.6430664,-2.7535522,LCC-FASD external-dev / cross-domain stress set,False
spoof_1289.png,1,VALID,0.36547852,0.0079956055,-1.1611328,0.08696917,LCC-FASD external-dev / cross-domain stress set,True
spoof_1290.png,1,VALID,-0.5,0.52783203,-0.20715332,-1.4195447,LCC-FASD external-dev / cross-domain stress set,False
spoof_1291.png,1,VALID,1.0048828,-1.0966797,-1.2265625,1.4712495,LCC-FASD external-dev / cross-domain stress set,True
spoof_1292.png,1,VALID,0.6176758,-0.62890625,-1.0605469,0.7461446,LCC-FASD external-dev / cross-domain stress set,True
spoof_1293.png,1,VALID,-0.8408203,1.2011719,-0.67871094,-2.1840196,LCC-FASD external-dev / cross-domain stress set,False
spoof_1189.png,1,VALID,-0.2993164,-1.1796875,0.6411133,-1.0904828,LCC-FASD external-dev / cross-domain stress set,False
spoof_1190.png,1,VALID,1.2441406,-1.3808594,-1.3115234,1.896584,LCC-FASD external-dev / cross-domain stress set,True
spoof_1191.png,1,VALID,1.0693359,-1.2382812,-1.1513672,1.5700691,LCC-FASD external-dev / cross-domain stress set,True
spoof_1192.png,1,VALID,1.4316406,-2.0351562,-1.2441406,2.3018866,LCC-FASD external-dev / cross-domain stress set,True
spoof_1193.png,1,VALID,-0.055358887,1.7353516,-1.7285156,-1.8215388,LCC-FASD external-dev / cross-domain stress set,False
spoof_1194.png,1,VALID,0.09289551,-0.89453125,-0.14196777,-0.15118602,LCC-FASD external-dev / cross-domain stress set,True
spoof_1195.png,1,VALID,-0.68310547,-0.54541016,0.59033203,-1.5519656,LCC-FASD external-dev / cross-domain stress set,False
spoof_1196.png,1,VALID,0.15783691,0.25219727,-0.94384766,-0.35855973,LCC-FASD external-dev / cross-domain stress set,True
spoof_1197.png,1,VALID,-1.3232422,2.5253906,-0.9760742,-3.8783402,LCC-FASD external-dev / cross-domain stress set,False
spoof_1198.png,1,VALID,-1.3740234,2.5644531,-0.9506836,-3.9677866,LCC-FASD external-dev / cross-domain stress set,False
spoof_1199.png,1,VALID,-1.0878906,2.765625,-1.3056641,-3.8704271,LCC-FASD external-dev / cross-domain stress set,False
spoof_1200.png,1,VALID,0.082458496,1.4257812,-1.7773438,-1.3831538,LCC-FASD external-dev / cross-domain stress set,False
spoof_1201.png,1,VALID,-1.0185547,1.9902344,-0.92089844,-3.0617743,LCC-FASD external-dev / cross-domain stress set,False
spoof_1202.png,1,VALID,-0.9770508,0.30322266,0.28979492,-1.9667293,LCC-FASD external-dev / cross-domain stress set,False
spoof_1203.png,1,VALID,-0.60009766,2.234375,-1.5175781,-2.8576732,LCC-FASD external-dev / cross-domain stress set,False
spoof_1204.png,1,VALID,0.44140625,0.52001953,-1.4833984,-0.20513451,LCC-FASD external-dev / cross-domain stress set,True
spoof_1205.png,1,VALID,-1.0625,2.0566406,-0.98828125,-3.1656425,LCC-FASD external-dev / cross-domain stress set,False
spoof_1206.png,1,VALID,0.15246582,1.2783203,-1.6386719,-1.1785381,LCC-FASD external-dev / cross-domain stress set,False
spoof_1207.png,1,VALID,-0.1673584,1.8623047,-1.7480469,-2.0563464,LCC-FASD external-dev / cross-domain stress set,False
spoof_1208.png,1,VALID,-1.1494141,2.8320312,-1.4052734,-3.9957883,LCC-FASD external-dev / cross-domain stress set,False
spoof_1209.png,1,VALID,0.09576416,-0.056121826,-0.65283203,-0.2867689,LCC-FASD external-dev / cross-domain stress set,True
spoof_1210.png,1,VALID,-1.3466797,2.4394531,-0.88720703,-3.821416,LCC-FASD external-dev / cross-domain stress set,False
spoof_1211.png,1,VALID,0.41870117,1.1347656,-1.9589844,-0.7603986,LCC-FASD external-dev / cross-domain stress set,False
spoof_1212.png,1,VALID,-1.2294922,2.6796875,-1.0966797,-3.931827,LCC-FASD external-dev / cross-domain stress set,False
spoof_1213.png,1,VALID,-1.3564453,2.4980469,-0.97021484,-3.8851874,LCC-FASD external-dev / cross-domain stress set,False
spoof_1214.png,1,VALID,0.22229004,-0.46606445,-0.61376953,0.06633526,LCC-FASD external-dev / cross-domain stress set,True
spoof_1215.png,1,VALID,1.125,-1.1640625,-1.3955078,1.704957,LCC-FASD external-dev / cross-domain stress set,True
spoof_1216.png,1,VALID,1.1308594,-1.0722656,-1.3945312,1.6581845,LCC-FASD external-dev / cross-domain stress set,True
spoof_1217.png,1,VALID,-1.0947266,2.1289062,-1.0917969,-3.2627833,LCC-FASD external-dev / cross-domain stress set,False
spoof_1218.png,1,VALID,0.3959961,-0.043762207,-1.1796875,0.16127482,LCC-FASD external-dev / cross-domain stress set,True
spoof_1219.png,1,VALID,-0.734375,1.1035156,-0.54541016,-2.0137382,LCC-FASD external-dev / cross-domain stress set,False
spoof_1220.png,1,VALID,-0.05557251,0.5708008,-1.1708984,-0.7878307,LCC-FASD external-dev / cross-domain stress set,False
spoof_1221.png,1,VALID,0.81591797,-0.65185547,-1.3164062,1.052685,LCC-FASD external-dev / cross-domain stress set,True
spoof_1222.png,1,VALID,-0.29077148,1.0146484,-1.1708984,-1.4119544,LCC-FASD external-dev / cross-domain stress set,False
spoof_1223.png,1,VALID,-1.0947266,1.7880859,-0.62158203,-2.9688482,LCC-FASD external-dev / cross-domain stress set,False
spoof_1224.png,1,VALID,0.49145508,-0.6401367,-0.9008789,0.56034136,LCC-FASD external-dev / cross-domain stress set,True
spoof_1225.png,1,VALID,0.8989258,-0.8413086,-1.2714844,1.2392199,LCC-FASD external-dev / cross-domain stress set,True
spoof_1226.png,1,VALID,1.0683594,-0.9589844,-1.3652344,1.516832,LCC-FASD external-dev / cross-domain stress set,True
spoof_1227.png,1,VALID,0.041107178,0.3322754,-0.88427734,-0.55064344,LCC-FASD external-dev / cross-domain stress set,True
spoof_1228.png,1,VALID,-0.9790039,1.6416016,-0.7055664,-2.7119436,LCC-FASD external-dev / cross-domain stress set,False
spoof_1229.png,1,VALID,1.0117188,-1.1435547,-1.2597656,1.5185446,LCC-FASD external-dev / cross-domain stress set,True
spoof_1230.png,1,VALID,-1.1982422,1.7529297,-0.79248047,-3.026688,LCC-FASD external-dev / cross-domain stress set,False
spoof_1231.png,1,VALID,0.5957031,-0.32226562,-1.2783203,0.59269714,LCC-FASD external-dev / cross-domain stress set,True
spoof_1232.png,1,VALID,1.1503906,-1.4667969,-1.328125,1.8523026,LCC-FASD external-dev / cross-domain stress set,True
spoof_1233.png,1,VALID,1.4931641,-1.6787109,-1.5517578,2.413238,LCC-FASD external-dev / cross-domain stress set,True
spoof_1234.png,1,VALID,0.5913086,-0.37280273,-1.3076172,0.63289666,LCC-FASD external-dev / cross-domain stress set,True
spoof_1235.png,1,VALID,0.46313477,-0.4543457,-0.9379883,0.4371964,LCC-FASD external-dev / cross-domain stress set,True
spoof_1236.png,1,VALID,-0.14367676,0.26953125,-0.7661133,-0.71700764,LCC-FASD external-dev / cross-domain stress set,False
spoof_1237.png,1,VALID,-1.3701172,2.5878906,-0.9716797,-3.9860616,LCC-FASD external-dev / cross-domain stress set,False
spoof_1238.png,1,VALID,-1.3496094,2.1230469,-0.7050781,-3.530098,LCC-FASD external-dev / cross-domain stress set,False
spoof_1133.png,1,VALID,0.55126953,-0.26391602,-0.88623047,0.38554773,LCC-FASD external-dev / cross-domain stress set,True
spoof_1134.png,1,VALID,0.15100098,1.2714844,-1.5878906,-1.1762062,LCC-FASD external-dev / cross-domain stress set,False
spoof_1135.png,1,VALID,0.46875,0.18811035,-1.0498047,0.02600661,LCC-FASD external-dev / cross-domain stress set,True
spoof_1136.png,1,VALID,1.5986328,-1.2373047,-1.5947266,2.3056169,LCC-FASD external-dev / cross-domain stress set,True
spoof_1137.png,1,VALID,-0.4724121,0.2614746,-0.050567627,-1.283135,LCC-FASD external-dev / cross-domain stress set,False
spoof_1138.png,1,VALID,0.5551758,0.75439453,-1.7597656,-0.27704132,LCC-FASD external-dev / cross-domain stress set,True
spoof_1139.png,1,VALID,-0.14453125,1.1503906,-1.1777344,-1.3879371,LCC-FASD external-dev / cross-domain stress set,False
spoof_1140.png,1,VALID,1.34375,-1.6259766,-1.3203125,2.1121137,LCC-FASD external-dev / cross-domain stress set,True
spoof_1141.png,1,VALID,1.34375,-1.1494141,-1.3779297,1.9077613,LCC-FASD external-dev / cross-domain stress set,True
spoof_1142.png,1,VALID,0.2166748,0.38793945,-1.0712891,-0.38024074,LCC-FASD external-dev / cross-domain stress set,True
spoof_1143.png,1,VALID,-0.39819336,0.7841797,-0.5053711,-1.4256285,LCC-FASD external-dev / cross-domain stress set,False
spoof_1144.png,1,VALID,1.5361328,-1.0361328,-1.5683594,2.1102338,LCC-FASD external-dev / cross-domain stress set,True
spoof_1145.png,1,VALID,0.84277344,-1.1445312,-0.7314453,1.0664345,LCC-FASD external-dev / cross-domain stress set,True
spoof_1146.png,1,VALID,0.3984375,0.67333984,-1.2460938,-0.4117819,LCC-FASD external-dev / cross-domain stress set,True
spoof_1147.png,1,VALID,0.70751953,-0.014595032,-1.4023438,0.49926174,LCC-FASD external-dev / cross-domain stress set,True
spoof_1148.png,1,VALID,0.83496094,-1.0009766,-1.0224609,1.1534748,LCC-FASD external-dev / cross-domain stress set,True
spoof_1149.png,1,VALID,1.453125,-1.5527344,-1.4394531,2.2544684,LCC-FASD external-dev / cross-domain stress set,True
spoof_1150.png,1,VALID,1.4599609,-0.8613281,-1.625,1.9387839,LCC-FASD external-dev / cross-domain stress set,True
spoof_1151.png,1,VALID,0.20056152,-0.16772461,-0.5107422,-0.16798836,LCC-FASD external-dev / cross-domain stress set,True
spoof_1152.png,1,VALID,0.7583008,-0.14404297,-1.5537109,0.68383145,LCC-FASD external-dev / cross-domain stress set,True
spoof_1153.png,1,VALID,-1.1826172,2.3222656,-0.82714844,-3.5468662,LCC-FASD external-dev / cross-domain stress set,False
spoof_1154.png,1,VALID,0.82177734,-1.5029297,-0.49951172,1.0089455,LCC-FASD external-dev / cross-domain stress set,True
spoof_1155.png,1,VALID,-0.55908203,1.4912109,-0.95703125,-2.1332042,LCC-FASD external-dev / cross-domain stress set,False
spoof_1156.png,1,VALID,-0.83935547,2.2636719,-1.296875,-3.1310542,LCC-FASD external-dev / cross-domain stress set,False
spoof_1157.png,1,VALID,0.57666016,0.20471191,-1.328125,0.17644542,LCC-FASD external-dev / cross-domain stress set,True
spoof_1158.png,1,VALID,0.36914062,-1.3125,-0.06756592,0.18364704,LCC-FASD external-dev / cross-domain stress set,True
spoof_1159.png,1,VALID,0.4453125,-1.3789062,-0.19140625,0.3705289,LCC-FASD external-dev / cross-domain stress set,True
spoof_1160.png,1,VALID,-0.5864258,0.1541748,0.08642578,-1.4004469,LCC-FASD external-dev / cross-domain stress set,False
spoof_1161.png,1,VALID,-0.066467285,0.2746582,-0.7602539,-0.64511704,LCC-FASD external-dev / cross-domain stress set,False
spoof_1162.png,1,VALID,0.32983398,-0.08477783,-0.7241211,-0.009111524,LCC-FASD external-dev / cross-domain stress set,True
spoof_1163.png,1,VALID,-0.3166504,1.5019531,-1.2001953,-1.8835119,LCC-FASD external-dev / cross-domain stress set,False
spoof_1164.png,1,VALID,-0.09057617,-0.8510742,0.12536621,-0.53559494,LCC-FASD external-dev / cross-domain stress set,True
spoof_1165.png,1,VALID,0.2680664,-1.0722656,-0.14086914,0.07675597,LCC-FASD external-dev / cross-domain stress set,True
spoof_1166.png,1,VALID,0.3647461,0.35327148,-1.2841797,-0.16623223,LCC-FASD external-dev / cross-domain stress set,True
spoof_1167.png,1,VALID,-0.21704102,1.2460938,-1.2060547,-1.5457358,LCC-FASD external-dev / cross-domain stress set,False
spoof_1168.png,1,VALID,0.017684937,0.47216797,-0.95996094,-0.66862625,LCC-FASD external-dev / cross-domain stress set,False
spoof_1169.png,1,VALID,0.48217773,-0.3371582,-0.72216797,0.3002779,LCC-FASD external-dev / cross-domain stress set,True
spoof_1170.png,1,VALID,1.1767578,-0.17260742,-1.6367188,1.1413082,LCC-FASD external-dev / cross-domain stress set,True
spoof_1171.png,1,VALID,0.081604004,1.6826172,-1.8486328,-1.6298614,LCC-FASD external-dev / cross-domain stress set,False
spoof_1172.png,1,VALID,-0.08959961,-0.5566406,-0.19433594,-0.4235776,LCC-FASD external-dev / cross-domain stress set,True
spoof_1173.png,1,VALID,0.80615234,-1.0996094,-0.99072266,1.1566899,LCC-FASD external-dev / cross-domain stress set,True
spoof_1174.png,1,VALID,-0.08642578,-0.8852539,0.18383789,-0.56540793,LCC-FASD external-dev / cross-domain stress set,True
spoof_1175.png,1,VALID,1.4287109,-1.8916016,-1.3261719,2.305008,LCC-FASD external-dev / cross-domain stress set,True
spoof_1176.png,1,VALID,-0.5961914,2.71875,-1.8759766,-3.3249958,LCC-FASD external-dev / cross-domain stress set,False
spoof_1177.png,1,VALID,-0.25097656,-1.0185547,0.3894043,-0.8592289,LCC-FASD external-dev / cross-domain stress set,False
spoof_1178.png,1,VALID,-0.2578125,-1.1591797,0.4489746,-0.88932264,LCC-FASD external-dev / cross-domain stress set,False
spoof_1179.png,1,VALID,0.0010223389,-0.8623047,-0.06750488,-0.3041885,LCC-FASD external-dev / cross-domain stress set,True
spoof_1180.png,1,VALID,0.62060547,-1.1982422,-0.7783203,0.8938578,LCC-FASD external-dev / cross-domain stress set,True
spoof_1181.png,1,VALID,1.2529297,-1.1953125,-1.5039062,1.8975351,LCC-FASD external-dev / cross-domain stress set,True
spoof_1182.png,1,VALID,-0.3569336,-1.1054688,0.5805664,-1.1074558,LCC-FASD external-dev / cross-domain stress set,False
spoof_1183.png,1,VALID,0.70166016,-1.4394531,-0.70654297,1.0158174,LCC-FASD external-dev / cross-domain stress set,True
spoof_1184.png,1,VALID,0.58740234,-0.8828125,-0.6743164,0.66739553,LCC-FASD external-dev / cross-domain stress set,True
spoof_1185.png,1,VALID,0.6069336,-1.5039062,-0.3088379,0.6513453,LCC-FASD external-dev / cross-domain stress set,True
spoof_1186.png,1,VALID,0.9741211,0.7524414,-2.2167969,0.1716119,LCC-FASD external-dev / cross-domain stress set,True
spoof_1187.png,1,VALID,0.41601562,-1.6123047,-0.1315918,0.34264788,LCC-FASD external-dev / cross-domain stress set,True
spoof_1188.png,1,VALID,1.1611328,-2.0019531,-0.86035156,1.7443776,LCC-FASD external-dev / cross-domain stress set,True
spoof_1078.png,1,VALID,-1.3955078,-1.0693359,2.0527344,-3.4913647,LCC-FASD external-dev / cross-domain stress set,False
spoof_1079.png,1,VALID,-1.0322266,-0.6401367,1.2167969,-2.3941195,LCC-FASD external-dev / cross-domain stress set,False
spoof_1080.png,1,VALID,1.0195312,-0.7055664,-1.0917969,1.2065337,LCC-FASD external-dev / cross-domain stress set,True
spoof_1081.png,1,VALID,-1.2539062,2.1660156,-0.8828125,-3.4662466,LCC-FASD external-dev / cross-domain stress set,False
spoof_1082.png,1,VALID,0.30664062,-0.39941406,-0.70654297,0.15472698,LCC-FASD external-dev / cross-domain stress set,True
spoof_1083.png,1,VALID,0.23266602,-0.08300781,-0.7753906,-0.09004611,LCC-FASD external-dev / cross-domain stress set,True
spoof_1084.png,1,VALID,0.62158203,-0.56689453,-1.0302734,0.7004156,LCC-FASD external-dev / cross-domain stress set,True
spoof_1085.png,1,VALID,-1.0107422,-0.7373047,1.2587891,-2.3969257,LCC-FASD external-dev / cross-domain stress set,False
spoof_1086.png,1,VALID,-1.1816406,-0.8535156,1.5039062,-2.7759943,LCC-FASD external-dev / cross-domain stress set,False
spoof_1087.png,1,VALID,-1.2089844,1.7568359,-0.6333008,-3.0534806,LCC-FASD external-dev / cross-domain stress set,False
spoof_1088.png,1,VALID,-1.3359375,2.0820312,-0.66845703,-3.479907,LCC-FASD external-dev / cross-domain stress set,False
spoof_1089.png,1,VALID,1.1376953,-1.5400391,-0.92089844,1.6278464,LCC-FASD external-dev / cross-domain stress set,True
spoof_1090.png,1,VALID,-0.3425293,1.9033203,-1.7333984,-2.2718472,LCC-FASD external-dev / cross-domain stress set,False
spoof_1091.png,1,VALID,-0.06707764,1.3574219,-1.5498047,-1.4776868,LCC-FASD external-dev / cross-domain stress set,False
spoof_1092.png,1,VALID,1.1806641,-0.5253906,-1.7685547,1.4525992,LCC-FASD external-dev / cross-domain stress set,True
spoof_1093.png,1,VALID,0.47753906,1.4160156,-2.0410156,-0.9695132,LCC-FASD external-dev / cross-domain stress set,False
spoof_1094.png,1,VALID,1.1777344,-0.3137207,-1.7265625,1.2735649,LCC-FASD external-dev / cross-domain stress set,True
spoof_1095.png,1,VALID,-0.34887695,1.1386719,-1.2626953,-1.5742714,LCC-FASD external-dev / cross-domain stress set,False
spoof_1096.png,1,VALID,0.49780273,1.1542969,-1.9853516,-0.69888103,LCC-FASD external-dev / cross-domain stress set,False
spoof_1097.png,1,VALID,0.2220459,1.1640625,-1.7070312,-0.99710774,LCC-FASD external-dev / cross-domain stress set,False
spoof_1098.png,1,VALID,0.079589844,1.5615234,-1.890625,-1.5131197,LCC-FASD external-dev / cross-domain stress set,False
spoof_1099.png,1,VALID,1.4453125,-1.5595703,-1.1201172,2.0680609,LCC-FASD external-dev / cross-domain stress set,True
spoof_1100.png,1,VALID,1.4814453,-1.2636719,-1.3408203,2.0898004,LCC-FASD external-dev / cross-domain stress set,True
spoof_1101.png,1,VALID,-0.035583496,1.7470703,-1.8339844,-1.8101195,LCC-FASD external-dev / cross-domain stress set,False
spoof_1102.png,1,VALID,0.05227661,1.5136719,-1.8027344,-1.4970355,LCC-FASD external-dev / cross-domain stress set,False
spoof_1103.png,1,VALID,-0.007888794,1.8798828,-1.8886719,-1.9105946,LCC-FASD external-dev / cross-domain stress set,False
spoof_1104.png,1,VALID,-0.72509766,2.0703125,-1.1455078,-2.8347485,LCC-FASD external-dev / cross-domain stress set,False
spoof_1105.png,1,VALID,0.5629883,-0.14709473,-0.99853516,0.35464898,LCC-FASD external-dev / cross-domain stress set,True
spoof_1106.png,1,VALID,0.62597656,0.25268555,-1.5048828,0.21418369,LCC-FASD external-dev / cross-domain stress set,True
spoof_1107.png,1,VALID,0.052215576,0.8955078,-1.46875,-0.93315035,LCC-FASD external-dev / cross-domain stress set,False
spoof_1108.png,1,VALID,-0.7783203,2.5253906,-1.5693359,-3.320234,LCC-FASD external-dev / cross-domain stress set,False
spoof_1109.png,1,VALID,0.12438965,1.7744141,-2.015625,-1.6723676,LCC-FASD external-dev / cross-domain stress set,False
spoof_1110.png,1,VALID,0.33325195,-1.2490234,0.058532715,0.035324246,LCC-FASD external-dev / cross-domain stress set,True
spoof_1111.png,1,VALID,1.3691406,-2.1386719,-0.7011719,1.8572025,LCC-FASD external-dev / cross-domain stress set,True
spoof_1112.png,1,VALID,1.5869141,-1.6142578,-1.3740234,2.3807106,LCC-FASD external-dev / cross-domain stress set,True
spoof_1113.png,1,VALID,0.7939453,-1.0410156,-0.85839844,1.0463424,LCC-FASD external-dev / cross-domain stress set,True
spoof_1114.png,1,VALID,1.4365234,-1.9199219,-1.0556641,2.1405704,LCC-FASD external-dev / cross-domain stress set,True
spoof_1115.png,1,VALID,2.0898438,-1.9814453,-1.7646484,3.2638798,LCC-FASD external-dev / cross-domain stress set,True
spoof_1116.png,1,VALID,-1.453125,2.2597656,-0.76708984,-3.7602205,LCC-FASD external-dev / cross-domain stress set,False
spoof_1117.png,1,VALID,-0.73828125,-1.3574219,1.1494141,-1.9660681,LCC-FASD external-dev / cross-domain stress set,False
spoof_1118.png,1,VALID,0.1907959,-0.4399414,-0.58447266,0.007246852,LCC-FASD external-dev / cross-domain stress set,True
spoof_1119.png,1,VALID,-1.2119141,2.0078125,-0.77783203,-3.279588,LCC-FASD external-dev / cross-domain stress set,False
spoof_1120.png,1,VALID,-0.99658203,1.2880859,-0.43896484,-2.4483232,LCC-FASD external-dev / cross-domain stress set,False
spoof_1121.png,1,VALID,0.89941406,-0.7841797,-1.0273438,1.1046556,LCC-FASD external-dev / cross-domain stress set,True
spoof_1122.png,1,VALID,0.040039062,0.08013916,-0.65771484,-0.4308839,LCC-FASD external-dev / cross-domain stress set,True
spoof_1123.png,1,VALID,0.74853516,-0.5004883,-1.0546875,0.7950653,LCC-FASD external-dev / cross-domain stress set,True
spoof_1124.png,1,VALID,-1.0712891,1.9716797,-0.88427734,-3.098877,LCC-FASD external-dev / cross-domain stress set,False
spoof_1125.png,1,VALID,-0.56640625,0.2442627,-0.1303711,-1.3339415,LCC-FASD external-dev / cross-domain stress set,False
spoof_1126.png,1,VALID,1.4707031,-1.9140625,-1.1367188,2.229242,LCC-FASD external-dev / cross-domain stress set,True
spoof_1127.png,1,VALID,-0.81152344,0.8925781,-0.31323242,-1.966042,LCC-FASD external-dev / cross-domain stress set,False
spoof_1128.png,1,VALID,-0.6274414,1.4560547,-0.96777344,-2.168372,LCC-FASD external-dev / cross-domain stress set,False
spoof_1129.png,1,VALID,-0.7973633,0.29711914,0.10424805,-1.6958368,LCC-FASD external-dev / cross-domain stress set,False
spoof_1130.png,1,VALID,0.30810547,-0.9199219,-0.3269043,0.19504201,LCC-FASD external-dev / cross-domain stress set,True
spoof_1131.png,1,VALID,1.0166016,-0.91015625,-1.0810547,1.3154135,LCC-FASD external-dev / cross-domain stress set,True
spoof_1132.png,1,VALID,1.5400391,-1.8876953,-1.3105469,2.4049408,LCC-FASD external-dev / cross-domain stress set,True
spoof_1025.png,1,VALID,1.046875,-1.4794922,-1.0498047,1.5954727,LCC-FASD external-dev / cross-domain stress set,True
spoof_1026.png,1,VALID,0.52734375,-1.4599609,-0.41088867,0.6379334,LCC-FASD external-dev / cross-domain stress set,True
spoof_1027.png,1,VALID,0.81103516,-1.4619141,-0.81152344,1.2026372,LCC-FASD external-dev / cross-domain stress set,True
spoof_1028.png,1,VALID,0.80859375,-1.2900391,-0.77490234,1.1151069,LCC-FASD external-dev / cross-domain stress set,True
spoof_1029.png,1,VALID,0.19592285,-0.12042236,-0.8535156,-0.07598102,LCC-FASD external-dev / cross-domain stress set,True
spoof_1030.png,1,VALID,-0.11767578,-0.1973877,-0.5395508,-0.45691735,LCC-FASD external-dev / cross-domain stress set,True
spoof_1031.png,1,VALID,0.011108398,0.18493652,-0.9394531,-0.4551279,LCC-FASD external-dev / cross-domain stress set,True
spoof_1032.png,1,VALID,1.3369141,-0.8222656,-1.4824219,1.7425961,LCC-FASD external-dev / cross-domain stress set,True
spoof_1033.png,1,VALID,1.2900391,-1.4160156,-1.3066406,1.9567254,LCC-FASD external-dev / cross-domain stress set,True
spoof_1034.png,1,VALID,1.0029297,-0.3166504,-1.5429688,1.0623283,LCC-FASD external-dev / cross-domain stress set,True
spoof_1035.png,1,VALID,0.29614258,-0.056884766,-1.1425781,0.062099844,LCC-FASD external-dev / cross-domain stress set,True
spoof_1036.png,1,VALID,-0.8334961,0.21435547,-0.11260986,-1.5908203,LCC-FASD external-dev / cross-domain stress set,False
spoof_1037.png,1,VALID,-0.008613586,-0.1517334,-0.7192383,-0.30600375,LCC-FASD external-dev / cross-domain stress set,True
spoof_1038.png,1,VALID,1.0917969,-0.37817383,-1.4619141,1.1785498,LCC-FASD external-dev / cross-domain stress set,True
spoof_1039.png,1,VALID,-0.20263672,-0.0758667,-0.4584961,-0.6467926,LCC-FASD external-dev / cross-domain stress set,False
spoof_1040.png,1,VALID,-0.7080078,0.68310547,-0.5488281,-1.6470941,LCC-FASD external-dev / cross-domain stress set,False
spoof_1041.png,1,VALID,-0.07098389,-0.2783203,-0.58447266,-0.3444053,LCC-FASD external-dev / cross-domain stress set,True
spoof_1042.png,1,VALID,0.453125,0.65478516,-1.6328125,-0.29834217,LCC-FASD external-dev / cross-domain stress set,True
spoof_1043.png,1,VALID,0.2919922,-0.57714844,-0.7373047,0.2528687,LCC-FASD external-dev / cross-domain stress set,True
spoof_1044.png,1,VALID,1.5615234,-0.75,-1.8681641,2.0286937,LCC-FASD external-dev / cross-domain stress set,True
spoof_1045.png,1,VALID,0.78808594,-0.6484375,-1.2861328,1.0122306,LCC-FASD external-dev / cross-domain stress set,True
spoof_1046.png,1,VALID,0.1459961,-0.046447754,-0.7792969,-0.1999616,LCC-FASD external-dev / cross-domain stress set,True
spoof_1047.png,1,VALID,1.0634766,-0.41430664,-1.5507812,1.1994332,LCC-FASD external-dev / cross-domain stress set,True
spoof_1048.png,1,VALID,-0.4309082,-0.2446289,-0.28759766,-0.85817283,LCC-FASD external-dev / cross-domain stress set,False
spoof_1049.png,1,VALID,0.5878906,0.10784912,-1.3691406,0.27439094,LCC-FASD external-dev / cross-domain stress set,True
spoof_1050.png,1,VALID,-0.8491211,0.87109375,-0.48486328,-1.9495,LCC-FASD external-dev / cross-domain stress set,False
spoof_1051.png,1,VALID,0.61572266,0.2697754,-1.5058594,0.18947709,LCC-FASD external-dev / cross-domain stress set,True
spoof_1052.png,1,VALID,1.0341797,-0.015625,-1.6816406,0.87669325,LCC-FASD external-dev / cross-domain stress set,True
spoof_1053.png,1,VALID,1.0654297,-1.1660156,-0.7260742,1.2943265,LCC-FASD external-dev / cross-domain stress set,True
spoof_1054.png,1,VALID,0.7211914,-2.3339844,0.06774902,0.56675035,LCC-FASD external-dev / cross-domain stress set,True
spoof_1055.png,1,VALID,1.8681641,-1.8125,-1.6982422,2.928757,LCC-FASD external-dev / cross-domain stress set,True
spoof_1056.png,1,VALID,0.546875,-2.2519531,0.18359375,0.27935398,LCC-FASD external-dev / cross-domain stress set,True
spoof_1057.png,1,VALID,1.8662109,-1.7714844,-1.8603516,2.987995,LCC-FASD external-dev / cross-domain stress set,True
spoof_1058.png,1,VALID,1.8564453,-1.4609375,-1.8837891,2.8134756,LCC-FASD external-dev / cross-domain stress set,True
spoof_1059.png,1,VALID,1.0107422,-0.88964844,-0.86083984,1.1927354,LCC-FASD external-dev / cross-domain stress set,True
spoof_1060.png,1,VALID,0.32006836,-0.70703125,-0.33496094,0.13071162,LCC-FASD external-dev / cross-domain stress set,True
spoof_1061.png,1,VALID,1.9560547,-1.9541016,-1.8916016,3.1852708,LCC-FASD external-dev / cross-domain stress set,True
spoof_1062.png,1,VALID,0.8222656,-2.2851562,-0.13183594,0.84426284,LCC-FASD external-dev / cross-domain stress set,True
spoof_1063.png,1,VALID,1.6005859,-1.3242188,-1.6621094,2.386399,LCC-FASD external-dev / cross-domain stress set,True
spoof_1064.png,1,VALID,0.7475586,-1.8994141,-0.17126465,0.7553339,LCC-FASD external-dev / cross-domain stress set,True
spoof_1065.png,1,VALID,1.2783203,-1.3945312,-1.0302734,1.781081,LCC-FASD external-dev / cross-domain stress set,True
spoof_1066.png,1,VALID,1.4482422,-1.6494141,-1.0878906,2.084841,LCC-FASD external-dev / cross-domain stress set,True
spoof_1067.png,1,VALID,0.8442383,-2.4394531,0.030960083,0.7321131,LCC-FASD external-dev / cross-domain stress set,True
spoof_1068.png,1,VALID,1.3417969,-1.9892578,-0.7758789,1.8574743,LCC-FASD external-dev / cross-domain stress set,True
spoof_1069.png,1,VALID,-1.2539062,1.9882812,-0.68066406,-3.3092153,LCC-FASD external-dev / cross-domain stress set,False
spoof_1070.png,1,VALID,-1.6025391,1.7685547,-0.17016602,-3.5055265,LCC-FASD external-dev / cross-domain stress set,False
spoof_1071.png,1,VALID,-0.12023926,-0.7182617,0.09899902,-0.58501947,LCC-FASD external-dev / cross-domain stress set,True
spoof_1072.png,1,VALID,-1.3691406,2.1152344,-0.7451172,-3.5400448,LCC-FASD external-dev / cross-domain stress set,False
spoof_1073.png,1,VALID,1.4697266,-1.3427734,-1.2529297,2.0734224,LCC-FASD external-dev / cross-domain stress set,True
spoof_1074.png,1,VALID,-0.3010254,0.20227051,-0.60009766,-0.87366295,LCC-FASD external-dev / cross-domain stress set,False
spoof_1075.png,1,VALID,-1.6503906,2.0234375,-0.35742188,-3.7622705,LCC-FASD external-dev / cross-domain stress set,False
spoof_1076.png,1,VALID,-0.15661621,0.6489258,-0.93652344,-0.99190176,LCC-FASD external-dev / cross-domain stress set,False
spoof_1077.png,1,VALID,-1.640625,2.1523438,-0.5097656,-3.8604412,LCC-FASD external-dev / cross-domain stress set,False
spoof_1000.png,1,VALID,-1.5693359,1.7294922,0.016998291,-3.4646945,LCC-FASD external-dev / cross-domain stress set,False
spoof_1001.png,1,VALID,-0.625,1.2285156,-0.68896484,-1.9906453,LCC-FASD external-dev / cross-domain stress set,False
spoof_1002.png,1,VALID,-0.6855469,0.15856934,0.24377441,-1.5807731,LCC-FASD external-dev / cross-domain stress set,False
spoof_1003.png,1,VALID,-0.28149414,2.0078125,-1.4072266,-2.321653,LCC-FASD external-dev / cross-domain stress set,False
spoof_1004.png,1,VALID,0.42504883,0.75146484,-1.5683594,-0.42017126,LCC-FASD external-dev / cross-domain stress set,True
spoof_1005.png,1,VALID,-1.2851562,0.9873047,0.33276367,-2.6909611,LCC-FASD external-dev / cross-domain stress set,False
spoof_1006.png,1,VALID,-1.0683594,2.78125,-1.3134766,-3.8661325,LCC-FASD external-dev / cross-domain stress set,False
spoof_1007.png,1,VALID,2.2558594,-1.7021484,-2.1113281,3.4486663,LCC-FASD external-dev / cross-domain stress set,True
spoof_1008.png,1,VALID,0.34838867,0.47460938,-1.3242188,-0.2793647,LCC-FASD external-dev / cross-domain stress set,True
spoof_1009.png,1,VALID,-0.33422852,1.2412109,-1.078125,-1.6692383,LCC-FASD external-dev / cross-domain stress set,False
spoof_1010.png,1,VALID,1.1376953,-0.92529297,-1.4951172,1.6147033,LCC-FASD external-dev / cross-domain stress set,True
spoof_1011.png,1,VALID,-1.3183594,1.8427734,-0.34716797,-3.267224,LCC-FASD external-dev / cross-domain stress set,False
spoof_1012.png,1,VALID,-0.111328125,0.07775879,-0.60595703,-0.5977057,LCC-FASD external-dev / cross-domain stress set,True
spoof_1013.png,1,VALID,1.3642578,-1.3125,-1.4296875,2.0404887,LCC-FASD external-dev / cross-domain stress set,True
spoof_1014.png,1,VALID,0.23522949,-0.23730469,-0.76464844,0.00869292,LCC-FASD external-dev / cross-domain stress set,True
spoof_1015.png,1,VALID,1.8457031,-1.9033203,-1.5166016,2.8439384,LCC-FASD external-dev / cross-domain stress set,True
spoof_1016.png,1,VALID,1.8886719,-1.8789062,-1.5478516,2.895266,LCC-FASD external-dev / cross-domain stress set,True
spoof_1017.png,1,VALID,0.3244629,-0.3154297,-0.78466797,0.15409034,LCC-FASD external-dev / cross-domain stress set,True
spoof_1018.png,1,VALID,0.28808594,-0.16894531,-0.8876953,0.06002778,LCC-FASD external-dev / cross-domain stress set,True
spoof_1019.png,1,VALID,-0.68115234,-0.14538574,0.20532227,-1.4195641,LCC-FASD external-dev / cross-domain stress set,False
spoof_1020.png,1,VALID,1.9511719,-1.9599609,-1.5214844,2.9749048,LCC-FASD external-dev / cross-domain stress set,True
spoof_1021.png,1,VALID,1.9589844,-2.0664062,-1.6318359,3.0915353,LCC-FASD external-dev / cross-domain stress set,True
spoof_1022.png,1,VALID,-0.6464844,0.34765625,-0.14550781,-1.470804,LCC-FASD external-dev / cross-domain stress set,False
spoof_1023.png,1,VALID,0.30322266,-0.11090088,-0.92529297,0.047462642,LCC-FASD external-dev / cross-domain stress set,True
spoof_1024.png,1,VALID,0.85595703,-1.4755859,-0.8754883,1.293992,LCC-FASD external-dev / cross-domain stress set,True
YOUTUBE_TP300LA_SGS7E_id48_s1_45.png,1,VALID,-0.4375,-0.15625,-0.16149902,-0.9717761,LCC-FASD external-dev / cross-domain stress set,False
YOUTUBE_TP300LA_SGS7E_id48_s1_60.png,1,VALID,-0.02973938,-0.47631836,-0.44360352,-0.26305938,LCC-FASD external-dev / cross-domain stress set,True
YOUTUBE_TP300LA_SGS7E_id48_s1_75.png,1,VALID,-0.9511719,1.15625,-0.70947266,-2.2513356,LCC-FASD external-dev / cross-domain stress set,False
YOUTUBE_TP300LA_SGS7E_id48_s1_90.png,1,VALID,-0.7207031,0.35888672,-0.23144531,-1.5205142,LCC-FASD external-dev / cross-domain stress set,False
YOUTUBE_VSUNKNOWN_REDMIN5A_id48_s0_15.png,1,VALID,-0.96435547,2.234375,-1.3779297,-3.2253623,LCC-FASD external-dev / cross-domain stress set,False
YOUTUBE_VSUNKNOWN_REDMIN5A_id48_s0_30.png,1,VALID,-1.3574219,2.7675781,-1.3964844,-4.1404247,LCC-FASD external-dev / cross-domain stress set,False
YOUTUBE_VSUNKNOWN_REDMIN5A_id48_s0_45.png,1,VALID,-1.5498047,2.8769531,-1.1054688,-4.4452267,LCC-FASD external-dev / cross-domain stress set,False
YOUTUBE_VSUNKNOWN_REDMIN5A_id48_s0_60.png,1,VALID,-0.49047852,1.7480469,-1.3671875,-2.2819376,LCC-FASD external-dev / cross-domain stress set,False
YOUTUBE_VSUNKNOWN_REDMIN5A_id48_s0_75.png,1,VALID,-0.18615723,1.1123047,-1.4121094,-1.3755203,LCC-FASD external-dev / cross-domain stress set,False
YOUTUBE_VSUNKNOWN_REDMIN5A_id48_s0_90.png,1,VALID,-0.6816406,2.0800781,-1.453125,-2.7905114,LCC-FASD external-dev / cross-domain stress set,False
YOUTUBE_VSUNKNOWN_REDMIN5A_id48_s0_105.png,1,VALID,-0.9536133,2.2558594,-1.3544922,-3.2361557,LCC-FASD external-dev / cross-domain stress set,False
YOUTUBE_VSUNKNOWN_REDMIN5A_id48_s0_120.png,1,VALID,-0.20117188,1.2695312,-1.3779297,-1.539138,LCC-FASD external-dev / cross-domain stress set,False
YOUTUBE_VSUNKNOWN_REDMIN5A_id48_s0_135.png,1,VALID,-0.5258789,1.7871094,-1.4462891,-2.3516545,LCC-FASD external-dev / cross-domain stress set,False
YOUTUBE_VSUNKNOWN_REDMIN5A_id48_s0_150.png,1,VALID,0.25830078,0.6533203,-1.4375,-0.51154464,LCC-FASD external-dev / cross-domain stress set,True
YOUTUBE_VSVA2231WA_MEIZUM3S_id48_s0_15.png,1,VALID,-1.5068359,2.7402344,-1.0390625,-4.2696524,LCC-FASD external-dev / cross-domain stress set,False
YOUTUBE_VSVA2231WA_MEIZUM3S_id48_s0_30.png,1,VALID,-1.5908203,2.8691406,-1.0761719,-4.479121,LCC-FASD external-dev / cross-domain stress set,False
YOUTUBE_VSVA2231WA_MEIZUM3S_id48_s0_45.png,1,VALID,-1.5429688,2.4726562,-0.7993164,-4.0528545,LCC-FASD external-dev / cross-domain stress set,False
YOUTUBE_VSVA2231WA_MEIZUM3S_id48_s0_60.png,1,VALID,-1.4082031,2.0273438,-0.63964844,-3.5027015,LCC-FASD external-dev / cross-domain stress set,False
YOUTUBE_VSVA2231WA_MEIZUM3S_id48_s0_75.png,1,VALID,-1.5048828,2.2382812,-0.6821289,-3.7956727,LCC-FASD external-dev / cross-domain stress set,False
YOUTUBE_VSVA2231WA_MEIZUM3S_id48_s0_90.png,1,VALID,-1.4804688,2.2070312,-0.6269531,-3.7446156,LCC-FASD external-dev / cross-domain stress set,False
YOUTUBE_VSVA2231WA_MEIZUM3S_id48_s0_105.png,1,VALID,-1.3867188,2.3652344,-0.88134766,-3.7901223,LCC-FASD external-dev / cross-domain stress set,False
YOUTUBE_VSVA2231WA_MEIZUM3S_id48_s0_120.png,1,VALID,-1.3242188,1.9082031,-0.6098633,-3.3099525,LCC-FASD external-dev / cross-domain stress set,False
YOUTUBE_VSVA2231WA_MEIZUM3S_id48_s0_135.png,1,VALID,-1.5322266,2.140625,-0.66064453,-3.7318118,LCC-FASD external-dev / cross-domain stress set,False
YOUTUBE_VSVA2231WA_MEIZUM3S_id48_s0_150.png,1,VALID,-1.3291016,2.1210938,-0.7885742,-3.503256,LCC-FASD external-dev / cross-domain stress set,False
YOUTUBE_VX2363SMHL_LGL90_id39_s0_16.png,1,VALID,1.2226562,0.44506836,-2.3339844,0.7173423,LCC-FASD external-dev / cross-domain stress set,True
YOUTUBE_VX2363SMHL_LGL90_id39_s0_35.png,1,VALID,1.5722656,-0.45825195,-2.0449219,1.8443651,LCC-FASD external-dev / cross-domain stress set,True
YOUTUBE_VX2363SMHL_LGL90_id39_s0_50.png,1,VALID,1.0595703,-0.359375,-1.71875,1.1903596,LCC-FASD external-dev / cross-domain stress set,True
YOUTUBE_VX2363SMHL_LGL90_id43_s0_15.png,1,VALID,0.74316406,-0.77246094,-0.8676758,0.86895245,LCC-FASD external-dev / cross-domain stress set,True
YOUTUBE_VX2363SMHL_LGL90_id43_s0_30.png,1,VALID,0.59472656,-0.026733398,-1.3037109,0.37547612,LCC-FASD external-dev / cross-domain stress set,True
YOUTUBE_VX2363SMHL_LGL90_id43_s0_47.png,1,VALID,-0.31860352,0.8417969,-1.0195312,-1.3049042,LCC-FASD external-dev / cross-domain stress set,False
YOUTUBE_VX2363SMHL_LGL90_id43_s0_62.png,1,VALID,0.99853516,-1.3408203,-0.83447266,1.3613226,LCC-FASD external-dev / cross-domain stress set,True
YOUTUBE_VX2363SMHL_LGL90_id43_s0_77.png,1,VALID,1.3134766,-2.0019531,-0.7216797,1.7898903,LCC-FASD external-dev / cross-domain stress set,True
YOUTUBE_VX2363SMHL_LGL90_id43_s0_92.png,1,VALID,1.3955078,-1.7900391,-1.0898438,2.0822303,LCC-FASD external-dev / cross-domain stress set,True
YOUTUBE_VX2363SMHL_LGL90_id43_s0_110.png,1,VALID,1.2011719,-1.3847656,-1.0703125,1.7232542,LCC-FASD external-dev / cross-domain stress set,True
YOUTUBE_VX2363SMHL_LGL90_id43_s0_125.png,1,VALID,1.0039062,-1.3144531,-0.9975586,1.4542643,LCC-FASD external-dev / cross-domain stress set,True
YOUTUBE_VX2363SMHL_LGL90_id43_s0_140.png,1,VALID,1.4326172,-1.9873047,-1.0869141,2.1784902,LCC-FASD external-dev / cross-domain stress set,True
YOUTUBE_VX2363SMHL_LGL90_id43_s0_155.png,1,VALID,-0.04434204,0.6303711,-1.0761719,-0.8414912,LCC-FASD external-dev / cross-domain stress set,False
YOUTUBE_VX2363SMHL_LGL90_id43_s1_15.png,1,VALID,1.6142578,-1.9248047,-1.5039062,2.6134832,LCC-FASD external-dev / cross-domain stress set,True
YOUTUBE_VX2363SMHL_LGL90_id43_s1_30.png,1,VALID,1.9287109,-2.0761719,-1.7001953,3.1061807,LCC-FASD external-dev / cross-domain stress set,True
YOUTUBE_VX2363SMHL_LGL90_id43_s1_45.png,1,VALID,1.9404297,-2.3027344,-1.7148438,3.2134776,LCC-FASD external-dev / cross-domain stress set,True
YOUTUBE_VX2363SMHL_LGL90_id43_s1_60.png,1,VALID,1.8105469,-1.9501953,-1.6630859,2.9137716,LCC-FASD external-dev / cross-domain stress set,True
YOUTUBE_VX2363SMHL_LGL90_id43_s1_75.png,1,VALID,2.0488281,-2.4101562,-1.9189453,3.490369,LCC-FASD external-dev / cross-domain stress set,True
YOUTUBE_VX2363SMHL_LGL90_id43_s1_90.png,1,VALID,1.8320312,-2.2910156,-1.3974609,2.886471,LCC-FASD external-dev / cross-domain stress set,True
YOUTUBE_VX2363SMHL_LGL90_id43_s1_105.png,1,VALID,1.7128906,-1.9277344,-1.5957031,2.7677445,LCC-FASD external-dev / cross-domain stress set,True
YOUTUBE_VX2363SMHL_LGL90_id43_s1_120.png,1,VALID,1.6464844,-1.75,-1.5068359,2.5743823,LCC-FASD external-dev / cross-domain stress set,True
YOUTUBE_VX2363SMHL_LGL90_id43_s1_135.png,1,VALID,1.4755859,-1.53125,-1.5166016,2.3063378,LCC-FASD external-dev / cross-domain stress set,True
YOUTUBE_VX2363SMHL_LGL90_id43_s1_150.png,1,VALID,1.9951172,-2.3476562,-1.6972656,3.2724614,LCC-FASD external-dev / cross-domain stress set,True
YOUTUBE_VX2363SMHL_LGL90_id48_s1_15.png,1,VALID,1.609375,-2.1875,-1.4794922,2.6883311,LCC-FASD external-dev / cross-domain stress set,True
YOUTUBE_VX2363SMHL_LGL90_id48_s1_30.png,1,VALID,1.1533203,-1.9511719,-0.9970703,1.8245764,LCC-FASD external-dev / cross-domain stress set,True
YOUTUBE_VX2363SMHL_LGL90_id48_s1_45.png,1,VALID,1.3671875,-1.7978516,-1.328125,2.2096982,LCC-FASD external-dev / cross-domain stress set,True
YOUTUBE_VX2363SMHL_LGL90_id48_s1_105.png,1,VALID,0.7260742,-1.5566406,-0.7270508,1.0911046,LCC-FASD external-dev / cross-domain stress set,True
YOUTUBE_VX2363SMHL_LGL90_id48_s1_120.png,1,VALID,1.2841797,-1.7255859,-1.2929688,2.0770953,LCC-FASD external-dev / cross-domain stress set,True
YOUTUBE_VX2363SMHL_LGL90_id48_s1_135.png,1,VALID,0.9658203,-1.6181641,-0.9667969,1.5130305,LCC-FASD external-dev / cross-domain stress set,True
YOUTUBE_VX2363SMHL_LGL90_id48_s1_150.png,1,VALID,1.4853516,-2.1230469,-1.3662109,2.4668794,LCC-FASD external-dev / cross-domain stress set,True
YOUTUBE_TFT22W90PS_SA5100_id43_s0_15.png,1,VALID,-1.3632812,1.7333984,-0.52978516,-3.1956367,LCC-FASD external-dev / cross-domain stress set,False
YOUTUBE_TFT22W90PS_SA5100_id43_s0_30.png,1,VALID,-1.4912109,1.9492188,-0.6982422,-3.5088644,LCC-FASD external-dev / cross-domain stress set,False
YOUTUBE_TFT22W90PS_SA5100_id43_s0_45.png,1,VALID,-1.3056641,1.7734375,-0.6977539,-3.1602058,LCC-FASD external-dev / cross-domain stress set,False
YOUTUBE_TFT22W90PS_SA5100_id43_s0_60.png,1,VALID,-1.2978516,1.7695312,-0.5644531,-3.1598787,LCC-FASD external-dev / cross-domain stress set,False
YOUTUBE_TFT22W90PS_SA5100_id43_s0_75.png,1,VALID,-1.2197266,1.5585938,-0.45385742,-2.9037724,LCC-FASD external-dev / cross-domain stress set,False
YOUTUBE_TFT22W90PS_SA5100_id43_s0_90.png,1,VALID,-1.3916016,1.6464844,-0.44726562,-3.1542892,LCC-FASD external-dev / cross-domain stress set,False
YOUTUBE_TFT22W90PS_SA5100_id43_s0_135.png,1,VALID,-1.3867188,1.5810547,-0.38134766,-3.0992582,LCC-FASD external-dev / cross-domain stress set,False
YOUTUBE_TFT22W90PS_SA5100_id43_s0_150.png,1,VALID,-1.3925781,1.7216797,-0.4309082,-3.2241726,LCC-FASD external-dev / cross-domain stress set,False
YOUTUBE_TFT22W90PS_SA5100_id43_s1_15.png,1,VALID,-0.5595703,1.5625,-1.1591797,-2.1857624,LCC-FASD external-dev / cross-domain stress set,False
YOUTUBE_TFT22W90PS_SA5100_id43_s1_30.png,1,VALID,-0.7133789,1.8173828,-1.0742188,-2.5847642,LCC-FASD external-dev / cross-domain stress set,False
YOUTUBE_TFT22W90PS_SA5100_id43_s1_45.png,1,VALID,-0.6665039,1.7773438,-1.1757812,-2.4947085,LCC-FASD external-dev / cross-domain stress set,False
YOUTUBE_TFT22W90PS_SA5100_id43_s1_60.png,1,VALID,-0.94628906,1.9375,-1.0351562,-2.9336903,LCC-FASD external-dev / cross-domain stress set,False
YOUTUBE_TFT22W90PS_SA5100_id43_s1_75.png,1,VALID,-0.85546875,1.7490234,-0.97753906,-2.6678836,LCC-FASD external-dev / cross-domain stress set,False
YOUTUBE_TFT22W90PS_SA5100_id43_s1_90.png,1,VALID,-0.5390625,1.7236328,-1.1572266,-2.3172655,LCC-FASD external-dev / cross-domain stress set,False
YOUTUBE_TFT22W90PS_SA5100_id43_s1_105.png,1,VALID,-1.1171875,2.3730469,-1.1015625,-3.5207384,LCC-FASD external-dev / cross-domain stress set,False
YOUTUBE_TFT22W90PS_SA5100_id43_s1_120.png,1,VALID,-0.7495117,2.0839844,-1.2695312,-2.86786,LCC-FASD external-dev / cross-domain stress set,False
YOUTUBE_TFT22W90PS_SA5100_id43_s1_135.png,1,VALID,-1.2373047,1.8417969,-0.56347656,-3.1655002,LCC-FASD external-dev / cross-domain stress set,False
YOUTUBE_TFT22W90PS_SA5100_id43_s1_150.png,1,VALID,-1.1484375,2.2871094,-0.8652344,-3.47741,LCC-FASD external-dev / cross-domain stress set,False
YOUTUBE_TFT22W90PS_SA5100_id48_s1_15.png,1,VALID,-0.9448242,2.125,-1.4072266,-3.0986447,LCC-FASD external-dev / cross-domain stress set,False
YOUTUBE_TFT22W90PS_SA5100_id48_s1_30.png,1,VALID,-1.1494141,2.2363281,-1.1962891,-3.4175336,LCC-FASD external-dev / cross-domain stress set,False
YOUTUBE_TFT22W90PS_SA5100_id48_s1_45.png,1,VALID,-0.8461914,1.7880859,-1.1523438,-2.6857715,LCC-FASD external-dev / cross-domain stress set,False
YOUTUBE_TFT22W90PS_SA5100_id48_s1_60.png,1,VALID,-1.1533203,2.328125,-1.2626953,-3.5086477,LCC-FASD external-dev / cross-domain stress set,False
YOUTUBE_TFT22W90PS_SA5100_id48_s1_75.png,1,VALID,-1.0361328,2.0878906,-1.3203125,-3.156588,LCC-FASD external-dev / cross-domain stress set,False
YOUTUBE_TFT22W90PS_SA5100_id48_s1_90.png,1,VALID,-0.9970703,1.5400391,-0.91064453,-2.6198266,LCC-FASD external-dev / cross-domain stress set,False
YOUTUBE_TFT22W90PS_SA5100_id48_s1_105.png,1,VALID,-1.1796875,2.5273438,-1.3974609,-3.7265847,LCC-FASD external-dev / cross-domain stress set,False
YOUTUBE_TFT22W90PS_SA5100_id48_s1_120.png,1,VALID,-0.9814453,2.1894531,-1.4394531,-3.1970973,LCC-FASD external-dev / cross-domain stress set,False
YOUTUBE_TFT22W90PS_SA5100_id48_s1_135.png,1,VALID,-1.4814453,2.3867188,-1.0742188,-3.8990815,LCC-FASD external-dev / cross-domain stress set,False
YOUTUBE_TFT22W90PS_SA5100_id48_s1_150.png,1,VALID,-0.99853516,2.3398438,-1.4794922,-3.360084,LCC-FASD external-dev / cross-domain stress set,False
YOUTUBE_TP300LA_SGS7E_id43_s0_15.png,1,VALID,-1.3330078,1.8066406,-0.5175781,-3.2330112,LCC-FASD external-dev / cross-domain stress set,False
YOUTUBE_TP300LA_SGS7E_id43_s0_30.png,1,VALID,-1.5029297,2.0644531,-0.55859375,-3.6374512,LCC-FASD external-dev / cross-domain stress set,False
YOUTUBE_TP300LA_SGS7E_id43_s0_49.png,1,VALID,-1.4794922,1.8837891,-0.47607422,-3.453518,LCC-FASD external-dev / cross-domain stress set,False
YOUTUBE_TP300LA_SGS7E_id43_s0_65.png,1,VALID,-1.2919922,1.8056641,-0.60839844,-3.1833303,LCC-FASD external-dev / cross-domain stress set,False
YOUTUBE_TP300LA_SGS7E_id43_s0_80.png,1,VALID,-1.2607422,1.5908203,-0.43725586,-2.975185,LCC-FASD external-dev / cross-domain stress set,False
YOUTUBE_TP300LA_SGS7E_id43_s0_95.png,1,VALID,-1.3554688,1.6513672,-0.3527832,-3.1332703,LCC-FASD external-dev / cross-domain stress set,False
YOUTUBE_TP300LA_SGS7E_id43_s0_112.png,1,VALID,-0.9897461,1.4072266,-0.5805664,-2.5253637,LCC-FASD external-dev / cross-domain stress set,False
YOUTUBE_TP300LA_SGS7E_id43_s0_127.png,1,VALID,-1.2607422,1.8115234,-0.64746094,-3.1543264,LCC-FASD external-dev / cross-domain stress set,False
YOUTUBE_TP300LA_SGS7E_id43_s0_142.png,1,VALID,-0.9980469,1.6298828,-0.671875,-2.7233152,LCC-FASD external-dev / cross-domain stress set,False
YOUTUBE_TP300LA_SGS7E_id43_s0_165.png,1,VALID,-1.4628906,1.6699219,-0.296875,-3.2637568,LCC-FASD external-dev / cross-domain stress set,False
YOUTUBE_TP300LA_SGS7E_id43_s1_15.png,1,VALID,-0.28393555,0.7573242,-0.8066406,-1.2313052,LCC-FASD external-dev / cross-domain stress set,False
YOUTUBE_TP300LA_SGS7E_id43_s1_36.png,1,VALID,-0.6455078,1.1201172,-0.75683594,-1.9080406,LCC-FASD external-dev / cross-domain stress set,False
YOUTUBE_TP300LA_SGS7E_id43_s1_51.png,1,VALID,-1.0595703,1.8583984,-0.84277344,-2.9829385,LCC-FASD external-dev / cross-domain stress set,False
YOUTUBE_TP300LA_SGS7E_id43_s1_66.png,1,VALID,-0.31518555,0.63671875,-0.6767578,-1.1900418,LCC-FASD external-dev / cross-domain stress set,False
YOUTUBE_TP300LA_SGS7E_id43_s1_81.png,1,VALID,-0.82470703,0.9580078,-0.35473633,-2.0210075,LCC-FASD external-dev / cross-domain stress set,False
YOUTUBE_TP300LA_SGS7E_id43_s1_96.png,1,VALID,-0.23535156,-0.27026367,-0.14099121,-0.72495884,LCC-FASD external-dev / cross-domain stress set,False
YOUTUBE_TP300LA_SGS7E_id43_s1_118.png,1,VALID,-1.2714844,1.4589844,-0.30932617,-2.888003,LCC-FASD external-dev / cross-domain stress set,False
YOUTUBE_TP300LA_SGS7E_id43_s1_133.png,1,VALID,-0.6557617,0.24035645,0.0027065277,-1.4774835,LCC-FASD external-dev / cross-domain stress set,False
YOUTUBE_TP300LA_SGS7E_id43_s1_148.png,1,VALID,0.10803223,0.52685547,-1.0126953,-0.6131371,LCC-FASD external-dev / cross-domain stress set,False
YOUTUBE_TP300LA_SGS7E_id43_s1_163.png,1,VALID,-1.2128906,1.4355469,-0.3173828,-2.8082285,LCC-FASD external-dev / cross-domain stress set,False
YOUTUBE_TP300LA_SGS7E_id48_s1_15.png,1,VALID,-0.110839844,-0.36743164,-0.45654297,-0.39299196,LCC-FASD external-dev / cross-domain stress set,True
YOUTUBE_TP300LA_SGS7E_id48_s1_105.png,1,VALID,-0.49487305,0.24145508,-0.41503906,-1.1541607,LCC-FASD external-dev / cross-domain stress set,False
YOUTUBE_TP300LA_SGS7E_id48_s1_126.png,1,VALID,-0.8823242,0.72265625,-0.2758789,-1.9186363,LCC-FASD external-dev / cross-domain stress set,False
YOUTUBE_TP300LA_SGS7E_id48_s1_141.png,1,VALID,-0.7084961,0.63427734,-0.5053711,-1.6203532,LCC-FASD external-dev / cross-domain stress set,False
YOUTUBE_TP300LA_SGS7E_id48_s1_156.png,1,VALID,-0.8125,1.1845703,-0.8198242,-2.1234756,LCC-FASD external-dev / cross-domain stress set,False
YOUTUBE_SSM763MB_LA546_id39_s1_49.png,1,VALID,0.8256836,-0.12060547,-1.6103516,0.74299735,LCC-FASD external-dev / cross-domain stress set,True
YOUTUBE_SSM763MB_LA546_id39_s1_64.png,1,VALID,0.8574219,-0.4416504,-1.5302734,1.0088836,LCC-FASD external-dev / cross-domain stress set,True
YOUTUBE_SSM763MB_LA546_id42_s1_31.png,1,VALID,1.6103516,-1.4326172,-1.4951172,2.3805833,LCC-FASD external-dev / cross-domain stress set,True
YOUTUBE_SSM940N_AZ3MZC520TL_id48_s0_15.png,1,VALID,-1.5048828,2.7265625,-1.1191406,-4.2525916,LCC-FASD external-dev / cross-domain stress set,False
YOUTUBE_SSM940N_AZ3MZC520TL_id48_s0_30.png,1,VALID,-1.8251953,2.9453125,-0.83935547,-4.7929697,LCC-FASD external-dev / cross-domain stress set,False
YOUTUBE_SSM940N_AZ3MZC520TL_id48_s0_45.png,1,VALID,-1.8574219,2.7363281,-0.69873047,-4.6254654,LCC-FASD external-dev / cross-domain stress set,False
YOUTUBE_SSM940N_AZ3MZC520TL_id48_s0_60.png,1,VALID,-1.5205078,2.2714844,-0.68408203,-3.842732,LCC-FASD external-dev / cross-domain stress set,False
YOUTUBE_SSM940N_AZ3MZC520TL_id48_s0_75.png,1,VALID,-1.6103516,2.40625,-0.7348633,-4.0589275,LCC-FASD external-dev / cross-domain stress set,False
YOUTUBE_SSM940N_AZ3MZC520TL_id48_s0_90.png,1,VALID,-1.4941406,2.4707031,-0.87402344,-3.9995058,LCC-FASD external-dev / cross-domain stress set,False
YOUTUBE_SSM940N_AZ3MZC520TL_id48_s0_105.png,1,VALID,-1.4921875,2.5488281,-1.0039062,-4.069259,LCC-FASD external-dev / cross-domain stress set,False
YOUTUBE_SSM940N_AZ3MZC520TL_id48_s0_120.png,1,VALID,-1.6455078,2.0371094,-0.34692383,-3.770791,LCC-FASD external-dev / cross-domain stress set,False
YOUTUBE_SSM940N_AZ3MZC520TL_id48_s0_135.png,1,VALID,-1.4003906,2.1699219,-0.765625,-3.6220522,LCC-FASD external-dev / cross-domain stress set,False
YOUTUBE_SSM940N_AZ3MZC520TL_id48_s0_150.png,1,VALID,-1.3466797,2.2578125,-0.80322266,-3.6502676,LCC-FASD external-dev / cross-domain stress set,False
YOUTUBE_SSMB2430_SM4AD_id48_s0_15.png,1,VALID,-1.3193359,1.8896484,-0.5854492,-3.289785,LCC-FASD external-dev / cross-domain stress set,False
YOUTUBE_SSMB2430_SM4AD_id48_s0_30.png,1,VALID,-1.1103516,1.4042969,-0.45629883,-2.6592507,LCC-FASD external-dev / cross-domain stress set,False
YOUTUBE_SSMB2430_SM4AD_id48_s0_45.png,1,VALID,-0.9458008,1.1630859,-0.3720703,-2.303978,LCC-FASD external-dev / cross-domain stress set,False
YOUTUBE_SSMB2430_SM4AD_id48_s0_60.png,1,VALID,-1.1142578,2.0175781,-0.8652344,-3.1863024,LCC-FASD external-dev / cross-domain stress set,False
YOUTUBE_SSMB2430_SM4AD_id48_s0_75.png,1,VALID,-1.046875,1.7490234,-0.7138672,-2.8776522,LCC-FASD external-dev / cross-domain stress set,False
YOUTUBE_SSMB2430_SM4AD_id48_s0_90.png,1,VALID,-1.0712891,1.7294922,-0.61572266,-2.89229,LCC-FASD external-dev / cross-domain stress set,False
YOUTUBE_SSMB2430_SM4AD_id48_s0_105.png,1,VALID,-1.1318359,2.1289062,-0.85498047,-3.3100996,LCC-FASD external-dev / cross-domain stress set,False
YOUTUBE_SSMB2430_SM4AD_id48_s0_120.png,1,VALID,-1.2890625,1.8222656,-0.59814453,-3.1964827,LCC-FASD external-dev / cross-domain stress set,False
YOUTUBE_SSMB2430_SM4AD_id48_s0_135.png,1,VALID,-1.5126953,2.4648438,-0.7421875,-4.0172176,LCC-FASD external-dev / cross-domain stress set,False
YOUTUBE_SSMB2430_SM4AD_id48_s0_150.png,1,VALID,-0.90185547,1.3603516,-0.48266602,-2.409194,LCC-FASD external-dev / cross-domain stress set,False
YOUTUBE_SSMP2250_LVP1M_id39_s1_15.png,1,VALID,1.234375,-0.5493164,-1.7011719,1.5090567,LCC-FASD external-dev / cross-domain stress set,True
YOUTUBE_SSMP2250_LVP1M_id39_s1_30.png,1,VALID,1.5625,-1.4873047,-1.4296875,2.327434,LCC-FASD external-dev / cross-domain stress set,True
YOUTUBE_SSMP2250_LVP1M_id39_s1_52.png,1,VALID,1.2275391,-0.7270508,-1.6044922,1.606863,LCC-FASD external-dev / cross-domain stress set,True
YOUTUBE_SSMP2250_LVP1M_id39_s1_67.png,1,VALID,1.1542969,-0.70947266,-1.4541016,1.4751723,LCC-FASD external-dev / cross-domain stress set,True
YOUTUBE_SSMP2250_LVP1M_id39_s1_85.png,1,VALID,1.3388672,-0.90771484,-1.6103516,1.8442701,LCC-FASD external-dev / cross-domain stress set,True
YOUTUBE_SSMP2250_LVP1M_id39_s1_100.png,1,VALID,1.4677734,-1.0927734,-1.6113281,2.0934348,LCC-FASD external-dev / cross-domain stress set,True
YOUTUBE_SSMP2250_LVP1M_id39_s1_115.png,1,VALID,1.0292969,-0.23461914,-1.7207031,1.0599496,LCC-FASD external-dev / cross-domain stress set,True
YOUTUBE_SSMP2250_LVP1M_id39_s1_130.png,1,VALID,1.6289062,-1.4833984,-1.5849609,2.4686499,LCC-FASD external-dev / cross-domain stress set,True
YOUTUBE_SSMP2250_LVP1M_id42_s0_17.png,1,VALID,0.96533203,-1.1777344,-0.9135742,1.3091418,LCC-FASD external-dev / cross-domain stress set,True
YOUTUBE_SSMP2250_LVP1M_id42_s0_32.png,1,VALID,1.0898438,-1.4003906,-0.91748047,1.5267607,LCC-FASD external-dev / cross-domain stress set,True
YOUTUBE_SSMP2250_LVP1M_id42_s0_47.png,1,VALID,1.1240234,-1.3642578,-1.0205078,1.6085607,LCC-FASD external-dev / cross-domain stress set,True
YOUTUBE_SSMP2250_LVP1M_id42_s0_62.png,1,VALID,1.375,-1.5048828,-1.2402344,2.045682,LCC-FASD external-dev / cross-domain stress set,True
YOUTUBE_SSMP2250_LVP1M_id42_s0_77.png,1,VALID,1.0996094,-1.2988281,-1.0449219,1.5703002,LCC-FASD external-dev / cross-domain stress set,True
YOUTUBE_SSMP2250_LVP1M_id42_s0_92.png,1,VALID,1.1494141,-1.1621094,-1.1357422,1.6051059,LCC-FASD external-dev / cross-domain stress set,True
YOUTUBE_SSMP2250_LVP1M_id42_s0_107.png,1,VALID,1.2998047,-1.3574219,-1.2207031,1.8933853,LCC-FASD external-dev / cross-domain stress set,True
YOUTUBE_SSMP2250_LVP1M_id42_s0_122.png,1,VALID,1.34375,-1.3212891,-1.2841797,1.953165,LCC-FASD external-dev / cross-domain stress set,True
YOUTUBE_SSMP2250_LVP1M_id42_s0_137.png,1,VALID,1.2314453,-1.1708984,-1.2158203,1.7314053,LCC-FASD external-dev / cross-domain stress set,True
YOUTUBE_SSMP2250_LVP1M_id42_s0_152.png,1,VALID,1.4345703,-1.5566406,-1.2675781,2.143124,LCC-FASD external-dev / cross-domain stress set,True
YOUTUBE_SSMP2250_LVP1M_id42_s1_33.png,1,VALID,0.4267578,-0.12866211,-1.0546875,0.22171932,LCC-FASD external-dev / cross-domain stress set,True
YOUTUBE_SSMP2250_LVP1M_id42_s1_49.png,1,VALID,1.0947266,-0.9892578,-1.2246094,1.501605,LCC-FASD external-dev / cross-domain stress set,True
YOUTUBE_SSMP2250_LVP1M_id42_s1_64.png,1,VALID,1.0976562,-1.0400391,-1.2041016,1.5232186,LCC-FASD external-dev / cross-domain stress set,True
YOUTUBE_SSMP2250_LVP1M_id42_s1_79.png,1,VALID,1.6591797,-1.46875,-1.5292969,2.4645977,LCC-FASD external-dev / cross-domain stress set,True
YOUTUBE_SSMP2250_LVP1M_id42_s1_94.png,1,VALID,1.2138672,-1.0742188,-1.2880859,1.6961658,LCC-FASD external-dev / cross-domain stress set,True
YOUTUBE_SSMP2250_LVP1M_id42_s1_140.png,1,VALID,0.5527344,-0.3881836,-0.9350586,0.484281,LCC-FASD external-dev / cross-domain stress set,True
YOUTUBE_SSMP2250_LVP1M_id42_s1_160.png,1,VALID,1.2099609,-1.0927734,-1.3017578,1.70863,LCC-FASD external-dev / cross-domain stress set,True
YOUTUBE_SSMP2250_LVP1M_id42_s1_180.png,1,VALID,1.5888672,-1.4853516,-1.3867188,2.3305397,LCC-FASD external-dev / cross-domain stress set,True
YOUTUBE_TFT22W90PS_SA5100_id39_s0_37.png,1,VALID,-1.3085938,1.890625,-0.5131836,-3.2857385,LCC-FASD external-dev / cross-domain stress set,False
YOUTUBE_TFT22W90PS_SA5100_id43_s0_105.png,1,VALID,-0.6533203,0.890625,-0.67285156,-1.7340753,LCC-FASD external-dev / cross-domain stress set,False
YOUTUBE_TFT22W90PS_SA5100_id43_s0_120.png,1,VALID,-1.1669922,1.3564453,-0.4658203,-2.673287,LCC-FASD external-dev / cross-domain stress set,False
YOUTUBE_SM943N_REDMIN5_id42_s1_65.png,1,VALID,0.44970703,-0.11352539,-0.9584961,0.20585874,LCC-FASD external-dev / cross-domain stress set,True
YOUTUBE_SM943N_REDMIN5_id42_s1_87.png,1,VALID,-0.030334473,0.35766602,-0.8491211,-0.649716,LCC-FASD external-dev / cross-domain stress set,False
YOUTUBE_SRV508_IPHONE5SF_id39_s1_15.png,1,VALID,-0.87109375,1.6318359,-0.90478516,-2.5790877,LCC-FASD external-dev / cross-domain stress set,False
YOUTUBE_SRV508_IPHONE5SF_id39_s1_31.png,1,VALID,-0.14611816,0.31469727,-0.6879883,-0.7733556,LCC-FASD external-dev / cross-domain stress set,False
YOUTUBE_SRV508_IPHONE5SF_id39_s1_49.png,1,VALID,-0.71240234,1.3994141,-0.81640625,-2.2153327,LCC-FASD external-dev / cross-domain stress set,False
YOUTUBE_SRV508_IPHONE5SF_id39_s1_64.png,1,VALID,-0.7944336,1.3857422,-0.69091797,-2.2982683,LCC-FASD external-dev / cross-domain stress set,False
YOUTUBE_SRV508_IPHONE5SF_id39_s1_84.png,1,VALID,-1.0732422,1.8017578,-0.73779297,-2.9509437,LCC-FASD external-dev / cross-domain stress set,False
YOUTUBE_SRV508_IPHONE5SF_id39_s1_99.png,1,VALID,-1.1240234,2.0117188,-0.89404297,-3.1890051,LCC-FASD external-dev / cross-domain stress set,False
YOUTUBE_SRV508_IPHONE5SF_id39_s1_114.png,1,VALID,-0.8935547,1.3125,-0.63378906,-2.3395388,LCC-FASD external-dev / cross-domain stress set,False
YOUTUBE_SRV508_IPHONE5SF_id39_s1_129.png,1,VALID,-0.87597656,1.5654297,-0.8027344,-2.530929,LCC-FASD external-dev / cross-domain stress set,False
YOUTUBE_SRV508_IPHONE5SF_id42_s0_51.png,1,VALID,-0.24584961,0.75097656,-0.9501953,-1.1644313,LCC-FASD external-dev / cross-domain stress set,False
YOUTUBE_SRV508_IPHONE5SF_id42_s0_67.png,1,VALID,0.023483276,0.13366699,-0.81103516,-0.43862045,LCC-FASD external-dev / cross-domain stress set,True
YOUTUBE_SRV508_IPHONE5SF_id42_s0_84.png,1,VALID,-0.38452148,0.80908203,-0.81933594,-1.3727866,LCC-FASD external-dev / cross-domain stress set,False
YOUTUBE_SRV508_IPHONE5SF_id42_s0_126.png,1,VALID,0.30004883,-0.053985596,-0.9194336,0.0027700663,LCC-FASD external-dev / cross-domain stress set,True
YOUTUBE_SRV508_IPHONE5SF_id42_s0_141.png,1,VALID,-0.064697266,-0.076538086,-0.49975586,-0.49192154,LCC-FASD external-dev / cross-domain stress set,True
YOUTUBE_SRV508_IPHONE5SF_id42_s0_156.png,1,VALID,0.48608398,-0.8105469,-0.6977539,0.5454978,LCC-FASD external-dev / cross-domain stress set,True
YOUTUBE_SRV508_IPHONE5SF_id42_s0_171.png,1,VALID,0.20080566,-0.11291504,-0.8496094,-0.077438384,LCC-FASD external-dev / cross-domain stress set,True
YOUTUBE_SRV508_IPHONE5SF_id42_s0_186.png,1,VALID,0.43188477,-0.7036133,-0.6303711,0.4050594,LCC-FASD external-dev / cross-domain stress set,True
YOUTUBE_SRV508_IPHONE5SF_id42_s0_201.png,1,VALID,-0.11608887,0.41137695,-0.86279297,-0.77406263,LCC-FASD external-dev / cross-domain stress set,False
YOUTUBE_SRV508_IPHONE5SF_id42_s0_216.png,1,VALID,0.19042969,-0.20996094,-0.765625,-0.053033262,LCC-FASD external-dev / cross-domain stress set,True
YOUTUBE_SRV508_IPHONE5SF_id42_s1_46.png,1,VALID,-0.52197266,0.7993164,-0.6040039,-1.5410506,LCC-FASD external-dev / cross-domain stress set,False
YOUTUBE_SRV508_IPHONE5SF_id42_s1_61.png,1,VALID,-0.70458984,0.7578125,-0.3942871,-1.7369784,LCC-FASD external-dev / cross-domain stress set,False
YOUTUBE_SS22C200_REDMIN4X_id48_s0_15.png,1,VALID,0.9506836,-0.5761719,-1.4169922,1.1682328,LCC-FASD external-dev / cross-domain stress set,True
YOUTUBE_SS22C200_REDMIN4X_id48_s0_30.png,1,VALID,0.9003906,-0.17895508,-1.5927734,0.8616467,LCC-FASD external-dev / cross-domain stress set,True
YOUTUBE_SS22C200_REDMIN4X_id48_s0_48.png,1,VALID,-1.5068359,3.015625,-1.2626953,-4.5362315,LCC-FASD external-dev / cross-domain stress set,False
YOUTUBE_SS22C200_REDMIN4X_id48_s0_63.png,1,VALID,0.7709961,0.39208984,-1.9111328,0.28365403,LCC-FASD external-dev / cross-domain stress set,True
YOUTUBE_SS22C200_REDMIN4X_id48_s0_78.png,1,VALID,-1.2128906,2.3847656,-1.0898438,-3.6281602,LCC-FASD external-dev / cross-domain stress set,False
YOUTUBE_SS22C200_REDMIN4X_id48_s0_93.png,1,VALID,-1.1289062,2.6308594,-1.3779297,-3.7777581,LCC-FASD external-dev / cross-domain stress set,False
YOUTUBE_SS22C200_REDMIN4X_id48_s0_108.png,1,VALID,-1.0712891,2.4746094,-1.3525391,-3.5674365,LCC-FASD external-dev / cross-domain stress set,False
YOUTUBE_SS22C200_REDMIN4X_id48_s0_123.png,1,VALID,-0.8574219,2.0605469,-1.2822266,-2.9526975,LCC-FASD external-dev / cross-domain stress set,False
YOUTUBE_SS22C200_REDMIN4X_id48_s0_138.png,1,VALID,-0.72509766,2.0585938,-1.4326172,-2.8137004,LCC-FASD external-dev / cross-domain stress set,False
YOUTUBE_SS22C200_REDMIN4X_id48_s0_153.png,1,VALID,-1.0517578,2.3476562,-1.1621094,-3.4288795,LCC-FASD external-dev / cross-domain stress set,False
YOUTUBE_SSM757MB_FS407S6_id39_s0_16.png,1,VALID,1.5351562,-0.81640625,-1.9775391,2.0791478,LCC-FASD external-dev / cross-domain stress set,True
YOUTUBE_SSM757MB_FS407S6_id39_s0_45.png,1,VALID,1.0078125,-0.73583984,-1.4335938,1.3397205,LCC-FASD external-dev / cross-domain stress set,True
YOUTUBE_SSM757MB_FS407S6_id43_s0_15.png,1,VALID,0.34985352,-0.95703125,-0.31396484,0.2413795,LCC-FASD external-dev / cross-domain stress set,True
YOUTUBE_SSM757MB_FS407S6_id43_s0_30.png,1,VALID,0.8881836,-1.1806641,-0.8959961,1.223271,LCC-FASD external-dev / cross-domain stress set,True
YOUTUBE_SSM757MB_FS407S6_id43_s0_45.png,1,VALID,1.5029297,-1.5595703,-1.2792969,2.219429,LCC-FASD external-dev / cross-domain stress set,True
YOUTUBE_SSM757MB_FS407S6_id43_s0_60.png,1,VALID,0.49560547,-1.1904297,-0.30029297,0.45188358,LCC-FASD external-dev / cross-domain stress set,True
YOUTUBE_SSM757MB_FS407S6_id43_s0_75.png,1,VALID,0.74609375,-1.5761719,-0.26953125,0.7760351,LCC-FASD external-dev / cross-domain stress set,True
YOUTUBE_SSM757MB_FS407S6_id43_s0_90.png,1,VALID,0.25219727,-0.9526367,-0.088012695,-0.011298627,LCC-FASD external-dev / cross-domain stress set,True
YOUTUBE_SSM757MB_FS407S6_id43_s0_105.png,1,VALID,1.1103516,-2.0585938,-0.38745117,1.3255044,LCC-FASD external-dev / cross-domain stress set,True
YOUTUBE_SSM757MB_FS407S6_id43_s0_122.png,1,VALID,0.9033203,-1.3671875,-0.6508789,1.1563952,LCC-FASD external-dev / cross-domain stress set,True
YOUTUBE_SSM757MB_FS407S6_id43_s0_137.png,1,VALID,1.1142578,-1.8076172,-0.6123047,1.462193,LCC-FASD external-dev / cross-domain stress set,True
YOUTUBE_SSM757MB_FS407S6_id43_s0_152.png,1,VALID,0.43359375,-1.8876953,0.31420898,0.01449123,LCC-FASD external-dev / cross-domain stress set,True
YOUTUBE_SSM757MB_FS407S6_id43_s1_15.png,1,VALID,1.7548828,-2.1972656,-1.3945312,2.7791603,LCC-FASD external-dev / cross-domain stress set,True
YOUTUBE_SSM757MB_FS407S6_id43_s1_30.png,1,VALID,1.5263672,-1.65625,-1.3867188,2.345651,LCC-FASD external-dev / cross-domain stress set,True
YOUTUBE_SSM757MB_FS407S6_id43_s1_45.png,1,VALID,1.6621094,-1.7128906,-1.3544922,2.4866827,LCC-FASD external-dev / cross-domain stress set,True
YOUTUBE_SSM757MB_FS407S6_id43_s1_60.png,1,VALID,1.6328125,-1.8486328,-1.3251953,2.492715,LCC-FASD external-dev / cross-domain stress set,True
YOUTUBE_SSM757MB_FS407S6_id43_s1_75.png,1,VALID,1.8222656,-2.2070312,-1.5429688,2.94998,LCC-FASD external-dev / cross-domain stress set,True
YOUTUBE_SSM757MB_FS407S6_id43_s1_90.png,1,VALID,1.5566406,-1.9707031,-1.2373047,2.4017181,LCC-FASD external-dev / cross-domain stress set,True
YOUTUBE_SSM757MB_FS407S6_id43_s1_105.png,1,VALID,1.8076172,-1.9628906,-1.65625,2.9123325,LCC-FASD external-dev / cross-domain stress set,True
YOUTUBE_SSM757MB_FS407S6_id43_s1_120.png,1,VALID,1.7441406,-1.8769531,-1.5605469,2.7572813,LCC-FASD external-dev / cross-domain stress set,True
YOUTUBE_SSM757MB_FS407S6_id43_s1_135.png,1,VALID,1.5625,-1.7773438,-1.4453125,2.4669633,LCC-FASD external-dev / cross-domain stress set,True
YOUTUBE_SSM757MB_FS407S6_id43_s1_150.png,1,VALID,1.1699219,-1.4726562,-1.1103516,1.7519596,LCC-FASD external-dev / cross-domain stress set,True
YOUTUBE_SSM763MB_LA546_id39_s1_30.png,1,VALID,1.1728516,-0.4025879,-1.7382812,1.3419688,LCC-FASD external-dev / cross-domain stress set,True
YOUTUBE_SSM2232BW_HISCRZERAF_id48_s0_197.png,1,VALID,-1.1357422,2.6191406,-1.0966797,-3.7789268,LCC-FASD external-dev / cross-domain stress set,False
YOUTUBE_SLS24E390HL0_HUAWEIG620SL01_S0_id48_s1_15.png,1,VALID,1.0869141,-2.1308594,-0.9707031,1.7849697,LCC-FASD external-dev / cross-domain stress set,True
YOUTUBE_SLS24E390HL0_HUAWEIG620SL01_S0_id48_s1_30.png,1,VALID,0.6875,-1.8427734,-0.61035156,1.041981,LCC-FASD external-dev / cross-domain stress set,True
YOUTUBE_SLS24E390HL0_HUAWEIG620SL01_S0_id48_s1_60.png,1,VALID,1.3837891,-2.1484375,-1.3291016,2.3477447,LCC-FASD external-dev / cross-domain stress set,True
YOUTUBE_SLS24E390HL0_HUAWEIG620SL01_S0_id48_s1_75.png,1,VALID,1.5195312,-2.2285156,-1.4345703,2.58112,LCC-FASD external-dev / cross-domain stress set,True
YOUTUBE_SLS24E390HL0_HUAWEIG620SL01_S0_id48_s1_90.png,1,VALID,1.2714844,-2.1230469,-1.1542969,2.1040187,LCC-FASD external-dev / cross-domain stress set,True
YOUTUBE_SLS24E390HL0_HUAWEIG620SL01_S0_id48_s1_150.png,1,VALID,0.5595703,-1.9980469,-0.25683594,0.654876,LCC-FASD external-dev / cross-domain stress set,True
YOUTUBE_SLS24E390HL0_HUAWEIG620SL01_S0_id48_s1_165.png,1,VALID,1.4716797,-2.1972656,-1.3417969,2.459246,LCC-FASD external-dev / cross-domain stress set,True
YOUTUBE_SLS24E390HL0_HUAWEIG620SL01_S1_id39_s0_15.png,1,VALID,-0.27905273,1.3505859,-1.2773438,-1.6993773,LCC-FASD external-dev / cross-domain stress set,False
YOUTUBE_SLS24E390HL0_HUAWEIG620SL01_S1_id39_s0_31.png,1,VALID,0.28442383,0.35839844,-1.0996094,-0.283181,LCC-FASD external-dev / cross-domain stress set,True
YOUTUBE_SLS24E390HL0_HUAWEIG620SL01_S1_id39_s0_46.png,1,VALID,-0.17919922,1.0888672,-1.3320312,-1.353181,LCC-FASD external-dev / cross-domain stress set,False
YOUTUBE_SLS24E390HL0_HUAWEIG620SL01_S1_id43_s0_15.png,1,VALID,-0.43725586,0.26586914,-0.24108887,-1.1745808,LCC-FASD external-dev / cross-domain stress set,False
YOUTUBE_SLS24E390HL0_HUAWEIG620SL01_S1_id43_s0_30.png,1,VALID,-0.90966797,1.515625,-0.8354492,-2.5162911,LCC-FASD external-dev / cross-domain stress set,False
YOUTUBE_SLS24E390HL0_HUAWEIG620SL01_S1_id43_s0_46.png,1,VALID,-0.49560547,0.7578125,-0.78515625,-1.447129,LCC-FASD external-dev / cross-domain stress set,False
YOUTUBE_SLS24E390HL0_HUAWEIG620SL01_S1_id43_s0_61.png,1,VALID,-0.20019531,0.07080078,-0.36132812,-0.77124137,LCC-FASD external-dev / cross-domain stress set,False
YOUTUBE_SLS24E390HL0_HUAWEIG620SL01_S1_id43_s0_76.png,1,VALID,0.26098633,-0.56103516,-0.38452148,0.036727846,LCC-FASD external-dev / cross-domain stress set,True
YOUTUBE_SLS24E390HL0_HUAWEIG620SL01_S1_id43_s0_91.png,1,VALID,-0.0077781677,-0.050689697,-0.41601562,-0.48416364,LCC-FASD external-dev / cross-domain stress set,True
YOUTUBE_SLS24E390HL0_HUAWEIG620SL01_S1_id43_s0_116.png,1,VALID,-0.34545898,0.20166016,-0.4658203,-0.96121323,LCC-FASD external-dev / cross-domain stress set,False
YOUTUBE_SLS24E390HL0_HUAWEIG620SL01_S1_id43_s0_131.png,1,VALID,-0.078308105,-0.67871094,-0.007873535,-0.48339173,LCC-FASD external-dev / cross-domain stress set,True
YOUTUBE_SLS24E390HL0_HUAWEIG620SL01_S1_id43_s0_146.png,1,VALID,0.023803711,-0.39624023,-0.32543945,-0.30913013,LCC-FASD external-dev / cross-domain stress set,True
YOUTUBE_SLS24E390HL0_HUAWEIG620SL01_S1_id43_s0_161.png,1,VALID,-0.70166016,0.75341797,-0.35595703,-1.7400804,LCC-FASD external-dev / cross-domain stress set,False
YOUTUBE_SLS24E390HL0_HUAWEIG620SL01_S1_id43_s1_15.png,1,VALID,0.9272461,-1.3164062,-0.90234375,1.3221943,LCC-FASD external-dev / cross-domain stress set,True
YOUTUBE_SLS24E390HL0_HUAWEIG620SL01_S1_id43_s1_30.png,1,VALID,0.18481445,-0.21765137,-0.6611328,-0.09332624,LCC-FASD external-dev / cross-domain stress set,True
YOUTUBE_SLS24E390HL0_HUAWEIG620SL01_S1_id43_s1_45.png,1,VALID,0.5058594,-0.7866211,-0.61572266,0.5102377,LCC-FASD external-dev / cross-domain stress set,True
YOUTUBE_SLS24E390HL0_HUAWEIG620SL01_S1_id43_s1_60.png,1,VALID,0.7729492,-1.0898438,-0.88916016,1.0642781,LCC-FASD external-dev / cross-domain stress set,True
YOUTUBE_SLS24E390HL0_HUAWEIG620SL01_S1_id43_s1_75.png,1,VALID,0.5878906,-0.71240234,-0.87841797,0.6867124,LCC-FASD external-dev / cross-domain stress set,True
YOUTUBE_SLS24E390HL0_HUAWEIG620SL01_S1_id43_s1_90.png,1,VALID,-0.15588379,-0.5151367,-0.11291504,-0.55509305,LCC-FASD external-dev / cross-domain stress set,True
YOUTUBE_SLS24E390HL0_HUAWEIG620SL01_S1_id43_s1_105.png,1,VALID,0.56689453,-0.55859375,-1.0009766,0.6292666,LCC-FASD external-dev / cross-domain stress set,True
YOUTUBE_SLS24E390HL0_HUAWEIG620SL01_S1_id43_s1_120.png,1,VALID,1.0810547,-1.3955078,-1.0859375,1.6166985,LCC-FASD external-dev / cross-domain stress set,True
YOUTUBE_SLS24E390HL0_HUAWEIG620SL01_S1_id43_s1_135.png,1,VALID,1.0683594,-1.1103516,-1.4199219,1.6284173,LCC-FASD external-dev / cross-domain stress set,True
YOUTUBE_SLS24E390HL0_HUAWEIG620SL01_S1_id43_s1_150.png,1,VALID,0.97021484,-1.4814453,-0.90283203,1.4279282,LCC-FASD external-dev / cross-domain stress set,True
YOUTUBE_SLS24E390HL0_HUAWEIG620SL01_S1_id48_s1_15.png,1,VALID,1.2988281,-2.2167969,-1.1181641,2.1293154,LCC-FASD external-dev / cross-domain stress set,True
YOUTUBE_SLS24E390HL0_HUAWEIG620SL01_S1_id48_s1_30.png,1,VALID,1.3984375,-2.2539062,-1.2763672,2.3554525,LCC-FASD external-dev / cross-domain stress set,True
YOUTUBE_SLS24E390HL0_HUAWEIG620SL01_S1_id48_s1_45.png,1,VALID,1.2490234,-2.15625,-1.078125,2.034305,LCC-FASD external-dev / cross-domain stress set,True
YOUTUBE_SLS24E390HL0_HUAWEIG620SL01_S1_id48_s1_60.png,1,VALID,1.2236328,-2.140625,-1.0566406,1.9889143,LCC-FASD external-dev / cross-domain stress set,True
YOUTUBE_SLS24E390HL0_HUAWEIG620SL01_S1_id48_s1_75.png,1,VALID,1.5898438,-2.2011719,-1.4580078,2.6587825,LCC-FASD external-dev / cross-domain stress set,True
YOUTUBE_SLS24E390HL0_HUAWEIG620SL01_S1_id48_s1_90.png,1,VALID,0.38452148,-1.9033203,-0.08557129,0.3196138,LCC-FASD external-dev / cross-domain stress set,True
YOUTUBE_SLS24E390HL0_HUAWEIG620SL01_S1_id48_s1_105.png,1,VALID,1.265625,-1.8818359,-1.2617188,2.0969381,LCC-FASD external-dev / cross-domain stress set,True
YOUTUBE_SLS24E390HL0_HUAWEIG620SL01_S1_id48_s1_120.png,1,VALID,0.4326172,-1.3398438,-0.5395508,0.60115814,LCC-FASD external-dev / cross-domain stress set,True
YOUTUBE_SLS24E390HL0_HUAWEIG620SL01_S1_id48_s1_135.png,1,VALID,1.4619141,-2.1582031,-1.3183594,2.4213564,LCC-FASD external-dev / cross-domain stress set,True
YOUTUBE_SLS24E390HL0_HUAWEIG620SL01_S1_id48_s1_150.png,1,VALID,1.515625,-2.171875,-1.4394531,2.5625339,LCC-FASD external-dev / cross-domain stress set,True
YOUTUBE_SM943N_REDMIN5_id39_s1_15.png,1,VALID,-0.5600586,0.8359375,-0.6713867,-1.5960772,LCC-FASD external-dev / cross-domain stress set,False
YOUTUBE_SM943N_REDMIN5_id39_s1_32.png,1,VALID,0.2088623,-0.49731445,-0.43847656,-0.01682204,LCC-FASD external-dev / cross-domain stress set,True
YOUTUBE_SM943N_REDMIN5_id39_s1_47.png,1,VALID,-0.28930664,0.3095703,-0.54003906,-0.954859,LCC-FASD external-dev / cross-domain stress set,False
YOUTUBE_SM943N_REDMIN5_id39_s1_64.png,1,VALID,-3.5107136e-05,0.10809326,-0.65527344,-0.4907305,LCC-FASD external-dev / cross-domain stress set,True
YOUTUBE_SM943N_REDMIN5_id39_s1_80.png,1,VALID,-0.7314453,0.9223633,-0.43481445,-1.8828437,LCC-FASD external-dev / cross-domain stress set,False
YOUTUBE_SM943N_REDMIN5_id39_s1_95.png,1,VALID,0.104003906,0.02180481,-0.8823242,-0.257763,LCC-FASD external-dev / cross-domain stress set,True
YOUTUBE_SM943N_REDMIN5_id39_s1_110.png,1,VALID,-0.28515625,0.003917694,-0.31884766,-0.8338045,LCC-FASD external-dev / cross-domain stress set,False
YOUTUBE_SM943N_REDMIN5_id42_s0_15.png,1,VALID,0.09124756,0.14758301,-0.7558594,-0.3964955,LCC-FASD external-dev / cross-domain stress set,True
YOUTUBE_SM943N_REDMIN5_id42_s0_30.png,1,VALID,-0.39379883,0.7807617,-0.63720703,-1.391449,LCC-FASD external-dev / cross-domain stress set,False
YOUTUBE_SM943N_REDMIN5_id42_s0_45.png,1,VALID,-0.48266602,0.80908203,-0.53271484,-1.5239508,LCC-FASD external-dev / cross-domain stress set,False
YOUTUBE_SM943N_REDMIN5_id42_s0_60.png,1,VALID,-0.55078125,0.94384766,-0.65625,-1.6785132,LCC-FASD external-dev / cross-domain stress set,False
YOUTUBE_SM943N_REDMIN5_id42_s0_75.png,1,VALID,-0.023727417,0.5239258,-0.9135742,-0.7607632,LCC-FASD external-dev / cross-domain stress set,False
YOUTUBE_SM943N_REDMIN5_id42_s0_90.png,1,VALID,-0.31933594,0.8520508,-0.82958984,-1.3420308,LCC-FASD external-dev / cross-domain stress set,False
YOUTUBE_SM943N_REDMIN5_id42_s0_105.png,1,VALID,-0.44311523,1.0527344,-0.88964844,-1.6298226,LCC-FASD external-dev / cross-domain stress set,False
YOUTUBE_SM943N_REDMIN5_id42_s0_120.png,1,VALID,0.14208984,0.06726074,-0.8183594,-0.27050257,LCC-FASD external-dev / cross-domain stress set,True
YOUTUBE_SM943N_REDMIN5_id42_s0_135.png,1,VALID,0.08093262,0.2866211,-0.87109375,-0.47891915,LCC-FASD external-dev / cross-domain stress set,True
YOUTUBE_SM943N_REDMIN5_id42_s0_150.png,1,VALID,0.68652344,-0.12023926,-1.2421875,0.5248637,LCC-FASD external-dev / cross-domain stress set,True
YOUTUBE_S300U1A_HUAWEIY3II_id39_s1_15.png,1,VALID,-0.19567871,0.18762207,-0.5673828,-0.7685689,LCC-FASD external-dev / cross-domain stress set,False
YOUTUBE_S300U1A_HUAWEIY3II_id39_s1_30.png,1,VALID,0.21838379,-0.61328125,-0.4194336,0.036904275,LCC-FASD external-dev / cross-domain stress set,True
YOUTUBE_S300U1A_HUAWEIY3II_id39_s1_56.png,1,VALID,-0.40673828,0.78515625,-0.7631836,-1.3846619,LCC-FASD external-dev / cross-domain stress set,False
YOUTUBE_S300U1A_HUAWEIY3II_id39_s1_75.png,1,VALID,0.68359375,-0.9169922,-0.71777344,0.80287653,LCC-FASD external-dev / cross-domain stress set,True
YOUTUBE_S300U1A_HUAWEIY3II_id39_s1_92.png,1,VALID,-0.25512695,0.09802246,-0.5024414,-0.790473,LCC-FASD external-dev / cross-domain stress set,False
YOUTUBE_S300U1A_HUAWEIY3II_id39_s1_107.png,1,VALID,-0.5654297,0.98339844,-0.7441406,-1.7124095,LCC-FASD external-dev / cross-domain stress set,False
YOUTUBE_S300U1A_HUAWEIY3II_id39_s1_122.png,1,VALID,-0.27734375,0.42236328,-0.70654297,-0.9799012,LCC-FASD external-dev / cross-domain stress set,False
YOUTUBE_S300U1A_HUAWEIY3II_id39_s1_137.png,1,VALID,0.22766113,-0.24084473,-0.7998047,0.0162822,LCC-FASD external-dev / cross-domain stress set,True
YOUTUBE_S300U1A_HUAWEIY3II_id42_s0_15.png,1,VALID,-0.20153809,0.29614258,-0.5996094,-0.8400643,LCC-FASD external-dev / cross-domain stress set,False
YOUTUBE_S300U1A_HUAWEIY3II_id42_s0_30.png,1,VALID,-0.28637695,0.25585938,-0.35620117,-0.9754673,LCC-FASD external-dev / cross-domain stress set,False
YOUTUBE_S300U1A_HUAWEIY3II_id42_s0_45.png,1,VALID,-0.57470703,1.1152344,-0.7758789,-1.8304889,LCC-FASD external-dev / cross-domain stress set,False
YOUTUBE_S300U1A_HUAWEIY3II_id42_s0_60.png,1,VALID,-0.40625,0.6347656,-0.5439453,-1.3092664,LCC-FASD external-dev / cross-domain stress set,False
YOUTUBE_S300U1A_HUAWEIY3II_id42_s0_75.png,1,VALID,-0.3305664,0.6645508,-0.69140625,-1.2244023,LCC-FASD external-dev / cross-domain stress set,False
YOUTUBE_S300U1A_HUAWEIY3II_id42_s0_90.png,1,VALID,-0.20324707,0.49658203,-0.6826172,-0.96796507,LCC-FASD external-dev / cross-domain stress set,False
YOUTUBE_S300U1A_HUAWEIY3II_id42_s0_105.png,1,VALID,-0.5776367,1.2285156,-0.9082031,-1.9177308,LCC-FASD external-dev / cross-domain stress set,False
YOUTUBE_S300U1A_HUAWEIY3II_id42_s0_120.png,1,VALID,0.027130127,0.2980957,-0.87109375,-0.5414648,LCC-FASD external-dev / cross-domain stress set,True
YOUTUBE_S300U1A_HUAWEIY3II_id42_s0_135.png,1,VALID,-0.44091797,0.82177734,-0.7109375,-1.4582198,LCC-FASD external-dev / cross-domain stress set,False
YOUTUBE_S300U1A_HUAWEIY3II_id42_s0_150.png,1,VALID,-0.30395508,0.5205078,-0.6323242,-1.0988631,LCC-FASD external-dev / cross-domain stress set,False
YOUTUBE_S300U1A_HUAWEIY3II_id42_s1_65.png,1,VALID,-0.9921875,1.3769531,-0.56591797,-2.5030522,LCC-FASD external-dev / cross-domain stress set,False
YOUTUBE_S198150N_GM5_id48_s0_15.png,1,VALID,0.16772461,-0.034057617,-0.66796875,-0.22382063,LCC-FASD external-dev / cross-domain stress set,True
YOUTUBE_S198150N_GM5_id48_s0_30.png,1,VALID,-0.1628418,0.18054199,-0.6401367,-0.70811915,LCC-FASD external-dev / cross-domain stress set,False
YOUTUBE_S198150N_GM5_id48_s0_45.png,1,VALID,-1.2861328,1.8964844,-0.6933594,-3.2549675,LCC-FASD external-dev / cross-domain stress set,False
YOUTUBE_S198150N_GM5_id48_s0_60.png,1,VALID,-1.4082031,1.9082031,-0.44799805,-3.4069593,LCC-FASD external-dev / cross-domain stress set,False
YOUTUBE_S198150N_GM5_id48_s0_75.png,1,VALID,-1.4384766,2.1464844,-0.4807129,-3.654749,LCC-FASD external-dev / cross-domain stress set,False
YOUTUBE_S198150N_GM5_id48_s0_90.png,1,VALID,-1.4853516,2.1816406,-0.55126953,-3.729995,LCC-FASD external-dev / cross-domain stress set,False
YOUTUBE_S198150N_GM5_id48_s0_120.png,1,VALID,-1.2373047,1.9746094,-0.75,-3.2754257,LCC-FASD external-dev / cross-domain stress set,False
YOUTUBE_S198150N_GM5_id48_s0_135.png,1,VALID,-0.7504883,1.1318359,-0.6142578,-2.0431275,LCC-FASD external-dev / cross-domain stress set,False
YOUTUBE_S198150N_GM5_id48_s0_150.png,1,VALID,-1.5009766,1.8896484,-0.37719727,-3.4892373,LCC-FASD external-dev / cross-domain stress set,False
YOUTUBE_SLS24E390HL0_HUAWEIG620SL01_S0_id39_s0_39.png,1,VALID,-0.8574219,1.2509766,-0.5371094,-2.2630749,LCC-FASD external-dev / cross-domain stress set,False
YOUTUBE_SLS24E390HL0_HUAWEIG620SL01_S0_id43_s0_15.png,1,VALID,-0.7890625,0.69091797,-0.20666504,-1.8218336,LCC-FASD external-dev / cross-domain stress set,False
YOUTUBE_SLS24E390HL0_HUAWEIG620SL01_S0_id43_s0_30.png,1,VALID,-1.0703125,1.2207031,-0.35107422,-2.4797132,LCC-FASD external-dev / cross-domain stress set,False
YOUTUBE_SLS24E390HL0_HUAWEIG620SL01_S0_id43_s0_46.png,1,VALID,-0.7001953,0.9472656,-0.6669922,-1.8289808,LCC-FASD external-dev / cross-domain stress set,False
YOUTUBE_SLS24E390HL0_HUAWEIG620SL01_S0_id43_s0_61.png,1,VALID,-0.70410156,-0.06304932,0.36523438,-1.5710965,LCC-FASD external-dev / cross-domain stress set,False
YOUTUBE_SLS24E390HL0_HUAWEIG620SL01_S0_id43_s0_76.png,1,VALID,-0.08642578,-0.23022461,-0.20837402,-0.5603333,LCC-FASD external-dev / cross-domain stress set,True
YOUTUBE_SLS24E390HL0_HUAWEIG620SL01_S0_id43_s0_91.png,1,VALID,-0.21411133,0.06628418,-0.29492188,-0.8091605,LCC-FASD external-dev / cross-domain stress set,False
YOUTUBE_SLS24E390HL0_HUAWEIG620SL01_S0_id43_s0_117.png,1,VALID,-0.47436523,0.80859375,-0.69091797,-1.4844614,LCC-FASD external-dev / cross-domain stress set,False
YOUTUBE_SLS24E390HL0_HUAWEIG620SL01_S0_id43_s0_132.png,1,VALID,-0.27514648,-0.016967773,-0.2890625,-0.8245046,LCC-FASD external-dev / cross-domain stress set,False
YOUTUBE_SLS24E390HL0_HUAWEIG620SL01_S0_id43_s0_147.png,1,VALID,-0.10443115,-0.4675293,-0.12963867,-0.5131982,LCC-FASD external-dev / cross-domain stress set,True
YOUTUBE_SLS24E390HL0_HUAWEIG620SL01_S0_id43_s0_162.png,1,VALID,-0.6098633,0.9140625,-0.4729004,-1.7469356,LCC-FASD external-dev / cross-domain stress set,False
YOUTUBE_SLS24E390HL0_HUAWEIG620SL01_S0_id43_s1_15.png,1,VALID,1.1005859,-1.7529297,-0.9277344,1.6649631,LCC-FASD external-dev / cross-domain stress set,True
YOUTUBE_SLS24E390HL0_HUAWEIG620SL01_S0_id43_s1_30.png,1,VALID,-0.33154297,0.47485352,-0.60498047,-1.0988064,LCC-FASD external-dev / cross-domain stress set,False
YOUTUBE_SLS24E390HL0_HUAWEIG620SL01_S0_id43_s1_45.png,1,VALID,0.23205566,-0.57910156,-0.49194336,0.07348168,LCC-FASD external-dev / cross-domain stress set,True
YOUTUBE_SLS24E390HL0_HUAWEIG620SL01_S0_id43_s1_60.png,1,VALID,0.40795898,-1.0107422,-0.609375,0.50486714,LCC-FASD external-dev / cross-domain stress set,True
YOUTUBE_SLS24E390HL0_HUAWEIG620SL01_S0_id43_s1_75.png,1,VALID,0.6669922,-1.0361328,-0.7709961,0.8686479,LCC-FASD external-dev / cross-domain stress set,True
YOUTUBE_SLS24E390HL0_HUAWEIG620SL01_S0_id43_s1_90.png,1,VALID,0.7055664,-0.43041992,-1.2216797,0.7621678,LCC-FASD external-dev / cross-domain stress set,True
YOUTUBE_SLS24E390HL0_HUAWEIG620SL01_S0_id43_s1_105.png,1,VALID,0.15893555,-0.33251953,-0.61279297,-0.07134253,LCC-FASD external-dev / cross-domain stress set,True
YOUTUBE_SLS24E390HL0_HUAWEIG620SL01_S0_id43_s1_120.png,1,VALID,-0.3486328,-0.9604492,0.30908203,-0.9053272,LCC-FASD external-dev / cross-domain stress set,False
YOUTUBE_SLS24E390HL0_HUAWEIG620SL01_S0_id43_s1_135.png,1,VALID,0.37939453,-0.59375,-0.79345703,0.37487376,LCC-FASD external-dev / cross-domain stress set,True
YOUTUBE_SLS24E390HL0_HUAWEIG620SL01_S0_id43_s1_150.png,1,VALID,-0.16870117,-0.35986328,-0.35302734,-0.5054089,LCC-FASD external-dev / cross-domain stress set,True
YOUTUBE_SLS24E390HL0_HUAWEIG620SL01_S0_id48_s1_105.png,1,VALID,1.3769531,-2.2773438,-1.2060547,2.2884245,LCC-FASD external-dev / cross-domain stress set,True
YOUTUBE_SLS24E390HL0_HUAWEIG620SL01_S0_id48_s1_120.png,1,VALID,1.2646484,-2.1152344,-1.0917969,2.0494332,LCC-FASD external-dev / cross-domain stress set,True
YOUTUBE_SLS24E390HL0_HUAWEIG620SL01_S0_id48_s1_135.png,1,VALID,1.328125,-2.0585938,-1.2070312,2.1797588,LCC-FASD external-dev / cross-domain stress set,True
YOUTUBE_PBQ5WTS_ZTEBA2_id43_s0_15.png,1,VALID,-0.8666992,1.2841797,-0.6425781,-2.2868245,LCC-FASD external-dev / cross-domain stress set,False
YOUTUBE_PBQ5WTS_ZTEBA2_id43_s0_30.png,1,VALID,-1.1123047,1.3828125,-0.5527344,-2.6299498,LCC-FASD external-dev / cross-domain stress set,False
YOUTUBE_PBQ5WTS_ZTEBA2_id43_s0_45.png,1,VALID,-1.3300781,2.0117188,-0.8154297,-3.3992932,LCC-FASD external-dev / cross-domain stress set,False
YOUTUBE_PBQ5WTS_ZTEBA2_id43_s0_60.png,1,VALID,-1.0107422,1.1767578,-0.40454102,-2.3745668,LCC-FASD external-dev / cross-domain stress set,False
YOUTUBE_PBQ5WTS_ZTEBA2_id43_s0_75.png,1,VALID,-0.67871094,1.2646484,-0.81591797,-2.0610175,LCC-FASD external-dev / cross-domain stress set,False
YOUTUBE_PBQ5WTS_ZTEBA2_id43_s0_90.png,1,VALID,-0.7807617,0.94384766,-0.4868164,-1.939035,LCC-FASD external-dev / cross-domain stress set,False
YOUTUBE_PBQ5WTS_ZTEBA2_id43_s0_147.png,1,VALID,-0.6894531,0.63671875,-0.33764648,-1.6463927,LCC-FASD external-dev / cross-domain stress set,False
YOUTUBE_PBQ5WTS_ZTEBA2_id43_s0_162.png,1,VALID,-1.2597656,1.7480469,-0.5917969,-3.0997925,LCC-FASD external-dev / cross-domain stress set,False
YOUTUBE_PBQ5WTS_ZTEBA2_id43_s1_15.png,1,VALID,0.16101074,1.1630859,-1.5039062,-1.0692298,LCC-FASD external-dev / cross-domain stress set,False
YOUTUBE_PBQ5WTS_ZTEBA2_id43_s1_30.png,1,VALID,-0.5546875,1.7958984,-1.2666016,-2.3962955,LCC-FASD external-dev / cross-domain stress set,False
YOUTUBE_PBQ5WTS_ZTEBA2_id43_s1_45.png,1,VALID,-0.2841797,1.2792969,-1.2675781,-1.6388865,LCC-FASD external-dev / cross-domain stress set,False
YOUTUBE_PBQ5WTS_ZTEBA2_id43_s1_60.png,1,VALID,-0.5722656,1.5283203,-1.1582031,-2.1664836,LCC-FASD external-dev / cross-domain stress set,False
YOUTUBE_PBQ5WTS_ZTEBA2_id43_s1_75.png,1,VALID,-0.7861328,1.6416016,-0.97753906,-2.4980674,LCC-FASD external-dev / cross-domain stress set,False
YOUTUBE_PBQ5WTS_ZTEBA2_id43_s1_90.png,1,VALID,-0.046081543,0.88720703,-1.1972656,-1.0505139,LCC-FASD external-dev / cross-domain stress set,False
YOUTUBE_PBQ5WTS_ZTEBA2_id43_s1_105.png,1,VALID,-0.51416016,1.4638672,-1.0644531,-2.0547967,LCC-FASD external-dev / cross-domain stress set,False
YOUTUBE_PBQ5WTS_ZTEBA2_id43_s1_120.png,1,VALID,-0.75439453,1.7841797,-1.0585938,-2.5952039,LCC-FASD external-dev / cross-domain stress set,False
YOUTUBE_PBQ5WTS_ZTEBA2_id43_s1_135.png,1,VALID,-0.5830078,1.5517578,-1.0234375,-2.2081451,LCC-FASD external-dev / cross-domain stress set,False
YOUTUBE_PBQ5WTS_ZTEBA2_id43_s1_150.png,1,VALID,-0.2878418,1.3505859,-1.1982422,-1.7136958,LCC-FASD external-dev / cross-domain stress set,False
YOUTUBE_PBQ5WTS_ZTEBA2_id48_s1_15.png,1,VALID,-0.5986328,1.2304688,-1.0302734,-1.9282888,LCC-FASD external-dev / cross-domain stress set,False
YOUTUBE_PBQ5WTS_ZTEBA2_id48_s1_30.png,1,VALID,-0.5527344,0.28588867,-0.3400879,-1.2669834,LCC-FASD external-dev / cross-domain stress set,False
YOUTUBE_PBQ5WTS_ZTEBA2_id48_s1_45.png,1,VALID,-0.35229492,0.7158203,-0.77441406,-1.2713171,LCC-FASD external-dev / cross-domain stress set,False
YOUTUBE_PBQ5WTS_ZTEBA2_id48_s1_60.png,1,VALID,-0.70996094,0.88134766,-0.58984375,-1.7980396,LCC-FASD external-dev / cross-domain stress set,False
YOUTUBE_PBQ5WTS_ZTEBA2_id48_s1_75.png,1,VALID,-0.40307617,0.7426758,-0.85498047,-1.3300468,LCC-FASD external-dev / cross-domain stress set,False
YOUTUBE_PBQ5WTS_ZTEBA2_id48_s1_90.png,1,VALID,-0.94970703,0.45483398,-0.04019165,-1.8804989,LCC-FASD external-dev / cross-domain stress set,False
YOUTUBE_PBQ5WTS_ZTEBA2_id48_s1_105.png,1,VALID,0.18725586,0.009002686,-0.9160156,-0.15573326,LCC-FASD external-dev / cross-domain stress set,True
YOUTUBE_PBQ5WTS_ZTEBA2_id48_s1_120.png,1,VALID,-1.1992188,1.5605469,-0.6123047,-2.8675904,LCC-FASD external-dev / cross-domain stress set,False
YOUTUBE_PBQ5WTS_ZTEBA2_id48_s1_135.png,1,VALID,0.06341553,-0.09539795,-0.7558594,-0.25766602,LCC-FASD external-dev / cross-domain stress set,True
YOUTUBE_PBQ5WTS_ZTEBA2_id48_s1_150.png,1,VALID,-0.063964844,0.6010742,-1.1630859,-0.8231794,LCC-FASD external-dev / cross-domain stress set,False
YOUTUBE_PRS133S_PRMD3_id39_s0_27.png,1,VALID,-0.082458496,0.22705078,-0.5644531,-0.6832517,LCC-FASD external-dev / cross-domain stress set,False
YOUTUBE_PRS133S_PRMD3_id43_s0_15.png,1,VALID,0.42626953,-1.4775391,0.023483276,0.20155938,LCC-FASD external-dev / cross-domain stress set,True
YOUTUBE_PRS133S_PRMD3_id43_s0_30.png,1,VALID,0.40625,-1.2099609,-0.21459961,0.30633834,LCC-FASD external-dev / cross-domain stress set,True
YOUTUBE_PRS133S_PRMD3_id43_s0_45.png,1,VALID,0.36743164,-1.7714844,0.25585938,-0.012135208,LCC-FASD external-dev / cross-domain stress set,True
YOUTUBE_PRS133S_PRMD3_id43_s0_60.png,1,VALID,0.27807617,-1.3154297,0.13635254,-0.068660915,LCC-FASD external-dev / cross-domain stress set,True
YOUTUBE_PRS133S_PRMD3_id43_s0_81.png,1,VALID,-0.00793457,-0.7114258,-0.06335449,-0.36529738,LCC-FASD external-dev / cross-domain stress set,True
YOUTUBE_PRS133S_PRMD3_id43_s0_96.png,1,VALID,0.16674805,-1.3359375,0.21166992,-0.23781765,LCC-FASD external-dev / cross-domain stress set,True
YOUTUBE_PRS133S_PRMD3_id43_s0_111.png,1,VALID,-0.2166748,-0.44702148,-0.038909912,-0.6875328,LCC-FASD external-dev / cross-domain stress set,False
YOUTUBE_PRS133S_PRMD3_id43_s0_142.png,1,VALID,-0.03390503,-1.0302734,0.21240234,-0.4998722,LCC-FASD external-dev / cross-domain stress set,True
YOUTUBE_PRS133S_PRMD3_id43_s1_15.png,1,VALID,1.6972656,-1.9990234,-1.328125,2.6124542,LCC-FASD external-dev / cross-domain stress set,True
YOUTUBE_PRS133S_PRMD3_id43_s1_30.png,1,VALID,1.6015625,-2.2597656,-1.1142578,2.4396577,LCC-FASD external-dev / cross-domain stress set,True
YOUTUBE_PRS133S_PRMD3_id43_s1_45.png,1,VALID,1.7919922,-2.3125,-1.4130859,2.8637547,LCC-FASD external-dev / cross-domain stress set,True
YOUTUBE_PRS133S_PRMD3_id43_s1_60.png,1,VALID,1.9902344,-2.515625,-1.5537109,3.2202973,LCC-FASD external-dev / cross-domain stress set,True
YOUTUBE_PRS133S_PRMD3_id43_s1_75.png,1,VALID,1.3378906,-1.8974609,-1.0771484,2.0501919,LCC-FASD external-dev / cross-domain stress set,True
YOUTUBE_PRS133S_PRMD3_id43_s1_90.png,1,VALID,0.84814453,-2.0117188,-0.47680664,1.1298165,LCC-FASD external-dev / cross-domain stress set,True
YOUTUBE_PRS133S_PRMD3_id43_s1_105.png,1,VALID,1.0830078,-1.7685547,-0.89404297,1.6284626,LCC-FASD external-dev / cross-domain stress set,True
YOUTUBE_PRS133S_PRMD3_id43_s1_128.png,1,VALID,-0.4038086,0.09649658,-0.17578125,-1.0665519,LCC-FASD external-dev / cross-domain stress set,False
YOUTUBE_PRS133S_PRMD3_id43_s1_143.png,1,VALID,0.20922852,-1.1367188,-0.12524414,0.024284065,LCC-FASD external-dev / cross-domain stress set,True
YOUTUBE_PRS133S_PRMD3_id43_s1_158.png,1,VALID,-0.0038280487,-1.8095703,0.5600586,-0.6532843,LCC-FASD external-dev / cross-domain stress set,False
YOUTUBE_PRS133S_PRMD3_id48_s1_15.png,1,VALID,0.67626953,-1.8613281,-0.31176758,0.79548365,LCC-FASD external-dev / cross-domain stress set,True
YOUTUBE_PRS133S_PRMD3_id48_s1_30.png,1,VALID,0.97802734,-1.5947266,-0.8486328,1.4385343,LCC-FASD external-dev / cross-domain stress set,True
YOUTUBE_PRS133S_PRMD3_id48_s1_45.png,1,VALID,1.0478516,-1.8398438,-0.74902344,1.5072392,LCC-FASD external-dev / cross-domain stress set,True
YOUTUBE_PRS133S_PRMD3_id48_s1_60.png,1,VALID,1.5419922,-1.9941406,-1.3046875,2.4399817,LCC-FASD external-dev / cross-domain stress set,True
YOUTUBE_PRS133S_PRMD3_id48_s1_75.png,1,VALID,1.0107422,-1.5351562,-0.80029297,1.4192829,LCC-FASD external-dev / cross-domain stress set,True
YOUTUBE_PRS133S_PRMD3_id48_s1_90.png,1,VALID,0.7001953,-1.4638672,-0.60595703,0.95264924,LCC-FASD external-dev / cross-domain stress set,True
YOUTUBE_PRS133S_PRMD3_id48_s1_107.png,1,VALID,1.3535156,-1.5917969,-1.2333984,2.0569952,LCC-FASD external-dev / cross-domain stress set,True
YOUTUBE_PRS133S_PRMD3_id48_s1_122.png,1,VALID,0.5576172,-1.3232422,-0.5004883,0.6940039,LCC-FASD external-dev / cross-domain stress set,True
YOUTUBE_PRS133S_PRMD3_id48_s1_137.png,1,VALID,1.3564453,-1.9150391,-1.0605469,2.06247,LCC-FASD external-dev / cross-domain stress set,True
YOUTUBE_PRS133S_PRMD3_id48_s1_152.png,1,VALID,1.7919922,-2.2773438,-1.4160156,2.8555212,LCC-FASD external-dev / cross-domain stress set,True
YOUTUBE_S198150N_GM5_id48_s0_105.png,1,VALID,-1.2880859,1.8154297,-0.48120117,-3.1993685,LCC-FASD external-dev / cross-domain stress set,False
YOUTUBE_P223V5LSB_LS650_id42_s1_61.png,1,VALID,-0.7421875,1.6835938,-0.86279297,-2.5012264,LCC-FASD external-dev / cross-domain stress set,False
YOUTUBE_P223V5LSB_LS650_id42_s1_76.png,1,VALID,-0.96191406,1.6074219,-0.6088867,-2.6728044,LCC-FASD external-dev / cross-domain stress set,False
YOUTUBE_P223V5LSB_LS650_id42_s1_92.png,1,VALID,-0.92626953,1.6787109,-0.6425781,-2.6986046,LCC-FASD external-dev / cross-domain stress set,False
YOUTUBE_P226VLSB00_HONOR4CCHMU01_id39_s0_15.png,1,VALID,0.48266602,-1.0673828,-0.37646484,0.45292217,LCC-FASD external-dev / cross-domain stress set,True
YOUTUBE_P226VLSB00_HONOR4CCHMU01_id39_s0_41.png,1,VALID,0.80859375,-1.3544922,-0.7211914,1.1039708,LCC-FASD external-dev / cross-domain stress set,True
YOUTUBE_P226VLSB00_HONOR4CCHMU01_id39_s0_56.png,1,VALID,0.61328125,-1.5351562,-0.3996582,0.734352,LCC-FASD external-dev / cross-domain stress set,True
YOUTUBE_P226VLSB00_HONOR4CCHMU01_id39_s0_81.png,1,VALID,0.22595215,-1.1542969,-0.07385254,0.0075496137,LCC-FASD external-dev / cross-domain stress set,True
YOUTUBE_P226VLSB00_HONOR4CCHMU01_id48_s1_15.png,1,VALID,-0.6777344,0.078186035,0.08709717,-1.453533,LCC-FASD external-dev / cross-domain stress set,False
YOUTUBE_P226VLSB00_HONOR4CCHMU01_id48_s1_30.png,1,VALID,-1.0947266,-0.36889648,0.88378906,-2.2298474,LCC-FASD external-dev / cross-domain stress set,False
YOUTUBE_P226VLSB00_HONOR4CCHMU01_id48_s1_45.png,1,VALID,-0.20532227,-0.5444336,-0.1661377,-0.5609667,LCC-FASD external-dev / cross-domain stress set,True
YOUTUBE_P226VLSB00_HONOR4CCHMU01_id48_s1_60.png,1,VALID,-0.3178711,0.22668457,-0.48388672,-0.9442464,LCC-FASD external-dev / cross-domain stress set,False
YOUTUBE_P226VLSB00_HONOR4CCHMU01_id48_s1_75.png,1,VALID,-0.89746094,0.06329346,0.32836914,-1.795197,LCC-FASD external-dev / cross-domain stress set,False
YOUTUBE_P226VLSB00_HONOR4CCHMU01_id48_s1_90.png,1,VALID,-1.9091797,-0.53808594,1.9580078,-3.9463742,LCC-FASD external-dev / cross-domain stress set,False
YOUTUBE_P226VLSB00_HONOR4CCHMU01_id48_s1_105.png,1,VALID,-0.8544922,-0.086242676,0.4650879,-1.774586,LCC-FASD external-dev / cross-domain stress set,False
YOUTUBE_P226VLSB00_HONOR4CCHMU01_id48_s1_120.png,1,VALID,-0.18603516,0.056365967,-0.41845703,-0.7260581,LCC-FASD external-dev / cross-domain stress set,False
YOUTUBE_P226VLSB00_HONOR4CCHMU01_id48_s1_135.png,1,VALID,-1.2958984,0.88134766,0.0960083,-2.552915,LCC-FASD external-dev / cross-domain stress set,False
YOUTUBE_P226VLSB00_HONOR4CCHMU01_id48_s1_150.png,1,VALID,-0.625,0.17236328,-0.042816162,-1.3886974,LCC-FASD external-dev / cross-domain stress set,False
YOUTUBE_PBLS11HR_HONOR9L_id39_s1_15.png,1,VALID,0.04574585,0.27319336,-1.0556641,-0.46234536,LCC-FASD external-dev / cross-domain stress set,True
YOUTUBE_PBLS11HR_HONOR9L_id39_s1_30.png,1,VALID,0.037261963,0.20703125,-0.9013672,-0.45501378,LCC-FASD external-dev / cross-domain stress set,True
YOUTUBE_PBLS11HR_HONOR9L_id39_s1_45.png,1,VALID,-0.16381836,0.49853516,-0.95996094,-0.8714677,LCC-FASD external-dev / cross-domain stress set,False
YOUTUBE_PBLS11HR_HONOR9L_id39_s1_60.png,1,VALID,-0.09124756,0.50634766,-0.9667969,-0.8039617,LCC-FASD external-dev / cross-domain stress set,False
YOUTUBE_PBLS11HR_HONOR9L_id39_s1_75.png,1,VALID,0.26879883,-0.22351074,-0.82373047,0.054899484,LCC-FASD external-dev / cross-domain stress set,True
YOUTUBE_PBLS11HR_HONOR9L_id39_s1_90.png,1,VALID,-0.28271484,0.83691406,-1.0371094,-1.2624339,LCC-FASD external-dev / cross-domain stress set,False
YOUTUBE_PBLS11HR_HONOR9L_id39_s1_105.png,1,VALID,0.4025879,-0.026000977,-1.1748047,0.15322047,LCC-FASD external-dev / cross-domain stress set,True
YOUTUBE_PBLS11HR_HONOR9L_id39_s1_120.png,1,VALID,0.5908203,-0.33129883,-1.3505859,0.61400807,LCC-FASD external-dev / cross-domain stress set,True
YOUTUBE_PBLS11HR_HONOR9L_id39_s1_135.png,1,VALID,0.39770508,-0.21520996,-1.1396484,0.27876395,LCC-FASD external-dev / cross-domain stress set,True
YOUTUBE_PBLS11HR_HONOR9L_id42_s0_15.png,1,VALID,-0.20812988,0.36791992,-0.62060547,-0.89241046,LCC-FASD external-dev / cross-domain stress set,False
YOUTUBE_PBLS11HR_HONOR9L_id42_s0_30.png,1,VALID,-0.27075195,0.29125977,-0.46606445,-0.9465388,LCC-FASD external-dev / cross-domain stress set,False
YOUTUBE_PBLS11HR_HONOR9L_id42_s0_45.png,1,VALID,-0.00097322464,0.054626465,-0.57421875,-0.48296142,LCC-FASD external-dev / cross-domain stress set,True
YOUTUBE_PBLS11HR_HONOR9L_id42_s0_60.png,1,VALID,-0.14953613,0.37597656,-0.73779297,-0.809427,LCC-FASD external-dev / cross-domain stress set,False
YOUTUBE_PBLS11HR_HONOR9L_id42_s0_75.png,1,VALID,-0.18640137,0.22741699,-0.55126953,-0.79157543,LCC-FASD external-dev / cross-domain stress set,False
YOUTUBE_PBLS11HR_HONOR9L_id42_s0_90.png,1,VALID,-0.31860352,0.40039062,-0.5029297,-1.0591894,LCC-FASD external-dev / cross-domain stress set,False
YOUTUBE_PBLS11HR_HONOR9L_id42_s0_105.png,1,VALID,-0.51220703,1.0,-0.78466797,-1.6673739,LCC-FASD external-dev / cross-domain stress set,False
YOUTUBE_PBLS11HR_HONOR9L_id42_s0_120.png,1,VALID,-0.07324219,0.5463867,-0.94091797,-0.82337016,LCC-FASD external-dev / cross-domain stress set,False
YOUTUBE_PBLS11HR_HONOR9L_id42_s0_135.png,1,VALID,0.29785156,0.09844971,-1.0283203,-0.08131474,LCC-FASD external-dev / cross-domain stress set,True
YOUTUBE_PBLS11HR_HONOR9L_id42_s0_150.png,1,VALID,0.05819702,0.3947754,-0.9321289,-0.57188547,LCC-FASD external-dev / cross-domain stress set,True
YOUTUBE_PBLS11HR_HONOR9L_id42_s1_17.png,1,VALID,-0.8989258,1.1601562,-0.5449219,-2.2260852,LCC-FASD external-dev / cross-domain stress set,False
YOUTUBE_PBLS11HR_HONOR9L_id42_s1_32.png,1,VALID,-0.8676758,0.72216797,-0.3112793,-1.8942195,LCC-FASD external-dev / cross-domain stress set,False
YOUTUBE_PBLS11HR_HONOR9L_id42_s1_47.png,1,VALID,-0.81884766,0.75683594,-0.3635254,-1.8579725,LCC-FASD external-dev / cross-domain stress set,False
YOUTUBE_PBLS11HR_HONOR9L_id42_s1_62.png,1,VALID,-0.8798828,1.4238281,-0.76171875,-2.4102454,LCC-FASD external-dev / cross-domain stress set,False
YOUTUBE_PBLS11HR_HONOR9L_id42_s1_77.png,1,VALID,-0.89160156,1.2353516,-0.5727539,-2.278785,LCC-FASD external-dev / cross-domain stress set,False
YOUTUBE_PBLS11HR_HONOR9L_id42_s1_92.png,1,VALID,-0.6953125,0.84472656,-0.50097656,-1.7714337,LCC-FASD external-dev / cross-domain stress set,False
YOUTUBE_PBLS11HR_HONOR9L_id42_s1_107.png,1,VALID,-0.84277344,0.6928711,-0.19689941,-1.879766,LCC-FASD external-dev / cross-domain stress set,False
YOUTUBE_PBLS11HR_HONOR9L_id42_s1_133.png,1,VALID,-0.58154297,0.50683594,-0.34472656,-1.4437764,LCC-FASD external-dev / cross-domain stress set,False
YOUTUBE_PBLS11HR_HONOR9L_id42_s1_148.png,1,VALID,-0.74072266,1.1523438,-0.69091797,-2.04002,LCC-FASD external-dev / cross-domain stress set,False
YOUTUBE_PBLS11HR_HONOR9L_id42_s1_165.png,1,VALID,-0.09448242,0.5913086,-0.90283203,-0.88827574,LCC-FASD external-dev / cross-domain stress set,False
YOUTUBE_PBQ5WTS_ZTEBA2_id39_s0_17.png,1,VALID,0.29760742,0.99121094,-1.7060547,-0.75881946,LCC-FASD external-dev / cross-domain stress set,False
YOUTUBE_PBQ5WTS_ZTEBA2_id39_s0_36.png,1,VALID,-0.35546875,1.7353516,-1.5976562,-2.125884,LCC-FASD external-dev / cross-domain stress set,False
YOUTUBE_PBQ5WTS_ZTEBA2_id43_s0_117.png,1,VALID,-1.1035156,1.4716797,-0.7421875,-2.678904,LCC-FASD external-dev / cross-domain stress set,False
YOUTUBE_PBQ5WTS_ZTEBA2_id43_s0_132.png,1,VALID,-0.5048828,0.46044922,-0.4321289,-1.3086369,LCC-FASD external-dev / cross-domain stress set,False
YOUTUBE_MBP1314_IPHONE8F_id48_s0_75.png,1,VALID,0.00198555,0.5571289,-1.1162109,-0.7270942,LCC-FASD external-dev / cross-domain stress set,False
YOUTUBE_MBP1314_IPHONE8F_id48_s0_90.png,1,VALID,0.30419922,-0.009986877,-1.0009766,-0.0015068352,LCC-FASD external-dev / cross-domain stress set,True
YOUTUBE_MSIGS60_SGJ5_id39_s1_16.png,1,VALID,0.025680542,0.72802734,-1.21875,-0.8357699,LCC-FASD external-dev / cross-domain stress set,False
YOUTUBE_MSIGS60_SGJ5_id39_s1_31.png,1,VALID,-0.00046133995,1.1757812,-1.4238281,-1.2479143,LCC-FASD external-dev / cross-domain stress set,False
YOUTUBE_MSIGS60_SGJ5_id39_s1_65.png,1,VALID,-0.4296875,0.6435547,-0.5097656,-1.3475252,LCC-FASD external-dev / cross-domain stress set,False
YOUTUBE_MSIGS60_SGJ5_id39_s1_95.png,1,VALID,-0.39453125,0.63964844,-0.6791992,-1.2711813,LCC-FASD external-dev / cross-domain stress set,False
YOUTUBE_MSIGS60_SGJ5_id39_s1_110.png,1,VALID,-0.48095703,0.96728516,-0.8066406,-1.6049601,LCC-FASD external-dev / cross-domain stress set,False
YOUTUBE_MSIGS60_SGJ5_id39_s1_126.png,1,VALID,-0.5024414,1.0556641,-0.9067383,-1.6895902,LCC-FASD external-dev / cross-domain stress set,False
YOUTUBE_MSIGS60_SGJ5_id39_s1_141.png,1,VALID,-0.7602539,0.9946289,-0.49438477,-1.9583093,LCC-FASD external-dev / cross-domain stress set,False
YOUTUBE_MSIGS60_SGJ5_id42_s0_15.png,1,VALID,1.1474609,-1.5234375,-0.9902344,1.6760247,LCC-FASD external-dev / cross-domain stress set,True
YOUTUBE_MSIGS60_SGJ5_id42_s0_30.png,1,VALID,0.9482422,-1.4609375,-0.80615234,1.3359779,LCC-FASD external-dev / cross-domain stress set,True
YOUTUBE_MSIGS60_SGJ5_id42_s0_45.png,1,VALID,0.88623047,-1.171875,-0.9501953,1.2479882,LCC-FASD external-dev / cross-domain stress set,True
YOUTUBE_MSIGS60_SGJ5_id42_s0_60.png,1,VALID,1.4951172,-1.7675781,-1.3466797,2.337116,LCC-FASD external-dev / cross-domain stress set,True
YOUTUBE_MSIGS60_SGJ5_id42_s0_75.png,1,VALID,1.3007812,-1.5576172,-1.2265625,1.9860864,LCC-FASD external-dev / cross-domain stress set,True
YOUTUBE_MSIGS60_SGJ5_id42_s0_90.png,1,VALID,1.5615234,-1.7304688,-1.4384766,2.442229,LCC-FASD external-dev / cross-domain stress set,True
YOUTUBE_MSIGS60_SGJ5_id42_s0_105.png,1,VALID,1.2558594,-1.2958984,-1.3466797,1.8836789,LCC-FASD external-dev / cross-domain stress set,True
YOUTUBE_MSIGS60_SGJ5_id42_s0_120.png,1,VALID,1.40625,-1.4560547,-1.4394531,2.1608224,LCC-FASD external-dev / cross-domain stress set,True
YOUTUBE_MSIGS60_SGJ5_id42_s0_135.png,1,VALID,0.9428711,-1.2714844,-0.92333984,1.3320614,LCC-FASD external-dev / cross-domain stress set,True
YOUTUBE_MSIGS60_SGJ5_id42_s0_150.png,1,VALID,1.4482422,-1.4794922,-1.4287109,2.2088742,LCC-FASD external-dev / cross-domain stress set,True
YOUTUBE_MSIGS60_SGJ5_id42_s1_16.png,1,VALID,2.0371094,-1.5810547,-1.7675781,3.013936,LCC-FASD external-dev / cross-domain stress set,True
YOUTUBE_MSIGS60_SGJ5_id42_s1_31.png,1,VALID,0.68652344,-1.0839844,-0.640625,0.83130866,LCC-FASD external-dev / cross-domain stress set,True
YOUTUBE_MSIGS60_SGJ5_id42_s1_46.png,1,VALID,0.7631836,-1.1240234,-0.73779297,0.98241264,LCC-FASD external-dev / cross-domain stress set,True
YOUTUBE_MSIGS60_SGJ5_id42_s1_61.png,1,VALID,1.2636719,-1.4414062,-1.1425781,1.8513958,LCC-FASD external-dev / cross-domain stress set,True
YOUTUBE_MSIGS60_SGJ5_id42_s1_77.png,1,VALID,0.98828125,-1.0986328,-0.9682617,1.3264582,LCC-FASD external-dev / cross-domain stress set,True
YOUTUBE_MSIGS60_SGJ5_id42_s1_92.png,1,VALID,1.140625,-1.1601562,-1.1210938,1.5879121,LCC-FASD external-dev / cross-domain stress set,True
YOUTUBE_MSIGS60_SGJ5_id42_s1_146.png,1,VALID,1.3037109,-1.4345703,-1.0644531,1.843049,LCC-FASD external-dev / cross-domain stress set,True
YOUTUBE_MSIGS60_SGJ5_id42_s1_180.png,1,VALID,1.6972656,-1.7060547,-1.4736328,2.587225,LCC-FASD external-dev / cross-domain stress set,True
YOUTUBE_NEC90GX2_ZC554KL_id39_s1_30.png,1,VALID,1.4023438,-1.3671875,-1.3857422,2.0856185,LCC-FASD external-dev / cross-domain stress set,True
YOUTUBE_NEC90GX2_ZC554KL_id39_s1_45.png,1,VALID,1.1025391,-0.87158203,-1.3310547,1.4845498,LCC-FASD external-dev / cross-domain stress set,True
YOUTUBE_NEC90GX2_ZC554KL_id39_s1_67.png,1,VALID,1.2138672,-1.3730469,-1.2675781,1.8396428,LCC-FASD external-dev / cross-domain stress set,True
YOUTUBE_NEC90GX2_ZC554KL_id39_s1_87.png,1,VALID,1.3603516,-0.34716797,-2.140625,1.5536112,LCC-FASD external-dev / cross-domain stress set,True
YOUTUBE_NEC90GX2_ZC554KL_id39_s1_103.png,1,VALID,0.9511719,-0.48388672,-1.6494141,1.1636901,LCC-FASD external-dev / cross-domain stress set,True
YOUTUBE_NEC90GX2_ZC554KL_id39_s1_118.png,1,VALID,0.7167969,-0.703125,-1.3701172,1.0056622,LCC-FASD external-dev / cross-domain stress set,True
YOUTUBE_NEC90GX2_ZC554KL_id39_s1_133.png,1,VALID,1.2041016,-1.0419922,-1.5205078,1.7638512,LCC-FASD external-dev / cross-domain stress set,True
YOUTUBE_P223V5LSB_LS650_id39_s1_15.png,1,VALID,-1.2568359,2.0019531,-0.65771484,-3.326421,LCC-FASD external-dev / cross-domain stress set,False
YOUTUBE_P223V5LSB_LS650_id39_s1_55.png,1,VALID,-1.2324219,2.0878906,-0.5942383,-3.3864908,LCC-FASD external-dev / cross-domain stress set,False
YOUTUBE_P223V5LSB_LS650_id39_s1_92.png,1,VALID,-1.2070312,2.0429688,-0.6743164,-3.313964,LCC-FASD external-dev / cross-domain stress set,False
YOUTUBE_P223V5LSB_LS650_id39_s1_107.png,1,VALID,-1.1171875,2.171875,-0.9116211,-3.3338437,LCC-FASD external-dev / cross-domain stress set,False
YOUTUBE_P223V5LSB_LS650_id39_s1_124.png,1,VALID,-1.0791016,2.0957031,-0.90478516,-3.223369,LCC-FASD external-dev / cross-domain stress set,False
YOUTUBE_P223V5LSB_LS650_id42_s0_35.png,1,VALID,-0.4753418,1.1025391,-0.9711914,-1.6963001,LCC-FASD external-dev / cross-domain stress set,False
YOUTUBE_P223V5LSB_LS650_id42_s0_74.png,1,VALID,-0.5571289,0.86279297,-0.6035156,-1.6275666,LCC-FASD external-dev / cross-domain stress set,False
YOUTUBE_P223V5LSB_LS650_id42_s0_89.png,1,VALID,-0.55322266,1.0302734,-0.69091797,-1.7480379,LCC-FASD external-dev / cross-domain stress set,False
YOUTUBE_P223V5LSB_LS650_id42_s0_104.png,1,VALID,-0.9458008,1.625,-0.7392578,-2.6606588,LCC-FASD external-dev / cross-domain stress set,False
YOUTUBE_P223V5LSB_LS650_id42_s0_119.png,1,VALID,-0.56689453,1.0761719,-0.75439453,-1.7917646,LCC-FASD external-dev / cross-domain stress set,False
YOUTUBE_P223V5LSB_LS650_id42_s0_136.png,1,VALID,-0.8154297,1.0068359,-0.5175781,-2.0192695,LCC-FASD external-dev / cross-domain stress set,False
YOUTUBE_P223V5LSB_LS650_id42_s0_151.png,1,VALID,-0.48168945,0.8725586,-0.64990234,-1.5516013,LCC-FASD external-dev / cross-domain stress set,False
YOUTUBE_P223V5LSB_LS650_id42_s0_166.png,1,VALID,0.0793457,0.22265625,-0.8027344,-0.4498068,LCC-FASD external-dev / cross-domain stress set,True
YOUTUBE_P223V5LSB_LS650_id42_s0_181.png,1,VALID,0.4711914,-0.12042236,-1.0019531,0.24508622,LCC-FASD external-dev / cross-domain stress set,True
YOUTUBE_P223V5LSB_LS650_id42_s0_196.png,1,VALID,0.10406494,0.27172852,-0.8979492,-0.43804717,LCC-FASD external-dev / cross-domain stress set,True
YOUTUBE_P223V5LSB_LS650_id42_s1_15.png,1,VALID,-0.38232422,0.72509766,-0.60839844,-1.3413504,LCC-FASD external-dev / cross-domain stress set,False
YOUTUBE_P223V5LSB_LS650_id42_s1_31.png,1,VALID,-0.7290039,0.88964844,-0.36499023,-1.8695502,LCC-FASD external-dev / cross-domain stress set,False
YOUTUBE_P223V5LSB_LS650_id42_s1_46.png,1,VALID,-0.7578125,1.4755859,-0.7631836,-2.3346813,LCC-FASD external-dev / cross-domain stress set,False
YOUTUBE_MBP1314_IPHONE8B_id42_s0_15.png,1,VALID,1.7578125,-1.9804688,-1.625,2.8516874,LCC-FASD external-dev / cross-domain stress set,True
YOUTUBE_MBP1314_IPHONE8B_id42_s0_38.png,1,VALID,1.6904297,-1.9570312,-1.6054688,2.763162,LCC-FASD external-dev / cross-domain stress set,True
YOUTUBE_MBP1314_IPHONE8B_id42_s0_58.png,1,VALID,1.7802734,-2.0234375,-1.6914062,2.9308305,LCC-FASD external-dev / cross-domain stress set,True
YOUTUBE_MBP1314_IPHONE8B_id42_s0_73.png,1,VALID,1.6855469,-2.0195312,-1.5615234,2.7569318,LCC-FASD external-dev / cross-domain stress set,True
YOUTUBE_MBP1314_IPHONE8B_id42_s0_88.png,1,VALID,1.7568359,-2.0039062,-1.7216797,2.916558,LCC-FASD external-dev / cross-domain stress set,True
YOUTUBE_MBP1314_IPHONE8B_id42_s0_148.png,1,VALID,1.8457031,-2.0703125,-1.7519531,3.0510728,LCC-FASD external-dev / cross-domain stress set,True
YOUTUBE_MBP1314_IPHONE8B_id42_s0_163.png,1,VALID,1.5634766,-1.7480469,-1.5859375,2.5340402,LCC-FASD external-dev / cross-domain stress set,True
YOUTUBE_MBP1314_IPHONE8B_id42_s1_15.png,1,VALID,2.3105469,-1.9609375,-2.0976562,3.644362,LCC-FASD external-dev / cross-domain stress set,True
YOUTUBE_MBP1314_IPHONE8B_id42_s1_30.png,1,VALID,1.7880859,-1.578125,-1.5380859,2.652844,LCC-FASD external-dev / cross-domain stress set,True
YOUTUBE_MBP1314_IPHONE8B_id42_s1_45.png,1,VALID,1.7919922,-1.7900391,-1.4453125,2.7017393,LCC-FASD external-dev / cross-domain stress set,True
YOUTUBE_MBP1314_IPHONE8B_id42_s1_60.png,1,VALID,2.0742188,-2.2285156,-1.6298828,3.266129,LCC-FASD external-dev / cross-domain stress set,True
YOUTUBE_MBP1314_IPHONE8B_id43_s0_15.png,1,VALID,1.2539062,-1.4667969,-1.1210938,1.8398393,LCC-FASD external-dev / cross-domain stress set,True
YOUTUBE_MBP1314_IPHONE8B_id43_s0_30.png,1,VALID,1.3115234,-1.2841797,-1.3789062,1.948798,LCC-FASD external-dev / cross-domain stress set,True
YOUTUBE_MBP1314_IPHONE8B_id43_s0_45.png,1,VALID,0.765625,-0.36669922,-1.3339844,0.8101584,LCC-FASD external-dev / cross-domain stress set,True
YOUTUBE_MBP1314_IPHONE8B_id43_s0_62.png,1,VALID,1.0537109,-1.5927734,-0.8730469,1.5300742,LCC-FASD external-dev / cross-domain stress set,True
YOUTUBE_MBP1314_IPHONE8B_id43_s0_82.png,1,VALID,0.61279297,-1.5722656,-0.24694824,0.6241012,LCC-FASD external-dev / cross-domain stress set,True
YOUTUBE_MBP1314_IPHONE8B_id43_s0_97.png,1,VALID,0.98779297,-1.5078125,-0.8066406,1.3916363,LCC-FASD external-dev / cross-domain stress set,True
YOUTUBE_MBP1314_IPHONE8B_id43_s0_113.png,1,VALID,1.6972656,-1.8017578,-1.4375,2.6072528,LCC-FASD external-dev / cross-domain stress set,True
YOUTUBE_MBP1314_IPHONE8B_id43_s0_128.png,1,VALID,1.0595703,-1.5341797,-0.96435547,1.5756408,LCC-FASD external-dev / cross-domain stress set,True
YOUTUBE_MBP1314_IPHONE8B_id43_s0_143.png,1,VALID,1.2333984,-2.0332031,-0.9580078,1.8978183,LCC-FASD external-dev / cross-domain stress set,True
YOUTUBE_MBP1314_IPHONE8B_id43_s0_158.png,1,VALID,0.6699219,-0.47387695,-1.1083984,0.7184075,LCC-FASD external-dev / cross-domain stress set,True
YOUTUBE_MBP1314_IPHONE8B_id43_s1_15.png,1,VALID,2.0214844,-2.3398438,-1.7851562,3.3528605,LCC-FASD external-dev / cross-domain stress set,True
YOUTUBE_MBP1314_IPHONE8B_id43_s1_30.png,1,VALID,1.7451172,-1.8525391,-1.5869141,2.7629027,LCC-FASD external-dev / cross-domain stress set,True
YOUTUBE_MBP1314_IPHONE8B_id43_s1_45.png,1,VALID,1.8076172,-2.0976562,-1.6308594,2.951734,LCC-FASD external-dev / cross-domain stress set,True
YOUTUBE_MBP1314_IPHONE8B_id43_s1_60.png,1,VALID,1.84375,-2.03125,-1.7246094,3.0168247,LCC-FASD external-dev / cross-domain stress set,True
YOUTUBE_MBP1314_IPHONE8B_id43_s1_75.png,1,VALID,1.8740234,-1.8876953,-1.8154297,3.031786,LCC-FASD external-dev / cross-domain stress set,True
YOUTUBE_MBP1314_IPHONE8B_id43_s1_90.png,1,VALID,1.8759766,-1.9853516,-1.6972656,3.0137994,LCC-FASD external-dev / cross-domain stress set,True
YOUTUBE_MBP1314_IPHONE8B_id43_s1_105.png,1,VALID,1.5664062,-1.9130859,-1.4501953,2.528352,LCC-FASD external-dev / cross-domain stress set,True
YOUTUBE_MBP1314_IPHONE8B_id43_s1_120.png,1,VALID,1.9628906,-2.3203125,-1.734375,3.2547722,LCC-FASD external-dev / cross-domain stress set,True
YOUTUBE_MBP1314_IPHONE8B_id43_s1_135.png,1,VALID,2.0214844,-2.09375,-1.8115234,3.2710502,LCC-FASD external-dev / cross-domain stress set,True
YOUTUBE_MBP1314_IPHONE8B_id43_s1_150.png,1,VALID,1.8183594,-2.2441406,-1.7060547,3.064546,LCC-FASD external-dev / cross-domain stress set,True
YOUTUBE_MBP1314_IPHONE8B_id48_s1_15.png,1,VALID,1.5292969,-1.9160156,-1.5126953,2.530308,LCC-FASD external-dev / cross-domain stress set,True
YOUTUBE_MBP1314_IPHONE8B_id48_s1_30.png,1,VALID,1.2636719,-2.1113281,-1.0458984,2.0134888,LCC-FASD external-dev / cross-domain stress set,True
YOUTUBE_MBP1314_IPHONE8B_id48_s1_45.png,1,VALID,1.4960938,-1.5810547,-1.5185547,2.352263,LCC-FASD external-dev / cross-domain stress set,True
YOUTUBE_MBP1314_IPHONE8B_id48_s1_60.png,1,VALID,0.8886719,-0.890625,-1.3544922,1.2914244,LCC-FASD external-dev / cross-domain stress set,True
YOUTUBE_MBP1314_IPHONE8B_id48_s1_75.png,1,VALID,0.4987793,-0.32958984,-1.1445312,0.4618768,LCC-FASD external-dev / cross-domain stress set,True
YOUTUBE_MBP1314_IPHONE8B_id48_s1_90.png,1,VALID,-0.9375,-1.1767578,1.0908203,-2.126864,LCC-FASD external-dev / cross-domain stress set,False
YOUTUBE_MBP1314_IPHONE8B_id48_s1_105.png,1,VALID,0.8701172,-1.1796875,-1.0615234,1.2958312,LCC-FASD external-dev / cross-domain stress set,True
YOUTUBE_MBP1314_IPHONE8B_id48_s1_120.png,1,VALID,0.5385742,-0.5708008,-1.0537109,0.6288115,LCC-FASD external-dev / cross-domain stress set,True
YOUTUBE_MBP1314_IPHONE8B_id48_s1_135.png,1,VALID,0.63134766,-1.2939453,-0.6513672,0.8601077,LCC-FASD external-dev / cross-domain stress set,True
YOUTUBE_MBP1314_IPHONE8B_id48_s1_150.png,1,VALID,1.4853516,-1.953125,-1.2978516,2.3649535,LCC-FASD external-dev / cross-domain stress set,True
YOUTUBE_MBP1314_IPHONE8F_id48_s0_15.png,1,VALID,-0.29492188,1.6777344,-1.6308594,-2.0085711,LCC-FASD external-dev / cross-domain stress set,False
YOUTUBE_MBP1314_IPHONE8F_id48_s0_30.png,1,VALID,-0.57421875,1.0927734,-0.82128906,-1.8045604,LCC-FASD external-dev / cross-domain stress set,False
YOUTUBE_MBP1314_IPHONE8F_id48_s0_45.png,1,VALID,-0.9277344,1.5664062,-0.7524414,-2.5879831,LCC-FASD external-dev / cross-domain stress set,False
YOUTUBE_MBP1314_IPHONE8F_id48_s0_60.png,1,VALID,-0.0892334,0.6904297,-1.0820312,-0.93659365,LCC-FASD external-dev / cross-domain stress set,False
YOUTUBE_MBP1314_IPHONE8F_id48_s0_105.png,1,VALID,-0.42138672,1.5712891,-1.3046875,-2.0475059,LCC-FASD external-dev / cross-domain stress set,False
YOUTUBE_MBP1314_IPHONE8F_id48_s0_120.png,1,VALID,0.25683594,0.090026855,-1.0732422,-0.10509649,LCC-FASD external-dev / cross-domain stress set,True
YOUTUBE_MBP1314_IPHONE8F_id48_s0_135.png,1,VALID,-0.30371094,1.4013672,-1.3300781,-1.7681704,LCC-FASD external-dev / cross-domain stress set,False
YOUTUBE_MBP1314_IPHONE8F_id48_s0_150.png,1,VALID,0.86328125,-0.67285156,-1.2177734,1.0787795,LCC-FASD external-dev / cross-domain stress set,True
YOUTUBE_LGFIPS235VBN_SMA500F_id43_s0_17.png,1,VALID,0.24572754,-0.94921875,-0.1784668,0.043934166,LCC-FASD external-dev / cross-domain stress set,True
YOUTUBE_LGFIPS235VBN_SMA500F_id43_s0_32.png,1,VALID,-0.4855957,0.37597656,-0.42211914,-1.2332637,LCC-FASD external-dev / cross-domain stress set,False
YOUTUBE_LGFIPS235VBN_SMA500F_id43_s0_49.png,1,VALID,-1.0107422,0.9868164,-0.29956055,-2.2415004,LCC-FASD external-dev / cross-domain stress set,False
YOUTUBE_LGFIPS235VBN_SMA500F_id43_s0_67.png,1,VALID,0.32128906,-1.5175781,0.1850586,-0.031148732,LCC-FASD external-dev / cross-domain stress set,True
YOUTUBE_LGFIPS235VBN_SMA500F_id43_s0_86.png,1,VALID,0.05441284,-1.3945312,0.41748047,-0.51435006,LCC-FASD external-dev / cross-domain stress set,True
YOUTUBE_LGFIPS235VBN_SMA500F_id43_s0_150.png,1,VALID,0.93896484,-1.4853516,-0.6767578,1.2472783,LCC-FASD external-dev / cross-domain stress set,True
YOUTUBE_LGFIPS235VBN_SMA500F_id43_s0_165.png,1,VALID,-0.2668457,-0.2319336,-0.18310547,-0.7527713,LCC-FASD external-dev / cross-domain stress set,False
YOUTUBE_LGFIPS235VBN_SMA500F_id43_s1_15.png,1,VALID,1.6162109,-1.8613281,-1.2207031,2.4136333,LCC-FASD external-dev / cross-domain stress set,True
YOUTUBE_LGFIPS235VBN_SMA500F_id43_s1_30.png,1,VALID,1.5673828,-1.2626953,-1.4853516,2.2420747,LCC-FASD external-dev / cross-domain stress set,True
YOUTUBE_LGFIPS235VBN_SMA500F_id43_s1_45.png,1,VALID,1.8652344,-2.1210938,-1.5136719,2.9440417,LCC-FASD external-dev / cross-domain stress set,True
YOUTUBE_LGFIPS235VBN_SMA500F_id43_s1_62.png,1,VALID,0.20080566,-0.77441406,-0.41552734,0.08661491,LCC-FASD external-dev / cross-domain stress set,True
YOUTUBE_LGFIPS235VBN_SMA500F_id43_s1_77.png,1,VALID,0.51660156,0.048583984,-1.1689453,0.2087655,LCC-FASD external-dev / cross-domain stress set,True
YOUTUBE_LGFIPS235VBN_SMA500F_id43_s1_92.png,1,VALID,0.8540039,-0.99560547,-1.1054688,1.2098858,LCC-FASD external-dev / cross-domain stress set,True
YOUTUBE_LGFIPS235VBN_SMA500F_id43_s1_107.png,1,VALID,1.1845703,-1.2763672,-1.0673828,1.6578487,LCC-FASD external-dev / cross-domain stress set,True
YOUTUBE_LGFIPS235VBN_SMA500F_id43_s1_122.png,1,VALID,1.8828125,-1.6689453,-1.7949219,2.9196165,LCC-FASD external-dev / cross-domain stress set,True
YOUTUBE_LGFIPS235VBN_SMA500F_id43_s1_137.png,1,VALID,0.89697266,-0.59375,-1.3925781,1.1192585,LCC-FASD external-dev / cross-domain stress set,True
YOUTUBE_LGFIPS235VBN_SMA500F_id43_s1_152.png,1,VALID,0.46557617,-1.078125,-0.46777344,0.49951738,LCC-FASD external-dev / cross-domain stress set,True
YOUTUBE_LY300_REDMIS2_id39_s1_15.png,1,VALID,0.62353516,-0.5283203,-1.0927734,0.7016267,LCC-FASD external-dev / cross-domain stress set,True
YOUTUBE_LY300_REDMIS2_id39_s1_30.png,1,VALID,0.796875,-0.7631836,-1.1103516,1.0255048,LCC-FASD external-dev / cross-domain stress set,True
YOUTUBE_LY300_REDMIS2_id39_s1_48.png,1,VALID,0.44506836,0.03793335,-1.1689453,0.14544061,LCC-FASD external-dev / cross-domain stress set,True
YOUTUBE_LY300_REDMIS2_id39_s1_63.png,1,VALID,0.37329102,-0.11694336,-0.98828125,0.14071092,LCC-FASD external-dev / cross-domain stress set,True
YOUTUBE_LY300_REDMIS2_id39_s1_82.png,1,VALID,1.0566406,-0.046783447,-1.7646484,0.93837684,LCC-FASD external-dev / cross-domain stress set,True
YOUTUBE_LY300_REDMIS2_id39_s1_97.png,1,VALID,0.18762207,0.31103516,-1.2333984,-0.31686646,LCC-FASD external-dev / cross-domain stress set,True
YOUTUBE_LY300_REDMIS2_id39_s1_112.png,1,VALID,-0.12524414,0.59716797,-1.1005859,-0.89054537,LCC-FASD external-dev / cross-domain stress set,False
YOUTUBE_LY300_REDMIS2_id39_s1_127.png,1,VALID,0.33129883,0.18908691,-1.2236328,-0.07570213,LCC-FASD external-dev / cross-domain stress set,True
YOUTUBE_LY300_REDMIS2_id42_s0_25.png,1,VALID,-0.8232422,1.6572266,-0.8833008,-2.5563412,LCC-FASD external-dev / cross-domain stress set,False
YOUTUBE_LY300_REDMIS2_id42_s0_47.png,1,VALID,-0.29858398,0.6972656,-0.81396484,-1.1952236,LCC-FASD external-dev / cross-domain stress set,False
YOUTUBE_LY300_REDMIS2_id42_s0_88.png,1,VALID,0.5991211,-0.7260742,-0.9394531,0.733057,LCC-FASD external-dev / cross-domain stress set,True
YOUTUBE_LY300_REDMIS2_id42_s0_106.png,1,VALID,0.7133789,-0.7348633,-1.1025391,0.9221291,LCC-FASD external-dev / cross-domain stress set,True
YOUTUBE_LY300_REDMIS2_id42_s0_121.png,1,VALID,0.20910645,0.10925293,-1.0771484,-0.16659316,LCC-FASD external-dev / cross-domain stress set,True
YOUTUBE_LY300_REDMIS2_id42_s0_166.png,1,VALID,-0.078308105,0.5708008,-1.0537109,-0.8289339,LCC-FASD external-dev / cross-domain stress set,False
YOUTUBE_LY300_REDMIS2_id42_s0_181.png,1,VALID,0.9609375,-0.6772461,-1.3447266,1.2240895,LCC-FASD external-dev / cross-domain stress set,True
YOUTUBE_LY300_REDMIS2_id42_s0_196.png,1,VALID,1.0566406,-0.54052734,-1.453125,1.2596391,LCC-FASD external-dev / cross-domain stress set,True
YOUTUBE_LY300_REDMIS2_id42_s0_213.png,1,VALID,0.4855957,0.16259766,-1.3330078,0.12078166,LCC-FASD external-dev / cross-domain stress set,True
YOUTUBE_LY300_REDMIS2_id42_s0_248.png,1,VALID,0.6538086,-0.61328125,-1.0888672,0.7837254,LCC-FASD external-dev / cross-domain stress set,True
YOUTUBE_MBP1314_IPHONE8B_id39_s0_15.png,1,VALID,0.6381836,0.9472656,-1.8740234,-0.36690664,LCC-FASD external-dev / cross-domain stress set,True
YOUTUBE_MBP1314_IPHONE8B_id39_s0_30.png,1,VALID,1.90625,-0.62890625,-2.0625,2.3212953,LCC-FASD external-dev / cross-domain stress set,True
YOUTUBE_MBP1314_IPHONE8B_id39_s0_45.png,1,VALID,0.20690918,1.3183594,-1.7744141,-1.1558268,LCC-FASD external-dev / cross-domain stress set,False
YOUTUBE_MBP1314_IPHONE8B_id39_s0_64.png,1,VALID,0.2836914,0.3701172,-1.0351562,-0.30580223,LCC-FASD external-dev / cross-domain stress set,True
YOUTUBE_MBP1314_IPHONE8B_id39_s1_15.png,1,VALID,1.3496094,-0.045196533,-2.1503906,1.2798518,LCC-FASD external-dev / cross-domain stress set,True
YOUTUBE_MBP1314_IPHONE8B_id39_s1_30.png,1,VALID,1.515625,-0.92529297,-1.7753906,2.085082,LCC-FASD external-dev / cross-domain stress set,True
YOUTUBE_MBP1314_IPHONE8B_id39_s1_45.png,1,VALID,1.3681641,-0.34350586,-1.9804688,1.5338836,LCC-FASD external-dev / cross-domain stress set,True
YOUTUBE_MBP1314_IPHONE8B_id39_s1_60.png,1,VALID,1.3789062,-0.30126953,-2.0234375,1.515782,LCC-FASD external-dev / cross-domain stress set,True
YOUTUBE_MBP1314_IPHONE8B_id39_s1_75.png,1,VALID,1.3574219,-0.49365234,-1.8720703,1.6263504,LCC-FASD external-dev / cross-domain stress set,True
YOUTUBE_MBP1314_IPHONE8B_id39_s1_90.png,1,VALID,0.8339844,0.3869629,-1.8525391,0.34580913,LCC-FASD external-dev / cross-domain stress set,True
YOUTUBE_MBP1314_IPHONE8B_id39_s1_105.png,1,VALID,1.328125,-0.7236328,-1.7783203,1.7529123,LCC-FASD external-dev / cross-domain stress set,True
YOUTUBE_MBP1314_IPHONE8B_id39_s1_120.png,1,VALID,1.1728516,-0.2692871,-1.9912109,1.2777078,LCC-FASD external-dev / cross-domain stress set,True
YOUTUBE_MBP1314_IPHONE8B_id39_s1_135.png,1,VALID,1.4697266,-0.81884766,-1.9052734,1.9978316,LCC-FASD external-dev / cross-domain stress set,True
YOUTUBE_MBP1314_IPHONE8B_id42_s0_103.png,1,VALID,1.8759766,-1.9033203,-1.8242188,3.045817,LCC-FASD external-dev / cross-domain stress set,True
YOUTUBE_MBP1314_IPHONE8B_id42_s0_118.png,1,VALID,1.7529297,-2.0214844,-1.7255859,2.9224129,LCC-FASD external-dev / cross-domain stress set,True
YOUTUBE_MBP1314_IPHONE8B_id42_s0_133.png,1,VALID,1.8085938,-2.1679688,-1.7128906,3.0302095,LCC-FASD external-dev / cross-domain stress set,True
YOUTUBE_L5001EL_IPHONE6F_id43_s1_36.png,1,VALID,1.2792969,-0.92871094,-1.53125,1.7714188,LCC-FASD external-dev / cross-domain stress set,True
YOUTUBE_L5001EL_IPHONE6F_id43_s1_51.png,1,VALID,1.0253906,-0.5654297,-1.4550781,1.2466632,LCC-FASD external-dev / cross-domain stress set,True
YOUTUBE_L5001EL_IPHONE6F_id43_s1_66.png,1,VALID,1.3515625,-1.1298828,-1.5771484,1.9871309,LCC-FASD external-dev / cross-domain stress set,True
YOUTUBE_L5001EL_IPHONE6F_id43_s1_81.png,1,VALID,1.1376953,-0.8642578,-1.40625,1.5435234,LCC-FASD external-dev / cross-domain stress set,True
YOUTUBE_L5001EL_IPHONE6F_id43_s1_175.png,1,VALID,1.1083984,-0.7324219,-1.4355469,1.4386702,LCC-FASD external-dev / cross-domain stress set,True
YOUTUBE_LG58020157_DOOX5MP_id39_s0_15.png,1,VALID,0.31079102,0.2421875,-1.1601562,-0.15135074,LCC-FASD external-dev / cross-domain stress set,True
YOUTUBE_LG58020157_DOOX5MP_id39_s0_30.png,1,VALID,-0.7910156,0.78564453,-0.42285156,-1.8379824,LCC-FASD external-dev / cross-domain stress set,False
YOUTUBE_LG58020157_DOOX5MP_id43_s0_15.png,1,VALID,-1.0976562,1.6601562,-0.89697266,-2.8324811,LCC-FASD external-dev / cross-domain stress set,False
YOUTUBE_LG58020157_DOOX5MP_id43_s0_31.png,1,VALID,-0.6660156,0.78515625,-0.61572266,-1.6714154,LCC-FASD external-dev / cross-domain stress set,False
YOUTUBE_LG58020157_DOOX5MP_id43_s0_46.png,1,VALID,-0.5517578,1.0683594,-0.9892578,-1.7403488,LCC-FASD external-dev / cross-domain stress set,False
YOUTUBE_LG58020157_DOOX5MP_id43_s0_67.png,1,VALID,-0.7709961,1.2724609,-0.90527344,-2.1507838,LCC-FASD external-dev / cross-domain stress set,False
YOUTUBE_LG58020157_DOOX5MP_id43_s0_82.png,1,VALID,-0.31274414,0.6640625,-0.96191406,-1.1563907,LCC-FASD external-dev / cross-domain stress set,False
YOUTUBE_LG58020157_DOOX5MP_id43_s0_101.png,1,NO_VALID_FACE,,,,,LCC-FASD external-dev / cross-domain stress set,
YOUTUBE_LG58020157_DOOX5MP_id43_s1_15.png,1,VALID,-0.36328125,1.0800781,-0.90771484,-1.5717504,LCC-FASD external-dev / cross-domain stress set,False
YOUTUBE_LG58020157_DOOX5MP_id43_s1_30.png,1,VALID,-0.30126953,1.1923828,-1.1865234,-1.58226,LCC-FASD external-dev / cross-domain stress set,False
YOUTUBE_LG58020157_DOOX5MP_id43_s1_45.png,1,VALID,0.4411621,0.22106934,-1.1796875,-0.00017493963,LCC-FASD external-dev / cross-domain stress set,True
YOUTUBE_LG58020157_DOOX5MP_id43_s1_60.png,1,VALID,-0.55322266,0.6328125,-0.5605469,-1.4508587,LCC-FASD external-dev / cross-domain stress set,False
YOUTUBE_LG58020157_DOOX5MP_id43_s1_75.png,1,VALID,0.4206543,0.1928711,-1.2841797,0.02214396,LCC-FASD external-dev / cross-domain stress set,True
YOUTUBE_LG58020157_DOOX5MP_id48_s1_15.png,1,VALID,-0.21191406,0.32617188,-0.7739258,-0.82539684,LCC-FASD external-dev / cross-domain stress set,False
YOUTUBE_LG58020157_DOOX5MP_id48_s1_30.png,1,VALID,-0.95947266,1.3935547,-0.81884766,-2.4568806,LCC-FASD external-dev / cross-domain stress set,False
YOUTUBE_LG58020157_DOOX5MP_id48_s1_45.png,1,VALID,-1.0439453,0.66552734,-0.22595215,-2.0530968,LCC-FASD external-dev / cross-domain stress set,False
YOUTUBE_LG58020157_DOOX5MP_id48_s1_60.png,1,VALID,-1.2001953,1.6699219,-0.7348633,-2.9565563,LCC-FASD external-dev / cross-domain stress set,False
YOUTUBE_LG58020157_DOOX5MP_id48_s1_75.png,1,VALID,-0.7294922,1.4570312,-1.1386719,-2.2584658,LCC-FASD external-dev / cross-domain stress set,False
YOUTUBE_LG58020157_DOOX5MP_id48_s1_90.png,1,VALID,-0.33251953,0.57128906,-0.8930664,-1.1118197,LCC-FASD external-dev / cross-domain stress set,False
YOUTUBE_LG58020157_DOOX5MP_id48_s1_105.png,1,VALID,-0.9790039,1.5595703,-0.94873047,-2.6168365,LCC-FASD external-dev / cross-domain stress set,False
YOUTUBE_LG58020157_DOOX5MP_id48_s1_120.png,1,VALID,-0.65527344,0.8046875,-0.6777344,-1.6646041,LCC-FASD external-dev / cross-domain stress set,False
YOUTUBE_LG58020157_DOOX5MP_id48_s1_136.png,1,VALID,-1.203125,1.6806641,-0.90234375,-2.9566178,LCC-FASD external-dev / cross-domain stress set,False
YOUTUBE_LG58020157_LP770_id42_s0_15.png,1,VALID,1.2841797,-1.6533203,-0.98876953,1.8578608,LCC-FASD external-dev / cross-domain stress set,True
YOUTUBE_LG58020157_LP770_id42_s0_30.png,1,VALID,1.3496094,-1.4921875,-1.2070312,1.9959416,LCC-FASD external-dev / cross-domain stress set,True
YOUTUBE_LG58020157_LP770_id42_s0_45.png,1,VALID,1.5615234,-1.6445312,-1.3320312,2.3444998,LCC-FASD external-dev / cross-domain stress set,True
YOUTUBE_LG58020157_LP770_id42_s0_60.png,1,VALID,1.1259766,-1.3466797,-0.9785156,1.5785787,LCC-FASD external-dev / cross-domain stress set,True
YOUTUBE_LG58020157_LP770_id42_s0_75.png,1,VALID,1.2314453,-1.4638672,-1.0078125,1.748362,LCC-FASD external-dev / cross-domain stress set,True
YOUTUBE_LG58020157_LP770_id42_s0_90.png,1,VALID,0.99121094,-1.0947266,-1.0849609,1.3878956,LCC-FASD external-dev / cross-domain stress set,True
YOUTUBE_LGFE2240_SDGTS6102_id43_s0_36.png,1,VALID,-0.7753906,1.2734375,-0.7104492,-2.1776905,LCC-FASD external-dev / cross-domain stress set,False
YOUTUBE_LGFE2240_SDGTS6102_id43_s0_95.png,1,VALID,-0.12438965,-0.0024585724,-0.47680664,-0.6057702,LCC-FASD external-dev / cross-domain stress set,True
YOUTUBE_LGFE2240_SDGTS6102_id43_s0_124.png,1,VALID,-0.25634766,0.5957031,-0.8959961,-1.0549835,LCC-FASD external-dev / cross-domain stress set,False
YOUTUBE_LGFE2240_SDGTS6102_id48_s1_15.png,1,VALID,-0.47070312,0.17602539,-0.5473633,-1.0422144,LCC-FASD external-dev / cross-domain stress set,False
YOUTUBE_LGFE2240_SDGTS6102_id48_s1_32.png,1,VALID,-0.7607422,-1.2539062,1.1582031,-2.0047798,LCC-FASD external-dev / cross-domain stress set,False
YOUTUBE_LGFE2240_SDGTS6102_id48_s1_47.png,1,VALID,-0.18884277,-0.047302246,-0.5053711,-0.6316556,LCC-FASD external-dev / cross-domain stress set,False
YOUTUBE_LGFE2240_SDGTS6102_id48_s1_62.png,1,VALID,-0.2800293,0.11383057,-0.5800781,-0.7990712,LCC-FASD external-dev / cross-domain stress set,False
YOUTUBE_LGFE2240_SDGTS6102_id48_s1_77.png,1,VALID,-0.08544922,-0.5083008,-0.3166504,-0.370705,LCC-FASD external-dev / cross-domain stress set,True
YOUTUBE_LGFE2240_SDGTS6102_id48_s1_93.png,1,VALID,-0.32006836,0.01600647,-0.40576172,-0.84041107,LCC-FASD external-dev / cross-domain stress set,False
YOUTUBE_LGFE2240_SDGTS6102_id48_s1_108.png,1,VALID,-0.10864258,-0.32250977,-0.39086914,-0.4456843,LCC-FASD external-dev / cross-domain stress set,True
YOUTUBE_LGFE2240_SDGTS6102_id48_s1_124.png,1,VALID,0.05178833,-0.22216797,-0.734375,-0.19552955,LCC-FASD external-dev / cross-domain stress set,True
YOUTUBE_LGFE2240_SDGTS6102_id48_s1_140.png,1,VALID,0.4399414,-1.0703125,-0.40966797,0.43319222,LCC-FASD external-dev / cross-domain stress set,True
YOUTUBE_LGFE2240_SDGTS6102_id48_s1_155.png,1,VALID,-0.12841797,-0.79589844,0.08392334,-0.5593697,LCC-FASD external-dev / cross-domain stress set,True
YOUTUBE_LGFIPS235VBN_SMA500F_id39_s0_15.png,1,VALID,0.6020508,0.90966797,-1.9257812,-0.36465144,LCC-FASD external-dev / cross-domain stress set,True
YOUTUBE_LGFIPS235VBN_SMA500F_id39_s0_31.png,1,VALID,1.4589844,-0.09710693,-1.9306641,1.4078059,LCC-FASD external-dev / cross-domain stress set,True
YOUTUBE_LGFIPS235VBN_SMA500F_id39_s0_46.png,1,VALID,-0.47924805,1.6269531,-1.2568359,-2.160616,LCC-FASD external-dev / cross-domain stress set,False
YOUTUBE_LGFIPS235VBN_SMA500F_id43_s0_101.png,1,VALID,0.40966797,-1.0390625,-0.35961914,0.35923314,LCC-FASD external-dev / cross-domain stress set,True
YOUTUBE_LGFIPS235VBN_SMA500F_id43_s0_116.png,1,VALID,0.9736328,-0.5366211,-1.28125,1.1216567,LCC-FASD external-dev / cross-domain stress set,True
YOUTUBE_LGFIPS235VBN_SMA500F_id43_s0_131.png,1,VALID,0.14672852,-0.98291016,-0.16748047,-0.05213353,LCC-FASD external-dev / cross-domain stress set,True
YOUTUBE_IIYAMAXU_ZE520KL_id43_s0_36.png,1,VALID,-1.0195312,1.2646484,-0.39575195,-2.4581857,LCC-FASD external-dev / cross-domain stress set,False
YOUTUBE_IIYAMAXU_ZE520KL_id43_s0_52.png,1,VALID,-1.234375,2.3535156,-1.0048828,-3.62209,LCC-FASD external-dev / cross-domain stress set,False
YOUTUBE_IIYAMAXU_ZE520KL_id43_s0_133.png,1,VALID,-0.45458984,0.28710938,-0.33496094,-1.1714222,LCC-FASD external-dev / cross-domain stress set,False
YOUTUBE_IIYAMAXU_ZE520KL_id43_s0_158.png,1,VALID,-0.5151367,-0.69628906,0.5317383,-1.3037394,LCC-FASD external-dev / cross-domain stress set,False
YOUTUBE_IIYAMAXU_ZE520KL_id43_s0_173.png,1,VALID,-0.22509766,0.043914795,-0.27148438,-0.81684345,LCC-FASD external-dev / cross-domain stress set,False
YOUTUBE_IIYAMAXU_ZE520KL_id43_s0_193.png,1,VALID,0.78564453,0.50390625,-1.9394531,0.19843763,LCC-FASD external-dev / cross-domain stress set,True
YOUTUBE_IIYAMAXU_ZE520KL_id43_s0_214.png,1,VALID,-0.008972168,0.05935669,-0.7011719,-0.4518341,LCC-FASD external-dev / cross-domain stress set,True
YOUTUBE_IIYAMAXU_ZE520KL_id43_s1_17.png,1,VALID,0.9970703,-0.8833008,-1.1972656,1.3319349,LCC-FASD external-dev / cross-domain stress set,True
YOUTUBE_IIYAMAXU_ZE520KL_id43_s1_34.png,1,VALID,0.9116211,-0.23620605,-1.3359375,0.86042476,LCC-FASD external-dev / cross-domain stress set,True
YOUTUBE_IIYAMAXU_ZE520KL_id43_s1_72.png,1,VALID,1.2333984,-0.97265625,-1.3095703,1.6672423,LCC-FASD external-dev / cross-domain stress set,True
YOUTUBE_IIYAMAXU_ZE520KL_id43_s1_87.png,1,VALID,-0.038757324,0.48120117,-0.8222656,-0.7602255,LCC-FASD external-dev / cross-domain stress set,False
YOUTUBE_IIYAMAXU_ZE520KL_id43_s1_114.png,1,VALID,0.41015625,0.42016602,-1.3681641,-0.16465104,LCC-FASD external-dev / cross-domain stress set,True
YOUTUBE_IIYAMAXU_ZE520KL_id43_s1_129.png,1,VALID,0.4555664,-0.5810547,-0.67285156,0.38831937,LCC-FASD external-dev / cross-domain stress set,True
YOUTUBE_IIYAMAXU_ZE520KL_id43_s1_144.png,1,VALID,0.58496094,-0.20825195,-1.1455078,0.462686,LCC-FASD external-dev / cross-domain stress set,True
YOUTUBE_IIYAMAXU_ZE520KL_id43_s1_159.png,1,VALID,0.60302734,-0.35424805,-1.0117188,0.5397761,LCC-FASD external-dev / cross-domain stress set,True
YOUTUBE_IIYAMAXU_ZE520KL_id48_s1_15.png,1,VALID,1.4628906,-2.2636719,-1.2128906,2.3759253,LCC-FASD external-dev / cross-domain stress set,True
YOUTUBE_IIYAMAXU_ZE520KL_id48_s1_30.png,1,VALID,-0.23364258,-1.5546875,0.5859375,-0.9307469,LCC-FASD external-dev / cross-domain stress set,False
YOUTUBE_IIYAMAXU_ZE520KL_id48_s1_45.png,1,VALID,0.29663086,-1.4384766,-0.24780273,0.27898458,LCC-FASD external-dev / cross-domain stress set,True
YOUTUBE_IIYAMAXU_ZE520KL_id48_s1_60.png,1,VALID,-0.080322266,-0.4494629,-0.4453125,-0.3260839,LCC-FASD external-dev / cross-domain stress set,True
YOUTUBE_IIYAMAXU_ZE520KL_id48_s1_75.png,1,VALID,0.09326172,-1.0322266,-0.09301758,-0.1436983,LCC-FASD external-dev / cross-domain stress set,True
YOUTUBE_IIYAMAXU_ZE520KL_id48_s1_95.png,1,VALID,-1.234375,-0.93603516,1.4541016,-2.7761369,LCC-FASD external-dev / cross-domain stress set,False
YOUTUBE_IIYAMAXU_ZE520KL_id48_s1_110.png,1,VALID,-1.0185547,0.58691406,0.0110321045,-2.0515695,LCC-FASD external-dev / cross-domain stress set,False
YOUTUBE_IIYAMAXU_ZE520KL_id48_s1_125.png,1,VALID,-0.5083008,0.91064453,-0.68847656,-1.6029937,LCC-FASD external-dev / cross-domain stress set,False
YOUTUBE_IIYAMAXU_ZE520KL_id48_s1_140.png,1,VALID,-0.05545044,-0.5732422,-0.25097656,-0.3494143,LCC-FASD external-dev / cross-domain stress set,True
YOUTUBE_IIYAMAXU_ZE520KL_id48_s1_155.png,1,VALID,0.10662842,-0.91796875,-0.019744873,-0.21529427,LCC-FASD external-dev / cross-domain stress set,True
YOUTUBE_L1752S_SGS4M_id48_s0_15.png,1,VALID,-1.3271484,1.1337891,-0.039367676,-2.7304978,LCC-FASD external-dev / cross-domain stress set,False
YOUTUBE_L1752S_SGS4M_id48_s0_30.png,1,VALID,-1.4726562,1.4248047,-0.07891846,-3.098196,LCC-FASD external-dev / cross-domain stress set,False
YOUTUBE_L1752S_SGS4M_id48_s0_45.png,1,VALID,-1.5439453,1.3173828,0.016586304,-3.1021662,LCC-FASD external-dev / cross-domain stress set,False
YOUTUBE_L1752S_SGS4M_id48_s0_60.png,1,VALID,-1.2636719,1.3115234,-0.16564941,-2.7808118,LCC-FASD external-dev / cross-domain stress set,False
YOUTUBE_L1752S_SGS4M_id48_s0_75.png,1,VALID,-1.4394531,1.5878906,-0.16320801,-3.1874053,LCC-FASD external-dev / cross-domain stress set,False
YOUTUBE_L1752S_SGS4M_id48_s0_90.png,1,VALID,-1.5292969,1.7949219,-0.15734863,-3.4569573,LCC-FASD external-dev / cross-domain stress set,False
YOUTUBE_L1752S_SGS4M_id48_s0_105.png,1,VALID,-1.6132812,1.9638672,-0.33642578,-3.6726673,LCC-FASD external-dev / cross-domain stress set,False
YOUTUBE_L1752S_SGS4M_id48_s0_120.png,1,VALID,-1.4189453,1.4277344,-0.07800293,-3.0470488,LCC-FASD external-dev / cross-domain stress set,False
YOUTUBE_L1752S_SGS4M_id48_s0_135.png,1,VALID,-1.4345703,1.4033203,-0.05532837,-3.046976,LCC-FASD external-dev / cross-domain stress set,False
YOUTUBE_L1752S_SGS4M_id48_s0_150.png,1,VALID,-1.2226562,1.2988281,-0.21936035,-2.7196043,LCC-FASD external-dev / cross-domain stress set,False
YOUTUBE_L5001EL_IPHONE6F_id43_s0_15.png,1,VALID,-0.58740234,1.4140625,-0.86035156,-2.099369,LCC-FASD external-dev / cross-domain stress set,False
YOUTUBE_L5001EL_IPHONE6F_id43_s0_30.png,1,VALID,-0.60058594,1.3564453,-0.90771484,-2.0558963,LCC-FASD external-dev / cross-domain stress set,False
YOUTUBE_L5001EL_IPHONE6F_id43_s0_48.png,1,VALID,-0.93408203,1.78125,-0.8276367,-2.786365,LCC-FASD external-dev / cross-domain stress set,False
YOUTUBE_L5001EL_IPHONE6F_id43_s0_66.png,1,VALID,-0.4555664,1.1259766,-0.8876953,-1.706851,LCC-FASD external-dev / cross-domain stress set,False
YOUTUBE_L5001EL_IPHONE6F_id43_s0_82.png,1,VALID,-0.7338867,1.109375,-0.5332031,-2.0201356,LCC-FASD external-dev / cross-domain stress set,False
YOUTUBE_L5001EL_IPHONE6F_id43_s0_98.png,1,VALID,-0.59765625,1.0029297,-0.578125,-1.7876943,LCC-FASD external-dev / cross-domain stress set,False
YOUTUBE_L5001EL_IPHONE6F_id43_s0_121.png,1,VALID,-0.6557617,1.3154297,-0.7915039,-2.0859568,LCC-FASD external-dev / cross-domain stress set,False
YOUTUBE_L5001EL_IPHONE6F_id43_s0_136.png,1,VALID,-0.034057617,0.61328125,-0.89501953,-0.847243,LCC-FASD external-dev / cross-domain stress set,False
YOUTUBE_L5001EL_IPHONE6F_id43_s0_151.png,1,VALID,0.26635742,0.028060913,-0.83154297,-0.11470249,LCC-FASD external-dev / cross-domain stress set,True
YOUTUBE_L5001EL_IPHONE6F_id43_s0_166.png,1,VALID,-0.34521484,0.89208984,-0.9042969,-1.3907957,LCC-FASD external-dev / cross-domain stress set,False
YOUTUBE_L5001EL_IPHONE6F_id43_s1_15.png,1,VALID,1.3525391,-1.1035156,-1.4921875,1.9384779,LCC-FASD external-dev / cross-domain stress set,True
YOUTUBE_L5001EL_IPHONE6F_id43_s1_104.png,1,VALID,1.4667969,-1.2373047,-1.6865234,2.2105484,LCC-FASD external-dev / cross-domain stress set,True
YOUTUBE_L5001EL_IPHONE6F_id43_s1_119.png,1,VALID,1.6708984,-1.4980469,-1.8222656,2.624825,LCC-FASD external-dev / cross-domain stress set,True
YOUTUBE_L5001EL_IPHONE6F_id43_s1_134.png,1,VALID,1.4775391,-1.1083984,-1.7919922,2.1772778,LCC-FASD external-dev / cross-domain stress set,True
YOUTUBE_L5001EL_IPHONE6F_id43_s1_149.png,1,VALID,1.7802734,-1.4804688,-1.7832031,2.7075496,LCC-FASD external-dev / cross-domain stress set,True
YOUTUBE_IIYAMAXU_SMG955U_S0_id48_s1_30.png,1,VALID,-1.0234375,1.8037109,-0.8828125,-2.8930461,LCC-FASD external-dev / cross-domain stress set,False
YOUTUBE_IIYAMAXU_SMG955U_S0_id48_s1_45.png,1,VALID,-1.1171875,2.2871094,-1.0263672,-3.4400399,LCC-FASD external-dev / cross-domain stress set,False
YOUTUBE_IIYAMAXU_SMG955U_S0_id48_s1_60.png,1,VALID,-1.3974609,2.1464844,-0.5854492,-3.6070077,LCC-FASD external-dev / cross-domain stress set,False
YOUTUBE_IIYAMAXU_SMG955U_S0_id48_s1_77.png,1,VALID,-1.9179688,1.4941406,0.5761719,-3.7481027,LCC-FASD external-dev / cross-domain stress set,False
YOUTUBE_IIYAMAXU_SMG955U_S0_id48_s1_92.png,1,VALID,-1.3515625,2.3007812,-0.7583008,-3.6982067,LCC-FASD external-dev / cross-domain stress set,False
YOUTUBE_IIYAMAXU_SMG955U_S1_id48_s0_15.png,1,VALID,-1.2597656,2.8320312,-1.0380859,-4.112438,LCC-FASD external-dev / cross-domain stress set,False
YOUTUBE_IIYAMAXU_SMG955U_S1_id48_s0_30.png,1,VALID,-1.2089844,2.7148438,-1.1357422,-3.9448724,LCC-FASD external-dev / cross-domain stress set,False
YOUTUBE_IIYAMAXU_SMG955U_S1_id48_s0_45.png,1,VALID,-1.21875,1.8779297,-0.51171875,-3.184381,LCC-FASD external-dev / cross-domain stress set,False
YOUTUBE_IIYAMAXU_SMG955U_S1_id48_s0_60.png,1,VALID,-1.4365234,1.9414062,-0.3623047,-3.4731376,LCC-FASD external-dev / cross-domain stress set,False
YOUTUBE_IIYAMAXU_SMG955U_S1_id48_s0_75.png,1,VALID,-1.4521484,2.1757812,-0.5107422,-3.6938274,LCC-FASD external-dev / cross-domain stress set,False
YOUTUBE_IIYAMAXU_SMG955U_S1_id48_s0_90.png,1,VALID,-1.296875,2.4140625,-0.9199219,-3.7459674,LCC-FASD external-dev / cross-domain stress set,False
YOUTUBE_IIYAMAXU_SMG955U_S1_id48_s0_105.png,1,VALID,-1.2431641,1.7011719,-0.3918457,-3.0606196,LCC-FASD external-dev / cross-domain stress set,False
YOUTUBE_IIYAMAXU_SMG955U_S1_id48_s0_120.png,1,VALID,-1.2929688,2.0527344,-0.5605469,-3.4164352,LCC-FASD external-dev / cross-domain stress set,False
YOUTUBE_IIYAMAXU_SMG955U_S1_id48_s0_135.png,1,VALID,-1.0888672,2.1152344,-0.8613281,-3.253813,LCC-FASD external-dev / cross-domain stress set,False
YOUTUBE_IIYAMAXU_SMG955U_S1_id48_s0_150.png,1,VALID,-1.3740234,2.3222656,-0.75146484,-3.7415,LCC-FASD external-dev / cross-domain stress set,False
YOUTUBE_IIYAMAXU_SMG955U_S1_id48_s1_15.png,1,VALID,-0.81933594,0.45410156,0.040802002,-1.7811368,LCC-FASD external-dev / cross-domain stress set,False
YOUTUBE_IIYAMAXU_SMG955U_S1_id48_s1_30.png,1,VALID,-0.9921875,1.9228516,-0.84033203,-2.9762192,LCC-FASD external-dev / cross-domain stress set,False
YOUTUBE_IIYAMAXU_SMG955U_S1_id48_s1_45.png,1,VALID,-1.0449219,2.15625,-1.0,-3.242875,LCC-FASD external-dev / cross-domain stress set,False
YOUTUBE_IIYAMAXU_SMG955U_S1_id48_s1_60.png,1,VALID,-1.4101562,2.625,-0.95214844,-4.062728,LCC-FASD external-dev / cross-domain stress set,False
YOUTUBE_IIYAMAXU_SMG955U_S1_id48_s1_75.png,1,VALID,-1.9462891,0.13244629,1.5205078,-3.689587,LCC-FASD external-dev / cross-domain stress set,False
YOUTUBE_IIYAMAXU_SMG955U_S1_id48_s1_90.png,1,VALID,-1.6513672,1.328125,0.2902832,-3.2827168,LCC-FASD external-dev / cross-domain stress set,False
YOUTUBE_IIYAMAXU_SMG955U_S1_id48_s1_105.png,1,VALID,-1.4052734,2.5332031,-0.82910156,-3.972545,LCC-FASD external-dev / cross-domain stress set,False
YOUTUBE_IIYAMAXU_SMG955U_S1_id48_s1_120.png,1,VALID,-1.6992188,2.2363281,-0.33496094,-4.0092034,LCC-FASD external-dev / cross-domain stress set,False
YOUTUBE_IIYAMAXU_SMG955U_S1_id48_s1_135.png,1,VALID,-0.87060547,0.5908203,0.02835083,-1.912374,LCC-FASD external-dev / cross-domain stress set,False
YOUTUBE_IIYAMAXU_SMG955U_S1_id48_s1_150.png,1,VALID,-1.5761719,2.3066406,-0.56347656,-3.937956,LCC-FASD external-dev / cross-domain stress set,False
YOUTUBE_IIYAMAXU_SMJ710FN_id29_s0_15.png,1,VALID,-1.0820312,2.1582031,-0.8618164,-3.2878811,LCC-FASD external-dev / cross-domain stress set,False
YOUTUBE_IIYAMAXU_SMJ710FN_id29_s0_30.png,1,VALID,-1.1611328,2.4882812,-1.0146484,-3.6790788,LCC-FASD external-dev / cross-domain stress set,False
YOUTUBE_IIYAMAXU_SMJ710FN_id29_s0_45.png,1,VALID,-1.0830078,2.421875,-1.0419922,-3.535711,LCC-FASD external-dev / cross-domain stress set,False
YOUTUBE_IIYAMAXU_SMJ710FN_id29_s0_60.png,1,VALID,-1.0302734,2.2441406,-0.9394531,-3.315015,LCC-FASD external-dev / cross-domain stress set,False
YOUTUBE_IIYAMAXU_SMJ710FN_id29_s0_75.png,1,VALID,-1.1386719,2.4101562,-1.0,-3.58133,LCC-FASD external-dev / cross-domain stress set,False
YOUTUBE_IIYAMAXU_SMJ710FN_id29_s0_90.png,1,VALID,-1.0166016,2.4511719,-1.1494141,-3.494715,LCC-FASD external-dev / cross-domain stress set,False
YOUTUBE_IIYAMAXU_SMJ710FN_id29_s0_105.png,1,VALID,-1.0732422,2.4667969,-1.203125,-3.5651984,LCC-FASD external-dev / cross-domain stress set,False
YOUTUBE_IIYAMAXU_SMJ710FN_id29_s0_120.png,1,VALID,-1.0625,2.3886719,-1.0791016,-3.4818819,LCC-FASD external-dev / cross-domain stress set,False
YOUTUBE_IIYAMAXU_SMJ710FN_id29_s0_135.png,1,VALID,-1.0253906,2.3847656,-1.1513672,-3.438866,LCC-FASD external-dev / cross-domain stress set,False
YOUTUBE_IIYAMAXU_ZE520KL_id39_s0_16.png,1,VALID,0.15209961,1.5683594,-1.7744141,-1.4509884,LCC-FASD external-dev / cross-domain stress set,False
YOUTUBE_IIYAMAXU_ZE520KL_id39_s0_36.png,1,VALID,0.41381836,1.0654297,-1.6855469,-0.7135203,LCC-FASD external-dev / cross-domain stress set,False
YOUTUBE_IIYAMAXU_ZE520KL_id39_s0_51.png,1,VALID,-0.90527344,1.7675781,-0.90185547,-2.7398477,LCC-FASD external-dev / cross-domain stress set,False
YOUTUBE_IIYAMAXU_ZE520KL_id39_s0_81.png,1,VALID,-0.2055664,1.7421875,-1.6542969,-1.9806961,LCC-FASD external-dev / cross-domain stress set,False
YOUTUBE_IIYAMAXU_ZE520KL_id39_s0_213.png,1,VALID,1.3847656,-0.7182617,-1.7392578,1.7953691,LCC-FASD external-dev / cross-domain stress set,True
YOUTUBE_IIYAMAXU_ZE520KL_id39_s0_311.png,1,VALID,2.0058594,-1.9287109,-1.4199219,2.9550133,LCC-FASD external-dev / cross-domain stress set,True
YOUTUBE_IIYAMAXU_ZE520KL_id39_s0_334.png,1,VALID,0.1340332,-1.25,0.29052734,-0.35063565,LCC-FASD external-dev / cross-domain stress set,True
YOUTUBE_IIYAMAXU_ZE520KL_id39_s0_367.png,1,VALID,0.052978516,-0.7919922,-0.19104004,-0.1931321,LCC-FASD external-dev / cross-domain stress set,True
YOUTUBE_IIYAMAXU_ZE520KL_id43_s0_109.png,1,VALID,-1.2304688,1.5605469,-0.41308594,-2.9211235,LCC-FASD external-dev / cross-domain stress set,False
YOUTUBE_IIYAMAXU_SMG955U_S0_id39_s0_32.png,1,VALID,-1.1708984,2.6875,-1.2099609,-3.8784885,LCC-FASD external-dev / cross-domain stress set,False
YOUTUBE_IIYAMAXU_SMG955U_S0_id43_s0_23.png,1,VALID,-1.4277344,1.7919922,-0.3010254,-3.3360102,LCC-FASD external-dev / cross-domain stress set,False
YOUTUBE_IIYAMAXU_SMG955U_S0_id43_s0_45.png,1,VALID,-1.2285156,1.9179688,-0.75146484,-3.2134805,LCC-FASD external-dev / cross-domain stress set,False
YOUTUBE_IIYAMAXU_SMG955U_S0_id43_s0_101.png,1,VALID,-1.234375,1.9648438,-0.73828125,-3.2640657,LCC-FASD external-dev / cross-domain stress set,False
YOUTUBE_IIYAMAXU_SMG955U_S0_id43_s0_116.png,1,VALID,-1.1376953,1.8105469,-0.6879883,-3.0272431,LCC-FASD external-dev / cross-domain stress set,False
YOUTUBE_IIYAMAXU_SMG955U_S0_id43_s0_131.png,1,VALID,-1.5800781,2.3652344,-0.6591797,-3.9927554,LCC-FASD external-dev / cross-domain stress set,False
YOUTUBE_IIYAMAXU_SMG955U_S0_id43_s0_146.png,1,VALID,-1.4638672,2.4667969,-0.8222656,-3.9672744,LCC-FASD external-dev / cross-domain stress set,False
YOUTUBE_IIYAMAXU_SMG955U_S0_id43_s0_161.png,1,VALID,-1.4648438,2.4257812,-0.7426758,-3.9318326,LCC-FASD external-dev / cross-domain stress set,False
YOUTUBE_IIYAMAXU_SMG955U_S0_id43_s0_187.png,1,VALID,-0.9995117,1.8818359,-0.9213867,-2.940196,LCC-FASD external-dev / cross-domain stress set,False
YOUTUBE_IIYAMAXU_SMG955U_S0_id43_s0_204.png,1,VALID,-1.0273438,1.6923828,-0.8886719,-2.7926927,LCC-FASD external-dev / cross-domain stress set,False
YOUTUBE_IIYAMAXU_SMG955U_S0_id43_s1_16.png,1,VALID,-0.86376953,2.2910156,-1.1972656,-3.184881,LCC-FASD external-dev / cross-domain stress set,False
YOUTUBE_IIYAMAXU_SMG955U_S0_id43_s1_44.png,1,VALID,-1.1162109,2.3886719,-1.0292969,-3.537136,LCC-FASD external-dev / cross-domain stress set,False
YOUTUBE_IIYAMAXU_SMG955U_S0_id43_s1_59.png,1,VALID,-1.1572266,2.1425781,-0.6401367,-3.3598366,LCC-FASD external-dev / cross-domain stress set,False
YOUTUBE_IIYAMAXU_SMG955U_S0_id43_s1_74.png,1,VALID,-0.7836914,2.1464844,-1.1835938,-2.9653406,LCC-FASD external-dev / cross-domain stress set,False
YOUTUBE_IIYAMAXU_SMG955U_S0_id43_s1_98.png,1,VALID,-0.82177734,2.1914062,-1.2128906,-3.0458736,LCC-FASD external-dev / cross-domain stress set,False
YOUTUBE_IIYAMAXU_SMG955U_S0_id43_s1_113.png,1,VALID,-1.0292969,2.1171875,-0.81640625,-3.1983228,LCC-FASD external-dev / cross-domain stress set,False
YOUTUBE_IIYAMAXU_SMG955U_S0_id43_s1_129.png,1,VALID,-0.68652344,2.1308594,-1.2158203,-2.8519785,LCC-FASD external-dev / cross-domain stress set,False
YOUTUBE_IIYAMAXU_SMG955U_S0_id43_s1_144.png,1,VALID,-1.3242188,2.40625,-0.75439453,-3.771993,LCC-FASD external-dev / cross-domain stress set,False
YOUTUBE_IIYAMAXU_SMG955U_S0_id48_s0_15.png,1,VALID,-1.1201172,2.5898438,-1.125,-3.734028,LCC-FASD external-dev / cross-domain stress set,False
YOUTUBE_IIYAMAXU_SMG955U_S0_id48_s0_30.png,1,VALID,-1.1806641,2.84375,-1.2714844,-4.0406046,LCC-FASD external-dev / cross-domain stress set,False
YOUTUBE_IIYAMAXU_SMG955U_S0_id48_s0_45.png,1,VALID,-1.4160156,2.7460938,-0.95166016,-4.1865864,LCC-FASD external-dev / cross-domain stress set,False
YOUTUBE_IIYAMAXU_SMG955U_S0_id48_s0_60.png,1,VALID,-1.4755859,2.8671875,-1.0195312,-4.363078,LCC-FASD external-dev / cross-domain stress set,False
YOUTUBE_IIYAMAXU_SMG955U_S0_id48_s0_75.png,1,VALID,-1.5566406,2.7675781,-0.8676758,-4.350254,LCC-FASD external-dev / cross-domain stress set,False
YOUTUBE_IIYAMAXU_SMG955U_S0_id48_s0_90.png,1,VALID,-1.484375,2.9335938,-1.0527344,-4.436366,LCC-FASD external-dev / cross-domain stress set,False
YOUTUBE_IIYAMAXU_SMG955U_S0_id48_s0_105.png,1,VALID,-1.3916016,2.9257812,-1.1728516,-4.3338423,LCC-FASD external-dev / cross-domain stress set,False
YOUTUBE_IIYAMAXU_SMG955U_S0_id48_s0_120.png,1,VALID,-1.6162109,2.8886719,-0.83984375,-4.5286274,LCC-FASD external-dev / cross-domain stress set,False
YOUTUBE_IIYAMAXU_SMG955U_S0_id48_s0_135.png,1,VALID,-1.3701172,2.8378906,-1.171875,-4.2259827,LCC-FASD external-dev / cross-domain stress set,False
YOUTUBE_IIYAMAXU_SMG955U_S0_id48_s0_150.png,1,VALID,-1.53125,3.046875,-1.0771484,-4.594175,LCC-FASD external-dev / cross-domain stress set,False
YOUTUBE_IIYAMAXU_SMG955U_S0_id48_s1_15.png,1,VALID,-0.9291992,1.5771484,-0.5878906,-2.6149738,LCC-FASD external-dev / cross-domain stress set,False
YOUTUBE_IIYAMAXU_SMG955U_S0_id48_s1_107.png,1,VALID,-1.3427734,2.2050781,-0.7011719,-3.6010892,LCC-FASD external-dev / cross-domain stress set,False
YOUTUBE_IIYAMAXU_SMG955U_S0_id48_s1_122.png,1,VALID,-1.5498047,2.3457031,-0.34350586,-3.9612343,LCC-FASD external-dev / cross-domain stress set,False
YOUTUBE_IIYAMAXU_SMG955U_S0_id48_s1_137.png,1,VALID,-1.0605469,2.1445312,-0.8959961,-3.25178,LCC-FASD external-dev / cross-domain stress set,False
YOUTUBE_IIYAMAXU_SMG955U_S0_id48_s1_152.png,1,VALID,-1.3701172,2.484375,-0.8647461,-3.889005,LCC-FASD external-dev / cross-domain stress set,False
YOUTUBE_IIYAMAXU_MOTOMC_S1_id39_s0_33.png,1,VALID,-0.1998291,0.24963379,-0.6015625,-0.8049699,LCC-FASD external-dev / cross-domain stress set,False
YOUTUBE_IIYAMAXU_MOTOMC_S1_id39_s1_15.png,1,VALID,0.23718262,0.3515625,-1.0820312,-0.3282408,LCC-FASD external-dev / cross-domain stress set,True
YOUTUBE_IIYAMAXU_MOTOMC_S1_id39_s1_30.png,1,VALID,0.43920898,0.23083496,-1.2617188,0.0055982172,LCC-FASD external-dev / cross-domain stress set,True
YOUTUBE_IIYAMAXU_MOTOMC_S1_id39_s1_45.png,1,VALID,0.49682617,0.03756714,-1.2158203,0.20808333,LCC-FASD external-dev / cross-domain stress set,True
YOUTUBE_IIYAMAXU_MOTOMC_S1_id39_s1_60.png,1,VALID,-0.37280273,1.2753906,-1.1650391,-1.7317284,LCC-FASD external-dev / cross-domain stress set,False
YOUTUBE_IIYAMAXU_MOTOMC_S1_id39_s1_75.png,1,VALID,0.7006836,-0.20373535,-1.5009766,0.662819,LCC-FASD external-dev / cross-domain stress set,True
YOUTUBE_IIYAMAXU_MOTOMC_S1_id39_s1_90.png,1,VALID,0.7626953,-0.029830933,-1.6269531,0.6081415,LCC-FASD external-dev / cross-domain stress set,True
YOUTUBE_IIYAMAXU_MOTOMC_S1_id42_s0_17.png,1,VALID,1.5849609,-1.3671875,-1.5966797,2.3671784,LCC-FASD external-dev / cross-domain stress set,True
YOUTUBE_IIYAMAXU_MOTOMC_S1_id42_s0_36.png,1,VALID,1.6171875,-1.4648438,-1.5019531,2.4072666,LCC-FASD external-dev / cross-domain stress set,True
YOUTUBE_IIYAMAXU_MOTOMC_S1_id42_s0_51.png,1,VALID,1.5644531,-1.3427734,-1.6923828,2.373683,LCC-FASD external-dev / cross-domain stress set,True
YOUTUBE_IIYAMAXU_MOTOMC_S1_id42_s0_66.png,1,VALID,1.3300781,-0.9663086,-1.6201172,1.8776361,LCC-FASD external-dev / cross-domain stress set,True
YOUTUBE_IIYAMAXU_MOTOMC_S1_id42_s0_81.png,1,VALID,1.5214844,-1.2695312,-1.7412109,2.306152,LCC-FASD external-dev / cross-domain stress set,True
YOUTUBE_IIYAMAXU_MOTOMC_S1_id42_s0_96.png,1,VALID,1.5361328,-1.3935547,-1.6152344,2.34125,LCC-FASD external-dev / cross-domain stress set,True
YOUTUBE_IIYAMAXU_MOTOMC_S1_id42_s0_111.png,1,VALID,1.4472656,-1.2763672,-1.6357422,2.1941154,LCC-FASD external-dev / cross-domain stress set,True
YOUTUBE_IIYAMAXU_MOTOMC_S1_id42_s0_126.png,1,VALID,1.6894531,-1.3544922,-1.8476562,2.567282,LCC-FASD external-dev / cross-domain stress set,True
YOUTUBE_IIYAMAXU_MOTOMC_S1_id42_s0_141.png,1,VALID,1.2988281,-1.1494141,-1.5019531,1.9159088,LCC-FASD external-dev / cross-domain stress set,True
YOUTUBE_IIYAMAXU_MOTOMC_S1_id42_s0_156.png,1,VALID,1.3554688,-1.0722656,-1.5976562,1.9631678,LCC-FASD external-dev / cross-domain stress set,True
YOUTUBE_IIYAMAXU_MOTOMC_S1_id43_s0_15.png,1,VALID,0.68359375,-0.7651367,-0.8486328,0.79646015,LCC-FASD external-dev / cross-domain stress set,True
YOUTUBE_IIYAMAXU_MOTOMC_S1_id43_s0_30.png,1,VALID,0.43066406,-0.5986328,-0.80029297,0.43190497,LCC-FASD external-dev / cross-domain stress set,True
YOUTUBE_IIYAMAXU_MOTOMC_S1_id43_s0_45.png,1,VALID,0.4345703,-0.8383789,-0.49731445,0.3947991,LCC-FASD external-dev / cross-domain stress set,True
YOUTUBE_IIYAMAXU_MOTOMC_S1_id43_s0_63.png,1,VALID,0.796875,-0.9682617,-0.8178711,0.99396974,LCC-FASD external-dev / cross-domain stress set,True
YOUTUBE_IIYAMAXU_MOTOMC_S1_id43_s0_78.png,1,VALID,-0.44970703,0.87890625,-0.84521484,-1.4927112,LCC-FASD external-dev / cross-domain stress set,False
YOUTUBE_IIYAMAXU_MOTOMC_S1_id43_s0_93.png,1,VALID,0.51904297,-0.890625,-0.6347656,0.5804303,LCC-FASD external-dev / cross-domain stress set,True
YOUTUBE_IIYAMAXU_MOTOMC_S1_id43_s0_108.png,1,VALID,0.031402588,0.53222656,-1.0185547,-0.69316375,LCC-FASD external-dev / cross-domain stress set,False
YOUTUBE_IIYAMAXU_MOTOMC_S1_id43_s0_133.png,1,VALID,1.3789062,-1.3115234,-1.1269531,1.9007452,LCC-FASD external-dev / cross-domain stress set,True
YOUTUBE_IIYAMAXU_MOTOMC_S1_id43_s1_15.png,1,VALID,1.2998047,-0.75097656,-1.4697266,1.6537778,LCC-FASD external-dev / cross-domain stress set,True
YOUTUBE_IIYAMAXU_MOTOMC_S1_id43_s1_30.png,1,VALID,0.92822266,-0.6894531,-1.1064453,1.111445,LCC-FASD external-dev / cross-domain stress set,True
YOUTUBE_IIYAMAXU_MOTOMC_S1_id43_s1_45.png,1,VALID,1.7099609,-1.4140625,-1.6552734,2.5442264,LCC-FASD external-dev / cross-domain stress set,True
YOUTUBE_IIYAMAXU_MOTOMC_S1_id43_s1_60.png,1,VALID,1.1962891,-1.328125,-1.0458984,1.6802299,LCC-FASD external-dev / cross-domain stress set,True
YOUTUBE_IIYAMAXU_MOTOMC_S1_id43_s1_75.png,1,VALID,0.77197266,-0.7294922,-0.98779297,0.9291512,LCC-FASD external-dev / cross-domain stress set,True
YOUTUBE_IIYAMAXU_MOTOMC_S1_id43_s1_90.png,1,VALID,1.4931641,-1.9667969,-1.2636719,2.3546858,LCC-FASD external-dev / cross-domain stress set,True
YOUTUBE_IIYAMAXU_MOTOMC_S1_id43_s1_105.png,1,VALID,0.64941406,-0.5839844,-0.9716797,0.7154269,LCC-FASD external-dev / cross-domain stress set,True
YOUTUBE_IIYAMAXU_MOTOMC_S1_id48_s0_15.png,1,VALID,-1.6464844,2.2792969,-0.51708984,-3.9850216,LCC-FASD external-dev / cross-domain stress set,False
YOUTUBE_IIYAMAXU_MOTOMC_S1_id48_s0_30.png,1,VALID,-1.3632812,2.0585938,-0.63671875,-3.4872146,LCC-FASD external-dev / cross-domain stress set,False
YOUTUBE_IIYAMAXU_MOTOMC_S1_id48_s0_45.png,1,VALID,-0.81103516,0.83691406,-0.40478516,-1.9017328,LCC-FASD external-dev / cross-domain stress set,False
YOUTUBE_IIYAMAXU_MOTOMC_S1_id48_s0_60.png,1,VALID,-0.9868164,2.2460938,-1.21875,-3.2637088,LCC-FASD external-dev / cross-domain stress set,False
YOUTUBE_IIYAMAXU_MOTOMC_S1_id48_s0_75.png,1,VALID,-0.9248047,1.921875,-1.0195312,-2.898125,LCC-FASD external-dev / cross-domain stress set,False
YOUTUBE_IIYAMAXU_MOTOMC_S1_id48_s0_90.png,1,VALID,-0.8364258,1.9208984,-1.1455078,-2.8028598,LCC-FASD external-dev / cross-domain stress set,False
YOUTUBE_IIYAMAXU_MOTOMC_S1_id48_s0_105.png,1,VALID,-0.98779297,2.1152344,-1.1416016,-3.1408143,LCC-FASD external-dev / cross-domain stress set,False
YOUTUBE_IIYAMAXU_MOTOMC_S1_id48_s0_120.png,1,VALID,-0.22351074,1.1152344,-1.1943359,-1.4334223,LCC-FASD external-dev / cross-domain stress set,False
YOUTUBE_IIYAMAXU_MOTOMC_S1_id48_s0_135.png,1,VALID,-0.77001953,1.6484375,-0.94873047,-2.4902978,LCC-FASD external-dev / cross-domain stress set,False
YOUTUBE_IIYAMAXU_MOTOMC_S1_id48_s0_150.png,1,VALID,-1.0332031,1.8408203,-0.91503906,-2.9356399,LCC-FASD external-dev / cross-domain stress set,False
YOUTUBE_IIYAMAXU_MOTOMC_S1_id48_s1_15.png,1,VALID,1.1474609,-1.9560547,-0.93896484,1.7777317,LCC-FASD external-dev / cross-domain stress set,True
YOUTUBE_IIYAMAXU_MOTOMC_S1_id48_s1_30.png,1,VALID,0.99316406,-1.8300781,-0.85839844,1.5306051,LCC-FASD external-dev / cross-domain stress set,True
YOUTUBE_IIYAMAXU_MOTOMC_S1_id48_s1_45.png,1,VALID,0.9140625,-1.8642578,-0.7324219,1.3670053,LCC-FASD external-dev / cross-domain stress set,True
YOUTUBE_IIYAMAXU_MOTOMC_S1_id48_s1_60.png,1,VALID,1.1103516,-2.1269531,-0.8510742,1.7152022,LCC-FASD external-dev / cross-domain stress set,True
YOUTUBE_IIYAMAXU_MOTOMC_S1_id48_s1_75.png,1,VALID,0.6513672,-1.5390625,-0.5566406,0.8899882,LCC-FASD external-dev / cross-domain stress set,True
YOUTUBE_IIYAMAXU_MOTOMC_S1_id48_s1_90.png,1,VALID,0.7607422,-1.4941406,-0.8208008,1.1694317,LCC-FASD external-dev / cross-domain stress set,True
YOUTUBE_IIYAMAXU_MOTOMC_S1_id48_s1_106.png,1,VALID,0.98291016,-1.4980469,-0.95751953,1.481461,LCC-FASD external-dev / cross-domain stress set,True
YOUTUBE_IIYAMAXU_MOTOMC_S1_id48_s1_121.png,1,VALID,0.39892578,-1.2900391,-0.44677734,0.4878156,LCC-FASD external-dev / cross-domain stress set,True
YOUTUBE_IIYAMAXU_MOTOMC_S1_id48_s1_136.png,1,VALID,1.0263672,-1.5976562,-0.96484375,1.5652272,LCC-FASD external-dev / cross-domain stress set,True
YOUTUBE_IIYAMAXU_MOTOMC_S1_id48_s1_151.png,1,VALID,1.2314453,-1.9443359,-1.0371094,1.9294842,LCC-FASD external-dev / cross-domain stress set,True
YOUTUBE_IIYAMAXU_SMG955U_S0_id39_s0_17.png,1,VALID,-1.046875,2.578125,-1.046875,-3.6513002,LCC-FASD external-dev / cross-domain stress set,False
YOUTUBE_IIYAMAXU_MOTOMC_S0_id39_s1_15.png,1,VALID,-0.12524414,1.2890625,-1.2871094,-1.4876171,LCC-FASD external-dev / cross-domain stress set,False
YOUTUBE_IIYAMAXU_MOTOMC_S0_id39_s1_30.png,1,VALID,0.37646484,0.48632812,-1.3417969,-0.25889915,LCC-FASD external-dev / cross-domain stress set,True
YOUTUBE_IIYAMAXU_MOTOMC_S0_id39_s1_46.png,1,VALID,0.2775879,0.73046875,-1.3974609,-0.56539094,LCC-FASD external-dev / cross-domain stress set,True
YOUTUBE_IIYAMAXU_MOTOMC_S0_id39_s1_61.png,1,VALID,-0.27563477,1.1611328,-1.1591797,-1.5304791,LCC-FASD external-dev / cross-domain stress set,False
YOUTUBE_IIYAMAXU_MOTOMC_S0_id39_s1_76.png,1,VALID,0.23449707,0.9951172,-1.7236328,-0.8244933,LCC-FASD external-dev / cross-domain stress set,False
YOUTUBE_IIYAMAXU_MOTOMC_S0_id42_s0_21.png,1,VALID,1.7880859,-1.4433594,-1.8330078,2.714263,LCC-FASD external-dev / cross-domain stress set,True
YOUTUBE_IIYAMAXU_MOTOMC_S0_id42_s0_37.png,1,VALID,1.5175781,-1.1152344,-1.5986328,2.1524353,LCC-FASD external-dev / cross-domain stress set,True
YOUTUBE_IIYAMAXU_MOTOMC_S0_id42_s0_52.png,1,VALID,1.5175781,-1.2646484,-1.7832031,2.3151145,LCC-FASD external-dev / cross-domain stress set,True
YOUTUBE_IIYAMAXU_MOTOMC_S0_id42_s0_67.png,1,VALID,1.4042969,-0.8989258,-1.7558594,1.9494288,LCC-FASD external-dev / cross-domain stress set,True
YOUTUBE_IIYAMAXU_MOTOMC_S0_id42_s0_82.png,1,VALID,1.4853516,-1.1953125,-1.7871094,2.2402616,LCC-FASD external-dev / cross-domain stress set,True
YOUTUBE_IIYAMAXU_MOTOMC_S0_id42_s0_97.png,1,VALID,1.6181641,-0.95654297,-1.9296875,2.2541516,LCC-FASD external-dev / cross-domain stress set,True
YOUTUBE_IIYAMAXU_MOTOMC_S0_id42_s0_112.png,1,VALID,1.6738281,-1.5869141,-1.7607422,2.6507368,LCC-FASD external-dev / cross-domain stress set,True
YOUTUBE_IIYAMAXU_MOTOMC_S0_id42_s0_127.png,1,VALID,1.6982422,-1.3095703,-1.8076172,2.5329976,LCC-FASD external-dev / cross-domain stress set,True
YOUTUBE_IIYAMAXU_MOTOMC_S0_id42_s0_142.png,1,VALID,1.4716797,-1.09375,-1.6796875,2.1229362,LCC-FASD external-dev / cross-domain stress set,True
YOUTUBE_IIYAMAXU_MOTOMC_S0_id42_s0_157.png,1,VALID,1.5556641,-1.0185547,-1.8876953,2.2240467,LCC-FASD external-dev / cross-domain stress set,True
YOUTUBE_IIYAMAXU_MOTOMC_S0_id43_s0_15.png,1,VALID,0.36328125,-0.43896484,-0.7060547,0.23375309,LCC-FASD external-dev / cross-domain stress set,True
YOUTUBE_IIYAMAXU_MOTOMC_S0_id43_s0_30.png,1,VALID,0.40039062,-0.47753906,-0.84033203,0.34981608,LCC-FASD external-dev / cross-domain stress set,True
YOUTUBE_IIYAMAXU_MOTOMC_S0_id43_s0_45.png,1,VALID,0.5600586,-0.95214844,-0.5415039,0.5928054,LCC-FASD external-dev / cross-domain stress set,True
YOUTUBE_IIYAMAXU_MOTOMC_S0_id43_s0_63.png,1,VALID,0.86816406,-1.1552734,-0.74365234,1.1034486,LCC-FASD external-dev / cross-domain stress set,True
YOUTUBE_IIYAMAXU_MOTOMC_S0_id43_s0_78.png,1,VALID,-0.5097656,0.87841797,-0.79248047,-1.5605205,LCC-FASD external-dev / cross-domain stress set,False
YOUTUBE_IIYAMAXU_MOTOMC_S0_id43_s0_93.png,1,VALID,0.43603516,-0.7475586,-0.66503906,0.44833583,LCC-FASD external-dev / cross-domain stress set,True
YOUTUBE_IIYAMAXU_MOTOMC_S0_id43_s0_108.png,1,VALID,-0.20581055,0.6899414,-0.87353516,-1.085882,LCC-FASD external-dev / cross-domain stress set,False
YOUTUBE_IIYAMAXU_MOTOMC_S0_id43_s0_133.png,1,VALID,1.3515625,-1.0585938,-1.3857422,1.8672643,LCC-FASD external-dev / cross-domain stress set,True
YOUTUBE_IIYAMAXU_MOTOMC_S0_id43_s1_16.png,1,VALID,0.12902832,0.6723633,-1.2236328,-0.6832436,LCC-FASD external-dev / cross-domain stress set,False
YOUTUBE_IIYAMAXU_MOTOMC_S0_id43_s1_31.png,1,VALID,-0.10760498,0.30078125,-0.55322266,-0.763054,LCC-FASD external-dev / cross-domain stress set,False
YOUTUBE_IIYAMAXU_MOTOMC_S0_id43_s1_46.png,1,VALID,1.5205078,-1.6650391,-1.3271484,2.3092506,LCC-FASD external-dev / cross-domain stress set,True
YOUTUBE_IIYAMAXU_MOTOMC_S0_id43_s1_61.png,1,VALID,1.4462891,-1.0371094,-1.4853516,1.9894648,LCC-FASD external-dev / cross-domain stress set,True
YOUTUBE_IIYAMAXU_MOTOMC_S0_id43_s1_76.png,1,VALID,0.8232422,-0.59277344,-1.1455078,0.9615227,LCC-FASD external-dev / cross-domain stress set,True
YOUTUBE_IIYAMAXU_MOTOMC_S0_id43_s1_91.png,1,VALID,1.1767578,-0.5986328,-1.6337891,1.4714631,LCC-FASD external-dev / cross-domain stress set,True
YOUTUBE_IIYAMAXU_MOTOMC_S0_id43_s1_106.png,1,VALID,0.70703125,-0.9003906,-0.84521484,0.8863063,LCC-FASD external-dev / cross-domain stress set,True
YOUTUBE_IIYAMAXU_MOTOMC_S0_id48_s0_15.png,1,VALID,-1.6601562,2.6445312,-0.78515625,-4.3365707,LCC-FASD external-dev / cross-domain stress set,False
YOUTUBE_IIYAMAXU_MOTOMC_S0_id48_s0_30.png,1,VALID,-1.2783203,2.2753906,-0.8701172,-3.5958552,LCC-FASD external-dev / cross-domain stress set,False
YOUTUBE_IIYAMAXU_MOTOMC_S0_id48_s0_45.png,1,VALID,-1.1494141,1.7802734,-0.6748047,-3.0120564,LCC-FASD external-dev / cross-domain stress set,False
YOUTUBE_IIYAMAXU_MOTOMC_S0_id48_s0_60.png,1,VALID,-1.3037109,2.5625,-1.0458984,-3.8929455,LCC-FASD external-dev / cross-domain stress set,False
YOUTUBE_IIYAMAXU_MOTOMC_S0_id48_s0_75.png,1,VALID,-1.3486328,2.4746094,-0.9067383,-3.8566785,LCC-FASD external-dev / cross-domain stress set,False
YOUTUBE_IIYAMAXU_MOTOMC_S0_id48_s0_90.png,1,VALID,-0.7128906,1.7744141,-1.1523438,-2.5394895,LCC-FASD external-dev / cross-domain stress set,False
YOUTUBE_IIYAMAXU_MOTOMC_S0_id48_s0_105.png,1,VALID,-1.2402344,2.78125,-1.3007812,-4.0382166,LCC-FASD external-dev / cross-domain stress set,False
YOUTUBE_IIYAMAXU_MOTOMC_S0_id48_s0_120.png,1,VALID,-0.32055664,1.6552734,-1.3798828,-2.0227776,LCC-FASD external-dev / cross-domain stress set,False
YOUTUBE_IIYAMAXU_MOTOMC_S0_id48_s0_135.png,1,VALID,-1.0761719,2.1523438,-0.8725586,-3.275936,LCC-FASD external-dev / cross-domain stress set,False
YOUTUBE_IIYAMAXU_MOTOMC_S0_id48_s0_150.png,1,VALID,-1.1943359,2.5136719,-1.1660156,-3.7329257,LCC-FASD external-dev / cross-domain stress set,False
YOUTUBE_IIYAMAXU_MOTOMC_S0_id48_s1_15.png,1,VALID,0.37280273,-0.9921875,-0.4025879,0.334205,LCC-FASD external-dev / cross-domain stress set,True
YOUTUBE_IIYAMAXU_MOTOMC_S0_id48_s1_30.png,1,VALID,0.72021484,-1.3779297,-0.6850586,0.9997163,LCC-FASD external-dev / cross-domain stress set,True
YOUTUBE_IIYAMAXU_MOTOMC_S0_id48_s1_45.png,1,VALID,0.72998047,-1.1386719,-0.82373047,1.0056868,LCC-FASD external-dev / cross-domain stress set,True
YOUTUBE_IIYAMAXU_MOTOMC_S0_id48_s1_60.png,1,VALID,1.0439453,-1.796875,-0.8017578,1.5311259,LCC-FASD external-dev / cross-domain stress set,True
YOUTUBE_IIYAMAXU_MOTOMC_S0_id48_s1_75.png,1,VALID,0.58447266,-0.7973633,-0.8022461,0.6911272,LCC-FASD external-dev / cross-domain stress set,True
YOUTUBE_IIYAMAXU_MOTOMC_S0_id48_s1_90.png,1,VALID,0.36987305,-0.86865234,-0.6796875,0.44643897,LCC-FASD external-dev / cross-domain stress set,True
YOUTUBE_IIYAMAXU_MOTOMC_S0_id48_s1_107.png,1,VALID,1.1328125,-1.2080078,-1.2041016,1.6457181,LCC-FASD external-dev / cross-domain stress set,True
YOUTUBE_IIYAMAXU_MOTOMC_S0_id48_s1_128.png,1,VALID,0.2130127,0.5751953,-1.3408203,-0.49950004,LCC-FASD external-dev / cross-domain stress set,True
YOUTUBE_IIYAMAXU_MOTOMC_S0_id48_s1_143.png,1,VALID,1.0380859,-1.5146484,-0.9008789,1.5063344,LCC-FASD external-dev / cross-domain stress set,True
YOUTUBE_IIYAMAXU_MOTOMC_S0_id48_s1_158.png,1,VALID,0.65478516,-1.0341797,-0.8100586,0.8774914,LCC-FASD external-dev / cross-domain stress set,True
YOUTUBE_IIYAMAXU_MOTOMC_S1_id39_s0_18.png,1,VALID,0.60498047,0.5439453,-1.5351562,-0.056785583,LCC-FASD external-dev / cross-domain stress set,True
YOUTUBE_IIYAMAGB_GZS4020_id29_s0_15.png,1,VALID,-0.7519531,0.34594727,-0.05328369,-1.6112244,LCC-FASD external-dev / cross-domain stress set,False
YOUTUBE_IIYAMAGB_GZS4020_id29_s0_30.png,1,VALID,-1.0263672,0.81152344,-0.011276245,-2.2019782,LCC-FASD external-dev / cross-domain stress set,False
YOUTUBE_IIYAMAGB_GZS4020_id29_s0_45.png,1,VALID,-0.86865234,0.66064453,-0.06274414,-1.9247828,LCC-FASD external-dev / cross-domain stress set,False
YOUTUBE_IIYAMAGB_GZS4020_id29_s0_60.png,1,VALID,-0.30395508,-0.08758545,-0.15002441,-0.8787846,LCC-FASD external-dev / cross-domain stress set,False
YOUTUBE_IIYAMAGB_GZS4020_id29_s0_75.png,1,VALID,-0.86279297,0.43847656,0.048797607,-1.8184395,LCC-FASD external-dev / cross-domain stress set,False
YOUTUBE_IIYAMAGB_GZS4020_id29_s0_90.png,1,VALID,-0.19824219,-0.05227661,-0.3544922,-0.69937855,LCC-FASD external-dev / cross-domain stress set,False
YOUTUBE_IIYAMAGB_GZS4020_id29_s0_120.png,1,VALID,-0.82128906,0.6821289,-0.18896484,-1.8530134,LCC-FASD external-dev / cross-domain stress set,False
YOUTUBE_IIYAMAGB_GZS4020_id29_s0_135.png,1,VALID,-0.7055664,0.4934082,-0.17126465,-1.6140215,LCC-FASD external-dev / cross-domain stress set,False
YOUTUBE_IIYAMAGB_IPHONE7F_id29_s0_15.png,1,VALID,-0.7421875,1.7207031,-0.9501953,-2.5297918,LCC-FASD external-dev / cross-domain stress set,False
YOUTUBE_IIYAMAGB_IPHONE7F_id29_s0_30.png,1,VALID,-0.7890625,1.7109375,-0.8730469,-2.5727603,LCC-FASD external-dev / cross-domain stress set,False
YOUTUBE_IIYAMAGB_IPHONE7F_id29_s0_45.png,1,VALID,-0.66845703,1.8681641,-1.078125,-2.587822,LCC-FASD external-dev / cross-domain stress set,False
YOUTUBE_IIYAMAGB_IPHONE7F_id29_s0_60.png,1,VALID,-0.64990234,1.7099609,-0.9589844,-2.4268913,LCC-FASD external-dev / cross-domain stress set,False
YOUTUBE_IIYAMAGB_IPHONE7F_id29_s0_75.png,1,VALID,-0.68115234,1.9677734,-1.0771484,-2.6954277,LCC-FASD external-dev / cross-domain stress set,False
YOUTUBE_IIYAMAGB_IPHONE7F_id29_s0_90.png,1,VALID,-0.9370117,1.9609375,-0.94677734,-2.951111,LCC-FASD external-dev / cross-domain stress set,False
YOUTUBE_IIYAMAGB_IPHONE7F_id29_s0_105.png,1,VALID,-0.80126953,2.1152344,-1.1728516,-2.9531496,LCC-FASD external-dev / cross-domain stress set,False
YOUTUBE_IIYAMAGB_IPHONE7F_id29_s0_120.png,1,VALID,-0.8959961,1.9980469,-1.0019531,-2.9426303,LCC-FASD external-dev / cross-domain stress set,False
YOUTUBE_IIYAMAGB_IPHONE7F_id29_s0_135.png,1,VALID,-0.61621094,1.7509766,-1.1123047,-2.422699,LCC-FASD external-dev / cross-domain stress set,False
YOUTUBE_IIYAMAXB_IPHONE7F_id29_s0_15.png,1,VALID,-0.22192383,0.6933594,-0.67871094,-1.1412878,LCC-FASD external-dev / cross-domain stress set,False
YOUTUBE_IIYAMAXB_IPHONE7F_id29_s0_30.png,1,VALID,-0.45825195,1.2617188,-0.84765625,-1.8344717,LCC-FASD external-dev / cross-domain stress set,False
YOUTUBE_IIYAMAXB_IPHONE7F_id29_s0_45.png,1,VALID,-0.25732422,0.94433594,-0.81933594,-1.359872,LCC-FASD external-dev / cross-domain stress set,False
YOUTUBE_IIYAMAXB_IPHONE7F_id29_s0_60.png,1,VALID,-0.20483398,1.1943359,-0.97998047,-1.506845,LCC-FASD external-dev / cross-domain stress set,False
YOUTUBE_IIYAMAXB_IPHONE7F_id29_s0_75.png,1,VALID,-0.27001953,1.0244141,-0.8330078,-1.4394639,LCC-FASD external-dev / cross-domain stress set,False
YOUTUBE_IIYAMAXB_IPHONE7F_id29_s0_90.png,1,VALID,0.08532715,0.6020508,-0.8803711,-0.7213667,LCC-FASD external-dev / cross-domain stress set,False
YOUTUBE_IIYAMAXB_IPHONE7F_id29_s0_105.png,1,VALID,-0.23901367,1.2617188,-1.140625,-1.5873739,LCC-FASD external-dev / cross-domain stress set,False
YOUTUBE_IIYAMAXB_IPHONE7F_id29_s0_120.png,1,VALID,-0.1661377,1.0126953,-1.0478516,-1.2987332,LCC-FASD external-dev / cross-domain stress set,False
YOUTUBE_IIYAMAXB_IPHONE7F_id29_s0_135.png,1,VALID,0.0047035217,0.91308594,-1.1660156,-1.0262032,LCC-FASD external-dev / cross-domain stress set,False
YOUTUBE_IIYAMAXB_WIZARD1_id29_s0_15.png,1,VALID,-0.8256836,1.0185547,-0.22924805,-2.096657,LCC-FASD external-dev / cross-domain stress set,False
YOUTUBE_IIYAMAXB_WIZARD1_id29_s0_30.png,1,VALID,-1.3085938,2.0429688,-0.47192383,-3.4293303,LCC-FASD external-dev / cross-domain stress set,False
YOUTUBE_IIYAMAXB_WIZARD1_id29_s0_45.png,1,VALID,-1.0839844,1.8525391,-0.5258789,-3.0251725,LCC-FASD external-dev / cross-domain stress set,False
YOUTUBE_IIYAMAXB_WIZARD1_id29_s0_69.png,1,VALID,-1.0429688,1.7041016,-0.49682617,-2.852061,LCC-FASD external-dev / cross-domain stress set,False
YOUTUBE_IIYAMAXB_WIZARD1_id29_s0_105.png,1,VALID,-0.9248047,1.9238281,-0.87402344,-2.907789,LCC-FASD external-dev / cross-domain stress set,False
YOUTUBE_IIYAMAXU_GZS4020_id29_s0_15.png,1,VALID,0.16967773,-1.0273438,-0.046691895,-0.10213247,LCC-FASD external-dev / cross-domain stress set,True
YOUTUBE_IIYAMAXU_GZS4020_id29_s0_30.png,1,VALID,0.15539551,-0.875,-0.15881348,-0.08363518,LCC-FASD external-dev / cross-domain stress set,True
YOUTUBE_IIYAMAXU_GZS4020_id29_s0_45.png,1,VALID,0.35668945,-1.2636719,-0.08154297,0.17078474,LCC-FASD external-dev / cross-domain stress set,True
YOUTUBE_IIYAMAXU_GZS4020_id29_s0_60.png,1,VALID,0.82666016,-1.359375,-0.52490234,0.9910227,LCC-FASD external-dev / cross-domain stress set,True
YOUTUBE_IIYAMAXU_GZS4020_id29_s0_75.png,1,VALID,0.30078125,-0.76708984,-0.3413086,0.13934118,LCC-FASD external-dev / cross-domain stress set,True
YOUTUBE_IIYAMAXU_GZS4020_id29_s0_90.png,1,VALID,0.67333984,-1.2441406,-0.5097656,0.791195,LCC-FASD external-dev / cross-domain stress set,True
YOUTUBE_IIYAMAXU_GZS4020_id29_s0_105.png,1,VALID,0.0029830933,-0.74609375,-0.05984497,-0.3449418,LCC-FASD external-dev / cross-domain stress set,True
YOUTUBE_IIYAMAXU_GZS4020_id29_s0_120.png,1,VALID,0.34057617,-1.1142578,-0.22277832,0.21973032,LCC-FASD external-dev / cross-domain stress set,True
YOUTUBE_IIYAMAXU_GZS4020_id29_s0_135.png,1,VALID,0.11315918,-0.81689453,-0.123168945,-0.16894424,LCC-FASD external-dev / cross-domain stress set,True
YOUTUBE_IIYAMAXU_IPHONE7F_id29_s0_15.png,1,VALID,-0.9951172,2.15625,-0.8930664,-3.1976697,LCC-FASD external-dev / cross-domain stress set,False
YOUTUBE_IIYAMAXU_IPHONE7F_id29_s0_30.png,1,VALID,-0.8989258,1.9960938,-0.8955078,-2.949022,LCC-FASD external-dev / cross-domain stress set,False
YOUTUBE_IIYAMAXU_IPHONE7F_id29_s0_45.png,1,VALID,-0.99072266,2.0371094,-0.7792969,-3.0859315,LCC-FASD external-dev / cross-domain stress set,False
YOUTUBE_IIYAMAXU_IPHONE7F_id29_s0_60.png,1,VALID,-0.24194336,1.4023438,-1.0712891,-1.7252015,LCC-FASD external-dev / cross-domain stress set,False
YOUTUBE_IIYAMAXU_IPHONE7F_id29_s0_75.png,1,VALID,-0.6376953,1.7548828,-0.89990234,-2.4605303,LCC-FASD external-dev / cross-domain stress set,False
YOUTUBE_IIYAMAXU_IPHONE7F_id29_s0_90.png,1,VALID,-0.8232422,1.8837891,-0.7963867,-2.773335,LCC-FASD external-dev / cross-domain stress set,False
YOUTUBE_IIYAMAXU_IPHONE7F_id29_s0_105.png,1,VALID,-0.83203125,2.0566406,-0.9838867,-2.9353738,LCC-FASD external-dev / cross-domain stress set,False
YOUTUBE_IIYAMAXU_IPHONE7F_id29_s0_120.png,1,VALID,-0.5410156,1.6894531,-1.0546875,-2.2927895,LCC-FASD external-dev / cross-domain stress set,False
YOUTUBE_IIYAMAXU_IPHONE7F_id29_s0_135.png,1,VALID,-0.44335938,1.5175781,-1.0761719,-2.0330155,LCC-FASD external-dev / cross-domain stress set,False
YOUTUBE_IIYAMAXU_MOTOMC_S0_id39_s0_17.png,1,VALID,0.39941406,0.95410156,-1.3681641,-0.6482245,LCC-FASD external-dev / cross-domain stress set,False
YOUTUBE_IIYAMAXU_MOTOMC_S0_id39_s0_32.png,1,VALID,-0.9951172,1.7539062,-0.74121094,-2.8282843,LCC-FASD external-dev / cross-domain stress set,False
YOUTUBE_HPE17J001ER_ZSZD551KL_id48_s0_75.png,1,VALID,-0.46411133,0.81103516,-0.74853516,-1.465954,LCC-FASD external-dev / cross-domain stress set,False
YOUTUBE_HPE17J001ER_ZSZD551KL_id48_s0_90.png,1,VALID,-0.20373535,0.5395508,-0.8178711,-0.9722712,LCC-FASD external-dev / cross-domain stress set,False
YOUTUBE_HPPEXP_IPHONE5SB_id39_s0_15.png,1,VALID,-1.0820312,2.5,-1.3203125,-3.6037154,LCC-FASD external-dev / cross-domain stress set,False
YOUTUBE_HPPEXP_IPHONE5SB_id39_s0_31.png,1,VALID,0.49023438,0.12359619,-1.0761719,0.10330206,LCC-FASD external-dev / cross-domain stress set,True
YOUTUBE_HPPEXP_IPHONE5SB_id39_s0_46.png,1,VALID,0.3408203,0.9428711,-1.6025391,-0.6775671,LCC-FASD external-dev / cross-domain stress set,False
YOUTUBE_HPPEXP_IPHONE5SB_id43_s0_15.png,1,VALID,-1.4804688,1.9335938,-0.6435547,-3.487304,LCC-FASD external-dev / cross-domain stress set,False
YOUTUBE_HPPEXP_IPHONE5SB_id43_s0_30.png,1,VALID,-1.4619141,2.390625,-0.93066406,-3.8880088,LCC-FASD external-dev / cross-domain stress set,False
YOUTUBE_HPPEXP_IPHONE5SB_id43_s0_46.png,1,VALID,-1.5986328,2.2871094,-0.8105469,-3.9299073,LCC-FASD external-dev / cross-domain stress set,False
YOUTUBE_HPPEXP_IPHONE5SB_id43_s0_61.png,1,VALID,-1.2431641,1.1787109,-0.40454102,-2.6086087,LCC-FASD external-dev / cross-domain stress set,False
YOUTUBE_HPPEXP_IPHONE5SB_id43_s0_76.png,1,VALID,-0.6928711,0.64941406,-0.5595703,-1.6034951,LCC-FASD external-dev / cross-domain stress set,False
YOUTUBE_HPPEXP_IPHONE5SB_id43_s0_91.png,1,VALID,-0.5180664,0.47338867,-0.4597168,-1.3231518,LCC-FASD external-dev / cross-domain stress set,False
YOUTUBE_HPPEXP_IPHONE5SB_id43_s0_117.png,1,VALID,-1.4248047,2.2714844,-0.90283203,-3.7372608,LCC-FASD external-dev / cross-domain stress set,False
YOUTUBE_HPPEXP_IPHONE5SB_id43_s0_132.png,1,VALID,0.07763672,-0.14160156,-0.7963867,-0.19917837,LCC-FASD external-dev / cross-domain stress set,True
YOUTUBE_HPPEXP_IPHONE5SB_id43_s0_147.png,1,VALID,0.17553711,-0.3491211,-0.70654297,-0.0056625605,LCC-FASD external-dev / cross-domain stress set,True
YOUTUBE_HPPEXP_IPHONE5SB_id43_s0_162.png,1,VALID,-0.13232422,-0.4050293,-0.32885742,-0.45925313,LCC-FASD external-dev / cross-domain stress set,True
YOUTUBE_HPPEXP_IPHONE5SB_id43_s1_15.png,1,VALID,-0.7133789,1.7666016,-1.2509766,-2.527741,LCC-FASD external-dev / cross-domain stress set,False
YOUTUBE_HPPEXP_IPHONE5SB_id43_s1_30.png,1,VALID,-0.027770996,0.9692383,-1.3232422,-1.0932423,LCC-FASD external-dev / cross-domain stress set,False
YOUTUBE_HPPEXP_IPHONE5SB_id43_s1_45.png,1,VALID,0.53564453,0.09588623,-1.3720703,0.23242241,LCC-FASD external-dev / cross-domain stress set,True
YOUTUBE_HPPEXP_IPHONE5SB_id43_s1_60.png,1,VALID,-0.8520508,1.5410156,-0.7939453,-2.4854763,LCC-FASD external-dev / cross-domain stress set,False
YOUTUBE_HPPEXP_IPHONE5SB_id43_s1_75.png,1,VALID,-0.8833008,1.6757812,-0.8510742,-2.6359596,LCC-FASD external-dev / cross-domain stress set,False
YOUTUBE_HPPEXP_IPHONE5SB_id43_s1_90.png,1,VALID,-1.1269531,1.9140625,-0.83935547,-3.1027782,LCC-FASD external-dev / cross-domain stress set,False
YOUTUBE_HPPEXP_IPHONE5SB_id43_s1_105.png,1,VALID,-0.80859375,1.2246094,-0.7441406,-2.163908,LCC-FASD external-dev / cross-domain stress set,False
YOUTUBE_HPPEXP_IPHONE5SB_id43_s1_120.png,1,VALID,-1.15625,1.8330078,-0.7529297,-3.061881,LCC-FASD external-dev / cross-domain stress set,False
YOUTUBE_HPPEXP_IPHONE5SB_id43_s1_135.png,1,VALID,-0.6464844,1.3564453,-1.0019531,-2.0932927,LCC-FASD external-dev / cross-domain stress set,False
YOUTUBE_HPPEXP_IPHONE5SB_id43_s1_150.png,1,VALID,-1.1884766,2.3652344,-1.1777344,-3.5822277,LCC-FASD external-dev / cross-domain stress set,False
YOUTUBE_HPPEXP_IPHONE5SB_id48_s1_15.png,1,VALID,1.5292969,-1.7832031,-1.3964844,2.407415,LCC-FASD external-dev / cross-domain stress set,True
YOUTUBE_HPPEXP_IPHONE5SB_id48_s1_30.png,1,VALID,1.3378906,-1.4746094,-1.4013672,2.0820613,LCC-FASD external-dev / cross-domain stress set,True
YOUTUBE_HPPEXP_IPHONE5SB_id48_s1_45.png,1,VALID,0.7558594,-0.38110352,-1.2734375,0.7935871,LCC-FASD external-dev / cross-domain stress set,True
YOUTUBE_HPPEXP_IPHONE5SB_id48_s1_60.png,1,VALID,1.1044922,-1.0478516,-1.3808594,1.6119022,LCC-FASD external-dev / cross-domain stress set,True
YOUTUBE_HPPEXP_IPHONE5SB_id48_s1_75.png,1,VALID,0.69091797,-0.15466309,-1.3876953,0.5898483,LCC-FASD external-dev / cross-domain stress set,True
YOUTUBE_HPPEXP_IPHONE5SB_id48_s1_90.png,1,VALID,-0.029434204,0.22619629,-0.86572266,-0.5449902,LCC-FASD external-dev / cross-domain stress set,True
YOUTUBE_HPPEXP_IPHONE5SB_id48_s1_105.png,1,VALID,0.9169922,-0.7216797,-1.3818359,1.2220883,LCC-FASD external-dev / cross-domain stress set,True
YOUTUBE_HPPEXP_IPHONE5SB_id48_s1_120.png,1,VALID,0.07495117,0.5185547,-1.171875,-0.6128738,LCC-FASD external-dev / cross-domain stress set,False
YOUTUBE_HPPEXP_IPHONE5SB_id48_s1_135.png,1,VALID,0.23852539,0.5864258,-1.4550781,-0.46997052,LCC-FASD external-dev / cross-domain stress set,True
YOUTUBE_HPPEXP_IPHONE5SB_id48_s1_150.png,1,VALID,0.95166016,-0.4321289,-1.5283203,1.0955012,LCC-FASD external-dev / cross-domain stress set,True
YOUTUBE_I2369VM_HONOR7X_id39_s0_15.png,1,VALID,-0.6855469,1.7177734,-1.1152344,-2.4604902,LCC-FASD external-dev / cross-domain stress set,False
YOUTUBE_I2369VM_HONOR7X_id39_s0_31.png,1,VALID,-0.23327637,1.4287109,-1.2792969,-1.7265284,LCC-FASD external-dev / cross-domain stress set,False
YOUTUBE_I2369VM_HONOR7X_id39_s0_46.png,1,VALID,-0.94091797,1.78125,-0.9472656,-2.7854395,LCC-FASD external-dev / cross-domain stress set,False
YOUTUBE_I2369VM_HONOR7X_id39_s0_66.png,1,VALID,-0.99902344,0.76416016,-0.079956055,-2.120814,LCC-FASD external-dev / cross-domain stress set,False
YOUTUBE_I2369VM_HONOR7X_id48_s1_15.png,1,VALID,-0.30419922,1.2910156,-1.2568359,-1.6705538,LCC-FASD external-dev / cross-domain stress set,False
YOUTUBE_I2369VM_HONOR7X_id48_s1_30.png,1,VALID,-0.62109375,1.1757812,-0.8046875,-1.9261513,LCC-FASD external-dev / cross-domain stress set,False
YOUTUBE_I2369VM_HONOR7X_id48_s1_45.png,1,VALID,-1.0498047,2.1015625,-1.0615234,-3.1927922,LCC-FASD external-dev / cross-domain stress set,False
YOUTUBE_I2369VM_HONOR7X_id48_s1_60.png,1,VALID,-0.81640625,1.796875,-1.2119141,-2.6614537,LCC-FASD external-dev / cross-domain stress set,False
YOUTUBE_I2369VM_HONOR7X_id48_s1_75.png,1,VALID,-1.1708984,2.453125,-1.1943359,-3.649747,LCC-FASD external-dev / cross-domain stress set,False
YOUTUBE_I2369VM_HONOR7X_id48_s1_90.png,1,VALID,-2.0507812,0.515625,1.1904297,-3.6528277,LCC-FASD external-dev / cross-domain stress set,False
YOUTUBE_I2369VM_HONOR7X_id48_s1_105.png,1,VALID,-1.25,1.5517578,-0.5214844,-2.9202316,LCC-FASD external-dev / cross-domain stress set,False
YOUTUBE_I2369VM_HONOR7X_id48_s1_120.png,1,VALID,-1.0996094,2.4453125,-1.3007812,-3.5682573,LCC-FASD external-dev / cross-domain stress set,False
YOUTUBE_I2369VM_HONOR7X_id48_s1_135.png,1,VALID,-0.92578125,1.5761719,-0.70458984,-2.599267,LCC-FASD external-dev / cross-domain stress set,False
YOUTUBE_I2369VM_HONOR7X_id48_s1_150.png,1,VALID,-0.22216797,0.9291992,-1.0957031,-1.2753592,LCC-FASD external-dev / cross-domain stress set,False
YOUTUBE_IIYAMAGB_GZS4020_id29_s0_105.png,1,VALID,-0.89501953,0.5131836,0.031951904,-1.8894074,LCC-FASD external-dev / cross-domain stress set,False
YOUTUBE_HP3165NGW_IPADA1893_id48_s1_15.png,1,VALID,0.8779297,-1.2285156,-0.97021484,1.2758309,LCC-FASD external-dev / cross-domain stress set,True
YOUTUBE_HP3165NGW_IPADA1893_id48_s1_30.png,1,VALID,-0.05859375,-0.22961426,-0.45898438,-0.41400355,LCC-FASD external-dev / cross-domain stress set,True
YOUTUBE_HP3165NGW_IPADA1893_id48_s1_45.png,1,VALID,0.20373535,-1.2666016,-0.13024902,0.055604666,LCC-FASD external-dev / cross-domain stress set,True
YOUTUBE_HP3165NGW_IPADA1893_id48_s1_60.png,1,VALID,0.24743652,-0.8691406,-0.44335938,0.18804723,LCC-FASD external-dev / cross-domain stress set,True
YOUTUBE_HP3165NGW_IPADA1893_id48_s1_75.png,1,VALID,0.38623047,-0.77490234,-0.4868164,0.31360412,LCC-FASD external-dev / cross-domain stress set,True
YOUTUBE_HP3165NGW_IPADA1893_id48_s1_90.png,1,VALID,-1.2705078,-0.45043945,1.1435547,-2.5989747,LCC-FASD external-dev / cross-domain stress set,False
YOUTUBE_HP3165NGW_IPADA1893_id48_s1_105.png,1,VALID,-0.4362793,-0.2578125,0.027786255,-1.0245748,LCC-FASD external-dev / cross-domain stress set,False
YOUTUBE_HP3165NGW_IPADA1893_id48_s1_120.png,1,VALID,-0.8886719,0.31567383,0.0007324219,-1.7523699,LCC-FASD external-dev / cross-domain stress set,False
YOUTUBE_HP3165NGW_IPADA1893_id48_s1_135.png,1,VALID,-0.36572266,0.34106445,-0.3725586,-1.1054734,LCC-FASD external-dev / cross-domain stress set,False
YOUTUBE_HP3165NGW_IPADA1893_id48_s1_150.png,1,VALID,-0.8144531,0.55566406,-0.26538086,-1.7347406,LCC-FASD external-dev / cross-domain stress set,False
YOUTUBE_HPE17J001ER_REDMIN3P_id39_s0_16.png,1,VALID,-0.1104126,1.2675781,-1.5195312,-1.437767,LCC-FASD external-dev / cross-domain stress set,False
YOUTUBE_HPE17J001ER_REDMIN3P_id39_s0_34.png,1,VALID,0.6635742,0.43603516,-1.4697266,0.08890009,LCC-FASD external-dev / cross-domain stress set,True
YOUTUBE_HPE17J001ER_REDMIN3P_id39_s0_49.png,1,VALID,0.58935547,0.54541016,-1.8408203,-0.044043303,LCC-FASD external-dev / cross-domain stress set,True
YOUTUBE_HPE17J001ER_REDMIN3P_id39_s0_68.png,1,VALID,0.734375,-0.39575195,-1.1689453,0.7506384,LCC-FASD external-dev / cross-domain stress set,True
YOUTUBE_HPE17J001ER_REDMIN3P_id43_s0_15.png,1,VALID,0.7470703,-0.81689453,-0.92871094,0.9251638,LCC-FASD external-dev / cross-domain stress set,True
YOUTUBE_HPE17J001ER_REDMIN3P_id43_s0_30.png,1,VALID,-0.64697266,1.3125,-1.0087891,-2.0530968,LCC-FASD external-dev / cross-domain stress set,False
YOUTUBE_HPE17J001ER_REDMIN3P_id43_s0_46.png,1,VALID,-0.41723633,0.6538086,-0.8984375,-1.2631285,LCC-FASD external-dev / cross-domain stress set,False
YOUTUBE_HPE17J001ER_REDMIN3P_id43_s0_61.png,1,VALID,1.3007812,-1.6660156,-1.0214844,1.9003313,LCC-FASD external-dev / cross-domain stress set,True
YOUTUBE_HPE17J001ER_REDMIN3P_id43_s0_76.png,1,VALID,1.21875,-1.7431641,-0.84228516,1.7201352,LCC-FASD external-dev / cross-domain stress set,True
YOUTUBE_HPE17J001ER_REDMIN3P_id43_s0_91.png,1,VALID,1.1191406,-1.5898438,-0.7895508,1.5376816,LCC-FASD external-dev / cross-domain stress set,True
YOUTUBE_HPE17J001ER_REDMIN3P_id43_s0_118.png,1,VALID,0.26245117,-0.3876953,-0.7036133,0.102534294,LCC-FASD external-dev / cross-domain stress set,True
YOUTUBE_HPE17J001ER_REDMIN3P_id43_s0_133.png,1,VALID,0.7348633,-0.94873047,-0.9145508,0.97321075,LCC-FASD external-dev / cross-domain stress set,True
YOUTUBE_HPE17J001ER_REDMIN3P_id43_s0_148.png,1,VALID,1.2988281,-1.5429688,-1.0605469,1.8786252,LCC-FASD external-dev / cross-domain stress set,True
YOUTUBE_HPE17J001ER_REDMIN3P_id43_s0_163.png,1,VALID,0.23010254,0.15124512,-1.0839844,-0.17637998,LCC-FASD external-dev / cross-domain stress set,True
YOUTUBE_HPE17J001ER_REDMIN3P_id43_s1_15.png,1,VALID,1.4599609,-1.3378906,-1.421875,2.1458151,LCC-FASD external-dev / cross-domain stress set,True
YOUTUBE_HPE17J001ER_REDMIN3P_id43_s1_30.png,1,VALID,1.5722656,-1.2724609,-1.5195312,2.2675035,LCC-FASD external-dev / cross-domain stress set,True
YOUTUBE_HPE17J001ER_REDMIN3P_id43_s1_45.png,1,VALID,1.5009766,-1.5810547,-1.3144531,2.2467248,LCC-FASD external-dev / cross-domain stress set,True
YOUTUBE_HPE17J001ER_REDMIN3P_id43_s1_60.png,1,VALID,1.8310547,-1.9345703,-1.5117188,2.8388662,LCC-FASD external-dev / cross-domain stress set,True
YOUTUBE_HPE17J001ER_REDMIN3P_id43_s1_75.png,1,VALID,1.8554688,-2.1171875,-1.6835938,3.0393937,LCC-FASD external-dev / cross-domain stress set,True
YOUTUBE_HPE17J001ER_REDMIN3P_id43_s1_90.png,1,VALID,1.5009766,-2.0195312,-1.1992188,2.3353481,LCC-FASD external-dev / cross-domain stress set,True
YOUTUBE_HPE17J001ER_REDMIN3P_id43_s1_105.png,1,VALID,1.2587891,-1.8496094,-1.1240234,1.9880438,LCC-FASD external-dev / cross-domain stress set,True
YOUTUBE_HPE17J001ER_REDMIN3P_id43_s1_120.png,1,VALID,1.8632812,-2.2148438,-1.5009766,2.9656518,LCC-FASD external-dev / cross-domain stress set,True
YOUTUBE_HPE17J001ER_REDMIN3P_id43_s1_135.png,1,VALID,1.7949219,-2.0917969,-1.4941406,2.8507435,LCC-FASD external-dev / cross-domain stress set,True
YOUTUBE_HPE17J001ER_REDMIN3P_id43_s1_150.png,1,VALID,1.7841797,-2.0136719,-1.4384766,2.7763085,LCC-FASD external-dev / cross-domain stress set,True
YOUTUBE_HPE17J001ER_REDMIN3P_id48_s1_15.png,1,VALID,1.328125,-2.1152344,-1.1708984,2.170484,LCC-FASD external-dev / cross-domain stress set,True
YOUTUBE_HPE17J001ER_REDMIN3P_id48_s1_30.png,1,VALID,1.2763672,-1.9560547,-1.1679688,2.0695264,LCC-FASD external-dev / cross-domain stress set,True
YOUTUBE_HPE17J001ER_REDMIN3P_id48_s1_45.png,1,VALID,1.1416016,-2.1171875,-0.953125,1.8230098,LCC-FASD external-dev / cross-domain stress set,True
YOUTUBE_HPE17J001ER_REDMIN3P_id48_s1_63.png,1,VALID,1.0371094,-1.6699219,-1.0439453,1.6526943,LCC-FASD external-dev / cross-domain stress set,True
YOUTUBE_HPE17J001ER_REDMIN3P_id48_s1_78.png,1,VALID,0.6538086,-1.7207031,-0.57373047,0.9517296,LCC-FASD external-dev / cross-domain stress set,True
YOUTUBE_HPE17J001ER_REDMIN3P_id48_s1_93.png,1,VALID,0.73876953,-1.484375,-0.7290039,1.0826224,LCC-FASD external-dev / cross-domain stress set,True
YOUTUBE_HPE17J001ER_REDMIN3P_id48_s1_112.png,1,VALID,1.1269531,-1.7744141,-1.203125,1.8823221,LCC-FASD external-dev / cross-domain stress set,True
YOUTUBE_HPE17J001ER_REDMIN3P_id48_s1_127.png,1,VALID,0.79296875,-1.7421875,-0.7441406,1.223322,LCC-FASD external-dev / cross-domain stress set,True
YOUTUBE_HPE17J001ER_REDMIN3P_id48_s1_142.png,1,VALID,0.12841797,-1.0517578,-0.4284668,0.12758794,LCC-FASD external-dev / cross-domain stress set,True
YOUTUBE_HPE17J001ER_REDMIN3P_id48_s1_157.png,1,VALID,0.9238281,-1.6484375,-0.9511719,1.4709058,LCC-FASD external-dev / cross-domain stress set,True
YOUTUBE_HPE17J001ER_ZSZD551KL_id48_s0_15.png,1,VALID,-0.24072266,0.6567383,-0.9033203,-1.0881836,LCC-FASD external-dev / cross-domain stress set,False
YOUTUBE_HPE17J001ER_ZSZD551KL_id48_s0_30.png,1,VALID,-0.4375,0.53759766,-0.6201172,-1.2483283,LCC-FASD external-dev / cross-domain stress set,False
YOUTUBE_HPE17J001ER_ZSZD551KL_id48_s0_45.png,1,VALID,-0.9267578,1.0380859,-0.49853516,-2.1596756,LCC-FASD external-dev / cross-domain stress set,False
YOUTUBE_HPE17J001ER_ZSZD551KL_id48_s0_60.png,1,VALID,-0.58496094,0.57714844,-0.39453125,-1.4830668,LCC-FASD external-dev / cross-domain stress set,False
YOUTUBE_HPE17J001ER_ZSZD551KL_id48_s0_105.png,1,VALID,-0.36914062,0.55615234,-0.65283203,-1.1865029,LCC-FASD external-dev / cross-domain stress set,False
YOUTUBE_HPE17J001ER_ZSZD551KL_id48_s0_120.png,1,VALID,-0.08081055,0.31469727,-0.82714844,-0.67255545,LCC-FASD external-dev / cross-domain stress set,False
YOUTUBE_HPE17J001ER_ZSZD551KL_id48_s0_135.png,1,VALID,-0.35742188,0.5073242,-0.61816406,-1.1457766,LCC-FASD external-dev / cross-domain stress set,False
YOUTUBE_HPE17J001ER_ZSZD551KL_id48_s0_150.png,1,VALID,0.011207581,0.12719727,-0.7426758,-0.4659454,LCC-FASD external-dev / cross-domain stress set,True
YOUTUBE_HP250_MEIZUM3S_id39_s1_31.png,1,VALID,-0.105285645,1.0117188,-1.2978516,-1.2116816,LCC-FASD external-dev / cross-domain stress set,False
YOUTUBE_HP250_MEIZUM3S_id39_s1_56.png,1,VALID,-0.63134766,1.9960938,-1.5136719,-2.6569068,LCC-FASD external-dev / cross-domain stress set,False
YOUTUBE_HP250_MEIZUM3S_id39_s1_86.png,1,VALID,-0.5073242,1.7822266,-1.4560547,-2.328032,LCC-FASD external-dev / cross-domain stress set,False
YOUTUBE_HP250_MEIZUM3S_id39_s1_101.png,1,VALID,-0.23803711,1.2373047,-1.3525391,-1.5476921,LCC-FASD external-dev / cross-domain stress set,False
YOUTUBE_HP250_MEIZUM3S_id39_s1_116.png,1,VALID,-0.6274414,1.5683594,-1.1923828,-2.2571263,LCC-FASD external-dev / cross-domain stress set,False
YOUTUBE_HP250_MEIZUM3S_id39_s1_131.png,1,VALID,-0.08294678,1.3720703,-1.6542969,-1.5023695,LCC-FASD external-dev / cross-domain stress set,False
YOUTUBE_HP250_MEIZUM3S_id42_s0_15.png,1,VALID,-1.1484375,1.6474609,-0.53564453,-2.90268,LCC-FASD external-dev / cross-domain stress set,False
YOUTUBE_HP250_MEIZUM3S_id42_s0_30.png,1,VALID,-0.875,1.5,-0.70458984,-2.4796264,LCC-FASD external-dev / cross-domain stress set,False
YOUTUBE_HP250_MEIZUM3S_id42_s0_45.png,1,VALID,-1.2998047,1.90625,-0.5239258,-3.2904155,LCC-FASD external-dev / cross-domain stress set,False
YOUTUBE_HP250_MEIZUM3S_id42_s0_60.png,1,VALID,-1.3320312,1.6494141,-0.41870117,-3.1004932,LCC-FASD external-dev / cross-domain stress set,False
YOUTUBE_HP250_MEIZUM3S_id42_s0_75.png,1,VALID,-0.9916992,1.4160156,-0.6015625,-2.5325637,LCC-FASD external-dev / cross-domain stress set,False
YOUTUBE_HP250_MEIZUM3S_id42_s0_90.png,1,VALID,-1.0830078,1.8496094,-0.72753906,-3.005859,LCC-FASD external-dev / cross-domain stress set,False
YOUTUBE_HP250_MEIZUM3S_id42_s0_105.png,1,VALID,-1.3310547,1.9912109,-0.54589844,-3.398388,LCC-FASD external-dev / cross-domain stress set,False
YOUTUBE_HP250_MEIZUM3S_id42_s0_120.png,1,VALID,-1.0234375,1.7880859,-0.7260742,-2.8893461,LCC-FASD external-dev / cross-domain stress set,False
YOUTUBE_HP250_MEIZUM3S_id42_s0_135.png,1,VALID,-0.9057617,1.5673828,-0.7558594,-2.5665944,LCC-FASD external-dev / cross-domain stress set,False
YOUTUBE_HP250_MEIZUM3S_id42_s0_150.png,1,VALID,-1.0830078,1.8876953,-0.70703125,-3.0427132,LCC-FASD external-dev / cross-domain stress set,False
YOUTUBE_HP250_MEIZUM3S_id42_s1_75.png,1,VALID,-0.7055664,0.8051758,-0.4152832,-1.769326,LCC-FASD external-dev / cross-domain stress set,False
YOUTUBE_HP250_SGJ7_id39_s1_29.png,1,VALID,-0.95214844,1.1953125,-0.46972656,-2.3207276,LCC-FASD external-dev / cross-domain stress set,False
YOUTUBE_HP250_SGJ7_id39_s1_59.png,1,VALID,-0.68310547,0.6845703,-0.5678711,-1.6190617,LCC-FASD external-dev / cross-domain stress set,False
YOUTUBE_HP250_SGJ7_id39_s1_74.png,1,VALID,-0.7216797,0.74609375,-0.3605957,-1.7534423,LCC-FASD external-dev / cross-domain stress set,False
YOUTUBE_HP250_SGJ7_id39_s1_94.png,1,VALID,-1.4833984,1.6982422,-0.26831055,-3.312615,LCC-FASD external-dev / cross-domain stress set,False
YOUTUBE_HP250_SGJ7_id39_s1_109.png,1,VALID,-0.99609375,1.2734375,-0.57128906,-2.4162848,LCC-FASD external-dev / cross-domain stress set,False
YOUTUBE_HP250_SGJ7_id39_s1_124.png,1,VALID,-1.4169922,1.5859375,-0.27783203,-3.1471052,LCC-FASD external-dev / cross-domain stress set,False
YOUTUBE_HP250G6_XPERIAZ5_id48_s1_17.png,1,VALID,0.031143188,0.6542969,-1.1064453,-0.7817947,LCC-FASD external-dev / cross-domain stress set,False
YOUTUBE_HP250G6_XPERIAZ5_id48_s1_32.png,1,VALID,1.1005859,-0.43798828,-1.4736328,1.2347746,LCC-FASD external-dev / cross-domain stress set,True
YOUTUBE_HP250G6_XPERIAZ5_id48_s1_47.png,1,VALID,-0.019378662,1.0048828,-1.2451172,-1.1244681,LCC-FASD external-dev / cross-domain stress set,False
YOUTUBE_HP250G6_XPERIAZ5_id48_s1_62.png,1,VALID,-0.19165039,1.375,-1.3642578,-1.6292667,LCC-FASD external-dev / cross-domain stress set,False
YOUTUBE_HP250G6_XPERIAZ5_id48_s1_77.png,1,VALID,-0.39575195,2.0839844,-1.6240234,-2.5039668,LCC-FASD external-dev / cross-domain stress set,False
YOUTUBE_HP250G6_XPERIAZ5_id48_s1_92.png,1,VALID,-0.73828125,2.265625,-1.3164062,-3.0313454,LCC-FASD external-dev / cross-domain stress set,False
YOUTUBE_HP250G6_XPERIAZ5_id48_s1_128.png,1,VALID,-0.88183594,2.296875,-1.2089844,-3.20829,LCC-FASD external-dev / cross-domain stress set,False
YOUTUBE_HP250G6_XPERIAZ5_id48_s1_143.png,1,VALID,-0.72314453,2.1914062,-1.3369141,-2.9434824,LCC-FASD external-dev / cross-domain stress set,False
YOUTUBE_HP250G6_XPERIAZ5_id48_s1_158.png,1,VALID,-0.94921875,2.0429688,-1.0576172,-3.0362263,LCC-FASD external-dev / cross-domain stress set,False
YOUTUBE_HP3165NGW_IPADA1893_id39_s0_17.png,1,VALID,-0.78222656,1.515625,-0.8461914,-2.38792,LCC-FASD external-dev / cross-domain stress set,False
YOUTUBE_HP3165NGW_IPADA1893_id39_s0_34.png,1,VALID,-0.9082031,2.1992188,-1.2216797,-3.1395822,LCC-FASD external-dev / cross-domain stress set,False
YOUTUBE_HP3165NGW_IPADA1893_id39_s0_49.png,1,VALID,-1.6347656,2.25,-0.43652344,-3.9506633,LCC-FASD external-dev / cross-domain stress set,False
YOUTUBE_HP3165NGW_IPADA1893_id43_s0_15.png,1,VALID,-0.9248047,0.8618164,-0.00033855438,-2.1388621,LCC-FASD external-dev / cross-domain stress set,False
YOUTUBE_HP3165NGW_IPADA1893_id43_s0_30.png,1,VALID,-0.97021484,1.3251953,-0.37695312,-2.4628646,LCC-FASD external-dev / cross-domain stress set,False
YOUTUBE_HP3165NGW_IPADA1893_id43_s0_45.png,1,VALID,-1.1826172,1.3310547,-0.23730469,-2.702958,LCC-FASD external-dev / cross-domain stress set,False
YOUTUBE_HP3165NGW_IPADA1893_id43_s0_60.png,1,VALID,-0.66064453,0.7416992,-0.39404297,-1.6808718,LCC-FASD external-dev / cross-domain stress set,False
YOUTUBE_HP3165NGW_IPADA1893_id43_s0_75.png,1,VALID,0.18798828,-0.70947266,-0.1743164,-0.09864414,LCC-FASD external-dev / cross-domain stress set,True
YOUTUBE_HP3165NGW_IPADA1893_id43_s0_90.png,1,VALID,-1.4570312,1.3769531,0.057006836,-3.0707545,LCC-FASD external-dev / cross-domain stress set,False
YOUTUBE_HP3165NGW_IPADA1893_id43_s0_105.png,1,VALID,-0.36743164,0.86865234,-0.6333008,-1.4371412,LCC-FASD external-dev / cross-domain stress set,False
YOUTUBE_HP3165NGW_IPADA1893_id43_s0_120.png,1,VALID,-1.1005859,1.4833984,-0.41357422,-2.7237656,LCC-FASD external-dev / cross-domain stress set,False
YOUTUBE_HP3165NGW_IPADA1893_id43_s0_135.png,1,VALID,0.31835938,0.0035934448,-0.79052734,-0.05816114,LCC-FASD external-dev / cross-domain stress set,True
YOUTUBE_HP3165NGW_IPADA1893_id43_s0_150.png,1,VALID,-0.7270508,0.66064453,-0.24169922,-1.7281723,LCC-FASD external-dev / cross-domain stress set,False
YOUTUBE_HP3165NGW_IPADA1893_id43_s1_15.png,1,VALID,-1.0371094,1.5703125,-0.41430664,-2.7361958,LCC-FASD external-dev / cross-domain stress set,False
YOUTUBE_HP3165NGW_IPADA1893_id43_s1_30.png,1,VALID,-1.1542969,2.2949219,-0.7709961,-3.4947762,LCC-FASD external-dev / cross-domain stress set,False
YOUTUBE_HP3165NGW_IPADA1893_id43_s1_45.png,1,VALID,-1.9941406,1.8681641,0.30078125,-4.0517597,LCC-FASD external-dev / cross-domain stress set,False
YOUTUBE_HP3165NGW_IPADA1893_id43_s1_60.png,1,VALID,-0.80908203,1.7529297,-0.8129883,-2.6360507,LCC-FASD external-dev / cross-domain stress set,False
YOUTUBE_HP3165NGW_IPADA1893_id43_s1_75.png,1,VALID,-1.0058594,2.2167969,-0.90185547,-3.2659233,LCC-FASD external-dev / cross-domain stress set,False
YOUTUBE_HP3165NGW_IPADA1893_id43_s1_90.png,1,VALID,-1.8085938,2.2773438,-0.08453369,-4.1760006,LCC-FASD external-dev / cross-domain stress set,False
YOUTUBE_HP3165NGW_IPADA1893_id43_s1_105.png,1,VALID,-1.6552734,2.046875,-0.08709717,-3.8140173,LCC-FASD external-dev / cross-domain stress set,False
YOUTUBE_HP3165NGW_IPADA1893_id43_s1_120.png,1,VALID,-1.4482422,2.2695312,-0.60839844,-3.7724993,LCC-FASD external-dev / cross-domain stress set,False
YOUTUBE_HP3165NGW_IPADA1893_id43_s1_135.png,1,VALID,-1.3496094,1.5107422,-0.051208496,-3.050746,LCC-FASD external-dev / cross-domain stress set,False
YOUTUBE_DV3360_LA6020A40_id42_s0_45.png,1,VALID,-0.17626953,0.11444092,-0.46801758,-0.7344494,LCC-FASD external-dev / cross-domain stress set,False
YOUTUBE_DV3360_LA6020A40_id42_s0_60.png,1,VALID,-0.17956543,-0.6748047,-0.08959961,-0.5327213,LCC-FASD external-dev / cross-domain stress set,True
YOUTUBE_DV3360_LA6020A40_id42_s0_75.png,1,VALID,0.27807617,-0.0031795502,-0.97558594,-0.039502203,LCC-FASD external-dev / cross-domain stress set,True
YOUTUBE_DV3360_LA6020A40_id42_s1_15.png,1,VALID,-0.5253906,0.9042969,-0.6069336,-1.6290615,LCC-FASD external-dev / cross-domain stress set,False
YOUTUBE_DV3360_LA6020A40_id42_s1_30.png,1,VALID,-1.1484375,1.4921875,-0.39013672,-2.7823293,LCC-FASD external-dev / cross-domain stress set,False
YOUTUBE_DV3360_LA6020A40_id42_s1_45.png,1,VALID,-0.71875,1.0117188,-0.55371094,-1.9202608,LCC-FASD external-dev / cross-domain stress set,False
YOUTUBE_DV3360_LA6020A40_id42_s1_60.png,1,VALID,-0.6069336,0.66503906,-0.43823242,-1.558492,LCC-FASD external-dev / cross-domain stress set,False
YOUTUBE_DV3360_LA6020A40_id42_s1_75.png,1,VALID,-0.71435547,1.1679688,-0.74072266,-2.0205846,LCC-FASD external-dev / cross-domain stress set,False
YOUTUBE_HP15AC113UR_GZS5001_id39_s1_56.png,1,VALID,-0.4819336,1.3886719,-1.2207031,-1.9416049,LCC-FASD external-dev / cross-domain stress set,False
YOUTUBE_HP15AC113UR_GZS5001_id39_s1_95.png,1,VALID,-1.0585938,1.3378906,-0.48657227,-2.5460281,LCC-FASD external-dev / cross-domain stress set,False
YOUTUBE_HP15AC113UR_GZS5001_id39_s1_110.png,1,VALID,-0.06463623,0.3479004,-0.8984375,-0.6652824,LCC-FASD external-dev / cross-domain stress set,False
YOUTUBE_HP15AC113UR_GZS5001_id39_s1_126.png,1,VALID,-0.35180664,0.4350586,-0.64990234,-1.0779777,LCC-FASD external-dev / cross-domain stress set,False
YOUTUBE_HP15AC113UR_GZS5001_id42_s0_36.png,1,VALID,-0.10882568,-0.13891602,-0.34448242,-0.56554663,LCC-FASD external-dev / cross-domain stress set,True
YOUTUBE_HP15AC113UR_GZS5001_id42_s0_51.png,1,VALID,-0.25878906,-0.30004883,-0.05630493,-0.78116745,LCC-FASD external-dev / cross-domain stress set,False
YOUTUBE_HP15AC113UR_GZS5001_id42_s0_66.png,1,VALID,-0.19934082,-0.10668945,-0.32299805,-0.6834816,LCC-FASD external-dev / cross-domain stress set,False
YOUTUBE_HP15AC113UR_GZS5001_id42_s0_81.png,1,VALID,0.068603516,-0.24169922,-0.5727539,-0.23095465,LCC-FASD external-dev / cross-domain stress set,True
YOUTUBE_HP15AC113UR_GZS5001_id42_s0_96.png,1,VALID,-0.28564453,0.29418945,-0.46044922,-0.96521914,LCC-FASD external-dev / cross-domain stress set,False
YOUTUBE_HP15AC113UR_GZS5001_id42_s0_111.png,1,VALID,-0.21044922,0.1928711,-0.57714844,-0.78381217,LCC-FASD external-dev / cross-domain stress set,False
YOUTUBE_HP15AC113UR_GZS5001_id42_s0_126.png,1,VALID,-0.38012695,0.71533203,-0.69873047,-1.3131102,LCC-FASD external-dev / cross-domain stress set,False
YOUTUBE_HP15AC113UR_GZS5001_id42_s0_141.png,1,VALID,-0.27514648,0.35327148,-0.5546875,-0.9672778,LCC-FASD external-dev / cross-domain stress set,False
YOUTUBE_HP15AC113UR_GZS5001_id42_s0_156.png,1,VALID,0.056793213,-0.33081055,-0.46240234,-0.24191046,LCC-FASD external-dev / cross-domain stress set,True
YOUTUBE_HP15AC113UR_GZS5001_id42_s0_171.png,1,VALID,0.18457031,0.2121582,-0.91015625,-0.3093969,LCC-FASD external-dev / cross-domain stress set,True
YOUTUBE_HP15AC113UR_GZS5001_id48_s0_15.png,1,VALID,-1.2412109,2.1738281,-1.0371094,-3.4545662,LCC-FASD external-dev / cross-domain stress set,False
YOUTUBE_HP15AC113UR_GZS5001_id48_s0_30.png,1,VALID,-1.4072266,2.6113281,-1.0556641,-4.043787,LCC-FASD external-dev / cross-domain stress set,False
YOUTUBE_HP15AC113UR_GZS5001_id48_s0_45.png,1,VALID,-1.5546875,2.7578125,-0.9868164,-4.3358693,LCC-FASD external-dev / cross-domain stress set,False
YOUTUBE_HP15AC113UR_GZS5001_id48_s0_60.png,1,VALID,-1.1621094,2.0097656,-0.92822266,-3.223492,LCC-FASD external-dev / cross-domain stress set,False
YOUTUBE_HP15AC113UR_GZS5001_id48_s0_75.png,1,VALID,-1.0976562,1.9248047,-0.9824219,-3.0756483,LCC-FASD external-dev / cross-domain stress set,False
YOUTUBE_HP15AC113UR_GZS5001_id48_s0_90.png,1,VALID,-1.2490234,2.1269531,-0.94384766,-3.4213169,LCC-FASD external-dev / cross-domain stress set,False
YOUTUBE_HP15AC113UR_GZS5001_id48_s0_105.png,1,VALID,-1.2509766,2.2226562,-1.0146484,-3.512151,LCC-FASD external-dev / cross-domain stress set,False
YOUTUBE_HP15AC113UR_GZS5001_id48_s0_120.png,1,VALID,-1.3271484,2.2539062,-0.8569336,-3.6246538,LCC-FASD external-dev / cross-domain stress set,False
YOUTUBE_HP15AC113UR_GZS5001_id48_s0_135.png,1,VALID,-1.2353516,2.0644531,-0.8286133,-3.3537302,LCC-FASD external-dev / cross-domain stress set,False
YOUTUBE_HP15AC113UR_GZS5001_id48_s0_150.png,1,VALID,-0.85058594,1.828125,-1.0253906,-2.7347522,LCC-FASD external-dev / cross-domain stress set,False
YOUTUBE_HP250G6_XPERIAZ5_id43_s0_15.png,1,VALID,-1.3789062,2.1152344,-0.62109375,-3.556935,LCC-FASD external-dev / cross-domain stress set,False
YOUTUBE_HP250G6_XPERIAZ5_id43_s0_30.png,1,VALID,-1.3964844,2.390625,-0.8623047,-3.8250415,LCC-FASD external-dev / cross-domain stress set,False
YOUTUBE_HP250G6_XPERIAZ5_id43_s0_47.png,1,VALID,-1.5947266,2.6074219,-0.73779297,-4.236794,LCC-FASD external-dev / cross-domain stress set,False
YOUTUBE_HP250G6_XPERIAZ5_id43_s0_66.png,1,VALID,-1.6025391,2.3652344,-0.73046875,-4.012023,LCC-FASD external-dev / cross-domain stress set,False
YOUTUBE_HP250G6_XPERIAZ5_id43_s0_81.png,1,VALID,-1.4111328,2.1074219,-0.6879883,-3.577851,LCC-FASD external-dev / cross-domain stress set,False
YOUTUBE_HP250G6_XPERIAZ5_id43_s0_96.png,1,VALID,-1.5566406,2.0546875,-0.35327148,-3.6975048,LCC-FASD external-dev / cross-domain stress set,False
YOUTUBE_HP250G6_XPERIAZ5_id43_s0_118.png,1,VALID,-1.6806641,2.4511719,-0.5449219,-4.1806087,LCC-FASD external-dev / cross-domain stress set,False
YOUTUBE_HP250G6_XPERIAZ5_id43_s0_133.png,1,VALID,-1.4648438,2.4550781,-0.7558594,-3.959449,LCC-FASD external-dev / cross-domain stress set,False
YOUTUBE_HP250G6_XPERIAZ5_id43_s0_148.png,1,VALID,-1.5195312,2.6054688,-0.8442383,-4.1562614,LCC-FASD external-dev / cross-domain stress set,False
YOUTUBE_HP250G6_XPERIAZ5_id43_s0_164.png,1,VALID,-1.8203125,2.4765625,-0.5048828,-4.34635,LCC-FASD external-dev / cross-domain stress set,False
YOUTUBE_HP250G6_XPERIAZ5_id43_s1_15.png,1,VALID,0.6230469,-0.45385742,-0.92626953,0.5923221,LCC-FASD external-dev / cross-domain stress set,True
YOUTUBE_HP250G6_XPERIAZ5_id43_s1_30.png,1,VALID,-0.15600586,0.5205078,-0.64404297,-0.9481143,LCC-FASD external-dev / cross-domain stress set,False
YOUTUBE_HP250G6_XPERIAZ5_id43_s1_46.png,1,VALID,0.625,-0.24438477,-0.984375,0.47929147,LCC-FASD external-dev / cross-domain stress set,True
YOUTUBE_HP250G6_XPERIAZ5_id43_s1_61.png,1,VALID,0.34521484,-0.11541748,-0.8671875,0.07432887,LCC-FASD external-dev / cross-domain stress set,True
YOUTUBE_HP250G6_XPERIAZ5_id43_s1_76.png,1,VALID,0.34326172,-0.15991211,-0.78515625,0.07455829,LCC-FASD external-dev / cross-domain stress set,True
YOUTUBE_HP250G6_XPERIAZ5_id43_s1_92.png,1,VALID,0.71972656,-0.23205566,-1.1826172,0.62498236,LCC-FASD external-dev / cross-domain stress set,True
YOUTUBE_HP250G6_XPERIAZ5_id43_s1_107.png,1,VALID,0.97265625,-0.56640625,-1.1621094,1.1000499,LCC-FASD external-dev / cross-domain stress set,True
YOUTUBE_HP250G6_XPERIAZ5_id43_s1_122.png,1,VALID,1.1015625,-1.0078125,-1.2724609,1.5398226,LCC-FASD external-dev / cross-domain stress set,True
YOUTUBE_HP250G6_XPERIAZ5_id43_s1_137.png,1,VALID,0.5161133,-0.37573242,-0.8256836,0.39857772,LCC-FASD external-dev / cross-domain stress set,True
YOUTUBE_HP250G6_XPERIAZ5_id43_s1_152.png,1,VALID,0.7270508,-0.5888672,-1.1015625,0.8466151,LCC-FASD external-dev / cross-domain stress set,True
YOUTUBE_HP250G6_XPERIAZ5_id48_s1_107.png,1,VALID,-0.8808594,2.0742188,-1.2089844,-2.9918997,LCC-FASD external-dev / cross-domain stress set,False
YOUTUBE_DIGUNKNOWN_IPHONE5SF_id42_s1_95.png,1,VALID,-0.15539551,1.2412109,-1.1669922,-1.4827628,LCC-FASD external-dev / cross-domain stress set,False
YOUTUBE_DLE6540_HTCDEYE_id39_s1_15.png,1,VALID,1.5429688,-1.578125,-1.3876953,2.3282056,LCC-FASD external-dev / cross-domain stress set,True
YOUTUBE_DLE6540_HTCDEYE_id39_s1_53.png,1,VALID,1.2148438,-1.2207031,-1.203125,1.733572,LCC-FASD external-dev / cross-domain stress set,True
YOUTUBE_DLE6540_HTCDEYE_id39_s1_68.png,1,VALID,1.2089844,-1.1689453,-1.2294922,1.7145978,LCC-FASD external-dev / cross-domain stress set,True
YOUTUBE_DLE6540_HTCDEYE_id39_s1_83.png,1,VALID,1.2529297,-0.9453125,-1.4257812,1.7167466,LCC-FASD external-dev / cross-domain stress set,True
YOUTUBE_DLE6540_HTCDEYE_id39_s1_98.png,1,VALID,1.4423828,-1.5341797,-1.3193359,2.1702347,LCC-FASD external-dev / cross-domain stress set,True
YOUTUBE_DLE6540_HTCDEYE_id39_s1_113.png,1,VALID,1.0507812,-1.3808594,-0.99072266,1.5245187,LCC-FASD external-dev / cross-domain stress set,True
YOUTUBE_DLE6540_HTCDEYE_id39_s1_128.png,1,VALID,1.3564453,-1.5244141,-1.2890625,2.0631285,LCC-FASD external-dev / cross-domain stress set,True
YOUTUBE_DLE6540_HTCDEYE_id42_s0_15.png,1,VALID,1.0664062,-1.2060547,-1.0253906,1.4849074,LCC-FASD external-dev / cross-domain stress set,True
YOUTUBE_DLE6540_HTCDEYE_id42_s0_30.png,1,VALID,1.1943359,-1.3486328,-1.1015625,1.7186754,LCC-FASD external-dev / cross-domain stress set,True
YOUTUBE_DLE6540_HTCDEYE_id42_s0_45.png,1,VALID,1.1884766,-1.4775391,-1.0683594,1.7474945,LCC-FASD external-dev / cross-domain stress set,True
YOUTUBE_DLE6540_HTCDEYE_id42_s0_60.png,1,VALID,0.89941406,-1.015625,-0.93408203,1.1802895,LCC-FASD external-dev / cross-domain stress set,True
YOUTUBE_DLE6540_HTCDEYE_id42_s0_75.png,1,VALID,0.99609375,-1.1386719,-0.98828125,1.3635986,LCC-FASD external-dev / cross-domain stress set,True
YOUTUBE_DLE6540_HTCDEYE_id42_s0_90.png,1,VALID,0.9370117,-0.9243164,-0.98535156,1.1982329,LCC-FASD external-dev / cross-domain stress set,True
YOUTUBE_DLE6540_HTCDEYE_id42_s0_105.png,1,VALID,1.0869141,-0.9140625,-1.2714844,1.4706558,LCC-FASD external-dev / cross-domain stress set,True
YOUTUBE_DLE6540_HTCDEYE_id42_s0_120.png,1,VALID,0.9794922,-0.69970703,-1.2519531,1.2245278,LCC-FASD external-dev / cross-domain stress set,True
YOUTUBE_DLE6540_HTCDEYE_id42_s0_135.png,1,VALID,0.9458008,-0.7949219,-1.140625,1.205562,LCC-FASD external-dev / cross-domain stress set,True
YOUTUBE_DLE6540_HTCDEYE_id42_s0_150.png,1,VALID,0.57470703,-0.5317383,-0.8588867,0.56355333,LCC-FASD external-dev / cross-domain stress set,True
YOUTUBE_DLE6540_HTCDEYE_id42_s1_15.png,1,VALID,-0.015342712,0.7675781,-1.2617188,-0.9064013,LCC-FASD external-dev / cross-domain stress set,False
YOUTUBE_DLE6540_HTCDEYE_id42_s1_30.png,1,VALID,0.49804688,-0.42456055,-0.8955078,0.43746245,LCC-FASD external-dev / cross-domain stress set,True
YOUTUBE_DLE6540_HTCDEYE_id42_s1_45.png,1,VALID,0.7504883,-0.2697754,-1.3105469,0.7178048,LCC-FASD external-dev / cross-domain stress set,True
YOUTUBE_DLE6540_HTCDEYE_id42_s1_60.png,1,VALID,0.75927734,-0.6972656,-0.9814453,0.89542466,LCC-FASD external-dev / cross-domain stress set,True
YOUTUBE_DLE6540_HTCDEYE_id42_s1_75.png,1,VALID,0.94433594,-0.69677734,-1.1865234,1.1631527,LCC-FASD external-dev / cross-domain stress set,True
YOUTUBE_DLE6540_HTCDEYE_id42_s1_90.png,1,VALID,0.60839844,0.0077781677,-1.2324219,0.34650043,LCC-FASD external-dev / cross-domain stress set,True
YOUTUBE_DLE6540_HTCDEYE_id42_s1_136.png,1,VALID,0.20996094,-0.53271484,-0.31201172,-0.06689942,LCC-FASD external-dev / cross-domain stress set,True
YOUTUBE_DLE6540_HTCDEYE_id42_s1_152.png,1,VALID,0.2199707,-0.18652344,-0.65966797,-0.07780677,LCC-FASD external-dev / cross-domain stress set,True
YOUTUBE_DP2717H_HTCONEM9_id48_s0_15.png,1,VALID,-0.8300781,2.2167969,-1.4443359,-3.0722537,LCC-FASD external-dev / cross-domain stress set,False
YOUTUBE_DP2717H_HTCONEM9_id48_s0_30.png,1,VALID,-1.2763672,2.0488281,-0.66015625,-3.3896754,LCC-FASD external-dev / cross-domain stress set,False
YOUTUBE_DP2717H_HTCONEM9_id48_s0_45.png,1,VALID,-0.09814453,1.2451172,-1.4375,-1.4094089,LCC-FASD external-dev / cross-domain stress set,False
YOUTUBE_DP2717H_HTCONEM9_id48_s0_60.png,1,VALID,-0.22961426,1.6679688,-1.6386719,-1.9335668,LCC-FASD external-dev / cross-domain stress set,False
YOUTUBE_DP2717H_HTCONEM9_id48_s0_75.png,1,VALID,-0.45043945,1.7255859,-1.3710938,-2.2202327,LCC-FASD external-dev / cross-domain stress set,False
YOUTUBE_DP2717H_HTCONEM9_id48_s0_90.png,1,VALID,-0.27319336,1.6494141,-1.5800781,-1.9614218,LCC-FASD external-dev / cross-domain stress set,False
YOUTUBE_DP2717H_HTCONEM9_id48_s0_105.png,1,VALID,-0.60546875,2.203125,-1.5410156,-2.8319743,LCC-FASD external-dev / cross-domain stress set,False
YOUTUBE_DP2717H_HTCONEM9_id48_s0_120.png,1,VALID,0.1348877,0.9873047,-1.4970703,-0.9325006,LCC-FASD external-dev / cross-domain stress set,False
YOUTUBE_DP2717H_HTCONEM9_id48_s0_135.png,1,VALID,0.06072998,0.93115234,-1.3994141,-0.96322095,LCC-FASD external-dev / cross-domain stress set,False
YOUTUBE_DP2717H_HTCONEM9_id48_s0_150.png,1,VALID,-0.94921875,2.015625,-0.9863281,-3.0133386,LCC-FASD external-dev / cross-domain stress set,False
YOUTUBE_DV3360_LA6020A40_id39_s1_15.png,1,VALID,0.07110596,0.0770874,-0.97509766,-0.305474,LCC-FASD external-dev / cross-domain stress set,True
YOUTUBE_DV3360_LA6020A40_id39_s1_30.png,1,VALID,1.0263672,-1.1142578,-1.0888672,1.4347019,LCC-FASD external-dev / cross-domain stress set,True
YOUTUBE_DV3360_LA6020A40_id39_s1_45.png,1,VALID,0.3762207,-0.42358398,-0.89941406,0.31653374,LCC-FASD external-dev / cross-domain stress set,True
YOUTUBE_DV3360_LA6020A40_id39_s1_63.png,1,VALID,0.38330078,-0.76123047,-0.68115234,0.41054368,LCC-FASD external-dev / cross-domain stress set,True
YOUTUBE_DV3360_LA6020A40_id39_s1_78.png,1,VALID,0.4165039,-0.32421875,-1.0410156,0.3430788,LCC-FASD external-dev / cross-domain stress set,True
YOUTUBE_DV3360_LA6020A40_id39_s1_93.png,1,VALID,0.02645874,0.074279785,-0.8613281,-0.3788121,LCC-FASD external-dev / cross-domain stress set,True
YOUTUBE_DV3360_LA6020A40_id39_s1_108.png,1,VALID,-0.25146484,0.47851562,-0.89746094,-0.95519614,LCC-FASD external-dev / cross-domain stress set,False
YOUTUBE_DV3360_LA6020A40_id39_s1_123.png,1,VALID,0.34716797,-0.38793945,-0.9243164,0.27460918,LCC-FASD external-dev / cross-domain stress set,True
YOUTUBE_DV3360_LA6020A40_id42_s0_15.png,1,VALID,1.1660156,-0.49487305,-1.5302734,1.3570251,LCC-FASD external-dev / cross-domain stress set,True
YOUTUBE_DV3360_LA6020A40_id42_s0_30.png,1,VALID,0.7939453,-0.033477783,-1.5146484,0.62254834,LCC-FASD external-dev / cross-domain stress set,True
YOUTUBE_DV3360_LA6020A40_id42_s0_106.png,1,VALID,-0.11834717,0.8178711,-1.0556641,-1.0790882,LCC-FASD external-dev / cross-domain stress set,False
YOUTUBE_DV3360_LA6020A40_id42_s0_128.png,1,VALID,-0.44311523,0.7836914,-0.5488281,-1.4609389,LCC-FASD external-dev / cross-domain stress set,False
YOUTUBE_DV3360_LA6020A40_id42_s0_143.png,1,VALID,-0.25927734,0.9848633,-0.89404297,-1.3862971,LCC-FASD external-dev / cross-domain stress set,False
YOUTUBE_DV3360_LA6020A40_id42_s0_158.png,1,VALID,-0.2541504,0.9472656,-0.89990234,-1.3478367,LCC-FASD external-dev / cross-domain stress set,False
YOUTUBE_DV3360_LA6020A40_id42_s0_173.png,1,VALID,0.54833984,-0.43237305,-0.9902344,0.5280894,LCC-FASD external-dev / cross-domain stress set,True
YOUTUBE_C27F591FDI_LGG3D690_id43_s0_15.png,1,VALID,0.15637207,0.041534424,-0.84472656,-0.2303069,LCC-FASD external-dev / cross-domain stress set,True
YOUTUBE_C27F591FDI_LGG3D690_id43_s0_30.png,1,VALID,0.5566406,-0.33520508,-0.9765625,0.46881756,LCC-FASD external-dev / cross-domain stress set,True
YOUTUBE_C27F591FDI_LGG3D690_id43_s0_46.png,1,VALID,-1.4238281,0.69628906,0.30517578,-2.6367083,LCC-FASD external-dev / cross-domain stress set,False
YOUTUBE_C27F591FDI_LGG3D690_id43_s0_61.png,1,VALID,-0.45092773,0.76660156,-0.8144531,-1.4046377,LCC-FASD external-dev / cross-domain stress set,False
YOUTUBE_C27F591FDI_LGG3D690_id43_s0_76.png,1,VALID,1.1337891,-1.8857422,-0.56884766,1.4652226,LCC-FASD external-dev / cross-domain stress set,True
YOUTUBE_C27F591FDI_LGG3D690_id43_s0_91.png,1,VALID,0.6796875,-1.0166016,-0.6875,0.8251133,LCC-FASD external-dev / cross-domain stress set,True
YOUTUBE_C27F591FDI_LGG3D690_id43_s0_136.png,1,VALID,1.0654297,-1.4599609,-0.88623047,1.5047846,LCC-FASD external-dev / cross-domain stress set,True
YOUTUBE_C27F591FDI_LGG3D690_id43_s0_151.png,1,VALID,0.16333008,0.20568848,-0.90478516,-0.3270883,LCC-FASD external-dev / cross-domain stress set,True
YOUTUBE_C27F591FDI_LGG3D690_id43_s1_15.png,1,VALID,0.69189453,-2.0253906,-0.1149292,0.66879195,LCC-FASD external-dev / cross-domain stress set,True
YOUTUBE_C27F591FDI_LGG3D690_id43_s1_30.png,1,VALID,-0.14611816,0.39160156,-0.82714844,-0.7966932,LCC-FASD external-dev / cross-domain stress set,False
YOUTUBE_C27F591FDI_LGG3D690_id43_s1_45.png,1,VALID,0.88964844,-1.3632812,-0.74902344,1.2062129,LCC-FASD external-dev / cross-domain stress set,True
YOUTUBE_C27F591FDI_LGG3D690_id43_s1_60.png,1,VALID,1.3945312,-1.4501953,-1.3964844,2.1243634,LCC-FASD external-dev / cross-domain stress set,True
YOUTUBE_C27F591FDI_LGG3D690_id43_s1_75.png,1,VALID,-0.70703125,0.18859863,-0.017852783,-1.4908698,LCC-FASD external-dev / cross-domain stress set,False
YOUTUBE_C27F591FDI_LGG3D690_id43_s1_90.png,1,VALID,0.5004883,-0.91064453,-0.5786133,0.53825223,LCC-FASD external-dev / cross-domain stress set,True
YOUTUBE_C27F591FDI_LGG3D690_id43_s1_105.png,1,VALID,1.3447266,-1.6425781,-1.0996094,1.9862652,LCC-FASD external-dev / cross-domain stress set,True
YOUTUBE_C27F591FDI_LGG3D690_id43_s1_120.png,1,VALID,1.65625,-2.2246094,-1.4443359,2.7233279,LCC-FASD external-dev / cross-domain stress set,True
YOUTUBE_C27F591FDI_LGG3D690_id43_s1_135.png,1,VALID,1.8339844,-2.1308594,-1.5576172,2.94455,LCC-FASD external-dev / cross-domain stress set,True
YOUTUBE_C27F591FDI_LGG3D690_id43_s1_150.png,1,VALID,0.76660156,-1.640625,-0.5917969,1.0580361,LCC-FASD external-dev / cross-domain stress set,True
YOUTUBE_C27F591FDI_LGG3D690_id48_s1_15.png,1,VALID,0.94970703,-1.9443359,-0.63964844,1.349349,LCC-FASD external-dev / cross-domain stress set,True
YOUTUBE_C27F591FDI_LGG3D690_id48_s1_30.png,1,VALID,1.5556641,-2.2246094,-1.3222656,2.5374527,LCC-FASD external-dev / cross-domain stress set,True
YOUTUBE_C27F591FDI_LGG3D690_id48_s1_45.png,1,VALID,0.91845703,-1.4199219,-1.0488281,1.4425688,LCC-FASD external-dev / cross-domain stress set,True
YOUTUBE_C27F591FDI_LGG3D690_id48_s1_60.png,1,VALID,0.8305664,-1.7519531,-0.64990234,1.1936452,LCC-FASD external-dev / cross-domain stress set,True
YOUTUBE_C27F591FDI_LGG3D690_id48_s1_75.png,1,VALID,1.1445312,-1.7460938,-1.015625,1.7669775,LCC-FASD external-dev / cross-domain stress set,True
YOUTUBE_C27F591FDI_LGG3D690_id48_s1_90.png,1,VALID,0.9248047,-1.5390625,-0.9277344,1.4190505,LCC-FASD external-dev / cross-domain stress set,True
YOUTUBE_C27F591FDI_LGG3D690_id48_s1_105.png,1,VALID,1.0888672,-1.8984375,-0.9375,1.7024491,LCC-FASD external-dev / cross-domain stress set,True
YOUTUBE_C27F591FDI_LGG3D690_id48_s1_121.png,1,VALID,0.4338379,-0.47070312,-0.94091797,0.4191145,LCC-FASD external-dev / cross-domain stress set,True
YOUTUBE_C27F591FDI_LGG3D690_id48_s1_136.png,1,VALID,0.296875,-1.5146484,-0.18188477,0.24467838,LCC-FASD external-dev / cross-domain stress set,True
YOUTUBE_C27F591FDI_LGG3D690_id48_s1_151.png,1,VALID,1.4970703,-2.0605469,-1.2958984,2.410774,LCC-FASD external-dev / cross-domain stress set,True
YOUTUBE_DIGUNKNOWN_IPHONE5SF_id39_s1_15.png,1,VALID,-0.18493652,1.078125,-1.3369141,-1.3486553,LCC-FASD external-dev / cross-domain stress set,False
YOUTUBE_DIGUNKNOWN_IPHONE5SF_id39_s1_35.png,1,VALID,0.3762207,0.3779297,-1.3261719,-0.16886258,LCC-FASD external-dev / cross-domain stress set,True
YOUTUBE_DIGUNKNOWN_IPHONE5SF_id39_s1_53.png,1,VALID,0.01977539,1.1962891,-1.6074219,-1.2353342,LCC-FASD external-dev / cross-domain stress set,False
YOUTUBE_DIGUNKNOWN_IPHONE5SF_id39_s1_68.png,1,VALID,-0.042877197,0.9868164,-1.3720703,-1.1200144,LCC-FASD external-dev / cross-domain stress set,False
YOUTUBE_DIGUNKNOWN_IPHONE5SF_id39_s1_91.png,1,VALID,-0.22424316,0.9995117,-1.2177734,-1.3271273,LCC-FASD external-dev / cross-domain stress set,False
YOUTUBE_DIGUNKNOWN_IPHONE5SF_id39_s1_106.png,1,VALID,0.1083374,0.67626953,-1.3349609,-0.693528,LCC-FASD external-dev / cross-domain stress set,False
YOUTUBE_DIGUNKNOWN_IPHONE5SF_id39_s1_121.png,1,VALID,0.52197266,0.12219238,-1.375,0.19785422,LCC-FASD external-dev / cross-domain stress set,True
YOUTUBE_DIGUNKNOWN_IPHONE5SF_id39_s1_136.png,1,VALID,0.5073242,0.26464844,-1.5283203,0.08869773,LCC-FASD external-dev / cross-domain stress set,True
YOUTUBE_DIGUNKNOWN_IPHONE5SF_id42_s0_15.png,1,VALID,0.76660156,-0.68847656,-1.0126953,0.91095775,LCC-FASD external-dev / cross-domain stress set,True
YOUTUBE_DIGUNKNOWN_IPHONE5SF_id42_s0_30.png,1,VALID,0.7504883,-0.47827148,-1.1904297,0.82959163,LCC-FASD external-dev / cross-domain stress set,True
YOUTUBE_DIGUNKNOWN_IPHONE5SF_id42_s0_45.png,1,VALID,0.90283203,-0.67871094,-1.1884766,1.1111417,LCC-FASD external-dev / cross-domain stress set,True
YOUTUBE_DIGUNKNOWN_IPHONE5SF_id42_s0_60.png,1,VALID,0.70996094,0.084106445,-1.5830078,0.45291764,LCC-FASD external-dev / cross-domain stress set,True
YOUTUBE_DIGUNKNOWN_IPHONE5SF_id42_s0_75.png,1,VALID,0.75097656,-0.39697266,-1.2841797,0.8030807,LCC-FASD external-dev / cross-domain stress set,True
YOUTUBE_DIGUNKNOWN_IPHONE5SF_id42_s0_90.png,1,VALID,0.9111328,-0.024154663,-1.6181641,0.7503779,LCC-FASD external-dev / cross-domain stress set,True
YOUTUBE_DIGUNKNOWN_IPHONE5SF_id42_s0_105.png,1,VALID,0.76464844,0.21850586,-1.6220703,0.39882147,LCC-FASD external-dev / cross-domain stress set,True
YOUTUBE_DIGUNKNOWN_IPHONE5SF_id42_s0_120.png,1,VALID,0.6533203,0.3581543,-1.6162109,0.1651476,LCC-FASD external-dev / cross-domain stress set,True
YOUTUBE_DIGUNKNOWN_IPHONE5SF_id42_s0_135.png,1,VALID,0.56640625,0.21472168,-1.4335938,0.17573851,LCC-FASD external-dev / cross-domain stress set,True
YOUTUBE_DIGUNKNOWN_IPHONE5SF_id42_s0_150.png,1,VALID,0.5761719,0.13317871,-1.34375,0.23733121,LCC-FASD external-dev / cross-domain stress set,True
YOUTUBE_DIGUNKNOWN_IPHONE5SF_id42_s1_18.png,1,VALID,-0.10632324,1.5791016,-1.6503906,-1.7242392,LCC-FASD external-dev / cross-domain stress set,False
YOUTUBE_DIGUNKNOWN_IPHONE5SF_id42_s1_35.png,1,VALID,0.49291992,0.17736816,-1.2363281,0.097828865,LCC-FASD external-dev / cross-domain stress set,True
YOUTUBE_DIGUNKNOWN_IPHONE5SF_id42_s1_50.png,1,VALID,0.42871094,0.8256836,-1.5742188,-0.48381698,LCC-FASD external-dev / cross-domain stress set,True
YOUTUBE_DIGUNKNOWN_IPHONE5SF_id42_s1_65.png,1,VALID,-0.88964844,1.6064453,-0.68115234,-2.5927758,LCC-FASD external-dev / cross-domain stress set,False
YOUTUBE_DIGUNKNOWN_IPHONE5SF_id42_s1_80.png,1,VALID,0.0993042,0.74316406,-1.1835938,-0.7798054,LCC-FASD external-dev / cross-domain stress set,False
YOUTUBE_DIGUNKNOWN_IPHONE5SF_id42_s1_141.png,1,VALID,-0.96728516,1.7685547,-0.66796875,-2.8196888,LCC-FASD external-dev / cross-domain stress set,False
YOUTUBE_DIGUNKNOWN_IPHONE5SF_id42_s1_176.png,1,VALID,-0.43969727,1.4511719,-1.1103516,-1.9652222,LCC-FASD external-dev / cross-domain stress set,False
YOUTUBE_BQVW2245_NEXUS5_id42_s0_16.png,1,VALID,0.6689453,-0.4111328,-1.0605469,0.65982175,LCC-FASD external-dev / cross-domain stress set,True
YOUTUBE_BQVW2245_NEXUS5_id42_s0_38.png,1,VALID,0.7260742,-0.46875,-1.1044922,0.7698556,LCC-FASD external-dev / cross-domain stress set,True
YOUTUBE_BQVW2245_NEXUS5_id42_s0_156.png,1,VALID,0.61621094,-0.15161133,-1.2392578,0.47738746,LCC-FASD external-dev / cross-domain stress set,True
YOUTUBE_BQVW2245_NEXUS5_id42_s0_171.png,1,VALID,0.97753906,-0.5854492,-1.3525391,1.1815683,LCC-FASD external-dev / cross-domain stress set,True
YOUTUBE_BQVW2245_NEXUS5_id42_s0_186.png,1,VALID,1.1875,-0.7060547,-1.5009766,1.5208769,LCC-FASD external-dev / cross-domain stress set,True
YOUTUBE_BQVW2245_NEXUS5_id42_s0_201.png,1,VALID,1.1416016,-0.71777344,-1.4267578,1.4591612,LCC-FASD external-dev / cross-domain stress set,True
YOUTUBE_BQVW2245_NEXUS5_id42_s0_216.png,1,VALID,0.69628906,-0.54296875,-1.0800781,0.7790298,LCC-FASD external-dev / cross-domain stress set,True
YOUTUBE_BQVW2245_NEXUS5_id42_s0_232.png,1,VALID,0.9970703,-0.70751953,-1.3066406,1.2667904,LCC-FASD external-dev / cross-domain stress set,True
YOUTUBE_BQXL2420_NEXUS5_id39_s0_15.png,1,VALID,0.6376953,0.30859375,-1.6748047,0.20018011,LCC-FASD external-dev / cross-domain stress set,True
YOUTUBE_BQXL2420_NEXUS5_id39_s0_30.png,1,VALID,0.8520508,0.27929688,-1.5878906,0.42903656,LCC-FASD external-dev / cross-domain stress set,True
YOUTUBE_BQXL2420_NEXUS5_id39_s0_45.png,1,VALID,0.3852539,0.7060547,-1.6015625,-0.41565454,LCC-FASD external-dev / cross-domain stress set,True
YOUTUBE_BQXL2420_NEXUS5_id43_s0_15.png,1,VALID,-0.99560547,1.4404297,-0.52246094,-2.5674596,LCC-FASD external-dev / cross-domain stress set,False
YOUTUBE_BQXL2420_NEXUS5_id43_s0_30.png,1,VALID,-1.0068359,2.0234375,-1.0449219,-3.0757222,LCC-FASD external-dev / cross-domain stress set,False
YOUTUBE_BQXL2420_NEXUS5_id43_s0_45.png,1,VALID,-0.9433594,1.7636719,-0.93652344,-2.7720625,LCC-FASD external-dev / cross-domain stress set,False
YOUTUBE_BQXL2420_NEXUS5_id43_s0_60.png,1,VALID,-0.6323242,0.5415039,-0.2956543,-1.5335557,LCC-FASD external-dev / cross-domain stress set,False
YOUTUBE_BQXL2420_NEXUS5_id43_s0_75.png,1,VALID,-0.53027344,0.78515625,-0.5703125,-1.5448148,LCC-FASD external-dev / cross-domain stress set,False
YOUTUBE_BQXL2420_NEXUS5_id43_s0_90.png,1,VALID,-0.5131836,0.5932617,-0.40478516,-1.4202327,LCC-FASD external-dev / cross-domain stress set,False
YOUTUBE_BQXL2420_NEXUS5_id43_s0_116.png,1,VALID,-0.92529297,1.7900391,-0.93652344,-2.7787235,LCC-FASD external-dev / cross-domain stress set,False
YOUTUBE_BQXL2420_NEXUS5_id43_s0_131.png,1,VALID,0.022476196,0.012748718,-0.71533203,-0.3842282,LCC-FASD external-dev / cross-domain stress set,True
YOUTUBE_BQXL2420_NEXUS5_id43_s0_146.png,1,VALID,-0.3544922,0.5859375,-0.58154297,-1.2113342,LCC-FASD external-dev / cross-domain stress set,False
YOUTUBE_BQXL2420_NEXUS5_id43_s0_161.png,1,VALID,-0.80908203,1.3056641,-0.6879883,-2.2424328,LCC-FASD external-dev / cross-domain stress set,False
YOUTUBE_BQXL2420_NEXUS5_id43_s1_15.png,1,VALID,1.4150391,-1.4990234,-1.3398438,2.1381617,LCC-FASD external-dev / cross-domain stress set,True
YOUTUBE_BQXL2420_NEXUS5_id43_s1_36.png,1,VALID,1.2236328,-1.5488281,-1.0439453,1.7953417,LCC-FASD external-dev / cross-domain stress set,True
YOUTUBE_BQXL2420_NEXUS5_id43_s1_51.png,1,VALID,1.3349609,-1.5634766,-1.0478516,1.914606,LCC-FASD external-dev / cross-domain stress set,True
YOUTUBE_BQXL2420_NEXUS5_id43_s1_66.png,1,VALID,1.8056641,-2.125,-1.4414062,2.8384106,LCC-FASD external-dev / cross-domain stress set,True
YOUTUBE_BQXL2420_NEXUS5_id43_s1_92.png,1,VALID,1.28125,-1.6777344,-1.0253906,1.8873885,LCC-FASD external-dev / cross-domain stress set,True
YOUTUBE_BQXL2420_NEXUS5_id43_s1_118.png,1,VALID,0.86279297,-1.2949219,-0.84716797,1.2158369,LCC-FASD external-dev / cross-domain stress set,True
YOUTUBE_BQXL2420_NEXUS5_id43_s1_133.png,1,VALID,1.3886719,-1.7333984,-1.1552734,2.0986514,LCC-FASD external-dev / cross-domain stress set,True
YOUTUBE_BQXL2420_NEXUS5_id43_s1_148.png,1,VALID,0.9609375,-1.4775391,-0.75146484,1.3177929,LCC-FASD external-dev / cross-domain stress set,True
YOUTUBE_BQXL2420_NEXUS5_id43_s1_163.png,1,VALID,-0.40527344,-0.76171875,0.23254395,-0.9526253,LCC-FASD external-dev / cross-domain stress set,False
YOUTUBE_BQXL2420_NEXUS5_id48_s1_15.png,1,VALID,0.55126953,-1.3134766,-0.4802246,0.6705847,LCC-FASD external-dev / cross-domain stress set,True
YOUTUBE_BQXL2420_NEXUS5_id48_s1_30.png,1,VALID,0.4663086,-1.3369141,-0.30566406,0.4670199,LCC-FASD external-dev / cross-domain stress set,True
YOUTUBE_BQXL2420_NEXUS5_id48_s1_45.png,1,VALID,0.31396484,-1.0,-0.39013672,0.27009752,LCC-FASD external-dev / cross-domain stress set,True
YOUTUBE_BQXL2420_NEXUS5_id48_s1_60.png,1,VALID,-0.22265625,-0.0670166,-0.49389648,-0.6579543,LCC-FASD external-dev / cross-domain stress set,False
YOUTUBE_BQXL2420_NEXUS5_id48_s1_75.png,1,VALID,-0.68847656,0.62158203,-0.38061523,-1.6227298,LCC-FASD external-dev / cross-domain stress set,False
YOUTUBE_BQXL2420_NEXUS5_id48_s1_90.png,1,VALID,-1.3720703,-0.7919922,1.5205078,-2.986991,LCC-FASD external-dev / cross-domain stress set,False
YOUTUBE_BQXL2420_NEXUS5_id48_s1_105.png,1,VALID,-0.30615234,-0.07836914,-0.2956543,-0.8181779,LCC-FASD external-dev / cross-domain stress set,False
YOUTUBE_BQXL2420_NEXUS5_id48_s1_120.png,1,VALID,-0.8100586,0.6347656,-0.2841797,-1.7805388,LCC-FASD external-dev / cross-domain stress set,False
YOUTUBE_BQXL2420_NEXUS5_id48_s1_135.png,1,VALID,-0.18811035,-0.73291016,0.059906006,-0.62134975,LCC-FASD external-dev / cross-domain stress set,False
YOUTUBE_BQXL2420_NEXUS5_id48_s1_150.png,1,VALID,-0.11810303,-0.20727539,-0.33203125,-0.54354113,LCC-FASD external-dev / cross-domain stress set,True
YOUTUBE_C27F591FDI_LGG3D690_id39_s0_15.png,1,VALID,0.30786133,1.4091797,-1.9462891,-1.1356164,LCC-FASD external-dev / cross-domain stress set,False
YOUTUBE_C27F591FDI_LGG3D690_id39_s0_31.png,1,VALID,-0.12213135,1.7246094,-1.7226562,-1.8780771,LCC-FASD external-dev / cross-domain stress set,False
YOUTUBE_C27F591FDI_LGG3D690_id39_s0_46.png,1,VALID,0.09240723,0.9873047,-1.5322266,-0.9723189,LCC-FASD external-dev / cross-domain stress set,False
YOUTUBE_C27F591FDI_LGG3D690_id39_s0_61.png,1,VALID,0.82470703,-0.10803223,-1.3271484,0.67384934,LCC-FASD external-dev / cross-domain stress set,True
YOUTUBE_C27F591FDI_LGG3D690_id43_s0_106.png,1,VALID,1.3203125,-1.2119141,-1.0800781,1.7709904,LCC-FASD external-dev / cross-domain stress set,True
YOUTUBE_C27F591FDI_LGG3D690_id43_s0_121.png,1,VALID,0.83691406,-1.3027344,-0.78466797,1.1542876,LCC-FASD external-dev / cross-domain stress set,True
YOUTUBE_AV203H_LEREELE3_id43_s1_45.png,1,VALID,1.7607422,-2.1972656,-1.6757812,2.9705036,LCC-FASD external-dev / cross-domain stress set,True
YOUTUBE_AV203H_LEREELE3_id43_s1_60.png,1,VALID,2.1640625,-2.109375,-1.8173828,3.4236743,LCC-FASD external-dev / cross-domain stress set,True
YOUTUBE_AV203H_LEREELE3_id43_s1_75.png,1,VALID,1.8945312,-1.9853516,-1.5605469,2.9519434,LCC-FASD external-dev / cross-domain stress set,True
YOUTUBE_AV203H_LEREELE3_id43_s1_90.png,1,VALID,1.9130859,-2.4335938,-1.5498047,3.117024,LCC-FASD external-dev / cross-domain stress set,True
YOUTUBE_AVC239H_REDMI4X_id48_s1_15.png,1,VALID,0.07647705,0.3635254,-1.2197266,-0.47378218,LCC-FASD external-dev / cross-domain stress set,True
YOUTUBE_AVC239H_REDMI4X_id48_s1_30.png,1,VALID,-0.58935547,1.0966797,-0.9868164,-1.8033684,LCC-FASD external-dev / cross-domain stress set,False
YOUTUBE_AVC239H_REDMI4X_id48_s1_45.png,1,VALID,0.30004883,0.3876953,-1.4453125,-0.23600769,LCC-FASD external-dev / cross-domain stress set,True
YOUTUBE_AVC239H_REDMI4X_id48_s1_60.png,1,VALID,-0.2064209,0.9980469,-1.2255859,-1.3072186,LCC-FASD external-dev / cross-domain stress set,False
YOUTUBE_AVC239H_REDMI4X_id48_s1_75.png,1,VALID,-0.093444824,0.93652344,-1.3984375,-1.1223781,LCC-FASD external-dev / cross-domain stress set,False
YOUTUBE_AVC239H_REDMI4X_id48_s1_90.png,1,VALID,-0.81933594,2.1289062,-1.4824219,-2.9748995,LCC-FASD external-dev / cross-domain stress set,False
YOUTUBE_AVC239H_REDMI4X_id48_s1_105.png,1,VALID,-0.7885742,2.5371094,-1.7558594,-3.3392553,LCC-FASD external-dev / cross-domain stress set,False
YOUTUBE_AVC239H_REDMI4X_id48_s1_120.png,1,VALID,0.107788086,1.0654297,-1.7011719,-1.0186193,LCC-FASD external-dev / cross-domain stress set,False
YOUTUBE_AVC239H_REDMI4X_id48_s1_135.png,1,VALID,0.06970215,1.1191406,-1.5644531,-1.1155231,LCC-FASD external-dev / cross-domain stress set,False
YOUTUBE_AVC239H_REDMI4X_id48_s1_150.png,1,VALID,-0.9667969,2.0683594,-1.2041016,-3.0723681,LCC-FASD external-dev / cross-domain stress set,False
YOUTUBE_AZPP01T_AZ3ZE552KL_id48_s0_15.png,1,VALID,0.46777344,0.080566406,-1.3457031,0.17193165,LCC-FASD external-dev / cross-domain stress set,True
YOUTUBE_AZPP01T_AZ3ZE552KL_id48_s0_30.png,1,VALID,-0.8911133,1.8974609,-1.1513672,-2.834899,LCC-FASD external-dev / cross-domain stress set,False
YOUTUBE_AZPP01T_AZ3ZE552KL_id48_s0_45.png,1,VALID,-1.2421875,1.8623047,-0.6533203,-3.1822052,LCC-FASD external-dev / cross-domain stress set,False
YOUTUBE_AZPP01T_AZ3ZE552KL_id48_s0_60.png,1,VALID,-0.82177734,1.7705078,-1.0625,-2.649455,LCC-FASD external-dev / cross-domain stress set,False
YOUTUBE_AZPP01T_AZ3ZE552KL_id48_s0_75.png,1,VALID,0.20739746,0.7607422,-1.5283203,-0.6498918,LCC-FASD external-dev / cross-domain stress set,False
YOUTUBE_AZPP01T_AZ3ZE552KL_id48_s0_90.png,1,VALID,-0.10253906,0.91748047,-1.2587891,-1.1274954,LCC-FASD external-dev / cross-domain stress set,False
YOUTUBE_AZPP01T_AZ3ZE552KL_id48_s0_105.png,1,VALID,0.09942627,0.85791016,-1.4003906,-0.85790193,LCC-FASD external-dev / cross-domain stress set,False
YOUTUBE_AZPP01T_AZ3ZE552KL_id48_s0_120.png,1,VALID,-0.94384766,2.203125,-1.1982422,-3.179757,LCC-FASD external-dev / cross-domain stress set,False
YOUTUBE_AZPP01T_AZ3ZE552KL_id48_s0_135.png,1,VALID,-0.15283203,1.0507812,-1.3359375,-1.2915609,LCC-FASD external-dev / cross-domain stress set,False
YOUTUBE_AZPP01T_AZ3ZE552KL_id48_s0_150.png,1,VALID,-0.23669434,0.9707031,-1.1533203,-1.320324,LCC-FASD external-dev / cross-domain stress set,False
YOUTUBE_BQG2411HDA_REDMIN3P_id48_s0_15.png,1,VALID,-0.93066406,1.7304688,-1.0166016,-2.7232766,LCC-FASD external-dev / cross-domain stress set,False
YOUTUBE_BQG2411HDA_REDMIN3P_id48_s0_52.png,1,VALID,-0.3713379,0.012779236,-0.21459961,-0.97002363,LCC-FASD external-dev / cross-domain stress set,False
YOUTUBE_BQG2411HDA_REDMIN3P_id48_s0_67.png,1,VALID,-0.024154663,0.8979492,-1.3496094,-1.0225434,LCC-FASD external-dev / cross-domain stress set,False
YOUTUBE_BQG2411HDA_REDMIN3P_id48_s0_82.png,1,VALID,-0.6699219,1.7070312,-1.2724609,-2.4265227,LCC-FASD external-dev / cross-domain stress set,False
YOUTUBE_BQG2411HDA_REDMIN3P_id48_s0_97.png,1,VALID,-0.19213867,1.1787109,-1.3818359,-1.4452727,LCC-FASD external-dev / cross-domain stress set,False
YOUTUBE_BQG2411HDA_REDMIN3P_id48_s0_112.png,1,VALID,-0.4013672,1.59375,-1.515625,-2.0387788,LCC-FASD external-dev / cross-domain stress set,False
YOUTUBE_BQG2411HDA_REDMIN3P_id48_s0_127.png,1,VALID,-0.48486328,1.6083984,-1.390625,-2.1418953,LCC-FASD external-dev / cross-domain stress set,False
YOUTUBE_BQG2411HDA_REDMIN3P_id48_s0_142.png,1,VALID,-1.0166016,2.3027344,-1.3037109,-3.346122,LCC-FASD external-dev / cross-domain stress set,False
YOUTUBE_BQG2411HDA_REDMIN3P_id48_s0_157.png,1,VALID,-0.9379883,2.6347656,-1.5849609,-3.5873497,LCC-FASD external-dev / cross-domain stress set,False
YOUTUBE_BQG2411HDA_REDMIN3P_id48_s0_172.png,1,VALID,-0.45288086,1.4941406,-1.2314453,-2.0104728,LCC-FASD external-dev / cross-domain stress set,False
YOUTUBE_BQM2200HD_REDMIN3P_id48_s0_15.png,1,VALID,-1.0927734,2.3535156,-1.2617188,-3.472844,LCC-FASD external-dev / cross-domain stress set,False
YOUTUBE_BQM2200HD_REDMIN3P_id48_s0_30.png,1,VALID,-0.82421875,1.8789062,-1.2167969,-2.7473745,LCC-FASD external-dev / cross-domain stress set,False
YOUTUBE_BQM2200HD_REDMIN3P_id48_s0_45.png,1,VALID,-0.6142578,1.609375,-1.1689453,-2.2839212,LCC-FASD external-dev / cross-domain stress set,False
YOUTUBE_BQM2200HD_REDMIN3P_id48_s0_60.png,1,VALID,-1.1513672,2.1875,-1.0419922,-3.3776817,LCC-FASD external-dev / cross-domain stress set,False
YOUTUBE_BQM2200HD_REDMIN3P_id48_s0_75.png,1,VALID,-0.69384766,1.7841797,-1.2001953,-2.5273614,LCC-FASD external-dev / cross-domain stress set,False
YOUTUBE_BQM2200HD_REDMIN3P_id48_s0_90.png,1,VALID,-1.1982422,2.2167969,-1.0029297,-3.454227,LCC-FASD external-dev / cross-domain stress set,False
YOUTUBE_BQM2200HD_REDMIN3P_id48_s0_105.png,1,VALID,-1.3544922,2.4960938,-1.1298828,-3.8768609,LCC-FASD external-dev / cross-domain stress set,False
YOUTUBE_BQM2200HD_REDMIN3P_id48_s0_120.png,1,VALID,-1.3994141,2.5761719,-1.1494141,-3.9993992,LCC-FASD external-dev / cross-domain stress set,False
YOUTUBE_BQM2200HD_REDMIN3P_id48_s0_135.png,1,VALID,-0.90722656,2.0117188,-1.15625,-2.9601727,LCC-FASD external-dev / cross-domain stress set,False
YOUTUBE_BQM2200HD_REDMIN3P_id48_s0_150.png,1,VALID,-0.56152344,1.5039062,-1.1894531,-2.1308928,LCC-FASD external-dev / cross-domain stress set,False
YOUTUBE_BQVW2245_NEXUS5_id39_s1_15.png,1,VALID,-0.10095215,0.5205078,-1.0224609,-0.81517106,LCC-FASD external-dev / cross-domain stress set,False
YOUTUBE_BQVW2245_NEXUS5_id39_s1_50.png,1,VALID,-0.37329102,1.0625,-1.0742188,-1.5473695,LCC-FASD external-dev / cross-domain stress set,False
YOUTUBE_BQVW2245_NEXUS5_id39_s1_65.png,1,VALID,-0.1282959,0.6533203,-0.94921875,-0.9650909,LCC-FASD external-dev / cross-domain stress set,False
YOUTUBE_BQVW2245_NEXUS5_id39_s1_85.png,1,VALID,-0.7495117,1.71875,-1.0546875,-2.5288363,LCC-FASD external-dev / cross-domain stress set,False
YOUTUBE_BQVW2245_NEXUS5_id39_s1_100.png,1,VALID,-0.49853516,1.4443359,-1.1162109,-2.0172942,LCC-FASD external-dev / cross-domain stress set,False
YOUTUBE_BQVW2245_NEXUS5_id39_s1_115.png,1,VALID,-0.8930664,1.8710938,-0.9975586,-2.8193822,LCC-FASD external-dev / cross-domain stress set,False
YOUTUBE_BQVW2245_NEXUS5_id39_s1_130.png,1,VALID,-0.4645996,1.3789062,-1.0976562,-1.9241929,LCC-FASD external-dev / cross-domain stress set,False
YOUTUBE_BQVW2245_NEXUS5_id42_s0_100.png,1,VALID,0.67822266,-0.074645996,-1.3476562,0.5060183,LCC-FASD external-dev / cross-domain stress set,True
YOUTUBE_BQVW2245_NEXUS5_id42_s0_115.png,1,VALID,0.68408203,-0.2993164,-1.2636719,0.6604249,LCC-FASD external-dev / cross-domain stress set,True
YOUTUBE_ATMP253MG_XIAOMIMI6_id42_s0_16.png,1,VALID,0.4580078,0.18908691,-1.1181641,0.029460877,LCC-FASD external-dev / cross-domain stress set,True
YOUTUBE_ATMP253MG_XIAOMIMI6_id42_s0_32.png,1,VALID,0.5541992,0.23303223,-1.2412109,0.115005255,LCC-FASD external-dev / cross-domain stress set,True
YOUTUBE_ATMP253MG_XIAOMIMI6_id42_s0_47.png,1,VALID,0.77197266,-0.33032227,-1.1494141,0.73707426,LCC-FASD external-dev / cross-domain stress set,True
YOUTUBE_ATMP253MG_XIAOMIMI6_id42_s0_62.png,1,VALID,0.85839844,-0.49389648,-1.0947266,0.91510105,LCC-FASD external-dev / cross-domain stress set,True
YOUTUBE_ATMP253MG_XIAOMIMI6_id42_s0_77.png,1,VALID,0.8300781,-0.10595703,-1.3378906,0.6800543,LCC-FASD external-dev / cross-domain stress set,True
YOUTUBE_ATMP253MG_XIAOMIMI6_id42_s0_93.png,1,VALID,0.83447266,-0.10357666,-1.3544922,0.68632406,LCC-FASD external-dev / cross-domain stress set,True
YOUTUBE_ATMP253MG_XIAOMIMI6_id42_s0_123.png,1,VALID,1.0224609,-0.30371094,-1.5429688,1.0718405,LCC-FASD external-dev / cross-domain stress set,True
YOUTUBE_ATMP253MG_XIAOMIMI6_id42_s0_138.png,1,VALID,0.7060547,-0.0597229,-1.2509766,0.5004637,LCC-FASD external-dev / cross-domain stress set,True
YOUTUBE_ATMP253MG_XIAOMIMI6_id42_s0_153.png,1,VALID,0.6064453,0.33032227,-1.4716797,0.12342921,LCC-FASD external-dev / cross-domain stress set,True
YOUTUBE_ATMP253MG_XIAOMIMI6_id42_s1_18.png,1,VALID,-0.90478516,2.6328125,-1.4921875,-3.5536318,LCC-FASD external-dev / cross-domain stress set,False
YOUTUBE_ATMP253MG_XIAOMIMI6_id42_s1_53.png,1,VALID,-1.1240234,2.1347656,-0.7319336,-3.3141162,LCC-FASD external-dev / cross-domain stress set,False
YOUTUBE_ATMP253MG_XIAOMIMI6_id42_s1_75.png,1,VALID,-1.2197266,1.7578125,-0.3388672,-3.0934215,LCC-FASD external-dev / cross-domain stress set,False
YOUTUBE_AUNKNOWN_HUAWEIU22_id43_s0_15.png,1,VALID,-0.75927734,0.38916016,-0.040771484,-1.6495483,LCC-FASD external-dev / cross-domain stress set,False
YOUTUBE_AUNKNOWN_HUAWEIU22_id43_s0_30.png,1,VALID,-0.06707764,-0.47460938,-0.1003418,-0.49015749,LCC-FASD external-dev / cross-domain stress set,True
YOUTUBE_AUNKNOWN_HUAWEIU22_id43_s0_51.png,1,VALID,0.29467773,-0.08862305,-0.9248047,0.023277968,LCC-FASD external-dev / cross-domain stress set,True
YOUTUBE_AUNKNOWN_HUAWEIU22_id43_s0_66.png,1,VALID,-0.5341797,-0.2253418,0.19921875,-1.2366296,LCC-FASD external-dev / cross-domain stress set,False
YOUTUBE_AUNKNOWN_HUAWEIU22_id43_s0_81.png,1,VALID,-0.8203125,0.68066406,-0.13598633,-1.8669448,LCC-FASD external-dev / cross-domain stress set,False
YOUTUBE_AUNKNOWN_HUAWEIU22_id43_s0_96.png,1,VALID,-0.7241211,-0.042633057,0.32348633,-1.5743575,LCC-FASD external-dev / cross-domain stress set,False
YOUTUBE_AUNKNOWN_HUAWEIU22_id43_s0_111.png,1,VALID,-0.6191406,0.7519531,-0.60546875,-1.6000788,LCC-FASD external-dev / cross-domain stress set,False
YOUTUBE_AUNKNOWN_HUAWEIU22_id43_s0_126.png,1,VALID,-0.8588867,0.8261719,-0.2644043,-1.9747558,LCC-FASD external-dev / cross-domain stress set,False
YOUTUBE_AUNKNOWN_HUAWEIU22_id43_s0_141.png,1,VALID,0.06286621,-0.7055664,-0.19006348,-0.2153225,LCC-FASD external-dev / cross-domain stress set,True
YOUTUBE_AUNKNOWN_HUAWEIU22_id43_s0_156.png,1,VALID,-0.4699707,-0.29174805,0.20800781,-1.1521477,LCC-FASD external-dev / cross-domain stress set,False
YOUTUBE_AUNKNOWN_HUAWEIU22_id48_s1_15.png,1,VALID,0.88134766,-1.7275391,-0.7495117,1.3116407,LCC-FASD external-dev / cross-domain stress set,True
YOUTUBE_AUNKNOWN_HUAWEIU22_id48_s1_30.png,1,VALID,0.6088867,-1.3046875,-0.6508789,0.841015,LCC-FASD external-dev / cross-domain stress set,True
YOUTUBE_AUNKNOWN_HUAWEIU22_id48_s1_45.png,1,VALID,0.9716797,-1.7998047,-0.82421875,1.476012,LCC-FASD external-dev / cross-domain stress set,True
YOUTUBE_AUNKNOWN_HUAWEIU22_id48_s1_60.png,1,VALID,0.8125,-1.8115234,-0.6425781,1.184521,LCC-FASD external-dev / cross-domain stress set,True
YOUTUBE_AUNKNOWN_HUAWEIU22_id48_s1_75.png,1,VALID,1.2421875,-1.7724609,-1.1396484,1.9558522,LCC-FASD external-dev / cross-domain stress set,True
YOUTUBE_AUNKNOWN_HUAWEIU22_id48_s1_90.png,1,VALID,-0.014816284,-0.7817383,-0.12097168,-0.31022018,LCC-FASD external-dev / cross-domain stress set,True
YOUTUBE_AUNKNOWN_HUAWEIU22_id48_s1_105.png,1,VALID,1.2431641,-1.6962891,-1.1582031,1.9414994,LCC-FASD external-dev / cross-domain stress set,True
YOUTUBE_AUNKNOWN_HUAWEIU22_id48_s1_120.png,1,VALID,0.6386719,-1.5908203,-0.5996094,0.9226482,LCC-FASD external-dev / cross-domain stress set,True
YOUTUBE_AUNKNOWN_HUAWEIU22_id48_s1_135.png,1,VALID,1.0849609,-1.7998047,-0.8823242,1.6311526,LCC-FASD external-dev / cross-domain stress set,True
YOUTUBE_AUNKNOWN_HUAWEIU22_id48_s1_150.png,1,VALID,1.3300781,-2.0078125,-1.1611328,2.1343505,LCC-FASD external-dev / cross-domain stress set,True
YOUTUBE_AV203H_LEREELE3_id39_s0_15.png,1,VALID,1.3486328,-0.6035156,-1.6582031,1.6533029,LCC-FASD external-dev / cross-domain stress set,True
YOUTUBE_AV203H_LEREELE3_id39_s0_43.png,1,VALID,0.88427734,-1.2089844,-0.8618164,1.21154,LCC-FASD external-dev / cross-domain stress set,True
YOUTUBE_AV203H_LEREELE3_id43_s0_15.png,1,VALID,0.47851562,-0.9013672,-0.39160156,0.3997159,LCC-FASD external-dev / cross-domain stress set,True
YOUTUBE_AV203H_LEREELE3_id43_s0_30.png,1,VALID,0.10632324,0.1159668,-0.88671875,-0.3221837,LCC-FASD external-dev / cross-domain stress set,True
YOUTUBE_AV203H_LEREELE3_id43_s0_46.png,1,VALID,-0.018203735,0.09246826,-0.6411133,-0.5028398,LCC-FASD external-dev / cross-domain stress set,True
YOUTUBE_AV203H_LEREELE3_id43_s0_61.png,1,VALID,0.6542969,-1.2099609,-0.4855957,0.7447256,LCC-FASD external-dev / cross-domain stress set,True
YOUTUBE_AV203H_LEREELE3_id43_s0_76.png,1,VALID,0.8276367,-1.6162109,-0.3059082,0.894734,LCC-FASD external-dev / cross-domain stress set,True
YOUTUBE_AV203H_LEREELE3_id43_s0_91.png,1,VALID,0.38671875,-0.8769531,-0.41577148,0.31358007,LCC-FASD external-dev / cross-domain stress set,True
YOUTUBE_AV203H_LEREELE3_id43_s0_114.png,1,VALID,-0.066467285,-0.5576172,-0.013122559,-0.51085496,LCC-FASD external-dev / cross-domain stress set,True
YOUTUBE_AV203H_LEREELE3_id43_s0_129.png,1,VALID,0.5878906,-1.1347656,-0.50878906,0.66831934,LCC-FASD external-dev / cross-domain stress set,True
YOUTUBE_AV203H_LEREELE3_id43_s0_144.png,1,VALID,0.7314453,-1.5117188,-0.46044922,0.892165,LCC-FASD external-dev / cross-domain stress set,True
YOUTUBE_AV203H_LEREELE3_id43_s0_159.png,1,VALID,0.5229492,-0.6689453,-0.6772461,0.50288916,LCC-FASD external-dev / cross-domain stress set,True
YOUTUBE_AV203H_LEREELE3_id43_s1_15.png,1,VALID,1.7929688,-2.3125,-1.5693359,2.9732356,LCC-FASD external-dev / cross-domain stress set,True
YOUTUBE_AV203H_LEREELE3_id43_s1_30.png,1,VALID,1.8808594,-2.2109375,-1.6982422,3.1097987,LCC-FASD external-dev / cross-domain stress set,True
YOUTUBE_AV203H_LEREELE3_id43_s1_105.png,1,VALID,1.4501953,-1.7714844,-1.2275391,2.2200224,LCC-FASD external-dev / cross-domain stress set,True
YOUTUBE_AV203H_LEREELE3_id43_s1_120.png,1,VALID,1.8144531,-2.2089844,-1.6875,3.0359333,LCC-FASD external-dev / cross-domain stress set,True
YOUTUBE_AV203H_LEREELE3_id43_s1_135.png,1,VALID,2.0292969,-2.3710938,-1.7167969,3.32751,LCC-FASD external-dev / cross-domain stress set,True
YOUTUBE_AV203H_LEREELE3_id43_s1_150.png,1,VALID,2.0410156,-2.6953125,-1.8720703,3.5491333,LCC-FASD external-dev / cross-domain stress set,True
YOUTUBE_AEME725_HONOR6CP_id43_s1_92.png,1,VALID,0.86083984,0.012870789,-1.5810547,0.66304535,LCC-FASD external-dev / cross-domain stress set,True
YOUTUBE_AEME725_HONOR6CP_id48_s0_15.png,1,VALID,-1.3935547,2.8515625,-1.2626953,-4.261323,LCC-FASD external-dev / cross-domain stress set,False
YOUTUBE_AEME725_HONOR6CP_id48_s0_30.png,1,VALID,-1.1923828,2.6933594,-1.3144531,-3.903752,LCC-FASD external-dev / cross-domain stress set,False
YOUTUBE_AEME725_HONOR6CP_id48_s0_45.png,1,VALID,-1.4169922,2.6015625,-1.0429688,-4.0443525,LCC-FASD external-dev / cross-domain stress set,False
YOUTUBE_AEME725_HONOR6CP_id48_s0_60.png,1,VALID,-1.3369141,2.1992188,-0.78466797,-3.5854902,LCC-FASD external-dev / cross-domain stress set,False
YOUTUBE_AEME725_HONOR6CP_id48_s0_75.png,1,VALID,-1.2978516,2.4335938,-0.9526367,-3.7647214,LCC-FASD external-dev / cross-domain stress set,False
YOUTUBE_AEME725_HONOR6CP_id48_s0_90.png,1,VALID,-1.1806641,2.1464844,-0.9379883,-3.3718867,LCC-FASD external-dev / cross-domain stress set,False
YOUTUBE_AEME725_HONOR6CP_id48_s0_105.png,1,VALID,-1.3095703,2.2382812,-0.8803711,-3.5911186,LCC-FASD external-dev / cross-domain stress set,False
YOUTUBE_AEME725_HONOR6CP_id48_s0_120.png,1,VALID,-1.1943359,2.2773438,-0.9814453,-3.5093944,LCC-FASD external-dev / cross-domain stress set,False
YOUTUBE_AEME725_HONOR6CP_id48_s0_135.png,1,VALID,-1.28125,2.2402344,-0.9589844,-3.5614684,LCC-FASD external-dev / cross-domain stress set,False
YOUTUBE_AEME725_HONOR6CP_id48_s0_150.png,1,VALID,-1.0488281,2.15625,-1.0292969,-3.2456014,LCC-FASD external-dev / cross-domain stress set,False
YOUTUBE_AEME725_HONOR6CP_id48_s1_15.png,1,VALID,-0.7680664,0.76660156,-0.453125,-1.7934188,LCC-FASD external-dev / cross-domain stress set,False
YOUTUBE_AEME725_HONOR6CP_id48_s1_30.png,1,VALID,-1.1953125,1.0791016,0.007965088,-2.5690362,LCC-FASD external-dev / cross-domain stress set,False
YOUTUBE_AEME725_HONOR6CP_id48_s1_45.png,1,VALID,-1.2744141,1.6240234,-0.42797852,-3.019307,LCC-FASD external-dev / cross-domain stress set,False
YOUTUBE_AEME725_HONOR6CP_id48_s1_60.png,1,VALID,-1.1386719,2.40625,-1.2021484,-3.5716565,LCC-FASD external-dev / cross-domain stress set,False
YOUTUBE_AEME725_HONOR6CP_id48_s1_75.png,1,VALID,-1.1162109,1.1660156,-0.33544922,-2.4833727,LCC-FASD external-dev / cross-domain stress set,False
YOUTUBE_AEME725_HONOR6CP_id48_s1_90.png,1,VALID,-1.1386719,1.0234375,-0.20373535,-2.4191675,LCC-FASD external-dev / cross-domain stress set,False
YOUTUBE_AEME725_HONOR6CP_id48_s1_109.png,1,VALID,-1.2041016,1.4277344,-0.53564453,-2.7632003,LCC-FASD external-dev / cross-domain stress set,False
YOUTUBE_AEME725_HONOR6CP_id48_s1_124.png,1,VALID,-0.7734375,1.3251953,-0.8979492,-2.2014313,LCC-FASD external-dev / cross-domain stress set,False
YOUTUBE_AEME725_HONOR6CP_id48_s1_139.png,1,VALID,-0.640625,1.3261719,-1.0527344,-2.0554047,LCC-FASD external-dev / cross-domain stress set,False
YOUTUBE_AEME725_HONOR6CP_id48_s1_156.png,1,VALID,-1.1542969,1.4335938,-0.44995117,-2.7294338,LCC-FASD external-dev / cross-domain stress set,False
YOUTUBE_AK73S_REDMI3S_id39_s1_64.png,1,VALID,0.41186523,-0.27563477,-1.0390625,0.3049173,LCC-FASD external-dev / cross-domain stress set,True
YOUTUBE_AK73S_REDMI3S_id39_s1_119.png,1,VALID,0.9140625,-1.3486328,-1.0048828,1.3829747,LCC-FASD external-dev / cross-domain stress set,True
YOUTUBE_AK73S_REDMI3S_id39_s1_137.png,1,VALID,1.4521484,-1.7529297,-1.2402344,2.22308,LCC-FASD external-dev / cross-domain stress set,True
YOUTUBE_AK73S_REDMI3S_id42_s0_15.png,1,VALID,-0.4099121,0.3774414,-0.48706055,-1.1388983,LCC-FASD external-dev / cross-domain stress set,False
YOUTUBE_AK73S_REDMI3S_id42_s0_30.png,1,VALID,0.002374649,-0.033416748,-0.578125,-0.42164034,LCC-FASD external-dev / cross-domain stress set,True
YOUTUBE_AK73S_REDMI3S_id42_s0_45.png,1,VALID,-0.4482422,0.8959961,-0.8144531,-1.5104175,LCC-FASD external-dev / cross-domain stress set,False
YOUTUBE_AK73S_REDMI3S_id42_s0_60.png,1,VALID,-0.0002696514,0.058013916,-0.49560547,-0.5124533,LCC-FASD external-dev / cross-domain stress set,True
YOUTUBE_AK73S_REDMI3S_id42_s0_76.png,1,VALID,-0.7338867,0.98779297,-0.5830078,-1.9105452,LCC-FASD external-dev / cross-domain stress set,False
YOUTUBE_AK73S_REDMI3S_id42_s0_91.png,1,VALID,0.3696289,-0.4074707,-0.79589844,0.25942415,LCC-FASD external-dev / cross-domain stress set,True
YOUTUBE_AK73S_REDMI3S_id42_s0_106.png,1,VALID,-0.3544922,0.59765625,-0.7426758,-1.1846551,LCC-FASD external-dev / cross-domain stress set,False
YOUTUBE_AK73S_REDMI3S_id42_s0_121.png,1,VALID,-0.10272217,0.3154297,-0.8100586,-0.6991824,LCC-FASD external-dev / cross-domain stress set,False
YOUTUBE_AK73S_REDMI3S_id42_s0_136.png,1,VALID,0.0067367554,-0.14172363,-0.640625,-0.32603154,LCC-FASD external-dev / cross-domain stress set,True
YOUTUBE_AK73S_REDMI3S_id42_s0_151.png,1,VALID,0.16308594,0.05065918,-0.9199219,-0.20883238,LCC-FASD external-dev / cross-domain stress set,True
YOUTUBE_AK73S_REDMI3S_id42_s1_35.png,1,VALID,-0.82373047,0.2734375,-0.18017578,-1.5890115,LCC-FASD external-dev / cross-domain stress set,False
YOUTUBE_AK73S_REDMI3S_id42_s1_50.png,1,VALID,-0.70410156,-0.057769775,-0.035583496,-1.3506336,LCC-FASD external-dev / cross-domain stress set,False
YOUTUBE_AK73S_REDMI3S_id42_s1_67.png,1,VALID,-0.9296875,-0.07092285,0.21496582,-1.7050381,LCC-FASD external-dev / cross-domain stress set,False
YOUTUBE_AK73S_REDMI3S_id42_s1_82.png,1,VALID,-0.91064453,0.28588867,-0.13305664,-1.7019885,LCC-FASD external-dev / cross-domain stress set,False
YOUTUBE_ASM710N_MEIZUM2MINI_id43_s0_16.png,1,VALID,-1.2666016,1.3828125,-0.26831055,-2.8249078,LCC-FASD external-dev / cross-domain stress set,False
YOUTUBE_ASM710N_MEIZUM2MINI_id43_s0_31.png,1,VALID,-0.77197266,-0.087768555,0.42626953,-1.6670424,LCC-FASD external-dev / cross-domain stress set,False
YOUTUBE_ASM710N_MEIZUM2MINI_id43_s0_47.png,1,VALID,-0.69873047,0.011436462,0.2446289,-1.5266924,LCC-FASD external-dev / cross-domain stress set,False
YOUTUBE_ASM710N_MEIZUM2MINI_id43_s0_64.png,1,VALID,-0.7446289,0.14282227,0.20922852,-1.6143527,LCC-FASD external-dev / cross-domain stress set,False
YOUTUBE_ASM710N_MEIZUM2MINI_id43_s0_79.png,1,VALID,0.55371094,-0.74121094,-0.6635742,0.56220305,LCC-FASD external-dev / cross-domain stress set,True
YOUTUBE_ASM710N_MEIZUM2MINI_id43_s1_15.png,1,VALID,0.921875,-1.0517578,-0.90185547,1.2027283,LCC-FASD external-dev / cross-domain stress set,True
YOUTUBE_ASM710N_MEIZUM2MINI_id43_s1_31.png,1,VALID,1.7089844,-1.28125,-1.6484375,2.4639215,LCC-FASD external-dev / cross-domain stress set,True
YOUTUBE_ASM710N_MEIZUM2MINI_id43_s1_46.png,1,VALID,0.79589844,0.04272461,-1.5898438,0.57467043,LCC-FASD external-dev / cross-domain stress set,True
YOUTUBE_ASM710N_MEIZUM2MINI_id43_s1_61.png,1,VALID,1.9033203,-2.4121094,-1.4970703,3.0635605,LCC-FASD external-dev / cross-domain stress set,True
YOUTUBE_ASM710N_MEIZUM2MINI_id43_s1_76.png,1,VALID,2.1367188,-2.0546875,-1.78125,3.3522234,LCC-FASD external-dev / cross-domain stress set,True
YOUTUBE_ASM710N_MEIZUM2MINI_id43_s1_91.png,1,VALID,-0.34716797,-0.6723633,0.06201172,-0.8010902,LCC-FASD external-dev / cross-domain stress set,False
YOUTUBE_ASM710N_MEIZUM2MINI_id48_s1_15.png,1,VALID,0.9394531,-1.3642578,-1.0107422,1.418265,LCC-FASD external-dev / cross-domain stress set,True
YOUTUBE_ASM710N_MEIZUM2MINI_id48_s1_30.png,1,VALID,-0.71728516,-0.72216797,0.5683594,-1.5286893,LCC-FASD external-dev / cross-domain stress set,False
YOUTUBE_ASM710N_MEIZUM2MINI_id48_s1_45.png,1,VALID,0.1694336,-0.35327148,-0.7597656,0.012290895,LCC-FASD external-dev / cross-domain stress set,True
YOUTUBE_ASM710N_MEIZUM2MINI_id48_s1_60.png,1,VALID,0.07788086,-1.0703125,-0.16723633,-0.095148474,LCC-FASD external-dev / cross-domain stress set,True
YOUTUBE_ASM710N_MEIZUM2MINI_id48_s1_76.png,1,VALID,0.5991211,-0.97021484,-0.6479492,0.7021299,LCC-FASD external-dev / cross-domain stress set,True
YOUTUBE_ASM710N_MEIZUM2MINI_id48_s1_92.png,1,VALID,-0.59521484,0.31323242,-0.35424805,-1.3225414,LCC-FASD external-dev / cross-domain stress set,False
YOUTUBE_ATMP253MG_XIAOMIMI6_id42_s0_108.png,1,VALID,1.0771484,-0.49169922,-1.3857422,1.2259682,LCC-FASD external-dev / cross-domain stress set,True
YOUTUBE_ACER5820TG_REDMI4A_id42_s0_30.png,1,VALID,0.4038086,-0.7314453,-0.6142578,0.38179737,LCC-FASD external-dev / cross-domain stress set,True
YOUTUBE_ACER5820TG_REDMI4A_id42_s0_45.png,1,VALID,0.32958984,-0.76123047,-0.546875,0.28476286,LCC-FASD external-dev / cross-domain stress set,True
YOUTUBE_ACER5820TG_REDMI4A_id42_s0_60.png,1,VALID,0.37158203,-0.75,-0.46240234,0.2743324,LCC-FASD external-dev / cross-domain stress set,True
YOUTUBE_ACER5820TG_REDMI4A_id42_s0_75.png,1,VALID,0.08782959,-0.62841797,-0.23376465,-0.1935702,LCC-FASD external-dev / cross-domain stress set,True
YOUTUBE_ACER5820TG_REDMI4A_id42_s0_90.png,1,VALID,0.80615234,-1.1328125,-0.8227539,1.0788193,LCC-FASD external-dev / cross-domain stress set,True
YOUTUBE_ACER5820TG_REDMI4A_id42_s0_150.png,1,VALID,0.30566406,-0.6044922,-0.6020508,0.21578765,LCC-FASD external-dev / cross-domain stress set,True
YOUTUBE_ACER5820TG_REDMI4A_id42_s1_50.png,1,VALID,-0.6767578,0.9921875,-0.7001953,-1.8379117,LCC-FASD external-dev / cross-domain stress set,False
YOUTUBE_ACER5820TG_REDMI4A_id42_s1_65.png,1,VALID,-0.40283203,0.70654297,-0.7451172,-1.3197827,LCC-FASD external-dev / cross-domain stress set,False
YOUTUBE_ACER5820TG_REDMI4A_id42_s1_80.png,1,VALID,-0.45751953,-0.1048584,-0.07147217,-1.0626408,LCC-FASD external-dev / cross-domain stress set,False
YOUTUBE_ACER5820TG_REDMI4A_id42_s1_96.png,1,VALID,-0.70654297,0.9790039,-0.61865234,-1.8698417,LCC-FASD external-dev / cross-domain stress set,False
YOUTUBE_ACER5820TG_REDMI4A_id42_s1_148.png,1,VALID,-0.6953125,0.52490234,-0.33813477,-1.572194,LCC-FASD external-dev / cross-domain stress set,False
YOUTUBE_AEME725_HONOR6CP_id39_s0_40.png,1,VALID,0.37060547,0.9604492,-1.9521484,-0.64275336,LCC-FASD external-dev / cross-domain stress set,False
YOUTUBE_AEME725_HONOR6CP_id39_s1_15.png,1,VALID,-0.33984375,1.0712891,-1.1816406,-1.5110604,LCC-FASD external-dev / cross-domain stress set,False
YOUTUBE_AEME725_HONOR6CP_id39_s1_44.png,1,VALID,0.062927246,1.0126953,-1.4560547,-1.031063,LCC-FASD external-dev / cross-domain stress set,False
YOUTUBE_AEME725_HONOR6CP_id39_s1_59.png,1,VALID,-0.36547852,1.2548828,-1.2353516,-1.6999952,LCC-FASD external-dev / cross-domain stress set,False
YOUTUBE_AEME725_HONOR6CP_id39_s1_75.png,1,VALID,0.5024414,0.46362305,-1.5556641,-0.08582997,LCC-FASD external-dev / cross-domain stress set,True
YOUTUBE_AEME725_HONOR6CP_id39_s1_94.png,1,VALID,-0.3581543,1.3603516,-1.2089844,-1.7923012,LCC-FASD external-dev / cross-domain stress set,False
YOUTUBE_AEME725_HONOR6CP_id39_s1_109.png,1,VALID,-0.23742676,1.1464844,-1.3466797,-1.4633211,LCC-FASD external-dev / cross-domain stress set,False
YOUTUBE_AEME725_HONOR6CP_id39_s1_124.png,1,VALID,-0.328125,1.0419922,-1.1318359,-1.4778422,LCC-FASD external-dev / cross-domain stress set,False
YOUTUBE_AEME725_HONOR6CP_id42_s0_15.png,1,VALID,-1.046875,1.4306641,-0.47924805,-2.6156418,LCC-FASD external-dev / cross-domain stress set,False
YOUTUBE_AEME725_HONOR6CP_id42_s0_30.png,1,VALID,-1.0654297,1.3671875,-0.3857422,-2.5924082,LCC-FASD external-dev / cross-domain stress set,False
YOUTUBE_AEME725_HONOR6CP_id42_s0_45.png,1,VALID,-1.2158203,1.7695312,-0.5019531,-3.0835295,LCC-FASD external-dev / cross-domain stress set,False
YOUTUBE_AEME725_HONOR6CP_id42_s0_60.png,1,VALID,-1.1230469,1.4609375,-0.40673828,-2.7276363,LCC-FASD external-dev / cross-domain stress set,False
YOUTUBE_AEME725_HONOR6CP_id42_s0_75.png,1,VALID,-0.9038086,1.3378906,-0.56347656,-2.380908,LCC-FASD external-dev / cross-domain stress set,False
YOUTUBE_AEME725_HONOR6CP_id42_s0_90.png,1,VALID,-0.73046875,1.3574219,-0.7416992,-2.203506,LCC-FASD external-dev / cross-domain stress set,False
YOUTUBE_AEME725_HONOR6CP_id42_s0_105.png,1,VALID,-0.82177734,1.5458984,-0.77685547,-2.4611692,LCC-FASD external-dev / cross-domain stress set,False
YOUTUBE_AEME725_HONOR6CP_id42_s0_120.png,1,VALID,-0.8955078,1.4570312,-0.68603516,-2.4634495,LCC-FASD external-dev / cross-domain stress set,False
YOUTUBE_AEME725_HONOR6CP_id42_s0_135.png,1,VALID,-0.8305664,1.3359375,-0.60595703,-2.300538,LCC-FASD external-dev / cross-domain stress set,False
YOUTUBE_AEME725_HONOR6CP_id42_s0_150.png,1,VALID,-0.8833008,1.4677734,-0.67041016,-2.4624982,LCC-FASD external-dev / cross-domain stress set,False
YOUTUBE_AEME725_HONOR6CP_id42_s1_40.png,1,VALID,-1.3291016,1.6083984,-0.33618164,-3.0711977,LCC-FASD external-dev / cross-domain stress set,False
YOUTUBE_AEME725_HONOR6CP_id42_s1_57.png,1,VALID,-1.2177734,1.9726562,-0.8041992,-3.250804,LCC-FASD external-dev / cross-domain stress set,False
YOUTUBE_AEME725_HONOR6CP_id42_s1_82.png,1,VALID,-1.25,1.4736328,-0.3166504,-2.8779945,LCC-FASD external-dev / cross-domain stress set,False
YOUTUBE_AEME725_HONOR6CP_id43_s0_15.png,1,VALID,-1.3476562,2.0722656,-0.5961914,-3.4869814,LCC-FASD external-dev / cross-domain stress set,False
YOUTUBE_AEME725_HONOR6CP_id43_s0_30.png,1,VALID,-1.1884766,2.3457031,-1.1289062,-3.5646837,LCC-FASD external-dev / cross-domain stress set,False
YOUTUBE_AEME725_HONOR6CP_id43_s0_46.png,1,VALID,-1.3300781,2.2265625,-0.91845703,-3.5988052,LCC-FASD external-dev / cross-domain stress set,False
YOUTUBE_AEME725_HONOR6CP_id43_s0_61.png,1,VALID,-1.1767578,1.7070312,-0.54589844,-2.9837165,LCC-FASD external-dev / cross-domain stress set,False
YOUTUBE_AEME725_HONOR6CP_id43_s0_76.png,1,VALID,-0.85302734,1.5644531,-0.8232422,-2.5053458,LCC-FASD external-dev / cross-domain stress set,False
YOUTUBE_AEME725_HONOR6CP_id43_s0_91.png,1,VALID,-1.0683594,1.5439453,-0.40942383,-2.7449067,LCC-FASD external-dev / cross-domain stress set,False
YOUTUBE_AEME725_HONOR6CP_id43_s0_116.png,1,VALID,-1.3417969,2.359375,-0.9238281,-3.7379935,LCC-FASD external-dev / cross-domain stress set,False
YOUTUBE_AEME725_HONOR6CP_id43_s0_131.png,1,VALID,-0.92822266,1.7197266,-0.8227539,-2.723679,LCC-FASD external-dev / cross-domain stress set,False
YOUTUBE_AEME725_HONOR6CP_id43_s0_146.png,1,VALID,-0.7368164,1.40625,-0.73535156,-2.2541304,LCC-FASD external-dev / cross-domain stress set,False
YOUTUBE_AEME725_HONOR6CP_id43_s0_161.png,1,VALID,-1.3466797,2.328125,-0.97314453,-3.7109787,LCC-FASD external-dev / cross-domain stress set,False
YOUTUBE_AEME725_HONOR6CP_id43_s1_15.png,1,VALID,-0.041412354,1.0136719,-1.3652344,-1.1436919,LCC-FASD external-dev / cross-domain stress set,False
YOUTUBE_AEME725_HONOR6CP_id43_s1_30.png,1,VALID,-0.47729492,1.4765625,-1.0966797,-2.0273752,LCC-FASD external-dev / cross-domain stress set,False
YOUTUBE_AEME725_HONOR6CP_id43_s1_45.png,1,VALID,0.028182983,0.9848633,-1.3457031,-1.0494789,LCC-FASD external-dev / cross-domain stress set,False
YOUTUBE_AEME725_HONOR6CP_id43_s1_62.png,1,VALID,0.4321289,0.20617676,-1.2509766,0.016584367,LCC-FASD external-dev / cross-domain stress set,True
YOUTUBE_AEME725_HONOR6CP_id43_s1_77.png,1,VALID,0.4104004,0.43066406,-1.2949219,-0.18414003,LCC-FASD external-dev / cross-domain stress set,True
YOUTUBE_AEME725_HONOR6CP_id43_s1_107.png,1,VALID,0.54785156,0.12792969,-1.2841797,0.20188826,LCC-FASD external-dev / cross-domain stress set,True
YOUTUBE_AEME725_HONOR6CP_id43_s1_122.png,1,VALID,0.0056495667,0.39990234,-0.9477539,-0.6252443,LCC-FASD external-dev / cross-domain stress set,False
YOUTUBE_AEME725_HONOR6CP_id43_s1_137.png,1,VALID,0.5317383,0.2310791,-1.3828125,0.11907855,LCC-FASD external-dev / cross-domain stress set,True
YOUTUBE_AEME725_HONOR6CP_id43_s1_152.png,1,VALID,0.16638184,0.59716797,-1.1845703,-0.5863745,LCC-FASD external-dev / cross-domain stress set,True
YOUTUBE_AAL1917_SGT3SMT310_id42_s0_31.png,1,VALID,-0.14355469,0.32226562,-0.69189453,-0.7752934,LCC-FASD external-dev / cross-domain stress set,False
YOUTUBE_AAL1917_SGT3SMT310_id42_s0_46.png,1,VALID,-0.07348633,0.46020508,-0.86572266,-0.7692033,LCC-FASD external-dev / cross-domain stress set,False
YOUTUBE_AAL1917_SGT3SMT310_id42_s0_61.png,1,VALID,0.10626221,-0.116882324,-0.62890625,-0.2464099,LCC-FASD external-dev / cross-domain stress set,True
YOUTUBE_AAL1917_SGT3SMT310_id42_s0_76.png,1,VALID,0.56640625,-0.13342285,-1.0625,0.3669935,LCC-FASD external-dev / cross-domain stress set,True
YOUTUBE_AAL1917_SGT3SMT310_id42_s0_91.png,1,VALID,0.14880371,0.24279785,-0.9238281,-0.36510158,LCC-FASD external-dev / cross-domain stress set,True
YOUTUBE_AAR7_IPHONE4S_id39_s0_15.png,1,VALID,-0.2121582,1.3789062,-1.3759766,-1.6527394,LCC-FASD external-dev / cross-domain stress set,False
YOUTUBE_AAR7_IPHONE4S_id39_s0_35.png,1,VALID,-0.5683594,1.6484375,-1.2060547,-2.2727847,LCC-FASD external-dev / cross-domain stress set,False
YOUTUBE_AAR7_IPHONE4S_id39_s0_50.png,1,VALID,-0.5546875,1.5322266,-1.1230469,-2.154834,LCC-FASD external-dev / cross-domain stress set,False
YOUTUBE_AAR7_IPHONE4S_id43_s0_15.png,1,VALID,1.0625,-1.3681641,-0.79345703,1.4094334,LCC-FASD external-dev / cross-domain stress set,True
YOUTUBE_AAR7_IPHONE4S_id43_s0_30.png,1,VALID,0.1439209,-0.5629883,-0.3557129,-0.09523648,LCC-FASD external-dev / cross-domain stress set,True
YOUTUBE_AAR7_IPHONE4S_id43_s0_45.png,1,VALID,0.23742676,-0.028259277,-0.88916016,-0.086927354,LCC-FASD external-dev / cross-domain stress set,True
YOUTUBE_AAR7_IPHONE4S_id43_s0_61.png,1,VALID,0.3503418,-1.1269531,-0.09674072,0.14185682,LCC-FASD external-dev / cross-domain stress set,True
YOUTUBE_AAR7_IPHONE4S_id43_s0_81.png,1,VALID,0.2902832,-1.5498047,0.2097168,-0.078253865,LCC-FASD external-dev / cross-domain stress set,True
YOUTUBE_AAR7_IPHONE4S_id43_s0_96.png,1,VALID,0.83251953,-1.5478516,-0.3696289,0.9337827,LCC-FASD external-dev / cross-domain stress set,True
YOUTUBE_AAR7_IPHONE4S_id43_s0_111.png,1,VALID,0.3671875,0.43041992,-1.1992188,-0.2422154,LCC-FASD external-dev / cross-domain stress set,True
YOUTUBE_AAR7_IPHONE4S_id43_s0_126.png,1,VALID,0.81689453,-1.6123047,-0.4987793,1.0316992,LCC-FASD external-dev / cross-domain stress set,True
YOUTUBE_AAR7_IPHONE4S_id43_s0_141.png,1,VALID,0.79052734,-1.7353516,-0.3408203,0.90984607,LCC-FASD external-dev / cross-domain stress set,True
YOUTUBE_AAR7_IPHONE4S_id43_s0_156.png,1,VALID,0.6430664,-0.8251953,-0.859375,0.7920584,LCC-FASD external-dev / cross-domain stress set,True
YOUTUBE_AAR7_IPHONE4S_id43_s1_15.png,1,VALID,2.1386719,-2.2617188,-1.8652344,3.4894786,LCC-FASD external-dev / cross-domain stress set,True
YOUTUBE_AAR7_IPHONE4S_id43_s1_30.png,1,VALID,1.6328125,-1.5351562,-1.5332031,2.4738445,LCC-FASD external-dev / cross-domain stress set,True
YOUTUBE_AAR7_IPHONE4S_id43_s1_45.png,1,VALID,1.7490234,-1.5908203,-1.6992188,2.6994278,LCC-FASD external-dev / cross-domain stress set,True
YOUTUBE_AAR7_IPHONE4S_id43_s1_62.png,1,VALID,1.7099609,-1.5205078,-1.6650391,2.6069784,LCC-FASD external-dev / cross-domain stress set,True
YOUTUBE_AAR7_IPHONE4S_id43_s1_77.png,1,VALID,1.8457031,-1.8876953,-1.6240234,2.89975,LCC-FASD external-dev / cross-domain stress set,True
YOUTUBE_AAR7_IPHONE4S_id43_s1_92.png,1,VALID,1.8447266,-1.8310547,-1.6904297,2.9098516,LCC-FASD external-dev / cross-domain stress set,True
YOUTUBE_AAR7_IPHONE4S_id43_s1_107.png,1,VALID,1.9267578,-1.5341797,-1.9248047,2.9441495,LCC-FASD external-dev / cross-domain stress set,True
YOUTUBE_AAR7_IPHONE4S_id43_s1_122.png,1,VALID,1.7050781,-1.8525391,-1.5292969,2.6898446,LCC-FASD external-dev / cross-domain stress set,True
YOUTUBE_AAR7_IPHONE4S_id43_s1_137.png,1,VALID,1.3974609,-0.8730469,-1.6708984,1.8987405,LCC-FASD external-dev / cross-domain stress set,True
YOUTUBE_AAR7_IPHONE4S_id43_s1_152.png,1,VALID,1.2167969,-0.8286133,-1.4150391,1.6030912,LCC-FASD external-dev / cross-domain stress set,True
YOUTUBE_AAR7_IPHONE4S_id48_s1_15.png,1,VALID,0.98779297,-1.6845703,-0.82470703,1.4595782,LCC-FASD external-dev / cross-domain stress set,True
YOUTUBE_AAR7_IPHONE4S_id48_s1_30.png,1,VALID,0.90527344,-1.5429688,-0.8540039,1.3524163,LCC-FASD external-dev / cross-domain stress set,True
YOUTUBE_AAR7_IPHONE4S_id48_s1_45.png,1,VALID,1.5048828,-1.4667969,-1.5380859,2.313542,LCC-FASD external-dev / cross-domain stress set,True
YOUTUBE_AAR7_IPHONE4S_id48_s1_60.png,1,VALID,1.2314453,-0.93408203,-1.4882812,1.7115692,LCC-FASD external-dev / cross-domain stress set,True
YOUTUBE_AAR7_IPHONE4S_id48_s1_75.png,1,VALID,1.4560547,-2.0488281,-1.1875,2.291068,LCC-FASD external-dev / cross-domain stress set,True
YOUTUBE_AAR7_IPHONE4S_id48_s1_92.png,1,VALID,1.1582031,-1.3232422,-1.2138672,1.732116,LCC-FASD external-dev / cross-domain stress set,True
YOUTUBE_AAR7_IPHONE4S_id48_s1_107.png,1,VALID,1.3388672,-1.7060547,-1.0966797,2.001371,LCC-FASD external-dev / cross-domain stress set,True
YOUTUBE_AAR7_IPHONE4S_id48_s1_122.png,1,VALID,1.2597656,-1.3925781,-1.3046875,1.9142859,LCC-FASD external-dev / cross-domain stress set,True
YOUTUBE_AAR7_IPHONE4S_id48_s1_137.png,1,VALID,1.4492188,-1.6542969,-1.4013672,2.2759283,LCC-FASD external-dev / cross-domain stress set,True
YOUTUBE_AAR7_IPHONE4S_id48_s1_161.png,1,VALID,1.6835938,-1.1289062,-1.8388672,2.4126081,LCC-FASD external-dev / cross-domain stress set,True
YOUTUBE_ACER5820TG_REDMI4A_id39_s1_15.png,1,VALID,1.1826172,-1.3076172,-1.2402344,1.7628284,LCC-FASD external-dev / cross-domain stress set,True
YOUTUBE_ACER5820TG_REDMI4A_id39_s1_35.png,1,VALID,1.2890625,-0.8955078,-1.5556641,1.7679868,LCC-FASD external-dev / cross-domain stress set,True
YOUTUBE_ACER5820TG_REDMI4A_id39_s1_56.png,1,VALID,1.4160156,-1.5566406,-1.390625,2.19306,LCC-FASD external-dev / cross-domain stress set,True
YOUTUBE_ACER5820TG_REDMI4A_id39_s1_81.png,1,VALID,1.4931641,-1.8505859,-1.2490234,2.305253,LCC-FASD external-dev / cross-domain stress set,True
YOUTUBE_ACER5820TG_REDMI4A_id39_s1_96.png,1,VALID,1.1523438,-1.4970703,-1.1308594,1.7564905,LCC-FASD external-dev / cross-domain stress set,True
YOUTUBE_ACER5820TG_REDMI4A_id39_s1_111.png,1,VALID,1.3828125,-1.7597656,-1.2890625,2.1866362,LCC-FASD external-dev / cross-domain stress set,True
YOUTUBE_ACER5820TG_REDMI4A_id39_s1_126.png,1,VALID,1.3320312,-1.7294922,-1.2128906,2.0770802,LCC-FASD external-dev / cross-domain stress set,True
YOUTUBE_ACER5820TG_REDMI4A_id42_s0_15.png,1,VALID,0.6113281,-0.8623047,-0.76123047,0.7286721,LCC-FASD external-dev / cross-domain stress set,True
YOUTUBE_ACER5820TG_REDMI4A_id42_s0_105.png,1,VALID,0.25341797,-0.22351074,-0.8569336,0.05115655,LCC-FASD external-dev / cross-domain stress set,True
YOUTUBE_ACER5820TG_REDMI4A_id42_s0_120.png,1,VALID,0.58251953,-0.7758789,-0.79003906,0.6723063,LCC-FASD external-dev / cross-domain stress set,True
YOUTUBE_ACER5820TG_REDMI4A_id42_s0_135.png,1,VALID,0.37768555,-0.8256836,-0.51660156,0.34378666,LCC-FASD external-dev / cross-domain stress set,True
FT720P_SSM2433_S4508_id5_s0_15.png,1,VALID,1.7919922,-2.1230469,-1.3652344,2.7728553,LCC-FASD external-dev / cross-domain stress set,True
FT720P_SSM2433_S4508_id5_s0_30.png,1,VALID,1.8613281,-2.0878906,-1.4257812,2.871191,LCC-FASD external-dev / cross-domain stress set,True
FT720P_SSM2433_S4508_id5_s0_45.png,1,VALID,1.8378906,-1.9658203,-1.3134766,2.732115,LCC-FASD external-dev / cross-domain stress set,True
FT720P_SSM2433_S4508_id5_s0_60.png,1,VALID,2.0136719,-2.0449219,-1.4990234,3.0557003,LCC-FASD external-dev / cross-domain stress set,True
FT720P_SSM2433_S4508_id5_s0_75.png,1,VALID,2.0332031,-2.1289062,-1.4589844,3.0789206,LCC-FASD external-dev / cross-domain stress set,True
FT720P_SSM2433_S4508_id5_s0_90.png,1,VALID,2.0058594,-2.0683594,-1.4150391,3.0019808,LCC-FASD external-dev / cross-domain stress set,True
FT720P_SSM2433_S4508_id5_s0_105.png,1,VALID,1.8769531,-1.7763672,-1.4169922,2.764428,LCC-FASD external-dev / cross-domain stress set,True
FT720P_SSM2433_S4508_id5_s0_120.png,1,VALID,1.6767578,-1.6708984,-1.1845703,2.3820674,LCC-FASD external-dev / cross-domain stress set,True
FT720P_SSM2433_S4508_id5_s0_135.png,1,VALID,1.5859375,-1.6191406,-1.1357422,2.2413025,LCC-FASD external-dev / cross-domain stress set,True
FT720P_SSM2433_S4508_id5_s0_150.png,1,VALID,1.9335938,-1.7490234,-1.5087891,2.862156,LCC-FASD external-dev / cross-domain stress set,True
FT720P_SSM2433_S4508_id5_s1_15.png,1,VALID,-0.7011719,-0.02003479,0.37451172,-1.5908909,LCC-FASD external-dev / cross-domain stress set,False
FT720P_SSM2433_S4508_id5_s1_30.png,1,VALID,-0.5722656,-0.52001953,0.5595703,-1.4243076,LCC-FASD external-dev / cross-domain stress set,False
FT720P_SSM2433_S4508_id5_s1_45.png,1,VALID,-0.85791016,-0.0022888184,0.57373047,-1.877692,LCC-FASD external-dev / cross-domain stress set,False
FT720P_SSM2433_S4508_id5_s1_60.png,1,VALID,-0.42749023,-0.86816406,0.60595703,-1.2396317,LCC-FASD external-dev / cross-domain stress set,False
FT720P_SSM2433_S4508_id5_s1_75.png,1,VALID,-0.5292969,-0.48950195,0.50634766,-1.3500241,LCC-FASD external-dev / cross-domain stress set,False
FT720P_SSM2433_S4508_id5_s1_90.png,1,VALID,-0.4609375,-0.46191406,0.43701172,-1.2394137,LCC-FASD external-dev / cross-domain stress set,False
FT720P_SSM2433_S4508_id5_s1_105.png,1,VALID,-0.31958008,-0.83447266,0.49829102,-1.0519525,LCC-FASD external-dev / cross-domain stress set,False
FT720P_SSM2433_S4508_id5_s1_120.png,1,VALID,-0.73876953,-0.3083496,0.64941406,-1.7129809,LCC-FASD external-dev / cross-domain stress set,False
FT720P_SSM2433_S4508_id5_s1_135.png,1,VALID,-0.74658203,-0.14172363,0.54052734,-1.6962198,LCC-FASD external-dev / cross-domain stress set,False
FT720P_SSM2433_S4508_id5_s1_150.png,1,VALID,-0.8051758,-0.25878906,0.66308594,-1.8031416,LCC-FASD external-dev / cross-domain stress set,False
FT720P_SSM2433_S4508_id9_s0_15.png,1,VALID,1.1835938,-0.75878906,-1.3486328,1.5012842,LCC-FASD external-dev / cross-domain stress set,True
FT720P_SSM2433_S4508_id9_s0_30.png,1,VALID,1.0498047,-0.6225586,-1.2392578,1.2407607,LCC-FASD external-dev / cross-domain stress set,True
FT720P_SSM2433_S4508_id9_s0_45.png,1,VALID,0.4272461,-0.17102051,-0.8955078,0.20313948,LCC-FASD external-dev / cross-domain stress set,True
FT720P_SSM2433_S4508_id9_s0_60.png,1,VALID,0.9892578,-0.45654297,-1.2861328,1.0837804,LCC-FASD external-dev / cross-domain stress set,True
FT720P_SSM2433_S4508_id9_s0_75.png,1,VALID,0.28588867,0.22851562,-0.97753906,-0.2045111,LCC-FASD external-dev / cross-domain stress set,True
FT720P_SSM2433_S4508_id9_s0_90.png,1,VALID,1.0087891,-0.38671875,-1.2998047,1.0581188,LCC-FASD external-dev / cross-domain stress set,True
FT720P_SSM2433_S4508_id9_s0_105.png,1,VALID,0.4074707,-0.14001465,-0.81884766,0.13722605,LCC-FASD external-dev / cross-domain stress set,True
FT720P_SSM2433_S4508_id9_s0_120.png,1,VALID,0.71972656,0.10076904,-1.3242188,0.4034338,LCC-FASD external-dev / cross-domain stress set,True
FT720P_SSM2433_S4508_id9_s0_135.png,1,VALID,0.73046875,-0.24731445,-1.0205078,0.5982947,LCC-FASD external-dev / cross-domain stress set,True
FT720P_SSM2433_S4508_id9_s0_150.png,1,VALID,0.6645508,-0.27026367,-0.9477539,0.52410305,LCC-FASD external-dev / cross-domain stress set,True
YOUTUBE_AA6000_HUAWEIY9_id39_s1_15.png,1,VALID,-0.65283203,0.78808594,-0.6484375,-1.6542156,LCC-FASD external-dev / cross-domain stress set,False
YOUTUBE_AA6000_HUAWEIY9_id39_s1_30.png,1,VALID,-0.08514404,0.15283203,-0.6875,-0.59674585,LCC-FASD external-dev / cross-domain stress set,True
YOUTUBE_AA6000_HUAWEIY9_id39_s1_58.png,1,VALID,-0.91259766,1.1835938,-0.6010742,-2.2513583,LCC-FASD external-dev / cross-domain stress set,False
YOUTUBE_AA6000_HUAWEIY9_id39_s1_87.png,1,VALID,-0.099975586,0.5385742,-0.98339844,-0.83599055,LCC-FASD external-dev / cross-domain stress set,False
YOUTUBE_AA6000_HUAWEIY9_id39_s1_102.png,1,VALID,0.21142578,-0.11621094,-1.0126953,-0.014534622,LCC-FASD external-dev / cross-domain stress set,True
YOUTUBE_AA6000_HUAWEIY9_id39_s1_117.png,1,VALID,-0.6152344,0.81396484,-0.80615234,-1.6097488,LCC-FASD external-dev / cross-domain stress set,False
YOUTUBE_AA6000_HUAWEIY9_id39_s1_132.png,1,VALID,-0.18603516,0.14782715,-0.75341797,-0.6746565,LCC-FASD external-dev / cross-domain stress set,False
YOUTUBE_AA6000_HUAWEIY9_id42_s0_15.png,1,VALID,-0.66064453,1.1826172,-0.7832031,-1.9743259,LCC-FASD external-dev / cross-domain stress set,False
YOUTUBE_AA6000_HUAWEIY9_id42_s0_30.png,1,VALID,-0.4038086,0.3930664,-0.4580078,-1.1524186,LCC-FASD external-dev / cross-domain stress set,False
YOUTUBE_AA6000_HUAWEIY9_id42_s0_45.png,1,VALID,-0.73095703,0.7294922,-0.36645508,-1.7487981,LCC-FASD external-dev / cross-domain stress set,False
YOUTUBE_AA6000_HUAWEIY9_id42_s0_60.png,1,VALID,-0.5751953,0.7373047,-0.5371094,-1.5590434,LCC-FASD external-dev / cross-domain stress set,False
YOUTUBE_AA6000_HUAWEIY9_id42_s0_75.png,1,VALID,-0.5917969,0.92871094,-0.64990234,-1.7080332,LCC-FASD external-dev / cross-domain stress set,False
YOUTUBE_AA6000_HUAWEIY9_id42_s0_90.png,1,VALID,-0.7163086,0.94091797,-0.5449219,-1.861238,LCC-FASD external-dev / cross-domain stress set,False
YOUTUBE_AA6000_HUAWEIY9_id42_s0_105.png,1,VALID,-0.76416016,1.2041016,-0.6928711,-2.108043,LCC-FASD external-dev / cross-domain stress set,False
YOUTUBE_AA6000_HUAWEIY9_id42_s0_120.png,1,VALID,-0.91845703,1.2958984,-0.5878906,-2.3558664,LCC-FASD external-dev / cross-domain stress set,False
YOUTUBE_AA6000_HUAWEIY9_id42_s0_135.png,1,VALID,-0.9472656,1.2646484,-0.5136719,-2.3679957,LCC-FASD external-dev / cross-domain stress set,False
YOUTUBE_AA6000_HUAWEIY9_id42_s0_150.png,1,VALID,-0.484375,0.75146484,-0.5620117,-1.4739773,LCC-FASD external-dev / cross-domain stress set,False
YOUTUBE_AA6000_HUAWEIY9_id42_s1_65.png,1,VALID,-1.1240234,0.9995117,-0.18554688,-2.390296,LCC-FASD external-dev / cross-domain stress set,False
YOUTUBE_AA6000_HUAWEIY9_id42_s1_142.png,1,VALID,-1.1699219,1.2900391,-0.25756836,-2.6528568,LCC-FASD external-dev / cross-domain stress set,False
YOUTUBE_AAL1917_SGT3SMT310_id42_s0_16.png,1,VALID,-0.37841797,0.91748047,-0.89697266,-1.4468386,LCC-FASD external-dev / cross-domain stress set,False
YOUTUBE_AAL1917_SGT3SMT310_id42_s0_106.png,1,VALID,-0.44873047,0.6767578,-0.57714844,-1.3765488,LCC-FASD external-dev / cross-domain stress set,False
YOUTUBE_AAL1917_SGT3SMT310_id42_s0_121.png,1,VALID,0.45825195,-0.37548828,-0.8828125,0.36242214,LCC-FASD external-dev / cross-domain stress set,True
YOUTUBE_AAL1917_SGT3SMT310_id42_s0_136.png,1,VALID,-0.32250977,0.5283203,-0.61376953,-1.1278187,LCC-FASD external-dev / cross-domain stress set,False
FT720P_SSM2433_S4508_id0_s1_15.png,1,VALID,1.6191406,-0.93115234,-1.9951172,2.2538357,LCC-FASD external-dev / cross-domain stress set,True
FT720P_SSM2433_S4508_id0_s1_30.png,1,VALID,1.6611328,-0.90771484,-2.0371094,2.2887728,LCC-FASD external-dev / cross-domain stress set,True
FT720P_SSM2433_S4508_id0_s1_45.png,1,VALID,1.6757812,-1.1015625,-1.9511719,2.4213617,LCC-FASD external-dev / cross-domain stress set,True
FT720P_SSM2433_S4508_id0_s1_60.png,1,VALID,1.8222656,-1.5029297,-1.9306641,2.8232179,LCC-FASD external-dev / cross-domain stress set,True
FT720P_SSM2433_S4508_id0_s1_75.png,1,VALID,1.8339844,-1.4042969,-1.9863281,2.7943892,LCC-FASD external-dev / cross-domain stress set,True
FT720P_SSM2433_S4508_id0_s1_90.png,1,VALID,1.8847656,-1.4873047,-1.9892578,2.8987303,LCC-FASD external-dev / cross-domain stress set,True
FT720P_SSM2433_S4508_id0_s1_150.png,1,VALID,1.8496094,-1.4804688,-1.9746094,2.853785,LCC-FASD external-dev / cross-domain stress set,True
FT720P_SSM2433_S4508_id0_s2_15.png,1,VALID,0.7446289,0.23571777,-1.4248047,0.33492452,LCC-FASD external-dev / cross-domain stress set,True
FT720P_SSM2433_S4508_id0_s2_30.png,1,VALID,0.3269043,0.1977539,-0.93310547,-0.1505669,LCC-FASD external-dev / cross-domain stress set,True
FT720P_SSM2433_S4508_id0_s2_45.png,1,VALID,0.9165039,-0.27490234,-1.3212891,0.89040995,LCC-FASD external-dev / cross-domain stress set,True
FT720P_SSM2433_S4508_id0_s2_60.png,1,VALID,1.2998047,-0.640625,-1.5205078,1.5934192,LCC-FASD external-dev / cross-domain stress set,True
FT720P_SSM2433_S4508_id0_s2_75.png,1,VALID,1.4824219,-0.28125,-2.0839844,1.6110817,LCC-FASD external-dev / cross-domain stress set,True
FT720P_SSM2433_S4508_id0_s2_90.png,1,VALID,1.8095703,-0.81933594,-2.0957031,2.3827894,LCC-FASD external-dev / cross-domain stress set,True
FT720P_SSM2433_S4508_id0_s2_105.png,1,VALID,1.6113281,-0.55029297,-2.0898438,1.9673072,LCC-FASD external-dev / cross-domain stress set,True
FT720P_SSM2433_S4508_id0_s2_120.png,1,VALID,1.7861328,-0.88183594,-2.0292969,2.392277,LCC-FASD external-dev / cross-domain stress set,True
FT720P_SSM2433_S4508_id0_s2_135.png,1,VALID,1.5869141,-0.41845703,-2.0976562,1.8343437,LCC-FASD external-dev / cross-domain stress set,True
FT720P_SSM2433_S4508_id0_s2_150.png,1,VALID,1.2646484,-0.41796875,-1.6660156,1.4302528,LCC-FASD external-dev / cross-domain stress set,True
FT720P_SSM2433_S4508_id0_s3_15.png,1,VALID,-0.7651367,2.1054688,-1.3027344,-2.90317,LCC-FASD external-dev / cross-domain stress set,False
FT720P_SSM2433_S4508_id0_s3_30.png,1,VALID,-0.5839844,2.0175781,-1.3701172,-2.6347907,LCC-FASD external-dev / cross-domain stress set,False
FT720P_SSM2433_S4508_id0_s3_45.png,1,VALID,-0.25976562,2.1796875,-1.7470703,-2.4589689,LCC-FASD external-dev / cross-domain stress set,False
FT720P_SSM2433_S4508_id0_s3_60.png,1,VALID,-0.6582031,2.1464844,-1.3603516,-2.8342383,LCC-FASD external-dev / cross-domain stress set,False
FT720P_SSM2433_S4508_id0_s3_75.png,1,VALID,-0.094177246,1.84375,-1.7578125,-1.9648428,LCC-FASD external-dev / cross-domain stress set,False
FT720P_SSM2433_S4508_id0_s3_90.png,1,VALID,-0.1796875,1.6933594,-1.5664062,-1.9107255,LCC-FASD external-dev / cross-domain stress set,False
FT720P_SSM2433_S4508_id0_s3_105.png,1,VALID,-0.57910156,1.8496094,-1.2724609,-2.4718335,LCC-FASD external-dev / cross-domain stress set,False
FT720P_SSM2433_S4508_id0_s3_120.png,1,VALID,-0.36254883,1.6191406,-1.2529297,-2.0367284,LCC-FASD external-dev / cross-domain stress set,False
FT720P_SSM2433_S4508_id0_s3_135.png,1,VALID,-0.22521973,1.8916016,-1.6015625,-2.1467729,LCC-FASD external-dev / cross-domain stress set,False
FT720P_SSM2433_S4508_id0_s3_150.png,1,VALID,-0.4177246,2.2226562,-1.7050781,-2.6598778,LCC-FASD external-dev / cross-domain stress set,False
FT720P_SSM2433_S4508_id12_s0_15.png,1,VALID,1.1416016,-0.8125,-1.3554688,1.4960308,LCC-FASD external-dev / cross-domain stress set,True
FT720P_SSM2433_S4508_id12_s0_30.png,1,VALID,1.4794922,-1.3037109,-1.4580078,2.1642313,LCC-FASD external-dev / cross-domain stress set,True
FT720P_SSM2433_S4508_id12_s0_45.png,1,VALID,0.9506836,-0.7080078,-1.2412109,1.1970208,LCC-FASD external-dev / cross-domain stress set,True
FT720P_SSM2433_S4508_id12_s0_60.png,1,VALID,1.2109375,-0.9169922,-1.4082031,1.6505253,LCC-FASD external-dev / cross-domain stress set,True
FT720P_SSM2433_S4508_id12_s0_75.png,1,VALID,0.95214844,-0.72558594,-1.2763672,1.2225276,LCC-FASD external-dev / cross-domain stress set,True
FT720P_SSM2433_S4508_id12_s0_90.png,1,VALID,0.6035156,-0.21105957,-1.2167969,0.5028533,LCC-FASD external-dev / cross-domain stress set,True
FT720P_SSM2433_S4508_id12_s0_105.png,1,VALID,0.95996094,-1.0263672,-1.0517578,1.3057957,LCC-FASD external-dev / cross-domain stress set,True
FT720P_SSM2433_S4508_id12_s0_120.png,1,VALID,1.1396484,-1.3779297,-1.0371094,1.6395707,LCC-FASD external-dev / cross-domain stress set,True
FT720P_SSM2433_S4508_id12_s0_135.png,1,VALID,0.76660156,-0.55566406,-1.1425781,0.8801211,LCC-FASD external-dev / cross-domain stress set,True
FT720P_SSM2433_S4508_id12_s0_150.png,1,VALID,0.6040039,-0.44091797,-1.0527344,0.61160505,LCC-FASD external-dev / cross-domain stress set,True
FT720P_SSM2433_S4508_id12_s1_15.png,1,VALID,0.92089844,-1.6728516,-0.57666016,1.2092707,LCC-FASD external-dev / cross-domain stress set,True
FT720P_SSM2433_S4508_id12_s1_30.png,1,VALID,0.59033203,-1.578125,-0.22888184,0.5885494,LCC-FASD external-dev / cross-domain stress set,True
FT720P_SSM2433_S4508_id12_s1_45.png,1,VALID,1.0458984,-1.6318359,-0.6401367,1.3705343,LCC-FASD external-dev / cross-domain stress set,True
FT720P_SSM2433_S4508_id12_s1_60.png,1,VALID,0.7246094,-1.5703125,-0.35351562,0.81870556,LCC-FASD external-dev / cross-domain stress set,True
FT720P_SSM2433_S4508_id12_s1_75.png,1,VALID,1.4677734,-1.8115234,-1.0996094,2.1681342,LCC-FASD external-dev / cross-domain stress set,True
FT720P_SSM2433_S4508_id12_s1_90.png,1,VALID,1.5195312,-1.7949219,-1.1865234,2.2715347,LCC-FASD external-dev / cross-domain stress set,True
FT720P_SSM2433_S4508_id12_s1_105.png,1,VALID,1.6181641,-1.8203125,-1.2851562,2.4423714,LCC-FASD external-dev / cross-domain stress set,True
FT720P_SSM2433_S4508_id12_s1_120.png,1,VALID,1.2158203,-1.8144531,-0.82177734,1.7223608,LCC-FASD external-dev / cross-domain stress set,True
FT720P_SSM2433_S4508_id12_s1_135.png,1,VALID,1.3964844,-1.7958984,-1.0683594,2.0707116,LCC-FASD external-dev / cross-domain stress set,True
FT720P_SSM2433_S4508_id12_s1_150.png,1,VALID,1.4658203,-1.7910156,-1.1152344,2.1697674,LCC-FASD external-dev / cross-domain stress set,True
FT720P_SSM2433_S4508_id12_s2_15.png,1,VALID,1.1699219,-1.2548828,-1.0478516,1.6227937,LCC-FASD external-dev / cross-domain stress set,True
FT720P_SSM2433_S4508_id12_s2_30.png,1,VALID,-0.04156494,0.17541504,-0.62158203,-0.58901256,LCC-FASD external-dev / cross-domain stress set,True
FT720P_SSM2433_S4508_id12_s2_45.png,1,VALID,-0.25146484,0.59375,-0.7236328,-1.0825258,LCC-FASD external-dev / cross-domain stress set,False
FT720P_SSM2433_S4508_id12_s2_60.png,1,VALID,0.4987793,-0.16760254,-1.0029297,0.30610064,LCC-FASD external-dev / cross-domain stress set,True
FT720P_SSM2433_S4508_id12_s2_75.png,1,VALID,0.3828125,0.1159668,-1.0458984,-0.0053942204,LCC-FASD external-dev / cross-domain stress set,True
FT720P_SSM2433_S4508_id12_s2_90.png,1,VALID,0.2980957,0.2841797,-1.0605469,-0.21768045,LCC-FASD external-dev / cross-domain stress set,True
FT720P_SSM2433_S4508_id12_s2_105.png,1,VALID,0.61816406,0.043029785,-1.2148438,0.32495326,LCC-FASD external-dev / cross-domain stress set,True
FT720P_SSM2433_S4508_id12_s2_120.png,1,VALID,0.43774414,0.40185547,-1.2900391,-0.13315368,LCC-FASD external-dev / cross-domain stress set,True
FT720P_SSM2433_S4508_id12_s2_135.png,1,VALID,0.49365234,-0.04534912,-1.0166016,0.21792674,LCC-FASD external-dev / cross-domain stress set,True
FT720P_SSM2433_S4508_id12_s2_150.png,1,VALID,0.49194336,0.24108887,-1.2226562,0.042728603,LCC-FASD external-dev / cross-domain stress set,True
FT720P_SSM20B370_BQ5204_id5_s0_15.png,1,VALID,1.5166016,-0.93896484,-1.4501953,1.9857146,LCC-FASD external-dev / cross-domain stress set,True
FT720P_SSM20B370_BQ5204_id5_s0_30.png,1,VALID,1.6933594,-0.9355469,-1.6533203,2.2315826,LCC-FASD external-dev / cross-domain stress set,True
FT720P_SSM20B370_BQ5204_id5_s0_45.png,1,VALID,1.9257812,-1.4052734,-1.6552734,2.7551153,LCC-FASD external-dev / cross-domain stress set,True
FT720P_SSM20B370_BQ5204_id5_s0_60.png,1,VALID,1.921875,-1.2958984,-1.7509766,2.7264986,LCC-FASD external-dev / cross-domain stress set,True
FT720P_SSM20B370_BQ5204_id5_s0_75.png,1,VALID,1.9492188,-1.3710938,-1.6875,2.7729063,LCC-FASD external-dev / cross-domain stress set,True
FT720P_SSM20B370_BQ5204_id5_s0_90.png,1,VALID,1.8837891,-1.1289062,-1.765625,2.5880647,LCC-FASD external-dev / cross-domain stress set,True
FT720P_SSM20B370_BQ5204_id5_s0_105.png,1,VALID,1.9277344,-1.3076172,-1.7167969,2.72601,LCC-FASD external-dev / cross-domain stress set,True
FT720P_SSM20B370_BQ5204_id5_s0_120.png,1,VALID,1.8330078,-1.0683594,-1.7197266,2.4817805,LCC-FASD external-dev / cross-domain stress set,True
FT720P_SSM20B370_BQ5204_id5_s0_135.png,1,VALID,2.0371094,-1.5185547,-1.7568359,2.974577,LCC-FASD external-dev / cross-domain stress set,True
FT720P_SSM20B370_BQ5204_id5_s0_150.png,1,VALID,1.7646484,-1.0546875,-1.6933594,2.3953807,LCC-FASD external-dev / cross-domain stress set,True
FT720P_SSM20B370_BQ5204_id9_s0_15.png,1,VALID,0.44189453,-0.050842285,-1.0761719,0.18622449,LCC-FASD external-dev / cross-domain stress set,True
FT720P_SSM20B370_BQ5204_id9_s0_30.png,1,VALID,0.07110596,0.7294922,-1.0898438,-0.80864364,LCC-FASD external-dev / cross-domain stress set,False
FT720P_SSM20B370_BQ5204_id9_s0_45.png,1,VALID,0.14416504,0.82666016,-1.3144531,-0.7936106,LCC-FASD external-dev / cross-domain stress set,False
FT720P_SSM20B370_BQ5204_id9_s0_60.png,1,VALID,0.74902344,0.099365234,-1.4423828,0.45573202,LCC-FASD external-dev / cross-domain stress set,True
FT720P_SSM20B370_BQ5204_id9_s0_75.png,1,VALID,0.8022461,-0.32080078,-1.171875,0.7675033,LCC-FASD external-dev / cross-domain stress set,True
FT720P_SSM20B370_BQ5204_id9_s0_90.png,1,VALID,0.67871094,0.15478516,-1.4111328,0.33421808,LCC-FASD external-dev / cross-domain stress set,True
FT720P_SSM20B370_BQ5204_id9_s0_105.png,1,VALID,0.7470703,-0.05999756,-1.3544922,0.56487787,LCC-FASD external-dev / cross-domain stress set,True
FT720P_SSM20B370_BQ5204_id9_s0_120.png,1,VALID,0.69921875,0.026306152,-1.3261719,0.44291365,LCC-FASD external-dev / cross-domain stress set,True
FT720P_SSM20B370_BQ5204_id9_s0_135.png,1,VALID,0.64941406,0.12402344,-1.3505859,0.3192971,LCC-FASD external-dev / cross-domain stress set,True
FT720P_SSM20B370_BQ5204_id9_s0_150.png,1,VALID,0.72314453,-0.26611328,-1.1806641,0.6522882,LCC-FASD external-dev / cross-domain stress set,True
FT720P_SSM20B370_BQ5204_id9_s1_95.png,1,VALID,-1.1923828,1.2392578,-0.16271973,-2.651667,LCC-FASD external-dev / cross-domain stress set,False
FT720P_SSM20B370_BQ5204_id12_s1_30.png,1,VALID,0.69873047,-0.2541504,-1.1132812,0.5997411,LCC-FASD external-dev / cross-domain stress set,True
FT720P_SSM20B370_BQ5204_id12_s1_45.png,1,VALID,1.1201172,0.103027344,-1.828125,0.88170177,LCC-FASD external-dev / cross-domain stress set,True
FT720P_SSM20B370_BQ5204_id12_s1_60.png,1,VALID,1.0488281,0.09106445,-1.7275391,0.80740404,LCC-FASD external-dev / cross-domain stress set,True
FT720P_SSM20B370_BQ5204_id12_s1_75.png,1,VALID,1.2626953,-0.32348633,-1.7666016,1.3741469,LCC-FASD external-dev / cross-domain stress set,True
FT720P_SSM20B370_BQ5204_id12_s1_90.png,1,VALID,1.6367188,-0.6303711,-1.9814453,2.0368023,LCC-FASD external-dev / cross-domain stress set,True
FT720P_SSM20B370_BQ5204_id12_s2_15.png,1,VALID,0.47094727,0.009986877,-1.1123047,0.17914581,LCC-FASD external-dev / cross-domain stress set,True
FT720P_SSM20B370_BQ5204_id12_s2_30.png,1,VALID,0.5703125,-0.15771484,-1.1630859,0.4162073,LCC-FASD external-dev / cross-domain stress set,True
FT720P_SSM20B370_BQ5204_id12_s2_45.png,1,VALID,0.16210938,0.38476562,-1.1064453,-0.42567867,LCC-FASD external-dev / cross-domain stress set,True
FT720P_SSM20B370_BQ5204_id12_s2_60.png,1,VALID,0.60791016,-0.10070801,-1.2392578,0.43077192,LCC-FASD external-dev / cross-domain stress set,True
FT720P_SSM20B370_BQ5204_id12_s2_75.png,1,VALID,0.16296387,0.4663086,-1.1386719,-0.48641062,LCC-FASD external-dev / cross-domain stress set,True
FT720P_SSM20B370_BQ5204_id12_s2_90.png,1,VALID,0.14465332,0.46948242,-1.1289062,-0.5090007,LCC-FASD external-dev / cross-domain stress set,True
FT720P_SSM20B370_BQ5204_id12_s2_105.png,1,VALID,0.4909668,-0.0007042885,-1.1845703,0.22463077,LCC-FASD external-dev / cross-domain stress set,True
FT720P_SSM20B370_BQ5204_id12_s2_120.png,1,VALID,0.34228516,0.12109375,-1.0712891,-0.043859392,LCC-FASD external-dev / cross-domain stress set,True
FT720P_SSM20B370_BQ5204_id12_s2_135.png,1,VALID,0.18237305,0.5126953,-1.1279297,-0.50751305,LCC-FASD external-dev / cross-domain stress set,True
FT720P_SSM20B370_BQ5204_id12_s2_150.png,1,VALID,0.33447266,0.075927734,-1.0087891,-0.032629132,LCC-FASD external-dev / cross-domain stress set,True
FT720P_SSM2433_S4508_id0_s0_15.png,1,VALID,0.63916016,0.5756836,-1.6621094,-0.03790039,LCC-FASD external-dev / cross-domain stress set,True
FT720P_SSM2433_S4508_id0_s0_30.png,1,VALID,0.49145508,0.6171875,-1.5732422,-0.23177445,LCC-FASD external-dev / cross-domain stress set,True
FT720P_SSM2433_S4508_id0_s0_45.png,1,VALID,1.1660156,-0.0056533813,-1.8574219,1.0258738,LCC-FASD external-dev / cross-domain stress set,True
FT720P_SSM2433_S4508_id0_s0_60.png,1,VALID,1.6259766,-0.86279297,-1.8886719,2.1824021,LCC-FASD external-dev / cross-domain stress set,True
FT720P_SSM2433_S4508_id0_s0_75.png,1,VALID,1.5888672,-0.92626953,-1.8505859,2.180951,LCC-FASD external-dev / cross-domain stress set,True
FT720P_SSM2433_S4508_id0_s0_90.png,1,VALID,1.3310547,-0.84472656,-1.6191406,1.7966781,LCC-FASD external-dev / cross-domain stress set,True
FT720P_SSM2433_S4508_id0_s0_105.png,1,VALID,0.7270508,-0.6557617,-1.0634766,0.8728862,LCC-FASD external-dev / cross-domain stress set,True
FT720P_SSM2433_S4508_id0_s0_120.png,1,VALID,1.2167969,-0.9560547,-1.3847656,1.6712596,LCC-FASD external-dev / cross-domain stress set,True
FT720P_SSM2433_S4508_id0_s0_135.png,1,VALID,1.5996094,-1.3720703,-1.6464844,2.4063559,LCC-FASD external-dev / cross-domain stress set,True
FT720P_SSM2433_S4508_id0_s0_150.png,1,VALID,1.6992188,-1.5507812,-1.6943359,2.6260564,LCC-FASD external-dev / cross-domain stress set,True
FT720P_SSM2433_S4508_id0_s1_105.png,1,VALID,1.7841797,-1.3691406,-1.9248047,2.6998963,LCC-FASD external-dev / cross-domain stress set,True
FT720P_SSM2433_S4508_id0_s1_120.png,1,VALID,1.7890625,-1.4150391,-1.9345703,2.7373538,LCC-FASD external-dev / cross-domain stress set,True
FT720P_SSM2433_S4508_id0_s1_135.png,1,VALID,1.6923828,-1.2011719,-1.9023438,2.4907575,LCC-FASD external-dev / cross-domain stress set,True
FT720P_NEC90GX2_ZC554KL_id9_s0_15.png,1,VALID,0.49414062,0.28759766,-1.3242188,0.024617434,LCC-FASD external-dev / cross-domain stress set,True
FT720P_NEC90GX2_ZC554KL_id9_s0_30.png,1,VALID,0.59277344,-0.014259338,-1.2539062,0.35278878,LCC-FASD external-dev / cross-domain stress set,True
FT720P_NEC90GX2_ZC554KL_id9_s0_45.png,1,VALID,0.43359375,0.7265625,-1.5166016,-0.39382917,LCC-FASD external-dev / cross-domain stress set,True
FT720P_NEC90GX2_ZC554KL_id9_s0_60.png,1,VALID,0.38452148,0.41015625,-1.2695312,-0.19658542,LCC-FASD external-dev / cross-domain stress set,True
FT720P_NEC90GX2_ZC554KL_id9_s0_75.png,1,VALID,0.7192383,0.24133301,-1.5400391,0.32226402,LCC-FASD external-dev / cross-domain stress set,True
FT720P_NEC90GX2_ZC554KL_id9_s0_90.png,1,VALID,0.56103516,0.45947266,-1.4980469,-0.030525088,LCC-FASD external-dev / cross-domain stress set,True
FT720P_NEC90GX2_ZC554KL_id9_s0_105.png,1,VALID,0.5410156,0.12463379,-1.2490234,0.19069806,LCC-FASD external-dev / cross-domain stress set,True
FT720P_NEC90GX2_ZC554KL_id9_s0_120.png,1,VALID,0.45092773,0.37695312,-1.3574219,-0.088578224,LCC-FASD external-dev / cross-domain stress set,True
FT720P_NEC90GX2_ZC554KL_id9_s0_135.png,1,VALID,0.7055664,-0.0024795532,-1.3271484,0.47226977,LCC-FASD external-dev / cross-domain stress set,True
FT720P_NEC90GX2_ZC554KL_id9_s0_150.png,1,VALID,0.19494629,0.6879883,-1.2236328,-0.63092434,LCC-FASD external-dev / cross-domain stress set,False
FT720P_NEC90GX2_ZC554KL_id12_s2_17.png,1,VALID,1.0078125,-0.7963867,-1.1396484,1.2680261,LCC-FASD external-dev / cross-domain stress set,True
FT720P_NEC90GX2_ZC554KL_id12_s2_32.png,1,VALID,0.82373047,-0.35620117,-1.2519531,0.837548,LCC-FASD external-dev / cross-domain stress set,True
FT720P_NEC90GX2_ZC554KL_id12_s2_47.png,1,VALID,0.5439453,0.19750977,-1.2841797,0.14165685,LCC-FASD external-dev / cross-domain stress set,True
FT720P_NEC90GX2_ZC554KL_id12_s2_62.png,1,VALID,0.42651367,0.1315918,-1.2001953,0.06063658,LCC-FASD external-dev / cross-domain stress set,True
FT720P_NEC90GX2_ZC554KL_id12_s2_77.png,1,VALID,0.64941406,-0.27783203,-1.1396484,0.5749046,LCC-FASD external-dev / cross-domain stress set,True
FT720P_NEC90GX2_ZC554KL_id12_s2_92.png,1,VALID,0.6484375,-0.20422363,-1.1757812,0.5316702,LCC-FASD external-dev / cross-domain stress set,True
FT720P_SSM20B370_BQ5204_id0_s0_15.png,1,VALID,1.5146484,-1.4804688,-1.4492188,2.286223,LCC-FASD external-dev / cross-domain stress set,True
FT720P_SSM20B370_BQ5204_id0_s0_30.png,1,VALID,1.5820312,-1.25,-1.7509766,2.3583229,LCC-FASD external-dev / cross-domain stress set,True
FT720P_SSM20B370_BQ5204_id0_s0_45.png,1,VALID,1.7050781,-1.7001953,-1.6298828,2.6763523,LCC-FASD external-dev / cross-domain stress set,True
FT720P_SSM20B370_BQ5204_id0_s0_60.png,1,VALID,1.7050781,-1.7402344,-1.5332031,2.6433015,LCC-FASD external-dev / cross-domain stress set,True
FT720P_SSM20B370_BQ5204_id0_s0_75.png,1,VALID,1.6005859,-1.6113281,-1.5068359,2.4651566,LCC-FASD external-dev / cross-domain stress set,True
FT720P_SSM20B370_BQ5204_id0_s0_90.png,1,VALID,1.6025391,-1.7255859,-1.4570312,2.491712,LCC-FASD external-dev / cross-domain stress set,True
FT720P_SSM20B370_BQ5204_id0_s0_105.png,1,VALID,1.6318359,-1.640625,-1.515625,2.514862,LCC-FASD external-dev / cross-domain stress set,True
FT720P_SSM20B370_BQ5204_id0_s0_121.png,1,VALID,1.5234375,-1.3076172,-1.5820312,2.2657309,LCC-FASD external-dev / cross-domain stress set,True
FT720P_SSM20B370_BQ5204_id0_s0_136.png,1,VALID,1.6425781,-1.5693359,-1.5908203,2.5294514,LCC-FASD external-dev / cross-domain stress set,True
FT720P_SSM20B370_BQ5204_id0_s0_151.png,1,VALID,1.5986328,-1.4726562,-1.546875,2.414563,LCC-FASD external-dev / cross-domain stress set,True
FT720P_SSM20B370_BQ5204_id0_s1_15.png,1,VALID,0.9067383,-0.44458008,-1.4150391,1.0300257,LCC-FASD external-dev / cross-domain stress set,True
FT720P_SSM20B370_BQ5204_id0_s1_30.png,1,VALID,1.0947266,-0.59277344,-1.5361328,1.3586872,LCC-FASD external-dev / cross-domain stress set,True
FT720P_SSM20B370_BQ5204_id0_s1_45.png,1,VALID,1.0537109,-0.5444336,-1.5087891,1.275171,LCC-FASD external-dev / cross-domain stress set,True
FT720P_SSM20B370_BQ5204_id0_s1_60.png,1,VALID,1.2099609,-0.8359375,-1.5205078,1.6375662,LCC-FASD external-dev / cross-domain stress set,True
FT720P_SSM20B370_BQ5204_id0_s1_75.png,1,VALID,1.1787109,-0.71533203,-1.5693359,1.5393752,LCC-FASD external-dev / cross-domain stress set,True
FT720P_SSM20B370_BQ5204_id0_s1_90.png,1,VALID,1.2646484,-0.9560547,-1.5380859,1.776811,LCC-FASD external-dev / cross-domain stress set,True
FT720P_SSM20B370_BQ5204_id0_s1_105.png,1,VALID,1.0917969,-0.7597656,-1.421875,1.435644,LCC-FASD external-dev / cross-domain stress set,True
FT720P_SSM20B370_BQ5204_id0_s1_120.png,1,VALID,1.0458984,-0.7036133,-1.4082031,1.3478463,LCC-FASD external-dev / cross-domain stress set,True
FT720P_SSM20B370_BQ5204_id0_s1_135.png,1,VALID,1.0810547,-0.62353516,-1.4970703,1.3557141,LCC-FASD external-dev / cross-domain stress set,True
FT720P_SSM20B370_BQ5204_id0_s1_150.png,1,VALID,0.9980469,-0.4741211,-1.5322266,1.1742043,LCC-FASD external-dev / cross-domain stress set,True
FT720P_SSM20B370_BQ5204_id0_s3_15.png,1,VALID,0.6855469,0.30004883,-1.7568359,0.26518345,LCC-FASD external-dev / cross-domain stress set,True
FT720P_SSM20B370_BQ5204_id0_s3_32.png,1,VALID,0.07910156,0.75878906,-1.3730469,-0.7917827,LCC-FASD external-dev / cross-domain stress set,False
FT720P_SSM20B370_BQ5204_id0_s3_47.png,1,VALID,0.31860352,0.81396484,-1.6923828,-0.57377094,LCC-FASD external-dev / cross-domain stress set,True
FT720P_SSM20B370_BQ5204_id0_s3_62.png,1,VALID,0.17480469,1.1621094,-1.7304688,-1.041256,LCC-FASD external-dev / cross-domain stress set,False
FT720P_SSM20B370_BQ5204_id0_s3_77.png,1,VALID,0.50097656,0.6816406,-1.7607422,-0.2640428,LCC-FASD external-dev / cross-domain stress set,True
FT720P_SSM20B370_BQ5204_id0_s3_92.png,1,VALID,0.21191406,0.8989258,-1.5537109,-0.76957405,LCC-FASD external-dev / cross-domain stress set,False
FT720P_SSM20B370_BQ5204_id0_s3_107.png,1,VALID,0.59521484,0.76123047,-1.8984375,-0.23364758,LCC-FASD external-dev / cross-domain stress set,True
FT720P_SSM20B370_BQ5204_id0_s3_122.png,1,VALID,0.66796875,0.57373047,-1.8320312,0.007880092,LCC-FASD external-dev / cross-domain stress set,True
FT720P_SSM20B370_BQ5204_id0_s3_137.png,1,VALID,0.38378906,0.6850586,-1.6259766,-0.39581442,LCC-FASD external-dev / cross-domain stress set,True
FT720P_SSM20B370_BQ5204_id0_s3_152.png,1,VALID,0.18652344,0.9404297,-1.5664062,-0.8322791,LCC-FASD external-dev / cross-domain stress set,False
FT720P_SSM20B370_BQ5204_id12_s1_15.png,1,VALID,0.42871094,-0.49853516,-0.65625,0.30985028,LCC-FASD external-dev / cross-domain stress set,True
FT720P_SSM20B370_BQ5204_id12_s1_105.png,1,VALID,0.98046875,0.19116211,-1.7724609,0.6579723,LCC-FASD external-dev / cross-domain stress set,True
FT720P_SSM20B370_BQ5204_id12_s1_120.png,1,VALID,1.0615234,-0.26123047,-1.5009766,1.0685322,LCC-FASD external-dev / cross-domain stress set,True
FT720P_SSM20B370_BQ5204_id12_s1_135.png,1,VALID,1.4433594,-0.6279297,-1.7197266,1.7818987,LCC-FASD external-dev / cross-domain stress set,True
FT720P_SSM20B370_BQ5204_id12_s1_150.png,1,VALID,0.89160156,0.17321777,-1.6767578,0.5723451,LCC-FASD external-dev / cross-domain stress set,True
FT720P_MBP1314_X014D_id9_s0_15.png,1,VALID,0.12854004,-0.8486328,0.113220215,-0.30834505,LCC-FASD external-dev / cross-domain stress set,True
FT720P_MBP1314_X014D_id9_s0_30.png,1,VALID,0.20288086,-0.8066406,0.004837036,-0.16951257,LCC-FASD external-dev / cross-domain stress set,True
FT720P_MBP1314_X014D_id9_s0_45.png,1,VALID,0.019897461,-0.76123047,0.2331543,-0.5280318,LCC-FASD external-dev / cross-domain stress set,True
FT720P_MBP1314_X014D_id9_s0_60.png,1,VALID,0.58740234,-1.1484375,-0.234375,0.484668,LCC-FASD external-dev / cross-domain stress set,True
FT720P_MBP1314_X014D_id9_s0_75.png,1,VALID,0.26831055,-1.0888672,0.16479492,-0.14759904,LCC-FASD external-dev / cross-domain stress set,True
FT720P_MBP1314_X014D_id9_s0_90.png,1,VALID,0.28271484,-0.81152344,-0.1282959,0.0022281408,LCC-FASD external-dev / cross-domain stress set,True
FT720P_MBP1314_X014D_id9_s0_135.png,1,VALID,0.02281189,-1.1464844,0.48754883,-0.6430011,LCC-FASD external-dev / cross-domain stress set,False
FT720P_MBP1314_X014D_id9_s0_150.png,1,VALID,0.48486328,-1.0888672,-0.14538574,0.30147037,LCC-FASD external-dev / cross-domain stress set,True
FT720P_NEC90GX2_ZC554KL_id0_s0_15.png,1,VALID,1.6279297,-1.4960938,-1.7685547,2.5578558,LCC-FASD external-dev / cross-domain stress set,True
FT720P_NEC90GX2_ZC554KL_id0_s0_30.png,1,VALID,1.5224609,-1.0292969,-1.7988281,2.1711113,LCC-FASD external-dev / cross-domain stress set,True
FT720P_NEC90GX2_ZC554KL_id0_s0_45.png,1,VALID,1.5996094,-1.5341797,-1.5986328,2.4723492,LCC-FASD external-dev / cross-domain stress set,True
FT720P_NEC90GX2_ZC554KL_id0_s0_60.png,1,VALID,1.4853516,-0.9033203,-1.8398438,2.0579386,LCC-FASD external-dev / cross-domain stress set,True
FT720P_NEC90GX2_ZC554KL_id0_s0_75.png,1,VALID,1.2128906,-0.6230469,-1.6308594,1.524771,LCC-FASD external-dev / cross-domain stress set,True
FT720P_NEC90GX2_ZC554KL_id0_s0_90.png,1,VALID,1.4052734,-1.0429688,-1.5634766,1.9818584,LCC-FASD external-dev / cross-domain stress set,True
FT720P_NEC90GX2_ZC554KL_id0_s0_105.png,1,VALID,1.3955078,-0.7446289,-1.7714844,1.8340269,LCC-FASD external-dev / cross-domain stress set,True
FT720P_NEC90GX2_ZC554KL_id0_s0_120.png,1,VALID,1.2851562,-0.49975586,-1.7646484,1.5362805,LCC-FASD external-dev / cross-domain stress set,True
FT720P_NEC90GX2_ZC554KL_id0_s0_135.png,1,VALID,1.3457031,-0.76220703,-1.6181641,1.7538252,LCC-FASD external-dev / cross-domain stress set,True
FT720P_NEC90GX2_ZC554KL_id0_s0_150.png,1,VALID,1.3603516,-0.84765625,-1.703125,1.8537772,LCC-FASD external-dev / cross-domain stress set,True
FT720P_NEC90GX2_ZC554KL_id0_s1_15.png,1,VALID,1.3408203,-1.0478516,-1.6533203,1.9531183,LCC-FASD external-dev / cross-domain stress set,True
FT720P_NEC90GX2_ZC554KL_id0_s1_30.png,1,VALID,1.5439453,-0.89941406,-1.8535156,2.1175451,LCC-FASD external-dev / cross-domain stress set,True
FT720P_NEC90GX2_ZC554KL_id0_s1_45.png,1,VALID,1.4033203,-0.9116211,-1.7919922,1.9680741,LCC-FASD external-dev / cross-domain stress set,True
FT720P_NEC90GX2_ZC554KL_id0_s1_60.png,1,VALID,1.4296875,-0.8769531,-1.8271484,1.9797387,LCC-FASD external-dev / cross-domain stress set,True
FT720P_NEC90GX2_ZC554KL_id0_s1_75.png,1,VALID,1.4746094,-0.6748047,-1.9150391,1.8953019,LCC-FASD external-dev / cross-domain stress set,True
FT720P_NEC90GX2_ZC554KL_id0_s1_90.png,1,VALID,1.3847656,-0.671875,-1.8896484,1.7974443,LCC-FASD external-dev / cross-domain stress set,True
FT720P_NEC90GX2_ZC554KL_id0_s1_105.png,1,VALID,1.5322266,-0.82910156,-1.9482422,2.0787387,LCC-FASD external-dev / cross-domain stress set,True
FT720P_NEC90GX2_ZC554KL_id0_s1_120.png,1,VALID,1.4970703,-0.6582031,-1.8867188,1.8985198,LCC-FASD external-dev / cross-domain stress set,True
FT720P_NEC90GX2_ZC554KL_id0_s1_135.png,1,VALID,1.6191406,-1.2001953,-1.8222656,2.389613,LCC-FASD external-dev / cross-domain stress set,True
FT720P_NEC90GX2_ZC554KL_id0_s1_150.png,1,VALID,1.4423828,-0.6845703,-1.9560547,1.8797688,LCC-FASD external-dev / cross-domain stress set,True
FT720P_NEC90GX2_ZC554KL_id0_s2_15.png,1,VALID,1.1386719,-0.03314209,-1.9697266,1.0371121,LCC-FASD external-dev / cross-domain stress set,True
FT720P_NEC90GX2_ZC554KL_id0_s2_30.png,1,VALID,0.53808594,0.8417969,-1.9433594,-0.3636006,LCC-FASD external-dev / cross-domain stress set,True
FT720P_NEC90GX2_ZC554KL_id0_s2_45.png,1,VALID,0.56347656,0.91064453,-1.9658203,-0.40197194,LCC-FASD external-dev / cross-domain stress set,True
FT720P_NEC90GX2_ZC554KL_id0_s2_60.png,1,VALID,1.2578125,-0.22229004,-2.0722656,1.3340638,LCC-FASD external-dev / cross-domain stress set,True
FT720P_NEC90GX2_ZC554KL_id0_s2_75.png,1,VALID,0.80908203,0.3154297,-1.9248047,0.39251056,LCC-FASD external-dev / cross-domain stress set,True
FT720P_NEC90GX2_ZC554KL_id0_s2_90.png,1,VALID,0.91064453,-0.37695312,-1.5458984,1.0170405,LCC-FASD external-dev / cross-domain stress set,True
FT720P_NEC90GX2_ZC554KL_id0_s2_105.png,1,VALID,1.2207031,-0.24035645,-2.0292969,1.3065057,LCC-FASD external-dev / cross-domain stress set,True
FT720P_NEC90GX2_ZC554KL_id0_s2_120.png,1,VALID,1.3955078,-0.5024414,-1.9921875,1.6946576,LCC-FASD external-dev / cross-domain stress set,True
FT720P_NEC90GX2_ZC554KL_id0_s2_135.png,1,VALID,1.0429688,-0.39379883,-1.7685547,1.2113056,LCC-FASD external-dev / cross-domain stress set,True
FT720P_NEC90GX2_ZC554KL_id0_s2_150.png,1,VALID,1.0751953,0.07147217,-2.0605469,0.89164734,LCC-FASD external-dev / cross-domain stress set,True
FT720P_NEC90GX2_ZC554KL_id0_s3_15.png,1,VALID,-0.2524414,2.0898438,-1.8583984,-2.36139,LCC-FASD external-dev / cross-domain stress set,False
FT720P_NEC90GX2_ZC554KL_id0_s3_30.png,1,VALID,-0.43286133,1.7724609,-1.375,-2.2473862,LCC-FASD external-dev / cross-domain stress set,False
FT720P_NEC90GX2_ZC554KL_id0_s3_45.png,1,VALID,-0.5058594,1.9609375,-1.5048828,-2.497566,LCC-FASD external-dev / cross-domain stress set,False
FT720P_NEC90GX2_ZC554KL_id0_s3_60.png,1,VALID,-0.48217773,2.0234375,-1.5185547,-2.5341594,LCC-FASD external-dev / cross-domain stress set,False
FT720P_NEC90GX2_ZC554KL_id0_s3_75.png,1,VALID,-0.53271484,1.8867188,-1.3417969,-2.4582853,LCC-FASD external-dev / cross-domain stress set,False
FT720P_NEC90GX2_ZC554KL_id0_s3_90.png,1,VALID,-0.15808105,2.1230469,-1.8916016,-2.2990162,LCC-FASD external-dev / cross-domain stress set,False
FT720P_NEC90GX2_ZC554KL_id0_s3_105.png,1,VALID,-0.74902344,2.2792969,-1.3779297,-3.053797,LCC-FASD external-dev / cross-domain stress set,False
FT720P_NEC90GX2_ZC554KL_id0_s3_120.png,1,VALID,-0.2626953,1.96875,-1.7441406,-2.255559,LCC-FASD external-dev / cross-domain stress set,False
FT720P_NEC90GX2_ZC554KL_id0_s3_135.png,1,VALID,-0.6279297,2.0390625,-1.390625,-2.6988754,LCC-FASD external-dev / cross-domain stress set,False
FT720P_NEC90GX2_ZC554KL_id0_s3_150.png,1,VALID,-0.64990234,2.2910156,-1.5234375,-2.9627283,LCC-FASD external-dev / cross-domain stress set,False
FT720P_NEC90GX2_ZC554KL_id12_s1_15.png,1,VALID,0.9511719,-0.6411133,-1.1064453,1.104978,LCC-FASD external-dev / cross-domain stress set,True
FT720P_NEC90GX2_ZC554KL_id12_s1_142.png,1,VALID,0.119018555,0.80078125,-1.1855469,-0.8103302,LCC-FASD external-dev / cross-domain stress set,False
FT720P_NEC90GX2_ZC554KL_id12_s2_107.png,1,VALID,0.57128906,-0.2043457,-1.0957031,0.4319751,LCC-FASD external-dev / cross-domain stress set,True
FT720P_NEC90GX2_ZC554KL_id12_s2_122.png,1,VALID,0.45776367,-0.0317688,-1.0566406,0.18289924,LCC-FASD external-dev / cross-domain stress set,True
FT720P_NEC90GX2_ZC554KL_id12_s2_137.png,1,VALID,0.67041016,-0.012130737,-1.3193359,0.44307122,LCC-FASD external-dev / cross-domain stress set,True
FT720P_NEC90GX2_ZC554KL_id12_s2_152.png,1,VALID,0.45458984,-0.009178162,-1.0878906,0.17107373,LCC-FASD external-dev / cross-domain stress set,True
FT720P_MBP1314_X014D_id0_s0_15.png,1,VALID,0.7026367,-1.828125,-0.33032227,0.83114445,LCC-FASD external-dev / cross-domain stress set,True
FT720P_MBP1314_X014D_id0_s0_30.png,1,VALID,1.1455078,-1.7373047,-0.9321289,1.7081379,LCC-FASD external-dev / cross-domain stress set,True
FT720P_MBP1314_X014D_id0_s0_45.png,1,VALID,1.2539062,-2.1582031,-0.90185547,1.9052428,LCC-FASD external-dev / cross-domain stress set,True
FT720P_MBP1314_X014D_id0_s0_60.png,1,VALID,1.2490234,-2.0546875,-0.9453125,1.9093337,LCC-FASD external-dev / cross-domain stress set,True
FT720P_MBP1314_X014D_id0_s0_75.png,1,VALID,1.1728516,-2.0410156,-0.8774414,1.77846,LCC-FASD external-dev / cross-domain stress set,True
FT720P_MBP1314_X014D_id0_s0_90.png,1,VALID,1.2109375,-2.1074219,-0.87060547,1.8266628,LCC-FASD external-dev / cross-domain stress set,True
FT720P_MBP1314_X014D_id0_s0_150.png,1,VALID,1.2949219,-2.1347656,-0.98095703,2.0017128,LCC-FASD external-dev / cross-domain stress set,True
FT720P_MBP1314_X014D_id0_s3_15.png,1,VALID,-0.32373047,0.7006836,-0.7104492,-1.2426391,LCC-FASD external-dev / cross-domain stress set,False
FT720P_MBP1314_X014D_id0_s3_30.png,1,VALID,-0.4128418,1.5537109,-1.2148438,-2.027415,LCC-FASD external-dev / cross-domain stress set,False
FT720P_MBP1314_X014D_id0_s3_46.png,1,VALID,-0.047180176,1.3710938,-1.3886719,-1.4796574,LCC-FASD external-dev / cross-domain stress set,False
FT720P_MBP1314_X014D_id0_s3_61.png,1,VALID,-0.24365234,1.5556641,-1.4111328,-1.8495036,LCC-FASD external-dev / cross-domain stress set,False
FT720P_MBP1314_X014D_id0_s3_76.png,1,VALID,-0.35913086,1.796875,-1.4716797,-2.1933608,LCC-FASD external-dev / cross-domain stress set,False
FT720P_MBP1314_X014D_id0_s3_91.png,1,VALID,-0.24023438,1.5683594,-1.4394531,-1.856812,LCC-FASD external-dev / cross-domain stress set,False
FT720P_MBP1314_X014D_id0_s3_106.png,1,VALID,0.033477783,1.2197266,-1.5214844,-1.2487466,LCC-FASD external-dev / cross-domain stress set,False
FT720P_MBP1314_X014D_id0_s3_121.png,1,VALID,-0.40185547,1.3828125,-1.2255859,-1.8557342,LCC-FASD external-dev / cross-domain stress set,False
FT720P_MBP1314_X014D_id0_s3_136.png,1,VALID,0.0032081604,1.0742188,-1.3691406,-1.1543112,LCC-FASD external-dev / cross-domain stress set,False
FT720P_MBP1314_X014D_id0_s3_151.png,1,VALID,0.078125,0.7885742,-1.3017578,-0.827028,LCC-FASD external-dev / cross-domain stress set,False
FT720P_MBP1314_X014D_id5_s1_15.png,1,VALID,1.3681641,-1.8681641,-0.90771484,1.9518256,LCC-FASD external-dev / cross-domain stress set,True
FT720P_MBP1314_X014D_id5_s1_30.png,1,VALID,1.1962891,-1.8359375,-0.73291016,1.6426191,LCC-FASD external-dev / cross-domain stress set,True
FT720P_MBP1314_X014D_id5_s1_45.png,1,VALID,1.2294922,-1.9912109,-0.73876953,1.7168758,LCC-FASD external-dev / cross-domain stress set,True
FT720P_MBP1314_X014D_id5_s1_60.png,1,VALID,0.97216797,-1.6982422,-0.58447266,1.2727263,LCC-FASD external-dev / cross-domain stress set,True
FT720P_MBP1314_X014D_id5_s1_75.png,1,VALID,1.1464844,-1.8466797,-0.68408203,1.558501,LCC-FASD external-dev / cross-domain stress set,True
FT720P_MBP1314_X014D_id5_s1_90.png,1,VALID,1.3964844,-1.9814453,-0.90283203,2.006597,LCC-FASD external-dev / cross-domain stress set,True
FT720P_MBP1314_X014D_id5_s1_105.png,1,VALID,1.3095703,-1.9267578,-0.859375,1.873364,LCC-FASD external-dev / cross-domain stress set,True
FT720P_MBP1314_X014D_id5_s1_120.png,1,VALID,1.5703125,-2.1191406,-1.0380859,2.316298,LCC-FASD external-dev / cross-domain stress set,True
FT720P_MBP1314_X014D_id5_s1_135.png,1,VALID,1.2412109,-1.9013672,-0.765625,1.7283078,LCC-FASD external-dev / cross-domain stress set,True
FT720P_MBP1314_X014D_id5_s1_150.png,1,VALID,1.3955078,-1.9599609,-0.88378906,1.9859573,LCC-FASD external-dev / cross-domain stress set,True
FT720P_MBP1314_X014D_id9_s0_105.png,1,VALID,-0.18908691,-0.8120117,0.5205078,-0.943727,LCC-FASD external-dev / cross-domain stress set,False
FT720P_MBP1314_X014D_id9_s0_120.png,1,VALID,0.04537964,-0.7871094,0.19628906,-0.4686631,LCC-FASD external-dev / cross-domain stress set,True
FT720P_MBP1314_X014D_id12_s0_15.png,1,VALID,0.24121094,-1.7587891,0.38891602,-0.25812936,LCC-FASD external-dev / cross-domain stress set,True
FT720P_MBP1314_X014D_id12_s0_30.png,1,VALID,0.23400879,-1.7294922,0.38232422,-0.26255256,LCC-FASD external-dev / cross-domain stress set,True
FT720P_MBP1314_X014D_id12_s0_45.png,1,VALID,0.12286377,-1.7402344,0.5058594,-0.48357522,LCC-FASD external-dev / cross-domain stress set,True
FT720P_MBP1314_X014D_id12_s0_60.png,1,VALID,0.3642578,-1.75,0.21582031,0.017373264,LCC-FASD external-dev / cross-domain stress set,True
FT720P_MBP1314_X014D_id12_s0_75.png,1,VALID,0.19396973,-1.7128906,0.39575195,-0.3163625,LCC-FASD external-dev / cross-domain stress set,True
FT720P_MBP1314_X014D_id12_s0_90.png,1,VALID,0.2626953,-1.78125,0.32739258,-0.17927751,LCC-FASD external-dev / cross-domain stress set,True
FT720P_MBP1314_X014D_id12_s0_105.png,1,VALID,0.29638672,-1.7265625,0.27954102,-0.10935676,LCC-FASD external-dev / cross-domain stress set,True
FT720P_MBP1314_X014D_id12_s0_120.png,1,VALID,0.06976318,-1.7744141,0.5175781,-0.5440928,LCC-FASD external-dev / cross-domain stress set,True
FT720P_MBP1314_X014D_id12_s0_135.png,1,VALID,0.32373047,-1.8447266,0.35620117,-0.13746148,LCC-FASD external-dev / cross-domain stress set,True
FT720P_MBP1314_X014D_id12_s0_150.png,1,VALID,0.22583008,-1.7402344,0.4074707,-0.2920649,LCC-FASD external-dev / cross-domain stress set,True
FT720P_MBP1314_X014D_id12_s1_15.png,1,VALID,0.9550781,-1.9238281,-0.40844727,1.1649003,LCC-FASD external-dev / cross-domain stress set,True
FT720P_MBP1314_X014D_id12_s1_30.png,1,VALID,0.38842773,-1.8095703,0.08770752,0.16097882,LCC-FASD external-dev / cross-domain stress set,True
FT720P_MBP1314_X014D_id12_s1_45.png,1,VALID,0.83740234,-1.8388672,-0.36254883,0.9941757,LCC-FASD external-dev / cross-domain stress set,True
FT720P_MBP1314_X014D_id12_s1_60.png,1,VALID,0.42993164,-1.8212891,0.060058594,0.22803965,LCC-FASD external-dev / cross-domain stress set,True
FT720P_MBP1314_X014D_id12_s1_75.png,1,VALID,0.99316406,-2.0136719,-0.48095703,1.2785966,LCC-FASD external-dev / cross-domain stress set,True
FT720P_MBP1314_X014D_id12_s1_90.png,1,VALID,1.1552734,-1.9697266,-0.6513672,1.5695359,LCC-FASD external-dev / cross-domain stress set,True
FT720P_MBP1314_X014D_id12_s1_105.png,1,VALID,0.47729492,-1.859375,0.0473938,0.29139242,LCC-FASD external-dev / cross-domain stress set,True
FT720P_MBP1314_X014D_id12_s1_120.png,1,VALID,0.8935547,-1.9306641,-0.40478516,1.1015979,LCC-FASD external-dev / cross-domain stress set,True
FT720P_MBP1314_X014D_id12_s1_135.png,1,VALID,0.8652344,-1.9423828,-0.3557129,1.0347948,LCC-FASD external-dev / cross-domain stress set,True
FT720P_MBP1314_X014D_id12_s1_150.png,1,VALID,0.8203125,-1.9189453,-0.33325195,0.9672461,LCC-FASD external-dev / cross-domain stress set,True
FT720P_MBP1314_X014D_id12_s2_15.png,1,VALID,0.5058594,-1.7919922,0.04046631,0.31695613,LCC-FASD external-dev / cross-domain stress set,True
FT720P_MBP1314_X014D_id12_s2_30.png,1,VALID,0.49829102,-1.8876953,0.026412964,0.33431563,LCC-FASD external-dev / cross-domain stress set,True
FT720P_MBP1314_X014D_id12_s2_45.png,1,VALID,0.66015625,-1.9287109,-0.13598633,0.64212966,LCC-FASD external-dev / cross-domain stress set,True
FT720P_MBP1314_X014D_id12_s2_60.png,1,VALID,0.5698242,-1.9121094,-0.030731201,0.45872605,LCC-FASD external-dev / cross-domain stress set,True
FT720P_MBP1314_X014D_id12_s2_75.png,1,VALID,0.6191406,-1.9277344,-0.030395508,0.5098027,LCC-FASD external-dev / cross-domain stress set,True
FT720P_MBP1314_X014D_id12_s2_90.png,1,VALID,0.55029297,-1.9335938,0.050201416,0.37121797,LCC-FASD external-dev / cross-domain stress set,True
FT720P_MBP1314_X014D_id12_s2_105.png,1,VALID,0.47485352,-1.8457031,0.115722656,0.22752576,LCC-FASD external-dev / cross-domain stress set,True
FT720P_MBP1314_X014D_id12_s2_120.png,1,VALID,0.3696289,-1.953125,0.28881836,-0.020167023,LCC-FASD external-dev / cross-domain stress set,True
FT720P_MBP1314_X014D_id12_s2_135.png,1,VALID,0.72998047,-1.9941406,-0.19433594,0.77131116,LCC-FASD external-dev / cross-domain stress set,True
FT720P_MBP1314_X014D_id12_s2_150.png,1,VALID,0.5678711,-1.9179688,-0.012573242,0.44175795,LCC-FASD external-dev / cross-domain stress set,True
FT720P_MBP1314_IPHONE8F_id5_s0_15.png,1,VALID,1.7353516,-1.2070312,-1.6025391,2.4275625,LCC-FASD external-dev / cross-domain stress set,True
FT720P_MBP1314_IPHONE8F_id5_s0_30.png,1,VALID,1.7314453,-1.1689453,-1.6328125,2.412518,LCC-FASD external-dev / cross-domain stress set,True
FT720P_MBP1314_IPHONE8F_id5_s0_45.png,1,VALID,1.9296875,-1.6054688,-1.6533203,2.8656487,LCC-FASD external-dev / cross-domain stress set,True
FT720P_MBP1314_IPHONE8F_id5_s0_60.png,1,VALID,1.8710938,-1.3720703,-1.6708984,2.68831,LCC-FASD external-dev / cross-domain stress set,True
FT720P_MBP1314_IPHONE8F_id5_s0_75.png,1,VALID,1.7167969,-1.3066406,-1.5761719,2.4560025,LCC-FASD external-dev / cross-domain stress set,True
FT720P_MBP1314_IPHONE8F_id5_s0_90.png,1,VALID,1.8271484,-1.3671875,-1.6621094,2.6378164,LCC-FASD external-dev / cross-domain stress set,True
FT720P_MBP1314_IPHONE8F_id5_s0_105.png,1,VALID,1.8007812,-1.3203125,-1.6582031,2.582688,LCC-FASD external-dev / cross-domain stress set,True
FT720P_MBP1314_IPHONE8F_id5_s0_120.png,1,VALID,1.8291016,-1.3544922,-1.6650391,2.6337132,LCC-FASD external-dev / cross-domain stress set,True
FT720P_MBP1314_IPHONE8F_id5_s0_135.png,1,VALID,1.8261719,-1.3544922,-1.6787109,2.6365438,LCC-FASD external-dev / cross-domain stress set,True
FT720P_MBP1314_IPHONE8F_id5_s0_150.png,1,VALID,1.8447266,-1.4179688,-1.6826172,2.693143,LCC-FASD external-dev / cross-domain stress set,True
FT720P_MBP1314_IPHONE8F_id5_s1_15.png,1,VALID,1.2294922,-0.26391602,-1.7607422,1.2914151,LCC-FASD external-dev / cross-domain stress set,True
FT720P_MBP1314_IPHONE8F_id5_s1_30.png,1,VALID,1.2695312,-0.40844727,-1.7177734,1.4389601,LCC-FASD external-dev / cross-domain stress set,True
FT720P_MBP1314_IPHONE8F_id5_s1_45.png,1,VALID,1.2958984,-0.25024414,-1.8476562,1.3618066,LCC-FASD external-dev / cross-domain stress set,True
FT720P_MBP1314_IPHONE8F_id5_s1_60.png,1,VALID,1.3603516,-0.4411621,-1.7841797,1.5695636,LCC-FASD external-dev / cross-domain stress set,True
FT720P_MBP1314_IPHONE8F_id5_s1_75.png,1,VALID,1.2236328,-0.25146484,-1.734375,1.2705449,LCC-FASD external-dev / cross-domain stress set,True
FT720P_MBP1314_IPHONE8F_id5_s1_90.png,1,VALID,1.2763672,-0.4248047,-1.6669922,1.4474977,LCC-FASD external-dev / cross-domain stress set,True
FT720P_MBP1314_IPHONE8F_id5_s1_105.png,1,VALID,1.1484375,-0.14697266,-1.7128906,1.1057025,LCC-FASD external-dev / cross-domain stress set,True
FT720P_MBP1314_IPHONE8F_id5_s1_120.png,1,VALID,1.2734375,-0.48461914,-1.6806641,1.4938573,LCC-FASD external-dev / cross-domain stress set,True
FT720P_MBP1314_IPHONE8F_id5_s1_135.png,1,VALID,1.4150391,-0.5126953,-1.8515625,1.6949238,LCC-FASD external-dev / cross-domain stress set,True
FT720P_MBP1314_IPHONE8F_id5_s1_150.png,1,VALID,1.2675781,-0.26904297,-1.7714844,1.3356528,LCC-FASD external-dev / cross-domain stress set,True
FT720P_MBP1314_IPHONE8F_id9_s0_15.png,1,VALID,1.3056641,0.07727051,-2.1074219,1.1217728,LCC-FASD external-dev / cross-domain stress set,True
FT720P_MBP1314_IPHONE8F_id9_s0_30.png,1,VALID,1.4169922,-0.33813477,-1.9414062,1.571775,LCC-FASD external-dev / cross-domain stress set,True
FT720P_MBP1314_IPHONE8F_id9_s0_45.png,1,VALID,1.2773438,-0.0059890747,-1.9375,1.1479901,LCC-FASD external-dev / cross-domain stress set,True
FT720P_MBP1314_IPHONE8F_id9_s0_60.png,1,VALID,1.4511719,-0.13000488,-2.09375,1.4498575,LCC-FASD external-dev / cross-domain stress set,True
FT720P_MBP1314_IPHONE8F_id9_s0_75.png,1,VALID,1.5976562,-0.41137695,-2.0273438,1.8277968,LCC-FASD external-dev / cross-domain stress set,True
FT720P_MBP1314_IPHONE8F_id9_s0_90.png,1,VALID,1.5419922,-0.28808594,-2.0664062,1.6739964,LCC-FASD external-dev / cross-domain stress set,True
FT720P_MBP1314_IPHONE8F_id9_s0_105.png,1,VALID,1.4052734,0.006801605,-2.1347656,1.2874041,LCC-FASD external-dev / cross-domain stress set,True
FT720P_MBP1314_IPHONE8F_id9_s0_120.png,1,VALID,1.4189453,-0.017822266,-2.0742188,1.3163977,LCC-FASD external-dev / cross-domain stress set,True
FT720P_MBP1314_IPHONE8F_id9_s0_135.png,1,VALID,1.4824219,-0.1998291,-2.0292969,1.5334009,LCC-FASD external-dev / cross-domain stress set,True
FT720P_MBP1314_IPHONE8F_id9_s0_150.png,1,VALID,1.4384766,-0.1508789,-2.0449219,1.4491916,LCC-FASD external-dev / cross-domain stress set,True
FT720P_MBP1314_IPHONE8F_id9_s1_24.png,1,VALID,0.13269043,0.0725708,-0.59472656,-0.35403657,LCC-FASD external-dev / cross-domain stress set,True
FT720P_MBP1314_IPHONE8F_id9_s1_41.png,1,VALID,0.1697998,0.3864746,-0.88427734,-0.4640196,LCC-FASD external-dev / cross-domain stress set,True
FT720P_MBP1314_IPHONE8F_id9_s1_137.png,1,VALID,0.060180664,0.3864746,-0.70654297,-0.6153776,LCC-FASD external-dev / cross-domain stress set,False
FT720P_MBP1314_IPHONE8F_id12_s1_15.png,1,VALID,1.2128906,-0.9316406,-1.2099609,1.5808926,LCC-FASD external-dev / cross-domain stress set,True
FT720P_MBP1314_IPHONE8F_id12_s1_30.png,1,VALID,1.2109375,-0.703125,-1.3945312,1.5080168,LCC-FASD external-dev / cross-domain stress set,True
FT720P_MBP1314_IPHONE8F_id12_s1_45.png,1,VALID,1.6152344,-0.80126953,-1.7412109,2.0867321,LCC-FASD external-dev / cross-domain stress set,True
FT720P_MBP1314_IPHONE8F_id12_s1_60.png,1,VALID,1.3662109,-0.67822266,-1.5732422,1.7018375,LCC-FASD external-dev / cross-domain stress set,True
FT720P_MBP1314_IPHONE8F_id12_s1_75.png,1,VALID,1.6953125,-0.7988281,-1.7792969,2.1755886,LCC-FASD external-dev / cross-domain stress set,True
FT720P_MBP1314_IPHONE8F_id12_s1_90.png,1,VALID,1.6289062,-0.92529297,-1.5556641,2.127368,LCC-FASD external-dev / cross-domain stress set,True
FT720P_MBP1314_IPHONE8F_id12_s1_150.png,1,VALID,1.3310547,-0.8701172,-1.4560547,1.7586783,LCC-FASD external-dev / cross-domain stress set,True
FT720P_MBP1314_IPHONE8F_id12_s2_15.png,1,VALID,0.5288086,0.32080078,-1.3105469,0.029304683,LCC-FASD external-dev / cross-domain stress set,True
FT720P_MBP1314_IPHONE8F_id12_s2_30.png,1,VALID,1.2070312,-0.28198242,-1.6708984,1.2663939,LCC-FASD external-dev / cross-domain stress set,True
FT720P_MBP1314_IPHONE8F_id12_s2_45.png,1,VALID,1.3203125,-0.34448242,-1.8056641,1.4561869,LCC-FASD external-dev / cross-domain stress set,True
FT720P_MBP1314_IPHONE8F_id12_s2_60.png,1,VALID,1.1298828,0.038757324,-1.7910156,0.94231766,LCC-FASD external-dev / cross-domain stress set,True
FT720P_MBP1314_IPHONE8F_id12_s2_75.png,1,VALID,1.0683594,0.046081543,-1.6416016,0.85257936,LCC-FASD external-dev / cross-domain stress set,True
FT720P_MBP1314_IPHONE8F_id12_s2_90.png,1,VALID,1.0839844,0.04095459,-1.6923828,0.88032126,LCC-FASD external-dev / cross-domain stress set,True
FT720P_MBP1314_IPHONE8F_id12_s2_105.png,1,VALID,1.0595703,0.117492676,-1.7050781,0.7922709,LCC-FASD external-dev / cross-domain stress set,True
FT720P_MBP1314_IPHONE8F_id12_s2_120.png,1,VALID,1.3056641,-0.5029297,-1.5869141,1.5172346,LCC-FASD external-dev / cross-domain stress set,True
FT720P_MBP1314_IPHONE8F_id12_s2_135.png,1,VALID,1.2724609,-0.19335938,-1.8076172,1.2843004,LCC-FASD external-dev / cross-domain stress set,True
FT720P_MBP1314_IPHONE8F_id12_s2_150.png,1,VALID,1.3857422,-0.22290039,-1.8554688,1.4301392,LCC-FASD external-dev / cross-domain stress set,True
FT720P_MBP1314_X014D_id0_s0_105.png,1,VALID,1.2275391,-2.1171875,-0.87841797,1.851516,LCC-FASD external-dev / cross-domain stress set,True
FT720P_MBP1314_X014D_id0_s0_120.png,1,VALID,1.2578125,-2.1503906,-0.8959961,1.9028565,LCC-FASD external-dev / cross-domain stress set,True
FT720P_MBP1314_X014D_id0_s0_135.png,1,VALID,1.1298828,-2.0566406,-0.8334961,1.7054063,LCC-FASD external-dev / cross-domain stress set,True
FT720P_MBP1314_IPHONE8F_id0_s0_15.png,1,VALID,1.5322266,-1.8652344,-1.4853516,2.496441,LCC-FASD external-dev / cross-domain stress set,True
FT720P_MBP1314_IPHONE8F_id0_s0_30.png,1,VALID,1.6210938,-1.5244141,-1.6474609,2.5119927,LCC-FASD external-dev / cross-domain stress set,True
FT720P_MBP1314_IPHONE8F_id0_s0_45.png,1,VALID,1.5605469,-1.7929688,-1.5058594,2.506545,LCC-FASD external-dev / cross-domain stress set,True
FT720P_MBP1314_IPHONE8F_id0_s0_60.png,1,VALID,1.4794922,-1.7099609,-1.4511719,2.3585632,LCC-FASD external-dev / cross-domain stress set,True
FT720P_MBP1314_IPHONE8F_id0_s0_75.png,1,VALID,1.5839844,-1.8925781,-1.4541016,2.5403345,LCC-FASD external-dev / cross-domain stress set,True
FT720P_MBP1314_IPHONE8F_id0_s0_90.png,1,VALID,1.5410156,-1.9150391,-1.4853516,2.5251603,LCC-FASD external-dev / cross-domain stress set,True
FT720P_MBP1314_IPHONE8F_id0_s0_120.png,1,VALID,1.4648438,-1.625,-1.4648438,2.3134155,LCC-FASD external-dev / cross-domain stress set,True
FT720P_MBP1314_IPHONE8F_id0_s0_135.png,1,VALID,1.4335938,-1.6289062,-1.453125,2.2776048,LCC-FASD external-dev / cross-domain stress set,True
FT720P_MBP1314_IPHONE8F_id0_s0_150.png,1,VALID,1.5117188,-1.7070312,-1.4736328,2.4021096,LCC-FASD external-dev / cross-domain stress set,True
FT720P_MBP1314_IPHONE8F_id0_s1_15.png,1,VALID,1.6328125,-1.7509766,-1.6210938,2.6235933,LCC-FASD external-dev / cross-domain stress set,True
FT720P_MBP1314_IPHONE8F_id0_s1_30.png,1,VALID,1.6953125,-1.8417969,-1.6474609,2.742081,LCC-FASD external-dev / cross-domain stress set,True
FT720P_MBP1314_IPHONE8F_id0_s1_45.png,1,VALID,1.6572266,-1.8945312,-1.6074219,2.7047873,LCC-FASD external-dev / cross-domain stress set,True
FT720P_MBP1314_IPHONE8F_id0_s1_60.png,1,VALID,1.6953125,-1.9892578,-1.6015625,2.7789035,LCC-FASD external-dev / cross-domain stress set,True
FT720P_MBP1314_IPHONE8F_id0_s1_75.png,1,VALID,1.6728516,-1.9423828,-1.5693359,2.7182682,LCC-FASD external-dev / cross-domain stress set,True
FT720P_MBP1314_IPHONE8F_id0_s1_90.png,1,VALID,1.7363281,-1.9765625,-1.5820312,2.803146,LCC-FASD external-dev / cross-domain stress set,True
FT720P_MBP1314_IPHONE8F_id0_s1_105.png,1,VALID,1.6503906,-1.7832031,-1.5732422,2.6299658,LCC-FASD external-dev / cross-domain stress set,True
FT720P_MBP1314_IPHONE8F_id0_s1_120.png,1,VALID,1.7294922,-1.9160156,-1.6201172,2.7935066,LCC-FASD external-dev / cross-domain stress set,True
FT720P_MBP1314_IPHONE8F_id0_s1_135.png,1,VALID,1.6923828,-1.9033203,-1.6220703,2.7520757,LCC-FASD external-dev / cross-domain stress set,True
FT720P_MBP1314_IPHONE8F_id0_s1_150.png,1,VALID,1.7841797,-1.9921875,-1.6542969,2.900071,LCC-FASD external-dev / cross-domain stress set,True
FT720P_MBP1314_IPHONE8F_id0_s2_15.png,1,VALID,0.7885742,0.52783203,-1.8857422,0.17502809,LCC-FASD external-dev / cross-domain stress set,True
FT720P_MBP1314_IPHONE8F_id0_s2_30.png,1,VALID,0.8354492,0.15637207,-1.7314453,0.5380969,LCC-FASD external-dev / cross-domain stress set,True
FT720P_MBP1314_IPHONE8F_id0_s2_45.png,1,VALID,0.90771484,0.42285156,-1.8828125,0.38983262,LCC-FASD external-dev / cross-domain stress set,True
FT720P_MBP1314_IPHONE8F_id0_s2_60.png,1,VALID,1.4960938,-0.16564941,-2.1523438,1.5332198,LCC-FASD external-dev / cross-domain stress set,True
FT720P_MBP1314_IPHONE8F_id0_s2_75.png,1,VALID,1.5751953,-0.5102539,-2.0234375,1.8864281,LCC-FASD external-dev / cross-domain stress set,True
FT720P_MBP1314_IPHONE8F_id0_s2_90.png,1,VALID,1.6943359,-0.3864746,-2.2578125,1.9376478,LCC-FASD external-dev / cross-domain stress set,True
FT720P_MBP1314_IPHONE8F_id0_s2_105.png,1,VALID,1.7597656,-0.3076172,-2.3476562,1.9451443,LCC-FASD external-dev / cross-domain stress set,True
FT720P_MBP1314_IPHONE8F_id0_s2_120.png,1,VALID,1.5996094,-0.14904785,-2.2714844,1.6355611,LCC-FASD external-dev / cross-domain stress set,True
FT720P_MBP1314_IPHONE8F_id0_s2_135.png,1,VALID,1.6074219,-0.46435547,-2.1171875,1.8965586,LCC-FASD external-dev / cross-domain stress set,True
FT720P_MBP1314_IPHONE8F_id0_s2_150.png,1,VALID,1.5498047,-0.15698242,-2.1953125,1.5843518,LCC-FASD external-dev / cross-domain stress set,True
FT720P_MBP1314_IPHONE8F_id0_s3_16.png,1,VALID,-0.024337769,2.3046875,-2.3144531,-2.338838,LCC-FASD external-dev / cross-domain stress set,False
FT720P_MBP1314_IPHONE8F_id0_s3_31.png,1,VALID,0.5029297,1.7724609,-2.6015625,-1.282053,LCC-FASD external-dev / cross-domain stress set,False
FT720P_MBP1314_IPHONE8F_id0_s3_46.png,1,VALID,0.45581055,1.5634766,-2.3691406,-1.1270689,LCC-FASD external-dev / cross-domain stress set,False
FT720P_MBP1314_IPHONE8F_id0_s3_61.png,1,VALID,0.7714844,1.4394531,-2.5898438,-0.6855993,LCC-FASD external-dev / cross-domain stress set,False
FT720P_MBP1314_IPHONE8F_id0_s3_76.png,1,VALID,0.7138672,1.6845703,-2.6660156,-0.9835199,LCC-FASD external-dev / cross-domain stress set,False
FT720P_MBP1314_IPHONE8F_id0_s3_91.png,1,VALID,0.57714844,1.5810547,-2.4257812,-1.0219337,LCC-FASD external-dev / cross-domain stress set,False
FT720P_MBP1314_IPHONE8F_id0_s3_106.png,1,VALID,0.42871094,1.8105469,-2.46875,-1.3955933,LCC-FASD external-dev / cross-domain stress set,False
FT720P_MBP1314_IPHONE8F_id0_s3_121.png,1,VALID,0.5229492,1.7011719,-2.5097656,-1.1929462,LCC-FASD external-dev / cross-domain stress set,False
FT720P_MBP1314_IPHONE8F_id0_s3_136.png,1,VALID,0.3149414,1.8310547,-2.3378906,-1.5314635,LCC-FASD external-dev / cross-domain stress set,False
FT720P_MBP1314_IPHONE8F_id0_s3_151.png,1,VALID,0.6923828,1.5419922,-2.5136719,-0.86678505,LCC-FASD external-dev / cross-domain stress set,False
FT720P_MBP1314_IPHONE8F_id12_s0_15.png,1,VALID,0.7661133,0.08892822,-1.3056641,0.4556956,LCC-FASD external-dev / cross-domain stress set,True
FT720P_MBP1314_IPHONE8F_id12_s0_30.png,1,VALID,1.1474609,-0.05255127,-1.6982422,1.0236423,LCC-FASD external-dev / cross-domain stress set,True
FT720P_MBP1314_IPHONE8F_id12_s0_45.png,1,VALID,0.9453125,0.13769531,-1.5742188,0.64166224,LCC-FASD external-dev / cross-domain stress set,True
FT720P_MBP1314_IPHONE8F_id12_s0_60.png,1,VALID,1.1025391,0.20666504,-1.796875,0.76936734,LCC-FASD external-dev / cross-domain stress set,True
FT720P_MBP1314_IPHONE8F_id12_s0_75.png,1,VALID,1.4375,-0.48950195,-1.7421875,1.6756703,LCC-FASD external-dev / cross-domain stress set,True
FT720P_MBP1314_IPHONE8F_id12_s0_90.png,1,VALID,1.1181641,-0.14355469,-1.6337891,1.0585169,LCC-FASD external-dev / cross-domain stress set,True
FT720P_MBP1314_IPHONE8F_id12_s0_105.png,1,VALID,1.25,-0.17138672,-1.7294922,1.2303246,LCC-FASD external-dev / cross-domain stress set,True
FT720P_MBP1314_IPHONE8F_id12_s0_120.png,1,VALID,1.2314453,-0.5546875,-1.4199219,1.4348052,LCC-FASD external-dev / cross-domain stress set,True
FT720P_MBP1314_IPHONE8F_id12_s0_135.png,1,VALID,1.5234375,-0.52197266,-1.7919922,1.797905,LCC-FASD external-dev / cross-domain stress set,True
FT720P_MBP1314_IPHONE8F_id12_s0_150.png,1,VALID,1.1289062,-0.37841797,-1.4453125,1.2116178,LCC-FASD external-dev / cross-domain stress set,True
FT720P_MBP1314_IPHONE8F_id12_s1_105.png,1,VALID,1.4609375,-0.89404297,-1.4394531,1.8978063,LCC-FASD external-dev / cross-domain stress set,True
FT720P_MBP1314_IPHONE8F_id12_s1_120.png,1,VALID,1.6953125,-0.9633789,-1.8007812,2.2990375,LCC-FASD external-dev / cross-domain stress set,True
FT720P_MBP1314_IPHONE8F_id12_s1_135.png,1,VALID,1.4355469,-0.8925781,-1.4052734,1.8588221,LCC-FASD external-dev / cross-domain stress set,True
FT720P_MBP1314_IPHONE7F_id5_s0_15.png,1,VALID,1.3818359,-0.84814453,-1.3808594,1.7681292,LCC-FASD external-dev / cross-domain stress set,True
FT720P_MBP1314_IPHONE7F_id5_s0_30.png,1,VALID,1.5820312,-0.97265625,-1.5507812,2.1093936,LCC-FASD external-dev / cross-domain stress set,True
FT720P_MBP1314_IPHONE7F_id5_s0_45.png,1,VALID,1.5917969,-0.9501953,-1.5585938,2.1074722,LCC-FASD external-dev / cross-domain stress set,True
FT720P_MBP1314_IPHONE7F_id5_s0_60.png,1,VALID,1.7080078,-1.0341797,-1.6621094,2.3145072,LCC-FASD external-dev / cross-domain stress set,True
FT720P_MBP1314_IPHONE7F_id5_s0_75.png,1,VALID,1.5703125,-1.0302734,-1.5361328,2.128717,LCC-FASD external-dev / cross-domain stress set,True
FT720P_MBP1314_IPHONE7F_id5_s0_90.png,1,VALID,1.7294922,-1.0507812,-1.6699219,2.349526,LCC-FASD external-dev / cross-domain stress set,True
FT720P_MBP1314_IPHONE7F_id5_s0_105.png,1,VALID,1.6171875,-0.94384766,-1.6298828,2.1531937,LCC-FASD external-dev / cross-domain stress set,True
FT720P_MBP1314_IPHONE7F_id5_s0_120.png,1,VALID,1.6660156,-1.0273438,-1.6279297,2.256079,LCC-FASD external-dev / cross-domain stress set,True
FT720P_MBP1314_IPHONE7F_id5_s0_135.png,1,VALID,1.6064453,-1.015625,-1.5595703,2.1643584,LCC-FASD external-dev / cross-domain stress set,True
FT720P_MBP1314_IPHONE7F_id5_s0_150.png,1,VALID,1.6953125,-1.0351562,-1.6650391,2.3034678,LCC-FASD external-dev / cross-domain stress set,True
FT720P_MBP1314_IPHONE7F_id5_s1_15.png,1,VALID,1.3789062,-0.51953125,-1.7568359,1.6436672,LCC-FASD external-dev / cross-domain stress set,True
FT720P_MBP1314_IPHONE7F_id5_s1_30.png,1,VALID,1.4365234,-0.70654297,-1.7070312,1.829936,LCC-FASD external-dev / cross-domain stress set,True
FT720P_MBP1314_IPHONE7F_id5_s1_45.png,1,VALID,1.1660156,-0.09954834,-1.7382812,1.0880656,LCC-FASD external-dev / cross-domain stress set,True
FT720P_MBP1314_IPHONE7F_id5_s1_60.png,1,VALID,1.3349609,-0.62646484,-1.6308594,1.649344,LCC-FASD external-dev / cross-domain stress set,True
FT720P_MBP1314_IPHONE7F_id5_s1_75.png,1,VALID,1.2578125,-0.26513672,-1.7617188,1.3209115,LCC-FASD external-dev / cross-domain stress set,True
FT720P_MBP1314_IPHONE7F_id5_s1_90.png,1,VALID,1.2587891,-0.25756836,-1.7304688,1.3099453,LCC-FASD external-dev / cross-domain stress set,True
FT720P_MBP1314_IPHONE7F_id5_s1_105.png,1,VALID,1.2646484,-0.41186523,-1.6826172,1.4291689,LCC-FASD external-dev / cross-domain stress set,True
FT720P_MBP1314_IPHONE7F_id5_s1_120.png,1,VALID,1.3105469,-0.3244629,-1.84375,1.4370873,LCC-FASD external-dev / cross-domain stress set,True
FT720P_MBP1314_IPHONE7F_id5_s1_135.png,1,VALID,1.3691406,-0.64453125,-1.6552734,1.7032878,LCC-FASD external-dev / cross-domain stress set,True
FT720P_MBP1314_IPHONE7F_id9_s0_15.png,1,VALID,1.0576172,0.4489746,-2.015625,0.52702314,LCC-FASD external-dev / cross-domain stress set,True
FT720P_MBP1314_IPHONE7F_id9_s0_30.png,1,VALID,1.0546875,0.5185547,-2.0683594,0.4635778,LCC-FASD external-dev / cross-domain stress set,True
FT720P_MBP1314_IPHONE7F_id9_s0_45.png,1,VALID,1.0195312,0.69970703,-2.0859375,0.2599628,LCC-FASD external-dev / cross-domain stress set,True
FT720P_MBP1314_IPHONE7F_id9_s0_60.png,1,VALID,1.1230469,0.50634766,-2.1269531,0.5473215,LCC-FASD external-dev / cross-domain stress set,True
FT720P_MBP1314_IPHONE7F_id9_s0_75.png,1,VALID,0.93359375,0.8935547,-2.1484375,-0.006596148,LCC-FASD external-dev / cross-domain stress set,True
FT720P_MBP1314_IPHONE7F_id9_s0_90.png,1,VALID,0.8769531,0.76904297,-2.0078125,0.047536016,LCC-FASD external-dev / cross-domain stress set,True
FT720P_MBP1314_IPHONE7F_id9_s0_105.png,1,VALID,0.9897461,0.6435547,-2.0878906,0.28309917,LCC-FASD external-dev / cross-domain stress set,True
FT720P_MBP1314_IPHONE7F_id9_s0_120.png,1,VALID,0.86865234,0.76464844,-2.0449219,0.045517206,LCC-FASD external-dev / cross-domain stress set,True
FT720P_MBP1314_IPHONE7F_id9_s0_135.png,1,VALID,0.88378906,0.8300781,-2.0429688,-0.0012756586,LCC-FASD external-dev / cross-domain stress set,True
FT720P_MBP1314_IPHONE7F_id9_s0_150.png,1,VALID,0.9326172,0.6958008,-2.0136719,0.17236668,LCC-FASD external-dev / cross-domain stress set,True
FT720P_MBP1314_IPHONE7F_id12_s1_15.png,1,VALID,0.7709961,-0.18579102,-1.2138672,0.6509992,LCC-FASD external-dev / cross-domain stress set,True
FT720P_MBP1314_IPHONE7F_id12_s1_30.png,1,VALID,0.58691406,-0.122924805,-1.0439453,0.37471572,LCC-FASD external-dev / cross-domain stress set,True
FT720P_MBP1314_IPHONE7F_id12_s1_45.png,1,VALID,0.8959961,-0.021957397,-1.4482422,0.70268106,LCC-FASD external-dev / cross-domain stress set,True
FT720P_MBP1314_IPHONE7F_id12_s1_60.png,1,VALID,0.6845703,0.12164307,-1.2861328,0.34404328,LCC-FASD external-dev / cross-domain stress set,True
FT720P_MBP1314_IPHONE7F_id12_s1_75.png,1,VALID,0.9394531,0.112976074,-1.5292969,0.64955366,LCC-FASD external-dev / cross-domain stress set,True
FT720P_MBP1314_IPHONE7F_id12_s1_90.png,1,VALID,1.1035156,0.1385498,-1.7539062,0.82459426,LCC-FASD external-dev / cross-domain stress set,True
FT720P_MBP1314_IPHONE7F_id12_s1_105.png,1,VALID,1.1025391,-0.20214844,-1.5439453,1.0724847,LCC-FASD external-dev / cross-domain stress set,True
FT720P_MBP1314_IPHONE7F_id12_s1_120.png,1,VALID,1.0058594,-0.02003479,-1.6025391,0.83903295,LCC-FASD external-dev / cross-domain stress set,True
FT720P_MBP1314_IPHONE7F_id12_s1_135.png,1,VALID,0.9169922,0.17224121,-1.5771484,0.5844364,LCC-FASD external-dev / cross-domain stress set,True
FT720P_MBP1314_IPHONE7F_id12_s1_150.png,1,VALID,0.8071289,-0.13122559,-1.3173828,0.67185074,LCC-FASD external-dev / cross-domain stress set,True
FT720P_MBP1314_IPHONE7F_id12_s2_15.png,1,VALID,0.2130127,0.39575195,-0.8803711,-0.42890954,LCC-FASD external-dev / cross-domain stress set,True
FT720P_MBP1314_IPHONE7F_id12_s2_30.png,1,VALID,0.6977539,0.28076172,-1.4521484,0.2542194,LCC-FASD external-dev / cross-domain stress set,True
FT720P_MBP1314_IPHONE7F_id12_s2_45.png,1,VALID,0.80371094,0.3569336,-1.59375,0.31384137,LCC-FASD external-dev / cross-domain stress set,True
FT720P_MBP1314_IPHONE7F_id12_s2_60.png,1,VALID,0.54541016,0.5708008,-1.3974609,-0.15615523,LCC-FASD external-dev / cross-domain stress set,True
FT720P_MBP1314_IPHONE7F_id12_s2_75.png,1,VALID,0.5288086,0.4873047,-1.2802734,-0.11613721,LCC-FASD external-dev / cross-domain stress set,True
FT720P_MBP1314_IPHONE7F_id12_s2_90.png,1,VALID,0.69628906,0.3552246,-1.3789062,0.17847496,LCC-FASD external-dev / cross-domain stress set,True
FT720P_MBP1314_IPHONE7F_id12_s2_105.png,1,VALID,0.5517578,0.39233398,-1.2226562,-0.021974444,LCC-FASD external-dev / cross-domain stress set,True
FT720P_MBP1314_IPHONE7F_id12_s2_120.png,1,VALID,0.24267578,0.49682617,-1.0126953,-0.45383346,LCC-FASD external-dev / cross-domain stress set,True
FT720P_MBP1314_IPHONE7F_id12_s2_135.png,1,VALID,0.5283203,0.3317871,-1.2529297,0.010048747,LCC-FASD external-dev / cross-domain stress set,True
FT720P_MBP1314_IPHONE7F_id12_s2_150.png,1,VALID,0.5385742,0.5571289,-1.3583984,-0.15593475,LCC-FASD external-dev / cross-domain stress set,True
FT720P_MBP1314_IPHONE8F_id0_s0_105.png,1,VALID,1.5283203,-1.8017578,-1.4580078,2.4503574,LCC-FASD external-dev / cross-domain stress set,True
FT720P_MBP1314_IPHONE7F_id0_s0_15.png,1,VALID,1.5732422,-1.8408203,-1.5400391,2.5592585,LCC-FASD external-dev / cross-domain stress set,True
FT720P_MBP1314_IPHONE7F_id0_s0_30.png,1,VALID,1.7695312,-1.7539062,-1.7119141,2.809074,LCC-FASD external-dev / cross-domain stress set,True
FT720P_MBP1314_IPHONE7F_id0_s0_45.png,1,VALID,1.59375,-1.9482422,-1.5585938,2.6351614,LCC-FASD external-dev / cross-domain stress set,True
FT720P_MBP1314_IPHONE7F_id0_s0_60.png,1,VALID,1.6074219,-2.0449219,-1.5302734,2.6691236,LCC-FASD external-dev / cross-domain stress set,True
FT720P_MBP1314_IPHONE7F_id0_s0_75.png,1,VALID,1.6201172,-1.9804688,-1.5498047,2.6690998,LCC-FASD external-dev / cross-domain stress set,True
FT720P_MBP1314_IPHONE7F_id0_s0_90.png,1,VALID,1.5683594,-2.0039062,-1.5019531,2.5969725,LCC-FASD external-dev / cross-domain stress set,True
FT720P_MBP1314_IPHONE7F_id0_s0_120.png,1,VALID,1.7246094,-2.0683594,-1.6103516,2.8448224,LCC-FASD external-dev / cross-domain stress set,True
FT720P_MBP1314_IPHONE7F_id0_s0_135.png,1,VALID,1.5898438,-1.9921875,-1.5253906,2.6284919,LCC-FASD external-dev / cross-domain stress set,True
FT720P_MBP1314_IPHONE7F_id0_s0_150.png,1,VALID,1.5839844,-1.9384766,-1.5332031,2.606285,LCC-FASD external-dev / cross-domain stress set,True
FT720P_MBP1314_IPHONE7F_id0_s1_15.png,1,VALID,1.7021484,-1.9365234,-1.6328125,2.7821832,LCC-FASD external-dev / cross-domain stress set,True
FT720P_MBP1314_IPHONE7F_id0_s1_30.png,1,VALID,1.7324219,-1.9345703,-1.6425781,2.817229,LCC-FASD external-dev / cross-domain stress set,True
FT720P_MBP1314_IPHONE7F_id0_s1_45.png,1,VALID,1.8027344,-1.7880859,-1.7646484,2.8858857,LCC-FASD external-dev / cross-domain stress set,True
FT720P_MBP1314_IPHONE7F_id0_s1_60.png,1,VALID,1.7128906,-1.9023438,-1.6552734,2.790941,LCC-FASD external-dev / cross-domain stress set,True
FT720P_MBP1314_IPHONE7F_id0_s1_75.png,1,VALID,1.7294922,-1.9658203,-1.6621094,2.8388238,LCC-FASD external-dev / cross-domain stress set,True
FT720P_MBP1314_IPHONE7F_id0_s1_90.png,1,VALID,1.7119141,-1.9765625,-1.6367188,2.8110397,LCC-FASD external-dev / cross-domain stress set,True
FT720P_MBP1314_IPHONE7F_id0_s1_105.png,1,VALID,1.7050781,-1.9931641,-1.6630859,2.8264985,LCC-FASD external-dev / cross-domain stress set,True
FT720P_MBP1314_IPHONE7F_id0_s1_120.png,1,VALID,1.7167969,-1.9501953,-1.6445312,2.8093793,LCC-FASD external-dev / cross-domain stress set,True
FT720P_MBP1314_IPHONE7F_id0_s1_135.png,1,VALID,1.7666016,-1.8232422,-1.7626953,2.865965,LCC-FASD external-dev / cross-domain stress set,True
FT720P_MBP1314_IPHONE7F_id0_s1_150.png,1,VALID,1.7568359,-1.9140625,-1.7050781,2.8678098,LCC-FASD external-dev / cross-domain stress set,True
FT720P_MBP1314_IPHONE7F_id0_s2_15.png,1,VALID,1.1621094,0.07080078,-1.9541016,0.9673166,LCC-FASD external-dev / cross-domain stress set,True
FT720P_MBP1314_IPHONE7F_id0_s2_30.png,1,VALID,1.2841797,-0.5102539,-1.7197266,1.5333358,LCC-FASD external-dev / cross-domain stress set,True
FT720P_MBP1314_IPHONE7F_id0_s2_45.png,1,VALID,1.3642578,-0.42944336,-1.8261719,1.5726358,LCC-FASD external-dev / cross-domain stress set,True
FT720P_MBP1314_IPHONE7F_id0_s2_60.png,1,VALID,1.7421875,-0.98535156,-1.9902344,2.4155881,LCC-FASD external-dev / cross-domain stress set,True
FT720P_MBP1314_IPHONE7F_id0_s2_75.png,1,VALID,1.7714844,-0.97314453,-2.015625,2.4426157,LCC-FASD external-dev / cross-domain stress set,True
FT720P_MBP1314_IPHONE7F_id0_s2_90.png,1,VALID,1.6582031,-0.80078125,-2.0058594,2.196875,LCC-FASD external-dev / cross-domain stress set,True
FT720P_MBP1314_IPHONE7F_id0_s2_105.png,1,VALID,1.5849609,-0.49487305,-2.0878906,1.8947569,LCC-FASD external-dev / cross-domain stress set,True
FT720P_MBP1314_IPHONE7F_id0_s2_120.png,1,VALID,1.6845703,-0.80566406,-2.0136719,2.2287998,LCC-FASD external-dev / cross-domain stress set,True
FT720P_MBP1314_IPHONE7F_id0_s2_135.png,1,VALID,1.78125,-0.8276367,-2.0605469,2.3531263,LCC-FASD external-dev / cross-domain stress set,True
FT720P_MBP1314_IPHONE7F_id0_s2_150.png,1,VALID,1.3056641,-0.06561279,-2.046875,1.2420967,LCC-FASD external-dev / cross-domain stress set,True
FT720P_MBP1314_IPHONE7F_id0_s3_15.png,1,VALID,0.88427734,1.0166016,-2.3515625,-0.16619682,LCC-FASD external-dev / cross-domain stress set,True
FT720P_MBP1314_IPHONE7F_id0_s3_30.png,1,VALID,1.3544922,0.5107422,-2.5371094,0.79738104,LCC-FASD external-dev / cross-domain stress set,True
FT720P_MBP1314_IPHONE7F_id0_s3_45.png,1,VALID,1.296875,0.32836914,-2.3710938,0.90342844,LCC-FASD external-dev / cross-domain stress set,True
FT720P_MBP1314_IPHONE7F_id0_s3_60.png,1,VALID,1.5039062,0.19580078,-2.546875,1.2456963,LCC-FASD external-dev / cross-domain stress set,True
FT720P_MBP1314_IPHONE7F_id0_s3_75.png,1,VALID,1.3105469,0.6386719,-2.5410156,0.6311183,LCC-FASD external-dev / cross-domain stress set,True
FT720P_MBP1314_IPHONE7F_id0_s3_90.png,1,VALID,1.3623047,0.58935547,-2.6347656,0.73392975,LCC-FASD external-dev / cross-domain stress set,True
FT720P_MBP1314_IPHONE7F_id0_s3_105.png,1,VALID,1.3925781,0.2631836,-2.4394531,1.0645168,LCC-FASD external-dev / cross-domain stress set,True
FT720P_MBP1314_IPHONE7F_id0_s3_120.png,1,VALID,1.484375,0.1237793,-2.4667969,1.2882966,LCC-FASD external-dev / cross-domain stress set,True
FT720P_MBP1314_IPHONE7F_id0_s3_135.png,1,VALID,1.5810547,0.020828247,-2.5,1.4829016,LCC-FASD external-dev / cross-domain stress set,True
FT720P_MBP1314_IPHONE7F_id0_s3_150.png,1,VALID,1.6279297,-0.0317688,-2.4863281,1.5772884,LCC-FASD external-dev / cross-domain stress set,True
FT720P_MBP1314_IPHONE7F_id12_s0_15.png,1,VALID,-0.53222656,0.9589844,-0.39575195,-1.7207463,LCC-FASD external-dev / cross-domain stress set,False
FT720P_MBP1314_IPHONE7F_id12_s0_30.png,1,VALID,0.21203613,0.77783203,-1.1845703,-0.6972806,LCC-FASD external-dev / cross-domain stress set,False
FT720P_MBP1314_IPHONE7F_id12_s0_45.png,1,VALID,-0.29223633,0.94140625,-0.7314453,-1.4056705,LCC-FASD external-dev / cross-domain stress set,False
FT720P_MBP1314_IPHONE7F_id12_s0_60.png,1,VALID,0.22436523,0.7661133,-1.1933594,-0.6735941,LCC-FASD external-dev / cross-domain stress set,False
FT720P_MBP1314_IPHONE7F_id12_s0_75.png,1,VALID,0.25610352,0.6196289,-1.1318359,-0.52353287,LCC-FASD external-dev / cross-domain stress set,True
FT720P_MBP1314_IPHONE7F_id12_s0_90.png,1,VALID,-0.18188477,0.8222656,-0.79296875,-1.1855083,LCC-FASD external-dev / cross-domain stress set,False
FT720P_MBP1314_IPHONE7F_id12_s0_105.png,1,VALID,-0.101135254,0.7636719,-0.77978516,-1.0584323,LCC-FASD external-dev / cross-domain stress set,False
FT720P_MBP1314_IPHONE7F_id12_s0_120.png,1,VALID,0.20837402,0.7158203,-1.1181641,-0.6556729,LCC-FASD external-dev / cross-domain stress set,False
FT720P_MBP1314_IPHONE7F_id12_s0_135.png,1,VALID,0.41577148,0.6171875,-1.2988281,-0.33873343,LCC-FASD external-dev / cross-domain stress set,True
FT720P_MBP1314_IPHONE7F_id12_s0_150.png,1,VALID,0.10681152,0.7919922,-1.1220703,-0.8227489,LCC-FASD external-dev / cross-domain stress set,False
FT720P_MBP1314_IPHONE7B_id5_s0_15.png,1,VALID,1.5517578,-1.0214844,-1.5488281,2.109401,LCC-FASD external-dev / cross-domain stress set,True
FT720P_MBP1314_IPHONE7B_id5_s0_30.png,1,VALID,1.640625,-1.1376953,-1.5966797,2.28856,LCC-FASD external-dev / cross-domain stress set,True
FT720P_MBP1314_IPHONE7B_id5_s0_45.png,1,VALID,1.7626953,-1.1748047,-1.6796875,2.4652636,LCC-FASD external-dev / cross-domain stress set,True
FT720P_MBP1314_IPHONE7B_id5_s0_60.png,1,VALID,1.6611328,-1.0410156,-1.6533203,2.2690034,LCC-FASD external-dev / cross-domain stress set,True
FT720P_MBP1314_IPHONE7B_id5_s0_75.png,1,VALID,1.4785156,-0.7792969,-1.5917969,1.8905705,LCC-FASD external-dev / cross-domain stress set,True
FT720P_MBP1314_IPHONE7B_id5_s0_90.png,1,VALID,1.6757812,-1.0341797,-1.7080078,2.2980146,LCC-FASD external-dev / cross-domain stress set,True
FT720P_MBP1314_IPHONE7B_id5_s0_105.png,1,VALID,1.6162109,-1.0400391,-1.6132812,2.2091985,LCC-FASD external-dev / cross-domain stress set,True
FT720P_MBP1314_IPHONE7B_id5_s0_120.png,1,VALID,1.6972656,-1.0576172,-1.7109375,2.3359652,LCC-FASD external-dev / cross-domain stress set,True
FT720P_MBP1314_IPHONE7B_id5_s0_135.png,1,VALID,1.7128906,-1.0947266,-1.7314453,2.3829865,LCC-FASD external-dev / cross-domain stress set,True
FT720P_MBP1314_IPHONE7B_id5_s0_150.png,1,VALID,1.7519531,-1.1523438,-1.75,2.465978,LCC-FASD external-dev / cross-domain stress set,True
FT720P_MBP1314_IPHONE7B_id9_s0_15.png,1,VALID,1.3496094,-0.07098389,-2.0078125,1.2859222,LCC-FASD external-dev / cross-domain stress set,True
FT720P_MBP1314_IPHONE7B_id9_s0_30.png,1,VALID,1.1357422,0.4729004,-2.0722656,0.5873077,LCC-FASD external-dev / cross-domain stress set,True
FT720P_MBP1314_IPHONE7B_id9_s0_45.png,1,VALID,1.046875,0.6113281,-2.0722656,0.3694622,LCC-FASD external-dev / cross-domain stress set,True
FT720P_MBP1314_IPHONE7B_id9_s0_60.png,1,VALID,0.93603516,0.6557617,-1.9833984,0.21128738,LCC-FASD external-dev / cross-domain stress set,True
FT720P_MBP1314_IPHONE7B_id9_s0_75.png,1,VALID,0.94873047,0.6455078,-2.0039062,0.23491687,LCC-FASD external-dev / cross-domain stress set,True
FT720P_MBP1314_IPHONE7B_id9_s0_90.png,1,VALID,0.9326172,0.80126953,-2.0996094,0.07783067,LCC-FASD external-dev / cross-domain stress set,True
FT720P_MBP1314_IPHONE7B_id9_s0_105.png,1,VALID,0.8510742,0.7832031,-1.9814453,0.0067775846,LCC-FASD external-dev / cross-domain stress set,True
FT720P_MBP1314_IPHONE7B_id9_s0_120.png,1,VALID,0.8769531,0.8745117,-2.0957031,-0.047578752,LCC-FASD external-dev / cross-domain stress set,True
FT720P_MBP1314_IPHONE7B_id9_s0_135.png,1,VALID,0.9238281,0.8173828,-2.0351562,0.050350785,LCC-FASD external-dev / cross-domain stress set,True
FT720P_MBP1314_IPHONE7B_id9_s0_150.png,1,VALID,0.9970703,0.7910156,-2.1601562,0.15509695,LCC-FASD external-dev / cross-domain stress set,True
FT720P_MBP1314_IPHONE7B_id12_s0_15.png,1,VALID,0.9824219,0.2614746,-1.7128906,0.59092885,LCC-FASD external-dev / cross-domain stress set,True
FT720P_MBP1314_IPHONE7B_id12_s0_30.png,1,VALID,1.2519531,-0.6586914,-1.3896484,1.5176246,LCC-FASD external-dev / cross-domain stress set,True
FT720P_MBP1314_IPHONE7B_id12_s0_45.png,1,VALID,1.2285156,-0.07336426,-1.8125,1.1400398,LCC-FASD external-dev / cross-domain stress set,True
FT720P_MBP1314_IPHONE7B_id12_s0_60.png,1,VALID,1.3808594,-0.53027344,-1.7021484,1.6412693,LCC-FASD external-dev / cross-domain stress set,True
FT720P_MBP1314_IPHONE7B_id12_s0_75.png,1,VALID,1.2490234,-0.19604492,-1.7539062,1.2539638,LCC-FASD external-dev / cross-domain stress set,True
FT720P_MBP1314_IPHONE7B_id12_s0_90.png,1,VALID,1.3671875,-0.3503418,-1.7744141,1.501828,LCC-FASD external-dev / cross-domain stress set,True
FT720P_MBP1314_IPHONE7B_id12_s0_150.png,1,VALID,1.2275391,-0.47998047,-1.484375,1.3954377,LCC-FASD external-dev / cross-domain stress set,True
FT720P_MBP1314_IPHONE7B_id12_s1_15.png,1,VALID,1.5078125,-1.1298828,-1.6113281,2.1565728,LCC-FASD external-dev / cross-domain stress set,True
FT720P_MBP1314_IPHONE7B_id12_s1_30.png,1,VALID,1.5507812,-1.5166016,-1.5166016,2.3742356,LCC-FASD external-dev / cross-domain stress set,True
FT720P_MBP1314_IPHONE7B_id12_s1_45.png,1,VALID,1.6601562,-1.5175781,-1.5478516,2.4996095,LCC-FASD external-dev / cross-domain stress set,True
FT720P_MBP1314_IPHONE7B_id12_s1_60.png,1,VALID,1.6484375,-1.484375,-1.5732422,2.483112,LCC-FASD external-dev / cross-domain stress set,True
FT720P_MBP1314_IPHONE7B_id12_s1_75.png,1,VALID,1.6513672,-1.2109375,-1.6894531,2.380062,LCC-FASD external-dev / cross-domain stress set,True
FT720P_MBP1314_IPHONE7B_id12_s1_90.png,1,VALID,1.6875,-1.2226562,-1.6933594,2.4249175,LCC-FASD external-dev / cross-domain stress set,True
FT720P_MBP1314_IPHONE7B_id12_s1_105.png,1,VALID,1.8154297,-1.2265625,-1.8378906,2.6085036,LCC-FASD external-dev / cross-domain stress set,True
FT720P_MBP1314_IPHONE7B_id12_s1_120.png,1,VALID,1.7451172,-1.4023438,-1.7480469,2.6123004,LCC-FASD external-dev / cross-domain stress set,True
FT720P_MBP1314_IPHONE7B_id12_s1_135.png,1,VALID,1.7382812,-1.3115234,-1.75,2.5520532,LCC-FASD external-dev / cross-domain stress set,True
FT720P_MBP1314_IPHONE7B_id12_s1_150.png,1,VALID,1.6757812,-1.3466797,-1.7275391,2.5017202,LCC-FASD external-dev / cross-domain stress set,True
FT720P_MBP1314_IPHONE7B_id12_s2_15.png,1,VALID,0.57128906,0.8120117,-1.7021484,-0.31854522,LCC-FASD external-dev / cross-domain stress set,True
FT720P_MBP1314_IPHONE7B_id12_s2_30.png,1,VALID,1.0830078,-0.14208984,-1.6484375,1.0248394,LCC-FASD external-dev / cross-domain stress set,True
FT720P_MBP1314_IPHONE7B_id12_s2_45.png,1,VALID,1.1015625,-0.20996094,-1.5986328,1.0888549,LCC-FASD external-dev / cross-domain stress set,True
FT720P_MBP1314_IPHONE7B_id12_s2_60.png,1,VALID,0.90966797,-0.056030273,-1.4189453,0.7378349,LCC-FASD external-dev / cross-domain stress set,True
FT720P_MBP1314_IPHONE7B_id12_s2_75.png,1,VALID,1.2480469,-0.19030762,-1.7509766,1.2477379,LCC-FASD external-dev / cross-domain stress set,True
FT720P_MBP1314_IPHONE7B_id12_s2_90.png,1,VALID,1.0888672,-0.27612305,-1.5185547,1.1113707,LCC-FASD external-dev / cross-domain stress set,True
FT720P_MBP1314_IPHONE7B_id12_s2_105.png,1,VALID,1.2529297,-0.24914551,-1.7138672,1.2941327,LCC-FASD external-dev / cross-domain stress set,True
FT720P_MBP1314_IPHONE7B_id12_s2_120.png,1,VALID,1.046875,-0.08093262,-1.6259766,0.93446165,LCC-FASD external-dev / cross-domain stress set,True
FT720P_MBP1314_IPHONE7B_id12_s2_135.png,1,VALID,1.2304688,-0.44482422,-1.6445312,1.4119427,LCC-FASD external-dev / cross-domain stress set,True
FT720P_MBP1314_IPHONE7B_id12_s2_150.png,1,VALID,1.1367188,-0.15771484,-1.6054688,1.0832834,LCC-FASD external-dev / cross-domain stress set,True
FT720P_MBP1314_IPHONE7F_id0_s0_105.png,1,VALID,1.6972656,-2.0957031,-1.59375,2.8176756,LCC-FASD external-dev / cross-domain stress set,True
FT720P_MBP1314_IPHONE6SF_id9_s0_15.png,1,VALID,0.085510254,1.8896484,-1.9228516,-1.8259904,LCC-FASD external-dev / cross-domain stress set,False
FT720P_MBP1314_IPHONE6SF_id9_s0_30.png,1,VALID,0.16931152,1.8369141,-1.9707031,-1.6895608,LCC-FASD external-dev / cross-domain stress set,False
FT720P_MBP1314_IPHONE6SF_id9_s0_45.png,1,VALID,0.08874512,1.9072266,-1.8671875,-1.8411726,LCC-FASD external-dev / cross-domain stress set,False
FT720P_MBP1314_IPHONE6SF_id9_s0_60.png,1,VALID,0.34204102,1.7412109,-2.0332031,-1.421861,LCC-FASD external-dev / cross-domain stress set,False
FT720P_MBP1314_IPHONE6SF_id9_s0_75.png,1,VALID,0.24291992,1.7207031,-1.921875,-1.503631,LCC-FASD external-dev / cross-domain stress set,False
FT720P_MBP1314_IPHONE6SF_id9_s0_90.png,1,VALID,0.2746582,1.8554688,-2.0605469,-1.600535,LCC-FASD external-dev / cross-domain stress set,False
FT720P_MBP1314_IPHONE6SF_id9_s0_150.png,1,VALID,-0.095947266,2.0,-1.7792969,-2.118529,LCC-FASD external-dev / cross-domain stress set,False
FT720P_MBP1314_IPHONE7B_id0_s0_15.png,1,VALID,1.6777344,-1.7802734,-1.6044922,2.6731126,LCC-FASD external-dev / cross-domain stress set,True
FT720P_MBP1314_IPHONE7B_id0_s0_30.png,1,VALID,1.7900391,-1.8095703,-1.7255859,2.8635886,LCC-FASD external-dev / cross-domain stress set,True
FT720P_MBP1314_IPHONE7B_id0_s0_45.png,1,VALID,1.6914062,-1.7597656,-1.6650391,2.7095401,LCC-FASD external-dev / cross-domain stress set,True
FT720P_MBP1314_IPHONE7B_id0_s0_60.png,1,VALID,1.6640625,-1.9013672,-1.5800781,2.6987898,LCC-FASD external-dev / cross-domain stress set,True
FT720P_MBP1314_IPHONE7B_id0_s0_75.png,1,VALID,1.7421875,-1.8427734,-1.6630859,2.7979395,LCC-FASD external-dev / cross-domain stress set,True
FT720P_MBP1314_IPHONE7B_id0_s0_90.png,1,VALID,1.6787109,-2.0625,-1.5585938,2.7647007,LCC-FASD external-dev / cross-domain stress set,True
FT720P_MBP1314_IPHONE7B_id0_s0_105.png,1,VALID,1.7236328,-2.0214844,-1.5664062,2.7987642,LCC-FASD external-dev / cross-domain stress set,True
FT720P_MBP1314_IPHONE7B_id0_s0_120.png,1,VALID,1.7441406,-1.9189453,-1.6191406,2.808843,LCC-FASD external-dev / cross-domain stress set,True
FT720P_MBP1314_IPHONE7B_id0_s0_135.png,1,VALID,1.6796875,-1.921875,-1.6044922,2.737185,LCC-FASD external-dev / cross-domain stress set,True
FT720P_MBP1314_IPHONE7B_id0_s0_150.png,1,VALID,1.703125,-2.0332031,-1.609375,2.808979,LCC-FASD external-dev / cross-domain stress set,True
FT720P_MBP1314_IPHONE7B_id0_s1_15.png,1,VALID,1.7646484,-1.8232422,-1.6464844,2.8024642,LCC-FASD external-dev / cross-domain stress set,True
FT720P_MBP1314_IPHONE7B_id0_s1_30.png,1,VALID,1.7490234,-1.8320312,-1.6669922,2.8019872,LCC-FASD external-dev / cross-domain stress set,True
FT720P_MBP1314_IPHONE7B_id0_s1_45.png,1,VALID,1.7880859,-1.7519531,-1.7050781,2.8231797,LCC-FASD external-dev / cross-domain stress set,True
FT720P_MBP1314_IPHONE7B_id0_s1_60.png,1,VALID,1.8837891,-1.8925781,-1.7705078,3.0203233,LCC-FASD external-dev / cross-domain stress set,True
FT720P_MBP1314_IPHONE7B_id0_s1_75.png,1,VALID,1.8710938,-1.8867188,-1.7275391,2.9819117,LCC-FASD external-dev / cross-domain stress set,True
FT720P_MBP1314_IPHONE7B_id0_s1_90.png,1,VALID,1.8994141,-1.9150391,-1.7744141,3.0485234,LCC-FASD external-dev / cross-domain stress set,True
FT720P_MBP1314_IPHONE7B_id0_s1_105.png,1,VALID,1.7851562,-1.7910156,-1.6933594,2.833005,LCC-FASD external-dev / cross-domain stress set,True
FT720P_MBP1314_IPHONE7B_id0_s1_120.png,1,VALID,1.8154297,-1.8017578,-1.7236328,2.884215,LCC-FASD external-dev / cross-domain stress set,True
FT720P_MBP1314_IPHONE7B_id0_s1_135.png,1,VALID,1.8740234,-1.8681641,-1.7548828,2.9907966,LCC-FASD external-dev / cross-domain stress set,True
FT720P_MBP1314_IPHONE7B_id0_s1_150.png,1,VALID,1.8476562,-1.8535156,-1.7509766,2.9554415,LCC-FASD external-dev / cross-domain stress set,True
FT720P_MBP1314_IPHONE7B_id0_s2_15.png,1,VALID,1.2177734,-0.36694336,-1.7910156,1.3690155,LCC-FASD external-dev / cross-domain stress set,True
FT720P_MBP1314_IPHONE7B_id0_s2_30.png,1,VALID,1.4677734,-1.078125,-1.5908203,2.0765955,LCC-FASD external-dev / cross-domain stress set,True
FT720P_MBP1314_IPHONE7B_id0_s2_45.png,1,VALID,1.3818359,-0.9916992,-1.5664062,1.9270115,LCC-FASD external-dev / cross-domain stress set,True
FT720P_MBP1314_IPHONE7B_id0_s2_60.png,1,VALID,1.6708984,-1.2958984,-1.7597656,2.4789243,LCC-FASD external-dev / cross-domain stress set,True
FT720P_MBP1314_IPHONE7B_id0_s2_75.png,1,VALID,1.7832031,-1.1367188,-1.9042969,2.5386567,LCC-FASD external-dev / cross-domain stress set,True
FT720P_MBP1314_IPHONE7B_id0_s2_90.png,1,VALID,1.6445312,-0.9301758,-1.890625,2.2506537,LCC-FASD external-dev / cross-domain stress set,True
FT720P_MBP1314_IPHONE7B_id0_s2_105.png,1,VALID,1.6484375,-0.7729492,-1.9814453,2.1600645,LCC-FASD external-dev / cross-domain stress set,True
FT720P_MBP1314_IPHONE7B_id0_s2_120.png,1,VALID,1.7949219,-1.1386719,-1.9501953,2.5660515,LCC-FASD external-dev / cross-domain stress set,True
FT720P_MBP1314_IPHONE7B_id0_s2_135.png,1,VALID,1.8378906,-1.0429688,-2.0214844,2.5617743,LCC-FASD external-dev / cross-domain stress set,True
FT720P_MBP1314_IPHONE7B_id0_s2_150.png,1,VALID,1.6162109,-0.65625,-2.0078125,2.0422738,LCC-FASD external-dev / cross-domain stress set,True
FT720P_MBP1314_IPHONE7B_id0_s3_15.png,1,VALID,1.3769531,0.26708984,-2.4257812,1.0443692,LCC-FASD external-dev / cross-domain stress set,True
FT720P_MBP1314_IPHONE7B_id0_s3_30.png,1,VALID,1.6914062,-0.26342773,-2.4277344,1.8461325,LCC-FASD external-dev / cross-domain stress set,True
FT720P_MBP1314_IPHONE7B_id0_s3_45.png,1,VALID,1.6152344,-0.062683105,-2.4882812,1.5931857,LCC-FASD external-dev / cross-domain stress set,True
FT720P_MBP1314_IPHONE7B_id0_s3_60.png,1,VALID,1.5400391,0.109436035,-2.4316406,1.3547709,LCC-FASD external-dev / cross-domain stress set,True
FT720P_MBP1314_IPHONE7B_id0_s3_75.png,1,VALID,1.5273438,0.13891602,-2.4414062,1.31541,LCC-FASD external-dev / cross-domain stress set,True
FT720P_MBP1314_IPHONE7B_id0_s3_90.png,1,VALID,1.5644531,0.23779297,-2.5664062,1.2678676,LCC-FASD external-dev / cross-domain stress set,True
FT720P_MBP1314_IPHONE7B_id0_s3_105.png,1,VALID,1.5166016,0.14416504,-2.5507812,1.307074,LCC-FASD external-dev / cross-domain stress set,True
FT720P_MBP1314_IPHONE7B_id0_s3_120.png,1,VALID,1.5341797,0.016326904,-2.4550781,1.436765,LCC-FASD external-dev / cross-domain stress set,True
FT720P_MBP1314_IPHONE7B_id0_s3_135.png,1,VALID,1.6191406,-0.017654419,-2.4707031,1.5542653,LCC-FASD external-dev / cross-domain stress set,True
FT720P_MBP1314_IPHONE7B_id0_s3_150.png,1,VALID,1.7763672,-0.43920898,-2.3144531,2.0729337,LCC-FASD external-dev / cross-domain stress set,True
FT720P_MBP1314_IPHONE7B_id12_s0_105.png,1,VALID,1.3378906,-0.15124512,-1.8349609,1.3188169,LCC-FASD external-dev / cross-domain stress set,True
FT720P_MBP1314_IPHONE7B_id12_s0_120.png,1,VALID,1.3496094,-0.5073242,-1.6054688,1.5691346,LCC-FASD external-dev / cross-domain stress set,True
FT720P_MBP1314_IPHONE7B_id12_s0_135.png,1,VALID,1.2607422,-0.05947876,-1.8066406,1.159576,LCC-FASD external-dev / cross-domain stress set,True
FT720P_MBP1314_IPHONE6SF_id0_s2_30.png,1,VALID,0.7133789,1.0332031,-2.0449219,-0.3648411,LCC-FASD external-dev / cross-domain stress set,True
FT720P_MBP1314_IPHONE6SF_id0_s2_45.png,1,VALID,0.92285156,0.57714844,-1.9326172,0.2675509,LCC-FASD external-dev / cross-domain stress set,True
FT720P_MBP1314_IPHONE6SF_id0_s2_60.png,1,VALID,1.2167969,0.31762695,-2.2109375,0.8224187,LCC-FASD external-dev / cross-domain stress set,True
FT720P_MBP1314_IPHONE6SF_id0_s2_75.png,1,VALID,1.3564453,0.36669922,-2.3535156,0.9259635,LCC-FASD external-dev / cross-domain stress set,True
FT720P_MBP1314_IPHONE6SF_id0_s2_90.png,1,VALID,1.4804688,0.119262695,-2.3183594,1.2774456,LCC-FASD external-dev / cross-domain stress set,True
FT720P_MBP1314_IPHONE6SF_id0_s3_54.png,1,VALID,0.51220703,1.7089844,-2.4394531,-1.212443,LCC-FASD external-dev / cross-domain stress set,False
FT720P_MBP1314_IPHONE6SF_id0_s3_81.png,1,VALID,1.0078125,1.2431641,-2.6035156,-0.25647736,LCC-FASD external-dev / cross-domain stress set,True
FT720P_MBP1314_IPHONE6SF_id0_s3_98.png,1,VALID,0.60498047,1.4150391,-2.3945312,-0.8319744,LCC-FASD external-dev / cross-domain stress set,False
FT720P_MBP1314_IPHONE6SF_id0_s3_114.png,1,VALID,0.83984375,1.0644531,-2.3945312,-0.25558627,LCC-FASD external-dev / cross-domain stress set,True
FT720P_MBP1314_IPHONE6SF_id0_s3_129.png,1,VALID,0.39038086,1.7802734,-2.3105469,-1.4064798,LCC-FASD external-dev / cross-domain stress set,False
FT720P_MBP1314_IPHONE6SF_id0_s3_144.png,1,VALID,0.62402344,1.0654297,-2.1601562,-0.4803697,LCC-FASD external-dev / cross-domain stress set,True
FT720P_MBP1314_IPHONE6SF_id0_s3_159.png,1,VALID,0.68652344,1.1953125,-2.2324219,-0.5407338,LCC-FASD external-dev / cross-domain stress set,True
FT720P_MBP1314_IPHONE6SF_id0_s3_174.png,1,VALID,0.6665039,1.3144531,-2.3457031,-0.67335224,LCC-FASD external-dev / cross-domain stress set,False
FT720P_MBP1314_IPHONE6SF_id5_s0_15.png,1,VALID,0.79589844,0.42822266,-1.4101562,0.22005337,LCC-FASD external-dev / cross-domain stress set,True
FT720P_MBP1314_IPHONE6SF_id5_s0_30.png,1,VALID,0.8959961,0.19152832,-1.4179688,0.5221561,LCC-FASD external-dev / cross-domain stress set,True
FT720P_MBP1314_IPHONE6SF_id5_s0_45.png,1,VALID,1.0986328,0.12976074,-1.6083984,0.806886,LCC-FASD external-dev / cross-domain stress set,True
FT720P_MBP1314_IPHONE6SF_id5_s0_60.png,1,VALID,0.9448242,0.17224121,-1.4853516,0.5981279,LCC-FASD external-dev / cross-domain stress set,True
FT720P_MBP1314_IPHONE6SF_id5_s0_75.png,1,VALID,0.9238281,0.2487793,-1.4853516,0.51245934,LCC-FASD external-dev / cross-domain stress set,True
FT720P_MBP1314_IPHONE6SF_id5_s0_90.png,1,VALID,1.0878906,0.11450195,-1.6230469,0.81131136,LCC-FASD external-dev / cross-domain stress set,True
FT720P_MBP1314_IPHONE6SF_id5_s0_105.png,1,VALID,0.64990234,0.5229492,-1.3652344,-0.013978958,LCC-FASD external-dev / cross-domain stress set,True
FT720P_MBP1314_IPHONE6SF_id5_s0_120.png,1,VALID,1.1572266,-0.051605225,-1.5566406,1.0083352,LCC-FASD external-dev / cross-domain stress set,True
FT720P_MBP1314_IPHONE6SF_id5_s0_135.png,1,VALID,1.2607422,-0.19604492,-1.6103516,1.2391837,LCC-FASD external-dev / cross-domain stress set,True
FT720P_MBP1314_IPHONE6SF_id5_s0_150.png,1,VALID,1.2275391,-0.13977051,-1.6074219,1.1599165,LCC-FASD external-dev / cross-domain stress set,True
FT720P_MBP1314_IPHONE6SF_id9_s0_105.png,1,VALID,-0.023971558,1.9013672,-1.8076172,-1.9495457,LCC-FASD external-dev / cross-domain stress set,False
FT720P_MBP1314_IPHONE6SF_id9_s0_120.png,1,VALID,0.49438477,1.4160156,-2.0605469,-0.9520761,LCC-FASD external-dev / cross-domain stress set,False
FT720P_MBP1314_IPHONE6SF_id9_s0_135.png,1,VALID,0.032592773,2.1503906,-1.9941406,-2.1335244,LCC-FASD external-dev / cross-domain stress set,False
FT720P_MBP1314_IPHONE6SF_id12_s0_15.png,1,VALID,-1.0703125,2.0996094,-0.8378906,-3.2215633,LCC-FASD external-dev / cross-domain stress set,False
FT720P_MBP1314_IPHONE6SF_id12_s0_30.png,1,VALID,-0.9580078,2.0800781,-0.9501953,-3.085258,LCC-FASD external-dev / cross-domain stress set,False
FT720P_MBP1314_IPHONE6SF_id12_s0_45.png,1,VALID,-1.0048828,2.0839844,-0.9042969,-3.1380134,LCC-FASD external-dev / cross-domain stress set,False
FT720P_MBP1314_IPHONE6SF_id12_s0_60.png,1,VALID,-1.0390625,1.9980469,-0.81103516,-3.0956237,LCC-FASD external-dev / cross-domain stress set,False
FT720P_MBP1314_IPHONE6SF_id12_s0_75.png,1,VALID,-1.0429688,2.0917969,-0.8911133,-3.18417,LCC-FASD external-dev / cross-domain stress set,False
FT720P_MBP1314_IPHONE6SF_id12_s0_90.png,1,VALID,-1.0722656,2.0,-0.7480469,-3.1343508,LCC-FASD external-dev / cross-domain stress set,False
FT720P_MBP1314_IPHONE6SF_id12_s0_105.png,1,VALID,-1.0361328,2.0761719,-0.85253906,-3.1643903,LCC-FASD external-dev / cross-domain stress set,False
FT720P_MBP1314_IPHONE6SF_id12_s0_120.png,1,VALID,-1.0615234,2.0820312,-0.8222656,-3.1968937,LCC-FASD external-dev / cross-domain stress set,False
FT720P_MBP1314_IPHONE6SF_id12_s0_135.png,1,VALID,-1.1132812,2.0566406,-0.68896484,-3.2321541,LCC-FASD external-dev / cross-domain stress set,False
FT720P_MBP1314_IPHONE6SF_id12_s0_150.png,1,VALID,-1.046875,2.0253906,-0.82666016,-3.1283867,LCC-FASD external-dev / cross-domain stress set,False
FT720P_MBP1314_IPHONE6SF_id12_s1_15.png,1,VALID,-0.73828125,1.3251953,-0.4958496,-2.2134957,LCC-FASD external-dev / cross-domain stress set,False
FT720P_MBP1314_IPHONE6SF_id12_s1_30.png,1,VALID,-0.6640625,1.5019531,-0.73095703,-2.2678642,LCC-FASD external-dev / cross-domain stress set,False
FT720P_MBP1314_IPHONE6SF_id12_s1_45.png,1,VALID,-0.27441406,1.2890625,-1.0224609,-1.6579775,LCC-FASD external-dev / cross-domain stress set,False
FT720P_MBP1314_IPHONE6SF_id12_s1_60.png,1,VALID,-0.40405273,1.4736328,-1.0166016,-1.9573194,LCC-FASD external-dev / cross-domain stress set,False
FT720P_MBP1314_IPHONE6SF_id12_s1_75.png,1,VALID,-0.14538574,1.3134766,-1.1630859,-1.5395494,LCC-FASD external-dev / cross-domain stress set,False
FT720P_MBP1314_IPHONE6SF_id12_s1_90.png,1,VALID,-0.029510498,1.2822266,-1.2636719,-1.3872179,LCC-FASD external-dev / cross-domain stress set,False
FT720P_MBP1314_IPHONE6SF_id12_s1_105.png,1,VALID,-0.24511719,1.5419922,-1.1845703,-1.8505008,LCC-FASD external-dev / cross-domain stress set,False
FT720P_MBP1314_IPHONE6SF_id12_s1_120.png,1,VALID,-0.17211914,1.2431641,-1.0947266,-1.5074348,LCC-FASD external-dev / cross-domain stress set,False
FT720P_MBP1314_IPHONE6SF_id12_s1_135.png,1,VALID,-0.3154297,1.390625,-1.0351562,-1.7907717,LCC-FASD external-dev / cross-domain stress set,False
FT720P_MBP1314_IPHONE6SF_id12_s1_150.png,1,VALID,-0.4501953,1.4697266,-0.9589844,-2.0044012,LCC-FASD external-dev / cross-domain stress set,False
FT720P_MBP1314_IPHONE6SF_id12_s2_15.png,1,VALID,-0.9975586,2.1425781,-0.9355469,-3.1851537,LCC-FASD external-dev / cross-domain stress set,False
FT720P_MBP1314_IPHONE6SF_id12_s2_30.png,1,VALID,-1.1132812,2.2011719,-0.84521484,-3.3608885,LCC-FASD external-dev / cross-domain stress set,False
FT720P_MBP1314_IPHONE6SF_id12_s2_45.png,1,VALID,-0.96728516,2.125,-0.9350586,-3.1381042,LCC-FASD external-dev / cross-domain stress set,False
FT720P_MBP1314_IPHONE6SF_id12_s2_60.png,1,VALID,-0.97802734,2.03125,-0.8540039,-3.0636146,LCC-FASD external-dev / cross-domain stress set,False
FT720P_MBP1314_IPHONE6SF_id12_s2_75.png,1,VALID,-0.8701172,2.0585938,-0.96533203,-2.9761765,LCC-FASD external-dev / cross-domain stress set,False
FT720P_MBP1314_IPHONE6SF_id12_s2_90.png,1,VALID,-1.0478516,2.2558594,-0.96484375,-3.3428614,LCC-FASD external-dev / cross-domain stress set,False
FT720P_MBP1314_IPHONE6SF_id12_s2_105.png,1,VALID,-0.66064453,1.9208984,-1.0361328,-2.6322103,LCC-FASD external-dev / cross-domain stress set,False
FT720P_MBP1314_IPHONE6SF_id12_s2_120.png,1,VALID,-0.96191406,2.0605469,-0.87939453,-3.0739796,LCC-FASD external-dev / cross-domain stress set,False
FT720P_MBP1314_IPHONE6SF_id12_s2_135.png,1,VALID,-1.0371094,2.1601562,-0.88916016,-3.2435682,LCC-FASD external-dev / cross-domain stress set,False
FT720P_MBP1314_IPHONE6SF_id12_s2_150.png,1,VALID,-0.9770508,2.1191406,-0.9433594,-3.1419013,LCC-FASD external-dev / cross-domain stress set,False
FT720P_MBP1314_IPHONE6F_id5_s0_15.png,1,VALID,0.83496094,-0.060791016,-1.1621094,0.6087457,LCC-FASD external-dev / cross-domain stress set,True
FT720P_MBP1314_IPHONE6F_id5_s0_30.png,1,VALID,1.1708984,-0.55566406,-1.2617188,1.3253814,LCC-FASD external-dev / cross-domain stress set,True
FT720P_MBP1314_IPHONE6F_id5_s0_45.png,1,VALID,0.78564453,0.08660889,-1.2519531,0.46616155,LCC-FASD external-dev / cross-domain stress set,True
FT720P_MBP1314_IPHONE6F_id5_s0_60.png,1,VALID,0.9667969,-0.14196777,-1.2363281,0.82001793,LCC-FASD external-dev / cross-domain stress set,True
FT720P_MBP1314_IPHONE6F_id5_s0_75.png,1,VALID,0.7114258,0.11785889,-1.1181641,0.33850822,LCC-FASD external-dev / cross-domain stress set,True
FT720P_MBP1314_IPHONE6F_id5_s0_90.png,1,VALID,0.82958984,-0.013313293,-1.2011719,0.57679707,LCC-FASD external-dev / cross-domain stress set,True
FT720P_MBP1314_IPHONE6F_id5_s0_105.png,1,VALID,0.6508789,0.1595459,-1.1123047,0.2442289,LCC-FASD external-dev / cross-domain stress set,True
FT720P_MBP1314_IPHONE6F_id5_s0_120.png,1,VALID,0.89160156,-0.15966797,-1.1494141,0.73523974,LCC-FASD external-dev / cross-domain stress set,True
FT720P_MBP1314_IPHONE6F_id5_s0_135.png,1,VALID,0.94140625,0.004196167,-1.3349609,0.70445967,LCC-FASD external-dev / cross-domain stress set,True
FT720P_MBP1314_IPHONE6F_id5_s0_150.png,1,VALID,0.8354492,-0.109558105,-1.1044922,0.63038063,LCC-FASD external-dev / cross-domain stress set,True
FT720P_MBP1314_IPHONE6F_id9_s0_15.png,1,VALID,0.39794922,1.5693359,-2.0273438,-1.1984322,LCC-FASD external-dev / cross-domain stress set,False
FT720P_MBP1314_IPHONE6F_id9_s0_30.png,1,VALID,0.9165039,0.91259766,-2.1445312,-0.042044163,LCC-FASD external-dev / cross-domain stress set,True
FT720P_MBP1314_IPHONE6F_id9_s0_45.png,1,VALID,0.6557617,1.2509766,-2.0332031,-0.63200116,LCC-FASD external-dev / cross-domain stress set,False
FT720P_MBP1314_IPHONE6F_id9_s0_60.png,1,VALID,0.9404297,1.0283203,-2.2226562,-0.1258955,LCC-FASD external-dev / cross-domain stress set,True
FT720P_MBP1314_IPHONE6F_id9_s0_75.png,1,VALID,1.1699219,0.5131836,-2.1523438,0.58948845,LCC-FASD external-dev / cross-domain stress set,True
FT720P_MBP1314_IPHONE6F_id9_s0_90.png,1,VALID,1.1738281,0.4248047,-2.0878906,0.67109114,LCC-FASD external-dev / cross-domain stress set,True
FT720P_MBP1314_IPHONE6F_id9_s0_105.png,1,VALID,0.94091797,0.69873047,-2.015625,0.17804193,LCC-FASD external-dev / cross-domain stress set,True
FT720P_MBP1314_IPHONE6F_id9_s0_120.png,1,VALID,0.70947266,1.1875,-2.0976562,-0.5147784,LCC-FASD external-dev / cross-domain stress set,True
FT720P_MBP1314_IPHONE6F_id9_s0_135.png,1,VALID,0.53564453,1.2470703,-1.9404297,-0.7518716,LCC-FASD external-dev / cross-domain stress set,False
FT720P_MBP1314_IPHONE6F_id9_s0_150.png,1,VALID,0.99316406,0.72558594,-2.1074219,0.21040827,LCC-FASD external-dev / cross-domain stress set,True
FT720P_MBP1314_IPHONE6F_id12_s2_15.png,1,VALID,-0.99560547,1.9892578,-0.7832031,-3.0454955,LCC-FASD external-dev / cross-domain stress set,False
FT720P_MBP1314_IPHONE6F_id12_s2_30.png,1,VALID,-0.9316406,1.9794922,-0.84228516,-2.96893,LCC-FASD external-dev / cross-domain stress set,False
FT720P_MBP1314_IPHONE6F_id12_s2_45.png,1,VALID,-0.80908203,1.8984375,-0.96728516,-2.7628994,LCC-FASD external-dev / cross-domain stress set,False
FT720P_MBP1314_IPHONE6F_id12_s2_60.png,1,VALID,-0.8623047,1.8173828,-0.7944336,-2.7505198,LCC-FASD external-dev / cross-domain stress set,False
FT720P_MBP1314_IPHONE6F_id12_s2_75.png,1,VALID,-0.7475586,1.7119141,-0.76953125,-2.539782,LCC-FASD external-dev / cross-domain stress set,False
FT720P_MBP1314_IPHONE6F_id12_s2_90.png,1,VALID,-0.81591797,1.9189453,-0.8989258,-2.79288,LCC-FASD external-dev / cross-domain stress set,False
FT720P_MBP1314_IPHONE6F_id12_s2_120.png,1,VALID,-0.8413086,1.7470703,-0.73339844,-2.6687636,LCC-FASD external-dev / cross-domain stress set,False
FT720P_MBP1314_IPHONE6F_id12_s2_135.png,1,VALID,-0.63720703,1.8574219,-1.0712891,-2.5467145,LCC-FASD external-dev / cross-domain stress set,False
FT720P_MBP1314_IPHONE6F_id12_s2_150.png,1,VALID,-0.9248047,1.890625,-0.75,-2.884318,LCC-FASD external-dev / cross-domain stress set,False
FT720P_MBP1314_IPHONE6SF_id0_s0_15.png,1,VALID,1.3369141,-0.9296875,-1.6660156,1.8753239,LCC-FASD external-dev / cross-domain stress set,True
FT720P_MBP1314_IPHONE6SF_id0_s0_30.png,1,VALID,1.6171875,-0.94677734,-1.8740234,2.2306104,LCC-FASD external-dev / cross-domain stress set,True
FT720P_MBP1314_IPHONE6SF_id0_s0_45.png,1,VALID,1.5273438,-1.3583984,-1.6005859,2.3063748,LCC-FASD external-dev / cross-domain stress set,True
FT720P_MBP1314_IPHONE6SF_id0_s0_60.png,1,VALID,1.3740234,-1.1582031,-1.5703125,2.0240533,LCC-FASD external-dev / cross-domain stress set,True
FT720P_MBP1314_IPHONE6SF_id0_s0_75.png,1,VALID,1.3369141,-1.1337891,-1.5390625,1.9598007,LCC-FASD external-dev / cross-domain stress set,True
FT720P_MBP1314_IPHONE6SF_id0_s0_90.png,1,VALID,1.3115234,-1.2353516,-1.4375,1.9497027,LCC-FASD external-dev / cross-domain stress set,True
FT720P_MBP1314_IPHONE6SF_id0_s0_105.png,1,VALID,1.5576172,-1.2275391,-1.6972656,2.299542,LCC-FASD external-dev / cross-domain stress set,True
FT720P_MBP1314_IPHONE6SF_id0_s0_120.png,1,VALID,1.5244141,-1.1533203,-1.7197266,2.2282133,LCC-FASD external-dev / cross-domain stress set,True
FT720P_MBP1314_IPHONE6SF_id0_s0_135.png,1,VALID,1.5712891,-1.3779297,-1.6503906,2.3830512,LCC-FASD external-dev / cross-domain stress set,True
FT720P_MBP1314_IPHONE6SF_id0_s0_150.png,1,VALID,1.515625,-1.4189453,-1.5625,2.3106267,LCC-FASD external-dev / cross-domain stress set,True
FT720P_MBP1314_IPHONE6SF_id0_s1_15.png,1,VALID,1.5527344,-1.5615234,-1.5644531,2.4225745,LCC-FASD external-dev / cross-domain stress set,True
FT720P_MBP1314_IPHONE6SF_id0_s1_30.png,1,VALID,1.5820312,-1.53125,-1.6025391,2.4551435,LCC-FASD external-dev / cross-domain stress set,True
FT720P_MBP1314_IPHONE6SF_id0_s1_45.png,1,VALID,1.6005859,-1.5068359,-1.6035156,2.4614468,LCC-FASD external-dev / cross-domain stress set,True
FT720P_MBP1314_IPHONE6SF_id0_s1_60.png,1,VALID,1.7119141,-1.5107422,-1.71875,2.6281142,LCC-FASD external-dev / cross-domain stress set,True
FT720P_MBP1314_IPHONE6SF_id0_s1_75.png,1,VALID,1.7636719,-1.4306641,-1.8603516,2.693129,LCC-FASD external-dev / cross-domain stress set,True
FT720P_MBP1314_IPHONE6SF_id0_s1_90.png,1,VALID,1.6337891,-1.3349609,-1.7666016,2.4683125,LCC-FASD external-dev / cross-domain stress set,True
FT720P_MBP1314_IPHONE6SF_id0_s1_105.png,1,VALID,1.6923828,-1.5527344,-1.6552734,2.6019258,LCC-FASD external-dev / cross-domain stress set,True
FT720P_MBP1314_IPHONE6SF_id0_s1_120.png,1,VALID,1.6181641,-1.4853516,-1.6455078,2.4872437,LCC-FASD external-dev / cross-domain stress set,True
FT720P_MBP1314_IPHONE6SF_id0_s1_135.png,1,VALID,1.6650391,-1.5947266,-1.6367188,2.5873942,LCC-FASD external-dev / cross-domain stress set,True
FT720P_MBP1314_IPHONE6SF_id0_s1_150.png,1,VALID,1.6503906,-1.5507812,-1.6591797,2.560756,LCC-FASD external-dev / cross-domain stress set,True
FT720P_MBP1314_IPHONE6SF_id0_s2_15.png,1,VALID,0.6870117,1.0214844,-2.046875,-0.37992144,LCC-FASD external-dev / cross-domain stress set,True
FT720P_MBP1314_IPHONE6SF_id0_s2_105.png,1,VALID,1.6259766,-0.14477539,-2.3496094,1.6661497,LCC-FASD external-dev / cross-domain stress set,True
FT720P_MBP1314_IPHONE6SF_id0_s2_120.png,1,VALID,1.5722656,-0.13366699,-2.3300781,1.6004907,LCC-FASD external-dev / cross-domain stress set,True
FT720P_MBP1314_IPHONE6SF_id0_s2_135.png,1,VALID,1.3115234,0.17919922,-2.2226562,1.0456423,LCC-FASD external-dev / cross-domain stress set,True
FT720P_MBP1314_IPHONE6SF_id0_s2_150.png,1,VALID,1.2871094,0.3449707,-2.2734375,0.87175584,LCC-FASD external-dev / cross-domain stress set,True
FT720P_MBP1314_IPHONE6F_id0_s0_30.png,1,VALID,1.7832031,-1.6171875,-1.7441406,2.7687068,LCC-FASD external-dev / cross-domain stress set,True
FT720P_MBP1314_IPHONE6F_id0_s0_45.png,1,VALID,1.6601562,-1.6376953,-1.6318359,2.6017704,LCC-FASD external-dev / cross-domain stress set,True
FT720P_MBP1314_IPHONE6F_id0_s0_60.png,1,VALID,1.7099609,-1.8447266,-1.6269531,2.746737,LCC-FASD external-dev / cross-domain stress set,True
FT720P_MBP1314_IPHONE6F_id0_s0_75.png,1,VALID,1.734375,-1.7763672,-1.6640625,2.759867,LCC-FASD external-dev / cross-domain stress set,True
FT720P_MBP1314_IPHONE6F_id0_s0_90.png,1,VALID,1.6113281,-1.8710938,-1.5253906,2.6015582,LCC-FASD external-dev / cross-domain stress set,True
FT720P_MBP1314_IPHONE6F_id0_s0_150.png,1,VALID,1.7099609,-1.8496094,-1.640625,2.7564816,LCC-FASD external-dev / cross-domain stress set,True
FT720P_MBP1314_IPHONE6F_id0_s1_15.png,1,VALID,1.8515625,-1.9580078,-1.7167969,2.9885623,LCC-FASD external-dev / cross-domain stress set,True
FT720P_MBP1314_IPHONE6F_id0_s1_30.png,1,VALID,1.8310547,-1.9267578,-1.7021484,2.9460678,LCC-FASD external-dev / cross-domain stress set,True
FT720P_MBP1314_IPHONE6F_id0_s1_45.png,1,VALID,1.9042969,-1.9501953,-1.7490234,3.055709,LCC-FASD external-dev / cross-domain stress set,True
FT720P_MBP1314_IPHONE6F_id0_s1_60.png,1,VALID,1.9541016,-2.0078125,-1.7734375,3.1447287,LCC-FASD external-dev / cross-domain stress set,True
FT720P_MBP1314_IPHONE6F_id0_s1_75.png,1,VALID,1.8837891,-1.9951172,-1.71875,3.0380583,LCC-FASD external-dev / cross-domain stress set,True
FT720P_MBP1314_IPHONE6F_id0_s1_90.png,1,VALID,1.921875,-1.9882812,-1.7275391,3.0781636,LCC-FASD external-dev / cross-domain stress set,True
FT720P_MBP1314_IPHONE6F_id0_s1_105.png,1,VALID,1.8535156,-1.9462891,-1.6875,2.9689147,LCC-FASD external-dev / cross-domain stress set,True
FT720P_MBP1314_IPHONE6F_id0_s1_120.png,1,VALID,1.8378906,-1.8378906,-1.7021484,2.9124615,LCC-FASD external-dev / cross-domain stress set,True
FT720P_MBP1314_IPHONE6F_id0_s1_135.png,1,VALID,1.8818359,-1.9208984,-1.7158203,3.0018,LCC-FASD external-dev / cross-domain stress set,True
FT720P_MBP1314_IPHONE6F_id0_s1_150.png,1,VALID,1.8867188,-1.9560547,-1.7578125,3.0456007,LCC-FASD external-dev / cross-domain stress set,True
FT720P_MBP1314_IPHONE6F_id0_s2_15.png,1,VALID,1.109375,0.5541992,-2.0898438,0.48651457,LCC-FASD external-dev / cross-domain stress set,True
FT720P_MBP1314_IPHONE6F_id0_s2_30.png,1,VALID,1.1601562,0.16931152,-1.9052734,0.8725209,LCC-FASD external-dev / cross-domain stress set,True
FT720P_MBP1314_IPHONE6F_id0_s2_45.png,1,VALID,1.3916016,-0.3256836,-1.8779297,1.5252017,LCC-FASD external-dev / cross-domain stress set,True
FT720P_MBP1314_IPHONE6F_id0_s2_60.png,1,VALID,1.4208984,0.16638184,-2.2285156,1.1672552,LCC-FASD external-dev / cross-domain stress set,True
FT720P_MBP1314_IPHONE6F_id0_s2_75.png,1,VALID,1.5537109,-0.21069336,-2.1464844,1.6296023,LCC-FASD external-dev / cross-domain stress set,True
FT720P_MBP1314_IPHONE6F_id0_s2_90.png,1,VALID,1.5947266,-0.19165039,-2.2070312,1.66127,LCC-FASD external-dev / cross-domain stress set,True
FT720P_MBP1314_IPHONE6F_id0_s2_105.png,1,VALID,1.6376953,-0.13708496,-2.3066406,1.6666181,LCC-FASD external-dev / cross-domain stress set,True
FT720P_MBP1314_IPHONE6F_id0_s2_120.png,1,VALID,1.6933594,-0.27563477,-2.2578125,1.8399249,LCC-FASD external-dev / cross-domain stress set,True
FT720P_MBP1314_IPHONE6F_id0_s2_135.png,1,VALID,1.5087891,0.006828308,-2.2519531,1.4025881,LCC-FASD external-dev / cross-domain stress set,True
FT720P_MBP1314_IPHONE6F_id0_s2_150.png,1,VALID,1.6113281,-0.13903809,-2.2460938,1.635614,LCC-FASD external-dev / cross-domain stress set,True
FT720P_MBP1314_IPHONE6F_id0_s3_15.png,1,VALID,0.54589844,1.4667969,-2.2851562,-0.94409907,LCC-FASD external-dev / cross-domain stress set,False
FT720P_MBP1314_IPHONE6F_id0_s3_30.png,1,VALID,1.2773438,0.71777344,-2.5996094,0.52396417,LCC-FASD external-dev / cross-domain stress set,True
FT720P_MBP1314_IPHONE6F_id0_s3_45.png,1,VALID,1.2099609,0.4580078,-2.359375,0.69390863,LCC-FASD external-dev / cross-domain stress set,True
FT720P_MBP1314_IPHONE6F_id0_s3_60.png,1,VALID,1.2832031,0.6928711,-2.5234375,0.55101246,LCC-FASD external-dev / cross-domain stress set,True
FT720P_MBP1314_IPHONE6F_id0_s3_75.png,1,VALID,1.2294922,0.50927734,-2.40625,0.6674559,LCC-FASD external-dev / cross-domain stress set,True
FT720P_MBP1314_IPHONE6F_id0_s3_90.png,1,VALID,0.91845703,1.3017578,-2.5820312,-0.40366483,LCC-FASD external-dev / cross-domain stress set,True
FT720P_MBP1314_IPHONE6F_id0_s3_105.png,1,VALID,1.0957031,0.69628906,-2.3886719,0.35469717,LCC-FASD external-dev / cross-domain stress set,True
FT720P_MBP1314_IPHONE6F_id0_s3_120.png,1,VALID,1.3447266,0.4375,-2.46875,0.8539888,LCC-FASD external-dev / cross-domain stress set,True
FT720P_MBP1314_IPHONE6F_id0_s3_135.png,1,VALID,1.3017578,0.46044922,-2.4296875,0.78722906,LCC-FASD external-dev / cross-domain stress set,True
FT720P_MBP1314_IPHONE6F_id0_s3_150.png,1,VALID,1.359375,0.4008789,-2.4199219,0.900644,LCC-FASD external-dev / cross-domain stress set,True
FT720P_MBP1314_IPHONE6F_id12_s0_15.png,1,VALID,-0.9760742,2.0566406,-0.91796875,-3.082521,LCC-FASD external-dev / cross-domain stress set,False
FT720P_MBP1314_IPHONE6F_id12_s0_30.png,1,VALID,-1.0615234,2.2148438,-0.96777344,-3.317007,LCC-FASD external-dev / cross-domain stress set,False
FT720P_MBP1314_IPHONE6F_id12_s0_45.png,1,VALID,-0.9863281,2.1953125,-1.03125,-3.2205667,LCC-FASD external-dev / cross-domain stress set,False
FT720P_MBP1314_IPHONE6F_id12_s0_60.png,1,VALID,-0.96191406,2.0332031,-0.9394531,-3.0450184,LCC-FASD external-dev / cross-domain stress set,False
FT720P_MBP1314_IPHONE6F_id12_s0_75.png,1,VALID,-0.9873047,2.0234375,-0.8466797,-3.0658858,LCC-FASD external-dev / cross-domain stress set,False
FT720P_MBP1314_IPHONE6F_id12_s0_90.png,1,VALID,-1.1328125,2.0078125,-0.71191406,-3.2044377,LCC-FASD external-dev / cross-domain stress set,False
FT720P_MBP1314_IPHONE6F_id12_s0_105.png,1,VALID,-0.84033203,1.9267578,-0.86865234,-2.8263865,LCC-FASD external-dev / cross-domain stress set,False
FT720P_MBP1314_IPHONE6F_id12_s0_120.png,1,VALID,-1.1914062,2.0136719,-0.65625,-3.2720428,LCC-FASD external-dev / cross-domain stress set,False
FT720P_MBP1314_IPHONE6F_id12_s0_135.png,1,VALID,-0.9526367,2.0078125,-0.8022461,-3.018908,LCC-FASD external-dev / cross-domain stress set,False
FT720P_MBP1314_IPHONE6F_id12_s0_150.png,1,VALID,-0.92041016,1.6582031,-0.54589844,-2.683288,LCC-FASD external-dev / cross-domain stress set,False
FT720P_MBP1314_IPHONE6F_id12_s1_15.png,1,VALID,-0.26782227,1.4296875,-1.1015625,-1.7740629,LCC-FASD external-dev / cross-domain stress set,False
FT720P_MBP1314_IPHONE6F_id12_s1_30.png,1,VALID,-0.6201172,1.5537109,-0.8198242,-2.2628922,LCC-FASD external-dev / cross-domain stress set,False
FT720P_MBP1314_IPHONE6F_id12_s1_45.png,1,VALID,-0.048828125,1.4541016,-1.3662109,-1.5608093,LCC-FASD external-dev / cross-domain stress set,False
FT720P_MBP1314_IPHONE6F_id12_s1_60.png,1,VALID,-0.1394043,1.4365234,-1.3046875,-1.6384256,LCC-FASD external-dev / cross-domain stress set,False
FT720P_MBP1314_IPHONE6F_id12_s1_75.png,1,VALID,-0.17224121,1.4746094,-1.3027344,-1.7071961,LCC-FASD external-dev / cross-domain stress set,False
FT720P_MBP1314_IPHONE6F_id12_s1_90.png,1,VALID,-0.22143555,1.6005859,-1.2988281,-1.8756149,LCC-FASD external-dev / cross-domain stress set,False
FT720P_MBP1314_IPHONE6F_id12_s1_105.png,1,VALID,-0.56689453,2.03125,-1.234375,-2.635607,LCC-FASD external-dev / cross-domain stress set,False
FT720P_MBP1314_IPHONE6F_id12_s1_120.png,1,VALID,-0.29223633,1.7685547,-1.3525391,-2.1039548,LCC-FASD external-dev / cross-domain stress set,False
FT720P_MBP1314_IPHONE6F_id12_s1_135.png,1,VALID,-0.42407227,1.5498047,-1.0654297,-2.0444758,LCC-FASD external-dev / cross-domain stress set,False
FT720P_MBP1314_IPHONE6F_id12_s1_150.png,1,VALID,-0.6254883,1.6943359,-1.0068359,-2.384794,LCC-FASD external-dev / cross-domain stress set,False
FT720P_MBP1314_IPHONE6F_id12_s2_105.png,1,VALID,-0.7578125,1.7558594,-0.7890625,-2.5892239,LCC-FASD external-dev / cross-domain stress set,False
FT720P_I2269VWM_DOOX30_id5_s0_30.png,1,VALID,1.2880859,-1.2734375,-1.0117188,1.7289791,LCC-FASD external-dev / cross-domain stress set,True
FT720P_I2269VWM_DOOX30_id5_s0_45.png,1,VALID,1.7548828,-1.8505859,-1.296875,2.5976214,LCC-FASD external-dev / cross-domain stress set,True
FT720P_I2269VWM_DOOX30_id5_s0_60.png,1,VALID,1.7607422,-1.7890625,-1.3642578,2.6218653,LCC-FASD external-dev / cross-domain stress set,True
FT720P_I2269VWM_DOOX30_id5_s0_75.png,1,VALID,1.7617188,-1.7587891,-1.3789062,2.6194878,LCC-FASD external-dev / cross-domain stress set,True
FT720P_I2269VWM_DOOX30_id5_s0_90.png,1,VALID,1.5888672,-1.8251953,-1.1416016,2.321809,LCC-FASD external-dev / cross-domain stress set,True
FT720P_I2269VWM_DOOX30_id9_s0_15.png,1,VALID,1.1367188,-0.7060547,-1.421875,1.4448091,LCC-FASD external-dev / cross-domain stress set,True
FT720P_I2269VWM_DOOX30_id9_s0_30.png,1,VALID,1.4238281,-0.69677734,-1.84375,1.844796,LCC-FASD external-dev / cross-domain stress set,True
FT720P_I2269VWM_DOOX30_id9_s0_45.png,1,VALID,1.4179688,-0.6567383,-1.7929688,1.7962978,LCC-FASD external-dev / cross-domain stress set,True
FT720P_I2269VWM_DOOX30_id9_s0_60.png,1,VALID,1.3642578,-0.58447266,-1.8457031,1.6992916,LCC-FASD external-dev / cross-domain stress set,True
FT720P_I2269VWM_DOOX30_id9_s0_75.png,1,VALID,1.4160156,-0.6118164,-1.8115234,1.7644818,LCC-FASD external-dev / cross-domain stress set,True
FT720P_I2269VWM_DOOX30_id9_s0_90.png,1,VALID,1.5839844,-0.75927734,-1.9443359,2.076501,LCC-FASD external-dev / cross-domain stress set,True
FT720P_I2269VWM_DOOX30_id9_s0_105.png,1,VALID,1.6181641,-0.9453125,-1.8046875,2.2104096,LCC-FASD external-dev / cross-domain stress set,True
FT720P_I2269VWM_DOOX30_id9_s0_120.png,1,VALID,1.5087891,-0.63671875,-1.8779297,1.8916147,LCC-FASD external-dev / cross-domain stress set,True
FT720P_I2269VWM_DOOX30_id9_s0_135.png,1,VALID,1.3574219,-0.60009766,-1.7011719,1.6704524,LCC-FASD external-dev / cross-domain stress set,True
FT720P_I2269VWM_DOOX30_id9_s0_150.png,1,VALID,1.5859375,-0.72998047,-1.9003906,2.045708,LCC-FASD external-dev / cross-domain stress set,True
FT720P_IIYAMAGB_IPHONE5SB_id0_s0_15.png,1,VALID,1.7460938,-1.3466797,-1.8789062,2.6307416,LCC-FASD external-dev / cross-domain stress set,True
FT720P_IIYAMAGB_IPHONE5SB_id0_s0_30.png,1,VALID,1.9287109,-1.5849609,-1.9199219,2.9740453,LCC-FASD external-dev / cross-domain stress set,True
FT720P_IIYAMAGB_IPHONE5SB_id0_s0_45.png,1,VALID,1.7519531,-1.6738281,-1.7382812,2.7643414,LCC-FASD external-dev / cross-domain stress set,True
FT720P_IIYAMAGB_IPHONE5SB_id0_s0_60.png,1,VALID,1.6523438,-1.5654297,-1.6679688,2.574582,LCC-FASD external-dev / cross-domain stress set,True
FT720P_IIYAMAGB_IPHONE5SB_id0_s0_75.png,1,VALID,1.7304688,-1.5429688,-1.765625,2.685434,LCC-FASD external-dev / cross-domain stress set,True
FT720P_IIYAMAGB_IPHONE5SB_id0_s0_90.png,1,VALID,1.765625,-1.3515625,-1.8691406,2.6497107,LCC-FASD external-dev / cross-domain stress set,True
FT720P_IIYAMAGB_IPHONE5SB_id0_s0_105.png,1,VALID,1.7763672,-1.7978516,-1.7158203,2.839215,LCC-FASD external-dev / cross-domain stress set,True
FT720P_IIYAMAGB_IPHONE5SB_id0_s0_120.png,1,VALID,1.8476562,-1.7460938,-1.7773438,2.9161057,LCC-FASD external-dev / cross-domain stress set,True
FT720P_IIYAMAGB_IPHONE5SB_id0_s0_135.png,1,VALID,1.9423828,-1.9638672,-1.828125,3.1429303,LCC-FASD external-dev / cross-domain stress set,True
FT720P_IIYAMAGB_IPHONE5SB_id0_s0_150.png,1,VALID,1.703125,-1.6640625,-1.6796875,2.6818223,LCC-FASD external-dev / cross-domain stress set,True
FT720P_IIYAMAGB_IPHONE5SB_id5_s0_15.png,1,VALID,1.0429688,-0.6098633,-1.1728516,1.2020719,LCC-FASD external-dev / cross-domain stress set,True
FT720P_IIYAMAGB_IPHONE5SB_id5_s0_30.png,1,VALID,0.9111328,-0.5239258,-1.0830078,0.9828793,LCC-FASD external-dev / cross-domain stress set,True
FT720P_IIYAMAGB_IPHONE5SB_id5_s0_45.png,1,VALID,0.61572266,0.101867676,-1.1347656,0.25893366,LCC-FASD external-dev / cross-domain stress set,True
FT720P_IIYAMAGB_IPHONE5SB_id5_s0_60.png,1,VALID,0.92333984,-0.33520508,-1.2050781,0.90858924,LCC-FASD external-dev / cross-domain stress set,True
FT720P_IIYAMAGB_IPHONE5SB_id5_s0_75.png,1,VALID,0.5229492,0.14343262,-1.0644531,0.118054,LCC-FASD external-dev / cross-domain stress set,True
FT720P_IIYAMAGB_IPHONE5SB_id5_s0_90.png,1,VALID,0.95410156,-0.39916992,-1.1660156,0.9717741,LCC-FASD external-dev / cross-domain stress set,True
FT720P_IIYAMAGB_IPHONE5SB_id5_s0_105.png,1,VALID,0.66552734,-0.0093307495,-1.1230469,0.39093062,LCC-FASD external-dev / cross-domain stress set,True
FT720P_IIYAMAGB_IPHONE5SB_id5_s0_120.png,1,VALID,0.8041992,-0.2841797,-1.1152344,0.7268032,LCC-FASD external-dev / cross-domain stress set,True
FT720P_IIYAMAGB_IPHONE5SB_id5_s0_135.png,1,VALID,0.57958984,0.027511597,-1.0058594,0.24768248,LCC-FASD external-dev / cross-domain stress set,True
FT720P_IIYAMAGB_IPHONE5SB_id5_s0_150.png,1,VALID,0.99902344,-0.51220703,-1.2050781,1.1056733,LCC-FASD external-dev / cross-domain stress set,True
FT720P_IIYAMAGB_IPHONE5SB_id9_s0_15.png,1,VALID,0.8935547,0.32202148,-1.7226562,0.44982725,LCC-FASD external-dev / cross-domain stress set,True
FT720P_IIYAMAGB_IPHONE5SB_id9_s0_30.png,1,VALID,0.7026367,0.35351562,-1.5097656,0.20487988,LCC-FASD external-dev / cross-domain stress set,True
FT720P_IIYAMAGB_IPHONE5SB_id9_s0_45.png,1,VALID,0.044525146,1.2705078,-1.4462891,-1.2899767,LCC-FASD external-dev / cross-domain stress set,False
FT720P_IIYAMAGB_IPHONE5SB_id9_s0_60.png,1,VALID,0.31835938,1.0556641,-1.5898438,-0.80586886,LCC-FASD external-dev / cross-domain stress set,False
FT720P_IIYAMAGB_IPHONE5SB_id9_s0_75.png,1,VALID,0.16015625,1.2421875,-1.5214844,-1.1431826,LCC-FASD external-dev / cross-domain stress set,False
FT720P_IIYAMAGB_IPHONE5SB_id9_s0_90.png,1,VALID,0.18408203,1.4150391,-1.6650391,-1.275888,LCC-FASD external-dev / cross-domain stress set,False
FT720P_IIYAMAGB_IPHONE5SB_id9_s0_105.png,1,VALID,0.2734375,0.99316406,-1.5019531,-0.7989875,LCC-FASD external-dev / cross-domain stress set,False
FT720P_IIYAMAGB_IPHONE5SB_id9_s0_120.png,1,VALID,0.4284668,1.140625,-1.7705078,-0.7651434,LCC-FASD external-dev / cross-domain stress set,False
FT720P_IIYAMAGB_IPHONE5SB_id9_s0_135.png,1,VALID,0.24694824,1.3349609,-1.71875,-1.1341169,LCC-FASD external-dev / cross-domain stress set,False
FT720P_IIYAMAGB_IPHONE5SB_id9_s0_150.png,1,VALID,0.10369873,1.1679688,-1.4453125,-1.1350021,LCC-FASD external-dev / cross-domain stress set,False
FT720P_MBP1314_IPHONE6F_id0_s0_15.png,1,VALID,1.7402344,-1.7910156,-1.6640625,2.772613,LCC-FASD external-dev / cross-domain stress set,True
FT720P_MBP1314_IPHONE6F_id0_s0_105.png,1,VALID,1.7929688,-1.8798828,-1.6416016,2.8534832,LCC-FASD external-dev / cross-domain stress set,True
FT720P_MBP1314_IPHONE6F_id0_s0_120.png,1,VALID,1.6992188,-1.7246094,-1.6445312,2.6898406,LCC-FASD external-dev / cross-domain stress set,True
FT720P_MBP1314_IPHONE6F_id0_s0_135.png,1,VALID,1.7470703,-1.8212891,-1.6708984,2.7971923,LCC-FASD external-dev / cross-domain stress set,True
FT720P_I2269VWM_DOOX30_id0_s1_60.png,1,VALID,1.5605469,-1.7470703,-1.453125,2.4567356,LCC-FASD external-dev / cross-domain stress set,True
FT720P_I2269VWM_DOOX30_id0_s1_75.png,1,VALID,1.5576172,-1.7773438,-1.4619141,2.471713,LCC-FASD external-dev / cross-domain stress set,True
FT720P_I2269VWM_DOOX30_id0_s1_90.png,1,VALID,1.6455078,-1.7441406,-1.5878906,2.6153276,LCC-FASD external-dev / cross-domain stress set,True
FT720P_I2269VWM_DOOX30_id0_s2_15.png,1,VALID,0.69091797,-0.47558594,-1.1201172,0.7445695,LCC-FASD external-dev / cross-domain stress set,True
FT720P_I2269VWM_DOOX30_id0_s2_30.png,1,VALID,0.1583252,-0.8432617,-0.2788086,-0.013094962,LCC-FASD external-dev / cross-domain stress set,True
FT720P_I2269VWM_DOOX30_id0_s2_45.png,1,VALID,1.4091797,-1.6572266,-1.1298828,2.0752213,LCC-FASD external-dev / cross-domain stress set,True
FT720P_I2269VWM_DOOX30_id0_s2_60.png,1,VALID,1.8398438,-2.1054688,-1.4921875,2.8992293,LCC-FASD external-dev / cross-domain stress set,True
FT720P_I2269VWM_DOOX30_id0_s2_75.png,1,VALID,1.640625,-1.6796875,-1.4658203,2.5145252,LCC-FASD external-dev / cross-domain stress set,True
FT720P_I2269VWM_DOOX30_id0_s2_90.png,1,VALID,1.9794922,-2.078125,-1.7705078,3.1988792,LCC-FASD external-dev / cross-domain stress set,True
FT720P_I2269VWM_DOOX30_id0_s2_105.png,1,VALID,2.0488281,-1.6132812,-2.0097656,3.1476817,LCC-FASD external-dev / cross-domain stress set,True
FT720P_I2269VWM_DOOX30_id0_s2_120.png,1,VALID,1.421875,-1.1230469,-1.6152344,2.0678883,LCC-FASD external-dev / cross-domain stress set,True
FT720P_I2269VWM_DOOX30_id0_s2_135.png,1,VALID,2.0058594,-1.75,-1.828125,3.101012,LCC-FASD external-dev / cross-domain stress set,True
FT720P_I2269VWM_DOOX30_id0_s2_150.png,1,VALID,1.8896484,-1.9511719,-1.6875,3.0071719,LCC-FASD external-dev / cross-domain stress set,True
FT720P_I2269VWM_DOOX30_id0_s3_15.png,1,VALID,-0.11755371,1.96875,-1.9121094,-2.106727,LCC-FASD external-dev / cross-domain stress set,False
FT720P_I2269VWM_DOOX30_id0_s3_42.png,1,VALID,0.10913086,1.5986328,-1.8427734,-1.5210196,LCC-FASD external-dev / cross-domain stress set,False
FT720P_I2269VWM_DOOX30_id0_s3_59.png,1,VALID,-0.84277344,2.5214844,-1.5253906,-3.3815837,LCC-FASD external-dev / cross-domain stress set,False
FT720P_I2269VWM_DOOX30_id0_s3_89.png,1,VALID,-0.3544922,2.3203125,-1.8945312,-2.6894712,LCC-FASD external-dev / cross-domain stress set,False
FT720P_I2269VWM_DOOX30_id0_s3_123.png,1,VALID,-0.52685547,2.0605469,-1.4707031,-2.6162505,LCC-FASD external-dev / cross-domain stress set,False
FT720P_I2269VWM_DOOX30_id0_s3_140.png,1,VALID,-0.640625,2.5117188,-1.6591797,-3.1676643,LCC-FASD external-dev / cross-domain stress set,False
FT720P_I2269VWM_DOOX30_id0_s3_155.png,1,VALID,-0.6557617,2.28125,-1.4355469,-2.9610326,LCC-FASD external-dev / cross-domain stress set,False
FT720P_I2269VWM_DOOX30_id0_s3_170.png,1,VALID,-0.80029297,2.5097656,-1.4257812,-3.3294053,LCC-FASD external-dev / cross-domain stress set,False
FT720P_I2269VWM_DOOX30_id5_s0_15.png,1,VALID,1.3300781,-1.3027344,-1.0810547,1.8226953,LCC-FASD external-dev / cross-domain stress set,True
FT720P_I2269VWM_DOOX30_id5_s0_105.png,1,VALID,1.7744141,-1.7822266,-1.4941406,2.709112,LCC-FASD external-dev / cross-domain stress set,True
FT720P_I2269VWM_DOOX30_id5_s0_120.png,1,VALID,1.78125,-1.734375,-1.4609375,2.6764421,LCC-FASD external-dev / cross-domain stress set,True
FT720P_I2269VWM_DOOX30_id5_s0_135.png,1,VALID,1.5810547,-1.6933594,-1.2490234,2.33462,LCC-FASD external-dev / cross-domain stress set,True
FT720P_I2269VWM_DOOX30_id5_s0_150.png,1,VALID,1.8720703,-1.9951172,-1.5,2.896147,LCC-FASD external-dev / cross-domain stress set,True
FT720P_I2269VWM_DOOX30_id12_s0_15.png,1,VALID,0.89746094,-1.0224609,-0.8330078,1.1275682,LCC-FASD external-dev / cross-domain stress set,True
FT720P_I2269VWM_DOOX30_id12_s0_30.png,1,VALID,1.3193359,-1.8154297,-0.9458008,1.9151089,LCC-FASD external-dev / cross-domain stress set,True
FT720P_I2269VWM_DOOX30_id12_s0_45.png,1,VALID,1.0322266,-1.6865234,-0.6723633,1.3951168,LCC-FASD external-dev / cross-domain stress set,True
FT720P_I2269VWM_DOOX30_id12_s0_60.png,1,VALID,1.0048828,-1.7519531,-0.59716797,1.3281189,LCC-FASD external-dev / cross-domain stress set,True
FT720P_I2269VWM_DOOX30_id12_s0_75.png,1,VALID,1.2304688,-1.8154297,-0.7885742,1.7129332,LCC-FASD external-dev / cross-domain stress set,True
FT720P_I2269VWM_DOOX30_id12_s0_90.png,1,VALID,1.1015625,-1.6679688,-0.7080078,1.4853818,LCC-FASD external-dev / cross-domain stress set,True
FT720P_I2269VWM_DOOX30_id12_s0_105.png,1,VALID,1.2568359,-1.8535156,-0.80322266,1.760076,LCC-FASD external-dev / cross-domain stress set,True
FT720P_I2269VWM_DOOX30_id12_s0_120.png,1,VALID,1.2734375,-1.8828125,-0.7939453,1.7772555,LCC-FASD external-dev / cross-domain stress set,True
FT720P_I2269VWM_DOOX30_id12_s0_135.png,1,VALID,1.5097656,-1.9082031,-1.0615234,2.2144287,LCC-FASD external-dev / cross-domain stress set,True
FT720P_I2269VWM_DOOX30_id12_s0_150.png,1,VALID,1.2480469,-1.7070312,-0.8964844,1.7766885,LCC-FASD external-dev / cross-domain stress set,True
FT720P_I2269VWM_DOOX30_id12_s1_15.png,1,VALID,1.0683594,-1.6806641,-0.6503906,1.4135404,LCC-FASD external-dev / cross-domain stress set,True
FT720P_I2269VWM_DOOX30_id12_s1_30.png,1,VALID,0.8701172,-1.5048828,-0.47583008,1.0404165,LCC-FASD external-dev / cross-domain stress set,True
FT720P_I2269VWM_DOOX30_id12_s1_45.png,1,VALID,1.0957031,-1.4873047,-0.7524414,1.4563923,LCC-FASD external-dev / cross-domain stress set,True
FT720P_I2269VWM_DOOX30_id12_s1_60.png,1,VALID,1.3017578,-1.7431641,-0.96875,1.8914046,LCC-FASD external-dev / cross-domain stress set,True
FT720P_I2269VWM_DOOX30_id12_s1_75.png,1,VALID,1.6611328,-1.9443359,-1.1611328,2.4459271,LCC-FASD external-dev / cross-domain stress set,True
FT720P_I2269VWM_DOOX30_id12_s1_90.png,1,VALID,1.390625,-1.7119141,-0.8833008,1.9116087,LCC-FASD external-dev / cross-domain stress set,True
FT720P_I2269VWM_DOOX30_id12_s1_105.png,1,VALID,1.40625,-1.6181641,-0.9765625,1.9598687,LCC-FASD external-dev / cross-domain stress set,True
FT720P_I2269VWM_DOOX30_id12_s1_120.png,1,VALID,1.515625,-1.8046875,-1.1220703,2.2287078,LCC-FASD external-dev / cross-domain stress set,True
FT720P_I2269VWM_DOOX30_id12_s1_135.png,1,VALID,1.3164062,-1.7451172,-0.8696289,1.8377342,LCC-FASD external-dev / cross-domain stress set,True
FT720P_I2269VWM_DOOX30_id12_s1_150.png,1,VALID,1.2685547,-1.6738281,-0.9013672,1.790202,LCC-FASD external-dev / cross-domain stress set,True
FT720P_I2269VWM_DOOX30_id12_s2_15.png,1,VALID,0.93066406,-0.86035156,-0.9580078,1.145505,LCC-FASD external-dev / cross-domain stress set,True
FT720P_I2269VWM_DOOX30_id12_s2_30.png,1,VALID,1.1572266,-1.7050781,-0.95703125,1.7267598,LCC-FASD external-dev / cross-domain stress set,True
FT720P_I2269VWM_DOOX30_id12_s2_45.png,1,VALID,1.3496094,-1.7324219,-1.1035156,2.0257845,LCC-FASD external-dev / cross-domain stress set,True
FT720P_I2269VWM_DOOX30_id12_s2_60.png,1,VALID,1.6162109,-1.7597656,-1.3115234,2.4338007,LCC-FASD external-dev / cross-domain stress set,True
FT720P_I2269VWM_DOOX30_id12_s2_75.png,1,VALID,1.4951172,-1.7197266,-1.2558594,2.263104,LCC-FASD external-dev / cross-domain stress set,True
FT720P_I2269VWM_DOOX30_id12_s2_90.png,1,VALID,1.3613281,-1.6503906,-1.1337891,2.0272756,LCC-FASD external-dev / cross-domain stress set,True
FT720P_I2269VWM_DOOX30_id12_s2_105.png,1,VALID,1.3896484,-1.7128906,-1.0957031,2.0539203,LCC-FASD external-dev / cross-domain stress set,True
FT720P_I2269VWM_DOOX30_id12_s2_120.png,1,VALID,0.8413086,-1.7050781,-0.5053711,1.0833294,LCC-FASD external-dev / cross-domain stress set,True
FT720P_I2269VWM_DOOX30_id12_s2_135.png,1,VALID,1.3652344,-1.6210938,-1.1142578,2.0079906,LCC-FASD external-dev / cross-domain stress set,True
FT720P_I2269VWM_DOOX30_id12_s2_150.png,1,VALID,1.5341797,-1.6816406,-1.2734375,2.297886,LCC-FASD external-dev / cross-domain stress set,True
FT720P_G780_REDMI4X_id5_s0_15.png,1,VALID,0.61279297,-0.24243164,-0.9951172,0.46921438,LCC-FASD external-dev / cross-domain stress set,True
FT720P_G780_REDMI4X_id5_s0_30.png,1,VALID,0.51660156,-0.05722046,-1.0507812,0.25882447,LCC-FASD external-dev / cross-domain stress set,True
FT720P_G780_REDMI4X_id5_s0_45.png,1,VALID,0.5751953,-0.24938965,-0.98779297,0.43397883,LCC-FASD external-dev / cross-domain stress set,True
FT720P_G780_REDMI4X_id5_s0_60.png,1,VALID,0.69433594,-0.20935059,-1.1347656,0.5698128,LCC-FASD external-dev / cross-domain stress set,True
FT720P_G780_REDMI4X_id5_s0_75.png,1,VALID,0.5834961,-0.00065279007,-1.1582031,0.31087893,LCC-FASD external-dev / cross-domain stress set,True
FT720P_G780_REDMI4X_id5_s0_90.png,1,VALID,0.40161133,0.26538086,-1.1455078,-0.082042366,LCC-FASD external-dev / cross-domain stress set,True
FT720P_G780_REDMI4X_id5_s0_105.png,1,VALID,0.49145508,0.11682129,-1.1455078,0.12543726,LCC-FASD external-dev / cross-domain stress set,True
FT720P_G780_REDMI4X_id5_s0_120.png,1,VALID,0.72216797,-0.14648438,-1.1806641,0.56446874,LCC-FASD external-dev / cross-domain stress set,True
FT720P_G780_REDMI4X_id5_s0_135.png,1,VALID,0.8334961,-0.3762207,-1.1738281,0.8378737,LCC-FASD external-dev / cross-domain stress set,True
FT720P_G780_REDMI4X_id5_s0_150.png,1,VALID,0.8691406,-0.3972168,-1.2216797,0.9027771,LCC-FASD external-dev / cross-domain stress set,True
FT720P_G780_REDMI4X_id9_s0_15.png,1,VALID,-0.8310547,0.6557617,-0.21325684,-1.8370245,LCC-FASD external-dev / cross-domain stress set,False
FT720P_G780_REDMI4X_id9_s0_30.png,1,VALID,-0.90527344,1.2548828,-0.46850586,-2.3243651,LCC-FASD external-dev / cross-domain stress set,False
FT720P_G780_REDMI4X_id9_s0_45.png,1,VALID,-1.2939453,1.4648438,-0.19750977,-2.9324837,LCC-FASD external-dev / cross-domain stress set,False
FT720P_G780_REDMI4X_id9_s0_60.png,1,VALID,-0.7441406,1.0361328,-0.40307617,-1.9930557,LCC-FASD external-dev / cross-domain stress set,False
FT720P_G780_REDMI4X_id9_s0_75.png,1,VALID,-0.6171875,0.99316406,-0.5703125,-1.8004816,LCC-FASD external-dev / cross-domain stress set,False
FT720P_G780_REDMI4X_id9_s0_90.png,1,VALID,-1.0361328,1.4609375,-0.47387695,-2.6319954,LCC-FASD external-dev / cross-domain stress set,False
FT720P_G780_REDMI4X_id9_s0_105.png,1,VALID,-0.82666016,0.85058594,-0.23571777,-1.9680196,LCC-FASD external-dev / cross-domain stress set,False
FT720P_G780_REDMI4X_id9_s0_120.png,1,VALID,-1.078125,1.1083984,-0.1694336,-2.432321,LCC-FASD external-dev / cross-domain stress set,False
FT720P_G780_REDMI4X_id9_s0_135.png,1,VALID,-1.1132812,1.3076172,-0.2849121,-2.6060581,LCC-FASD external-dev / cross-domain stress set,False
FT720P_G780_REDMI4X_id9_s0_150.png,1,VALID,-0.64501953,0.57373047,-0.21618652,-1.5929875,LCC-FASD external-dev / cross-domain stress set,False
FT720P_G780_REDMI4X_id12_s1_15.png,1,VALID,0.44433594,0.3310547,-1.3730469,-0.053872347,LCC-FASD external-dev / cross-domain stress set,True
FT720P_G780_REDMI4X_id12_s1_30.png,1,VALID,0.57470703,0.053955078,-1.3935547,0.3095554,LCC-FASD external-dev / cross-domain stress set,True
FT720P_G780_REDMI4X_id12_s1_45.png,1,VALID,0.30859375,0.4038086,-1.2861328,-0.26456124,LCC-FASD external-dev / cross-domain stress set,True
FT720P_G780_REDMI4X_id12_s1_60.png,1,VALID,0.35131836,0.6972656,-1.4462891,-0.45680624,LCC-FASD external-dev / cross-domain stress set,True
FT720P_G780_REDMI4X_id12_s1_75.png,1,VALID,0.1529541,0.6826172,-1.2714844,-0.66217417,LCC-FASD external-dev / cross-domain stress set,False
FT720P_G780_REDMI4X_id12_s1_90.png,1,VALID,0.45141602,0.12133789,-1.2529297,0.10451764,LCC-FASD external-dev / cross-domain stress set,True
FT720P_G780_REDMI4X_id12_s1_120.png,1,VALID,0.35595703,0.38964844,-1.3320312,-0.19815922,LCC-FASD external-dev / cross-domain stress set,True
FT720P_G780_REDMI4X_id12_s1_135.png,1,VALID,0.32836914,0.43579102,-1.3046875,-0.26906145,LCC-FASD external-dev / cross-domain stress set,True
FT720P_G780_REDMI4X_id12_s1_150.png,1,VALID,0.5385742,0.02772522,-1.2402344,0.2628917,LCC-FASD external-dev / cross-domain stress set,True
FT720P_G780_REDMI4X_id12_s2_15.png,1,VALID,-0.3232422,0.59814453,-0.8076172,-1.140667,LCC-FASD external-dev / cross-domain stress set,False
FT720P_G780_REDMI4X_id12_s2_30.png,1,VALID,-0.3701172,0.7006836,-0.8183594,-1.2687671,LCC-FASD external-dev / cross-domain stress set,False
FT720P_G780_REDMI4X_id12_s2_45.png,1,VALID,-0.52001953,1.015625,-0.8769531,-1.676,LCC-FASD external-dev / cross-domain stress set,False
FT720P_G780_REDMI4X_id12_s2_60.png,1,VALID,-0.60009766,1.0810547,-0.81884766,-1.8205518,LCC-FASD external-dev / cross-domain stress set,False
FT720P_G780_REDMI4X_id12_s2_75.png,1,VALID,-0.46923828,0.93115234,-0.85839844,-1.5548571,LCC-FASD external-dev / cross-domain stress set,False
FT720P_G780_REDMI4X_id12_s2_90.png,1,VALID,-0.40478516,0.85595703,-0.88623047,-1.4221268,LCC-FASD external-dev / cross-domain stress set,False
FT720P_G780_REDMI4X_id12_s2_105.png,1,VALID,-0.4831543,0.87109375,-0.79296875,-1.5276703,LCC-FASD external-dev / cross-domain stress set,False
FT720P_G780_REDMI4X_id12_s2_120.png,1,VALID,-0.3815918,0.71533203,-0.85302734,-1.2862101,LCC-FASD external-dev / cross-domain stress set,False
FT720P_G780_REDMI4X_id12_s2_135.png,1,VALID,-0.5732422,1.0224609,-0.82177734,-1.7425234,LCC-FASD external-dev / cross-domain stress set,False
FT720P_G780_REDMI4X_id12_s2_150.png,1,VALID,-0.4572754,0.9165039,-0.8232422,-1.5355282,LCC-FASD external-dev / cross-domain stress set,False
FT720P_I2269VWM_DOOX30_id0_s0_15.png,1,VALID,1.5117188,-1.7607422,-1.4746094,2.426048,LCC-FASD external-dev / cross-domain stress set,True
FT720P_I2269VWM_DOOX30_id0_s0_30.png,1,VALID,1.6552734,-1.6582031,-1.6376953,2.610023,LCC-FASD external-dev / cross-domain stress set,True
FT720P_I2269VWM_DOOX30_id0_s0_45.png,1,VALID,1.7880859,-1.8427734,-1.6972656,2.862314,LCC-FASD external-dev / cross-domain stress set,True
FT720P_I2269VWM_DOOX30_id0_s0_60.png,1,VALID,1.7802734,-1.8105469,-1.7119141,2.8471413,LCC-FASD external-dev / cross-domain stress set,True
FT720P_I2269VWM_DOOX30_id0_s0_75.png,1,VALID,1.7724609,-2.0351562,-1.6777344,2.9198747,LCC-FASD external-dev / cross-domain stress set,True
FT720P_I2269VWM_DOOX30_id0_s0_90.png,1,VALID,1.8203125,-1.90625,-1.6992188,2.9245515,LCC-FASD external-dev / cross-domain stress set,True
FT720P_I2269VWM_DOOX30_id0_s0_105.png,1,VALID,1.5849609,-1.7128906,-1.5595703,2.5251088,LCC-FASD external-dev / cross-domain stress set,True
FT720P_I2269VWM_DOOX30_id0_s0_120.png,1,VALID,1.8046875,-1.7509766,-1.7080078,2.8408017,LCC-FASD external-dev / cross-domain stress set,True
FT720P_I2269VWM_DOOX30_id0_s0_135.png,1,VALID,1.7480469,-1.4492188,-1.8554688,2.6867537,LCC-FASD external-dev / cross-domain stress set,True
FT720P_I2269VWM_DOOX30_id0_s0_150.png,1,VALID,1.5878906,-1.7236328,-1.5771484,2.5424542,LCC-FASD external-dev / cross-domain stress set,True
FT720P_I2269VWM_DOOX30_id0_s1_15.png,1,VALID,1.4326172,-1.5830078,-1.3691406,2.2098377,LCC-FASD external-dev / cross-domain stress set,True
FT720P_I2269VWM_DOOX30_id0_s1_30.png,1,VALID,1.3457031,-1.7783203,-1.1845703,2.0905662,LCC-FASD external-dev / cross-domain stress set,True
FT720P_I2269VWM_DOOX30_id0_s1_45.png,1,VALID,1.5253906,-1.6953125,-1.4589844,2.4024267,LCC-FASD external-dev / cross-domain stress set,True
FT720P_I2269VWM_DOOX30_id0_s1_105.png,1,VALID,1.4707031,-1.7177734,-1.3583984,2.2995842,LCC-FASD external-dev / cross-domain stress set,True
FT720P_I2269VWM_DOOX30_id0_s1_120.png,1,VALID,1.6015625,-1.8525391,-1.4609375,2.5461059,LCC-FASD external-dev / cross-domain stress set,True
FT720P_I2269VWM_DOOX30_id0_s1_135.png,1,VALID,1.5585938,-1.8037109,-1.4638672,2.4848678,LCC-FASD external-dev / cross-domain stress set,True
FT720P_I2269VWM_DOOX30_id0_s1_150.png,1,VALID,1.7441406,-1.9912109,-1.5605469,2.8038654,LCC-FASD external-dev / cross-domain stress set,True
FT720P_G780_REDMI4X_id0_s0_15.png,1,VALID,1.2939453,-1.2792969,-1.3007812,1.8907795,LCC-FASD external-dev / cross-domain stress set,True
FT720P_G780_REDMI4X_id0_s0_30.png,1,VALID,1.1679688,-0.9975586,-1.3291016,1.624474,LCC-FASD external-dev / cross-domain stress set,True
FT720P_G780_REDMI4X_id0_s0_45.png,1,VALID,1.2539062,-1.4101562,-1.1337891,1.8232145,LCC-FASD external-dev / cross-domain stress set,True
FT720P_G780_REDMI4X_id0_s0_60.png,1,VALID,1.1181641,-1.0761719,-1.1738281,1.5488253,LCC-FASD external-dev / cross-domain stress set,True
FT720P_G780_REDMI4X_id0_s0_75.png,1,VALID,1.1064453,-0.9584961,-1.2314453,1.4989848,LCC-FASD external-dev / cross-domain stress set,True
FT720P_G780_REDMI4X_id0_s0_90.png,1,VALID,1.2236328,-1.3232422,-1.0986328,1.7351302,LCC-FASD external-dev / cross-domain stress set,True
FT720P_G780_REDMI4X_id0_s0_105.png,1,VALID,1.2011719,-1.203125,-1.1943359,1.7067455,LCC-FASD external-dev / cross-domain stress set,True
FT720P_G780_REDMI4X_id0_s0_120.png,1,VALID,1.3847656,-1.2880859,-1.3417969,2.0061994,LCC-FASD external-dev / cross-domain stress set,True
FT720P_G780_REDMI4X_id0_s0_135.png,1,VALID,1.3623047,-1.3164062,-1.3232422,1.9889759,LCC-FASD external-dev / cross-domain stress set,True
FT720P_G780_REDMI4X_id0_s0_150.png,1,VALID,1.3574219,-1.2275391,-1.3486328,1.9505289,LCC-FASD external-dev / cross-domain stress set,True
FT720P_G780_REDMI4X_id0_s1_15.png,1,VALID,1.234375,-0.8823242,-1.4589844,1.6708785,LCC-FASD external-dev / cross-domain stress set,True
FT720P_G780_REDMI4X_id0_s1_30.png,1,VALID,0.9814453,-0.51220703,-1.4316406,1.158077,LCC-FASD external-dev / cross-domain stress set,True
FT720P_G780_REDMI4X_id0_s1_45.png,1,VALID,0.94677734,-0.51660156,-1.3320312,1.0970364,LCC-FASD external-dev / cross-domain stress set,True
FT720P_G780_REDMI4X_id0_s1_60.png,1,VALID,1.1816406,-0.9116211,-1.3603516,1.5995183,LCC-FASD external-dev / cross-domain stress set,True
FT720P_G780_REDMI4X_id0_s1_75.png,1,VALID,1.0341797,-0.62158203,-1.3623047,1.265905,LCC-FASD external-dev / cross-domain stress set,True
FT720P_G780_REDMI4X_id0_s1_90.png,1,VALID,0.91796875,-0.5625,-1.2978516,1.0888748,LCC-FASD external-dev / cross-domain stress set,True
FT720P_G780_REDMI4X_id0_s1_105.png,1,VALID,0.9526367,-0.52978516,-1.359375,1.1204015,LCC-FASD external-dev / cross-domain stress set,True
FT720P_G780_REDMI4X_id0_s1_120.png,1,VALID,0.8408203,-0.5473633,-1.2275391,0.97837603,LCC-FASD external-dev / cross-domain stress set,True
FT720P_G780_REDMI4X_id0_s1_135.png,1,VALID,0.8808594,-0.34228516,-1.4208984,0.93042505,LCC-FASD external-dev / cross-domain stress set,True
FT720P_G780_REDMI4X_id0_s1_150.png,1,VALID,0.8046875,-0.32055664,-1.3046875,0.8076898,LCC-FASD external-dev / cross-domain stress set,True
FT720P_G780_REDMI4X_id0_s2_15.png,1,VALID,0.6411133,-0.7373047,-0.8598633,0.74467367,LCC-FASD external-dev / cross-domain stress set,True
FT720P_G780_REDMI4X_id0_s2_30.png,1,VALID,0.09814453,0.17382812,-0.91748047,-0.3651966,LCC-FASD external-dev / cross-domain stress set,True
FT720P_G780_REDMI4X_id0_s2_45.png,1,VALID,0.1940918,0.20275879,-0.9580078,-0.28116894,LCC-FASD external-dev / cross-domain stress set,True
FT720P_G780_REDMI4X_id0_s2_60.png,1,VALID,0.14685059,0.1105957,-0.9902344,-0.25087318,LCC-FASD external-dev / cross-domain stress set,True
FT720P_G780_REDMI4X_id0_s2_75.png,1,VALID,0.28222656,-0.16870117,-0.94970703,0.073899746,LCC-FASD external-dev / cross-domain stress set,True
FT720P_G780_REDMI4X_id0_s2_90.png,1,VALID,0.30908203,-0.049682617,-1.0625,0.048934013,LCC-FASD external-dev / cross-domain stress set,True
FT720P_G780_REDMI4X_id0_s2_105.png,1,VALID,-0.16723633,0.5595703,-0.91503906,-0.9329002,LCC-FASD external-dev / cross-domain stress set,False
FT720P_G780_REDMI4X_id0_s2_120.png,1,VALID,-0.27905273,0.2442627,-0.58935547,-0.884114,LCC-FASD external-dev / cross-domain stress set,False
FT720P_G780_REDMI4X_id0_s2_135.png,1,VALID,-0.16442871,0.3762207,-0.8251953,-0.80360425,LCC-FASD external-dev / cross-domain stress set,False
FT720P_G780_REDMI4X_id0_s2_150.png,1,VALID,-0.0546875,0.44726562,-0.9116211,-0.7306386,LCC-FASD external-dev / cross-domain stress set,False
FT720P_G780_REDMI4X_id0_s3_15.png,1,VALID,0.022262573,0.87109375,-1.3066406,-0.9561579,LCC-FASD external-dev / cross-domain stress set,False
FT720P_G780_REDMI4X_id0_s3_30.png,1,VALID,-0.17834473,1.4179688,-1.4335938,-1.6524613,LCC-FASD external-dev / cross-domain stress set,False
FT720P_G780_REDMI4X_id0_s3_45.png,1,VALID,-0.16040039,1.2861328,-1.3427734,-1.516206,LCC-FASD external-dev / cross-domain stress set,False
FT720P_G780_REDMI4X_id0_s3_60.png,1,VALID,-0.40478516,1.4648438,-1.1767578,-1.9384524,LCC-FASD external-dev / cross-domain stress set,False
FT720P_G780_REDMI4X_id0_s3_75.png,1,VALID,-0.26757812,1.2988281,-1.2304688,-1.6431034,LCC-FASD external-dev / cross-domain stress set,False
FT720P_G780_REDMI4X_id0_s3_90.png,1,VALID,-0.42822266,1.5205078,-1.1933594,-2.0129066,LCC-FASD external-dev / cross-domain stress set,False
FT720P_G780_REDMI4X_id0_s3_105.png,1,VALID,-0.48266602,1.5292969,-1.1542969,-2.0780475,LCC-FASD external-dev / cross-domain stress set,False
FT720P_G780_REDMI4X_id0_s3_120.png,1,VALID,-0.21081543,1.3642578,-1.2861328,-1.6433146,LCC-FASD external-dev / cross-domain stress set,False
FT720P_G780_REDMI4X_id0_s3_135.png,1,VALID,-0.40649414,1.3720703,-1.1328125,-1.8570846,LCC-FASD external-dev / cross-domain stress set,False
FT720P_G780_REDMI4X_id0_s3_150.png,1,VALID,-0.8027344,1.6230469,-0.90185547,-2.5028033,LCC-FASD external-dev / cross-domain stress set,False
FT720P_G780_REDMI4X_id12_s0_15.png,1,VALID,-0.7421875,1.3056641,-0.8027344,-2.1624584,LCC-FASD external-dev / cross-domain stress set,False
FT720P_G780_REDMI4X_id12_s0_30.png,1,VALID,-0.74902344,1.2226562,-0.7114258,-2.106697,LCC-FASD external-dev / cross-domain stress set,False
FT720P_G780_REDMI4X_id12_s0_45.png,1,VALID,-0.71533203,1.2021484,-0.71777344,-2.0542974,LCC-FASD external-dev / cross-domain stress set,False
FT720P_G780_REDMI4X_id12_s0_60.png,1,VALID,-0.8364258,1.2685547,-0.6347656,-2.243936,LCC-FASD external-dev / cross-domain stress set,False
FT720P_G780_REDMI4X_id12_s0_75.png,1,VALID,-0.66064453,1.1181641,-0.71728516,-1.9268335,LCC-FASD external-dev / cross-domain stress set,False
FT720P_G780_REDMI4X_id12_s0_90.png,1,VALID,-0.37426758,0.67626953,-0.70410156,-1.2748681,LCC-FASD external-dev / cross-domain stress set,False
FT720P_G780_REDMI4X_id12_s0_105.png,1,VALID,-0.515625,0.8955078,-0.7236328,-1.5918438,LCC-FASD external-dev / cross-domain stress set,False
FT720P_G780_REDMI4X_id12_s0_120.png,1,VALID,-0.46142578,0.92285156,-0.7910156,-1.5499339,LCC-FASD external-dev / cross-domain stress set,False
FT720P_G780_REDMI4X_id12_s0_135.png,1,VALID,-0.49365234,0.8066406,-0.6533203,-1.509131,LCC-FASD external-dev / cross-domain stress set,False
FT720P_G780_REDMI4X_id12_s0_150.png,1,VALID,-0.41992188,0.84033203,-0.796875,-1.4380006,LCC-FASD external-dev / cross-domain stress set,False
FT720P_G780_REDMI4X_id12_s1_105.png,1,VALID,0.5917969,0.05102539,-1.3769531,0.3258269,LCC-FASD external-dev / cross-domain stress set,True
YOUTUBE_VX2363SMHL_LGL90_id48_s1_60.png,1,VALID,0.72314453,-1.2666016,-0.8774414,1.0832064,LCC-FASD external-dev / cross-domain stress set,True
YOUTUBE_VX2363SMHL_LGL90_id48_s1_75.png,1,VALID,0.03152466,-1.5322266,0.15966797,-0.29718563,LCC-FASD external-dev / cross-domain stress set,True
YOUTUBE_VX2363SMHL_LGL90_id48_s1_90.png,1,VALID,0.45532227,-1.1611328,-0.64208984,0.6304821,LCC-FASD external-dev / cross-domain stress set,True
YOUTUBE_TP300LA_SGS7E_id48_s1_30.png,1,VALID,-0.79248047,0.18237305,-0.0044174194,-1.5789604,LCC-FASD external-dev / cross-domain stress set,False
