path,label,status,logit_real,logit_physical,logit_digital,pad_logit_score,dataset_role,locked_logit_threshold,pred_real,correct_binary
YOUTUBE_id43_s0_105.png,0,VALID,1.4296875,-1.0654297,0.00957489,1.1264762,LCC-FASD external-dev / cross-domain stress set,-0.6198028028011322,1.0,1.0
YOUTUBE_id43_s0_124.png,0,VALID,0.19555664,-0.6459961,0.64990234,-0.6962339,LCC-FASD external-dev / cross-domain stress set,-0.6198028028011322,0.0,0.0
YOUTUBE_id43_s0_139.png,0,VALID,1.7275391,-1.3017578,-0.083740234,1.5521387,LCC-FASD external-dev / cross-domain stress set,-0.6198028028011322,1.0,1.0
YOUTUBE_id43_s0_154.png,0,VALID,1.9326172,-1.3730469,-0.17602539,1.8446698,LCC-FASD external-dev / cross-domain stress set,-0.6198028028011322,1.0,1.0
YOUTUBE_id43_s1_15.png,0,VALID,1.2060547,-0.087890625,-1.0019531,0.956836,LCC-FASD external-dev / cross-domain stress set,-0.6198028028011322,1.0,1.0
YOUTUBE_id43_s1_30.png,0,VALID,1.734375,-0.24804688,-1.2939453,1.6812985,LCC-FASD external-dev / cross-domain stress set,-0.6198028028011322,1.0,1.0
YOUTUBE_id43_s1_45.png,0,VALID,1.7783203,-0.048797607,-1.6542969,1.6441388,LCC-FASD external-dev / cross-domain stress set,-0.6198028028011322,1.0,1.0
YOUTUBE_id43_s1_60.png,0,VALID,1.7714844,-0.14575195,-1.4648438,1.680286,LCC-FASD external-dev / cross-domain stress set,-0.6198028028011322,1.0,1.0
YOUTUBE_id43_s1_75.png,0,VALID,2.0253906,-0.6953125,-0.98291016,2.1610513,LCC-FASD external-dev / cross-domain stress set,-0.6198028028011322,1.0,1.0
YOUTUBE_id43_s1_90.png,0,VALID,0.91552734,0.10083008,-0.8432617,0.48608965,LCC-FASD external-dev / cross-domain stress set,-0.6198028028011322,1.0,1.0
YOUTUBE_id43_s1_105.png,0,VALID,1.5400391,0.27026367,-1.4570312,1.1061571,LCC-FASD external-dev / cross-domain stress set,-0.6198028028011322,1.0,1.0
YOUTUBE_id43_s1_120.png,0,VALID,1.0068359,0.25,-0.99902344,0.5046892,LCC-FASD external-dev / cross-domain stress set,-0.6198028028011322,1.0,1.0
YOUTUBE_id43_s1_135.png,0,VALID,0.78466797,0.63916016,-1.2041016,-0.0014458299,LCC-FASD external-dev / cross-domain stress set,-0.6198028028011322,1.0,1.0
YOUTUBE_id43_s1_150.png,0,VALID,1.3867188,-0.1307373,-1.0771484,1.1894975,LCC-FASD external-dev / cross-domain stress set,-0.6198028028011322,1.0,1.0
YOUTUBE_id48_s0_15.png,0,VALID,1.5097656,-0.18457031,-1.1621094,1.3749838,LCC-FASD external-dev / cross-domain stress set,-0.6198028028011322,1.0,1.0
YOUTUBE_id48_s0_30.png,0,VALID,0.9682617,0.9013672,-1.7080078,-0.004104793,LCC-FASD external-dev / cross-domain stress set,-0.6198028028011322,1.0,1.0
YOUTUBE_id48_s0_45.png,0,VALID,0.19299316,0.5410156,-0.67285156,-0.6081121,LCC-FASD external-dev / cross-domain stress set,-0.6198028028011322,1.0,1.0
YOUTUBE_id48_s0_60.png,0,VALID,1.0498047,-0.26831055,-0.65478516,0.79965013,LCC-FASD external-dev / cross-domain stress set,-0.6198028028011322,1.0,1.0
YOUTUBE_id48_s0_75.png,0,VALID,1.9199219,-0.7626953,-0.9716797,2.088513,LCC-FASD external-dev / cross-domain stress set,-0.6198028028011322,1.0,1.0
YOUTUBE_id48_s0_90.png,0,VALID,1.9433594,-0.44262695,-1.4394531,2.07187,LCC-FASD external-dev / cross-domain stress set,-0.6198028028011322,1.0,1.0
YOUTUBE_id48_s0_105.png,0,VALID,1.5976562,0.20959473,-1.703125,1.2503207,LCC-FASD external-dev / cross-domain stress set,-0.6198028028011322,1.0,1.0
YOUTUBE_id48_s0_120.png,0,VALID,0.76904297,0.94384766,-1.4443359,-0.26262903,LCC-FASD external-dev / cross-domain stress set,-0.6198028028011322,1.0,1.0
YOUTUBE_id48_s0_135.png,0,VALID,2.3398438,-0.7001953,-1.5097656,2.6718955,LCC-FASD external-dev / cross-domain stress set,-0.6198028028011322,1.0,1.0
YOUTUBE_id48_s0_150.png,0,VALID,1.5849609,0.16223145,-1.5244141,1.2528689,LCC-FASD external-dev / cross-domain stress set,-0.6198028028011322,1.0,1.0
YOUTUBE_id48_s1_15.png,0,VALID,-0.039398193,0.037231445,0.022857666,-0.76261574,LCC-FASD external-dev / cross-domain stress set,-0.6198028028011322,0.0,0.0
YOUTUBE_id48_s1_30.png,0,VALID,0.9199219,-0.5078125,-0.43896484,0.699571,LCC-FASD external-dev / cross-domain stress set,-0.6198028028011322,1.0,1.0
YOUTUBE_id48_s1_45.png,0,VALID,1.4277344,-1.1962891,-0.14343262,1.2718482,LCC-FASD external-dev / cross-domain stress set,-0.6198028028011322,1.0,1.0
YOUTUBE_id48_s1_60.png,0,VALID,1.3642578,-0.99560547,-0.22827148,1.2111868,LCC-FASD external-dev / cross-domain stress set,-0.6198028028011322,1.0,1.0
YOUTUBE_id48_s1_75.png,0,VALID,0.4169922,-0.072021484,-0.33447266,-0.08149338,LCC-FASD external-dev / cross-domain stress set,-0.6198028028011322,1.0,1.0
YOUTUBE_id48_s1_90.png,0,VALID,1.7919922,-1.6289062,0.09893799,1.5295188,LCC-FASD external-dev / cross-domain stress set,-0.6198028028011322,1.0,1.0
YOUTUBE_id48_s1_105.png,0,VALID,0.8544922,-0.5673828,-0.1895752,0.5220868,LCC-FASD external-dev / cross-domain stress set,-0.6198028028011322,1.0,1.0
YOUTUBE_id48_s1_124.png,0,VALID,0.8588867,-0.58935547,-0.19543457,0.53886193,LCC-FASD external-dev / cross-domain stress set,-0.6198028028011322,1.0,1.0
YOUTUBE_id48_s1_139.png,0,VALID,1.421875,-0.96875,-0.36767578,1.3524433,LCC-FASD external-dev / cross-domain stress set,-0.6198028028011322,1.0,1.0
YOUTUBE_id48_s1_154.png,0,VALID,0.89453125,-0.62402344,-0.10461426,0.5323521,LCC-FASD external-dev / cross-domain stress set,-0.6198028028011322,1.0,1.0
YOUTUBE_id48_s2_108.png,0,VALID,0.26049805,0.85546875,-1.1728516,-0.7185646,LCC-FASD external-dev / cross-domain stress set,-0.6198028028011322,0.0,0.0
YOUTUBE_id48_s2_123.png,0,VALID,0.96972656,0.064453125,-0.7451172,0.53713,LCC-FASD external-dev / cross-domain stress set,-0.6198028028011322,1.0,1.0
YOUTUBE_id29_s0_15.png,0,VALID,0.5410156,0.21960449,-0.5913086,-0.04631889,LCC-FASD external-dev / cross-domain stress set,-0.6198028028011322,1.0,1.0
YOUTUBE_id29_s0_30.png,0,VALID,0.5932617,0.07489014,-0.4975586,0.071034014,LCC-FASD external-dev / cross-domain stress set,-0.6198028028011322,1.0,1.0
YOUTUBE_id29_s0_45.png,0,VALID,0.9692383,-0.2512207,-0.5029297,0.6452674,LCC-FASD external-dev / cross-domain stress set,-0.6198028028011322,1.0,1.0
YOUTUBE_id29_s0_60.png,0,VALID,1.3496094,-0.10675049,-0.9584961,1.1010172,LCC-FASD external-dev / cross-domain stress set,-0.6198028028011322,1.0,1.0
YOUTUBE_id29_s0_75.png,0,VALID,1.1708984,-0.032836914,-0.86328125,0.84197444,LCC-FASD external-dev / cross-domain stress set,-0.6198028028011322,1.0,1.0
YOUTUBE_id29_s0_90.png,0,VALID,0.8647461,-0.3395996,-0.24121094,0.46079463,LCC-FASD external-dev / cross-domain stress set,-0.6198028028011322,1.0,1.0
YOUTUBE_id29_s0_105.png,0,VALID,0.6870117,-0.22387695,-0.18786621,0.19957405,LCC-FASD external-dev / cross-domain stress set,-0.6198028028011322,1.0,1.0
YOUTUBE_id29_s0_120.png,0,VALID,1.2138672,-0.50634766,-0.49291992,1.0203313,LCC-FASD external-dev / cross-domain stress set,-0.6198028028011322,1.0,1.0
YOUTUBE_id29_s0_135.png,0,VALID,0.8017578,-0.13391113,-0.43676758,0.38252825,LCC-FASD external-dev / cross-domain stress set,-0.6198028028011322,1.0,1.0
YOUTUBE_id39_s0_15.png,0,VALID,0.8417969,-0.5444336,0.21435547,0.24338174,LCC-FASD external-dev / cross-domain stress set,-0.6198028028011322,1.0,1.0
YOUTUBE_id39_s0_30.png,0,VALID,0.98095703,-0.2578125,-0.25048828,0.54195356,LCC-FASD external-dev / cross-domain stress set,-0.6198028028011322,1.0,1.0
YOUTUBE_id39_s0_47.png,0,VALID,-0.18615723,0.63134766,-0.43432617,-1.1135238,LCC-FASD external-dev / cross-domain stress set,-0.6198028028011322,0.0,0.0
YOUTUBE_id39_s0_62.png,0,VALID,-0.13574219,0.36669922,-0.10882568,-0.98582923,LCC-FASD external-dev / cross-domain stress set,-0.6198028028011322,0.0,0.0
YOUTUBE_id39_s0_80.png,0,VALID,0.7714844,-0.61572266,0.42358398,0.045058966,LCC-FASD external-dev / cross-domain stress set,-0.6198028028011322,1.0,1.0
YOUTUBE_id39_s0_95.png,0,VALID,0.42895508,0.119628906,-0.2788086,-0.20431644,LCC-FASD external-dev / cross-domain stress set,-0.6198028028011322,1.0,1.0
YOUTUBE_id39_s1_15.png,0,VALID,1.6005859,0.13012695,-1.4472656,1.2827246,LCC-FASD external-dev / cross-domain stress set,-0.6198028028011322,1.0,1.0
YOUTUBE_id39_s1_30.png,0,VALID,1.1347656,0.081604004,-0.9301758,0.7430544,LCC-FASD external-dev / cross-domain stress set,-0.6198028028011322,1.0,1.0
YOUTUBE_id39_s1_45.png,0,VALID,1.8222656,-0.0703125,-1.4277344,1.663593,LCC-FASD external-dev / cross-domain stress set,-0.6198028028011322,1.0,1.0
YOUTUBE_id39_s1_60.png,0,VALID,1.84375,0.17797852,-1.6464844,1.5162277,LCC-FASD external-dev / cross-domain stress set,-0.6198028028011322,1.0,1.0
YOUTUBE_id39_s1_75.png,0,VALID,1.1679688,0.3100586,-1.4082031,0.69292325,LCC-FASD external-dev / cross-domain stress set,-0.6198028028011322,1.0,1.0
YOUTUBE_id39_s1_91.png,0,VALID,1.9511719,-0.5654297,-1.0908203,2.0520349,LCC-FASD external-dev / cross-domain stress set,-0.6198028028011322,1.0,1.0
YOUTUBE_id39_s1_106.png,0,VALID,1.6923828,-0.11633301,-1.1728516,1.5103431,LCC-FASD external-dev / cross-domain stress set,-0.6198028028011322,1.0,1.0
YOUTUBE_id39_s1_121.png,0,VALID,1.5976562,0.18969727,-1.4521484,1.2309663,LCC-FASD external-dev / cross-domain stress set,-0.6198028028011322,1.0,1.0
YOUTUBE_id39_s1_136.png,0,VALID,1.1904297,0.30981445,-1.2216797,0.6848738,LCC-FASD external-dev / cross-domain stress set,-0.6198028028011322,1.0,1.0
YOUTUBE_id39_s1_151.png,0,VALID,1.9160156,-0.14746094,-1.3945312,1.8108943,LCC-FASD external-dev / cross-domain stress set,-0.6198028028011322,1.0,1.0
YOUTUBE_id42_s0_15.png,0,VALID,2.234375,-0.9272461,-1.1367188,2.5677354,LCC-FASD external-dev / cross-domain stress set,-0.6198028028011322,1.0,1.0
YOUTUBE_id42_s0_30.png,0,VALID,2.1015625,-0.8334961,-1.03125,2.335908,LCC-FASD external-dev / cross-domain stress set,-0.6198028028011322,1.0,1.0
YOUTUBE_id42_s0_105.png,0,VALID,1.875,-0.6660156,-1.0712891,2.0301132,LCC-FASD external-dev / cross-domain stress set,-0.6198028028011322,1.0,1.0
YOUTUBE_id42_s0_120.png,0,VALID,1.7304688,-0.5283203,-1.1367188,1.824269,LCC-FASD external-dev / cross-domain stress set,-0.6198028028011322,1.0,1.0
YOUTUBE_id42_s0_135.png,0,VALID,1.1123047,-0.43798828,-0.51171875,0.89333165,LCC-FASD external-dev / cross-domain stress set,-0.6198028028011322,1.0,1.0
YOUTUBE_id42_s0_150.png,0,VALID,2.1972656,-0.79248047,-1.3378906,2.5325718,LCC-FASD external-dev / cross-domain stress set,-0.6198028028011322,1.0,1.0
YOUTUBE_id123_s0_15.png,0,VALID,1.1572266,0.3894043,-1.4912109,0.62589204,LCC-FASD external-dev / cross-domain stress set,-0.6198028028011322,1.0,1.0
YOUTUBE_id123_s0_30.png,0,VALID,0.8125,0.81396484,-1.4980469,-0.095921695,LCC-FASD external-dev / cross-domain stress set,-0.6198028028011322,1.0,1.0
YOUTUBE_id123_s0_45.png,0,VALID,0.64160156,0.8623047,-1.3115234,-0.3284281,LCC-FASD external-dev / cross-domain stress set,-0.6198028028011322,1.0,1.0
YOUTUBE_id123_s0_60.png,0,VALID,0.64453125,1.0878906,-1.5058594,-0.51543736,LCC-FASD external-dev / cross-domain stress set,-0.6198028028011322,1.0,1.0
YOUTUBE_id123_s0_75.png,0,VALID,1.4912109,-0.120910645,-1.2890625,1.3413763,LCC-FASD external-dev / cross-domain stress set,-0.6198028028011322,1.0,1.0
YOUTUBE_id123_s0_90.png,0,VALID,1.2587891,-0.1430664,-1.0126953,1.0518277,LCC-FASD external-dev / cross-domain stress set,-0.6198028028011322,1.0,1.0
YOUTUBE_id123_s0_120.png,0,VALID,0.56591797,-0.022644043,-0.5058594,0.10811499,LCC-FASD external-dev / cross-domain stress set,-0.6198028028011322,1.0,1.0
YOUTUBE_id123_s0_135.png,0,VALID,0.3046875,0.8071289,-0.9243164,-0.66543436,LCC-FASD external-dev / cross-domain stress set,-0.6198028028011322,0.0,0.0
YOUTUBE_id123_s0_150.png,0,VALID,0.19104004,0.72314453,-0.78564453,-0.73192024,LCC-FASD external-dev / cross-domain stress set,-0.6198028028011322,0.0,0.0
YOUTUBE_id124_s0_15.png,0,VALID,0.74365234,0.023666382,-0.4807129,0.24756008,LCC-FASD external-dev / cross-domain stress set,-0.6198028028011322,1.0,1.0
YOUTUBE_id124_s0_30.png,0,VALID,0.90478516,-0.10772705,-0.54052734,0.51253116,LCC-FASD external-dev / cross-domain stress set,-0.6198028028011322,1.0,1.0
YOUTUBE_id124_s0_45.png,0,VALID,0.1015625,0.45581055,-0.3876953,-0.7120621,LCC-FASD external-dev / cross-domain stress set,-0.6198028028011322,0.0,0.0
YOUTUBE_id124_s0_60.png,0,VALID,0.22912598,0.49853516,-0.62109375,-0.55187833,LCC-FASD external-dev / cross-domain stress set,-0.6198028028011322,1.0,1.0
YOUTUBE_id124_s0_75.png,0,VALID,0.7192383,-0.31054688,-0.18029785,0.2693944,LCC-FASD external-dev / cross-domain stress set,-0.6198028028011322,1.0,1.0
YOUTUBE_id124_s0_90.png,0,VALID,0.2619629,0.45654297,-0.6176758,-0.48841655,LCC-FASD external-dev / cross-domain stress set,-0.6198028028011322,1.0,1.0
YOUTUBE_id124_s0_105.png,0,VALID,1.3144531,-0.23840332,-0.84716797,1.1184654,LCC-FASD external-dev / cross-domain stress set,-0.6198028028011322,1.0,1.0
YOUTUBE_id124_s0_120.png,0,VALID,0.9560547,-0.09802246,-0.7836914,0.64611304,LCC-FASD external-dev / cross-domain stress set,-0.6198028028011322,1.0,1.0
YOUTUBE_id124_s0_135.png,0,VALID,0.92089844,0.045684814,-0.82958984,0.52684987,LCC-FASD external-dev / cross-domain stress set,-0.6198028028011322,1.0,1.0
YOUTUBE_id124_s0_150.png,0,VALID,0.49072266,0.40893555,-0.5776367,-0.2351036,LCC-FASD external-dev / cross-domain stress set,-0.6198028028011322,1.0,1.0
YOUTUBE_id119_s0_15.png,0,VALID,0.9355469,0.5126953,-1.2792969,0.2687341,LCC-FASD external-dev / cross-domain stress set,-0.6198028028011322,1.0,1.0
YOUTUBE_id119_s0_30.png,0,VALID,1.1054688,-0.0067100525,-0.82714844,0.74737,LCC-FASD external-dev / cross-domain stress set,-0.6198028028011322,1.0,1.0
YOUTUBE_id119_s0_45.png,0,VALID,1.1103516,0.112976074,-0.9423828,0.6987034,LCC-FASD external-dev / cross-domain stress set,-0.6198028028011322,1.0,1.0
YOUTUBE_id119_s0_60.png,0,VALID,0.8359375,0.2631836,-0.85009766,0.28871894,LCC-FASD external-dev / cross-domain stress set,-0.6198028028011322,1.0,1.0
YOUTUBE_id119_s0_75.png,0,VALID,1.0302734,0.18579102,-1.0029297,0.57857776,LCC-FASD external-dev / cross-domain stress set,-0.6198028028011322,1.0,1.0
YOUTUBE_id119_s0_90.png,0,VALID,0.62597656,0.3022461,-0.72753906,0.018392444,LCC-FASD external-dev / cross-domain stress set,-0.6198028028011322,1.0,1.0
YOUTUBE_id119_s0_150.png,0,VALID,1.2421875,0.18481445,-1.1279297,0.8190803,LCC-FASD external-dev / cross-domain stress set,-0.6198028028011322,1.0,1.0
YOUTUBE_id119_s1_15.png,0,VALID,1.1728516,-0.16516113,-0.6904297,0.8734007,LCC-FASD external-dev / cross-domain stress set,-0.6198028028011322,1.0,1.0
YOUTUBE_id119_s1_30.png,0,VALID,0.9584961,0.082092285,-0.79296875,0.52797717,LCC-FASD external-dev / cross-domain stress set,-0.6198028028011322,1.0,1.0
YOUTUBE_id119_s1_45.png,0,VALID,0.67626953,0.39794922,-0.8745117,0.03134978,LCC-FASD external-dev / cross-domain stress set,-0.6198028028011322,1.0,1.0
YOUTUBE_id119_s1_60.png,0,VALID,0.9794922,0.2824707,-0.96777344,0.44514674,LCC-FASD external-dev / cross-domain stress set,-0.6198028028011322,1.0,1.0
YOUTUBE_id119_s1_75.png,0,VALID,1.0078125,0.32226562,-1.0175781,0.45293897,LCC-FASD external-dev / cross-domain stress set,-0.6198028028011322,1.0,1.0
YOUTUBE_id119_s1_90.png,0,VALID,0.9301758,0.27685547,-1.0517578,0.41837126,LCC-FASD external-dev / cross-domain stress set,-0.6198028028011322,1.0,1.0
YOUTUBE_id119_s1_105.png,0,VALID,1.0986328,0.44335938,-1.3896484,0.50691223,LCC-FASD external-dev / cross-domain stress set,-0.6198028028011322,1.0,1.0
YOUTUBE_id119_s1_120.png,0,VALID,0.7578125,0.7006836,-1.3046875,-0.06916034,LCC-FASD external-dev / cross-domain stress set,-0.6198028028011322,1.0,1.0
YOUTUBE_id119_s1_135.png,0,VALID,0.65722656,0.7265625,-1.2011719,-0.20515746,LCC-FASD external-dev / cross-domain stress set,-0.6198028028011322,1.0,1.0
YOUTUBE_id119_s1_150.png,0,VALID,1.1513672,0.27124023,-1.1953125,0.672528,LCC-FASD external-dev / cross-domain stress set,-0.6198028028011322,1.0,1.0
YOUTUBE_id120_s0_57.png,0,VALID,1.2451172,-0.7104492,-0.2006836,0.9753995,LCC-FASD external-dev / cross-domain stress set,-0.6198028028011322,1.0,1.0
YOUTUBE_id120_s0_72.png,0,VALID,0.4296875,0.19848633,-0.2841797,-0.24945545,LCC-FASD external-dev / cross-domain stress set,-0.6198028028011322,1.0,1.0
YOUTUBE_id120_s0_87.png,0,VALID,0.7060547,-1.140625,0.88671875,-0.3043716,LCC-FASD external-dev / cross-domain stress set,-0.6198028028011322,1.0,1.0
YOUTUBE_id120_s0_102.png,0,VALID,0.81689453,0.07055664,-0.58935547,0.32967126,LCC-FASD external-dev / cross-domain stress set,-0.6198028028011322,1.0,1.0
YOUTUBE_id120_s0_117.png,0,VALID,0.4194336,0.083618164,-0.25,-0.20437121,LCC-FASD external-dev / cross-domain stress set,-0.6198028028011322,1.0,1.0
YOUTUBE_id120_s0_132.png,0,VALID,0.7314453,0.3828125,-0.87890625,0.099301696,LCC-FASD external-dev / cross-domain stress set,-0.6198028028011322,1.0,1.0
YOUTUBE_id120_s0_147.png,0,VALID,0.20202637,-0.34716797,0.51904297,-0.66805506,LCC-FASD external-dev / cross-domain stress set,-0.6198028028011322,0.0,0.0
YOUTUBE_id120_s0_162.png,0,VALID,0.32714844,-0.7495117,0.8378906,-0.6967703,LCC-FASD external-dev / cross-domain stress set,-0.6198028028011322,0.0,0.0
YOUTUBE_id120_s0_177.png,0,VALID,0.3322754,-0.020828247,0.18518066,-0.44834363,LCC-FASD external-dev / cross-domain stress set,-0.6198028028011322,1.0,1.0
YOUTUBE_id120_s0_192.png,0,VALID,0.28295898,-0.30493164,0.46020508,-0.5592858,LCC-FASD external-dev / cross-domain stress set,-0.6198028028011322,1.0,1.0
YOUTUBE_id121_s0_15.png,0,VALID,0.7548828,-0.57666016,0.12585449,0.22667593,LCC-FASD external-dev / cross-domain stress set,-0.6198028028011322,1.0,1.0
YOUTUBE_id121_s0_30.png,0,VALID,0.8022461,-0.8930664,0.45214844,0.1186021,LCC-FASD external-dev / cross-domain stress set,-0.6198028028011322,1.0,1.0
YOUTUBE_id121_s0_45.png,0,VALID,-0.3857422,-0.48876953,0.90625,-1.5133969,LCC-FASD external-dev / cross-domain stress set,-0.6198028028011322,0.0,0.0
YOUTUBE_id121_s0_60.png,0,VALID,0.08312988,-0.2355957,0.5366211,-0.8332882,LCC-FASD external-dev / cross-domain stress set,-0.6198028028011322,0.0,0.0
YOUTUBE_id121_s0_75.png,0,VALID,0.37646484,-0.8095703,0.7573242,-0.57039845,LCC-FASD external-dev / cross-domain stress set,-0.6198028028011322,1.0,1.0
YOUTUBE_id121_s0_90.png,0,VALID,0.4790039,-0.31079102,0.02507019,-0.08531743,LCC-FASD external-dev / cross-domain stress set,-0.6198028028011322,1.0,1.0
YOUTUBE_id121_s0_105.png,0,VALID,0.8022461,-0.17126465,-0.48413086,0.42461056,LCC-FASD external-dev / cross-domain stress set,-0.6198028028011322,1.0,1.0
YOUTUBE_id121_s0_120.png,0,VALID,0.41088867,0.01675415,-0.22741699,-0.1843611,LCC-FASD external-dev / cross-domain stress set,-0.6198028028011322,1.0,1.0
YOUTUBE_id121_s0_135.png,0,VALID,0.32226562,-0.36743164,0.19519043,-0.32381785,LCC-FASD external-dev / cross-domain stress set,-0.6198028028011322,1.0,1.0
YOUTUBE_id121_s0_150.png,0,VALID,0.5498047,-0.1739502,-0.01713562,-0.0508703,LCC-FASD external-dev / cross-domain stress set,-0.6198028028011322,1.0,1.0
YOUTUBE_id122_s0_15.png,0,VALID,0.5571289,0.124572754,-0.6616211,0.057154834,LCC-FASD external-dev / cross-domain stress set,-0.6198028028011322,1.0,1.0
YOUTUBE_id122_s0_30.png,0,VALID,0.55371094,-0.20861816,-0.1517334,0.04033512,LCC-FASD external-dev / cross-domain stress set,-0.6198028028011322,1.0,1.0
YOUTUBE_id122_s0_45.png,0,VALID,-0.3269043,0.2915039,-0.092285156,-1.1379607,LCC-FASD external-dev / cross-domain stress set,-0.6198028028011322,0.0,0.0
YOUTUBE_id122_s0_60.png,0,VALID,0.82421875,-0.35205078,-0.4050293,0.50926083,LCC-FASD external-dev / cross-domain stress set,-0.6198028028011322,1.0,1.0
YOUTUBE_id122_s0_75.png,0,VALID,0.3322754,-0.14794922,-0.08728027,-0.24371701,LCC-FASD external-dev / cross-domain stress set,-0.6198028028011322,1.0,1.0
YOUTUBE_id122_s0_90.png,0,VALID,-0.15808105,0.15576172,-0.0519104,-0.90853524,LCC-FASD external-dev / cross-domain stress set,-0.6198028028011322,0.0,0.0
YOUTUBE_id122_s0_105.png,0,VALID,0.10864258,0.28271484,-0.3959961,-0.58437264,LCC-FASD external-dev / cross-domain stress set,-0.6198028028011322,1.0,1.0
YOUTUBE_id122_s0_120.png,0,VALID,0.13891602,0.53515625,-0.69677734,-0.6522211,LCC-FASD external-dev / cross-domain stress set,-0.6198028028011322,0.0,0.0
YOUTUBE_id122_s0_135.png,0,VALID,0.12695312,0.50146484,-0.56103516,-0.6713448,LCC-FASD external-dev / cross-domain stress set,-0.6198028028011322,0.0,0.0
YOUTUBE_id122_s0_150.png,0,VALID,0.31860352,0.064453125,-0.35205078,-0.2522744,LCC-FASD external-dev / cross-domain stress set,-0.6198028028011322,1.0,1.0
YOUTUBE_id123_s0_105.png,0,VALID,0.92285156,0.7402344,-1.4111328,0.07257515,LCC-FASD external-dev / cross-domain stress set,-0.6198028028011322,1.0,1.0
YOUTUBE_id115_s2_45.png,0,VALID,1.4794922,0.03643799,-1.1035156,1.1655483,LCC-FASD external-dev / cross-domain stress set,-0.6198028028011322,1.0,1.0
YOUTUBE_id115_s2_60.png,0,VALID,1.3994141,-0.07910156,-1.0009766,1.1436357,LCC-FASD external-dev / cross-domain stress set,-0.6198028028011322,1.0,1.0
YOUTUBE_id115_s2_75.png,0,VALID,1.4179688,-0.20861816,-0.72314453,1.1579695,LCC-FASD external-dev / cross-domain stress set,-0.6198028028011322,1.0,1.0
YOUTUBE_id115_s2_90.png,0,VALID,1.7666016,-0.08807373,-1.3642578,1.6085184,LCC-FASD external-dev / cross-domain stress set,-0.6198028028011322,1.0,1.0
YOUTUBE_id116_s0_15.png,0,VALID,1.0224609,-0.73535156,0.06488037,0.58655185,LCC-FASD external-dev / cross-domain stress set,-0.6198028028011322,1.0,1.0
YOUTUBE_id116_s0_30.png,0,VALID,-0.35498047,0.6044922,-0.2019043,-1.3285947,LCC-FASD external-dev / cross-domain stress set,-0.6198028028011322,0.0,0.0
YOUTUBE_id116_s0_45.png,0,VALID,1.0175781,-0.17602539,-0.5751953,0.68025506,LCC-FASD external-dev / cross-domain stress set,-0.6198028028011322,1.0,1.0
YOUTUBE_id116_s0_60.png,0,VALID,0.953125,-0.29370117,-0.39990234,0.6053704,LCC-FASD external-dev / cross-domain stress set,-0.6198028028011322,1.0,1.0
YOUTUBE_id116_s0_75.png,0,VALID,0.6411133,-0.14074707,-0.36523438,0.19467074,LCC-FASD external-dev / cross-domain stress set,-0.6198028028011322,1.0,1.0
YOUTUBE_id116_s0_90.png,0,VALID,1.1865234,-0.6142578,-0.3232422,0.9515771,LCC-FASD external-dev / cross-domain stress set,-0.6198028028011322,1.0,1.0
YOUTUBE_id116_s0_105.png,0,VALID,1.1298828,-0.38549805,-0.43041992,0.8444424,LCC-FASD external-dev / cross-domain stress set,-0.6198028028011322,1.0,1.0
YOUTUBE_id116_s0_120.png,0,VALID,0.61572266,-0.32202148,0.0066871643,0.06679684,LCC-FASD external-dev / cross-domain stress set,-0.6198028028011322,1.0,1.0
YOUTUBE_id116_s0_135.png,0,VALID,0.26293945,-0.120666504,-0.055389404,-0.34271234,LCC-FASD external-dev / cross-domain stress set,-0.6198028028011322,1.0,1.0
YOUTUBE_id116_s0_150.png,0,VALID,0.78564453,-0.30615234,-0.19042969,0.33911532,LCC-FASD external-dev / cross-domain stress set,-0.6198028028011322,1.0,1.0
YOUTUBE_id116_s1_15.png,0,VALID,0.8178711,-0.25512695,-0.42944336,0.46321553,LCC-FASD external-dev / cross-domain stress set,-0.6198028028011322,1.0,1.0
YOUTUBE_id116_s1_30.png,0,VALID,0.5722656,-0.37402344,0.044189453,0.022330165,LCC-FASD external-dev / cross-domain stress set,-0.6198028028011322,1.0,1.0
YOUTUBE_id116_s1_45.png,0,VALID,1.0292969,-0.7060547,-0.049926758,0.66126585,LCC-FASD external-dev / cross-domain stress set,-0.6198028028011322,1.0,1.0
YOUTUBE_id116_s1_60.png,0,VALID,1.0517578,-0.4663086,-0.29492188,0.7355587,LCC-FASD external-dev / cross-domain stress set,-0.6198028028011322,1.0,1.0
YOUTUBE_id116_s1_75.png,0,VALID,0.5986328,-0.24719238,-0.07421875,0.062455833,LCC-FASD external-dev / cross-domain stress set,-0.6198028028011322,1.0,1.0
YOUTUBE_id116_s1_90.png,0,VALID,0.8261719,-0.5527344,0.02458191,0.35600516,LCC-FASD external-dev / cross-domain stress set,-0.6198028028011322,1.0,1.0
YOUTUBE_id116_s1_105.png,0,VALID,0.76220703,-0.09289551,-0.4194336,0.3119548,LCC-FASD external-dev / cross-domain stress set,-0.6198028028011322,1.0,1.0
YOUTUBE_id116_s1_120.png,0,VALID,0.7392578,-0.3413086,-0.15783691,0.2914815,LCC-FASD external-dev / cross-domain stress set,-0.6198028028011322,1.0,1.0
YOUTUBE_id116_s1_135.png,0,VALID,1.2236328,-0.5493164,-0.34545898,0.97268754,LCC-FASD external-dev / cross-domain stress set,-0.6198028028011322,1.0,1.0
YOUTUBE_id116_s1_150.png,0,VALID,0.57177734,-0.012046814,-0.3178711,0.03194338,LCC-FASD external-dev / cross-domain stress set,-0.6198028028011322,1.0,1.0
YOUTUBE_id116_s2_15.png,0,VALID,1.1083984,-0.4020996,-0.44750977,0.83979815,LCC-FASD external-dev / cross-domain stress set,-0.6198028028011322,1.0,1.0
YOUTUBE_id116_s2_30.png,0,VALID,1.4707031,-0.59228516,-0.72314453,1.4331318,LCC-FASD external-dev / cross-domain stress set,-0.6198028028011322,1.0,1.0
YOUTUBE_id116_s2_45.png,0,VALID,1.8261719,-0.7421875,-0.92089844,1.9605808,LCC-FASD external-dev / cross-domain stress set,-0.6198028028011322,1.0,1.0
YOUTUBE_id116_s2_60.png,0,VALID,0.9458008,-0.17333984,-0.6870117,0.65020335,LCC-FASD external-dev / cross-domain stress set,-0.6198028028011322,1.0,1.0
YOUTUBE_id116_s2_75.png,0,VALID,2.3671875,-1.0058594,-1.1220703,2.736318,LCC-FASD external-dev / cross-domain stress set,-0.6198028028011322,1.0,1.0
YOUTUBE_id116_s2_90.png,0,VALID,1.2646484,-0.4020996,-0.6904297,1.10741,LCC-FASD external-dev / cross-domain stress set,-0.6198028028011322,1.0,1.0
YOUTUBE_id116_s2_105.png,0,VALID,0.5942383,-0.08453369,-0.38183594,0.12326777,LCC-FASD external-dev / cross-domain stress set,-0.6198028028011322,1.0,1.0
YOUTUBE_id116_s2_120.png,0,VALID,0.6274414,-0.36889648,-0.001074791,0.10246277,LCC-FASD external-dev / cross-domain stress set,-0.6198028028011322,1.0,1.0
YOUTUBE_id116_s2_135.png,0,VALID,1.5888672,-0.10949707,-1.3125,1.4357761,LCC-FASD external-dev / cross-domain stress set,-0.6198028028011322,1.0,1.0
YOUTUBE_id116_s2_150.png,0,VALID,1.4121094,-0.051208496,-1.1416016,1.1735747,LCC-FASD external-dev / cross-domain stress set,-0.6198028028011322,1.0,1.0
YOUTUBE_id117_s0_15.png,0,VALID,0.18481445,1.1279297,-1.125,-1.0430428,LCC-FASD external-dev / cross-domain stress set,-0.6198028028011322,0.0,0.0
YOUTUBE_id117_s0_30.png,0,VALID,0.118652344,1.1728516,-1.1347656,-1.149053,LCC-FASD external-dev / cross-domain stress set,-0.6198028028011322,0.0,0.0
YOUTUBE_id117_s0_45.png,0,VALID,0.2939453,0.8979492,-1.1376953,-0.72674906,LCC-FASD external-dev / cross-domain stress set,-0.6198028028011322,0.0,0.0
YOUTUBE_id117_s0_60.png,0,VALID,0.6040039,1.2255859,-1.8447266,-0.666944,LCC-FASD external-dev / cross-domain stress set,-0.6198028028011322,0.0,0.0
YOUTUBE_id117_s0_75.png,0,VALID,0.4621582,0.90625,-1.2041016,-0.5584872,LCC-FASD external-dev / cross-domain stress set,-0.6198028028011322,1.0,1.0
YOUTUBE_id117_s0_90.png,0,VALID,-0.07946777,1.4599609,-1.2333984,-1.6048918,LCC-FASD external-dev / cross-domain stress set,-0.6198028028011322,0.0,0.0
YOUTUBE_id117_s0_105.png,0,VALID,-0.06982422,1.4453125,-1.2294922,-1.5817858,LCC-FASD external-dev / cross-domain stress set,-0.6198028028011322,0.0,0.0
YOUTUBE_id117_s0_120.png,0,VALID,0.32470703,1.4101562,-1.7167969,-1.1283662,LCC-FASD external-dev / cross-domain stress set,-0.6198028028011322,0.0,0.0
YOUTUBE_id117_s0_135.png,0,VALID,0.41796875,0.9189453,-1.2666016,-0.60751104,LCC-FASD external-dev / cross-domain stress set,-0.6198028028011322,1.0,1.0
YOUTUBE_id117_s0_150.png,0,VALID,-0.109313965,1.34375,-1.1611328,-1.5315841,LCC-FASD external-dev / cross-domain stress set,-0.6198028028011322,0.0,0.0
YOUTUBE_id118_s0_15.png,0,VALID,0.49389648,0.3166504,-0.8071289,-0.10420334,LCC-FASD external-dev / cross-domain stress set,-0.6198028028011322,1.0,1.0
YOUTUBE_id118_s0_30.png,0,VALID,0.75097656,0.30078125,-0.93603516,0.19531518,LCC-FASD external-dev / cross-domain stress set,-0.6198028028011322,1.0,1.0
YOUTUBE_id118_s0_45.png,0,VALID,-0.28710938,1.1044922,-0.8208008,-1.5277334,LCC-FASD external-dev / cross-domain stress set,-0.6198028028011322,0.0,0.0
YOUTUBE_id118_s0_60.png,0,VALID,0.17810059,0.8510742,-0.9770508,-0.82200956,LCC-FASD external-dev / cross-domain stress set,-0.6198028028011322,0.0,0.0
YOUTUBE_id118_s0_75.png,0,VALID,-0.12445068,0.8051758,-0.5644531,-1.1561254,LCC-FASD external-dev / cross-domain stress set,-0.6198028028011322,0.0,0.0
YOUTUBE_id118_s0_90.png,0,VALID,0.71728516,0.17822266,-0.8442383,0.23179203,LCC-FASD external-dev / cross-domain stress set,-0.6198028028011322,1.0,1.0
YOUTUBE_id118_s0_105.png,0,VALID,0.41186523,0.16906738,-0.5366211,-0.15850425,LCC-FASD external-dev / cross-domain stress set,-0.6198028028011322,1.0,1.0
YOUTUBE_id118_s0_120.png,0,VALID,0.9042969,-0.04321289,-0.8300781,0.57231855,LCC-FASD external-dev / cross-domain stress set,-0.6198028028011322,1.0,1.0
YOUTUBE_id118_s0_135.png,0,VALID,0.3347168,0.6660156,-1.0390625,-0.4983021,LCC-FASD external-dev / cross-domain stress set,-0.6198028028011322,1.0,1.0
YOUTUBE_id118_s0_150.png,0,VALID,0.3479004,0.19067383,-0.41577148,-0.27798223,LCC-FASD external-dev / cross-domain stress set,-0.6198028028011322,1.0,1.0
YOUTUBE_id119_s0_105.png,0,VALID,0.45629883,0.33081055,-0.5576172,-0.2190243,LCC-FASD external-dev / cross-domain stress set,-0.6198028028011322,1.0,1.0
YOUTUBE_id119_s0_120.png,0,VALID,0.9716797,0.18774414,-0.88916016,0.49078217,LCC-FASD external-dev / cross-domain stress set,-0.6198028028011322,1.0,1.0
YOUTUBE_id119_s0_135.png,0,VALID,1.0771484,0.057678223,-0.91015625,0.69745564,LCC-FASD external-dev / cross-domain stress set,-0.6198028028011322,1.0,1.0
PBUNKNOWN_id169_s0_15.png,0,VALID,-0.73779297,0.5859375,-0.24279785,-1.6860104,LCC-FASD external-dev / cross-domain stress set,-0.6198028028011322,0.0,0.0
PBUNKNOWN_id169_s0_30.png,0,VALID,-1.1113281,0.16589355,0.59716797,-2.2090778,LCC-FASD external-dev / cross-domain stress set,-0.6198028028011322,0.0,0.0
PBUNKNOWN_id169_s0_45.png,0,VALID,-1.2119141,0.70410156,0.15197754,-2.3707316,LCC-FASD external-dev / cross-domain stress set,-0.6198028028011322,0.0,0.0
PBUNKNOWN_id169_s0_60.png,0,VALID,-0.87060547,0.6533203,-0.06402588,-1.9213895,LCC-FASD external-dev / cross-domain stress set,-0.6198028028011322,0.0,0.0
PBUNKNOWN_id169_s0_75.png,0,VALID,-0.95166016,0.69970703,-0.13879395,-2.0106893,LCC-FASD external-dev / cross-domain stress set,-0.6198028028011322,0.0,0.0
PBUNKNOWN_id169_s0_90.png,0,VALID,-0.78222656,0.82373047,-0.43066406,-1.8569092,LCC-FASD external-dev / cross-domain stress set,-0.6198028028011322,0.0,0.0
PBUNKNOWN_id169_s0_120.png,0,VALID,-1.2587891,1.0966797,-0.2734375,-2.5818686,LCC-FASD external-dev / cross-domain stress set,-0.6198028028011322,0.0,0.0
PBUNKNOWN_id169_s0_135.png,0,VALID,-0.9428711,0.6870117,-0.024002075,-2.0294278,LCC-FASD external-dev / cross-domain stress set,-0.6198028028011322,0.0,0.0
PBUNKNOWN_id169_s0_150.png,0,VALID,-1.1582031,1.1328125,-0.31103516,-2.5029106,LCC-FASD external-dev / cross-domain stress set,-0.6198028028011322,0.0,0.0
SIC320_id161_s0_15.png,0,VALID,-0.15234375,1.1552734,-1.21875,-1.3966397,LCC-FASD external-dev / cross-domain stress set,-0.6198028028011322,0.0,0.0
SIC320_id161_s0_30.png,0,VALID,0.13879395,0.9194336,-1.2060547,-0.89340985,LCC-FASD external-dev / cross-domain stress set,-0.6198028028011322,0.0,0.0
SIC320_id161_s0_45.png,0,VALID,0.051605225,1.0625,-1.2900391,-1.1017654,LCC-FASD external-dev / cross-domain stress set,-0.6198028028011322,0.0,0.0
SIC320_id161_s0_60.png,0,VALID,-0.24597168,1.1337891,-1.1601562,-1.4758595,LCC-FASD external-dev / cross-domain stress set,-0.6198028028011322,0.0,0.0
SIC320_id161_s0_75.png,0,VALID,0.2915039,0.8125,-1.1767578,-0.6492107,LCC-FASD external-dev / cross-domain stress set,-0.6198028028011322,0.0,0.0
SIC320_id161_s0_90.png,0,VALID,-0.04812622,1.2548828,-1.3251953,-1.3760439,LCC-FASD external-dev / cross-domain stress set,-0.6198028028011322,0.0,0.0
SIC320_id161_s0_105.png,0,VALID,0.35351562,1.2421875,-1.7109375,-0.93953264,LCC-FASD external-dev / cross-domain stress set,-0.6198028028011322,0.0,0.0
SIC320_id161_s0_120.png,0,VALID,-0.2529297,1.109375,-1.0654297,-1.4699299,LCC-FASD external-dev / cross-domain stress set,-0.6198028028011322,0.0,0.0
SIC320_id161_s0_135.png,0,VALID,0.40844727,1.0839844,-1.5976562,-0.7417469,LCC-FASD external-dev / cross-domain stress set,-0.6198028028011322,0.0,0.0
SIC320_id161_s0_150.png,0,VALID,0.12976074,1.3017578,-1.5888672,-1.226051,LCC-FASD external-dev / cross-domain stress set,-0.6198028028011322,0.0,0.0
UNKNOWN_id152_s0_15.png,0,VALID,-0.025238037,0.52783203,-0.5673828,-0.84160256,LCC-FASD external-dev / cross-domain stress set,-0.6198028028011322,0.0,0.0
UNKNOWN_id152_s0_30.png,0,VALID,0.41333008,0.4638672,-0.87158203,-0.28405857,LCC-FASD external-dev / cross-domain stress set,-0.6198028028011322,1.0,1.0
UNKNOWN_id152_s0_45.png,0,VALID,0.5761719,0.73779297,-1.3623047,-0.27713,LCC-FASD external-dev / cross-domain stress set,-0.6198028028011322,1.0,1.0
UNKNOWN_id152_s0_60.png,0,VALID,0.29785156,0.4580078,-0.7763672,-0.41558623,LCC-FASD external-dev / cross-domain stress set,-0.6198028028011322,1.0,1.0
UNKNOWN_id152_s0_75.png,0,VALID,0.082458496,0.06793213,-0.15856934,-0.5717693,LCC-FASD external-dev / cross-domain stress set,-0.6198028028011322,1.0,1.0
UNKNOWN_id152_s0_90.png,0,VALID,0.02180481,0.5024414,-0.5385742,-0.7830318,LCC-FASD external-dev / cross-domain stress set,-0.6198028028011322,0.0,0.0
UNKNOWN_id152_s0_105.png,0,VALID,0.55908203,-0.20629883,-0.22644043,0.082253754,LCC-FASD external-dev / cross-domain stress set,-0.6198028028011322,1.0,1.0
UNKNOWN_id152_s0_120.png,0,VALID,-0.24060059,0.028656006,0.15600586,-1.0281045,LCC-FASD external-dev / cross-domain stress set,-0.6198028028011322,0.0,0.0
UNKNOWN_id152_s0_135.png,0,VALID,0.47802734,-0.21691895,-0.29760742,0.04132974,LCC-FASD external-dev / cross-domain stress set,-0.6198028028011322,1.0,1.0
UNKNOWN_id152_s0_150.png,0,VALID,0.2163086,0.27026367,-0.6381836,-0.39267457,LCC-FASD external-dev / cross-domain stress set,-0.6198028028011322,1.0,1.0
YOUTUBE_id115_s0_15.png,0,VALID,1.1171875,-0.14416504,-0.6171875,0.7770048,LCC-FASD external-dev / cross-domain stress set,-0.6198028028011322,1.0,1.0
YOUTUBE_id115_s0_30.png,0,VALID,1.4941406,-0.23205566,-0.97509766,1.3370878,LCC-FASD external-dev / cross-domain stress set,-0.6198028028011322,1.0,1.0
YOUTUBE_id115_s0_45.png,0,VALID,2.0195312,-0.37475586,-1.4619141,2.1037292,LCC-FASD external-dev / cross-domain stress set,-0.6198028028011322,1.0,1.0
YOUTUBE_id115_s0_60.png,0,VALID,1.6757812,-0.16992188,-1.2900391,1.5633541,LCC-FASD external-dev / cross-domain stress set,-0.6198028028011322,1.0,1.0
YOUTUBE_id115_s0_75.png,0,VALID,1.1972656,0.2578125,-1.2099609,0.73208296,LCC-FASD external-dev / cross-domain stress set,-0.6198028028011322,1.0,1.0
YOUTUBE_id115_s0_90.png,0,VALID,1.5341797,-0.26000977,-1.0136719,1.4084918,LCC-FASD external-dev / cross-domain stress set,-0.6198028028011322,1.0,1.0
YOUTUBE_id115_s0_105.png,0,VALID,0.9970703,-0.094055176,-0.58496094,0.6136053,LCC-FASD external-dev / cross-domain stress set,-0.6198028028011322,1.0,1.0
YOUTUBE_id115_s0_120.png,0,VALID,1.5722656,-0.6196289,-0.7036133,1.5398581,LCC-FASD external-dev / cross-domain stress set,-0.6198028028011322,1.0,1.0
YOUTUBE_id115_s0_135.png,0,VALID,2.1347656,-0.42871094,-1.4248047,2.2491627,LCC-FASD external-dev / cross-domain stress set,-0.6198028028011322,1.0,1.0
YOUTUBE_id115_s1_15.png,0,VALID,1.6816406,-0.4501953,-0.7519531,1.5782284,LCC-FASD external-dev / cross-domain stress set,-0.6198028028011322,1.0,1.0
YOUTUBE_id115_s1_30.png,0,VALID,1.5703125,-0.1303711,-1.1113281,1.3822647,LCC-FASD external-dev / cross-domain stress set,-0.6198028028011322,1.0,1.0
YOUTUBE_id115_s1_45.png,0,VALID,1.5234375,-0.2919922,-0.8095703,1.3479528,LCC-FASD external-dev / cross-domain stress set,-0.6198028028011322,1.0,1.0
YOUTUBE_id115_s1_60.png,0,VALID,1.3789062,-0.2442627,-0.82177734,1.1776555,LCC-FASD external-dev / cross-domain stress set,-0.6198028028011322,1.0,1.0
YOUTUBE_id115_s1_75.png,0,VALID,1.015625,-0.33666992,-0.20874023,0.5931385,LCC-FASD external-dev / cross-domain stress set,-0.6198028028011322,1.0,1.0
YOUTUBE_id115_s1_90.png,0,VALID,1.6455078,-0.5683594,-0.56591797,1.5194986,LCC-FASD external-dev / cross-domain stress set,-0.6198028028011322,1.0,1.0
YOUTUBE_id115_s1_105.png,0,VALID,1.2207031,-0.12005615,-0.65185547,0.87856936,LCC-FASD external-dev / cross-domain stress set,-0.6198028028011322,1.0,1.0
YOUTUBE_id115_s1_120.png,0,VALID,1.0878906,0.19360352,-0.88623047,0.6018773,LCC-FASD external-dev / cross-domain stress set,-0.6198028028011322,1.0,1.0
YOUTUBE_id115_s1_135.png,0,VALID,1.4980469,-0.29882812,-0.76416016,1.3095678,LCC-FASD external-dev / cross-domain stress set,-0.6198028028011322,1.0,1.0
YOUTUBE_id115_s1_150.png,0,VALID,1.5205078,-0.12011719,-1.078125,1.3158953,LCC-FASD external-dev / cross-domain stress set,-0.6198028028011322,1.0,1.0
YOUTUBE_id115_s2_15.png,0,VALID,1.8398438,-0.46069336,-1.0351562,1.8539255,LCC-FASD external-dev / cross-domain stress set,-0.6198028028011322,1.0,1.0
YOUTUBE_id115_s2_30.png,0,VALID,1.3916016,-0.2084961,-0.7636719,1.1464958,LCC-FASD external-dev / cross-domain stress set,-0.6198028028011322,1.0,1.0
YOUTUBE_id115_s2_105.png,0,VALID,0.73583984,-0.05065918,-0.30908203,0.21423864,LCC-FASD external-dev / cross-domain stress set,-0.6198028028011322,1.0,1.0
YOUTUBE_id115_s2_120.png,0,VALID,1.5986328,-0.18334961,-1.0263672,1.4240215,LCC-FASD external-dev / cross-domain stress set,-0.6198028028011322,1.0,1.0
YOUTUBE_id115_s2_135.png,0,VALID,1.7539062,-0.421875,-0.9213867,1.7015198,LCC-FASD external-dev / cross-domain stress set,-0.6198028028011322,1.0,1.0
YOUTUBE_id115_s2_150.png,0,VALID,1.9541016,-0.5185547,-1.0615234,2.0145855,LCC-FASD external-dev / cross-domain stress set,-0.6198028028011322,1.0,1.0
FT720P_id5_s0_30.png,0,VALID,0.70166016,0.6640625,-1.2958984,-0.094188094,LCC-FASD external-dev / cross-domain stress set,-0.6198028028011322,1.0,1.0
FT720P_id5_s0_45.png,0,VALID,0.74902344,0.59375,-1.3095703,0.016318023,LCC-FASD external-dev / cross-domain stress set,-0.6198028028011322,1.0,1.0
FT720P_id5_s0_60.png,0,VALID,0.95166016,0.48217773,-1.3349609,0.31891817,LCC-FASD external-dev / cross-domain stress set,-0.6198028028011322,1.0,1.0
FT720P_id5_s0_75.png,0,VALID,1.2626953,0.2388916,-1.4160156,0.84891826,LCC-FASD external-dev / cross-domain stress set,-0.6198028028011322,1.0,1.0
FT720P_id5_s0_90.png,0,VALID,0.5541992,0.85498047,-1.4638672,-0.39462388,LCC-FASD external-dev / cross-domain stress set,-0.6198028028011322,1.0,1.0
FT720P_id9_s0_15.png,0,VALID,-0.0602417,0.094177246,-0.049346924,-0.77837676,LCC-FASD external-dev / cross-domain stress set,-0.6198028028011322,0.0,0.0
FT720P_id9_s0_30.png,0,VALID,-0.21813965,0.72753906,-0.6699219,-1.1665988,LCC-FASD external-dev / cross-domain stress set,-0.6198028028011322,0.0,0.0
FT720P_id9_s0_45.png,0,VALID,0.29833984,0.26000977,-0.5644531,-0.32525027,LCC-FASD external-dev / cross-domain stress set,-0.6198028028011322,1.0,1.0
FT720P_id9_s0_60.png,0,VALID,0.15393066,0.62060547,-0.8852539,-0.66702175,LCC-FASD external-dev / cross-domain stress set,-0.6198028028011322,0.0,0.0
FT720P_id9_s0_75.png,0,VALID,0.29614258,0.2919922,-0.6425781,-0.32713306,LCC-FASD external-dev / cross-domain stress set,-0.6198028028011322,1.0,1.0
FT720P_id9_s0_90.png,0,VALID,0.04827881,0.36499023,-0.47265625,-0.6762916,LCC-FASD external-dev / cross-domain stress set,-0.6198028028011322,0.0,0.0
FT720P_id9_s0_105.png,0,VALID,0.37695312,0.1517334,-0.5048828,-0.19257128,LCC-FASD external-dev / cross-domain stress set,-0.6198028028011322,1.0,1.0
FT720P_id9_s0_120.png,0,VALID,0.08508301,0.37890625,-0.5019531,-0.6405474,LCC-FASD external-dev / cross-domain stress set,-0.6198028028011322,0.0,0.0
FT720P_id9_s0_135.png,0,VALID,0.43188477,0.45361328,-0.8798828,-0.25565708,LCC-FASD external-dev / cross-domain stress set,-0.6198028028011322,1.0,1.0
FT720P_id9_s0_150.png,0,VALID,0.048065186,0.31274414,-0.36328125,-0.67588395,LCC-FASD external-dev / cross-domain stress set,-0.6198028028011322,0.0,0.0
IPHONE8B_id5_s2_15.png,0,VALID,0.91796875,0.3955078,-1.2578125,0.34732068,LCC-FASD external-dev / cross-domain stress set,-0.6198028028011322,1.0,1.0
IPHONE8B_id5_s2_30.png,0,VALID,0.92529297,0.3815918,-1.2226562,0.3605128,LCC-FASD external-dev / cross-domain stress set,-0.6198028028011322,1.0,1.0
IPHONE8B_id5_s2_45.png,0,VALID,0.9555664,0.33081055,-1.1845703,0.42613083,LCC-FASD external-dev / cross-domain stress set,-0.6198028028011322,1.0,1.0
IPHONE8B_id5_s2_60.png,0,VALID,0.68310547,0.5600586,-1.1748047,-0.039432645,LCC-FASD external-dev / cross-domain stress set,-0.6198028028011322,1.0,1.0
IPHONE8B_id5_s2_75.png,0,VALID,0.9091797,0.33422852,-1.1513672,0.37089467,LCC-FASD external-dev / cross-domain stress set,-0.6198028028011322,1.0,1.0
IPHONE8B_id5_s2_90.png,0,VALID,0.69677734,0.6279297,-1.2597656,-0.07214862,LCC-FASD external-dev / cross-domain stress set,-0.6198028028011322,1.0,1.0
IPHONE8B_id5_s2_105.png,0,VALID,0.8598633,0.43920898,-1.2519531,0.25149804,LCC-FASD external-dev / cross-domain stress set,-0.6198028028011322,1.0,1.0
IPHONE8B_id5_s2_120.png,0,VALID,0.6772461,0.5419922,-1.1738281,-0.030104697,LCC-FASD external-dev / cross-domain stress set,-0.6198028028011322,1.0,1.0
IPHONE8B_id5_s2_135.png,0,VALID,0.6879883,0.5263672,-1.1494141,-0.009944439,LCC-FASD external-dev / cross-domain stress set,-0.6198028028011322,1.0,1.0
IPHONE8B_id5_s2_150.png,0,VALID,0.7416992,0.4609375,-1.1279297,0.09498215,LCC-FASD external-dev / cross-domain stress set,-0.6198028028011322,1.0,1.0
IPHONE8B_id9_s2_15.png,0,VALID,1.0009766,-0.2998047,-0.53515625,0.71840197,LCC-FASD external-dev / cross-domain stress set,-0.6198028028011322,1.0,1.0
IPHONE8B_id9_s2_30.png,0,VALID,0.23400879,-0.1965332,0.013504028,-0.37312812,LCC-FASD external-dev / cross-domain stress set,-0.6198028028011322,1.0,1.0
IPHONE8B_id9_s2_45.png,0,VALID,0.37475586,0.04107666,-0.36816406,-0.17563784,LCC-FASD external-dev / cross-domain stress set,-0.6198028028011322,1.0,1.0
IPHONE8B_id9_s2_60.png,0,VALID,0.33569336,0.17883301,-0.41088867,-0.28428173,LCC-FASD external-dev / cross-domain stress set,-0.6198028028011322,1.0,1.0
IPHONE8B_id9_s2_75.png,0,VALID,0.66796875,0.10119629,-0.64746094,0.17947048,LCC-FASD external-dev / cross-domain stress set,-0.6198028028011322,1.0,1.0
IPHONE8B_id9_s2_90.png,0,VALID,0.8696289,-0.27563477,-0.39233398,0.50876474,LCC-FASD external-dev / cross-domain stress set,-0.6198028028011322,1.0,1.0
IPHONE8B_id9_s2_105.png,0,VALID,0.703125,-0.23803711,-0.33032227,0.29309332,LCC-FASD external-dev / cross-domain stress set,-0.6198028028011322,1.0,1.0
IPHONE8B_id9_s2_120.png,0,VALID,0.65722656,-0.02911377,-0.4963379,0.19976255,LCC-FASD external-dev / cross-domain stress set,-0.6198028028011322,1.0,1.0
IPHONE8B_id9_s2_135.png,0,VALID,0.4008789,0.11254883,-0.40576172,-0.17887318,LCC-FASD external-dev / cross-domain stress set,-0.6198028028011322,1.0,1.0
IPHONE8B_id9_s2_150.png,0,VALID,0.49902344,-0.1430664,-0.22558594,-0.010648549,LCC-FASD external-dev / cross-domain stress set,-0.6198028028011322,1.0,1.0
IPHONE8B_id81_s0_15.png,0,VALID,-0.69433594,2.2558594,-1.4287109,-2.9749932,LCC-FASD external-dev / cross-domain stress set,-0.6198028028011322,0.0,0.0
IPHONE8B_id81_s0_30.png,0,VALID,-1.1445312,2.6425781,-1.4238281,-3.804103,LCC-FASD external-dev / cross-domain stress set,-0.6198028028011322,0.0,0.0
IPHONE8B_id81_s0_45.png,0,VALID,-0.7348633,2.4550781,-1.5439453,-3.208109,LCC-FASD external-dev / cross-domain stress set,-0.6198028028011322,0.0,0.0
IPHONE8B_id81_s0_60.png,0,VALID,-0.8725586,2.6308594,-1.6201172,-3.5175676,LCC-FASD external-dev / cross-domain stress set,-0.6198028028011322,0.0,0.0
IPHONE8B_id81_s0_75.png,0,VALID,-0.71484375,2.2851562,-1.34375,-3.0261989,LCC-FASD external-dev / cross-domain stress set,-0.6198028028011322,0.0,0.0
IPHONE8B_id81_s0_90.png,0,VALID,-0.7392578,2.2773438,-1.3828125,-3.0420046,LCC-FASD external-dev / cross-domain stress set,-0.6198028028011322,0.0,0.0
IPHONE8B_id81_s0_105.png,0,VALID,-0.6870117,2.4414062,-1.6083984,-3.1456935,LCC-FASD external-dev / cross-domain stress set,-0.6198028028011322,0.0,0.0
IPHONE8B_id81_s0_120.png,0,VALID,-0.71875,2.5273438,-1.6552734,-3.2612371,LCC-FASD external-dev / cross-domain stress set,-0.6198028028011322,0.0,0.0
IPHONE8B_id81_s0_135.png,0,VALID,-0.5605469,2.1621094,-1.4443359,-2.7494423,LCC-FASD external-dev / cross-domain stress set,-0.6198028028011322,0.0,0.0
IPHONE8B_id81_s0_150.png,0,VALID,-0.6582031,2.1972656,-1.4511719,-2.8811674,LCC-FASD external-dev / cross-domain stress set,-0.6198028028011322,0.0,0.0
MSIGT72_id164_s0_15.png,0,VALID,-1.5917969,2.5488281,-1.4003906,-4.1597114,LCC-FASD external-dev / cross-domain stress set,-0.6198028028011322,0.0,0.0
MSIGT72_id164_s0_30.png,0,VALID,-1.7675781,2.0546875,-0.8432617,-3.8759356,LCC-FASD external-dev / cross-domain stress set,-0.6198028028011322,0.0,0.0
MSIGT72_id164_s0_45.png,0,VALID,-1.3896484,2.1738281,-1.1806641,-3.5978076,LCC-FASD external-dev / cross-domain stress set,-0.6198028028011322,0.0,0.0
MSIGT72_id164_s0_60.png,0,VALID,-1.4443359,2.3027344,-1.2490234,-3.775341,LCC-FASD external-dev / cross-domain stress set,-0.6198028028011322,0.0,0.0
MSIGT72_id164_s0_75.png,0,VALID,-1.6201172,2.6289062,-1.4931641,-4.2651043,LCC-FASD external-dev / cross-domain stress set,-0.6198028028011322,0.0,0.0
MSIGT72_id164_s0_90.png,0,VALID,-1.0869141,1.9814453,-1.1777344,-3.1099432,LCC-FASD external-dev / cross-domain stress set,-0.6198028028011322,0.0,0.0
MSIGT72_id164_s0_105.png,0,VALID,-1.4541016,2.4980469,-1.4619141,-3.9710329,LCC-FASD external-dev / cross-domain stress set,-0.6198028028011322,0.0,0.0
MSIGT72_id164_s0_120.png,0,VALID,-1.6796875,2.6894531,-1.5322266,-4.383708,LCC-FASD external-dev / cross-domain stress set,-0.6198028028011322,0.0,0.0
MSIGT72_id164_s0_135.png,0,VALID,-1.5253906,2.3613281,-1.2666016,-3.9129431,LCC-FASD external-dev / cross-domain stress set,-0.6198028028011322,0.0,0.0
PBUNKNOWN_id169_s0_105.png,0,VALID,-0.62841797,0.6791992,-0.3486328,-1.6134695,LCC-FASD external-dev / cross-domain stress set,-0.6198028028011322,0.0,0.0
FT720P_id0_s2_45.png,0,VALID,-0.27026367,0.78271484,-0.6220703,-1.2724512,LCC-FASD external-dev / cross-domain stress set,-0.6198028028011322,0.0,0.0
FT720P_id0_s2_60.png,0,VALID,-0.7294922,0.90625,-0.3166504,-1.8937702,LCC-FASD external-dev / cross-domain stress set,-0.6198028028011322,0.0,0.0
FT720P_id0_s2_75.png,0,VALID,-0.28100586,0.9375,-0.8095703,-1.3791642,LCC-FASD external-dev / cross-domain stress set,-0.6198028028011322,0.0,0.0
FT720P_id0_s2_90.png,0,VALID,-0.029785156,0.8330078,-0.9272461,-1.0215056,LCC-FASD external-dev / cross-domain stress set,-0.6198028028011322,0.0,0.0
FT720P_id0_s3_16.png,0,VALID,-0.7583008,1.8378906,-1.4365234,-2.6333323,LCC-FASD external-dev / cross-domain stress set,-0.6198028028011322,0.0,0.0
FT720P_id0_s3_31.png,0,VALID,-1.0664062,2.1503906,-1.4755859,-3.2430718,LCC-FASD external-dev / cross-domain stress set,-0.6198028028011322,0.0,0.0
FT720P_id0_s3_46.png,0,VALID,-1.3916016,2.34375,-1.5302734,-3.7559133,LCC-FASD external-dev / cross-domain stress set,-0.6198028028011322,0.0,0.0
FT720P_id0_s3_61.png,0,VALID,-1.3896484,1.8740234,-1.0048828,-3.318346,LCC-FASD external-dev / cross-domain stress set,-0.6198028028011322,0.0,0.0
FT720P_id0_s3_77.png,0,VALID,-1.4335938,1.9521484,-1.0390625,-3.4347482,LCC-FASD external-dev / cross-domain stress set,-0.6198028028011322,0.0,0.0
FT720P_id0_s3_92.png,0,VALID,-1.3222656,2.2109375,-1.3427734,-3.5614195,LCC-FASD external-dev / cross-domain stress set,-0.6198028028011322,0.0,0.0
FT720P_id0_s3_107.png,0,VALID,-1.1875,2.0214844,-1.3339844,-3.2432826,LCC-FASD external-dev / cross-domain stress set,-0.6198028028011322,0.0,0.0
FT720P_id0_s3_127.png,0,VALID,-1.4941406,2.2363281,-1.2568359,-3.7604203,LCC-FASD external-dev / cross-domain stress set,-0.6198028028011322,0.0,0.0
FT720P_id0_s3_142.png,0,VALID,-0.9067383,1.9931641,-1.5322266,-2.9289176,LCC-FASD external-dev / cross-domain stress set,-0.6198028028011322,0.0,0.0
FT720P_id0_s3_157.png,0,VALID,-0.79052734,1.9814453,-1.6201172,-2.7988882,LCC-FASD external-dev / cross-domain stress set,-0.6198028028011322,0.0,0.0
FT720P_id5_s0_15.png,0,VALID,0.9433594,0.43310547,-1.2861328,0.34541547,LCC-FASD external-dev / cross-domain stress set,-0.6198028028011322,1.0,1.0
FT720P_id5_s0_105.png,0,VALID,1.0585938,0.50390625,-1.4912109,0.42717612,LCC-FASD external-dev / cross-domain stress set,-0.6198028028011322,1.0,1.0
FT720P_id5_s0_120.png,0,VALID,0.7963867,0.6557617,-1.4423828,0.02490288,LCC-FASD external-dev / cross-domain stress set,-0.6198028028011322,1.0,1.0
FT720P_id5_s0_135.png,0,VALID,0.953125,0.5493164,-1.4335938,0.27482802,LCC-FASD external-dev / cross-domain stress set,-0.6198028028011322,1.0,1.0
FT720P_id5_s0_150.png,0,VALID,0.74121094,0.67041016,-1.3935547,-0.048713803,LCC-FASD external-dev / cross-domain stress set,-0.6198028028011322,1.0,1.0
FT720P_id12_s0_15.png,0,VALID,0.001537323,0.66845703,-0.6699219,-0.8998318,LCC-FASD external-dev / cross-domain stress set,-0.6198028028011322,0.0,0.0
FT720P_id12_s0_30.png,0,VALID,-0.049987793,0.48364258,-0.4638672,-0.8612819,LCC-FASD external-dev / cross-domain stress set,-0.6198028028011322,0.0,0.0
FT720P_id12_s0_45.png,0,VALID,0.25512695,0.36743164,-0.5805664,-0.4398198,LCC-FASD external-dev / cross-domain stress set,-0.6198028028011322,1.0,1.0
FT720P_id12_s0_60.png,0,VALID,-0.12243652,0.6791992,-0.5786133,-1.0518303,LCC-FASD external-dev / cross-domain stress set,-0.6198028028011322,0.0,0.0
FT720P_id12_s0_75.png,0,VALID,0.089660645,0.55322266,-0.64404297,-0.727478,LCC-FASD external-dev / cross-domain stress set,-0.6198028028011322,0.0,0.0
FT720P_id12_s0_90.png,0,VALID,0.105163574,0.25561523,-0.40405273,-0.5672015,LCC-FASD external-dev / cross-domain stress set,-0.6198028028011322,1.0,1.0
FT720P_id12_s0_105.png,0,VALID,0.3310547,0.36083984,-0.63378906,-0.34449416,LCC-FASD external-dev / cross-domain stress set,-0.6198028028011322,1.0,1.0
FT720P_id12_s0_120.png,0,VALID,0.2052002,0.23828125,-0.41064453,-0.45350492,LCC-FASD external-dev / cross-domain stress set,-0.6198028028011322,1.0,1.0
FT720P_id12_s0_135.png,0,VALID,0.122558594,0.31298828,-0.47729492,-0.5645529,LCC-FASD external-dev / cross-domain stress set,-0.6198028028011322,1.0,1.0
FT720P_id12_s0_150.png,0,VALID,0.23376465,0.3359375,-0.5878906,-0.43649733,LCC-FASD external-dev / cross-domain stress set,-0.6198028028011322,1.0,1.0
FT720P_id12_s1_15.png,0,VALID,0.11303711,0.89746094,-1.0292969,-0.9203694,LCC-FASD external-dev / cross-domain stress set,-0.6198028028011322,0.0,0.0
FT720P_id12_s1_30.png,0,VALID,0.044006348,0.87939453,-0.9868164,-0.97923636,LCC-FASD external-dev / cross-domain stress set,-0.6198028028011322,0.0,0.0
FT720P_id12_s1_45.png,0,VALID,0.17077637,0.66015625,-0.86376953,-0.686471,LCC-FASD external-dev / cross-domain stress set,-0.6198028028011322,0.0,0.0
FT720P_id12_s1_60.png,0,VALID,0.52490234,0.46948242,-0.9584961,-0.15952468,LCC-FASD external-dev / cross-domain stress set,-0.6198028028011322,1.0,1.0
FT720P_id12_s1_75.png,0,VALID,0.61328125,0.14819336,-0.7163086,0.11354315,LCC-FASD external-dev / cross-domain stress set,-0.6198028028011322,1.0,1.0
FT720P_id12_s1_90.png,0,VALID,0.22583008,0.46826172,-0.7519531,-0.5010711,LCC-FASD external-dev / cross-domain stress set,-0.6198028028011322,1.0,1.0
FT720P_id12_s1_105.png,0,VALID,0.26245117,0.36328125,-0.6425781,-0.41251928,LCC-FASD external-dev / cross-domain stress set,-0.6198028028011322,1.0,1.0
FT720P_id12_s1_120.png,0,VALID,0.37939453,0.4921875,-0.8276367,-0.3495887,LCC-FASD external-dev / cross-domain stress set,-0.6198028028011322,1.0,1.0
FT720P_id12_s1_135.png,0,VALID,0.24584961,0.6245117,-0.85302734,-0.5842106,LCC-FASD external-dev / cross-domain stress set,-0.6198028028011322,1.0,1.0
FT720P_id12_s1_150.png,0,VALID,0.00982666,0.6435547,-0.69628906,-0.8663359,LCC-FASD external-dev / cross-domain stress set,-0.6198028028011322,0.0,0.0
FT720P_id12_s2_15.png,0,VALID,0.062438965,0.5605469,-0.72998047,-0.74115264,LCC-FASD external-dev / cross-domain stress set,-0.6198028028011322,0.0,0.0
FT720P_id12_s2_30.png,0,VALID,-0.15100098,0.55859375,-0.50146484,-1.0070555,LCC-FASD external-dev / cross-domain stress set,-0.6198028028011322,0.0,0.0
FT720P_id12_s2_45.png,0,VALID,0.04208374,0.5600586,-0.7060547,-0.7663379,LCC-FASD external-dev / cross-domain stress set,-0.6198028028011322,0.0,0.0
FT720P_id12_s2_60.png,0,VALID,0.03250122,0.45288086,-0.5678711,-0.72810245,LCC-FASD external-dev / cross-domain stress set,-0.6198028028011322,0.0,0.0
FT720P_id12_s2_75.png,0,VALID,-0.2854004,0.6542969,-0.3408203,-1.2542745,LCC-FASD external-dev / cross-domain stress set,-0.6198028028011322,0.0,0.0
FT720P_id12_s2_90.png,0,VALID,-0.4572754,0.8671875,-0.5283203,-1.5457705,LCC-FASD external-dev / cross-domain stress set,-0.6198028028011322,0.0,0.0
FT720P_id12_s2_105.png,0,VALID,-0.13098145,0.5942383,-0.4958496,-1.0150397,LCC-FASD external-dev / cross-domain stress set,-0.6198028028011322,0.0,0.0
FT720P_id12_s2_120.png,0,VALID,0.013145447,0.2956543,-0.3330078,-0.70993423,LCC-FASD external-dev / cross-domain stress set,-0.6198028028011322,0.0,0.0
FT720P_id12_s2_135.png,0,VALID,-0.3154297,0.7363281,-0.5336914,-1.299263,LCC-FASD external-dev / cross-domain stress set,-0.6198028028011322,0.0,0.0
FT720P_id12_s2_150.png,0,VALID,-0.24353027,0.55126953,-0.3671875,-1.1306536,LCC-FASD external-dev / cross-domain stress set,-0.6198028028011322,0.0,0.0
AGL752VM_id147_s0_15.png,0,VALID,-0.49975586,0.5800781,-0.2211914,-1.4505413,LCC-FASD external-dev / cross-domain stress set,-0.6198028028011322,0.0,0.0
AGL752VM_id147_s0_30.png,0,VALID,-0.26635742,0.51464844,-0.3515625,-1.1320443,LCC-FASD external-dev / cross-domain stress set,-0.6198028028011322,0.0,0.0
AGL752VM_id147_s0_45.png,0,VALID,-0.45043945,0.56347656,-0.14489746,-1.4143312,LCC-FASD external-dev / cross-domain stress set,-0.6198028028011322,0.0,0.0
AGL752VM_id147_s0_60.png,0,VALID,0.22167969,0.29003906,-0.5083008,-0.43997502,LCC-FASD external-dev / cross-domain stress set,-0.6198028028011322,1.0,1.0
AGL752VM_id147_s0_75.png,0,VALID,0.5961914,0.084472656,-0.63134766,0.11375436,LCC-FASD external-dev / cross-domain stress set,-0.6198028028011322,1.0,1.0
AGL752VM_id147_s0_90.png,0,VALID,0.6826172,0.054504395,-0.7001953,0.24274716,LCC-FASD external-dev / cross-domain stress set,-0.6198028028011322,1.0,1.0
AGL752VM_id147_s0_105.png,0,VALID,0.32641602,0.028640747,-0.3383789,-0.22860634,LCC-FASD external-dev / cross-domain stress set,-0.6198028028011322,1.0,1.0
AGL752VM_id147_s0_120.png,0,VALID,-0.019821167,0.27929688,-0.3564453,-0.72408664,LCC-FASD external-dev / cross-domain stress set,-0.6198028028011322,0.0,0.0
AGL752VM_id147_s0_135.png,0,VALID,0.47436523,0.024810791,-0.5185547,-0.008370459,LCC-FASD external-dev / cross-domain stress set,-0.6198028028011322,1.0,1.0
AGL752VM_id147_s0_150.png,0,VALID,0.60253906,-0.06323242,-0.4855957,0.16167092,LCC-FASD external-dev / cross-domain stress set,-0.6198028028011322,1.0,1.0
FT720P_id0_s0_15.png,0,VALID,-0.14733887,1.5927734,-1.6943359,-1.776793,LCC-FASD external-dev / cross-domain stress set,-0.6198028028011322,0.0,0.0
FT720P_id0_s0_30.png,0,VALID,-0.10632324,1.7324219,-1.9375,-1.8639045,LCC-FASD external-dev / cross-domain stress set,-0.6198028028011322,0.0,0.0
FT720P_id0_s0_45.png,0,VALID,0.31640625,1.2685547,-1.8564453,-0.9951476,LCC-FASD external-dev / cross-domain stress set,-0.6198028028011322,0.0,0.0
FT720P_id0_s0_60.png,0,VALID,0.31396484,1.4287109,-1.9921875,-1.1469064,LCC-FASD external-dev / cross-domain stress set,-0.6198028028011322,0.0,0.0
FT720P_id0_s0_75.png,0,VALID,0.4025879,1.2578125,-1.9003906,-0.8968482,LCC-FASD external-dev / cross-domain stress set,-0.6198028028011322,0.0,0.0
FT720P_id0_s0_90.png,0,VALID,0.60498047,1.1689453,-1.9873047,-0.6056682,LCC-FASD external-dev / cross-domain stress set,-0.6198028028011322,1.0,1.0
FT720P_id0_s0_105.png,0,VALID,0.35668945,1.4453125,-2.0507812,-1.1184881,LCC-FASD external-dev / cross-domain stress set,-0.6198028028011322,0.0,0.0
FT720P_id0_s0_120.png,0,VALID,0.2980957,1.2929688,-1.8164062,-1.0385348,LCC-FASD external-dev / cross-domain stress set,-0.6198028028011322,0.0,0.0
FT720P_id0_s0_135.png,0,VALID,0.33276367,1.3408203,-1.9501953,-1.0445969,LCC-FASD external-dev / cross-domain stress set,-0.6198028028011322,0.0,0.0
FT720P_id0_s0_150.png,0,VALID,0.26513672,1.5410156,-2.1015625,-1.3017267,LCC-FASD external-dev / cross-domain stress set,-0.6198028028011322,0.0,0.0
FT720P_id0_s1_15.png,0,VALID,-0.7363281,1.7373047,-1.3701172,-2.5173779,LCC-FASD external-dev / cross-domain stress set,-0.6198028028011322,0.0,0.0
FT720P_id0_s1_30.png,0,VALID,-0.8203125,1.7402344,-1.2773438,-2.6083074,LCC-FASD external-dev / cross-domain stress set,-0.6198028028011322,0.0,0.0
FT720P_id0_s1_45.png,0,VALID,-0.8251953,2.0058594,-1.5449219,-2.8593528,LCC-FASD external-dev / cross-domain stress set,-0.6198028028011322,0.0,0.0
FT720P_id0_s1_60.png,0,VALID,-0.890625,1.9013672,-1.4189453,-2.827496,LCC-FASD external-dev / cross-domain stress set,-0.6198028028011322,0.0,0.0
FT720P_id0_s1_75.png,0,VALID,-1.1240234,2.2988281,-1.6210938,-3.4424999,LCC-FASD external-dev / cross-domain stress set,-0.6198028028011322,0.0,0.0
FT720P_id0_s1_90.png,0,VALID,-0.9736328,2.0585938,-1.5419922,-3.059168,LCC-FASD external-dev / cross-domain stress set,-0.6198028028011322,0.0,0.0
FT720P_id0_s1_105.png,0,VALID,-0.7158203,1.9169922,-1.5947266,-2.6622214,LCC-FASD external-dev / cross-domain stress set,-0.6198028028011322,0.0,0.0
FT720P_id0_s1_120.png,0,VALID,-0.74072266,1.9550781,-1.5478516,-2.7254653,LCC-FASD external-dev / cross-domain stress set,-0.6198028028011322,0.0,0.0
FT720P_id0_s1_135.png,0,VALID,-0.79345703,1.9462891,-1.53125,-2.770162,LCC-FASD external-dev / cross-domain stress set,-0.6198028028011322,0.0,0.0
FT720P_id0_s1_150.png,0,VALID,-0.6591797,1.8066406,-1.4960938,-2.5019426,LCC-FASD external-dev / cross-domain stress set,-0.6198028028011322,0.0,0.0
FT720P_id0_s2_15.png,0,VALID,-0.2944336,0.80078125,-0.5878906,-1.3178834,LCC-FASD external-dev / cross-domain stress set,-0.6198028028011322,0.0,0.0
FT720P_id0_s2_30.png,0,VALID,0.05206299,0.61572266,-0.7583008,-0.78926945,LCC-FASD external-dev / cross-domain stress set,-0.6198028028011322,0.0,0.0
FT720P_id0_s2_105.png,0,VALID,-0.28955078,0.7421875,-0.63964844,-1.2557751,LCC-FASD external-dev / cross-domain stress set,-0.6198028028011322,0.0,0.0
FT720P_id0_s2_120.png,0,VALID,-0.27026367,1.0029297,-0.8901367,-1.4134849,LCC-FASD external-dev / cross-domain stress set,-0.6198028028011322,0.0,0.0
FT720P_id0_s2_135.png,0,VALID,-0.12298584,0.7158203,-0.7265625,-1.0509808,LCC-FASD external-dev / cross-domain stress set,-0.6198028028011322,0.0,0.0
FT720P_id0_s2_150.png,0,VALID,-0.17541504,0.72314453,-0.6972656,-1.1149725,LCC-FASD external-dev / cross-domain stress set,-0.6198028028011322,0.0,0.0
YOUTUBE_id48_s2_15.png,0,VALID,1.2851562,-0.18200684,-1.1328125,1.1404313,LCC-FASD external-dev / cross-domain stress set,-0.6198028028011322,1.0,1.0
YOUTUBE_id48_s2_30.png,0,VALID,0.5415039,1.3027344,-1.8710938,-0.8022218,LCC-FASD external-dev / cross-domain stress set,-0.6198028028011322,0.0,0.0
YOUTUBE_id48_s2_45.png,0,VALID,1.2226562,0.34692383,-1.296875,0.69905627,LCC-FASD external-dev / cross-domain stress set,-0.6198028028011322,1.0,1.0
YOUTUBE_id48_s2_78.png,0,VALID,0.3774414,0.074645996,-0.2980957,-0.22124833,LCC-FASD external-dev / cross-domain stress set,-0.6198028028011322,1.0,1.0
spoof_1793.png,1,VALID,0.79248047,0.08709717,-0.57470703,0.289361,LCC-FASD external-dev / cross-domain stress set,-0.6198028028011322,1.0,0.0
spoof_1794.png,1,VALID,-0.8222656,0.43164062,0.5107422,-1.9873862,LCC-FASD external-dev / cross-domain stress set,-0.6198028028011322,0.0,1.0
spoof_1795.png,1,VALID,0.2746582,0.3803711,-0.61328125,-0.42068577,LCC-FASD external-dev / cross-domain stress set,-0.6198028028011322,1.0,0.0
spoof_1796.png,1,VALID,0.29125977,0.46899414,-0.7890625,-0.4278748,LCC-FASD external-dev / cross-domain stress set,-0.6198028028011322,1.0,0.0
spoof_1797.png,1,VALID,-0.36645508,0.031173706,0.4025879,-1.2936285,LCC-FASD external-dev / cross-domain stress set,-0.6198028028011322,0.0,1.0
spoof_1798.png,1,VALID,-0.3010254,0.6538086,-0.35766602,-1.2650225,LCC-FASD external-dev / cross-domain stress set,-0.6198028028011322,0.0,1.0
spoof_1799.png,1,VALID,-0.1060791,0.20178223,-0.05026245,-0.882906,LCC-FASD external-dev / cross-domain stress set,-0.6198028028011322,0.0,1.0
spoof_1800.png,1,VALID,-0.63134766,1.0292969,-0.5175781,-1.8536689,LCC-FASD external-dev / cross-domain stress set,-0.6198028028011322,0.0,1.0
spoof_1801.png,1,VALID,0.17919922,0.08886719,-0.25048828,-0.44746417,LCC-FASD external-dev / cross-domain stress set,-0.6198028028011322,1.0,0.0
spoof_1802.png,1,VALID,1.0078125,-0.9482422,0.04776001,0.64571404,LCC-FASD external-dev / cross-domain stress set,-0.6198028028011322,1.0,0.0
spoof_1803.png,1,VALID,0.054260254,0.08843994,0.003835678,-0.6859192,LCC-FASD external-dev / cross-domain stress set,-0.6198028028011322,0.0,1.0
spoof_1804.png,1,VALID,0.93847656,-0.48486328,-0.38232422,0.67760944,LCC-FASD external-dev / cross-domain stress set,-0.6198028028011322,1.0,0.0
spoof_1805.png,1,VALID,0.37231445,0.08703613,-0.49169922,-0.15979648,LCC-FASD external-dev / cross-domain stress set,-0.6198028028011322,1.0,0.0
spoof_1806.png,1,VALID,0.22875977,0.27148438,-0.6425781,-0.37983394,LCC-FASD external-dev / cross-domain stress set,-0.6198028028011322,1.0,0.0
spoof_1807.png,1,VALID,0.8564453,-0.7631836,0.03286743,0.45125133,LCC-FASD external-dev / cross-domain stress set,-0.6198028028011322,1.0,0.0
spoof_1808.png,1,VALID,1.3691406,-0.93066406,-0.2512207,1.2103074,LCC-FASD external-dev / cross-domain stress set,-0.6198028028011322,1.0,0.0
spoof_1809.png,1,VALID,0.3725586,0.023025513,-0.30810547,-0.19169235,LCC-FASD external-dev / cross-domain stress set,-0.6198028028011322,1.0,0.0
spoof_1810.png,1,VALID,0.89453125,-0.42578125,-0.33398438,0.5802139,LCC-FASD external-dev / cross-domain stress set,-0.6198028028011322,1.0,0.0
spoof_1811.png,1,VALID,1.2910156,-0.60791016,-0.515625,1.1585718,LCC-FASD external-dev / cross-domain stress set,-0.6198028028011322,1.0,0.0
spoof_1812.png,1,VALID,0.24682617,0.4934082,-0.7739258,-0.4946767,LCC-FASD external-dev / cross-domain stress set,-0.6198028028011322,1.0,0.0
spoof_1813.png,1,VALID,0.47705078,0.16845703,-0.72021484,-0.035847664,LCC-FASD external-dev / cross-domain stress set,-0.6198028028011322,1.0,0.0
spoof_1814.png,1,VALID,0.4765625,-0.07324219,-0.4404297,0.02349174,LCC-FASD external-dev / cross-domain stress set,-0.6198028028011322,1.0,0.0
spoof_1815.png,1,VALID,0.089538574,0.7910156,-0.828125,-0.882188,LCC-FASD external-dev / cross-domain stress set,-0.6198028028011322,0.0,1.0
spoof_1816.png,1,VALID,0.7241211,-0.108947754,-0.6430664,0.37173665,LCC-FASD external-dev / cross-domain stress set,-0.6198028028011322,1.0,0.0
spoof_1817.png,1,VALID,1.4375,-0.73779297,-0.57177734,1.3956968,LCC-FASD external-dev / cross-domain stress set,-0.6198028028011322,1.0,0.0
spoof_1818.png,1,VALID,0.6665039,-0.6948242,0.28710938,0.061241865,LCC-FASD external-dev / cross-domain stress set,-0.6198028028011322,1.0,0.0
spoof_1819.png,1,VALID,0.23876953,-0.06976318,-0.22814941,-0.3085538,LCC-FASD external-dev / cross-domain stress set,-0.6198028028011322,1.0,0.0
spoof_1820.png,1,VALID,0.7470703,0.2355957,-0.87646484,0.22713768,LCC-FASD external-dev / cross-domain stress set,-0.6198028028011322,1.0,0.0
spoof_1821.png,1,VALID,0.69384766,-0.16784668,-0.5019531,0.32171142,LCC-FASD external-dev / cross-domain stress set,-0.6198028028011322,1.0,0.0
spoof_1822.png,1,VALID,1.3212891,-0.45996094,-0.8613281,1.2687831,LCC-FASD external-dev / cross-domain stress set,-0.6198028028011322,1.0,0.0
spoof_1823.png,1,VALID,0.2553711,0.41455078,-0.49047852,-0.4988824,LCC-FASD external-dev / cross-domain stress set,-0.6198028028011322,1.0,0.0
spoof_1824.png,1,VALID,-0.036956787,1.0664062,-1.0429688,-1.217864,LCC-FASD external-dev / cross-domain stress set,-0.6198028028011322,0.0,1.0
spoof_1825.png,1,VALID,-0.56884766,-0.29418945,0.6484375,-1.5463033,LCC-FASD external-dev / cross-domain stress set,-0.6198028028011322,0.0,1.0
spoof_1826.png,1,VALID,-1.3730469,1.5195312,-0.25268555,-3.049544,LCC-FASD external-dev / cross-domain stress set,-0.6198028028011322,0.0,1.0
spoof_1827.png,1,VALID,-0.64160156,0.94970703,-0.2142334,-1.8630544,LCC-FASD external-dev / cross-domain stress set,-0.6198028028011322,0.0,1.0
spoof_1828.png,1,VALID,0.03616333,0.66259766,-0.5439453,-0.8882061,LCC-FASD external-dev / cross-domain stress set,-0.6198028028011322,0.0,1.0
spoof_1829.png,1,VALID,0.115722656,0.4584961,-0.7104492,-0.61333054,LCC-FASD external-dev / cross-domain stress set,-0.6198028028011322,1.0,0.0
spoof_1830.png,1,VALID,0.42578125,0.5136719,-0.9038086,-0.30487424,LCC-FASD external-dev / cross-domain stress set,-0.6198028028011322,1.0,0.0
spoof_1831.png,1,VALID,-1.4423828,1.2646484,0.045532227,-2.9659212,LCC-FASD external-dev / cross-domain stress set,-0.6198028028011322,0.0,1.0
spoof_1832.png,1,VALID,0.30688477,0.11077881,-0.6533203,-0.18626335,LCC-FASD external-dev / cross-domain stress set,-0.6198028028011322,1.0,0.0
spoof_1833.png,1,VALID,0.00793457,0.5175781,-0.69433594,-0.7701808,LCC-FASD external-dev / cross-domain stress set,-0.6198028028011322,0.0,1.0
spoof_1834.png,1,VALID,-0.11376953,1.015625,-0.8442383,-1.2740954,LCC-FASD external-dev / cross-domain stress set,-0.6198028028011322,0.0,1.0
spoof_1835.png,1,VALID,-0.48779297,1.1142578,-0.6074219,-1.7665186,LCC-FASD external-dev / cross-domain stress set,-0.6198028028011322,0.0,1.0
spoof_1836.png,1,VALID,-0.14648438,0.45214844,-0.3630371,-0.9650502,LCC-FASD external-dev / cross-domain stress set,-0.6198028028011322,0.0,1.0
spoof_1837.png,1,VALID,-0.9663086,0.8496094,-0.5004883,-2.0464063,LCC-FASD external-dev / cross-domain stress set,-0.6198028028011322,0.0,1.0
spoof_1838.png,1,VALID,-1.2324219,1.5703125,-0.39208984,-2.9342191,LCC-FASD external-dev / cross-domain stress set,-0.6198028028011322,0.0,1.0
spoof_1839.png,1,VALID,0.009719849,0.9873047,-1.0869141,-1.0959495,LCC-FASD external-dev / cross-domain stress set,-0.6198028028011322,0.0,1.0
spoof_1840.png,1,VALID,-0.06976318,0.57421875,-0.38305664,-0.9689147,LCC-FASD external-dev / cross-domain stress set,-0.6198028028011322,0.0,1.0
spoof_1841.png,1,VALID,0.26000977,0.69970703,-1.0126953,-0.6055776,LCC-FASD external-dev / cross-domain stress set,-0.6198028028011322,1.0,0.0
spoof_1730.png,1,VALID,0.9038086,0.25,-0.91064453,0.38127756,LCC-FASD external-dev / cross-domain stress set,-0.6198028028011322,1.0,0.0
spoof_1731.png,1,VALID,0.8120117,-0.17175293,-0.17211914,0.29080057,LCC-FASD external-dev / cross-domain stress set,-0.6198028028011322,1.0,0.0
spoof_1732.png,1,VALID,-0.080444336,1.1455078,-0.95996094,-1.3408766,LCC-FASD external-dev / cross-domain stress set,-0.6198028028011322,0.0,1.0
spoof_1733.png,1,VALID,-0.6176758,0.71533203,-0.42773438,-1.6097603,LCC-FASD external-dev / cross-domain stress set,-0.6198028028011322,0.0,1.0
spoof_1734.png,1,VALID,-1.0146484,1.625,-0.38232422,-2.765706,LCC-FASD external-dev / cross-domain stress set,-0.6198028028011322,0.0,1.0
spoof_1735.png,1,VALID,0.9042969,-0.19213867,-0.47338867,0.53405803,LCC-FASD external-dev / cross-domain stress set,-0.6198028028011322,1.0,0.0
spoof_1736.png,1,VALID,0.55908203,-0.24401855,-0.13464355,0.053771257,LCC-FASD external-dev / cross-domain stress set,-0.6198028028011322,1.0,0.0
spoof_1737.png,1,VALID,-1.1132812,1.2148438,-0.18286133,-2.548997,LCC-FASD external-dev / cross-domain stress set,-0.6198028028011322,0.0,1.0
spoof_1738.png,1,VALID,-0.7114258,0.2607422,0.21984863,-1.6450775,LCC-FASD external-dev / cross-domain stress set,-0.6198028028011322,0.0,1.0
spoof_1739.png,1,VALID,-0.3088379,1.4882812,-1.0820312,-1.870845,LCC-FASD external-dev / cross-domain stress set,-0.6198028028011322,0.0,1.0
spoof_1740.png,1,VALID,-0.08319092,0.9091797,-0.70458984,-1.1739715,LCC-FASD external-dev / cross-domain stress set,-0.6198028028011322,0.0,1.0
spoof_1741.png,1,VALID,-0.2980957,-0.07977295,0.23059082,-1.0786445,LCC-FASD external-dev / cross-domain stress set,-0.6198028028011322,0.0,1.0
spoof_1742.png,1,VALID,-0.9375,1.2646484,-0.23547363,-2.4035394,LCC-FASD external-dev / cross-domain stress set,-0.6198028028011322,0.0,1.0
spoof_1743.png,1,VALID,0.27856445,0.66015625,-0.6020508,-0.63081527,LCC-FASD external-dev / cross-domain stress set,-0.6198028028011322,0.0,1.0
spoof_1744.png,1,VALID,0.14465332,0.5205078,-0.6201172,-0.65319765,LCC-FASD external-dev / cross-domain stress set,-0.6198028028011322,0.0,1.0
spoof_1745.png,1,VALID,0.2890625,0.6074219,-0.84716797,-0.52821183,LCC-FASD external-dev / cross-domain stress set,-0.6198028028011322,1.0,0.0
spoof_1746.png,1,VALID,-0.46728516,0.9042969,-0.25146484,-1.64528,LCC-FASD external-dev / cross-domain stress set,-0.6198028028011322,0.0,1.0
spoof_1747.png,1,VALID,-0.48876953,0.6591797,-0.50634766,-1.4193177,LCC-FASD external-dev / cross-domain stress set,-0.6198028028011322,0.0,1.0
spoof_1748.png,1,VALID,0.092163086,0.61816406,-0.88623047,-0.726614,LCC-FASD external-dev / cross-domain stress set,-0.6198028028011322,0.0,1.0
spoof_1749.png,1,VALID,-1.1162109,1.4257812,-0.38793945,-2.693035,LCC-FASD external-dev / cross-domain stress set,-0.6198028028011322,0.0,1.0
spoof_1750.png,1,VALID,1.8603516,-0.21020508,-1.5390625,1.8356588,LCC-FASD external-dev / cross-domain stress set,-0.6198028028011322,1.0,0.0
spoof_1751.png,1,VALID,1.2265625,-0.5527344,-0.6748047,1.1453234,LCC-FASD external-dev / cross-domain stress set,-0.6198028028011322,1.0,0.0
spoof_1752.png,1,NO_VALID_FACE,,,,,LCC-FASD external-dev / cross-domain stress set,-0.6198028028011322,,
spoof_1753.png,1,VALID,0.8198242,-0.036590576,-0.6777344,0.43331304,LCC-FASD external-dev / cross-domain stress set,-0.6198028028011322,1.0,0.0
spoof_1754.png,1,VALID,1.4863281,-1.0458984,-0.3840332,1.4543598,LCC-FASD external-dev / cross-domain stress set,-0.6198028028011322,1.0,0.0
spoof_1755.png,1,VALID,1.9501953,-0.47729492,-1.2832031,2.0582175,LCC-FASD external-dev / cross-domain stress set,-0.6198028028011322,1.0,0.0
spoof_1756.png,1,VALID,0.24951172,0.24926758,-0.40820312,-0.41725516,LCC-FASD external-dev / cross-domain stress set,-0.6198028028011322,1.0,0.0
spoof_1757.png,1,VALID,1.4453125,-0.33618164,-1.0830078,1.3936038,LCC-FASD external-dev / cross-domain stress set,-0.6198028028011322,1.0,0.0
spoof_1758.png,1,VALID,1.2519531,-0.5649414,-0.7631836,1.2179639,LCC-FASD external-dev / cross-domain stress set,-0.6198028028011322,1.0,0.0
spoof_1759.png,1,VALID,0.8808594,-0.14221191,-0.7973633,0.60477984,LCC-FASD external-dev / cross-domain stress set,-0.6198028028011322,1.0,0.0
spoof_1760.png,1,VALID,0.4802246,-0.024810791,-0.32788086,-0.04801452,LCC-FASD external-dev / cross-domain stress set,-0.6198028028011322,1.0,0.0
spoof_1761.png,1,VALID,1.0380859,0.21691895,-1.3154297,0.6255774,LCC-FASD external-dev / cross-domain stress set,-0.6198028028011322,1.0,0.0
spoof_1762.png,1,VALID,0.6435547,0.19702148,-1.0683594,0.19800904,LCC-FASD external-dev / cross-domain stress set,-0.6198028028011322,1.0,0.0
spoof_1763.png,1,VALID,2.3535156,-0.46557617,-1.7324219,2.5708897,LCC-FASD external-dev / cross-domain stress set,-0.6198028028011322,1.0,0.0
spoof_1764.png,1,VALID,0.54541016,0.34887695,-0.69384766,-0.1054163,LCC-FASD external-dev / cross-domain stress set,-0.6198028028011322,1.0,0.0
spoof_1765.png,1,VALID,0.5126953,0.18029785,-0.61572266,-0.03993863,LCC-FASD external-dev / cross-domain stress set,-0.6198028028011322,1.0,0.0
spoof_1766.png,1,VALID,0.6035156,0.0062179565,-0.4416504,0.10321826,LCC-FASD external-dev / cross-domain stress set,-0.6198028028011322,1.0,0.0
spoof_1767.png,1,VALID,0.6357422,-0.3022461,-0.25634766,0.2216286,LCC-FASD external-dev / cross-domain stress set,-0.6198028028011322,1.0,0.0
spoof_1768.png,1,VALID,-2.6035156,2.03125,-0.13867188,-4.7428904,LCC-FASD external-dev / cross-domain stress set,-0.6198028028011322,0.0,1.0
spoof_1769.png,1,VALID,-1.6865234,1.1630859,0.074157715,-3.1397214,LCC-FASD external-dev / cross-domain stress set,-0.6198028028011322,0.0,1.0
spoof_1770.png,1,VALID,0.5800781,-0.19921875,-0.27685547,0.12421477,LCC-FASD external-dev / cross-domain stress set,-0.6198028028011322,1.0,0.0
spoof_1771.png,1,VALID,0.047546387,0.2775879,-0.32739258,-0.66576755,LCC-FASD external-dev / cross-domain stress set,-0.6198028028011322,0.0,1.0
spoof_1772.png,1,VALID,-1.0439453,1.0185547,-0.38452148,-2.2823095,LCC-FASD external-dev / cross-domain stress set,-0.6198028028011322,0.0,1.0
spoof_1773.png,1,VALID,0.60009766,-0.39135742,-0.16418457,0.1782844,LCC-FASD external-dev / cross-domain stress set,-0.6198028028011322,1.0,0.0
spoof_1774.png,1,VALID,-1.4541016,1.9189453,-0.984375,-3.426437,LCC-FASD external-dev / cross-domain stress set,-0.6198028028011322,0.0,1.0
spoof_1775.png,1,VALID,1.0234375,0.119506836,-1.078125,0.6400995,LCC-FASD external-dev / cross-domain stress set,-0.6198028028011322,1.0,0.0
spoof_1776.png,1,VALID,1.1660156,0.0069503784,-1.25,0.90867984,LCC-FASD external-dev / cross-domain stress set,-0.6198028028011322,1.0,0.0
spoof_1777.png,1,VALID,0.7602539,0.26391602,-0.75,0.18679976,LCC-FASD external-dev / cross-domain stress set,-0.6198028028011322,1.0,0.0
spoof_1778.png,1,VALID,0.12384033,0.22192383,-0.37646484,-0.5361427,LCC-FASD external-dev / cross-domain stress set,-0.6198028028011322,1.0,0.0
spoof_1779.png,1,VALID,-0.65771484,0.023452759,0.7631836,-1.8110754,LCC-FASD external-dev / cross-domain stress set,-0.6198028028011322,0.0,1.0
spoof_1780.png,1,VALID,-0.15002441,1.0244141,-0.93310547,-1.3065261,LCC-FASD external-dev / cross-domain stress set,-0.6198028028011322,0.0,1.0
spoof_1781.png,1,VALID,-0.75683594,0.8671875,-0.24291992,-1.9088441,LCC-FASD external-dev / cross-domain stress set,-0.6198028028011322,0.0,1.0
spoof_1782.png,1,VALID,-0.55078125,0.4650879,0.15185547,-1.5646147,LCC-FASD external-dev / cross-domain stress set,-0.6198028028011322,0.0,1.0
spoof_1783.png,1,VALID,0.44335938,0.32885742,-0.7915039,-0.16778696,LCC-FASD external-dev / cross-domain stress set,-0.6198028028011322,1.0,0.0
spoof_1784.png,1,VALID,-0.65771484,0.5151367,0.19921875,-1.7204638,LCC-FASD external-dev / cross-domain stress set,-0.6198028028011322,0.0,1.0
spoof_1673.png,1,VALID,0.3720703,1.1904297,-1.5927734,-0.87836266,LCC-FASD external-dev / cross-domain stress set,-0.6198028028011322,0.0,1.0
spoof_1674.png,1,VALID,-0.48339844,1.828125,-1.5322266,-2.3456573,LCC-FASD external-dev / cross-domain stress set,-0.6198028028011322,0.0,1.0
spoof_1675.png,1,VALID,-0.9711914,1.0527344,-0.088256836,-2.3011804,LCC-FASD external-dev / cross-domain stress set,-0.6198028028011322,0.0,1.0
spoof_1676.png,1,VALID,0.22949219,0.40014648,-0.6748047,-0.46430433,LCC-FASD external-dev / cross-domain stress set,-0.6198028028011322,1.0,0.0
spoof_1677.png,1,VALID,0.058135986,0.98339844,-1.0361328,-1.0498822,LCC-FASD external-dev / cross-domain stress set,-0.6198028028011322,0.0,1.0
spoof_1678.png,1,VALID,-1.0351562,1.328125,-0.42700195,-2.522748,LCC-FASD external-dev / cross-domain stress set,-0.6198028028011322,0.0,1.0
spoof_1679.png,1,VALID,-0.5317383,2.2128906,-1.9365234,-2.7602794,LCC-FASD external-dev / cross-domain stress set,-0.6198028028011322,0.0,1.0
spoof_1680.png,1,VALID,0.37719727,0.84716797,-1.0439453,-0.61051816,LCC-FASD external-dev / cross-domain stress set,-0.6198028028011322,1.0,0.0
spoof_1681.png,1,VALID,0.07110596,0.33691406,-0.43408203,-0.64599097,LCC-FASD external-dev / cross-domain stress set,-0.6198028028011322,0.0,1.0
spoof_1682.png,1,VALID,0.072143555,0.5644531,-0.7128906,-0.73821366,LCC-FASD external-dev / cross-domain stress set,-0.6198028028011322,0.0,1.0
spoof_1683.png,1,VALID,-0.71435547,0.71484375,-0.12670898,-1.7876012,LCC-FASD external-dev / cross-domain stress set,-0.6198028028011322,0.0,1.0
spoof_1684.png,1,VALID,-1.2558594,1.6210938,-0.6020508,-2.9797516,LCC-FASD external-dev / cross-domain stress set,-0.6198028028011322,0.0,1.0
spoof_1685.png,1,VALID,-0.85595703,2.3886719,-1.8496094,-3.258958,LCC-FASD external-dev / cross-domain stress set,-0.6198028028011322,0.0,1.0
spoof_1686.png,1,VALID,-1.2763672,1.2988281,-0.23291016,-2.7708933,LCC-FASD external-dev / cross-domain stress set,-0.6198028028011322,0.0,1.0
spoof_1687.png,1,VALID,0.68652344,0.6010742,-1.1308594,-0.0774703,LCC-FASD external-dev / cross-domain stress set,-0.6198028028011322,1.0,0.0
spoof_1688.png,1,VALID,1.0761719,0.36767578,-1.1806641,0.5157288,LCC-FASD external-dev / cross-domain stress set,-0.6198028028011322,1.0,0.0
spoof_1689.png,1,VALID,0.49316406,0.29956055,-0.7192383,-0.11463702,LCC-FASD external-dev / cross-domain stress set,-0.6198028028011322,1.0,0.0
spoof_1690.png,1,VALID,-0.018310547,0.7104492,-0.78564453,-0.93088675,LCC-FASD external-dev / cross-domain stress set,-0.6198028028011322,0.0,1.0
spoof_1691.png,1,VALID,-1.0244141,0.93603516,-0.11401367,-2.260495,LCC-FASD external-dev / cross-domain stress set,-0.6198028028011322,0.0,1.0
spoof_1692.png,1,VALID,-0.58691406,2.2558594,-1.9638672,-2.8573692,LCC-FASD external-dev / cross-domain stress set,-0.6198028028011322,0.0,1.0
spoof_1693.png,1,VALID,0.8442383,-0.13928223,-0.58154297,0.48725107,LCC-FASD external-dev / cross-domain stress set,-0.6198028028011322,1.0,0.0
spoof_1694.png,1,VALID,0.39794922,0.4584961,-1.0498047,-0.26045102,LCC-FASD external-dev / cross-domain stress set,-0.6198028028011322,1.0,0.0
spoof_1695.png,1,VALID,-0.017303467,0.23779297,-0.14575195,-0.7747479,LCC-FASD external-dev / cross-domain stress set,-0.6198028028011322,0.0,1.0
spoof_1696.png,1,VALID,0.10247803,-0.047912598,-0.16625977,-0.48533267,LCC-FASD external-dev / cross-domain stress set,-0.6198028028011322,1.0,0.0
spoof_1697.png,1,VALID,0.9941406,-0.07220459,-0.79345703,0.670161,LCC-FASD external-dev / cross-domain stress set,-0.6198028028011322,1.0,0.0
spoof_1698.png,1,VALID,-0.8564453,0.6689453,-0.07849121,-1.9130847,LCC-FASD external-dev / cross-domain stress set,-0.6198028028011322,0.0,1.0
spoof_1699.png,1,VALID,0.49804688,-0.52197266,0.28930664,-0.15887713,LCC-FASD external-dev / cross-domain stress set,-0.6198028028011322,1.0,0.0
spoof_1700.png,1,VALID,0.27612305,0.09063721,-0.20410156,-0.3711118,LCC-FASD external-dev / cross-domain stress set,-0.6198028028011322,1.0,0.0
spoof_1701.png,1,VALID,0.9707031,-0.43847656,-0.44360352,0.7185927,LCC-FASD external-dev / cross-domain stress set,-0.6198028028011322,1.0,0.0
spoof_1702.png,1,VALID,-0.0020751953,0.46899414,-0.23669434,-0.87237144,LCC-FASD external-dev / cross-domain stress set,-0.6198028028011322,0.0,1.0
spoof_1703.png,1,VALID,0.5708008,-0.35498047,-0.06555176,0.077484965,LCC-FASD external-dev / cross-domain stress set,-0.6198028028011322,1.0,0.0
spoof_1704.png,1,VALID,-0.013496399,0.06829834,0.19848633,-0.8421531,LCC-FASD external-dev / cross-domain stress set,-0.6198028028011322,0.0,1.0
spoof_1705.png,1,VALID,-0.26293945,0.66748047,-0.5883789,-1.1810471,LCC-FASD external-dev / cross-domain stress set,-0.6198028028011322,0.0,1.0
spoof_1706.png,1,VALID,1.1699219,-0.32763672,-0.73535156,0.9876323,LCC-FASD external-dev / cross-domain stress set,-0.6198028028011322,1.0,0.0
spoof_1707.png,1,VALID,0.06097412,0.6171875,-0.94091797,-0.7472755,LCC-FASD external-dev / cross-domain stress set,-0.6198028028011322,0.0,1.0
spoof_1708.png,1,VALID,-0.54003906,0.81591797,-0.39404297,-1.6169426,LCC-FASD external-dev / cross-domain stress set,-0.6198028028011322,0.0,1.0
spoof_1709.png,1,VALID,0.42358398,0.08276367,-0.39233398,-0.14273131,LCC-FASD external-dev / cross-domain stress set,-0.6198028028011322,1.0,0.0
spoof_1710.png,1,VALID,0.5029297,0.39892578,-0.7675781,-0.1671325,LCC-FASD external-dev / cross-domain stress set,-0.6198028028011322,1.0,0.0
spoof_1711.png,1,VALID,0.28198242,0.1427002,-0.31225586,-0.35203993,LCC-FASD external-dev / cross-domain stress set,-0.6198028028011322,1.0,0.0
spoof_1712.png,1,VALID,1.3496094,-0.041168213,-1.1513672,1.1059797,LCC-FASD external-dev / cross-domain stress set,-0.6198028028011322,1.0,0.0
spoof_1713.png,1,VALID,-1.3974609,1.5195312,-0.39916992,-3.0539656,LCC-FASD external-dev / cross-domain stress set,-0.6198028028011322,0.0,1.0
spoof_1714.png,1,VALID,-0.066833496,-0.09051514,0.2998047,-0.88354945,LCC-FASD external-dev / cross-domain stress set,-0.6198028028011322,0.0,1.0
spoof_1715.png,1,VALID,0.6904297,0.0869751,-0.50878906,0.16446364,LCC-FASD external-dev / cross-domain stress set,-0.6198028028011322,1.0,0.0
spoof_1716.png,1,VALID,0.44482422,0.2788086,-0.47045898,-0.22109044,LCC-FASD external-dev / cross-domain stress set,-0.6198028028011322,1.0,0.0
spoof_1717.png,1,VALID,1.5351562,-0.06652832,-1.2265625,1.3290079,LCC-FASD external-dev / cross-domain stress set,-0.6198028028011322,1.0,0.0
spoof_1718.png,1,VALID,1.0878906,-0.35205078,-0.45043945,0.794779,LCC-FASD external-dev / cross-domain stress set,-0.6198028028011322,1.0,0.0
spoof_1719.png,1,VALID,0.31640625,-0.11437988,-0.09893799,-0.2701118,LCC-FASD external-dev / cross-domain stress set,-0.6198028028011322,1.0,0.0
spoof_1720.png,1,VALID,1.0644531,-0.34448242,-0.5053711,0.7930006,LCC-FASD external-dev / cross-domain stress set,-0.6198028028011322,1.0,0.0
spoof_1721.png,1,VALID,1.2949219,-0.7163086,-0.59521484,1.2557046,LCC-FASD external-dev / cross-domain stress set,-0.6198028028011322,1.0,0.0
spoof_1722.png,1,VALID,0.4230957,0.29052734,-0.4091797,-0.27071488,LCC-FASD external-dev / cross-domain stress set,-0.6198028028011322,1.0,0.0
spoof_1723.png,1,VALID,-0.9711914,1.7167969,-0.8183594,-2.764254,LCC-FASD external-dev / cross-domain stress set,-0.6198028028011322,0.0,1.0
spoof_1724.png,1,VALID,1.4794922,-0.37353516,-0.9433594,1.4047424,LCC-FASD external-dev / cross-domain stress set,-0.6198028028011322,1.0,0.0
spoof_1725.png,1,VALID,0.18237305,0.45507812,-0.44726562,-0.61318207,LCC-FASD external-dev / cross-domain stress set,-0.6198028028011322,1.0,0.0
spoof_1726.png,1,VALID,1.4306641,-0.12915039,-1.0351562,1.2203928,LCC-FASD external-dev / cross-domain stress set,-0.6198028028011322,1.0,0.0
spoof_1727.png,1,VALID,0.11456299,-0.33203125,0.26953125,-0.59190285,LCC-FASD external-dev / cross-domain stress set,-0.6198028028011322,1.0,0.0
spoof_1728.png,1,VALID,0.2770996,-0.15759277,0.09429932,-0.39231116,LCC-FASD external-dev / cross-domain stress set,-0.6198028028011322,1.0,0.0
spoof_1729.png,1,VALID,-0.80029297,1.1845703,-0.53027344,-2.1503708,LCC-FASD external-dev / cross-domain stress set,-0.6198028028011322,0.0,1.0
spoof_1619.png,1,VALID,1.7148438,-0.45214844,-1.1435547,1.7609465,LCC-FASD external-dev / cross-domain stress set,-0.6198028028011322,1.0,0.0
spoof_1620.png,1,VALID,1.4609375,-0.12359619,-1.3037109,1.316613,LCC-FASD external-dev / cross-domain stress set,-0.6198028028011322,1.0,0.0
spoof_1621.png,1,VALID,0.12963867,-0.18896484,-0.0031738281,-0.47174782,LCC-FASD external-dev / cross-domain stress set,-0.6198028028011322,1.0,0.0
spoof_1622.png,1,VALID,-1.0986328,1.6689453,-0.95654297,-2.8374815,LCC-FASD external-dev / cross-domain stress set,-0.6198028028011322,0.0,1.0
spoof_1623.png,1,VALID,-1.1923828,0.93310547,0.18676758,-2.5135357,LCC-FASD external-dev / cross-domain stress set,-0.6198028028011322,0.0,1.0
spoof_1624.png,1,VALID,-0.21948242,0.07727051,0.19689941,-1.0515025,LCC-FASD external-dev / cross-domain stress set,-0.6198028028011322,0.0,1.0
spoof_1625.png,1,VALID,-1.7763672,1.3994141,0.12963867,-3.42334,LCC-FASD external-dev / cross-domain stress set,-0.6198028028011322,0.0,1.0
spoof_1626.png,1,VALID,-0.09899902,-0.041290283,0.22229004,-0.8913054,LCC-FASD external-dev / cross-domain stress set,-0.6198028028011322,0.0,1.0
spoof_1627.png,1,VALID,-1.8486328,0.56347656,1.2236328,-3.4888492,LCC-FASD external-dev / cross-domain stress set,-0.6198028028011322,0.0,1.0
spoof_1628.png,1,VALID,-0.81933594,0.39331055,0.39624023,-1.9072596,LCC-FASD external-dev / cross-domain stress set,-0.6198028028011322,0.0,1.0
spoof_1629.png,1,VALID,0.18859863,1.2304688,-1.3710938,-1.1134069,LCC-FASD external-dev / cross-domain stress set,-0.6198028028011322,0.0,1.0
spoof_1630.png,1,VALID,-0.64404297,0.25830078,0.49536133,-1.7210295,LCC-FASD external-dev / cross-domain stress set,-0.6198028028011322,0.0,1.0
spoof_1631.png,1,VALID,-0.703125,0.81884766,-0.21130371,-1.8272144,LCC-FASD external-dev / cross-domain stress set,-0.6198028028011322,0.0,1.0
spoof_1632.png,1,VALID,-1.2607422,1.2744141,-0.13293457,-2.7541242,LCC-FASD external-dev / cross-domain stress set,-0.6198028028011322,0.0,1.0
spoof_1633.png,1,VALID,-0.6928711,0.29370117,0.42089844,-1.7453392,LCC-FASD external-dev / cross-domain stress set,-0.6198028028011322,0.0,1.0
spoof_1634.png,1,VALID,-0.015342712,0.796875,-0.7998047,-0.99667704,LCC-FASD external-dev / cross-domain stress set,-0.6198028028011322,0.0,1.0
spoof_1635.png,1,VALID,0.15393066,0.33398438,-0.3635254,-0.58406675,LCC-FASD external-dev / cross-domain stress set,-0.6198028028011322,1.0,0.0
spoof_1636.png,1,VALID,-0.10900879,0.09454346,-0.084472656,-0.8111919,LCC-FASD external-dev / cross-domain stress set,-0.6198028028011322,0.0,1.0
spoof_1637.png,1,VALID,-0.43896484,0.20458984,0.26245117,-1.366051,LCC-FASD external-dev / cross-domain stress set,-0.6198028028011322,0.0,1.0
spoof_1638.png,1,VALID,-1.4980469,1.3847656,-0.18310547,-3.0721831,LCC-FASD external-dev / cross-domain stress set,-0.6198028028011322,0.0,1.0
spoof_1639.png,1,VALID,0.45239258,-0.10699463,-0.41577148,0.008757591,LCC-FASD external-dev / cross-domain stress set,-0.6198028028011322,1.0,0.0
spoof_1640.png,1,VALID,0.6328125,-0.27514648,-0.24060059,0.19738972,LCC-FASD external-dev / cross-domain stress set,-0.6198028028011322,1.0,0.0
spoof_1641.png,1,VALID,-0.7841797,1.2490234,-0.49169922,-2.194806,LCC-FASD external-dev / cross-domain stress set,-0.6198028028011322,0.0,1.0
spoof_1642.png,1,VALID,-0.7006836,1.2197266,-0.49145508,-2.086477,LCC-FASD external-dev / cross-domain stress set,-0.6198028028011322,0.0,1.0
spoof_1643.png,1,VALID,0.034423828,0.49975586,-0.7294922,-0.72191995,LCC-FASD external-dev / cross-domain stress set,-0.6198028028011322,0.0,1.0
spoof_1644.png,1,VALID,2.2539062,-0.28833008,-2.0332031,2.3812516,LCC-FASD external-dev / cross-domain stress set,-0.6198028028011322,1.0,0.0
spoof_1645.png,1,VALID,1.0058594,0.66259766,-1.5507812,0.23950487,LCC-FASD external-dev / cross-domain stress set,-0.6198028028011322,1.0,0.0
spoof_1646.png,1,VALID,0.49243164,0.48950195,-0.9433594,-0.21107233,LCC-FASD external-dev / cross-domain stress set,-0.6198028028011322,1.0,0.0
spoof_1647.png,1,VALID,0.018859863,0.76171875,-0.8730469,-0.9210034,LCC-FASD external-dev / cross-domain stress set,-0.6198028028011322,0.0,1.0
spoof_1648.png,1,VALID,0.046020508,0.94970703,-1.2822266,-1.0056298,LCC-FASD external-dev / cross-domain stress set,-0.6198028028011322,0.0,1.0
spoof_1649.png,1,VALID,-0.09674072,-0.22717285,0.609375,-1.0660279,LCC-FASD external-dev / cross-domain stress set,-0.6198028028011322,0.0,1.0
spoof_1650.png,1,VALID,-0.88134766,1.2929688,-0.69677734,-2.3024724,LCC-FASD external-dev / cross-domain stress set,-0.6198028028011322,0.0,1.0
spoof_1651.png,1,VALID,0.7993164,0.5932617,-1.3232422,0.06879985,LCC-FASD external-dev / cross-domain stress set,-0.6198028028011322,1.0,0.0
spoof_1652.png,1,VALID,1.9375,0.1352539,-2.0625,1.6969385,LCC-FASD external-dev / cross-domain stress set,-0.6198028028011322,1.0,0.0
spoof_1653.png,1,VALID,-0.8300781,1.2929688,-0.7290039,-2.247381,LCC-FASD external-dev / cross-domain stress set,-0.6198028028011322,0.0,1.0
spoof_1654.png,1,VALID,1.9257812,0.07489014,-1.8232422,1.7112612,LCC-FASD external-dev / cross-domain stress set,-0.6198028028011322,1.0,0.0
spoof_1655.png,1,VALID,0.67626953,0.65527344,-1.3027344,-0.111031055,LCC-FASD external-dev / cross-domain stress set,-0.6198028028011322,1.0,0.0
spoof_1656.png,1,VALID,0.1607666,-0.24206543,-0.0077667236,-0.41431087,LCC-FASD external-dev / cross-domain stress set,-0.6198028028011322,1.0,0.0
spoof_1657.png,1,VALID,0.036712646,0.118652344,0.13537598,-0.7834836,LCC-FASD external-dev / cross-domain stress set,-0.6198028028011322,0.0,1.0
spoof_1658.png,1,VALID,0.5805664,0.77978516,-1.4921875,-0.297351,LCC-FASD external-dev / cross-domain stress set,-0.6198028028011322,1.0,0.0
spoof_1659.png,1,VALID,0.32250977,0.4321289,-0.9223633,-0.33920455,LCC-FASD external-dev / cross-domain stress set,-0.6198028028011322,1.0,0.0
spoof_1660.png,1,VALID,0.66503906,-0.14477539,-0.20776367,0.14766556,LCC-FASD external-dev / cross-domain stress set,-0.6198028028011322,1.0,0.0
spoof_1661.png,1,VALID,0.8027344,-0.020477295,-0.6020508,0.37915546,LCC-FASD external-dev / cross-domain stress set,-0.6198028028011322,1.0,0.0
spoof_1662.png,1,VALID,0.0597229,1.2539062,-1.4433594,-1.2593993,LCC-FASD external-dev / cross-domain stress set,-0.6198028028011322,0.0,1.0
spoof_1663.png,1,VALID,2.0175781,-0.3166504,-1.7041016,2.1113162,LCC-FASD external-dev / cross-domain stress set,-0.6198028028011322,1.0,0.0
spoof_1664.png,1,VALID,0.8222656,0.8701172,-1.6201172,-0.1274854,LCC-FASD external-dev / cross-domain stress set,-0.6198028028011322,1.0,0.0
spoof_1665.png,1,VALID,0.091430664,0.6230469,-0.79296875,-0.74888575,LCC-FASD external-dev / cross-domain stress set,-0.6198028028011322,0.0,1.0
spoof_1666.png,1,VALID,-0.5546875,0.41259766,0.32788086,-1.6189709,LCC-FASD external-dev / cross-domain stress set,-0.6198028028011322,0.0,1.0
spoof_1667.png,1,VALID,0.515625,0.5595703,-1.3105469,-0.18727106,LCC-FASD external-dev / cross-domain stress set,-0.6198028028011322,1.0,0.0
spoof_1668.png,1,VALID,0.12097168,0.66552734,-0.87841797,-0.73809487,LCC-FASD external-dev / cross-domain stress set,-0.6198028028011322,0.0,1.0
spoof_1669.png,1,VALID,0.7817383,0.74658203,-1.4121094,-0.07412511,LCC-FASD external-dev / cross-domain stress set,-0.6198028028011322,1.0,0.0
spoof_1670.png,1,VALID,1.9267578,-0.12384033,-1.6474609,1.8534524,LCC-FASD external-dev / cross-domain stress set,-0.6198028028011322,1.0,0.0
spoof_1671.png,1,VALID,-0.34033203,0.90234375,-0.546875,-1.4535472,LCC-FASD external-dev / cross-domain stress set,-0.6198028028011322,0.0,1.0
spoof_1672.png,1,VALID,1.6992188,0.04019165,-1.7099609,1.4988256,LCC-FASD external-dev / cross-domain stress set,-0.6198028028011322,1.0,0.0
spoof_1567.png,1,VALID,-1.1738281,0.51953125,0.4038086,-2.3303182,LCC-FASD external-dev / cross-domain stress set,-0.6198028028011322,0.0,1.0
spoof_1568.png,1,VALID,-0.25610352,0.4567871,-0.27905273,-1.1043264,LCC-FASD external-dev / cross-domain stress set,-0.6198028028011322,0.0,1.0
spoof_1569.png,1,VALID,-1.2353516,1.3447266,-0.34375,-2.7496529,LCC-FASD external-dev / cross-domain stress set,-0.6198028028011322,0.0,1.0
spoof_1570.png,1,VALID,-0.33081055,1.3759766,-1.1318359,-1.7850863,LCC-FASD external-dev / cross-domain stress set,-0.6198028028011322,0.0,1.0
spoof_1571.png,1,VALID,0.84375,0.5654297,-1.0380859,0.09500927,LCC-FASD external-dev / cross-domain stress set,-0.6198028028011322,1.0,0.0
spoof_1572.png,1,VALID,0.34228516,-0.01424408,-0.17736816,-0.2583784,LCC-FASD external-dev / cross-domain stress set,-0.6198028028011322,1.0,0.0
spoof_1573.png,1,VALID,-0.8095703,0.98095703,-0.19189453,-2.06016,LCC-FASD external-dev / cross-domain stress set,-0.6198028028011322,0.0,1.0
spoof_1574.png,1,VALID,-0.90722656,1.3935547,-0.65625,-2.421901,LCC-FASD external-dev / cross-domain stress set,-0.6198028028011322,0.0,1.0
spoof_1575.png,1,VALID,-0.51660156,0.9189453,-0.39013672,-1.6746173,LCC-FASD external-dev / cross-domain stress set,-0.6198028028011322,0.0,1.0
spoof_1576.png,1,VALID,0.2512207,0.68359375,-0.8769531,-0.6230109,LCC-FASD external-dev / cross-domain stress set,-0.6198028028011322,0.0,1.0
spoof_1577.png,1,VALID,0.66845703,0.36547852,-0.8041992,0.03259492,LCC-FASD external-dev / cross-domain stress set,-0.6198028028011322,1.0,0.0
spoof_1578.png,1,VALID,-0.5913086,1.3183594,-0.7109375,-2.0331483,LCC-FASD external-dev / cross-domain stress set,-0.6198028028011322,0.0,1.0
spoof_1579.png,1,VALID,0.3005371,0.9765625,-1.2568359,-0.7778269,LCC-FASD external-dev / cross-domain stress set,-0.6198028028011322,0.0,1.0
spoof_1580.png,1,VALID,0.5083008,0.6020508,-0.8901367,-0.29659307,LCC-FASD external-dev / cross-domain stress set,-0.6198028028011322,1.0,0.0
spoof_1581.png,1,VALID,-1.2695312,0.56933594,0.61035156,-2.5527325,LCC-FASD external-dev / cross-domain stress set,-0.6198028028011322,0.0,1.0
spoof_1582.png,1,VALID,-1.1640625,0.94140625,0.16723633,-2.484649,LCC-FASD external-dev / cross-domain stress set,-0.6198028028011322,0.0,1.0
spoof_1583.png,1,VALID,-1.5263672,0.6635742,0.6669922,-2.884799,LCC-FASD external-dev / cross-domain stress set,-0.6198028028011322,0.0,1.0
spoof_1584.png,1,VALID,-0.6772461,1.2519531,-0.828125,-2.0469117,LCC-FASD external-dev / cross-domain stress set,-0.6198028028011322,0.0,1.0
spoof_1585.png,1,VALID,0.8066406,0.1005249,-0.67578125,0.32760912,LCC-FASD external-dev / cross-domain stress set,-0.6198028028011322,1.0,0.0
spoof_1586.png,1,VALID,-0.5083008,1.1660156,-0.59472656,-1.8329575,LCC-FASD external-dev / cross-domain stress set,-0.6198028028011322,0.0,1.0
spoof_1587.png,1,VALID,-0.9584961,0.86816406,-0.053588867,-2.1615748,LCC-FASD external-dev / cross-domain stress set,-0.6198028028011322,0.0,1.0
spoof_1588.png,1,VALID,-0.3852539,0.31982422,0.03744507,-1.26697,LCC-FASD external-dev / cross-domain stress set,-0.6198028028011322,0.0,1.0
spoof_1589.png,1,VALID,-0.47045898,1.2373047,-0.7548828,-1.8356262,LCC-FASD external-dev / cross-domain stress set,-0.6198028028011322,0.0,1.0
spoof_1590.png,1,VALID,-0.019622803,0.2421875,-0.14428711,-0.7802754,LCC-FASD external-dev / cross-domain stress set,-0.6198028028011322,0.0,1.0
spoof_1591.png,1,VALID,0.5932617,0.019348145,-0.3894043,0.06440157,LCC-FASD external-dev / cross-domain stress set,-0.6198028028011322,1.0,0.0
spoof_1592.png,1,VALID,0.8066406,0.2783203,-0.84375,0.24645132,LCC-FASD external-dev / cross-domain stress set,-0.6198028028011322,1.0,0.0
spoof_1593.png,1,VALID,-1.2666016,1.6689453,-0.83984375,-3.0137725,LCC-FASD external-dev / cross-domain stress set,-0.6198028028011322,0.0,1.0
spoof_1594.png,1,VALID,1.4316406,0.16577148,-1.5966797,1.1074786,LCC-FASD external-dev / cross-domain stress set,-0.6198028028011322,1.0,0.0
spoof_1595.png,1,VALID,-1.0292969,0.6333008,0.24475098,-2.1802237,LCC-FASD external-dev / cross-domain stress set,-0.6198028028011322,0.0,1.0
spoof_1596.png,1,VALID,0.010826111,-0.12451172,0.0947876,-0.6734585,LCC-FASD external-dev / cross-domain stress set,-0.6198028028011322,0.0,1.0
spoof_1597.png,1,VALID,0.6171875,0.3076172,-0.9926758,0.068624556,LCC-FASD external-dev / cross-domain stress set,-0.6198028028011322,1.0,0.0
spoof_1598.png,1,VALID,0.51171875,0.05984497,-0.4025879,-0.036552668,LCC-FASD external-dev / cross-domain stress set,-0.6198028028011322,1.0,0.0
spoof_1599.png,1,VALID,1.4970703,-0.5390625,-0.8198242,1.4735453,LCC-FASD external-dev / cross-domain stress set,-0.6198028028011322,1.0,0.0
spoof_1600.png,1,VALID,1.1044922,-0.2734375,-0.66748047,0.8625195,LCC-FASD external-dev / cross-domain stress set,-0.6198028028011322,1.0,0.0
spoof_1601.png,1,VALID,-0.66845703,0.71435547,-0.22692871,-1.7122072,LCC-FASD external-dev / cross-domain stress set,-0.6198028028011322,0.0,1.0
spoof_1602.png,1,VALID,1.3662109,0.22631836,-1.6269531,0.994301,LCC-FASD external-dev / cross-domain stress set,-0.6198028028011322,1.0,0.0
spoof_1603.png,1,VALID,0.4560547,0.20788574,-0.6455078,-0.10668123,LCC-FASD external-dev / cross-domain stress set,-0.6198028028011322,1.0,0.0
spoof_1604.png,1,VALID,-0.1550293,-0.1274414,0.24291992,-0.9229646,LCC-FASD external-dev / cross-domain stress set,-0.6198028028011322,0.0,1.0
spoof_1605.png,1,VALID,-0.37353516,0.06604004,0.22131348,-1.2133698,LCC-FASD external-dev / cross-domain stress set,-0.6198028028011322,0.0,1.0
spoof_1606.png,1,VALID,0.19116211,0.43652344,-0.8227539,-0.49523175,LCC-FASD external-dev / cross-domain stress set,-0.6198028028011322,1.0,0.0
spoof_1607.png,1,VALID,1.3300781,-0.26245117,-1.0654297,1.2223511,LCC-FASD external-dev / cross-domain stress set,-0.6198028028011322,1.0,0.0
spoof_1608.png,1,VALID,-0.52685547,1.1699219,-0.82177734,-1.8246984,LCC-FASD external-dev / cross-domain stress set,-0.6198028028011322,0.0,1.0
spoof_1609.png,1,VALID,1.2724609,-0.17346191,-0.890625,1.0483991,LCC-FASD external-dev / cross-domain stress set,-0.6198028028011322,1.0,0.0
spoof_1610.png,1,VALID,0.94921875,-0.36157227,-0.58496094,0.72311324,LCC-FASD external-dev / cross-domain stress set,-0.6198028028011322,1.0,0.0
spoof_1611.png,1,VALID,1.0478516,0.08520508,-1.1445312,0.706169,LCC-FASD external-dev / cross-domain stress set,-0.6198028028011322,1.0,0.0
spoof_1612.png,1,VALID,-0.5625,0.38134766,0.09466553,-1.5038922,LCC-FASD external-dev / cross-domain stress set,-0.6198028028011322,0.0,1.0
spoof_1613.png,1,VALID,0.95458984,-0.14160156,-0.85253906,0.6966213,LCC-FASD external-dev / cross-domain stress set,-0.6198028028011322,1.0,0.0
spoof_1614.png,1,VALID,0.047729492,0.19799805,-0.36132812,-0.60235906,LCC-FASD external-dev / cross-domain stress set,-0.6198028028011322,1.0,0.0
spoof_1615.png,1,VALID,0.3774414,0.29345703,-0.4802246,-0.29534996,LCC-FASD external-dev / cross-domain stress set,-0.6198028028011322,1.0,0.0
spoof_1616.png,1,VALID,1.2792969,-0.055419922,-1.1621094,1.049048,LCC-FASD external-dev / cross-domain stress set,-0.6198028028011322,1.0,0.0
spoof_1617.png,1,VALID,0.49975586,-0.099609375,-0.33007812,0.014827549,LCC-FASD external-dev / cross-domain stress set,-0.6198028028011322,1.0,0.0
spoof_1618.png,1,VALID,-0.9921875,0.44384766,0.41186523,-2.113319,LCC-FASD external-dev / cross-domain stress set,-0.6198028028011322,0.0,1.0
spoof_1511.png,1,VALID,-0.51171875,0.21850586,0.20983887,-1.4190476,LCC-FASD external-dev / cross-domain stress set,-0.6198028028011322,0.0,1.0
spoof_1512.png,1,VALID,-0.5551758,1.15625,-0.6870117,-1.8583795,LCC-FASD external-dev / cross-domain stress set,-0.6198028028011322,0.0,1.0
spoof_1513.png,1,VALID,0.2607422,-0.025100708,-0.3330078,-0.26515502,LCC-FASD external-dev / cross-domain stress set,-0.6198028028011322,1.0,0.0
spoof_1514.png,1,VALID,-0.29907227,1.0703125,-0.92626953,-1.4967209,LCC-FASD external-dev / cross-domain stress set,-0.6198028028011322,0.0,1.0
spoof_1515.png,1,VALID,-0.27001953,1.5742188,-1.3613281,-1.8959781,LCC-FASD external-dev / cross-domain stress set,-0.6198028028011322,0.0,1.0
spoof_1516.png,1,VALID,-0.112976074,0.1586914,-0.010017395,-0.88401395,LCC-FASD external-dev / cross-domain stress set,-0.6198028028011322,0.0,1.0
spoof_1517.png,1,VALID,0.10681152,0.7373047,-0.8066406,-0.82403237,LCC-FASD external-dev / cross-domain stress set,-0.6198028028011322,0.0,1.0
spoof_1518.png,1,VALID,0.36010742,0.14611816,-0.59521484,-0.1756705,LCC-FASD external-dev / cross-domain stress set,-0.6198028028011322,1.0,0.0
spoof_1519.png,1,VALID,-0.43774414,0.8828125,-0.45629883,-1.5533166,LCC-FASD external-dev / cross-domain stress set,-0.6198028028011322,0.0,1.0
spoof_1520.png,1,VALID,-0.49829102,0.28881836,0.20739746,-1.4403746,LCC-FASD external-dev / cross-domain stress set,-0.6198028028011322,0.0,1.0
spoof_1521.png,1,VALID,-1.0507812,0.2746582,0.6171875,-2.2044458,LCC-FASD external-dev / cross-domain stress set,-0.6198028028011322,0.0,1.0
spoof_1522.png,1,VALID,-0.8911133,2.2128906,-1.5058594,-3.1279786,LCC-FASD external-dev / cross-domain stress set,-0.6198028028011322,0.0,1.0
spoof_1523.png,1,VALID,-0.1940918,0.46826172,-0.39697266,-1.0136812,LCC-FASD external-dev / cross-domain stress set,-0.6198028028011322,0.0,1.0
spoof_1524.png,1,VALID,0.13452148,0.21069336,-0.48046875,-0.4822991,LCC-FASD external-dev / cross-domain stress set,-0.6198028028011322,1.0,0.0
spoof_1525.png,1,VALID,0.15307617,0.5786133,-0.9013672,-0.6306325,LCC-FASD external-dev / cross-domain stress set,-0.6198028028011322,0.0,1.0
spoof_1526.png,1,VALID,0.29125977,0.20117188,-0.31225586,-0.3789407,LCC-FASD external-dev / cross-domain stress set,-0.6198028028011322,1.0,0.0
spoof_1527.png,1,VALID,-0.75927734,0.46899414,0.18469238,-1.7893374,LCC-FASD external-dev / cross-domain stress set,-0.6198028028011322,0.0,1.0
spoof_1528.png,1,VALID,-0.77783203,0.63964844,-0.05581665,-1.8221735,LCC-FASD external-dev / cross-domain stress set,-0.6198028028011322,0.0,1.0
spoof_1529.png,1,VALID,0.3076172,0.3400879,-0.69384766,-0.33671832,LCC-FASD external-dev / cross-domain stress set,-0.6198028028011322,1.0,0.0
spoof_1530.png,1,VALID,-1.0722656,0.3010254,0.62158203,-2.2395065,LCC-FASD external-dev / cross-domain stress set,-0.6198028028011322,0.0,1.0
spoof_1531.png,1,VALID,0.3684082,0.94970703,-1.1572266,-0.69606423,LCC-FASD external-dev / cross-domain stress set,-0.6198028028011322,0.0,1.0
spoof_1532.png,1,VALID,0.3815918,0.5957031,-0.9160156,-0.413397,LCC-FASD external-dev / cross-domain stress set,-0.6198028028011322,1.0,0.0
spoof_1533.png,1,NO_VALID_FACE,,,,,LCC-FASD external-dev / cross-domain stress set,-0.6198028028011322,,
spoof_1534.png,1,VALID,-0.2854004,0.3552246,-0.0011014938,-1.1713969,LCC-FASD external-dev / cross-domain stress set,-0.6198028028011322,0.0,1.0
spoof_1535.png,1,VALID,1.2841797,-0.2529297,-0.86376953,1.1034491,LCC-FASD external-dev / cross-domain stress set,-0.6198028028011322,1.0,0.0
spoof_1536.png,1,VALID,1.1796875,-1.0283203,-0.027160645,0.8938982,LCC-FASD external-dev / cross-domain stress set,-0.6198028028011322,1.0,0.0
spoof_1537.png,1,VALID,-0.77001953,0.11206055,0.6689453,-1.8919439,LCC-FASD external-dev / cross-domain stress set,-0.6198028028011322,0.0,1.0
spoof_1538.png,1,VALID,0.30200195,1.0097656,-1.1748047,-0.81439686,LCC-FASD external-dev / cross-domain stress set,-0.6198028028011322,0.0,1.0
spoof_1539.png,1,VALID,0.7763672,-0.6533203,-0.012802124,0.36585167,LCC-FASD external-dev / cross-domain stress set,-0.6198028028011322,1.0,0.0
spoof_1540.png,1,VALID,0.12237549,0.5908203,-0.7290039,-0.70524055,LCC-FASD external-dev / cross-domain stress set,-0.6198028028011322,0.0,1.0
spoof_1541.png,1,VALID,-0.5253906,1.2392578,-0.65185547,-1.905196,LCC-FASD external-dev / cross-domain stress set,-0.6198028028011322,0.0,1.0
spoof_1542.png,1,VALID,-0.6513672,0.23718262,0.49609375,-1.7195086,LCC-FASD external-dev / cross-domain stress set,-0.6198028028011322,0.0,1.0
spoof_1543.png,1,VALID,-0.8535156,1.6591797,-0.95947266,-2.5830615,LCC-FASD external-dev / cross-domain stress set,-0.6198028028011322,0.0,1.0
spoof_1544.png,1,VALID,-0.61621094,1.15625,-0.6713867,-1.9215643,LCC-FASD external-dev / cross-domain stress set,-0.6198028028011322,0.0,1.0
spoof_1545.png,1,VALID,-1.0126953,0.4482422,0.38061523,-2.1208427,LCC-FASD external-dev / cross-domain stress set,-0.6198028028011322,0.0,1.0
spoof_1546.png,1,VALID,-0.57421875,0.66503906,-0.13891602,-1.609134,LCC-FASD external-dev / cross-domain stress set,-0.6198028028011322,0.0,1.0
spoof_1547.png,1,VALID,-0.8745117,1.15625,-0.4753418,-2.209425,LCC-FASD external-dev / cross-domain stress set,-0.6198028028011322,0.0,1.0
spoof_1548.png,1,VALID,-0.5102539,0.9580078,-0.6743164,-1.646805,LCC-FASD external-dev / cross-domain stress set,-0.6198028028011322,0.0,1.0
spoof_1549.png,1,VALID,-0.15893555,0.24536133,-0.2355957,-0.88560605,LCC-FASD external-dev / cross-domain stress set,-0.6198028028011322,0.0,1.0
spoof_1550.png,1,VALID,-0.16772461,0.16589355,0.008270264,-0.9510561,LCC-FASD external-dev / cross-domain stress set,-0.6198028028011322,0.0,1.0
spoof_1551.png,1,VALID,-0.625,0.5932617,-0.110961914,-1.6200483,LCC-FASD external-dev / cross-domain stress set,-0.6198028028011322,0.0,1.0
spoof_1552.png,1,VALID,-0.9946289,0.6352539,0.0680542,-2.0791168,LCC-FASD external-dev / cross-domain stress set,-0.6198028028011322,0.0,1.0
spoof_1553.png,1,VALID,-0.8251953,1.1640625,-0.39868164,-2.1795146,LCC-FASD external-dev / cross-domain stress set,-0.6198028028011322,0.0,1.0
spoof_1554.png,1,VALID,-0.6303711,0.8017578,-0.26220703,-1.7285861,LCC-FASD external-dev / cross-domain stress set,-0.6198028028011322,0.0,1.0
spoof_1555.png,1,VALID,-0.30444336,0.5571289,-0.2998047,-1.2153661,LCC-FASD external-dev / cross-domain stress set,-0.6198028028011322,0.0,1.0
spoof_1556.png,1,VALID,-0.7163086,0.6225586,-0.13598633,-1.7230048,LCC-FASD external-dev / cross-domain stress set,-0.6198028028011322,0.0,1.0
spoof_1557.png,1,VALID,-0.15039062,0.14868164,0.021728516,-0.93075615,LCC-FASD external-dev / cross-domain stress set,-0.6198028028011322,0.0,1.0
spoof_1558.png,1,VALID,-0.07696533,0.58203125,-0.57666016,-0.93199384,LCC-FASD external-dev / cross-domain stress set,-0.6198028028011322,0.0,1.0
spoof_1559.png,1,VALID,-0.02722168,-0.027450562,0.059051514,-0.73710436,LCC-FASD external-dev / cross-domain stress set,-0.6198028028011322,0.0,1.0
spoof_1560.png,1,VALID,-0.640625,1.1357422,-0.4951172,-1.9551501,LCC-FASD external-dev / cross-domain stress set,-0.6198028028011322,0.0,1.0
spoof_1561.png,1,VALID,-0.43920898,0.18286133,0.15979004,-1.3037484,LCC-FASD external-dev / cross-domain stress set,-0.6198028028011322,0.0,1.0
spoof_1562.png,1,VALID,-0.26586914,0.46679688,-0.29785156,-1.1148608,LCC-FASD external-dev / cross-domain stress set,-0.6198028028011322,0.0,1.0
spoof_1563.png,1,VALID,-0.76904297,0.6586914,-0.12451172,-1.8040727,LCC-FASD external-dev / cross-domain stress set,-0.6198028028011322,0.0,1.0
spoof_1564.png,1,VALID,-0.33398438,0.4375,-0.14855957,-1.2139343,LCC-FASD external-dev / cross-domain stress set,-0.6198028028011322,0.0,1.0
spoof_1565.png,1,VALID,-1.5615234,1.0791016,-0.10650635,-2.9072573,LCC-FASD external-dev / cross-domain stress set,-0.6198028028011322,0.0,1.0
spoof_1566.png,1,VALID,-0.7324219,0.46533203,0.032958984,-1.6979032,LCC-FASD external-dev / cross-domain stress set,-0.6198028028011322,0.0,1.0
spoof_1453.png,1,VALID,0.7504883,-0.07763672,-0.71435547,0.40349445,LCC-FASD external-dev / cross-domain stress set,-0.6198028028011322,1.0,0.0
spoof_1454.png,1,VALID,0.47729492,0.13623047,-0.49194336,-0.086530805,LCC-FASD external-dev / cross-domain stress set,-0.6198028028011322,1.0,0.0
spoof_1455.png,1,VALID,0.9223633,-0.5292969,-0.21606445,0.5896822,LCC-FASD external-dev / cross-domain stress set,-0.6198028028011322,1.0,0.0
spoof_1456.png,1,VALID,1.1552734,-0.5986328,-0.41088867,0.9624875,LCC-FASD external-dev / cross-domain stress set,-0.6198028028011322,1.0,0.0
spoof_1457.png,1,VALID,0.5551758,0.47729492,-0.92041016,-0.14299095,LCC-FASD external-dev / cross-domain stress set,-0.6198028028011322,1.0,0.0
spoof_1458.png,1,VALID,0.5498047,0.048583984,-0.49951172,0.04503107,LCC-FASD external-dev / cross-domain stress set,-0.6198028028011322,1.0,0.0
spoof_1459.png,1,VALID,1.4052734,-0.4428711,-1.0039062,1.3966752,LCC-FASD external-dev / cross-domain stress set,-0.6198028028011322,1.0,0.0
spoof_1460.png,1,VALID,1.5859375,-0.47509766,-0.98779297,1.5917323,LCC-FASD external-dev / cross-domain stress set,-0.6198028028011322,1.0,0.0
spoof_1461.png,1,VALID,1.421875,-0.5800781,-0.6010742,1.3192489,LCC-FASD external-dev / cross-domain stress set,-0.6198028028011322,1.0,0.0
spoof_1462.png,1,VALID,0.80078125,-0.53564453,-0.29492188,0.5156913,LCC-FASD external-dev / cross-domain stress set,-0.6198028028011322,1.0,0.0
spoof_1463.png,1,VALID,-0.5605469,1.1201172,-0.71191406,-1.82916,LCC-FASD external-dev / cross-domain stress set,-0.6198028028011322,0.0,1.0
spoof_1464.png,1,VALID,0.5317383,-0.061584473,-0.33740234,0.028605044,LCC-FASD external-dev / cross-domain stress set,-0.6198028028011322,1.0,0.0
spoof_1465.png,1,VALID,0.34692383,-0.23999023,0.077941895,-0.27778143,LCC-FASD external-dev / cross-domain stress set,-0.6198028028011322,1.0,0.0
spoof_1466.png,1,VALID,0.4169922,0.2763672,-0.50683594,-0.23571336,LCC-FASD external-dev / cross-domain stress set,-0.6198028028011322,1.0,0.0
spoof_1467.png,1,VALID,0.7890625,-0.9404297,0.22619629,0.2917588,LCC-FASD external-dev / cross-domain stress set,-0.6198028028011322,1.0,0.0
spoof_1468.png,1,VALID,0.44702148,0.02154541,-0.19262695,-0.16630775,LCC-FASD external-dev / cross-domain stress set,-0.6198028028011322,1.0,0.0
spoof_1469.png,1,VALID,0.39160156,-0.6113281,0.0725708,-0.08952662,LCC-FASD external-dev / cross-domain stress set,-0.6198028028011322,1.0,0.0
spoof_1470.png,1,VALID,0.81347656,0.08648682,-0.86328125,0.39996868,LCC-FASD external-dev / cross-domain stress set,-0.6198028028011322,1.0,0.0
spoof_1471.png,1,VALID,0.4128418,-0.46411133,0.13171387,-0.15784132,LCC-FASD external-dev / cross-domain stress set,-0.6198028028011322,1.0,0.0
spoof_1472.png,1,VALID,0.55810547,-0.021911621,-0.39624023,0.0566203,LCC-FASD external-dev / cross-domain stress set,-0.6198028028011322,1.0,0.0
spoof_1473.png,1,VALID,-0.0017375946,-0.011878967,0.026062012,-0.70215625,LCC-FASD external-dev / cross-domain stress set,-0.6198028028011322,0.0,1.0
spoof_1474.png,1,VALID,-0.7138672,0.44970703,0.13427734,-1.7113924,LCC-FASD external-dev / cross-domain stress set,-0.6198028028011322,0.0,1.0
spoof_1475.png,1,VALID,0.7060547,-0.7763672,0.39892578,0.038072884,LCC-FASD external-dev / cross-domain stress set,-0.6198028028011322,1.0,0.0
spoof_1476.png,1,VALID,1.2246094,-0.6044922,-0.52001953,1.0928264,LCC-FASD external-dev / cross-domain stress set,-0.6198028028011322,1.0,0.0
spoof_1477.png,1,VALID,-0.46533203,0.22814941,0.114990234,-1.3316488,LCC-FASD external-dev / cross-domain stress set,-0.6198028028011322,0.0,1.0
spoof_1478.png,1,VALID,-0.4736328,1.2460938,-0.99609375,-1.8206806,LCC-FASD external-dev / cross-domain stress set,-0.6198028028011322,0.0,1.0
spoof_1479.png,1,VALID,-0.09240723,0.54052734,-0.6484375,-0.89878225,LCC-FASD external-dev / cross-domain stress set,-0.6198028028011322,0.0,1.0
spoof_1480.png,1,VALID,-0.3161621,-0.066711426,0.34960938,-1.1722689,LCC-FASD external-dev / cross-domain stress set,-0.6198028028011322,0.0,1.0
spoof_1481.png,1,VALID,0.34960938,0.20812988,-0.73291016,-0.18798387,LCC-FASD external-dev / cross-domain stress set,-0.6198028028011322,1.0,0.0
spoof_1482.png,1,VALID,-0.3227539,-0.47094727,0.671875,-1.2714404,LCC-FASD external-dev / cross-domain stress set,-0.6198028028011322,0.0,1.0
spoof_1483.png,1,VALID,1.2578125,-0.82421875,-0.22607422,1.0457408,LCC-FASD external-dev / cross-domain stress set,-0.6198028028011322,1.0,0.0
spoof_1484.png,1,VALID,-0.009674072,-0.91845703,1.1025391,-1.2366614,LCC-FASD external-dev / cross-domain stress set,-0.6198028028011322,0.0,1.0
spoof_1485.png,1,VALID,-0.22436523,-0.7758789,1.1962891,-1.550941,LCC-FASD external-dev / cross-domain stress set,-0.6198028028011322,0.0,1.0
spoof_1486.png,1,VALID,1.3505859,-0.6010742,-0.62158203,1.2687143,LCC-FASD external-dev / cross-domain stress set,-0.6198028028011322,1.0,0.0
spoof_1487.png,1,VALID,1.1357422,-0.39648438,-0.62597656,0.94725657,LCC-FASD external-dev / cross-domain stress set,-0.6198028028011322,1.0,0.0
spoof_1488.png,1,VALID,0.31518555,0.08129883,-0.5180664,-0.20382619,LCC-FASD external-dev / cross-domain stress set,-0.6198028028011322,1.0,0.0
spoof_1489.png,1,VALID,0.4663086,-0.4296875,0.06262207,-0.07330096,LCC-FASD external-dev / cross-domain stress set,-0.6198028028011322,1.0,0.0
spoof_1490.png,1,VALID,0.67089844,-0.2770996,-0.22387695,0.22788548,LCC-FASD external-dev / cross-domain stress set,-0.6198028028011322,1.0,0.0
spoof_1491.png,1,VALID,-0.16796875,0.018066406,0.16174316,-0.95359886,LCC-FASD external-dev / cross-domain stress set,-0.6198028028011322,0.0,1.0
spoof_1492.png,1,VALID,-0.119628906,0.37182617,-0.39819336,-0.87194693,LCC-FASD external-dev / cross-domain stress set,-0.6198028028011322,0.0,1.0
spoof_1493.png,1,VALID,-0.48046875,0.56152344,-0.26708984,-1.4043093,LCC-FASD external-dev / cross-domain stress set,-0.6198028028011322,0.0,1.0
spoof_1494.png,1,VALID,-0.26586914,-0.73583984,1.0097656,-1.4365108,LCC-FASD external-dev / cross-domain stress set,-0.6198028028011322,0.0,1.0
spoof_1495.png,1,VALID,0.51171875,-0.55078125,0.044281006,0.028197348,LCC-FASD external-dev / cross-domain stress set,-0.6198028028011322,1.0,0.0
spoof_1496.png,1,VALID,-0.33569336,-0.6381836,0.9892578,-1.5042945,LCC-FASD external-dev / cross-domain stress set,-0.6198028028011322,0.0,1.0
spoof_1497.png,1,VALID,-0.30029297,0.2849121,0.009971619,-1.1503015,LCC-FASD external-dev / cross-domain stress set,-0.6198028028011322,0.0,1.0
spoof_1498.png,1,VALID,-0.27929688,1.5322266,-1.3222656,-1.8675114,LCC-FASD external-dev / cross-domain stress set,-0.6198028028011322,0.0,1.0
spoof_1499.png,1,VALID,0.24121094,-0.5756836,0.40966797,-0.4856794,LCC-FASD external-dev / cross-domain stress set,-0.6198028028011322,1.0,0.0
spoof_1500.png,1,VALID,-0.7055664,1.8027344,-1.2490234,-2.554493,LCC-FASD external-dev / cross-domain stress set,-0.6198028028011322,0.0,1.0
spoof_1501.png,1,NO_VALID_FACE,,,,,LCC-FASD external-dev / cross-domain stress set,-0.6198028028011322,,
spoof_1502.png,1,VALID,0.11352539,-0.39086914,0.37231445,-0.64144945,LCC-FASD external-dev / cross-domain stress set,-0.6198028028011322,0.0,1.0
spoof_1503.png,1,VALID,-0.010551453,1.4951172,-1.4775391,-1.5555699,LCC-FASD external-dev / cross-domain stress set,-0.6198028028011322,0.0,1.0
spoof_1504.png,1,VALID,0.5107422,-0.17858887,-0.22045898,0.016899765,LCC-FASD external-dev / cross-domain stress set,-0.6198028028011322,1.0,0.0
spoof_1505.png,1,VALID,-0.88916016,1.9736328,-1.3154297,-2.8994033,LCC-FASD external-dev / cross-domain stress set,-0.6198028028011322,0.0,1.0
spoof_1506.png,1,VALID,-0.5703125,0.14855957,0.31835938,-1.5005188,LCC-FASD external-dev / cross-domain stress set,-0.6198028028011322,0.0,1.0
spoof_1507.png,1,VALID,0.074401855,0.34228516,-0.36206055,-0.66962945,LCC-FASD external-dev / cross-domain stress set,-0.6198028028011322,0.0,1.0
spoof_1508.png,1,VALID,0.105163574,0.42236328,-0.6376953,-0.6146605,LCC-FASD external-dev / cross-domain stress set,-0.6198028028011322,1.0,0.0
spoof_1509.png,1,VALID,0.67822266,-0.30493164,-0.41870117,0.3452748,LCC-FASD external-dev / cross-domain stress set,-0.6198028028011322,1.0,0.0
spoof_1510.png,1,VALID,-0.25268555,0.3671875,-0.25024414,-1.051219,LCC-FASD external-dev / cross-domain stress set,-0.6198028028011322,0.0,1.0
spoof_1401.png,1,VALID,-1.8798828,2.1347656,-0.52734375,-4.082121,LCC-FASD external-dev / cross-domain stress set,-0.6198028028011322,0.0,1.0
spoof_1402.png,1,VALID,0.26293945,1.6132812,-1.90625,-1.3795251,LCC-FASD external-dev / cross-domain stress set,-0.6198028028011322,0.0,1.0
spoof_1403.png,1,VALID,-1.9648438,2.1542969,-0.56884766,-4.182742,LCC-FASD external-dev / cross-domain stress set,-0.6198028028011322,0.0,1.0
spoof_1404.png,1,VALID,-1.0048828,1.6494141,-0.59716797,-2.75483,LCC-FASD external-dev / cross-domain stress set,-0.6198028028011322,0.0,1.0
spoof_1405.png,1,VALID,-0.97998047,1.4824219,-0.9160156,-2.5493684,LCC-FASD external-dev / cross-domain stress set,-0.6198028028011322,0.0,1.0
spoof_1406.png,1,VALID,-1.0498047,0.80029297,0.12756348,-2.262415,LCC-FASD external-dev / cross-domain stress set,-0.6198028028011322,0.0,1.0
spoof_1407.png,1,VALID,0.0657959,0.26586914,-0.18603516,-0.6925811,LCC-FASD external-dev / cross-domain stress set,-0.6198028028011322,0.0,1.0
spoof_1408.png,1,VALID,0.66796875,1.2773438,-1.9804688,-0.64712584,LCC-FASD external-dev / cross-domain stress set,-0.6198028028011322,0.0,1.0
spoof_1409.png,1,VALID,-1.4228516,1.1054688,0.004016876,-2.8152933,LCC-FASD external-dev / cross-domain stress set,-0.6198028028011322,0.0,1.0
spoof_1410.png,1,VALID,-0.3918457,0.84716797,-0.4963379,-1.4708627,LCC-FASD external-dev / cross-domain stress set,-0.6198028028011322,0.0,1.0
spoof_1411.png,1,VALID,-0.3310547,0.96191406,-0.8051758,-1.4506812,LCC-FASD external-dev / cross-domain stress set,-0.6198028028011322,0.0,1.0
spoof_1412.png,1,VALID,-1.0400391,1.0332031,-0.37402344,-2.2922342,LCC-FASD external-dev / cross-domain stress set,-0.6198028028011322,0.0,1.0
spoof_1413.png,1,VALID,-0.8071289,0.94091797,-0.0597229,-2.0611362,LCC-FASD external-dev / cross-domain stress set,-0.6198028028011322,0.0,1.0
spoof_1414.png,1,VALID,-0.62353516,1.2080078,-0.625,-1.9799042,LCC-FASD external-dev / cross-domain stress set,-0.6198028028011322,0.0,1.0
spoof_1415.png,1,VALID,0.35620117,-0.32958984,-0.016860962,-0.17589605,LCC-FASD external-dev / cross-domain stress set,-0.6198028028011322,1.0,0.0
spoof_1416.png,1,VALID,-1.1367188,1.0966797,-0.4013672,-2.4351683,LCC-FASD external-dev / cross-domain stress set,-0.6198028028011322,0.0,1.0
spoof_1417.png,1,VALID,0.4296875,0.18566895,-0.51904297,-0.15760654,LCC-FASD external-dev / cross-domain stress set,-0.6198028028011322,1.0,0.0
spoof_1418.png,1,VALID,-1.6318359,1.5302734,-0.2541504,-3.3173113,LCC-FASD external-dev / cross-domain stress set,-0.6198028028011322,0.0,1.0
spoof_1419.png,1,VALID,-0.31811523,1.6210938,-1.3447266,-1.989444,LCC-FASD external-dev / cross-domain stress set,-0.6198028028011322,0.0,1.0
spoof_1420.png,1,VALID,0.097961426,1.3867188,-1.5048828,-1.3427598,LCC-FASD external-dev / cross-domain stress set,-0.6198028028011322,0.0,1.0
spoof_1421.png,1,VALID,-0.24267578,1.125,-1.0673828,-1.4735215,LCC-FASD external-dev / cross-domain stress set,-0.6198028028011322,0.0,1.0
spoof_1422.png,1,VALID,-0.41015625,0.6489258,-0.14001465,-1.4336245,LCC-FASD external-dev / cross-domain stress set,-0.6198028028011322,0.0,1.0
spoof_1423.png,1,VALID,0.4963379,0.7001953,-1.2539062,-0.3363685,LCC-FASD external-dev / cross-domain stress set,-0.6198028028011322,1.0,0.0
spoof_1424.png,1,VALID,-0.38793945,1.7910156,-1.5253906,-2.2145953,LCC-FASD external-dev / cross-domain stress set,-0.6198028028011322,0.0,1.0
spoof_1425.png,1,VALID,-1.2822266,1.3417969,-0.27905273,-2.804452,LCC-FASD external-dev / cross-domain stress set,-0.6198028028011322,0.0,1.0
spoof_1426.png,1,VALID,-0.2479248,0.6484375,-0.4465332,-1.1849561,LCC-FASD external-dev / cross-domain stress set,-0.6198028028011322,0.0,1.0
spoof_1427.png,1,VALID,0.029678345,0.6455078,-0.51953125,-0.88731396,LCC-FASD external-dev / cross-domain stress set,-0.6198028028011322,0.0,1.0
spoof_1428.png,1,VALID,1.4335938,-0.63183594,-0.6953125,1.4035172,LCC-FASD external-dev / cross-domain stress set,-0.6198028028011322,1.0,0.0
spoof_1429.png,1,VALID,-1.3222656,1.6533203,-0.55371094,-3.0799701,LCC-FASD external-dev / cross-domain stress set,-0.6198028028011322,0.0,1.0
spoof_1430.png,1,VALID,0.6669922,0.14135742,-0.65722656,0.15409482,LCC-FASD external-dev / cross-domain stress set,-0.6198028028011322,1.0,0.0
spoof_1431.png,1,VALID,0.013458252,0.73876953,-0.7636719,-0.9262796,LCC-FASD external-dev / cross-domain stress set,-0.6198028028011322,0.0,1.0
spoof_1432.png,1,VALID,0.24438477,0.046875,-0.13085938,-0.41071373,LCC-FASD external-dev / cross-domain stress set,-0.6198028028011322,1.0,0.0
spoof_1433.png,1,VALID,0.69140625,-0.13391113,-0.38989258,0.2519924,LCC-FASD external-dev / cross-domain stress set,-0.6198028028011322,1.0,0.0
spoof_1434.png,1,VALID,-1.9375,2.1289062,-0.6621094,-4.1259565,LCC-FASD external-dev / cross-domain stress set,-0.6198028028011322,0.0,1.0
spoof_1435.png,1,VALID,0.6621094,-0.07928467,-0.6166992,0.28127858,LCC-FASD external-dev / cross-domain stress set,-0.6198028028011322,1.0,0.0
spoof_1436.png,1,VALID,-0.390625,0.08203125,0.46655273,-1.3764336,LCC-FASD external-dev / cross-domain stress set,-0.6198028028011322,0.0,1.0
spoof_1437.png,1,VALID,0.76660156,-0.24475098,-0.4934082,0.434825,LCC-FASD external-dev / cross-domain stress set,-0.6198028028011322,1.0,0.0
spoof_1438.png,1,VALID,-0.79003906,0.5986328,0.1595459,-1.8861841,LCC-FASD external-dev / cross-domain stress set,-0.6198028028011322,0.0,1.0
spoof_1439.png,1,VALID,0.63183594,0.6489258,-1.2333984,-0.15879416,LCC-FASD external-dev / cross-domain stress set,-0.6198028028011322,1.0,0.0
spoof_1440.png,1,VALID,-0.35766602,0.7602539,-0.40014648,-1.3905091,LCC-FASD external-dev / cross-domain stress set,-0.6198028028011322,0.0,1.0
spoof_1441.png,1,VALID,-0.17956543,0.7036133,-0.5395508,-1.1366342,LCC-FASD external-dev / cross-domain stress set,-0.6198028028011322,0.0,1.0
spoof_1442.png,1,VALID,-1.3945312,0.25048828,0.86083984,-2.6892033,LCC-FASD external-dev / cross-domain stress set,-0.6198028028011322,0.0,1.0
spoof_1443.png,1,VALID,0.58496094,-0.29370117,-0.1328125,0.10183847,LCC-FASD external-dev / cross-domain stress set,-0.6198028028011322,1.0,0.0
spoof_1444.png,1,VALID,-0.29858398,0.5473633,0.026763916,-1.312297,LCC-FASD external-dev / cross-domain stress set,-0.6198028028011322,0.0,1.0
spoof_1445.png,1,VALID,0.45776367,-0.20129395,-0.05319214,-0.11087972,LCC-FASD external-dev / cross-domain stress set,-0.6198028028011322,1.0,0.0
spoof_1446.png,1,VALID,0.546875,-0.15576172,-0.23522949,0.048434198,LCC-FASD external-dev / cross-domain stress set,-0.6198028028011322,1.0,0.0
spoof_1447.png,1,VALID,-0.57128906,1.171875,-0.65527344,-1.8923352,LCC-FASD external-dev / cross-domain stress set,-0.6198028028011322,0.0,1.0
spoof_1448.png,1,VALID,1.2041016,-0.68359375,-0.38208008,1.0324702,LCC-FASD external-dev / cross-domain stress set,-0.6198028028011322,1.0,0.0
spoof_1449.png,1,VALID,0.38500977,0.14868164,-0.4675293,-0.1954456,LCC-FASD external-dev / cross-domain stress set,-0.6198028028011322,1.0,0.0
spoof_1450.png,1,VALID,0.92333984,-0.76904297,-0.08013916,0.59659743,LCC-FASD external-dev / cross-domain stress set,-0.6198028028011322,1.0,0.0
spoof_1451.png,1,VALID,1.6767578,-0.5419922,-1.0419922,1.744673,LCC-FASD external-dev / cross-domain stress set,-0.6198028028011322,1.0,0.0
spoof_1452.png,1,VALID,0.69873047,-0.3215332,-0.41210938,0.37137944,LCC-FASD external-dev / cross-domain stress set,-0.6198028028011322,1.0,0.0
spoof_1344.png,1,VALID,-0.72802734,1.2460938,-0.74072266,-2.1026297,LCC-FASD external-dev / cross-domain stress set,-0.6198028028011322,0.0,1.0
spoof_1345.png,1,VALID,-1.8730469,1.4140625,0.018875122,-3.5084805,LCC-FASD external-dev / cross-domain stress set,-0.6198028028011322,0.0,1.0
spoof_1346.png,1,VALID,-0.9765625,1.0517578,-0.25878906,-2.2670794,LCC-FASD external-dev / cross-domain stress set,-0.6198028028011322,0.0,1.0
spoof_1347.png,1,VALID,-0.7631836,0.4169922,0.36523438,-1.8477788,LCC-FASD external-dev / cross-domain stress set,-0.6198028028011322,0.0,1.0
spoof_1348.png,1,VALID,-1.3857422,1.0273438,0.2697754,-2.7975352,LCC-FASD external-dev / cross-domain stress set,-0.6198028028011322,0.0,1.0
spoof_1349.png,1,VALID,-0.40527344,0.95654297,-0.86279297,-1.5120738,LCC-FASD external-dev / cross-domain stress set,-0.6198028028011322,0.0,1.0
spoof_1350.png,1,VALID,-0.9658203,1.1396484,-0.45703125,-2.289928,LCC-FASD external-dev / cross-domain stress set,-0.6198028028011322,0.0,1.0
spoof_1351.png,1,VALID,-0.296875,0.90722656,-0.93359375,-1.3513892,LCC-FASD external-dev / cross-domain stress set,-0.6198028028011322,0.0,1.0
spoof_1352.png,1,VALID,1.0019531,0.27490234,-0.89697266,0.4571873,LCC-FASD external-dev / cross-domain stress set,-0.6198028028011322,1.0,0.0
spoof_1353.png,1,VALID,1.1835938,0.07879639,-0.9135742,0.78947806,LCC-FASD external-dev / cross-domain stress set,-0.6198028028011322,1.0,0.0
spoof_1354.png,1,VALID,-1.1679688,1.2480469,-0.15063477,-2.636694,LCC-FASD external-dev / cross-domain stress set,-0.6198028028011322,0.0,1.0
spoof_1355.png,1,VALID,0.18713379,0.68847656,-1.0761719,-0.6594118,LCC-FASD external-dev / cross-domain stress set,-0.6198028028011322,0.0,1.0
spoof_1356.png,1,VALID,-1.5615234,1.2490234,0.003446579,-3.0634627,LCC-FASD external-dev / cross-domain stress set,-0.6198028028011322,0.0,1.0
spoof_1357.png,1,VALID,-2.1113281,1.8017578,-0.38110352,-4.019892,LCC-FASD external-dev / cross-domain stress set,-0.6198028028011322,0.0,1.0
spoof_1358.png,1,VALID,0.8378906,-0.28735352,-0.5864258,0.57049394,LCC-FASD external-dev / cross-domain stress set,-0.6198028028011322,1.0,0.0
spoof_1359.png,1,VALID,0.21643066,0.35839844,-0.64501953,-0.4543113,LCC-FASD external-dev / cross-domain stress set,-0.6198028028011322,1.0,0.0
spoof_1360.png,1,VALID,-0.09173584,-0.02458191,0.26635742,-0.91631436,LCC-FASD external-dev / cross-domain stress set,-0.6198028028011322,0.0,1.0
spoof_1361.png,1,VALID,-0.22961426,0.58251953,-0.40844727,-1.1278329,LCC-FASD external-dev / cross-domain stress set,-0.6198028028011322,0.0,1.0
spoof_1362.png,1,VALID,0.28979492,-0.5410156,0.37548828,-0.42210472,LCC-FASD external-dev / cross-domain stress set,-0.6198028028011322,1.0,0.0
spoof_1363.png,1,VALID,1.1083984,-0.58251953,-0.35327148,0.8765918,LCC-FASD external-dev / cross-domain stress set,-0.6198028028011322,1.0,0.0
spoof_1364.png,1,VALID,-0.32299805,0.06958008,0.23242188,-1.1704572,LCC-FASD external-dev / cross-domain stress set,-0.6198028028011322,0.0,1.0
spoof_1365.png,1,VALID,0.5551758,-0.39086914,0.06567383,-0.0012044907,LCC-FASD external-dev / cross-domain stress set,-0.6198028028011322,1.0,0.0
spoof_1366.png,1,VALID,-0.37036133,1.1259766,-0.7504883,-1.6388184,LCC-FASD external-dev / cross-domain stress set,-0.6198028028011322,0.0,1.0
spoof_1367.png,1,VALID,1.0126953,-0.546875,-0.38964844,0.784723,LCC-FASD external-dev / cross-domain stress set,-0.6198028028011322,1.0,0.0
spoof_1368.png,1,VALID,0.33447266,0.05709839,-0.45117188,-0.19358838,LCC-FASD external-dev / cross-domain stress set,-0.6198028028011322,1.0,0.0
spoof_1369.png,1,VALID,0.89404297,-0.2553711,-0.5004883,0.5713339,LCC-FASD external-dev / cross-domain stress set,-0.6198028028011322,1.0,0.0
spoof_1370.png,1,VALID,-0.2993164,0.8461914,-0.44458008,-1.3884999,LCC-FASD external-dev / cross-domain stress set,-0.6198028028011322,0.0,1.0
spoof_1371.png,1,VALID,0.7001953,-0.92578125,0.33740234,0.11378491,LCC-FASD external-dev / cross-domain stress set,-0.6198028028011322,1.0,0.0
spoof_1372.png,1,VALID,0.34399414,-0.3869629,0.1640625,-0.27518582,LCC-FASD external-dev / cross-domain stress set,-0.6198028028011322,1.0,0.0
spoof_1373.png,1,VALID,-0.18359375,-0.13293457,0.47558594,-1.0936568,LCC-FASD external-dev / cross-domain stress set,-0.6198028028011322,0.0,1.0
spoof_1374.png,1,VALID,-0.5810547,0.82177734,-0.35668945,-1.6711403,LCC-FASD external-dev / cross-domain stress set,-0.6198028028011322,0.0,1.0
spoof_1375.png,1,VALID,0.2355957,0.032684326,-0.29663086,-0.33907342,LCC-FASD external-dev / cross-domain stress set,-0.6198028028011322,1.0,0.0
spoof_1376.png,1,VALID,-0.18054199,0.5805664,-0.29223633,-1.1101999,LCC-FASD external-dev / cross-domain stress set,-0.6198028028011322,0.0,1.0
spoof_1377.png,1,VALID,-0.10296631,0.43676758,-0.1385498,-0.98603773,LCC-FASD external-dev / cross-domain stress set,-0.6198028028011322,0.0,1.0
spoof_1378.png,1,VALID,0.46533203,-0.16784668,-0.08557129,-0.101952136,LCC-FASD external-dev / cross-domain stress set,-0.6198028028011322,1.0,0.0
spoof_1379.png,1,VALID,0.2512207,-0.12249756,0.0011377335,-0.38315606,LCC-FASD external-dev / cross-domain stress set,-0.6198028028011322,1.0,0.0
spoof_1380.png,1,VALID,-0.14819336,0.8383789,-0.6376953,-1.1923932,LCC-FASD external-dev / cross-domain stress set,-0.6198028028011322,0.0,1.0
spoof_1381.png,1,VALID,-0.70947266,-0.03010559,0.8154297,-1.8821064,LCC-FASD external-dev / cross-domain stress set,-0.6198028028011322,0.0,1.0
spoof_1382.png,1,VALID,-1.1865234,0.5957031,0.54541016,-2.4505434,LCC-FASD external-dev / cross-domain stress set,-0.6198028028011322,0.0,1.0
spoof_1383.png,1,VALID,-0.7314453,1.3310547,-0.6621094,-2.1902454,LCC-FASD external-dev / cross-domain stress set,-0.6198028028011322,0.0,1.0
spoof_1384.png,1,VALID,-0.0075302124,0.33764648,-0.26782227,-0.78073025,LCC-FASD external-dev / cross-domain stress set,-0.6198028028011322,0.0,1.0
spoof_1385.png,1,VALID,0.10479736,0.038208008,-0.014167786,-0.60071284,LCC-FASD external-dev / cross-domain stress set,-0.6198028028011322,1.0,0.0
spoof_1386.png,1,VALID,0.0024757385,0.10235596,-0.044921875,-0.7220974,LCC-FASD external-dev / cross-domain stress set,-0.6198028028011322,0.0,1.0
spoof_1387.png,1,VALID,1.4248047,-0.38476562,-0.8256836,1.3127754,LCC-FASD external-dev / cross-domain stress set,-0.6198028028011322,1.0,0.0
spoof_1388.png,1,VALID,0.24475098,-0.6142578,0.6303711,-0.6387478,LCC-FASD external-dev / cross-domain stress set,-0.6198028028011322,0.0,1.0
spoof_1389.png,1,VALID,0.25048828,-0.30004883,0.35083008,-0.52009577,LCC-FASD external-dev / cross-domain stress set,-0.6198028028011322,1.0,0.0
spoof_1390.png,1,VALID,-1.2910156,1.7578125,-0.5703125,-3.1418433,LCC-FASD external-dev / cross-domain stress set,-0.6198028028011322,0.0,1.0
spoof_1391.png,1,VALID,1.1630859,-0.4008789,-0.51464844,0.92608535,LCC-FASD external-dev / cross-domain stress set,-0.6198028028011322,1.0,0.0
spoof_1392.png,1,VALID,0.12878418,-0.57177734,0.6489258,-0.77866983,LCC-FASD external-dev / cross-domain stress set,-0.6198028028011322,0.0,1.0
spoof_1393.png,1,VALID,-0.7836914,1.5097656,-1.0292969,-2.3694365,LCC-FASD external-dev / cross-domain stress set,-0.6198028028011322,0.0,1.0
spoof_1394.png,1,VALID,0.54296875,-0.3696289,-0.08880615,0.06921363,LCC-FASD external-dev / cross-domain stress set,-0.6198028028011322,1.0,0.0
spoof_1395.png,1,VALID,0.24633789,0.18969727,-0.34326172,-0.4051203,LCC-FASD external-dev / cross-domain stress set,-0.6198028028011322,1.0,0.0
spoof_1396.png,1,VALID,0.91503906,-0.48657227,-0.13647461,0.5181719,LCC-FASD external-dev / cross-domain stress set,-0.6198028028011322,1.0,0.0
spoof_1397.png,1,VALID,1.2089844,-0.3798828,-0.49853516,0.9532874,LCC-FASD external-dev / cross-domain stress set,-0.6198028028011322,1.0,0.0
spoof_1398.png,1,VALID,0.13049316,-0.24572754,0.37475586,-0.6745404,LCC-FASD external-dev / cross-domain stress set,-0.6198028028011322,0.0,1.0
spoof_1399.png,1,VALID,0.6484375,0.09338379,-0.61279297,0.15391299,LCC-FASD external-dev / cross-domain stress set,-0.6198028028011322,1.0,0.0
spoof_1400.png,1,VALID,0.15673828,0.0076560974,-0.09051514,-0.49618357,LCC-FASD external-dev / cross-domain stress set,-0.6198028028011322,1.0,0.0
spoof_1294.png,1,VALID,0.49389648,0.54785156,-0.89941406,-0.26519817,LCC-FASD external-dev / cross-domain stress set,-0.6198028028011322,1.0,0.0
spoof_1295.png,1,VALID,0.12805176,0.76171875,-0.8466797,-0.8161618,LCC-FASD external-dev / cross-domain stress set,-0.6198028028011322,0.0,1.0
spoof_1296.png,1,VALID,-0.04220581,1.0605469,-0.9448242,-1.2290419,LCC-FASD external-dev / cross-domain stress set,-0.6198028028011322,0.0,1.0
spoof_1297.png,1,VALID,-0.88671875,0.97265625,-0.43798828,-2.0776958,LCC-FASD external-dev / cross-domain stress set,-0.6198028028011322,0.0,1.0
spoof_1298.png,1,VALID,-0.01776123,0.19470215,0.051330566,-0.836492,LCC-FASD external-dev / cross-domain stress set,-0.6198028028011322,0.0,1.0
spoof_1299.png,1,VALID,0.12231445,0.75,-0.77197266,-0.8251263,LCC-FASD external-dev / cross-domain stress set,-0.6198028028011322,0.0,1.0
spoof_1300.png,1,VALID,0.6948242,0.09094238,-0.4482422,0.14441884,LCC-FASD external-dev / cross-domain stress set,-0.6198028028011322,1.0,0.0
spoof_1301.png,1,VALID,0.66259766,-0.004360199,-0.6147461,0.23313776,LCC-FASD external-dev / cross-domain stress set,-0.6198028028011322,1.0,0.0
spoof_1302.png,1,VALID,-0.4189453,0.63964844,-0.33544922,-1.378614,LCC-FASD external-dev / cross-domain stress set,-0.6198028028011322,0.0,1.0
spoof_1303.png,1,VALID,0.93066406,-0.077819824,-0.5761719,0.5337844,LCC-FASD external-dev / cross-domain stress set,-0.6198028028011322,1.0,0.0
spoof_1304.png,1,VALID,-1.4375,1.3789062,-0.4362793,-2.9672437,LCC-FASD external-dev / cross-domain stress set,-0.6198028028011322,0.0,1.0
spoof_1305.png,1,VALID,0.9223633,-0.5180664,-0.11578369,0.52604717,LCC-FASD external-dev / cross-domain stress set,-0.6198028028011322,1.0,0.0
spoof_1306.png,1,VALID,-1.5908203,1.4921875,-0.30688477,-3.2361171,LCC-FASD external-dev / cross-domain stress set,-0.6198028028011322,0.0,1.0
spoof_1307.png,1,VALID,-1.6708984,1.1943359,0.028564453,-3.1365447,LCC-FASD external-dev / cross-domain stress set,-0.6198028028011322,0.0,1.0
spoof_1308.png,1,VALID,1.3457031,-0.10626221,-1.109375,1.1395398,LCC-FASD external-dev / cross-domain stress set,-0.6198028028011322,1.0,0.0
spoof_1309.png,1,VALID,-1.8095703,1.609375,-0.3623047,-3.5492916,LCC-FASD external-dev / cross-domain stress set,-0.6198028028011322,0.0,1.0
spoof_1310.png,1,VALID,-1.6162109,1.3652344,-0.27563477,-3.1585965,LCC-FASD external-dev / cross-domain stress set,-0.6198028028011322,0.0,1.0
spoof_1311.png,1,VALID,0.09075928,0.49316406,-0.5283203,-0.70993364,LCC-FASD external-dev / cross-domain stress set,-0.6198028028011322,0.0,1.0
spoof_1312.png,1,VALID,-0.8100586,0.9067383,-0.112976074,-2.0247946,LCC-FASD external-dev / cross-domain stress set,-0.6198028028011322,0.0,1.0
spoof_1313.png,1,VALID,-0.084472656,-0.10418701,0.5576172,-1.0581121,LCC-FASD external-dev / cross-domain stress set,-0.6198028028011322,0.0,1.0
spoof_1314.png,1,VALID,-0.7758789,1.2978516,-0.8833008,-2.1807098,LCC-FASD external-dev / cross-domain stress set,-0.6198028028011322,0.0,1.0
spoof_1315.png,1,VALID,-0.5107422,1.5634766,-1.4052734,-2.1243105,LCC-FASD external-dev / cross-domain stress set,-0.6198028028011322,0.0,1.0
spoof_1316.png,1,VALID,-0.6669922,1.6523438,-1.3173828,-2.36938,LCC-FASD external-dev / cross-domain stress set,-0.6198028028011322,0.0,1.0
spoof_1317.png,1,VALID,-0.3996582,1.5986328,-1.3056641,-2.05163,LCC-FASD external-dev / cross-domain stress set,-0.6198028028011322,0.0,1.0
spoof_1318.png,1,VALID,-0.23461914,0.9658203,-0.9609375,-1.336385,LCC-FASD external-dev / cross-domain stress set,-0.6198028028011322,0.0,1.0
spoof_1319.png,1,VALID,-1.6572266,1.7363281,-0.4321289,-3.5018296,LCC-FASD external-dev / cross-domain stress set,-0.6198028028011322,0.0,1.0
spoof_1320.png,1,VALID,-1.1650391,1.8330078,-1.0683594,-3.0515385,LCC-FASD external-dev / cross-domain stress set,-0.6198028028011322,0.0,1.0
spoof_1321.png,1,VALID,-0.73339844,1.2158203,-0.71728516,-2.0843596,LCC-FASD external-dev / cross-domain stress set,-0.6198028028011322,0.0,1.0
spoof_1322.png,1,VALID,-1.5449219,1.6826172,-0.33496094,-3.352388,LCC-FASD external-dev / cross-domain stress set,-0.6198028028011322,0.0,1.0
spoof_1323.png,1,VALID,-0.7216797,1.3740234,-1.0175781,-2.1832404,LCC-FASD external-dev / cross-domain stress set,-0.6198028028011322,0.0,1.0
spoof_1324.png,1,VALID,0.10070801,0.14770508,-0.43164062,-0.49185264,LCC-FASD external-dev / cross-domain stress set,-0.6198028028011322,1.0,0.0
spoof_1325.png,1,VALID,-1.2675781,0.78759766,0.25610352,-2.5174787,LCC-FASD external-dev / cross-domain stress set,-0.6198028028011322,0.0,1.0
spoof_1326.png,1,VALID,-0.74121094,0.34057617,0.104003906,-1.6636276,LCC-FASD external-dev / cross-domain stress set,-0.6198028028011322,0.0,1.0
spoof_1327.png,1,VALID,-0.36621094,0.13232422,0.35473633,-1.3090591,LCC-FASD external-dev / cross-domain stress set,-0.6198028028011322,0.0,1.0
spoof_1328.png,1,VALID,0.040863037,0.12237549,-0.16125488,-0.64286673,LCC-FASD external-dev / cross-domain stress set,-0.6198028028011322,0.0,1.0
spoof_1329.png,1,VALID,-0.14733887,0.4428711,-0.5209961,-0.9133183,LCC-FASD external-dev / cross-domain stress set,-0.6198028028011322,0.0,1.0
spoof_1330.png,1,VALID,-1.2988281,1.1259766,-0.12988281,-2.6754317,LCC-FASD external-dev / cross-domain stress set,-0.6198028028011322,0.0,1.0
spoof_1331.png,1,VALID,0.20922852,-0.27856445,0.16784668,-0.45326602,LCC-FASD external-dev / cross-domain stress set,-0.6198028028011322,1.0,0.0
spoof_1332.png,1,VALID,-1.3144531,1.1953125,-0.19458008,-2.7321906,LCC-FASD external-dev / cross-domain stress set,-0.6198028028011322,0.0,1.0
spoof_1333.png,1,VALID,-0.9536133,1.0371094,-0.41308594,-2.2014084,LCC-FASD external-dev / cross-domain stress set,-0.6198028028011322,0.0,1.0
spoof_1334.png,1,VALID,-0.17541504,0.69677734,-0.765625,-1.0805707,LCC-FASD external-dev / cross-domain stress set,-0.6198028028011322,0.0,1.0
spoof_1335.png,1,VALID,0.13708496,0.057647705,-0.089660645,-0.54276574,LCC-FASD external-dev / cross-domain stress set,-0.6198028028011322,1.0,0.0
spoof_1336.png,1,VALID,0.105407715,0.17346191,-0.4255371,-0.5058969,LCC-FASD external-dev / cross-domain stress set,-0.6198028028011322,1.0,0.0
spoof_1337.png,1,VALID,-1.0019531,1.234375,-0.5419922,-2.3926923,LCC-FASD external-dev / cross-domain stress set,-0.6198028028011322,0.0,1.0
spoof_1338.png,1,VALID,1.1113281,0.2685547,-1.0332031,0.6021412,LCC-FASD external-dev / cross-domain stress set,-0.6198028028011322,1.0,0.0
spoof_1339.png,1,VALID,-1.78125,1.4003906,0.045318604,-3.411107,LCC-FASD external-dev / cross-domain stress set,-0.6198028028011322,0.0,1.0
spoof_1340.png,1,VALID,-0.61279297,0.7832031,-0.4152832,-1.6596292,LCC-FASD external-dev / cross-domain stress set,-0.6198028028011322,0.0,1.0
spoof_1341.png,1,VALID,0.87402344,0.4699707,-1.0429688,0.20498753,LCC-FASD external-dev / cross-domain stress set,-0.6198028028011322,1.0,0.0
spoof_1342.png,1,VALID,-0.61279297,0.7675781,-0.21081543,-1.6994897,LCC-FASD external-dev / cross-domain stress set,-0.6198028028011322,0.0,1.0
spoof_1343.png,1,VALID,0.98779297,0.25097656,-0.9013672,0.46229893,LCC-FASD external-dev / cross-domain stress set,-0.6198028028011322,1.0,0.0
spoof_1239.png,1,VALID,0.031036377,0.30419922,-0.05239868,-0.8038228,LCC-FASD external-dev / cross-domain stress set,-0.6198028028011322,0.0,1.0
spoof_1240.png,1,VALID,-1.1914062,0.7949219,0.37646484,-2.4919772,LCC-FASD external-dev / cross-domain stress set,-0.6198028028011322,0.0,1.0
spoof_1241.png,1,VALID,-0.31201172,0.25390625,0.26391602,-1.2640826,LCC-FASD external-dev / cross-domain stress set,-0.6198028028011322,0.0,1.0
spoof_1242.png,1,VALID,-0.54248047,0.515625,0.077941895,-1.5561682,LCC-FASD external-dev / cross-domain stress set,-0.6198028028011322,0.0,1.0
spoof_1243.png,1,VALID,0.19128418,0.43823242,-0.5131836,-0.57350993,LCC-FASD external-dev / cross-domain stress set,-0.6198028028011322,1.0,0.0
spoof_1244.png,1,VALID,-0.51660156,0.60595703,-0.051635742,-1.5400162,LCC-FASD external-dev / cross-domain stress set,-0.6198028028011322,0.0,1.0
spoof_1245.png,1,VALID,-0.94873047,0.74902344,-0.054870605,-2.067649,LCC-FASD external-dev / cross-domain stress set,-0.6198028028011322,0.0,1.0
spoof_1246.png,1,VALID,-0.8413086,0.053894043,0.69628906,-1.9602679,LCC-FASD external-dev / cross-domain stress set,-0.6198028028011322,0.0,1.0
spoof_1247.png,1,VALID,-0.8076172,0.36865234,0.40356445,-1.8870251,LCC-FASD external-dev / cross-domain stress set,-0.6198028028011322,0.0,1.0
spoof_1248.png,1,VALID,2.0664062,-0.84033203,-0.81396484,2.2003207,LCC-FASD external-dev / cross-domain stress set,-0.6198028028011322,1.0,0.0
spoof_1249.png,1,VALID,1.765625,-0.57714844,-0.82177734,1.7644789,LCC-FASD external-dev / cross-domain stress set,-0.6198028028011322,1.0,0.0
spoof_1250.png,1,VALID,0.64941406,-0.08325195,-0.20825195,0.10006702,LCC-FASD external-dev / cross-domain stress set,-0.6198028028011322,1.0,0.0
spoof_1251.png,1,VALID,0.3178711,0.7109375,-1.0556641,-0.5508501,LCC-FASD external-dev / cross-domain stress set,-0.6198028028011322,1.0,0.0
spoof_1252.png,1,VALID,-0.40405273,-0.26733398,0.92285156,-1.5924672,LCC-FASD external-dev / cross-domain stress set,-0.6198028028011322,0.0,1.0
spoof_1253.png,1,VALID,-0.60595703,0.02861023,0.55126953,-1.6228089,LCC-FASD external-dev / cross-domain stress set,-0.6198028028011322,0.0,1.0
spoof_1254.png,1,VALID,1.2832031,0.15930176,-1.3974609,0.9326056,LCC-FASD external-dev / cross-domain stress set,-0.6198028028011322,1.0,0.0
spoof_1255.png,1,VALID,-0.2421875,0.26489258,0.052947998,-1.0998595,LCC-FASD external-dev / cross-domain stress set,-0.6198028028011322,0.0,1.0
spoof_1256.png,1,VALID,0.80126953,-0.19714355,-0.26513672,0.33868474,LCC-FASD external-dev / cross-domain stress set,-0.6198028028011322,1.0,0.0
spoof_1257.png,1,VALID,0.68066406,-0.19116211,-0.38061523,0.26892573,LCC-FASD external-dev / cross-domain stress set,-0.6198028028011322,1.0,0.0
spoof_1258.png,1,VALID,1.5419922,-0.34887695,-0.86816406,1.4240302,LCC-FASD external-dev / cross-domain stress set,-0.6198028028011322,1.0,0.0
spoof_1259.png,1,VALID,-0.043914795,0.5551758,-0.5239258,-0.8916861,LCC-FASD external-dev / cross-domain stress set,-0.6198028028011322,0.0,1.0
spoof_1260.png,1,VALID,1.1328125,0.16503906,-1.2998047,0.75985384,LCC-FASD external-dev / cross-domain stress set,-0.6198028028011322,1.0,0.0
spoof_1261.png,1,VALID,0.68359375,0.053649902,-0.63671875,0.22355172,LCC-FASD external-dev / cross-domain stress set,-0.6198028028011322,1.0,0.0
spoof_1262.png,1,VALID,-0.5673828,0.019821167,0.578125,-1.5979702,LCC-FASD external-dev / cross-domain stress set,-0.6198028028011322,0.0,1.0
spoof_1263.png,1,VALID,0.33422852,0.80566406,-1.2431641,-0.59266675,LCC-FASD external-dev / cross-domain stress set,-0.6198028028011322,1.0,0.0
spoof_1264.png,1,VALID,0.68603516,0.27172852,-0.5961914,0.06377381,LCC-FASD external-dev / cross-domain stress set,-0.6198028028011322,1.0,0.0
spoof_1265.png,1,VALID,1.2119141,0.40844727,-1.2080078,0.62231135,LCC-FASD external-dev / cross-domain stress set,-0.6198028028011322,1.0,0.0
spoof_1266.png,1,VALID,-0.17382812,0.11730957,0.23693848,-1.0458872,LCC-FASD external-dev / cross-domain stress set,-0.6198028028011322,0.0,1.0
spoof_1267.png,1,VALID,0.40625,0.43579102,-0.8359375,-0.2766719,LCC-FASD external-dev / cross-domain stress set,-0.6198028028011322,1.0,0.0
spoof_1268.png,1,VALID,-0.9042969,0.9980469,-0.28955078,-2.1460214,LCC-FASD external-dev / cross-domain stress set,-0.6198028028011322,0.0,1.0
spoof_1269.png,1,VALID,-1.3876953,1.2412109,-0.30615234,-2.821845,LCC-FASD external-dev / cross-domain stress set,-0.6198028028011322,0.0,1.0
spoof_1270.png,1,VALID,-1.4853516,2.0683594,-0.84521484,-3.6065702,LCC-FASD external-dev / cross-domain stress set,-0.6198028028011322,0.0,1.0
spoof_1271.png,1,VALID,-0.54052734,1.0957031,-0.8046875,-1.7755663,LCC-FASD external-dev / cross-domain stress set,-0.6198028028011322,0.0,1.0
spoof_1272.png,1,VALID,-1.0927734,1.6220703,-0.85791016,-2.7952662,LCC-FASD external-dev / cross-domain stress set,-0.6198028028011322,0.0,1.0
spoof_1273.png,1,VALID,-1.9667969,1.6064453,-0.25756836,-3.717385,LCC-FASD external-dev / cross-domain stress set,-0.6198028028011322,0.0,1.0
spoof_1274.png,1,VALID,-0.9736328,1.2109375,-0.56933594,-2.34037,LCC-FASD external-dev / cross-domain stress set,-0.6198028028011322,0.0,1.0
spoof_1275.png,1,VALID,-0.8027344,1.4042969,-0.80908203,-2.3107882,LCC-FASD external-dev / cross-domain stress set,-0.6198028028011322,0.0,1.0
spoof_1276.png,1,VALID,-1.3144531,1.3603516,-0.36108398,-2.8393097,LCC-FASD external-dev / cross-domain stress set,-0.6198028028011322,0.0,1.0
spoof_1277.png,1,VALID,-1.6123047,1.2578125,-0.1303711,-3.092883,LCC-FASD external-dev / cross-domain stress set,-0.6198028028011322,0.0,1.0
spoof_1278.png,1,VALID,-1.8203125,2.3027344,-0.8691406,-4.164117,LCC-FASD external-dev / cross-domain stress set,-0.6198028028011322,0.0,1.0
spoof_1279.png,1,VALID,-1.1230469,1.1591797,-0.21740723,-2.507319,LCC-FASD external-dev / cross-domain stress set,-0.6198028028011322,0.0,1.0
spoof_1280.png,1,VALID,-1.9306641,1.8388672,-0.17590332,-3.89471,LCC-FASD external-dev / cross-domain stress set,-0.6198028028011322,0.0,1.0
spoof_1281.png,1,VALID,-1.3564453,1.0439453,0.053009033,-2.7160978,LCC-FASD external-dev / cross-domain stress set,-0.6198028028011322,0.0,1.0
spoof_1282.png,1,VALID,-1.171875,1.6601562,-0.8330078,-2.9114413,LCC-FASD external-dev / cross-domain stress set,-0.6198028028011322,0.0,1.0
spoof_1283.png,1,VALID,-0.86865234,1.2363281,-0.5786133,-2.2558522,LCC-FASD external-dev / cross-domain stress set,-0.6198028028011322,0.0,1.0
spoof_1284.png,1,VALID,-0.66845703,1.2519531,-0.83935547,-2.0368814,LCC-FASD external-dev / cross-domain stress set,-0.6198028028011322,0.0,1.0
spoof_1285.png,1,VALID,-1.2382812,1.2167969,-0.19152832,-2.673854,LCC-FASD external-dev / cross-domain stress set,-0.6198028028011322,0.0,1.0
spoof_1286.png,1,VALID,-1.7705078,1.6171875,-0.40625,-3.5118582,LCC-FASD external-dev / cross-domain stress set,-0.6198028028011322,0.0,1.0
spoof_1287.png,1,VALID,-1.1455078,1.1728516,-0.45581055,-2.4975023,LCC-FASD external-dev / cross-domain stress set,-0.6198028028011322,0.0,1.0
spoof_1288.png,1,VALID,-0.88720703,0.80371094,-0.043395996,-2.0476503,LCC-FASD external-dev / cross-domain stress set,-0.6198028028011322,0.0,1.0
spoof_1289.png,1,VALID,0.06750488,0.8354492,-0.7949219,-0.9468074,LCC-FASD external-dev / cross-domain stress set,-0.6198028028011322,0.0,1.0
spoof_1290.png,1,VALID,0.06222534,0.7104492,-0.7558594,-0.8558686,LCC-FASD external-dev / cross-domain stress set,-0.6198028028011322,0.0,1.0
spoof_1291.png,1,VALID,0.9291992,-0.13354492,-0.4375,0.5100701,LCC-FASD external-dev / cross-domain stress set,-0.6198028028011322,1.0,0.0
spoof_1292.png,1,VALID,0.35327148,0.08355713,-0.12805176,-0.32321525,LCC-FASD external-dev / cross-domain stress set,-0.6198028028011322,1.0,0.0
spoof_1293.png,1,VALID,-0.005519867,0.08459473,-0.03552246,-0.7250056,LCC-FASD external-dev / cross-domain stress set,-0.6198028028011322,0.0,1.0
spoof_1189.png,1,VALID,1.140625,0.12963867,-0.9160156,0.7097995,LCC-FASD external-dev / cross-domain stress set,-0.6198028028011322,1.0,0.0
spoof_1190.png,1,VALID,0.6503906,0.43823242,-1.0185547,0.0027213097,LCC-FASD external-dev / cross-domain stress set,-0.6198028028011322,1.0,0.0
spoof_1191.png,1,VALID,0.6791992,0.49047852,-1.0664062,-0.002553761,LCC-FASD external-dev / cross-domain stress set,-0.6198028028011322,1.0,0.0
spoof_1192.png,1,VALID,1.1259766,-0.7949219,-0.10412598,0.823853,LCC-FASD external-dev / cross-domain stress set,-0.6198028028011322,1.0,0.0
spoof_1193.png,1,VALID,1.296875,-0.18652344,-0.8725586,1.075557,LCC-FASD external-dev / cross-domain stress set,-0.6198028028011322,1.0,0.0
spoof_1194.png,1,VALID,0.44482422,-0.42919922,0.23010254,-0.20215303,LCC-FASD external-dev / cross-domain stress set,-0.6198028028011322,1.0,0.0
spoof_1195.png,1,VALID,-0.14538574,-0.859375,1.0429688,-1.3274366,LCC-FASD external-dev / cross-domain stress set,-0.6198028028011322,0.0,1.0
spoof_1196.png,1,VALID,-0.14123535,0.0121154785,0.09033203,-0.88637084,LCC-FASD external-dev / cross-domain stress set,-0.6198028028011322,0.0,1.0
spoof_1197.png,1,VALID,-0.5366211,1.0253906,-0.26879883,-1.8042674,LCC-FASD external-dev / cross-domain stress set,-0.6198028028011322,0.0,1.0
spoof_1198.png,1,VALID,-0.6230469,0.99609375,-0.17150879,-1.8900162,LCC-FASD external-dev / cross-domain stress set,-0.6198028028011322,0.0,1.0
spoof_1199.png,1,VALID,-1.4492188,1.4433594,-0.074157715,-3.0908186,LCC-FASD external-dev / cross-domain stress set,-0.6198028028011322,0.0,1.0
spoof_1200.png,1,VALID,-0.09613037,-0.21875,0.2097168,-0.80753547,LCC-FASD external-dev / cross-domain stress set,-0.6198028028011322,0.0,1.0
spoof_1201.png,1,VALID,-0.33666992,0.73535156,-0.26586914,-1.384955,LCC-FASD external-dev / cross-domain stress set,-0.6198028028011322,0.0,1.0
spoof_1202.png,1,VALID,-0.71240234,-0.04547119,0.5751953,-1.7178113,LCC-FASD external-dev / cross-domain stress set,-0.6198028028011322,0.0,1.0
spoof_1203.png,1,VALID,-1.7470703,1.5498047,-0.0597229,-3.4791818,LCC-FASD external-dev / cross-domain stress set,-0.6198028028011322,0.0,1.0
spoof_1204.png,1,VALID,-0.016418457,-0.33935547,0.27734375,-0.7253648,LCC-FASD external-dev / cross-domain stress set,-0.6198028028011322,0.0,1.0
spoof_1205.png,1,VALID,-1.8515625,1.3076172,0.34301758,-3.4820857,LCC-FASD external-dev / cross-domain stress set,-0.6198028028011322,0.0,1.0
spoof_1206.png,1,VALID,-0.62597656,-0.16845703,0.63916016,-1.633882,LCC-FASD external-dev / cross-domain stress set,-0.6198028028011322,0.0,1.0
spoof_1207.png,1,VALID,-0.44018555,-0.34985352,0.7036133,-1.4429598,LCC-FASD external-dev / cross-domain stress set,-0.6198028028011322,0.0,1.0
spoof_1208.png,1,VALID,-1.4628906,1.5126953,-0.20458984,-3.1407213,LCC-FASD external-dev / cross-domain stress set,-0.6198028028011322,0.0,1.0
spoof_1209.png,1,VALID,0.011413574,-0.62939453,0.61865234,-0.85960317,LCC-FASD external-dev / cross-domain stress set,-0.6198028028011322,0.0,1.0
spoof_1210.png,1,VALID,-0.5253906,1.0087891,-0.31225586,-1.7707182,LCC-FASD external-dev / cross-domain stress set,-0.6198028028011322,0.0,1.0
spoof_1211.png,1,VALID,-0.89501953,0.018966675,0.5776367,-1.9249854,LCC-FASD external-dev / cross-domain stress set,-0.6198028028011322,0.0,1.0
spoof_1212.png,1,VALID,-1.2138672,1.1464844,-0.14855957,-2.6024237,LCC-FASD external-dev / cross-domain stress set,-0.6198028028011322,0.0,1.0
spoof_1213.png,1,VALID,-0.7890625,1.1904297,-0.30419922,-2.1818876,LCC-FASD external-dev / cross-domain stress set,-0.6198028028011322,0.0,1.0
spoof_1214.png,1,VALID,-0.21447754,-0.5883789,0.79345703,-1.2319714,LCC-FASD external-dev / cross-domain stress set,-0.6198028028011322,0.0,1.0
spoof_1215.png,1,VALID,-0.21704102,1.0996094,-0.77783203,-1.4590012,LCC-FASD external-dev / cross-domain stress set,-0.6198028028011322,0.0,1.0
spoof_1216.png,1,VALID,0.5776367,0.6879883,-1.1845703,-0.25335157,LCC-FASD external-dev / cross-domain stress set,-0.6198028028011322,1.0,0.0
spoof_1217.png,1,VALID,0.20874023,0.58691406,-0.7685547,-0.607559,LCC-FASD external-dev / cross-domain stress set,-0.6198028028011322,1.0,0.0
spoof_1218.png,1,VALID,-0.1673584,1.0986328,-1.1035156,-1.3708603,LCC-FASD external-dev / cross-domain stress set,-0.6198028028011322,0.0,1.0
spoof_1219.png,1,VALID,0.0231781,0.34277344,-0.44482422,-0.69455755,LCC-FASD external-dev / cross-domain stress set,-0.6198028028011322,0.0,1.0
spoof_1220.png,1,VALID,-0.58251953,0.6088867,-0.06964111,-1.6017683,LCC-FASD external-dev / cross-domain stress set,-0.6198028028011322,0.0,1.0
spoof_1221.png,1,VALID,0.3955078,0.31713867,-0.62890625,-0.2496919,LCC-FASD external-dev / cross-domain stress set,-0.6198028028011322,1.0,0.0
spoof_1222.png,1,VALID,0.20812988,0.25341797,-0.3305664,-0.4884805,LCC-FASD external-dev / cross-domain stress set,-0.6198028028011322,1.0,0.0
spoof_1223.png,1,VALID,1.0087891,0.07092285,-0.98583984,0.6395564,LCC-FASD external-dev / cross-domain stress set,-0.6198028028011322,1.0,0.0
spoof_1224.png,1,VALID,0.42895508,0.17993164,-0.70458984,-0.09662914,LCC-FASD external-dev / cross-domain stress set,-0.6198028028011322,1.0,0.0
spoof_1225.png,1,VALID,0.6118164,0.46704102,-1.0410156,-0.05517298,LCC-FASD external-dev / cross-domain stress set,-0.6198028028011322,1.0,0.0
spoof_1226.png,1,VALID,0.63671875,0.37109375,-0.89941406,0.018226802,LCC-FASD external-dev / cross-domain stress set,-0.6198028028011322,1.0,0.0
spoof_1227.png,1,VALID,0.32885742,0.15637207,-0.4831543,-0.2511747,LCC-FASD external-dev / cross-domain stress set,-0.6198028028011322,1.0,0.0
spoof_1228.png,1,VALID,0.5004883,0.18127441,-0.59716797,-0.058620095,LCC-FASD external-dev / cross-domain stress set,-0.6198028028011322,1.0,0.0
spoof_1229.png,1,VALID,0.29541016,0.62402344,-0.92285156,-0.5216376,LCC-FASD external-dev / cross-domain stress set,-0.6198028028011322,1.0,0.0
spoof_1230.png,1,VALID,-0.08502197,0.55371094,-0.51953125,-0.93281806,LCC-FASD external-dev / cross-domain stress set,-0.6198028028011322,0.0,1.0
spoof_1231.png,1,VALID,0.10614014,0.0859375,-0.2076416,-0.5368901,LCC-FASD external-dev / cross-domain stress set,-0.6198028028011322,1.0,0.0
spoof_1232.png,1,VALID,-0.41674805,0.84814453,-0.4177246,-1.5133094,LCC-FASD external-dev / cross-domain stress set,-0.6198028028011322,0.0,1.0
spoof_1233.png,1,VALID,0.6347656,0.40307617,-0.83251953,-0.023465514,LCC-FASD external-dev / cross-domain stress set,-0.6198028028011322,1.0,0.0
spoof_1234.png,1,VALID,0.25634766,0.67333984,-0.77685547,-0.62767804,LCC-FASD external-dev / cross-domain stress set,-0.6198028028011322,0.0,1.0
spoof_1235.png,1,VALID,-0.47216797,-0.3100586,0.9609375,-1.6803967,LCC-FASD external-dev / cross-domain stress set,-0.6198028028011322,0.0,1.0
spoof_1236.png,1,VALID,-0.45043945,0.05697632,0.4831543,-1.4361856,LCC-FASD external-dev / cross-domain stress set,-0.6198028028011322,0.0,1.0
spoof_1237.png,1,VALID,-0.29125977,0.8457031,-0.47265625,-1.3740677,LCC-FASD external-dev / cross-domain stress set,-0.6198028028011322,0.0,1.0
spoof_1238.png,1,VALID,-0.049743652,0.25048828,0.048095703,-0.8972944,LCC-FASD external-dev / cross-domain stress set,-0.6198028028011322,0.0,1.0
spoof_1133.png,1,VALID,0.58251953,0.4267578,-0.9916992,-0.06103152,LCC-FASD external-dev / cross-domain stress set,-0.6198028028011322,1.0,0.0
spoof_1134.png,1,VALID,0.61621094,0.5136719,-0.97314453,-0.10129219,LCC-FASD external-dev / cross-domain stress set,-0.6198028028011322,1.0,0.0
spoof_1135.png,1,VALID,0.49829102,0.3605957,-0.8701172,-0.11856127,LCC-FASD external-dev / cross-domain stress set,-0.6198028028011322,1.0,0.0
spoof_1136.png,1,VALID,0.54345703,0.03704834,-0.33911133,-0.016242325,LCC-FASD external-dev / cross-domain stress set,-0.6198028028011322,1.0,0.0
spoof_1137.png,1,VALID,0.63720703,0.23181152,-0.6850586,0.06908876,LCC-FASD external-dev / cross-domain stress set,-0.6198028028011322,1.0,0.0
spoof_1138.png,1,VALID,0.47827148,0.34472656,-0.7001953,-0.16783237,LCC-FASD external-dev / cross-domain stress set,-0.6198028028011322,1.0,0.0
spoof_1139.png,1,VALID,0.35473633,0.41674805,-0.64160156,-0.3599124,LCC-FASD external-dev / cross-domain stress set,-0.6198028028011322,1.0,0.0
spoof_1140.png,1,VALID,-0.55615234,0.13671875,0.6152344,-1.6536293,LCC-FASD external-dev / cross-domain stress set,-0.6198028028011322,0.0,1.0
spoof_1141.png,1,VALID,-1.0390625,0.30151367,0.8095703,-2.3196757,LCC-FASD external-dev / cross-domain stress set,-0.6198028028011322,0.0,1.0
spoof_1142.png,1,VALID,0.5776367,0.4477539,-0.8955078,-0.10201669,LCC-FASD external-dev / cross-domain stress set,-0.6198028028011322,1.0,0.0
spoof_1143.png,1,VALID,0.93896484,0.22851562,-0.9277344,0.4368682,LCC-FASD external-dev / cross-domain stress set,-0.6198028028011322,1.0,0.0
spoof_1144.png,1,VALID,0.2800293,0.41625977,-0.48876953,-0.4759332,LCC-FASD external-dev / cross-domain stress set,-0.6198028028011322,1.0,0.0
spoof_1145.png,1,VALID,-0.60791016,0.6875,-0.004486084,-1.7012625,LCC-FASD external-dev / cross-domain stress set,-0.6198028028011322,0.0,1.0
spoof_1146.png,1,VALID,0.8647461,0.5341797,-1.3232422,0.18553615,LCC-FASD external-dev / cross-domain stress set,-0.6198028028011322,1.0,0.0
spoof_1147.png,1,VALID,0.359375,0.11151123,-0.38110352,-0.22900784,LCC-FASD external-dev / cross-domain stress set,-0.6198028028011322,1.0,0.0
spoof_1148.png,1,VALID,-0.99365234,0.62939453,0.51220703,-2.259316,LCC-FASD external-dev / cross-domain stress set,-0.6198028028011322,0.0,1.0
spoof_1149.png,1,VALID,0.35229492,0.31225586,-0.38745117,-0.36324418,LCC-FASD external-dev / cross-domain stress set,-0.6198028028011322,1.0,0.0
spoof_1150.png,1,VALID,0.48510742,0.19250488,-0.5107422,-0.1095072,LCC-FASD external-dev / cross-domain stress set,-0.6198028028011322,1.0,0.0
spoof_1151.png,1,VALID,0.081970215,0.2310791,-0.17260742,-0.6606463,LCC-FASD external-dev / cross-domain stress set,-0.6198028028011322,0.0,1.0
spoof_1152.png,1,VALID,0.8676758,0.4946289,-0.90283203,0.15212673,LCC-FASD external-dev / cross-domain stress set,-0.6198028028011322,1.0,0.0
spoof_1153.png,1,VALID,-0.43481445,1.7431641,-1.6386719,-2.2113988,LCC-FASD external-dev / cross-domain stress set,-0.6198028028011322,0.0,1.0
spoof_1154.png,1,VALID,-0.8144531,1.4707031,-0.94140625,-2.3709908,LCC-FASD external-dev / cross-domain stress set,-0.6198028028011322,0.0,1.0
spoof_1155.png,1,VALID,-0.13049316,1.40625,-1.4179688,-1.5944034,LCC-FASD external-dev / cross-domain stress set,-0.6198028028011322,0.0,1.0
spoof_1156.png,1,VALID,0.07922363,0.7705078,-0.9223633,-0.86017466,LCC-FASD external-dev / cross-domain stress set,-0.6198028028011322,0.0,1.0
spoof_1157.png,1,VALID,0.4946289,0.38623047,-0.64990234,-0.19527328,LCC-FASD external-dev / cross-domain stress set,-0.6198028028011322,1.0,0.0
spoof_1158.png,1,VALID,-1.0439453,0.17077637,0.59033203,-2.1394906,LCC-FASD external-dev / cross-domain stress set,-0.6198028028011322,0.0,1.0
spoof_1159.png,1,VALID,-1.2626953,0.8125,0.071899414,-2.4650915,LCC-FASD external-dev / cross-domain stress set,-0.6198028028011322,0.0,1.0
spoof_1160.png,1,VALID,0.37304688,0.9511719,-1.4697266,-0.6632396,LCC-FASD external-dev / cross-domain stress set,-0.6198028028011322,0.0,1.0
spoof_1161.png,1,VALID,1.1347656,-0.11517334,-0.7763672,0.8337089,LCC-FASD external-dev / cross-domain stress set,-0.6198028028011322,1.0,0.0
spoof_1162.png,1,VALID,0.19006348,0.6274414,-0.81689453,-0.6491795,LCC-FASD external-dev / cross-domain stress set,-0.6198028028011322,0.0,1.0
spoof_1163.png,1,VALID,-1.0576172,1.4462891,-0.79833984,-2.6046262,LCC-FASD external-dev / cross-domain stress set,-0.6198028028011322,0.0,1.0
spoof_1164.png,1,VALID,-1.0791016,1.0478516,-0.1439209,-2.392146,LCC-FASD external-dev / cross-domain stress set,-0.6198028028011322,0.0,1.0
spoof_1165.png,1,VALID,-0.71240234,0.59228516,-0.032348633,-1.7335159,LCC-FASD external-dev / cross-domain stress set,-0.6198028028011322,0.0,1.0
spoof_1166.png,1,VALID,-0.54589844,1.4150391,-1.1298828,-2.0364895,LCC-FASD external-dev / cross-domain stress set,-0.6198028028011322,0.0,1.0
spoof_1167.png,1,VALID,2.0566406,-0.51171875,-1.1533203,2.1454155,LCC-FASD external-dev / cross-domain stress set,-0.6198028028011322,1.0,0.0
spoof_1168.png,1,VALID,1.0683594,0.107910156,-0.90527344,0.65071607,LCC-FASD external-dev / cross-domain stress set,-0.6198028028011322,1.0,0.0
spoof_1169.png,1,VALID,0.69384766,0.35131836,-1.0654297,0.12540269,LCC-FASD external-dev / cross-domain stress set,-0.6198028028011322,1.0,0.0
spoof_1170.png,1,VALID,1.5664062,-0.3017578,-0.8911133,1.4268913,LCC-FASD external-dev / cross-domain stress set,-0.6198028028011322,1.0,0.0
spoof_1171.png,1,VALID,1.2138672,-0.4501953,-0.4477539,0.9696939,LCC-FASD external-dev / cross-domain stress set,-0.6198028028011322,1.0,0.0
spoof_1172.png,1,VALID,0.32348633,-0.3930664,0.40551758,-0.4535712,LCC-FASD external-dev / cross-domain stress set,-0.6198028028011322,1.0,0.0
spoof_1173.png,1,VALID,0.9350586,0.44726562,-1.3261719,0.33100426,LCC-FASD external-dev / cross-domain stress set,-0.6198028028011322,1.0,0.0
spoof_1174.png,1,VALID,0.14355469,-0.31030273,0.38720703,-0.6476654,LCC-FASD external-dev / cross-domain stress set,-0.6198028028011322,0.0,1.0
spoof_1175.png,1,VALID,0.07080078,-0.40820312,0.8364258,-1.0187527,LCC-FASD external-dev / cross-domain stress set,-0.6198028028011322,0.0,1.0
spoof_1176.png,1,VALID,-0.14550781,0.10479736,0.0034122467,-0.8940441,LCC-FASD external-dev / cross-domain stress set,-0.6198028028011322,0.0,1.0
spoof_1177.png,1,VALID,0.4885254,-0.8466797,0.64453125,-0.35902828,LCC-FASD external-dev / cross-domain stress set,-0.6198028028011322,1.0,0.0
spoof_1178.png,1,VALID,0.8725586,-0.4194336,-0.049560547,0.39690435,LCC-FASD external-dev / cross-domain stress set,-0.6198028028011322,1.0,0.0
spoof_1179.png,1,VALID,-0.25048828,-0.11462402,0.49975586,-1.1826603,LCC-FASD external-dev / cross-domain stress set,-0.6198028028011322,0.0,1.0
spoof_1180.png,1,VALID,1.0009766,0.23034668,-1.1435547,0.54499537,LCC-FASD external-dev / cross-domain stress set,-0.6198028028011322,1.0,0.0
spoof_1181.png,1,VALID,-0.8569336,0.95751953,0.09643555,-2.1670122,LCC-FASD external-dev / cross-domain stress set,-0.6198028028011322,0.0,1.0
spoof_1182.png,1,VALID,1.2158203,-0.21130371,-0.61816406,0.9168563,LCC-FASD external-dev / cross-domain stress set,-0.6198028028011322,1.0,0.0
spoof_1183.png,1,VALID,0.8041992,0.40478516,-1.2011719,0.21651149,LCC-FASD external-dev / cross-domain stress set,-0.6198028028011322,1.0,0.0
spoof_1184.png,1,VALID,1.2363281,-0.9291992,0.13269043,0.8066478,LCC-FASD external-dev / cross-domain stress set,-0.6198028028011322,1.0,0.0
spoof_1185.png,1,VALID,1.3564453,-0.5234375,-0.40527344,1.1259093,LCC-FASD external-dev / cross-domain stress set,-0.6198028028011322,1.0,0.0
spoof_1186.png,1,VALID,1.1357422,-0.4284668,-0.3942871,0.853826,LCC-FASD external-dev / cross-domain stress set,-0.6198028028011322,1.0,0.0
spoof_1187.png,1,VALID,0.22839355,-0.5234375,0.5678711,-0.62899053,LCC-FASD external-dev / cross-domain stress set,-0.6198028028011322,0.0,1.0
spoof_1188.png,1,VALID,0.4543457,-0.18432617,0.04815674,-0.17745763,LCC-FASD external-dev / cross-domain stress set,-0.6198028028011322,1.0,0.0
spoof_1078.png,1,VALID,0.57128906,0.060333252,-0.47973633,0.05181873,LCC-FASD external-dev / cross-domain stress set,-0.6198028028011322,1.0,0.0
spoof_1079.png,1,VALID,0.85546875,-0.1772461,-0.5097656,0.49206948,LCC-FASD external-dev / cross-domain stress set,-0.6198028028011322,1.0,0.0
spoof_1080.png,1,VALID,-0.44140625,0.36987305,-0.12841797,-1.2860018,LCC-FASD external-dev / cross-domain stress set,-0.6198028028011322,0.0,1.0
spoof_1081.png,1,VALID,-0.36108398,0.9550781,-0.6958008,-1.4916949,LCC-FASD external-dev / cross-domain stress set,-0.6198028028011322,0.0,1.0
spoof_1082.png,1,VALID,-1.8408203,2.0410156,-0.3413086,-3.9701543,LCC-FASD external-dev / cross-domain stress set,-0.6198028028011322,0.0,1.0
spoof_1083.png,1,VALID,-0.21520996,0.4645996,-0.39624023,-1.0324411,LCC-FASD external-dev / cross-domain stress set,-0.6198028028011322,0.0,1.0
spoof_1084.png,1,VALID,-2.4472656,1.5380859,0.6040039,-4.316773,LCC-FASD external-dev / cross-domain stress set,-0.6198028028011322,0.0,1.0
spoof_1085.png,1,VALID,0.3388672,0.35424805,-0.5410156,-0.35790604,LCC-FASD external-dev / cross-domain stress set,-0.6198028028011322,1.0,0.0
spoof_1086.png,1,VALID,0.36132812,0.41430664,-0.51464844,-0.38584876,LCC-FASD external-dev / cross-domain stress set,-0.6198028028011322,1.0,0.0
spoof_1087.png,1,VALID,-1.0029297,1.3398438,-0.67871094,-2.4675076,LCC-FASD external-dev / cross-domain stress set,-0.6198028028011322,0.0,1.0
spoof_1088.png,1,VALID,0.6713867,-0.048034668,-0.45532227,0.20932442,LCC-FASD external-dev / cross-domain stress set,-0.6198028028011322,1.0,0.0
spoof_1089.png,1,VALID,-0.5151367,0.5239258,-0.099609375,-1.4682741,LCC-FASD external-dev / cross-domain stress set,-0.6198028028011322,0.0,1.0
spoof_1090.png,1,VALID,-0.8774414,1.5429688,-1.2050781,-2.4824953,LCC-FASD external-dev / cross-domain stress set,-0.6198028028011322,0.0,1.0
spoof_1091.png,1,VALID,-0.8574219,1.015625,-0.60546875,-2.0534353,LCC-FASD external-dev / cross-domain stress set,-0.6198028028011322,0.0,1.0
spoof_1092.png,1,VALID,-0.45532227,1.2246094,-0.8354492,-1.7998871,LCC-FASD external-dev / cross-domain stress set,-0.6198028028011322,0.0,1.0
spoof_1093.png,1,VALID,-0.2401123,0.74560547,-0.48779297,-1.2413679,LCC-FASD external-dev / cross-domain stress set,-0.6198028028011322,0.0,1.0
spoof_1094.png,1,VALID,1.1845703,-0.10247803,-0.82666016,0.8918216,LCC-FASD external-dev / cross-domain stress set,-0.6198028028011322,1.0,0.0
spoof_1095.png,1,VALID,-0.4777832,1.4589844,-1.0107422,-2.0179863,LCC-FASD external-dev / cross-domain stress set,-0.6198028028011322,0.0,1.0
spoof_1096.png,1,VALID,-0.75,1.4853516,-0.92333984,-2.3214679,LCC-FASD external-dev / cross-domain stress set,-0.6198028028011322,0.0,1.0
spoof_1097.png,1,VALID,-0.63720703,0.8149414,-0.4831543,-1.693565,LCC-FASD external-dev / cross-domain stress set,-0.6198028028011322,0.0,1.0
spoof_1098.png,1,VALID,-0.34521484,1.4462891,-1.0791016,-1.86849,LCC-FASD external-dev / cross-domain stress set,-0.6198028028011322,0.0,1.0
spoof_1099.png,1,VALID,1.4238281,-0.4350586,-0.70214844,1.2903937,LCC-FASD external-dev / cross-domain stress set,-0.6198028028011322,1.0,0.0
spoof_1100.png,1,VALID,0.98828125,-0.21166992,-0.5776367,0.67313856,LCC-FASD external-dev / cross-domain stress set,-0.6198028028011322,1.0,0.0
spoof_1101.png,1,VALID,-1.1396484,1.2646484,-0.63720703,-2.5434425,LCC-FASD external-dev / cross-domain stress set,-0.6198028028011322,0.0,1.0
spoof_1102.png,1,VALID,-0.65527344,1.2050781,-0.65771484,-2.0046582,LCC-FASD external-dev / cross-domain stress set,-0.6198028028011322,0.0,1.0
spoof_1103.png,1,VALID,-0.79003906,1.4921875,-0.7949219,-2.3789535,LCC-FASD external-dev / cross-domain stress set,-0.6198028028011322,0.0,1.0
spoof_1104.png,1,VALID,-0.29736328,1.2089844,-0.86279297,-1.6249851,LCC-FASD external-dev / cross-domain stress set,-0.6198028028011322,0.0,1.0
spoof_1105.png,1,VALID,1.0224609,-0.28466797,-0.38793945,0.6642849,LCC-FASD external-dev / cross-domain stress set,-0.6198028028011322,1.0,0.0
spoof_1106.png,1,VALID,-0.32202148,-0.328125,1.0195312,-1.5725443,LCC-FASD external-dev / cross-domain stress set,-0.6198028028011322,0.0,1.0
spoof_1107.png,1,VALID,-0.640625,1.3544922,-1.0126953,-2.084724,LCC-FASD external-dev / cross-domain stress set,-0.6198028028011322,0.0,1.0
spoof_1108.png,1,VALID,-0.81347656,1.7392578,-1.0673828,-2.6113877,LCC-FASD external-dev / cross-domain stress set,-0.6198028028011322,0.0,1.0
spoof_1109.png,1,VALID,-0.87158203,1.34375,-1.0673828,-2.301247,LCC-FASD external-dev / cross-domain stress set,-0.6198028028011322,0.0,1.0
spoof_1110.png,1,VALID,0.2849121,0.29296875,-0.29223633,-0.4508121,LCC-FASD external-dev / cross-domain stress set,-0.6198028028011322,1.0,0.0
spoof_1111.png,1,VALID,-0.81396484,0.42700195,0.4482422,-1.9447905,LCC-FASD external-dev / cross-domain stress set,-0.6198028028011322,0.0,1.0
spoof_1112.png,1,VALID,-1.1289062,1.0126953,0.13232422,-2.488469,LCC-FASD external-dev / cross-domain stress set,-0.6198028028011322,0.0,1.0
spoof_1113.png,1,VALID,-0.35205078,0.3293457,0.09649658,-1.2648811,LCC-FASD external-dev / cross-domain stress set,-0.6198028028011322,0.0,1.0
spoof_1114.png,1,VALID,-0.39501953,0.35620117,0.13293457,-1.3389527,LCC-FASD external-dev / cross-domain stress set,-0.6198028028011322,0.0,1.0
spoof_1115.png,1,VALID,-1.0175781,0.20056152,0.7363281,-2.2146297,LCC-FASD external-dev / cross-domain stress set,-0.6198028028011322,0.0,1.0
spoof_1116.png,1,VALID,-1.2421875,2.2910156,-1.1660156,-3.5642397,LCC-FASD external-dev / cross-domain stress set,-0.6198028028011322,0.0,1.0
spoof_1117.png,1,VALID,-0.06817627,-0.4777832,0.59765625,-0.95935833,LCC-FASD external-dev / cross-domain stress set,-0.6198028028011322,0.0,1.0
spoof_1118.png,1,VALID,0.14367676,0.7871094,-0.88134766,-0.8161564,LCC-FASD external-dev / cross-domain stress set,-0.6198028028011322,0.0,1.0
spoof_1119.png,1,VALID,-0.6542969,1.6582031,-1.0439453,-2.3774085,LCC-FASD external-dev / cross-domain stress set,-0.6198028028011322,0.0,1.0
spoof_1120.png,1,VALID,-1.2119141,1.0869141,-0.032928467,-2.5812447,LCC-FASD external-dev / cross-domain stress set,-0.6198028028011322,0.0,1.0
spoof_1121.png,1,VALID,0.48901367,0.8095703,-1.3017578,-0.43484652,LCC-FASD external-dev / cross-domain stress set,-0.6198028028011322,1.0,0.0
spoof_1122.png,1,VALID,0.20544434,1.0244141,-1.2441406,-0.91742194,LCC-FASD external-dev / cross-domain stress set,-0.6198028028011322,0.0,1.0
spoof_1123.png,1,VALID,1.0126953,-0.18786621,-0.83984375,0.781184,LCC-FASD external-dev / cross-domain stress set,-0.6198028028011322,1.0,0.0
spoof_1124.png,1,VALID,-0.062286377,1.6503906,-1.5927734,-1.7509744,LCC-FASD external-dev / cross-domain stress set,-0.6198028028011322,0.0,1.0
spoof_1125.png,1,VALID,-0.91796875,0.7519531,0.026824951,-2.0648398,LCC-FASD external-dev / cross-domain stress set,-0.6198028028011322,0.0,1.0
spoof_1126.png,1,VALID,-0.15686035,0.9536133,-0.8359375,-1.2649401,LCC-FASD external-dev / cross-domain stress set,-0.6198028028011322,0.0,1.0
spoof_1127.png,1,VALID,-1.0166016,1.0449219,-0.21984863,-2.310182,LCC-FASD external-dev / cross-domain stress set,-0.6198028028011322,0.0,1.0
spoof_1128.png,1,VALID,-0.012672424,1.2421875,-1.2558594,-1.333898,LCC-FASD external-dev / cross-domain stress set,-0.6198028028011322,0.0,1.0
spoof_1129.png,1,VALID,-0.29711914,-0.14355469,0.46166992,-1.1944289,LCC-FASD external-dev / cross-domain stress set,-0.6198028028011322,0.0,1.0
spoof_1130.png,1,VALID,-0.4753418,-0.3088379,0.8930664,-1.6312501,LCC-FASD external-dev / cross-domain stress set,-0.6198028028011322,0.0,1.0
spoof_1131.png,1,VALID,0.15881348,0.28027344,-0.31591797,-0.56029916,LCC-FASD external-dev / cross-domain stress set,-0.6198028028011322,1.0,0.0
spoof_1132.png,1,VALID,0.08270264,0.27661133,-0.27294922,-0.649562,LCC-FASD external-dev / cross-domain stress set,-0.6198028028011322,0.0,1.0
spoof_1025.png,1,VALID,0.4333496,-0.39526367,0.24719238,-0.23649204,LCC-FASD external-dev / cross-domain stress set,-0.6198028028011322,1.0,0.0
spoof_1026.png,1,VALID,0.1505127,0.06210327,-0.12927246,-0.513621,LCC-FASD external-dev / cross-domain stress set,-0.6198028028011322,1.0,0.0
spoof_1027.png,1,VALID,0.54589844,-0.57910156,0.2355957,-0.05626446,LCC-FASD external-dev / cross-domain stress set,-0.6198028028011322,1.0,0.0
spoof_1028.png,1,VALID,0.48535156,-0.5366211,0.21325684,-0.11481547,LCC-FASD external-dev / cross-domain stress set,-0.6198028028011322,1.0,0.0
spoof_1029.png,1,VALID,0.26757812,0.5776367,-0.63964844,-0.56936646,LCC-FASD external-dev / cross-domain stress set,-0.6198028028011322,1.0,0.0
spoof_1030.png,1,VALID,1.0957031,-0.14611816,-0.8310547,0.8336118,LCC-FASD external-dev / cross-domain stress set,-0.6198028028011322,1.0,0.0
spoof_1031.png,1,VALID,0.52783203,0.4267578,-0.9370117,-0.12661505,LCC-FASD external-dev / cross-domain stress set,-0.6198028028011322,1.0,0.0
spoof_1032.png,1,VALID,1.1289062,0.4272461,-1.3583984,0.5466336,LCC-FASD external-dev / cross-domain stress set,-0.6198028028011322,1.0,0.0
spoof_1033.png,1,VALID,-0.16113281,0.28588867,-0.074035645,-0.97631305,LCC-FASD external-dev / cross-domain stress set,-0.6198028028011322,0.0,1.0
spoof_1034.png,1,VALID,0.17700195,0.7709961,-0.91748047,-0.7635689,LCC-FASD external-dev / cross-domain stress set,-0.6198028028011322,0.0,1.0
spoof_1035.png,1,VALID,-0.07324219,0.31591797,-0.15161133,-0.8756203,LCC-FASD external-dev / cross-domain stress set,-0.6198028028011322,0.0,1.0
spoof_1036.png,1,VALID,1.5625,-0.52001953,-0.73046875,1.489071,LCC-FASD external-dev / cross-domain stress set,-0.6198028028011322,1.0,0.0
spoof_1037.png,1,VALID,-0.1730957,0.6113281,-0.48046875,-1.0738142,LCC-FASD external-dev / cross-domain stress set,-0.6198028028011322,0.0,1.0
spoof_1038.png,1,VALID,0.8383789,0.51708984,-1.1757812,0.15239859,LCC-FASD external-dev / cross-domain stress set,-0.6198028028011322,1.0,0.0
spoof_1039.png,1,VALID,0.54833984,0.08959961,-0.5957031,0.050653428,LCC-FASD external-dev / cross-domain stress set,-0.6198028028011322,1.0,0.0
spoof_1040.png,1,VALID,1.03125,-0.11102295,-0.85009766,0.75188386,LCC-FASD external-dev / cross-domain stress set,-0.6198028028011322,1.0,0.0
spoof_1041.png,1,VALID,0.78515625,-0.028152466,-0.7011719,0.4010892,LCC-FASD external-dev / cross-domain stress set,-0.6198028028011322,1.0,0.0
spoof_1042.png,1,VALID,0.27392578,0.24475098,-0.5913086,-0.33088487,LCC-FASD external-dev / cross-domain stress set,-0.6198028028011322,1.0,0.0
spoof_1043.png,1,VALID,-0.3112793,0.73876953,-0.45410156,-1.314986,LCC-FASD external-dev / cross-domain stress set,-0.6198028028011322,0.0,1.0
spoof_1044.png,1,VALID,0.33154297,0.13574219,-0.51660156,-0.22345132,LCC-FASD external-dev / cross-domain stress set,-0.6198028028011322,1.0,0.0
spoof_1045.png,1,VALID,0.13537598,0.5097656,-0.70214844,-0.6349269,LCC-FASD external-dev / cross-domain stress set,-0.6198028028011322,0.0,1.0
spoof_1046.png,1,VALID,0.06829834,0.1628418,-0.24511719,-0.60437226,LCC-FASD external-dev / cross-domain stress set,-0.6198028028011322,1.0,0.0
spoof_1047.png,1,VALID,1.0087891,0.4855957,-1.2861328,0.36615646,LCC-FASD external-dev / cross-domain stress set,-0.6198028028011322,1.0,0.0
spoof_1048.png,1,VALID,0.45483398,0.06750488,-0.2878418,-0.14384627,LCC-FASD external-dev / cross-domain stress set,-0.6198028028011322,1.0,0.0
spoof_1049.png,1,VALID,0.8364258,0.1685791,-0.9824219,0.39300677,LCC-FASD external-dev / cross-domain stress set,-0.6198028028011322,1.0,0.0
spoof_1050.png,1,VALID,0.45898438,0.21472168,-0.6645508,-0.10292679,LCC-FASD external-dev / cross-domain stress set,-0.6198028028011322,1.0,0.0
spoof_1051.png,1,VALID,0.6152344,0.67871094,-1.0214844,-0.2312324,LCC-FASD external-dev / cross-domain stress set,-0.6198028028011322,1.0,0.0
spoof_1052.png,1,VALID,0.26953125,0.26098633,-0.54785156,-0.35982406,LCC-FASD external-dev / cross-domain stress set,-0.6198028028011322,1.0,0.0
spoof_1053.png,1,VALID,-1.0693359,0.15991211,0.7402344,-2.2540753,LCC-FASD external-dev / cross-domain stress set,-0.6198028028011322,0.0,1.0
spoof_1054.png,1,VALID,0.42333984,-0.14428711,-0.011459351,-0.19413787,LCC-FASD external-dev / cross-domain stress set,-0.6198028028011322,1.0,0.0
spoof_1055.png,1,VALID,0.13330078,0.117370605,-0.18334961,-0.53811866,LCC-FASD external-dev / cross-domain stress set,-0.6198028028011322,1.0,0.0
spoof_1056.png,1,VALID,0.61865234,-0.0006656647,-0.3232422,0.07450813,LCC-FASD external-dev / cross-domain stress set,-0.6198028028011322,1.0,0.0
spoof_1057.png,1,VALID,-0.11413574,0.31079102,-0.13122559,-0.9212917,LCC-FASD external-dev / cross-domain stress set,-0.6198028028011322,0.0,1.0
spoof_1058.png,1,VALID,0.019195557,0.40527344,-0.22827148,-0.8118077,LCC-FASD external-dev / cross-domain stress set,-0.6198028028011322,0.0,1.0
spoof_1059.png,1,VALID,-1.0205078,0.029327393,0.8847656,-2.2595134,LCC-FASD external-dev / cross-domain stress set,-0.6198028028011322,0.0,1.0
spoof_1060.png,1,VALID,-0.72265625,0.06323242,0.5654297,-1.761334,LCC-FASD external-dev / cross-domain stress set,-0.6198028028011322,0.0,1.0
spoof_1061.png,1,VALID,0.10888672,0.55810547,-0.6381836,-0.7133615,LCC-FASD external-dev / cross-domain stress set,-0.6198028028011322,0.0,1.0
spoof_1062.png,1,VALID,1.3017578,-0.42773438,-0.5097656,1.0765197,LCC-FASD external-dev / cross-domain stress set,-0.6198028028011322,1.0,0.0
spoof_1063.png,1,VALID,-0.22253418,0.66015625,-0.43676758,-1.170795,LCC-FASD external-dev / cross-domain stress set,-0.6198028028011322,0.0,1.0
spoof_1064.png,1,VALID,1.0400391,-1.1611328,0.6816406,0.2113781,LCC-FASD external-dev / cross-domain stress set,-0.6198028028011322,1.0,0.0
spoof_1065.png,1,VALID,-1.2597656,0.19470215,0.828125,-2.5136628,LCC-FASD external-dev / cross-domain stress set,-0.6198028028011322,0.0,1.0
spoof_1066.png,1,VALID,-1.5625,0.20703125,1.1591797,-3.0480373,LCC-FASD external-dev / cross-domain stress set,-0.6198028028011322,0.0,1.0
spoof_1067.png,1,VALID,1.0791016,-0.4230957,-0.35595703,0.7749174,LCC-FASD external-dev / cross-domain stress set,-0.6198028028011322,1.0,0.0
spoof_1068.png,1,VALID,-0.34838867,0.16186523,0.01878357,-1.134417,LCC-FASD external-dev / cross-domain stress set,-0.6198028028011322,0.0,1.0
spoof_1069.png,1,VALID,0.090270996,0.59228516,-0.6855469,-0.7478118,LCC-FASD external-dev / cross-domain stress set,-0.6198028028011322,0.0,1.0
spoof_1070.png,1,VALID,-0.37060547,0.32958984,-0.1508789,-1.1816909,LCC-FASD external-dev / cross-domain stress set,-0.6198028028011322,0.0,1.0
spoof_1071.png,1,VALID,0.18444824,0.41552734,-0.40893555,-0.59465945,LCC-FASD external-dev / cross-domain stress set,-0.6198028028011322,1.0,0.0
spoof_1072.png,1,VALID,-0.19226074,0.5649414,-0.34960938,-1.0941718,LCC-FASD external-dev / cross-domain stress set,-0.6198028028011322,0.0,1.0
spoof_1073.png,1,VALID,-0.10021973,0.10430908,-0.08514404,-0.80742925,LCC-FASD external-dev / cross-domain stress set,-0.6198028028011322,0.0,1.0
spoof_1074.png,1,VALID,-2.203125,1.6835938,0.31958008,-4.1143584,LCC-FASD external-dev / cross-domain stress set,-0.6198028028011322,0.0,1.0
spoof_1075.png,1,VALID,-0.84277344,0.31445312,0.36938477,-1.8782167,LCC-FASD external-dev / cross-domain stress set,-0.6198028028011322,0.0,1.0
spoof_1076.png,1,VALID,-0.5419922,0.9433594,-0.31176758,-1.7361412,LCC-FASD external-dev / cross-domain stress set,-0.6198028028011322,0.0,1.0
spoof_1077.png,1,VALID,-0.6123047,0.06359863,0.54589844,-1.6389996,LCC-FASD external-dev / cross-domain stress set,-0.6198028028011322,0.0,1.0
spoof_1000.png,1,VALID,-1.5644531,1.4990234,-0.40429688,-3.2024322,LCC-FASD external-dev / cross-domain stress set,-0.6198028028011322,0.0,1.0
spoof_1001.png,1,VALID,0.3762207,0.70751953,-1.0664062,-0.48801672,LCC-FASD external-dev / cross-domain stress set,-0.6198028028011322,1.0,0.0
spoof_1002.png,1,VALID,0.43237305,0.11743164,-0.42822266,-0.14214325,LCC-FASD external-dev / cross-domain stress set,-0.6198028028011322,1.0,0.0
spoof_1003.png,1,VALID,-1.1855469,1.6005859,-0.76464844,-2.875907,LCC-FASD external-dev / cross-domain stress set,-0.6198028028011322,0.0,1.0
spoof_1004.png,1,VALID,1.2705078,-0.1381836,-0.88378906,1.0204084,LCC-FASD external-dev / cross-domain stress set,-0.6198028028011322,1.0,0.0
spoof_1005.png,1,VALID,0.17358398,0.5761719,-0.6767578,-0.65386534,LCC-FASD external-dev / cross-domain stress set,-0.6198028028011322,0.0,1.0
spoof_1006.png,1,VALID,-0.7451172,1.0898438,-0.2746582,-2.0625012,LCC-FASD external-dev / cross-domain stress set,-0.6198028028011322,0.0,1.0
spoof_1007.png,1,VALID,-0.57666016,0.57958984,0.051452637,-1.6197968,LCC-FASD external-dev / cross-domain stress set,-0.6198028028011322,0.0,1.0
spoof_1008.png,1,VALID,0.00080251694,1.1923828,-1.2460938,-1.2752721,LCC-FASD external-dev / cross-domain stress set,-0.6198028028011322,0.0,1.0
spoof_1009.png,1,VALID,-0.8442383,0.9658203,-0.6171875,-1.9968339,LCC-FASD external-dev / cross-domain stress set,-0.6198028028011322,0.0,1.0
spoof_1010.png,1,VALID,-0.5883789,0.5991211,0.010559082,-1.629056,LCC-FASD external-dev / cross-domain stress set,-0.6198028028011322,0.0,1.0
spoof_1011.png,1,VALID,-0.9248047,0.61621094,0.32055664,-2.0972226,LCC-FASD external-dev / cross-domain stress set,-0.6198028028011322,0.0,1.0
spoof_1012.png,1,VALID,-0.1619873,-0.20056152,0.60253906,-1.1346668,LCC-FASD external-dev / cross-domain stress set,-0.6198028028011322,0.0,1.0
spoof_1013.png,1,VALID,-0.28076172,0.07659912,0.27148438,-1.1526906,LCC-FASD external-dev / cross-domain stress set,-0.6198028028011322,0.0,1.0
spoof_1014.png,1,VALID,0.24401855,-0.0657959,-0.040374756,-0.39612412,LCC-FASD external-dev / cross-domain stress set,-0.6198028028011322,1.0,0.0
spoof_1015.png,1,VALID,-0.59521484,0.24316406,0.44921875,-1.6398515,LCC-FASD external-dev / cross-domain stress set,-0.6198028028011322,0.0,1.0
spoof_1016.png,1,VALID,-0.09399414,0.33203125,-0.25561523,-0.86790824,LCC-FASD external-dev / cross-domain stress set,-0.6198028028011322,0.0,1.0
spoof_1017.png,1,VALID,-0.13867188,0.2722168,-0.076538086,-0.9447857,LCC-FASD external-dev / cross-domain stress set,-0.6198028028011322,0.0,1.0
spoof_1018.png,1,VALID,0.11035156,0.55859375,-0.5830078,-0.72534895,LCC-FASD external-dev / cross-domain stress set,-0.6198028028011322,0.0,1.0
spoof_1019.png,1,VALID,-1.1386719,1.0078125,0.010902405,-2.460578,LCC-FASD external-dev / cross-domain stress set,-0.6198028028011322,0.0,1.0
spoof_1020.png,1,VALID,0.37426758,-0.22668457,0.055908203,-0.24344069,LCC-FASD external-dev / cross-domain stress set,-0.6198028028011322,1.0,0.0
spoof_1021.png,1,VALID,0.0010519028,-0.022979736,0.1887207,-0.78055745,LCC-FASD external-dev / cross-domain stress set,-0.6198028028011322,0.0,1.0
spoof_1022.png,1,VALID,-1.3427734,1.1611328,-0.18078613,-2.736084,LCC-FASD external-dev / cross-domain stress set,-0.6198028028011322,0.0,1.0
spoof_1023.png,1,VALID,0.6879883,-0.018417358,-0.6074219,0.26500764,LCC-FASD external-dev / cross-domain stress set,-0.6198028028011322,1.0,0.0
spoof_1024.png,1,VALID,1.2089844,-0.92529297,0.084106445,0.81413543,LCC-FASD external-dev / cross-domain stress set,-0.6198028028011322,1.0,0.0
YOUTUBE_TP300LA_SGS7E_id48_s1_45.png,1,VALID,-1.1669922,-0.35864258,1.4179688,-2.7412896,LCC-FASD external-dev / cross-domain stress set,-0.6198028028011322,0.0,1.0
YOUTUBE_TP300LA_SGS7E_id48_s1_60.png,1,VALID,-1.4599609,0.2998047,0.7919922,-2.7289867,LCC-FASD external-dev / cross-domain stress set,-0.6198028028011322,0.0,1.0
YOUTUBE_TP300LA_SGS7E_id48_s1_75.png,1,VALID,-1.3251953,-0.05670166,1.25,-2.8147721,LCC-FASD external-dev / cross-domain stress set,-0.6198028028011322,0.0,1.0
YOUTUBE_TP300LA_SGS7E_id48_s1_90.png,1,VALID,-1.1474609,0.023605347,0.79785156,-2.3244686,LCC-FASD external-dev / cross-domain stress set,-0.6198028028011322,0.0,1.0
YOUTUBE_VSUNKNOWN_REDMIN5A_id48_s0_15.png,1,VALID,-0.05545044,0.91308594,-0.9272461,-1.115891,LCC-FASD external-dev / cross-domain stress set,-0.6198028028011322,0.0,1.0
YOUTUBE_VSUNKNOWN_REDMIN5A_id48_s0_30.png,1,VALID,-0.24414062,1.5380859,-1.28125,-1.840161,LCC-FASD external-dev / cross-domain stress set,-0.6198028028011322,0.0,1.0
YOUTUBE_VSUNKNOWN_REDMIN5A_id48_s0_45.png,1,VALID,-0.70214844,1.1708984,-0.57666016,-2.0336328,LCC-FASD external-dev / cross-domain stress set,-0.6198028028011322,0.0,1.0
YOUTUBE_VSUNKNOWN_REDMIN5A_id48_s0_60.png,1,VALID,-0.6411133,0.89941406,-0.41479492,-1.7785096,LCC-FASD external-dev / cross-domain stress set,-0.6198028028011322,0.0,1.0
YOUTUBE_VSUNKNOWN_REDMIN5A_id48_s0_75.png,1,VALID,-0.62841797,0.7265625,-0.122558594,-1.7111088,LCC-FASD external-dev / cross-domain stress set,-0.6198028028011322,0.0,1.0
YOUTUBE_VSUNKNOWN_REDMIN5A_id48_s0_90.png,1,VALID,-0.265625,1.0292969,-0.76416016,-1.4488302,LCC-FASD external-dev / cross-domain stress set,-0.6198028028011322,0.0,1.0
YOUTUBE_VSUNKNOWN_REDMIN5A_id48_s0_105.png,1,VALID,-0.21008301,1.1933594,-0.8955078,-1.5201825,LCC-FASD external-dev / cross-domain stress set,-0.6198028028011322,0.0,1.0
YOUTUBE_VSUNKNOWN_REDMIN5A_id48_s0_120.png,1,VALID,-0.037719727,1.0810547,-1.0214844,-1.2340173,LCC-FASD external-dev / cross-domain stress set,-0.6198028028011322,0.0,1.0
YOUTUBE_VSUNKNOWN_REDMIN5A_id48_s0_135.png,1,VALID,-0.8095703,2.0214844,-1.3857422,-2.8636506,LCC-FASD external-dev / cross-domain stress set,-0.6198028028011322,0.0,1.0
YOUTUBE_VSUNKNOWN_REDMIN5A_id48_s0_150.png,1,VALID,0.85058594,0.17602539,-0.79248047,0.35273078,LCC-FASD external-dev / cross-domain stress set,-0.6198028028011322,1.0,0.0
YOUTUBE_VSVA2231WA_MEIZUM3S_id48_s0_15.png,1,VALID,-0.9326172,1.7851562,-1.2519531,-2.7646317,LCC-FASD external-dev / cross-domain stress set,-0.6198028028011322,0.0,1.0
YOUTUBE_VSVA2231WA_MEIZUM3S_id48_s0_30.png,1,VALID,-1.4257812,1.5722656,-0.59375,-3.1065726,LCC-FASD external-dev / cross-domain stress set,-0.6198028028011322,0.0,1.0
YOUTUBE_VSVA2231WA_MEIZUM3S_id48_s0_45.png,1,VALID,-1.6953125,1.7685547,-0.5546875,-3.557317,LCC-FASD external-dev / cross-domain stress set,-0.6198028028011322,0.0,1.0
YOUTUBE_VSVA2231WA_MEIZUM3S_id48_s0_60.png,1,VALID,-1.0478516,0.98095703,-0.26635742,-2.2813363,LCC-FASD external-dev / cross-domain stress set,-0.6198028028011322,0.0,1.0
YOUTUBE_VSVA2231WA_MEIZUM3S_id48_s0_75.png,1,VALID,-0.625,0.62841797,-0.12408447,-1.6394868,LCC-FASD external-dev / cross-domain stress set,-0.6198028028011322,0.0,1.0
YOUTUBE_VSVA2231WA_MEIZUM3S_id48_s0_90.png,1,VALID,-0.7363281,0.9453125,-0.38964844,-1.9152639,LCC-FASD external-dev / cross-domain stress set,-0.6198028028011322,0.0,1.0
YOUTUBE_VSVA2231WA_MEIZUM3S_id48_s0_105.png,1,VALID,-1.4453125,1.6669922,-0.56689453,-3.2140589,LCC-FASD external-dev / cross-domain stress set,-0.6198028028011322,0.0,1.0
YOUTUBE_VSVA2231WA_MEIZUM3S_id48_s0_120.png,1,VALID,-0.89208984,1.1435547,-0.53027344,-2.207518,LCC-FASD external-dev / cross-domain stress set,-0.6198028028011322,0.0,1.0
YOUTUBE_VSVA2231WA_MEIZUM3S_id48_s0_135.png,1,VALID,-1.0341797,1.8310547,-1.2070312,-2.9120479,LCC-FASD external-dev / cross-domain stress set,-0.6198028028011322,0.0,1.0
YOUTUBE_VSVA2231WA_MEIZUM3S_id48_s0_150.png,1,VALID,-0.8330078,1.0371094,-0.3557129,-2.0919585,LCC-FASD external-dev / cross-domain stress set,-0.6198028028011322,0.0,1.0
YOUTUBE_VX2363SMHL_LGL90_id39_s0_16.png,1,VALID,0.9995117,0.60253906,-1.3085938,0.25902736,LCC-FASD external-dev / cross-domain stress set,-0.6198028028011322,1.0,0.0
YOUTUBE_VX2363SMHL_LGL90_id39_s0_35.png,1,VALID,0.6333008,0.06719971,-0.6035156,0.15310264,LCC-FASD external-dev / cross-domain stress set,-0.6198028028011322,1.0,0.0
YOUTUBE_VX2363SMHL_LGL90_id39_s0_50.png,1,VALID,0.34472656,0.55566406,-0.9482422,-0.41163933,LCC-FASD external-dev / cross-domain stress set,-0.6198028028011322,1.0,0.0
YOUTUBE_VX2363SMHL_LGL90_id43_s0_15.png,1,VALID,0.55371094,0.15319824,-0.53515625,-0.0065525174,LCC-FASD external-dev / cross-domain stress set,-0.6198028028011322,1.0,0.0
YOUTUBE_VX2363SMHL_LGL90_id43_s0_30.png,1,VALID,1.7080078,-0.79003906,-0.5678711,1.6876585,LCC-FASD external-dev / cross-domain stress set,-0.6198028028011322,1.0,0.0
YOUTUBE_VX2363SMHL_LGL90_id43_s0_47.png,1,VALID,0.84277344,-0.08074951,-0.4621582,0.40300518,LCC-FASD external-dev / cross-domain stress set,-0.6198028028011322,1.0,0.0
YOUTUBE_VX2363SMHL_LGL90_id43_s0_62.png,1,VALID,-0.117126465,-0.117126465,0.5878906,-1.1065412,LCC-FASD external-dev / cross-domain stress set,-0.6198028028011322,0.0,1.0
YOUTUBE_VX2363SMHL_LGL90_id43_s0_77.png,1,VALID,0.69140625,-0.8183594,0.5541992,-0.088698864,LCC-FASD external-dev / cross-domain stress set,-0.6198028028011322,1.0,0.0
YOUTUBE_VX2363SMHL_LGL90_id43_s0_92.png,1,VALID,1.1992188,-0.5527344,-0.23742676,0.8887759,LCC-FASD external-dev / cross-domain stress set,-0.6198028028011322,1.0,0.0
YOUTUBE_VX2363SMHL_LGL90_id43_s0_110.png,1,VALID,0.140625,-0.7607422,0.87597656,-0.9131777,LCC-FASD external-dev / cross-domain stress set,-0.6198028028011322,0.0,1.0
YOUTUBE_VX2363SMHL_LGL90_id43_s0_125.png,1,VALID,0.76953125,-0.6142578,0.14868164,0.23811162,LCC-FASD external-dev / cross-domain stress set,-0.6198028028011322,1.0,0.0
YOUTUBE_VX2363SMHL_LGL90_id43_s0_140.png,1,VALID,1.0791016,-0.7036133,0.07727051,0.6247647,LCC-FASD external-dev / cross-domain stress set,-0.6198028028011322,1.0,0.0
YOUTUBE_VX2363SMHL_LGL90_id43_s0_155.png,1,VALID,0.2758789,0.21557617,-0.38061523,-0.37853646,LCC-FASD external-dev / cross-domain stress set,-0.6198028028011322,1.0,0.0
YOUTUBE_VX2363SMHL_LGL90_id43_s1_15.png,1,VALID,1.5244141,0.32470703,-1.5917969,1.0624522,LCC-FASD external-dev / cross-domain stress set,-0.6198028028011322,1.0,0.0
YOUTUBE_VX2363SMHL_LGL90_id43_s1_30.png,1,VALID,1.5292969,0.47753906,-1.6025391,0.93404543,LCC-FASD external-dev / cross-domain stress set,-0.6198028028011322,1.0,0.0
YOUTUBE_VX2363SMHL_LGL90_id43_s1_45.png,1,VALID,1.6621094,-0.15771484,-1.2900391,1.5404642,LCC-FASD external-dev / cross-domain stress set,-0.6198028028011322,1.0,0.0
YOUTUBE_VX2363SMHL_LGL90_id43_s1_60.png,1,VALID,2.078125,-0.09887695,-1.6445312,1.9837632,LCC-FASD external-dev / cross-domain stress set,-0.6198028028011322,1.0,0.0
YOUTUBE_VX2363SMHL_LGL90_id43_s1_75.png,1,VALID,1.1328125,-0.3461914,-0.5473633,0.88139236,LCC-FASD external-dev / cross-domain stress set,-0.6198028028011322,1.0,0.0
YOUTUBE_VX2363SMHL_LGL90_id43_s1_90.png,1,VALID,0.36621094,0.7832031,-1.0166016,-0.56999743,LCC-FASD external-dev / cross-domain stress set,-0.6198028028011322,1.0,0.0
YOUTUBE_VX2363SMHL_LGL90_id43_s1_105.png,1,VALID,-0.35498047,0.3515625,-0.055389404,-1.2167741,LCC-FASD external-dev / cross-domain stress set,-0.6198028028011322,0.0,1.0
YOUTUBE_VX2363SMHL_LGL90_id43_s1_120.png,1,VALID,1.1142578,0.28051758,-1.1142578,0.61228716,LCC-FASD external-dev / cross-domain stress set,-0.6198028028011322,1.0,0.0
YOUTUBE_VX2363SMHL_LGL90_id43_s1_135.png,1,VALID,1.1503906,0.12261963,-0.9033203,0.7214198,LCC-FASD external-dev / cross-domain stress set,-0.6198028028011322,1.0,0.0
YOUTUBE_VX2363SMHL_LGL90_id43_s1_150.png,1,VALID,0.76416016,0.32885742,-0.7988281,0.15481019,LCC-FASD external-dev / cross-domain stress set,-0.6198028028011322,1.0,0.0
YOUTUBE_VX2363SMHL_LGL90_id48_s1_15.png,1,VALID,0.6230469,-0.15795898,-0.3959961,0.19981116,LCC-FASD external-dev / cross-domain stress set,-0.6198028028011322,1.0,0.0
YOUTUBE_VX2363SMHL_LGL90_id48_s1_30.png,1,VALID,0.29785156,-0.4333496,0.24267578,-0.3560292,LCC-FASD external-dev / cross-domain stress set,-0.6198028028011322,1.0,0.0
YOUTUBE_VX2363SMHL_LGL90_id48_s1_45.png,1,VALID,-0.35498047,-0.48828125,0.9458008,-1.5145482,LCC-FASD external-dev / cross-domain stress set,-0.6198028028011322,0.0,1.0
YOUTUBE_VX2363SMHL_LGL90_id48_s1_105.png,1,VALID,-0.66552734,-0.29736328,0.96972656,-1.8834022,LCC-FASD external-dev / cross-domain stress set,-0.6198028028011322,0.0,1.0
YOUTUBE_VX2363SMHL_LGL90_id48_s1_120.png,1,VALID,1.3330078,-1.4121094,0.5371094,0.66278005,LCC-FASD external-dev / cross-domain stress set,-0.6198028028011322,1.0,0.0
YOUTUBE_VX2363SMHL_LGL90_id48_s1_135.png,1,VALID,0.004459381,-0.9355469,1.0517578,-1.1757482,LCC-FASD external-dev / cross-domain stress set,-0.6198028028011322,0.0,1.0
YOUTUBE_VX2363SMHL_LGL90_id48_s1_150.png,1,VALID,1.0722656,-0.9692383,0.07122803,0.6984991,LCC-FASD external-dev / cross-domain stress set,-0.6198028028011322,1.0,0.0
YOUTUBE_TFT22W90PS_SA5100_id43_s0_15.png,1,VALID,-0.21020508,1.2109375,-1.0175781,-1.5234177,LCC-FASD external-dev / cross-domain stress set,-0.6198028028011322,0.0,1.0
YOUTUBE_TFT22W90PS_SA5100_id43_s0_30.png,1,VALID,-1.1845703,0.8383789,0.13635254,-2.4254632,LCC-FASD external-dev / cross-domain stress set,-0.6198028028011322,0.0,1.0
YOUTUBE_TFT22W90PS_SA5100_id43_s0_45.png,1,VALID,-1.1533203,1.5908203,-0.6879883,-2.8416357,LCC-FASD external-dev / cross-domain stress set,-0.6198028028011322,0.0,1.0
YOUTUBE_TFT22W90PS_SA5100_id43_s0_60.png,1,VALID,-0.37475586,1.2958984,-0.8964844,-1.7765,LCC-FASD external-dev / cross-domain stress set,-0.6198028028011322,0.0,1.0
YOUTUBE_TFT22W90PS_SA5100_id43_s0_75.png,1,VALID,-0.35717773,1.1005859,-0.74072266,-1.6049845,LCC-FASD external-dev / cross-domain stress set,-0.6198028028011322,0.0,1.0
YOUTUBE_TFT22W90PS_SA5100_id43_s0_90.png,1,VALID,0.28588867,1.0048828,-1.140625,-0.8296484,LCC-FASD external-dev / cross-domain stress set,-0.6198028028011322,0.0,1.0
YOUTUBE_TFT22W90PS_SA5100_id43_s0_135.png,1,VALID,-0.2442627,0.60058594,-0.37890625,-1.1636672,LCC-FASD external-dev / cross-domain stress set,-0.6198028028011322,0.0,1.0
YOUTUBE_TFT22W90PS_SA5100_id43_s0_150.png,1,VALID,-0.5053711,1.0849609,-0.67822266,-1.7486154,LCC-FASD external-dev / cross-domain stress set,-0.6198028028011322,0.0,1.0
YOUTUBE_TFT22W90PS_SA5100_id43_s1_15.png,1,VALID,0.33984375,1.0087891,-1.3320312,-0.76083934,LCC-FASD external-dev / cross-domain stress set,-0.6198028028011322,0.0,1.0
YOUTUBE_TFT22W90PS_SA5100_id43_s1_30.png,1,VALID,0.22485352,0.97558594,-1.1113281,-0.86768794,LCC-FASD external-dev / cross-domain stress set,-0.6198028028011322,0.0,1.0
YOUTUBE_TFT22W90PS_SA5100_id43_s1_45.png,1,VALID,0.64990234,0.93847656,-1.4667969,-0.37497282,LCC-FASD external-dev / cross-domain stress set,-0.6198028028011322,1.0,0.0
YOUTUBE_TFT22W90PS_SA5100_id43_s1_60.png,1,VALID,-0.35083008,1.4355469,-1.1601562,-1.8583193,LCC-FASD external-dev / cross-domain stress set,-0.6198028028011322,0.0,1.0
YOUTUBE_TFT22W90PS_SA5100_id43_s1_75.png,1,VALID,0.23632812,0.8486328,-1.0878906,-0.7470142,LCC-FASD external-dev / cross-domain stress set,-0.6198028028011322,0.0,1.0
YOUTUBE_TFT22W90PS_SA5100_id43_s1_90.png,1,VALID,-0.8666992,1.2109375,-0.5498047,-2.2362778,LCC-FASD external-dev / cross-domain stress set,-0.6198028028011322,0.0,1.0
YOUTUBE_TFT22W90PS_SA5100_id43_s1_105.png,1,VALID,-0.050567627,1.0986328,-0.8828125,-1.2783583,LCC-FASD external-dev / cross-domain stress set,-0.6198028028011322,0.0,1.0
YOUTUBE_TFT22W90PS_SA5100_id43_s1_120.png,1,VALID,0.38745117,1.2226562,-1.3105469,-0.9116143,LCC-FASD external-dev / cross-domain stress set,-0.6198028028011322,0.0,1.0
YOUTUBE_TFT22W90PS_SA5100_id43_s1_135.png,1,VALID,-0.71972656,1.7490234,-1.0800781,-2.5261374,LCC-FASD external-dev / cross-domain stress set,-0.6198028028011322,0.0,1.0
YOUTUBE_TFT22W90PS_SA5100_id43_s1_150.png,1,VALID,-0.62890625,1.3320312,-0.8808594,-2.0647426,LCC-FASD external-dev / cross-domain stress set,-0.6198028028011322,0.0,1.0
YOUTUBE_TFT22W90PS_SA5100_id48_s1_15.png,1,VALID,-0.55566406,0.31176758,0.0579834,-1.441716,LCC-FASD external-dev / cross-domain stress set,-0.6198028028011322,0.0,1.0
YOUTUBE_TFT22W90PS_SA5100_id48_s1_30.png,1,VALID,-2.0429688,0.53759766,0.85498047,-3.444944,LCC-FASD external-dev / cross-domain stress set,-0.6198028028011322,0.0,1.0
YOUTUBE_TFT22W90PS_SA5100_id48_s1_45.png,1,VALID,-1.3867188,0.8642578,0.33032227,-2.7123764,LCC-FASD external-dev / cross-domain stress set,-0.6198028028011322,0.0,1.0
YOUTUBE_TFT22W90PS_SA5100_id48_s1_60.png,1,VALID,-1.3037109,1.1943359,-0.19921875,-2.7197425,LCC-FASD external-dev / cross-domain stress set,-0.6198028028011322,0.0,1.0
YOUTUBE_TFT22W90PS_SA5100_id48_s1_75.png,1,VALID,-0.99072266,1.03125,-0.34277344,-2.2475824,LCC-FASD external-dev / cross-domain stress set,-0.6198028028011322,0.0,1.0
YOUTUBE_TFT22W90PS_SA5100_id48_s1_90.png,1,VALID,-1.0859375,0.4333496,0.2705078,-2.1343246,LCC-FASD external-dev / cross-domain stress set,-0.6198028028011322,0.0,1.0
YOUTUBE_TFT22W90PS_SA5100_id48_s1_105.png,1,VALID,0.07092285,0.10406494,-0.1472168,-0.6085205,LCC-FASD external-dev / cross-domain stress set,-0.6198028028011322,1.0,0.0
YOUTUBE_TFT22W90PS_SA5100_id48_s1_120.png,1,VALID,0.32910156,0.4074707,-0.80371094,-0.33907443,LCC-FASD external-dev / cross-domain stress set,-0.6198028028011322,1.0,0.0
YOUTUBE_TFT22W90PS_SA5100_id48_s1_135.png,1,VALID,-0.17468262,0.5332031,-0.578125,-0.992404,LCC-FASD external-dev / cross-domain stress set,-0.6198028028011322,0.0,1.0
YOUTUBE_TFT22W90PS_SA5100_id48_s1_150.png,1,VALID,-0.20495605,0.6645508,-0.39575195,-1.1669047,LCC-FASD external-dev / cross-domain stress set,-0.6198028028011322,0.0,1.0
YOUTUBE_TP300LA_SGS7E_id43_s0_15.png,1,VALID,-0.7792969,0.30566406,0.3544922,-1.8028202,LCC-FASD external-dev / cross-domain stress set,-0.6198028028011322,0.0,1.0
YOUTUBE_TP300LA_SGS7E_id43_s0_30.png,1,VALID,-0.9716797,1.265625,-0.51708984,-2.3927526,LCC-FASD external-dev / cross-domain stress set,-0.6198028028011322,0.0,1.0
YOUTUBE_TP300LA_SGS7E_id43_s0_49.png,1,VALID,-1.3085938,0.7631836,0.3779297,-2.5907364,LCC-FASD external-dev / cross-domain stress set,-0.6198028028011322,0.0,1.0
YOUTUBE_TP300LA_SGS7E_id43_s0_65.png,1,VALID,-0.29370117,-0.24133301,0.7006836,-1.3235741,LCC-FASD external-dev / cross-domain stress set,-0.6198028028011322,0.0,1.0
YOUTUBE_TP300LA_SGS7E_id43_s0_80.png,1,VALID,-0.2998047,0.3010254,-0.03829956,-1.138639,LCC-FASD external-dev / cross-domain stress set,-0.6198028028011322,0.0,1.0
YOUTUBE_TP300LA_SGS7E_id43_s0_95.png,1,VALID,-0.37695312,0.27392578,0.09259033,-1.2574631,LCC-FASD external-dev / cross-domain stress set,-0.6198028028011322,0.0,1.0
YOUTUBE_TP300LA_SGS7E_id43_s0_112.png,1,VALID,-0.4255371,0.45629883,-0.38134766,-1.2414161,LCC-FASD external-dev / cross-domain stress set,-0.6198028028011322,0.0,1.0
YOUTUBE_TP300LA_SGS7E_id43_s0_127.png,1,VALID,-0.5932617,0.30908203,0.21923828,-1.5515777,LCC-FASD external-dev / cross-domain stress set,-0.6198028028011322,0.0,1.0
YOUTUBE_TP300LA_SGS7E_id43_s0_142.png,1,VALID,-0.76904297,0.75390625,-0.19311523,-1.8507371,LCC-FASD external-dev / cross-domain stress set,-0.6198028028011322,0.0,1.0
YOUTUBE_TP300LA_SGS7E_id43_s0_165.png,1,VALID,-0.5961914,0.18237305,0.33666992,-1.551833,LCC-FASD external-dev / cross-domain stress set,-0.6198028028011322,0.0,1.0
YOUTUBE_TP300LA_SGS7E_id43_s1_15.png,1,VALID,0.2565918,0.76904297,-1.3105469,-0.6302177,LCC-FASD external-dev / cross-domain stress set,-0.6198028028011322,0.0,1.0
YOUTUBE_TP300LA_SGS7E_id43_s1_36.png,1,VALID,0.22106934,0.44750977,-0.8095703,-0.4767971,LCC-FASD external-dev / cross-domain stress set,-0.6198028028011322,1.0,0.0
YOUTUBE_TP300LA_SGS7E_id43_s1_51.png,1,VALID,0.25805664,0.734375,-1.0292969,-0.6345301,LCC-FASD external-dev / cross-domain stress set,-0.6198028028011322,0.0,1.0
YOUTUBE_TP300LA_SGS7E_id43_s1_66.png,1,VALID,0.3010254,0.46557617,-0.8574219,-0.40067816,LCC-FASD external-dev / cross-domain stress set,-0.6198028028011322,1.0,0.0
YOUTUBE_TP300LA_SGS7E_id43_s1_81.png,1,VALID,0.048706055,0.6557617,-0.9067383,-0.7973548,LCC-FASD external-dev / cross-domain stress set,-0.6198028028011322,0.0,1.0
YOUTUBE_TP300LA_SGS7E_id43_s1_96.png,1,VALID,-0.05090332,1.1425781,-1.1904297,-1.2860639,LCC-FASD external-dev / cross-domain stress set,-0.6198028028011322,0.0,1.0
YOUTUBE_TP300LA_SGS7E_id43_s1_118.png,1,VALID,-0.28857422,1.2958984,-1.0361328,-1.6771414,LCC-FASD external-dev / cross-domain stress set,-0.6198028028011322,0.0,1.0
YOUTUBE_TP300LA_SGS7E_id43_s1_133.png,1,VALID,-0.5488281,1.3007812,-0.8520508,-1.9594989,LCC-FASD external-dev / cross-domain stress set,-0.6198028028011322,0.0,1.0
YOUTUBE_TP300LA_SGS7E_id43_s1_148.png,1,VALID,-0.09112549,0.92578125,-0.83251953,-1.1759063,LCC-FASD external-dev / cross-domain stress set,-0.6198028028011322,0.0,1.0
YOUTUBE_TP300LA_SGS7E_id43_s1_163.png,1,VALID,0.14733887,0.7758789,-1.0126953,-0.7831464,LCC-FASD external-dev / cross-domain stress set,-0.6198028028011322,0.0,1.0
YOUTUBE_TP300LA_SGS7E_id48_s1_15.png,1,VALID,-1.1767578,0.17419434,0.7050781,-2.3443646,LCC-FASD external-dev / cross-domain stress set,-0.6198028028011322,0.0,1.0
YOUTUBE_TP300LA_SGS7E_id48_s1_105.png,1,VALID,-0.6640625,0.0692749,0.4189453,-1.6165262,LCC-FASD external-dev / cross-domain stress set,-0.6198028028011322,0.0,1.0
YOUTUBE_TP300LA_SGS7E_id48_s1_126.png,1,VALID,-1.6582031,1.5332031,-0.5996094,-3.303398,LCC-FASD external-dev / cross-domain stress set,-0.6198028028011322,0.0,1.0
YOUTUBE_TP300LA_SGS7E_id48_s1_141.png,1,VALID,-0.40649414,0.19958496,-0.06964111,-1.1736463,LCC-FASD external-dev / cross-domain stress set,-0.6198028028011322,0.0,1.0
YOUTUBE_TP300LA_SGS7E_id48_s1_156.png,1,VALID,-1.2246094,0.4946289,0.36572266,-2.350008,LCC-FASD external-dev / cross-domain stress set,-0.6198028028011322,0.0,1.0
YOUTUBE_SSM763MB_LA546_id39_s1_49.png,1,VALID,-0.21533203,1.21875,-1.0039062,-1.5369283,LCC-FASD external-dev / cross-domain stress set,-0.6198028028011322,0.0,1.0
YOUTUBE_SSM763MB_LA546_id39_s1_64.png,1,VALID,-0.22253418,1.6103516,-1.4453125,-1.8789021,LCC-FASD external-dev / cross-domain stress set,-0.6198028028011322,0.0,1.0
YOUTUBE_SSM763MB_LA546_id42_s1_31.png,1,VALID,-0.080200195,0.6196289,-0.67333984,-0.9423476,LCC-FASD external-dev / cross-domain stress set,-0.6198028028011322,0.0,1.0
YOUTUBE_SSM940N_AZ3MZC520TL_id48_s0_15.png,1,VALID,-0.8198242,1.4042969,-0.8227539,-2.3265386,LCC-FASD external-dev / cross-domain stress set,-0.6198028028011322,0.0,1.0
YOUTUBE_SSM940N_AZ3MZC520TL_id48_s0_30.png,1,VALID,-0.9199219,1.4169922,-0.6923828,-2.451415,LCC-FASD external-dev / cross-domain stress set,-0.6198028028011322,0.0,1.0
YOUTUBE_SSM940N_AZ3MZC520TL_id48_s0_45.png,1,VALID,-1.5009766,1.2714844,-0.027069092,-3.0137794,LCC-FASD external-dev / cross-domain stress set,-0.6198028028011322,0.0,1.0
YOUTUBE_SSM940N_AZ3MZC520TL_id48_s0_60.png,1,VALID,-1.7773438,0.87939453,0.5576172,-3.2018838,LCC-FASD external-dev / cross-domain stress set,-0.6198028028011322,0.0,1.0
YOUTUBE_SSM940N_AZ3MZC520TL_id48_s0_75.png,1,VALID,-1.6113281,1.1074219,0.21691895,-3.0626583,LCC-FASD external-dev / cross-domain stress set,-0.6198028028011322,0.0,1.0
YOUTUBE_SSM940N_AZ3MZC520TL_id48_s0_90.png,1,VALID,-1.5595703,1.3955078,-0.1307373,-3.1517549,LCC-FASD external-dev / cross-domain stress set,-0.6198028028011322,0.0,1.0
YOUTUBE_SSM940N_AZ3MZC520TL_id48_s0_105.png,1,VALID,-1.40625,1.0800781,0.12231445,-2.8111253,LCC-FASD external-dev / cross-domain stress set,-0.6198028028011322,0.0,1.0
YOUTUBE_SSM940N_AZ3MZC520TL_id48_s0_120.png,1,VALID,-1.6064453,1.4121094,-0.06768799,-3.2236838,LCC-FASD external-dev / cross-domain stress set,-0.6198028028011322,0.0,1.0
YOUTUBE_SSM940N_AZ3MZC520TL_id48_s0_135.png,1,VALID,-1.3935547,1.4980469,-0.45825195,-3.0238404,LCC-FASD external-dev / cross-domain stress set,-0.6198028028011322,0.0,1.0
YOUTUBE_SSM940N_AZ3MZC520TL_id48_s0_150.png,1,VALID,-0.48388672,0.65185547,-0.19348145,-1.4930058,LCC-FASD external-dev / cross-domain stress set,-0.6198028028011322,0.0,1.0
YOUTUBE_SSMB2430_SM4AD_id48_s0_15.png,1,VALID,-0.18481445,-0.30566406,0.6982422,-1.1952692,LCC-FASD external-dev / cross-domain stress set,-0.6198028028011322,0.0,1.0
YOUTUBE_SSMB2430_SM4AD_id48_s0_30.png,1,VALID,0.3659668,-0.068603516,-0.14685059,-0.22021848,LCC-FASD external-dev / cross-domain stress set,-0.6198028028011322,1.0,0.0
YOUTUBE_SSMB2430_SM4AD_id48_s0_45.png,1,VALID,-0.18798828,0.7421875,-0.45654297,-1.1937523,LCC-FASD external-dev / cross-domain stress set,-0.6198028028011322,0.0,1.0
YOUTUBE_SSMB2430_SM4AD_id48_s0_60.png,1,VALID,0.26367188,0.38330078,-0.5097656,-0.46279192,LCC-FASD external-dev / cross-domain stress set,-0.6198028028011322,1.0,0.0
YOUTUBE_SSMB2430_SM4AD_id48_s0_75.png,1,VALID,0.36791992,0.41577148,-0.6538086,-0.34287107,LCC-FASD external-dev / cross-domain stress set,-0.6198028028011322,1.0,0.0
YOUTUBE_SSMB2430_SM4AD_id48_s0_90.png,1,VALID,0.6826172,-0.02999878,-0.6850586,0.29429322,LCC-FASD external-dev / cross-domain stress set,-0.6198028028011322,1.0,0.0
YOUTUBE_SSMB2430_SM4AD_id48_s0_105.png,1,VALID,0.4934082,0.9794922,-1.3789062,-0.576447,LCC-FASD external-dev / cross-domain stress set,-0.6198028028011322,1.0,0.0
YOUTUBE_SSMB2430_SM4AD_id48_s0_120.png,1,VALID,0.10675049,0.47216797,-0.5078125,-0.6841028,LCC-FASD external-dev / cross-domain stress set,-0.6198028028011322,0.0,1.0
YOUTUBE_SSMB2430_SM4AD_id48_s0_135.png,1,VALID,0.0284729,1.0117188,-1.0078125,-1.1078656,LCC-FASD external-dev / cross-domain stress set,-0.6198028028011322,0.0,1.0
YOUTUBE_SSMB2430_SM4AD_id48_s0_150.png,1,VALID,0.5234375,0.2052002,-0.7285156,-0.013287246,LCC-FASD external-dev / cross-domain stress set,-0.6198028028011322,1.0,0.0
YOUTUBE_SSMP2250_LVP1M_id39_s1_15.png,1,VALID,-1.0849609,1.5332031,-0.5239258,-2.738451,LCC-FASD external-dev / cross-domain stress set,-0.6198028028011322,0.0,1.0
YOUTUBE_SSMP2250_LVP1M_id39_s1_30.png,1,VALID,0.15515137,1.1396484,-1.1396484,-1.081947,LCC-FASD external-dev / cross-domain stress set,-0.6198028028011322,0.0,1.0
YOUTUBE_SSMP2250_LVP1M_id39_s1_52.png,1,VALID,0.3112793,1.0576172,-1.203125,-0.84552515,LCC-FASD external-dev / cross-domain stress set,-0.6198028028011322,0.0,1.0
YOUTUBE_SSMP2250_LVP1M_id39_s1_67.png,1,VALID,-0.06100464,1.0634766,-1.0585938,-1.2376165,LCC-FASD external-dev / cross-domain stress set,-0.6198028028011322,0.0,1.0
YOUTUBE_SSMP2250_LVP1M_id39_s1_85.png,1,VALID,-0.29907227,1.3759766,-1.0058594,-1.7634083,LCC-FASD external-dev / cross-domain stress set,-0.6198028028011322,0.0,1.0
YOUTUBE_SSMP2250_LVP1M_id39_s1_100.png,1,VALID,0.32299805,0.828125,-0.94091797,-0.6625546,LCC-FASD external-dev / cross-domain stress set,-0.6198028028011322,0.0,1.0
YOUTUBE_SSMP2250_LVP1M_id39_s1_115.png,1,VALID,-0.24475098,1.3447266,-1.1191406,-1.6711545,LCC-FASD external-dev / cross-domain stress set,-0.6198028028011322,0.0,1.0
YOUTUBE_SSMP2250_LVP1M_id39_s1_130.png,1,VALID,0.046844482,0.99365234,-0.9404297,-1.0818254,LCC-FASD external-dev / cross-domain stress set,-0.6198028028011322,0.0,1.0
YOUTUBE_SSMP2250_LVP1M_id42_s0_17.png,1,VALID,0.18481445,0.015258789,0.08074951,-0.5568729,LCC-FASD external-dev / cross-domain stress set,-0.6198028028011322,1.0,0.0
YOUTUBE_SSMP2250_LVP1M_id42_s0_32.png,1,VALID,0.42749023,-0.123535156,-0.07696533,-0.16567779,LCC-FASD external-dev / cross-domain stress set,-0.6198028028011322,1.0,0.0
YOUTUBE_SSMP2250_LVP1M_id42_s0_47.png,1,VALID,0.38427734,-0.08074951,-0.085876465,-0.22556013,LCC-FASD external-dev / cross-domain stress set,-0.6198028028011322,1.0,0.0
YOUTUBE_SSMP2250_LVP1M_id42_s0_62.png,1,VALID,0.2956543,0.045013428,-0.090026855,-0.3772639,LCC-FASD external-dev / cross-domain stress set,-0.6198028028011322,1.0,0.0
YOUTUBE_SSMP2250_LVP1M_id42_s0_77.png,1,VALID,1.2441406,-0.5415039,-0.3947754,1.0164443,LCC-FASD external-dev / cross-domain stress set,-0.6198028028011322,1.0,0.0
YOUTUBE_SSMP2250_LVP1M_id42_s0_92.png,1,VALID,1.1279297,-0.46777344,-0.40698242,0.87169856,LCC-FASD external-dev / cross-domain stress set,-0.6198028028011322,1.0,0.0
YOUTUBE_SSMP2250_LVP1M_id42_s0_107.png,1,VALID,0.6928711,-0.8208008,0.3515625,0.07156062,LCC-FASD external-dev / cross-domain stress set,-0.6198028028011322,1.0,0.0
YOUTUBE_SSMP2250_LVP1M_id42_s0_122.png,1,VALID,1.2460938,-0.91015625,-0.06188965,0.95159894,LCC-FASD external-dev / cross-domain stress set,-0.6198028028011322,1.0,0.0
YOUTUBE_SSMP2250_LVP1M_id42_s0_137.png,1,VALID,1.2373047,-0.5957031,-0.4345703,1.0560522,LCC-FASD external-dev / cross-domain stress set,-0.6198028028011322,1.0,0.0
YOUTUBE_SSMP2250_LVP1M_id42_s0_152.png,1,VALID,0.69189453,-0.024932861,-0.515625,0.23922613,LCC-FASD external-dev / cross-domain stress set,-0.6198028028011322,1.0,0.0
YOUTUBE_SSMP2250_LVP1M_id42_s1_33.png,1,VALID,-0.12915039,1.2539062,-1.3798828,-1.4524015,LCC-FASD external-dev / cross-domain stress set,-0.6198028028011322,0.0,1.0
YOUTUBE_SSMP2250_LVP1M_id42_s1_49.png,1,VALID,0.53222656,0.90771484,-1.5820312,-0.45515954,LCC-FASD external-dev / cross-domain stress set,-0.6198028028011322,1.0,0.0
YOUTUBE_SSMP2250_LVP1M_id42_s1_64.png,1,VALID,0.4741211,0.99365234,-1.5185547,-0.5975001,LCC-FASD external-dev / cross-domain stress set,-0.6198028028011322,1.0,0.0
YOUTUBE_SSMP2250_LVP1M_id42_s1_79.png,1,VALID,0.53564453,0.94970703,-1.5859375,-0.49029243,LCC-FASD external-dev / cross-domain stress set,-0.6198028028011322,1.0,0.0
YOUTUBE_SSMP2250_LVP1M_id42_s1_94.png,1,VALID,0.83203125,0.45898438,-1.3701172,0.22414619,LCC-FASD external-dev / cross-domain stress set,-0.6198028028011322,1.0,0.0
YOUTUBE_SSMP2250_LVP1M_id42_s1_140.png,1,VALID,0.28149414,0.3955078,-0.6669922,-0.41084677,LCC-FASD external-dev / cross-domain stress set,-0.6198028028011322,1.0,0.0
YOUTUBE_SSMP2250_LVP1M_id42_s1_160.png,1,VALID,0.36376953,0.7402344,-1.1484375,-0.51733273,LCC-FASD external-dev / cross-domain stress set,-0.6198028028011322,1.0,0.0
YOUTUBE_SSMP2250_LVP1M_id42_s1_180.png,1,VALID,0.23388672,0.4477539,-0.7504883,-0.47755682,LCC-FASD external-dev / cross-domain stress set,-0.6198028028011322,1.0,0.0
YOUTUBE_TFT22W90PS_SA5100_id39_s0_37.png,1,VALID,0.62060547,0.5419922,-1.0410156,-0.108162045,LCC-FASD external-dev / cross-domain stress set,-0.6198028028011322,1.0,0.0
YOUTUBE_TFT22W90PS_SA5100_id43_s0_105.png,1,VALID,-0.85839844,0.49267578,0.30029297,-1.9526494,LCC-FASD external-dev / cross-domain stress set,-0.6198028028011322,0.0,1.0
YOUTUBE_TFT22W90PS_SA5100_id43_s0_120.png,1,VALID,0.067871094,0.40942383,-0.36743164,-0.71988624,LCC-FASD external-dev / cross-domain stress set,-0.6198028028011322,0.0,1.0
YOUTUBE_SM943N_REDMIN5_id42_s1_65.png,1,VALID,-0.2364502,1.1191406,-1.0683594,-1.4619281,LCC-FASD external-dev / cross-domain stress set,-0.6198028028011322,0.0,1.0
YOUTUBE_SM943N_REDMIN5_id42_s1_87.png,1,VALID,-0.45922852,0.85253906,-0.52001953,-1.5376735,LCC-FASD external-dev / cross-domain stress set,-0.6198028028011322,0.0,1.0
YOUTUBE_SRV508_IPHONE5SF_id39_s1_15.png,1,VALID,-0.010139465,0.5371094,-0.4111328,-0.8746958,LCC-FASD external-dev / cross-domain stress set,-0.6198028028011322,0.0,1.0
YOUTUBE_SRV508_IPHONE5SF_id39_s1_31.png,1,VALID,-0.38842773,0.7475586,-0.3449707,-1.4251926,LCC-FASD external-dev / cross-domain stress set,-0.6198028028011322,0.0,1.0
YOUTUBE_SRV508_IPHONE5SF_id39_s1_49.png,1,VALID,-0.89160156,1.3652344,-0.7338867,-2.3724513,LCC-FASD external-dev / cross-domain stress set,-0.6198028028011322,0.0,1.0
YOUTUBE_SRV508_IPHONE5SF_id39_s1_64.png,1,VALID,-0.71484375,1.6884766,-1.2431641,-2.4552574,LCC-FASD external-dev / cross-domain stress set,-0.6198028028011322,0.0,1.0
YOUTUBE_SRV508_IPHONE5SF_id39_s1_84.png,1,VALID,-0.5463867,1.4189453,-1.1201172,-2.0413115,LCC-FASD external-dev / cross-domain stress set,-0.6198028028011322,0.0,1.0
YOUTUBE_SRV508_IPHONE5SF_id39_s1_99.png,1,VALID,-1.7070312,1.3183594,-0.02508545,-3.2572522,LCC-FASD external-dev / cross-domain stress set,-0.6198028028011322,0.0,1.0
YOUTUBE_SRV508_IPHONE5SF_id39_s1_114.png,1,VALID,-0.08477783,0.51953125,-0.38549805,-0.9440118,LCC-FASD external-dev / cross-domain stress set,-0.6198028028011322,0.0,1.0
YOUTUBE_SRV508_IPHONE5SF_id39_s1_129.png,1,VALID,-0.27075195,0.80810547,-0.53466797,-1.310858,LCC-FASD external-dev / cross-domain stress set,-0.6198028028011322,0.0,1.0
YOUTUBE_SRV508_IPHONE5SF_id42_s0_51.png,1,VALID,-0.13867188,0.12207031,0.015007019,-0.90178984,LCC-FASD external-dev / cross-domain stress set,-0.6198028028011322,0.0,1.0
YOUTUBE_SRV508_IPHONE5SF_id42_s0_67.png,1,VALID,0.68847656,-0.07446289,-0.5800781,0.29097873,LCC-FASD external-dev / cross-domain stress set,-0.6198028028011322,1.0,0.0
YOUTUBE_SRV508_IPHONE5SF_id42_s0_84.png,1,VALID,-0.03302002,0.3461914,-0.44726562,-0.7523452,LCC-FASD external-dev / cross-domain stress set,-0.6198028028011322,0.0,1.0
YOUTUBE_SRV508_IPHONE5SF_id42_s0_126.png,1,VALID,-0.19104004,0.78125,-0.84033203,-1.1525978,LCC-FASD external-dev / cross-domain stress set,-0.6198028028011322,0.0,1.0
YOUTUBE_SRV508_IPHONE5SF_id42_s0_141.png,1,VALID,1.1171875,-0.5595703,-0.46679688,0.93614846,LCC-FASD external-dev / cross-domain stress set,-0.6198028028011322,1.0,0.0
YOUTUBE_SRV508_IPHONE5SF_id42_s0_156.png,1,VALID,0.9873047,-0.38232422,-0.53808594,0.75133294,LCC-FASD external-dev / cross-domain stress set,-0.6198028028011322,1.0,0.0
YOUTUBE_SRV508_IPHONE5SF_id42_s0_171.png,1,VALID,0.9790039,-0.37402344,-0.5185547,0.7295369,LCC-FASD external-dev / cross-domain stress set,-0.6198028028011322,1.0,0.0
YOUTUBE_SRV508_IPHONE5SF_id42_s0_186.png,1,VALID,1.1416016,-0.46948242,-0.58935547,0.9760782,LCC-FASD external-dev / cross-domain stress set,-0.6198028028011322,1.0,0.0
YOUTUBE_SRV508_IPHONE5SF_id42_s0_201.png,1,VALID,0.4489746,0.38745117,-0.89404297,-0.18347728,LCC-FASD external-dev / cross-domain stress set,-0.6198028028011322,1.0,0.0
YOUTUBE_SRV508_IPHONE5SF_id42_s0_216.png,1,VALID,0.60791016,-0.08026123,-0.5126953,0.18804622,LCC-FASD external-dev / cross-domain stress set,-0.6198028028011322,1.0,0.0
YOUTUBE_SRV508_IPHONE5SF_id42_s1_46.png,1,VALID,-0.84472656,1.0126953,-0.49975586,-2.0565753,LCC-FASD external-dev / cross-domain stress set,-0.6198028028011322,0.0,1.0
YOUTUBE_SRV508_IPHONE5SF_id42_s1_61.png,1,VALID,-0.76220703,0.9111328,-0.4814453,-1.8952298,LCC-FASD external-dev / cross-domain stress set,-0.6198028028011322,0.0,1.0
YOUTUBE_SS22C200_REDMIN4X_id48_s0_15.png,1,VALID,-0.9394531,1.3447266,-0.41870117,-2.4424272,LCC-FASD external-dev / cross-domain stress set,-0.6198028028011322,0.0,1.0
YOUTUBE_SS22C200_REDMIN4X_id48_s0_30.png,1,VALID,-0.42456055,1.0683594,-0.64208984,-1.6590991,LCC-FASD external-dev / cross-domain stress set,-0.6198028028011322,0.0,1.0
YOUTUBE_SS22C200_REDMIN4X_id48_s0_48.png,1,VALID,-0.7949219,1.0097656,-0.47387695,-2.0091047,LCC-FASD external-dev / cross-domain stress set,-0.6198028028011322,0.0,1.0
YOUTUBE_SS22C200_REDMIN4X_id48_s0_63.png,1,VALID,-1.2441406,1.2285156,-0.0463562,-2.7190995,LCC-FASD external-dev / cross-domain stress set,-0.6198028028011322,0.0,1.0
YOUTUBE_SS22C200_REDMIN4X_id48_s0_78.png,1,VALID,-1.0214844,0.5131836,0.56152344,-2.2522771,LCC-FASD external-dev / cross-domain stress set,-0.6198028028011322,0.0,1.0
YOUTUBE_SS22C200_REDMIN4X_id48_s0_93.png,1,VALID,-0.5854492,0.8022461,-0.30664062,-1.6728187,LCC-FASD external-dev / cross-domain stress set,-0.6198028028011322,0.0,1.0
YOUTUBE_SS22C200_REDMIN4X_id48_s0_108.png,1,VALID,-1.2685547,1.3574219,-0.16394043,-2.8235269,LCC-FASD external-dev / cross-domain stress set,-0.6198028028011322,0.0,1.0
YOUTUBE_SS22C200_REDMIN4X_id48_s0_123.png,1,VALID,-0.6074219,1.0195312,-0.40429688,-1.8427018,LCC-FASD external-dev / cross-domain stress set,-0.6198028028011322,0.0,1.0
YOUTUBE_SS22C200_REDMIN4X_id48_s0_138.png,1,VALID,-1.0078125,1.3388672,-0.41333008,-2.506579,LCC-FASD external-dev / cross-domain stress set,-0.6198028028011322,0.0,1.0
YOUTUBE_SS22C200_REDMIN4X_id48_s0_153.png,1,VALID,-1.4013672,1.3769531,-0.0847168,-2.9868364,LCC-FASD external-dev / cross-domain stress set,-0.6198028028011322,0.0,1.0
YOUTUBE_SSM757MB_FS407S6_id39_s0_16.png,1,VALID,1.6064453,-0.13110352,-1.2636719,1.4582484,LCC-FASD external-dev / cross-domain stress set,-0.6198028028011322,1.0,0.0
YOUTUBE_SSM757MB_FS407S6_id39_s0_45.png,1,VALID,1.3710938,-0.034576416,-1.140625,1.119842,LCC-FASD external-dev / cross-domain stress set,-0.6198028028011322,1.0,0.0
YOUTUBE_SSM757MB_FS407S6_id43_s0_15.png,1,VALID,2.7539062,-0.90478516,-1.6083984,3.256703,LCC-FASD external-dev / cross-domain stress set,-0.6198028028011322,1.0,0.0
YOUTUBE_SSM757MB_FS407S6_id43_s0_30.png,1,VALID,2.0507812,-0.63183594,-1.3554688,2.287211,LCC-FASD external-dev / cross-domain stress set,-0.6198028028011322,1.0,0.0
YOUTUBE_SSM757MB_FS407S6_id43_s0_45.png,1,VALID,0.95214844,-0.23547363,-0.5283203,0.6302164,LCC-FASD external-dev / cross-domain stress set,-0.6198028028011322,1.0,0.0
YOUTUBE_SSM757MB_FS407S6_id43_s0_60.png,1,VALID,1.46875,-0.11517334,-1.1103516,1.2693627,LCC-FASD external-dev / cross-domain stress set,-0.6198028028011322,1.0,0.0
YOUTUBE_SSM757MB_FS407S6_id43_s0_75.png,1,VALID,1.4560547,-0.68652344,-0.5136719,1.3592751,LCC-FASD external-dev / cross-domain stress set,-0.6198028028011322,1.0,0.0
YOUTUBE_SSM757MB_FS407S6_id43_s0_90.png,1,VALID,1.8964844,-0.65283203,-1.1054688,2.0570931,LCC-FASD external-dev / cross-domain stress set,-0.6198028028011322,1.0,0.0
YOUTUBE_SSM757MB_FS407S6_id43_s0_105.png,1,VALID,2.0546875,-0.45166016,-1.3994141,2.1787643,LCC-FASD external-dev / cross-domain stress set,-0.6198028028011322,1.0,0.0
YOUTUBE_SSM757MB_FS407S6_id43_s0_122.png,1,VALID,1.3300781,-0.29052734,-0.85058594,1.1687814,LCC-FASD external-dev / cross-domain stress set,-0.6198028028011322,1.0,0.0
YOUTUBE_SSM757MB_FS407S6_id43_s0_137.png,1,VALID,2.3808594,-1.1621094,-0.99609375,2.7633724,LCC-FASD external-dev / cross-domain stress set,-0.6198028028011322,1.0,0.0
YOUTUBE_SSM757MB_FS407S6_id43_s0_152.png,1,VALID,2.3144531,-0.6147461,-1.5058594,2.5854685,LCC-FASD external-dev / cross-domain stress set,-0.6198028028011322,1.0,0.0
YOUTUBE_SSM757MB_FS407S6_id43_s1_15.png,1,VALID,0.7416992,0.43554688,-1.0576172,0.103488564,LCC-FASD external-dev / cross-domain stress set,-0.6198028028011322,1.0,0.0
YOUTUBE_SSM757MB_FS407S6_id43_s1_30.png,1,VALID,1.0791016,0.09588623,-0.9667969,0.68642926,LCC-FASD external-dev / cross-domain stress set,-0.6198028028011322,1.0,0.0
YOUTUBE_SSM757MB_FS407S6_id43_s1_45.png,1,VALID,0.022201538,0.4963379,-0.7578125,-0.7251426,LCC-FASD external-dev / cross-domain stress set,-0.6198028028011322,0.0,1.0
YOUTUBE_SSM757MB_FS407S6_id43_s1_60.png,1,VALID,1.3847656,0.41796875,-1.7246094,0.8558354,LCC-FASD external-dev / cross-domain stress set,-0.6198028028011322,1.0,0.0
YOUTUBE_SSM757MB_FS407S6_id43_s1_75.png,1,VALID,0.8486328,-0.25878906,-0.47705078,0.51746255,LCC-FASD external-dev / cross-domain stress set,-0.6198028028011322,1.0,0.0
YOUTUBE_SSM757MB_FS407S6_id43_s1_90.png,1,VALID,1.1083984,0.120666504,-1.1474609,0.7398115,LCC-FASD external-dev / cross-domain stress set,-0.6198028028011322,1.0,0.0
YOUTUBE_SSM757MB_FS407S6_id43_s1_105.png,1,VALID,0.93115234,0.29907227,-1.1230469,0.41599953,LCC-FASD external-dev / cross-domain stress set,-0.6198028028011322,1.0,0.0
YOUTUBE_SSM757MB_FS407S6_id43_s1_120.png,1,VALID,0.8803711,0.80615234,-1.4257812,-0.027724504,LCC-FASD external-dev / cross-domain stress set,-0.6198028028011322,1.0,0.0
YOUTUBE_SSM757MB_FS407S6_id43_s1_135.png,1,VALID,0.6801758,0.1182251,-0.74658203,0.2104964,LCC-FASD external-dev / cross-domain stress set,-0.6198028028011322,1.0,0.0
YOUTUBE_SSM757MB_FS407S6_id43_s1_150.png,1,VALID,0.5908203,0.35253906,-0.84716797,-0.025068998,LCC-FASD external-dev / cross-domain stress set,-0.6198028028011322,1.0,0.0
YOUTUBE_SSM763MB_LA546_id39_s1_30.png,1,VALID,-0.43676758,1.1142578,-0.6821289,-1.7045164,LCC-FASD external-dev / cross-domain stress set,-0.6198028028011322,0.0,1.0
YOUTUBE_SSM2232BW_HISCRZERAF_id48_s0_197.png,1,VALID,-0.40478516,1.0322266,-0.66015625,-1.6059781,LCC-FASD external-dev / cross-domain stress set,-0.6198028028011322,0.0,1.0
YOUTUBE_SLS24E390HL0_HUAWEIG620SL01_S0_id48_s1_15.png,1,VALID,1.1816406,-1.1503906,0.08538818,0.8411387,LCC-FASD external-dev / cross-domain stress set,-0.6198028028011322,1.0,0.0
YOUTUBE_SLS24E390HL0_HUAWEIG620SL01_S0_id48_s1_30.png,1,VALID,0.4658203,-0.17407227,-0.24719238,-0.017362714,LCC-FASD external-dev / cross-domain stress set,-0.6198028028011322,1.0,0.0
YOUTUBE_SLS24E390HL0_HUAWEIG620SL01_S0_id48_s1_60.png,1,VALID,0.8588867,-0.74072266,-0.078552246,0.52154124,LCC-FASD external-dev / cross-domain stress set,-0.6198028028011322,1.0,0.0
YOUTUBE_SLS24E390HL0_HUAWEIG620SL01_S0_id48_s1_75.png,1,VALID,-0.16662598,-0.38256836,0.5258789,-1.0312244,LCC-FASD external-dev / cross-domain stress set,-0.6198028028011322,0.0,1.0
YOUTUBE_SLS24E390HL0_HUAWEIG620SL01_S0_id48_s1_90.png,1,VALID,0.40698242,-0.60791016,0.20581055,-0.16569513,LCC-FASD external-dev / cross-domain stress set,-0.6198028028011322,1.0,0.0
YOUTUBE_SLS24E390HL0_HUAWEIG620SL01_S0_id48_s1_150.png,1,VALID,0.27685547,-1.7021484,1.7236328,-1.4787835,LCC-FASD external-dev / cross-domain stress set,-0.6198028028011322,0.0,1.0
YOUTUBE_SLS24E390HL0_HUAWEIG620SL01_S0_id48_s1_165.png,1,VALID,1.0839844,-0.96728516,-0.04321289,0.79294217,LCC-FASD external-dev / cross-domain stress set,-0.6198028028011322,1.0,0.0
YOUTUBE_SLS24E390HL0_HUAWEIG620SL01_S1_id39_s0_15.png,1,VALID,-0.20080566,0.6894531,-0.55322266,-1.1438236,LCC-FASD external-dev / cross-domain stress set,-0.6198028028011322,0.0,1.0
YOUTUBE_SLS24E390HL0_HUAWEIG620SL01_S1_id39_s0_31.png,1,VALID,-0.18322754,0.58447266,-0.54589844,-1.0475366,LCC-FASD external-dev / cross-domain stress set,-0.6198028028011322,0.0,1.0
YOUTUBE_SLS24E390HL0_HUAWEIG620SL01_S1_id39_s0_46.png,1,VALID,-0.42944336,0.7758789,-0.5,-1.4515458,LCC-FASD external-dev / cross-domain stress set,-0.6198028028011322,0.0,1.0
YOUTUBE_SLS24E390HL0_HUAWEIG620SL01_S1_id43_s0_15.png,1,VALID,1.2304688,-0.7832031,-0.038726807,0.8805491,LCC-FASD external-dev / cross-domain stress set,-0.6198028028011322,1.0,0.0
YOUTUBE_SLS24E390HL0_HUAWEIG620SL01_S1_id43_s0_30.png,1,VALID,0.1973877,-0.36279297,0.3803711,-0.5720526,LCC-FASD external-dev / cross-domain stress set,-0.6198028028011322,1.0,0.0
YOUTUBE_SLS24E390HL0_HUAWEIG620SL01_S1_id43_s0_46.png,1,VALID,0.09875488,-0.45141602,0.61035156,-0.80861807,LCC-FASD external-dev / cross-domain stress set,-0.6198028028011322,0.0,1.0
YOUTUBE_SLS24E390HL0_HUAWEIG620SL01_S1_id43_s0_61.png,1,VALID,1.0761719,-0.56103516,-0.16394043,0.72593015,LCC-FASD external-dev / cross-domain stress set,-0.6198028028011322,1.0,0.0
YOUTUBE_SLS24E390HL0_HUAWEIG620SL01_S1_id43_s0_76.png,1,VALID,0.8803711,-0.88623047,0.4272461,0.21498746,LCC-FASD external-dev / cross-domain stress set,-0.6198028028011322,1.0,0.0
YOUTUBE_SLS24E390HL0_HUAWEIG620SL01_S1_id43_s0_91.png,1,VALID,2.0019531,-0.97265625,-0.5048828,2.0204697,LCC-FASD external-dev / cross-domain stress set,-0.6198028028011322,1.0,0.0
YOUTUBE_SLS24E390HL0_HUAWEIG620SL01_S1_id43_s0_116.png,1,VALID,0.15209961,-0.65722656,0.78759766,-0.8472065,LCC-FASD external-dev / cross-domain stress set,-0.6198028028011322,0.0,1.0
YOUTUBE_SLS24E390HL0_HUAWEIG620SL01_S1_id43_s0_131.png,1,VALID,1.625,-0.859375,-0.38061523,1.5234661,LCC-FASD external-dev / cross-domain stress set,-0.6198028028011322,1.0,0.0
YOUTUBE_SLS24E390HL0_HUAWEIG620SL01_S1_id43_s0_146.png,1,VALID,1.8271484,-1.0800781,-0.29370117,1.7455056,LCC-FASD external-dev / cross-domain stress set,-0.6198028028011322,1.0,0.0
YOUTUBE_SLS24E390HL0_HUAWEIG620SL01_S1_id43_s0_161.png,1,VALID,0.47021484,-0.49267578,0.17956543,-0.12183303,LCC-FASD external-dev / cross-domain stress set,-0.6198028028011322,1.0,0.0
YOUTUBE_SLS24E390HL0_HUAWEIG620SL01_S1_id43_s1_15.png,1,VALID,1.2558594,-0.22485352,-0.96240234,1.0898304,LCC-FASD external-dev / cross-domain stress set,-0.6198028028011322,1.0,0.0
YOUTUBE_SLS24E390HL0_HUAWEIG620SL01_S1_id43_s1_30.png,1,VALID,0.73535156,-0.006210327,-0.60058594,0.30207735,LCC-FASD external-dev / cross-domain stress set,-0.6198028028011322,1.0,0.0
YOUTUBE_SLS24E390HL0_HUAWEIG620SL01_S1_id43_s1_45.png,1,VALID,0.7192383,0.18457031,-0.96484375,0.2594465,LCC-FASD external-dev / cross-domain stress set,-0.6198028028011322,1.0,0.0
YOUTUBE_SLS24E390HL0_HUAWEIG620SL01_S1_id43_s1_60.png,1,VALID,0.78222656,0.39013672,-1.15625,0.1989798,LCC-FASD external-dev / cross-domain stress set,-0.6198028028011322,1.0,0.0
YOUTUBE_SLS24E390HL0_HUAWEIG620SL01_S1_id43_s1_75.png,1,VALID,1.0390625,-0.031082153,-0.8364258,0.70069754,LCC-FASD external-dev / cross-domain stress set,-0.6198028028011322,1.0,0.0
YOUTUBE_SLS24E390HL0_HUAWEIG620SL01_S1_id43_s1_90.png,1,VALID,0.9135742,-0.048034668,-0.6430664,0.5223576,LCC-FASD external-dev / cross-domain stress set,-0.6198028028011322,1.0,0.0
YOUTUBE_SLS24E390HL0_HUAWEIG620SL01_S1_id43_s1_105.png,1,VALID,0.96191406,0.0491333,-0.75390625,0.5426215,LCC-FASD external-dev / cross-domain stress set,-0.6198028028011322,1.0,0.0
YOUTUBE_SLS24E390HL0_HUAWEIG620SL01_S1_id43_s1_120.png,1,VALID,0.91503906,0.3071289,-1.1376953,0.39620173,LCC-FASD external-dev / cross-domain stress set,-0.6198028028011322,1.0,0.0
YOUTUBE_SLS24E390HL0_HUAWEIG620SL01_S1_id43_s1_135.png,1,VALID,-0.095214844,0.20056152,-0.025024414,-0.8824783,LCC-FASD external-dev / cross-domain stress set,-0.6198028028011322,0.0,1.0
YOUTUBE_SLS24E390HL0_HUAWEIG620SL01_S1_id43_s1_150.png,1,VALID,0.6308594,0.22924805,-0.7705078,0.088283956,LCC-FASD external-dev / cross-domain stress set,-0.6198028028011322,1.0,0.0
YOUTUBE_SLS24E390HL0_HUAWEIG620SL01_S1_id48_s1_15.png,1,VALID,0.02458191,-0.6430664,0.50439453,-0.75550437,LCC-FASD external-dev / cross-domain stress set,-0.6198028028011322,0.0,1.0
YOUTUBE_SLS24E390HL0_HUAWEIG620SL01_S1_id48_s1_30.png,1,VALID,0.7470703,-1.1337891,0.46484375,0.09809601,LCC-FASD external-dev / cross-domain stress set,-0.6198028028011322,1.0,0.0
YOUTUBE_SLS24E390HL0_HUAWEIG620SL01_S1_id48_s1_45.png,1,VALID,-0.75341797,-0.14587402,0.6621094,-1.7841598,LCC-FASD external-dev / cross-domain stress set,-0.6198028028011322,0.0,1.0
YOUTUBE_SLS24E390HL0_HUAWEIG620SL01_S1_id48_s1_60.png,1,VALID,-0.14160156,-0.17675781,0.14562988,-0.8321206,LCC-FASD external-dev / cross-domain stress set,-0.6198028028011322,0.0,1.0
YOUTUBE_SLS24E390HL0_HUAWEIG620SL01_S1_id48_s1_75.png,1,VALID,-0.15905762,-0.89501953,1.1416016,-1.4232917,LCC-FASD external-dev / cross-domain stress set,-0.6198028028011322,0.0,1.0
YOUTUBE_SLS24E390HL0_HUAWEIG620SL01_S1_id48_s1_90.png,1,VALID,-0.30371094,-1.1230469,1.6552734,-2.0192728,LCC-FASD external-dev / cross-domain stress set,-0.6198028028011322,0.0,1.0
YOUTUBE_SLS24E390HL0_HUAWEIG620SL01_S1_id48_s1_105.png,1,VALID,0.6972656,-1.1982422,0.70166016,-0.143794,LCC-FASD external-dev / cross-domain stress set,-0.6198028028011322,1.0,0.0
YOUTUBE_SLS24E390HL0_HUAWEIG620SL01_S1_id48_s1_120.png,1,VALID,-0.32739258,-0.6425781,1.0068359,-1.5099974,LCC-FASD external-dev / cross-domain stress set,-0.6198028028011322,0.0,1.0
YOUTUBE_SLS24E390HL0_HUAWEIG620SL01_S1_id48_s1_135.png,1,VALID,0.64208984,-0.8515625,0.45532227,-0.052770376,LCC-FASD external-dev / cross-domain stress set,-0.6198028028011322,1.0,0.0
YOUTUBE_SLS24E390HL0_HUAWEIG620SL01_S1_id48_s1_150.png,1,VALID,1.4726562,-1.4179688,0.19165039,1.0987145,LCC-FASD external-dev / cross-domain stress set,-0.6198028028011322,1.0,0.0
YOUTUBE_SM943N_REDMIN5_id39_s1_15.png,1,VALID,-0.60009766,1.34375,-1.0878906,-2.02809,LCC-FASD external-dev / cross-domain stress set,-0.6198028028011322,0.0,1.0
YOUTUBE_SM943N_REDMIN5_id39_s1_32.png,1,VALID,0.03488159,1.0615234,-0.9814453,-1.1485437,LCC-FASD external-dev / cross-domain stress set,-0.6198028028011322,0.0,1.0
YOUTUBE_SM943N_REDMIN5_id39_s1_47.png,1,VALID,0.070495605,0.78027344,-0.7734375,-0.90160555,LCC-FASD external-dev / cross-domain stress set,-0.6198028028011322,0.0,1.0
YOUTUBE_SM943N_REDMIN5_id39_s1_64.png,1,VALID,-0.21069336,1.3125,-1.0253906,-1.615345,LCC-FASD external-dev / cross-domain stress set,-0.6198028028011322,0.0,1.0
YOUTUBE_SM943N_REDMIN5_id39_s1_80.png,1,VALID,-0.45458984,1.5693359,-1.1708984,-2.0864828,LCC-FASD external-dev / cross-domain stress set,-0.6198028028011322,0.0,1.0
YOUTUBE_SM943N_REDMIN5_id39_s1_95.png,1,VALID,0.46240234,1.1220703,-1.5117188,-0.72901285,LCC-FASD external-dev / cross-domain stress set,-0.6198028028011322,0.0,1.0
YOUTUBE_SM943N_REDMIN5_id39_s1_110.png,1,VALID,0.57910156,0.7939453,-1.2988281,-0.33115417,LCC-FASD external-dev / cross-domain stress set,-0.6198028028011322,1.0,0.0
YOUTUBE_SM943N_REDMIN5_id42_s0_15.png,1,VALID,-0.013305664,0.71484375,-0.66064453,-0.95346355,LCC-FASD external-dev / cross-domain stress set,-0.6198028028011322,0.0,1.0
YOUTUBE_SM943N_REDMIN5_id42_s0_30.png,1,VALID,0.51904297,0.26904297,-0.72314453,-0.06536877,LCC-FASD external-dev / cross-domain stress set,-0.6198028028011322,1.0,0.0
YOUTUBE_SM943N_REDMIN5_id42_s0_45.png,1,VALID,0.3334961,0.44213867,-0.7988281,-0.36259043,LCC-FASD external-dev / cross-domain stress set,-0.6198028028011322,1.0,0.0
YOUTUBE_SM943N_REDMIN5_id42_s0_60.png,1,VALID,0.20214844,0.4025879,-0.546875,-0.5275457,LCC-FASD external-dev / cross-domain stress set,-0.6198028028011322,1.0,0.0
YOUTUBE_SM943N_REDMIN5_id42_s0_75.png,1,VALID,0.23657227,0.43286133,-0.6850586,-0.47917902,LCC-FASD external-dev / cross-domain stress set,-0.6198028028011322,1.0,0.0
YOUTUBE_SM943N_REDMIN5_id42_s0_90.png,1,VALID,-0.100097656,0.53125,-0.54296875,-0.92518413,LCC-FASD external-dev / cross-domain stress set,-0.6198028028011322,0.0,1.0
YOUTUBE_SM943N_REDMIN5_id42_s0_105.png,1,VALID,-0.7363281,0.7607422,-0.15319824,-1.8342147,LCC-FASD external-dev / cross-domain stress set,-0.6198028028011322,0.0,1.0
YOUTUBE_SM943N_REDMIN5_id42_s0_120.png,1,VALID,0.19616699,0.20617676,-0.36572266,-0.45754552,LCC-FASD external-dev / cross-domain stress set,-0.6198028028011322,1.0,0.0
YOUTUBE_SM943N_REDMIN5_id42_s0_135.png,1,VALID,-0.5410156,1.2265625,-0.83496094,-1.887368,LCC-FASD external-dev / cross-domain stress set,-0.6198028028011322,0.0,1.0
YOUTUBE_SM943N_REDMIN5_id42_s0_150.png,1,VALID,-0.3408203,1.1328125,-0.8486328,-1.6027907,LCC-FASD external-dev / cross-domain stress set,-0.6198028028011322,0.0,1.0
YOUTUBE_S300U1A_HUAWEIY3II_id39_s1_15.png,1,VALID,-1.5585938,1.8984375,-0.68310547,-3.529963,LCC-FASD external-dev / cross-domain stress set,-0.6198028028011322,0.0,1.0
YOUTUBE_S300U1A_HUAWEIY3II_id39_s1_30.png,1,VALID,-0.8979492,1.5791016,-0.8203125,-2.5639358,LCC-FASD external-dev / cross-domain stress set,-0.6198028028011322,0.0,1.0
YOUTUBE_S300U1A_HUAWEIY3II_id39_s1_56.png,1,VALID,-1.4160156,1.1025391,0.023773193,-2.8112354,LCC-FASD external-dev / cross-domain stress set,-0.6198028028011322,0.0,1.0
YOUTUBE_S300U1A_HUAWEIY3II_id39_s1_75.png,1,VALID,-1.0888672,1.3027344,-0.46777344,-2.548816,LCC-FASD external-dev / cross-domain stress set,-0.6198028028011322,0.0,1.0
YOUTUBE_S300U1A_HUAWEIY3II_id39_s1_92.png,1,VALID,-0.87890625,1.2470703,-0.57470703,-2.2758937,LCC-FASD external-dev / cross-domain stress set,-0.6198028028011322,0.0,1.0
YOUTUBE_S300U1A_HUAWEIY3II_id39_s1_107.png,1,VALID,-0.79248047,1.4677734,-0.86621094,-2.3527498,LCC-FASD external-dev / cross-domain stress set,-0.6198028028011322,0.0,1.0
YOUTUBE_S300U1A_HUAWEIY3II_id39_s1_122.png,1,VALID,-0.6010742,1.1171875,-0.5644531,-1.8889058,LCC-FASD external-dev / cross-domain stress set,-0.6198028028011322,0.0,1.0
YOUTUBE_S300U1A_HUAWEIY3II_id39_s1_137.png,1,VALID,-0.7885742,1.3867188,-0.71972656,-2.2901113,LCC-FASD external-dev / cross-domain stress set,-0.6198028028011322,0.0,1.0
YOUTUBE_S300U1A_HUAWEIY3II_id42_s0_15.png,1,VALID,0.0914917,0.19091797,-0.3203125,-0.5692781,LCC-FASD external-dev / cross-domain stress set,-0.6198028028011322,1.0,0.0
YOUTUBE_S300U1A_HUAWEIY3II_id42_s0_30.png,1,VALID,0.37963867,-0.08782959,-0.23449707,-0.15503168,LCC-FASD external-dev / cross-domain stress set,-0.6198028028011322,1.0,0.0
YOUTUBE_S300U1A_HUAWEIY3II_id42_s0_45.png,1,VALID,-0.13769531,0.41552734,-0.35375977,-0.9339464,LCC-FASD external-dev / cross-domain stress set,-0.6198028028011322,0.0,1.0
YOUTUBE_S300U1A_HUAWEIY3II_id42_s0_60.png,1,VALID,-0.40698242,1.0302734,-0.8017578,-1.5857518,LCC-FASD external-dev / cross-domain stress set,-0.6198028028011322,0.0,1.0
YOUTUBE_S300U1A_HUAWEIY3II_id42_s0_75.png,1,VALID,-0.59716797,1.0400391,-0.5566406,-1.8216664,LCC-FASD external-dev / cross-domain stress set,-0.6198028028011322,0.0,1.0
YOUTUBE_S300U1A_HUAWEIY3II_id42_s0_90.png,1,VALID,-0.26489258,0.8876953,-0.72021484,-1.3351643,LCC-FASD external-dev / cross-domain stress set,-0.6198028028011322,0.0,1.0
YOUTUBE_S300U1A_HUAWEIY3II_id42_s0_105.png,1,VALID,-0.71240234,0.72753906,-0.23095703,-1.7645357,LCC-FASD external-dev / cross-domain stress set,-0.6198028028011322,0.0,1.0
YOUTUBE_S300U1A_HUAWEIY3II_id42_s0_120.png,1,VALID,-0.30566406,0.8027344,-0.6459961,-1.3193628,LCC-FASD external-dev / cross-domain stress set,-0.6198028028011322,0.0,1.0
YOUTUBE_S300U1A_HUAWEIY3II_id42_s0_135.png,1,VALID,-0.37158203,1.0019531,-0.8046875,-1.5255735,LCC-FASD external-dev / cross-domain stress set,-0.6198028028011322,0.0,1.0
YOUTUBE_S300U1A_HUAWEIY3II_id42_s0_150.png,1,VALID,-0.6064453,0.60595703,-0.16723633,-1.5918908,LCC-FASD external-dev / cross-domain stress set,-0.6198028028011322,0.0,1.0
YOUTUBE_S300U1A_HUAWEIY3II_id42_s1_65.png,1,VALID,-0.6425781,1.7451172,-1.46875,-2.4271092,LCC-FASD external-dev / cross-domain stress set,-0.6198028028011322,0.0,1.0
YOUTUBE_S198150N_GM5_id48_s0_15.png,1,VALID,-0.66845703,0.7753906,-0.28833008,-1.7403674,LCC-FASD external-dev / cross-domain stress set,-0.6198028028011322,0.0,1.0
YOUTUBE_S198150N_GM5_id48_s0_30.png,1,VALID,-0.86279297,0.43798828,0.42041016,-1.985178,LCC-FASD external-dev / cross-domain stress set,-0.6198028028011322,0.0,1.0
YOUTUBE_S198150N_GM5_id48_s0_45.png,1,VALID,-1.3808594,0.65478516,0.6113281,-2.7072992,LCC-FASD external-dev / cross-domain stress set,-0.6198028028011322,0.0,1.0
YOUTUBE_S198150N_GM5_id48_s0_60.png,1,VALID,-0.21716309,0.03967285,0.089660645,-0.97528934,LCC-FASD external-dev / cross-domain stress set,-0.6198028028011322,0.0,1.0
YOUTUBE_S198150N_GM5_id48_s0_75.png,1,VALID,-1.3320312,1.171875,-0.1459961,-2.7411141,LCC-FASD external-dev / cross-domain stress set,-0.6198028028011322,0.0,1.0
YOUTUBE_S198150N_GM5_id48_s0_90.png,1,VALID,-1.0732422,0.6347656,0.25756836,-2.2302365,LCC-FASD external-dev / cross-domain stress set,-0.6198028028011322,0.0,1.0
YOUTUBE_S198150N_GM5_id48_s0_120.png,1,VALID,-1.6630859,1.4150391,0.0018320084,-3.2959437,LCC-FASD external-dev / cross-domain stress set,-0.6198028028011322,0.0,1.0
YOUTUBE_S198150N_GM5_id48_s0_135.png,1,VALID,-0.05117798,0.22155762,-0.12719727,-0.80663264,LCC-FASD external-dev / cross-domain stress set,-0.6198028028011322,0.0,1.0
YOUTUBE_S198150N_GM5_id48_s0_150.png,1,VALID,-0.21289062,0.69091797,-0.60302734,-1.1461167,LCC-FASD external-dev / cross-domain stress set,-0.6198028028011322,0.0,1.0
YOUTUBE_SLS24E390HL0_HUAWEIG620SL01_S0_id39_s0_39.png,1,VALID,0.5185547,0.22033691,-0.6435547,-0.053507924,LCC-FASD external-dev / cross-domain stress set,-0.6198028028011322,1.0,0.0
YOUTUBE_SLS24E390HL0_HUAWEIG620SL01_S0_id43_s0_15.png,1,VALID,1.1611328,-0.63964844,-0.1574707,0.8377605,LCC-FASD external-dev / cross-domain stress set,-0.6198028028011322,1.0,0.0
YOUTUBE_SLS24E390HL0_HUAWEIG620SL01_S0_id43_s0_30.png,1,VALID,0.07537842,-0.37231445,0.43652344,-0.729514,LCC-FASD external-dev / cross-domain stress set,-0.6198028028011322,0.0,1.0
YOUTUBE_SLS24E390HL0_HUAWEIG620SL01_S0_id43_s0_46.png,1,VALID,-0.36621094,-0.37280273,0.9121094,-1.5225792,LCC-FASD external-dev / cross-domain stress set,-0.6198028028011322,0.0,1.0
YOUTUBE_SLS24E390HL0_HUAWEIG620SL01_S0_id43_s0_61.png,1,VALID,0.46044922,-0.3828125,0.2680664,-0.22737116,LCC-FASD external-dev / cross-domain stress set,-0.6198028028011322,1.0,0.0
YOUTUBE_SLS24E390HL0_HUAWEIG620SL01_S0_id43_s0_76.png,1,VALID,0.96435547,-0.8564453,0.3010254,0.39004105,LCC-FASD external-dev / cross-domain stress set,-0.6198028028011322,1.0,0.0
YOUTUBE_SLS24E390HL0_HUAWEIG620SL01_S0_id43_s0_91.png,1,VALID,1.6132812,-0.7963867,-0.38012695,1.4868865,LCC-FASD external-dev / cross-domain stress set,-0.6198028028011322,1.0,0.0
YOUTUBE_SLS24E390HL0_HUAWEIG620SL01_S0_id43_s0_117.png,1,VALID,0.48364258,-0.39794922,0.22949219,-0.17369986,LCC-FASD external-dev / cross-domain stress set,-0.6198028028011322,1.0,0.0
YOUTUBE_SLS24E390HL0_HUAWEIG620SL01_S0_id43_s0_132.png,1,VALID,1.3369141,-1.1884766,0.25952148,0.86628896,LCC-FASD external-dev / cross-domain stress set,-0.6198028028011322,1.0,0.0
YOUTUBE_SLS24E390HL0_HUAWEIG620SL01_S0_id43_s0_147.png,1,VALID,0.8276367,-0.9140625,0.47680664,0.12859982,LCC-FASD external-dev / cross-domain stress set,-0.6198028028011322,1.0,0.0
YOUTUBE_SLS24E390HL0_HUAWEIG620SL01_S0_id43_s0_162.png,1,VALID,0.47827148,-0.54248047,0.20129395,-0.111895025,LCC-FASD external-dev / cross-domain stress set,-0.6198028028011322,1.0,0.0
YOUTUBE_SLS24E390HL0_HUAWEIG620SL01_S0_id43_s1_15.png,1,VALID,0.48950195,0.029190063,-0.5961914,0.031744182,LCC-FASD external-dev / cross-domain stress set,-0.6198028028011322,1.0,0.0
YOUTUBE_SLS24E390HL0_HUAWEIG620SL01_S0_id43_s1_30.png,1,VALID,0.56152344,-0.19396973,-0.2668457,0.09812027,LCC-FASD external-dev / cross-domain stress set,-0.6198028028011322,1.0,0.0
YOUTUBE_SLS24E390HL0_HUAWEIG620SL01_S0_id43_s1_45.png,1,VALID,0.3010254,0.39453125,-0.6328125,-0.3994869,LCC-FASD external-dev / cross-domain stress set,-0.6198028028011322,1.0,0.0
YOUTUBE_SLS24E390HL0_HUAWEIG620SL01_S0_id43_s1_60.png,1,VALID,0.6411133,0.024353027,-0.65527344,0.20676792,LCC-FASD external-dev / cross-domain stress set,-0.6198028028011322,1.0,0.0
YOUTUBE_SLS24E390HL0_HUAWEIG620SL01_S0_id43_s1_75.png,1,VALID,0.53564453,0.0015516281,-0.5371094,0.07443699,LCC-FASD external-dev / cross-domain stress set,-0.6198028028011322,1.0,0.0
YOUTUBE_SLS24E390HL0_HUAWEIG620SL01_S0_id43_s1_90.png,1,VALID,0.37451172,0.41625977,-0.7104492,-0.3224796,LCC-FASD external-dev / cross-domain stress set,-0.6198028028011322,1.0,0.0
YOUTUBE_SLS24E390HL0_HUAWEIG620SL01_S0_id43_s1_105.png,1,VALID,0.31518555,-0.30932617,0.035491943,-0.25583392,LCC-FASD external-dev / cross-domain stress set,-0.6198028028011322,1.0,0.0
YOUTUBE_SLS24E390HL0_HUAWEIG620SL01_S0_id43_s1_120.png,1,VALID,-0.62646484,0.12792969,0.37426758,-1.5782769,LCC-FASD external-dev / cross-domain stress set,-0.6198028028011322,0.0,1.0
YOUTUBE_SLS24E390HL0_HUAWEIG620SL01_S0_id43_s1_135.png,1,VALID,-0.116882324,-0.1829834,0.3557129,-0.93223816,LCC-FASD external-dev / cross-domain stress set,-0.6198028028011322,0.0,1.0
YOUTUBE_SLS24E390HL0_HUAWEIG620SL01_S0_id43_s1_150.png,1,VALID,0.28393555,-0.22680664,0.013679504,-0.30985993,LCC-FASD external-dev / cross-domain stress set,-0.6198028028011322,1.0,0.0
YOUTUBE_SLS24E390HL0_HUAWEIG620SL01_S0_id48_s1_105.png,1,VALID,0.24389648,-0.8227539,0.5449219,-0.5279205,LCC-FASD external-dev / cross-domain stress set,-0.6198028028011322,1.0,0.0
YOUTUBE_SLS24E390HL0_HUAWEIG620SL01_S0_id48_s1_120.png,1,VALID,-0.23339844,-0.50927734,0.7241211,-1.2131697,LCC-FASD external-dev / cross-domain stress set,-0.6198028028011322,0.0,1.0
YOUTUBE_SLS24E390HL0_HUAWEIG620SL01_S0_id48_s1_135.png,1,VALID,0.49780273,-0.53564453,-0.0069770813,0.04142964,LCC-FASD external-dev / cross-domain stress set,-0.6198028028011322,1.0,0.0
YOUTUBE_PBQ5WTS_ZTEBA2_id43_s0_15.png,1,VALID,0.77001953,0.5776367,-1.1806641,0.03338325,LCC-FASD external-dev / cross-domain stress set,-0.6198028028011322,1.0,0.0
YOUTUBE_PBQ5WTS_ZTEBA2_id43_s0_30.png,1,VALID,-0.14672852,0.3388672,-0.27416992,-0.9184835,LCC-FASD external-dev / cross-domain stress set,-0.6198028028011322,0.0,1.0
YOUTUBE_PBQ5WTS_ZTEBA2_id43_s0_45.png,1,VALID,-0.6298828,0.5883789,-0.18188477,-1.5986763,LCC-FASD external-dev / cross-domain stress set,-0.6198028028011322,0.0,1.0
YOUTUBE_PBQ5WTS_ZTEBA2_id43_s0_60.png,1,VALID,-0.3564453,0.25927734,0.2524414,-1.3054577,LCC-FASD external-dev / cross-domain stress set,-0.6198028028011322,0.0,1.0
YOUTUBE_PBQ5WTS_ZTEBA2_id43_s0_75.png,1,VALID,-0.30078125,0.34204102,-0.013748169,-1.1738153,LCC-FASD external-dev / cross-domain stress set,-0.6198028028011322,0.0,1.0
YOUTUBE_PBQ5WTS_ZTEBA2_id43_s0_90.png,1,VALID,0.11016846,0.60839844,-0.8823242,-0.7013421,LCC-FASD external-dev / cross-domain stress set,-0.6198028028011322,0.0,1.0
YOUTUBE_PBQ5WTS_ZTEBA2_id43_s0_147.png,1,VALID,-0.18640137,0.90527344,-0.7480469,-1.2668151,LCC-FASD external-dev / cross-domain stress set,-0.6198028028011322,0.0,1.0
YOUTUBE_PBQ5WTS_ZTEBA2_id43_s0_162.png,1,VALID,-0.22961426,0.96240234,-0.8183594,-1.3477458,LCC-FASD external-dev / cross-domain stress set,-0.6198028028011322,0.0,1.0
YOUTUBE_PBQ5WTS_ZTEBA2_id43_s1_15.png,1,VALID,0.3190918,0.8461914,-1.3271484,-0.63487446,LCC-FASD external-dev / cross-domain stress set,-0.6198028028011322,0.0,1.0
YOUTUBE_PBQ5WTS_ZTEBA2_id43_s1_30.png,1,VALID,0.28686523,0.87841797,-1.2158203,-0.7077025,LCC-FASD external-dev / cross-domain stress set,-0.6198028028011322,0.0,1.0
YOUTUBE_PBQ5WTS_ZTEBA2_id43_s1_45.png,1,VALID,0.19482422,1.0009766,-1.3261719,-0.8992543,LCC-FASD external-dev / cross-domain stress set,-0.6198028028011322,0.0,1.0
YOUTUBE_PBQ5WTS_ZTEBA2_id43_s1_60.png,1,VALID,-0.48583984,1.2578125,-1.0410156,-1.8393046,LCC-FASD external-dev / cross-domain stress set,-0.6198028028011322,0.0,1.0
YOUTUBE_PBQ5WTS_ZTEBA2_id43_s1_75.png,1,VALID,-0.4711914,0.5131836,-0.26782227,-1.361403,LCC-FASD external-dev / cross-domain stress set,-0.6198028028011322,0.0,1.0
YOUTUBE_PBQ5WTS_ZTEBA2_id43_s1_90.png,1,VALID,-0.20532227,1.1132812,-1.0830078,-1.4240576,LCC-FASD external-dev / cross-domain stress set,-0.6198028028011322,0.0,1.0
YOUTUBE_PBQ5WTS_ZTEBA2_id43_s1_105.png,1,VALID,-0.04949951,1.1289062,-1.0029297,-1.2905009,LCC-FASD external-dev / cross-domain stress set,-0.6198028028011322,0.0,1.0
YOUTUBE_PBQ5WTS_ZTEBA2_id43_s1_120.png,1,VALID,-0.19848633,1.0488281,-0.89404297,-1.3812262,LCC-FASD external-dev / cross-domain stress set,-0.6198028028011322,0.0,1.0
YOUTUBE_PBQ5WTS_ZTEBA2_id43_s1_135.png,1,VALID,0.6713867,0.7998047,-1.4541016,-0.22825277,LCC-FASD external-dev / cross-domain stress set,-0.6198028028011322,1.0,0.0
YOUTUBE_PBQ5WTS_ZTEBA2_id43_s1_150.png,1,VALID,-0.31103516,1.1210938,-0.9692383,-1.5487077,LCC-FASD external-dev / cross-domain stress set,-0.6198028028011322,0.0,1.0
YOUTUBE_PBQ5WTS_ZTEBA2_id48_s1_15.png,1,VALID,-0.03564453,-0.06341553,-0.19226074,-0.60302734,LCC-FASD external-dev / cross-domain stress set,-0.6198028028011322,1.0,0.0
YOUTUBE_PBQ5WTS_ZTEBA2_id48_s1_30.png,1,VALID,-0.6538086,0.21508789,0.0836792,-1.4984963,LCC-FASD external-dev / cross-domain stress set,-0.6198028028011322,0.0,1.0
YOUTUBE_PBQ5WTS_ZTEBA2_id48_s1_45.png,1,VALID,-1.6064453,0.97314453,0.18261719,-2.953637,LCC-FASD external-dev / cross-domain stress set,-0.6198028028011322,0.0,1.0
YOUTUBE_PBQ5WTS_ZTEBA2_id48_s1_60.png,1,VALID,-0.8017578,0.7006836,-0.24914551,-1.8294455,LCC-FASD external-dev / cross-domain stress set,-0.6198028028011322,0.0,1.0
YOUTUBE_PBQ5WTS_ZTEBA2_id48_s1_75.png,1,VALID,-0.8510742,0.42651367,0.05432129,-1.8018558,LCC-FASD external-dev / cross-domain stress set,-0.6198028028011322,0.0,1.0
YOUTUBE_PBQ5WTS_ZTEBA2_id48_s1_90.png,1,VALID,-1.2734375,0.5102539,0.3618164,-2.4053714,LCC-FASD external-dev / cross-domain stress set,-0.6198028028011322,0.0,1.0
YOUTUBE_PBQ5WTS_ZTEBA2_id48_s1_105.png,1,VALID,0.5053711,0.018188477,-0.5722656,0.046301723,LCC-FASD external-dev / cross-domain stress set,-0.6198028028011322,1.0,0.0
YOUTUBE_PBQ5WTS_ZTEBA2_id48_s1_120.png,1,VALID,-1.7558594,1.9707031,-0.7739258,-3.7888536,LCC-FASD external-dev / cross-domain stress set,-0.6198028028011322,0.0,1.0
YOUTUBE_PBQ5WTS_ZTEBA2_id48_s1_135.png,1,VALID,-0.26245117,0.6113281,-0.42041016,-1.1786038,LCC-FASD external-dev / cross-domain stress set,-0.6198028028011322,0.0,1.0
YOUTUBE_PBQ5WTS_ZTEBA2_id48_s1_150.png,1,VALID,0.052215576,-0.1928711,0.16479492,-0.6427996,LCC-FASD external-dev / cross-domain stress set,-0.6198028028011322,0.0,1.0
YOUTUBE_PRS133S_PRMD3_id39_s0_27.png,1,VALID,-1.2998047,0.31933594,0.8613281,-2.6195626,LCC-FASD external-dev / cross-domain stress set,-0.6198028028011322,0.0,1.0
YOUTUBE_PRS133S_PRMD3_id43_s0_15.png,1,VALID,0.92578125,-0.39990234,-0.4404297,0.6525948,LCC-FASD external-dev / cross-domain stress set,-0.6198028028011322,1.0,0.0
YOUTUBE_PRS133S_PRMD3_id43_s0_30.png,1,VALID,0.9086914,-0.35742188,-0.4116211,0.59969854,LCC-FASD external-dev / cross-domain stress set,-0.6198028028011322,1.0,0.0
YOUTUBE_PRS133S_PRMD3_id43_s0_45.png,1,VALID,0.04473877,-0.14343262,0.3112793,-0.75795746,LCC-FASD external-dev / cross-domain stress set,-0.6198028028011322,0.0,1.0
YOUTUBE_PRS133S_PRMD3_id43_s0_60.png,1,VALID,0.57714844,-0.85546875,0.52197266,-0.16974461,LCC-FASD external-dev / cross-domain stress set,-0.6198028028011322,1.0,0.0
YOUTUBE_PRS133S_PRMD3_id43_s0_81.png,1,VALID,0.90527344,-0.6928711,-0.0034618378,0.5020226,LCC-FASD external-dev / cross-domain stress set,-0.6198028028011322,1.0,0.0
YOUTUBE_PRS133S_PRMD3_id43_s0_96.png,1,VALID,0.9458008,-0.88720703,0.10992432,0.5218425,LCC-FASD external-dev / cross-domain stress set,-0.6198028028011322,1.0,0.0
YOUTUBE_PRS133S_PRMD3_id43_s0_111.png,1,VALID,0.67871094,-0.46533203,0.06768799,0.14928454,LCC-FASD external-dev / cross-domain stress set,-0.6198028028011322,1.0,0.0
YOUTUBE_PRS133S_PRMD3_id43_s0_142.png,1,VALID,0.92285156,-0.9433594,0.14355469,0.4886774,LCC-FASD external-dev / cross-domain stress set,-0.6198028028011322,1.0,0.0
YOUTUBE_PRS133S_PRMD3_id43_s1_15.png,1,VALID,0.10723877,0.27172852,-0.40844727,-0.5742973,LCC-FASD external-dev / cross-domain stress set,-0.6198028028011322,1.0,0.0
YOUTUBE_PRS133S_PRMD3_id43_s1_30.png,1,VALID,-0.49975586,1.2207031,-0.8203125,-1.8425852,LCC-FASD external-dev / cross-domain stress set,-0.6198028028011322,0.0,1.0
YOUTUBE_PRS133S_PRMD3_id43_s1_45.png,1,VALID,0.07385254,0.6503906,-0.7192383,-0.80303705,LCC-FASD external-dev / cross-domain stress set,-0.6198028028011322,0.0,1.0
YOUTUBE_PRS133S_PRMD3_id43_s1_60.png,1,VALID,0.03250122,0.4736328,-0.41723633,-0.7849334,LCC-FASD external-dev / cross-domain stress set,-0.6198028028011322,0.0,1.0
YOUTUBE_PRS133S_PRMD3_id43_s1_75.png,1,VALID,-0.075927734,0.83740234,-0.68115234,-1.1113842,LCC-FASD external-dev / cross-domain stress set,-0.6198028028011322,0.0,1.0
YOUTUBE_PRS133S_PRMD3_id43_s1_90.png,1,VALID,-0.16833496,0.74121094,-0.67089844,-1.1275795,LCC-FASD external-dev / cross-domain stress set,-0.6198028028011322,0.0,1.0
YOUTUBE_PRS133S_PRMD3_id43_s1_105.png,1,VALID,-0.7216797,0.89746094,-0.36108398,-1.869173,LCC-FASD external-dev / cross-domain stress set,-0.6198028028011322,0.0,1.0
YOUTUBE_PRS133S_PRMD3_id43_s1_128.png,1,VALID,-0.94384766,-0.36938477,1.3056641,-2.4211926,LCC-FASD external-dev / cross-domain stress set,-0.6198028028011322,0.0,1.0
YOUTUBE_PRS133S_PRMD3_id43_s1_143.png,1,VALID,-0.29345703,-0.5390625,0.9033203,-1.4089521,LCC-FASD external-dev / cross-domain stress set,-0.6198028028011322,0.0,1.0
YOUTUBE_PRS133S_PRMD3_id43_s1_158.png,1,VALID,-0.74365234,-0.5991211,1.6347656,-2.4801722,LCC-FASD external-dev / cross-domain stress set,-0.6198028028011322,0.0,1.0
YOUTUBE_PRS133S_PRMD3_id48_s1_15.png,1,VALID,-0.06793213,-0.44580078,0.5800781,-0.95437765,LCC-FASD external-dev / cross-domain stress set,-0.6198028028011322,0.0,1.0
YOUTUBE_PRS133S_PRMD3_id48_s1_30.png,1,VALID,-0.9272461,0.066833496,0.80371094,-2.1220567,LCC-FASD external-dev / cross-domain stress set,-0.6198028028011322,0.0,1.0
YOUTUBE_PRS133S_PRMD3_id48_s1_45.png,1,VALID,-0.6508789,0.26489258,0.38232422,-1.6693573,LCC-FASD external-dev / cross-domain stress set,-0.6198028028011322,0.0,1.0
YOUTUBE_PRS133S_PRMD3_id48_s1_60.png,1,VALID,0.21179199,-0.3557129,0.14685059,-0.40816855,LCC-FASD external-dev / cross-domain stress set,-0.6198028028011322,1.0,0.0
YOUTUBE_PRS133S_PRMD3_id48_s1_75.png,1,VALID,-0.76220703,0.5185547,0.15979004,-1.8105301,LCC-FASD external-dev / cross-domain stress set,-0.6198028028011322,0.0,1.0
YOUTUBE_PRS133S_PRMD3_id48_s1_90.png,1,VALID,-0.41967773,0.26904297,0.19482422,-1.3454468,LCC-FASD external-dev / cross-domain stress set,-0.6198028028011322,0.0,1.0
YOUTUBE_PRS133S_PRMD3_id48_s1_107.png,1,VALID,-0.18774414,-0.05078125,0.27807617,-1.0079967,LCC-FASD external-dev / cross-domain stress set,-0.6198028028011322,0.0,1.0
YOUTUBE_PRS133S_PRMD3_id48_s1_122.png,1,VALID,-0.83251953,0.3791504,0.40161133,-1.9161106,LCC-FASD external-dev / cross-domain stress set,-0.6198028028011322,0.0,1.0
YOUTUBE_PRS133S_PRMD3_id48_s1_137.png,1,VALID,-1.078125,0.3395996,0.78564453,-2.3585603,LCC-FASD external-dev / cross-domain stress set,-0.6198028028011322,0.0,1.0
YOUTUBE_PRS133S_PRMD3_id48_s1_152.png,1,VALID,-0.1385498,-0.3395996,0.42504883,-0.9457934,LCC-FASD external-dev / cross-domain stress set,-0.6198028028011322,0.0,1.0
YOUTUBE_S198150N_GM5_id48_s0_105.png,1,VALID,-1.5546875,1.1328125,0.037963867,-2.9761243,LCC-FASD external-dev / cross-domain stress set,-0.6198028028011322,0.0,1.0
YOUTUBE_P223V5LSB_LS650_id42_s1_61.png,1,VALID,-0.70996094,2.1328125,-1.8271484,-2.8616579,LCC-FASD external-dev / cross-domain stress set,-0.6198028028011322,0.0,1.0
YOUTUBE_P223V5LSB_LS650_id42_s1_76.png,1,VALID,-1.1992188,2.1445312,-1.5517578,-3.3682625,LCC-FASD external-dev / cross-domain stress set,-0.6198028028011322,0.0,1.0
YOUTUBE_P223V5LSB_LS650_id42_s1_92.png,1,VALID,-1.2568359,1.7490234,-1.1162109,-3.0612655,LCC-FASD external-dev / cross-domain stress set,-0.6198028028011322,0.0,1.0
YOUTUBE_P226VLSB00_HONOR4CCHMU01_id39_s0_15.png,1,VALID,-0.6591797,0.6567383,0.003932953,-1.735012,LCC-FASD external-dev / cross-domain stress set,-0.6198028028011322,0.0,1.0
YOUTUBE_P226VLSB00_HONOR4CCHMU01_id39_s0_41.png,1,VALID,0.09729004,0.64160156,-0.6699219,-0.7828632,LCC-FASD external-dev / cross-domain stress set,-0.6198028028011322,0.0,1.0
YOUTUBE_P226VLSB00_HONOR4CCHMU01_id39_s0_56.png,1,VALID,-0.13647461,0.7368164,-0.56396484,-1.1141322,LCC-FASD external-dev / cross-domain stress set,-0.6198028028011322,0.0,1.0
YOUTUBE_P226VLSB00_HONOR4CCHMU01_id39_s0_81.png,1,VALID,-0.3552246,0.49121094,-0.06695557,-1.2989479,LCC-FASD external-dev / cross-domain stress set,-0.6198028028011322,0.0,1.0
YOUTUBE_P226VLSB00_HONOR4CCHMU01_id48_s1_15.png,1,VALID,-0.26782227,0.33642578,-0.3786621,-1.002453,LCC-FASD external-dev / cross-domain stress set,-0.6198028028011322,0.0,1.0
YOUTUBE_P226VLSB00_HONOR4CCHMU01_id48_s1_30.png,1,VALID,-0.3100586,0.28100586,-0.26245117,-1.0489557,LCC-FASD external-dev / cross-domain stress set,-0.6198028028011322,0.0,1.0
YOUTUBE_P226VLSB00_HONOR4CCHMU01_id48_s1_45.png,1,VALID,-0.6376953,0.07470703,0.35107422,-1.5532503,LCC-FASD external-dev / cross-domain stress set,-0.6198028028011322,0.0,1.0
YOUTUBE_P226VLSB00_HONOR4CCHMU01_id48_s1_60.png,1,VALID,-1.1162109,1.0,-0.22692871,-2.3733244,LCC-FASD external-dev / cross-domain stress set,-0.6198028028011322,0.0,1.0
YOUTUBE_P226VLSB00_HONOR4CCHMU01_id48_s1_75.png,1,VALID,0.33203125,0.5317383,-1.0263672,-0.39076912,LCC-FASD external-dev / cross-domain stress set,-0.6198028028011322,1.0,0.0
YOUTUBE_P226VLSB00_HONOR4CCHMU01_id48_s1_90.png,1,VALID,-1.7988281,0.9321289,0.35620117,-3.1770413,LCC-FASD external-dev / cross-domain stress set,-0.6198028028011322,0.0,1.0
YOUTUBE_P226VLSB00_HONOR4CCHMU01_id48_s1_105.png,1,VALID,0.2043457,0.66845703,-1.1513672,-0.6143007,LCC-FASD external-dev / cross-domain stress set,-0.6198028028011322,1.0,0.0
YOUTUBE_P226VLSB00_HONOR4CCHMU01_id48_s1_120.png,1,VALID,-1.0859375,1.3310547,-0.6166992,-2.5502934,LCC-FASD external-dev / cross-domain stress set,-0.6198028028011322,0.0,1.0
YOUTUBE_P226VLSB00_HONOR4CCHMU01_id48_s1_135.png,1,VALID,-0.68847656,1.3398438,-1.0117188,-2.1192758,LCC-FASD external-dev / cross-domain stress set,-0.6198028028011322,0.0,1.0
YOUTUBE_P226VLSB00_HONOR4CCHMU01_id48_s1_150.png,1,VALID,-0.875,0.921875,-0.2614746,-2.0640364,LCC-FASD external-dev / cross-domain stress set,-0.6198028028011322,0.0,1.0
YOUTUBE_PBLS11HR_HONOR9L_id39_s1_15.png,1,VALID,0.25683594,0.7441406,-0.9628906,-0.65400785,LCC-FASD external-dev / cross-domain stress set,-0.6198028028011322,0.0,1.0
YOUTUBE_PBLS11HR_HONOR9L_id39_s1_30.png,1,VALID,0.13586426,0.7885742,-0.9116211,-0.8204658,LCC-FASD external-dev / cross-domain stress set,-0.6198028028011322,0.0,1.0
YOUTUBE_PBLS11HR_HONOR9L_id39_s1_45.png,1,VALID,-0.26416016,1.1240234,-0.9213867,-1.5098057,LCC-FASD external-dev / cross-domain stress set,-0.6198028028011322,0.0,1.0
YOUTUBE_PBLS11HR_HONOR9L_id39_s1_60.png,1,VALID,0.2331543,0.77783203,-1.0947266,-0.68767774,LCC-FASD external-dev / cross-domain stress set,-0.6198028028011322,0.0,1.0
YOUTUBE_PBLS11HR_HONOR9L_id39_s1_75.png,1,VALID,-0.1541748,0.9916992,-0.8798828,-1.2890042,LCC-FASD external-dev / cross-domain stress set,-0.6198028028011322,0.0,1.0
YOUTUBE_PBLS11HR_HONOR9L_id39_s1_90.png,1,VALID,0.11273193,1.1640625,-1.4335938,-1.1231375,LCC-FASD external-dev / cross-domain stress set,-0.6198028028011322,0.0,1.0
YOUTUBE_PBLS11HR_HONOR9L_id39_s1_105.png,1,VALID,0.7348633,0.98876953,-1.5683594,-0.3285749,LCC-FASD external-dev / cross-domain stress set,-0.6198028028011322,1.0,0.0
YOUTUBE_PBLS11HR_HONOR9L_id39_s1_120.png,1,VALID,-0.01083374,1.2470703,-1.2392578,-1.3378376,LCC-FASD external-dev / cross-domain stress set,-0.6198028028011322,0.0,1.0
YOUTUBE_PBLS11HR_HONOR9L_id39_s1_135.png,1,VALID,0.68896484,1.1445312,-1.8330078,-0.5052304,LCC-FASD external-dev / cross-domain stress set,-0.6198028028011322,1.0,0.0
YOUTUBE_PBLS11HR_HONOR9L_id42_s0_15.png,1,VALID,-0.23535156,0.3642578,-0.18408203,-1.0557096,LCC-FASD external-dev / cross-domain stress set,-0.6198028028011322,0.0,1.0
YOUTUBE_PBLS11HR_HONOR9L_id42_s0_30.png,1,VALID,-0.13146973,0.19628906,-0.07727051,-0.8934516,LCC-FASD external-dev / cross-domain stress set,-0.6198028028011322,0.0,1.0
YOUTUBE_PBLS11HR_HONOR9L_id42_s0_45.png,1,VALID,-0.045684814,0.28295898,-0.18103027,-0.81646913,LCC-FASD external-dev / cross-domain stress set,-0.6198028028011322,0.0,1.0
YOUTUBE_PBLS11HR_HONOR9L_id42_s0_60.png,1,VALID,0.7558594,-0.24060059,-0.3803711,0.370758,LCC-FASD external-dev / cross-domain stress set,-0.6198028028011322,1.0,0.0
YOUTUBE_PBLS11HR_HONOR9L_id42_s0_75.png,1,VALID,0.2565918,0.23278809,-0.37280273,-0.4117067,LCC-FASD external-dev / cross-domain stress set,-0.6198028028011322,1.0,0.0
YOUTUBE_PBLS11HR_HONOR9L_id42_s0_90.png,1,VALID,-0.21386719,0.24047852,0.018630981,-1.0427086,LCC-FASD external-dev / cross-domain stress set,-0.6198028028011322,0.0,1.0
YOUTUBE_PBLS11HR_HONOR9L_id42_s0_105.png,1,VALID,-0.0029354095,-0.103271484,0.19055176,-0.7504757,LCC-FASD external-dev / cross-domain stress set,-0.6198028028011322,0.0,1.0
YOUTUBE_PBLS11HR_HONOR9L_id42_s0_120.png,1,VALID,0.81591797,-0.40454102,-0.3479004,0.49859047,LCC-FASD external-dev / cross-domain stress set,-0.6198028028011322,1.0,0.0
YOUTUBE_PBLS11HR_HONOR9L_id42_s0_135.png,1,VALID,0.6147461,0.0064048767,-0.52734375,0.14687225,LCC-FASD external-dev / cross-domain stress set,-0.6198028028011322,1.0,0.0
YOUTUBE_PBLS11HR_HONOR9L_id42_s0_150.png,1,VALID,1.3427734,-0.7441406,-0.42163086,1.2195663,LCC-FASD external-dev / cross-domain stress set,-0.6198028028011322,1.0,0.0
YOUTUBE_PBLS11HR_HONOR9L_id42_s1_17.png,1,VALID,-0.7211914,0.8925781,-0.31079102,-1.8762732,LCC-FASD external-dev / cross-domain stress set,-0.6198028028011322,0.0,1.0
YOUTUBE_PBLS11HR_HONOR9L_id42_s1_32.png,1,VALID,-0.32202148,0.56689453,-0.31982422,-1.233927,LCC-FASD external-dev / cross-domain stress set,-0.6198028028011322,0.0,1.0
YOUTUBE_PBLS11HR_HONOR9L_id42_s1_47.png,1,VALID,0.41064453,-0.027236938,-0.2783203,-0.13758373,LCC-FASD external-dev / cross-domain stress set,-0.6198028028011322,1.0,0.0
YOUTUBE_PBLS11HR_HONOR9L_id42_s1_62.png,1,VALID,0.30249023,0.21179199,-0.46972656,-0.31865805,LCC-FASD external-dev / cross-domain stress set,-0.6198028028011322,1.0,0.0
YOUTUBE_PBLS11HR_HONOR9L_id42_s1_77.png,1,VALID,0.12756348,0.5839844,-0.7861328,-0.6828209,LCC-FASD external-dev / cross-domain stress set,-0.6198028028011322,0.0,1.0
YOUTUBE_PBLS11HR_HONOR9L_id42_s1_92.png,1,VALID,0.70996094,-0.41601562,-0.13549805,0.2827664,LCC-FASD external-dev / cross-domain stress set,-0.6198028028011322,1.0,0.0
YOUTUBE_PBLS11HR_HONOR9L_id42_s1_107.png,1,VALID,0.31469727,-0.23400879,0.051757812,-0.29749763,LCC-FASD external-dev / cross-domain stress set,-0.6198028028011322,1.0,0.0
YOUTUBE_PBLS11HR_HONOR9L_id42_s1_133.png,1,VALID,0.6171875,-0.21789551,-0.24267578,0.15424925,LCC-FASD external-dev / cross-domain stress set,-0.6198028028011322,1.0,0.0
YOUTUBE_PBLS11HR_HONOR9L_id42_s1_148.png,1,VALID,0.09387207,0.022964478,-0.08105469,-0.5715819,LCC-FASD external-dev / cross-domain stress set,-0.6198028028011322,1.0,0.0
YOUTUBE_PBLS11HR_HONOR9L_id42_s1_165.png,1,VALID,1.453125,-0.8051758,-0.46411133,1.3801507,LCC-FASD external-dev / cross-domain stress set,-0.6198028028011322,1.0,0.0
YOUTUBE_PBQ5WTS_ZTEBA2_id39_s0_17.png,1,VALID,0.19787598,0.89697266,-1.1533203,-0.8201606,LCC-FASD external-dev / cross-domain stress set,-0.6198028028011322,0.0,1.0
YOUTUBE_PBQ5WTS_ZTEBA2_id39_s0_36.png,1,VALID,0.75878906,0.65527344,-1.4345703,-0.013116956,LCC-FASD external-dev / cross-domain stress set,-0.6198028028011322,1.0,0.0
YOUTUBE_PBQ5WTS_ZTEBA2_id43_s0_117.png,1,VALID,-1.1347656,1.3642578,-0.6640625,-2.6226172,LCC-FASD external-dev / cross-domain stress set,-0.6198028028011322,0.0,1.0
YOUTUBE_PBQ5WTS_ZTEBA2_id43_s0_132.png,1,VALID,-0.30737305,0.9345703,-0.74560547,-1.4128172,LCC-FASD external-dev / cross-domain stress set,-0.6198028028011322,0.0,1.0
YOUTUBE_MBP1314_IPHONE8F_id48_s0_75.png,1,VALID,-0.3305664,0.7324219,-0.5205078,-1.3142657,LCC-FASD external-dev / cross-domain stress set,-0.6198028028011322,0.0,1.0
YOUTUBE_MBP1314_IPHONE8F_id48_s0_90.png,1,VALID,0.22375488,0.4165039,-0.8066406,-0.45072162,LCC-FASD external-dev / cross-domain stress set,-0.6198028028011322,1.0,0.0
YOUTUBE_MSIGS60_SGJ5_id39_s1_16.png,1,VALID,-1.3574219,1.8583984,-0.8222656,-3.2820926,LCC-FASD external-dev / cross-domain stress set,-0.6198028028011322,0.0,1.0
YOUTUBE_MSIGS60_SGJ5_id39_s1_31.png,1,VALID,-1.6650391,1.7802734,-0.5517578,-3.5379813,LCC-FASD external-dev / cross-domain stress set,-0.6198028028011322,0.0,1.0
YOUTUBE_MSIGS60_SGJ5_id39_s1_65.png,1,VALID,-0.4255371,0.80615234,-0.34277344,-1.5070285,LCC-FASD external-dev / cross-domain stress set,-0.6198028028011322,0.0,1.0
YOUTUBE_MSIGS60_SGJ5_id39_s1_95.png,1,VALID,0.03427124,0.50634766,-0.49291992,-0.7855352,LCC-FASD external-dev / cross-domain stress set,-0.6198028028011322,0.0,1.0
YOUTUBE_MSIGS60_SGJ5_id39_s1_110.png,1,VALID,-0.23339844,0.70751953,-0.33447266,-1.2430584,LCC-FASD external-dev / cross-domain stress set,-0.6198028028011322,0.0,1.0
YOUTUBE_MSIGS60_SGJ5_id39_s1_126.png,1,VALID,-0.04321289,0.54833984,-0.50390625,-0.89102936,LCC-FASD external-dev / cross-domain stress set,-0.6198028028011322,0.0,1.0
YOUTUBE_MSIGS60_SGJ5_id39_s1_141.png,1,VALID,-0.026351929,0.25805664,-0.14660645,-0.79555506,LCC-FASD external-dev / cross-domain stress set,-0.6198028028011322,0.0,1.0
YOUTUBE_MSIGS60_SGJ5_id42_s0_15.png,1,VALID,1.6376953,-0.91259766,-0.5263672,1.6454985,LCC-FASD external-dev / cross-domain stress set,-0.6198028028011322,1.0,0.0
YOUTUBE_MSIGS60_SGJ5_id42_s0_30.png,1,VALID,1.3544922,-0.98046875,-0.13671875,1.1334703,LCC-FASD external-dev / cross-domain stress set,-0.6198028028011322,1.0,0.0
YOUTUBE_MSIGS60_SGJ5_id42_s0_45.png,1,VALID,1.3740234,-0.9873047,-0.17321777,1.1804867,LCC-FASD external-dev / cross-domain stress set,-0.6198028028011322,1.0,0.0
YOUTUBE_MSIGS60_SGJ5_id42_s0_60.png,1,VALID,1.3457031,-0.48046875,-0.79833984,1.2793827,LCC-FASD external-dev / cross-domain stress set,-0.6198028028011322,1.0,0.0
YOUTUBE_MSIGS60_SGJ5_id42_s0_75.png,1,VALID,0.94921875,-0.43164062,-0.3762207,0.6596183,LCC-FASD external-dev / cross-domain stress set,-0.6198028028011322,1.0,0.0
YOUTUBE_MSIGS60_SGJ5_id42_s0_90.png,1,VALID,1.3447266,-0.6923828,-0.46850586,1.2257717,LCC-FASD external-dev / cross-domain stress set,-0.6198028028011322,1.0,0.0
YOUTUBE_MSIGS60_SGJ5_id42_s0_105.png,1,VALID,1.4550781,-0.8544922,-0.54003906,1.446887,LCC-FASD external-dev / cross-domain stress set,-0.6198028028011322,1.0,0.0
YOUTUBE_MSIGS60_SGJ5_id42_s0_120.png,1,VALID,1.4208984,-0.63183594,-0.73291016,1.4088478,LCC-FASD external-dev / cross-domain stress set,-0.6198028028011322,1.0,0.0
YOUTUBE_MSIGS60_SGJ5_id42_s0_135.png,1,VALID,1.8681641,-0.7626953,-0.9892578,2.0445907,LCC-FASD external-dev / cross-domain stress set,-0.6198028028011322,1.0,0.0
YOUTUBE_MSIGS60_SGJ5_id42_s0_150.png,1,VALID,1.4902344,-0.8286133,-0.4597168,1.4243373,LCC-FASD external-dev / cross-domain stress set,-0.6198028028011322,1.0,0.0
YOUTUBE_MSIGS60_SGJ5_id42_s1_16.png,1,VALID,0.004207611,0.8652344,-1.1123047,-0.99065876,LCC-FASD external-dev / cross-domain stress set,-0.6198028028011322,0.0,1.0
YOUTUBE_MSIGS60_SGJ5_id42_s1_31.png,1,VALID,-0.19824219,0.7397461,-0.8120117,-1.1301572,LCC-FASD external-dev / cross-domain stress set,-0.6198028028011322,0.0,1.0
YOUTUBE_MSIGS60_SGJ5_id42_s1_46.png,1,VALID,-0.58154297,0.51660156,-0.041168213,-1.5508014,LCC-FASD external-dev / cross-domain stress set,-0.6198028028011322,0.0,1.0
YOUTUBE_MSIGS60_SGJ5_id42_s1_61.png,1,VALID,-0.43969727,0.97216797,-0.6142578,-1.598059,LCC-FASD external-dev / cross-domain stress set,-0.6198028028011322,0.0,1.0
YOUTUBE_MSIGS60_SGJ5_id42_s1_77.png,1,VALID,-0.515625,1.4765625,-1.2792969,-2.053804,LCC-FASD external-dev / cross-domain stress set,-0.6198028028011322,0.0,1.0
YOUTUBE_MSIGS60_SGJ5_id42_s1_92.png,1,VALID,-0.5917969,0.6274414,-0.039733887,-1.6334358,LCC-FASD external-dev / cross-domain stress set,-0.6198028028011322,0.0,1.0
YOUTUBE_MSIGS60_SGJ5_id42_s1_146.png,1,VALID,-0.7451172,0.9111328,-0.4111328,-1.8925315,LCC-FASD external-dev / cross-domain stress set,-0.6198028028011322,0.0,1.0
YOUTUBE_MSIGS60_SGJ5_id42_s1_180.png,1,VALID,-0.59472656,0.3918457,0.12585449,-1.5555418,LCC-FASD external-dev / cross-domain stress set,-0.6198028028011322,0.0,1.0
YOUTUBE_NEC90GX2_ZC554KL_id39_s1_30.png,1,VALID,-0.7763672,1.2167969,-0.5551758,-2.1501656,LCC-FASD external-dev / cross-domain stress set,-0.6198028028011322,0.0,1.0
YOUTUBE_NEC90GX2_ZC554KL_id39_s1_45.png,1,VALID,-0.29370117,1.1689453,-0.8496094,-1.5873806,LCC-FASD external-dev / cross-domain stress set,-0.6198028028011322,0.0,1.0
YOUTUBE_NEC90GX2_ZC554KL_id39_s1_67.png,1,VALID,-0.3173828,1.2197266,-0.8774414,-1.6529382,LCC-FASD external-dev / cross-domain stress set,-0.6198028028011322,0.0,1.0
YOUTUBE_NEC90GX2_ZC554KL_id39_s1_87.png,1,VALID,-1.0341797,1.0146484,-0.14404297,-2.3218255,LCC-FASD external-dev / cross-domain stress set,-0.6198028028011322,0.0,1.0
YOUTUBE_NEC90GX2_ZC554KL_id39_s1_103.png,1,VALID,-0.19384766,1.0,-0.79785156,-1.3471303,LCC-FASD external-dev / cross-domain stress set,-0.6198028028011322,0.0,1.0
YOUTUBE_NEC90GX2_ZC554KL_id39_s1_118.png,1,VALID,0.6245117,0.18713379,-0.6557617,0.079380214,LCC-FASD external-dev / cross-domain stress set,-0.6198028028011322,1.0,0.0
YOUTUBE_NEC90GX2_ZC554KL_id39_s1_133.png,1,VALID,0.7211914,0.39038086,-0.8847656,0.08442706,LCC-FASD external-dev / cross-domain stress set,-0.6198028028011322,1.0,0.0
YOUTUBE_P223V5LSB_LS650_id39_s1_15.png,1,VALID,-2.2851562,2.1816406,-0.58496094,-4.527775,LCC-FASD external-dev / cross-domain stress set,-0.6198028028011322,0.0,1.0
YOUTUBE_P223V5LSB_LS650_id39_s1_55.png,1,VALID,-1.3613281,2.0683594,-1.2382812,-3.4656713,LCC-FASD external-dev / cross-domain stress set,-0.6198028028011322,0.0,1.0
YOUTUBE_P223V5LSB_LS650_id39_s1_92.png,1,VALID,-1.4042969,1.9648438,-1.1503906,-3.4125526,LCC-FASD external-dev / cross-domain stress set,-0.6198028028011322,0.0,1.0
YOUTUBE_P223V5LSB_LS650_id39_s1_107.png,1,VALID,-1.3007812,1.8271484,-1.0390625,-3.1832833,LCC-FASD external-dev / cross-domain stress set,-0.6198028028011322,0.0,1.0
YOUTUBE_P223V5LSB_LS650_id39_s1_124.png,1,VALID,-1.5439453,2.2148438,-1.2714844,-3.7889428,LCC-FASD external-dev / cross-domain stress set,-0.6198028028011322,0.0,1.0
YOUTUBE_P223V5LSB_LS650_id42_s0_35.png,1,VALID,-0.40014648,0.5488281,-0.20568848,-1.3343987,LCC-FASD external-dev / cross-domain stress set,-0.6198028028011322,0.0,1.0
YOUTUBE_P223V5LSB_LS650_id42_s0_74.png,1,VALID,-0.40576172,0.14501953,0.28393555,-1.3157967,LCC-FASD external-dev / cross-domain stress set,-0.6198028028011322,0.0,1.0
YOUTUBE_P223V5LSB_LS650_id42_s0_89.png,1,VALID,0.41601562,-0.22937012,-0.16638184,-0.07975143,LCC-FASD external-dev / cross-domain stress set,-0.6198028028011322,1.0,0.0
YOUTUBE_P223V5LSB_LS650_id42_s0_104.png,1,VALID,-0.5083008,0.27954102,0.13085938,-1.4094089,LCC-FASD external-dev / cross-domain stress set,-0.6198028028011322,0.0,1.0
YOUTUBE_P223V5LSB_LS650_id42_s0_119.png,1,VALID,-0.20080566,0.12634277,0.0014009476,-0.9597748,LCC-FASD external-dev / cross-domain stress set,-0.6198028028011322,0.0,1.0
YOUTUBE_P223V5LSB_LS650_id42_s0_136.png,1,VALID,0.48364258,-0.23791504,-0.27148438,0.045054257,LCC-FASD external-dev / cross-domain stress set,-0.6198028028011322,1.0,0.0
YOUTUBE_P223V5LSB_LS650_id42_s0_151.png,1,VALID,-0.05618286,-0.09918213,0.2722168,-0.85299134,LCC-FASD external-dev / cross-domain stress set,-0.6198028028011322,0.0,1.0
YOUTUBE_P223V5LSB_LS650_id42_s0_166.png,1,VALID,-0.7841797,0.82177734,-0.1899414,-1.9160806,LCC-FASD external-dev / cross-domain stress set,-0.6198028028011322,0.0,1.0
YOUTUBE_P223V5LSB_LS650_id42_s0_181.png,1,VALID,-0.5727539,0.43408203,0.07946777,-1.5383132,LCC-FASD external-dev / cross-domain stress set,-0.6198028028011322,0.0,1.0
YOUTUBE_P223V5LSB_LS650_id42_s0_196.png,1,VALID,-0.5126953,0.2956543,0.13671875,-1.4251833,LCC-FASD external-dev / cross-domain stress set,-0.6198028028011322,0.0,1.0
YOUTUBE_P223V5LSB_LS650_id42_s1_15.png,1,VALID,-1.2441406,1.671875,-0.83154297,-2.9946465,LCC-FASD external-dev / cross-domain stress set,-0.6198028028011322,0.0,1.0
YOUTUBE_P223V5LSB_LS650_id42_s1_31.png,1,VALID,-0.9638672,1.5664062,-0.93359375,-2.6091633,LCC-FASD external-dev / cross-domain stress set,-0.6198028028011322,0.0,1.0
YOUTUBE_P223V5LSB_LS650_id42_s1_46.png,1,VALID,-0.74902344,1.9082031,-1.578125,-2.6873803,LCC-FASD external-dev / cross-domain stress set,-0.6198028028011322,0.0,1.0
YOUTUBE_MBP1314_IPHONE8B_id42_s0_15.png,1,VALID,1.1533203,-0.20263672,-0.8774414,0.9443403,LCC-FASD external-dev / cross-domain stress set,-0.6198028028011322,1.0,0.0
YOUTUBE_MBP1314_IPHONE8B_id42_s0_38.png,1,VALID,1.4931641,-0.5551758,-0.7504883,1.4480882,LCC-FASD external-dev / cross-domain stress set,-0.6198028028011322,1.0,0.0
YOUTUBE_MBP1314_IPHONE8B_id42_s0_58.png,1,VALID,1.6943359,-0.60302734,-0.9472656,1.7615952,LCC-FASD external-dev / cross-domain stress set,-0.6198028028011322,1.0,0.0
YOUTUBE_MBP1314_IPHONE8B_id42_s0_73.png,1,VALID,1.0234375,-0.15673828,-0.7158203,0.72799647,LCC-FASD external-dev / cross-domain stress set,-0.6198028028011322,1.0,0.0
YOUTUBE_MBP1314_IPHONE8B_id42_s0_88.png,1,VALID,1.671875,-0.5859375,-0.8330078,1.6805894,LCC-FASD external-dev / cross-domain stress set,-0.6198028028011322,1.0,0.0
YOUTUBE_MBP1314_IPHONE8B_id42_s0_148.png,1,VALID,1.6015625,-0.62402344,-0.7338867,1.5858624,LCC-FASD external-dev / cross-domain stress set,-0.6198028028011322,1.0,0.0
YOUTUBE_MBP1314_IPHONE8B_id42_s0_163.png,1,VALID,0.17919922,0.5073242,-0.61279297,-0.610474,LCC-FASD external-dev / cross-domain stress set,-0.6198028028011322,1.0,0.0
YOUTUBE_MBP1314_IPHONE8B_id42_s1_15.png,1,VALID,0.70214844,0.45117188,-1.1572266,0.06848174,LCC-FASD external-dev / cross-domain stress set,-0.6198028028011322,1.0,0.0
YOUTUBE_MBP1314_IPHONE8B_id42_s1_30.png,1,VALID,0.25512695,0.4873047,-0.7631836,-0.48399806,LCC-FASD external-dev / cross-domain stress set,-0.6198028028011322,1.0,0.0
YOUTUBE_MBP1314_IPHONE8B_id42_s1_45.png,1,VALID,0.4975586,0.6435547,-1.1787109,-0.2958454,LCC-FASD external-dev / cross-domain stress set,-0.6198028028011322,1.0,0.0
YOUTUBE_MBP1314_IPHONE8B_id42_s1_60.png,1,VALID,0.58984375,1.140625,-1.7480469,-0.60493803,LCC-FASD external-dev / cross-domain stress set,-0.6198028028011322,1.0,0.0
YOUTUBE_MBP1314_IPHONE8B_id43_s0_15.png,1,VALID,1.2177734,-0.70703125,-0.3479004,1.036056,LCC-FASD external-dev / cross-domain stress set,-0.6198028028011322,1.0,0.0
YOUTUBE_MBP1314_IPHONE8B_id43_s0_30.png,1,VALID,0.5673828,-0.1743164,-0.21496582,0.06867021,LCC-FASD external-dev / cross-domain stress set,-0.6198028028011322,1.0,0.0
YOUTUBE_MBP1314_IPHONE8B_id43_s0_45.png,1,VALID,0.1661377,0.0892334,-0.08746338,-0.53179216,LCC-FASD external-dev / cross-domain stress set,-0.6198028028011322,1.0,0.0
YOUTUBE_MBP1314_IPHONE8B_id43_s0_62.png,1,VALID,0.44067383,-0.0793457,-0.14245605,-0.1420703,LCC-FASD external-dev / cross-domain stress set,-0.6198028028011322,1.0,0.0
YOUTUBE_MBP1314_IPHONE8B_id43_s0_82.png,1,VALID,1.4023438,-0.62353516,-0.5292969,1.2845029,LCC-FASD external-dev / cross-domain stress set,-0.6198028028011322,1.0,0.0
YOUTUBE_MBP1314_IPHONE8B_id43_s0_97.png,1,VALID,0.95996094,-0.44970703,-0.35424805,0.6676527,LCC-FASD external-dev / cross-domain stress set,-0.6198028028011322,1.0,0.0
YOUTUBE_MBP1314_IPHONE8B_id43_s0_113.png,1,VALID,0.16027832,-0.09057617,0.1595459,-0.5751535,LCC-FASD external-dev / cross-domain stress set,-0.6198028028011322,1.0,0.0
YOUTUBE_MBP1314_IPHONE8B_id43_s0_128.png,1,VALID,1.4833984,-0.85595703,-0.3322754,1.3504719,LCC-FASD external-dev / cross-domain stress set,-0.6198028028011322,1.0,0.0
YOUTUBE_MBP1314_IPHONE8B_id43_s0_143.png,1,VALID,1.4628906,-0.6489258,-0.5576172,1.3719732,LCC-FASD external-dev / cross-domain stress set,-0.6198028028011322,1.0,0.0
YOUTUBE_MBP1314_IPHONE8B_id43_s0_158.png,1,VALID,0.6459961,0.01676941,-0.43676758,0.13735336,LCC-FASD external-dev / cross-domain stress set,-0.6198028028011322,1.0,0.0
YOUTUBE_MBP1314_IPHONE8B_id43_s1_15.png,1,VALID,1.4384766,0.31103516,-1.6787109,0.9992855,LCC-FASD external-dev / cross-domain stress set,-0.6198028028011322,1.0,0.0
YOUTUBE_MBP1314_IPHONE8B_id43_s1_30.png,1,VALID,0.94384766,0.51708984,-1.3447266,0.28231972,LCC-FASD external-dev / cross-domain stress set,-0.6198028028011322,1.0,0.0
YOUTUBE_MBP1314_IPHONE8B_id43_s1_45.png,1,VALID,1.7373047,-0.19299316,-1.328125,1.6516213,LCC-FASD external-dev / cross-domain stress set,-0.6198028028011322,1.0,0.0
YOUTUBE_MBP1314_IPHONE8B_id43_s1_60.png,1,VALID,1.5351562,0.17700195,-1.4931641,1.1857014,LCC-FASD external-dev / cross-domain stress set,-0.6198028028011322,1.0,0.0
YOUTUBE_MBP1314_IPHONE8B_id43_s1_75.png,1,VALID,0.62597656,0.57666016,-1.1103516,-0.120486856,LCC-FASD external-dev / cross-domain stress set,-0.6198028028011322,1.0,0.0
YOUTUBE_MBP1314_IPHONE8B_id43_s1_90.png,1,VALID,-0.29248047,0.9003906,-0.6254883,-1.389613,LCC-FASD external-dev / cross-domain stress set,-0.6198028028011322,0.0,1.0
YOUTUBE_MBP1314_IPHONE8B_id43_s1_105.png,1,VALID,0.45458984,0.52441406,-0.88964844,-0.28747547,LCC-FASD external-dev / cross-domain stress set,-0.6198028028011322,1.0,0.0
YOUTUBE_MBP1314_IPHONE8B_id43_s1_120.png,1,VALID,1.8623047,-0.4326172,-1.2216797,1.9204175,LCC-FASD external-dev / cross-domain stress set,-0.6198028028011322,1.0,0.0
YOUTUBE_MBP1314_IPHONE8B_id43_s1_135.png,1,VALID,0.8701172,-0.19226074,-0.49194336,0.5078876,LCC-FASD external-dev / cross-domain stress set,-0.6198028028011322,1.0,0.0
YOUTUBE_MBP1314_IPHONE8B_id43_s1_150.png,1,VALID,0.640625,0.25805664,-0.7836914,0.08036423,LCC-FASD external-dev / cross-domain stress set,-0.6198028028011322,1.0,0.0
YOUTUBE_MBP1314_IPHONE8B_id48_s1_15.png,1,VALID,1.3632812,-0.6621094,-0.5288086,1.2633736,LCC-FASD external-dev / cross-domain stress set,-0.6198028028011322,1.0,0.0
YOUTUBE_MBP1314_IPHONE8B_id48_s1_30.png,1,VALID,0.8833008,-0.18164062,-0.62939453,0.57081735,LCC-FASD external-dev / cross-domain stress set,-0.6198028028011322,1.0,0.0
YOUTUBE_MBP1314_IPHONE8B_id48_s1_45.png,1,VALID,-0.6147461,0.8833008,-0.52734375,-1.7163676,LCC-FASD external-dev / cross-domain stress set,-0.6198028028011322,0.0,1.0
YOUTUBE_MBP1314_IPHONE8B_id48_s1_60.png,1,VALID,-0.34277344,0.53125,-0.25976562,-1.2479181,LCC-FASD external-dev / cross-domain stress set,-0.6198028028011322,0.0,1.0
YOUTUBE_MBP1314_IPHONE8B_id48_s1_75.png,1,VALID,-0.4987793,0.70654297,-0.37426758,-1.4974846,LCC-FASD external-dev / cross-domain stress set,-0.6198028028011322,0.0,1.0
YOUTUBE_MBP1314_IPHONE8B_id48_s1_90.png,1,VALID,0.19616699,-0.6298828,0.62402344,-0.6789169,LCC-FASD external-dev / cross-domain stress set,-0.6198028028011322,0.0,1.0
YOUTUBE_MBP1314_IPHONE8B_id48_s1_105.png,1,VALID,-0.4362793,0.29833984,0.10345459,-1.3350637,LCC-FASD external-dev / cross-domain stress set,-0.6198028028011322,0.0,1.0
YOUTUBE_MBP1314_IPHONE8B_id48_s1_120.png,1,VALID,-0.10638428,0.3017578,-0.23535156,-0.8683701,LCC-FASD external-dev / cross-domain stress set,-0.6198028028011322,0.0,1.0
YOUTUBE_MBP1314_IPHONE8B_id48_s1_135.png,1,VALID,-0.2956543,0.34936523,0.04837036,-1.1989515,LCC-FASD external-dev / cross-domain stress set,-0.6198028028011322,0.0,1.0
YOUTUBE_MBP1314_IPHONE8B_id48_s1_150.png,1,VALID,0.6303711,-0.40698242,0.040802002,0.09545696,LCC-FASD external-dev / cross-domain stress set,-0.6198028028011322,1.0,0.0
YOUTUBE_MBP1314_IPHONE8F_id48_s0_15.png,1,VALID,-0.8276367,1.8544922,-1.4394531,-2.718564,LCC-FASD external-dev / cross-domain stress set,-0.6198028028011322,0.0,1.0
YOUTUBE_MBP1314_IPHONE8F_id48_s0_30.png,1,VALID,-0.7241211,1.6171875,-1.1357422,-2.4031005,LCC-FASD external-dev / cross-domain stress set,-0.6198028028011322,0.0,1.0
YOUTUBE_MBP1314_IPHONE8F_id48_s0_45.png,1,VALID,-0.8046875,1.1064453,-0.4934082,-2.0950582,LCC-FASD external-dev / cross-domain stress set,-0.6198028028011322,0.0,1.0
YOUTUBE_MBP1314_IPHONE8F_id48_s0_60.png,1,VALID,-0.59716797,0.78466797,-0.34570312,-1.6616724,LCC-FASD external-dev / cross-domain stress set,-0.6198028028011322,0.0,1.0
YOUTUBE_MBP1314_IPHONE8F_id48_s0_105.png,1,VALID,-0.7397461,1.6816406,-1.1191406,-2.4803748,LCC-FASD external-dev / cross-domain stress set,-0.6198028028011322,0.0,1.0
YOUTUBE_MBP1314_IPHONE8F_id48_s0_120.png,1,VALID,-0.59277344,0.9506836,-0.5419922,-1.7462105,LCC-FASD external-dev / cross-domain stress set,-0.6198028028011322,0.0,1.0
YOUTUBE_MBP1314_IPHONE8F_id48_s0_135.png,1,VALID,-0.9404297,1.8876953,-1.3652344,-2.8660572,LCC-FASD external-dev / cross-domain stress set,-0.6198028028011322,0.0,1.0
YOUTUBE_MBP1314_IPHONE8F_id48_s0_150.png,1,VALID,0.26513672,0.4333496,-0.6616211,-0.45680666,LCC-FASD external-dev / cross-domain stress set,-0.6198028028011322,1.0,0.0
YOUTUBE_LGFIPS235VBN_SMA500F_id43_s0_17.png,1,VALID,1.8417969,-1.2050781,-0.29248047,1.7967485,LCC-FASD external-dev / cross-domain stress set,-0.6198028028011322,1.0,0.0
YOUTUBE_LGFIPS235VBN_SMA500F_id43_s0_32.png,1,VALID,1.3876953,-0.8461914,-0.23327637,1.1880411,LCC-FASD external-dev / cross-domain stress set,-0.6198028028011322,1.0,0.0
YOUTUBE_LGFIPS235VBN_SMA500F_id43_s0_49.png,1,VALID,0.84033203,-0.5810547,0.06359863,0.35484102,LCC-FASD external-dev / cross-domain stress set,-0.6198028028011322,1.0,0.0
YOUTUBE_LGFIPS235VBN_SMA500F_id43_s0_67.png,1,VALID,0.77978516,-0.59472656,0.18945312,0.21429986,LCC-FASD external-dev / cross-domain stress set,-0.6198028028011322,1.0,0.0
YOUTUBE_LGFIPS235VBN_SMA500F_id43_s0_86.png,1,VALID,1.2314453,-0.6567383,-0.24768066,0.96973586,LCC-FASD external-dev / cross-domain stress set,-0.6198028028011322,1.0,0.0
YOUTUBE_LGFIPS235VBN_SMA500F_id43_s0_150.png,1,VALID,1.5058594,-0.9995117,-0.081604004,1.2514529,LCC-FASD external-dev / cross-domain stress set,-0.6198028028011322,1.0,0.0
YOUTUBE_LGFIPS235VBN_SMA500F_id43_s0_165.png,1,VALID,0.49145508,-0.2800293,-0.08239746,-0.025353074,LCC-FASD external-dev / cross-domain stress set,-0.6198028028011322,1.0,0.0
YOUTUBE_LGFIPS235VBN_SMA500F_id43_s1_15.png,1,VALID,1.21875,0.033599854,-1.0517578,0.8941379,LCC-FASD external-dev / cross-domain stress set,-0.6198028028011322,1.0,0.0
YOUTUBE_LGFIPS235VBN_SMA500F_id43_s1_30.png,1,VALID,0.5625,0.29956055,-0.74853516,-0.037613034,LCC-FASD external-dev / cross-domain stress set,-0.6198028028011322,1.0,0.0
YOUTUBE_LGFIPS235VBN_SMA500F_id43_s1_45.png,1,VALID,1.5361328,-0.4814453,-0.765625,1.4564598,LCC-FASD external-dev / cross-domain stress set,-0.6198028028011322,1.0,0.0
YOUTUBE_LGFIPS235VBN_SMA500F_id43_s1_62.png,1,VALID,1.1943359,-0.022613525,-0.984375,0.8932592,LCC-FASD external-dev / cross-domain stress set,-0.6198028028011322,1.0,0.0
YOUTUBE_LGFIPS235VBN_SMA500F_id43_s1_77.png,1,VALID,0.23791504,0.6611328,-0.85791016,-0.62118405,LCC-FASD external-dev / cross-domain stress set,-0.6198028028011322,0.0,1.0
YOUTUBE_LGFIPS235VBN_SMA500F_id43_s1_92.png,1,VALID,0.08911133,0.4736328,-0.4897461,-0.7077647,LCC-FASD external-dev / cross-domain stress set,-0.6198028028011322,0.0,1.0
YOUTUBE_LGFIPS235VBN_SMA500F_id43_s1_107.png,1,VALID,0.56347656,0.5678711,-0.9111328,-0.20967102,LCC-FASD external-dev / cross-domain stress set,-0.6198028028011322,1.0,0.0
YOUTUBE_LGFIPS235VBN_SMA500F_id43_s1_122.png,1,VALID,0.1973877,0.6567383,-0.7158203,-0.6852565,LCC-FASD external-dev / cross-domain stress set,-0.6198028028011322,0.0,1.0
YOUTUBE_LGFIPS235VBN_SMA500F_id43_s1_137.png,1,VALID,0.3618164,0.042022705,-0.29785156,-0.21778667,LCC-FASD external-dev / cross-domain stress set,-0.6198028028011322,1.0,0.0
YOUTUBE_LGFIPS235VBN_SMA500F_id43_s1_152.png,1,VALID,0.07208252,0.67041016,-0.6542969,-0.83409584,LCC-FASD external-dev / cross-domain stress set,-0.6198028028011322,0.0,1.0
YOUTUBE_LY300_REDMIS2_id39_s1_15.png,1,VALID,0.20263672,1.0126953,-1.2910156,-0.9052665,LCC-FASD external-dev / cross-domain stress set,-0.6198028028011322,0.0,1.0
YOUTUBE_LY300_REDMIS2_id39_s1_30.png,1,VALID,0.43359375,0.12658691,-0.4116211,-0.15281606,LCC-FASD external-dev / cross-domain stress set,-0.6198028028011322,1.0,0.0
YOUTUBE_LY300_REDMIS2_id39_s1_48.png,1,VALID,0.76171875,-0.039794922,-0.6791992,0.37781146,LCC-FASD external-dev / cross-domain stress set,-0.6198028028011322,1.0,0.0
YOUTUBE_LY300_REDMIS2_id39_s1_63.png,1,VALID,1.0419922,0.27001953,-1.2490234,0.5740064,LCC-FASD external-dev / cross-domain stress set,-0.6198028028011322,1.0,0.0
YOUTUBE_LY300_REDMIS2_id39_s1_82.png,1,VALID,-1.0332031,0.98291016,-0.08935547,-2.3104472,LCC-FASD external-dev / cross-domain stress set,-0.6198028028011322,0.0,1.0
YOUTUBE_LY300_REDMIS2_id39_s1_97.png,1,VALID,1.9072266,-0.08416748,-1.5888672,1.7908365,LCC-FASD external-dev / cross-domain stress set,-0.6198028028011322,1.0,0.0
YOUTUBE_LY300_REDMIS2_id39_s1_112.png,1,VALID,1.8300781,-0.37524414,-1.1914062,1.8392044,LCC-FASD external-dev / cross-domain stress set,-0.6198028028011322,1.0,0.0
YOUTUBE_LY300_REDMIS2_id39_s1_127.png,1,VALID,1.8417969,-0.30151367,-1.3466797,1.8419967,LCC-FASD external-dev / cross-domain stress set,-0.6198028028011322,1.0,0.0
YOUTUBE_LY300_REDMIS2_id42_s0_25.png,1,VALID,0.43652344,0.37646484,-0.81689453,-0.20476496,LCC-FASD external-dev / cross-domain stress set,-0.6198028028011322,1.0,0.0
YOUTUBE_LY300_REDMIS2_id42_s0_47.png,1,VALID,0.47827148,0.26416016,-0.76416016,-0.09161234,LCC-FASD external-dev / cross-domain stress set,-0.6198028028011322,1.0,0.0
YOUTUBE_LY300_REDMIS2_id42_s0_88.png,1,VALID,1.2333984,-0.24365234,-0.9555664,1.0778022,LCC-FASD external-dev / cross-domain stress set,-0.6198028028011322,1.0,0.0
YOUTUBE_LY300_REDMIS2_id42_s0_106.png,1,VALID,1.4863281,-0.39135742,-1.1074219,1.4798013,LCC-FASD external-dev / cross-domain stress set,-0.6198028028011322,1.0,0.0
YOUTUBE_LY300_REDMIS2_id42_s0_121.png,1,VALID,1.2382812,-0.17602539,-1.0136719,1.0547265,LCC-FASD external-dev / cross-domain stress set,-0.6198028028011322,1.0,0.0
YOUTUBE_LY300_REDMIS2_id42_s0_166.png,1,VALID,1.2519531,-0.32763672,-0.8798828,1.1249185,LCC-FASD external-dev / cross-domain stress set,-0.6198028028011322,1.0,0.0
YOUTUBE_LY300_REDMIS2_id42_s0_181.png,1,VALID,0.82177734,0.32250977,-1.2304688,0.30731195,LCC-FASD external-dev / cross-domain stress set,-0.6198028028011322,1.0,0.0
YOUTUBE_LY300_REDMIS2_id42_s0_196.png,1,VALID,0.98828125,0.050720215,-0.9711914,0.6301452,LCC-FASD external-dev / cross-domain stress set,-0.6198028028011322,1.0,0.0
YOUTUBE_LY300_REDMIS2_id42_s0_213.png,1,VALID,1.1181641,0.11853027,-1.1679688,0.7557185,LCC-FASD external-dev / cross-domain stress set,-0.6198028028011322,1.0,0.0
YOUTUBE_LY300_REDMIS2_id42_s0_248.png,1,VALID,1.4921875,-0.52246094,-0.86035156,1.4762428,LCC-FASD external-dev / cross-domain stress set,-0.6198028028011322,1.0,0.0
YOUTUBE_MBP1314_IPHONE8B_id39_s0_15.png,1,VALID,1.1123047,0.05911255,-1.0605469,0.77073044,LCC-FASD external-dev / cross-domain stress set,-0.6198028028011322,1.0,0.0
YOUTUBE_MBP1314_IPHONE8B_id39_s0_30.png,1,VALID,0.60498047,0.35424805,-0.90234375,0.00026756525,LCC-FASD external-dev / cross-domain stress set,-0.6198028028011322,1.0,0.0
YOUTUBE_MBP1314_IPHONE8B_id39_s0_45.png,1,VALID,-0.5698242,0.91748047,-0.39160156,-1.7263751,LCC-FASD external-dev / cross-domain stress set,-0.6198028028011322,0.0,1.0
YOUTUBE_MBP1314_IPHONE8B_id39_s0_64.png,1,VALID,0.5073242,-0.14001465,-0.17590332,-0.028024971,LCC-FASD external-dev / cross-domain stress set,-0.6198028028011322,1.0,0.0
YOUTUBE_MBP1314_IPHONE8B_id39_s1_15.png,1,VALID,0.42285156,0.7290039,-1.0087891,-0.4681931,LCC-FASD external-dev / cross-domain stress set,-0.6198028028011322,1.0,0.0
YOUTUBE_MBP1314_IPHONE8B_id39_s1_30.png,1,VALID,0.6455078,0.38012695,-0.96777344,0.034439683,LCC-FASD external-dev / cross-domain stress set,-0.6198028028011322,1.0,0.0
YOUTUBE_MBP1314_IPHONE8B_id39_s1_45.png,1,VALID,0.53515625,0.5498047,-0.9902344,-0.20887613,LCC-FASD external-dev / cross-domain stress set,-0.6198028028011322,1.0,0.0
YOUTUBE_MBP1314_IPHONE8B_id39_s1_60.png,1,VALID,0.5864258,0.21704102,-0.65185547,0.019140542,LCC-FASD external-dev / cross-domain stress set,-0.6198028028011322,1.0,0.0
YOUTUBE_MBP1314_IPHONE8B_id39_s1_75.png,1,VALID,0.42944336,0.38476562,-0.70214844,-0.24594176,LCC-FASD external-dev / cross-domain stress set,-0.6198028028011322,1.0,0.0
YOUTUBE_MBP1314_IPHONE8B_id39_s1_90.png,1,VALID,0.5859375,0.037750244,-0.5439453,0.10417485,LCC-FASD external-dev / cross-domain stress set,-0.6198028028011322,1.0,0.0
YOUTUBE_MBP1314_IPHONE8B_id39_s1_105.png,1,VALID,1.359375,0.2208252,-1.3330078,0.94674337,LCC-FASD external-dev / cross-domain stress set,-0.6198028028011322,1.0,0.0
YOUTUBE_MBP1314_IPHONE8B_id39_s1_120.png,1,VALID,1.359375,0.20654297,-1.3769531,0.96613985,LCC-FASD external-dev / cross-domain stress set,-0.6198028028011322,1.0,0.0
YOUTUBE_MBP1314_IPHONE8B_id39_s1_135.png,1,VALID,1.0800781,0.15527344,-1.0634766,0.6658312,LCC-FASD external-dev / cross-domain stress set,-0.6198028028011322,1.0,0.0
YOUTUBE_MBP1314_IPHONE8B_id42_s0_103.png,1,VALID,0.78027344,-0.14807129,-0.50878906,0.3993792,LCC-FASD external-dev / cross-domain stress set,-0.6198028028011322,1.0,0.0
YOUTUBE_MBP1314_IPHONE8B_id42_s0_118.png,1,VALID,1.6591797,-0.56396484,-0.95751953,1.7075377,LCC-FASD external-dev / cross-domain stress set,-0.6198028028011322,1.0,0.0
YOUTUBE_MBP1314_IPHONE8B_id42_s0_133.png,1,VALID,1.7949219,-0.7524414,-0.7519531,1.853972,LCC-FASD external-dev / cross-domain stress set,-0.6198028028011322,1.0,0.0
YOUTUBE_L5001EL_IPHONE6F_id43_s1_36.png,1,VALID,-0.34692383,1.1523438,-1.0146484,-1.6076927,LCC-FASD external-dev / cross-domain stress set,-0.6198028028011322,0.0,1.0
YOUTUBE_L5001EL_IPHONE6F_id43_s1_51.png,1,VALID,0.21936035,0.6870117,-0.9111328,-0.65186405,LCC-FASD external-dev / cross-domain stress set,-0.6198028028011322,0.0,1.0
YOUTUBE_L5001EL_IPHONE6F_id43_s1_66.png,1,VALID,0.03781128,1.3652344,-1.515625,-1.3819932,LCC-FASD external-dev / cross-domain stress set,-0.6198028028011322,0.0,1.0
YOUTUBE_L5001EL_IPHONE6F_id43_s1_81.png,1,VALID,0.1104126,0.99121094,-1.1601562,-0.99084044,LCC-FASD external-dev / cross-domain stress set,-0.6198028028011322,0.0,1.0
YOUTUBE_L5001EL_IPHONE6F_id43_s1_175.png,1,VALID,0.37646484,0.86328125,-1.1816406,-0.6084943,LCC-FASD external-dev / cross-domain stress set,-0.6198028028011322,1.0,0.0
YOUTUBE_LG58020157_DOOX5MP_id39_s0_15.png,1,VALID,-1.3232422,1.3984375,-0.48486328,-2.863255,LCC-FASD external-dev / cross-domain stress set,-0.6198028028011322,0.0,1.0
YOUTUBE_LG58020157_DOOX5MP_id39_s0_30.png,1,VALID,0.060333252,0.6035156,-0.7548828,-0.77196777,LCC-FASD external-dev / cross-domain stress set,-0.6198028028011322,0.0,1.0
YOUTUBE_LG58020157_DOOX5MP_id43_s0_15.png,1,VALID,-1.5527344,1.0185547,0.13989258,-2.9186578,LCC-FASD external-dev / cross-domain stress set,-0.6198028028011322,0.0,1.0
YOUTUBE_LG58020157_DOOX5MP_id43_s0_31.png,1,VALID,-0.54833984,0.1619873,0.54296875,-1.6119998,LCC-FASD external-dev / cross-domain stress set,-0.6198028028011322,0.0,1.0
YOUTUBE_LG58020157_DOOX5MP_id43_s0_46.png,1,VALID,-0.5131836,0.3876953,0.16845703,-1.4904032,LCC-FASD external-dev / cross-domain stress set,-0.6198028028011322,0.0,1.0
YOUTUBE_LG58020157_DOOX5MP_id43_s0_67.png,1,VALID,-0.7963867,0.4091797,0.4128418,-1.9005463,LCC-FASD external-dev / cross-domain stress set,-0.6198028028011322,0.0,1.0
YOUTUBE_LG58020157_DOOX5MP_id43_s0_82.png,1,VALID,-0.9663086,0.9741211,-0.20214844,-2.2092555,LCC-FASD external-dev / cross-domain stress set,-0.6198028028011322,0.0,1.0
YOUTUBE_LG58020157_DOOX5MP_id43_s0_101.png,1,NO_VALID_FACE,,,,,LCC-FASD external-dev / cross-domain stress set,-0.6198028028011322,,
YOUTUBE_LG58020157_DOOX5MP_id43_s1_15.png,1,VALID,-0.12030029,0.4404297,-0.37939453,-0.92572653,LCC-FASD external-dev / cross-domain stress set,-0.6198028028011322,0.0,1.0
YOUTUBE_LG58020157_DOOX5MP_id43_s1_30.png,1,VALID,0.072265625,0.8691406,-0.9711914,-0.9442296,LCC-FASD external-dev / cross-domain stress set,-0.6198028028011322,0.0,1.0
YOUTUBE_LG58020157_DOOX5MP_id43_s1_45.png,1,VALID,-0.83935547,1.0302734,-0.5625,-2.054747,LCC-FASD external-dev / cross-domain stress set,-0.6198028028011322,0.0,1.0
YOUTUBE_LG58020157_DOOX5MP_id43_s1_60.png,1,VALID,-1.0195312,0.7089844,0.016983032,-2.1343627,LCC-FASD external-dev / cross-domain stress set,-0.6198028028011322,0.0,1.0
YOUTUBE_LG58020157_DOOX5MP_id43_s1_75.png,1,VALID,-0.25341797,0.52246094,-0.48291016,-1.0876989,LCC-FASD external-dev / cross-domain stress set,-0.6198028028011322,0.0,1.0
YOUTUBE_LG58020157_DOOX5MP_id48_s1_15.png,1,VALID,-1.1347656,0.32006836,0.63134766,-2.315684,LCC-FASD external-dev / cross-domain stress set,-0.6198028028011322,0.0,1.0
YOUTUBE_LG58020157_DOOX5MP_id48_s1_30.png,1,VALID,-2.0527344,0.56884766,1.3574219,-3.7848132,LCC-FASD external-dev / cross-domain stress set,-0.6198028028011322,0.0,1.0
YOUTUBE_LG58020157_DOOX5MP_id48_s1_45.png,1,VALID,-1.7685547,0.050933838,1.3574219,-3.3655992,LCC-FASD external-dev / cross-domain stress set,-0.6198028028011322,0.0,1.0
YOUTUBE_LG58020157_DOOX5MP_id48_s1_60.png,1,VALID,-1.8847656,1.3603516,0.17993164,-3.5129662,LCC-FASD external-dev / cross-domain stress set,-0.6198028028011322,0.0,1.0
YOUTUBE_LG58020157_DOOX5MP_id48_s1_75.png,1,VALID,-1.171875,0.42333984,0.6298828,-2.3969564,LCC-FASD external-dev / cross-domain stress set,-0.6198028028011322,0.0,1.0
YOUTUBE_LG58020157_DOOX5MP_id48_s1_90.png,1,VALID,-1.2773438,-0.028945923,0.97998047,-2.568193,LCC-FASD external-dev / cross-domain stress set,-0.6198028028011322,0.0,1.0
YOUTUBE_LG58020157_DOOX5MP_id48_s1_105.png,1,VALID,-1.8144531,0.9477539,0.5756836,-3.2865248,LCC-FASD external-dev / cross-domain stress set,-0.6198028028011322,0.0,1.0
YOUTUBE_LG58020157_DOOX5MP_id48_s1_120.png,1,VALID,-1.4228516,0.2578125,0.9526367,-2.7803946,LCC-FASD external-dev / cross-domain stress set,-0.6198028028011322,0.0,1.0
YOUTUBE_LG58020157_DOOX5MP_id48_s1_136.png,1,VALID,-1.5478516,0.48168945,0.9560547,-2.9877386,LCC-FASD external-dev / cross-domain stress set,-0.6198028028011322,0.0,1.0
YOUTUBE_LG58020157_LP770_id42_s0_15.png,1,VALID,0.43530273,-0.60791016,0.32495117,-0.22141421,LCC-FASD external-dev / cross-domain stress set,-0.6198028028011322,1.0,0.0
YOUTUBE_LG58020157_LP770_id42_s0_30.png,1,VALID,0.85546875,-0.609375,-0.042114258,0.4483711,LCC-FASD external-dev / cross-domain stress set,-0.6198028028011322,1.0,0.0
YOUTUBE_LG58020157_LP770_id42_s0_45.png,1,VALID,0.6381836,-0.45629883,-0.0637207,0.1859039,LCC-FASD external-dev / cross-domain stress set,-0.6198028028011322,1.0,0.0
YOUTUBE_LG58020157_LP770_id42_s0_60.png,1,VALID,0.7368164,-0.69628906,0.1149292,0.2542511,LCC-FASD external-dev / cross-domain stress set,-0.6198028028011322,1.0,0.0
YOUTUBE_LG58020157_LP770_id42_s0_75.png,1,VALID,0.4050293,-0.6455078,0.46191406,-0.34237176,LCC-FASD external-dev / cross-domain stress set,-0.6198028028011322,1.0,0.0
YOUTUBE_LG58020157_LP770_id42_s0_90.png,1,VALID,1.1875,-0.7426758,-0.25048828,0.9609546,LCC-FASD external-dev / cross-domain stress set,-0.6198028028011322,1.0,0.0
YOUTUBE_LGFE2240_SDGTS6102_id43_s0_36.png,1,VALID,-0.68115234,0.09918213,0.77734375,-1.8689815,LCC-FASD external-dev / cross-domain stress set,-0.6198028028011322,0.0,1.0
YOUTUBE_LGFE2240_SDGTS6102_id43_s0_95.png,1,VALID,0.29663086,-0.46264648,0.50097656,-0.52752143,LCC-FASD external-dev / cross-domain stress set,-0.6198028028011322,1.0,0.0
YOUTUBE_LGFE2240_SDGTS6102_id43_s0_124.png,1,VALID,-0.27490234,0.26733398,0.12792969,-1.1681086,LCC-FASD external-dev / cross-domain stress set,-0.6198028028011322,0.0,1.0
YOUTUBE_LGFE2240_SDGTS6102_id48_s1_15.png,1,VALID,-0.33642578,0.07873535,0.24133301,-1.1929083,LCC-FASD external-dev / cross-domain stress set,-0.6198028028011322,0.0,1.0
YOUTUBE_LGFE2240_SDGTS6102_id48_s1_32.png,1,VALID,-0.85839844,-0.5058594,1.4814453,-2.4682937,LCC-FASD external-dev / cross-domain stress set,-0.6198028028011322,0.0,1.0
YOUTUBE_LGFE2240_SDGTS6102_id48_s1_47.png,1,VALID,-0.7841797,0.5073242,0.24060059,-1.8601557,LCC-FASD external-dev / cross-domain stress set,-0.6198028028011322,0.0,1.0
YOUTUBE_LGFE2240_SDGTS6102_id48_s1_62.png,1,VALID,0.23071289,0.13781738,-0.47338867,-0.34063601,LCC-FASD external-dev / cross-domain stress set,-0.6198028028011322,1.0,0.0
YOUTUBE_LGFE2240_SDGTS6102_id48_s1_77.png,1,VALID,0.9145508,-0.4699707,-0.34301758,0.6258845,LCC-FASD external-dev / cross-domain stress set,-0.6198028028011322,1.0,0.0
YOUTUBE_LGFE2240_SDGTS6102_id48_s1_93.png,1,VALID,-0.17797852,0.029174805,0.014862061,-0.8931697,LCC-FASD external-dev / cross-domain stress set,-0.6198028028011322,0.0,1.0
YOUTUBE_LGFE2240_SDGTS6102_id48_s1_108.png,1,VALID,0.41870117,-0.3947754,-0.046203613,-0.069068015,LCC-FASD external-dev / cross-domain stress set,-0.6198028028011322,1.0,0.0
YOUTUBE_LGFE2240_SDGTS6102_id48_s1_124.png,1,VALID,-0.9213867,0.6274414,0.21191406,-2.0556412,LCC-FASD external-dev / cross-domain stress set,-0.6198028028011322,0.0,1.0
YOUTUBE_LGFE2240_SDGTS6102_id48_s1_140.png,1,VALID,0.42822266,-0.3371582,-0.1505127,-0.025437355,LCC-FASD external-dev / cross-domain stress set,-0.6198028028011322,1.0,0.0
YOUTUBE_LGFE2240_SDGTS6102_id48_s1_155.png,1,VALID,-0.8676758,0.4477539,0.19763184,-1.8913157,LCC-FASD external-dev / cross-domain stress set,-0.6198028028011322,0.0,1.0
YOUTUBE_LGFIPS235VBN_SMA500F_id39_s0_15.png,1,VALID,0.80322266,0.14501953,-0.8105469,0.33279604,LCC-FASD external-dev / cross-domain stress set,-0.6198028028011322,1.0,0.0
YOUTUBE_LGFIPS235VBN_SMA500F_id39_s0_31.png,1,VALID,0.80615234,-0.12695312,-0.54541016,0.42745638,LCC-FASD external-dev / cross-domain stress set,-0.6198028028011322,1.0,0.0
YOUTUBE_LGFIPS235VBN_SMA500F_id39_s0_46.png,1,VALID,-0.65478516,1.0761719,-0.45751953,-1.9263082,LCC-FASD external-dev / cross-domain stress set,-0.6198028028011322,0.0,1.0
YOUTUBE_LGFIPS235VBN_SMA500F_id43_s0_101.png,1,VALID,2.34375,-1.4794922,-0.58984375,2.5894368,LCC-FASD external-dev / cross-domain stress set,-0.6198028028011322,1.0,0.0
YOUTUBE_LGFIPS235VBN_SMA500F_id43_s0_116.png,1,VALID,0.42114258,-0.6386719,0.2175293,-0.15039897,LCC-FASD external-dev / cross-domain stress set,-0.6198028028011322,1.0,0.0
YOUTUBE_LGFIPS235VBN_SMA500F_id43_s0_131.png,1,VALID,1.2509766,-0.99365234,0.16259766,0.8147979,LCC-FASD external-dev / cross-domain stress set,-0.6198028028011322,1.0,0.0
YOUTUBE_IIYAMAXU_ZE520KL_id43_s0_36.png,1,VALID,0.039367676,-0.4350586,0.5571289,-0.83313,LCC-FASD external-dev / cross-domain stress set,-0.6198028028011322,0.0,1.0
YOUTUBE_IIYAMAXU_ZE520KL_id43_s0_52.png,1,VALID,-0.19226074,-0.23400879,0.60595703,-1.1570979,LCC-FASD external-dev / cross-domain stress set,-0.6198028028011322,0.0,1.0
YOUTUBE_IIYAMAXU_ZE520KL_id43_s0_133.png,1,VALID,0.8276367,-1.0771484,0.6088867,0.04879415,LCC-FASD external-dev / cross-domain stress set,-0.6198028028011322,1.0,0.0
YOUTUBE_IIYAMAXU_ZE520KL_id43_s0_158.png,1,VALID,0.72753906,-0.90966797,0.5029297,0.0066714287,LCC-FASD external-dev / cross-domain stress set,-0.6198028028011322,1.0,0.0
YOUTUBE_IIYAMAXU_ZE520KL_id43_s0_173.png,1,VALID,1.1630859,-1.0429688,0.17492676,0.7289907,LCC-FASD external-dev / cross-domain stress set,-0.6198028028011322,1.0,0.0
YOUTUBE_IIYAMAXU_ZE520KL_id43_s0_193.png,1,VALID,-0.34228516,-0.020401001,0.3605957,-1.2235658,LCC-FASD external-dev / cross-domain stress set,-0.6198028028011322,0.0,1.0
YOUTUBE_IIYAMAXU_ZE520KL_id43_s0_214.png,1,VALID,-0.45336914,-0.091308594,0.5541992,-1.4291668,LCC-FASD external-dev / cross-domain stress set,-0.6198028028011322,0.0,1.0
YOUTUBE_IIYAMAXU_ZE520KL_id43_s1_17.png,1,VALID,1.4150391,-0.67041016,-0.5390625,1.3244733,LCC-FASD external-dev / cross-domain stress set,-0.6198028028011322,1.0,0.0
YOUTUBE_IIYAMAXU_ZE520KL_id43_s1_34.png,1,VALID,1.6513672,-0.30297852,-1.21875,1.6177251,LCC-FASD external-dev / cross-domain stress set,-0.6198028028011322,1.0,0.0
YOUTUBE_IIYAMAXU_ZE520KL_id43_s1_72.png,1,VALID,0.96728516,-0.25,-0.54833984,0.6622231,LCC-FASD external-dev / cross-domain stress set,-0.6198028028011322,1.0,0.0
YOUTUBE_IIYAMAXU_ZE520KL_id43_s1_87.png,1,VALID,0.1430664,0.2836914,-0.34423828,-0.56830525,LCC-FASD external-dev / cross-domain stress set,-0.6198028028011322,1.0,0.0
YOUTUBE_IIYAMAXU_ZE520KL_id43_s1_114.png,1,VALID,0.40722656,-0.16882324,-0.13989258,-0.13166732,LCC-FASD external-dev / cross-domain stress set,-0.6198028028011322,1.0,0.0
YOUTUBE_IIYAMAXU_ZE520KL_id43_s1_129.png,1,VALID,0.5649414,0.40454102,-0.7338867,-0.11747545,LCC-FASD external-dev / cross-domain stress set,-0.6198028028011322,1.0,0.0
YOUTUBE_IIYAMAXU_ZE520KL_id43_s1_144.png,1,VALID,0.8144531,0.025054932,-0.4892578,0.32070082,LCC-FASD external-dev / cross-domain stress set,-0.6198028028011322,1.0,0.0
YOUTUBE_IIYAMAXU_ZE520KL_id43_s1_159.png,1,VALID,0.55029297,-0.37524414,-0.03793335,0.049579144,LCC-FASD external-dev / cross-domain stress set,-0.6198028028011322,1.0,0.0
YOUTUBE_IIYAMAXU_ZE520KL_id48_s1_15.png,1,VALID,-0.52685547,0.3486328,-0.07312012,-1.3798306,LCC-FASD external-dev / cross-domain stress set,-0.6198028028011322,0.0,1.0
YOUTUBE_IIYAMAXU_ZE520KL_id48_s1_30.png,1,VALID,0.2232666,-0.70947266,0.51416016,-0.5487551,LCC-FASD external-dev / cross-domain stress set,-0.6198028028011322,1.0,0.0
YOUTUBE_IIYAMAXU_ZE520KL_id48_s1_45.png,1,VALID,0.15844727,-0.44702148,0.46069336,-0.6411761,LCC-FASD external-dev / cross-domain stress set,-0.6198028028011322,0.0,1.0
YOUTUBE_IIYAMAXU_ZE520KL_id48_s1_60.png,1,VALID,-0.46923828,0.18359375,0.29833984,-1.4049971,LCC-FASD external-dev / cross-domain stress set,-0.6198028028011322,0.0,1.0
YOUTUBE_IIYAMAXU_ZE520KL_id48_s1_75.png,1,VALID,0.022399902,-0.2841797,0.25146484,-0.68983346,LCC-FASD external-dev / cross-domain stress set,-0.6198028028011322,0.0,1.0
YOUTUBE_IIYAMAXU_ZE520KL_id48_s1_95.png,1,VALID,0.03677368,-0.6010742,0.65625,-0.86977893,LCC-FASD external-dev / cross-domain stress set,-0.6198028028011322,0.0,1.0
YOUTUBE_IIYAMAXU_ZE520KL_id48_s1_110.png,1,VALID,-0.3125,0.14233398,0.15344238,-1.1535509,LCC-FASD external-dev / cross-domain stress set,-0.6198028028011322,0.0,1.0
YOUTUBE_IIYAMAXU_ZE520KL_id48_s1_125.png,1,VALID,-1.2626953,1.2373047,-0.24499512,-2.7046657,LCC-FASD external-dev / cross-domain stress set,-0.6198028028011322,0.0,1.0
YOUTUBE_IIYAMAXU_ZE520KL_id48_s1_140.png,1,VALID,0.21777344,-0.080566406,-0.06555176,-0.40234286,LCC-FASD external-dev / cross-domain stress set,-0.6198028028011322,1.0,0.0
YOUTUBE_IIYAMAXU_ZE520KL_id48_s1_155.png,1,VALID,1.5029297,-0.78515625,-0.44311523,1.4093649,LCC-FASD external-dev / cross-domain stress set,-0.6198028028011322,1.0,0.0
YOUTUBE_L1752S_SGS4M_id48_s0_15.png,1,VALID,-0.17370605,0.7084961,-0.6010742,-1.1211687,LCC-FASD external-dev / cross-domain stress set,-0.6198028028011322,0.0,1.0
YOUTUBE_L1752S_SGS4M_id48_s0_30.png,1,VALID,-0.36499023,0.38745117,-0.05697632,-1.2478638,LCC-FASD external-dev / cross-domain stress set,-0.6198028028011322,0.0,1.0
YOUTUBE_L1752S_SGS4M_id48_s0_45.png,1,VALID,-0.74853516,-0.101379395,0.90625,-1.9660008,LCC-FASD external-dev / cross-domain stress set,-0.6198028028011322,0.0,1.0
YOUTUBE_L1752S_SGS4M_id48_s0_60.png,1,VALID,-0.54785156,-0.10357666,0.76416016,-1.6625987,LCC-FASD external-dev / cross-domain stress set,-0.6198028028011322,0.0,1.0
YOUTUBE_L1752S_SGS4M_id48_s0_75.png,1,VALID,-0.3466797,-0.36669922,0.9038086,-1.4978865,LCC-FASD external-dev / cross-domain stress set,-0.6198028028011322,0.0,1.0
YOUTUBE_L1752S_SGS4M_id48_s0_90.png,1,VALID,-0.20202637,-0.033843994,0.35375977,-1.0737946,LCC-FASD external-dev / cross-domain stress set,-0.6198028028011322,0.0,1.0
YOUTUBE_L1752S_SGS4M_id48_s0_105.png,1,VALID,-0.28833008,0.013114929,0.36572266,-1.1863577,LCC-FASD external-dev / cross-domain stress set,-0.6198028028011322,0.0,1.0
YOUTUBE_L1752S_SGS4M_id48_s0_120.png,1,VALID,0.16809082,0.016418457,-0.011077881,-0.5278211,LCC-FASD external-dev / cross-domain stress set,-0.6198028028011322,1.0,0.0
YOUTUBE_L1752S_SGS4M_id48_s0_135.png,1,VALID,-0.15808105,0.4182129,-0.13659668,-1.0300294,LCC-FASD external-dev / cross-domain stress set,-0.6198028028011322,0.0,1.0
YOUTUBE_L1752S_SGS4M_id48_s0_150.png,1,VALID,-0.07543945,0.24023438,-0.057037354,-0.8711911,LCC-FASD external-dev / cross-domain stress set,-0.6198028028011322,0.0,1.0
YOUTUBE_L5001EL_IPHONE6F_id43_s0_15.png,1,VALID,0.328125,-0.11199951,-0.06008911,-0.2793147,LCC-FASD external-dev / cross-domain stress set,-0.6198028028011322,1.0,0.0
YOUTUBE_L5001EL_IPHONE6F_id43_s0_30.png,1,VALID,0.25390625,0.1640625,-0.30688477,-0.39530122,LCC-FASD external-dev / cross-domain stress set,-0.6198028028011322,1.0,0.0
YOUTUBE_L5001EL_IPHONE6F_id43_s0_48.png,1,VALID,-0.81591797,0.5498047,0.3359375,-1.9576428,LCC-FASD external-dev / cross-domain stress set,-0.6198028028011322,0.0,1.0
YOUTUBE_L5001EL_IPHONE6F_id43_s0_66.png,1,VALID,0.5083008,-0.24865723,0.043762207,-0.093049705,LCC-FASD external-dev / cross-domain stress set,-0.6198028028011322,1.0,0.0
YOUTUBE_L5001EL_IPHONE6F_id43_s0_82.png,1,VALID,0.12036133,-0.09552002,0.19921875,-0.6354551,LCC-FASD external-dev / cross-domain stress set,-0.6198028028011322,0.0,1.0
YOUTUBE_L5001EL_IPHONE6F_id43_s0_98.png,1,VALID,0.39111328,-0.3100586,0.14904785,-0.24764764,LCC-FASD external-dev / cross-domain stress set,-0.6198028028011322,1.0,0.0
YOUTUBE_L5001EL_IPHONE6F_id43_s0_121.png,1,VALID,-0.9873047,0.47021484,0.59765625,-2.2164161,LCC-FASD external-dev / cross-domain stress set,-0.6198028028011322,0.0,1.0
YOUTUBE_L5001EL_IPHONE6F_id43_s0_136.png,1,VALID,-0.890625,0.67578125,0.28881836,-2.084674,LCC-FASD external-dev / cross-domain stress set,-0.6198028028011322,0.0,1.0
YOUTUBE_L5001EL_IPHONE6F_id43_s0_151.png,1,VALID,-0.08087158,0.06542969,0.22558594,-0.92272943,LCC-FASD external-dev / cross-domain stress set,-0.6198028028011322,0.0,1.0
YOUTUBE_L5001EL_IPHONE6F_id43_s0_166.png,1,VALID,0.07055664,0.20532227,-0.12219238,-0.6775042,LCC-FASD external-dev / cross-domain stress set,-0.6198028028011322,0.0,1.0
YOUTUBE_L5001EL_IPHONE6F_id43_s1_15.png,1,VALID,-0.23706055,1.4082031,-1.3320312,-1.7078207,LCC-FASD external-dev / cross-domain stress set,-0.6198028028011322,0.0,1.0
YOUTUBE_L5001EL_IPHONE6F_id43_s1_104.png,1,VALID,-0.36206055,1.4716797,-1.1347656,-1.9049406,LCC-FASD external-dev / cross-domain stress set,-0.6198028028011322,0.0,1.0
YOUTUBE_L5001EL_IPHONE6F_id43_s1_119.png,1,VALID,0.5078125,0.95214844,-1.2978516,-0.54454255,LCC-FASD external-dev / cross-domain stress set,-0.6198028028011322,1.0,0.0
YOUTUBE_L5001EL_IPHONE6F_id43_s1_134.png,1,VALID,-0.35180664,0.9692383,-0.5678711,-1.5157905,LCC-FASD external-dev / cross-domain stress set,-0.6198028028011322,0.0,1.0
YOUTUBE_L5001EL_IPHONE6F_id43_s1_149.png,1,VALID,0.34545898,1.2646484,-1.7128906,-0.9688535,LCC-FASD external-dev / cross-domain stress set,-0.6198028028011322,0.0,1.0
YOUTUBE_IIYAMAXU_SMG955U_S0_id48_s1_30.png,1,VALID,-2.0351562,1.4697266,0.17871094,-3.7478223,LCC-FASD external-dev / cross-domain stress set,-0.6198028028011322,0.0,1.0
YOUTUBE_IIYAMAXU_SMG955U_S0_id48_s1_45.png,1,VALID,-1.9755859,1.5009766,0.06329346,-3.6896374,LCC-FASD external-dev / cross-domain stress set,-0.6198028028011322,0.0,1.0
YOUTUBE_IIYAMAXU_SMG955U_S0_id48_s1_60.png,1,VALID,-2.0253906,1.8984375,-0.33544922,-4.0255823,LCC-FASD external-dev / cross-domain stress set,-0.6198028028011322,0.0,1.0
YOUTUBE_IIYAMAXU_SMG955U_S0_id48_s1_77.png,1,VALID,-2.6796875,1.4658203,0.4572754,-4.4564786,LCC-FASD external-dev / cross-domain stress set,-0.6198028028011322,0.0,1.0
YOUTUBE_IIYAMAXU_SMG955U_S0_id48_s1_92.png,1,VALID,-2.2363281,1.8222656,-0.10992432,-4.1938505,LCC-FASD external-dev / cross-domain stress set,-0.6198028028011322,0.0,1.0
YOUTUBE_IIYAMAXU_SMG955U_S1_id48_s0_15.png,1,VALID,-1.7666016,2.9804688,-1.8652344,-4.754902,LCC-FASD external-dev / cross-domain stress set,-0.6198028028011322,0.0,1.0
YOUTUBE_IIYAMAXU_SMG955U_S1_id48_s0_30.png,1,VALID,-1.2861328,2.2011719,-1.2939453,-3.5171986,LCC-FASD external-dev / cross-domain stress set,-0.6198028028011322,0.0,1.0
YOUTUBE_IIYAMAXU_SMG955U_S1_id48_s0_45.png,1,VALID,-0.23547363,1.2089844,-1.1826172,-1.5319953,LCC-FASD external-dev / cross-domain stress set,-0.6198028028011322,0.0,1.0
YOUTUBE_IIYAMAXU_SMG955U_S1_id48_s0_60.png,1,VALID,-0.67822266,1.4609375,-0.9941406,-2.221529,LCC-FASD external-dev / cross-domain stress set,-0.6198028028011322,0.0,1.0
YOUTUBE_IIYAMAXU_SMG955U_S1_id48_s0_75.png,1,VALID,-0.1373291,1.6269531,-1.5341797,-1.8057866,LCC-FASD external-dev / cross-domain stress set,-0.6198028028011322,0.0,1.0
YOUTUBE_IIYAMAXU_SMG955U_S1_id48_s0_90.png,1,VALID,-0.7792969,1.8916016,-1.2626953,-2.7126815,LCC-FASD external-dev / cross-domain stress set,-0.6198028028011322,0.0,1.0
YOUTUBE_IIYAMAXU_SMG955U_S1_id48_s0_105.png,1,VALID,-0.44458008,1.7792969,-1.4912109,-2.2611604,LCC-FASD external-dev / cross-domain stress set,-0.6198028028011322,0.0,1.0
YOUTUBE_IIYAMAXU_SMG955U_S1_id48_s0_120.png,1,VALID,-0.45581055,2.25,-2.0351562,-2.719488,LCC-FASD external-dev / cross-domain stress set,-0.6198028028011322,0.0,1.0
YOUTUBE_IIYAMAXU_SMG955U_S1_id48_s0_135.png,1,VALID,-0.38745117,2.0703125,-1.7705078,-2.4790123,LCC-FASD external-dev / cross-domain stress set,-0.6198028028011322,0.0,1.0
YOUTUBE_IIYAMAXU_SMG955U_S1_id48_s0_150.png,1,VALID,-0.2512207,1.8173828,-1.7783203,-2.095675,LCC-FASD external-dev / cross-domain stress set,-0.6198028028011322,0.0,1.0
YOUTUBE_IIYAMAXU_SMG955U_S1_id48_s1_15.png,1,VALID,0.014823914,-0.34326172,0.4111328,-0.78177214,LCC-FASD external-dev / cross-domain stress set,-0.6198028028011322,0.0,1.0
YOUTUBE_IIYAMAXU_SMG955U_S1_id48_s1_30.png,1,VALID,-0.8354492,1.2792969,-0.7006836,-2.2440815,LCC-FASD external-dev / cross-domain stress set,-0.6198028028011322,0.0,1.0
YOUTUBE_IIYAMAXU_SMG955U_S1_id48_s1_45.png,1,VALID,-1.4863281,1.4570312,-0.29077148,-3.103909,LCC-FASD external-dev / cross-domain stress set,-0.6198028028011322,0.0,1.0
YOUTUBE_IIYAMAXU_SMG955U_S1_id48_s1_60.png,1,VALID,-1.7441406,2.1972656,-0.87402344,-3.986725,LCC-FASD external-dev / cross-domain stress set,-0.6198028028011322,0.0,1.0
YOUTUBE_IIYAMAXU_SMG955U_S1_id48_s1_75.png,1,VALID,-1.2695312,0.46289062,0.54785156,-2.4689515,LCC-FASD external-dev / cross-domain stress set,-0.6198028028011322,0.0,1.0
YOUTUBE_IIYAMAXU_SMG955U_S1_id48_s1_90.png,1,VALID,-1.7119141,0.69628906,0.8491211,-3.1806831,LCC-FASD external-dev / cross-domain stress set,-0.6198028028011322,0.0,1.0
YOUTUBE_IIYAMAXU_SMG955U_S1_id48_s1_105.png,1,VALID,-2.5917969,2.4609375,-0.55859375,-5.100404,LCC-FASD external-dev / cross-domain stress set,-0.6198028028011322,0.0,1.0
YOUTUBE_IIYAMAXU_SMG955U_S1_id48_s1_120.png,1,VALID,-1.4130859,1.2597656,-0.05215454,-2.9113193,LCC-FASD external-dev / cross-domain stress set,-0.6198028028011322,0.0,1.0
YOUTUBE_IIYAMAXU_SMG955U_S1_id48_s1_135.png,1,VALID,-0.7988281,0.8666992,-0.10662842,-1.9860326,LCC-FASD external-dev / cross-domain stress set,-0.6198028028011322,0.0,1.0
YOUTUBE_IIYAMAXU_SMG955U_S1_id48_s1_150.png,1,VALID,-1.2949219,1.7255859,-0.8276367,-3.095458,LCC-FASD external-dev / cross-domain stress set,-0.6198028028011322,0.0,1.0
YOUTUBE_IIYAMAXU_SMJ710FN_id29_s0_15.png,1,VALID,-1.2177734,1.4453125,-0.4104004,-2.808347,LCC-FASD external-dev / cross-domain stress set,-0.6198028028011322,0.0,1.0
YOUTUBE_IIYAMAXU_SMJ710FN_id29_s0_30.png,1,VALID,-1.2822266,1.9326172,-0.88964844,-3.2726135,LCC-FASD external-dev / cross-domain stress set,-0.6198028028011322,0.0,1.0
YOUTUBE_IIYAMAXU_SMJ710FN_id29_s0_45.png,1,VALID,-1.4824219,1.5878906,-0.31103516,-3.209839,LCC-FASD external-dev / cross-domain stress set,-0.6198028028011322,0.0,1.0
YOUTUBE_IIYAMAXU_SMJ710FN_id29_s0_60.png,1,VALID,-1.3310547,1.8789062,-0.81689453,-3.2752695,LCC-FASD external-dev / cross-domain stress set,-0.6198028028011322,0.0,1.0
YOUTUBE_IIYAMAXU_SMJ710FN_id29_s0_75.png,1,VALID,-1.2099609,1.8564453,-0.84472656,-3.131376,LCC-FASD external-dev / cross-domain stress set,-0.6198028028011322,0.0,1.0
YOUTUBE_IIYAMAXU_SMJ710FN_id29_s0_90.png,1,VALID,-1.125,1.4121094,-0.5175781,-2.672683,LCC-FASD external-dev / cross-domain stress set,-0.6198028028011322,0.0,1.0
YOUTUBE_IIYAMAXU_SMJ710FN_id29_s0_105.png,1,VALID,-1.0820312,1.2666016,-0.2401123,-2.5488248,LCC-FASD external-dev / cross-domain stress set,-0.6198028028011322,0.0,1.0
YOUTUBE_IIYAMAXU_SMJ710FN_id29_s0_120.png,1,VALID,-0.89990234,1.4257812,-0.6567383,-2.443125,LCC-FASD external-dev / cross-domain stress set,-0.6198028028011322,0.0,1.0
YOUTUBE_IIYAMAXU_SMJ710FN_id29_s0_135.png,1,VALID,-0.8413086,1.2910156,-0.515625,-2.2843626,LCC-FASD external-dev / cross-domain stress set,-0.6198028028011322,0.0,1.0
YOUTUBE_IIYAMAXU_ZE520KL_id39_s0_16.png,1,VALID,0.7944336,-0.35620117,-0.07745361,0.30843258,LCC-FASD external-dev / cross-domain stress set,-0.6198028028011322,1.0,0.0
YOUTUBE_IIYAMAXU_ZE520KL_id39_s0_36.png,1,VALID,-0.29638672,0.765625,-0.39941406,-1.3334962,LCC-FASD external-dev / cross-domain stress set,-0.6198028028011322,0.0,1.0
YOUTUBE_IIYAMAXU_ZE520KL_id39_s0_51.png,1,VALID,-1.0527344,1.21875,-0.44458008,-2.445023,LCC-FASD external-dev / cross-domain stress set,-0.6198028028011322,0.0,1.0
YOUTUBE_IIYAMAXU_ZE520KL_id39_s0_81.png,1,VALID,-0.22363281,0.4482422,-0.1315918,-1.1165552,LCC-FASD external-dev / cross-domain stress set,-0.6198028028011322,0.0,1.0
YOUTUBE_IIYAMAXU_ZE520KL_id39_s0_213.png,1,VALID,-1.0136719,0.4152832,0.6533203,-2.2481868,LCC-FASD external-dev / cross-domain stress set,-0.6198028028011322,0.0,1.0
YOUTUBE_IIYAMAXU_ZE520KL_id39_s0_311.png,1,VALID,-0.45654297,-0.24645996,0.95410156,-1.6737971,LCC-FASD external-dev / cross-domain stress set,-0.6198028028011322,0.0,1.0
YOUTUBE_IIYAMAXU_ZE520KL_id39_s0_334.png,1,VALID,0.94628906,-1.2539062,0.8666992,-0.033702254,LCC-FASD external-dev / cross-domain stress set,-0.6198028028011322,1.0,0.0
YOUTUBE_IIYAMAXU_ZE520KL_id39_s0_367.png,1,VALID,1.46875,-0.671875,-0.4807129,1.3473358,LCC-FASD external-dev / cross-domain stress set,-0.6198028028011322,1.0,0.0
YOUTUBE_IIYAMAXU_ZE520KL_id43_s0_109.png,1,VALID,0.38720703,-0.5913086,0.38427734,-0.31695676,LCC-FASD external-dev / cross-domain stress set,-0.6198028028011322,1.0,0.0
YOUTUBE_IIYAMAXU_SMG955U_S0_id39_s0_32.png,1,VALID,-0.7402344,2.1660156,-1.6025391,-2.9290729,LCC-FASD external-dev / cross-domain stress set,-0.6198028028011322,0.0,1.0
YOUTUBE_IIYAMAXU_SMG955U_S0_id43_s0_23.png,1,VALID,-0.5136719,0.36669922,0.07220459,-1.437073,LCC-FASD external-dev / cross-domain stress set,-0.6198028028011322,0.0,1.0
YOUTUBE_IIYAMAXU_SMG955U_S0_id43_s0_45.png,1,VALID,-1.0273438,1.2275391,-0.46142578,-2.4243813,LCC-FASD external-dev / cross-domain stress set,-0.6198028028011322,0.0,1.0
YOUTUBE_IIYAMAXU_SMG955U_S0_id43_s0_101.png,1,VALID,-0.44506836,0.76171875,-0.46875,-1.463099,LCC-FASD external-dev / cross-domain stress set,-0.6198028028011322,0.0,1.0
YOUTUBE_IIYAMAXU_SMG955U_S0_id43_s0_116.png,1,VALID,-1.7089844,1.0566406,0.22949219,-3.1283875,LCC-FASD external-dev / cross-domain stress set,-0.6198028028011322,0.0,1.0
YOUTUBE_IIYAMAXU_SMG955U_S0_id43_s0_131.png,1,VALID,-1.4179688,0.6303711,0.53125,-2.693154,LCC-FASD external-dev / cross-domain stress set,-0.6198028028011322,0.0,1.0
YOUTUBE_IIYAMAXU_SMG955U_S0_id43_s0_146.png,1,VALID,-0.7885742,0.5957031,0.081970215,-1.8531917,LCC-FASD external-dev / cross-domain stress set,-0.6198028028011322,0.0,1.0
YOUTUBE_IIYAMAXU_SMG955U_S0_id43_s0_161.png,1,VALID,-1.1123047,1.4853516,-0.7109375,-2.7031102,LCC-FASD external-dev / cross-domain stress set,-0.6198028028011322,0.0,1.0
YOUTUBE_IIYAMAXU_SMG955U_S0_id43_s0_187.png,1,VALID,-0.8276367,1.3388672,-0.7207031,-2.2865145,LCC-FASD external-dev / cross-domain stress set,-0.6198028028011322,0.0,1.0
YOUTUBE_IIYAMAXU_SMG955U_S0_id43_s0_204.png,1,VALID,-0.9326172,1.3212891,-0.55322266,-2.3966463,LCC-FASD external-dev / cross-domain stress set,-0.6198028028011322,0.0,1.0
YOUTUBE_IIYAMAXU_SMG955U_S0_id43_s1_16.png,1,VALID,-1.6689453,1.4355469,-0.23022461,-3.2776423,LCC-FASD external-dev / cross-domain stress set,-0.6198028028011322,0.0,1.0
YOUTUBE_IIYAMAXU_SMG955U_S0_id43_s1_44.png,1,VALID,-0.8071289,1.5664062,-1.1376953,-2.4383209,LCC-FASD external-dev / cross-domain stress set,-0.6198028028011322,0.0,1.0
YOUTUBE_IIYAMAXU_SMG955U_S0_id43_s1_59.png,1,VALID,-0.72509766,1.2431641,-0.7739258,-2.0931678,LCC-FASD external-dev / cross-domain stress set,-0.6198028028011322,0.0,1.0
YOUTUBE_IIYAMAXU_SMG955U_S0_id43_s1_74.png,1,VALID,-0.8959961,1.4179688,-0.73046875,-2.4243126,LCC-FASD external-dev / cross-domain stress set,-0.6198028028011322,0.0,1.0
YOUTUBE_IIYAMAXU_SMG955U_S0_id43_s1_98.png,1,VALID,-0.8569336,1.2412109,-0.4494629,-2.267377,LCC-FASD external-dev / cross-domain stress set,-0.6198028028011322,0.0,1.0
YOUTUBE_IIYAMAXU_SMG955U_S0_id43_s1_113.png,1,VALID,-0.63134766,1.2441406,-0.6489258,-2.01578,LCC-FASD external-dev / cross-domain stress set,-0.6198028028011322,0.0,1.0
YOUTUBE_IIYAMAXU_SMG955U_S0_id43_s1_129.png,1,VALID,-1.2558594,1.6992188,-0.76708984,-3.0365639,LCC-FASD external-dev / cross-domain stress set,-0.6198028028011322,0.0,1.0
YOUTUBE_IIYAMAXU_SMG955U_S0_id43_s1_144.png,1,VALID,-1.125,1.5429688,-0.54052734,-2.7853022,LCC-FASD external-dev / cross-domain stress set,-0.6198028028011322,0.0,1.0
YOUTUBE_IIYAMAXU_SMG955U_S0_id48_s0_15.png,1,VALID,-1.625,2.5390625,-1.3544922,-4.184231,LCC-FASD external-dev / cross-domain stress set,-0.6198028028011322,0.0,1.0
YOUTUBE_IIYAMAXU_SMG955U_S0_id48_s0_30.png,1,VALID,-1.7470703,2.8359375,-1.5253906,-4.595689,LCC-FASD external-dev / cross-domain stress set,-0.6198028028011322,0.0,1.0
YOUTUBE_IIYAMAXU_SMG955U_S0_id48_s0_45.png,1,VALID,-1.53125,2.3105469,-1.046875,-3.8760293,LCC-FASD external-dev / cross-domain stress set,-0.6198028028011322,0.0,1.0
YOUTUBE_IIYAMAXU_SMG955U_S0_id48_s0_60.png,1,VALID,-1.3056641,2.2070312,-1.1660156,-3.5464058,LCC-FASD external-dev / cross-domain stress set,-0.6198028028011322,0.0,1.0
YOUTUBE_IIYAMAXU_SMG955U_S0_id48_s0_75.png,1,VALID,-1.0527344,1.9658203,-1.0224609,-3.0677009,LCC-FASD external-dev / cross-domain stress set,-0.6198028028011322,0.0,1.0
YOUTUBE_IIYAMAXU_SMG955U_S0_id48_s0_90.png,1,VALID,-1.2255859,2.2460938,-1.3408203,-3.498987,LCC-FASD external-dev / cross-domain stress set,-0.6198028028011322,0.0,1.0
YOUTUBE_IIYAMAXU_SMG955U_S0_id48_s0_105.png,1,VALID,-1.234375,2.4140625,-1.4404297,-3.6694005,LCC-FASD external-dev / cross-domain stress set,-0.6198028028011322,0.0,1.0
YOUTUBE_IIYAMAXU_SMG955U_S0_id48_s0_120.png,1,VALID,-0.9370117,2.3945312,-1.7832031,-3.3467598,LCC-FASD external-dev / cross-domain stress set,-0.6198028028011322,0.0,1.0
YOUTUBE_IIYAMAXU_SMG955U_S0_id48_s0_135.png,1,VALID,-1.1777344,2.3261719,-1.4179688,-3.5272868,LCC-FASD external-dev / cross-domain stress set,-0.6198028028011322,0.0,1.0
YOUTUBE_IIYAMAXU_SMG955U_S0_id48_s0_150.png,1,VALID,-0.95214844,2.4746094,-1.6435547,-3.4429011,LCC-FASD external-dev / cross-domain stress set,-0.6198028028011322,0.0,1.0
YOUTUBE_IIYAMAXU_SMG955U_S0_id48_s1_15.png,1,VALID,-1.34375,0.68310547,0.30200195,-2.547497,LCC-FASD external-dev / cross-domain stress set,-0.6198028028011322,0.0,1.0
YOUTUBE_IIYAMAXU_SMG955U_S0_id48_s1_107.png,1,VALID,-1.8242188,1.9033203,-0.6816406,-3.800231,LCC-FASD external-dev / cross-domain stress set,-0.6198028028011322,0.0,1.0
YOUTUBE_IIYAMAXU_SMG955U_S0_id48_s1_122.png,1,VALID,-1.9277344,1.4257812,0.11328125,-3.59186,LCC-FASD external-dev / cross-domain stress set,-0.6198028028011322,0.0,1.0
YOUTUBE_IIYAMAXU_SMG955U_S0_id48_s1_137.png,1,VALID,-1.6464844,1.75,-0.32885742,-3.5143323,LCC-FASD external-dev / cross-domain stress set,-0.6198028028011322,0.0,1.0
YOUTUBE_IIYAMAXU_SMG955U_S0_id48_s1_152.png,1,VALID,-1.7919922,1.9033203,-0.44213867,-3.7868001,LCC-FASD external-dev / cross-domain stress set,-0.6198028028011322,0.0,1.0
YOUTUBE_IIYAMAXU_MOTOMC_S1_id39_s0_33.png,1,VALID,-0.7026367,0.14343262,0.6225586,-1.8072044,LCC-FASD external-dev / cross-domain stress set,-0.6198028028011322,0.0,1.0
YOUTUBE_IIYAMAXU_MOTOMC_S1_id39_s1_15.png,1,VALID,-0.84765625,1.0,-0.3076172,-2.087038,LCC-FASD external-dev / cross-domain stress set,-0.6198028028011322,0.0,1.0
YOUTUBE_IIYAMAXU_MOTOMC_S1_id39_s1_30.png,1,VALID,-0.68310547,1.0146484,-0.56103516,-1.8857808,LCC-FASD external-dev / cross-domain stress set,-0.6198028028011322,0.0,1.0
YOUTUBE_IIYAMAXU_MOTOMC_S1_id39_s1_45.png,1,VALID,-0.39501953,0.9980469,-0.7163086,-1.5586483,LCC-FASD external-dev / cross-domain stress set,-0.6198028028011322,0.0,1.0
YOUTUBE_IIYAMAXU_MOTOMC_S1_id39_s1_60.png,1,VALID,-0.14050293,0.5883789,-0.61865234,-0.9905411,LCC-FASD external-dev / cross-domain stress set,-0.6198028028011322,0.0,1.0
YOUTUBE_IIYAMAXU_MOTOMC_S1_id39_s1_75.png,1,VALID,0.25317383,0.5566406,-0.74365234,-0.54441255,LCC-FASD external-dev / cross-domain stress set,-0.6198028028011322,1.0,0.0
YOUTUBE_IIYAMAXU_MOTOMC_S1_id39_s1_90.png,1,VALID,-0.09484863,0.9716797,-0.87841797,-1.2125504,LCC-FASD external-dev / cross-domain stress set,-0.6198028028011322,0.0,1.0
YOUTUBE_IIYAMAXU_MOTOMC_S1_id42_s0_17.png,1,VALID,1.1757812,-0.26586914,-0.7675781,0.9682183,LCC-FASD external-dev / cross-domain stress set,-0.6198028028011322,1.0,0.0
YOUTUBE_IIYAMAXU_MOTOMC_S1_id42_s0_36.png,1,VALID,0.44677734,-0.2644043,-0.23535156,0.0034025908,LCC-FASD external-dev / cross-domain stress set,-0.6198028028011322,1.0,0.0
YOUTUBE_IIYAMAXU_MOTOMC_S1_id42_s0_51.png,1,VALID,1.390625,-0.63183594,-0.57177734,1.2988336,LCC-FASD external-dev / cross-domain stress set,-0.6198028028011322,1.0,0.0
YOUTUBE_IIYAMAXU_MOTOMC_S1_id42_s0_66.png,1,VALID,0.7426758,-0.09307861,-0.61621094,0.3703481,LCC-FASD external-dev / cross-domain stress set,-0.6198028028011322,1.0,0.0
YOUTUBE_IIYAMAXU_MOTOMC_S1_id42_s0_81.png,1,VALID,0.84277344,-0.40625,-0.29956055,0.5011094,LCC-FASD external-dev / cross-domain stress set,-0.6198028028011322,1.0,0.0
YOUTUBE_IIYAMAXU_MOTOMC_S1_id42_s0_96.png,1,VALID,1.8310547,-0.6923828,-0.9350586,1.9442847,LCC-FASD external-dev / cross-domain stress set,-0.6198028028011322,1.0,0.0
YOUTUBE_IIYAMAXU_MOTOMC_S1_id42_s0_111.png,1,VALID,1.4140625,-0.36669922,-1.0224609,1.3626789,LCC-FASD external-dev / cross-domain stress set,-0.6198028028011322,1.0,0.0
YOUTUBE_IIYAMAXU_MOTOMC_S1_id42_s0_126.png,1,VALID,1.3125,0.022567749,-1.3271484,1.0593653,LCC-FASD external-dev / cross-domain stress set,-0.6198028028011322,1.0,0.0
YOUTUBE_IIYAMAXU_MOTOMC_S1_id42_s0_141.png,1,VALID,0.6699219,0.043029785,-0.65283203,0.22233099,LCC-FASD external-dev / cross-domain stress set,-0.6198028028011322,1.0,0.0
YOUTUBE_IIYAMAXU_MOTOMC_S1_id42_s0_156.png,1,VALID,1.4375,-0.44091797,-0.8574219,1.3719932,LCC-FASD external-dev / cross-domain stress set,-0.6198028028011322,1.0,0.0
YOUTUBE_IIYAMAXU_MOTOMC_S1_id43_s0_15.png,1,VALID,0.8930664,-0.5761719,-0.10107422,0.510589,LCC-FASD external-dev / cross-domain stress set,-0.6198028028011322,1.0,0.0
YOUTUBE_IIYAMAXU_MOTOMC_S1_id43_s0_30.png,1,VALID,0.0770874,0.28320312,-0.21850586,-0.6795478,LCC-FASD external-dev / cross-domain stress set,-0.6198028028011322,0.0,1.0
YOUTUBE_IIYAMAXU_MOTOMC_S1_id43_s0_45.png,1,VALID,0.07354736,-0.27319336,0.39257812,-0.7337046,LCC-FASD external-dev / cross-domain stress set,-0.6198028028011322,0.0,1.0
YOUTUBE_IIYAMAXU_MOTOMC_S1_id43_s0_63.png,1,VALID,0.49536133,-0.4790039,0.20654297,-0.11918664,LCC-FASD external-dev / cross-domain stress set,-0.6198028028011322,1.0,0.0
YOUTUBE_IIYAMAXU_MOTOMC_S1_id43_s0_78.png,1,VALID,0.4970703,-0.034210205,-0.26342773,-0.053811133,LCC-FASD external-dev / cross-domain stress set,-0.6198028028011322,1.0,0.0
YOUTUBE_IIYAMAXU_MOTOMC_S1_id43_s0_93.png,1,VALID,0.004047394,0.007446289,0.19506836,-0.794751,LCC-FASD external-dev / cross-domain stress set,-0.6198028028011322,0.0,1.0
YOUTUBE_IIYAMAXU_MOTOMC_S1_id43_s0_108.png,1,VALID,0.0064697266,-0.10473633,0.21289062,-0.7533128,LCC-FASD external-dev / cross-domain stress set,-0.6198028028011322,0.0,1.0
YOUTUBE_IIYAMAXU_MOTOMC_S1_id43_s0_133.png,1,VALID,-0.43920898,0.24243164,0.18713379,-1.3475211,LCC-FASD external-dev / cross-domain stress set,-0.6198028028011322,0.0,1.0
YOUTUBE_IIYAMAXU_MOTOMC_S1_id43_s1_15.png,1,VALID,0.24938965,0.7817383,-0.96240234,-0.6934424,LCC-FASD external-dev / cross-domain stress set,-0.6198028028011322,0.0,1.0
YOUTUBE_IIYAMAXU_MOTOMC_S1_id43_s1_30.png,1,VALID,0.9316406,-0.023452759,-0.81640625,0.58180285,LCC-FASD external-dev / cross-domain stress set,-0.6198028028011322,1.0,0.0
YOUTUBE_IIYAMAXU_MOTOMC_S1_id43_s1_45.png,1,VALID,0.51708984,0.390625,-0.8613281,-0.12502962,LCC-FASD external-dev / cross-domain stress set,-0.6198028028011322,1.0,0.0
YOUTUBE_IIYAMAXU_MOTOMC_S1_id43_s1_60.png,1,VALID,-0.03717041,0.5966797,-0.45629883,-0.9331373,LCC-FASD external-dev / cross-domain stress set,-0.6198028028011322,0.0,1.0
YOUTUBE_IIYAMAXU_MOTOMC_S1_id43_s1_75.png,1,VALID,-0.53808594,0.7944336,-0.3918457,-1.5989947,LCC-FASD external-dev / cross-domain stress set,-0.6198028028011322,0.0,1.0
YOUTUBE_IIYAMAXU_MOTOMC_S1_id43_s1_90.png,1,VALID,0.3310547,0.49121094,-0.67578125,-0.43117678,LCC-FASD external-dev / cross-domain stress set,-0.6198028028011322,1.0,0.0
YOUTUBE_IIYAMAXU_MOTOMC_S1_id43_s1_105.png,1,VALID,0.31298828,0.33740234,-0.62890625,-0.3468489,LCC-FASD external-dev / cross-domain stress set,-0.6198028028011322,1.0,0.0
YOUTUBE_IIYAMAXU_MOTOMC_S1_id48_s0_15.png,1,VALID,-0.9604492,2.2089844,-1.3535156,-3.1974065,LCC-FASD external-dev / cross-domain stress set,-0.6198028028011322,0.0,1.0
YOUTUBE_IIYAMAXU_MOTOMC_S1_id48_s0_30.png,1,VALID,-0.8881836,1.1914062,-0.36694336,-2.2706094,LCC-FASD external-dev / cross-domain stress set,-0.6198028028011322,0.0,1.0
YOUTUBE_IIYAMAXU_MOTOMC_S1_id48_s0_45.png,1,VALID,-0.7783203,0.49902344,0.2668457,-1.8611252,LCC-FASD external-dev / cross-domain stress set,-0.6198028028011322,0.0,1.0
YOUTUBE_IIYAMAXU_MOTOMC_S1_id48_s0_60.png,1,VALID,-0.76953125,1.0576172,-0.2442627,-2.0677547,LCC-FASD external-dev / cross-domain stress set,-0.6198028028011322,0.0,1.0
YOUTUBE_IIYAMAXU_MOTOMC_S1_id48_s0_75.png,1,VALID,-0.99609375,1.1259766,-0.19018555,-2.3596392,LCC-FASD external-dev / cross-domain stress set,-0.6198028028011322,0.0,1.0
YOUTUBE_IIYAMAXU_MOTOMC_S1_id48_s0_90.png,1,VALID,-1.1220703,1.9667969,-1.0839844,-3.1351035,LCC-FASD external-dev / cross-domain stress set,-0.6198028028011322,0.0,1.0
YOUTUBE_IIYAMAXU_MOTOMC_S1_id48_s0_105.png,1,VALID,-0.33447266,1.1845703,-0.9550781,-1.6303126,LCC-FASD external-dev / cross-domain stress set,-0.6198028028011322,0.0,1.0
YOUTUBE_IIYAMAXU_MOTOMC_S1_id48_s0_120.png,1,VALID,-0.3232422,0.78564453,-0.55810547,-1.3406851,LCC-FASD external-dev / cross-domain stress set,-0.6198028028011322,0.0,1.0
YOUTUBE_IIYAMAXU_MOTOMC_S1_id48_s0_135.png,1,VALID,-0.34033203,0.4477539,-0.17321777,-1.2181928,LCC-FASD external-dev / cross-domain stress set,-0.6198028028011322,0.0,1.0
YOUTUBE_IIYAMAXU_MOTOMC_S1_id48_s0_150.png,1,VALID,0.6230469,0.85009766,-1.4697266,-0.32080603,LCC-FASD external-dev / cross-domain stress set,-0.6198028028011322,1.0,0.0
YOUTUBE_IIYAMAXU_MOTOMC_S1_id48_s1_15.png,1,VALID,0.3461914,-0.96240234,0.7939453,-0.6070409,LCC-FASD external-dev / cross-domain stress set,-0.6198028028011322,1.0,0.0
YOUTUBE_IIYAMAXU_MOTOMC_S1_id48_s1_30.png,1,VALID,-0.11151123,0.20678711,-0.21435547,-0.8228824,LCC-FASD external-dev / cross-domain stress set,-0.6198028028011322,0.0,1.0
YOUTUBE_IIYAMAXU_MOTOMC_S1_id48_s1_45.png,1,VALID,-0.63916016,-0.29516602,1.0029297,-1.8835064,LCC-FASD external-dev / cross-domain stress set,-0.6198028028011322,0.0,1.0
YOUTUBE_IIYAMAXU_MOTOMC_S1_id48_s1_60.png,1,VALID,0.4111328,-0.5517578,0.1763916,-0.15919209,LCC-FASD external-dev / cross-domain stress set,-0.6198028028011322,1.0,0.0
YOUTUBE_IIYAMAXU_MOTOMC_S1_id48_s1_75.png,1,VALID,-1.1328125,1.1044922,-0.19799805,-2.4777803,LCC-FASD external-dev / cross-domain stress set,-0.6198028028011322,0.0,1.0
YOUTUBE_IIYAMAXU_MOTOMC_S1_id48_s1_90.png,1,VALID,-0.60595703,0.058166504,0.38549805,-1.5342704,LCC-FASD external-dev / cross-domain stress set,-0.6198028028011322,0.0,1.0
YOUTUBE_IIYAMAXU_MOTOMC_S1_id48_s1_106.png,1,VALID,-0.29882812,0.044067383,0.17602539,-1.1041968,LCC-FASD external-dev / cross-domain stress set,-0.6198028028011322,0.0,1.0
YOUTUBE_IIYAMAXU_MOTOMC_S1_id48_s1_121.png,1,VALID,-1.0029297,0.52001953,0.41723633,-2.1660247,LCC-FASD external-dev / cross-domain stress set,-0.6198028028011322,0.0,1.0
YOUTUBE_IIYAMAXU_MOTOMC_S1_id48_s1_136.png,1,VALID,-1.7490234,0.98339844,0.60058594,-3.2523704,LCC-FASD external-dev / cross-domain stress set,-0.6198028028011322,0.0,1.0
YOUTUBE_IIYAMAXU_MOTOMC_S1_id48_s1_151.png,1,VALID,-0.5854492,-0.10632324,0.5239258,-1.5362488,LCC-FASD external-dev / cross-domain stress set,-0.6198028028011322,0.0,1.0
YOUTUBE_IIYAMAXU_SMG955U_S0_id39_s0_17.png,1,VALID,-0.52685547,0.69091797,-0.20837402,-1.559132,LCC-FASD external-dev / cross-domain stress set,-0.6198028028011322,0.0,1.0
YOUTUBE_IIYAMAXU_MOTOMC_S0_id39_s1_15.png,1,VALID,-0.7158203,0.74316406,-0.14086914,-1.8047798,LCC-FASD external-dev / cross-domain stress set,-0.6198028028011322,0.0,1.0
YOUTUBE_IIYAMAXU_MOTOMC_S0_id39_s1_30.png,1,VALID,-0.63378906,0.95654297,-0.5205078,-1.7959713,LCC-FASD external-dev / cross-domain stress set,-0.6198028028011322,0.0,1.0
YOUTUBE_IIYAMAXU_MOTOMC_S0_id39_s1_46.png,1,VALID,-0.92333984,1.1259766,-0.4892578,-2.2306743,LCC-FASD external-dev / cross-domain stress set,-0.6198028028011322,0.0,1.0
YOUTUBE_IIYAMAXU_MOTOMC_S0_id39_s1_61.png,1,VALID,-0.30737305,0.8535156,-0.66308594,-1.3592939,LCC-FASD external-dev / cross-domain stress set,-0.6198028028011322,0.0,1.0
YOUTUBE_IIYAMAXU_MOTOMC_S0_id39_s1_76.png,1,VALID,-0.2277832,0.7729492,-0.6328125,-1.2200127,LCC-FASD external-dev / cross-domain stress set,-0.6198028028011322,0.0,1.0
YOUTUBE_IIYAMAXU_MOTOMC_S0_id42_s0_21.png,1,VALID,1.5810547,-0.7529297,-0.62060547,1.572488,LCC-FASD external-dev / cross-domain stress set,-0.6198028028011322,1.0,0.0
YOUTUBE_IIYAMAXU_MOTOMC_S0_id42_s0_37.png,1,VALID,0.78808594,-0.016036987,-0.8051758,0.42964238,LCC-FASD external-dev / cross-domain stress set,-0.6198028028011322,1.0,0.0
YOUTUBE_IIYAMAXU_MOTOMC_S0_id42_s0_52.png,1,VALID,1.0996094,-0.40625,-0.6381836,0.92196983,LCC-FASD external-dev / cross-domain stress set,-0.6198028028011322,1.0,0.0
YOUTUBE_IIYAMAXU_MOTOMC_S0_id42_s0_67.png,1,VALID,0.38793945,-0.01637268,-0.42236328,-0.106303394,LCC-FASD external-dev / cross-domain stress set,-0.6198028028011322,1.0,0.0
YOUTUBE_IIYAMAXU_MOTOMC_S0_id42_s0_82.png,1,VALID,0.93652344,-0.64501953,-0.27026367,0.6835644,LCC-FASD external-dev / cross-domain stress set,-0.6198028028011322,1.0,0.0
YOUTUBE_IIYAMAXU_MOTOMC_S0_id42_s0_97.png,1,VALID,1.5976562,-0.60058594,-0.9458008,1.6628792,LCC-FASD external-dev / cross-domain stress set,-0.6198028028011322,1.0,0.0
YOUTUBE_IIYAMAXU_MOTOMC_S0_id42_s0_112.png,1,VALID,0.9975586,0.0040130615,-0.9658203,0.6720809,LCC-FASD external-dev / cross-domain stress set,-0.6198028028011322,1.0,0.0
YOUTUBE_IIYAMAXU_MOTOMC_S0_id42_s0_127.png,1,VALID,0.78808594,0.30932617,-1.1533203,0.2704274,LCC-FASD external-dev / cross-domain stress set,-0.6198028028011322,1.0,0.0
YOUTUBE_IIYAMAXU_MOTOMC_S0_id42_s0_142.png,1,VALID,0.62109375,0.20788574,-0.79785156,0.10148609,LCC-FASD external-dev / cross-domain stress set,-0.6198028028011322,1.0,0.0
YOUTUBE_IIYAMAXU_MOTOMC_S0_id42_s0_157.png,1,VALID,1.484375,-0.4375,-1.0039062,1.4723538,LCC-FASD external-dev / cross-domain stress set,-0.6198028028011322,1.0,0.0
YOUTUBE_IIYAMAXU_MOTOMC_S0_id43_s0_15.png,1,VALID,1.0185547,-0.3918457,-0.40649414,0.7245506,LCC-FASD external-dev / cross-domain stress set,-0.6198028028011322,1.0,0.0
YOUTUBE_IIYAMAXU_MOTOMC_S0_id43_s0_30.png,1,VALID,-0.14831543,0.30664062,0.07055664,-1.0370121,LCC-FASD external-dev / cross-domain stress set,-0.6198028028011322,0.0,1.0
YOUTUBE_IIYAMAXU_MOTOMC_S0_id43_s0_45.png,1,VALID,0.48754883,-0.39257812,0.1574707,-0.12539649,LCC-FASD external-dev / cross-domain stress set,-0.6198028028011322,1.0,0.0
YOUTUBE_IIYAMAXU_MOTOMC_S0_id43_s0_63.png,1,VALID,0.25512695,-0.2993164,0.28173828,-0.47085357,LCC-FASD external-dev / cross-domain stress set,-0.6198028028011322,1.0,0.0
YOUTUBE_IIYAMAXU_MOTOMC_S0_id43_s0_78.png,1,VALID,-0.47973633,0.8701172,-0.38671875,-1.6002643,LCC-FASD external-dev / cross-domain stress set,-0.6198028028011322,0.0,1.0
YOUTUBE_IIYAMAXU_MOTOMC_S0_id43_s0_93.png,1,VALID,0.27246094,-0.06890869,0.034606934,-0.40487415,LCC-FASD external-dev / cross-domain stress set,-0.6198028028011322,1.0,0.0
YOUTUBE_IIYAMAXU_MOTOMC_S0_id43_s0_108.png,1,VALID,-0.06738281,0.20898438,-0.09991455,-0.82694507,LCC-FASD external-dev / cross-domain stress set,-0.6198028028011322,0.0,1.0
YOUTUBE_IIYAMAXU_MOTOMC_S0_id43_s0_133.png,1,VALID,-0.4892578,0.6669922,-0.2446289,-1.4940586,LCC-FASD external-dev / cross-domain stress set,-0.6198028028011322,0.0,1.0
YOUTUBE_IIYAMAXU_MOTOMC_S0_id43_s1_16.png,1,VALID,1.109375,0.0814209,-1.1689453,0.7761066,LCC-FASD external-dev / cross-domain stress set,-0.6198028028011322,1.0,0.0
YOUTUBE_IIYAMAXU_MOTOMC_S0_id43_s1_31.png,1,VALID,-0.13916016,0.82958984,-0.74658203,-1.1566933,LCC-FASD external-dev / cross-domain stress set,-0.6198028028011322,0.0,1.0
YOUTUBE_IIYAMAXU_MOTOMC_S0_id43_s1_46.png,1,VALID,0.70751953,0.13769531,-0.6894531,0.20706171,LCC-FASD external-dev / cross-domain stress set,-0.6198028028011322,1.0,0.0
YOUTUBE_IIYAMAXU_MOTOMC_S0_id43_s1_61.png,1,VALID,0.24169922,0.50683594,-0.7495117,-0.51565564,LCC-FASD external-dev / cross-domain stress set,-0.6198028028011322,1.0,0.0
YOUTUBE_IIYAMAXU_MOTOMC_S0_id43_s1_76.png,1,VALID,-0.55029297,1.2392578,-0.84472656,-1.9068301,LCC-FASD external-dev / cross-domain stress set,-0.6198028028011322,0.0,1.0
YOUTUBE_IIYAMAXU_MOTOMC_S0_id43_s1_91.png,1,VALID,0.13256836,0.1027832,-0.1451416,-0.54706335,LCC-FASD external-dev / cross-domain stress set,-0.6198028028011322,1.0,0.0
YOUTUBE_IIYAMAXU_MOTOMC_S0_id43_s1_106.png,1,VALID,-0.82910156,0.88916016,-0.19885254,-2.0086043,LCC-FASD external-dev / cross-domain stress set,-0.6198028028011322,0.0,1.0
YOUTUBE_IIYAMAXU_MOTOMC_S0_id48_s0_15.png,1,VALID,-0.9379883,1.6435547,-0.79296875,-2.665392,LCC-FASD external-dev / cross-domain stress set,-0.6198028028011322,0.0,1.0
YOUTUBE_IIYAMAXU_MOTOMC_S0_id48_s0_30.png,1,VALID,-0.80615234,0.9609375,-0.21228027,-2.0366359,LCC-FASD external-dev / cross-domain stress set,-0.6198028028011322,0.0,1.0
YOUTUBE_IIYAMAXU_MOTOMC_S0_id48_s0_45.png,1,VALID,-1.1083984,0.7973633,0.22827148,-2.3543115,LCC-FASD external-dev / cross-domain stress set,-0.6198028028011322,0.0,1.0
YOUTUBE_IIYAMAXU_MOTOMC_S0_id48_s0_60.png,1,VALID,-0.55126953,0.86328125,-0.21362305,-1.7077042,LCC-FASD external-dev / cross-domain stress set,-0.6198028028011322,0.0,1.0
YOUTUBE_IIYAMAXU_MOTOMC_S0_id48_s0_75.png,1,VALID,-0.5649414,1.3447266,-0.80126953,-2.020271,LCC-FASD external-dev / cross-domain stress set,-0.6198028028011322,0.0,1.0
YOUTUBE_IIYAMAXU_MOTOMC_S0_id48_s0_90.png,1,VALID,-0.8066406,1.7871094,-1.1835938,-2.6437464,LCC-FASD external-dev / cross-domain stress set,-0.6198028028011322,0.0,1.0
YOUTUBE_IIYAMAXU_MOTOMC_S0_id48_s0_105.png,1,VALID,-0.515625,1.6113281,-1.2382812,-2.1832075,LCC-FASD external-dev / cross-domain stress set,-0.6198028028011322,0.0,1.0
YOUTUBE_IIYAMAXU_MOTOMC_S0_id48_s0_120.png,1,VALID,-0.41552734,0.9370117,-0.77734375,-1.518121,LCC-FASD external-dev / cross-domain stress set,-0.6198028028011322,0.0,1.0
YOUTUBE_IIYAMAXU_MOTOMC_S0_id48_s0_135.png,1,VALID,-0.6464844,0.68310547,-0.21264648,-1.6719735,LCC-FASD external-dev / cross-domain stress set,-0.6198028028011322,0.0,1.0
YOUTUBE_IIYAMAXU_MOTOMC_S0_id48_s0_150.png,1,VALID,0.039489746,1.4287109,-1.5673828,-1.4379941,LCC-FASD external-dev / cross-domain stress set,-0.6198028028011322,0.0,1.0
YOUTUBE_IIYAMAXU_MOTOMC_S0_id48_s1_15.png,1,VALID,-0.5761719,-0.31933594,0.8041992,-1.6618804,LCC-FASD external-dev / cross-domain stress set,-0.6198028028011322,0.0,1.0
YOUTUBE_IIYAMAXU_MOTOMC_S0_id48_s1_30.png,1,VALID,-0.34765625,0.14733887,-0.039215088,-1.0992093,LCC-FASD external-dev / cross-domain stress set,-0.6198028028011322,0.0,1.0
YOUTUBE_IIYAMAXU_MOTOMC_S0_id48_s1_45.png,1,VALID,-0.8183594,-0.11669922,0.7885742,-1.9465661,LCC-FASD external-dev / cross-domain stress set,-0.6198028028011322,0.0,1.0
YOUTUBE_IIYAMAXU_MOTOMC_S0_id48_s1_60.png,1,VALID,0.09136963,-0.48046875,0.28881836,-0.57817245,LCC-FASD external-dev / cross-domain stress set,-0.6198028028011322,1.0,0.0
YOUTUBE_IIYAMAXU_MOTOMC_S0_id48_s1_75.png,1,VALID,-1.1855469,1.1269531,-0.2253418,-2.5425365,LCC-FASD external-dev / cross-domain stress set,-0.6198028028011322,0.0,1.0
YOUTUBE_IIYAMAXU_MOTOMC_S0_id48_s1_90.png,1,VALID,-0.8647461,0.50097656,0.105895996,-1.880715,LCC-FASD external-dev / cross-domain stress set,-0.6198028028011322,0.0,1.0
YOUTUBE_IIYAMAXU_MOTOMC_S0_id48_s1_107.png,1,VALID,-0.9428711,0.60009766,0.13928223,-2.0320206,LCC-FASD external-dev / cross-domain stress set,-0.6198028028011322,0.0,1.0
YOUTUBE_IIYAMAXU_MOTOMC_S0_id48_s1_128.png,1,VALID,-1.5361328,0.66259766,0.63964844,-2.8804688,LCC-FASD external-dev / cross-domain stress set,-0.6198028028011322,0.0,1.0
YOUTUBE_IIYAMAXU_MOTOMC_S0_id48_s1_143.png,1,VALID,-0.21264648,0.60302734,-0.53125,-1.0945581,LCC-FASD external-dev / cross-domain stress set,-0.6198028028011322,0.0,1.0
YOUTUBE_IIYAMAXU_MOTOMC_S0_id48_s1_158.png,1,VALID,-0.60595703,0.79345703,-0.5600586,-1.6291999,LCC-FASD external-dev / cross-domain stress set,-0.6198028028011322,0.0,1.0
YOUTUBE_IIYAMAXU_MOTOMC_S1_id39_s0_18.png,1,VALID,-0.49560547,1.5058594,-1.2197266,-2.0649161,LCC-FASD external-dev / cross-domain stress set,-0.6198028028011322,0.0,1.0
YOUTUBE_IIYAMAGB_GZS4020_id29_s0_15.png,1,VALID,-0.39233398,0.9238281,-0.6972656,-1.4965504,LCC-FASD external-dev / cross-domain stress set,-0.6198028028011322,0.0,1.0
YOUTUBE_IIYAMAGB_GZS4020_id29_s0_30.png,1,VALID,-0.40454102,0.92871094,-0.6245117,-1.5251648,LCC-FASD external-dev / cross-domain stress set,-0.6198028028011322,0.0,1.0
YOUTUBE_IIYAMAGB_GZS4020_id29_s0_45.png,1,VALID,-0.83935547,1.2548828,-0.61035156,-2.2382174,LCC-FASD external-dev / cross-domain stress set,-0.6198028028011322,0.0,1.0
YOUTUBE_IIYAMAGB_GZS4020_id29_s0_60.png,1,VALID,-0.4868164,1.3652344,-1.0878906,-1.9345744,LCC-FASD external-dev / cross-domain stress set,-0.6198028028011322,0.0,1.0
YOUTUBE_IIYAMAGB_GZS4020_id29_s0_75.png,1,VALID,-0.3022461,1.0927734,-0.8676758,-1.5267451,LCC-FASD external-dev / cross-domain stress set,-0.6198028028011322,0.0,1.0
YOUTUBE_IIYAMAGB_GZS4020_id29_s0_90.png,1,VALID,-0.91259766,1.0185547,-0.39453125,-2.1489947,LCC-FASD external-dev / cross-domain stress set,-0.6198028028011322,0.0,1.0
YOUTUBE_IIYAMAGB_GZS4020_id29_s0_120.png,1,VALID,-0.64160156,0.734375,-0.1508789,-1.7214152,LCC-FASD external-dev / cross-domain stress set,-0.6198028028011322,0.0,1.0
YOUTUBE_IIYAMAGB_GZS4020_id29_s0_135.png,1,VALID,-0.8046875,0.92626953,-0.22497559,-2.0057383,LCC-FASD external-dev / cross-domain stress set,-0.6198028028011322,0.0,1.0
YOUTUBE_IIYAMAGB_IPHONE7F_id29_s0_15.png,1,VALID,-0.65722656,1.1240234,-0.4321289,-1.9726521,LCC-FASD external-dev / cross-domain stress set,-0.6198028028011322,0.0,1.0
YOUTUBE_IIYAMAGB_IPHONE7F_id29_s0_30.png,1,VALID,-0.53125,1.1162109,-0.6118164,-1.8109686,LCC-FASD external-dev / cross-domain stress set,-0.6198028028011322,0.0,1.0
YOUTUBE_IIYAMAGB_IPHONE7F_id29_s0_45.png,1,VALID,-0.8017578,1.2373047,-0.45141602,-2.208599,LCC-FASD external-dev / cross-domain stress set,-0.6198028028011322,0.0,1.0
YOUTUBE_IIYAMAGB_IPHONE7F_id29_s0_60.png,1,VALID,-0.4963379,1.2314453,-0.76123047,-1.8555871,LCC-FASD external-dev / cross-domain stress set,-0.6198028028011322,0.0,1.0
YOUTUBE_IIYAMAGB_IPHONE7F_id29_s0_75.png,1,VALID,-0.80810547,1.2626953,-0.4272461,-2.240147,LCC-FASD external-dev / cross-domain stress set,-0.6198028028011322,0.0,1.0
YOUTUBE_IIYAMAGB_IPHONE7F_id29_s0_90.png,1,VALID,-0.8666992,1.2167969,-0.43017578,-2.2596588,LCC-FASD external-dev / cross-domain stress set,-0.6198028028011322,0.0,1.0
YOUTUBE_IIYAMAGB_IPHONE7F_id29_s0_105.png,1,VALID,-0.82958984,1.0498047,-0.16223145,-2.1399038,LCC-FASD external-dev / cross-domain stress set,-0.6198028028011322,0.0,1.0
YOUTUBE_IIYAMAGB_IPHONE7F_id29_s0_120.png,1,VALID,-0.6533203,1.0283203,-0.26586914,-1.9238963,LCC-FASD external-dev / cross-domain stress set,-0.6198028028011322,0.0,1.0
YOUTUBE_IIYAMAGB_IPHONE7F_id29_s0_135.png,1,VALID,-0.4572754,0.61035156,-0.06137085,-1.4802848,LCC-FASD external-dev / cross-domain stress set,-0.6198028028011322,0.0,1.0
YOUTUBE_IIYAMAXB_IPHONE7F_id29_s0_15.png,1,VALID,0.012763977,0.7529297,-0.73535156,-0.943727,LCC-FASD external-dev / cross-domain stress set,-0.6198028028011322,0.0,1.0
YOUTUBE_IIYAMAXB_IPHONE7F_id29_s0_30.png,1,VALID,-0.011886597,0.80371094,-0.7211914,-1.012514,LCC-FASD external-dev / cross-domain stress set,-0.6198028028011322,0.0,1.0
YOUTUBE_IIYAMAXB_IPHONE7F_id29_s0_45.png,1,VALID,-0.2376709,0.57421875,-0.21643066,-1.1858985,LCC-FASD external-dev / cross-domain stress set,-0.6198028028011322,0.0,1.0
YOUTUBE_IIYAMAXB_IPHONE7F_id29_s0_60.png,1,VALID,-0.01876831,0.90283203,-0.8540039,-1.0808154,LCC-FASD external-dev / cross-domain stress set,-0.6198028028011322,0.0,1.0
YOUTUBE_IIYAMAXB_IPHONE7F_id29_s0_75.png,1,VALID,-0.27929688,0.9458008,-0.6738281,-1.405728,LCC-FASD external-dev / cross-domain stress set,-0.6198028028011322,0.0,1.0
YOUTUBE_IIYAMAXB_IPHONE7F_id29_s0_90.png,1,VALID,-0.8354492,0.47827148,0.25195312,-1.9000976,LCC-FASD external-dev / cross-domain stress set,-0.6198028028011322,0.0,1.0
YOUTUBE_IIYAMAXB_IPHONE7F_id29_s0_105.png,1,VALID,-0.15356445,0.40234375,-0.120788574,-1.0213145,LCC-FASD external-dev / cross-domain stress set,-0.6198028028011322,0.0,1.0
YOUTUBE_IIYAMAXB_IPHONE7F_id29_s0_120.png,1,VALID,-0.076171875,0.15246582,0.025802612,-0.86045736,LCC-FASD external-dev / cross-domain stress set,-0.6198028028011322,0.0,1.0
YOUTUBE_IIYAMAXB_IPHONE7F_id29_s0_135.png,1,VALID,-0.33618164,0.4465332,-0.083862305,-1.2454245,LCC-FASD external-dev / cross-domain stress set,-0.6198028028011322,0.0,1.0
YOUTUBE_IIYAMAXB_WIZARD1_id29_s0_15.png,1,VALID,-0.95166016,0.6875,0.14453125,-2.097231,LCC-FASD external-dev / cross-domain stress set,-0.6198028028011322,0.0,1.0
YOUTUBE_IIYAMAXB_WIZARD1_id29_s0_30.png,1,VALID,-1.1591797,0.49023438,0.5761719,-2.386453,LCC-FASD external-dev / cross-domain stress set,-0.6198028028011322,0.0,1.0
YOUTUBE_IIYAMAXB_WIZARD1_id29_s0_45.png,1,VALID,-0.94091797,0.65478516,0.20776367,-2.090113,LCC-FASD external-dev / cross-domain stress set,-0.6198028028011322,0.0,1.0
YOUTUBE_IIYAMAXB_WIZARD1_id29_s0_69.png,1,VALID,-0.87841797,0.59375,0.19116211,-1.9841454,LCC-FASD external-dev / cross-domain stress set,-0.6198028028011322,0.0,1.0
YOUTUBE_IIYAMAXB_WIZARD1_id29_s0_105.png,1,VALID,-1.0439453,0.24951172,0.8486328,-2.3303776,LCC-FASD external-dev / cross-domain stress set,-0.6198028028011322,0.0,1.0
YOUTUBE_IIYAMAXU_GZS4020_id29_s0_15.png,1,VALID,-1.2753906,1.2099609,-0.35888672,-2.6745536,LCC-FASD external-dev / cross-domain stress set,-0.6198028028011322,0.0,1.0
YOUTUBE_IIYAMAXU_GZS4020_id29_s0_30.png,1,VALID,-0.8256836,0.8256836,-0.13256836,-1.9760292,LCC-FASD external-dev / cross-domain stress set,-0.6198028028011322,0.0,1.0
YOUTUBE_IIYAMAXU_GZS4020_id29_s0_45.png,1,VALID,-1.3066406,0.99121094,0.023254395,-2.6198325,LCC-FASD external-dev / cross-domain stress set,-0.6198028028011322,0.0,1.0
YOUTUBE_IIYAMAXU_GZS4020_id29_s0_60.png,1,VALID,-0.4169922,0.84521484,-0.56933594,-1.4797628,LCC-FASD external-dev / cross-domain stress set,-0.6198028028011322,0.0,1.0
YOUTUBE_IIYAMAXU_GZS4020_id29_s0_75.png,1,VALID,-1.2275391,0.75683594,0.2553711,-2.457899,LCC-FASD external-dev / cross-domain stress set,-0.6198028028011322,0.0,1.0
YOUTUBE_IIYAMAXU_GZS4020_id29_s0_90.png,1,VALID,-0.97753906,0.8808594,-0.20837402,-2.1484334,LCC-FASD external-dev / cross-domain stress set,-0.6198028028011322,0.0,1.0
YOUTUBE_IIYAMAXU_GZS4020_id29_s0_105.png,1,VALID,-1.2529297,0.8305664,0.28515625,-2.5406704,LCC-FASD external-dev / cross-domain stress set,-0.6198028028011322,0.0,1.0
YOUTUBE_IIYAMAXU_GZS4020_id29_s0_120.png,1,VALID,-0.80126953,0.6879883,-0.02053833,-1.8896227,LCC-FASD external-dev / cross-domain stress set,-0.6198028028011322,0.0,1.0
YOUTUBE_IIYAMAXU_GZS4020_id29_s0_135.png,1,VALID,-0.9604492,0.7675781,0.029342651,-2.1186876,LCC-FASD external-dev / cross-domain stress set,-0.6198028028011322,0.0,1.0
YOUTUBE_IIYAMAXU_IPHONE7F_id29_s0_15.png,1,VALID,-1.3105469,1.1689453,-0.024902344,-2.7442021,LCC-FASD external-dev / cross-domain stress set,-0.6198028028011322,0.0,1.0
YOUTUBE_IIYAMAXU_IPHONE7F_id29_s0_30.png,1,VALID,-1.3535156,1.1738281,0.07922363,-2.8160293,LCC-FASD external-dev / cross-domain stress set,-0.6198028028011322,0.0,1.0
YOUTUBE_IIYAMAXU_IPHONE7F_id29_s0_45.png,1,VALID,-1.5039062,1.1123047,0.2277832,-2.9618635,LCC-FASD external-dev / cross-domain stress set,-0.6198028028011322,0.0,1.0
YOUTUBE_IIYAMAXU_IPHONE7F_id29_s0_60.png,1,VALID,-1.1523438,1.4570312,-0.5209961,-2.7389479,LCC-FASD external-dev / cross-domain stress set,-0.6198028028011322,0.0,1.0
YOUTUBE_IIYAMAXU_IPHONE7F_id29_s0_75.png,1,VALID,-1.6220703,1.4130859,-0.048095703,-3.2437644,LCC-FASD external-dev / cross-domain stress set,-0.6198028028011322,0.0,1.0
YOUTUBE_IIYAMAXU_IPHONE7F_id29_s0_90.png,1,VALID,-1.2636719,0.8173828,0.32373047,-2.5575328,LCC-FASD external-dev / cross-domain stress set,-0.6198028028011322,0.0,1.0
YOUTUBE_IIYAMAXU_IPHONE7F_id29_s0_105.png,1,VALID,-1.0986328,0.7524414,0.35302734,-2.3643246,LCC-FASD external-dev / cross-domain stress set,-0.6198028028011322,0.0,1.0
YOUTUBE_IIYAMAXU_IPHONE7F_id29_s0_120.png,1,VALID,-1.1259766,0.64697266,0.43530273,-2.3658514,LCC-FASD external-dev / cross-domain stress set,-0.6198028028011322,0.0,1.0
YOUTUBE_IIYAMAXU_IPHONE7F_id29_s0_135.png,1,VALID,-1.1074219,0.5341797,0.5566406,-2.3460422,LCC-FASD external-dev / cross-domain stress set,-0.6198028028011322,0.0,1.0
YOUTUBE_IIYAMAXU_MOTOMC_S0_id39_s0_17.png,1,VALID,-0.80810547,0.5673828,0.12036133,-1.8698981,LCC-FASD external-dev / cross-domain stress set,-0.6198028028011322,0.0,1.0
YOUTUBE_IIYAMAXU_MOTOMC_S0_id39_s0_32.png,1,VALID,-1.3857422,1.2353516,-0.12719727,-2.8490317,LCC-FASD external-dev / cross-domain stress set,-0.6198028028011322,0.0,1.0
YOUTUBE_HPE17J001ER_ZSZD551KL_id48_s0_75.png,1,VALID,-0.36767578,0.15356445,0.2680664,-1.2732763,LCC-FASD external-dev / cross-domain stress set,-0.6198028028011322,0.0,1.0
YOUTUBE_HPE17J001ER_ZSZD551KL_id48_s0_90.png,1,VALID,0.02128601,0.15563965,-0.24121094,-0.648634,LCC-FASD external-dev / cross-domain stress set,-0.6198028028011322,0.0,1.0
YOUTUBE_HPPEXP_IPHONE5SB_id39_s0_15.png,1,VALID,-0.46850586,0.9946289,-0.70410156,-1.631117,LCC-FASD external-dev / cross-domain stress set,-0.6198028028011322,0.0,1.0
YOUTUBE_HPPEXP_IPHONE5SB_id39_s0_31.png,1,VALID,-1.0166016,1.3349609,-0.6801758,-2.4766982,LCC-FASD external-dev / cross-domain stress set,-0.6198028028011322,0.0,1.0
YOUTUBE_HPPEXP_IPHONE5SB_id39_s0_46.png,1,VALID,-0.19763184,1.2099609,-1.2363281,-1.4906596,LCC-FASD external-dev / cross-domain stress set,-0.6198028028011322,0.0,1.0
YOUTUBE_HPPEXP_IPHONE5SB_id43_s0_15.png,1,VALID,-0.46313477,0.86865234,-0.3852539,-1.5828476,LCC-FASD external-dev / cross-domain stress set,-0.6198028028011322,0.0,1.0
YOUTUBE_HPPEXP_IPHONE5SB_id43_s0_30.png,1,VALID,-0.7807617,1.3183594,-0.6542969,-2.2293482,LCC-FASD external-dev / cross-domain stress set,-0.6198028028011322,0.0,1.0
YOUTUBE_HPPEXP_IPHONE5SB_id43_s0_46.png,1,VALID,-1.0273438,1.7919922,-0.9946289,-2.8791404,LCC-FASD external-dev / cross-domain stress set,-0.6198028028011322,0.0,1.0
YOUTUBE_HPPEXP_IPHONE5SB_id43_s0_61.png,1,VALID,-0.07543945,0.73046875,-0.58154297,-1.0443563,LCC-FASD external-dev / cross-domain stress set,-0.6198028028011322,0.0,1.0
YOUTUBE_HPPEXP_IPHONE5SB_id43_s0_76.png,1,VALID,-1.109375,0.7504883,0.34594727,-2.3710587,LCC-FASD external-dev / cross-domain stress set,-0.6198028028011322,0.0,1.0
YOUTUBE_HPPEXP_IPHONE5SB_id43_s0_91.png,1,VALID,-0.099975586,1.0029297,-0.89501953,-1.2425591,LCC-FASD external-dev / cross-domain stress set,-0.6198028028011322,0.0,1.0
YOUTUBE_HPPEXP_IPHONE5SB_id43_s0_117.png,1,VALID,-1.0097656,1.4355469,-0.6816406,-2.5589712,LCC-FASD external-dev / cross-domain stress set,-0.6198028028011322,0.0,1.0
YOUTUBE_HPPEXP_IPHONE5SB_id43_s0_132.png,1,VALID,-0.3161621,0.75634766,-0.5102539,-1.3207655,LCC-FASD external-dev / cross-domain stress set,-0.6198028028011322,0.0,1.0
YOUTUBE_HPPEXP_IPHONE5SB_id43_s0_147.png,1,VALID,-0.29907227,0.46777344,-0.21496582,-1.1757922,LCC-FASD external-dev / cross-domain stress set,-0.6198028028011322,0.0,1.0
YOUTUBE_HPPEXP_IPHONE5SB_id43_s0_162.png,1,VALID,-0.83691406,1.203125,-0.5830078,-2.1949954,LCC-FASD external-dev / cross-domain stress set,-0.6198028028011322,0.0,1.0
YOUTUBE_HPPEXP_IPHONE5SB_id43_s1_15.png,1,VALID,-1.7441406,1.8144531,-0.61816406,-3.6427572,LCC-FASD external-dev / cross-domain stress set,-0.6198028028011322,0.0,1.0
YOUTUBE_HPPEXP_IPHONE5SB_id43_s1_30.png,1,VALID,-0.5151367,1.0136719,-0.77197266,-1.6838351,LCC-FASD external-dev / cross-domain stress set,-0.6198028028011322,0.0,1.0
YOUTUBE_HPPEXP_IPHONE5SB_id43_s1_45.png,1,VALID,-1.4160156,1.6240234,-0.5078125,-3.1521342,LCC-FASD external-dev / cross-domain stress set,-0.6198028028011322,0.0,1.0
YOUTUBE_HPPEXP_IPHONE5SB_id43_s1_60.png,1,VALID,-1.1152344,1.8144531,-1.1025391,-2.982371,LCC-FASD external-dev / cross-domain stress set,-0.6198028028011322,0.0,1.0
YOUTUBE_HPPEXP_IPHONE5SB_id43_s1_75.png,1,VALID,-1.2080078,1.2792969,-0.45214844,-2.6502976,LCC-FASD external-dev / cross-domain stress set,-0.6198028028011322,0.0,1.0
YOUTUBE_HPPEXP_IPHONE5SB_id43_s1_90.png,1,VALID,-0.7285156,1.3837891,-0.87890625,-2.2113075,LCC-FASD external-dev / cross-domain stress set,-0.6198028028011322,0.0,1.0
YOUTUBE_HPPEXP_IPHONE5SB_id43_s1_105.png,1,VALID,-0.6298828,0.99121094,-0.62158203,-1.8028569,LCC-FASD external-dev / cross-domain stress set,-0.6198028028011322,0.0,1.0
YOUTUBE_HPPEXP_IPHONE5SB_id43_s1_120.png,1,VALID,-1.2382812,1.5605469,-0.68896484,-2.8990812,LCC-FASD external-dev / cross-domain stress set,-0.6198028028011322,0.0,1.0
YOUTUBE_HPPEXP_IPHONE5SB_id43_s1_135.png,1,VALID,-1.28125,1.9443359,-1.0507812,-3.2744055,LCC-FASD external-dev / cross-domain stress set,-0.6198028028011322,0.0,1.0
YOUTUBE_HPPEXP_IPHONE5SB_id43_s1_150.png,1,VALID,-1.1240234,1.5576172,-0.78466797,-2.773406,LCC-FASD external-dev / cross-domain stress set,-0.6198028028011322,0.0,1.0
YOUTUBE_HPPEXP_IPHONE5SB_id48_s1_15.png,1,VALID,-0.29248047,0.3359375,-0.21984863,-1.0817974,LCC-FASD external-dev / cross-domain stress set,-0.6198028028011322,0.0,1.0
YOUTUBE_HPPEXP_IPHONE5SB_id48_s1_30.png,1,VALID,-0.72314453,0.0010442734,0.51416016,-1.70645,LCC-FASD external-dev / cross-domain stress set,-0.6198028028011322,0.0,1.0
YOUTUBE_HPPEXP_IPHONE5SB_id48_s1_45.png,1,VALID,-1.1083984,0.43896484,0.5024414,-2.2727523,LCC-FASD external-dev / cross-domain stress set,-0.6198028028011322,0.0,1.0
YOUTUBE_HPPEXP_IPHONE5SB_id48_s1_60.png,1,VALID,-0.85498047,0.6123047,0.08898926,-1.9326234,LCC-FASD external-dev / cross-domain stress set,-0.6198028028011322,0.0,1.0
YOUTUBE_HPPEXP_IPHONE5SB_id48_s1_75.png,1,VALID,-1.6210938,0.18334961,1.2705078,-3.1821594,LCC-FASD external-dev / cross-domain stress set,-0.6198028028011322,0.0,1.0
YOUTUBE_HPPEXP_IPHONE5SB_id48_s1_90.png,1,VALID,-1.2978516,0.41723633,0.53466797,-2.4686737,LCC-FASD external-dev / cross-domain stress set,-0.6198028028011322,0.0,1.0
YOUTUBE_HPPEXP_IPHONE5SB_id48_s1_105.png,1,VALID,-0.50878906,0.3515625,0.013587952,-1.3987224,LCC-FASD external-dev / cross-domain stress set,-0.6198028028011322,0.0,1.0
YOUTUBE_HPPEXP_IPHONE5SB_id48_s1_120.png,1,VALID,-1.2246094,1.3232422,-0.24511719,-2.7371378,LCC-FASD external-dev / cross-domain stress set,-0.6198028028011322,0.0,1.0
YOUTUBE_HPPEXP_IPHONE5SB_id48_s1_135.png,1,VALID,-1.4853516,0.5551758,0.91552734,-2.9299948,LCC-FASD external-dev / cross-domain stress set,-0.6198028028011322,0.0,1.0
YOUTUBE_HPPEXP_IPHONE5SB_id48_s1_150.png,1,VALID,-0.33251953,0.07757568,0.36206055,-1.2555673,LCC-FASD external-dev / cross-domain stress set,-0.6198028028011322,0.0,1.0
YOUTUBE_I2369VM_HONOR7X_id39_s0_15.png,1,VALID,0.97753906,0.48657227,-1.3242188,0.33951283,LCC-FASD external-dev / cross-domain stress set,-0.6198028028011322,1.0,0.0
YOUTUBE_I2369VM_HONOR7X_id39_s0_31.png,1,VALID,0.32202148,1.0126953,-1.3320312,-0.7822255,LCC-FASD external-dev / cross-domain stress set,-0.6198028028011322,0.0,1.0
YOUTUBE_I2369VM_HONOR7X_id39_s0_46.png,1,VALID,0.23242188,0.9667969,-1.3105469,-0.83200634,LCC-FASD external-dev / cross-domain stress set,-0.6198028028011322,0.0,1.0
YOUTUBE_I2369VM_HONOR7X_id39_s0_66.png,1,VALID,0.54345703,0.22973633,-0.67333984,-0.026544929,LCC-FASD external-dev / cross-domain stress set,-0.6198028028011322,1.0,0.0
YOUTUBE_I2369VM_HONOR7X_id48_s1_15.png,1,VALID,1.0957031,0.00025320053,-0.99658203,0.7813362,LCC-FASD external-dev / cross-domain stress set,-0.6198028028011322,1.0,0.0
YOUTUBE_I2369VM_HONOR7X_id48_s1_30.png,1,VALID,1.1025391,0.029190063,-1.0898438,0.79073334,LCC-FASD external-dev / cross-domain stress set,-0.6198028028011322,1.0,0.0
YOUTUBE_I2369VM_HONOR7X_id48_s1_45.png,1,VALID,-0.77246094,1.2167969,-0.6328125,-2.1353464,LCC-FASD external-dev / cross-domain stress set,-0.6198028028011322,0.0,1.0
YOUTUBE_I2369VM_HONOR7X_id48_s1_60.png,1,VALID,-0.17163086,0.96875,-0.71191406,-1.3111781,LCC-FASD external-dev / cross-domain stress set,-0.6198028028011322,0.0,1.0
YOUTUBE_I2369VM_HONOR7X_id48_s1_75.png,1,VALID,-0.6928711,1.6699219,-1.2568359,-2.4149778,LCC-FASD external-dev / cross-domain stress set,-0.6198028028011322,0.0,1.0
YOUTUBE_I2369VM_HONOR7X_id48_s1_90.png,1,VALID,-1.0019531,0.70654297,0.008094788,-2.1121974,LCC-FASD external-dev / cross-domain stress set,-0.6198028028011322,0.0,1.0
YOUTUBE_I2369VM_HONOR7X_id48_s1_105.png,1,VALID,0.55859375,0.47973633,-1.0507812,-0.11705768,LCC-FASD external-dev / cross-domain stress set,-0.6198028028011322,1.0,0.0
YOUTUBE_I2369VM_HONOR7X_id48_s1_120.png,1,VALID,-0.5625,1.1503906,-0.77246094,-1.8493335,LCC-FASD external-dev / cross-domain stress set,-0.6198028028011322,0.0,1.0
YOUTUBE_I2369VM_HONOR7X_id48_s1_135.png,1,VALID,0.69384766,0.34179688,-0.82714844,0.081493676,LCC-FASD external-dev / cross-domain stress set,-0.6198028028011322,1.0,0.0
YOUTUBE_I2369VM_HONOR7X_id48_s1_150.png,1,VALID,0.24841309,0.39868164,-0.5341797,-0.48203433,LCC-FASD external-dev / cross-domain stress set,-0.6198028028011322,1.0,0.0
YOUTUBE_IIYAMAGB_GZS4020_id29_s0_105.png,1,VALID,-0.52441406,0.7973633,-0.32861328,-1.6026882,LCC-FASD external-dev / cross-domain stress set,-0.6198028028011322,0.0,1.0
YOUTUBE_HP3165NGW_IPADA1893_id48_s1_15.png,1,VALID,-1.2011719,0.7910156,0.19445801,-2.4308968,LCC-FASD external-dev / cross-domain stress set,-0.6198028028011322,0.0,1.0
YOUTUBE_HP3165NGW_IPADA1893_id48_s1_30.png,1,VALID,-1.1074219,0.51123047,0.36914062,-2.2432761,LCC-FASD external-dev / cross-domain stress set,-0.6198028028011322,0.0,1.0
YOUTUBE_HP3165NGW_IPADA1893_id48_s1_45.png,1,VALID,-0.78564453,-0.35986328,1.0664062,-2.067326,LCC-FASD external-dev / cross-domain stress set,-0.6198028028011322,0.0,1.0
YOUTUBE_HP3165NGW_IPADA1893_id48_s1_60.png,1,VALID,-1.8027344,0.2220459,1.4072266,-3.4766934,LCC-FASD external-dev / cross-domain stress set,-0.6198028028011322,0.0,1.0
YOUTUBE_HP3165NGW_IPADA1893_id48_s1_75.png,1,VALID,-1.0234375,-0.0039978027,0.8588867,-2.2343485,LCC-FASD external-dev / cross-domain stress set,-0.6198028028011322,0.0,1.0
YOUTUBE_HP3165NGW_IPADA1893_id48_s1_90.png,1,VALID,-1.2871094,-0.10296631,1.359375,-2.8548741,LCC-FASD external-dev / cross-domain stress set,-0.6198028028011322,0.0,1.0
YOUTUBE_HP3165NGW_IPADA1893_id48_s1_105.png,1,VALID,-1.5205078,0.41748047,0.80126953,-2.8413298,LCC-FASD external-dev / cross-domain stress set,-0.6198028028011322,0.0,1.0
YOUTUBE_HP3165NGW_IPADA1893_id48_s1_120.png,1,VALID,-1.6181641,1.1962891,0.14807129,-3.114974,LCC-FASD external-dev / cross-domain stress set,-0.6198028028011322,0.0,1.0
YOUTUBE_HP3165NGW_IPADA1893_id48_s1_135.png,1,VALID,-1.6435547,0.37695312,1.0097656,-3.0793042,LCC-FASD external-dev / cross-domain stress set,-0.6198028028011322,0.0,1.0
YOUTUBE_HP3165NGW_IPADA1893_id48_s1_150.png,1,VALID,-1.6962891,0.9868164,0.53222656,-3.1745696,LCC-FASD external-dev / cross-domain stress set,-0.6198028028011322,0.0,1.0
YOUTUBE_HPE17J001ER_REDMIN3P_id39_s0_16.png,1,VALID,-0.34399414,0.7949219,-0.46704102,-1.3881932,LCC-FASD external-dev / cross-domain stress set,-0.6198028028011322,0.0,1.0
YOUTUBE_HPE17J001ER_REDMIN3P_id39_s0_34.png,1,VALID,-0.32080078,1.0039062,-0.67285156,-1.4961185,LCC-FASD external-dev / cross-domain stress set,-0.6198028028011322,0.0,1.0
YOUTUBE_HPE17J001ER_REDMIN3P_id39_s0_49.png,1,VALID,-0.61083984,0.9086914,-0.5449219,-1.7295687,LCC-FASD external-dev / cross-domain stress set,-0.6198028028011322,0.0,1.0
YOUTUBE_HPE17J001ER_REDMIN3P_id39_s0_68.png,1,VALID,-0.08703613,0.2841797,0.0066375732,-0.9351899,LCC-FASD external-dev / cross-domain stress set,-0.6198028028011322,0.0,1.0
YOUTUBE_HPE17J001ER_REDMIN3P_id43_s0_15.png,1,VALID,0.67285156,-0.09222412,-0.30419922,0.17230988,LCC-FASD external-dev / cross-domain stress set,-0.6198028028011322,1.0,0.0
YOUTUBE_HPE17J001ER_REDMIN3P_id43_s0_30.png,1,VALID,0.09008789,0.09906006,-0.06530762,-0.62330884,LCC-FASD external-dev / cross-domain stress set,-0.6198028028011322,0.0,1.0
YOUTUBE_HPE17J001ER_REDMIN3P_id43_s0_46.png,1,VALID,-0.1965332,0.20092773,0.035339355,-1.0112374,LCC-FASD external-dev / cross-domain stress set,-0.6198028028011322,0.0,1.0
YOUTUBE_HPE17J001ER_REDMIN3P_id43_s0_61.png,1,VALID,1.1884766,-0.8183594,0.11975098,0.7384391,LCC-FASD external-dev / cross-domain stress set,-0.6198028028011322,1.0,0.0
YOUTUBE_HPE17J001ER_REDMIN3P_id43_s0_76.png,1,VALID,-0.06384277,-0.44433594,0.8339844,-1.1435183,LCC-FASD external-dev / cross-domain stress set,-0.6198028028011322,0.0,1.0
YOUTUBE_HPE17J001ER_REDMIN3P_id43_s0_91.png,1,VALID,0.37280273,0.009490967,-0.09692383,-0.27804285,LCC-FASD external-dev / cross-domain stress set,-0.6198028028011322,1.0,0.0
YOUTUBE_HPE17J001ER_REDMIN3P_id43_s0_118.png,1,VALID,-0.21118164,-0.04385376,0.37329102,-1.0906427,LCC-FASD external-dev / cross-domain stress set,-0.6198028028011322,0.0,1.0
YOUTUBE_HPE17J001ER_REDMIN3P_id43_s0_133.png,1,VALID,0.06121826,0.057281494,0.040100098,-0.6806566,LCC-FASD external-dev / cross-domain stress set,-0.6198028028011322,0.0,1.0
YOUTUBE_HPE17J001ER_REDMIN3P_id43_s0_148.png,1,VALID,0.03274536,-0.08001709,0.34838867,-0.8173557,LCC-FASD external-dev / cross-domain stress set,-0.6198028028011322,0.0,1.0
YOUTUBE_HPE17J001ER_REDMIN3P_id43_s0_163.png,1,VALID,-0.27368164,0.26245117,0.03125,-1.1203463,LCC-FASD external-dev / cross-domain stress set,-0.6198028028011322,0.0,1.0
YOUTUBE_HPE17J001ER_REDMIN3P_id43_s1_15.png,1,VALID,0.7626953,-0.17944336,-0.35424805,0.33257908,LCC-FASD external-dev / cross-domain stress set,-0.6198028028011322,1.0,0.0
YOUTUBE_HPE17J001ER_REDMIN3P_id43_s1_30.png,1,VALID,0.9682617,-0.3737793,-0.44140625,0.68213576,LCC-FASD external-dev / cross-domain stress set,-0.6198028028011322,1.0,0.0
YOUTUBE_HPE17J001ER_REDMIN3P_id43_s1_45.png,1,VALID,0.98876953,0.040161133,-0.8017578,0.5903167,LCC-FASD external-dev / cross-domain stress set,-0.6198028028011322,1.0,0.0
YOUTUBE_HPE17J001ER_REDMIN3P_id43_s1_60.png,1,VALID,1.6513672,-0.3737793,-1.0166016,1.6026235,LCC-FASD external-dev / cross-domain stress set,-0.6198028028011322,1.0,0.0
YOUTUBE_HPE17J001ER_REDMIN3P_id43_s1_75.png,1,VALID,1.3837891,-0.20495605,-0.9086914,1.186797,LCC-FASD external-dev / cross-domain stress set,-0.6198028028011322,1.0,0.0
YOUTUBE_HPE17J001ER_REDMIN3P_id43_s1_90.png,1,VALID,0.30078125,0.34521484,-0.67089844,-0.35338718,LCC-FASD external-dev / cross-domain stress set,-0.6198028028011322,1.0,0.0
YOUTUBE_HPE17J001ER_REDMIN3P_id43_s1_105.png,1,VALID,0.038482666,0.077941895,0.0096588135,-0.69904757,LCC-FASD external-dev / cross-domain stress set,-0.6198028028011322,0.0,1.0
YOUTUBE_HPE17J001ER_REDMIN3P_id43_s1_120.png,1,VALID,0.5834961,0.3762207,-0.7817383,-0.06589699,LCC-FASD external-dev / cross-domain stress set,-0.6198028028011322,1.0,0.0
YOUTUBE_HPE17J001ER_REDMIN3P_id43_s1_135.png,1,VALID,0.7705078,0.20825195,-0.81884766,0.2562105,LCC-FASD external-dev / cross-domain stress set,-0.6198028028011322,1.0,0.0
YOUTUBE_HPE17J001ER_REDMIN3P_id43_s1_150.png,1,VALID,-0.5234375,0.79003906,-0.2902832,-1.6057626,LCC-FASD external-dev / cross-domain stress set,-0.6198028028011322,0.0,1.0
YOUTUBE_HPE17J001ER_REDMIN3P_id48_s1_15.png,1,VALID,0.47705078,-0.50341797,0.12878418,-0.07792896,LCC-FASD external-dev / cross-domain stress set,-0.6198028028011322,1.0,0.0
YOUTUBE_HPE17J001ER_REDMIN3P_id48_s1_30.png,1,VALID,-0.52001953,-0.36083984,0.84814453,-1.629374,LCC-FASD external-dev / cross-domain stress set,-0.6198028028011322,0.0,1.0
YOUTUBE_HPE17J001ER_REDMIN3P_id48_s1_45.png,1,VALID,0.3762207,-0.85058594,0.6977539,-0.5143005,LCC-FASD external-dev / cross-domain stress set,-0.6198028028011322,1.0,0.0
YOUTUBE_HPE17J001ER_REDMIN3P_id48_s1_63.png,1,VALID,0.034606934,0.0769043,-0.10748291,-0.6474948,LCC-FASD external-dev / cross-domain stress set,-0.6198028028011322,0.0,1.0
YOUTUBE_HPE17J001ER_REDMIN3P_id48_s1_78.png,1,VALID,1.1074219,-0.9604492,0.037078857,0.75641596,LCC-FASD external-dev / cross-domain stress set,-0.6198028028011322,1.0,0.0
YOUTUBE_HPE17J001ER_REDMIN3P_id48_s1_93.png,1,VALID,0.59375,-0.6723633,0.23693848,0.018337488,LCC-FASD external-dev / cross-domain stress set,-0.6198028028011322,1.0,0.0
YOUTUBE_HPE17J001ER_REDMIN3P_id48_s1_112.png,1,VALID,-0.78271484,-0.013122559,0.83984375,-1.9775364,LCC-FASD external-dev / cross-domain stress set,-0.6198028028011322,0.0,1.0
YOUTUBE_HPE17J001ER_REDMIN3P_id48_s1_127.png,1,VALID,-0.30151367,-0.69970703,1.0136719,-1.4809166,LCC-FASD external-dev / cross-domain stress set,-0.6198028028011322,0.0,1.0
YOUTUBE_HPE17J001ER_REDMIN3P_id48_s1_142.png,1,VALID,-0.85791016,0.51464844,0.0914917,-1.876345,LCC-FASD external-dev / cross-domain stress set,-0.6198028028011322,0.0,1.0
YOUTUBE_HPE17J001ER_REDMIN3P_id48_s1_157.png,1,VALID,0.38623047,-0.40063477,0.21569824,-0.2611987,LCC-FASD external-dev / cross-domain stress set,-0.6198028028011322,1.0,0.0
YOUTUBE_HPE17J001ER_ZSZD551KL_id48_s0_15.png,1,VALID,-0.09350586,0.84033203,-0.78125,-1.1141456,LCC-FASD external-dev / cross-domain stress set,-0.6198028028011322,0.0,1.0
YOUTUBE_HPE17J001ER_ZSZD551KL_id48_s0_30.png,1,VALID,-0.15063477,0.77783203,-0.6098633,-1.1513304,LCC-FASD external-dev / cross-domain stress set,-0.6198028028011322,0.0,1.0
YOUTUBE_HPE17J001ER_ZSZD551KL_id48_s0_45.png,1,VALID,-0.26635742,-0.15649414,0.65527344,-1.289098,LCC-FASD external-dev / cross-domain stress set,-0.6198028028011322,0.0,1.0
YOUTUBE_HPE17J001ER_ZSZD551KL_id48_s0_60.png,1,VALID,-0.107299805,0.16931152,0.052856445,-0.91322523,LCC-FASD external-dev / cross-domain stress set,-0.6198028028011322,0.0,1.0
YOUTUBE_HPE17J001ER_ZSZD551KL_id48_s0_105.png,1,VALID,0.20922852,0.115234375,-0.25097656,-0.43271852,LCC-FASD external-dev / cross-domain stress set,-0.6198028028011322,1.0,0.0
YOUTUBE_HPE17J001ER_ZSZD551KL_id48_s0_120.png,1,VALID,0.29663086,0.17590332,-0.46606445,-0.30209005,LCC-FASD external-dev / cross-domain stress set,-0.6198028028011322,1.0,0.0
YOUTUBE_HPE17J001ER_ZSZD551KL_id48_s0_135.png,1,VALID,-0.0496521,0.5786133,-0.5913086,-0.8985911,LCC-FASD external-dev / cross-domain stress set,-0.6198028028011322,0.0,1.0
YOUTUBE_HPE17J001ER_ZSZD551KL_id48_s0_150.png,1,VALID,1.1464844,-0.4074707,-0.6904297,0.9923123,LCC-FASD external-dev / cross-domain stress set,-0.6198028028011322,1.0,0.0
YOUTUBE_HP250_MEIZUM3S_id39_s1_31.png,1,VALID,-0.8388672,1.6542969,-1.140625,-2.5524888,LCC-FASD external-dev / cross-domain stress set,-0.6198028028011322,0.0,1.0
YOUTUBE_HP250_MEIZUM3S_id39_s1_56.png,1,VALID,-0.9453125,1.4511719,-0.81640625,-2.495028,LCC-FASD external-dev / cross-domain stress set,-0.6198028028011322,0.0,1.0
YOUTUBE_HP250_MEIZUM3S_id39_s1_86.png,1,VALID,-0.76904297,1.3769531,-0.9741211,-2.2369943,LCC-FASD external-dev / cross-domain stress set,-0.6198028028011322,0.0,1.0
YOUTUBE_HP250_MEIZUM3S_id39_s1_101.png,1,VALID,-0.81689453,1.4716797,-0.98583984,-2.3707504,LCC-FASD external-dev / cross-domain stress set,-0.6198028028011322,0.0,1.0
YOUTUBE_HP250_MEIZUM3S_id39_s1_116.png,1,VALID,-0.22692871,1.125,-0.9863281,-1.4662186,LCC-FASD external-dev / cross-domain stress set,-0.6198028028011322,0.0,1.0
YOUTUBE_HP250_MEIZUM3S_id39_s1_131.png,1,VALID,-0.37817383,0.7553711,-0.49926758,-1.3844428,LCC-FASD external-dev / cross-domain stress set,-0.6198028028011322,0.0,1.0
YOUTUBE_HP250_MEIZUM3S_id42_s0_15.png,1,VALID,-0.39331055,1.0986328,-1.0585938,-1.6013764,LCC-FASD external-dev / cross-domain stress set,-0.6198028028011322,0.0,1.0
YOUTUBE_HP250_MEIZUM3S_id42_s0_30.png,1,VALID,-0.053588867,1.0839844,-1.2470703,-1.2303286,LCC-FASD external-dev / cross-domain stress set,-0.6198028028011322,0.0,1.0
YOUTUBE_HP250_MEIZUM3S_id42_s0_45.png,1,VALID,-0.50878906,1.2373047,-1.0625,-1.8416569,LCC-FASD external-dev / cross-domain stress set,-0.6198028028011322,0.0,1.0
YOUTUBE_HP250_MEIZUM3S_id42_s0_60.png,1,VALID,-0.4819336,1.4863281,-1.2792969,-2.0292974,LCC-FASD external-dev / cross-domain stress set,-0.6198028028011322,0.0,1.0
YOUTUBE_HP250_MEIZUM3S_id42_s0_75.png,1,VALID,-0.4855957,1.2265625,-1.0517578,-1.8096988,LCC-FASD external-dev / cross-domain stress set,-0.6198028028011322,0.0,1.0
YOUTUBE_HP250_MEIZUM3S_id42_s0_90.png,1,VALID,-0.3112793,1.265625,-1.2480469,-1.6547635,LCC-FASD external-dev / cross-domain stress set,-0.6198028028011322,0.0,1.0
YOUTUBE_HP250_MEIZUM3S_id42_s0_105.png,1,VALID,-0.5673828,1.328125,-1.1708984,-1.9744717,LCC-FASD external-dev / cross-domain stress set,-0.6198028028011322,0.0,1.0
YOUTUBE_HP250_MEIZUM3S_id42_s0_120.png,1,VALID,-0.6118164,1.2167969,-0.9863281,-1.9333853,LCC-FASD external-dev / cross-domain stress set,-0.6198028028011322,0.0,1.0
YOUTUBE_HP250_MEIZUM3S_id42_s0_135.png,1,VALID,-0.20129395,1.2041016,-1.2333984,-1.4891657,LCC-FASD external-dev / cross-domain stress set,-0.6198028028011322,0.0,1.0
YOUTUBE_HP250_MEIZUM3S_id42_s0_150.png,1,VALID,-0.41064453,1.3515625,-1.2675781,-1.8325402,LCC-FASD external-dev / cross-domain stress set,-0.6198028028011322,0.0,1.0
YOUTUBE_HP250_MEIZUM3S_id42_s1_75.png,1,VALID,-1.4775391,2.1816406,-1.3496094,-3.6880279,LCC-FASD external-dev / cross-domain stress set,-0.6198028028011322,0.0,1.0
YOUTUBE_HP250_SGJ7_id39_s1_29.png,1,VALID,-0.40014648,1.2763672,-1.1269531,-1.7630742,LCC-FASD external-dev / cross-domain stress set,-0.6198028028011322,0.0,1.0
YOUTUBE_HP250_SGJ7_id39_s1_59.png,1,VALID,-0.39794922,0.34692383,0.09484863,-1.3199043,LCC-FASD external-dev / cross-domain stress set,-0.6198028028011322,0.0,1.0
YOUTUBE_HP250_SGJ7_id39_s1_74.png,1,VALID,-0.27294922,0.9301758,-0.9272461,-1.3481553,LCC-FASD external-dev / cross-domain stress set,-0.6198028028011322,0.0,1.0
YOUTUBE_HP250_SGJ7_id39_s1_94.png,1,VALID,-0.17797852,1.0087891,-0.8520508,-1.331337,LCC-FASD external-dev / cross-domain stress set,-0.6198028028011322,0.0,1.0
YOUTUBE_HP250_SGJ7_id39_s1_109.png,1,VALID,0.25512695,0.99853516,-1.2490234,-0.84384775,LCC-FASD external-dev / cross-domain stress set,-0.6198028028011322,0.0,1.0
YOUTUBE_HP250_SGJ7_id39_s1_124.png,1,VALID,-0.14294434,0.94677734,-0.9243164,-1.2329171,LCC-FASD external-dev / cross-domain stress set,-0.6198028028011322,0.0,1.0
YOUTUBE_HP250G6_XPERIAZ5_id48_s1_17.png,1,VALID,-0.59033203,0.5996094,0.12194824,-1.672511,LCC-FASD external-dev / cross-domain stress set,-0.6198028028011322,0.0,1.0
YOUTUBE_HP250G6_XPERIAZ5_id48_s1_32.png,1,VALID,-0.80322266,0.55810547,0.2763672,-1.9234955,LCC-FASD external-dev / cross-domain stress set,-0.6198028028011322,0.0,1.0
YOUTUBE_HP250G6_XPERIAZ5_id48_s1_47.png,1,VALID,-0.8857422,0.42382812,0.42895508,-2.0052843,LCC-FASD external-dev / cross-domain stress set,-0.6198028028011322,0.0,1.0
YOUTUBE_HP250G6_XPERIAZ5_id48_s1_62.png,1,VALID,-1.4199219,1.140625,0.0025310516,-2.8385038,LCC-FASD external-dev / cross-domain stress set,-0.6198028028011322,0.0,1.0
YOUTUBE_HP250G6_XPERIAZ5_id48_s1_77.png,1,VALID,-0.7861328,0.9902344,-0.40576172,-1.9975779,LCC-FASD external-dev / cross-domain stress set,-0.6198028028011322,0.0,1.0
YOUTUBE_HP250G6_XPERIAZ5_id48_s1_92.png,1,VALID,-0.20812988,0.78271484,-0.63427734,-1.2079237,LCC-FASD external-dev / cross-domain stress set,-0.6198028028011322,0.0,1.0
YOUTUBE_HP250G6_XPERIAZ5_id48_s1_128.png,1,VALID,-1.4638672,1.3916016,-0.4091797,-3.0083356,LCC-FASD external-dev / cross-domain stress set,-0.6198028028011322,0.0,1.0
YOUTUBE_HP250G6_XPERIAZ5_id48_s1_143.png,1,VALID,-0.8496094,1.1826172,-0.60253906,-2.187323,LCC-FASD external-dev / cross-domain stress set,-0.6198028028011322,0.0,1.0
YOUTUBE_HP250G6_XPERIAZ5_id48_s1_158.png,1,VALID,-0.71533203,1.0439453,-0.38476562,-1.9740803,LCC-FASD external-dev / cross-domain stress set,-0.6198028028011322,0.0,1.0
YOUTUBE_HP3165NGW_IPADA1893_id39_s0_17.png,1,VALID,-0.27246094,0.6953125,-0.6220703,-1.2050844,LCC-FASD external-dev / cross-domain stress set,-0.6198028028011322,0.0,1.0
YOUTUBE_HP3165NGW_IPADA1893_id39_s0_34.png,1,VALID,-0.6640625,1.7089844,-1.2851562,-2.421913,LCC-FASD external-dev / cross-domain stress set,-0.6198028028011322,0.0,1.0
YOUTUBE_HP3165NGW_IPADA1893_id39_s0_49.png,1,VALID,-0.3684082,1.6894531,-1.6777344,-2.0917664,LCC-FASD external-dev / cross-domain stress set,-0.6198028028011322,0.0,1.0
YOUTUBE_HP3165NGW_IPADA1893_id43_s0_15.png,1,VALID,0.1385498,0.7783203,-1.0712891,-0.785859,LCC-FASD external-dev / cross-domain stress set,-0.6198028028011322,0.0,1.0
YOUTUBE_HP3165NGW_IPADA1893_id43_s0_30.png,1,VALID,-0.6948242,1.1416016,-0.8256836,-1.9673102,LCC-FASD external-dev / cross-domain stress set,-0.6198028028011322,0.0,1.0
YOUTUBE_HP3165NGW_IPADA1893_id43_s0_45.png,1,VALID,-0.93652344,1.1953125,-0.640625,-2.2797937,LCC-FASD external-dev / cross-domain stress set,-0.6198028028011322,0.0,1.0
YOUTUBE_HP3165NGW_IPADA1893_id43_s0_60.png,1,VALID,-0.2631836,0.68115234,-0.47485352,-1.2179755,LCC-FASD external-dev / cross-domain stress set,-0.6198028028011322,0.0,1.0
YOUTUBE_HP3165NGW_IPADA1893_id43_s0_75.png,1,VALID,0.085876465,0.96240234,-1.4511719,-0.96224,LCC-FASD external-dev / cross-domain stress set,-0.6198028028011322,0.0,1.0
YOUTUBE_HP3165NGW_IPADA1893_id43_s0_90.png,1,VALID,0.1640625,0.7919922,-1.2275391,-0.7525494,LCC-FASD external-dev / cross-domain stress set,-0.6198028028011322,0.0,1.0
YOUTUBE_HP3165NGW_IPADA1893_id43_s0_105.png,1,VALID,-1.1123047,0.9614258,-0.119140625,-2.3659546,LCC-FASD external-dev / cross-domain stress set,-0.6198028028011322,0.0,1.0
YOUTUBE_HP3165NGW_IPADA1893_id43_s0_120.png,1,VALID,-0.050628662,0.69873047,-0.7836914,-0.9540022,LCC-FASD external-dev / cross-domain stress set,-0.6198028028011322,0.0,1.0
YOUTUBE_HP3165NGW_IPADA1893_id43_s0_135.png,1,VALID,-0.5029297,0.9790039,-0.89404297,-1.6248686,LCC-FASD external-dev / cross-domain stress set,-0.6198028028011322,0.0,1.0
YOUTUBE_HP3165NGW_IPADA1893_id43_s0_150.png,1,VALID,-0.39501953,0.75146484,-0.5605469,-1.3849325,LCC-FASD external-dev / cross-domain stress set,-0.6198028028011322,0.0,1.0
YOUTUBE_HP3165NGW_IPADA1893_id43_s1_15.png,1,VALID,-0.39038086,1.7714844,-1.6757812,-2.1932015,LCC-FASD external-dev / cross-domain stress set,-0.6198028028011322,0.0,1.0
YOUTUBE_HP3165NGW_IPADA1893_id43_s1_30.png,1,VALID,0.6425781,0.796875,-1.4257812,-0.25714308,LCC-FASD external-dev / cross-domain stress set,-0.6198028028011322,1.0,0.0
YOUTUBE_HP3165NGW_IPADA1893_id43_s1_45.png,1,VALID,-0.77441406,1.8037109,-1.3427734,-2.6202292,LCC-FASD external-dev / cross-domain stress set,-0.6198028028011322,0.0,1.0
YOUTUBE_HP3165NGW_IPADA1893_id43_s1_60.png,1,VALID,-0.61816406,1.3046875,-1.0869141,-2.0103889,LCC-FASD external-dev / cross-domain stress set,-0.6198028028011322,0.0,1.0
YOUTUBE_HP3165NGW_IPADA1893_id43_s1_75.png,1,VALID,-0.31445312,1.1630859,-1.0742188,-1.578963,LCC-FASD external-dev / cross-domain stress set,-0.6198028028011322,0.0,1.0
YOUTUBE_HP3165NGW_IPADA1893_id43_s1_90.png,1,VALID,-0.19189453,1.5458984,-1.609375,-1.7795362,LCC-FASD external-dev / cross-domain stress set,-0.6198028028011322,0.0,1.0
YOUTUBE_HP3165NGW_IPADA1893_id43_s1_105.png,1,VALID,-0.031341553,1.6503906,-1.5966797,-1.7198831,LCC-FASD external-dev / cross-domain stress set,-0.6198028028011322,0.0,1.0
YOUTUBE_HP3165NGW_IPADA1893_id43_s1_120.png,1,VALID,-1.0214844,2.0546875,-1.4814453,-3.1048815,LCC-FASD external-dev / cross-domain stress set,-0.6198028028011322,0.0,1.0
YOUTUBE_HP3165NGW_IPADA1893_id43_s1_135.png,1,VALID,-0.37646484,1.6972656,-1.6328125,-2.1088953,LCC-FASD external-dev / cross-domain stress set,-0.6198028028011322,0.0,1.0
YOUTUBE_DV3360_LA6020A40_id42_s0_45.png,1,VALID,-0.90966797,1.0634766,-0.4243164,-2.176796,LCC-FASD external-dev / cross-domain stress set,-0.6198028028011322,0.0,1.0
YOUTUBE_DV3360_LA6020A40_id42_s0_60.png,1,VALID,0.11773682,0.42578125,-0.7026367,-0.588358,LCC-FASD external-dev / cross-domain stress set,-0.6198028028011322,1.0,0.0
YOUTUBE_DV3360_LA6020A40_id42_s0_75.png,1,VALID,0.08538818,0.1340332,-0.23583984,-0.5738598,LCC-FASD external-dev / cross-domain stress set,-0.6198028028011322,1.0,0.0
YOUTUBE_DV3360_LA6020A40_id42_s1_15.png,1,VALID,0.06817627,0.6533203,-0.74072266,-0.80674267,LCC-FASD external-dev / cross-domain stress set,-0.6198028028011322,0.0,1.0
YOUTUBE_DV3360_LA6020A40_id42_s1_30.png,1,VALID,-0.47460938,0.8383789,-0.46435547,-1.5534117,LCC-FASD external-dev / cross-domain stress set,-0.6198028028011322,0.0,1.0
YOUTUBE_DV3360_LA6020A40_id42_s1_45.png,1,VALID,-0.36669922,0.484375,-0.18786621,-1.2635567,LCC-FASD external-dev / cross-domain stress set,-0.6198028028011322,0.0,1.0
YOUTUBE_DV3360_LA6020A40_id42_s1_60.png,1,VALID,-0.11981201,0.8232422,-0.9082031,-1.1060472,LCC-FASD external-dev / cross-domain stress set,-0.6198028028011322,0.0,1.0
YOUTUBE_DV3360_LA6020A40_id42_s1_75.png,1,VALID,0.5698242,-0.072509766,-0.32543945,0.067676246,LCC-FASD external-dev / cross-domain stress set,-0.6198028028011322,1.0,0.0
YOUTUBE_HP15AC113UR_GZS5001_id39_s1_56.png,1,VALID,-1.2919922,1.2685547,-0.17480469,-2.7725348,LCC-FASD external-dev / cross-domain stress set,-0.6198028028011322,0.0,1.0
YOUTUBE_HP15AC113UR_GZS5001_id39_s1_95.png,1,VALID,-0.40234375,1.2285156,-0.84033203,-1.7498251,LCC-FASD external-dev / cross-domain stress set,-0.6198028028011322,0.0,1.0
YOUTUBE_HP15AC113UR_GZS5001_id39_s1_110.png,1,VALID,-0.6533203,1.6533203,-1.1621094,-2.3647952,LCC-FASD external-dev / cross-domain stress set,-0.6198028028011322,0.0,1.0
YOUTUBE_HP15AC113UR_GZS5001_id39_s1_126.png,1,VALID,-0.41577148,1.2753906,-0.86279297,-1.8025861,LCC-FASD external-dev / cross-domain stress set,-0.6198028028011322,0.0,1.0
YOUTUBE_HP15AC113UR_GZS5001_id42_s0_36.png,1,VALID,-0.4892578,0.90478516,-0.46484375,-1.6205419,LCC-FASD external-dev / cross-domain stress set,-0.6198028028011322,0.0,1.0
YOUTUBE_HP15AC113UR_GZS5001_id42_s0_51.png,1,VALID,-0.5830078,1.09375,-0.76953125,-1.820999,LCC-FASD external-dev / cross-domain stress set,-0.6198028028011322,0.0,1.0
YOUTUBE_HP15AC113UR_GZS5001_id42_s0_66.png,1,VALID,-0.37109375,0.88427734,-0.74902344,-1.4337548,LCC-FASD external-dev / cross-domain stress set,-0.6198028028011322,0.0,1.0
YOUTUBE_HP15AC113UR_GZS5001_id42_s0_81.png,1,VALID,-0.58203125,0.6972656,-0.23596191,-1.6109592,LCC-FASD external-dev / cross-domain stress set,-0.6198028028011322,0.0,1.0
YOUTUBE_HP15AC113UR_GZS5001_id42_s0_96.png,1,VALID,-0.48779297,0.8022461,-0.3642578,-1.5611755,LCC-FASD external-dev / cross-domain stress set,-0.6198028028011322,0.0,1.0
YOUTUBE_HP15AC113UR_GZS5001_id42_s0_111.png,1,VALID,-0.5805664,0.8569336,-0.42358398,-1.6827129,LCC-FASD external-dev / cross-domain stress set,-0.6198028028011322,0.0,1.0
YOUTUBE_HP15AC113UR_GZS5001_id42_s0_126.png,1,VALID,-0.70166016,0.8046875,-0.27246094,-1.7994391,LCC-FASD external-dev / cross-domain stress set,-0.6198028028011322,0.0,1.0
YOUTUBE_HP15AC113UR_GZS5001_id42_s0_141.png,1,VALID,-0.5083008,1.0419922,-0.6748047,-1.7155029,LCC-FASD external-dev / cross-domain stress set,-0.6198028028011322,0.0,1.0
YOUTUBE_HP15AC113UR_GZS5001_id42_s0_156.png,1,VALID,-0.6171875,0.94189453,-0.41577148,-1.7880173,LCC-FASD external-dev / cross-domain stress set,-0.6198028028011322,0.0,1.0
YOUTUBE_HP15AC113UR_GZS5001_id42_s0_171.png,1,VALID,-0.59375,1.4003906,-0.9428711,-2.0858204,LCC-FASD external-dev / cross-domain stress set,-0.6198028028011322,0.0,1.0
YOUTUBE_HP15AC113UR_GZS5001_id48_s0_15.png,1,VALID,-1.3388672,2.0898438,-1.0166016,-3.472498,LCC-FASD external-dev / cross-domain stress set,-0.6198028028011322,0.0,1.0
YOUTUBE_HP15AC113UR_GZS5001_id48_s0_30.png,1,VALID,-1.0263672,2.1015625,-1.4384766,-3.156529,LCC-FASD external-dev / cross-domain stress set,-0.6198028028011322,0.0,1.0
YOUTUBE_HP15AC113UR_GZS5001_id48_s0_45.png,1,VALID,-1.6025391,1.9414062,-0.76708984,-3.608456,LCC-FASD external-dev / cross-domain stress set,-0.6198028028011322,0.0,1.0
YOUTUBE_HP15AC113UR_GZS5001_id48_s0_60.png,1,VALID,-1.4111328,1.5234375,-0.4477539,-3.0649762,LCC-FASD external-dev / cross-domain stress set,-0.6198028028011322,0.0,1.0
YOUTUBE_HP15AC113UR_GZS5001_id48_s0_75.png,1,VALID,-1.6806641,1.7822266,-0.39404297,-3.5703664,LCC-FASD external-dev / cross-domain stress set,-0.6198028028011322,0.0,1.0
YOUTUBE_HP15AC113UR_GZS5001_id48_s0_90.png,1,VALID,-1.3642578,1.8134766,-0.76464844,-3.250907,LCC-FASD external-dev / cross-domain stress set,-0.6198028028011322,0.0,1.0
YOUTUBE_HP15AC113UR_GZS5001_id48_s0_105.png,1,VALID,-1.2558594,1.8271484,-0.7529297,-3.1560426,LCC-FASD external-dev / cross-domain stress set,-0.6198028028011322,0.0,1.0
YOUTUBE_HP15AC113UR_GZS5001_id48_s0_120.png,1,VALID,-1.2568359,1.8320312,-0.9003906,-3.1518998,LCC-FASD external-dev / cross-domain stress set,-0.6198028028011322,0.0,1.0
YOUTUBE_HP15AC113UR_GZS5001_id48_s0_135.png,1,VALID,-0.85791016,1.7832031,-1.2988281,-2.6859584,LCC-FASD external-dev / cross-domain stress set,-0.6198028028011322,0.0,1.0
YOUTUBE_HP15AC113UR_GZS5001_id48_s0_150.png,1,VALID,-0.20227051,0.7578125,-0.765625,-1.1572614,LCC-FASD external-dev / cross-domain stress set,-0.6198028028011322,0.0,1.0
YOUTUBE_HP250G6_XPERIAZ5_id43_s0_15.png,1,VALID,-0.42797852,0.49316406,-0.19921875,-1.3268626,LCC-FASD external-dev / cross-domain stress set,-0.6198028028011322,0.0,1.0
YOUTUBE_HP250G6_XPERIAZ5_id43_s0_30.png,1,VALID,-1.2578125,1.2148438,-0.18334961,-2.6934314,LCC-FASD external-dev / cross-domain stress set,-0.6198028028011322,0.0,1.0
YOUTUBE_HP250G6_XPERIAZ5_id43_s0_47.png,1,VALID,-1.5722656,1.1777344,0.047973633,-3.0299854,LCC-FASD external-dev / cross-domain stress set,-0.6198028028011322,0.0,1.0
YOUTUBE_HP250G6_XPERIAZ5_id43_s0_66.png,1,VALID,-1.0048828,0.72509766,0.22399902,-2.2036428,LCC-FASD external-dev / cross-domain stress set,-0.6198028028011322,0.0,1.0
YOUTUBE_HP250G6_XPERIAZ5_id43_s0_81.png,1,VALID,-0.87158203,0.70996094,0.109558105,-2.0188882,LCC-FASD external-dev / cross-domain stress set,-0.6198028028011322,0.0,1.0
YOUTUBE_HP250G6_XPERIAZ5_id43_s0_96.png,1,VALID,-0.7216797,0.5019531,0.093811035,-1.7333884,LCC-FASD external-dev / cross-domain stress set,-0.6198028028011322,0.0,1.0
YOUTUBE_HP250G6_XPERIAZ5_id43_s0_118.png,1,VALID,-1.1582031,1.4560547,-0.6464844,-2.7295008,LCC-FASD external-dev / cross-domain stress set,-0.6198028028011322,0.0,1.0
YOUTUBE_HP250G6_XPERIAZ5_id43_s0_133.png,1,VALID,-0.5722656,0.7939453,-0.3779297,-1.6360744,LCC-FASD external-dev / cross-domain stress set,-0.6198028028011322,0.0,1.0
YOUTUBE_HP250G6_XPERIAZ5_id43_s0_148.png,1,VALID,-0.9560547,0.671875,0.07836914,-2.0677235,LCC-FASD external-dev / cross-domain stress set,-0.6198028028011322,0.0,1.0
YOUTUBE_HP250G6_XPERIAZ5_id43_s0_164.png,1,VALID,-1.0371094,0.5307617,0.48364258,-2.2377362,LCC-FASD external-dev / cross-domain stress set,-0.6198028028011322,0.0,1.0
YOUTUBE_HP250G6_XPERIAZ5_id43_s1_15.png,1,VALID,-0.2163086,1.4716797,-1.4619141,-1.7398267,LCC-FASD external-dev / cross-domain stress set,-0.6198028028011322,0.0,1.0
YOUTUBE_HP250G6_XPERIAZ5_id43_s1_30.png,1,VALID,0.09613037,0.7861328,-0.9526367,-0.85189724,LCC-FASD external-dev / cross-domain stress set,-0.6198028028011322,0.0,1.0
YOUTUBE_HP250G6_XPERIAZ5_id43_s1_46.png,1,VALID,-0.07836914,0.043823242,0.024215698,-0.80558383,LCC-FASD external-dev / cross-domain stress set,-0.6198028028011322,0.0,1.0
YOUTUBE_HP250G6_XPERIAZ5_id43_s1_61.png,1,VALID,-0.9663086,0.7836914,-0.056549072,-2.1087976,LCC-FASD external-dev / cross-domain stress set,-0.6198028028011322,0.0,1.0
YOUTUBE_HP250G6_XPERIAZ5_id43_s1_76.png,1,VALID,0.059631348,1.0566406,-1.1523438,-1.1012,LCC-FASD external-dev / cross-domain stress set,-0.6198028028011322,0.0,1.0
YOUTUBE_HP250G6_XPERIAZ5_id43_s1_92.png,1,VALID,-0.36157227,1.3798828,-1.1738281,-1.81637,LCC-FASD external-dev / cross-domain stress set,-0.6198028028011322,0.0,1.0
YOUTUBE_HP250G6_XPERIAZ5_id43_s1_107.png,1,VALID,-0.3425293,0.61328125,-0.4506836,-1.2522677,LCC-FASD external-dev / cross-domain stress set,-0.6198028028011322,0.0,1.0
YOUTUBE_HP250G6_XPERIAZ5_id43_s1_122.png,1,VALID,-0.7910156,0.6723633,-0.007549286,-1.873275,LCC-FASD external-dev / cross-domain stress set,-0.6198028028011322,0.0,1.0
YOUTUBE_HP250G6_XPERIAZ5_id43_s1_137.png,1,VALID,-0.2602539,1.0644531,-0.88378906,-1.4579473,LCC-FASD external-dev / cross-domain stress set,-0.6198028028011322,0.0,1.0
YOUTUBE_HP250G6_XPERIAZ5_id43_s1_152.png,1,VALID,-0.70214844,0.51220703,0.07891846,-1.7141445,LCC-FASD external-dev / cross-domain stress set,-0.6198028028011322,0.0,1.0
YOUTUBE_HP250G6_XPERIAZ5_id48_s1_107.png,1,VALID,-0.73535156,0.8544922,-0.38720703,-1.8436273,LCC-FASD external-dev / cross-domain stress set,-0.6198028028011322,0.0,1.0
YOUTUBE_DIGUNKNOWN_IPHONE5SF_id42_s1_95.png,1,VALID,0.13769531,0.44628906,-0.7060547,-0.5831112,LCC-FASD external-dev / cross-domain stress set,-0.6198028028011322,1.0,0.0
YOUTUBE_DLE6540_HTCDEYE_id39_s1_15.png,1,VALID,-0.43798828,0.86083984,-0.52685547,-1.5216917,LCC-FASD external-dev / cross-domain stress set,-0.6198028028011322,0.0,1.0
YOUTUBE_DLE6540_HTCDEYE_id39_s1_53.png,1,VALID,-1.2294922,1.1679688,-0.15429688,-2.6337423,LCC-FASD external-dev / cross-domain stress set,-0.6198028028011322,0.0,1.0
YOUTUBE_DLE6540_HTCDEYE_id39_s1_68.png,1,VALID,0.05581665,0.81396484,-0.7495117,-0.9482782,LCC-FASD external-dev / cross-domain stress set,-0.6198028028011322,0.0,1.0
YOUTUBE_DLE6540_HTCDEYE_id39_s1_83.png,1,VALID,0.09954834,0.70458984,-0.77246094,-0.81068075,LCC-FASD external-dev / cross-domain stress set,-0.6198028028011322,0.0,1.0
YOUTUBE_DLE6540_HTCDEYE_id39_s1_98.png,1,VALID,-0.10809326,0.7963867,-0.7807617,-1.0922561,LCC-FASD external-dev / cross-domain stress set,-0.6198028028011322,0.0,1.0
YOUTUBE_DLE6540_HTCDEYE_id39_s1_113.png,1,VALID,-0.22680664,0.7597656,-0.5751953,-1.2201955,LCC-FASD external-dev / cross-domain stress set,-0.6198028028011322,0.0,1.0
YOUTUBE_DLE6540_HTCDEYE_id39_s1_128.png,1,VALID,-0.06970215,1.0693359,-1.1162109,-1.2455726,LCC-FASD external-dev / cross-domain stress set,-0.6198028028011322,0.0,1.0
YOUTUBE_DLE6540_HTCDEYE_id42_s0_15.png,1,VALID,1.2021484,-0.7529297,-0.22045898,0.96066594,LCC-FASD external-dev / cross-domain stress set,-0.6198028028011322,1.0,0.0
YOUTUBE_DLE6540_HTCDEYE_id42_s0_30.png,1,VALID,1.2587891,-0.6977539,-0.32543945,1.0600104,LCC-FASD external-dev / cross-domain stress set,-0.6198028028011322,1.0,0.0
YOUTUBE_DLE6540_HTCDEYE_id42_s0_45.png,1,VALID,0.6899414,-0.29492188,-0.25390625,0.27099806,LCC-FASD external-dev / cross-domain stress set,-0.6198028028011322,1.0,0.0
YOUTUBE_DLE6540_HTCDEYE_id42_s0_60.png,1,VALID,0.67089844,-0.11773682,-0.48120117,0.26079708,LCC-FASD external-dev / cross-domain stress set,-0.6198028028011322,1.0,0.0
YOUTUBE_DLE6540_HTCDEYE_id42_s0_75.png,1,VALID,0.8046875,-0.19238281,-0.44750977,0.42337233,LCC-FASD external-dev / cross-domain stress set,-0.6198028028011322,1.0,0.0
YOUTUBE_DLE6540_HTCDEYE_id42_s0_90.png,1,VALID,0.7416992,-0.034210205,-0.5541992,0.30933228,LCC-FASD external-dev / cross-domain stress set,-0.6198028028011322,1.0,0.0
YOUTUBE_DLE6540_HTCDEYE_id42_s0_105.png,1,VALID,0.76123047,-0.37451172,-0.3046875,0.40707356,LCC-FASD external-dev / cross-domain stress set,-0.6198028028011322,1.0,0.0
YOUTUBE_DLE6540_HTCDEYE_id42_s0_120.png,1,VALID,0.93115234,-0.33325195,-0.47509766,0.63966703,LCC-FASD external-dev / cross-domain stress set,-0.6198028028011322,1.0,0.0
YOUTUBE_DLE6540_HTCDEYE_id42_s0_135.png,1,VALID,1.3505859,-0.6118164,-0.5205078,1.2225591,LCC-FASD external-dev / cross-domain stress set,-0.6198028028011322,1.0,0.0
YOUTUBE_DLE6540_HTCDEYE_id42_s0_150.png,1,VALID,0.81396484,-0.20983887,-0.4975586,0.46420407,LCC-FASD external-dev / cross-domain stress set,-0.6198028028011322,1.0,0.0
YOUTUBE_DLE6540_HTCDEYE_id42_s1_15.png,1,VALID,-0.14709473,0.8564453,-0.7709961,-1.1828834,LCC-FASD external-dev / cross-domain stress set,-0.6198028028011322,0.0,1.0
YOUTUBE_DLE6540_HTCDEYE_id42_s1_30.png,1,VALID,-0.056549072,0.9555664,-1.0693359,-1.1361074,LCC-FASD external-dev / cross-domain stress set,-0.6198028028011322,0.0,1.0
YOUTUBE_DLE6540_HTCDEYE_id42_s1_45.png,1,VALID,-0.003894806,1.1357422,-1.15625,-1.2359148,LCC-FASD external-dev / cross-domain stress set,-0.6198028028011322,0.0,1.0
YOUTUBE_DLE6540_HTCDEYE_id42_s1_60.png,1,VALID,0.24975586,0.9091797,-1.1601562,-0.77833474,LCC-FASD external-dev / cross-domain stress set,-0.6198028028011322,0.0,1.0
YOUTUBE_DLE6540_HTCDEYE_id42_s1_75.png,1,VALID,0.29052734,0.89697266,-1.1748047,-0.72508276,LCC-FASD external-dev / cross-domain stress set,-0.6198028028011322,0.0,1.0
YOUTUBE_DLE6540_HTCDEYE_id42_s1_90.png,1,VALID,0.31445312,0.8076172,-1.1914062,-0.62020856,LCC-FASD external-dev / cross-domain stress set,-0.6198028028011322,0.0,1.0
YOUTUBE_DLE6540_HTCDEYE_id42_s1_136.png,1,VALID,-0.14660645,0.7182617,-0.64697266,-1.0922593,LCC-FASD external-dev / cross-domain stress set,-0.6198028028011322,0.0,1.0
YOUTUBE_DLE6540_HTCDEYE_id42_s1_152.png,1,VALID,-0.57373047,1.0234375,-0.5522461,-1.7851949,LCC-FASD external-dev / cross-domain stress set,-0.6198028028011322,0.0,1.0
YOUTUBE_DP2717H_HTCONEM9_id48_s0_15.png,1,VALID,0.15148926,1.1308594,-1.3779297,-1.0575957,LCC-FASD external-dev / cross-domain stress set,-0.6198028028011322,0.0,1.0
YOUTUBE_DP2717H_HTCONEM9_id48_s0_30.png,1,VALID,-0.8041992,1.5302734,-0.8989258,-2.4189124,LCC-FASD external-dev / cross-domain stress set,-0.6198028028011322,0.0,1.0
YOUTUBE_DP2717H_HTCONEM9_id48_s0_45.png,1,VALID,-0.80029297,1.5097656,-0.8178711,-2.4031172,LCC-FASD external-dev / cross-domain stress set,-0.6198028028011322,0.0,1.0
YOUTUBE_DP2717H_HTCONEM9_id48_s0_60.png,1,VALID,-0.12042236,0.7426758,-0.5234375,-1.1114612,LCC-FASD external-dev / cross-domain stress set,-0.6198028028011322,0.0,1.0
YOUTUBE_DP2717H_HTCONEM9_id48_s0_75.png,1,VALID,-0.32910156,1.1699219,-0.73291016,-1.6380422,LCC-FASD external-dev / cross-domain stress set,-0.6198028028011322,0.0,1.0
YOUTUBE_DP2717H_HTCONEM9_id48_s0_90.png,1,VALID,0.13452148,0.8955078,-0.9248047,-0.91110754,LCC-FASD external-dev / cross-domain stress set,-0.6198028028011322,0.0,1.0
YOUTUBE_DP2717H_HTCONEM9_id48_s0_105.png,1,VALID,-0.22717285,1.6767578,-1.4257812,-1.9478853,LCC-FASD external-dev / cross-domain stress set,-0.6198028028011322,0.0,1.0
YOUTUBE_DP2717H_HTCONEM9_id48_s0_120.png,1,VALID,0.49829102,0.71191406,-0.9121094,-0.39352846,LCC-FASD external-dev / cross-domain stress set,-0.6198028028011322,1.0,0.0
YOUTUBE_DP2717H_HTCONEM9_id48_s0_135.png,1,VALID,-0.43066406,2.0566406,-1.6191406,-2.5123188,LCC-FASD external-dev / cross-domain stress set,-0.6198028028011322,0.0,1.0
YOUTUBE_DP2717H_HTCONEM9_id48_s0_150.png,1,VALID,-0.32202148,1.7128906,-1.3095703,-2.0824456,LCC-FASD external-dev / cross-domain stress set,-0.6198028028011322,0.0,1.0
YOUTUBE_DV3360_LA6020A40_id39_s1_15.png,1,VALID,0.58447266,0.008590698,-0.70214844,0.17624652,LCC-FASD external-dev / cross-domain stress set,-0.6198028028011322,1.0,0.0
YOUTUBE_DV3360_LA6020A40_id39_s1_30.png,1,VALID,-0.15881348,0.6489258,-0.6479492,-1.0494179,LCC-FASD external-dev / cross-domain stress set,-0.6198028028011322,0.0,1.0
YOUTUBE_DV3360_LA6020A40_id39_s1_45.png,1,VALID,0.18811035,0.51171875,-0.8774414,-0.5461795,LCC-FASD external-dev / cross-domain stress set,-0.6198028028011322,1.0,0.0
YOUTUBE_DV3360_LA6020A40_id39_s1_63.png,1,VALID,0.65283203,0.38183594,-1.1953125,0.083220065,LCC-FASD external-dev / cross-domain stress set,-0.6198028028011322,1.0,0.0
YOUTUBE_DV3360_LA6020A40_id39_s1_78.png,1,VALID,0.35253906,0.41137695,-0.8457031,-0.30919456,LCC-FASD external-dev / cross-domain stress set,-0.6198028028011322,1.0,0.0
YOUTUBE_DV3360_LA6020A40_id39_s1_93.png,1,VALID,0.97802734,-0.15527344,-0.76904297,0.70067036,LCC-FASD external-dev / cross-domain stress set,-0.6198028028011322,1.0,0.0
YOUTUBE_DV3360_LA6020A40_id39_s1_108.png,1,VALID,0.31811523,0.28686523,-0.69970703,-0.28564072,LCC-FASD external-dev / cross-domain stress set,-0.6198028028011322,1.0,0.0
YOUTUBE_DV3360_LA6020A40_id39_s1_123.png,1,VALID,0.51464844,0.4111328,-1.1035156,-0.09524137,LCC-FASD external-dev / cross-domain stress set,-0.6198028028011322,1.0,0.0
YOUTUBE_DV3360_LA6020A40_id42_s0_15.png,1,VALID,-0.033447266,0.3239746,-0.50878906,-0.71847934,LCC-FASD external-dev / cross-domain stress set,-0.6198028028011322,0.0,1.0
YOUTUBE_DV3360_LA6020A40_id42_s0_30.png,1,VALID,-0.062561035,0.24951172,-0.4099121,-0.7289058,LCC-FASD external-dev / cross-domain stress set,-0.6198028028011322,0.0,1.0
YOUTUBE_DV3360_LA6020A40_id42_s0_106.png,1,VALID,0.11810303,0.23840332,-0.33032227,-0.56898236,LCC-FASD external-dev / cross-domain stress set,-0.6198028028011322,1.0,0.0
YOUTUBE_DV3360_LA6020A40_id42_s0_128.png,1,VALID,-0.22961426,0.36669922,-0.13952637,-1.0680447,LCC-FASD external-dev / cross-domain stress set,-0.6198028028011322,0.0,1.0
YOUTUBE_DV3360_LA6020A40_id42_s0_143.png,1,VALID,0.124694824,0.25,-0.43652344,-0.53298306,LCC-FASD external-dev / cross-domain stress set,-0.6198028028011322,1.0,0.0
YOUTUBE_DV3360_LA6020A40_id42_s0_158.png,1,VALID,0.26538086,0.21166992,-0.4362793,-0.36704832,LCC-FASD external-dev / cross-domain stress set,-0.6198028028011322,1.0,0.0
YOUTUBE_DV3360_LA6020A40_id42_s0_173.png,1,VALID,0.1541748,0.22790527,-0.49951172,-0.4679023,LCC-FASD external-dev / cross-domain stress set,-0.6198028028011322,1.0,0.0
YOUTUBE_C27F591FDI_LGG3D690_id43_s0_15.png,1,VALID,0.9633789,-0.06591797,-0.6982422,0.6031437,LCC-FASD external-dev / cross-domain stress set,-0.6198028028011322,1.0,0.0
YOUTUBE_C27F591FDI_LGG3D690_id43_s0_30.png,1,VALID,0.50927734,0.19396973,-0.56347656,-0.06918055,LCC-FASD external-dev / cross-domain stress set,-0.6198028028011322,1.0,0.0
YOUTUBE_C27F591FDI_LGG3D690_id43_s0_46.png,1,VALID,-0.53759766,0.24511719,0.2084961,-1.4577191,LCC-FASD external-dev / cross-domain stress set,-0.6198028028011322,0.0,1.0
YOUTUBE_C27F591FDI_LGG3D690_id43_s0_61.png,1,VALID,-0.046325684,0.29785156,-0.20263672,-0.81806993,LCC-FASD external-dev / cross-domain stress set,-0.6198028028011322,0.0,1.0
YOUTUBE_C27F591FDI_LGG3D690_id43_s0_76.png,1,VALID,0.7294922,-1.0322266,0.6430664,-0.08521676,LCC-FASD external-dev / cross-domain stress set,-0.6198028028011322,1.0,0.0
YOUTUBE_C27F591FDI_LGG3D690_id43_s0_91.png,1,VALID,1.0888672,-0.60791016,-0.19555664,0.7763479,LCC-FASD external-dev / cross-domain stress set,-0.6198028028011322,1.0,0.0
YOUTUBE_C27F591FDI_LGG3D690_id43_s0_136.png,1,VALID,1.5751953,-0.88183594,-0.36987305,1.475491,LCC-FASD external-dev / cross-domain stress set,-0.6198028028011322,1.0,0.0
YOUTUBE_C27F591FDI_LGG3D690_id43_s0_151.png,1,VALID,0.6977539,-0.40356445,-0.0791626,0.23287296,LCC-FASD external-dev / cross-domain stress set,-0.6198028028011322,1.0,0.0
YOUTUBE_C27F591FDI_LGG3D690_id43_s1_15.png,1,VALID,0.60302734,0.19055176,-0.7871094,0.093156815,LCC-FASD external-dev / cross-domain stress set,-0.6198028028011322,1.0,0.0
YOUTUBE_C27F591FDI_LGG3D690_id43_s1_30.png,1,VALID,0.32592773,-0.09100342,-0.103027344,-0.27022213,LCC-FASD external-dev / cross-domain stress set,-0.6198028028011322,1.0,0.0
YOUTUBE_C27F591FDI_LGG3D690_id43_s1_45.png,1,VALID,-0.6953125,0.2355957,0.3149414,-1.664515,LCC-FASD external-dev / cross-domain stress set,-0.6198028028011322,0.0,1.0
YOUTUBE_C27F591FDI_LGG3D690_id43_s1_60.png,1,VALID,0.9135742,0.13891602,-0.94140625,0.48237216,LCC-FASD external-dev / cross-domain stress set,-0.6198028028011322,1.0,0.0
YOUTUBE_C27F591FDI_LGG3D690_id43_s1_75.png,1,VALID,0.030975342,0.86865234,-1.0380859,-0.9761896,LCC-FASD external-dev / cross-domain stress set,-0.6198028028011322,0.0,1.0
YOUTUBE_C27F591FDI_LGG3D690_id43_s1_90.png,1,VALID,-0.2109375,0.023635864,0.08148193,-0.95706177,LCC-FASD external-dev / cross-domain stress set,-0.6198028028011322,0.0,1.0
YOUTUBE_C27F591FDI_LGG3D690_id43_s1_105.png,1,VALID,-1.234375,1.609375,-0.5727539,-2.9506302,LCC-FASD external-dev / cross-domain stress set,-0.6198028028011322,0.0,1.0
YOUTUBE_C27F591FDI_LGG3D690_id43_s1_120.png,1,VALID,0.17504883,0.5107422,-0.6279297,-0.61351,LCC-FASD external-dev / cross-domain stress set,-0.6198028028011322,1.0,0.0
YOUTUBE_C27F591FDI_LGG3D690_id43_s1_135.png,1,VALID,0.1763916,0.88720703,-0.9448242,-0.85931134,LCC-FASD external-dev / cross-domain stress set,-0.6198028028011322,0.0,1.0
YOUTUBE_C27F591FDI_LGG3D690_id43_s1_150.png,1,VALID,-0.11846924,0.91845703,-0.6582031,-1.2247859,LCC-FASD external-dev / cross-domain stress set,-0.6198028028011322,0.0,1.0
YOUTUBE_C27F591FDI_LGG3D690_id48_s1_15.png,1,VALID,-0.41748047,0.6660156,-0.4645996,-1.3632729,LCC-FASD external-dev / cross-domain stress set,-0.6198028028011322,0.0,1.0
YOUTUBE_C27F591FDI_LGG3D690_id48_s1_30.png,1,VALID,0.25854492,-0.29052734,-0.09484863,-0.2466929,LCC-FASD external-dev / cross-domain stress set,-0.6198028028011322,1.0,0.0
YOUTUBE_C27F591FDI_LGG3D690_id48_s1_45.png,1,VALID,-0.53808594,0.5444336,-0.13781738,-1.49163,LCC-FASD external-dev / cross-domain stress set,-0.6198028028011322,0.0,1.0
YOUTUBE_C27F591FDI_LGG3D690_id48_s1_60.png,1,VALID,0.42285156,-0.67578125,0.33666992,-0.2237466,LCC-FASD external-dev / cross-domain stress set,-0.6198028028011322,1.0,0.0
YOUTUBE_C27F591FDI_LGG3D690_id48_s1_75.png,1,VALID,0.4567871,-0.38427734,-0.14624023,0.021832645,LCC-FASD external-dev / cross-domain stress set,-0.6198028028011322,1.0,0.0
YOUTUBE_C27F591FDI_LGG3D690_id48_s1_90.png,1,VALID,-1.5185547,0.71240234,0.43945312,-2.7969136,LCC-FASD external-dev / cross-domain stress set,-0.6198028028011322,0.0,1.0
YOUTUBE_C27F591FDI_LGG3D690_id48_s1_105.png,1,VALID,0.6020508,-0.2619629,-0.23742676,0.1585232,LCC-FASD external-dev / cross-domain stress set,-0.6198028028011322,1.0,0.0
YOUTUBE_C27F591FDI_LGG3D690_id48_s1_121.png,1,VALID,0.27978516,-0.1607666,-0.111816406,-0.27736998,LCC-FASD external-dev / cross-domain stress set,-0.6198028028011322,1.0,0.0
YOUTUBE_C27F591FDI_LGG3D690_id48_s1_136.png,1,VALID,-1.2607422,1.0146484,0.03564453,-2.5943425,LCC-FASD external-dev / cross-domain stress set,-0.6198028028011322,0.0,1.0
YOUTUBE_C27F591FDI_LGG3D690_id48_s1_151.png,1,VALID,-1.203125,1.0546875,-0.123413086,-2.526207,LCC-FASD external-dev / cross-domain stress set,-0.6198028028011322,0.0,1.0
YOUTUBE_DIGUNKNOWN_IPHONE5SF_id39_s1_15.png,1,VALID,-0.56884766,0.7080078,-0.21081543,-1.6126047,LCC-FASD external-dev / cross-domain stress set,-0.6198028028011322,0.0,1.0
YOUTUBE_DIGUNKNOWN_IPHONE5SF_id39_s1_35.png,1,VALID,-0.38745117,1.1132812,-0.96435547,-1.6187161,LCC-FASD external-dev / cross-domain stress set,-0.6198028028011322,0.0,1.0
YOUTUBE_DIGUNKNOWN_IPHONE5SF_id39_s1_53.png,1,VALID,-0.29833984,0.78125,-0.5317383,-1.3178308,LCC-FASD external-dev / cross-domain stress set,-0.6198028028011322,0.0,1.0
YOUTUBE_DIGUNKNOWN_IPHONE5SF_id39_s1_68.png,1,VALID,-0.8076172,1.5234375,-0.9243164,-2.4140048,LCC-FASD external-dev / cross-domain stress set,-0.6198028028011322,0.0,1.0
YOUTUBE_DIGUNKNOWN_IPHONE5SF_id39_s1_91.png,1,VALID,-0.5097656,1.1875,-0.76171875,-1.830384,LCC-FASD external-dev / cross-domain stress set,-0.6198028028011322,0.0,1.0
YOUTUBE_DIGUNKNOWN_IPHONE5SF_id39_s1_106.png,1,VALID,0.06933594,0.6381836,-0.6508789,-0.8122086,LCC-FASD external-dev / cross-domain stress set,-0.6198028028011322,0.0,1.0
YOUTUBE_DIGUNKNOWN_IPHONE5SF_id39_s1_121.png,1,VALID,-0.28759766,0.71972656,-0.4951172,-1.2671902,LCC-FASD external-dev / cross-domain stress set,-0.6198028028011322,0.0,1.0
YOUTUBE_DIGUNKNOWN_IPHONE5SF_id39_s1_136.png,1,VALID,0.11102295,0.41430664,-0.50341797,-0.6393464,LCC-FASD external-dev / cross-domain stress set,-0.6198028028011322,0.0,1.0
YOUTUBE_DIGUNKNOWN_IPHONE5SF_id42_s0_15.png,1,VALID,0.6464844,-0.10406494,-0.50146484,0.23648977,LCC-FASD external-dev / cross-domain stress set,-0.6198028028011322,1.0,0.0
YOUTUBE_DIGUNKNOWN_IPHONE5SF_id42_s0_30.png,1,VALID,0.3083496,0.35302734,-0.71728516,-0.3395102,LCC-FASD external-dev / cross-domain stress set,-0.6198028028011322,1.0,0.0
YOUTUBE_DIGUNKNOWN_IPHONE5SF_id42_s0_45.png,1,VALID,-0.09173584,0.45922852,-0.45507812,-0.8880038,LCC-FASD external-dev / cross-domain stress set,-0.6198028028011322,0.0,1.0
YOUTUBE_DIGUNKNOWN_IPHONE5SF_id42_s0_60.png,1,VALID,0.16381836,0.5004883,-0.77734375,-0.58246756,LCC-FASD external-dev / cross-domain stress set,-0.6198028028011322,1.0,0.0
YOUTUBE_DIGUNKNOWN_IPHONE5SF_id42_s0_75.png,1,VALID,0.35058594,0.4038086,-0.74560547,-0.32844412,LCC-FASD external-dev / cross-domain stress set,-0.6198028028011322,1.0,0.0
YOUTUBE_DIGUNKNOWN_IPHONE5SF_id42_s0_90.png,1,VALID,0.024368286,0.68652344,-0.7783203,-0.87007475,LCC-FASD external-dev / cross-domain stress set,-0.6198028028011322,0.0,1.0
YOUTUBE_DIGUNKNOWN_IPHONE5SF_id42_s0_105.png,1,VALID,0.20422363,0.5415039,-0.78222656,-0.57325363,LCC-FASD external-dev / cross-domain stress set,-0.6198028028011322,1.0,0.0
YOUTUBE_DIGUNKNOWN_IPHONE5SF_id42_s0_120.png,1,VALID,0.2064209,0.6225586,-0.9145508,-0.6108832,LCC-FASD external-dev / cross-domain stress set,-0.6198028028011322,1.0,0.0
YOUTUBE_DIGUNKNOWN_IPHONE5SF_id42_s0_135.png,1,VALID,0.29736328,0.40820312,-0.6616211,-0.405797,LCC-FASD external-dev / cross-domain stress set,-0.6198028028011322,1.0,0.0
YOUTUBE_DIGUNKNOWN_IPHONE5SF_id42_s0_150.png,1,VALID,0.17932129,0.7084961,-0.8408203,-0.721771,LCC-FASD external-dev / cross-domain stress set,-0.6198028028011322,0.0,1.0
YOUTUBE_DIGUNKNOWN_IPHONE5SF_id42_s1_18.png,1,VALID,-0.6088867,1.3027344,-0.9638672,-2.0102565,LCC-FASD external-dev / cross-domain stress set,-0.6198028028011322,0.0,1.0
YOUTUBE_DIGUNKNOWN_IPHONE5SF_id42_s1_35.png,1,VALID,-0.16723633,0.81103516,-0.9091797,-1.1429615,LCC-FASD external-dev / cross-domain stress set,-0.6198028028011322,0.0,1.0
YOUTUBE_DIGUNKNOWN_IPHONE5SF_id42_s1_50.png,1,VALID,0.51171875,0.5073242,-1.1240234,-0.1743086,LCC-FASD external-dev / cross-domain stress set,-0.6198028028011322,1.0,0.0
YOUTUBE_DIGUNKNOWN_IPHONE5SF_id42_s1_65.png,1,VALID,-0.2475586,1.9033203,-2.1035156,-2.1689062,LCC-FASD external-dev / cross-domain stress set,-0.6198028028011322,0.0,1.0
YOUTUBE_DIGUNKNOWN_IPHONE5SF_id42_s1_80.png,1,VALID,0.023498535,0.8183594,-1.078125,-0.9347057,LCC-FASD external-dev / cross-domain stress set,-0.6198028028011322,0.0,1.0
YOUTUBE_DIGUNKNOWN_IPHONE5SF_id42_s1_141.png,1,VALID,-0.56884766,0.8149414,-0.68603516,-1.5850242,LCC-FASD external-dev / cross-domain stress set,-0.6198028028011322,0.0,1.0
YOUTUBE_DIGUNKNOWN_IPHONE5SF_id42_s1_176.png,1,VALID,-0.6425781,0.54785156,-0.21179199,-1.574217,LCC-FASD external-dev / cross-domain stress set,-0.6198028028011322,0.0,1.0
YOUTUBE_BQVW2245_NEXUS5_id42_s0_16.png,1,VALID,0.86572266,-0.3930664,-0.29785156,0.5169017,LCC-FASD external-dev / cross-domain stress set,-0.6198028028011322,1.0,0.0
YOUTUBE_BQVW2245_NEXUS5_id42_s0_38.png,1,VALID,0.38061523,0.04937744,-0.34277344,-0.18493485,LCC-FASD external-dev / cross-domain stress set,-0.6198028028011322,1.0,0.0
YOUTUBE_BQVW2245_NEXUS5_id42_s0_156.png,1,VALID,0.3330078,0.0009431839,-0.22229004,-0.2556821,LCC-FASD external-dev / cross-domain stress set,-0.6198028028011322,1.0,0.0
YOUTUBE_BQVW2245_NEXUS5_id42_s0_171.png,1,VALID,-0.23730469,1.0263672,-0.82421875,-1.4096277,LCC-FASD external-dev / cross-domain stress set,-0.6198028028011322,0.0,1.0
YOUTUBE_BQVW2245_NEXUS5_id42_s0_186.png,1,VALID,0.2956543,1.0185547,-1.3320312,-0.8139409,LCC-FASD external-dev / cross-domain stress set,-0.6198028028011322,0.0,1.0
YOUTUBE_BQVW2245_NEXUS5_id42_s0_201.png,1,VALID,0.1517334,0.53759766,-0.7675781,-0.62576646,LCC-FASD external-dev / cross-domain stress set,-0.6198028028011322,0.0,1.0
YOUTUBE_BQVW2245_NEXUS5_id42_s0_216.png,1,VALID,-0.14453125,0.51220703,-0.41674805,-0.9896085,LCC-FASD external-dev / cross-domain stress set,-0.6198028028011322,0.0,1.0
YOUTUBE_BQVW2245_NEXUS5_id42_s0_232.png,1,VALID,0.16345215,0.46948242,-0.58203125,-0.60569656,LCC-FASD external-dev / cross-domain stress set,-0.6198028028011322,1.0,0.0
YOUTUBE_BQXL2420_NEXUS5_id39_s0_15.png,1,VALID,0.9111328,-0.00674057,-0.79003906,0.54156494,LCC-FASD external-dev / cross-domain stress set,-0.6198028028011322,1.0,0.0
YOUTUBE_BQXL2420_NEXUS5_id39_s0_30.png,1,VALID,0.5683594,-0.5834961,0.2055664,-0.011711419,LCC-FASD external-dev / cross-domain stress set,-0.6198028028011322,1.0,0.0
YOUTUBE_BQXL2420_NEXUS5_id39_s0_45.png,1,VALID,-0.17199707,0.10003662,0.089904785,-0.9601278,LCC-FASD external-dev / cross-domain stress set,-0.6198028028011322,0.0,1.0
YOUTUBE_BQXL2420_NEXUS5_id43_s0_15.png,1,VALID,1.0888672,-0.9116211,0.18139648,0.61838704,LCC-FASD external-dev / cross-domain stress set,-0.6198028028011322,1.0,0.0
YOUTUBE_BQXL2420_NEXUS5_id43_s0_30.png,1,VALID,0.30078125,-0.20776367,0.13562012,-0.3709613,LCC-FASD external-dev / cross-domain stress set,-0.6198028028011322,1.0,0.0
YOUTUBE_BQXL2420_NEXUS5_id43_s0_45.png,1,VALID,0.76416016,-0.61279297,0.19836426,0.19814098,LCC-FASD external-dev / cross-domain stress set,-0.6198028028011322,1.0,0.0
YOUTUBE_BQXL2420_NEXUS5_id43_s0_60.png,1,VALID,0.19091797,-0.81933594,1.0283203,-0.98375654,LCC-FASD external-dev / cross-domain stress set,-0.6198028028011322,0.0,1.0
YOUTUBE_BQXL2420_NEXUS5_id43_s0_75.png,1,VALID,0.24035645,-0.68408203,0.7841797,-0.751102,LCC-FASD external-dev / cross-domain stress set,-0.6198028028011322,0.0,1.0
YOUTUBE_BQXL2420_NEXUS5_id43_s0_90.png,1,VALID,0.86376953,-0.9326172,0.37597656,0.24861878,LCC-FASD external-dev / cross-domain stress set,-0.6198028028011322,1.0,0.0
YOUTUBE_BQXL2420_NEXUS5_id43_s0_116.png,1,VALID,0.49536133,-0.58154297,0.31958008,-0.16504818,LCC-FASD external-dev / cross-domain stress set,-0.6198028028011322,1.0,0.0
YOUTUBE_BQXL2420_NEXUS5_id43_s0_131.png,1,VALID,0.8696289,-0.7573242,0.29663086,0.27396327,LCC-FASD external-dev / cross-domain stress set,-0.6198028028011322,1.0,0.0
YOUTUBE_BQXL2420_NEXUS5_id43_s0_146.png,1,VALID,0.5131836,-0.67041016,0.5,-0.2570265,LCC-FASD external-dev / cross-domain stress set,-0.6198028028011322,1.0,0.0
YOUTUBE_BQXL2420_NEXUS5_id43_s0_161.png,1,VALID,0.56640625,-1.0644531,0.76123047,-0.34419852,LCC-FASD external-dev / cross-domain stress set,-0.6198028028011322,1.0,0.0
YOUTUBE_BQXL2420_NEXUS5_id43_s1_15.png,1,VALID,1.3623047,-0.14196777,-1.1865234,1.2027998,LCC-FASD external-dev / cross-domain stress set,-0.6198028028011322,1.0,0.0
YOUTUBE_BQXL2420_NEXUS5_id43_s1_36.png,1,VALID,0.93066406,-0.2709961,-0.6713867,0.68880165,LCC-FASD external-dev / cross-domain stress set,-0.6198028028011322,1.0,0.0
YOUTUBE_BQXL2420_NEXUS5_id43_s1_51.png,1,VALID,0.7182617,0.2043457,-0.7504883,0.18830538,LCC-FASD external-dev / cross-domain stress set,-0.6198028028011322,1.0,0.0
YOUTUBE_BQXL2420_NEXUS5_id43_s1_66.png,1,VALID,0.9326172,-0.19433594,-0.52001953,0.5834472,LCC-FASD external-dev / cross-domain stress set,-0.6198028028011322,1.0,0.0
YOUTUBE_BQXL2420_NEXUS5_id43_s1_92.png,1,VALID,0.72021484,-0.18811035,-0.4020996,0.3164596,LCC-FASD external-dev / cross-domain stress set,-0.6198028028011322,1.0,0.0
YOUTUBE_BQXL2420_NEXUS5_id43_s1_118.png,1,VALID,1.3427734,-0.28686523,-0.7548828,1.1433666,LCC-FASD external-dev / cross-domain stress set,-0.6198028028011322,1.0,0.0
YOUTUBE_BQXL2420_NEXUS5_id43_s1_133.png,1,VALID,0.6088867,-0.31225586,-0.124938965,0.12995738,LCC-FASD external-dev / cross-domain stress set,-0.6198028028011322,1.0,0.0
YOUTUBE_BQXL2420_NEXUS5_id43_s1_148.png,1,VALID,0.8510742,0.0043678284,-0.7519531,0.46185893,LCC-FASD external-dev / cross-domain stress set,-0.6198028028011322,1.0,0.0
YOUTUBE_BQXL2420_NEXUS5_id43_s1_163.png,1,VALID,0.5830078,0.030639648,-0.39282227,0.04870248,LCC-FASD external-dev / cross-domain stress set,-0.6198028028011322,1.0,0.0
YOUTUBE_BQXL2420_NEXUS5_id48_s1_15.png,1,VALID,0.24365234,-0.88427734,0.6801758,-0.6264844,LCC-FASD external-dev / cross-domain stress set,-0.6198028028011322,0.0,1.0
YOUTUBE_BQXL2420_NEXUS5_id48_s1_30.png,1,VALID,0.17797852,-0.22253418,0.08306885,-0.45706505,LCC-FASD external-dev / cross-domain stress set,-0.6198028028011322,1.0,0.0
YOUTUBE_BQXL2420_NEXUS5_id48_s1_45.png,1,VALID,-1.0117188,0.17883301,0.67578125,-2.1627302,LCC-FASD external-dev / cross-domain stress set,-0.6198028028011322,0.0,1.0
YOUTUBE_BQXL2420_NEXUS5_id48_s1_60.png,1,VALID,-0.4741211,0.11328125,0.36499023,-1.4143028,LCC-FASD external-dev / cross-domain stress set,-0.6198028028011322,0.0,1.0
YOUTUBE_BQXL2420_NEXUS5_id48_s1_75.png,1,VALID,-0.4116211,0.046020508,0.22192383,-1.2426033,LCC-FASD external-dev / cross-domain stress set,-0.6198028028011322,0.0,1.0
YOUTUBE_BQXL2420_NEXUS5_id48_s1_90.png,1,VALID,-0.74658203,-0.073913574,0.8496094,-1.9306027,LCC-FASD external-dev / cross-domain stress set,-0.6198028028011322,0.0,1.0
YOUTUBE_BQXL2420_NEXUS5_id48_s1_105.png,1,VALID,-0.5361328,-0.026824951,0.484375,-1.4903711,LCC-FASD external-dev / cross-domain stress set,-0.6198028028011322,0.0,1.0
YOUTUBE_BQXL2420_NEXUS5_id48_s1_120.png,1,VALID,-0.7294922,0.61865234,0.08013916,-1.8078549,LCC-FASD external-dev / cross-domain stress set,-0.6198028028011322,0.0,1.0
YOUTUBE_BQXL2420_NEXUS5_id48_s1_135.png,1,VALID,0.1817627,-0.0635376,-0.0057258606,-0.47717047,LCC-FASD external-dev / cross-domain stress set,-0.6198028028011322,1.0,0.0
YOUTUBE_BQXL2420_NEXUS5_id48_s1_150.png,1,VALID,0.62939453,-0.6796875,0.34350586,-0.02118814,LCC-FASD external-dev / cross-domain stress set,-0.6198028028011322,1.0,0.0
YOUTUBE_C27F591FDI_LGG3D690_id39_s0_15.png,1,VALID,0.37402344,0.44604492,-0.75,-0.33622086,LCC-FASD external-dev / cross-domain stress set,-0.6198028028011322,1.0,0.0
YOUTUBE_C27F591FDI_LGG3D690_id39_s0_31.png,1,VALID,-0.5048828,1.0205078,-0.73828125,-1.6843185,LCC-FASD external-dev / cross-domain stress set,-0.6198028028011322,0.0,1.0
YOUTUBE_C27F591FDI_LGG3D690_id39_s0_46.png,1,VALID,-0.59228516,0.8911133,-0.43554688,-1.7187567,LCC-FASD external-dev / cross-domain stress set,-0.6198028028011322,0.0,1.0
YOUTUBE_C27F591FDI_LGG3D690_id39_s0_61.png,1,VALID,0.14477539,-0.03781128,-0.002029419,-0.5286114,LCC-FASD external-dev / cross-domain stress set,-0.6198028028011322,1.0,0.0
YOUTUBE_C27F591FDI_LGG3D690_id43_s0_106.png,1,VALID,-0.25097656,0.09362793,0.15307617,-1.0679176,LCC-FASD external-dev / cross-domain stress set,-0.6198028028011322,0.0,1.0
YOUTUBE_C27F591FDI_LGG3D690_id43_s0_121.png,1,VALID,1.0087891,-0.5864258,-0.22351074,0.70423627,LCC-FASD external-dev / cross-domain stress set,-0.6198028028011322,1.0,0.0
YOUTUBE_AV203H_LEREELE3_id43_s1_45.png,1,VALID,1.5048828,-0.41601562,-0.7709961,1.3895721,LCC-FASD external-dev / cross-domain stress set,-0.6198028028011322,1.0,0.0
YOUTUBE_AV203H_LEREELE3_id43_s1_60.png,1,VALID,0.7753906,0.24182129,-0.74316406,0.21624738,LCC-FASD external-dev / cross-domain stress set,-0.6198028028011322,1.0,0.0
YOUTUBE_AV203H_LEREELE3_id43_s1_75.png,1,VALID,0.9580078,0.35107422,-1.2314453,0.42007506,LCC-FASD external-dev / cross-domain stress set,-0.6198028028011322,1.0,0.0
YOUTUBE_AV203H_LEREELE3_id43_s1_90.png,1,VALID,-0.17321777,0.7495117,-0.5839844,-1.156658,LCC-FASD external-dev / cross-domain stress set,-0.6198028028011322,0.0,1.0
YOUTUBE_AVC239H_REDMI4X_id48_s1_15.png,1,VALID,0.4375,0.44311523,-0.95214844,-0.22697133,LCC-FASD external-dev / cross-domain stress set,-0.6198028028011322,1.0,0.0
YOUTUBE_AVC239H_REDMI4X_id48_s1_30.png,1,VALID,-0.03604126,0.40625,-0.35058594,-0.8269743,LCC-FASD external-dev / cross-domain stress set,-0.6198028028011322,0.0,1.0
YOUTUBE_AVC239H_REDMI4X_id48_s1_45.png,1,VALID,-0.7729492,0.7421875,-0.024414062,-1.8967116,LCC-FASD external-dev / cross-domain stress set,-0.6198028028011322,0.0,1.0
YOUTUBE_AVC239H_REDMI4X_id48_s1_60.png,1,VALID,-0.32739258,0.31958008,-0.09954834,-1.1523553,LCC-FASD external-dev / cross-domain stress set,-0.6198028028011322,0.0,1.0
YOUTUBE_AVC239H_REDMI4X_id48_s1_75.png,1,VALID,-0.43896484,0.54052734,-0.15283203,-1.3848865,LCC-FASD external-dev / cross-domain stress set,-0.6198028028011322,0.0,1.0
YOUTUBE_AVC239H_REDMI4X_id48_s1_90.png,1,VALID,0.28100586,0.26489258,-0.5283203,-0.3570965,LCC-FASD external-dev / cross-domain stress set,-0.6198028028011322,1.0,0.0
YOUTUBE_AVC239H_REDMI4X_id48_s1_105.png,1,VALID,0.14794922,0.35473633,-0.4650879,-0.57178366,LCC-FASD external-dev / cross-domain stress set,-0.6198028028011322,1.0,0.0
YOUTUBE_AVC239H_REDMI4X_id48_s1_120.png,1,VALID,0.47753906,0.06665039,-0.47338867,-0.048259735,LCC-FASD external-dev / cross-domain stress set,-0.6198028028011322,1.0,0.0
YOUTUBE_AVC239H_REDMI4X_id48_s1_135.png,1,VALID,0.025146484,0.33984375,-0.4885254,-0.67708856,LCC-FASD external-dev / cross-domain stress set,-0.6198028028011322,0.0,1.0
YOUTUBE_AVC239H_REDMI4X_id48_s1_150.png,1,VALID,-0.049316406,0.27539062,-0.12371826,-0.83808,LCC-FASD external-dev / cross-domain stress set,-0.6198028028011322,0.0,1.0
YOUTUBE_AZPP01T_AZ3ZE552KL_id48_s0_15.png,1,VALID,-1.2871094,1.1064453,-0.017333984,-2.675004,LCC-FASD external-dev / cross-domain stress set,-0.6198028028011322,0.0,1.0
YOUTUBE_AZPP01T_AZ3ZE552KL_id48_s0_30.png,1,VALID,-0.7363281,1.5917969,-1.0996094,-2.393712,LCC-FASD external-dev / cross-domain stress set,-0.6198028028011322,0.0,1.0
YOUTUBE_AZPP01T_AZ3ZE552KL_id48_s0_45.png,1,VALID,-1.3388672,1.3671875,-0.20410156,-2.8948364,LCC-FASD external-dev / cross-domain stress set,-0.6198028028011322,0.0,1.0
YOUTUBE_AZPP01T_AZ3ZE552KL_id48_s0_60.png,1,VALID,-1.3388672,1.5107422,-0.33740234,-2.9958973,LCC-FASD external-dev / cross-domain stress set,-0.6198028028011322,0.0,1.0
YOUTUBE_AZPP01T_AZ3ZE552KL_id48_s0_75.png,1,VALID,-0.22192383,0.27490234,-0.03866577,-1.04543,LCC-FASD external-dev / cross-domain stress set,-0.6198028028011322,0.0,1.0
YOUTUBE_AZPP01T_AZ3ZE552KL_id48_s0_90.png,1,VALID,-1.0683594,0.6870117,0.3305664,-2.286094,LCC-FASD external-dev / cross-domain stress set,-0.6198028028011322,0.0,1.0
YOUTUBE_AZPP01T_AZ3ZE552KL_id48_s0_105.png,1,VALID,-0.6196289,0.6430664,-0.11352539,-1.6474563,LCC-FASD external-dev / cross-domain stress set,-0.6198028028011322,0.0,1.0
YOUTUBE_AZPP01T_AZ3ZE552KL_id48_s0_120.png,1,VALID,-0.7246094,1.2949219,-0.6772461,-2.149818,LCC-FASD external-dev / cross-domain stress set,-0.6198028028011322,0.0,1.0
YOUTUBE_AZPP01T_AZ3ZE552KL_id48_s0_135.png,1,VALID,-0.5654297,0.7763672,-0.3244629,-1.628925,LCC-FASD external-dev / cross-domain stress set,-0.6198028028011322,0.0,1.0
YOUTUBE_AZPP01T_AZ3ZE552KL_id48_s0_150.png,1,VALID,-0.6489258,1.4013672,-0.9394531,-2.142187,LCC-FASD external-dev / cross-domain stress set,-0.6198028028011322,0.0,1.0
YOUTUBE_BQG2411HDA_REDMIN3P_id48_s0_15.png,1,VALID,0.59716797,0.16064453,-0.7651367,0.10275358,LCC-FASD external-dev / cross-domain stress set,-0.6198028028011322,1.0,0.0
YOUTUBE_BQG2411HDA_REDMIN3P_id48_s0_52.png,1,VALID,-0.22058105,0.40161133,-0.1607666,-1.073174,LCC-FASD external-dev / cross-domain stress set,-0.6198028028011322,0.0,1.0
YOUTUBE_BQG2411HDA_REDMIN3P_id48_s0_67.png,1,VALID,0.5644531,-0.017440796,-0.5546875,0.12171662,LCC-FASD external-dev / cross-domain stress set,-0.6198028028011322,1.0,0.0
YOUTUBE_BQG2411HDA_REDMIN3P_id48_s0_82.png,1,VALID,-0.16149902,0.1270752,0.13647461,-0.9864322,LCC-FASD external-dev / cross-domain stress set,-0.6198028028011322,0.0,1.0
YOUTUBE_BQG2411HDA_REDMIN3P_id48_s0_97.png,1,VALID,0.64941406,0.0007662773,-0.4855957,0.1694,LCC-FASD external-dev / cross-domain stress set,-0.6198028028011322,1.0,0.0
YOUTUBE_BQG2411HDA_REDMIN3P_id48_s0_112.png,1,VALID,0.7402344,0.3581543,-1.1240234,0.17739183,LCC-FASD external-dev / cross-domain stress set,-0.6198028028011322,1.0,0.0
YOUTUBE_BQG2411HDA_REDMIN3P_id48_s0_127.png,1,VALID,1.2353516,-0.059143066,-0.98779297,0.961538,LCC-FASD external-dev / cross-domain stress set,-0.6198028028011322,1.0,0.0
YOUTUBE_BQG2411HDA_REDMIN3P_id48_s0_142.png,1,VALID,0.5966797,0.42504883,-1.0234375,-0.039379895,LCC-FASD external-dev / cross-domain stress set,-0.6198028028011322,1.0,0.0
YOUTUBE_BQG2411HDA_REDMIN3P_id48_s0_157.png,1,VALID,-0.7426758,0.79296875,-0.27075195,-1.8321643,LCC-FASD external-dev / cross-domain stress set,-0.6198028028011322,0.0,1.0
YOUTUBE_BQG2411HDA_REDMIN3P_id48_s0_172.png,1,VALID,0.088378906,0.4284668,-0.58154297,-0.6506673,LCC-FASD external-dev / cross-domain stress set,-0.6198028028011322,0.0,1.0
YOUTUBE_BQM2200HD_REDMIN3P_id48_s0_15.png,1,VALID,-0.016021729,0.61572266,-0.48266602,-0.91948235,LCC-FASD external-dev / cross-domain stress set,-0.6198028028011322,0.0,1.0
YOUTUBE_BQM2200HD_REDMIN3P_id48_s0_30.png,1,VALID,-0.22668457,0.8623047,-0.64208984,-1.2896023,LCC-FASD external-dev / cross-domain stress set,-0.6198028028011322,0.0,1.0
YOUTUBE_BQM2200HD_REDMIN3P_id48_s0_45.png,1,VALID,0.73535156,0.29345703,-0.86279297,0.1683135,LCC-FASD external-dev / cross-domain stress set,-0.6198028028011322,1.0,0.0
YOUTUBE_BQM2200HD_REDMIN3P_id48_s0_60.png,1,VALID,-0.13085938,1.0390625,-1.0029297,-1.2919359,LCC-FASD external-dev / cross-domain stress set,-0.6198028028011322,0.0,1.0
YOUTUBE_BQM2200HD_REDMIN3P_id48_s0_75.png,1,VALID,0.45629883,0.52734375,-0.8828125,-0.28946137,LCC-FASD external-dev / cross-domain stress set,-0.6198028028011322,1.0,0.0
YOUTUBE_BQM2200HD_REDMIN3P_id48_s0_90.png,1,VALID,0.05895996,0.6801758,-0.78759766,-0.828586,LCC-FASD external-dev / cross-domain stress set,-0.6198028028011322,0.0,1.0
YOUTUBE_BQM2200HD_REDMIN3P_id48_s0_105.png,1,VALID,-0.24621582,0.61572266,-0.29614258,-1.1996772,LCC-FASD external-dev / cross-domain stress set,-0.6198028028011322,0.0,1.0
YOUTUBE_BQM2200HD_REDMIN3P_id48_s0_120.png,1,VALID,0.08465576,0.32250977,-0.42504883,-0.6255089,LCC-FASD external-dev / cross-domain stress set,-0.6198028028011322,0.0,1.0
YOUTUBE_BQM2200HD_REDMIN3P_id48_s0_135.png,1,VALID,0.14221191,0.04522705,-0.052856445,-0.5483227,LCC-FASD external-dev / cross-domain stress set,-0.6198028028011322,1.0,0.0
YOUTUBE_BQM2200HD_REDMIN3P_id48_s0_150.png,1,VALID,0.12890625,0.1394043,-0.26123047,-0.5232586,LCC-FASD external-dev / cross-domain stress set,-0.6198028028011322,1.0,0.0
YOUTUBE_BQVW2245_NEXUS5_id39_s1_15.png,1,VALID,-0.9448242,1.3417969,-0.52001953,-2.4310591,LCC-FASD external-dev / cross-domain stress set,-0.6198028028011322,0.0,1.0
YOUTUBE_BQVW2245_NEXUS5_id39_s1_50.png,1,VALID,-0.59472656,1.6640625,-1.1347656,-2.3178892,LCC-FASD external-dev / cross-domain stress set,-0.6198028028011322,0.0,1.0
YOUTUBE_BQVW2245_NEXUS5_id39_s1_65.png,1,VALID,-0.74365234,1.5107422,-1.0097656,-2.3317432,LCC-FASD external-dev / cross-domain stress set,-0.6198028028011322,0.0,1.0
YOUTUBE_BQVW2245_NEXUS5_id39_s1_85.png,1,VALID,-0.6044922,1.59375,-1.0283203,-2.2683766,LCC-FASD external-dev / cross-domain stress set,-0.6198028028011322,0.0,1.0
YOUTUBE_BQVW2245_NEXUS5_id39_s1_100.png,1,VALID,-0.7451172,1.7216797,-1.0898438,-2.5251727,LCC-FASD external-dev / cross-domain stress set,-0.6198028028011322,0.0,1.0
YOUTUBE_BQVW2245_NEXUS5_id39_s1_115.png,1,VALID,-0.7055664,1.1591797,-0.6591797,-2.0151398,LCC-FASD external-dev / cross-domain stress set,-0.6198028028011322,0.0,1.0
YOUTUBE_BQVW2245_NEXUS5_id39_s1_130.png,1,VALID,-0.26708984,1.3388672,-1.0537109,-1.6934125,LCC-FASD external-dev / cross-domain stress set,-0.6198028028011322,0.0,1.0
YOUTUBE_BQVW2245_NEXUS5_id42_s0_100.png,1,VALID,0.19262695,0.14135742,-0.23864746,-0.46981817,LCC-FASD external-dev / cross-domain stress set,-0.6198028028011322,1.0,0.0
YOUTUBE_BQVW2245_NEXUS5_id42_s0_115.png,1,VALID,0.6430664,-0.19689941,-0.37963867,0.23401982,LCC-FASD external-dev / cross-domain stress set,-0.6198028028011322,1.0,0.0
YOUTUBE_ATMP253MG_XIAOMIMI6_id42_s0_16.png,1,VALID,-0.12084961,0.73828125,-0.77246094,-1.058593,LCC-FASD external-dev / cross-domain stress set,-0.6198028028011322,0.0,1.0
YOUTUBE_ATMP253MG_XIAOMIMI6_id42_s0_32.png,1,VALID,0.33154297,0.66308594,-1.0898438,-0.4913339,LCC-FASD external-dev / cross-domain stress set,-0.6198028028011322,1.0,0.0
YOUTUBE_ATMP253MG_XIAOMIMI6_id42_s0_47.png,1,VALID,-0.5361328,1.0322266,-0.72509766,-1.7275026,LCC-FASD external-dev / cross-domain stress set,-0.6198028028011322,0.0,1.0
YOUTUBE_ATMP253MG_XIAOMIMI6_id42_s0_62.png,1,VALID,-0.390625,1.1875,-0.9824219,-1.6862496,LCC-FASD external-dev / cross-domain stress set,-0.6198028028011322,0.0,1.0
YOUTUBE_ATMP253MG_XIAOMIMI6_id42_s0_77.png,1,VALID,0.14123535,0.8955078,-1.09375,-0.88248706,LCC-FASD external-dev / cross-domain stress set,-0.6198028028011322,0.0,1.0
YOUTUBE_ATMP253MG_XIAOMIMI6_id42_s0_93.png,1,VALID,0.089782715,0.75683594,-0.9921875,-0.827422,LCC-FASD external-dev / cross-domain stress set,-0.6198028028011322,0.0,1.0
YOUTUBE_ATMP253MG_XIAOMIMI6_id42_s0_123.png,1,VALID,0.6035156,0.36010742,-1.0791016,0.03062594,LCC-FASD external-dev / cross-domain stress set,-0.6198028028011322,1.0,0.0
YOUTUBE_ATMP253MG_XIAOMIMI6_id42_s0_138.png,1,VALID,0.036895752,0.7636719,-0.98828125,-0.88671136,LCC-FASD external-dev / cross-domain stress set,-0.6198028028011322,0.0,1.0
YOUTUBE_ATMP253MG_XIAOMIMI6_id42_s0_153.png,1,VALID,0.20910645,0.8466797,-1.1025391,-0.77069163,LCC-FASD external-dev / cross-domain stress set,-0.6198028028011322,0.0,1.0
YOUTUBE_ATMP253MG_XIAOMIMI6_id42_s1_18.png,1,VALID,-0.984375,1.6845703,-1.0898438,-2.7294626,LCC-FASD external-dev / cross-domain stress set,-0.6198028028011322,0.0,1.0
YOUTUBE_ATMP253MG_XIAOMIMI6_id42_s1_53.png,1,VALID,-0.64697266,1.0166016,-0.51171875,-1.8598806,LCC-FASD external-dev / cross-domain stress set,-0.6198028028011322,0.0,1.0
YOUTUBE_ATMP253MG_XIAOMIMI6_id42_s1_75.png,1,VALID,-1.2675781,1.1689453,-0.32543945,-2.6389635,LCC-FASD external-dev / cross-domain stress set,-0.6198028028011322,0.0,1.0
YOUTUBE_AUNKNOWN_HUAWEIU22_id43_s0_15.png,1,VALID,0.5214844,0.36645508,-0.83447266,-0.108038485,LCC-FASD external-dev / cross-domain stress set,-0.6198028028011322,1.0,0.0
YOUTUBE_AUNKNOWN_HUAWEIU22_id43_s0_30.png,1,VALID,0.18383789,0.11340332,-0.1928711,-0.48125535,LCC-FASD external-dev / cross-domain stress set,-0.6198028028011322,1.0,0.0
YOUTUBE_AUNKNOWN_HUAWEIU22_id43_s0_51.png,1,VALID,-0.91503906,0.5834961,0.25708008,-2.041734,LCC-FASD external-dev / cross-domain stress set,-0.6198028028011322,0.0,1.0
YOUTUBE_AUNKNOWN_HUAWEIU22_id43_s0_66.png,1,VALID,-0.22485352,0.6689453,-0.39672852,-1.1898178,LCC-FASD external-dev / cross-domain stress set,-0.6198028028011322,0.0,1.0
YOUTUBE_AUNKNOWN_HUAWEIU22_id43_s0_81.png,1,VALID,0.4711914,0.06048584,-0.32543945,-0.1079818,LCC-FASD external-dev / cross-domain stress set,-0.6198028028011322,1.0,0.0
YOUTUBE_AUNKNOWN_HUAWEIU22_id43_s0_96.png,1,VALID,0.04748535,0.15588379,-0.11981201,-0.67316884,LCC-FASD external-dev / cross-domain stress set,-0.6198028028011322,0.0,1.0
YOUTUBE_AUNKNOWN_HUAWEIU22_id43_s0_111.png,1,VALID,-0.15527344,0.68603516,-0.5083008,-1.105905,LCC-FASD external-dev / cross-domain stress set,-0.6198028028011322,0.0,1.0
YOUTUBE_AUNKNOWN_HUAWEIU22_id43_s0_126.png,1,VALID,-0.29760742,0.39892578,-0.018371582,-1.2026427,LCC-FASD external-dev / cross-domain stress set,-0.6198028028011322,0.0,1.0
YOUTUBE_AUNKNOWN_HUAWEIU22_id43_s0_141.png,1,VALID,0.3408203,0.13586426,-0.33007812,-0.2821157,LCC-FASD external-dev / cross-domain stress set,-0.6198028028011322,1.0,0.0
YOUTUBE_AUNKNOWN_HUAWEIU22_id43_s0_156.png,1,VALID,0.12121582,0.1282959,-0.03173828,-0.62340814,LCC-FASD external-dev / cross-domain stress set,-0.6198028028011322,0.0,1.0
YOUTUBE_AUNKNOWN_HUAWEIU22_id48_s1_15.png,1,VALID,-1.34375,0.12756348,1.1816406,-2.8243937,LCC-FASD external-dev / cross-domain stress set,-0.6198028028011322,0.0,1.0
YOUTUBE_AUNKNOWN_HUAWEIU22_id48_s1_30.png,1,VALID,-1.2021484,0.20605469,0.78515625,-2.432248,LCC-FASD external-dev / cross-domain stress set,-0.6198028028011322,0.0,1.0
YOUTUBE_AUNKNOWN_HUAWEIU22_id48_s1_45.png,1,VALID,-1.6875,0.5151367,1.0849609,-3.220746,LCC-FASD external-dev / cross-domain stress set,-0.6198028028011322,0.0,1.0
YOUTUBE_AUNKNOWN_HUAWEIU22_id48_s1_60.png,1,VALID,-1.2128906,0.15063477,0.8676758,-2.4781303,LCC-FASD external-dev / cross-domain stress set,-0.6198028028011322,0.0,1.0
YOUTUBE_AUNKNOWN_HUAWEIU22_id48_s1_75.png,1,VALID,-0.7988281,0.6484375,0.08911133,-1.8993561,LCC-FASD external-dev / cross-domain stress set,-0.6198028028011322,0.0,1.0
YOUTUBE_AUNKNOWN_HUAWEIU22_id48_s1_90.png,1,VALID,-1.0800781,0.21520996,0.7524414,-2.2927027,LCC-FASD external-dev / cross-domain stress set,-0.6198028028011322,0.0,1.0
YOUTUBE_AUNKNOWN_HUAWEIU22_id48_s1_105.png,1,VALID,-0.82373047,0.72753906,-0.0703125,-1.9230368,LCC-FASD external-dev / cross-domain stress set,-0.6198028028011322,0.0,1.0
YOUTUBE_AUNKNOWN_HUAWEIU22_id48_s1_120.png,1,VALID,-1.2929688,0.32055664,0.7792969,-2.5621204,LCC-FASD external-dev / cross-domain stress set,-0.6198028028011322,0.0,1.0
YOUTUBE_AUNKNOWN_HUAWEIU22_id48_s1_135.png,1,VALID,-0.94189453,0.49658203,0.25805664,-2.019456,LCC-FASD external-dev / cross-domain stress set,-0.6198028028011322,0.0,1.0
YOUTUBE_AUNKNOWN_HUAWEIU22_id48_s1_150.png,1,VALID,-0.085754395,0.85058594,-0.71972656,-1.12529,LCC-FASD external-dev / cross-domain stress set,-0.6198028028011322,0.0,1.0
YOUTUBE_AV203H_LEREELE3_id39_s0_15.png,1,VALID,0.68115234,0.038146973,-0.36523438,0.13134575,LCC-FASD external-dev / cross-domain stress set,-0.6198028028011322,1.0,0.0
YOUTUBE_AV203H_LEREELE3_id39_s0_43.png,1,VALID,1.4570312,-0.3425293,-0.82910156,1.3203928,LCC-FASD external-dev / cross-domain stress set,-0.6198028028011322,1.0,0.0
YOUTUBE_AV203H_LEREELE3_id43_s0_15.png,1,VALID,1.0205078,-0.7084961,-0.03466797,0.6432294,LCC-FASD external-dev / cross-domain stress set,-0.6198028028011322,1.0,0.0
YOUTUBE_AV203H_LEREELE3_id43_s0_30.png,1,VALID,-0.50146484,0.2944336,0.28979492,-1.4867289,LCC-FASD external-dev / cross-domain stress set,-0.6198028028011322,0.0,1.0
YOUTUBE_AV203H_LEREELE3_id43_s0_46.png,1,VALID,-0.7788086,0.47045898,0.5048828,-1.9597747,LCC-FASD external-dev / cross-domain stress set,-0.6198028028011322,0.0,1.0
YOUTUBE_AV203H_LEREELE3_id43_s0_61.png,1,VALID,-0.40185547,0.077697754,0.70703125,-1.5360787,LCC-FASD external-dev / cross-domain stress set,-0.6198028028011322,0.0,1.0
YOUTUBE_AV203H_LEREELE3_id43_s0_76.png,1,VALID,-0.2619629,-0.25048828,0.82958984,-1.3839006,LCC-FASD external-dev / cross-domain stress set,-0.6198028028011322,0.0,1.0
YOUTUBE_AV203H_LEREELE3_id43_s0_91.png,1,VALID,0.9448242,-0.6743164,0.053466797,0.4973049,LCC-FASD external-dev / cross-domain stress set,-0.6198028028011322,1.0,0.0
YOUTUBE_AV203H_LEREELE3_id43_s0_114.png,1,VALID,0.04724121,-0.24853516,0.51220703,-0.8484031,LCC-FASD external-dev / cross-domain stress set,-0.6198028028011322,0.0,1.0
YOUTUBE_AV203H_LEREELE3_id43_s0_129.png,1,VALID,0.63183594,0.027740479,-0.33813477,0.077245295,LCC-FASD external-dev / cross-domain stress set,-0.6198028028011322,1.0,0.0
YOUTUBE_AV203H_LEREELE3_id43_s0_144.png,1,VALID,1.0097656,-0.7763672,0.27685547,0.43368602,LCC-FASD external-dev / cross-domain stress set,-0.6198028028011322,1.0,0.0
YOUTUBE_AV203H_LEREELE3_id43_s0_159.png,1,VALID,0.0680542,0.10284424,0.11315918,-0.733108,LCC-FASD external-dev / cross-domain stress set,-0.6198028028011322,0.0,1.0
YOUTUBE_AV203H_LEREELE3_id43_s1_15.png,1,VALID,0.43579102,0.7836914,-1.0771484,-0.4924698,LCC-FASD external-dev / cross-domain stress set,-0.6198028028011322,1.0,0.0
YOUTUBE_AV203H_LEREELE3_id43_s1_30.png,1,VALID,1.0683594,0.12322998,-1.0029297,0.66426337,LCC-FASD external-dev / cross-domain stress set,-0.6198028028011322,1.0,0.0
YOUTUBE_AV203H_LEREELE3_id43_s1_105.png,1,VALID,0.12695312,1.0361328,-1.0595703,-1.0251689,LCC-FASD external-dev / cross-domain stress set,-0.6198028028011322,0.0,1.0
YOUTUBE_AV203H_LEREELE3_id43_s1_120.png,1,VALID,0.15490723,0.57958984,-0.49658203,-0.7180222,LCC-FASD external-dev / cross-domain stress set,-0.6198028028011322,0.0,1.0
YOUTUBE_AV203H_LEREELE3_id43_s1_135.png,1,VALID,-0.16516113,0.29516602,0.037750244,-1.0330265,LCC-FASD external-dev / cross-domain stress set,-0.6198028028011322,0.0,1.0
YOUTUBE_AV203H_LEREELE3_id43_s1_150.png,1,VALID,-0.38476562,1.3183594,-0.8935547,-1.8070263,LCC-FASD external-dev / cross-domain stress set,-0.6198028028011322,0.0,1.0
YOUTUBE_AEME725_HONOR6CP_id43_s1_92.png,1,VALID,0.3828125,1.0175781,-1.4521484,-0.7159842,LCC-FASD external-dev / cross-domain stress set,-0.6198028028011322,0.0,1.0
YOUTUBE_AEME725_HONOR6CP_id48_s0_15.png,1,VALID,-1.1728516,1.5986328,-0.9194336,-2.849015,LCC-FASD external-dev / cross-domain stress set,-0.6198028028011322,0.0,1.0
YOUTUBE_AEME725_HONOR6CP_id48_s0_30.png,1,VALID,-1.6601562,2.5976562,-1.6777344,-4.2716236,LCC-FASD external-dev / cross-domain stress set,-0.6198028028011322,0.0,1.0
YOUTUBE_AEME725_HONOR6CP_id48_s0_45.png,1,VALID,-1.8125,1.6132812,-0.2541504,-3.569466,LCC-FASD external-dev / cross-domain stress set,-0.6198028028011322,0.0,1.0
YOUTUBE_AEME725_HONOR6CP_id48_s0_60.png,1,VALID,-1.2646484,1.4130859,-0.5522461,-2.8088584,LCC-FASD external-dev / cross-domain stress set,-0.6198028028011322,0.0,1.0
YOUTUBE_AEME725_HONOR6CP_id48_s0_75.png,1,VALID,-2.0097656,2.1347656,-0.8666992,-4.1930494,LCC-FASD external-dev / cross-domain stress set,-0.6198028028011322,0.0,1.0
YOUTUBE_AEME725_HONOR6CP_id48_s0_90.png,1,VALID,-1.5429688,1.9716797,-0.9013672,-3.569635,LCC-FASD external-dev / cross-domain stress set,-0.6198028028011322,0.0,1.0
YOUTUBE_AEME725_HONOR6CP_id48_s0_105.png,1,VALID,-2.1855469,2.4042969,-0.8383789,-4.6281595,LCC-FASD external-dev / cross-domain stress set,-0.6198028028011322,0.0,1.0
YOUTUBE_AEME725_HONOR6CP_id48_s0_120.png,1,VALID,-1.4375,1.8769531,-0.95751953,-3.3715415,LCC-FASD external-dev / cross-domain stress set,-0.6198028028011322,0.0,1.0
YOUTUBE_AEME725_HONOR6CP_id48_s0_135.png,1,VALID,-1.9238281,2.5605469,-1.1357422,-4.5088873,LCC-FASD external-dev / cross-domain stress set,-0.6198028028011322,0.0,1.0
YOUTUBE_AEME725_HONOR6CP_id48_s0_150.png,1,VALID,-1.4931641,2.0332031,-1.0605469,-3.5707014,LCC-FASD external-dev / cross-domain stress set,-0.6198028028011322,0.0,1.0
YOUTUBE_AEME725_HONOR6CP_id48_s1_15.png,1,VALID,-0.9902344,0.71435547,-0.12402344,-2.0639489,LCC-FASD external-dev / cross-domain stress set,-0.6198028028011322,0.0,1.0
YOUTUBE_AEME725_HONOR6CP_id48_s1_30.png,1,VALID,-0.3996582,0.65625,-0.43017578,-1.3466508,LCC-FASD external-dev / cross-domain stress set,-0.6198028028011322,0.0,1.0
YOUTUBE_AEME725_HONOR6CP_id48_s1_45.png,1,VALID,-1.5126953,1.0097656,0.064819336,-2.8508294,LCC-FASD external-dev / cross-domain stress set,-0.6198028028011322,0.0,1.0
YOUTUBE_AEME725_HONOR6CP_id48_s1_60.png,1,VALID,-1.7949219,1.5166016,-0.26831055,-3.4666553,LCC-FASD external-dev / cross-domain stress set,-0.6198028028011322,0.0,1.0
YOUTUBE_AEME725_HONOR6CP_id48_s1_75.png,1,VALID,-1.4267578,1.1015625,-0.11627197,-2.7875028,LCC-FASD external-dev / cross-domain stress set,-0.6198028028011322,0.0,1.0
YOUTUBE_AEME725_HONOR6CP_id48_s1_90.png,1,VALID,-0.5991211,0.72753906,-0.34057617,-1.6220541,LCC-FASD external-dev / cross-domain stress set,-0.6198028028011322,0.0,1.0
YOUTUBE_AEME725_HONOR6CP_id48_s1_109.png,1,VALID,-0.81640625,0.56884766,-0.047088623,-1.8171239,LCC-FASD external-dev / cross-domain stress set,-0.6198028028011322,0.0,1.0
YOUTUBE_AEME725_HONOR6CP_id48_s1_124.png,1,VALID,-1.1728516,0.86572266,-0.16210938,-2.3444266,LCC-FASD external-dev / cross-domain stress set,-0.6198028028011322,0.0,1.0
YOUTUBE_AEME725_HONOR6CP_id48_s1_139.png,1,VALID,-0.8105469,0.91064453,-0.35864258,-1.9688573,LCC-FASD external-dev / cross-domain stress set,-0.6198028028011322,0.0,1.0
YOUTUBE_AEME725_HONOR6CP_id48_s1_156.png,1,VALID,-0.8564453,0.10253906,0.5522461,-1.9020544,LCC-FASD external-dev / cross-domain stress set,-0.6198028028011322,0.0,1.0
YOUTUBE_AK73S_REDMI3S_id39_s1_64.png,1,VALID,-0.5,0.64404297,-0.3269043,-1.4652015,LCC-FASD external-dev / cross-domain stress set,-0.6198028028011322,0.0,1.0
YOUTUBE_AK73S_REDMI3S_id39_s1_119.png,1,VALID,0.44262695,0.61376953,-0.9584961,-0.3597563,LCC-FASD external-dev / cross-domain stress set,-0.6198028028011322,1.0,0.0
YOUTUBE_AK73S_REDMI3S_id39_s1_137.png,1,VALID,0.60253906,0.3569336,-0.8051758,-0.02657634,LCC-FASD external-dev / cross-domain stress set,-0.6198028028011322,1.0,0.0
YOUTUBE_AK73S_REDMI3S_id42_s0_15.png,1,VALID,0.23596191,-0.080322266,-0.016845703,-0.40910488,LCC-FASD external-dev / cross-domain stress set,-0.6198028028011322,1.0,0.0
YOUTUBE_AK73S_REDMI3S_id42_s0_30.png,1,VALID,1.109375,-0.52197266,-0.40820312,0.87969863,LCC-FASD external-dev / cross-domain stress set,-0.6198028028011322,1.0,0.0
YOUTUBE_AK73S_REDMI3S_id42_s0_45.png,1,VALID,1.0439453,-0.6191406,-0.20007324,0.73861164,LCC-FASD external-dev / cross-domain stress set,-0.6198028028011322,1.0,0.0
YOUTUBE_AK73S_REDMI3S_id42_s0_60.png,1,VALID,0.2919922,0.28759766,-0.32666016,-0.42806447,LCC-FASD external-dev / cross-domain stress set,-0.6198028028011322,1.0,0.0
YOUTUBE_AK73S_REDMI3S_id42_s0_76.png,1,VALID,-0.21020508,0.42871094,-0.18469238,-1.0716752,LCC-FASD external-dev / cross-domain stress set,-0.6198028028011322,0.0,1.0
YOUTUBE_AK73S_REDMI3S_id42_s0_91.png,1,VALID,0.3540039,-0.041412354,-0.17272949,-0.23422629,LCC-FASD external-dev / cross-domain stress set,-0.6198028028011322,1.0,0.0
YOUTUBE_AK73S_REDMI3S_id42_s0_106.png,1,VALID,-0.117614746,0.016998291,0.18835449,-0.9171042,LCC-FASD external-dev / cross-domain stress set,-0.6198028028011322,0.0,1.0
YOUTUBE_AK73S_REDMI3S_id42_s0_121.png,1,VALID,0.024963379,0.43774414,-0.42504883,-0.76483226,LCC-FASD external-dev / cross-domain stress set,-0.6198028028011322,0.0,1.0
YOUTUBE_AK73S_REDMI3S_id42_s0_136.png,1,VALID,0.2746582,0.10180664,-0.2998047,-0.33951735,LCC-FASD external-dev / cross-domain stress set,-0.6198028028011322,1.0,0.0
YOUTUBE_AK73S_REDMI3S_id42_s0_151.png,1,VALID,0.29858398,-0.07946777,-0.07696533,-0.31634742,LCC-FASD external-dev / cross-domain stress set,-0.6198028028011322,1.0,0.0
YOUTUBE_AK73S_REDMI3S_id42_s1_35.png,1,VALID,-0.92285156,1.1884766,-0.48779297,-2.2828166,LCC-FASD external-dev / cross-domain stress set,-0.6198028028011322,0.0,1.0
YOUTUBE_AK73S_REDMI3S_id42_s1_50.png,1,VALID,-0.86035156,1.1035156,-0.58496094,-2.133442,LCC-FASD external-dev / cross-domain stress set,-0.6198028028011322,0.0,1.0
YOUTUBE_AK73S_REDMI3S_id42_s1_67.png,1,VALID,-1.3076172,1.1289062,-0.05960083,-2.702478,LCC-FASD external-dev / cross-domain stress set,-0.6198028028011322,0.0,1.0
YOUTUBE_AK73S_REDMI3S_id42_s1_82.png,1,VALID,-0.38012695,0.6660156,-0.43310547,-1.3336974,LCC-FASD external-dev / cross-domain stress set,-0.6198028028011322,0.0,1.0
YOUTUBE_ASM710N_MEIZUM2MINI_id43_s0_16.png,1,VALID,-1.1767578,0.8232422,0.19592285,-2.4278927,LCC-FASD external-dev / cross-domain stress set,-0.6198028028011322,0.0,1.0
YOUTUBE_ASM710N_MEIZUM2MINI_id43_s0_31.png,1,VALID,-0.6411133,0.69140625,0.06732178,-1.7615395,LCC-FASD external-dev / cross-domain stress set,-0.6198028028011322,0.0,1.0
YOUTUBE_ASM710N_MEIZUM2MINI_id43_s0_47.png,1,VALID,0.10748291,0.30615234,-0.35839844,-0.61375785,LCC-FASD external-dev / cross-domain stress set,-0.6198028028011322,1.0,0.0
YOUTUBE_ASM710N_MEIZUM2MINI_id43_s0_64.png,1,VALID,0.002565384,-0.17932129,0.3173828,-0.79014003,LCC-FASD external-dev / cross-domain stress set,-0.6198028028011322,0.0,1.0
YOUTUBE_ASM710N_MEIZUM2MINI_id43_s0_79.png,1,VALID,-0.06768799,-0.10070801,0.20031738,-0.8219243,LCC-FASD external-dev / cross-domain stress set,-0.6198028028011322,0.0,1.0
YOUTUBE_ASM710N_MEIZUM2MINI_id43_s1_15.png,1,VALID,0.22924805,0.61865234,-0.6542969,-0.636268,LCC-FASD external-dev / cross-domain stress set,-0.6198028028011322,0.0,1.0
YOUTUBE_ASM710N_MEIZUM2MINI_id43_s1_31.png,1,VALID,0.28076172,0.24841309,-0.43945312,-0.37487984,LCC-FASD external-dev / cross-domain stress set,-0.6198028028011322,1.0,0.0
YOUTUBE_ASM710N_MEIZUM2MINI_id43_s1_46.png,1,VALID,0.6669922,0.52490234,-1.0429688,-0.04728061,LCC-FASD external-dev / cross-domain stress set,-0.6198028028011322,1.0,0.0
YOUTUBE_ASM710N_MEIZUM2MINI_id43_s1_61.png,1,VALID,0.68115234,0.6748047,-1.1328125,-0.145553,LCC-FASD external-dev / cross-domain stress set,-0.6198028028011322,1.0,0.0
YOUTUBE_ASM710N_MEIZUM2MINI_id43_s1_76.png,1,VALID,-0.12243652,1.0166016,-0.78222656,-1.2921821,LCC-FASD external-dev / cross-domain stress set,-0.6198028028011322,0.0,1.0
YOUTUBE_ASM710N_MEIZUM2MINI_id43_s1_91.png,1,VALID,0.52197266,0.29614258,-0.5161133,-0.141487,LCC-FASD external-dev / cross-domain stress set,-0.6198028028011322,1.0,0.0
YOUTUBE_ASM710N_MEIZUM2MINI_id48_s1_15.png,1,VALID,-1.8105469,1.0615234,0.37597656,-3.2800753,LCC-FASD external-dev / cross-domain stress set,-0.6198028028011322,0.0,1.0
YOUTUBE_ASM710N_MEIZUM2MINI_id48_s1_30.png,1,VALID,-1.7011719,-0.11828613,1.6582031,-3.5157213,LCC-FASD external-dev / cross-domain stress set,-0.6198028028011322,0.0,1.0
YOUTUBE_ASM710N_MEIZUM2MINI_id48_s1_45.png,1,VALID,-1.2148438,0.7919922,0.2064209,-2.4494605,LCC-FASD external-dev / cross-domain stress set,-0.6198028028011322,0.0,1.0
YOUTUBE_ASM710N_MEIZUM2MINI_id48_s1_60.png,1,VALID,-0.5102539,-0.68652344,1.1347656,-1.7950047,LCC-FASD external-dev / cross-domain stress set,-0.6198028028011322,0.0,1.0
YOUTUBE_ASM710N_MEIZUM2MINI_id48_s1_76.png,1,VALID,-0.8520508,-0.08746338,0.8383789,-2.0241823,LCC-FASD external-dev / cross-domain stress set,-0.6198028028011322,0.0,1.0
YOUTUBE_ASM710N_MEIZUM2MINI_id48_s1_92.png,1,VALID,-0.921875,0.6386719,0.13232422,-2.032232,LCC-FASD external-dev / cross-domain stress set,-0.6198028028011322,0.0,1.0
YOUTUBE_ATMP253MG_XIAOMIMI6_id42_s0_108.png,1,VALID,0.08959961,0.77685547,-1.0048828,-0.84284425,LCC-FASD external-dev / cross-domain stress set,-0.6198028028011322,0.0,1.0
YOUTUBE_ACER5820TG_REDMI4A_id42_s0_30.png,1,VALID,0.79248047,0.10845947,-0.8461914,0.35835943,LCC-FASD external-dev / cross-domain stress set,-0.6198028028011322,1.0,0.0
YOUTUBE_ACER5820TG_REDMI4A_id42_s0_45.png,1,VALID,0.79003906,-0.37963867,-0.40356445,0.48842192,LCC-FASD external-dev / cross-domain stress set,-0.6198028028011322,1.0,0.0
YOUTUBE_ACER5820TG_REDMI4A_id42_s0_60.png,1,VALID,1.0195312,-0.107421875,-0.84472656,0.7359916,LCC-FASD external-dev / cross-domain stress set,-0.6198028028011322,1.0,0.0
YOUTUBE_ACER5820TG_REDMI4A_id42_s0_75.png,1,VALID,0.86376953,-0.37402344,-0.4104004,0.56266886,LCC-FASD external-dev / cross-domain stress set,-0.6198028028011322,1.0,0.0
YOUTUBE_ACER5820TG_REDMI4A_id42_s0_90.png,1,VALID,1.0957031,-0.05038452,-1.0166016,0.8236275,LCC-FASD external-dev / cross-domain stress set,-0.6198028028011322,1.0,0.0
YOUTUBE_ACER5820TG_REDMI4A_id42_s0_150.png,1,VALID,1.4042969,-0.6064453,-0.6977539,1.3622075,LCC-FASD external-dev / cross-domain stress set,-0.6198028028011322,1.0,0.0
YOUTUBE_ACER5820TG_REDMI4A_id42_s1_50.png,1,VALID,0.22998047,0.8798828,-1.2255859,-0.7648267,LCC-FASD external-dev / cross-domain stress set,-0.6198028028011322,0.0,1.0
YOUTUBE_ACER5820TG_REDMI4A_id42_s1_65.png,1,VALID,0.40698242,0.38305664,-0.7895508,-0.2457645,LCC-FASD external-dev / cross-domain stress set,-0.6198028028011322,1.0,0.0
YOUTUBE_ACER5820TG_REDMI4A_id42_s1_80.png,1,VALID,-0.03543091,0.79052734,-0.8989258,-0.9953807,LCC-FASD external-dev / cross-domain stress set,-0.6198028028011322,0.0,1.0
YOUTUBE_ACER5820TG_REDMI4A_id42_s1_96.png,1,VALID,0.4572754,0.43530273,-0.8984375,-0.21190506,LCC-FASD external-dev / cross-domain stress set,-0.6198028028011322,1.0,0.0
YOUTUBE_ACER5820TG_REDMI4A_id42_s1_148.png,1,VALID,0.3671875,0.17541504,-0.59033203,-0.19007349,LCC-FASD external-dev / cross-domain stress set,-0.6198028028011322,1.0,0.0
YOUTUBE_AEME725_HONOR6CP_id39_s0_40.png,1,VALID,1.0039062,0.23120117,-1.0732422,0.53264654,LCC-FASD external-dev / cross-domain stress set,-0.6198028028011322,1.0,0.0
YOUTUBE_AEME725_HONOR6CP_id39_s1_15.png,1,VALID,-0.52490234,0.93652344,-0.7114258,-1.6374309,LCC-FASD external-dev / cross-domain stress set,-0.6198028028011322,0.0,1.0
YOUTUBE_AEME725_HONOR6CP_id39_s1_44.png,1,VALID,-0.14501953,0.86376953,-0.98535156,-1.154944,LCC-FASD external-dev / cross-domain stress set,-0.6198028028011322,0.0,1.0
YOUTUBE_AEME725_HONOR6CP_id39_s1_59.png,1,VALID,-0.16992188,0.56640625,-0.57373047,-1.0137897,LCC-FASD external-dev / cross-domain stress set,-0.6198028028011322,0.0,1.0
YOUTUBE_AEME725_HONOR6CP_id39_s1_75.png,1,VALID,-0.14282227,0.72802734,-0.76416016,-1.0736927,LCC-FASD external-dev / cross-domain stress set,-0.6198028028011322,0.0,1.0
YOUTUBE_AEME725_HONOR6CP_id39_s1_94.png,1,VALID,-0.66845703,0.8823242,-0.5385742,-1.7670991,LCC-FASD external-dev / cross-domain stress set,-0.6198028028011322,0.0,1.0
YOUTUBE_AEME725_HONOR6CP_id39_s1_109.png,1,VALID,-0.10211182,0.69189453,-0.8701172,-0.9843901,LCC-FASD external-dev / cross-domain stress set,-0.6198028028011322,0.0,1.0
YOUTUBE_AEME725_HONOR6CP_id39_s1_124.png,1,VALID,0.2253418,0.5258789,-0.8925781,-0.51733035,LCC-FASD external-dev / cross-domain stress set,-0.6198028028011322,1.0,0.0
YOUTUBE_AEME725_HONOR6CP_id42_s0_15.png,1,VALID,0.19934082,-0.3095703,0.18029785,-0.45887125,LCC-FASD external-dev / cross-domain stress set,-0.6198028028011322,1.0,0.0
YOUTUBE_AEME725_HONOR6CP_id42_s0_30.png,1,VALID,0.35620117,-0.2109375,-0.07611084,-0.19569242,LCC-FASD external-dev / cross-domain stress set,-0.6198028028011322,1.0,0.0
YOUTUBE_AEME725_HONOR6CP_id42_s0_45.png,1,VALID,0.054351807,0.39331055,-0.5517578,-0.66729295,LCC-FASD external-dev / cross-domain stress set,-0.6198028028011322,0.0,1.0
YOUTUBE_AEME725_HONOR6CP_id42_s0_60.png,1,VALID,-0.060302734,0.69189453,-0.7573242,-0.9630687,LCC-FASD external-dev / cross-domain stress set,-0.6198028028011322,0.0,1.0
YOUTUBE_AEME725_HONOR6CP_id42_s0_75.png,1,VALID,0.28051758,0.20471191,-0.4362793,-0.3473487,LCC-FASD external-dev / cross-domain stress set,-0.6198028028011322,1.0,0.0
YOUTUBE_AEME725_HONOR6CP_id42_s0_90.png,1,VALID,0.25512695,0.27612305,-0.5288086,-0.3905704,LCC-FASD external-dev / cross-domain stress set,-0.6198028028011322,1.0,0.0
YOUTUBE_AEME725_HONOR6CP_id42_s0_105.png,1,VALID,0.6196289,0.1295166,-0.7626953,0.14670104,LCC-FASD external-dev / cross-domain stress set,-0.6198028028011322,1.0,0.0
YOUTUBE_AEME725_HONOR6CP_id42_s0_120.png,1,VALID,0.24694824,0.1784668,-0.4716797,-0.35152364,LCC-FASD external-dev / cross-domain stress set,-0.6198028028011322,1.0,0.0
YOUTUBE_AEME725_HONOR6CP_id42_s0_135.png,1,VALID,1.1240234,0.3034668,-1.34375,0.64443326,LCC-FASD external-dev / cross-domain stress set,-0.6198028028011322,1.0,0.0
YOUTUBE_AEME725_HONOR6CP_id42_s0_150.png,1,VALID,1.3154297,-0.24645996,-1.0517578,1.1924285,LCC-FASD external-dev / cross-domain stress set,-0.6198028028011322,1.0,0.0
YOUTUBE_AEME725_HONOR6CP_id42_s1_40.png,1,VALID,-0.38793945,0.92285156,-0.7680664,-1.4799854,LCC-FASD external-dev / cross-domain stress set,-0.6198028028011322,0.0,1.0
YOUTUBE_AEME725_HONOR6CP_id42_s1_57.png,1,VALID,-0.44384766,0.7631836,-0.50878906,-1.4541087,LCC-FASD external-dev / cross-domain stress set,-0.6198028028011322,0.0,1.0
YOUTUBE_AEME725_HONOR6CP_id42_s1_82.png,1,VALID,0.0814209,0.2915039,-0.40356445,-0.61490816,LCC-FASD external-dev / cross-domain stress set,-0.6198028028011322,1.0,0.0
YOUTUBE_AEME725_HONOR6CP_id43_s0_15.png,1,VALID,0.48291016,0.38964844,-0.88720703,-0.15274882,LCC-FASD external-dev / cross-domain stress set,-0.6198028028011322,1.0,0.0
YOUTUBE_AEME725_HONOR6CP_id43_s0_30.png,1,VALID,-0.3959961,0.4921875,-0.22961426,-1.2841882,LCC-FASD external-dev / cross-domain stress set,-0.6198028028011322,0.0,1.0
YOUTUBE_AEME725_HONOR6CP_id43_s0_46.png,1,VALID,-0.57714844,0.86035156,-0.4873047,-1.6684916,LCC-FASD external-dev / cross-domain stress set,-0.6198028028011322,0.0,1.0
YOUTUBE_AEME725_HONOR6CP_id43_s0_61.png,1,VALID,0.24304199,-0.14428711,0.10876465,-0.4403271,LCC-FASD external-dev / cross-domain stress set,-0.6198028028011322,1.0,0.0
YOUTUBE_AEME725_HONOR6CP_id43_s0_76.png,1,VALID,-0.46362305,0.39672852,0.027145386,-1.3856848,LCC-FASD external-dev / cross-domain stress set,-0.6198028028011322,0.0,1.0
YOUTUBE_AEME725_HONOR6CP_id43_s0_91.png,1,VALID,0.37695312,0.1340332,-0.44311523,-0.20272517,LCC-FASD external-dev / cross-domain stress set,-0.6198028028011322,1.0,0.0
YOUTUBE_AEME725_HONOR6CP_id43_s0_116.png,1,VALID,-0.45141602,0.8027344,-0.44604492,-1.5063515,LCC-FASD external-dev / cross-domain stress set,-0.6198028028011322,0.0,1.0
YOUTUBE_AEME725_HONOR6CP_id43_s0_131.png,1,VALID,0.000875473,0.21911621,-0.2467041,-0.7053596,LCC-FASD external-dev / cross-domain stress set,-0.6198028028011322,0.0,1.0
YOUTUBE_AEME725_HONOR6CP_id43_s0_146.png,1,VALID,0.12597656,0.3076172,-0.33691406,-0.60357505,LCC-FASD external-dev / cross-domain stress set,-0.6198028028011322,1.0,0.0
YOUTUBE_AEME725_HONOR6CP_id43_s0_161.png,1,VALID,0.3017578,0.36791992,-0.60546875,-0.38665056,LCC-FASD external-dev / cross-domain stress set,-0.6198028028011322,1.0,0.0
YOUTUBE_AEME725_HONOR6CP_id43_s1_15.png,1,VALID,-0.2775879,1.3867188,-1.1347656,-1.7415826,LCC-FASD external-dev / cross-domain stress set,-0.6198028028011322,0.0,1.0
YOUTUBE_AEME725_HONOR6CP_id43_s1_30.png,1,VALID,0.018753052,1.0507812,-0.9916992,-1.1539862,LCC-FASD external-dev / cross-domain stress set,-0.6198028028011322,0.0,1.0
YOUTUBE_AEME725_HONOR6CP_id43_s1_45.png,1,VALID,0.41674805,0.64941406,-1.0048828,-0.40764946,LCC-FASD external-dev / cross-domain stress set,-0.6198028028011322,1.0,0.0
YOUTUBE_AEME725_HONOR6CP_id43_s1_62.png,1,VALID,-0.16333008,1.1640625,-1.1855469,-1.4185181,LCC-FASD external-dev / cross-domain stress set,-0.6198028028011322,0.0,1.0
YOUTUBE_AEME725_HONOR6CP_id43_s1_77.png,1,VALID,0.10357666,1.0527344,-1.1767578,-1.051338,LCC-FASD external-dev / cross-domain stress set,-0.6198028028011322,0.0,1.0
YOUTUBE_AEME725_HONOR6CP_id43_s1_107.png,1,VALID,0.29614258,0.7939453,-0.91552734,-0.66413134,LCC-FASD external-dev / cross-domain stress set,-0.6198028028011322,0.0,1.0
YOUTUBE_AEME725_HONOR6CP_id43_s1_122.png,1,VALID,-0.4416504,1.0078125,-0.7294922,-1.6115768,LCC-FASD external-dev / cross-domain stress set,-0.6198028028011322,0.0,1.0
YOUTUBE_AEME725_HONOR6CP_id43_s1_137.png,1,VALID,0.14001465,1.1337891,-1.2050781,-1.0858401,LCC-FASD external-dev / cross-domain stress set,-0.6198028028011322,0.0,1.0
YOUTUBE_AEME725_HONOR6CP_id43_s1_152.png,1,VALID,0.36206055,0.52441406,-0.7890625,-0.40049106,LCC-FASD external-dev / cross-domain stress set,-0.6198028028011322,1.0,0.0
YOUTUBE_AAL1917_SGT3SMT310_id42_s0_31.png,1,VALID,0.26123047,0.09210205,-0.24401855,-0.3700146,LCC-FASD external-dev / cross-domain stress set,-0.6198028028011322,1.0,0.0
YOUTUBE_AAL1917_SGT3SMT310_id42_s0_46.png,1,VALID,0.73876953,-0.47875977,-0.17871094,0.363146,LCC-FASD external-dev / cross-domain stress set,-0.6198028028011322,1.0,0.0
YOUTUBE_AAL1917_SGT3SMT310_id42_s0_61.png,1,VALID,0.85791016,-0.39111328,-0.42504883,0.5727001,LCC-FASD external-dev / cross-domain stress set,-0.6198028028011322,1.0,0.0
YOUTUBE_AAL1917_SGT3SMT310_id42_s0_76.png,1,VALID,0.25219727,0.7939453,-1.0517578,-0.6883684,LCC-FASD external-dev / cross-domain stress set,-0.6198028028011322,0.0,1.0
YOUTUBE_AAL1917_SGT3SMT310_id42_s0_91.png,1,VALID,0.28515625,0.29248047,-0.53466797,-0.37008673,LCC-FASD external-dev / cross-domain stress set,-0.6198028028011322,1.0,0.0
YOUTUBE_AAR7_IPHONE4S_id39_s0_15.png,1,VALID,-0.1159668,0.90234375,-0.7910156,-1.1871252,LCC-FASD external-dev / cross-domain stress set,-0.6198028028011322,0.0,1.0
YOUTUBE_AAR7_IPHONE4S_id39_s0_35.png,1,VALID,-0.7602539,1.2675781,-0.76220703,-2.1512558,LCC-FASD external-dev / cross-domain stress set,-0.6198028028011322,0.0,1.0
YOUTUBE_AAR7_IPHONE4S_id39_s0_50.png,1,VALID,-1.1074219,1.7773438,-1.0488281,-2.9423165,LCC-FASD external-dev / cross-domain stress set,-0.6198028028011322,0.0,1.0
YOUTUBE_AAR7_IPHONE4S_id43_s0_15.png,1,VALID,0.25683594,-0.7866211,0.7919922,-0.72268164,LCC-FASD external-dev / cross-domain stress set,-0.6198028028011322,0.0,1.0
YOUTUBE_AAR7_IPHONE4S_id43_s0_30.png,1,VALID,-0.7451172,0.56103516,0.15368652,-1.816225,LCC-FASD external-dev / cross-domain stress set,-0.6198028028011322,0.0,1.0
YOUTUBE_AAR7_IPHONE4S_id43_s0_45.png,1,VALID,-0.87597656,0.58496094,0.25439453,-2.002399,LCC-FASD external-dev / cross-domain stress set,-0.6198028028011322,0.0,1.0
YOUTUBE_AAR7_IPHONE4S_id43_s0_61.png,1,VALID,-1.1523438,0.22607422,0.86083984,-2.4384904,LCC-FASD external-dev / cross-domain stress set,-0.6198028028011322,0.0,1.0
YOUTUBE_AAR7_IPHONE4S_id43_s0_81.png,1,VALID,-0.41015625,-0.23083496,0.8203125,-1.5302299,LCC-FASD external-dev / cross-domain stress set,-0.6198028028011322,0.0,1.0
YOUTUBE_AAR7_IPHONE4S_id43_s0_96.png,1,VALID,-0.15161133,-0.74609375,1.1132812,-1.4096593,LCC-FASD external-dev / cross-domain stress set,-0.6198028028011322,0.0,1.0
YOUTUBE_AAR7_IPHONE4S_id43_s0_111.png,1,VALID,-1.2851562,-0.18164062,1.4130859,-2.883031,LCC-FASD external-dev / cross-domain stress set,-0.6198028028011322,0.0,1.0
YOUTUBE_AAR7_IPHONE4S_id43_s0_126.png,1,VALID,0.046569824,-0.5336914,0.8588867,-1.0342069,LCC-FASD external-dev / cross-domain stress set,-0.6198028028011322,0.0,1.0
YOUTUBE_AAR7_IPHONE4S_id43_s0_141.png,1,VALID,-0.16760254,-0.2319336,0.64746094,-1.1622171,LCC-FASD external-dev / cross-domain stress set,-0.6198028028011322,0.0,1.0
YOUTUBE_AAR7_IPHONE4S_id43_s0_156.png,1,VALID,-0.89941406,0.17114258,0.74365234,-2.090382,LCC-FASD external-dev / cross-domain stress set,-0.6198028028011322,0.0,1.0
YOUTUBE_AAR7_IPHONE4S_id43_s1_15.png,1,VALID,0.17736816,0.98828125,-1.2304688,-0.9141418,LCC-FASD external-dev / cross-domain stress set,-0.6198028028011322,0.0,1.0
YOUTUBE_AAR7_IPHONE4S_id43_s1_30.png,1,VALID,0.048675537,0.44311523,-0.44384766,-0.7393794,LCC-FASD external-dev / cross-domain stress set,-0.6198028028011322,0.0,1.0
YOUTUBE_AAR7_IPHONE4S_id43_s1_45.png,1,VALID,1.2988281,0.02557373,-1.1855469,1.0125351,LCC-FASD external-dev / cross-domain stress set,-0.6198028028011322,1.0,0.0
YOUTUBE_AAR7_IPHONE4S_id43_s1_62.png,1,VALID,-0.32885742,0.72802734,-0.47973633,-1.3183755,LCC-FASD external-dev / cross-domain stress set,-0.6198028028011322,0.0,1.0
YOUTUBE_AAR7_IPHONE4S_id43_s1_77.png,1,VALID,-0.58496094,0.8769531,-0.42773438,-1.7019205,LCC-FASD external-dev / cross-domain stress set,-0.6198028028011322,0.0,1.0
YOUTUBE_AAR7_IPHONE4S_id43_s1_92.png,1,VALID,0.29833984,0.47265625,-0.73339844,-0.43620056,LCC-FASD external-dev / cross-domain stress set,-0.6198028028011322,1.0,0.0
YOUTUBE_AAR7_IPHONE4S_id43_s1_107.png,1,VALID,-0.3076172,0.25854492,0.05407715,-1.1622922,LCC-FASD external-dev / cross-domain stress set,-0.6198028028011322,0.0,1.0
YOUTUBE_AAR7_IPHONE4S_id43_s1_122.png,1,VALID,-0.8769531,1.1962891,-0.53271484,-2.2366028,LCC-FASD external-dev / cross-domain stress set,-0.6198028028011322,0.0,1.0
YOUTUBE_AAR7_IPHONE4S_id43_s1_137.png,1,VALID,0.1385498,0.16369629,-0.15368652,-0.57214123,LCC-FASD external-dev / cross-domain stress set,-0.6198028028011322,1.0,0.0
YOUTUBE_AAR7_IPHONE4S_id43_s1_152.png,1,VALID,0.59716797,-0.016418457,-0.46655273,0.12038979,LCC-FASD external-dev / cross-domain stress set,-0.6198028028011322,1.0,0.0
YOUTUBE_AAR7_IPHONE4S_id48_s1_15.png,1,VALID,0.3779297,-0.5708008,0.33618164,-0.2973925,LCC-FASD external-dev / cross-domain stress set,-0.6198028028011322,1.0,0.0
YOUTUBE_AAR7_IPHONE4S_id48_s1_30.png,1,VALID,0.19250488,-0.2524414,0.03878784,-0.40438002,LCC-FASD external-dev / cross-domain stress set,-0.6198028028011322,1.0,0.0
YOUTUBE_AAR7_IPHONE4S_id48_s1_45.png,1,VALID,-0.5776367,0.7607422,-0.37548828,-1.6167881,LCC-FASD external-dev / cross-domain stress set,-0.6198028028011322,0.0,1.0
YOUTUBE_AAR7_IPHONE4S_id48_s1_60.png,1,VALID,-0.9433594,0.8432617,-0.17529297,-2.0949264,LCC-FASD external-dev / cross-domain stress set,-0.6198028028011322,0.0,1.0
YOUTUBE_AAR7_IPHONE4S_id48_s1_75.png,1,VALID,0.41748047,-0.23864746,-0.15991211,-0.07716161,LCC-FASD external-dev / cross-domain stress set,-0.6198028028011322,1.0,0.0
YOUTUBE_AAR7_IPHONE4S_id48_s1_92.png,1,VALID,-0.99072266,0.8701172,0.07409668,-2.233176,LCC-FASD external-dev / cross-domain stress set,-0.6198028028011322,0.0,1.0
YOUTUBE_AAR7_IPHONE4S_id48_s1_107.png,1,VALID,-0.35205078,0.23364258,0.2602539,-1.2922347,LCC-FASD external-dev / cross-domain stress set,-0.6198028028011322,0.0,1.0
YOUTUBE_AAR7_IPHONE4S_id48_s1_122.png,1,VALID,-0.0010938644,0.13635254,0.23730469,-0.882343,LCC-FASD external-dev / cross-domain stress set,-0.6198028028011322,0.0,1.0
YOUTUBE_AAR7_IPHONE4S_id48_s1_137.png,1,VALID,-0.60498047,0.5083008,0.10546875,-1.6251609,LCC-FASD external-dev / cross-domain stress set,-0.6198028028011322,0.0,1.0
YOUTUBE_AAR7_IPHONE4S_id48_s1_161.png,1,VALID,-1.328125,0.6567383,0.61621094,-2.657952,LCC-FASD external-dev / cross-domain stress set,-0.6198028028011322,0.0,1.0
YOUTUBE_ACER5820TG_REDMI4A_id39_s1_15.png,1,VALID,-0.7026367,1.3173828,-0.74902344,-2.1392593,LCC-FASD external-dev / cross-domain stress set,-0.6198028028011322,0.0,1.0
YOUTUBE_ACER5820TG_REDMI4A_id39_s1_35.png,1,VALID,-0.7661133,1.4902344,-0.86035156,-2.3473883,LCC-FASD external-dev / cross-domain stress set,-0.6198028028011322,0.0,1.0
YOUTUBE_ACER5820TG_REDMI4A_id39_s1_56.png,1,VALID,0.8442383,0.5576172,-1.3457031,0.14766568,LCC-FASD external-dev / cross-domain stress set,-0.6198028028011322,1.0,0.0
YOUTUBE_ACER5820TG_REDMI4A_id39_s1_81.png,1,VALID,0.7602539,0.49951172,-1.1855469,0.09063357,LCC-FASD external-dev / cross-domain stress set,-0.6198028028011322,1.0,0.0
YOUTUBE_ACER5820TG_REDMI4A_id39_s1_96.png,1,VALID,1.4755859,0.21289062,-1.6474609,1.1180601,LCC-FASD external-dev / cross-domain stress set,-0.6198028028011322,1.0,0.0
YOUTUBE_ACER5820TG_REDMI4A_id39_s1_111.png,1,VALID,0.37646484,1.0410156,-1.5488281,-0.73690104,LCC-FASD external-dev / cross-domain stress set,-0.6198028028011322,0.0,1.0
YOUTUBE_ACER5820TG_REDMI4A_id39_s1_126.png,1,VALID,0.51660156,1.0488281,-1.5019531,-0.6073532,LCC-FASD external-dev / cross-domain stress set,-0.6198028028011322,1.0,0.0
YOUTUBE_ACER5820TG_REDMI4A_id42_s0_15.png,1,VALID,1.2089844,-0.044158936,-1.0166016,0.93239534,LCC-FASD external-dev / cross-domain stress set,-0.6198028028011322,1.0,0.0
YOUTUBE_ACER5820TG_REDMI4A_id42_s0_105.png,1,VALID,0.8256836,-0.2890625,-0.5449219,0.5413678,LCC-FASD external-dev / cross-domain stress set,-0.6198028028011322,1.0,0.0
YOUTUBE_ACER5820TG_REDMI4A_id42_s0_120.png,1,VALID,1.0097656,-0.203125,-0.80078125,0.7745716,LCC-FASD external-dev / cross-domain stress set,-0.6198028028011322,1.0,0.0
YOUTUBE_ACER5820TG_REDMI4A_id42_s0_135.png,1,VALID,1.2919922,-0.5205078,-0.79589844,1.2475979,LCC-FASD external-dev / cross-domain stress set,-0.6198028028011322,1.0,0.0
FT720P_SSM2433_S4508_id5_s0_15.png,1,VALID,0.60546875,0.48706055,-1.0556641,-0.07534593,LCC-FASD external-dev / cross-domain stress set,-0.6198028028011322,1.0,0.0
FT720P_SSM2433_S4508_id5_s0_30.png,1,VALID,0.8442383,0.4333496,-1.1757812,0.22851592,LCC-FASD external-dev / cross-domain stress set,-0.6198028028011322,1.0,0.0
FT720P_SSM2433_S4508_id5_s0_45.png,1,VALID,0.3618164,1.1025391,-1.3681641,-0.8218651,LCC-FASD external-dev / cross-domain stress set,-0.6198028028011322,0.0,1.0
FT720P_SSM2433_S4508_id5_s0_60.png,1,VALID,0.7167969,0.6557617,-1.2802734,-0.07373595,LCC-FASD external-dev / cross-domain stress set,-0.6198028028011322,1.0,0.0
FT720P_SSM2433_S4508_id5_s0_75.png,1,VALID,0.6113281,0.5708008,-1.0957031,-0.13250649,LCC-FASD external-dev / cross-domain stress set,-0.6198028028011322,1.0,0.0
FT720P_SSM2433_S4508_id5_s0_90.png,1,VALID,0.39624023,0.9223633,-1.2939453,-0.62959146,LCC-FASD external-dev / cross-domain stress set,-0.6198028028011322,0.0,1.0
FT720P_SSM2433_S4508_id5_s0_105.png,1,VALID,-0.060760498,0.9057617,-0.87060547,-1.1228864,LCC-FASD external-dev / cross-domain stress set,-0.6198028028011322,0.0,1.0
FT720P_SSM2433_S4508_id5_s0_120.png,1,VALID,-0.117004395,0.56884766,-0.37573242,-1.014323,LCC-FASD external-dev / cross-domain stress set,-0.6198028028011322,0.0,1.0
FT720P_SSM2433_S4508_id5_s0_135.png,1,VALID,-0.3449707,0.7651367,-0.44458008,-1.3711491,LCC-FASD external-dev / cross-domain stress set,-0.6198028028011322,0.0,1.0
FT720P_SSM2433_S4508_id5_s0_150.png,1,VALID,0.5957031,0.61865234,-1.1630859,-0.1785376,LCC-FASD external-dev / cross-domain stress set,-0.6198028028011322,1.0,0.0
FT720P_SSM2433_S4508_id5_s1_15.png,1,VALID,-0.7963867,-0.10870361,0.9921875,-2.075687,LCC-FASD external-dev / cross-domain stress set,-0.6198028028011322,0.0,1.0
FT720P_SSM2433_S4508_id5_s1_30.png,1,VALID,-0.4777832,-0.16027832,0.8173828,-1.6144848,LCC-FASD external-dev / cross-domain stress set,-0.6198028028011322,0.0,1.0
FT720P_SSM2433_S4508_id5_s1_45.png,1,VALID,-0.69970703,-0.023757935,0.78564453,-1.8535466,LCC-FASD external-dev / cross-domain stress set,-0.6198028028011322,0.0,1.0
FT720P_SSM2433_S4508_id5_s1_60.png,1,VALID,-0.089538574,-0.2841797,0.5727539,-1.0160863,LCC-FASD external-dev / cross-domain stress set,-0.6198028028011322,0.0,1.0
FT720P_SSM2433_S4508_id5_s1_75.png,1,VALID,-0.5620117,-0.13256836,0.84277344,-1.7247385,LCC-FASD external-dev / cross-domain stress set,-0.6198028028011322,0.0,1.0
FT720P_SSM2433_S4508_id5_s1_90.png,1,VALID,-0.46069336,-0.12347412,0.73046875,-1.5458481,LCC-FASD external-dev / cross-domain stress set,-0.6198028028011322,0.0,1.0
FT720P_SSM2433_S4508_id5_s1_105.png,1,VALID,-0.26904297,-0.25634766,0.7236328,-1.3113611,LCC-FASD external-dev / cross-domain stress set,-0.6198028028011322,0.0,1.0
FT720P_SSM2433_S4508_id5_s1_120.png,1,VALID,-0.6147461,-0.28515625,1.0410156,-1.8912225,LCC-FASD external-dev / cross-domain stress set,-0.6198028028011322,0.0,1.0
FT720P_SSM2433_S4508_id5_s1_135.png,1,VALID,-0.5527344,-0.20141602,0.8823242,-1.7264795,LCC-FASD external-dev / cross-domain stress set,-0.6198028028011322,0.0,1.0
FT720P_SSM2433_S4508_id5_s1_150.png,1,VALID,-0.18054199,-0.30493164,0.5991211,-1.1196473,LCC-FASD external-dev / cross-domain stress set,-0.6198028028011322,0.0,1.0
FT720P_SSM2433_S4508_id9_s0_15.png,1,VALID,1.1699219,-0.18139648,-0.7270508,0.8942337,LCC-FASD external-dev / cross-domain stress set,-0.6198028028011322,1.0,0.0
FT720P_SSM2433_S4508_id9_s0_30.png,1,VALID,0.5258789,-0.12646484,-0.20776367,-0.00097996,LCC-FASD external-dev / cross-domain stress set,-0.6198028028011322,1.0,0.0
FT720P_SSM2433_S4508_id9_s0_45.png,1,VALID,0.98583984,-0.08123779,-0.7133789,0.6408609,LCC-FASD external-dev / cross-domain stress set,-0.6198028028011322,1.0,0.0
FT720P_SSM2433_S4508_id9_s0_60.png,1,VALID,0.80859375,0.06512451,-0.68359375,0.35618684,LCC-FASD external-dev / cross-domain stress set,-0.6198028028011322,1.0,0.0
FT720P_SSM2433_S4508_id9_s0_75.png,1,VALID,0.81347656,0.005241394,-0.59765625,0.371773,LCC-FASD external-dev / cross-domain stress set,-0.6198028028011322,1.0,0.0
FT720P_SSM2433_S4508_id9_s0_90.png,1,VALID,0.24890137,0.19628906,-0.3046875,-0.4210961,LCC-FASD external-dev / cross-domain stress set,-0.6198028028011322,1.0,0.0
FT720P_SSM2433_S4508_id9_s0_105.png,1,VALID,1.1816406,-0.3256836,-0.5854492,0.9356487,LCC-FASD external-dev / cross-domain stress set,-0.6198028028011322,1.0,0.0
FT720P_SSM2433_S4508_id9_s0_120.png,1,VALID,0.37695312,0.2590332,-0.5444336,-0.25210726,LCC-FASD external-dev / cross-domain stress set,-0.6198028028011322,1.0,0.0
FT720P_SSM2433_S4508_id9_s0_135.png,1,VALID,0.96533203,-0.25805664,-0.45092773,0.6220343,LCC-FASD external-dev / cross-domain stress set,-0.6198028028011322,1.0,0.0
FT720P_SSM2433_S4508_id9_s0_150.png,1,VALID,0.6279297,-0.032836914,-0.4243164,0.14432323,LCC-FASD external-dev / cross-domain stress set,-0.6198028028011322,1.0,0.0
YOUTUBE_AA6000_HUAWEIY9_id39_s1_15.png,1,VALID,-0.36450195,1.1044922,-0.7753906,-1.6110214,LCC-FASD external-dev / cross-domain stress set,-0.6198028028011322,0.0,1.0
YOUTUBE_AA6000_HUAWEIY9_id39_s1_30.png,1,VALID,0.17993164,0.7729492,-0.86865234,-0.7700498,LCC-FASD external-dev / cross-domain stress set,-0.6198028028011322,0.0,1.0
YOUTUBE_AA6000_HUAWEIY9_id39_s1_58.png,1,VALID,0.47265625,0.43603516,-0.7739258,-0.22436452,LCC-FASD external-dev / cross-domain stress set,-0.6198028028011322,1.0,0.0
YOUTUBE_AA6000_HUAWEIY9_id39_s1_87.png,1,VALID,0.64746094,0.34472656,-0.875,0.04398358,LCC-FASD external-dev / cross-domain stress set,-0.6198028028011322,1.0,0.0
YOUTUBE_AA6000_HUAWEIY9_id39_s1_102.png,1,VALID,1.5517578,-0.35620117,-0.9951172,1.4840881,LCC-FASD external-dev / cross-domain stress set,-0.6198028028011322,1.0,0.0
YOUTUBE_AA6000_HUAWEIY9_id39_s1_117.png,1,VALID,1.296875,-0.1583252,-0.9472656,1.0806577,LCC-FASD external-dev / cross-domain stress set,-0.6198028028011322,1.0,0.0
YOUTUBE_AA6000_HUAWEIY9_id39_s1_132.png,1,VALID,1.59375,-0.27929688,-1.1474609,1.5225862,LCC-FASD external-dev / cross-domain stress set,-0.6198028028011322,1.0,0.0
YOUTUBE_AA6000_HUAWEIY9_id42_s0_15.png,1,VALID,1.3183594,-0.56152344,-0.58447266,1.1981444,LCC-FASD external-dev / cross-domain stress set,-0.6198028028011322,1.0,0.0
YOUTUBE_AA6000_HUAWEIY9_id42_s0_30.png,1,VALID,1.0107422,-0.31518555,-0.44604492,0.69607127,LCC-FASD external-dev / cross-domain stress set,-0.6198028028011322,1.0,0.0
YOUTUBE_AA6000_HUAWEIY9_id42_s0_45.png,1,VALID,0.37304688,0.3720703,-0.7163086,-0.28927368,LCC-FASD external-dev / cross-domain stress set,-0.6198028028011322,1.0,0.0
YOUTUBE_AA6000_HUAWEIY9_id42_s0_60.png,1,VALID,0.37158203,0.2861328,-0.5673828,-0.26936448,LCC-FASD external-dev / cross-domain stress set,-0.6198028028011322,1.0,0.0
YOUTUBE_AA6000_HUAWEIY9_id42_s0_75.png,1,VALID,0.30493164,0.32250977,-0.5336914,-0.37159038,LCC-FASD external-dev / cross-domain stress set,-0.6198028028011322,1.0,0.0
YOUTUBE_AA6000_HUAWEIY9_id42_s0_90.png,1,VALID,0.7470703,-0.15270996,-0.484375,0.358778,LCC-FASD external-dev / cross-domain stress set,-0.6198028028011322,1.0,0.0
YOUTUBE_AA6000_HUAWEIY9_id42_s0_105.png,1,VALID,1.1289062,-0.33007812,-0.6542969,0.914864,LCC-FASD external-dev / cross-domain stress set,-0.6198028028011322,1.0,0.0
YOUTUBE_AA6000_HUAWEIY9_id42_s0_120.png,1,VALID,1.0097656,-0.28759766,-0.53027344,0.7182105,LCC-FASD external-dev / cross-domain stress set,-0.6198028028011322,1.0,0.0
YOUTUBE_AA6000_HUAWEIY9_id42_s0_135.png,1,VALID,1.0,-0.35961914,-0.41479492,0.69367933,LCC-FASD external-dev / cross-domain stress set,-0.6198028028011322,1.0,0.0
YOUTUBE_AA6000_HUAWEIY9_id42_s0_150.png,1,VALID,0.47436523,-0.07849121,-0.15478516,-0.10287118,LCC-FASD external-dev / cross-domain stress set,-0.6198028028011322,1.0,0.0
YOUTUBE_AA6000_HUAWEIY9_id42_s1_65.png,1,VALID,0.31518555,-0.14648438,-0.08154297,-0.26447505,LCC-FASD external-dev / cross-domain stress set,-0.6198028028011322,1.0,0.0
YOUTUBE_AA6000_HUAWEIY9_id42_s1_142.png,1,VALID,0.066589355,-0.06976318,0.0151901245,-0.6001732,LCC-FASD external-dev / cross-domain stress set,-0.6198028028011322,1.0,0.0
YOUTUBE_AAL1917_SGT3SMT310_id42_s0_16.png,1,VALID,0.18151855,-0.14782715,0.03753662,-0.46077216,LCC-FASD external-dev / cross-domain stress set,-0.6198028028011322,1.0,0.0
YOUTUBE_AAL1917_SGT3SMT310_id42_s0_106.png,1,VALID,1.2294922,-0.22387695,-0.88183594,1.0360365,LCC-FASD external-dev / cross-domain stress set,-0.6198028028011322,1.0,0.0
YOUTUBE_AAL1917_SGT3SMT310_id42_s0_121.png,1,VALID,0.8745117,-0.23791504,-0.55078125,0.5635266,LCC-FASD external-dev / cross-domain stress set,-0.6198028028011322,1.0,0.0
YOUTUBE_AAL1917_SGT3SMT310_id42_s0_136.png,1,VALID,1.1445312,-0.40600586,-0.6376953,0.9665396,LCC-FASD external-dev / cross-domain stress set,-0.6198028028011322,1.0,0.0
FT720P_SSM2433_S4508_id0_s1_15.png,1,VALID,-1.1464844,1.7089844,-0.78222656,-2.935028,LCC-FASD external-dev / cross-domain stress set,-0.6198028028011322,0.0,1.0
FT720P_SSM2433_S4508_id0_s1_30.png,1,VALID,-0.5336914,1.0546875,-0.5678711,-1.7685256,LCC-FASD external-dev / cross-domain stress set,-0.6198028028011322,0.0,1.0
FT720P_SSM2433_S4508_id0_s1_45.png,1,VALID,-0.59277344,1.1367188,-0.65771484,-1.8832613,LCC-FASD external-dev / cross-domain stress set,-0.6198028028011322,0.0,1.0
FT720P_SSM2433_S4508_id0_s1_60.png,1,VALID,-0.41577148,1.0214844,-0.70166016,-1.6015017,LCC-FASD external-dev / cross-domain stress set,-0.6198028028011322,0.0,1.0
FT720P_SSM2433_S4508_id0_s1_75.png,1,VALID,-0.7919922,1.3134766,-0.7163086,-2.2288926,LCC-FASD external-dev / cross-domain stress set,-0.6198028028011322,0.0,1.0
FT720P_SSM2433_S4508_id0_s1_90.png,1,VALID,-0.6010742,0.98779297,-0.49291992,-1.7938267,LCC-FASD external-dev / cross-domain stress set,-0.6198028028011322,0.0,1.0
FT720P_SSM2433_S4508_id0_s1_150.png,1,VALID,-0.56591797,1.0009766,-0.5136719,-1.7656515,LCC-FASD external-dev / cross-domain stress set,-0.6198028028011322,0.0,1.0
FT720P_SSM2433_S4508_id0_s2_15.png,1,VALID,-1.5292969,1.6787109,-0.5078125,-3.3144436,LCC-FASD external-dev / cross-domain stress set,-0.6198028028011322,0.0,1.0
FT720P_SSM2433_S4508_id0_s2_30.png,1,VALID,-1.5292969,1.4414062,-0.265625,-3.1374063,LCC-FASD external-dev / cross-domain stress set,-0.6198028028011322,0.0,1.0
FT720P_SSM2433_S4508_id0_s2_45.png,1,VALID,-1.3212891,1.1826172,-0.115356445,-2.745349,LCC-FASD external-dev / cross-domain stress set,-0.6198028028011322,0.0,1.0
FT720P_SSM2433_S4508_id0_s2_60.png,1,VALID,-1.6113281,1.5107422,-0.15112305,-3.2958426,LCC-FASD external-dev / cross-domain stress set,-0.6198028028011322,0.0,1.0
FT720P_SSM2433_S4508_id0_s2_75.png,1,VALID,-1.3330078,1.1894531,-0.16345215,-2.752372,LCC-FASD external-dev / cross-domain stress set,-0.6198028028011322,0.0,1.0
FT720P_SSM2433_S4508_id0_s2_90.png,1,VALID,-1.3027344,1.1015625,-0.010215759,-2.6887035,LCC-FASD external-dev / cross-domain stress set,-0.6198028028011322,0.0,1.0
FT720P_SSM2433_S4508_id0_s2_105.png,1,VALID,-1.2021484,1.1835938,-0.18066406,-2.613332,LCC-FASD external-dev / cross-domain stress set,-0.6198028028011322,0.0,1.0
FT720P_SSM2433_S4508_id0_s2_120.png,1,VALID,-1.5185547,1.5078125,-0.3046875,-3.1775813,LCC-FASD external-dev / cross-domain stress set,-0.6198028028011322,0.0,1.0
FT720P_SSM2433_S4508_id0_s2_135.png,1,VALID,-1.0712891,1.2001953,-0.36791992,-2.4608126,LCC-FASD external-dev / cross-domain stress set,-0.6198028028011322,0.0,1.0
FT720P_SSM2433_S4508_id0_s2_150.png,1,VALID,-0.7939453,1.0195312,-0.48999023,-2.0131598,LCC-FASD external-dev / cross-domain stress set,-0.6198028028011322,0.0,1.0
FT720P_SSM2433_S4508_id0_s3_15.png,1,VALID,-1.5410156,2.4023438,-1.4296875,-3.9647937,LCC-FASD external-dev / cross-domain stress set,-0.6198028028011322,0.0,1.0
FT720P_SSM2433_S4508_id0_s3_30.png,1,VALID,-1.5429688,1.921875,-0.8510742,-3.5254471,LCC-FASD external-dev / cross-domain stress set,-0.6198028028011322,0.0,1.0
FT720P_SSM2433_S4508_id0_s3_45.png,1,VALID,-1.6591797,1.8886719,-0.76171875,-3.616093,LCC-FASD external-dev / cross-domain stress set,-0.6198028028011322,0.0,1.0
FT720P_SSM2433_S4508_id0_s3_60.png,1,VALID,-1.5800781,2.1875,-0.99853516,-3.808082,LCC-FASD external-dev / cross-domain stress set,-0.6198028028011322,0.0,1.0
FT720P_SSM2433_S4508_id0_s3_75.png,1,VALID,-1.609375,1.8056641,-0.58154297,-3.5029454,LCC-FASD external-dev / cross-domain stress set,-0.6198028028011322,0.0,1.0
FT720P_SSM2433_S4508_id0_s3_90.png,1,VALID,-1.4599609,1.8007812,-0.74902344,-3.3359394,LCC-FASD external-dev / cross-domain stress set,-0.6198028028011322,0.0,1.0
FT720P_SSM2433_S4508_id0_s3_105.png,1,VALID,-1.7988281,1.6279297,-0.28271484,-3.564766,LCC-FASD external-dev / cross-domain stress set,-0.6198028028011322,0.0,1.0
FT720P_SSM2433_S4508_id0_s3_120.png,1,VALID,-1.3515625,1.484375,-0.45263672,-2.9705856,LCC-FASD external-dev / cross-domain stress set,-0.6198028028011322,0.0,1.0
FT720P_SSM2433_S4508_id0_s3_135.png,1,VALID,-1.7177734,1.703125,-0.54052734,-3.5217118,LCC-FASD external-dev / cross-domain stress set,-0.6198028028011322,0.0,1.0
FT720P_SSM2433_S4508_id0_s3_150.png,1,VALID,-1.7373047,2.0585938,-0.84716797,-3.8491614,LCC-FASD external-dev / cross-domain stress set,-0.6198028028011322,0.0,1.0
FT720P_SSM2433_S4508_id12_s0_15.png,1,VALID,-0.044128418,0.39233398,-0.3540039,-0.8245098,LCC-FASD external-dev / cross-domain stress set,-0.6198028028011322,0.0,1.0
FT720P_SSM2433_S4508_id12_s0_30.png,1,VALID,-0.59814453,0.67041016,-0.08532715,-1.6535887,LCC-FASD external-dev / cross-domain stress set,-0.6198028028011322,0.0,1.0
FT720P_SSM2433_S4508_id12_s0_45.png,1,VALID,-0.15881348,0.2241211,-0.029464722,-0.9573056,LCC-FASD external-dev / cross-domain stress set,-0.6198028028011322,0.0,1.0
FT720P_SSM2433_S4508_id12_s0_60.png,1,VALID,-0.49121094,0.59472656,-0.13085938,-1.4807062,LCC-FASD external-dev / cross-domain stress set,-0.6198028028011322,0.0,1.0
FT720P_SSM2433_S4508_id12_s0_75.png,1,VALID,-0.6123047,0.73583984,-0.12298584,-1.701375,LCC-FASD external-dev / cross-domain stress set,-0.6198028028011322,0.0,1.0
FT720P_SSM2433_S4508_id12_s0_90.png,1,VALID,-0.63916016,0.6464844,0.009605408,-1.7102196,LCC-FASD external-dev / cross-domain stress set,-0.6198028028011322,0.0,1.0
FT720P_SSM2433_S4508_id12_s0_105.png,1,VALID,-0.48339844,0.40649414,0.16125488,-1.4679191,LCC-FASD external-dev / cross-domain stress set,-0.6198028028011322,0.0,1.0
FT720P_SSM2433_S4508_id12_s0_120.png,1,VALID,-0.32177734,0.56933594,-0.15197754,-1.2872775,LCC-FASD external-dev / cross-domain stress set,-0.6198028028011322,0.0,1.0
FT720P_SSM2433_S4508_id12_s0_135.png,1,VALID,-0.22497559,0.60546875,-0.32592773,-1.1626239,LCC-FASD external-dev / cross-domain stress set,-0.6198028028011322,0.0,1.0
FT720P_SSM2433_S4508_id12_s0_150.png,1,VALID,-0.07336426,0.37182617,-0.21264648,-0.88820803,LCC-FASD external-dev / cross-domain stress set,-0.6198028028011322,0.0,1.0
FT720P_SSM2433_S4508_id12_s1_15.png,1,VALID,0.23034668,0.32006836,-0.57373047,-0.43267202,LCC-FASD external-dev / cross-domain stress set,-0.6198028028011322,1.0,0.0
FT720P_SSM2433_S4508_id12_s1_30.png,1,VALID,0.039154053,0.20166016,-0.19543457,-0.67668825,LCC-FASD external-dev / cross-domain stress set,-0.6198028028011322,0.0,1.0
FT720P_SSM2433_S4508_id12_s1_45.png,1,VALID,0.16931152,0.72314453,-0.91748047,-0.7310238,LCC-FASD external-dev / cross-domain stress set,-0.6198028028011322,0.0,1.0
FT720P_SSM2433_S4508_id12_s1_60.png,1,VALID,0.47583008,0.27294922,-0.69677734,-0.118613124,LCC-FASD external-dev / cross-domain stress set,-0.6198028028011322,1.0,0.0
FT720P_SSM2433_S4508_id12_s1_75.png,1,VALID,0.53271484,-0.19470215,-0.34155273,0.10500187,LCC-FASD external-dev / cross-domain stress set,-0.6198028028011322,1.0,0.0
FT720P_SSM2433_S4508_id12_s1_90.png,1,VALID,0.7128906,0.01499176,-0.77734375,0.3244157,LCC-FASD external-dev / cross-domain stress set,-0.6198028028011322,1.0,0.0
FT720P_SSM2433_S4508_id12_s1_105.png,1,VALID,0.6152344,-0.21875,-0.39941406,0.22709483,LCC-FASD external-dev / cross-domain stress set,-0.6198028028011322,1.0,0.0
FT720P_SSM2433_S4508_id12_s1_120.png,1,VALID,0.27441406,0.64404297,-0.9824219,-0.5491327,LCC-FASD external-dev / cross-domain stress set,-0.6198028028011322,1.0,0.0
FT720P_SSM2433_S4508_id12_s1_135.png,1,VALID,0.18725586,0.49316406,-0.7167969,-0.5668938,LCC-FASD external-dev / cross-domain stress set,-0.6198028028011322,1.0,0.0
FT720P_SSM2433_S4508_id12_s1_150.png,1,VALID,0.25219727,0.6254883,-0.8017578,-0.5883773,LCC-FASD external-dev / cross-domain stress set,-0.6198028028011322,1.0,0.0
FT720P_SSM2433_S4508_id12_s2_15.png,1,VALID,-0.9555664,0.86621094,-0.09436035,-2.1457968,LCC-FASD external-dev / cross-domain stress set,-0.6198028028011322,0.0,1.0
FT720P_SSM2433_S4508_id12_s2_30.png,1,VALID,-0.6430664,1.0849609,-0.46411133,-1.9206663,LCC-FASD external-dev / cross-domain stress set,-0.6198028028011322,0.0,1.0
FT720P_SSM2433_S4508_id12_s2_45.png,1,VALID,-0.86572266,0.90283203,-0.009101868,-2.1062737,LCC-FASD external-dev / cross-domain stress set,-0.6198028028011322,0.0,1.0
FT720P_SSM2433_S4508_id12_s2_60.png,1,VALID,-0.4675293,0.90527344,-0.40576172,-1.6114581,LCC-FASD external-dev / cross-domain stress set,-0.6198028028011322,0.0,1.0
FT720P_SSM2433_S4508_id12_s2_75.png,1,VALID,-0.6035156,0.90185547,-0.25878906,-1.7779021,LCC-FASD external-dev / cross-domain stress set,-0.6198028028011322,0.0,1.0
FT720P_SSM2433_S4508_id12_s2_90.png,1,VALID,-0.1661377,0.57666016,-0.27807617,-1.0972471,LCC-FASD external-dev / cross-domain stress set,-0.6198028028011322,0.0,1.0
FT720P_SSM2433_S4508_id12_s2_105.png,1,VALID,-0.4946289,1.0488281,-0.62646484,-1.7150996,LCC-FASD external-dev / cross-domain stress set,-0.6198028028011322,0.0,1.0
FT720P_SSM2433_S4508_id12_s2_120.png,1,VALID,-0.5576172,1.0478516,-0.48657227,-1.8006899,LCC-FASD external-dev / cross-domain stress set,-0.6198028028011322,0.0,1.0
FT720P_SSM2433_S4508_id12_s2_135.png,1,VALID,-0.26733398,0.79345703,-0.46704102,-1.3103918,LCC-FASD external-dev / cross-domain stress set,-0.6198028028011322,0.0,1.0
FT720P_SSM2433_S4508_id12_s2_150.png,1,VALID,-0.2454834,0.8300781,-0.5727539,-1.2954193,LCC-FASD external-dev / cross-domain stress set,-0.6198028028011322,0.0,1.0
FT720P_SSM20B370_BQ5204_id5_s0_15.png,1,VALID,0.6586914,0.8144531,-1.4423828,-0.25531846,LCC-FASD external-dev / cross-domain stress set,-0.6198028028011322,1.0,0.0
FT720P_SSM20B370_BQ5204_id5_s0_30.png,1,VALID,0.86035156,0.7895508,-1.5517578,-0.021050394,LCC-FASD external-dev / cross-domain stress set,-0.6198028028011322,1.0,0.0
FT720P_SSM20B370_BQ5204_id5_s0_45.png,1,VALID,0.91259766,0.75683594,-1.6367188,0.068387926,LCC-FASD external-dev / cross-domain stress set,-0.6198028028011322,1.0,0.0
FT720P_SSM20B370_BQ5204_id5_s0_60.png,1,VALID,0.8925781,0.86279297,-1.7216797,-0.042940915,LCC-FASD external-dev / cross-domain stress set,-0.6198028028011322,1.0,0.0
FT720P_SSM20B370_BQ5204_id5_s0_75.png,1,VALID,1.0634766,0.7114258,-1.6708984,0.26373255,LCC-FASD external-dev / cross-domain stress set,-0.6198028028011322,1.0,0.0
FT720P_SSM20B370_BQ5204_id5_s0_90.png,1,VALID,0.6689453,0.7915039,-1.4365234,-0.22488117,LCC-FASD external-dev / cross-domain stress set,-0.6198028028011322,1.0,0.0
FT720P_SSM20B370_BQ5204_id5_s0_105.png,1,VALID,0.81689453,0.7558594,-1.5224609,-0.03650546,LCC-FASD external-dev / cross-domain stress set,-0.6198028028011322,1.0,0.0
FT720P_SSM20B370_BQ5204_id5_s0_120.png,1,VALID,0.80615234,0.8491211,-1.5878906,-0.12677819,LCC-FASD external-dev / cross-domain stress set,-0.6198028028011322,1.0,0.0
FT720P_SSM20B370_BQ5204_id5_s0_135.png,1,VALID,0.73339844,0.9169922,-1.6162109,-0.26000303,LCC-FASD external-dev / cross-domain stress set,-0.6198028028011322,1.0,0.0
FT720P_SSM20B370_BQ5204_id5_s0_150.png,1,VALID,0.80029297,0.7841797,-1.5429688,-0.0769887,LCC-FASD external-dev / cross-domain stress set,-0.6198028028011322,1.0,0.0
FT720P_SSM20B370_BQ5204_id9_s0_15.png,1,VALID,0.12670898,0.5703125,-0.5708008,-0.7208284,LCC-FASD external-dev / cross-domain stress set,-0.6198028028011322,0.0,1.0
FT720P_SSM20B370_BQ5204_id9_s0_30.png,1,VALID,0.2548828,0.23608398,-0.32055664,-0.4342692,LCC-FASD external-dev / cross-domain stress set,-0.6198028028011322,1.0,0.0
FT720P_SSM20B370_BQ5204_id9_s0_45.png,1,VALID,0.33325195,0.55566406,-0.7626953,-0.45951688,LCC-FASD external-dev / cross-domain stress set,-0.6198028028011322,1.0,0.0
FT720P_SSM20B370_BQ5204_id9_s0_60.png,1,VALID,0.19274902,0.48999023,-0.5419922,-0.60200155,LCC-FASD external-dev / cross-domain stress set,-0.6198028028011322,1.0,0.0
FT720P_SSM20B370_BQ5204_id9_s0_75.png,1,VALID,0.5595703,0.18676758,-0.53222656,-0.024120688,LCC-FASD external-dev / cross-domain stress set,-0.6198028028011322,1.0,0.0
FT720P_SSM20B370_BQ5204_id9_s0_90.png,1,VALID,0.04598999,0.61816406,-0.5727539,-0.83756614,LCC-FASD external-dev / cross-domain stress set,-0.6198028028011322,0.0,1.0
FT720P_SSM20B370_BQ5204_id9_s0_105.png,1,VALID,-0.0413208,0.59765625,-0.5175781,-0.92252946,LCC-FASD external-dev / cross-domain stress set,-0.6198028028011322,0.0,1.0
FT720P_SSM20B370_BQ5204_id9_s0_120.png,1,VALID,0.12695312,0.5629883,-0.5996094,-0.70810056,LCC-FASD external-dev / cross-domain stress set,-0.6198028028011322,0.0,1.0
FT720P_SSM20B370_BQ5204_id9_s0_135.png,1,VALID,0.4729004,0.095703125,-0.4206543,-0.090735495,LCC-FASD external-dev / cross-domain stress set,-0.6198028028011322,1.0,0.0
FT720P_SSM20B370_BQ5204_id9_s0_150.png,1,VALID,0.107910156,0.68896484,-0.75878906,-0.7922048,LCC-FASD external-dev / cross-domain stress set,-0.6198028028011322,0.0,1.0
FT720P_SSM20B370_BQ5204_id9_s1_95.png,1,VALID,-2.15625,0.8261719,0.79003906,-3.6576657,LCC-FASD external-dev / cross-domain stress set,-0.6198028028011322,0.0,1.0
FT720P_SSM20B370_BQ5204_id12_s1_30.png,1,VALID,-0.44995117,1.34375,-0.95410156,-1.8894426,LCC-FASD external-dev / cross-domain stress set,-0.6198028028011322,0.0,1.0
FT720P_SSM20B370_BQ5204_id12_s1_45.png,1,VALID,-0.4753418,1.5458984,-1.2548828,-2.0802283,LCC-FASD external-dev / cross-domain stress set,-0.6198028028011322,0.0,1.0
FT720P_SSM20B370_BQ5204_id12_s1_60.png,1,VALID,0.47070312,0.90771484,-1.3115234,-0.5401926,LCC-FASD external-dev / cross-domain stress set,-0.6198028028011322,1.0,0.0
FT720P_SSM20B370_BQ5204_id12_s1_75.png,1,VALID,0.34375,0.9350586,-1.375,-0.6859417,LCC-FASD external-dev / cross-domain stress set,-0.6198028028011322,0.0,1.0
FT720P_SSM20B370_BQ5204_id12_s1_90.png,1,VALID,0.2902832,0.8901367,-1.2519531,-0.71086633,LCC-FASD external-dev / cross-domain stress set,-0.6198028028011322,0.0,1.0
FT720P_SSM20B370_BQ5204_id12_s2_15.png,1,VALID,0.017227173,0.36547852,-0.46435547,-0.71019757,LCC-FASD external-dev / cross-domain stress set,-0.6198028028011322,0.0,1.0
FT720P_SSM20B370_BQ5204_id12_s2_30.png,1,VALID,0.16992188,0.03488159,-0.26611328,-0.41889167,LCC-FASD external-dev / cross-domain stress set,-0.6198028028011322,1.0,0.0
FT720P_SSM20B370_BQ5204_id12_s2_45.png,1,VALID,-0.016616821,0.6894531,-0.84033203,-0.90211535,LCC-FASD external-dev / cross-domain stress set,-0.6198028028011322,0.0,1.0
FT720P_SSM20B370_BQ5204_id12_s2_60.png,1,VALID,0.16149902,0.8569336,-1.2197266,-0.813527,LCC-FASD external-dev / cross-domain stress set,-0.6198028028011322,0.0,1.0
FT720P_SSM20B370_BQ5204_id12_s2_75.png,1,VALID,0.15039062,0.70654297,-1.0283203,-0.71863186,LCC-FASD external-dev / cross-domain stress set,-0.6198028028011322,0.0,1.0
FT720P_SSM20B370_BQ5204_id12_s2_90.png,1,VALID,0.53271484,0.46264648,-1.09375,-0.12129116,LCC-FASD external-dev / cross-domain stress set,-0.6198028028011322,1.0,0.0
FT720P_SSM20B370_BQ5204_id12_s2_105.png,1,VALID,0.2993164,0.7607422,-1.1826172,-0.59527636,LCC-FASD external-dev / cross-domain stress set,-0.6198028028011322,1.0,0.0
FT720P_SSM20B370_BQ5204_id12_s2_120.png,1,VALID,0.60595703,0.66064453,-1.2617188,-0.19119275,LCC-FASD external-dev / cross-domain stress set,-0.6198028028011322,1.0,0.0
FT720P_SSM20B370_BQ5204_id12_s2_135.png,1,VALID,0.65527344,0.5136719,-1.2685547,-0.013916552,LCC-FASD external-dev / cross-domain stress set,-0.6198028028011322,1.0,0.0
FT720P_SSM20B370_BQ5204_id12_s2_150.png,1,VALID,0.21984863,0.7338867,-1.0380859,-0.6710396,LCC-FASD external-dev / cross-domain stress set,-0.6198028028011322,0.0,1.0
FT720P_SSM2433_S4508_id0_s0_15.png,1,VALID,1.1357422,-0.64941406,-0.30932617,0.90757674,LCC-FASD external-dev / cross-domain stress set,-0.6198028028011322,1.0,0.0
FT720P_SSM2433_S4508_id0_s0_30.png,1,VALID,0.26879883,-0.31982422,0.15466309,-0.36964995,LCC-FASD external-dev / cross-domain stress set,-0.6198028028011322,1.0,0.0
FT720P_SSM2433_S4508_id0_s0_45.png,1,VALID,1.0615234,-0.60253906,-0.2722168,0.79217666,LCC-FASD external-dev / cross-domain stress set,-0.6198028028011322,1.0,0.0
FT720P_SSM2433_S4508_id0_s0_60.png,1,VALID,1.2646484,-0.70166016,-0.38745117,1.1037664,LCC-FASD external-dev / cross-domain stress set,-0.6198028028011322,1.0,0.0
FT720P_SSM2433_S4508_id0_s0_75.png,1,VALID,1.4267578,-0.7661133,-0.5053711,1.3608785,LCC-FASD external-dev / cross-domain stress set,-0.6198028028011322,1.0,0.0
FT720P_SSM2433_S4508_id0_s0_90.png,1,VALID,1.1992188,-0.70654297,-0.3112793,0.99557936,LCC-FASD external-dev / cross-domain stress set,-0.6198028028011322,1.0,0.0
FT720P_SSM2433_S4508_id0_s0_105.png,1,VALID,0.96484375,-0.82910156,0.0836792,0.5436882,LCC-FASD external-dev / cross-domain stress set,-0.6198028028011322,1.0,0.0
FT720P_SSM2433_S4508_id0_s0_120.png,1,VALID,1.2119141,-0.8354492,-0.21203613,0.9946959,LCC-FASD external-dev / cross-domain stress set,-0.6198028028011322,1.0,0.0
FT720P_SSM2433_S4508_id0_s0_135.png,1,VALID,1.6210938,-0.89160156,-0.6098633,1.6687896,LCC-FASD external-dev / cross-domain stress set,-0.6198028028011322,1.0,0.0
FT720P_SSM2433_S4508_id0_s0_150.png,1,VALID,1.3691406,-0.78271484,-0.45703125,1.282666,LCC-FASD external-dev / cross-domain stress set,-0.6198028028011322,1.0,0.0
FT720P_SSM2433_S4508_id0_s1_105.png,1,VALID,-0.671875,1.2128906,-0.6533203,-2.0286138,LCC-FASD external-dev / cross-domain stress set,-0.6198028028011322,0.0,1.0
FT720P_SSM2433_S4508_id0_s1_120.png,1,VALID,-0.6923828,0.93066406,-0.31103516,-1.8768305,LCC-FASD external-dev / cross-domain stress set,-0.6198028028011322,0.0,1.0
FT720P_SSM2433_S4508_id0_s1_135.png,1,VALID,-0.85058594,0.7348633,0.07861328,-2.0033653,LCC-FASD external-dev / cross-domain stress set,-0.6198028028011322,0.0,1.0
FT720P_NEC90GX2_ZC554KL_id9_s0_15.png,1,VALID,0.77197266,0.105895996,-0.6958008,0.29550177,LCC-FASD external-dev / cross-domain stress set,-0.6198028028011322,1.0,0.0
FT720P_NEC90GX2_ZC554KL_id9_s0_30.png,1,VALID,0.20031738,0.31298828,-0.5517578,-0.46414328,LCC-FASD external-dev / cross-domain stress set,-0.6198028028011322,1.0,0.0
FT720P_NEC90GX2_ZC554KL_id9_s0_45.png,1,VALID,0.47998047,0.12213135,-0.58251953,-0.043796062,LCC-FASD external-dev / cross-domain stress set,-0.6198028028011322,1.0,0.0
FT720P_NEC90GX2_ZC554KL_id9_s0_60.png,1,VALID,-0.09857178,0.50146484,-0.48413086,-0.9171927,LCC-FASD external-dev / cross-domain stress set,-0.6198028028011322,0.0,1.0
FT720P_NEC90GX2_ZC554KL_id9_s0_75.png,1,VALID,0.43798828,0.19311523,-0.5410156,-0.14711666,LCC-FASD external-dev / cross-domain stress set,-0.6198028028011322,1.0,0.0
FT720P_NEC90GX2_ZC554KL_id9_s0_90.png,1,VALID,0.6455078,0.35253906,-1.0029297,0.06358355,LCC-FASD external-dev / cross-domain stress set,-0.6198028028011322,1.0,0.0
FT720P_NEC90GX2_ZC554KL_id9_s0_105.png,1,VALID,0.3071289,0.1472168,-0.39648438,-0.29788947,LCC-FASD external-dev / cross-domain stress set,-0.6198028028011322,1.0,0.0
FT720P_NEC90GX2_ZC554KL_id9_s0_120.png,1,VALID,0.4951172,0.34814453,-0.8574219,-0.11502409,LCC-FASD external-dev / cross-domain stress set,-0.6198028028011322,1.0,0.0
FT720P_NEC90GX2_ZC554KL_id9_s0_135.png,1,VALID,0.08972168,0.12963867,-0.22583008,-0.57104206,LCC-FASD external-dev / cross-domain stress set,-0.6198028028011322,1.0,0.0
FT720P_NEC90GX2_ZC554KL_id9_s0_150.png,1,VALID,0.84765625,-0.017700195,-0.7241211,0.46429634,LCC-FASD external-dev / cross-domain stress set,-0.6198028028011322,1.0,0.0
FT720P_NEC90GX2_ZC554KL_id12_s2_17.png,1,VALID,-0.5625,0.42041016,-0.12213135,-1.4411378,LCC-FASD external-dev / cross-domain stress set,-0.6198028028011322,0.0,1.0
FT720P_NEC90GX2_ZC554KL_id12_s2_32.png,1,VALID,-0.47705078,0.7270508,-0.6347656,-1.432189,LCC-FASD external-dev / cross-domain stress set,-0.6198028028011322,0.0,1.0
FT720P_NEC90GX2_ZC554KL_id12_s2_47.png,1,VALID,-0.09350586,0.8339844,-1.0976562,-1.0628164,LCC-FASD external-dev / cross-domain stress set,-0.6198028028011322,0.0,1.0
FT720P_NEC90GX2_ZC554KL_id12_s2_62.png,1,VALID,-0.7026367,1.0458984,-0.7163086,-1.9069614,LCC-FASD external-dev / cross-domain stress set,-0.6198028028011322,0.0,1.0
FT720P_NEC90GX2_ZC554KL_id12_s2_77.png,1,VALID,-0.5966797,0.88720703,-0.57910156,-1.6915314,LCC-FASD external-dev / cross-domain stress set,-0.6198028028011322,0.0,1.0
FT720P_NEC90GX2_ZC554KL_id12_s2_92.png,1,VALID,-0.5385742,0.8989258,-0.7192383,-1.6183724,LCC-FASD external-dev / cross-domain stress set,-0.6198028028011322,0.0,1.0
FT720P_SSM20B370_BQ5204_id0_s0_15.png,1,VALID,-0.2052002,1.1279297,-1.1103516,-1.4344598,LCC-FASD external-dev / cross-domain stress set,-0.6198028028011322,0.0,1.0
FT720P_SSM20B370_BQ5204_id0_s0_30.png,1,VALID,-0.37109375,1.5,-1.3349609,-1.9281552,LCC-FASD external-dev / cross-domain stress set,-0.6198028028011322,0.0,1.0
FT720P_SSM20B370_BQ5204_id0_s0_45.png,1,VALID,0.3227539,0.7167969,-1.1972656,-0.5316112,LCC-FASD external-dev / cross-domain stress set,-0.6198028028011322,1.0,0.0
FT720P_SSM20B370_BQ5204_id0_s0_60.png,1,VALID,0.022247314,0.92285156,-1.1904297,-1.0146834,LCC-FASD external-dev / cross-domain stress set,-0.6198028028011322,0.0,1.0
FT720P_SSM20B370_BQ5204_id0_s0_75.png,1,VALID,0.5332031,0.47827148,-1.1503906,-0.12421143,LCC-FASD external-dev / cross-domain stress set,-0.6198028028011322,1.0,0.0
FT720P_SSM20B370_BQ5204_id0_s0_90.png,1,VALID,0.10925293,0.5571289,-0.86328125,-0.6642889,LCC-FASD external-dev / cross-domain stress set,-0.6198028028011322,0.0,1.0
FT720P_SSM20B370_BQ5204_id0_s0_105.png,1,VALID,0.39331055,0.39770508,-0.92871094,-0.23980403,LCC-FASD external-dev / cross-domain stress set,-0.6198028028011322,1.0,0.0
FT720P_SSM20B370_BQ5204_id0_s0_121.png,1,VALID,0.26733398,0.609375,-1.0048828,-0.5235609,LCC-FASD external-dev / cross-domain stress set,-0.6198028028011322,1.0,0.0
FT720P_SSM20B370_BQ5204_id0_s0_136.png,1,VALID,-0.02960205,0.8496094,-1.0146484,-1.0233214,LCC-FASD external-dev / cross-domain stress set,-0.6198028028011322,0.0,1.0
FT720P_SSM20B370_BQ5204_id0_s0_151.png,1,VALID,-0.1430664,1.0673828,-1.1494141,-1.3138696,LCC-FASD external-dev / cross-domain stress set,-0.6198028028011322,0.0,1.0
FT720P_SSM20B370_BQ5204_id0_s1_15.png,1,VALID,-1.2890625,2.328125,-1.5644531,-3.637375,LCC-FASD external-dev / cross-domain stress set,-0.6198028028011322,0.0,1.0
FT720P_SSM20B370_BQ5204_id0_s1_30.png,1,VALID,-1.0224609,1.7529297,-1.0927734,-2.831859,LCC-FASD external-dev / cross-domain stress set,-0.6198028028011322,0.0,1.0
FT720P_SSM20B370_BQ5204_id0_s1_45.png,1,VALID,-1.1972656,1.9306641,-1.1884766,-3.171176,LCC-FASD external-dev / cross-domain stress set,-0.6198028028011322,0.0,1.0
FT720P_SSM20B370_BQ5204_id0_s1_60.png,1,VALID,-1.0605469,2.0625,-1.4189453,-3.153346,LCC-FASD external-dev / cross-domain stress set,-0.6198028028011322,0.0,1.0
FT720P_SSM20B370_BQ5204_id0_s1_75.png,1,VALID,-1.2119141,2.046875,-1.2929688,-3.293618,LCC-FASD external-dev / cross-domain stress set,-0.6198028028011322,0.0,1.0
FT720P_SSM20B370_BQ5204_id0_s1_90.png,1,VALID,-1.0449219,1.7753906,-1.1455078,-2.872796,LCC-FASD external-dev / cross-domain stress set,-0.6198028028011322,0.0,1.0
FT720P_SSM20B370_BQ5204_id0_s1_105.png,1,VALID,-1.0761719,1.7636719,-1.0673828,-2.8971224,LCC-FASD external-dev / cross-domain stress set,-0.6198028028011322,0.0,1.0
FT720P_SSM20B370_BQ5204_id0_s1_120.png,1,VALID,-0.9560547,1.6484375,-1.0224609,-2.6713934,LCC-FASD external-dev / cross-domain stress set,-0.6198028028011322,0.0,1.0
FT720P_SSM20B370_BQ5204_id0_s1_135.png,1,VALID,-1.0029297,1.8828125,-1.3212891,-2.9255352,LCC-FASD external-dev / cross-domain stress set,-0.6198028028011322,0.0,1.0
FT720P_SSM20B370_BQ5204_id0_s1_150.png,1,VALID,-1.0458984,1.8027344,-1.1767578,-2.8982024,LCC-FASD external-dev / cross-domain stress set,-0.6198028028011322,0.0,1.0
FT720P_SSM20B370_BQ5204_id0_s3_15.png,1,VALID,-1.2539062,1.4121094,-0.5834961,-2.7934685,LCC-FASD external-dev / cross-domain stress set,-0.6198028028011322,0.0,1.0
FT720P_SSM20B370_BQ5204_id0_s3_32.png,1,VALID,-1.1875,1.9589844,-1.1347656,-3.1908185,LCC-FASD external-dev / cross-domain stress set,-0.6198028028011322,0.0,1.0
FT720P_SSM20B370_BQ5204_id0_s3_47.png,1,VALID,-1.1630859,1.7138672,-0.91308594,-2.9467576,LCC-FASD external-dev / cross-domain stress set,-0.6198028028011322,0.0,1.0
FT720P_SSM20B370_BQ5204_id0_s3_62.png,1,VALID,-1.4169922,1.859375,-0.8828125,-3.338806,LCC-FASD external-dev / cross-domain stress set,-0.6198028028011322,0.0,1.0
FT720P_SSM20B370_BQ5204_id0_s3_77.png,1,VALID,-1.4169922,1.7734375,-0.77783203,-3.265521,LCC-FASD external-dev / cross-domain stress set,-0.6198028028011322,0.0,1.0
FT720P_SSM20B370_BQ5204_id0_s3_92.png,1,VALID,-1.0742188,1.5986328,-0.87597656,-2.7536902,LCC-FASD external-dev / cross-domain stress set,-0.6198028028011322,0.0,1.0
FT720P_SSM20B370_BQ5204_id0_s3_107.png,1,VALID,-1.2958984,1.7431641,-0.8828125,-3.108933,LCC-FASD external-dev / cross-domain stress set,-0.6198028028011322,0.0,1.0
FT720P_SSM20B370_BQ5204_id0_s3_122.png,1,VALID,-0.9189453,1.5761719,-0.9604492,-2.5712752,LCC-FASD external-dev / cross-domain stress set,-0.6198028028011322,0.0,1.0
FT720P_SSM20B370_BQ5204_id0_s3_137.png,1,VALID,-0.9355469,1.8994141,-1.3730469,-2.8721728,LCC-FASD external-dev / cross-domain stress set,-0.6198028028011322,0.0,1.0
FT720P_SSM20B370_BQ5204_id0_s3_152.png,1,VALID,-1.3378906,1.9003906,-1.0683594,-3.288373,LCC-FASD external-dev / cross-domain stress set,-0.6198028028011322,0.0,1.0
FT720P_SSM20B370_BQ5204_id12_s1_15.png,1,VALID,-0.9272461,1.2041016,-0.37695312,-2.3184562,LCC-FASD external-dev / cross-domain stress set,-0.6198028028011322,0.0,1.0
FT720P_SSM20B370_BQ5204_id12_s1_105.png,1,VALID,0.40966797,0.734375,-1.1591797,-0.4649347,LCC-FASD external-dev / cross-domain stress set,-0.6198028028011322,1.0,0.0
FT720P_SSM20B370_BQ5204_id12_s1_120.png,1,VALID,0.24169922,0.7026367,-0.95996094,-0.63459307,LCC-FASD external-dev / cross-domain stress set,-0.6198028028011322,0.0,1.0
FT720P_SSM20B370_BQ5204_id12_s1_135.png,1,VALID,0.46362305,0.99853516,-1.3886719,-0.62281847,LCC-FASD external-dev / cross-domain stress set,-0.6198028028011322,0.0,1.0
FT720P_SSM20B370_BQ5204_id12_s1_150.png,1,VALID,0.28833008,1.2197266,-1.4160156,-1.0006107,LCC-FASD external-dev / cross-domain stress set,-0.6198028028011322,0.0,1.0
FT720P_MBP1314_X014D_id9_s0_15.png,1,VALID,-0.52246094,0.82128906,-0.31176758,-1.6229316,LCC-FASD external-dev / cross-domain stress set,-0.6198028028011322,0.0,1.0
FT720P_MBP1314_X014D_id9_s0_30.png,1,VALID,-0.83984375,0.6879883,0.21899414,-2.0137281,LCC-FASD external-dev / cross-domain stress set,-0.6198028028011322,0.0,1.0
FT720P_MBP1314_X014D_id9_s0_45.png,1,VALID,-0.0025119781,0.049224854,0.14929199,-0.79616874,LCC-FASD external-dev / cross-domain stress set,-0.6198028028011322,0.0,1.0
FT720P_MBP1314_X014D_id9_s0_60.png,1,VALID,-0.17053223,0.0061531067,0.35327148,-1.0583781,LCC-FASD external-dev / cross-domain stress set,-0.6198028028011322,0.0,1.0
FT720P_MBP1314_X014D_id9_s0_75.png,1,VALID,-0.80859375,0.3088379,0.625,-1.981103,LCC-FASD external-dev / cross-domain stress set,-0.6198028028011322,0.0,1.0
FT720P_MBP1314_X014D_id9_s0_90.png,1,VALID,-0.6333008,0.5136719,0.20922852,-1.6994394,LCC-FASD external-dev / cross-domain stress set,-0.6198028028011322,0.0,1.0
FT720P_MBP1314_X014D_id9_s0_135.png,1,VALID,-0.578125,0.022247314,0.82177734,-1.7711487,LCC-FASD external-dev / cross-domain stress set,-0.6198028028011322,0.0,1.0
FT720P_MBP1314_X014D_id9_s0_150.png,1,VALID,-0.19677734,0.0014362335,0.35302734,-1.0825294,LCC-FASD external-dev / cross-domain stress set,-0.6198028028011322,0.0,1.0
FT720P_NEC90GX2_ZC554KL_id0_s0_15.png,1,VALID,-0.15612793,1.3681641,-1.4130859,-1.5844092,LCC-FASD external-dev / cross-domain stress set,-0.6198028028011322,0.0,1.0
FT720P_NEC90GX2_ZC554KL_id0_s0_30.png,1,VALID,-0.3071289,1.6259766,-1.4804688,-1.9768925,LCC-FASD external-dev / cross-domain stress set,-0.6198028028011322,0.0,1.0
FT720P_NEC90GX2_ZC554KL_id0_s0_45.png,1,VALID,0.46679688,0.6040039,-1.1933594,-0.29055905,LCC-FASD external-dev / cross-domain stress set,-0.6198028028011322,1.0,0.0
FT720P_NEC90GX2_ZC554KL_id0_s0_60.png,1,VALID,-0.21765137,1.5527344,-1.4716797,-1.8178285,LCC-FASD external-dev / cross-domain stress set,-0.6198028028011322,0.0,1.0
FT720P_NEC90GX2_ZC554KL_id0_s0_75.png,1,VALID,-0.20324707,1.3837891,-1.3330078,-1.6510302,LCC-FASD external-dev / cross-domain stress set,-0.6198028028011322,0.0,1.0
FT720P_NEC90GX2_ZC554KL_id0_s0_90.png,1,VALID,0.057128906,1.0703125,-1.3681641,-1.0968754,LCC-FASD external-dev / cross-domain stress set,-0.6198028028011322,0.0,1.0
FT720P_NEC90GX2_ZC554KL_id0_s0_105.png,1,VALID,0.1899414,1.0605469,-1.4589844,-0.9480269,LCC-FASD external-dev / cross-domain stress set,-0.6198028028011322,0.0,1.0
FT720P_NEC90GX2_ZC554KL_id0_s0_120.png,1,VALID,0.45996094,0.66308594,-1.2539062,-0.3403172,LCC-FASD external-dev / cross-domain stress set,-0.6198028028011322,1.0,0.0
FT720P_NEC90GX2_ZC554KL_id0_s0_135.png,1,VALID,0.63671875,0.65771484,-1.4746094,-0.13303947,LCC-FASD external-dev / cross-domain stress set,-0.6198028028011322,1.0,0.0
FT720P_NEC90GX2_ZC554KL_id0_s0_150.png,1,VALID,0.17456055,1.3066406,-1.6826172,-1.1811795,LCC-FASD external-dev / cross-domain stress set,-0.6198028028011322,0.0,1.0
FT720P_NEC90GX2_ZC554KL_id0_s1_15.png,1,VALID,-1.0410156,1.8759766,-1.0761719,-2.9679015,LCC-FASD external-dev / cross-domain stress set,-0.6198028028011322,0.0,1.0
FT720P_NEC90GX2_ZC554KL_id0_s1_30.png,1,VALID,-1.2441406,1.9384766,-1.0195312,-3.2332363,LCC-FASD external-dev / cross-domain stress set,-0.6198028028011322,0.0,1.0
FT720P_NEC90GX2_ZC554KL_id0_s1_45.png,1,VALID,-1.2070312,2.0898438,-1.109375,-3.336859,LCC-FASD external-dev / cross-domain stress set,-0.6198028028011322,0.0,1.0
FT720P_NEC90GX2_ZC554KL_id0_s1_60.png,1,VALID,-1.2275391,1.9599609,-1.0244141,-3.2368338,LCC-FASD external-dev / cross-domain stress set,-0.6198028028011322,0.0,1.0
FT720P_NEC90GX2_ZC554KL_id0_s1_75.png,1,VALID,-1.2890625,1.8730469,-0.7910156,-3.2294545,LCC-FASD external-dev / cross-domain stress set,-0.6198028028011322,0.0,1.0
FT720P_NEC90GX2_ZC554KL_id0_s1_90.png,1,VALID,-1.3837891,1.6835938,-0.5541992,-3.1687598,LCC-FASD external-dev / cross-domain stress set,-0.6198028028011322,0.0,1.0
FT720P_NEC90GX2_ZC554KL_id0_s1_105.png,1,VALID,-1.203125,1.9765625,-0.9682617,-3.2309616,LCC-FASD external-dev / cross-domain stress set,-0.6198028028011322,0.0,1.0
FT720P_NEC90GX2_ZC554KL_id0_s1_120.png,1,VALID,-1.28125,2.3925781,-1.4306641,-3.6954496,LCC-FASD external-dev / cross-domain stress set,-0.6198028028011322,0.0,1.0
FT720P_NEC90GX2_ZC554KL_id0_s1_135.png,1,VALID,-1.1435547,1.5771484,-0.70996094,-2.81743,LCC-FASD external-dev / cross-domain stress set,-0.6198028028011322,0.0,1.0
FT720P_NEC90GX2_ZC554KL_id0_s1_150.png,1,VALID,-1.3847656,2.1972656,-1.0771484,-3.6191719,LCC-FASD external-dev / cross-domain stress set,-0.6198028028011322,0.0,1.0
FT720P_NEC90GX2_ZC554KL_id0_s2_15.png,1,VALID,0.33740234,0.47094727,-0.73828125,-0.3946988,LCC-FASD external-dev / cross-domain stress set,-0.6198028028011322,1.0,0.0
FT720P_NEC90GX2_ZC554KL_id0_s2_30.png,1,VALID,0.4128418,0.74902344,-1.0605469,-0.4878072,LCC-FASD external-dev / cross-domain stress set,-0.6198028028011322,1.0,0.0
FT720P_NEC90GX2_ZC554KL_id0_s2_45.png,1,VALID,0.49609375,0.94140625,-1.2548828,-0.5507666,LCC-FASD external-dev / cross-domain stress set,-0.6198028028011322,1.0,0.0
FT720P_NEC90GX2_ZC554KL_id0_s2_60.png,1,VALID,0.20935059,1.0839844,-1.1025391,-0.98106956,LCC-FASD external-dev / cross-domain stress set,-0.6198028028011322,0.0,1.0
FT720P_NEC90GX2_ZC554KL_id0_s2_75.png,1,VALID,0.8203125,0.8144531,-1.3935547,-0.09842807,LCC-FASD external-dev / cross-domain stress set,-0.6198028028011322,1.0,0.0
FT720P_NEC90GX2_ZC554KL_id0_s2_90.png,1,VALID,0.40844727,1.3105469,-1.4853516,-0.96136796,LCC-FASD external-dev / cross-domain stress set,-0.6198028028011322,0.0,1.0
FT720P_NEC90GX2_ZC554KL_id0_s2_105.png,1,VALID,0.54785156,0.7919922,-1.1269531,-0.38108265,LCC-FASD external-dev / cross-domain stress set,-0.6198028028011322,1.0,0.0
FT720P_NEC90GX2_ZC554KL_id0_s2_120.png,1,VALID,0.46850586,0.8886719,-1.1083984,-0.54744375,LCC-FASD external-dev / cross-domain stress set,-0.6198028028011322,1.0,0.0
FT720P_NEC90GX2_ZC554KL_id0_s2_135.png,1,VALID,0.4951172,0.9628906,-1.2353516,-0.57303226,LCC-FASD external-dev / cross-domain stress set,-0.6198028028011322,1.0,0.0
FT720P_NEC90GX2_ZC554KL_id0_s2_150.png,1,VALID,0.29858398,1.2792969,-1.4472656,-1.0441043,LCC-FASD external-dev / cross-domain stress set,-0.6198028028011322,0.0,1.0
FT720P_NEC90GX2_ZC554KL_id0_s3_15.png,1,VALID,-0.54345703,1.7412109,-1.4013672,-2.3269334,LCC-FASD external-dev / cross-domain stress set,-0.6198028028011322,0.0,1.0
FT720P_NEC90GX2_ZC554KL_id0_s3_30.png,1,VALID,-1.5136719,2.4863281,-1.5605469,-4.017326,LCC-FASD external-dev / cross-domain stress set,-0.6198028028011322,0.0,1.0
FT720P_NEC90GX2_ZC554KL_id0_s3_45.png,1,VALID,-1.3613281,1.9892578,-0.99658203,-3.3998494,LCC-FASD external-dev / cross-domain stress set,-0.6198028028011322,0.0,1.0
FT720P_NEC90GX2_ZC554KL_id0_s3_60.png,1,VALID,-1.4375,2.3242188,-1.4033203,-3.785486,LCC-FASD external-dev / cross-domain stress set,-0.6198028028011322,0.0,1.0
FT720P_NEC90GX2_ZC554KL_id0_s3_75.png,1,VALID,-1.0117188,1.9609375,-1.2871094,-3.0107708,LCC-FASD external-dev / cross-domain stress set,-0.6198028028011322,0.0,1.0
FT720P_NEC90GX2_ZC554KL_id0_s3_90.png,1,VALID,-1.765625,2.2070312,-1.0,-4.012335,LCC-FASD external-dev / cross-domain stress set,-0.6198028028011322,0.0,1.0
FT720P_NEC90GX2_ZC554KL_id0_s3_105.png,1,VALID,-1.9111328,2.3261719,-0.9589844,-4.2740555,LCC-FASD external-dev / cross-domain stress set,-0.6198028028011322,0.0,1.0
FT720P_NEC90GX2_ZC554KL_id0_s3_120.png,1,VALID,-0.76220703,1.6904297,-1.1943359,-2.507,LCC-FASD external-dev / cross-domain stress set,-0.6198028028011322,0.0,1.0
FT720P_NEC90GX2_ZC554KL_id0_s3_135.png,1,VALID,-1.7783203,2.515625,-1.3789062,-4.3140936,LCC-FASD external-dev / cross-domain stress set,-0.6198028028011322,0.0,1.0
FT720P_NEC90GX2_ZC554KL_id0_s3_150.png,1,VALID,-1.2080078,2.3183594,-1.5761719,-3.5465157,LCC-FASD external-dev / cross-domain stress set,-0.6198028028011322,0.0,1.0
FT720P_NEC90GX2_ZC554KL_id12_s1_15.png,1,VALID,-0.053344727,0.6972656,-0.6582031,-0.97999555,LCC-FASD external-dev / cross-domain stress set,-0.6198028028011322,0.0,1.0
FT720P_NEC90GX2_ZC554KL_id12_s1_142.png,1,VALID,-0.16223145,0.7949219,-0.65478516,-1.167932,LCC-FASD external-dev / cross-domain stress set,-0.6198028028011322,0.0,1.0
FT720P_NEC90GX2_ZC554KL_id12_s2_107.png,1,VALID,-0.09197998,0.59375,-0.75097656,-0.91732645,LCC-FASD external-dev / cross-domain stress set,-0.6198028028011322,0.0,1.0
FT720P_NEC90GX2_ZC554KL_id12_s2_122.png,1,VALID,-0.5205078,0.81884766,-0.5683594,-1.5623165,LCC-FASD external-dev / cross-domain stress set,-0.6198028028011322,0.0,1.0
FT720P_NEC90GX2_ZC554KL_id12_s2_137.png,1,VALID,-0.3449707,0.76220703,-0.70654297,-1.3143651,LCC-FASD external-dev / cross-domain stress set,-0.6198028028011322,0.0,1.0
FT720P_NEC90GX2_ZC554KL_id12_s2_152.png,1,VALID,-0.32983398,1.0498047,-1.0732422,-1.4926695,LCC-FASD external-dev / cross-domain stress set,-0.6198028028011322,0.0,1.0
FT720P_MBP1314_X014D_id0_s0_15.png,1,VALID,-0.39208984,0.86035156,-0.58251953,-1.4645228,LCC-FASD external-dev / cross-domain stress set,-0.6198028028011322,0.0,1.0
FT720P_MBP1314_X014D_id0_s0_30.png,1,VALID,-0.9067383,0.74316406,0.28979492,-2.141841,LCC-FASD external-dev / cross-domain stress set,-0.6198028028011322,0.0,1.0
FT720P_MBP1314_X014D_id0_s0_45.png,1,VALID,-0.020446777,-0.27075195,0.47387695,-0.88292104,LCC-FASD external-dev / cross-domain stress set,-0.6198028028011322,0.0,1.0
FT720P_MBP1314_X014D_id0_s0_60.png,1,VALID,-0.13537598,0.00982666,0.23010254,-0.95454067,LCC-FASD external-dev / cross-domain stress set,-0.6198028028011322,0.0,1.0
FT720P_MBP1314_X014D_id0_s0_75.png,1,VALID,0.43286133,-0.28466797,-0.00868988,-0.12309736,LCC-FASD external-dev / cross-domain stress set,-0.6198028028011322,1.0,0.0
FT720P_MBP1314_X014D_id0_s0_90.png,1,VALID,0.51220703,-0.51953125,0.21813965,-0.09677565,LCC-FASD external-dev / cross-domain stress set,-0.6198028028011322,1.0,0.0
FT720P_MBP1314_X014D_id0_s0_150.png,1,VALID,0.27026367,-0.28173828,0.17102051,-0.39293247,LCC-FASD external-dev / cross-domain stress set,-0.6198028028011322,1.0,0.0
FT720P_MBP1314_X014D_id0_s3_15.png,1,VALID,-2.015625,1.5878906,-0.08532715,-3.7754858,LCC-FASD external-dev / cross-domain stress set,-0.6198028028011322,0.0,1.0
FT720P_MBP1314_X014D_id0_s3_30.png,1,VALID,-2.0585938,1.6416016,-0.13781738,-3.8561182,LCC-FASD external-dev / cross-domain stress set,-0.6198028028011322,0.0,1.0
FT720P_MBP1314_X014D_id0_s3_46.png,1,VALID,-2.109375,1.5859375,0.03387451,-3.887428,LCC-FASD external-dev / cross-domain stress set,-0.6198028028011322,0.0,1.0
FT720P_MBP1314_X014D_id0_s3_61.png,1,VALID,-2.2929688,1.5820312,0.1005249,-4.0798125,LCC-FASD external-dev / cross-domain stress set,-0.6198028028011322,0.0,1.0
FT720P_MBP1314_X014D_id0_s3_76.png,1,VALID,-2.3691406,1.71875,-0.005970001,-4.251898,LCC-FASD external-dev / cross-domain stress set,-0.6198028028011322,0.0,1.0
FT720P_MBP1314_X014D_id0_s3_91.png,1,VALID,-2.2207031,1.5712891,0.14648438,-4.007551,LCC-FASD external-dev / cross-domain stress set,-0.6198028028011322,0.0,1.0
FT720P_MBP1314_X014D_id0_s3_106.png,1,VALID,-2.28125,1.6230469,0.11138916,-4.103594,LCC-FASD external-dev / cross-domain stress set,-0.6198028028011322,0.0,1.0
FT720P_MBP1314_X014D_id0_s3_121.png,1,VALID,-1.8300781,1.2509766,0.13781738,-3.36512,LCC-FASD external-dev / cross-domain stress set,-0.6198028028011322,0.0,1.0
FT720P_MBP1314_X014D_id0_s3_136.png,1,VALID,-2.0683594,1.5185547,0.06088257,-3.7961838,LCC-FASD external-dev / cross-domain stress set,-0.6198028028011322,0.0,1.0
FT720P_MBP1314_X014D_id0_s3_151.png,1,VALID,-1.9873047,1.4960938,0.11602783,-3.7077909,LCC-FASD external-dev / cross-domain stress set,-0.6198028028011322,0.0,1.0
FT720P_MBP1314_X014D_id5_s1_15.png,1,VALID,-0.90185547,-0.17541504,1.2617188,-2.3767545,LCC-FASD external-dev / cross-domain stress set,-0.6198028028011322,0.0,1.0
FT720P_MBP1314_X014D_id5_s1_30.png,1,VALID,-0.6147461,-0.38916016,1.1835938,-1.9868696,LCC-FASD external-dev / cross-domain stress set,-0.6198028028011322,0.0,1.0
FT720P_MBP1314_X014D_id5_s1_45.png,1,VALID,-0.56884766,-0.40942383,1.2275391,-1.9741731,LCC-FASD external-dev / cross-domain stress set,-0.6198028028011322,0.0,1.0
FT720P_MBP1314_X014D_id5_s1_60.png,1,VALID,-0.6040039,-0.32910156,1.1523438,-1.9611715,LCC-FASD external-dev / cross-domain stress set,-0.6198028028011322,0.0,1.0
FT720P_MBP1314_X014D_id5_s1_75.png,1,VALID,-0.7324219,-0.17895508,1.0703125,-2.0548267,LCC-FASD external-dev / cross-domain stress set,-0.6198028028011322,0.0,1.0
FT720P_MBP1314_X014D_id5_s1_90.png,1,VALID,-0.9941406,-0.42358398,1.6757812,-2.7855105,LCC-FASD external-dev / cross-domain stress set,-0.6198028028011322,0.0,1.0
FT720P_MBP1314_X014D_id5_s1_105.png,1,VALID,-0.6323242,-0.3491211,1.1962891,-2.021895,LCC-FASD external-dev / cross-domain stress set,-0.6198028028011322,0.0,1.0
FT720P_MBP1314_X014D_id5_s1_120.png,1,VALID,-0.7817383,-0.20825195,1.1259766,-2.1414907,LCC-FASD external-dev / cross-domain stress set,-0.6198028028011322,0.0,1.0
FT720P_MBP1314_X014D_id5_s1_135.png,1,VALID,-0.7011719,-0.3479004,1.2675781,-2.1500673,LCC-FASD external-dev / cross-domain stress set,-0.6198028028011322,0.0,1.0
FT720P_MBP1314_X014D_id5_s1_150.png,1,VALID,-0.7446289,-0.29589844,1.2373047,-2.1773715,LCC-FASD external-dev / cross-domain stress set,-0.6198028028011322,0.0,1.0
FT720P_MBP1314_X014D_id9_s0_105.png,1,VALID,-0.5678711,-0.10437012,0.90771484,-1.7856119,LCC-FASD external-dev / cross-domain stress set,-0.6198028028011322,0.0,1.0
FT720P_MBP1314_X014D_id9_s0_120.png,1,VALID,-0.87060547,0.65625,0.28979492,-2.0534682,LCC-FASD external-dev / cross-domain stress set,-0.6198028028011322,0.0,1.0
FT720P_MBP1314_X014D_id12_s0_15.png,1,VALID,-1.5175781,0.9980469,0.52001953,-2.9980545,LCC-FASD external-dev / cross-domain stress set,-0.6198028028011322,0.0,1.0
FT720P_MBP1314_X014D_id12_s0_30.png,1,VALID,-1.1933594,0.6479492,0.59228516,-2.507011,LCC-FASD external-dev / cross-domain stress set,-0.6198028028011322,0.0,1.0
FT720P_MBP1314_X014D_id12_s0_45.png,1,VALID,-1.28125,0.89697266,0.34204102,-2.6319137,LCC-FASD external-dev / cross-domain stress set,-0.6198028028011322,0.0,1.0
FT720P_MBP1314_X014D_id12_s0_60.png,1,VALID,-1.3701172,0.8701172,0.42871094,-2.736838,LCC-FASD external-dev / cross-domain stress set,-0.6198028028011322,0.0,1.0
FT720P_MBP1314_X014D_id12_s0_75.png,1,VALID,-1.2597656,0.5864258,0.69189453,-2.5934627,LCC-FASD external-dev / cross-domain stress set,-0.6198028028011322,0.0,1.0
FT720P_MBP1314_X014D_id12_s0_90.png,1,VALID,-1.3056641,0.8232422,0.56689453,-2.7020714,LCC-FASD external-dev / cross-domain stress set,-0.6198028028011322,0.0,1.0
FT720P_MBP1314_X014D_id12_s0_105.png,1,VALID,-0.8745117,0.3383789,0.59228516,-2.041028,LCC-FASD external-dev / cross-domain stress set,-0.6198028028011322,0.0,1.0
FT720P_MBP1314_X014D_id12_s0_120.png,1,VALID,-1.0234375,0.9482422,0.1652832,-2.3480947,LCC-FASD external-dev / cross-domain stress set,-0.6198028028011322,0.0,1.0
FT720P_MBP1314_X014D_id12_s0_135.png,1,VALID,-1.1259766,0.63623047,0.5097656,-2.3941197,LCC-FASD external-dev / cross-domain stress set,-0.6198028028011322,0.0,1.0
FT720P_MBP1314_X014D_id12_s0_150.png,1,VALID,-1.1240234,0.5566406,0.64404297,-2.418467,LCC-FASD external-dev / cross-domain stress set,-0.6198028028011322,0.0,1.0
FT720P_MBP1314_X014D_id12_s1_15.png,1,VALID,-0.3791504,-0.8227539,1.4345703,-1.9132313,LCC-FASD external-dev / cross-domain stress set,-0.6198028028011322,0.0,1.0
FT720P_MBP1314_X014D_id12_s1_30.png,1,VALID,-0.79052734,-0.26635742,1.2197266,-2.2142203,LCC-FASD external-dev / cross-domain stress set,-0.6198028028011322,0.0,1.0
FT720P_MBP1314_X014D_id12_s1_45.png,1,VALID,-0.51953125,-0.59765625,1.3574219,-2.0093431,LCC-FASD external-dev / cross-domain stress set,-0.6198028028011322,0.0,1.0
FT720P_MBP1314_X014D_id12_s1_60.png,1,VALID,-0.7685547,-0.37841797,1.3535156,-2.2849898,LCC-FASD external-dev / cross-domain stress set,-0.6198028028011322,0.0,1.0
FT720P_MBP1314_X014D_id12_s1_75.png,1,VALID,-0.14038086,-0.8305664,1.1835938,-1.4492252,LCC-FASD external-dev / cross-domain stress set,-0.6198028028011322,0.0,1.0
FT720P_MBP1314_X014D_id12_s1_90.png,1,VALID,-0.34399414,-0.60009766,1.1386719,-1.6445608,LCC-FASD external-dev / cross-domain stress set,-0.6198028028011322,0.0,1.0
FT720P_MBP1314_X014D_id12_s1_105.png,1,VALID,-0.32543945,-0.9536133,1.578125,-1.9800816,LCC-FASD external-dev / cross-domain stress set,-0.6198028028011322,0.0,1.0
FT720P_MBP1314_X014D_id12_s1_120.png,1,VALID,-0.5214844,-0.5083008,1.1533203,-1.848616,LCC-FASD external-dev / cross-domain stress set,-0.6198028028011322,0.0,1.0
FT720P_MBP1314_X014D_id12_s1_135.png,1,VALID,-0.73535156,-0.5683594,1.5390625,-2.3891265,LCC-FASD external-dev / cross-domain stress set,-0.6198028028011322,0.0,1.0
FT720P_MBP1314_X014D_id12_s1_150.png,1,VALID,-0.39208984,-0.62353516,1.2558594,-1.7900411,LCC-FASD external-dev / cross-domain stress set,-0.6198028028011322,0.0,1.0
FT720P_MBP1314_X014D_id12_s2_15.png,1,VALID,-0.54052734,-0.1027832,0.7583008,-1.6513872,LCC-FASD external-dev / cross-domain stress set,-0.6198028028011322,0.0,1.0
FT720P_MBP1314_X014D_id12_s2_30.png,1,VALID,-0.46606445,0.21142578,0.33813477,-1.4359975,LCC-FASD external-dev / cross-domain stress set,-0.6198028028011322,0.0,1.0
FT720P_MBP1314_X014D_id12_s2_45.png,1,VALID,-0.6147461,0.54003906,0.12890625,-1.6633475,LCC-FASD external-dev / cross-domain stress set,-0.6198028028011322,0.0,1.0
FT720P_MBP1314_X014D_id12_s2_60.png,1,VALID,-0.9140625,0.6777344,0.24523926,-2.091898,LCC-FASD external-dev / cross-domain stress set,-0.6198028028011322,0.0,1.0
FT720P_MBP1314_X014D_id12_s2_75.png,1,VALID,-0.9926758,0.69677734,0.39746094,-2.2440994,LCC-FASD external-dev / cross-domain stress set,-0.6198028028011322,0.0,1.0
FT720P_MBP1314_X014D_id12_s2_90.png,1,VALID,-0.9067383,0.7011719,0.30541992,-2.1226325,LCC-FASD external-dev / cross-domain stress set,-0.6198028028011322,0.0,1.0
FT720P_MBP1314_X014D_id12_s2_105.png,1,VALID,-0.8383789,0.6352539,0.2775879,-2.003853,LCC-FASD external-dev / cross-domain stress set,-0.6198028028011322,0.0,1.0
FT720P_MBP1314_X014D_id12_s2_120.png,1,VALID,-0.9003906,0.6870117,0.30688477,-2.1084404,LCC-FASD external-dev / cross-domain stress set,-0.6198028028011322,0.0,1.0
FT720P_MBP1314_X014D_id12_s2_135.png,1,VALID,-0.85546875,0.5366211,0.41088867,-2.0243456,LCC-FASD external-dev / cross-domain stress set,-0.6198028028011322,0.0,1.0
FT720P_MBP1314_X014D_id12_s2_150.png,1,VALID,-0.87109375,0.5727539,0.40844727,-2.0582123,LCC-FASD external-dev / cross-domain stress set,-0.6198028028011322,0.0,1.0
FT720P_MBP1314_IPHONE8F_id5_s0_15.png,1,VALID,0.6308594,0.94140625,-1.5185547,-0.39253068,LCC-FASD external-dev / cross-domain stress set,-0.6198028028011322,1.0,0.0
FT720P_MBP1314_IPHONE8F_id5_s0_30.png,1,VALID,0.71777344,0.6850586,-1.3417969,-0.09104949,LCC-FASD external-dev / cross-domain stress set,-0.6198028028011322,1.0,0.0
FT720P_MBP1314_IPHONE8F_id5_s0_45.png,1,VALID,0.6386719,0.70458984,-1.2548828,-0.19776404,LCC-FASD external-dev / cross-domain stress set,-0.6198028028011322,1.0,0.0
FT720P_MBP1314_IPHONE8F_id5_s0_60.png,1,VALID,0.52734375,0.9633789,-1.5292969,-0.5154824,LCC-FASD external-dev / cross-domain stress set,-0.6198028028011322,1.0,0.0
FT720P_MBP1314_IPHONE8F_id5_s0_75.png,1,VALID,0.6899414,0.7084961,-1.3320312,-0.14073706,LCC-FASD external-dev / cross-domain stress set,-0.6198028028011322,1.0,0.0
FT720P_MBP1314_IPHONE8F_id5_s0_90.png,1,VALID,0.67089844,0.95166016,-1.5869141,-0.35677683,LCC-FASD external-dev / cross-domain stress set,-0.6198028028011322,1.0,0.0
FT720P_MBP1314_IPHONE8F_id5_s0_105.png,1,VALID,0.6904297,0.8984375,-1.5302734,-0.29248714,LCC-FASD external-dev / cross-domain stress set,-0.6198028028011322,1.0,0.0
FT720P_MBP1314_IPHONE8F_id5_s0_120.png,1,VALID,0.6430664,0.9379883,-1.5732422,-0.37296414,LCC-FASD external-dev / cross-domain stress set,-0.6198028028011322,1.0,0.0
FT720P_MBP1314_IPHONE8F_id5_s0_135.png,1,VALID,0.58496094,0.8901367,-1.4677734,-0.39558095,LCC-FASD external-dev / cross-domain stress set,-0.6198028028011322,1.0,0.0
FT720P_MBP1314_IPHONE8F_id5_s0_150.png,1,VALID,0.4802246,1.0527344,-1.5537109,-0.64371014,LCC-FASD external-dev / cross-domain stress set,-0.6198028028011322,0.0,1.0
FT720P_MBP1314_IPHONE8F_id5_s1_15.png,1,VALID,-0.64160156,0.6142578,-0.21032715,-1.6194025,LCC-FASD external-dev / cross-domain stress set,-0.6198028028011322,0.0,1.0
FT720P_MBP1314_IPHONE8F_id5_s1_30.png,1,VALID,-0.5488281,0.47875977,-0.08508301,-1.478038,LCC-FASD external-dev / cross-domain stress set,-0.6198028028011322,0.0,1.0
FT720P_MBP1314_IPHONE8F_id5_s1_45.png,1,VALID,-0.9223633,0.7734375,-0.16088867,-2.027153,LCC-FASD external-dev / cross-domain stress set,-0.6198028028011322,0.0,1.0
FT720P_MBP1314_IPHONE8F_id5_s1_60.png,1,VALID,-0.21582031,0.35766602,-0.27026367,-1.0011666,LCC-FASD external-dev / cross-domain stress set,-0.6198028028011322,0.0,1.0
FT720P_MBP1314_IPHONE8F_id5_s1_75.png,1,VALID,-0.8017578,0.83447266,-0.28198242,-1.9194816,LCC-FASD external-dev / cross-domain stress set,-0.6198028028011322,0.0,1.0
FT720P_MBP1314_IPHONE8F_id5_s1_90.png,1,VALID,-0.39892578,0.5678711,-0.34204102,-1.3050958,LCC-FASD external-dev / cross-domain stress set,-0.6198028028011322,0.0,1.0
FT720P_MBP1314_IPHONE8F_id5_s1_105.png,1,VALID,-0.64746094,1.0029297,-0.64990234,-1.8256093,LCC-FASD external-dev / cross-domain stress set,-0.6198028028011322,0.0,1.0
FT720P_MBP1314_IPHONE8F_id5_s1_120.png,1,VALID,-0.86816406,0.8569336,-0.1850586,-2.0272381,LCC-FASD external-dev / cross-domain stress set,-0.6198028028011322,0.0,1.0
FT720P_MBP1314_IPHONE8F_id5_s1_135.png,1,VALID,-0.7758789,0.87158203,-0.33544922,-1.9091202,LCC-FASD external-dev / cross-domain stress set,-0.6198028028011322,0.0,1.0
FT720P_MBP1314_IPHONE8F_id5_s1_150.png,1,VALID,-0.49072266,0.1953125,0.23205566,-1.3977227,LCC-FASD external-dev / cross-domain stress set,-0.6198028028011322,0.0,1.0
FT720P_MBP1314_IPHONE8F_id9_s0_15.png,1,VALID,-0.47607422,0.5019531,-0.013084412,-1.4464536,LCC-FASD external-dev / cross-domain stress set,-0.6198028028011322,0.0,1.0
FT720P_MBP1314_IPHONE8F_id9_s0_30.png,1,VALID,0.3166504,0.06903076,-0.22216797,-0.31049055,LCC-FASD external-dev / cross-domain stress set,-0.6198028028011322,1.0,0.0
FT720P_MBP1314_IPHONE8F_id9_s0_45.png,1,VALID,0.63916016,0.22766113,-0.6894531,0.07526201,LCC-FASD external-dev / cross-domain stress set,-0.6198028028011322,1.0,0.0
FT720P_MBP1314_IPHONE8F_id9_s0_60.png,1,VALID,0.3774414,0.18078613,-0.39892578,-0.24806881,LCC-FASD external-dev / cross-domain stress set,-0.6198028028011322,1.0,0.0
FT720P_MBP1314_IPHONE8F_id9_s0_75.png,1,VALID,1.1181641,0.020721436,-0.8935547,0.76039433,LCC-FASD external-dev / cross-domain stress set,-0.6198028028011322,1.0,0.0
FT720P_MBP1314_IPHONE8F_id9_s0_90.png,1,VALID,1.1542969,-0.28393555,-0.6230469,0.9003347,LCC-FASD external-dev / cross-domain stress set,-0.6198028028011322,1.0,0.0
FT720P_MBP1314_IPHONE8F_id9_s0_105.png,1,VALID,0.1986084,0.12646484,-0.24963379,-0.45053238,LCC-FASD external-dev / cross-domain stress set,-0.6198028028011322,1.0,0.0
FT720P_MBP1314_IPHONE8F_id9_s0_120.png,1,VALID,1.0703125,-0.19189453,-0.59375,0.74993604,LCC-FASD external-dev / cross-domain stress set,-0.6198028028011322,1.0,0.0
FT720P_MBP1314_IPHONE8F_id9_s0_135.png,1,VALID,1.3671875,-0.2442627,-0.8613281,1.179976,LCC-FASD external-dev / cross-domain stress set,-0.6198028028011322,1.0,0.0
FT720P_MBP1314_IPHONE8F_id9_s0_150.png,1,VALID,0.33276367,0.4025879,-0.6503906,-0.36911142,LCC-FASD external-dev / cross-domain stress set,-0.6198028028011322,1.0,0.0
FT720P_MBP1314_IPHONE8F_id9_s1_24.png,1,VALID,-1.0117188,1.2207031,-0.39941406,-2.4129715,LCC-FASD external-dev / cross-domain stress set,-0.6198028028011322,0.0,1.0
FT720P_MBP1314_IPHONE8F_id9_s1_41.png,1,VALID,-0.9741211,0.83691406,0.03152466,-2.180468,LCC-FASD external-dev / cross-domain stress set,-0.6198028028011322,0.0,1.0
FT720P_MBP1314_IPHONE8F_id9_s1_137.png,1,VALID,-0.7944336,0.9638672,-0.30078125,-2.0069861,LCC-FASD external-dev / cross-domain stress set,-0.6198028028011322,0.0,1.0
FT720P_MBP1314_IPHONE8F_id12_s1_15.png,1,VALID,-1.7099609,1.4521484,0.04977417,-3.3820577,LCC-FASD external-dev / cross-domain stress set,-0.6198028028011322,0.0,1.0
FT720P_MBP1314_IPHONE8F_id12_s1_30.png,1,VALID,-1.3359375,1.4111328,-0.2866211,-2.9152036,LCC-FASD external-dev / cross-domain stress set,-0.6198028028011322,0.0,1.0
FT720P_MBP1314_IPHONE8F_id12_s1_45.png,1,VALID,-1.2792969,1.4580078,-0.4345703,-2.8776603,LCC-FASD external-dev / cross-domain stress set,-0.6198028028011322,0.0,1.0
FT720P_MBP1314_IPHONE8F_id12_s1_60.png,1,VALID,-1.5683594,1.6738281,-0.38720703,-3.3620324,LCC-FASD external-dev / cross-domain stress set,-0.6198028028011322,0.0,1.0
FT720P_MBP1314_IPHONE8F_id12_s1_75.png,1,VALID,-1.0410156,1.3222656,-0.4411621,-2.5215287,LCC-FASD external-dev / cross-domain stress set,-0.6198028028011322,0.0,1.0
FT720P_MBP1314_IPHONE8F_id12_s1_90.png,1,VALID,-0.8881836,1.3222656,-0.56884766,-2.3509967,LCC-FASD external-dev / cross-domain stress set,-0.6198028028011322,0.0,1.0
FT720P_MBP1314_IPHONE8F_id12_s1_150.png,1,VALID,-1.6142578,1.5019531,-0.11151123,-3.2978625,LCC-FASD external-dev / cross-domain stress set,-0.6198028028011322,0.0,1.0
FT720P_MBP1314_IPHONE8F_id12_s2_15.png,1,VALID,-1.578125,1.859375,-0.5551758,-3.5231338,LCC-FASD external-dev / cross-domain stress set,-0.6198028028011322,0.0,1.0
FT720P_MBP1314_IPHONE8F_id12_s2_30.png,1,VALID,-1.5585938,1.8701172,-0.6748047,-3.504263,LCC-FASD external-dev / cross-domain stress set,-0.6198028028011322,0.0,1.0
FT720P_MBP1314_IPHONE8F_id12_s2_45.png,1,VALID,-1.3896484,1.7548828,-0.67626953,-3.2288132,LCC-FASD external-dev / cross-domain stress set,-0.6198028028011322,0.0,1.0
FT720P_MBP1314_IPHONE8F_id12_s2_60.png,1,VALID,-1.4472656,1.6806641,-0.56640625,-3.228416,LCC-FASD external-dev / cross-domain stress set,-0.6198028028011322,0.0,1.0
FT720P_MBP1314_IPHONE8F_id12_s2_75.png,1,VALID,-1.2148438,1.5693359,-0.60302734,-2.8920543,LCC-FASD external-dev / cross-domain stress set,-0.6198028028011322,0.0,1.0
FT720P_MBP1314_IPHONE8F_id12_s2_90.png,1,VALID,-1.3945312,1.75,-0.67089844,-3.2296457,LCC-FASD external-dev / cross-domain stress set,-0.6198028028011322,0.0,1.0
FT720P_MBP1314_IPHONE8F_id12_s2_105.png,1,VALID,-1.2919922,1.6933594,-0.7104492,-3.0718713,LCC-FASD external-dev / cross-domain stress set,-0.6198028028011322,0.0,1.0
FT720P_MBP1314_IPHONE8F_id12_s2_120.png,1,VALID,-1.4052734,1.9306641,-0.80078125,-3.3990297,LCC-FASD external-dev / cross-domain stress set,-0.6198028028011322,0.0,1.0
FT720P_MBP1314_IPHONE8F_id12_s2_135.png,1,VALID,-1.4736328,1.5263672,-0.34423828,-3.1432605,LCC-FASD external-dev / cross-domain stress set,-0.6198028028011322,0.0,1.0
FT720P_MBP1314_IPHONE8F_id12_s2_150.png,1,VALID,-1.3955078,1.7841797,-0.6767578,-3.2615945,LCC-FASD external-dev / cross-domain stress set,-0.6198028028011322,0.0,1.0
FT720P_MBP1314_X014D_id0_s0_105.png,1,VALID,-0.011314392,-0.15673828,0.29614258,-0.7995852,LCC-FASD external-dev / cross-domain stress set,-0.6198028028011322,0.0,1.0
FT720P_MBP1314_X014D_id0_s0_120.png,1,VALID,-0.040283203,-0.08569336,0.25854492,-0.8345961,LCC-FASD external-dev / cross-domain stress set,-0.6198028028011322,0.0,1.0
FT720P_MBP1314_X014D_id0_s0_135.png,1,VALID,0.43945312,-0.5732422,0.3034668,-0.21195579,LCC-FASD external-dev / cross-domain stress set,-0.6198028028011322,1.0,0.0
FT720P_MBP1314_IPHONE8F_id0_s0_15.png,1,VALID,1.5039062,-0.08251953,-1.53125,1.3754615,LCC-FASD external-dev / cross-domain stress set,-0.6198028028011322,1.0,0.0
FT720P_MBP1314_IPHONE8F_id0_s0_30.png,1,VALID,1.2119141,0.28759766,-1.6650391,0.79162335,LCC-FASD external-dev / cross-domain stress set,-0.6198028028011322,1.0,0.0
FT720P_MBP1314_IPHONE8F_id0_s0_45.png,1,VALID,1.1484375,0.39770508,-1.7255859,0.6377277,LCC-FASD external-dev / cross-domain stress set,-0.6198028028011322,1.0,0.0
FT720P_MBP1314_IPHONE8F_id0_s0_60.png,1,VALID,0.8540039,0.3527832,-1.3291016,0.33061504,LCC-FASD external-dev / cross-domain stress set,-0.6198028028011322,1.0,0.0
FT720P_MBP1314_IPHONE8F_id0_s0_75.png,1,VALID,1.0996094,0.30371094,-1.5419922,0.6492781,LCC-FASD external-dev / cross-domain stress set,-0.6198028028011322,1.0,0.0
FT720P_MBP1314_IPHONE8F_id0_s0_90.png,1,VALID,0.8569336,0.10418701,-1.1425781,0.50009614,LCC-FASD external-dev / cross-domain stress set,-0.6198028028011322,1.0,0.0
FT720P_MBP1314_IPHONE8F_id0_s0_120.png,1,VALID,1.3330078,0.09753418,-1.5322266,1.0565107,LCC-FASD external-dev / cross-domain stress set,-0.6198028028011322,1.0,0.0
FT720P_MBP1314_IPHONE8F_id0_s0_135.png,1,VALID,1.2539062,0.1071167,-1.4785156,0.96046084,LCC-FASD external-dev / cross-domain stress set,-0.6198028028011322,1.0,0.0
FT720P_MBP1314_IPHONE8F_id0_s0_150.png,1,VALID,1.2255859,0.0803833,-1.4736328,0.95342815,LCC-FASD external-dev / cross-domain stress set,-0.6198028028011322,1.0,0.0
FT720P_MBP1314_IPHONE8F_id0_s1_15.png,1,VALID,-0.32666016,1.1601562,-1.0507812,-1.590814,LCC-FASD external-dev / cross-domain stress set,-0.6198028028011322,0.0,1.0
FT720P_MBP1314_IPHONE8F_id0_s1_30.png,1,VALID,-0.22229004,1.1347656,-1.1201172,-1.4567976,LCC-FASD external-dev / cross-domain stress set,-0.6198028028011322,0.0,1.0
FT720P_MBP1314_IPHONE8F_id0_s1_45.png,1,VALID,-0.2121582,1.0136719,-1.0273438,-1.3479563,LCC-FASD external-dev / cross-domain stress set,-0.6198028028011322,0.0,1.0
FT720P_MBP1314_IPHONE8F_id0_s1_60.png,1,VALID,-0.31225586,1.3789062,-1.3212891,-1.7561934,LCC-FASD external-dev / cross-domain stress set,-0.6198028028011322,0.0,1.0
FT720P_MBP1314_IPHONE8F_id0_s1_75.png,1,VALID,-0.2376709,1.1503906,-1.1513672,-1.483447,LCC-FASD external-dev / cross-domain stress set,-0.6198028028011322,0.0,1.0
FT720P_MBP1314_IPHONE8F_id0_s1_90.png,1,VALID,-0.3737793,1.2988281,-1.15625,-1.7549764,LCC-FASD external-dev / cross-domain stress set,-0.6198028028011322,0.0,1.0
FT720P_MBP1314_IPHONE8F_id0_s1_105.png,1,VALID,-0.44433594,1.7089844,-1.5556641,-2.1908188,LCC-FASD external-dev / cross-domain stress set,-0.6198028028011322,0.0,1.0
FT720P_MBP1314_IPHONE8F_id0_s1_120.png,1,VALID,-0.4230957,1.421875,-1.2636719,-1.9109306,LCC-FASD external-dev / cross-domain stress set,-0.6198028028011322,0.0,1.0
FT720P_MBP1314_IPHONE8F_id0_s1_135.png,1,VALID,-0.4567871,1.3457031,-1.1582031,-1.8810842,LCC-FASD external-dev / cross-domain stress set,-0.6198028028011322,0.0,1.0
FT720P_MBP1314_IPHONE8F_id0_s1_150.png,1,VALID,-0.6166992,1.5234375,-1.1992188,-2.2037687,LCC-FASD external-dev / cross-domain stress set,-0.6198028028011322,0.0,1.0
FT720P_MBP1314_IPHONE8F_id0_s2_15.png,1,VALID,-0.071777344,0.74560547,-0.62890625,-1.042894,LCC-FASD external-dev / cross-domain stress set,-0.6198028028011322,0.0,1.0
FT720P_MBP1314_IPHONE8F_id0_s2_30.png,1,VALID,-0.33520508,0.8413086,-0.50390625,-1.4080093,LCC-FASD external-dev / cross-domain stress set,-0.6198028028011322,0.0,1.0
FT720P_MBP1314_IPHONE8F_id0_s2_45.png,1,VALID,-0.29077148,0.88134766,-0.63378906,-1.3707881,LCC-FASD external-dev / cross-domain stress set,-0.6198028028011322,0.0,1.0
FT720P_MBP1314_IPHONE8F_id0_s2_60.png,1,VALID,-0.20458984,0.7207031,-0.4777832,-1.1889261,LCC-FASD external-dev / cross-domain stress set,-0.6198028028011322,0.0,1.0
FT720P_MBP1314_IPHONE8F_id0_s2_75.png,1,VALID,-0.11608887,0.8623047,-0.7939453,-1.1530638,LCC-FASD external-dev / cross-domain stress set,-0.6198028028011322,0.0,1.0
FT720P_MBP1314_IPHONE8F_id0_s2_90.png,1,VALID,-0.15063477,0.94970703,-0.84765625,-1.2536938,LCC-FASD external-dev / cross-domain stress set,-0.6198028028011322,0.0,1.0
FT720P_MBP1314_IPHONE8F_id0_s2_105.png,1,VALID,-0.19799805,0.8486328,-0.74902344,-1.2309257,LCC-FASD external-dev / cross-domain stress set,-0.6198028028011322,0.0,1.0
FT720P_MBP1314_IPHONE8F_id0_s2_120.png,1,VALID,0.07763672,0.82910156,-0.9555664,-0.90663165,LCC-FASD external-dev / cross-domain stress set,-0.6198028028011322,0.0,1.0
FT720P_MBP1314_IPHONE8F_id0_s2_135.png,1,VALID,0.31591797,0.6352539,-0.9379883,-0.5077818,LCC-FASD external-dev / cross-domain stress set,-0.6198028028011322,1.0,0.0
FT720P_MBP1314_IPHONE8F_id0_s2_150.png,1,VALID,-0.114868164,0.9272461,-0.8334961,-1.2007554,LCC-FASD external-dev / cross-domain stress set,-0.6198028028011322,0.0,1.0
FT720P_MBP1314_IPHONE8F_id0_s3_16.png,1,VALID,-0.24597168,1.7441406,-1.7119141,-2.0211787,LCC-FASD external-dev / cross-domain stress set,-0.6198028028011322,0.0,1.0
FT720P_MBP1314_IPHONE8F_id0_s3_31.png,1,VALID,-0.8510742,1.9443359,-1.5351562,-2.8257678,LCC-FASD external-dev / cross-domain stress set,-0.6198028028011322,0.0,1.0
FT720P_MBP1314_IPHONE8F_id0_s3_46.png,1,VALID,-0.6152344,1.703125,-1.4169922,-2.3615646,LCC-FASD external-dev / cross-domain stress set,-0.6198028028011322,0.0,1.0
FT720P_MBP1314_IPHONE8F_id0_s3_61.png,1,VALID,-0.6220703,1.7548828,-1.4443359,-2.4169369,LCC-FASD external-dev / cross-domain stress set,-0.6198028028011322,0.0,1.0
FT720P_MBP1314_IPHONE8F_id0_s3_76.png,1,VALID,-1.0449219,1.9111328,-1.2138672,-2.999054,LCC-FASD external-dev / cross-domain stress set,-0.6198028028011322,0.0,1.0
FT720P_MBP1314_IPHONE8F_id0_s3_91.png,1,VALID,-0.5209961,1.7871094,-1.5673828,-2.3424363,LCC-FASD external-dev / cross-domain stress set,-0.6198028028011322,0.0,1.0
FT720P_MBP1314_IPHONE8F_id0_s3_106.png,1,VALID,-0.43530273,1.7060547,-1.5224609,-2.1802092,LCC-FASD external-dev / cross-domain stress set,-0.6198028028011322,0.0,1.0
FT720P_MBP1314_IPHONE8F_id0_s3_121.png,1,VALID,-0.8149414,1.7558594,-1.2939453,-2.6170812,LCC-FASD external-dev / cross-domain stress set,-0.6198028028011322,0.0,1.0
FT720P_MBP1314_IPHONE8F_id0_s3_136.png,1,VALID,-0.40063477,1.7021484,-1.6367188,-2.1376457,LCC-FASD external-dev / cross-domain stress set,-0.6198028028011322,0.0,1.0
FT720P_MBP1314_IPHONE8F_id0_s3_151.png,1,VALID,-0.9897461,1.9638672,-1.4824219,-2.9849799,LCC-FASD external-dev / cross-domain stress set,-0.6198028028011322,0.0,1.0
FT720P_MBP1314_IPHONE8F_id12_s0_15.png,1,VALID,-1.3642578,1.3554688,-0.26464844,-2.9002762,LCC-FASD external-dev / cross-domain stress set,-0.6198028028011322,0.0,1.0
FT720P_MBP1314_IPHONE8F_id12_s0_30.png,1,VALID,-0.97998047,1.140625,-0.33911133,-2.325746,LCC-FASD external-dev / cross-domain stress set,-0.6198028028011322,0.0,1.0
FT720P_MBP1314_IPHONE8F_id12_s0_45.png,1,VALID,-1.0566406,1.2880859,-0.49316406,-2.5003853,LCC-FASD external-dev / cross-domain stress set,-0.6198028028011322,0.0,1.0
FT720P_MBP1314_IPHONE8F_id12_s0_60.png,1,VALID,-1.3691406,1.4316406,-0.3803711,-2.9520636,LCC-FASD external-dev / cross-domain stress set,-0.6198028028011322,0.0,1.0
FT720P_MBP1314_IPHONE8F_id12_s0_75.png,1,VALID,-1.1416016,1.1259766,-0.2109375,-2.500795,LCC-FASD external-dev / cross-domain stress set,-0.6198028028011322,0.0,1.0
FT720P_MBP1314_IPHONE8F_id12_s0_90.png,1,VALID,-1.1386719,1.2490234,-0.34179688,-2.573144,LCC-FASD external-dev / cross-domain stress set,-0.6198028028011322,0.0,1.0
FT720P_MBP1314_IPHONE8F_id12_s0_105.png,1,VALID,-1.0439453,1.0927734,-0.21154785,-2.3768034,LCC-FASD external-dev / cross-domain stress set,-0.6198028028011322,0.0,1.0
FT720P_MBP1314_IPHONE8F_id12_s0_120.png,1,VALID,-1.3974609,1.3466797,-0.16674805,-2.9431176,LCC-FASD external-dev / cross-domain stress set,-0.6198028028011322,0.0,1.0
FT720P_MBP1314_IPHONE8F_id12_s0_135.png,1,VALID,-1.5253906,1.1953125,0.033935547,-2.9930594,LCC-FASD external-dev / cross-domain stress set,-0.6198028028011322,0.0,1.0
FT720P_MBP1314_IPHONE8F_id12_s0_150.png,1,VALID,-1.2333984,0.99853516,0.011680603,-2.5487475,LCC-FASD external-dev / cross-domain stress set,-0.6198028028011322,0.0,1.0
FT720P_MBP1314_IPHONE8F_id12_s1_105.png,1,VALID,-1.3759766,1.5302734,-0.3076172,-3.0539393,LCC-FASD external-dev / cross-domain stress set,-0.6198028028011322,0.0,1.0
FT720P_MBP1314_IPHONE8F_id12_s1_120.png,1,VALID,-1.5615234,1.5107422,-0.13330078,-3.2489023,LCC-FASD external-dev / cross-domain stress set,-0.6198028028011322,0.0,1.0
FT720P_MBP1314_IPHONE8F_id12_s1_135.png,1,VALID,-1.3496094,1.3515625,-0.18273926,-2.8964148,LCC-FASD external-dev / cross-domain stress set,-0.6198028028011322,0.0,1.0
FT720P_MBP1314_IPHONE7F_id5_s0_15.png,1,VALID,0.26611328,0.8847656,-1.1318359,-0.74361587,LCC-FASD external-dev / cross-domain stress set,-0.6198028028011322,0.0,1.0
FT720P_MBP1314_IPHONE7F_id5_s0_30.png,1,VALID,0.5566406,0.86865234,-1.3613281,-0.41414446,LCC-FASD external-dev / cross-domain stress set,-0.6198028028011322,1.0,0.0
FT720P_MBP1314_IPHONE7F_id5_s0_45.png,1,VALID,0.61376953,0.51123047,-1.0332031,-0.09091431,LCC-FASD external-dev / cross-domain stress set,-0.6198028028011322,1.0,0.0
FT720P_MBP1314_IPHONE7F_id5_s0_60.png,1,VALID,0.45703125,0.96728516,-1.4658203,-0.594378,LCC-FASD external-dev / cross-domain stress set,-0.6198028028011322,1.0,0.0
FT720P_MBP1314_IPHONE7F_id5_s0_75.png,1,VALID,0.703125,0.6191406,-1.2539062,-0.058950663,LCC-FASD external-dev / cross-domain stress set,-0.6198028028011322,1.0,0.0
FT720P_MBP1314_IPHONE7F_id5_s0_90.png,1,VALID,0.4338379,0.9194336,-1.3271484,-0.5861287,LCC-FASD external-dev / cross-domain stress set,-0.6198028028011322,1.0,0.0
FT720P_MBP1314_IPHONE7F_id5_s0_105.png,1,VALID,0.33203125,0.9169922,-1.2529297,-0.69308555,LCC-FASD external-dev / cross-domain stress set,-0.6198028028011322,0.0,1.0
FT720P_MBP1314_IPHONE7F_id5_s0_120.png,1,VALID,0.3852539,1.0146484,-1.4140625,-0.71387386,LCC-FASD external-dev / cross-domain stress set,-0.6198028028011322,0.0,1.0
FT720P_MBP1314_IPHONE7F_id5_s0_135.png,1,VALID,0.5498047,0.6923828,-1.1835938,-0.2851234,LCC-FASD external-dev / cross-domain stress set,-0.6198028028011322,1.0,0.0
FT720P_MBP1314_IPHONE7F_id5_s0_150.png,1,VALID,0.62060547,0.79296875,-1.3544922,-0.28281307,LCC-FASD external-dev / cross-domain stress set,-0.6198028028011322,1.0,0.0
FT720P_MBP1314_IPHONE7F_id5_s1_15.png,1,VALID,-0.38330078,0.24560547,0.08081055,-1.2430468,LCC-FASD external-dev / cross-domain stress set,-0.6198028028011322,0.0,1.0
FT720P_MBP1314_IPHONE7F_id5_s1_30.png,1,VALID,-0.04434204,0.12670898,-0.16516113,-0.7288741,LCC-FASD external-dev / cross-domain stress set,-0.6198028028011322,0.0,1.0
FT720P_MBP1314_IPHONE7F_id5_s1_45.png,1,VALID,-0.36791992,0.2866211,-0.020553589,-1.2058493,LCC-FASD external-dev / cross-domain stress set,-0.6198028028011322,0.0,1.0
FT720P_MBP1314_IPHONE7F_id5_s1_60.png,1,VALID,-0.20410156,0.10559082,0.010284424,-0.95632136,LCC-FASD external-dev / cross-domain stress set,-0.6198028028011322,0.0,1.0
FT720P_MBP1314_IPHONE7F_id5_s1_75.png,1,VALID,-0.55029297,0.22839355,0.18469238,-1.4502218,LCC-FASD external-dev / cross-domain stress set,-0.6198028028011322,0.0,1.0
FT720P_MBP1314_IPHONE7F_id5_s1_90.png,1,VALID,-0.32373047,0.09320068,0.18395996,-1.1564872,LCC-FASD external-dev / cross-domain stress set,-0.6198028028011322,0.0,1.0
FT720P_MBP1314_IPHONE7F_id5_s1_105.png,1,VALID,-0.3166504,-0.04220581,0.3786621,-1.2000054,LCC-FASD external-dev / cross-domain stress set,-0.6198028028011322,0.0,1.0
FT720P_MBP1314_IPHONE7F_id5_s1_120.png,1,VALID,-0.49536133,0.1862793,0.22607422,-1.3948832,LCC-FASD external-dev / cross-domain stress set,-0.6198028028011322,0.0,1.0
FT720P_MBP1314_IPHONE7F_id5_s1_135.png,1,VALID,-0.2841797,0.02949524,0.22802734,-1.111007,LCC-FASD external-dev / cross-domain stress set,-0.6198028028011322,0.0,1.0
FT720P_MBP1314_IPHONE7F_id9_s0_15.png,1,VALID,-0.6621094,0.5253906,0.10723877,-1.6932702,LCC-FASD external-dev / cross-domain stress set,-0.6198028028011322,0.0,1.0
FT720P_MBP1314_IPHONE7F_id9_s0_30.png,1,VALID,-0.117370605,0.54003906,-0.4020996,-0.9865647,LCC-FASD external-dev / cross-domain stress set,-0.6198028028011322,0.0,1.0
FT720P_MBP1314_IPHONE7F_id9_s0_45.png,1,VALID,-0.4807129,0.72558594,-0.2685547,-1.5211397,LCC-FASD external-dev / cross-domain stress set,-0.6198028028011322,0.0,1.0
FT720P_MBP1314_IPHONE7F_id9_s0_60.png,1,VALID,-0.44311523,0.84375,-0.40698242,-1.5386312,LCC-FASD external-dev / cross-domain stress set,-0.6198028028011322,0.0,1.0
FT720P_MBP1314_IPHONE7F_id9_s0_75.png,1,VALID,-0.3256836,0.5551758,-0.17614746,-1.2737603,LCC-FASD external-dev / cross-domain stress set,-0.6198028028011322,0.0,1.0
FT720P_MBP1314_IPHONE7F_id9_s0_90.png,1,VALID,-0.77001953,0.73339844,0.022140503,-1.9028826,LCC-FASD external-dev / cross-domain stress set,-0.6198028028011322,0.0,1.0
FT720P_MBP1314_IPHONE7F_id9_s0_105.png,1,VALID,-0.3774414,0.515625,-0.11383057,-1.320216,LCC-FASD external-dev / cross-domain stress set,-0.6198028028011322,0.0,1.0
FT720P_MBP1314_IPHONE7F_id9_s0_120.png,1,VALID,-0.34570312,0.64208984,-0.28393555,-1.3214936,LCC-FASD external-dev / cross-domain stress set,-0.6198028028011322,0.0,1.0
FT720P_MBP1314_IPHONE7F_id9_s0_135.png,1,VALID,-0.5932617,0.8828125,-0.3623047,-1.7290927,LCC-FASD external-dev / cross-domain stress set,-0.6198028028011322,0.0,1.0
FT720P_MBP1314_IPHONE7F_id9_s0_150.png,1,VALID,-0.34301758,0.6142578,-0.27392578,-1.3018591,LCC-FASD external-dev / cross-domain stress set,-0.6198028028011322,0.0,1.0
FT720P_MBP1314_IPHONE7F_id12_s1_15.png,1,VALID,-1.9716797,1.9296875,-0.30297852,-4.0032396,LCC-FASD external-dev / cross-domain stress set,-0.6198028028011322,0.0,1.0
FT720P_MBP1314_IPHONE7F_id12_s1_30.png,1,VALID,-1.3505859,1.7929688,-0.69433594,-3.223413,LCC-FASD external-dev / cross-domain stress set,-0.6198028028011322,0.0,1.0
FT720P_MBP1314_IPHONE7F_id12_s1_45.png,1,VALID,-1.6738281,1.7900391,-0.39868164,-3.5700812,LCC-FASD external-dev / cross-domain stress set,-0.6198028028011322,0.0,1.0
FT720P_MBP1314_IPHONE7F_id12_s1_60.png,1,VALID,-1.6982422,2.1113281,-0.71240234,-3.8672578,LCC-FASD external-dev / cross-domain stress set,-0.6198028028011322,0.0,1.0
FT720P_MBP1314_IPHONE7F_id12_s1_75.png,1,VALID,-0.96875,1.6191406,-0.8432617,-2.6696825,LCC-FASD external-dev / cross-domain stress set,-0.6198028028011322,0.0,1.0
FT720P_MBP1314_IPHONE7F_id12_s1_90.png,1,VALID,-0.9370117,1.4941406,-0.7050781,-2.5363135,LCC-FASD external-dev / cross-domain stress set,-0.6198028028011322,0.0,1.0
FT720P_MBP1314_IPHONE7F_id12_s1_105.png,1,VALID,-1.3369141,1.7119141,-0.59472656,-3.1437702,LCC-FASD external-dev / cross-domain stress set,-0.6198028028011322,0.0,1.0
FT720P_MBP1314_IPHONE7F_id12_s1_120.png,1,VALID,-1.5166016,2.015625,-0.8095703,-3.589832,LCC-FASD external-dev / cross-domain stress set,-0.6198028028011322,0.0,1.0
FT720P_MBP1314_IPHONE7F_id12_s1_135.png,1,VALID,-1.3935547,1.8271484,-0.67089844,-3.2997413,LCC-FASD external-dev / cross-domain stress set,-0.6198028028011322,0.0,1.0
FT720P_MBP1314_IPHONE7F_id12_s1_150.png,1,VALID,-2.0605469,1.9375,-0.24084473,-4.1053114,LCC-FASD external-dev / cross-domain stress set,-0.6198028028011322,0.0,1.0
FT720P_MBP1314_IPHONE7F_id12_s2_15.png,1,VALID,-1.1894531,1.5039062,-0.54296875,-2.8148136,LCC-FASD external-dev / cross-domain stress set,-0.6198028028011322,0.0,1.0
FT720P_MBP1314_IPHONE7F_id12_s2_30.png,1,VALID,-1.4169922,1.4707031,-0.31762695,-3.0423365,LCC-FASD external-dev / cross-domain stress set,-0.6198028028011322,0.0,1.0
FT720P_MBP1314_IPHONE7F_id12_s2_45.png,1,VALID,-1.2832031,1.4697266,-0.49072266,-2.8846552,LCC-FASD external-dev / cross-domain stress set,-0.6198028028011322,0.0,1.0
FT720P_MBP1314_IPHONE7F_id12_s2_60.png,1,VALID,-1.421875,1.6484375,-0.55566406,-3.1749873,LCC-FASD external-dev / cross-domain stress set,-0.6198028028011322,0.0,1.0
FT720P_MBP1314_IPHONE7F_id12_s2_75.png,1,VALID,-1.6933594,1.5068359,-0.07647705,-3.3869188,LCC-FASD external-dev / cross-domain stress set,-0.6198028028011322,0.0,1.0
FT720P_MBP1314_IPHONE7F_id12_s2_90.png,1,VALID,-1.5908203,1.7578125,-0.49023438,-3.4490256,LCC-FASD external-dev / cross-domain stress set,-0.6198028028011322,0.0,1.0
FT720P_MBP1314_IPHONE7F_id12_s2_105.png,1,VALID,-1.6337891,1.6464844,-0.34033203,-3.408782,LCC-FASD external-dev / cross-domain stress set,-0.6198028028011322,0.0,1.0
FT720P_MBP1314_IPHONE7F_id12_s2_120.png,1,VALID,-1.7626953,1.7060547,-0.22546387,-3.6040916,LCC-FASD external-dev / cross-domain stress set,-0.6198028028011322,0.0,1.0
FT720P_MBP1314_IPHONE7F_id12_s2_135.png,1,VALID,-1.5117188,1.6679688,-0.4465332,-3.2936351,LCC-FASD external-dev / cross-domain stress set,-0.6198028028011322,0.0,1.0
FT720P_MBP1314_IPHONE7F_id12_s2_150.png,1,VALID,-1.7109375,1.7548828,-0.31445312,-3.584731,LCC-FASD external-dev / cross-domain stress set,-0.6198028028011322,0.0,1.0
FT720P_MBP1314_IPHONE8F_id0_s0_105.png,1,VALID,0.97216797,0.35083008,-1.4414062,0.4672553,LCC-FASD external-dev / cross-domain stress set,-0.6198028028011322,1.0,0.0
FT720P_MBP1314_IPHONE7F_id0_s0_15.png,1,VALID,1.1855469,0.005214691,-1.2744141,0.93492585,LCC-FASD external-dev / cross-domain stress set,-0.6198028028011322,1.0,0.0
FT720P_MBP1314_IPHONE7F_id0_s0_30.png,1,VALID,0.54785156,0.39990234,-1.0478516,-0.06320089,LCC-FASD external-dev / cross-domain stress set,-0.6198028028011322,1.0,0.0
FT720P_MBP1314_IPHONE7F_id0_s0_45.png,1,VALID,1.1308594,0.21777344,-1.5068359,0.7490619,LCC-FASD external-dev / cross-domain stress set,-0.6198028028011322,1.0,0.0
FT720P_MBP1314_IPHONE7F_id0_s0_60.png,1,VALID,1.1162109,0.10546875,-1.3701172,0.8048305,LCC-FASD external-dev / cross-domain stress set,-0.6198028028011322,1.0,0.0
FT720P_MBP1314_IPHONE7F_id0_s0_75.png,1,VALID,1.4628906,-0.03149414,-1.5751953,1.3008026,LCC-FASD external-dev / cross-domain stress set,-0.6198028028011322,1.0,0.0
FT720P_MBP1314_IPHONE7F_id0_s0_90.png,1,VALID,1.2734375,0.14868164,-1.546875,0.9562822,LCC-FASD external-dev / cross-domain stress set,-0.6198028028011322,1.0,0.0
FT720P_MBP1314_IPHONE7F_id0_s0_120.png,1,VALID,1.3359375,-0.06512451,-1.375,1.1621604,LCC-FASD external-dev / cross-domain stress set,-0.6198028028011322,1.0,0.0
FT720P_MBP1314_IPHONE7F_id0_s0_135.png,1,VALID,1.3378906,0.04345703,-1.5107422,1.102691,LCC-FASD external-dev / cross-domain stress set,-0.6198028028011322,1.0,0.0
FT720P_MBP1314_IPHONE7F_id0_s0_150.png,1,VALID,1.0273438,0.2142334,-1.4277344,0.6361375,LCC-FASD external-dev / cross-domain stress set,-0.6198028028011322,1.0,0.0
FT720P_MBP1314_IPHONE7F_id0_s1_15.png,1,VALID,-0.41723633,1.3037109,-1.1923828,-1.8001338,LCC-FASD external-dev / cross-domain stress set,-0.6198028028011322,0.0,1.0
FT720P_MBP1314_IPHONE7F_id0_s1_30.png,1,VALID,-0.2878418,1.4130859,-1.3701172,-1.760931,LCC-FASD external-dev / cross-domain stress set,-0.6198028028011322,0.0,1.0
FT720P_MBP1314_IPHONE7F_id0_s1_45.png,1,VALID,-0.36694336,1.625,-1.5605469,-2.0324667,LCC-FASD external-dev / cross-domain stress set,-0.6198028028011322,0.0,1.0
FT720P_MBP1314_IPHONE7F_id0_s1_60.png,1,VALID,-0.51953125,1.4335938,-1.2099609,-2.0218186,LCC-FASD external-dev / cross-domain stress set,-0.6198028028011322,0.0,1.0
FT720P_MBP1314_IPHONE7F_id0_s1_75.png,1,VALID,-0.56884766,1.5214844,-1.2675781,-2.149995,LCC-FASD external-dev / cross-domain stress set,-0.6198028028011322,0.0,1.0
FT720P_MBP1314_IPHONE7F_id0_s1_90.png,1,VALID,-0.52197266,1.4335938,-1.1679688,-2.0271032,LCC-FASD external-dev / cross-domain stress set,-0.6198028028011322,0.0,1.0
FT720P_MBP1314_IPHONE7F_id0_s1_105.png,1,VALID,-0.3864746,1.4736328,-1.3759766,-1.9163619,LCC-FASD external-dev / cross-domain stress set,-0.6198028028011322,0.0,1.0
FT720P_MBP1314_IPHONE7F_id0_s1_120.png,1,VALID,-0.39331055,1.4628906,-1.3291016,-1.9156947,LCC-FASD external-dev / cross-domain stress set,-0.6198028028011322,0.0,1.0
FT720P_MBP1314_IPHONE7F_id0_s1_135.png,1,VALID,-0.20153809,1.6855469,-1.7089844,-1.9200904,LCC-FASD external-dev / cross-domain stress set,-0.6198028028011322,0.0,1.0
FT720P_MBP1314_IPHONE7F_id0_s1_150.png,1,VALID,-0.10321045,1.2402344,-1.375,-1.4140437,LCC-FASD external-dev / cross-domain stress set,-0.6198028028011322,0.0,1.0
FT720P_MBP1314_IPHONE7F_id0_s2_15.png,1,VALID,0.13757324,0.54345703,-0.7285156,-0.6529612,LCC-FASD external-dev / cross-domain stress set,-0.6198028028011322,0.0,1.0
FT720P_MBP1314_IPHONE7F_id0_s2_30.png,1,VALID,0.04586792,0.5415039,-0.6826172,-0.75338656,LCC-FASD external-dev / cross-domain stress set,-0.6198028028011322,0.0,1.0
FT720P_MBP1314_IPHONE7F_id0_s2_45.png,1,VALID,0.06652832,0.5888672,-0.79345703,-0.7462777,LCC-FASD external-dev / cross-domain stress set,-0.6198028028011322,0.0,1.0
FT720P_MBP1314_IPHONE7F_id0_s2_60.png,1,VALID,-0.18896484,0.67871094,-0.5854492,-1.1164687,LCC-FASD external-dev / cross-domain stress set,-0.6198028028011322,0.0,1.0
FT720P_MBP1314_IPHONE7F_id0_s2_75.png,1,VALID,0.17504883,0.45288086,-0.7470703,-0.54112583,LCC-FASD external-dev / cross-domain stress set,-0.6198028028011322,1.0,0.0
FT720P_MBP1314_IPHONE7F_id0_s2_90.png,1,VALID,0.12939453,0.68408203,-0.9008789,-0.7411304,LCC-FASD external-dev / cross-domain stress set,-0.6198028028011322,0.0,1.0
FT720P_MBP1314_IPHONE7F_id0_s2_105.png,1,VALID,-0.015670776,0.80615234,-0.9243164,-0.98496294,LCC-FASD external-dev / cross-domain stress set,-0.6198028028011322,0.0,1.0
FT720P_MBP1314_IPHONE7F_id0_s2_120.png,1,VALID,0.1899414,0.6972656,-0.97753906,-0.67904377,LCC-FASD external-dev / cross-domain stress set,-0.6198028028011322,0.0,1.0
FT720P_MBP1314_IPHONE7F_id0_s2_135.png,1,VALID,0.24072266,0.36816406,-0.7006836,-0.42264813,LCC-FASD external-dev / cross-domain stress set,-0.6198028028011322,1.0,0.0
FT720P_MBP1314_IPHONE7F_id0_s2_150.png,1,VALID,0.3803711,0.390625,-0.8256836,-0.26978493,LCC-FASD external-dev / cross-domain stress set,-0.6198028028011322,1.0,0.0
FT720P_MBP1314_IPHONE7F_id0_s3_15.png,1,VALID,-0.5029297,1.5527344,-1.4101562,-2.1060429,LCC-FASD external-dev / cross-domain stress set,-0.6198028028011322,0.0,1.0
FT720P_MBP1314_IPHONE7F_id0_s3_30.png,1,VALID,-0.5029297,1.5205078,-1.3632812,-2.0778522,LCC-FASD external-dev / cross-domain stress set,-0.6198028028011322,0.0,1.0
FT720P_MBP1314_IPHONE7F_id0_s3_45.png,1,VALID,-0.57666016,1.6943359,-1.5537109,-2.3091106,LCC-FASD external-dev / cross-domain stress set,-0.6198028028011322,0.0,1.0
FT720P_MBP1314_IPHONE7F_id0_s3_60.png,1,VALID,-0.55810547,1.8574219,-1.6289062,-2.445681,LCC-FASD external-dev / cross-domain stress set,-0.6198028028011322,0.0,1.0
FT720P_MBP1314_IPHONE7F_id0_s3_75.png,1,VALID,-0.90625,1.9345703,-1.3837891,-2.8763924,LCC-FASD external-dev / cross-domain stress set,-0.6198028028011322,0.0,1.0
FT720P_MBP1314_IPHONE7F_id0_s3_90.png,1,VALID,-0.27539062,1.6132812,-1.6054688,-1.9278975,LCC-FASD external-dev / cross-domain stress set,-0.6198028028011322,0.0,1.0
FT720P_MBP1314_IPHONE7F_id0_s3_105.png,1,VALID,-0.63134766,1.6669922,-1.3808594,-2.344709,LCC-FASD external-dev / cross-domain stress set,-0.6198028028011322,0.0,1.0
FT720P_MBP1314_IPHONE7F_id0_s3_120.png,1,VALID,-0.30078125,1.8427734,-1.8330078,-2.1685688,LCC-FASD external-dev / cross-domain stress set,-0.6198028028011322,0.0,1.0
FT720P_MBP1314_IPHONE7F_id0_s3_135.png,1,VALID,-0.5541992,1.6904297,-1.5488281,-2.2830734,LCC-FASD external-dev / cross-domain stress set,-0.6198028028011322,0.0,1.0
FT720P_MBP1314_IPHONE7F_id0_s3_150.png,1,VALID,-0.22644043,1.6435547,-1.7802734,-1.9020628,LCC-FASD external-dev / cross-domain stress set,-0.6198028028011322,0.0,1.0
FT720P_MBP1314_IPHONE7F_id12_s0_15.png,1,VALID,-1.4228516,1.4414062,-0.2927246,-3.0268474,LCC-FASD external-dev / cross-domain stress set,-0.6198028028011322,0.0,1.0
FT720P_MBP1314_IPHONE7F_id12_s0_30.png,1,VALID,-1.4169922,1.3085938,-0.13122559,-2.9382513,LCC-FASD external-dev / cross-domain stress set,-0.6198028028011322,0.0,1.0
FT720P_MBP1314_IPHONE7F_id12_s0_45.png,1,VALID,-1.1142578,1.2666016,-0.32788086,-2.565689,LCC-FASD external-dev / cross-domain stress set,-0.6198028028011322,0.0,1.0
FT720P_MBP1314_IPHONE7F_id12_s0_60.png,1,VALID,-1.515625,1.6650391,-0.4501953,-3.2945328,LCC-FASD external-dev / cross-domain stress set,-0.6198028028011322,0.0,1.0
FT720P_MBP1314_IPHONE7F_id12_s0_75.png,1,VALID,-1.8164062,1.4453125,0.046173096,-3.4823065,LCC-FASD external-dev / cross-domain stress set,-0.6198028028011322,0.0,1.0
FT720P_MBP1314_IPHONE7F_id12_s0_90.png,1,VALID,-1.5664062,1.5117188,-0.25952148,-3.2352328,LCC-FASD external-dev / cross-domain stress set,-0.6198028028011322,0.0,1.0
FT720P_MBP1314_IPHONE7F_id12_s0_105.png,1,VALID,-1.2939453,1.203125,-0.13378906,-2.730287,LCC-FASD external-dev / cross-domain stress set,-0.6198028028011322,0.0,1.0
FT720P_MBP1314_IPHONE7F_id12_s0_120.png,1,VALID,-1.9140625,1.2822266,0.31103516,-3.5173805,LCC-FASD external-dev / cross-domain stress set,-0.6198028028011322,0.0,1.0
FT720P_MBP1314_IPHONE7F_id12_s0_135.png,1,VALID,-1.3662109,1.2666016,-0.1842041,-2.8433824,LCC-FASD external-dev / cross-domain stress set,-0.6198028028011322,0.0,1.0
FT720P_MBP1314_IPHONE7F_id12_s0_150.png,1,VALID,-1.3369141,1.2470703,-0.20056152,-2.795158,LCC-FASD external-dev / cross-domain stress set,-0.6198028028011322,0.0,1.0
FT720P_MBP1314_IPHONE7B_id5_s0_15.png,1,VALID,1.0576172,0.2397461,-1.2705078,0.6183205,LCC-FASD external-dev / cross-domain stress set,-0.6198028028011322,1.0,0.0
FT720P_MBP1314_IPHONE7B_id5_s0_30.png,1,VALID,0.84277344,0.6176758,-1.4804688,0.10937554,LCC-FASD external-dev / cross-domain stress set,-0.6198028028011322,1.0,0.0
FT720P_MBP1314_IPHONE7B_id5_s0_45.png,1,VALID,0.9863281,0.46313477,-1.4726562,0.38839144,LCC-FASD external-dev / cross-domain stress set,-0.6198028028011322,1.0,0.0
FT720P_MBP1314_IPHONE7B_id5_s0_60.png,1,VALID,0.8076172,0.6977539,-1.4941406,0.0039684772,LCC-FASD external-dev / cross-domain stress set,-0.6198028028011322,1.0,0.0
FT720P_MBP1314_IPHONE7B_id5_s0_75.png,1,VALID,0.74658203,0.63183594,-1.3945312,-0.009075165,LCC-FASD external-dev / cross-domain stress set,-0.6198028028011322,1.0,0.0
FT720P_MBP1314_IPHONE7B_id5_s0_90.png,1,VALID,0.8491211,0.6298828,-1.5263672,0.1097039,LCC-FASD external-dev / cross-domain stress set,-0.6198028028011322,1.0,0.0
FT720P_MBP1314_IPHONE7B_id5_s0_105.png,1,VALID,0.8613281,0.5253906,-1.4121094,0.20135093,LCC-FASD external-dev / cross-domain stress set,-0.6198028028011322,1.0,0.0
FT720P_MBP1314_IPHONE7B_id5_s0_120.png,1,VALID,0.8598633,0.61279297,-1.4931641,0.13219893,LCC-FASD external-dev / cross-domain stress set,-0.6198028028011322,1.0,0.0
FT720P_MBP1314_IPHONE7B_id5_s0_135.png,1,VALID,0.86279297,0.5307617,-1.3896484,0.19527656,LCC-FASD external-dev / cross-domain stress set,-0.6198028028011322,1.0,0.0
FT720P_MBP1314_IPHONE7B_id5_s0_150.png,1,VALID,0.7368164,0.6542969,-1.4472656,-0.032829642,LCC-FASD external-dev / cross-domain stress set,-0.6198028028011322,1.0,0.0
FT720P_MBP1314_IPHONE7B_id9_s0_15.png,1,VALID,0.2705078,0.20288086,-0.27441406,-0.4150828,LCC-FASD external-dev / cross-domain stress set,-0.6198028028011322,1.0,0.0
FT720P_MBP1314_IPHONE7B_id9_s0_30.png,1,VALID,-0.19213867,0.9248047,-0.7529297,-1.2882011,LCC-FASD external-dev / cross-domain stress set,-0.6198028028011322,0.0,1.0
FT720P_MBP1314_IPHONE7B_id9_s0_45.png,1,VALID,-0.22302246,1.0957031,-0.8823242,-1.4482983,LCC-FASD external-dev / cross-domain stress set,-0.6198028028011322,0.0,1.0
FT720P_MBP1314_IPHONE7B_id9_s0_60.png,1,VALID,-0.08123779,0.93310547,-0.81347656,-1.1750741,LCC-FASD external-dev / cross-domain stress set,-0.6198028028011322,0.0,1.0
FT720P_MBP1314_IPHONE7B_id9_s0_75.png,1,VALID,-0.15368652,0.9692383,-0.8364258,-1.275101,LCC-FASD external-dev / cross-domain stress set,-0.6198028028011322,0.0,1.0
FT720P_MBP1314_IPHONE7B_id9_s0_90.png,1,VALID,-0.13146973,1.1669922,-0.9897461,-1.4079456,LCC-FASD external-dev / cross-domain stress set,-0.6198028028011322,0.0,1.0
FT720P_MBP1314_IPHONE7B_id9_s0_105.png,1,VALID,0.06982422,0.97802734,-1.0009766,-1.0376573,LCC-FASD external-dev / cross-domain stress set,-0.6198028028011322,0.0,1.0
FT720P_MBP1314_IPHONE7B_id9_s0_120.png,1,VALID,0.17004395,1.0117188,-1.0751953,-0.9586303,LCC-FASD external-dev / cross-domain stress set,-0.6198028028011322,0.0,1.0
FT720P_MBP1314_IPHONE7B_id9_s0_135.png,1,VALID,0.26660156,0.92041016,-1.1035156,-0.7779145,LCC-FASD external-dev / cross-domain stress set,-0.6198028028011322,0.0,1.0
FT720P_MBP1314_IPHONE7B_id9_s0_150.png,1,VALID,0.046081543,1.1494141,-1.0664062,-1.2068489,LCC-FASD external-dev / cross-domain stress set,-0.6198028028011322,0.0,1.0
FT720P_MBP1314_IPHONE7B_id12_s0_15.png,1,VALID,-1.0986328,1.0820312,-0.18518066,-2.4287858,LCC-FASD external-dev / cross-domain stress set,-0.6198028028011322,0.0,1.0
FT720P_MBP1314_IPHONE7B_id12_s0_30.png,1,VALID,-0.8432617,0.62402344,0.11993408,-1.9398202,LCC-FASD external-dev / cross-domain stress set,-0.6198028028011322,0.0,1.0
FT720P_MBP1314_IPHONE7B_id12_s0_45.png,1,VALID,-0.5996094,1.0078125,-0.5317383,-1.8017358,LCC-FASD external-dev / cross-domain stress set,-0.6198028028011322,0.0,1.0
FT720P_MBP1314_IPHONE7B_id12_s0_60.png,1,VALID,-0.9067383,1.0947266,-0.35083008,-2.2130337,LCC-FASD external-dev / cross-domain stress set,-0.6198028028011322,0.0,1.0
FT720P_MBP1314_IPHONE7B_id12_s0_75.png,1,VALID,-1.1787109,1.2021484,-0.17578125,-2.6056814,LCC-FASD external-dev / cross-domain stress set,-0.6198028028011322,0.0,1.0
FT720P_MBP1314_IPHONE7B_id12_s0_90.png,1,VALID,-0.47631836,0.64746094,-0.31347656,-1.4476974,LCC-FASD external-dev / cross-domain stress set,-0.6198028028011322,0.0,1.0
FT720P_MBP1314_IPHONE7B_id12_s0_150.png,1,VALID,-1.3007812,1.0966797,-0.031921387,-2.6777296,LCC-FASD external-dev / cross-domain stress set,-0.6198028028011322,0.0,1.0
FT720P_MBP1314_IPHONE7B_id12_s1_15.png,1,VALID,-0.88378906,1.4501953,-0.71240234,-2.442862,LCC-FASD external-dev / cross-domain stress set,-0.6198028028011322,0.0,1.0
FT720P_MBP1314_IPHONE7B_id12_s1_30.png,1,VALID,-0.63183594,1.2529297,-0.71191406,-2.0159497,LCC-FASD external-dev / cross-domain stress set,-0.6198028028011322,0.0,1.0
FT720P_MBP1314_IPHONE7B_id12_s1_45.png,1,VALID,-0.7890625,1.4414062,-0.7949219,-2.331987,LCC-FASD external-dev / cross-domain stress set,-0.6198028028011322,0.0,1.0
FT720P_MBP1314_IPHONE7B_id12_s1_60.png,1,VALID,-0.6977539,1.4404297,-0.8652344,-2.2332144,LCC-FASD external-dev / cross-domain stress set,-0.6198028028011322,0.0,1.0
FT720P_MBP1314_IPHONE7B_id12_s1_75.png,1,VALID,-0.046173096,1.0361328,-0.99365234,-1.2057297,LCC-FASD external-dev / cross-domain stress set,-0.6198028028011322,0.0,1.0
FT720P_MBP1314_IPHONE7B_id12_s1_90.png,1,VALID,-0.08544922,1.0625,-0.94140625,-1.2744124,LCC-FASD external-dev / cross-domain stress set,-0.6198028028011322,0.0,1.0
FT720P_MBP1314_IPHONE7B_id12_s1_105.png,1,VALID,-0.734375,1.3623047,-0.73046875,-2.2129903,LCC-FASD external-dev / cross-domain stress set,-0.6198028028011322,0.0,1.0
FT720P_MBP1314_IPHONE7B_id12_s1_120.png,1,VALID,-0.42529297,1.1074219,-0.7050781,-1.6839288,LCC-FASD external-dev / cross-domain stress set,-0.6198028028011322,0.0,1.0
FT720P_MBP1314_IPHONE7B_id12_s1_135.png,1,VALID,-0.76123047,1.3583984,-0.6723633,-2.2429392,LCC-FASD external-dev / cross-domain stress set,-0.6198028028011322,0.0,1.0
FT720P_MBP1314_IPHONE7B_id12_s1_150.png,1,VALID,-0.6040039,1.328125,-0.82373047,-2.04212,LCC-FASD external-dev / cross-domain stress set,-0.6198028028011322,0.0,1.0
FT720P_MBP1314_IPHONE7B_id12_s2_15.png,1,VALID,-0.890625,1.3730469,-0.72021484,-2.3799286,LCC-FASD external-dev / cross-domain stress set,-0.6198028028011322,0.0,1.0
FT720P_MBP1314_IPHONE7B_id12_s2_30.png,1,VALID,-0.40942383,1.296875,-1.0048828,-1.8016843,LCC-FASD external-dev / cross-domain stress set,-0.6198028028011322,0.0,1.0
FT720P_MBP1314_IPHONE7B_id12_s2_45.png,1,VALID,-0.5048828,1.3740234,-1.0332031,-1.9651433,LCC-FASD external-dev / cross-domain stress set,-0.6198028028011322,0.0,1.0
FT720P_MBP1314_IPHONE7B_id12_s2_60.png,1,VALID,-0.3955078,1.2490234,-0.98535156,-1.7462382,LCC-FASD external-dev / cross-domain stress set,-0.6198028028011322,0.0,1.0
FT720P_MBP1314_IPHONE7B_id12_s2_75.png,1,VALID,-0.9243164,0.9472656,-0.1508789,-2.159381,LCC-FASD external-dev / cross-domain stress set,-0.6198028028011322,0.0,1.0
FT720P_MBP1314_IPHONE7B_id12_s2_90.png,1,VALID,-0.43237305,1.2802734,-0.9482422,-1.8149216,LCC-FASD external-dev / cross-domain stress set,-0.6198028028011322,0.0,1.0
FT720P_MBP1314_IPHONE7B_id12_s2_105.png,1,VALID,-0.62841797,1.2353516,-0.72753906,-1.995194,LCC-FASD external-dev / cross-domain stress set,-0.6198028028011322,0.0,1.0
FT720P_MBP1314_IPHONE7B_id12_s2_120.png,1,VALID,-0.8022461,1.3183594,-0.61279297,-2.2559934,LCC-FASD external-dev / cross-domain stress set,-0.6198028028011322,0.0,1.0
FT720P_MBP1314_IPHONE7B_id12_s2_135.png,1,VALID,-0.64746094,1.3740234,-0.859375,-2.1232858,LCC-FASD external-dev / cross-domain stress set,-0.6198028028011322,0.0,1.0
FT720P_MBP1314_IPHONE7B_id12_s2_150.png,1,VALID,-0.93652344,1.2558594,-0.42822266,-2.3626442,LCC-FASD external-dev / cross-domain stress set,-0.6198028028011322,0.0,1.0
FT720P_MBP1314_IPHONE7F_id0_s0_105.png,1,VALID,1.3583984,0.08026123,-1.5791016,1.1039653,LCC-FASD external-dev / cross-domain stress set,-0.6198028028011322,1.0,0.0
FT720P_MBP1314_IPHONE6SF_id9_s0_15.png,1,VALID,-0.16711426,0.6118164,-0.5024414,-1.0627242,LCC-FASD external-dev / cross-domain stress set,-0.6198028028011322,0.0,1.0
FT720P_MBP1314_IPHONE6SF_id9_s0_30.png,1,VALID,0.3371582,0.5810547,-0.85302734,-0.45766348,LCC-FASD external-dev / cross-domain stress set,-0.6198028028011322,1.0,0.0
FT720P_MBP1314_IPHONE6SF_id9_s0_45.png,1,VALID,-0.0077438354,0.6191406,-0.62402344,-0.88034,LCC-FASD external-dev / cross-domain stress set,-0.6198028028011322,0.0,1.0
FT720P_MBP1314_IPHONE6SF_id9_s0_60.png,1,VALID,-0.15197754,0.47680664,-0.25170898,-1.0225983,LCC-FASD external-dev / cross-domain stress set,-0.6198028028011322,0.0,1.0
FT720P_MBP1314_IPHONE6SF_id9_s0_75.png,1,VALID,0.1104126,0.59033203,-0.69970703,-0.7230695,LCC-FASD external-dev / cross-domain stress set,-0.6198028028011322,0.0,1.0
FT720P_MBP1314_IPHONE6SF_id9_s0_90.png,1,VALID,-0.115356445,0.6669922,-0.5214844,-1.0483103,LCC-FASD external-dev / cross-domain stress set,-0.6198028028011322,0.0,1.0
FT720P_MBP1314_IPHONE6SF_id9_s0_150.png,1,VALID,-0.060791016,0.4501953,-0.44384766,-0.85386574,LCC-FASD external-dev / cross-domain stress set,-0.6198028028011322,0.0,1.0
FT720P_MBP1314_IPHONE7B_id0_s0_15.png,1,VALID,1.1201172,0.39697266,-1.6279297,0.59915257,LCC-FASD external-dev / cross-domain stress set,-0.6198028028011322,1.0,0.0
FT720P_MBP1314_IPHONE7B_id0_s0_30.png,1,VALID,0.8041992,0.796875,-1.7441406,-0.06851244,LCC-FASD external-dev / cross-domain stress set,-0.6198028028011322,1.0,0.0
FT720P_MBP1314_IPHONE7B_id0_s0_45.png,1,VALID,0.4033203,0.8613281,-1.4423828,-0.5532157,LCC-FASD external-dev / cross-domain stress set,-0.6198028028011322,1.0,0.0
FT720P_MBP1314_IPHONE7B_id0_s0_60.png,1,VALID,1.0908203,0.45703125,-1.6845703,0.5227249,LCC-FASD external-dev / cross-domain stress set,-0.6198028028011322,1.0,0.0
FT720P_MBP1314_IPHONE7B_id0_s0_75.png,1,VALID,0.91308594,0.69140625,-1.7841797,0.14091688,LCC-FASD external-dev / cross-domain stress set,-0.6198028028011322,1.0,0.0
FT720P_MBP1314_IPHONE7B_id0_s0_90.png,1,VALID,0.82177734,0.5498047,-1.5361328,0.15490925,LCC-FASD external-dev / cross-domain stress set,-0.6198028028011322,1.0,0.0
FT720P_MBP1314_IPHONE7B_id0_s0_105.png,1,VALID,1.2333984,0.61572266,-1.9306641,0.5422305,LCC-FASD external-dev / cross-domain stress set,-0.6198028028011322,1.0,0.0
FT720P_MBP1314_IPHONE7B_id0_s0_120.png,1,VALID,1.4736328,0.2548828,-1.7636719,1.0940158,LCC-FASD external-dev / cross-domain stress set,-0.6198028028011322,1.0,0.0
FT720P_MBP1314_IPHONE7B_id0_s0_135.png,1,VALID,1.2304688,0.5986328,-1.9423828,0.5559993,LCC-FASD external-dev / cross-domain stress set,-0.6198028028011322,1.0,0.0
FT720P_MBP1314_IPHONE7B_id0_s0_150.png,1,VALID,1.2832031,0.38110352,-1.7763672,0.7926918,LCC-FASD external-dev / cross-domain stress set,-0.6198028028011322,1.0,0.0
FT720P_MBP1314_IPHONE7B_id0_s1_15.png,1,VALID,0.12237549,1.2724609,-1.5888672,-1.2057025,LCC-FASD external-dev / cross-domain stress set,-0.6198028028011322,0.0,1.0
FT720P_MBP1314_IPHONE7B_id0_s1_30.png,1,VALID,0.10522461,1.0771484,-1.3925781,-1.0531424,LCC-FASD external-dev / cross-domain stress set,-0.6198028028011322,0.0,1.0
FT720P_MBP1314_IPHONE7B_id0_s1_45.png,1,VALID,-0.34643555,1.3300781,-1.2314453,-1.7508668,LCC-FASD external-dev / cross-domain stress set,-0.6198028028011322,0.0,1.0
FT720P_MBP1314_IPHONE7B_id0_s1_60.png,1,VALID,-0.33862305,1.4042969,-1.3808594,-1.8028096,LCC-FASD external-dev / cross-domain stress set,-0.6198028028011322,0.0,1.0
FT720P_MBP1314_IPHONE7B_id0_s1_75.png,1,VALID,-0.5332031,1.4951172,-1.2910156,-2.0881534,LCC-FASD external-dev / cross-domain stress set,-0.6198028028011322,0.0,1.0
FT720P_MBP1314_IPHONE7B_id0_s1_90.png,1,VALID,-0.48168945,1.5693359,-1.3798828,-2.1020803,LCC-FASD external-dev / cross-domain stress set,-0.6198028028011322,0.0,1.0
FT720P_MBP1314_IPHONE7B_id0_s1_105.png,1,VALID,-0.23547363,1.3027344,-1.3417969,-1.6068368,LCC-FASD external-dev / cross-domain stress set,-0.6198028028011322,0.0,1.0
FT720P_MBP1314_IPHONE7B_id0_s1_120.png,1,VALID,-0.32348633,1.5341797,-1.5244141,-1.9035507,LCC-FASD external-dev / cross-domain stress set,-0.6198028028011322,0.0,1.0
FT720P_MBP1314_IPHONE7B_id0_s1_135.png,1,VALID,-0.47802734,1.6220703,-1.4677734,-2.1446016,LCC-FASD external-dev / cross-domain stress set,-0.6198028028011322,0.0,1.0
FT720P_MBP1314_IPHONE7B_id0_s1_150.png,1,VALID,-0.27905273,1.3564453,-1.3759766,-1.6985307,LCC-FASD external-dev / cross-domain stress set,-0.6198028028011322,0.0,1.0
FT720P_MBP1314_IPHONE7B_id0_s2_15.png,1,VALID,0.6665039,0.35009766,-0.86376953,0.056316614,LCC-FASD external-dev / cross-domain stress set,-0.6198028028011322,1.0,0.0
FT720P_MBP1314_IPHONE7B_id0_s2_30.png,1,VALID,0.2076416,0.42578125,-0.5566406,-0.5361593,LCC-FASD external-dev / cross-domain stress set,-0.6198028028011322,1.0,0.0
FT720P_MBP1314_IPHONE7B_id0_s2_45.png,1,VALID,0.17712402,0.62109375,-0.7709961,-0.66595685,LCC-FASD external-dev / cross-domain stress set,-0.6198028028011322,0.0,1.0
FT720P_MBP1314_IPHONE7B_id0_s2_60.png,1,VALID,-0.07476807,0.6489258,-0.56347656,-0.9841192,LCC-FASD external-dev / cross-domain stress set,-0.6198028028011322,0.0,1.0
FT720P_MBP1314_IPHONE7B_id0_s2_75.png,1,VALID,0.2866211,0.62890625,-0.953125,-0.52922696,LCC-FASD external-dev / cross-domain stress set,-0.6198028028011322,1.0,0.0
FT720P_MBP1314_IPHONE7B_id0_s2_90.png,1,VALID,0.25341797,0.6982422,-0.98583984,-0.6150856,LCC-FASD external-dev / cross-domain stress set,-0.6198028028011322,1.0,0.0
FT720P_MBP1314_IPHONE7B_id0_s2_105.png,1,VALID,0.3857422,0.5649414,-0.97314453,-0.3737719,LCC-FASD external-dev / cross-domain stress set,-0.6198028028011322,1.0,0.0
FT720P_MBP1314_IPHONE7B_id0_s2_120.png,1,VALID,0.47143555,0.54052734,-1.015625,-0.26049381,LCC-FASD external-dev / cross-domain stress set,-0.6198028028011322,1.0,0.0
FT720P_MBP1314_IPHONE7B_id0_s2_135.png,1,VALID,0.41967773,0.3840332,-0.8457031,-0.22083294,LCC-FASD external-dev / cross-domain stress set,-0.6198028028011322,1.0,0.0
FT720P_MBP1314_IPHONE7B_id0_s2_150.png,1,VALID,0.46264648,0.4482422,-0.9223633,-0.21189684,LCC-FASD external-dev / cross-domain stress set,-0.6198028028011322,1.0,0.0
FT720P_MBP1314_IPHONE7B_id0_s3_15.png,1,VALID,-0.28515625,1.7089844,-1.7265625,-2.0258408,LCC-FASD external-dev / cross-domain stress set,-0.6198028028011322,0.0,1.0
FT720P_MBP1314_IPHONE7B_id0_s3_30.png,1,VALID,-0.45751953,1.7509766,-1.6025391,-2.24286,LCC-FASD external-dev / cross-domain stress set,-0.6198028028011322,0.0,1.0
FT720P_MBP1314_IPHONE7B_id0_s3_45.png,1,VALID,-0.6665039,1.7460938,-1.4033203,-2.4545813,LCC-FASD external-dev / cross-domain stress set,-0.6198028028011322,0.0,1.0
FT720P_MBP1314_IPHONE7B_id0_s3_60.png,1,VALID,-1.0996094,2.0058594,-1.3798828,-3.1387608,LCC-FASD external-dev / cross-domain stress set,-0.6198028028011322,0.0,1.0
FT720P_MBP1314_IPHONE7B_id0_s3_75.png,1,VALID,-0.96777344,1.75,-1.1894531,-2.7693167,LCC-FASD external-dev / cross-domain stress set,-0.6198028028011322,0.0,1.0
FT720P_MBP1314_IPHONE7B_id0_s3_90.png,1,VALID,-0.8847656,1.9345703,-1.4501953,-2.8526602,LCC-FASD external-dev / cross-domain stress set,-0.6198028028011322,0.0,1.0
FT720P_MBP1314_IPHONE7B_id0_s3_105.png,1,VALID,-0.57958984,1.7011719,-1.4960938,-2.3208222,LCC-FASD external-dev / cross-domain stress set,-0.6198028028011322,0.0,1.0
FT720P_MBP1314_IPHONE7B_id0_s3_120.png,1,VALID,-0.42114258,1.6660156,-1.5478516,-2.1265721,LCC-FASD external-dev / cross-domain stress set,-0.6198028028011322,0.0,1.0
FT720P_MBP1314_IPHONE7B_id0_s3_135.png,1,VALID,-0.52783203,1.5898438,-1.3828125,-2.167577,LCC-FASD external-dev / cross-domain stress set,-0.6198028028011322,0.0,1.0
FT720P_MBP1314_IPHONE7B_id0_s3_150.png,1,VALID,-0.41967773,1.3828125,-1.3867188,-1.863295,LCC-FASD external-dev / cross-domain stress set,-0.6198028028011322,0.0,1.0
FT720P_MBP1314_IPHONE7B_id12_s0_105.png,1,VALID,-0.68652344,0.86376953,-0.24438477,-1.835598,LCC-FASD external-dev / cross-domain stress set,-0.6198028028011322,0.0,1.0
FT720P_MBP1314_IPHONE7B_id12_s0_120.png,1,VALID,-0.96191406,0.80322266,0.073913574,-2.1586926,LCC-FASD external-dev / cross-domain stress set,-0.6198028028011322,0.0,1.0
FT720P_MBP1314_IPHONE7B_id12_s0_135.png,1,VALID,-1.0625,1.0449219,-0.16564941,-2.3682673,LCC-FASD external-dev / cross-domain stress set,-0.6198028028011322,0.0,1.0
FT720P_MBP1314_IPHONE6SF_id0_s2_30.png,1,VALID,0.010520935,0.36621094,-0.44970703,-0.72188276,LCC-FASD external-dev / cross-domain stress set,-0.6198028028011322,0.0,1.0
FT720P_MBP1314_IPHONE6SF_id0_s2_45.png,1,VALID,0.3022461,0.3166504,-0.70214844,-0.32264483,LCC-FASD external-dev / cross-domain stress set,-0.6198028028011322,1.0,0.0
FT720P_MBP1314_IPHONE6SF_id0_s2_60.png,1,VALID,-0.019683838,0.2919922,-0.375,-0.7259357,LCC-FASD external-dev / cross-domain stress set,-0.6198028028011322,0.0,1.0
FT720P_MBP1314_IPHONE6SF_id0_s2_75.png,1,VALID,0.3215332,0.47705078,-0.8666992,-0.387316,LCC-FASD external-dev / cross-domain stress set,-0.6198028028011322,1.0,0.0
FT720P_MBP1314_IPHONE6SF_id0_s2_90.png,1,VALID,0.28564453,0.3388672,-0.66796875,-0.3646505,LCC-FASD external-dev / cross-domain stress set,-0.6198028028011322,1.0,0.0
FT720P_MBP1314_IPHONE6SF_id0_s3_54.png,1,VALID,-1.59375,1.9248047,-0.8520508,-3.578929,LCC-FASD external-dev / cross-domain stress set,-0.6198028028011322,0.0,1.0
FT720P_MBP1314_IPHONE6SF_id0_s3_81.png,1,VALID,-1.5302734,1.7871094,-0.7578125,-3.3929348,LCC-FASD external-dev / cross-domain stress set,-0.6198028028011322,0.0,1.0
FT720P_MBP1314_IPHONE6SF_id0_s3_98.png,1,VALID,-0.6513672,1.4394531,-1.1347656,-2.164269,LCC-FASD external-dev / cross-domain stress set,-0.6198028028011322,0.0,1.0
FT720P_MBP1314_IPHONE6SF_id0_s3_114.png,1,VALID,-1.1728516,1.6230469,-0.9213867,-2.871486,LCC-FASD external-dev / cross-domain stress set,-0.6198028028011322,0.0,1.0
FT720P_MBP1314_IPHONE6SF_id0_s3_129.png,1,VALID,-1.1845703,2.0820312,-1.3613281,-3.2980587,LCC-FASD external-dev / cross-domain stress set,-0.6198028028011322,0.0,1.0
FT720P_MBP1314_IPHONE6SF_id0_s3_144.png,1,VALID,-0.9165039,1.6894531,-1.1689453,-2.6617327,LCC-FASD external-dev / cross-domain stress set,-0.6198028028011322,0.0,1.0
FT720P_MBP1314_IPHONE6SF_id0_s3_159.png,1,VALID,-1.28125,2.1113281,-1.3076172,-3.4248004,LCC-FASD external-dev / cross-domain stress set,-0.6198028028011322,0.0,1.0
FT720P_MBP1314_IPHONE6SF_id0_s3_174.png,1,VALID,-0.9350586,1.8935547,-1.3789062,-2.8658252,LCC-FASD external-dev / cross-domain stress set,-0.6198028028011322,0.0,1.0
FT720P_MBP1314_IPHONE6SF_id5_s0_15.png,1,VALID,-0.0435791,1.0371094,-1.1298828,-1.1891136,LCC-FASD external-dev / cross-domain stress set,-0.6198028028011322,0.0,1.0
FT720P_MBP1314_IPHONE6SF_id5_s0_30.png,1,VALID,0.04776001,1.2119141,-1.3730469,-1.2368459,LCC-FASD external-dev / cross-domain stress set,-0.6198028028011322,0.0,1.0
FT720P_MBP1314_IPHONE6SF_id5_s0_45.png,1,VALID,0.03677368,1.140625,-1.3359375,-1.1845384,LCC-FASD external-dev / cross-domain stress set,-0.6198028028011322,0.0,1.0
FT720P_MBP1314_IPHONE6SF_id5_s0_60.png,1,VALID,-0.1105957,1.3613281,-1.3554688,-1.5359179,LCC-FASD external-dev / cross-domain stress set,-0.6198028028011322,0.0,1.0
FT720P_MBP1314_IPHONE6SF_id5_s0_75.png,1,VALID,-0.16748047,1.5302734,-1.4863281,-1.7455602,LCC-FASD external-dev / cross-domain stress set,-0.6198028028011322,0.0,1.0
FT720P_MBP1314_IPHONE6SF_id5_s0_90.png,1,VALID,-0.17773438,1.3339844,-1.2919922,-1.5815891,LCC-FASD external-dev / cross-domain stress set,-0.6198028028011322,0.0,1.0
FT720P_MBP1314_IPHONE6SF_id5_s0_105.png,1,VALID,-0.051696777,1.5029297,-1.5908203,-1.5989606,LCC-FASD external-dev / cross-domain stress set,-0.6198028028011322,0.0,1.0
FT720P_MBP1314_IPHONE6SF_id5_s0_120.png,1,VALID,0.27026367,1.0253906,-1.3486328,-0.8441495,LCC-FASD external-dev / cross-domain stress set,-0.6198028028011322,0.0,1.0
FT720P_MBP1314_IPHONE6SF_id5_s0_135.png,1,VALID,0.3137207,1.0,-1.3466797,-0.77766025,LCC-FASD external-dev / cross-domain stress set,-0.6198028028011322,0.0,1.0
FT720P_MBP1314_IPHONE6SF_id5_s0_150.png,1,VALID,0.21069336,0.92871094,-1.2011719,-0.83032,LCC-FASD external-dev / cross-domain stress set,-0.6198028028011322,0.0,1.0
FT720P_MBP1314_IPHONE6SF_id9_s0_105.png,1,VALID,0.27148438,0.5444336,-0.7524414,-0.5146278,LCC-FASD external-dev / cross-domain stress set,-0.6198028028011322,1.0,0.0
FT720P_MBP1314_IPHONE6SF_id9_s0_120.png,1,VALID,-0.16052246,0.051940918,0.17370605,-0.96834534,LCC-FASD external-dev / cross-domain stress set,-0.6198028028011322,0.0,1.0
FT720P_MBP1314_IPHONE6SF_id9_s0_135.png,1,VALID,0.39208984,0.3869629,-0.65771484,-0.29631394,LCC-FASD external-dev / cross-domain stress set,-0.6198028028011322,1.0,0.0
FT720P_MBP1314_IPHONE6SF_id12_s0_15.png,1,VALID,-1.7929688,1.8085938,-0.48608398,-3.6975942,LCC-FASD external-dev / cross-domain stress set,-0.6198028028011322,0.0,1.0
FT720P_MBP1314_IPHONE6SF_id12_s0_30.png,1,VALID,-1.890625,1.4160156,0.06427002,-3.53679,LCC-FASD external-dev / cross-domain stress set,-0.6198028028011322,0.0,1.0
FT720P_MBP1314_IPHONE6SF_id12_s0_45.png,1,VALID,-1.7275391,1.6259766,-0.28808594,-3.4910839,LCC-FASD external-dev / cross-domain stress set,-0.6198028028011322,0.0,1.0
FT720P_MBP1314_IPHONE6SF_id12_s0_60.png,1,VALID,-1.6376953,1.7070312,-0.47143555,-3.4519787,LCC-FASD external-dev / cross-domain stress set,-0.6198028028011322,0.0,1.0
FT720P_MBP1314_IPHONE6SF_id12_s0_75.png,1,VALID,-1.9824219,1.6884766,-0.16760254,-3.8161101,LCC-FASD external-dev / cross-domain stress set,-0.6198028028011322,0.0,1.0
FT720P_MBP1314_IPHONE6SF_id12_s0_90.png,1,VALID,-1.8320312,1.4785156,-0.0670166,-3.503807,LCC-FASD external-dev / cross-domain stress set,-0.6198028028011322,0.0,1.0
FT720P_MBP1314_IPHONE6SF_id12_s0_105.png,1,VALID,-1.7480469,1.4560547,-0.0970459,-3.3960357,LCC-FASD external-dev / cross-domain stress set,-0.6198028028011322,0.0,1.0
FT720P_MBP1314_IPHONE6SF_id12_s0_120.png,1,VALID,-1.8613281,1.4931641,-0.031555176,-3.5514412,LCC-FASD external-dev / cross-domain stress set,-0.6198028028011322,0.0,1.0
FT720P_MBP1314_IPHONE6SF_id12_s0_135.png,1,VALID,-1.7470703,1.4482422,-0.08746338,-3.3903065,LCC-FASD external-dev / cross-domain stress set,-0.6198028028011322,0.0,1.0
FT720P_MBP1314_IPHONE6SF_id12_s0_150.png,1,VALID,-1.6972656,1.53125,-0.19689941,-3.392005,LCC-FASD external-dev / cross-domain stress set,-0.6198028028011322,0.0,1.0
FT720P_MBP1314_IPHONE6SF_id12_s1_15.png,1,VALID,-1.6201172,1.9072266,-0.6665039,-3.600827,LCC-FASD external-dev / cross-domain stress set,-0.6198028028011322,0.0,1.0
FT720P_MBP1314_IPHONE6SF_id12_s1_30.png,1,VALID,-1.5664062,1.9882812,-0.83447266,-3.6124299,LCC-FASD external-dev / cross-domain stress set,-0.6198028028011322,0.0,1.0
FT720P_MBP1314_IPHONE6SF_id12_s1_45.png,1,VALID,-1.6826172,2.1230469,-0.8979492,-3.8532655,LCC-FASD external-dev / cross-domain stress set,-0.6198028028011322,0.0,1.0
FT720P_MBP1314_IPHONE6SF_id12_s1_60.png,1,VALID,-1.7548828,2.1464844,-0.8408203,-3.9505603,LCC-FASD external-dev / cross-domain stress set,-0.6198028028011322,0.0,1.0
FT720P_MBP1314_IPHONE6SF_id12_s1_75.png,1,VALID,-1.2509766,1.6865234,-0.6738281,-3.0276945,LCC-FASD external-dev / cross-domain stress set,-0.6198028028011322,0.0,1.0
FT720P_MBP1314_IPHONE6SF_id12_s1_90.png,1,VALID,-1.3447266,2.0058594,-0.9375,-3.4019332,LCC-FASD external-dev / cross-domain stress set,-0.6198028028011322,0.0,1.0
FT720P_MBP1314_IPHONE6SF_id12_s1_105.png,1,VALID,-1.4931641,2.0214844,-0.80322266,-3.5722814,LCC-FASD external-dev / cross-domain stress set,-0.6198028028011322,0.0,1.0
FT720P_MBP1314_IPHONE6SF_id12_s1_120.png,1,VALID,-1.8144531,2.0,-0.5917969,-3.8866673,LCC-FASD external-dev / cross-domain stress set,-0.6198028028011322,0.0,1.0
FT720P_MBP1314_IPHONE6SF_id12_s1_135.png,1,VALID,-1.7587891,2.0,-0.66064453,-3.8263571,LCC-FASD external-dev / cross-domain stress set,-0.6198028028011322,0.0,1.0
FT720P_MBP1314_IPHONE6SF_id12_s1_150.png,1,VALID,-1.6708984,1.8935547,-0.64404297,-3.64054,LCC-FASD external-dev / cross-domain stress set,-0.6198028028011322,0.0,1.0
FT720P_MBP1314_IPHONE6SF_id12_s2_15.png,1,VALID,-2.171875,2.1484375,-0.4453125,-4.3923903,LCC-FASD external-dev / cross-domain stress set,-0.6198028028011322,0.0,1.0
FT720P_MBP1314_IPHONE6SF_id12_s2_30.png,1,VALID,-1.9365234,1.8720703,-0.41015625,-3.905772,LCC-FASD external-dev / cross-domain stress set,-0.6198028028011322,0.0,1.0
FT720P_MBP1314_IPHONE6SF_id12_s2_45.png,1,VALID,-2.0429688,2.0234375,-0.4428711,-4.147892,LCC-FASD external-dev / cross-domain stress set,-0.6198028028011322,0.0,1.0
FT720P_MBP1314_IPHONE6SF_id12_s2_60.png,1,VALID,-1.7636719,1.6123047,-0.18566895,-3.5292418,LCC-FASD external-dev / cross-domain stress set,-0.6198028028011322,0.0,1.0
FT720P_MBP1314_IPHONE6SF_id12_s2_75.png,1,VALID,-1.9160156,1.8447266,-0.34228516,-3.8671286,LCC-FASD external-dev / cross-domain stress set,-0.6198028028011322,0.0,1.0
FT720P_MBP1314_IPHONE6SF_id12_s2_90.png,1,VALID,-2.0527344,2.0136719,-0.46826172,-4.146678,LCC-FASD external-dev / cross-domain stress set,-0.6198028028011322,0.0,1.0
FT720P_MBP1314_IPHONE6SF_id12_s2_105.png,1,VALID,-1.7919922,1.9697266,-0.60498047,-3.8351328,LCC-FASD external-dev / cross-domain stress set,-0.6198028028011322,0.0,1.0
FT720P_MBP1314_IPHONE6SF_id12_s2_120.png,1,VALID,-2.2832031,2.03125,-0.2841797,-4.4086027,LCC-FASD external-dev / cross-domain stress set,-0.6198028028011322,0.0,1.0
FT720P_MBP1314_IPHONE6SF_id12_s2_135.png,1,VALID,-1.8095703,1.9091797,-0.57958984,-3.7984962,LCC-FASD external-dev / cross-domain stress set,-0.6198028028011322,0.0,1.0
FT720P_MBP1314_IPHONE6SF_id12_s2_150.png,1,VALID,-1.9804688,1.9707031,-0.43554688,-4.03749,LCC-FASD external-dev / cross-domain stress set,-0.6198028028011322,0.0,1.0
FT720P_MBP1314_IPHONE6F_id5_s0_15.png,1,VALID,-0.012710571,1.0478516,-1.0302734,-1.1784915,LCC-FASD external-dev / cross-domain stress set,-0.6198028028011322,0.0,1.0
FT720P_MBP1314_IPHONE6F_id5_s0_30.png,1,VALID,0.43774414,0.78027344,-1.2363281,-0.46749276,LCC-FASD external-dev / cross-domain stress set,-0.6198028028011322,1.0,0.0
FT720P_MBP1314_IPHONE6F_id5_s0_45.png,1,VALID,0.28686523,0.95166016,-1.2919922,-0.76560843,LCC-FASD external-dev / cross-domain stress set,-0.6198028028011322,0.0,1.0
FT720P_MBP1314_IPHONE6F_id5_s0_60.png,1,VALID,0.2376709,1.2470703,-1.6181641,-1.0648055,LCC-FASD external-dev / cross-domain stress set,-0.6198028028011322,0.0,1.0
FT720P_MBP1314_IPHONE6F_id5_s0_75.png,1,VALID,-0.083862305,1.3515625,-1.3740234,-1.4988762,LCC-FASD external-dev / cross-domain stress set,-0.6198028028011322,0.0,1.0
FT720P_MBP1314_IPHONE6F_id5_s0_90.png,1,VALID,-0.06124878,1.2470703,-1.3466797,-1.3803971,LCC-FASD external-dev / cross-domain stress set,-0.6198028028011322,0.0,1.0
FT720P_MBP1314_IPHONE6F_id5_s0_105.png,1,VALID,0.121520996,1.1083984,-1.3066406,-1.0724713,LCC-FASD external-dev / cross-domain stress set,-0.6198028028011322,0.0,1.0
FT720P_MBP1314_IPHONE6F_id5_s0_120.png,1,VALID,0.19616699,1.1455078,-1.4482422,-1.0214188,LCC-FASD external-dev / cross-domain stress set,-0.6198028028011322,0.0,1.0
FT720P_MBP1314_IPHONE6F_id5_s0_135.png,1,VALID,0.032104492,1.4404297,-1.578125,-1.4560403,LCC-FASD external-dev / cross-domain stress set,-0.6198028028011322,0.0,1.0
FT720P_MBP1314_IPHONE6F_id5_s0_150.png,1,VALID,0.27539062,1.0498047,-1.3632812,-0.86016834,LCC-FASD external-dev / cross-domain stress set,-0.6198028028011322,0.0,1.0
FT720P_MBP1314_IPHONE6F_id9_s0_15.png,1,VALID,-0.36694336,0.6479492,-0.31811523,-1.3373947,LCC-FASD external-dev / cross-domain stress set,-0.6198028028011322,0.0,1.0
FT720P_MBP1314_IPHONE6F_id9_s0_30.png,1,VALID,0.11004639,0.027420044,0.0025501251,-0.5981632,LCC-FASD external-dev / cross-domain stress set,-0.6198028028011322,1.0,0.0
FT720P_MBP1314_IPHONE6F_id9_s0_45.png,1,VALID,0.0619812,0.16052246,-0.13806152,-0.65349936,LCC-FASD external-dev / cross-domain stress set,-0.6198028028011322,0.0,1.0
FT720P_MBP1314_IPHONE6F_id9_s0_60.png,1,VALID,-0.21533203,0.2993164,-0.050079346,-1.0482805,LCC-FASD external-dev / cross-domain stress set,-0.6198028028011322,0.0,1.0
FT720P_MBP1314_IPHONE6F_id9_s0_75.png,1,VALID,0.20605469,-0.2775879,0.21191406,-0.48391277,LCC-FASD external-dev / cross-domain stress set,-0.6198028028011322,1.0,0.0
FT720P_MBP1314_IPHONE6F_id9_s0_90.png,1,VALID,0.36010742,-0.0008659363,-0.2590332,-0.21139842,LCC-FASD external-dev / cross-domain stress set,-0.6198028028011322,1.0,0.0
FT720P_MBP1314_IPHONE6F_id9_s0_105.png,1,VALID,0.37963867,-0.058410645,-0.24401855,-0.16659403,LCC-FASD external-dev / cross-domain stress set,-0.6198028028011322,1.0,0.0
FT720P_MBP1314_IPHONE6F_id9_s0_120.png,1,VALID,-0.13134766,0.54052734,-0.36157227,-1.0124224,LCC-FASD external-dev / cross-domain stress set,-0.6198028028011322,0.0,1.0
FT720P_MBP1314_IPHONE6F_id9_s0_135.png,1,VALID,0.6665039,-0.22570801,-0.2668457,0.21942204,LCC-FASD external-dev / cross-domain stress set,-0.6198028028011322,1.0,0.0
FT720P_MBP1314_IPHONE6F_id9_s0_150.png,1,VALID,0.22802734,-0.074157715,-0.061645508,-0.39723778,LCC-FASD external-dev / cross-domain stress set,-0.6198028028011322,1.0,0.0
FT720P_MBP1314_IPHONE6F_id12_s2_15.png,1,VALID,-1.9833984,2.0566406,-0.5629883,-4.110339,LCC-FASD external-dev / cross-domain stress set,-0.6198028028011322,0.0,1.0
FT720P_MBP1314_IPHONE6F_id12_s2_30.png,1,VALID,-1.9638672,2.1660156,-0.7211914,-4.184117,LCC-FASD external-dev / cross-domain stress set,-0.6198028028011322,0.0,1.0
FT720P_MBP1314_IPHONE6F_id12_s2_45.png,1,VALID,-1.9892578,1.8720703,-0.3269043,-3.9665136,LCC-FASD external-dev / cross-domain stress set,-0.6198028028011322,0.0,1.0
FT720P_MBP1314_IPHONE6F_id12_s2_60.png,1,VALID,-1.7958984,1.7744141,-0.3684082,-3.6812484,LCC-FASD external-dev / cross-domain stress set,-0.6198028028011322,0.0,1.0
FT720P_MBP1314_IPHONE6F_id12_s2_75.png,1,VALID,-1.8603516,1.8369141,-0.38183594,-3.8004942,LCC-FASD external-dev / cross-domain stress set,-0.6198028028011322,0.0,1.0
FT720P_MBP1314_IPHONE6F_id12_s2_90.png,1,VALID,-2.1054688,1.8232422,-0.1538086,-4.0584025,LCC-FASD external-dev / cross-domain stress set,-0.6198028028011322,0.0,1.0
FT720P_MBP1314_IPHONE6F_id12_s2_120.png,1,VALID,-2.0097656,2.0058594,-0.3803711,-4.103614,LCC-FASD external-dev / cross-domain stress set,-0.6198028028011322,0.0,1.0
FT720P_MBP1314_IPHONE6F_id12_s2_135.png,1,VALID,-1.9160156,1.9375,-0.42993164,-3.9431014,LCC-FASD external-dev / cross-domain stress set,-0.6198028028011322,0.0,1.0
FT720P_MBP1314_IPHONE6F_id12_s2_150.png,1,VALID,-1.8271484,1.5097656,-0.017410278,-3.5334244,LCC-FASD external-dev / cross-domain stress set,-0.6198028028011322,0.0,1.0
FT720P_MBP1314_IPHONE6SF_id0_s0_15.png,1,VALID,1.1240234,0.17358398,-1.4658203,0.77305037,LCC-FASD external-dev / cross-domain stress set,-0.6198028028011322,1.0,0.0
FT720P_MBP1314_IPHONE6SF_id0_s0_30.png,1,VALID,0.5708008,0.7104492,-1.4541016,-0.24832481,LCC-FASD external-dev / cross-domain stress set,-0.6198028028011322,1.0,0.0
FT720P_MBP1314_IPHONE6SF_id0_s0_45.png,1,VALID,1.1699219,0.41796875,-1.7421875,0.64282334,LCC-FASD external-dev / cross-domain stress set,-0.6198028028011322,1.0,0.0
FT720P_MBP1314_IPHONE6SF_id0_s0_60.png,1,VALID,1.2294922,-0.013008118,-1.3085938,1.0005448,LCC-FASD external-dev / cross-domain stress set,-0.6198028028011322,1.0,0.0
FT720P_MBP1314_IPHONE6SF_id0_s0_75.png,1,VALID,0.52246094,0.8803711,-1.6054688,-0.43788117,LCC-FASD external-dev / cross-domain stress set,-0.6198028028011322,1.0,0.0
FT720P_MBP1314_IPHONE6SF_id0_s0_90.png,1,VALID,0.8095703,0.44067383,-1.3857422,0.2196238,LCC-FASD external-dev / cross-domain stress set,-0.6198028028011322,1.0,0.0
FT720P_MBP1314_IPHONE6SF_id0_s0_105.png,1,VALID,1.0244141,0.38891602,-1.5498047,0.50106514,LCC-FASD external-dev / cross-domain stress set,-0.6198028028011322,1.0,0.0
FT720P_MBP1314_IPHONE6SF_id0_s0_120.png,1,VALID,1.0839844,0.4946289,-1.7451172,0.4881667,LCC-FASD external-dev / cross-domain stress set,-0.6198028028011322,1.0,0.0
FT720P_MBP1314_IPHONE6SF_id0_s0_135.png,1,VALID,0.7207031,0.5644531,-1.5058594,0.037448525,LCC-FASD external-dev / cross-domain stress set,-0.6198028028011322,1.0,0.0
FT720P_MBP1314_IPHONE6SF_id0_s0_150.png,1,VALID,1.0488281,0.009880066,-1.1679688,0.77049434,LCC-FASD external-dev / cross-domain stress set,-0.6198028028011322,1.0,0.0
FT720P_MBP1314_IPHONE6SF_id0_s1_15.png,1,VALID,-0.23266602,1.1806641,-1.2021484,-1.5016071,LCC-FASD external-dev / cross-domain stress set,-0.6198028028011322,0.0,1.0
FT720P_MBP1314_IPHONE6SF_id0_s1_30.png,1,VALID,-0.15466309,1.109375,-1.2148438,-1.3574008,LCC-FASD external-dev / cross-domain stress set,-0.6198028028011322,0.0,1.0
FT720P_MBP1314_IPHONE6SF_id0_s1_45.png,1,VALID,-0.3173828,1.2724609,-1.2675781,-1.6657518,LCC-FASD external-dev / cross-domain stress set,-0.6198028028011322,0.0,1.0
FT720P_MBP1314_IPHONE6SF_id0_s1_60.png,1,VALID,-0.35961914,1.2617188,-1.2275391,-1.7010466,LCC-FASD external-dev / cross-domain stress set,-0.6198028028011322,0.0,1.0
FT720P_MBP1314_IPHONE6SF_id0_s1_75.png,1,VALID,-0.4091797,1.6416016,-1.5292969,-2.0918903,LCC-FASD external-dev / cross-domain stress set,-0.6198028028011322,0.0,1.0
FT720P_MBP1314_IPHONE6SF_id0_s1_90.png,1,VALID,-0.22729492,1.4921875,-1.5693359,-1.7652359,LCC-FASD external-dev / cross-domain stress set,-0.6198028028011322,0.0,1.0
FT720P_MBP1314_IPHONE6SF_id0_s1_105.png,1,VALID,-0.35375977,1.3330078,-1.2646484,-1.7585745,LCC-FASD external-dev / cross-domain stress set,-0.6198028028011322,0.0,1.0
FT720P_MBP1314_IPHONE6SF_id0_s1_120.png,1,VALID,-0.45361328,1.3632812,-1.2158203,-1.8899983,LCC-FASD external-dev / cross-domain stress set,-0.6198028028011322,0.0,1.0
FT720P_MBP1314_IPHONE6SF_id0_s1_135.png,1,VALID,-0.3244629,1.3525391,-1.3369141,-1.742713,LCC-FASD external-dev / cross-domain stress set,-0.6198028028011322,0.0,1.0
FT720P_MBP1314_IPHONE6SF_id0_s1_150.png,1,VALID,-0.30297852,1.3623047,-1.3945312,-1.7268413,LCC-FASD external-dev / cross-domain stress set,-0.6198028028011322,0.0,1.0
FT720P_MBP1314_IPHONE6SF_id0_s2_15.png,1,VALID,0.049835205,0.42529297,-0.5097656,-0.70660365,LCC-FASD external-dev / cross-domain stress set,-0.6198028028011322,0.0,1.0
FT720P_MBP1314_IPHONE6SF_id0_s2_105.png,1,VALID,-0.04434204,0.43041992,-0.5317383,-0.79834247,LCC-FASD external-dev / cross-domain stress set,-0.6198028028011322,0.0,1.0
FT720P_MBP1314_IPHONE6SF_id0_s2_120.png,1,VALID,0.17541504,0.4194336,-0.7080078,-0.52457094,LCC-FASD external-dev / cross-domain stress set,-0.6198028028011322,1.0,0.0
FT720P_MBP1314_IPHONE6SF_id0_s2_135.png,1,VALID,0.2524414,0.65722656,-0.9272461,-0.59131116,LCC-FASD external-dev / cross-domain stress set,-0.6198028028011322,1.0,0.0
FT720P_MBP1314_IPHONE6SF_id0_s2_150.png,1,VALID,0.033294678,0.5185547,-0.70751953,-0.74256706,LCC-FASD external-dev / cross-domain stress set,-0.6198028028011322,0.0,1.0
FT720P_MBP1314_IPHONE6F_id0_s0_30.png,1,VALID,0.99365234,0.39941406,-1.5664062,0.46317405,LCC-FASD external-dev / cross-domain stress set,-0.6198028028011322,1.0,0.0
FT720P_MBP1314_IPHONE6F_id0_s0_45.png,1,VALID,1.4326172,-0.09576416,-1.4384766,1.2963681,LCC-FASD external-dev / cross-domain stress set,-0.6198028028011322,1.0,0.0
FT720P_MBP1314_IPHONE6F_id0_s0_60.png,1,VALID,0.8227539,0.4169922,-1.4208984,0.25807238,LCC-FASD external-dev / cross-domain stress set,-0.6198028028011322,1.0,0.0
FT720P_MBP1314_IPHONE6F_id0_s0_75.png,1,VALID,1.0839844,0.25195312,-1.5019531,0.6723845,LCC-FASD external-dev / cross-domain stress set,-0.6198028028011322,1.0,0.0
FT720P_MBP1314_IPHONE6F_id0_s0_90.png,1,VALID,1.0683594,0.22680664,-1.4384766,0.6683248,LCC-FASD external-dev / cross-domain stress set,-0.6198028028011322,1.0,0.0
FT720P_MBP1314_IPHONE6F_id0_s0_150.png,1,VALID,0.71240234,0.53222656,-1.4609375,0.05243045,LCC-FASD external-dev / cross-domain stress set,-0.6198028028011322,1.0,0.0
FT720P_MBP1314_IPHONE6F_id0_s1_15.png,1,VALID,-0.13659668,0.92529297,-1.0390625,-1.193134,LCC-FASD external-dev / cross-domain stress set,-0.6198028028011322,0.0,1.0
FT720P_MBP1314_IPHONE6F_id0_s1_30.png,1,VALID,-0.07727051,0.9970703,-1.1796875,-1.1817669,LCC-FASD external-dev / cross-domain stress set,-0.6198028028011322,0.0,1.0
FT720P_MBP1314_IPHONE6F_id0_s1_45.png,1,VALID,-0.31347656,1.0400391,-0.99658203,-1.4761481,LCC-FASD external-dev / cross-domain stress set,-0.6198028028011322,0.0,1.0
FT720P_MBP1314_IPHONE6F_id0_s1_60.png,1,VALID,0.00017404556,1.0195312,-1.2988281,-1.1132436,LCC-FASD external-dev / cross-domain stress set,-0.6198028028011322,0.0,1.0
FT720P_MBP1314_IPHONE6F_id0_s1_75.png,1,VALID,0.048309326,1.0869141,-1.4003906,-1.1184632,LCC-FASD external-dev / cross-domain stress set,-0.6198028028011322,0.0,1.0
FT720P_MBP1314_IPHONE6F_id0_s1_90.png,1,VALID,-0.19165039,0.87402344,-0.94677734,-1.215727,LCC-FASD external-dev / cross-domain stress set,-0.6198028028011322,0.0,1.0
FT720P_MBP1314_IPHONE6F_id0_s1_105.png,1,VALID,-0.17956543,0.9711914,-1.0625,-1.2737279,LCC-FASD external-dev / cross-domain stress set,-0.6198028028011322,0.0,1.0
FT720P_MBP1314_IPHONE6F_id0_s1_120.png,1,VALID,-0.2163086,1.1796875,-1.2763672,-1.4782879,LCC-FASD external-dev / cross-domain stress set,-0.6198028028011322,0.0,1.0
FT720P_MBP1314_IPHONE6F_id0_s1_135.png,1,VALID,0.057037354,0.8676758,-1.1503906,-0.9354299,LCC-FASD external-dev / cross-domain stress set,-0.6198028028011322,0.0,1.0
FT720P_MBP1314_IPHONE6F_id0_s1_150.png,1,VALID,0.16186523,0.6870117,-1.0566406,-0.6863129,LCC-FASD external-dev / cross-domain stress set,-0.6198028028011322,0.0,1.0
FT720P_MBP1314_IPHONE6F_id0_s2_15.png,1,VALID,0.09680176,0.5004883,-0.58447266,-0.69479895,LCC-FASD external-dev / cross-domain stress set,-0.6198028028011322,0.0,1.0
FT720P_MBP1314_IPHONE6F_id0_s2_30.png,1,VALID,0.1361084,0.49072266,-0.71777344,-0.6159365,LCC-FASD external-dev / cross-domain stress set,-0.6198028028011322,1.0,0.0
FT720P_MBP1314_IPHONE6F_id0_s2_45.png,1,VALID,0.040527344,0.54833984,-0.6982422,-0.76050377,LCC-FASD external-dev / cross-domain stress set,-0.6198028028011322,0.0,1.0
FT720P_MBP1314_IPHONE6F_id0_s2_60.png,1,VALID,0.2685547,0.52734375,-0.86621094,-0.48048472,LCC-FASD external-dev / cross-domain stress set,-0.6198028028011322,1.0,0.0
FT720P_MBP1314_IPHONE6F_id0_s2_75.png,1,VALID,0.23535156,0.75097656,-1.0683594,-0.6658824,LCC-FASD external-dev / cross-domain stress set,-0.6198028028011322,0.0,1.0
FT720P_MBP1314_IPHONE6F_id0_s2_90.png,1,VALID,0.48632812,0.4909668,-0.98828125,-0.20986992,LCC-FASD external-dev / cross-domain stress set,-0.6198028028011322,1.0,0.0
FT720P_MBP1314_IPHONE6F_id0_s2_105.png,1,VALID,0.13903809,0.82421875,-0.9951172,-0.8354381,LCC-FASD external-dev / cross-domain stress set,-0.6198028028011322,0.0,1.0
FT720P_MBP1314_IPHONE6F_id0_s2_120.png,1,VALID,0.67871094,0.51660156,-1.1621094,-0.008994818,LCC-FASD external-dev / cross-domain stress set,-0.6198028028011322,1.0,0.0
FT720P_MBP1314_IPHONE6F_id0_s2_135.png,1,VALID,0.53466797,0.5678711,-1.1318359,-0.20103443,LCC-FASD external-dev / cross-domain stress set,-0.6198028028011322,1.0,0.0
FT720P_MBP1314_IPHONE6F_id0_s2_150.png,1,VALID,0.6484375,0.4465332,-1.0859375,0.0063364506,LCC-FASD external-dev / cross-domain stress set,-0.6198028028011322,1.0,0.0
FT720P_MBP1314_IPHONE6F_id0_s3_15.png,1,VALID,-1.1113281,1.9335938,-1.2792969,-3.0843735,LCC-FASD external-dev / cross-domain stress set,-0.6198028028011322,0.0,1.0
FT720P_MBP1314_IPHONE6F_id0_s3_30.png,1,VALID,-1.1035156,2.09375,-1.4404297,-3.2260306,LCC-FASD external-dev / cross-domain stress set,-0.6198028028011322,0.0,1.0
FT720P_MBP1314_IPHONE6F_id0_s3_45.png,1,VALID,-0.9873047,1.78125,-1.2089844,-2.8176074,LCC-FASD external-dev / cross-domain stress set,-0.6198028028011322,0.0,1.0
FT720P_MBP1314_IPHONE6F_id0_s3_60.png,1,VALID,-1.3330078,2.0332031,-1.1875,-3.4053614,LCC-FASD external-dev / cross-domain stress set,-0.6198028028011322,0.0,1.0
FT720P_MBP1314_IPHONE6F_id0_s3_75.png,1,VALID,-0.63134766,1.5449219,-1.2431641,-2.235989,LCC-FASD external-dev / cross-domain stress set,-0.6198028028011322,0.0,1.0
FT720P_MBP1314_IPHONE6F_id0_s3_90.png,1,VALID,-1.3974609,2.0117188,-1.0917969,-3.4530923,LCC-FASD external-dev / cross-domain stress set,-0.6198028028011322,0.0,1.0
FT720P_MBP1314_IPHONE6F_id0_s3_105.png,1,VALID,-1.0048828,1.8017578,-1.2382812,-2.853365,LCC-FASD external-dev / cross-domain stress set,-0.6198028028011322,0.0,1.0
FT720P_MBP1314_IPHONE6F_id0_s3_120.png,1,VALID,-1.0605469,1.9628906,-1.3544922,-3.0590436,LCC-FASD external-dev / cross-domain stress set,-0.6198028028011322,0.0,1.0
FT720P_MBP1314_IPHONE6F_id0_s3_135.png,1,VALID,-1.0146484,1.9521484,-1.4746094,-2.9987724,LCC-FASD external-dev / cross-domain stress set,-0.6198028028011322,0.0,1.0
FT720P_MBP1314_IPHONE6F_id0_s3_150.png,1,VALID,-0.9560547,2.1015625,-1.6845703,-3.080047,LCC-FASD external-dev / cross-domain stress set,-0.6198028028011322,0.0,1.0
FT720P_MBP1314_IPHONE6F_id12_s0_15.png,1,VALID,-2.0273438,2.0644531,-0.5566406,-4.1619973,LCC-FASD external-dev / cross-domain stress set,-0.6198028028011322,0.0,1.0
FT720P_MBP1314_IPHONE6F_id12_s0_30.png,1,VALID,-1.8828125,1.7548828,-0.33374023,-3.7544622,LCC-FASD external-dev / cross-domain stress set,-0.6198028028011322,0.0,1.0
FT720P_MBP1314_IPHONE6F_id12_s0_45.png,1,VALID,-1.8818359,1.7822266,-0.29663086,-3.7819104,LCC-FASD external-dev / cross-domain stress set,-0.6198028028011322,0.0,1.0
FT720P_MBP1314_IPHONE6F_id12_s0_60.png,1,VALID,-1.8789062,1.8525391,-0.42504883,-3.8290539,LCC-FASD external-dev / cross-domain stress set,-0.6198028028011322,0.0,1.0
FT720P_MBP1314_IPHONE6F_id12_s0_75.png,1,VALID,-2.0019531,1.90625,-0.29614258,-4.013048,LCC-FASD external-dev / cross-domain stress set,-0.6198028028011322,0.0,1.0
FT720P_MBP1314_IPHONE6F_id12_s0_90.png,1,VALID,-1.7958984,1.5585938,-0.12005615,-3.525606,LCC-FASD external-dev / cross-domain stress set,-0.6198028028011322,0.0,1.0
FT720P_MBP1314_IPHONE6F_id12_s0_105.png,1,VALID,-1.75,1.6347656,-0.22387695,-3.5296311,LCC-FASD external-dev / cross-domain stress set,-0.6198028028011322,0.0,1.0
FT720P_MBP1314_IPHONE6F_id12_s0_120.png,1,VALID,-1.7988281,1.3867188,0.032043457,-3.4150949,LCC-FASD external-dev / cross-domain stress set,-0.6198028028011322,0.0,1.0
FT720P_MBP1314_IPHONE6F_id12_s0_135.png,1,VALID,-1.7001953,1.6455078,-0.31054688,-3.477972,LCC-FASD external-dev / cross-domain stress set,-0.6198028028011322,0.0,1.0
FT720P_MBP1314_IPHONE6F_id12_s0_150.png,1,VALID,-1.7314453,1.4921875,-0.07952881,-3.412341,LCC-FASD external-dev / cross-domain stress set,-0.6198028028011322,0.0,1.0
FT720P_MBP1314_IPHONE6F_id12_s1_15.png,1,VALID,-1.5800781,1.9785156,-0.8725586,-3.6147683,LCC-FASD external-dev / cross-domain stress set,-0.6198028028011322,0.0,1.0
FT720P_MBP1314_IPHONE6F_id12_s1_30.png,1,VALID,-1.6289062,2.3867188,-1.2470703,-4.041698,LCC-FASD external-dev / cross-domain stress set,-0.6198028028011322,0.0,1.0
FT720P_MBP1314_IPHONE6F_id12_s1_45.png,1,VALID,-1.4921875,1.8671875,-0.8125,-3.42571,LCC-FASD external-dev / cross-domain stress set,-0.6198028028011322,0.0,1.0
FT720P_MBP1314_IPHONE6F_id12_s1_60.png,1,VALID,-1.3916016,1.9433594,-0.9404297,-3.3893757,LCC-FASD external-dev / cross-domain stress set,-0.6198028028011322,0.0,1.0
FT720P_MBP1314_IPHONE6F_id12_s1_75.png,1,VALID,-1.1630859,1.9365234,-1.0195312,-3.150325,LCC-FASD external-dev / cross-domain stress set,-0.6198028028011322,0.0,1.0
FT720P_MBP1314_IPHONE6F_id12_s1_90.png,1,VALID,-1.2324219,2.046875,-1.1152344,-3.3207614,LCC-FASD external-dev / cross-domain stress set,-0.6198028028011322,0.0,1.0
FT720P_MBP1314_IPHONE6F_id12_s1_105.png,1,VALID,-1.2988281,2.0,-0.9794922,-3.3483977,LCC-FASD external-dev / cross-domain stress set,-0.6198028028011322,0.0,1.0
FT720P_MBP1314_IPHONE6F_id12_s1_120.png,1,VALID,-1.3125,2.0097656,-1.0683594,-3.3672826,LCC-FASD external-dev / cross-domain stress set,-0.6198028028011322,0.0,1.0
FT720P_MBP1314_IPHONE6F_id12_s1_135.png,1,VALID,-1.5117188,2.1699219,-1.0283203,-3.721663,LCC-FASD external-dev / cross-domain stress set,-0.6198028028011322,0.0,1.0
FT720P_MBP1314_IPHONE6F_id12_s1_150.png,1,VALID,-1.8769531,2.3222656,-0.9711914,-4.2356715,LCC-FASD external-dev / cross-domain stress set,-0.6198028028011322,0.0,1.0
FT720P_MBP1314_IPHONE6F_id12_s2_105.png,1,VALID,-1.6923828,1.5039062,-0.19299316,-3.3645546,LCC-FASD external-dev / cross-domain stress set,-0.6198028028011322,0.0,1.0
FT720P_I2269VWM_DOOX30_id5_s0_30.png,1,VALID,0.73339844,-0.116760254,-0.57470703,0.3599964,LCC-FASD external-dev / cross-domain stress set,-0.6198028028011322,1.0,0.0
FT720P_I2269VWM_DOOX30_id5_s0_45.png,1,VALID,2.0078125,-0.46923828,-1.3242188,2.1226745,LCC-FASD external-dev / cross-domain stress set,-0.6198028028011322,1.0,0.0
FT720P_I2269VWM_DOOX30_id5_s0_60.png,1,VALID,1.6259766,-0.2166748,-1.3066406,1.5528007,LCC-FASD external-dev / cross-domain stress set,-0.6198028028011322,1.0,0.0
FT720P_I2269VWM_DOOX30_id5_s0_75.png,1,VALID,1.5449219,-0.25976562,-1.1787109,1.4689729,LCC-FASD external-dev / cross-domain stress set,-0.6198028028011322,1.0,0.0
FT720P_I2269VWM_DOOX30_id5_s0_90.png,1,VALID,1.7529297,-0.27856445,-1.3212891,1.7295446,LCC-FASD external-dev / cross-domain stress set,-0.6198028028011322,1.0,0.0
FT720P_I2269VWM_DOOX30_id9_s0_15.png,1,VALID,-0.56640625,0.71435547,-0.22924805,-1.6095061,LCC-FASD external-dev / cross-domain stress set,-0.6198028028011322,0.0,1.0
FT720P_I2269VWM_DOOX30_id9_s0_30.png,1,VALID,1.3447266,-0.38427734,-0.72802734,1.1930333,LCC-FASD external-dev / cross-domain stress set,-0.6198028028011322,1.0,0.0
FT720P_I2269VWM_DOOX30_id9_s0_45.png,1,VALID,1.375,-0.30737305,-0.8129883,1.2104123,LCC-FASD external-dev / cross-domain stress set,-0.6198028028011322,1.0,0.0
FT720P_I2269VWM_DOOX30_id9_s0_60.png,1,VALID,1.0527344,-0.17224121,-0.63623047,0.73715025,LCC-FASD external-dev / cross-domain stress set,-0.6198028028011322,1.0,0.0
FT720P_I2269VWM_DOOX30_id9_s0_75.png,1,VALID,1.6103516,-0.53466797,-0.80566406,1.5782185,LCC-FASD external-dev / cross-domain stress set,-0.6198028028011322,1.0,0.0
FT720P_I2269VWM_DOOX30_id9_s0_90.png,1,VALID,1.34375,-0.40820312,-0.68359375,1.187051,LCC-FASD external-dev / cross-domain stress set,-0.6198028028011322,1.0,0.0
FT720P_I2269VWM_DOOX30_id9_s0_105.png,1,VALID,2.0039062,-0.7246094,-1.0195312,2.171996,LCC-FASD external-dev / cross-domain stress set,-0.6198028028011322,1.0,0.0
FT720P_I2269VWM_DOOX30_id9_s0_120.png,1,VALID,1.5839844,-0.5673828,-0.7128906,1.5283296,LCC-FASD external-dev / cross-domain stress set,-0.6198028028011322,1.0,0.0
FT720P_I2269VWM_DOOX30_id9_s0_135.png,1,VALID,1.3144531,-0.11114502,-0.9760742,1.0741801,LCC-FASD external-dev / cross-domain stress set,-0.6198028028011322,1.0,0.0
FT720P_I2269VWM_DOOX30_id9_s0_150.png,1,VALID,1.6650391,-0.5498047,-0.82128906,1.6482539,LCC-FASD external-dev / cross-domain stress set,-0.6198028028011322,1.0,0.0
FT720P_IIYAMAGB_IPHONE5SB_id0_s0_15.png,1,VALID,0.17797852,1.1601562,-1.4853516,-1.0507419,LCC-FASD external-dev / cross-domain stress set,-0.6198028028011322,0.0,1.0
FT720P_IIYAMAGB_IPHONE5SB_id0_s0_30.png,1,VALID,0.32104492,0.97998047,-1.4199219,-0.7457799,LCC-FASD external-dev / cross-domain stress set,-0.6198028028011322,0.0,1.0
FT720P_IIYAMAGB_IPHONE5SB_id0_s0_45.png,1,VALID,0.4506836,0.9165039,-1.5292969,-0.54892606,LCC-FASD external-dev / cross-domain stress set,-0.6198028028011322,1.0,0.0
FT720P_IIYAMAGB_IPHONE5SB_id0_s0_60.png,1,VALID,0.47314453,0.9760742,-1.6152344,-0.5751778,LCC-FASD external-dev / cross-domain stress set,-0.6198028028011322,1.0,0.0
FT720P_IIYAMAGB_IPHONE5SB_id0_s0_75.png,1,VALID,0.01802063,1.3007812,-1.4892578,-1.342367,LCC-FASD external-dev / cross-domain stress set,-0.6198028028011322,0.0,1.0
FT720P_IIYAMAGB_IPHONE5SB_id0_s0_90.png,1,VALID,0.24841309,1.0136719,-1.4482422,-0.84708905,LCC-FASD external-dev / cross-domain stress set,-0.6198028028011322,0.0,1.0
FT720P_IIYAMAGB_IPHONE5SB_id0_s0_105.png,1,VALID,0.6870117,0.89404297,-1.6777344,-0.28065312,LCC-FASD external-dev / cross-domain stress set,-0.6198028028011322,1.0,0.0
FT720P_IIYAMAGB_IPHONE5SB_id0_s0_120.png,1,VALID,0.52978516,0.93408203,-1.5898438,-0.48139167,LCC-FASD external-dev / cross-domain stress set,-0.6198028028011322,1.0,0.0
FT720P_IIYAMAGB_IPHONE5SB_id0_s0_135.png,1,VALID,0.72021484,0.5541992,-1.4277344,0.036916852,LCC-FASD external-dev / cross-domain stress set,-0.6198028028011322,1.0,0.0
FT720P_IIYAMAGB_IPHONE5SB_id0_s0_150.png,1,VALID,0.6401367,0.67822266,-1.4697266,-0.1484847,LCC-FASD external-dev / cross-domain stress set,-0.6198028028011322,1.0,0.0
FT720P_IIYAMAGB_IPHONE5SB_id5_s0_15.png,1,VALID,0.30517578,0.9824219,-1.3808594,-0.7671882,LCC-FASD external-dev / cross-domain stress set,-0.6198028028011322,0.0,1.0
FT720P_IIYAMAGB_IPHONE5SB_id5_s0_30.png,1,VALID,0.140625,1.0546875,-1.2822266,-1.0063001,LCC-FASD external-dev / cross-domain stress set,-0.6198028028011322,0.0,1.0
FT720P_IIYAMAGB_IPHONE5SB_id5_s0_45.png,1,VALID,0.31518555,1.0283203,-1.3916016,-0.798329,LCC-FASD external-dev / cross-domain stress set,-0.6198028028011322,0.0,1.0
FT720P_IIYAMAGB_IPHONE5SB_id5_s0_60.png,1,VALID,0.3984375,1.0576172,-1.6025391,-0.7267798,LCC-FASD external-dev / cross-domain stress set,-0.6198028028011322,0.0,1.0
FT720P_IIYAMAGB_IPHONE5SB_id5_s0_75.png,1,VALID,0.28173828,1.1113281,-1.4658203,-0.90283144,LCC-FASD external-dev / cross-domain stress set,-0.6198028028011322,0.0,1.0
FT720P_IIYAMAGB_IPHONE5SB_id5_s0_90.png,1,VALID,0.1427002,1.0634766,-1.3076172,-1.0100489,LCC-FASD external-dev / cross-domain stress set,-0.6198028028011322,0.0,1.0
FT720P_IIYAMAGB_IPHONE5SB_id5_s0_105.png,1,VALID,0.057250977,1.3232422,-1.5292969,-1.3220857,LCC-FASD external-dev / cross-domain stress set,-0.6198028028011322,0.0,1.0
FT720P_IIYAMAGB_IPHONE5SB_id5_s0_120.png,1,VALID,-0.07080078,1.2851562,-1.3769531,-1.4234295,LCC-FASD external-dev / cross-domain stress set,-0.6198028028011322,0.0,1.0
FT720P_IIYAMAGB_IPHONE5SB_id5_s0_135.png,1,VALID,-0.0015792847,1.1162109,-1.2539062,-1.2071462,LCC-FASD external-dev / cross-domain stress set,-0.6198028028011322,0.0,1.0
FT720P_IIYAMAGB_IPHONE5SB_id5_s0_150.png,1,VALID,0.10650635,1.2207031,-1.4755859,-1.1794745,LCC-FASD external-dev / cross-domain stress set,-0.6198028028011322,0.0,1.0
FT720P_IIYAMAGB_IPHONE5SB_id9_s0_15.png,1,VALID,-0.19909668,0.5332031,-0.43408203,-1.0544657,LCC-FASD external-dev / cross-domain stress set,-0.6198028028011322,0.0,1.0
FT720P_IIYAMAGB_IPHONE5SB_id9_s0_30.png,1,VALID,-0.119262695,0.54589844,-0.51220703,-0.96312475,LCC-FASD external-dev / cross-domain stress set,-0.6198028028011322,0.0,1.0
FT720P_IIYAMAGB_IPHONE5SB_id9_s0_45.png,1,VALID,-0.113342285,0.8417969,-0.8173828,-1.1293403,LCC-FASD external-dev / cross-domain stress set,-0.6198028028011322,0.0,1.0
FT720P_IIYAMAGB_IPHONE5SB_id9_s0_60.png,1,VALID,-0.012535095,0.67822266,-0.79833984,-0.89648783,LCC-FASD external-dev / cross-domain stress set,-0.6198028028011322,0.0,1.0
FT720P_IIYAMAGB_IPHONE5SB_id9_s0_75.png,1,VALID,0.12695312,0.62109375,-0.79345703,-0.7116964,LCC-FASD external-dev / cross-domain stress set,-0.6198028028011322,0.0,1.0
FT720P_IIYAMAGB_IPHONE5SB_id9_s0_90.png,1,VALID,-0.22546387,0.8178711,-0.74853516,-1.2329583,LCC-FASD external-dev / cross-domain stress set,-0.6198028028011322,0.0,1.0
FT720P_IIYAMAGB_IPHONE5SB_id9_s0_105.png,1,VALID,0.09197998,0.3310547,-0.47705078,-0.6076695,LCC-FASD external-dev / cross-domain stress set,-0.6198028028011322,1.0,0.0
FT720P_IIYAMAGB_IPHONE5SB_id9_s0_120.png,1,VALID,0.31518555,0.46826172,-0.7890625,-0.40337878,LCC-FASD external-dev / cross-domain stress set,-0.6198028028011322,1.0,0.0
FT720P_IIYAMAGB_IPHONE5SB_id9_s0_135.png,1,VALID,0.56152344,0.46801758,-1.0322266,-0.10786283,LCC-FASD external-dev / cross-domain stress set,-0.6198028028011322,1.0,0.0
FT720P_IIYAMAGB_IPHONE5SB_id9_s0_150.png,1,VALID,-0.037963867,0.5102539,-0.51220703,-0.85548824,LCC-FASD external-dev / cross-domain stress set,-0.6198028028011322,0.0,1.0
FT720P_MBP1314_IPHONE6F_id0_s0_15.png,1,VALID,1.0947266,0.39501953,-1.6533203,0.5784201,LCC-FASD external-dev / cross-domain stress set,-0.6198028028011322,1.0,0.0
FT720P_MBP1314_IPHONE6F_id0_s0_105.png,1,VALID,1.3261719,-0.021728516,-1.4355469,1.1302013,LCC-FASD external-dev / cross-domain stress set,-0.6198028028011322,1.0,0.0
FT720P_MBP1314_IPHONE6F_id0_s0_120.png,1,VALID,1.2910156,0.19799805,-1.5712891,0.93562543,LCC-FASD external-dev / cross-domain stress set,-0.6198028028011322,1.0,0.0
FT720P_MBP1314_IPHONE6F_id0_s0_135.png,1,VALID,0.94140625,0.28393555,-1.421875,0.49058,LCC-FASD external-dev / cross-domain stress set,-0.6198028028011322,1.0,0.0
FT720P_I2269VWM_DOOX30_id0_s1_60.png,1,VALID,0.008178711,0.7709961,-0.88964844,-0.93678457,LCC-FASD external-dev / cross-domain stress set,-0.6198028028011322,0.0,1.0
FT720P_I2269VWM_DOOX30_id0_s1_75.png,1,VALID,0.13830566,0.6118164,-0.80810547,-0.6900186,LCC-FASD external-dev / cross-domain stress set,-0.6198028028011322,0.0,1.0
FT720P_I2269VWM_DOOX30_id0_s1_90.png,1,VALID,0.11584473,0.72998047,-0.890625,-0.7946047,LCC-FASD external-dev / cross-domain stress set,-0.6198028028011322,0.0,1.0
FT720P_I2269VWM_DOOX30_id0_s2_15.png,1,VALID,-0.13574219,0.24487305,-0.11645508,-0.9093301,LCC-FASD external-dev / cross-domain stress set,-0.6198028028011322,0.0,1.0
FT720P_I2269VWM_DOOX30_id0_s2_30.png,1,VALID,-0.08001709,0.14672852,0.03338623,-0.86482656,LCC-FASD external-dev / cross-domain stress set,-0.6198028028011322,0.0,1.0
FT720P_I2269VWM_DOOX30_id0_s2_45.png,1,VALID,0.26586914,0.51660156,-0.6220703,-0.5285491,LCC-FASD external-dev / cross-domain stress set,-0.6198028028011322,1.0,0.0
FT720P_I2269VWM_DOOX30_id0_s2_60.png,1,VALID,-0.33544922,0.6386719,-0.31054688,-1.3012954,LCC-FASD external-dev / cross-domain stress set,-0.6198028028011322,0.0,1.0
FT720P_I2269VWM_DOOX30_id0_s2_75.png,1,VALID,-0.42285156,1.0732422,-0.68310547,-1.6553807,LCC-FASD external-dev / cross-domain stress set,-0.6198028028011322,0.0,1.0
FT720P_I2269VWM_DOOX30_id0_s2_90.png,1,VALID,0.1307373,0.7314453,-0.69921875,-0.8151337,LCC-FASD external-dev / cross-domain stress set,-0.6198028028011322,0.0,1.0
FT720P_I2269VWM_DOOX30_id0_s2_105.png,1,VALID,-0.24230957,0.9682617,-0.7939453,-1.3689976,LCC-FASD external-dev / cross-domain stress set,-0.6198028028011322,0.0,1.0
FT720P_I2269VWM_DOOX30_id0_s2_120.png,1,VALID,-0.07165527,0.921875,-0.87158203,-1.1474386,LCC-FASD external-dev / cross-domain stress set,-0.6198028028011322,0.0,1.0
FT720P_I2269VWM_DOOX30_id0_s2_135.png,1,VALID,-0.41064453,0.94873047,-0.6225586,-1.5481566,LCC-FASD external-dev / cross-domain stress set,-0.6198028028011322,0.0,1.0
FT720P_I2269VWM_DOOX30_id0_s2_150.png,1,VALID,0.16088867,0.65966797,-0.76464844,-0.7144332,LCC-FASD external-dev / cross-domain stress set,-0.6198028028011322,0.0,1.0
FT720P_I2269VWM_DOOX30_id0_s3_15.png,1,VALID,-0.5263672,1.2158203,-1.0166016,-1.8440835,LCC-FASD external-dev / cross-domain stress set,-0.6198028028011322,0.0,1.0
FT720P_I2269VWM_DOOX30_id0_s3_42.png,1,VALID,-1.1005859,1.7470703,-1.1142578,-2.9032733,LCC-FASD external-dev / cross-domain stress set,-0.6198028028011322,0.0,1.0
FT720P_I2269VWM_DOOX30_id0_s3_59.png,1,VALID,-1.7490234,2.125,-0.84716797,-3.9239483,LCC-FASD external-dev / cross-domain stress set,-0.6198028028011322,0.0,1.0
FT720P_I2269VWM_DOOX30_id0_s3_89.png,1,VALID,-1.4912109,1.9755859,-0.9951172,-3.5167933,LCC-FASD external-dev / cross-domain stress set,-0.6198028028011322,0.0,1.0
FT720P_I2269VWM_DOOX30_id0_s3_123.png,1,VALID,-1.4794922,1.8378906,-0.84375,-3.3835926,LCC-FASD external-dev / cross-domain stress set,-0.6198028028011322,0.0,1.0
FT720P_I2269VWM_DOOX30_id0_s3_140.png,1,VALID,-1.5664062,1.9433594,-0.96240234,-3.5630288,LCC-FASD external-dev / cross-domain stress set,-0.6198028028011322,0.0,1.0
FT720P_I2269VWM_DOOX30_id0_s3_155.png,1,VALID,-1.3027344,1.8740234,-1.1289062,-3.2252064,LCC-FASD external-dev / cross-domain stress set,-0.6198028028011322,0.0,1.0
FT720P_I2269VWM_DOOX30_id0_s3_170.png,1,VALID,-1.6816406,1.9775391,-0.74658203,-3.7227213,LCC-FASD external-dev / cross-domain stress set,-0.6198028028011322,0.0,1.0
FT720P_I2269VWM_DOOX30_id5_s0_15.png,1,VALID,1.1015625,-0.16687012,-0.83740234,0.8553723,LCC-FASD external-dev / cross-domain stress set,-0.6198028028011322,1.0,0.0
FT720P_I2269VWM_DOOX30_id5_s0_105.png,1,VALID,1.8916016,-0.46655273,-1.3691406,2.0177479,LCC-FASD external-dev / cross-domain stress set,-0.6198028028011322,1.0,0.0
FT720P_I2269VWM_DOOX30_id5_s0_120.png,1,VALID,1.6816406,-0.43798828,-1.1787109,1.7297722,LCC-FASD external-dev / cross-domain stress set,-0.6198028028011322,1.0,0.0
FT720P_I2269VWM_DOOX30_id5_s0_135.png,1,VALID,1.9091797,-0.46313477,-1.2861328,2.0082874,LCC-FASD external-dev / cross-domain stress set,-0.6198028028011322,1.0,0.0
FT720P_I2269VWM_DOOX30_id5_s0_150.png,1,VALID,1.6582031,-0.43041992,-1.1083984,1.6780761,LCC-FASD external-dev / cross-domain stress set,-0.6198028028011322,1.0,0.0
FT720P_I2269VWM_DOOX30_id12_s0_15.png,1,VALID,-0.026870728,0.15283203,-0.2548828,-0.6896291,LCC-FASD external-dev / cross-domain stress set,-0.6198028028011322,0.0,1.0
FT720P_I2269VWM_DOOX30_id12_s0_30.png,1,VALID,0.23706055,-0.009971619,-0.38354492,-0.27667248,LCC-FASD external-dev / cross-domain stress set,-0.6198028028011322,1.0,0.0
FT720P_I2269VWM_DOOX30_id12_s0_45.png,1,VALID,0.8618164,-0.33666992,-0.57714844,0.618367,LCC-FASD external-dev / cross-domain stress set,-0.6198028028011322,1.0,0.0
FT720P_I2269VWM_DOOX30_id12_s0_60.png,1,VALID,0.5288086,-0.089782715,-0.5390625,0.1250619,LCC-FASD external-dev / cross-domain stress set,-0.6198028028011322,1.0,0.0
FT720P_I2269VWM_DOOX30_id12_s0_75.png,1,VALID,0.7363281,-0.31420898,-0.46435547,0.42964786,LCC-FASD external-dev / cross-domain stress set,-0.6198028028011322,1.0,0.0
FT720P_I2269VWM_DOOX30_id12_s0_90.png,1,VALID,0.9458008,-0.46191406,-0.5522461,0.758714,LCC-FASD external-dev / cross-domain stress set,-0.6198028028011322,1.0,0.0
FT720P_I2269VWM_DOOX30_id12_s0_105.png,1,VALID,0.70996094,-0.29174805,-0.4494629,0.38431317,LCC-FASD external-dev / cross-domain stress set,-0.6198028028011322,1.0,0.0
FT720P_I2269VWM_DOOX30_id12_s0_120.png,1,VALID,0.20349121,-0.057800293,-0.19299316,-0.36654216,LCC-FASD external-dev / cross-domain stress set,-0.6198028028011322,1.0,0.0
FT720P_I2269VWM_DOOX30_id12_s0_135.png,1,VALID,0.53564453,-0.1673584,-0.49731445,0.16128623,LCC-FASD external-dev / cross-domain stress set,-0.6198028028011322,1.0,0.0
FT720P_I2269VWM_DOOX30_id12_s0_150.png,1,VALID,0.703125,-0.033721924,-0.8100586,0.35834995,LCC-FASD external-dev / cross-domain stress set,-0.6198028028011322,1.0,0.0
FT720P_I2269VWM_DOOX30_id12_s1_15.png,1,VALID,1.1181641,-0.027252197,-1.0859375,0.84760195,LCC-FASD external-dev / cross-domain stress set,-0.6198028028011322,1.0,0.0
FT720P_I2269VWM_DOOX30_id12_s1_30.png,1,VALID,0.3852539,0.30444336,-0.765625,-0.21408427,LCC-FASD external-dev / cross-domain stress set,-0.6198028028011322,1.0,0.0
FT720P_I2269VWM_DOOX30_id12_s1_45.png,1,VALID,0.4387207,0.14465332,-0.63623047,-0.08299899,LCC-FASD external-dev / cross-domain stress set,-0.6198028028011322,1.0,0.0
FT720P_I2269VWM_DOOX30_id12_s1_60.png,1,VALID,0.95166016,-0.12805176,-0.80859375,0.67002743,LCC-FASD external-dev / cross-domain stress set,-0.6198028028011322,1.0,0.0
FT720P_I2269VWM_DOOX30_id12_s1_75.png,1,VALID,1.0029297,0.07763672,-1.09375,0.655314,LCC-FASD external-dev / cross-domain stress set,-0.6198028028011322,1.0,0.0
FT720P_I2269VWM_DOOX30_id12_s1_90.png,1,VALID,0.61279297,0.18725586,-0.83740234,0.11884746,LCC-FASD external-dev / cross-domain stress set,-0.6198028028011322,1.0,0.0
FT720P_I2269VWM_DOOX30_id12_s1_105.png,1,VALID,0.7626953,-0.04510498,-0.7211914,0.39661586,LCC-FASD external-dev / cross-domain stress set,-0.6198028028011322,1.0,0.0
FT720P_I2269VWM_DOOX30_id12_s1_120.png,1,VALID,0.18530273,0.5107422,-0.7988281,-0.56440604,LCC-FASD external-dev / cross-domain stress set,-0.6198028028011322,1.0,0.0
FT720P_I2269VWM_DOOX30_id12_s1_135.png,1,VALID,0.66308594,0.039001465,-0.7836914,0.25996423,LCC-FASD external-dev / cross-domain stress set,-0.6198028028011322,1.0,0.0
FT720P_I2269VWM_DOOX30_id12_s1_150.png,1,VALID,0.41992188,0.3330078,-0.8017578,-0.1918515,LCC-FASD external-dev / cross-domain stress set,-0.6198028028011322,1.0,0.0
FT720P_I2269VWM_DOOX30_id12_s2_15.png,1,VALID,0.7236328,-0.027404785,-0.890625,0.39911282,LCC-FASD external-dev / cross-domain stress set,-0.6198028028011322,1.0,0.0
FT720P_I2269VWM_DOOX30_id12_s2_30.png,1,VALID,0.7363281,-0.4609375,-0.33544922,0.43940717,LCC-FASD external-dev / cross-domain stress set,-0.6198028028011322,1.0,0.0
FT720P_I2269VWM_DOOX30_id12_s2_45.png,1,VALID,0.69140625,-0.2705078,-0.54052734,0.3946904,LCC-FASD external-dev / cross-domain stress set,-0.6198028028011322,1.0,0.0
FT720P_I2269VWM_DOOX30_id12_s2_60.png,1,VALID,0.20837402,0.018585205,-0.24682617,-0.37943238,LCC-FASD external-dev / cross-domain stress set,-0.6198028028011322,1.0,0.0
FT720P_I2269VWM_DOOX30_id12_s2_75.png,1,VALID,0.8852539,-0.47973633,-0.44555664,0.65460724,LCC-FASD external-dev / cross-domain stress set,-0.6198028028011322,1.0,0.0
FT720P_I2269VWM_DOOX30_id12_s2_90.png,1,VALID,0.59716797,-0.21691895,-0.47216797,0.24044228,LCC-FASD external-dev / cross-domain stress set,-0.6198028028011322,1.0,0.0
FT720P_I2269VWM_DOOX30_id12_s2_105.png,1,VALID,0.71777344,-0.39868164,-0.30126953,0.3734162,LCC-FASD external-dev / cross-domain stress set,-0.6198028028011322,1.0,0.0
FT720P_I2269VWM_DOOX30_id12_s2_120.png,1,VALID,0.8261719,-0.5942383,-0.23669434,0.5325957,LCC-FASD external-dev / cross-domain stress set,-0.6198028028011322,1.0,0.0
FT720P_I2269VWM_DOOX30_id12_s2_135.png,1,VALID,0.9243164,-0.43286133,-0.55859375,0.724922,LCC-FASD external-dev / cross-domain stress set,-0.6198028028011322,1.0,0.0
FT720P_I2269VWM_DOOX30_id12_s2_150.png,1,VALID,0.3413086,-0.15979004,-0.1496582,-0.19712728,LCC-FASD external-dev / cross-domain stress set,-0.6198028028011322,1.0,0.0
FT720P_G780_REDMI4X_id5_s0_15.png,1,VALID,0.57421875,0.30566406,-0.7832031,-0.02157259,LCC-FASD external-dev / cross-domain stress set,-0.6198028028011322,1.0,0.0
FT720P_G780_REDMI4X_id5_s0_30.png,1,VALID,1.0107422,0.19714355,-1.0966797,0.57126415,LCC-FASD external-dev / cross-domain stress set,-0.6198028028011322,1.0,0.0
FT720P_G780_REDMI4X_id5_s0_45.png,1,VALID,0.6220703,0.41308594,-1.0205078,-0.004876554,LCC-FASD external-dev / cross-domain stress set,-0.6198028028011322,1.0,0.0
FT720P_G780_REDMI4X_id5_s0_60.png,1,VALID,1.3730469,0.17321777,-1.3867188,1.0090853,LCC-FASD external-dev / cross-domain stress set,-0.6198028028011322,1.0,0.0
FT720P_G780_REDMI4X_id5_s0_75.png,1,VALID,1.2548828,0.31811523,-1.4726562,0.7824757,LCC-FASD external-dev / cross-domain stress set,-0.6198028028011322,1.0,0.0
FT720P_G780_REDMI4X_id5_s0_90.png,1,VALID,0.9057617,0.34936523,-1.1748047,0.359349,LCC-FASD external-dev / cross-domain stress set,-0.6198028028011322,1.0,0.0
FT720P_G780_REDMI4X_id5_s0_105.png,1,VALID,1.0322266,0.4182129,-1.3320312,0.4538256,LCC-FASD external-dev / cross-domain stress set,-0.6198028028011322,1.0,0.0
FT720P_G780_REDMI4X_id5_s0_120.png,1,VALID,0.74121094,0.47216797,-1.1630859,0.09097803,LCC-FASD external-dev / cross-domain stress set,-0.6198028028011322,1.0,0.0
FT720P_G780_REDMI4X_id5_s0_135.png,1,VALID,0.9238281,0.32763672,-1.1923828,0.3984005,LCC-FASD external-dev / cross-domain stress set,-0.6198028028011322,1.0,0.0
FT720P_G780_REDMI4X_id5_s0_150.png,1,VALID,0.6923828,0.609375,-1.2822266,-0.057475626,LCC-FASD external-dev / cross-domain stress set,-0.6198028028011322,1.0,0.0
FT720P_G780_REDMI4X_id9_s0_15.png,1,VALID,1.2626953,-0.36254883,-0.57128906,1.0310304,LCC-FASD external-dev / cross-domain stress set,-0.6198028028011322,1.0,0.0
FT720P_G780_REDMI4X_id9_s0_30.png,1,VALID,1.3554688,-0.5498047,-0.50146484,1.1876643,LCC-FASD external-dev / cross-domain stress set,-0.6198028028011322,1.0,0.0
FT720P_G780_REDMI4X_id9_s0_45.png,1,VALID,1.4169922,-0.4963379,-0.6689453,1.302767,LCC-FASD external-dev / cross-domain stress set,-0.6198028028011322,1.0,0.0
FT720P_G780_REDMI4X_id9_s0_60.png,1,VALID,1.9111328,-0.9086914,-0.6738281,2.002366,LCC-FASD external-dev / cross-domain stress set,-0.6198028028011322,1.0,0.0
FT720P_G780_REDMI4X_id9_s0_75.png,1,VALID,1.8828125,-0.87841797,-0.6254883,1.9336431,LCC-FASD external-dev / cross-domain stress set,-0.6198028028011322,1.0,0.0
FT720P_G780_REDMI4X_id9_s0_90.png,1,VALID,1.7636719,-0.8442383,-0.5048828,1.7307584,LCC-FASD external-dev / cross-domain stress set,-0.6198028028011322,1.0,0.0
FT720P_G780_REDMI4X_id9_s0_105.png,1,VALID,1.4990234,-0.7050781,-0.4621582,1.3821362,LCC-FASD external-dev / cross-domain stress set,-0.6198028028011322,1.0,0.0
FT720P_G780_REDMI4X_id9_s0_120.png,1,VALID,1.4677734,-0.6743164,-0.4645996,1.3385966,LCC-FASD external-dev / cross-domain stress set,-0.6198028028011322,1.0,0.0
FT720P_G780_REDMI4X_id9_s0_135.png,1,VALID,1.0439453,-0.55908203,-0.14416504,0.6810547,LCC-FASD external-dev / cross-domain stress set,-0.6198028028011322,1.0,0.0
FT720P_G780_REDMI4X_id9_s0_150.png,1,VALID,1.0507812,-0.6982422,-0.03060913,0.667348,LCC-FASD external-dev / cross-domain stress set,-0.6198028028011322,1.0,0.0
FT720P_G780_REDMI4X_id12_s1_15.png,1,VALID,-0.6899414,0.99316406,-0.4260254,-1.899756,LCC-FASD external-dev / cross-domain stress set,-0.6198028028011322,0.0,1.0
FT720P_G780_REDMI4X_id12_s1_30.png,1,VALID,-0.40185547,0.9194336,-0.6274414,-1.5143135,LCC-FASD external-dev / cross-domain stress set,-0.6198028028011322,0.0,1.0
FT720P_G780_REDMI4X_id12_s1_45.png,1,VALID,-0.625,0.8208008,-0.34936523,-1.7160686,LCC-FASD external-dev / cross-domain stress set,-0.6198028028011322,0.0,1.0
FT720P_G780_REDMI4X_id12_s1_60.png,1,VALID,-0.41845703,0.85058594,-0.5698242,-1.4854559,LCC-FASD external-dev / cross-domain stress set,-0.6198028028011322,0.0,1.0
FT720P_G780_REDMI4X_id12_s1_75.png,1,VALID,-0.18225098,0.52001953,-0.47143555,-1.0178375,LCC-FASD external-dev / cross-domain stress set,-0.6198028028011322,0.0,1.0
FT720P_G780_REDMI4X_id12_s1_90.png,1,VALID,-0.22912598,0.50097656,-0.39208984,-1.0732656,LCC-FASD external-dev / cross-domain stress set,-0.6198028028011322,0.0,1.0
FT720P_G780_REDMI4X_id12_s1_120.png,1,VALID,-0.4951172,0.94140625,-0.5888672,-1.6324819,LCC-FASD external-dev / cross-domain stress set,-0.6198028028011322,0.0,1.0
FT720P_G780_REDMI4X_id12_s1_135.png,1,VALID,-0.41308594,0.9941406,-0.78222656,-1.5635908,LCC-FASD external-dev / cross-domain stress set,-0.6198028028011322,0.0,1.0
FT720P_G780_REDMI4X_id12_s1_150.png,1,VALID,-0.57177734,0.99072266,-0.51708984,-1.7624925,LCC-FASD external-dev / cross-domain stress set,-0.6198028028011322,0.0,1.0
FT720P_G780_REDMI4X_id12_s2_15.png,1,VALID,-0.27905273,0.18847656,-0.10211182,-1.0259006,LCC-FASD external-dev / cross-domain stress set,-0.6198028028011322,0.0,1.0
FT720P_G780_REDMI4X_id12_s2_30.png,1,VALID,0.13586426,-0.18566895,-0.11907959,-0.4054628,LCC-FASD external-dev / cross-domain stress set,-0.6198028028011322,1.0,0.0
FT720P_G780_REDMI4X_id12_s2_45.png,1,VALID,0.10229492,-0.13391113,-0.054626465,-0.497369,LCC-FASD external-dev / cross-domain stress set,-0.6198028028011322,1.0,0.0
FT720P_G780_REDMI4X_id12_s2_60.png,1,VALID,-0.17114258,0.39941406,-0.40112305,-0.94149077,LCC-FASD external-dev / cross-domain stress set,-0.6198028028011322,0.0,1.0
FT720P_G780_REDMI4X_id12_s2_75.png,1,VALID,-0.101623535,0.34204102,-0.41625977,-0.82787997,LCC-FASD external-dev / cross-domain stress set,-0.6198028028011322,0.0,1.0
FT720P_G780_REDMI4X_id12_s2_90.png,1,VALID,-0.057739258,0.055633545,-0.17858887,-0.6962507,LCC-FASD external-dev / cross-domain stress set,-0.6198028028011322,0.0,1.0
FT720P_G780_REDMI4X_id12_s2_105.png,1,VALID,0.051483154,0.17407227,-0.37109375,-0.5798529,LCC-FASD external-dev / cross-domain stress set,-0.6198028028011322,1.0,0.0
FT720P_G780_REDMI4X_id12_s2_120.png,1,VALID,-0.055511475,-0.078186035,0.019439697,-0.7204764,LCC-FASD external-dev / cross-domain stress set,-0.6198028028011322,0.0,1.0
FT720P_G780_REDMI4X_id12_s2_135.png,1,VALID,-0.17236328,0.18469238,-0.24743652,-0.85730094,LCC-FASD external-dev / cross-domain stress set,-0.6198028028011322,0.0,1.0
FT720P_G780_REDMI4X_id12_s2_150.png,1,VALID,0.09069824,0.07531738,-0.37768555,-0.4766999,LCC-FASD external-dev / cross-domain stress set,-0.6198028028011322,1.0,0.0
FT720P_I2269VWM_DOOX30_id0_s0_15.png,1,VALID,0.90625,-0.11804199,-0.84765625,0.6308354,LCC-FASD external-dev / cross-domain stress set,-0.6198028028011322,1.0,0.0
FT720P_I2269VWM_DOOX30_id0_s0_30.png,1,VALID,1.1962891,-0.26489258,-0.9658203,1.0583034,LCC-FASD external-dev / cross-domain stress set,-0.6198028028011322,1.0,0.0
FT720P_I2269VWM_DOOX30_id0_s0_45.png,1,VALID,0.9404297,0.044891357,-1.0341797,0.6029351,LCC-FASD external-dev / cross-domain stress set,-0.6198028028011322,1.0,0.0
FT720P_I2269VWM_DOOX30_id0_s0_60.png,1,VALID,0.6044922,0.28808594,-0.90283203,0.051014185,LCC-FASD external-dev / cross-domain stress set,-0.6198028028011322,1.0,0.0
FT720P_I2269VWM_DOOX30_id0_s0_75.png,1,VALID,1.3398438,0.05532837,-1.3759766,1.0702133,LCC-FASD external-dev / cross-domain stress set,-0.6198028028011322,1.0,0.0
FT720P_I2269VWM_DOOX30_id0_s0_90.png,1,VALID,1.0283203,0.045654297,-1.1464844,0.7175583,LCC-FASD external-dev / cross-domain stress set,-0.6198028028011322,1.0,0.0
FT720P_I2269VWM_DOOX30_id0_s0_105.png,1,VALID,1.0859375,0.121032715,-1.1914062,0.72654736,LCC-FASD external-dev / cross-domain stress set,-0.6198028028011322,1.0,0.0
FT720P_I2269VWM_DOOX30_id0_s0_120.png,1,VALID,1.4287109,0.1986084,-1.6005859,1.0770106,LCC-FASD external-dev / cross-domain stress set,-0.6198028028011322,1.0,0.0
FT720P_I2269VWM_DOOX30_id0_s0_135.png,1,VALID,1.2802734,-0.10797119,-1.2109375,1.1016493,LCC-FASD external-dev / cross-domain stress set,-0.6198028028011322,1.0,0.0
FT720P_I2269VWM_DOOX30_id0_s0_150.png,1,VALID,1.0458984,-0.11694336,-1.0458984,0.82997155,LCC-FASD external-dev / cross-domain stress set,-0.6198028028011322,1.0,0.0
FT720P_I2269VWM_DOOX30_id0_s1_15.png,1,VALID,-0.39208984,0.70947266,-0.45410156,-1.3733954,LCC-FASD external-dev / cross-domain stress set,-0.6198028028011322,0.0,1.0
FT720P_I2269VWM_DOOX30_id0_s1_30.png,1,VALID,-0.056121826,0.43725586,-0.48168945,-0.8290922,LCC-FASD external-dev / cross-domain stress set,-0.6198028028011322,0.0,1.0
FT720P_I2269VWM_DOOX30_id0_s1_45.png,1,VALID,0.18261719,0.48608398,-0.71728516,-0.5659704,LCC-FASD external-dev / cross-domain stress set,-0.6198028028011322,1.0,0.0
FT720P_I2269VWM_DOOX30_id0_s1_105.png,1,VALID,-0.068481445,0.84228516,-0.89160156,-1.0733926,LCC-FASD external-dev / cross-domain stress set,-0.6198028028011322,0.0,1.0
FT720P_I2269VWM_DOOX30_id0_s1_120.png,1,VALID,-0.06286621,0.56152344,-0.5878906,-0.8996111,LCC-FASD external-dev / cross-domain stress set,-0.6198028028011322,0.0,1.0
FT720P_I2269VWM_DOOX30_id0_s1_135.png,1,VALID,0.26782227,0.63427734,-0.97265625,-0.5491944,LCC-FASD external-dev / cross-domain stress set,-0.6198028028011322,1.0,0.0
FT720P_I2269VWM_DOOX30_id0_s1_150.png,1,VALID,0.12634277,0.60302734,-0.80810547,-0.6949096,LCC-FASD external-dev / cross-domain stress set,-0.6198028028011322,0.0,1.0
FT720P_G780_REDMI4X_id0_s0_15.png,1,VALID,0.20092773,0.4387207,-0.70947266,-0.51330835,LCC-FASD external-dev / cross-domain stress set,-0.6198028028011322,1.0,0.0
FT720P_G780_REDMI4X_id0_s0_30.png,1,VALID,0.16271973,0.46948242,-0.7680664,-0.5614781,LCC-FASD external-dev / cross-domain stress set,-0.6198028028011322,1.0,0.0
FT720P_G780_REDMI4X_id0_s0_45.png,1,VALID,0.58251953,0.010528564,-0.6801758,0.16571096,LCC-FASD external-dev / cross-domain stress set,-0.6198028028011322,1.0,0.0
FT720P_G780_REDMI4X_id0_s0_60.png,1,VALID,0.4099121,0.29760742,-0.77490234,-0.1819672,LCC-FASD external-dev / cross-domain stress set,-0.6198028028011322,1.0,0.0
FT720P_G780_REDMI4X_id0_s0_75.png,1,VALID,0.30078125,0.32226562,-0.7109375,-0.32592416,LCC-FASD external-dev / cross-domain stress set,-0.6198028028011322,1.0,0.0
FT720P_G780_REDMI4X_id0_s0_90.png,1,VALID,0.6669922,0.18347168,-0.9482422,0.20401168,LCC-FASD external-dev / cross-domain stress set,-0.6198028028011322,1.0,0.0
FT720P_G780_REDMI4X_id0_s0_105.png,1,VALID,0.7104492,-0.033233643,-0.7866211,0.35789734,LCC-FASD external-dev / cross-domain stress set,-0.6198028028011322,1.0,0.0
FT720P_G780_REDMI4X_id0_s0_120.png,1,VALID,0.8305664,-0.16540527,-0.72314453,0.5433037,LCC-FASD external-dev / cross-domain stress set,-0.6198028028011322,1.0,0.0
FT720P_G780_REDMI4X_id0_s0_135.png,1,VALID,0.6850586,0.074035645,-0.7993164,0.2620932,LCC-FASD external-dev / cross-domain stress set,-0.6198028028011322,1.0,0.0
FT720P_G780_REDMI4X_id0_s0_150.png,1,VALID,0.7836914,0.03805542,-0.88964844,0.41241136,LCC-FASD external-dev / cross-domain stress set,-0.6198028028011322,1.0,0.0
FT720P_G780_REDMI4X_id0_s1_15.png,1,VALID,-0.53222656,0.6669922,-0.34594727,-1.5090169,LCC-FASD external-dev / cross-domain stress set,-0.6198028028011322,0.0,1.0
FT720P_G780_REDMI4X_id0_s1_30.png,1,VALID,-0.29223633,0.31884766,-0.16503906,-1.091275,LCC-FASD external-dev / cross-domain stress set,-0.6198028028011322,0.0,1.0
FT720P_G780_REDMI4X_id0_s1_45.png,1,VALID,-0.40356445,0.46875,-0.2783203,-1.2601264,LCC-FASD external-dev / cross-domain stress set,-0.6198028028011322,0.0,1.0
FT720P_G780_REDMI4X_id0_s1_60.png,1,VALID,-0.11254883,0.32666016,-0.36987305,-0.8435467,LCC-FASD external-dev / cross-domain stress set,-0.6198028028011322,0.0,1.0
FT720P_G780_REDMI4X_id0_s1_75.png,1,VALID,-0.15527344,0.38085938,-0.3256836,-0.9371526,LCC-FASD external-dev / cross-domain stress set,-0.6198028028011322,0.0,1.0
FT720P_G780_REDMI4X_id0_s1_90.png,1,VALID,-0.7421875,0.94628906,-0.4934082,-1.9011652,LCC-FASD external-dev / cross-domain stress set,-0.6198028028011322,0.0,1.0
FT720P_G780_REDMI4X_id0_s1_105.png,1,VALID,-0.5463867,0.68310547,-0.4020996,-1.5205429,LCC-FASD external-dev / cross-domain stress set,-0.6198028028011322,0.0,1.0
FT720P_G780_REDMI4X_id0_s1_120.png,1,VALID,-0.6816406,0.7182617,-0.28320312,-1.7127702,LCC-FASD external-dev / cross-domain stress set,-0.6198028028011322,0.0,1.0
FT720P_G780_REDMI4X_id0_s1_135.png,1,VALID,-0.7836914,0.83154297,-0.27734375,-1.9003577,LCC-FASD external-dev / cross-domain stress set,-0.6198028028011322,0.0,1.0
FT720P_G780_REDMI4X_id0_s1_150.png,1,VALID,-0.46435547,0.70947266,-0.47485352,-1.4407606,LCC-FASD external-dev / cross-domain stress set,-0.6198028028011322,0.0,1.0
FT720P_G780_REDMI4X_id0_s2_15.png,1,VALID,0.22424316,0.14575195,-0.2319336,-0.44353902,LCC-FASD external-dev / cross-domain stress set,-0.6198028028011322,1.0,0.0
FT720P_G780_REDMI4X_id0_s2_30.png,1,VALID,0.3630371,0.09240723,-0.36328125,-0.22040802,LCC-FASD external-dev / cross-domain stress set,-0.6198028028011322,1.0,0.0
FT720P_G780_REDMI4X_id0_s2_45.png,1,VALID,0.2775879,0.15551758,-0.26391602,-0.3831913,LCC-FASD external-dev / cross-domain stress set,-0.6198028028011322,1.0,0.0
FT720P_G780_REDMI4X_id0_s2_60.png,1,VALID,-0.39501953,0.625,-0.34838867,-1.340508,LCC-FASD external-dev / cross-domain stress set,-0.6198028028011322,0.0,1.0
FT720P_G780_REDMI4X_id0_s2_75.png,1,VALID,0.3137207,0.31396484,-0.60595703,-0.33568025,LCC-FASD external-dev / cross-domain stress set,-0.6198028028011322,1.0,0.0
FT720P_G780_REDMI4X_id0_s2_90.png,1,VALID,0.38842773,0.31445312,-0.64941406,-0.2491337,LCC-FASD external-dev / cross-domain stress set,-0.6198028028011322,1.0,0.0
FT720P_G780_REDMI4X_id0_s2_105.png,1,VALID,0.18591309,0.6015625,-0.8222656,-0.6313981,LCC-FASD external-dev / cross-domain stress set,-0.6198028028011322,0.0,1.0
FT720P_G780_REDMI4X_id0_s2_120.png,1,VALID,-0.024810791,0.5605469,-0.60302734,-0.85719055,LCC-FASD external-dev / cross-domain stress set,-0.6198028028011322,0.0,1.0
FT720P_G780_REDMI4X_id0_s2_135.png,1,VALID,0.012939453,0.6538086,-0.7680664,-0.85699713,LCC-FASD external-dev / cross-domain stress set,-0.6198028028011322,0.0,1.0
FT720P_G780_REDMI4X_id0_s2_150.png,1,VALID,0.3334961,0.29052734,-0.6298828,-0.29232824,LCC-FASD external-dev / cross-domain stress set,-0.6198028028011322,1.0,0.0
FT720P_G780_REDMI4X_id0_s3_15.png,1,VALID,0.25,0.46191406,-0.78125,-0.46536958,LCC-FASD external-dev / cross-domain stress set,-0.6198028028011322,1.0,0.0
FT720P_G780_REDMI4X_id0_s3_30.png,1,VALID,-0.5214844,1.1474609,-0.85498047,-1.7955825,LCC-FASD external-dev / cross-domain stress set,-0.6198028028011322,0.0,1.0
FT720P_G780_REDMI4X_id0_s3_45.png,1,VALID,-0.1463623,0.73828125,-0.7260742,-1.0926547,LCC-FASD external-dev / cross-domain stress set,-0.6198028028011322,0.0,1.0
FT720P_G780_REDMI4X_id0_s3_60.png,1,VALID,-0.8359375,0.9785156,-0.32470703,-2.0547724,LCC-FASD external-dev / cross-domain stress set,-0.6198028028011322,0.0,1.0
FT720P_G780_REDMI4X_id0_s3_75.png,1,VALID,-1.1308594,1.0078125,-0.18054199,-2.4046621,LCC-FASD external-dev / cross-domain stress set,-0.6198028028011322,0.0,1.0
FT720P_G780_REDMI4X_id0_s3_90.png,1,VALID,-0.7973633,1.0166016,-0.43579102,-2.0242338,LCC-FASD external-dev / cross-domain stress set,-0.6198028028011322,0.0,1.0
FT720P_G780_REDMI4X_id0_s3_105.png,1,VALID,-0.79003906,1.0507812,-0.5151367,-2.030528,LCC-FASD external-dev / cross-domain stress set,-0.6198028028011322,0.0,1.0
FT720P_G780_REDMI4X_id0_s3_120.png,1,VALID,-1.2333984,1.2587891,-0.3059082,-2.682106,LCC-FASD external-dev / cross-domain stress set,-0.6198028028011322,0.0,1.0
FT720P_G780_REDMI4X_id0_s3_135.png,1,VALID,-0.41333008,0.7734375,-0.59765625,-1.4129698,LCC-FASD external-dev / cross-domain stress set,-0.6198028028011322,0.0,1.0
FT720P_G780_REDMI4X_id0_s3_150.png,1,VALID,-0.62841797,1.0546875,-0.5673828,-1.8633326,LCC-FASD external-dev / cross-domain stress set,-0.6198028028011322,0.0,1.0
FT720P_G780_REDMI4X_id12_s0_15.png,1,VALID,-0.17236328,0.44091797,-0.38598633,-0.9761181,LCC-FASD external-dev / cross-domain stress set,-0.6198028028011322,0.0,1.0
FT720P_G780_REDMI4X_id12_s0_30.png,1,VALID,0.08880615,0.15759277,-0.32421875,-0.5497694,LCC-FASD external-dev / cross-domain stress set,-0.6198028028011322,1.0,0.0
FT720P_G780_REDMI4X_id12_s0_45.png,1,VALID,-0.016433716,0.45336914,-0.5654297,-0.7780434,LCC-FASD external-dev / cross-domain stress set,-0.6198028028011322,0.0,1.0
FT720P_G780_REDMI4X_id12_s0_60.png,1,VALID,-0.007549286,0.39770508,-0.5488281,-0.73317885,LCC-FASD external-dev / cross-domain stress set,-0.6198028028011322,0.0,1.0
FT720P_G780_REDMI4X_id12_s0_75.png,1,VALID,0.20666504,0.38378906,-0.71435547,-0.46492302,LCC-FASD external-dev / cross-domain stress set,-0.6198028028011322,1.0,0.0
FT720P_G780_REDMI4X_id12_s0_90.png,1,VALID,0.059936523,0.20373535,-0.34838867,-0.59851474,LCC-FASD external-dev / cross-domain stress set,-0.6198028028011322,1.0,0.0
FT720P_G780_REDMI4X_id12_s0_105.png,1,VALID,-0.15161133,0.4169922,-0.39379883,-0.9363711,LCC-FASD external-dev / cross-domain stress set,-0.6198028028011322,0.0,1.0
FT720P_G780_REDMI4X_id12_s0_120.png,1,VALID,-0.03189087,0.4987793,-0.6796875,-0.79897845,LCC-FASD external-dev / cross-domain stress set,-0.6198028028011322,0.0,1.0
FT720P_G780_REDMI4X_id12_s0_135.png,1,VALID,-0.2734375,0.67822266,-0.58447266,-1.2007759,LCC-FASD external-dev / cross-domain stress set,-0.6198028028011322,0.0,1.0
FT720P_G780_REDMI4X_id12_s0_150.png,1,VALID,-0.1854248,0.49414062,-0.51660156,-0.98994946,LCC-FASD external-dev / cross-domain stress set,-0.6198028028011322,0.0,1.0
FT720P_G780_REDMI4X_id12_s1_105.png,1,VALID,-0.21105957,0.59521484,-0.49902344,-1.0950518,LCC-FASD external-dev / cross-domain stress set,-0.6198028028011322,0.0,1.0
YOUTUBE_VX2363SMHL_LGL90_id48_s1_60.png,1,VALID,-0.80615234,-0.34399414,1.1757812,-2.1797683,LCC-FASD external-dev / cross-domain stress set,-0.6198028028011322,0.0,1.0
YOUTUBE_VX2363SMHL_LGL90_id48_s1_75.png,1,VALID,0.1328125,-0.9267578,0.93115234,-0.9433042,LCC-FASD external-dev / cross-domain stress set,-0.6198028028011322,0.0,1.0
YOUTUBE_VX2363SMHL_LGL90_id48_s1_90.png,1,VALID,-0.83447266,0.19494629,0.6904297,-2.000687,LCC-FASD external-dev / cross-domain stress set,-0.6198028028011322,0.0,1.0
YOUTUBE_TP300LA_SGS7E_id48_s1_30.png,1,VALID,-0.78125,-0.06921387,0.73876953,-1.888652,LCC-FASD external-dev / cross-domain stress set,-0.6198028028011322,0.0,1.0
