path,label,status,logit_real,logit_physical,logit_digital,pad_logit_score,dataset_role,pred_real
YOUTUBE_id43_s0_105.png,0,VALID,1.0439453,-1.1318359,0.39453125,0.45275927,LCC-FASD external-dev / cross-domain stress set,True
YOUTUBE_id43_s0_124.png,0,VALID,-0.09631348,1.1962891,-0.6640625,-1.4372377,LCC-FASD external-dev / cross-domain stress set,False
YOUTUBE_id43_s0_139.png,0,VALID,0.5493164,-0.5180664,0.4440918,-0.2183559,LCC-FASD external-dev / cross-domain stress set,False
YOUTUBE_id43_s0_154.png,0,VALID,0.7421875,-0.7998047,0.45703125,0.034745514,LCC-FASD external-dev / cross-domain stress set,False
YOUTUBE_id43_s1_15.png,0,VALID,1.2373047,-0.32421875,-0.7919922,1.0751573,LCC-FASD external-dev / cross-domain stress set,True
YOUTUBE_id43_s1_30.png,0,VALID,1.5839844,-0.9326172,-0.6171875,1.6533537,LCC-FASD external-dev / cross-domain stress set,True
YOUTUBE_id43_s1_45.png,0,VALID,1.3291016,-0.5805664,-0.6665039,1.2585666,LCC-FASD external-dev / cross-domain stress set,True
YOUTUBE_id43_s1_60.png,0,VALID,2.1582031,-1.2382812,-1.3193359,2.7430434,LCC-FASD external-dev / cross-domain stress set,True
YOUTUBE_id43_s1_75.png,0,VALID,1.9677734,-1.0859375,-1.046875,2.3408418,LCC-FASD external-dev / cross-domain stress set,True
YOUTUBE_id43_s1_90.png,0,VALID,1.7226562,-0.828125,-0.9628906,1.9227483,LCC-FASD external-dev / cross-domain stress set,True
YOUTUBE_id43_s1_105.png,0,VALID,1.9042969,-0.8261719,-1.3095703,2.2500916,LCC-FASD external-dev / cross-domain stress set,True
YOUTUBE_id43_s1_120.png,0,VALID,2.0332031,-1.046875,-1.2431641,2.480267,LCC-FASD external-dev / cross-domain stress set,True
YOUTUBE_id43_s1_135.png,0,VALID,1.890625,-1.0820312,-0.9404297,2.206204,LCC-FASD external-dev / cross-domain stress set,True
YOUTUBE_id43_s1_150.png,0,VALID,1.4287109,-0.4333496,-1.0351562,1.4252124,LCC-FASD external-dev / cross-domain stress set,True
YOUTUBE_id48_s0_15.png,0,VALID,0.84472656,-0.10083008,-0.5708008,0.46003622,LCC-FASD external-dev / cross-domain stress set,True
YOUTUBE_id48_s0_30.png,0,VALID,1.0214844,-0.27539062,-0.65478516,0.7755394,LCC-FASD external-dev / cross-domain stress set,True
YOUTUBE_id48_s0_45.png,0,VALID,0.49414062,0.4880371,-0.6796875,-0.26474315,LCC-FASD external-dev / cross-domain stress set,False
YOUTUBE_id48_s0_60.png,0,VALID,1.2568359,-0.37841797,-0.9560547,1.1897843,LCC-FASD external-dev / cross-domain stress set,True
YOUTUBE_id48_s0_75.png,0,VALID,1.6572266,-0.6586914,-1.2880859,1.8887472,LCC-FASD external-dev / cross-domain stress set,True
YOUTUBE_id48_s0_90.png,0,VALID,1.0546875,-0.06719971,-0.9658203,0.7803345,LCC-FASD external-dev / cross-domain stress set,True
YOUTUBE_id48_s0_105.png,0,VALID,0.4597168,0.4260254,-0.52783203,-0.2921908,LCC-FASD external-dev / cross-domain stress set,False
YOUTUBE_id48_s0_120.png,0,VALID,0.21936035,0.47827148,-0.19995117,-0.6693759,LCC-FASD external-dev / cross-domain stress set,False
YOUTUBE_id48_s0_135.png,0,VALID,1.3740234,-0.57910156,-0.9926758,1.4455351,LCC-FASD external-dev / cross-domain stress set,True
YOUTUBE_id48_s0_150.png,0,VALID,1.1123047,-0.13464355,-1.0048828,0.89710057,LCC-FASD external-dev / cross-domain stress set,True
YOUTUBE_id48_s1_15.png,0,VALID,2.0332031,-1.3232422,-1.3603516,2.6816807,LCC-FASD external-dev / cross-domain stress set,True
YOUTUBE_id48_s1_30.png,0,VALID,2.0507812,-1.4033203,-1.328125,2.72265,LCC-FASD external-dev / cross-domain stress set,True
YOUTUBE_id48_s1_45.png,0,VALID,2.15625,-1.4570312,-1.4140625,2.898419,LCC-FASD external-dev / cross-domain stress set,True
YOUTUBE_id48_s1_60.png,0,VALID,2.1777344,-1.5029297,-1.4638672,2.967795,LCC-FASD external-dev / cross-domain stress set,True
YOUTUBE_id48_s1_75.png,0,VALID,2.0683594,-1.3964844,-1.2617188,2.7020452,LCC-FASD external-dev / cross-domain stress set,True
YOUTUBE_id48_s1_90.png,0,VALID,2.1757812,-1.4931641,-1.4433594,2.9505858,LCC-FASD external-dev / cross-domain stress set,True
YOUTUBE_id48_s1_105.png,0,VALID,2.0820312,-1.4570312,-1.359375,2.7958956,LCC-FASD external-dev / cross-domain stress set,True
YOUTUBE_id48_s1_124.png,0,VALID,2.1894531,-1.6083984,-1.3916016,2.9904423,LCC-FASD external-dev / cross-domain stress set,True
YOUTUBE_id48_s1_139.png,0,VALID,2.1582031,-1.5400391,-1.3740234,2.9186459,LCC-FASD external-dev / cross-domain stress set,True
YOUTUBE_id48_s1_154.png,0,VALID,2.0722656,-1.4101562,-1.3349609,2.7509704,LCC-FASD external-dev / cross-domain stress set,True
YOUTUBE_id48_s2_108.png,0,VALID,1.8583984,-1.1962891,-1.1572266,2.3418183,LCC-FASD external-dev / cross-domain stress set,True
YOUTUBE_id48_s2_123.png,0,VALID,1.71875,-0.9760742,-1.1054688,2.064283,LCC-FASD external-dev / cross-domain stress set,True
YOUTUBE_id29_s0_15.png,0,VALID,2.2441406,-1.5419922,-1.2431641,2.9324505,LCC-FASD external-dev / cross-domain stress set,True
YOUTUBE_id29_s0_30.png,0,VALID,2.2480469,-1.5439453,-1.2578125,2.9455793,LCC-FASD external-dev / cross-domain stress set,True
YOUTUBE_id29_s0_45.png,0,VALID,2.2089844,-1.5732422,-1.1904297,2.8794656,LCC-FASD external-dev / cross-domain stress set,True
YOUTUBE_id29_s0_60.png,0,VALID,2.28125,-1.6396484,-1.2841797,3.0343046,LCC-FASD external-dev / cross-domain stress set,True
YOUTUBE_id29_s0_75.png,0,VALID,2.2109375,-1.5322266,-1.2792969,2.9155767,LCC-FASD external-dev / cross-domain stress set,True
YOUTUBE_id29_s0_90.png,0,VALID,2.1875,-1.5615234,-1.1357422,2.8204935,LCC-FASD external-dev / cross-domain stress set,True
YOUTUBE_id29_s0_105.png,0,VALID,2.1933594,-1.6230469,-1.1152344,2.837459,LCC-FASD external-dev / cross-domain stress set,True
YOUTUBE_id29_s0_120.png,0,VALID,2.1679688,-1.5791016,-1.0898438,2.7796664,LCC-FASD external-dev / cross-domain stress set,True
YOUTUBE_id29_s0_135.png,0,VALID,2.2070312,-1.5810547,-1.1074219,2.8303397,LCC-FASD external-dev / cross-domain stress set,True
YOUTUBE_id39_s0_15.png,0,VALID,0.36450195,1.1337891,-1.2011719,-0.86169696,LCC-FASD external-dev / cross-domain stress set,False
YOUTUBE_id39_s0_30.png,0,VALID,0.1895752,1.0195312,-0.8144531,-0.9781827,LCC-FASD external-dev / cross-domain stress set,False
YOUTUBE_id39_s0_47.png,0,VALID,0.4177246,1.1328125,-1.1708984,-0.8102958,LCC-FASD external-dev / cross-domain stress set,False
YOUTUBE_id39_s0_62.png,0,VALID,0.35375977,0.71728516,-0.7734375,-0.5666375,LCC-FASD external-dev / cross-domain stress set,False
YOUTUBE_id39_s0_80.png,0,VALID,1.1904297,0.24084473,-1.3349609,0.76157886,LCC-FASD external-dev / cross-domain stress set,True
YOUTUBE_id39_s0_95.png,0,VALID,-0.22338867,1.3173828,-0.49389648,-1.6921568,LCC-FASD external-dev / cross-domain stress set,False
YOUTUBE_id39_s1_15.png,0,VALID,1.7910156,-0.97802734,-1.0634766,2.117708,LCC-FASD external-dev / cross-domain stress set,True
YOUTUBE_id39_s1_30.png,0,VALID,1.9589844,-1.0791016,-1.2294922,2.4173095,LCC-FASD external-dev / cross-domain stress set,True
YOUTUBE_id39_s1_45.png,0,VALID,2.1640625,-1.3769531,-1.2197266,2.7661684,LCC-FASD external-dev / cross-domain stress set,True
YOUTUBE_id39_s1_60.png,0,VALID,2.0332031,-1.2773438,-1.0527344,2.4988022,LCC-FASD external-dev / cross-domain stress set,True
YOUTUBE_id39_s1_75.png,0,VALID,1.71875,-0.6977539,-1.2470703,1.9607612,LCC-FASD external-dev / cross-domain stress set,True
YOUTUBE_id39_s1_91.png,0,VALID,2.0644531,-1.2539062,-1.1621094,2.578261,LCC-FASD external-dev / cross-domain stress set,True
YOUTUBE_id39_s1_106.png,0,VALID,1.78125,-0.9482422,-1.0820312,2.1010036,LCC-FASD external-dev / cross-domain stress set,True
YOUTUBE_id39_s1_121.png,0,VALID,1.9589844,-1.0273438,-1.2998047,2.4201605,LCC-FASD external-dev / cross-domain stress set,True
YOUTUBE_id39_s1_136.png,0,VALID,1.7871094,-1.0556641,-0.99658203,2.119649,LCC-FASD external-dev / cross-domain stress set,True
YOUTUBE_id39_s1_151.png,0,VALID,1.9853516,-1.1679688,-1.2167969,2.4842892,LCC-FASD external-dev / cross-domain stress set,True
YOUTUBE_id42_s0_15.png,0,VALID,2.0625,-1.3828125,-1.3515625,2.7364182,LCC-FASD external-dev / cross-domain stress set,True
YOUTUBE_id42_s0_30.png,0,VALID,2.0585938,-1.2783203,-1.4052734,2.7052302,LCC-FASD external-dev / cross-domain stress set,True
YOUTUBE_id42_s0_105.png,0,VALID,2.03125,-1.2216797,-1.3496094,2.621703,LCC-FASD external-dev / cross-domain stress set,True
YOUTUBE_id42_s0_120.png,0,VALID,1.9033203,-1.1289062,-1.2675781,2.4060135,LCC-FASD external-dev / cross-domain stress set,True
YOUTUBE_id42_s0_135.png,0,VALID,1.9892578,-1.2373047,-1.2275391,2.5285206,LCC-FASD external-dev / cross-domain stress set,True
YOUTUBE_id42_s0_150.png,0,VALID,2.0371094,-1.3046875,-1.3505859,2.6713357,LCC-FASD external-dev / cross-domain stress set,True
YOUTUBE_id123_s0_15.png,0,VALID,1.6347656,-0.62353516,-1.0761719,1.7660776,LCC-FASD external-dev / cross-domain stress set,True
YOUTUBE_id123_s0_30.png,0,VALID,0.89990234,0.022659302,-0.7006836,0.4817422,LCC-FASD external-dev / cross-domain stress set,True
YOUTUBE_id123_s0_45.png,0,VALID,1.1806641,-0.2722168,-0.7207031,0.9590423,LCC-FASD external-dev / cross-domain stress set,True
YOUTUBE_id123_s0_60.png,0,VALID,1.0712891,-0.5439453,-0.29907227,0.792174,LCC-FASD external-dev / cross-domain stress set,True
YOUTUBE_id123_s0_75.png,0,VALID,1.6953125,-0.4243164,-1.4482422,1.8127458,LCC-FASD external-dev / cross-domain stress set,True
YOUTUBE_id123_s0_90.png,0,VALID,0.91259766,-0.2783203,-0.40063477,0.5570591,LCC-FASD external-dev / cross-domain stress set,True
YOUTUBE_id123_s0_120.png,0,VALID,1.2490234,-0.6069336,-0.53271484,1.1250122,LCC-FASD external-dev / cross-domain stress set,True
YOUTUBE_id123_s0_135.png,0,VALID,1.5439453,-0.5654297,-1.0205078,1.6181002,LCC-FASD external-dev / cross-domain stress set,True
YOUTUBE_id123_s0_150.png,0,VALID,1.6884766,-0.6894531,-1.0878906,1.8642871,LCC-FASD external-dev / cross-domain stress set,True
YOUTUBE_id124_s0_15.png,0,VALID,1.6337891,-1.0361328,-0.83203125,1.8695257,LCC-FASD external-dev / cross-domain stress set,True
YOUTUBE_id124_s0_30.png,0,VALID,1.3232422,-0.7988281,-0.6123047,1.3313189,LCC-FASD external-dev / cross-domain stress set,True
YOUTUBE_id124_s0_45.png,0,VALID,1.5449219,-0.7001953,-1.0820312,1.7247727,LCC-FASD external-dev / cross-domain stress set,True
YOUTUBE_id124_s0_60.png,0,VALID,1.3339844,-0.8300781,-0.55908203,1.3262653,LCC-FASD external-dev / cross-domain stress set,True
YOUTUBE_id124_s0_75.png,0,VALID,1.7324219,-1.1494141,-0.91796875,2.0662851,LCC-FASD external-dev / cross-domain stress set,True
YOUTUBE_id124_s0_90.png,0,VALID,1.5683594,-0.78759766,-0.9199219,1.7267848,LCC-FASD external-dev / cross-domain stress set,True
YOUTUBE_id124_s0_105.png,0,VALID,1.8144531,-1.1318359,-0.9355469,2.150189,LCC-FASD external-dev / cross-domain stress set,True
YOUTUBE_id124_s0_120.png,0,VALID,1.6103516,-0.82666016,-0.95166016,1.8044127,LCC-FASD external-dev / cross-domain stress set,True
YOUTUBE_id124_s0_135.png,0,VALID,1.6630859,-0.97314453,-0.96533203,1.9391694,LCC-FASD external-dev / cross-domain stress set,True
YOUTUBE_id124_s0_150.png,0,VALID,1.3095703,-0.73046875,-0.62060547,1.2904522,LCC-FASD external-dev / cross-domain stress set,True
YOUTUBE_id119_s0_15.png,0,VALID,1.9755859,-1.1230469,-1.3662109,2.5196948,LCC-FASD external-dev / cross-domain stress set,True
YOUTUBE_id119_s0_30.png,0,VALID,1.5253906,-0.39526367,-1.3916016,1.6064065,LCC-FASD external-dev / cross-domain stress set,True
YOUTUBE_id119_s0_45.png,0,VALID,2.0078125,-0.7182617,-1.7128906,2.4113653,LCC-FASD external-dev / cross-domain stress set,True
YOUTUBE_id119_s0_60.png,0,VALID,1.9111328,-0.8510742,-1.4550781,2.3261359,LCC-FASD external-dev / cross-domain stress set,True
YOUTUBE_id119_s0_75.png,0,VALID,1.9160156,-0.73535156,-1.5888672,2.2965534,LCC-FASD external-dev / cross-domain stress set,True
YOUTUBE_id119_s0_90.png,0,VALID,1.9052734,-0.80810547,-1.5341797,2.3187695,LCC-FASD external-dev / cross-domain stress set,True
YOUTUBE_id119_s0_150.png,0,VALID,1.625,-0.4790039,-1.4033203,1.7698182,LCC-FASD external-dev / cross-domain stress set,True
YOUTUBE_id119_s1_15.png,0,VALID,1.6699219,-0.66259766,-1.2998047,1.9080579,LCC-FASD external-dev / cross-domain stress set,True
YOUTUBE_id119_s1_30.png,0,VALID,1.4316406,-0.34936523,-1.2392578,1.4369199,LCC-FASD external-dev / cross-domain stress set,True
YOUTUBE_id119_s1_45.png,0,VALID,1.8046875,-0.8125,-1.3789062,2.1676664,LCC-FASD external-dev / cross-domain stress set,True
YOUTUBE_id119_s1_60.png,0,VALID,1.5693359,-0.45117188,-1.3701172,1.6847932,LCC-FASD external-dev / cross-domain stress set,True
YOUTUBE_id119_s1_75.png,0,VALID,1.4912109,-0.49829102,-1.1738281,1.5781323,LCC-FASD external-dev / cross-domain stress set,True
YOUTUBE_id119_s1_90.png,0,VALID,1.8359375,-1.0019531,-1.1845703,2.2318892,LCC-FASD external-dev / cross-domain stress set,True
YOUTUBE_id119_s1_105.png,0,VALID,2.0214844,-1.0507812,-1.4658203,2.5652585,LCC-FASD external-dev / cross-domain stress set,True
YOUTUBE_id119_s1_120.png,0,VALID,1.9648438,-0.88427734,-1.4648438,2.4047036,LCC-FASD external-dev / cross-domain stress set,True
YOUTUBE_id119_s1_135.png,0,VALID,2.0,-1.1347656,-1.3466797,2.5419726,LCC-FASD external-dev / cross-domain stress set,True
YOUTUBE_id119_s1_150.png,0,VALID,1.828125,-0.85546875,-1.3623047,2.2120922,LCC-FASD external-dev / cross-domain stress set,True
YOUTUBE_id120_s0_57.png,0,VALID,2.0507812,-1.4316406,-1.0830078,2.5998416,LCC-FASD external-dev / cross-domain stress set,True
YOUTUBE_id120_s0_72.png,0,VALID,-0.42456055,0.1451416,1.1757812,-1.905455,LCC-FASD external-dev / cross-domain stress set,False
YOUTUBE_id120_s0_87.png,0,VALID,-1.4160156,-0.27075195,3.125,-4.5739813,LCC-FASD external-dev / cross-domain stress set,False
YOUTUBE_id120_s0_102.png,0,VALID,0.7919922,-1.3408203,0.86328125,-0.17596406,LCC-FASD external-dev / cross-domain stress set,False
YOUTUBE_id120_s0_117.png,0,VALID,-0.8378906,-0.68310547,2.7539062,-3.6234512,LCC-FASD external-dev / cross-domain stress set,False
YOUTUBE_id120_s0_132.png,0,VALID,0.6459961,-0.95996094,0.8334961,-0.34140837,LCC-FASD external-dev / cross-domain stress set,False
YOUTUBE_id120_s0_147.png,0,VALID,-1.5712891,0.076293945,3.0097656,-4.6328993,LCC-FASD external-dev / cross-domain stress set,False
YOUTUBE_id120_s0_162.png,0,VALID,-1.4238281,-0.23400879,3.1796875,-4.635905,LCC-FASD external-dev / cross-domain stress set,False
YOUTUBE_id120_s0_177.png,0,VALID,-0.90527344,-0.23388672,2.4433594,-3.4151247,LCC-FASD external-dev / cross-domain stress set,False
YOUTUBE_id120_s0_192.png,0,VALID,-0.4736328,-0.6586914,2.1113281,-2.645737,LCC-FASD external-dev / cross-domain stress set,False
YOUTUBE_id121_s0_15.png,0,VALID,2.2246094,-1.7529297,-1.5332031,3.1685057,LCC-FASD external-dev / cross-domain stress set,True
YOUTUBE_id121_s0_30.png,0,VALID,2.2460938,-1.7451172,-1.5371094,3.188661,LCC-FASD external-dev / cross-domain stress set,True
YOUTUBE_id121_s0_45.png,0,VALID,2.1972656,-1.6865234,-1.6240234,3.1589036,LCC-FASD external-dev / cross-domain stress set,True
YOUTUBE_id121_s0_60.png,0,VALID,2.2558594,-1.5048828,-1.4101562,3.0191104,LCC-FASD external-dev / cross-domain stress set,True
YOUTUBE_id121_s0_75.png,0,VALID,2.2929688,-1.9345703,-1.6181641,3.3637266,LCC-FASD external-dev / cross-domain stress set,True
YOUTUBE_id121_s0_90.png,0,VALID,2.3457031,-1.7304688,-1.5673828,3.2981608,LCC-FASD external-dev / cross-domain stress set,True
YOUTUBE_id121_s0_105.png,0,VALID,2.2597656,-1.7089844,-1.5029297,3.1672773,LCC-FASD external-dev / cross-domain stress set,True
YOUTUBE_id121_s0_120.png,0,VALID,2.2851562,-1.8183594,-1.6601562,3.3281417,LCC-FASD external-dev / cross-domain stress set,True
YOUTUBE_id121_s0_135.png,0,VALID,2.265625,-1.6708984,-1.6445312,3.2301059,LCC-FASD external-dev / cross-domain stress set,True
YOUTUBE_id121_s0_150.png,0,VALID,2.34375,-1.7412109,-1.5087891,3.2688656,LCC-FASD external-dev / cross-domain stress set,True
YOUTUBE_id122_s0_15.png,0,VALID,1.0224609,0.29003906,-1.1582031,0.5213647,LCC-FASD external-dev / cross-domain stress set,True
YOUTUBE_id122_s0_30.png,0,VALID,0.7895508,0.51220703,-1.1503906,0.10368818,LCC-FASD external-dev / cross-domain stress set,False
YOUTUBE_id122_s0_45.png,0,VALID,1.1044922,0.17919922,-1.2080078,0.7023319,LCC-FASD external-dev / cross-domain stress set,True
YOUTUBE_id122_s0_60.png,0,VALID,1.1074219,0.3623047,-1.3730469,0.5827108,LCC-FASD external-dev / cross-domain stress set,True
YOUTUBE_id122_s0_75.png,0,VALID,-0.08050537,1.7607422,-1.1748047,-1.8929874,LCC-FASD external-dev / cross-domain stress set,False
YOUTUBE_id122_s0_90.png,0,VALID,1.4472656,-0.026489258,-1.4003906,1.2481204,LCC-FASD external-dev / cross-domain stress set,True
YOUTUBE_id122_s0_105.png,0,VALID,0.8881836,-0.07763672,-0.5595703,0.48488414,LCC-FASD external-dev / cross-domain stress set,True
YOUTUBE_id122_s0_120.png,0,VALID,0.31030273,0.6118164,-0.27294922,-0.64709496,LCC-FASD external-dev / cross-domain stress set,False
YOUTUBE_id122_s0_135.png,0,VALID,0.25439453,1.0097656,-0.8286133,-0.90299344,LCC-FASD external-dev / cross-domain stress set,False
YOUTUBE_id122_s0_150.png,0,VALID,0.3359375,0.9794922,-0.9321289,-0.78143704,LCC-FASD external-dev / cross-domain stress set,False
YOUTUBE_id123_s0_105.png,0,VALID,0.7373047,-0.43017578,0.04248047,0.21033585,LCC-FASD external-dev / cross-domain stress set,True
YOUTUBE_id115_s2_45.png,0,VALID,2.1933594,-1.4667969,-1.3125,2.8868876,LCC-FASD external-dev / cross-domain stress set,True
YOUTUBE_id115_s2_60.png,0,VALID,2.0507812,-1.0957031,-1.4316406,2.607265,LCC-FASD external-dev / cross-domain stress set,True
YOUTUBE_id115_s2_75.png,0,VALID,2.0898438,-1.1611328,-1.3916016,2.6664388,LCC-FASD external-dev / cross-domain stress set,True
YOUTUBE_id115_s2_90.png,0,VALID,1.7060547,-0.9838867,-1.1445312,2.073894,LCC-FASD external-dev / cross-domain stress set,True
YOUTUBE_id116_s0_15.png,0,VALID,0.11303711,-0.63623047,1.2861328,-1.309601,LCC-FASD external-dev / cross-domain stress set,False
YOUTUBE_id116_s0_30.png,0,VALID,0.9814453,0.081604004,-0.8808594,0.57634515,LCC-FASD external-dev / cross-domain stress set,True
YOUTUBE_id116_s0_45.png,0,VALID,1.7607422,-0.99902344,-0.9995117,2.0668626,LCC-FASD external-dev / cross-domain stress set,True
YOUTUBE_id116_s0_60.png,0,VALID,1.8339844,-1.1240234,-0.95458984,2.1765597,LCC-FASD external-dev / cross-domain stress set,True
YOUTUBE_id116_s0_75.png,0,VALID,1.5029297,-0.5810547,-1.1542969,1.6369328,LCC-FASD external-dev / cross-domain stress set,True
YOUTUBE_id116_s0_90.png,0,VALID,1.7333984,-1.0458984,-0.8623047,1.9901454,LCC-FASD external-dev / cross-domain stress set,True
YOUTUBE_id116_s0_105.png,0,VALID,1.5410156,-0.9863281,-0.671875,1.6646605,LCC-FASD external-dev / cross-domain stress set,True
YOUTUBE_id116_s0_120.png,0,VALID,0.9267578,-0.76904297,0.16430664,0.43082333,LCC-FASD external-dev / cross-domain stress set,True
YOUTUBE_id116_s0_135.png,0,VALID,1.9931641,-1.1669922,-1.2490234,2.5071838,LCC-FASD external-dev / cross-domain stress set,True
YOUTUBE_id116_s0_150.png,0,VALID,1.7109375,-0.77197266,-1.1845703,1.9749315,LCC-FASD external-dev / cross-domain stress set,True
YOUTUBE_id116_s1_15.png,0,VALID,1.7050781,-0.9760742,-0.8647461,1.9307926,LCC-FASD external-dev / cross-domain stress set,True
YOUTUBE_id116_s1_30.png,0,VALID,1.6572266,-0.8408203,-0.94628906,1.8562443,LCC-FASD external-dev / cross-domain stress set,True
YOUTUBE_id116_s1_45.png,0,VALID,0.58447266,-0.78271484,0.6201172,-0.25550234,LCC-FASD external-dev / cross-domain stress set,False
YOUTUBE_id116_s1_60.png,0,VALID,0.6142578,-1.0966797,0.95947266,-0.46561253,LCC-FASD external-dev / cross-domain stress set,False
YOUTUBE_id116_s1_75.png,0,VALID,0.39111328,-0.87109375,1.0351562,-0.78261876,LCC-FASD external-dev / cross-domain stress set,False
YOUTUBE_id116_s1_90.png,0,VALID,0.7270508,-0.49804688,0.13269043,0.16765618,LCC-FASD external-dev / cross-domain stress set,True
YOUTUBE_id116_s1_105.png,0,VALID,0.77978516,-0.41259766,-0.009513855,0.27752024,LCC-FASD external-dev / cross-domain stress set,True
YOUTUBE_id116_s1_120.png,0,VALID,1.7294922,-1.1630859,-0.75341797,1.9737636,LCC-FASD external-dev / cross-domain stress set,True
YOUTUBE_id116_s1_135.png,0,VALID,1.2841797,-1.1445312,-0.03881836,1.0370865,LCC-FASD external-dev / cross-domain stress set,True
YOUTUBE_id116_s1_150.png,0,VALID,1.3681641,-0.88623047,-0.50439453,1.3522141,LCC-FASD external-dev / cross-domain stress set,True
YOUTUBE_id116_s2_15.png,0,VALID,1.5966797,-1.0380859,-0.59814453,1.6976469,LCC-FASD external-dev / cross-domain stress set,True
YOUTUBE_id116_s2_30.png,0,VALID,1.6201172,-1.1298828,-0.5332031,1.7146546,LCC-FASD external-dev / cross-domain stress set,True
YOUTUBE_id116_s2_45.png,0,VALID,2.1796875,-1.3964844,-1.2109375,2.785954,LCC-FASD external-dev / cross-domain stress set,True
YOUTUBE_id116_s2_60.png,0,VALID,0.9741211,0.38842773,-1.4257812,0.4347191,LCC-FASD external-dev / cross-domain stress set,True
YOUTUBE_id116_s2_75.png,0,VALID,2.0351562,-1.2685547,-1.2021484,2.5768094,LCC-FASD external-dev / cross-domain stress set,True
YOUTUBE_id116_s2_90.png,0,VALID,1.9257812,-1.5058594,-0.68310547,2.244785,LCC-FASD external-dev / cross-domain stress set,True
YOUTUBE_id116_s2_105.png,0,VALID,0.93847656,0.24194336,-1.1279297,0.47008377,LCC-FASD external-dev / cross-domain stress set,True
YOUTUBE_id116_s2_120.png,0,VALID,1.2705078,0.013191223,-1.3779297,1.0351365,LCC-FASD external-dev / cross-domain stress set,True
YOUTUBE_id116_s2_135.png,0,VALID,2.0371094,-1.5625,-0.8144531,2.4640644,LCC-FASD external-dev / cross-domain stress set,True
YOUTUBE_id116_s2_150.png,0,VALID,2.2304688,-1.5693359,-1.1220703,2.8582246,LCC-FASD external-dev / cross-domain stress set,True
YOUTUBE_id117_s0_15.png,0,VALID,-0.9379883,2.5527344,-1.0722656,-3.5170228,LCC-FASD external-dev / cross-domain stress set,False
YOUTUBE_id117_s0_30.png,0,VALID,-1.0722656,2.5039062,-0.7368164,-3.614561,LCC-FASD external-dev / cross-domain stress set,False
YOUTUBE_id117_s0_45.png,0,VALID,-0.7260742,2.2949219,-0.95214844,-3.059147,LCC-FASD external-dev / cross-domain stress set,False
YOUTUBE_id117_s0_60.png,0,VALID,-0.7841797,2.2890625,-0.85302734,-3.1155279,LCC-FASD external-dev / cross-domain stress set,False
YOUTUBE_id117_s0_75.png,0,VALID,-1.4951172,2.8320312,-0.44628906,-4.364147,LCC-FASD external-dev / cross-domain stress set,False
YOUTUBE_id117_s0_90.png,0,VALID,-0.8774414,2.2304688,-0.64208984,-3.1629229,LCC-FASD external-dev / cross-domain stress set,False
YOUTUBE_id117_s0_105.png,0,VALID,-1.2041016,2.6230469,-0.6274414,-3.8651717,LCC-FASD external-dev / cross-domain stress set,False
YOUTUBE_id117_s0_120.png,0,VALID,-0.93066406,2.7441406,-1.109375,-3.6957881,LCC-FASD external-dev / cross-domain stress set,False
YOUTUBE_id117_s0_135.png,0,VALID,-1.0058594,2.5253906,-0.8354492,-3.5653675,LCC-FASD external-dev / cross-domain stress set,False
YOUTUBE_id117_s0_150.png,0,VALID,-0.6245117,2.1777344,-1.0185547,-2.842345,LCC-FASD external-dev / cross-domain stress set,False
YOUTUBE_id118_s0_15.png,0,VALID,1.6259766,-0.1776123,-1.5908203,1.5857704,LCC-FASD external-dev / cross-domain stress set,True
YOUTUBE_id118_s0_30.png,0,VALID,1.3457031,0.09063721,-1.5039062,1.0702465,LCC-FASD external-dev / cross-domain stress set,True
YOUTUBE_id118_s0_45.png,0,VALID,1.2304688,0.1418457,-1.4804688,0.90843606,LCC-FASD external-dev / cross-domain stress set,True
YOUTUBE_id118_s0_60.png,0,VALID,1.8115234,-0.40600586,-1.7060547,1.9765313,LCC-FASD external-dev / cross-domain stress set,True
YOUTUBE_id118_s0_75.png,0,VALID,1.8046875,-0.48608398,-1.6044922,2.0080018,LCC-FASD external-dev / cross-domain stress set,True
YOUTUBE_id118_s0_90.png,0,VALID,1.6894531,-0.28930664,-1.6835938,1.7572097,LCC-FASD external-dev / cross-domain stress set,True
YOUTUBE_id118_s0_105.png,0,VALID,1.7402344,-0.31445312,-1.7265625,1.836654,LCC-FASD external-dev / cross-domain stress set,True
YOUTUBE_id118_s0_120.png,0,VALID,2.109375,-0.83154297,-1.7089844,2.5931911,LCC-FASD external-dev / cross-domain stress set,True
YOUTUBE_id118_s0_135.png,0,VALID,1.8710938,-0.62353516,-1.6152344,2.179128,LCC-FASD external-dev / cross-domain stress set,True
YOUTUBE_id118_s0_150.png,0,VALID,1.5576172,-0.1496582,-1.6679688,1.5091776,LCC-FASD external-dev / cross-domain stress set,True
YOUTUBE_id119_s0_105.png,0,VALID,1.7119141,-0.46411133,-1.5097656,1.8748386,LCC-FASD external-dev / cross-domain stress set,True
YOUTUBE_id119_s0_120.png,0,VALID,1.3574219,-0.13415527,-1.3554688,1.233188,LCC-FASD external-dev / cross-domain stress set,True
YOUTUBE_id119_s0_135.png,0,VALID,1.6230469,-0.44384766,-1.421875,1.7476759,LCC-FASD external-dev / cross-domain stress set,True
PBUNKNOWN_id169_s0_15.png,0,VALID,0.20166016,0.53466797,-0.099731445,-0.75844145,LCC-FASD external-dev / cross-domain stress set,False
PBUNKNOWN_id169_s0_30.png,0,VALID,1.4082031,-0.53125,-0.74365234,1.3468783,LCC-FASD external-dev / cross-domain stress set,True
PBUNKNOWN_id169_s0_45.png,0,VALID,0.88623047,-0.049102783,-0.5649414,0.4672066,LCC-FASD external-dev / cross-domain stress set,True
PBUNKNOWN_id169_s0_60.png,0,VALID,1.2822266,-0.7734375,-0.22766113,1.0528479,LCC-FASD external-dev / cross-domain stress set,True
PBUNKNOWN_id169_s0_75.png,0,VALID,1.1582031,-0.8095703,0.012741089,0.7812253,LCC-FASD external-dev / cross-domain stress set,True
PBUNKNOWN_id169_s0_90.png,0,VALID,-0.1015625,-0.32836914,1.4169922,-1.679467,LCC-FASD external-dev / cross-domain stress set,False
PBUNKNOWN_id169_s0_120.png,0,VALID,1.5253906,-0.6557617,-0.8378906,1.574929,LCC-FASD external-dev / cross-domain stress set,True
PBUNKNOWN_id169_s0_135.png,0,VALID,0.95410156,-0.15686035,-0.49365234,0.5720987,LCC-FASD external-dev / cross-domain stress set,True
PBUNKNOWN_id169_s0_150.png,0,VALID,0.8774414,-0.4506836,0.022094727,0.37090516,LCC-FASD external-dev / cross-domain stress set,True
SIC320_id161_s0_15.png,0,VALID,-2.0878906,1.2939453,2.3085938,-4.7058277,LCC-FASD external-dev / cross-domain stress set,False
SIC320_id161_s0_30.png,0,VALID,-2.1738281,0.9580078,2.8671875,-5.1792126,LCC-FASD external-dev / cross-domain stress set,False
SIC320_id161_s0_45.png,0,VALID,-1.7255859,0.80810547,2.234375,-4.175236,LCC-FASD external-dev / cross-domain stress set,False
SIC320_id161_s0_60.png,0,VALID,-1.9169922,1.0800781,2.3300781,-4.4989996,LCC-FASD external-dev / cross-domain stress set,False
SIC320_id161_s0_75.png,0,VALID,-1.8251953,1.1914062,2.0410156,-4.222193,LCC-FASD external-dev / cross-domain stress set,False
SIC320_id161_s0_90.png,0,VALID,-2.1542969,1.1679688,2.7070312,-5.055728,LCC-FASD external-dev / cross-domain stress set,False
SIC320_id161_s0_105.png,0,VALID,-1.7978516,1.0029297,2.2382812,-4.2913427,LCC-FASD external-dev / cross-domain stress set,False
SIC320_id161_s0_120.png,0,VALID,-1.8876953,1.1835938,2.1152344,-4.33504,LCC-FASD external-dev / cross-domain stress set,False
SIC320_id161_s0_135.png,0,VALID,-1.6621094,0.8129883,2.2421875,-4.119005,LCC-FASD external-dev / cross-domain stress set,False
SIC320_id161_s0_150.png,0,VALID,-1.7460938,1.2177734,1.9267578,-4.0730653,LCC-FASD external-dev / cross-domain stress set,False
UNKNOWN_id152_s0_15.png,0,VALID,1.046875,0.16113281,-1.0927734,0.63468176,LCC-FASD external-dev / cross-domain stress set,True
UNKNOWN_id152_s0_30.png,0,VALID,1.3154297,0.02911377,-1.3857422,1.0688198,LCC-FASD external-dev / cross-domain stress set,True
UNKNOWN_id152_s0_45.png,0,VALID,1.171875,-0.099609375,-1.0009766,0.93072546,LCC-FASD external-dev / cross-domain stress set,True
UNKNOWN_id152_s0_60.png,0,VALID,0.43579102,0.82910156,-1.0556641,-0.53469265,LCC-FASD external-dev / cross-domain stress set,False
UNKNOWN_id152_s0_75.png,0,VALID,0.5996094,0.82421875,-1.2275391,-0.3455065,LCC-FASD external-dev / cross-domain stress set,False
UNKNOWN_id152_s0_90.png,0,VALID,0.20214844,1.2480469,-1.125,-1.1350043,LCC-FASD external-dev / cross-domain stress set,False
UNKNOWN_id152_s0_105.png,0,VALID,-0.08654785,1.7744141,-1.3232422,-1.905127,LCC-FASD external-dev / cross-domain stress set,False
UNKNOWN_id152_s0_120.png,0,VALID,0.9248047,0.31518555,-1.1503906,0.4018371,LCC-FASD external-dev / cross-domain stress set,True
UNKNOWN_id152_s0_135.png,0,VALID,1.6240234,-0.6254883,-1.2353516,1.8155077,LCC-FASD external-dev / cross-domain stress set,True
UNKNOWN_id152_s0_150.png,0,VALID,1.5839844,-0.57666016,-1.1728516,1.7218053,LCC-FASD external-dev / cross-domain stress set,True
YOUTUBE_id115_s0_15.png,0,VALID,1.8964844,-1.0947266,-1.2226562,2.3599842,LCC-FASD external-dev / cross-domain stress set,True
YOUTUBE_id115_s0_30.png,0,VALID,2.1308594,-1.5341797,-1.3837891,2.893872,LCC-FASD external-dev / cross-domain stress set,True
YOUTUBE_id115_s0_45.png,0,VALID,2.0273438,-1.25,-1.2421875,2.5802827,LCC-FASD external-dev / cross-domain stress set,True
YOUTUBE_id115_s0_60.png,0,VALID,1.8847656,-0.86865234,-1.3417969,2.269117,LCC-FASD external-dev / cross-domain stress set,True
YOUTUBE_id115_s0_75.png,0,VALID,1.6279297,-0.87353516,-1.0058594,1.8722926,LCC-FASD external-dev / cross-domain stress set,True
YOUTUBE_id115_s0_90.png,0,VALID,2.0351562,-1.2353516,-1.3164062,2.6170669,LCC-FASD external-dev / cross-domain stress set,True
YOUTUBE_id115_s0_105.png,0,VALID,1.9453125,-1.1621094,-1.4169922,2.5336175,LCC-FASD external-dev / cross-domain stress set,True
YOUTUBE_id115_s0_120.png,0,VALID,2.1191406,-1.5136719,-1.3496094,2.8542733,LCC-FASD external-dev / cross-domain stress set,True
YOUTUBE_id115_s0_135.png,0,VALID,2.1542969,-1.5888672,-1.4521484,2.979323,LCC-FASD external-dev / cross-domain stress set,True
YOUTUBE_id115_s1_15.png,0,VALID,2.1855469,-1.2773438,-1.5185547,2.8830936,LCC-FASD external-dev / cross-domain stress set,True
YOUTUBE_id115_s1_30.png,0,VALID,2.2207031,-1.2998047,-1.4716797,2.90961,LCC-FASD external-dev / cross-domain stress set,True
YOUTUBE_id115_s1_45.png,0,VALID,2.1132812,-1.2382812,-1.3867188,2.7298825,LCC-FASD external-dev / cross-domain stress set,True
YOUTUBE_id115_s1_60.png,0,VALID,1.796875,-0.8540039,-1.3076172,2.1590352,LCC-FASD external-dev / cross-domain stress set,True
YOUTUBE_id115_s1_75.png,0,VALID,1.8916016,-1.0214844,-1.3876953,2.3863733,LCC-FASD external-dev / cross-domain stress set,True
YOUTUBE_id115_s1_90.png,0,VALID,2.078125,-1.1914062,-1.4560547,2.6999788,LCC-FASD external-dev / cross-domain stress set,True
YOUTUBE_id115_s1_105.png,0,VALID,2.0566406,-1.1748047,-1.4033203,2.6460426,LCC-FASD external-dev / cross-domain stress set,True
YOUTUBE_id115_s1_120.png,0,VALID,2.1679688,-1.3740234,-1.2949219,2.8085122,LCC-FASD external-dev / cross-domain stress set,True
YOUTUBE_id115_s1_135.png,0,VALID,1.9726562,-1.1220703,-1.3837891,2.523901,LCC-FASD external-dev / cross-domain stress set,True
YOUTUBE_id115_s1_150.png,0,VALID,1.90625,-0.9589844,-1.3476562,2.3476577,LCC-FASD external-dev / cross-domain stress set,True
YOUTUBE_id115_s2_15.png,0,VALID,2.2285156,-1.3486328,-1.4726562,2.9440913,LCC-FASD external-dev / cross-domain stress set,True
YOUTUBE_id115_s2_30.png,0,VALID,2.0996094,-1.2412109,-1.2851562,2.6694045,LCC-FASD external-dev / cross-domain stress set,True
YOUTUBE_id115_s2_105.png,0,VALID,1.8027344,-0.8227539,-1.3496094,2.161466,LCC-FASD external-dev / cross-domain stress set,True
YOUTUBE_id115_s2_120.png,0,VALID,1.8847656,-0.9902344,-1.4013672,2.3664377,LCC-FASD external-dev / cross-domain stress set,True
YOUTUBE_id115_s2_135.png,0,VALID,2.15625,-1.2314453,-1.4423828,2.7944653,LCC-FASD external-dev / cross-domain stress set,True
YOUTUBE_id115_s2_150.png,0,VALID,2.1660156,-1.2890625,-1.4003906,2.8160465,LCC-FASD external-dev / cross-domain stress set,True
FT720P_id5_s0_30.png,0,VALID,2.3085938,-1.2060547,-1.7734375,3.0654807,LCC-FASD external-dev / cross-domain stress set,True
FT720P_id5_s0_45.png,0,VALID,2.3242188,-1.1992188,-1.7773438,3.0781436,LCC-FASD external-dev / cross-domain stress set,True
FT720P_id5_s0_60.png,0,VALID,2.3828125,-1.1582031,-1.9033203,3.1525755,LCC-FASD external-dev / cross-domain stress set,True
FT720P_id5_s0_75.png,0,VALID,2.2597656,-1.1367188,-1.75,2.9636824,LCC-FASD external-dev / cross-domain stress set,True
FT720P_id5_s0_90.png,0,VALID,2.4003906,-1.2597656,-1.8222656,3.209219,LCC-FASD external-dev / cross-domain stress set,True
FT720P_id9_s0_15.png,0,VALID,1.8613281,-0.71777344,-1.3935547,2.1678143,LCC-FASD external-dev / cross-domain stress set,True
FT720P_id9_s0_30.png,0,VALID,1.5732422,-0.3461914,-1.3535156,1.6081364,LCC-FASD external-dev / cross-domain stress set,True
FT720P_id9_s0_45.png,0,VALID,1.8779297,-0.8823242,-1.2734375,2.2436628,LCC-FASD external-dev / cross-domain stress set,True
FT720P_id9_s0_60.png,0,VALID,1.9316406,-0.88671875,-1.3349609,2.3244257,LCC-FASD external-dev / cross-domain stress set,True
FT720P_id9_s0_75.png,0,VALID,1.8896484,-0.86083984,-1.3261719,2.2631812,LCC-FASD external-dev / cross-domain stress set,True
FT720P_id9_s0_90.png,0,VALID,1.6748047,-0.59521484,-1.3125,1.8725358,LCC-FASD external-dev / cross-domain stress set,True
FT720P_id9_s0_105.png,0,VALID,2.0449219,-0.99658203,-1.3886719,2.5253067,LCC-FASD external-dev / cross-domain stress set,True
FT720P_id9_s0_120.png,0,VALID,1.9248047,-0.94677734,-1.2890625,2.3350034,LCC-FASD external-dev / cross-domain stress set,True
FT720P_id9_s0_135.png,0,VALID,2.0332031,-1.1064453,-1.3291016,2.551645,LCC-FASD external-dev / cross-domain stress set,True
FT720P_id9_s0_150.png,0,VALID,2.0488281,-1.0419922,-1.375,2.5503788,LCC-FASD external-dev / cross-domain stress set,True
IPHONE8B_id5_s2_15.png,0,VALID,2.2597656,-1.9667969,-1.4238281,3.225523,LCC-FASD external-dev / cross-domain stress set,True
IPHONE8B_id5_s2_30.png,0,VALID,2.3632812,-2.1132812,-1.5878906,3.4866052,LCC-FASD external-dev / cross-domain stress set,True
IPHONE8B_id5_s2_45.png,0,VALID,2.359375,-2.0957031,-1.5644531,3.4614348,LCC-FASD external-dev / cross-domain stress set,True
IPHONE8B_id5_s2_60.png,0,VALID,2.2753906,-1.9892578,-1.4335938,3.2555604,LCC-FASD external-dev / cross-domain stress set,True
IPHONE8B_id5_s2_75.png,0,VALID,2.2792969,-1.9716797,-1.4414062,3.2579482,LCC-FASD external-dev / cross-domain stress set,True
IPHONE8B_id5_s2_90.png,0,VALID,2.265625,-2.0410156,-1.4648438,3.2844725,LCC-FASD external-dev / cross-domain stress set,True
IPHONE8B_id5_s2_105.png,0,VALID,2.296875,-2.0566406,-1.4599609,3.31817,LCC-FASD external-dev / cross-domain stress set,True
IPHONE8B_id5_s2_120.png,0,VALID,2.25,-1.9501953,-1.4072266,3.1991558,LCC-FASD external-dev / cross-domain stress set,True
IPHONE8B_id5_s2_135.png,0,VALID,2.2773438,-1.9833984,-1.4316406,3.2541347,LCC-FASD external-dev / cross-domain stress set,True
IPHONE8B_id5_s2_150.png,0,VALID,2.2929688,-2.0078125,-1.4570312,3.2947931,LCC-FASD external-dev / cross-domain stress set,True
IPHONE8B_id9_s2_15.png,0,VALID,2.1132812,-1.3837891,-1.2470703,2.7332292,LCC-FASD external-dev / cross-domain stress set,True
IPHONE8B_id9_s2_30.png,0,VALID,2.1757812,-1.4726562,-1.2578125,2.8421097,LCC-FASD external-dev / cross-domain stress set,True
IPHONE8B_id9_s2_45.png,0,VALID,2.0058594,-1.1816406,-1.2773438,2.54106,LCC-FASD external-dev / cross-domain stress set,True
IPHONE8B_id9_s2_60.png,0,VALID,1.9990234,-1.4042969,-1.0986328,2.5457075,LCC-FASD external-dev / cross-domain stress set,True
IPHONE8B_id9_s2_75.png,0,VALID,2.0761719,-1.4521484,-1.1318359,2.6622462,LCC-FASD external-dev / cross-domain stress set,True
IPHONE8B_id9_s2_90.png,0,VALID,2.078125,-1.4150391,-1.1669922,2.668322,LCC-FASD external-dev / cross-domain stress set,True
IPHONE8B_id9_s2_105.png,0,VALID,2.1328125,-1.4873047,-1.2373047,2.7941778,LCC-FASD external-dev / cross-domain stress set,True
IPHONE8B_id9_s2_120.png,0,VALID,2.03125,-1.3359375,-1.2128906,2.6106255,LCC-FASD external-dev / cross-domain stress set,True
IPHONE8B_id9_s2_135.png,0,VALID,2.1152344,-1.3632812,-1.3320312,2.7696214,LCC-FASD external-dev / cross-domain stress set,True
IPHONE8B_id9_s2_150.png,0,VALID,2.1679688,-1.5683594,-1.2080078,2.8468606,LCC-FASD external-dev / cross-domain stress set,True
IPHONE8B_id81_s0_15.png,0,VALID,2.0683594,-1.3242188,-1.3876953,2.7306657,LCC-FASD external-dev / cross-domain stress set,True
IPHONE8B_id81_s0_30.png,0,VALID,1.9990234,-1.2001953,-1.3330078,2.5702746,LCC-FASD external-dev / cross-domain stress set,True
IPHONE8B_id81_s0_45.png,0,VALID,1.9716797,-1.1513672,-1.3300781,2.5152683,LCC-FASD external-dev / cross-domain stress set,True
IPHONE8B_id81_s0_60.png,0,VALID,2.0097656,-1.2695312,-1.3203125,2.611218,LCC-FASD external-dev / cross-domain stress set,True
IPHONE8B_id81_s0_75.png,0,VALID,2.0449219,-1.3105469,-1.3417969,2.6778245,LCC-FASD external-dev / cross-domain stress set,True
IPHONE8B_id81_s0_90.png,0,VALID,1.890625,-1.1533203,-1.2392578,2.392844,LCC-FASD external-dev / cross-domain stress set,True
IPHONE8B_id81_s0_105.png,0,VALID,1.9755859,-1.2294922,-1.2900391,2.5417461,LCC-FASD external-dev / cross-domain stress set,True
IPHONE8B_id81_s0_120.png,0,VALID,2.0449219,-1.4052734,-1.3193359,2.7131565,LCC-FASD external-dev / cross-domain stress set,True
IPHONE8B_id81_s0_135.png,0,VALID,2.0117188,-1.3261719,-1.3134766,2.6383758,LCC-FASD external-dev / cross-domain stress set,True
IPHONE8B_id81_s0_150.png,0,VALID,2.0175781,-1.3417969,-1.3183594,2.6544404,LCC-FASD external-dev / cross-domain stress set,True
MSIGT72_id164_s0_15.png,0,VALID,-2.5332031,3.4316406,0.27514648,-6.0065374,LCC-FASD external-dev / cross-domain stress set,False
MSIGT72_id164_s0_30.png,0,VALID,-2.3945312,3.5078125,0.08081055,-5.9343114,LCC-FASD external-dev / cross-domain stress set,False
MSIGT72_id164_s0_45.png,0,VALID,-2.7792969,3.8183594,0.2590332,-6.625717,LCC-FASD external-dev / cross-domain stress set,False
MSIGT72_id164_s0_60.png,0,VALID,-2.7324219,3.6660156,0.33911133,-6.433712,LCC-FASD external-dev / cross-domain stress set,False
MSIGT72_id164_s0_75.png,0,VALID,-2.2382812,3.4199219,-0.09509277,-5.6875167,LCC-FASD external-dev / cross-domain stress set,False
MSIGT72_id164_s0_90.png,0,VALID,-1.9072266,3.1640625,-0.32006836,-5.101508,LCC-FASD external-dev / cross-domain stress set,False
MSIGT72_id164_s0_105.png,0,VALID,-2.0839844,3.2128906,-0.09301758,-5.332885,LCC-FASD external-dev / cross-domain stress set,False
MSIGT72_id164_s0_120.png,0,VALID,-2.2246094,3.34375,-0.010391235,-5.602702,LCC-FASD external-dev / cross-domain stress set,False
MSIGT72_id164_s0_135.png,0,VALID,-2.2402344,3.5136719,-0.18054199,-5.778469,LCC-FASD external-dev / cross-domain stress set,False
PBUNKNOWN_id169_s0_105.png,0,VALID,0.27856445,-0.29589844,0.8129883,-0.8195472,LCC-FASD external-dev / cross-domain stress set,False
FT720P_id0_s2_45.png,0,VALID,0.7558594,0.5444336,-1.2949219,0.063937426,LCC-FASD external-dev / cross-domain stress set,False
FT720P_id0_s2_60.png,0,VALID,1.1210938,0.2680664,-1.4863281,0.69345254,LCC-FASD external-dev / cross-domain stress set,True
FT720P_id0_s2_75.png,0,VALID,0.67041016,1.0898438,-1.7480469,-0.47633278,LCC-FASD external-dev / cross-domain stress set,False
FT720P_id0_s2_90.png,0,VALID,0.5517578,1.1357422,-1.6621094,-0.64314055,LCC-FASD external-dev / cross-domain stress set,False
FT720P_id0_s3_16.png,0,VALID,-0.74560547,2.2460938,-1.0498047,-3.0280647,LCC-FASD external-dev / cross-domain stress set,False
FT720P_id0_s3_31.png,0,VALID,-0.8930664,2.2773438,-0.8642578,-3.212716,LCC-FASD external-dev / cross-domain stress set,False
FT720P_id0_s3_46.png,0,VALID,-0.6767578,2.1425781,-0.98876953,-2.8620687,LCC-FASD external-dev / cross-domain stress set,False
FT720P_id0_s3_61.png,0,VALID,-1.1933594,2.3984375,-0.51171875,-3.6448326,LCC-FASD external-dev / cross-domain stress set,False
FT720P_id0_s3_77.png,0,VALID,-0.9394531,2.1523438,-0.6303711,-3.1518288,LCC-FASD external-dev / cross-domain stress set,False
FT720P_id0_s3_92.png,0,VALID,-1.2949219,2.5429688,-0.52197266,-3.8834915,LCC-FASD external-dev / cross-domain stress set,False
FT720P_id0_s3_107.png,0,VALID,-0.9785156,2.2519531,-0.6791992,-3.2824306,LCC-FASD external-dev / cross-domain stress set,False
FT720P_id0_s3_127.png,0,VALID,-1.0771484,2.2402344,-0.5546875,-3.3767076,LCC-FASD external-dev / cross-domain stress set,False
FT720P_id0_s3_142.png,0,VALID,-1.1445312,2.5273438,-0.74316406,-3.7091584,LCC-FASD external-dev / cross-domain stress set,False
FT720P_id0_s3_157.png,0,VALID,-1.1162109,2.4394531,-0.7104492,-3.5976274,LCC-FASD external-dev / cross-domain stress set,False
FT720P_id5_s0_15.png,0,VALID,2.1445312,-0.88720703,-1.8212891,2.700317,LCC-FASD external-dev / cross-domain stress set,True
FT720P_id5_s0_105.png,0,VALID,2.3613281,-1.2167969,-1.8154297,3.1401525,LCC-FASD external-dev / cross-domain stress set,True
FT720P_id5_s0_120.png,0,VALID,2.3476562,-1.2998047,-1.7080078,3.1377296,LCC-FASD external-dev / cross-domain stress set,True
FT720P_id5_s0_135.png,0,VALID,2.3105469,-1.2128906,-1.7802734,3.0742698,LCC-FASD external-dev / cross-domain stress set,True
FT720P_id5_s0_150.png,0,VALID,2.3808594,-1.3193359,-1.7353516,3.1935766,LCC-FASD external-dev / cross-domain stress set,True
FT720P_id12_s0_15.png,0,VALID,2.3300781,-1.7177734,-1.6328125,3.311322,LCC-FASD external-dev / cross-domain stress set,True
FT720P_id12_s0_30.png,0,VALID,2.3183594,-1.6982422,-1.5205078,3.2306437,LCC-FASD external-dev / cross-domain stress set,True
FT720P_id12_s0_45.png,0,VALID,2.2714844,-1.6777344,-1.5117188,3.1696224,LCC-FASD external-dev / cross-domain stress set,True
FT720P_id12_s0_60.png,0,VALID,2.3242188,-1.7265625,-1.5498047,3.2653549,LCC-FASD external-dev / cross-domain stress set,True
FT720P_id12_s0_75.png,0,VALID,2.3105469,-1.6318359,-1.5605469,3.212956,LCC-FASD external-dev / cross-domain stress set,True
FT720P_id12_s0_90.png,0,VALID,2.2734375,-1.6699219,-1.5214844,3.1732419,LCC-FASD external-dev / cross-domain stress set,True
FT720P_id12_s0_105.png,0,VALID,2.2851562,-1.546875,-1.5654297,3.1481185,LCC-FASD external-dev / cross-domain stress set,True
FT720P_id12_s0_120.png,0,VALID,2.2675781,-1.5664062,-1.5146484,3.1146235,LCC-FASD external-dev / cross-domain stress set,True
FT720P_id12_s0_135.png,0,VALID,2.2949219,-1.6542969,-1.5576172,3.206564,LCC-FASD external-dev / cross-domain stress set,True
FT720P_id12_s0_150.png,0,VALID,2.3085938,-1.6660156,-1.6113281,3.2537446,LCC-FASD external-dev / cross-domain stress set,True
FT720P_id12_s1_15.png,0,VALID,2.0390625,-1.1816406,-1.3837891,2.6235309,LCC-FASD external-dev / cross-domain stress set,True
FT720P_id12_s1_30.png,0,VALID,2.2089844,-1.3339844,-1.4609375,2.911285,LCC-FASD external-dev / cross-domain stress set,True
FT720P_id12_s1_45.png,0,VALID,2.1816406,-1.3730469,-1.4130859,2.8813596,LCC-FASD external-dev / cross-domain stress set,True
FT720P_id12_s1_60.png,0,VALID,2.0800781,-1.3291016,-1.4023438,2.7519832,LCC-FASD external-dev / cross-domain stress set,True
FT720P_id12_s1_75.png,0,VALID,2.3828125,-1.6962891,-1.5654297,3.3183856,LCC-FASD external-dev / cross-domain stress set,True
FT720P_id12_s1_90.png,0,VALID,2.2851562,-1.6269531,-1.5439453,3.1765974,LCC-FASD external-dev / cross-domain stress set,True
FT720P_id12_s1_105.png,0,VALID,2.3085938,-1.6054688,-1.5537109,3.1947017,LCC-FASD external-dev / cross-domain stress set,True
FT720P_id12_s1_120.png,0,VALID,2.1347656,-1.3300781,-1.3994141,2.8057637,LCC-FASD external-dev / cross-domain stress set,True
FT720P_id12_s1_135.png,0,VALID,2.2402344,-1.4414062,-1.4892578,3.0121331,LCC-FASD external-dev / cross-domain stress set,True
FT720P_id12_s1_150.png,0,VALID,2.0722656,-1.2695312,-1.4394531,2.7300057,LCC-FASD external-dev / cross-domain stress set,True
FT720P_id12_s2_15.png,0,VALID,2.1875,-1.3720703,-1.5234375,2.9392455,LCC-FASD external-dev / cross-domain stress set,True
FT720P_id12_s2_30.png,0,VALID,2.3183594,-1.5,-1.5888672,3.168659,LCC-FASD external-dev / cross-domain stress set,True
FT720P_id12_s2_45.png,0,VALID,2.2285156,-1.5800781,-1.4550781,3.0509949,LCC-FASD external-dev / cross-domain stress set,True
FT720P_id12_s2_60.png,0,VALID,2.2539062,-1.6191406,-1.578125,3.1591816,LCC-FASD external-dev / cross-domain stress set,True
FT720P_id12_s2_75.png,0,VALID,2.3476562,-1.6464844,-1.6269531,3.2911801,LCC-FASD external-dev / cross-domain stress set,True
FT720P_id12_s2_90.png,0,VALID,2.2617188,-1.5283203,-1.5380859,3.1017628,LCC-FASD external-dev / cross-domain stress set,True
FT720P_id12_s2_105.png,0,VALID,2.2265625,-1.5087891,-1.546875,3.0610662,LCC-FASD external-dev / cross-domain stress set,True
FT720P_id12_s2_120.png,0,VALID,2.2109375,-1.5947266,-1.5341797,3.0817852,LCC-FASD external-dev / cross-domain stress set,True
FT720P_id12_s2_135.png,0,VALID,2.2949219,-1.5292969,-1.515625,3.1242123,LCC-FASD external-dev / cross-domain stress set,True
FT720P_id12_s2_150.png,0,VALID,2.3261719,-1.6396484,-1.6708984,3.288176,LCC-FASD external-dev / cross-domain stress set,True
AGL752VM_id147_s0_15.png,0,VALID,2.0683594,-0.99560547,-1.4560547,2.5747714,LCC-FASD external-dev / cross-domain stress set,True
AGL752VM_id147_s0_30.png,0,VALID,2.2304688,-1.0683594,-1.5976562,2.8357112,LCC-FASD external-dev / cross-domain stress set,True
AGL752VM_id147_s0_45.png,0,VALID,2.015625,-0.6801758,-1.6279297,2.3682175,LCC-FASD external-dev / cross-domain stress set,True
AGL752VM_id147_s0_60.png,0,VALID,1.5576172,-0.24865723,-1.5,1.5546441,LCC-FASD external-dev / cross-domain stress set,True
AGL752VM_id147_s0_75.png,0,VALID,2.1054688,-1.0507812,-1.390625,2.6186569,LCC-FASD external-dev / cross-domain stress set,True
AGL752VM_id147_s0_90.png,0,VALID,2.0488281,-1.1523438,-1.2070312,2.5349946,LCC-FASD external-dev / cross-domain stress set,True
AGL752VM_id147_s0_105.png,0,VALID,1.9453125,-0.93896484,-1.2480469,2.333777,LCC-FASD external-dev / cross-domain stress set,True
AGL752VM_id147_s0_120.png,0,VALID,2.2832031,-1.3173828,-1.4052734,2.9504187,LCC-FASD external-dev / cross-domain stress set,True
AGL752VM_id147_s0_135.png,0,VALID,2.0195312,-0.9536133,-1.4023438,2.479401,LCC-FASD external-dev / cross-domain stress set,True
AGL752VM_id147_s0_150.png,0,VALID,1.7958984,-0.82470703,-1.1738281,2.08686,LCC-FASD external-dev / cross-domain stress set,True
FT720P_id0_s0_15.png,0,VALID,2.3183594,-1.6289062,-1.5244141,3.200508,LCC-FASD external-dev / cross-domain stress set,True
FT720P_id0_s0_30.png,0,VALID,2.3105469,-1.6328125,-1.5732422,3.2199836,LCC-FASD external-dev / cross-domain stress set,True
FT720P_id0_s0_45.png,0,VALID,2.3339844,-1.6777344,-1.5371094,3.245789,LCC-FASD external-dev / cross-domain stress set,True
FT720P_id0_s0_60.png,0,VALID,2.296875,-1.6640625,-1.5791016,3.224408,LCC-FASD external-dev / cross-domain stress set,True
FT720P_id0_s0_75.png,0,VALID,2.2714844,-1.65625,-1.5175781,3.1628494,LCC-FASD external-dev / cross-domain stress set,True
FT720P_id0_s0_90.png,0,VALID,2.2890625,-1.6337891,-1.5615234,3.1929188,LCC-FASD external-dev / cross-domain stress set,True
FT720P_id0_s0_105.png,0,VALID,2.2753906,-1.5771484,-1.5400391,3.140665,LCC-FASD external-dev / cross-domain stress set,True
FT720P_id0_s0_120.png,0,VALID,2.2480469,-1.5126953,-1.4814453,3.051848,LCC-FASD external-dev / cross-domain stress set,True
FT720P_id0_s0_135.png,0,VALID,2.2636719,-1.5654297,-1.5761719,3.1413112,LCC-FASD external-dev / cross-domain stress set,True
FT720P_id0_s0_150.png,0,VALID,2.3203125,-1.5556641,-1.609375,3.2093244,LCC-FASD external-dev / cross-domain stress set,True
FT720P_id0_s1_15.png,0,VALID,2.2871094,-1.8261719,-1.4111328,3.191235,LCC-FASD external-dev / cross-domain stress set,True
FT720P_id0_s1_30.png,0,VALID,2.2617188,-1.8212891,-1.3759766,3.1426187,LCC-FASD external-dev / cross-domain stress set,True
FT720P_id0_s1_45.png,0,VALID,2.2636719,-1.7714844,-1.40625,3.1428092,LCC-FASD external-dev / cross-domain stress set,True
FT720P_id0_s1_60.png,0,VALID,2.296875,-1.8388672,-1.4130859,3.2072122,LCC-FASD external-dev / cross-domain stress set,True
FT720P_id0_s1_75.png,0,VALID,2.265625,-1.7607422,-1.4375,3.1585946,LCC-FASD external-dev / cross-domain stress set,True
FT720P_id0_s1_90.png,0,VALID,2.2578125,-1.7636719,-1.3945312,3.1268296,LCC-FASD external-dev / cross-domain stress set,True
FT720P_id0_s1_105.png,0,VALID,2.2714844,-1.7861328,-1.4033203,3.1548562,LCC-FASD external-dev / cross-domain stress set,True
FT720P_id0_s1_120.png,0,VALID,2.2519531,-1.7382812,-1.4179688,3.1241603,LCC-FASD external-dev / cross-domain stress set,True
FT720P_id0_s1_135.png,0,VALID,2.2617188,-1.7890625,-1.3964844,3.1422029,LCC-FASD external-dev / cross-domain stress set,True
FT720P_id0_s1_150.png,0,VALID,2.2578125,-1.7822266,-1.3955078,3.134954,LCC-FASD external-dev / cross-domain stress set,True
FT720P_id0_s2_15.png,0,VALID,0.4567871,1.0068359,-1.4013672,-0.6362052,LCC-FASD external-dev / cross-domain stress set,False
FT720P_id0_s2_30.png,0,VALID,1.0244141,0.19067383,-1.3007812,0.6307627,LCC-FASD external-dev / cross-domain stress set,True
FT720P_id0_s2_105.png,0,VALID,0.34521484,1.2539062,-1.5273438,-0.96880865,LCC-FASD external-dev / cross-domain stress set,False
FT720P_id0_s2_120.png,0,VALID,0.51464844,1.1455078,-1.6015625,-0.6930032,LCC-FASD external-dev / cross-domain stress set,False
FT720P_id0_s2_135.png,0,VALID,0.3918457,1.1894531,-1.4824219,-0.8644457,LCC-FASD external-dev / cross-domain stress set,False
FT720P_id0_s2_150.png,0,VALID,0.63720703,0.92871094,-1.5595703,-0.37128747,LCC-FASD external-dev / cross-domain stress set,False
YOUTUBE_id48_s2_15.png,0,VALID,1.9960938,-1.53125,-1.1464844,2.6234212,LCC-FASD external-dev / cross-domain stress set,True
YOUTUBE_id48_s2_30.png,0,VALID,2.0292969,-1.3261719,-1.2529297,2.62503,LCC-FASD external-dev / cross-domain stress set,True
YOUTUBE_id48_s2_45.png,0,VALID,1.8955078,-1.2138672,-1.1835938,2.4009767,LCC-FASD external-dev / cross-domain stress set,True
YOUTUBE_id48_s2_78.png,0,VALID,1.890625,-1.0908203,-1.3271484,2.399497,LCC-FASD external-dev / cross-domain stress set,True
spoof_1793.png,1,VALID,0.28857422,-0.30126953,0.6303711,-0.6739074,LCC-FASD external-dev / cross-domain stress set,False
spoof_1794.png,1,VALID,-0.114746094,0.077819824,0.8022461,-1.3121393,LCC-FASD external-dev / cross-domain stress set,False
spoof_1795.png,1,VALID,-1.4609375,1.8417969,0.9707031,-3.6523297,LCC-FASD external-dev / cross-domain stress set,False
spoof_1796.png,1,VALID,-0.4572754,0.78515625,0.7011719,-1.8944681,LCC-FASD external-dev / cross-domain stress set,False
spoof_1797.png,1,VALID,0.5722656,0.9838867,-1.2753906,-0.51094675,LCC-FASD external-dev / cross-domain stress set,False
spoof_1798.png,1,VALID,0.8125,0.9453125,-1.7304688,-0.19939864,LCC-FASD external-dev / cross-domain stress set,False
spoof_1799.png,1,VALID,1.2060547,0.44750977,-1.5419922,0.63035965,LCC-FASD external-dev / cross-domain stress set,True
spoof_1800.png,1,VALID,1.4306641,0.3059082,-1.9414062,1.024293,LCC-FASD external-dev / cross-domain stress set,True
spoof_1801.png,1,VALID,0.92041016,0.32080078,-1.0058594,0.36425114,LCC-FASD external-dev / cross-domain stress set,True
spoof_1802.png,1,VALID,0.8413086,0.6591797,-1.2861328,0.04852277,LCC-FASD external-dev / cross-domain stress set,False
spoof_1803.png,1,VALID,1.8212891,-0.6772461,-1.2519531,2.0520115,LCC-FASD external-dev / cross-domain stress set,True
spoof_1804.png,1,VALID,2.2402344,-1.2734375,-1.3515625,2.8588245,LCC-FASD external-dev / cross-domain stress set,True
spoof_1805.png,1,VALID,0.4169922,-0.27124023,0.36279297,-0.37136137,LCC-FASD external-dev / cross-domain stress set,False
spoof_1806.png,1,VALID,1.9082031,-0.7270508,-1.3320312,2.199528,LCC-FASD external-dev / cross-domain stress set,True
spoof_1807.png,1,VALID,0.96972656,-0.18798828,-0.5444336,0.62699205,LCC-FASD external-dev / cross-domain stress set,True
spoof_1808.png,1,VALID,1.3496094,-0.6230469,-0.6850586,1.3100344,LCC-FASD external-dev / cross-domain stress set,True
spoof_1809.png,1,VALID,1.7402344,-0.78759766,-1.0097656,1.9396117,LCC-FASD external-dev / cross-domain stress set,True
spoof_1810.png,1,VALID,2.0117188,-1.0996094,-1.2236328,2.478271,LCC-FASD external-dev / cross-domain stress set,True
spoof_1811.png,1,VALID,0.29370117,0.6640625,-0.46289062,-0.6510331,LCC-FASD external-dev / cross-domain stress set,False
spoof_1812.png,1,VALID,0.31420898,0.64404297,-0.4465332,-0.61953115,LCC-FASD external-dev / cross-domain stress set,False
spoof_1813.png,1,VALID,-0.85595703,1.6445312,0.07348633,-2.689312,LCC-FASD external-dev / cross-domain stress set,False
spoof_1814.png,1,VALID,1.8330078,-0.86035156,-1.1201172,2.1216838,LCC-FASD external-dev / cross-domain stress set,True
spoof_1815.png,1,VALID,1.1943359,-0.2644043,-0.7182617,0.9669914,LCC-FASD external-dev / cross-domain stress set,True
spoof_1816.png,1,VALID,1.8486328,-0.67822266,-1.3378906,2.1101055,LCC-FASD external-dev / cross-domain stress set,True
spoof_1817.png,1,VALID,0.3005371,0.31689453,0.12023926,-0.6160034,LCC-FASD external-dev / cross-domain stress set,False
spoof_1818.png,1,VALID,1.5537109,-0.88378906,-0.6699219,1.6317127,LCC-FASD external-dev / cross-domain stress set,True
spoof_1819.png,1,VALID,0.03744507,0.54833984,0.046325684,-0.9842118,LCC-FASD external-dev / cross-domain stress set,False
spoof_1820.png,1,VALID,-0.12432861,-0.018371582,0.84375,-1.3203294,LCC-FASD external-dev / cross-domain stress set,False
spoof_1821.png,1,VALID,-0.5058594,2.0664062,-0.8413086,-2.6254275,LCC-FASD external-dev / cross-domain stress set,False
spoof_1822.png,1,VALID,0.6948242,0.20581055,-0.6791992,0.14350367,LCC-FASD external-dev / cross-domain stress set,False
spoof_1823.png,1,VALID,1.4042969,-0.4099121,-0.8989258,1.33597,LCC-FASD external-dev / cross-domain stress set,True
spoof_1824.png,1,VALID,-1.7675781,2.3789062,0.59277344,-4.3014407,LCC-FASD external-dev / cross-domain stress set,False
spoof_1825.png,1,VALID,-1.3330078,2.2285156,0.28515625,-3.695374,LCC-FASD external-dev / cross-domain stress set,False
spoof_1826.png,1,VALID,-1.1699219,2.125,-0.04296875,-3.4032469,LCC-FASD external-dev / cross-domain stress set,False
spoof_1827.png,1,VALID,0.34033203,0.8041992,-0.90185547,-0.6307204,LCC-FASD external-dev / cross-domain stress set,False
spoof_1828.png,1,VALID,1.6435547,-0.90185547,-0.77978516,1.7893664,LCC-FASD external-dev / cross-domain stress set,True
spoof_1829.png,1,VALID,-0.9555664,2.1894531,-0.44384766,-3.2143972,LCC-FASD external-dev / cross-domain stress set,False
spoof_1830.png,1,VALID,1.2792969,-0.30493164,-0.9536133,1.1637208,LCC-FASD external-dev / cross-domain stress set,True
spoof_1831.png,1,VALID,-1.3125,2.6113281,-0.51171875,-3.9669094,LCC-FASD external-dev / cross-domain stress set,False
spoof_1832.png,1,VALID,-1.5439453,2.5078125,0.07336426,-4.1357737,LCC-FASD external-dev / cross-domain stress set,False
spoof_1833.png,1,VALID,-1.4833984,2.3378906,0.31933594,-3.9460232,LCC-FASD external-dev / cross-domain stress set,False
spoof_1834.png,1,VALID,-2.7207031,3.4902344,0.6533203,-6.267891,LCC-FASD external-dev / cross-domain stress set,False
spoof_1835.png,1,VALID,-2.1679688,2.8554688,0.7001953,-5.1330733,LCC-FASD external-dev / cross-domain stress set,False
spoof_1836.png,1,VALID,-0.6040039,1.9345703,-0.6464844,-2.6115403,LCC-FASD external-dev / cross-domain stress set,False
spoof_1837.png,1,VALID,-0.515625,1.9033203,-0.6801758,-2.4917397,LCC-FASD external-dev / cross-domain stress set,False
spoof_1838.png,1,VALID,-1.6494141,1.8623047,0.94091797,-3.8467376,LCC-FASD external-dev / cross-domain stress set,False
spoof_1839.png,1,VALID,-1.0332031,2.390625,-0.5991211,-3.4729042,LCC-FASD external-dev / cross-domain stress set,False
spoof_1840.png,1,VALID,1.6640625,-0.4387207,-1.3359375,1.7608241,LCC-FASD external-dev / cross-domain stress set,True
spoof_1841.png,1,VALID,-0.83496094,2.265625,-0.70410156,-3.15063,LCC-FASD external-dev / cross-domain stress set,False
spoof_1730.png,1,VALID,2.2128906,-1.5283203,-1.4414062,3.0036628,LCC-FASD external-dev / cross-domain stress set,True
spoof_1731.png,1,VALID,1.0966797,-1.0341797,0.2088623,0.6343345,LCC-FASD external-dev / cross-domain stress set,True
spoof_1732.png,1,VALID,1.3154297,-0.19018555,-1.2470703,1.2073369,LCC-FASD external-dev / cross-domain stress set,True
spoof_1733.png,1,VALID,-0.8046875,2.0195312,-0.3010254,-2.9179084,LCC-FASD external-dev / cross-domain stress set,False
spoof_1734.png,1,VALID,0.7001953,0.5439453,-1.0869141,-0.02253294,LCC-FASD external-dev / cross-domain stress set,False
spoof_1735.png,1,VALID,1.8134766,-0.9448242,-0.9272461,2.056326,LCC-FASD external-dev / cross-domain stress set,True
spoof_1736.png,1,VALID,1.2460938,-0.59375,-0.47705078,1.0866456,LCC-FASD external-dev / cross-domain stress set,True
spoof_1737.png,1,VALID,0.6933594,0.48168945,-0.9741211,0.0020483732,LCC-FASD external-dev / cross-domain stress set,False
spoof_1738.png,1,VALID,-1.6474609,2.2929688,0.7402344,-4.132428,LCC-FASD external-dev / cross-domain stress set,False
spoof_1739.png,1,VALID,1.2949219,-0.42407227,-0.9038086,1.2372185,LCC-FASD external-dev / cross-domain stress set,True
spoof_1740.png,1,VALID,0.578125,0.77783203,-1.1894531,-0.33059138,LCC-FASD external-dev / cross-domain stress set,False
spoof_1741.png,1,VALID,-1.515625,2.15625,0.7397461,-3.889049,LCC-FASD external-dev / cross-domain stress set,False
spoof_1742.png,1,VALID,0.6308594,0.74072266,-1.1845703,-0.24599516,LCC-FASD external-dev / cross-domain stress set,False
spoof_1743.png,1,VALID,-0.3137207,1.0517578,-0.1595459,-1.6261559,LCC-FASD external-dev / cross-domain stress set,False
spoof_1744.png,1,VALID,1.015625,-0.2890625,-0.51708984,0.71906847,LCC-FASD external-dev / cross-domain stress set,True
spoof_1745.png,1,VALID,0.93408203,-0.19177246,-0.48291016,0.56771827,LCC-FASD external-dev / cross-domain stress set,True
spoof_1746.png,1,VALID,0.9121094,0.5473633,-1.40625,0.23217434,LCC-FASD external-dev / cross-domain stress set,True
spoof_1747.png,1,VALID,-0.59375,1.7402344,-0.36572266,-2.4488559,LCC-FASD external-dev / cross-domain stress set,False
spoof_1748.png,1,VALID,-0.08508301,1.0341797,-0.3322754,-1.3464057,LCC-FASD external-dev / cross-domain stress set,False
spoof_1749.png,1,VALID,0.81347656,0.9042969,-1.6699219,-0.16426903,LCC-FASD external-dev / cross-domain stress set,False
spoof_1750.png,1,VALID,1.0986328,0.0993042,-1.1367188,0.74426997,LCC-FASD external-dev / cross-domain stress set,True
spoof_1751.png,1,VALID,2.078125,-1.1679688,-1.4492188,2.6837163,LCC-FASD external-dev / cross-domain stress set,True
spoof_1752.png,1,NO_VALID_FACE,,,,,LCC-FASD external-dev / cross-domain stress set,
spoof_1753.png,1,VALID,0.19006348,0.27075195,0.1027832,-0.69337386,LCC-FASD external-dev / cross-domain stress set,False
spoof_1754.png,1,VALID,2.2304688,-1.0957031,-1.5224609,2.8238091,LCC-FASD external-dev / cross-domain stress set,True
spoof_1755.png,1,VALID,1.2148438,-0.21679688,-1.0263672,1.0634972,LCC-FASD external-dev / cross-domain stress set,True
spoof_1756.png,1,VALID,-0.20202637,1.5136719,-0.7993164,-1.8100672,LCC-FASD external-dev / cross-domain stress set,False
spoof_1757.png,1,VALID,0.31860352,1.6777344,-1.8886719,-1.3869963,LCC-FASD external-dev / cross-domain stress set,False
spoof_1758.png,1,VALID,1.9326172,-0.6508789,-1.5771484,2.2498648,LCC-FASD external-dev / cross-domain stress set,True
spoof_1759.png,1,VALID,2.0332031,-0.77197266,-1.5830078,2.4374833,LCC-FASD external-dev / cross-domain stress set,True
spoof_1760.png,1,VALID,0.12561035,0.40722656,-0.01991272,-0.7838284,LCC-FASD external-dev / cross-domain stress set,False
spoof_1761.png,1,VALID,0.828125,0.68408203,-1.4150391,0.028427541,LCC-FASD external-dev / cross-domain stress set,False
spoof_1762.png,1,VALID,1.5253906,-0.32641602,-1.2226562,1.5095646,LCC-FASD external-dev / cross-domain stress set,True
spoof_1763.png,1,VALID,1.6308594,-0.71435547,-1.0986328,1.8258603,LCC-FASD external-dev / cross-domain stress set,True
spoof_1764.png,1,VALID,1.4316406,-0.4790039,-0.94873047,1.4250301,LCC-FASD external-dev / cross-domain stress set,True
spoof_1765.png,1,VALID,-0.46972656,1.0429688,0.29907227,-1.9015285,LCC-FASD external-dev / cross-domain stress set,False
spoof_1766.png,1,VALID,-1.6064453,1.4970703,1.4550781,-3.775887,LCC-FASD external-dev / cross-domain stress set,False
spoof_1767.png,1,VALID,1.5166016,-0.61621094,-0.72265625,1.4914722,LCC-FASD external-dev / cross-domain stress set,True
spoof_1768.png,1,VALID,-0.5498047,0.78222656,0.5756836,-1.92723,LCC-FASD external-dev / cross-domain stress set,False
spoof_1769.png,1,VALID,-0.68603516,-0.054595947,1.796875,-2.6287458,LCC-FASD external-dev / cross-domain stress set,False
spoof_1770.png,1,VALID,1.5029297,-1.1298828,-0.2331543,1.3939834,LCC-FASD external-dev / cross-domain stress set,True
spoof_1771.png,1,VALID,-0.45483398,0.25073242,1.1044922,-1.9140669,LCC-FASD external-dev / cross-domain stress set,False
spoof_1772.png,1,VALID,-0.25341797,0.074645996,0.9736328,-1.5684977,LCC-FASD external-dev / cross-domain stress set,False
spoof_1773.png,1,VALID,1.3769531,-1.1337891,-0.056640625,1.1405023,LCC-FASD external-dev / cross-domain stress set,True
spoof_1774.png,1,VALID,-0.44262695,0.6201172,0.7392578,-1.8172349,LCC-FASD external-dev / cross-domain stress set,False
spoof_1775.png,1,VALID,-0.26757812,-0.18725586,1.4267578,-1.8758963,LCC-FASD external-dev / cross-domain stress set,False
spoof_1776.png,1,VALID,-0.5576172,-0.6591797,2.296875,-2.9052079,LCC-FASD external-dev / cross-domain stress set,False
spoof_1777.png,1,VALID,-0.5551758,0.97753906,0.43066406,-1.9893517,LCC-FASD external-dev / cross-domain stress set,False
spoof_1778.png,1,VALID,0.11029053,1.6279297,-1.3613281,-1.5667386,LCC-FASD external-dev / cross-domain stress set,False
spoof_1779.png,1,VALID,0.9746094,0.9760742,-1.7792969,-0.06311047,LCC-FASD external-dev / cross-domain stress set,False
spoof_1780.png,1,VALID,-0.67578125,1.5820312,0.07928467,-2.4587255,LCC-FASD external-dev / cross-domain stress set,False
spoof_1781.png,1,VALID,-0.87597656,0.77978516,1.1318359,-2.5403476,LCC-FASD external-dev / cross-domain stress set,False
spoof_1782.png,1,VALID,-0.37475586,0.5830078,0.64404297,-1.6818941,LCC-FASD external-dev / cross-domain stress set,False
spoof_1783.png,1,VALID,1.9589844,-0.7265625,-1.6113281,2.3399656,LCC-FASD external-dev / cross-domain stress set,True
spoof_1784.png,1,VALID,0.2076416,0.7216797,-0.3737793,-0.8025094,LCC-FASD external-dev / cross-domain stress set,False
spoof_1673.png,1,VALID,1.6289062,-0.15991211,-1.6328125,1.5824063,LCC-FASD external-dev / cross-domain stress set,True
spoof_1674.png,1,VALID,0.72509766,0.85839844,-1.3935547,-0.23332131,LCC-FASD external-dev / cross-domain stress set,False
spoof_1675.png,1,VALID,-2.0996094,2.2636719,1.1113281,-4.637799,LCC-FASD external-dev / cross-domain stress set,False
spoof_1676.png,1,VALID,-0.5810547,1.5527344,-0.23303223,-2.288798,LCC-FASD external-dev / cross-domain stress set,False
spoof_1677.png,1,VALID,-1.9287109,2.9082031,-0.003326416,-4.8898787,LCC-FASD external-dev / cross-domain stress set,False
spoof_1678.png,1,VALID,-2.015625,2.1875,1.0380859,-4.4783463,LCC-FASD external-dev / cross-domain stress set,False
spoof_1679.png,1,VALID,0.4580078,1.1181641,-1.3730469,-0.73971546,LCC-FASD external-dev / cross-domain stress set,False
spoof_1680.png,1,VALID,-0.5307617,1.6630859,-0.5810547,-2.2946143,LCC-FASD external-dev / cross-domain stress set,False
spoof_1681.png,1,VALID,0.30395508,0.9321289,-0.9550781,-0.7692344,LCC-FASD external-dev / cross-domain stress set,False
spoof_1682.png,1,VALID,-1.5996094,2.4765625,0.09460449,-4.164521,LCC-FASD external-dev / cross-domain stress set,False
spoof_1683.png,1,VALID,-1.8916016,2.6796875,0.14685059,-4.647725,LCC-FASD external-dev / cross-domain stress set,False
spoof_1684.png,1,VALID,-0.92333984,2.0253906,-0.3864746,-3.034585,LCC-FASD external-dev / cross-domain stress set,False
spoof_1685.png,1,VALID,-0.104003906,1.5498047,-0.91308594,-1.7355622,LCC-FASD external-dev / cross-domain stress set,False
spoof_1686.png,1,VALID,-0.6176758,1.6259766,-0.38623047,-2.369133,LCC-FASD external-dev / cross-domain stress set,False
spoof_1687.png,1,VALID,-0.30249023,1.6035156,-0.8588867,-1.9877977,LCC-FASD external-dev / cross-domain stress set,False
spoof_1688.png,1,VALID,-0.091674805,1.0761719,-0.54589844,-1.3480738,LCC-FASD external-dev / cross-domain stress set,False
spoof_1689.png,1,VALID,-1.1230469,2.3671875,-0.54785156,-3.5430183,LCC-FASD external-dev / cross-domain stress set,False
spoof_1690.png,1,VALID,0.6513672,0.43603516,-0.921875,-0.013553202,LCC-FASD external-dev / cross-domain stress set,False
spoof_1691.png,1,VALID,-0.6542969,1.4980469,-0.13208008,-2.3312469,LCC-FASD external-dev / cross-domain stress set,False
spoof_1692.png,1,VALID,1.0791016,0.46142578,-1.4951172,0.4854673,LCC-FASD external-dev / cross-domain stress set,True
spoof_1693.png,1,VALID,1.2324219,-0.53808594,-0.57373047,1.0950241,LCC-FASD external-dev / cross-domain stress set,True
spoof_1694.png,1,VALID,2.0644531,-1.2900391,-1.1142578,2.569597,LCC-FASD external-dev / cross-domain stress set,True
spoof_1695.png,1,VALID,2.0078125,-1.5078125,-0.68896484,2.331482,LCC-FASD external-dev / cross-domain stress set,True
spoof_1696.png,1,VALID,0.0703125,0.57958984,-0.105407715,-0.9174664,LCC-FASD external-dev / cross-domain stress set,False
spoof_1697.png,1,VALID,1.0507812,-0.44384766,-0.3798828,0.76898795,LCC-FASD external-dev / cross-domain stress set,True
spoof_1698.png,1,VALID,-0.25561523,0.7817383,0.22131348,-1.4890445,LCC-FASD external-dev / cross-domain stress set,False
spoof_1699.png,1,VALID,1.5107422,-0.8647461,-0.59375,1.5376911,LCC-FASD external-dev / cross-domain stress set,True
spoof_1700.png,1,VALID,1.6083984,-0.86621094,-0.92529297,1.8105669,LCC-FASD external-dev / cross-domain stress set,True
spoof_1701.png,1,VALID,2.0703125,-1.2060547,-1.1748047,2.567473,LCC-FASD external-dev / cross-domain stress set,True
spoof_1702.png,1,VALID,1.0205078,-0.6948242,-0.16516113,0.72268784,LCC-FASD external-dev / cross-domain stress set,True
spoof_1703.png,1,VALID,1.6787109,-0.9482422,-0.88134766,1.8997993,LCC-FASD external-dev / cross-domain stress set,True
spoof_1704.png,1,VALID,1.1923828,-0.703125,-0.39990234,1.0393001,LCC-FASD external-dev / cross-domain stress set,True
spoof_1705.png,1,VALID,2.1191406,-1.4716797,-1.1064453,2.6984732,LCC-FASD external-dev / cross-domain stress set,True
spoof_1706.png,1,VALID,1.0966797,-0.7392578,-0.12780762,0.79104173,LCC-FASD external-dev / cross-domain stress set,True
spoof_1707.png,1,VALID,1.5585938,0.0552063,-1.9472656,1.3767538,LCC-FASD external-dev / cross-domain stress set,True
spoof_1708.png,1,VALID,-1.0898438,2.1015625,-0.08465576,-3.2978728,LCC-FASD external-dev / cross-domain stress set,False
spoof_1709.png,1,VALID,1.3125,-0.020248413,-1.4179688,1.1118797,LCC-FASD external-dev / cross-domain stress set,True
spoof_1710.png,1,VALID,1.0224609,0.7011719,-1.8535156,0.24644464,LCC-FASD external-dev / cross-domain stress set,True
spoof_1711.png,1,VALID,1.0478516,0.36132812,-1.3642578,0.5226471,LCC-FASD external-dev / cross-domain stress set,True
spoof_1712.png,1,VALID,2.3046875,-1.6494141,-1.5400391,3.2047722,LCC-FASD external-dev / cross-domain stress set,True
spoof_1713.png,1,VALID,1.3515625,0.08569336,-1.5546875,1.0886387,LCC-FASD external-dev / cross-domain stress set,True
spoof_1714.png,1,VALID,2.359375,-1.5175781,-1.4414062,3.144995,LCC-FASD external-dev / cross-domain stress set,True
spoof_1715.png,1,VALID,0.6381836,-1.3330078,1.15625,-0.5977751,LCC-FASD external-dev / cross-domain stress set,False
spoof_1716.png,1,VALID,0.8540039,-1.1230469,0.66796875,0.031778157,LCC-FASD external-dev / cross-domain stress set,False
spoof_1717.png,1,VALID,2.3847656,-1.8164062,-1.6953125,3.445646,LCC-FASD external-dev / cross-domain stress set,True
spoof_1718.png,1,VALID,0.43481445,0.74658203,-0.9013672,-0.4877727,LCC-FASD external-dev / cross-domain stress set,False
spoof_1719.png,1,VALID,2.1796875,-1.7021484,-1.0273438,2.7954144,LCC-FASD external-dev / cross-domain stress set,True
spoof_1720.png,1,VALID,-0.12548828,1.2871094,-0.6791992,-1.5436019,LCC-FASD external-dev / cross-domain stress set,False
spoof_1721.png,1,VALID,2.359375,-1.6201172,-1.2910156,3.1083164,LCC-FASD external-dev / cross-domain stress set,True
spoof_1722.png,1,VALID,1.2480469,-1.1640625,0.14074707,0.86731946,LCC-FASD external-dev / cross-domain stress set,True
spoof_1723.png,1,VALID,0.02645874,1.609375,-1.234375,-1.6394923,LCC-FASD external-dev / cross-domain stress set,False
spoof_1724.png,1,VALID,2.1914062,-1.53125,-1.3955078,2.9593365,LCC-FASD external-dev / cross-domain stress set,True
spoof_1725.png,1,VALID,0.17553711,-0.60595703,1.0585938,-1.056401,LCC-FASD external-dev / cross-domain stress set,False
spoof_1726.png,1,VALID,2.3417969,-1.7060547,-1.5820312,3.290771,LCC-FASD external-dev / cross-domain stress set,True
spoof_1727.png,1,VALID,2.3671875,-1.6953125,-1.1347656,3.0503066,LCC-FASD external-dev / cross-domain stress set,True
spoof_1728.png,1,VALID,2.1640625,-1.2890625,-1.4160156,2.8214412,LCC-FASD external-dev / cross-domain stress set,True
spoof_1729.png,1,VALID,1.9638672,-0.8076172,-1.5390625,2.378623,LCC-FASD external-dev / cross-domain stress set,True
spoof_1619.png,1,VALID,1.234375,0.066711426,-1.3085938,0.9423125,LCC-FASD external-dev / cross-domain stress set,True
spoof_1620.png,1,VALID,0.03579712,-0.44628906,1.1064453,-1.2626464,LCC-FASD external-dev / cross-domain stress set,False
spoof_1621.png,1,VALID,1.921875,-1.5263672,-0.5703125,2.166916,LCC-FASD external-dev / cross-domain stress set,True
spoof_1622.png,1,VALID,-0.8779297,2.3769531,-0.70654297,-3.299664,LCC-FASD external-dev / cross-domain stress set,False
spoof_1623.png,1,VALID,0.08886719,1.0986328,-0.6196289,-1.1747525,LCC-FASD external-dev / cross-domain stress set,False
spoof_1624.png,1,VALID,1.0673828,0.28173828,-1.2324219,0.5867995,LCC-FASD external-dev / cross-domain stress set,True
spoof_1625.png,1,VALID,-0.19165039,1.3056641,-0.3959961,-1.6648442,LCC-FASD external-dev / cross-domain stress set,False
spoof_1626.png,1,VALID,2.4726562,-1.1357422,-1.6542969,3.1412864,LCC-FASD external-dev / cross-domain stress set,True
spoof_1627.png,1,VALID,-0.25976562,1.2314453,-0.2446289,-1.6970319,LCC-FASD external-dev / cross-domain stress set,False
spoof_1628.png,1,VALID,1.5371094,-0.12902832,-1.4619141,1.4320818,LCC-FASD external-dev / cross-domain stress set,True
spoof_1629.png,1,VALID,-0.20385742,1.9658203,-1.2744141,-2.2080853,LCC-FASD external-dev / cross-domain stress set,False
spoof_1630.png,1,VALID,1.6513672,-0.60791016,-1.1904297,1.8155603,LCC-FASD external-dev / cross-domain stress set,True
spoof_1631.png,1,VALID,0.50878906,0.9316406,-1.0537109,-0.55153704,LCC-FASD external-dev / cross-domain stress set,False
spoof_1632.png,1,VALID,-0.58935547,2.0644531,-0.97216797,-2.700689,LCC-FASD external-dev / cross-domain stress set,False
spoof_1633.png,1,VALID,2.5253906,-0.9482422,-2.0605469,3.1893563,LCC-FASD external-dev / cross-domain stress set,True
spoof_1634.png,1,VALID,0.5078125,1.5400391,-1.9453125,-1.0624094,LCC-FASD external-dev / cross-domain stress set,False
spoof_1635.png,1,VALID,0.21411133,1.1601562,-0.96875,-1.0584512,LCC-FASD external-dev / cross-domain stress set,False
spoof_1636.png,1,VALID,2.0058594,-0.92089844,-1.2197266,2.3719037,LCC-FASD external-dev / cross-domain stress set,True
spoof_1637.png,1,VALID,2.0,-0.72216797,-1.4658203,2.3332562,LCC-FASD external-dev / cross-domain stress set,True
spoof_1638.png,1,VALID,0.71777344,0.7910156,-1.3505859,-0.18430632,LCC-FASD external-dev / cross-domain stress set,False
spoof_1639.png,1,VALID,1.2490234,0.3173828,-1.5058594,0.7819272,LCC-FASD external-dev / cross-domain stress set,True
spoof_1640.png,1,VALID,0.9819336,0.077697754,-0.8359375,0.5670042,LCC-FASD external-dev / cross-domain stress set,True
spoof_1641.png,1,VALID,-0.12658691,1.9755859,-1.3798828,-2.136471,LCC-FASD external-dev / cross-domain stress set,False
spoof_1642.png,1,VALID,-0.14257812,2.0820312,-1.5585938,-2.250507,LCC-FASD external-dev / cross-domain stress set,False
spoof_1643.png,1,VALID,2.2773438,-1.6630859,-1.1640625,2.9669604,LCC-FASD external-dev / cross-domain stress set,True
spoof_1644.png,1,VALID,1.4375,-0.3095703,-1.2451172,1.4160621,LCC-FASD external-dev / cross-domain stress set,True
spoof_1645.png,1,VALID,1.8974609,-0.59521484,-1.5,2.1529028,LCC-FASD external-dev / cross-domain stress set,True
spoof_1646.png,1,VALID,1.7949219,-1.4814453,-0.4243164,1.9210229,LCC-FASD external-dev / cross-domain stress set,True
spoof_1647.png,1,VALID,1.9238281,-1.5234375,-0.6176758,2.202012,LCC-FASD external-dev / cross-domain stress set,True
spoof_1648.png,1,VALID,1.7841797,-1.3222656,-0.5625,1.9629313,LCC-FASD external-dev / cross-domain stress set,True
spoof_1649.png,1,VALID,-0.49023438,2.1210938,-1.03125,-2.6531913,LCC-FASD external-dev / cross-domain stress set,False
spoof_1650.png,1,VALID,1.046875,0.15112305,-1.1464844,0.6542306,LCC-FASD external-dev / cross-domain stress set,True
spoof_1651.png,1,VALID,1.4228516,-0.13220215,-1.296875,1.2834822,LCC-FASD external-dev / cross-domain stress set,True
spoof_1652.png,1,VALID,1.4150391,-0.29296875,-1.2509766,1.3832781,LCC-FASD external-dev / cross-domain stress set,True
spoof_1653.png,1,VALID,1.46875,-0.56347656,-0.95996094,1.5177989,LCC-FASD external-dev / cross-domain stress set,True
spoof_1654.png,1,VALID,0.89941406,0.31835938,-1.0205078,0.34824407,LCC-FASD external-dev / cross-domain stress set,True
spoof_1655.png,1,VALID,1.5664062,-1.0595703,-0.48706055,1.6061511,LCC-FASD external-dev / cross-domain stress set,True
spoof_1656.png,1,VALID,2.1738281,-1.5556641,-1.0849609,2.7735503,LCC-FASD external-dev / cross-domain stress set,True
spoof_1657.png,1,VALID,-0.03387451,1.7451172,-1.3125,-1.8249202,LCC-FASD external-dev / cross-domain stress set,False
spoof_1658.png,1,VALID,1.2578125,-0.63427734,-0.45214844,1.1037376,LCC-FASD external-dev / cross-domain stress set,True
spoof_1659.png,1,VALID,1.953125,-1.2402344,-1.0947266,2.424814,LCC-FASD external-dev / cross-domain stress set,True
spoof_1660.png,1,VALID,-0.9013672,2.3886719,-0.7763672,-3.331385,LCC-FASD external-dev / cross-domain stress set,False
spoof_1661.png,1,VALID,0.6464844,1.0585938,-1.5634766,-0.48224378,LCC-FASD external-dev / cross-domain stress set,False
spoof_1662.png,1,VALID,1.1708984,0.37768555,-1.5371094,0.6557388,LCC-FASD external-dev / cross-domain stress set,True
spoof_1663.png,1,VALID,1.4042969,-0.29467773,-1.2333984,1.3688598,LCC-FASD external-dev / cross-domain stress set,True
spoof_1664.png,1,VALID,0.5175781,0.20947266,-0.34106445,-0.14719057,LCC-FASD external-dev / cross-domain stress set,False
spoof_1665.png,1,VALID,2.0371094,-1.3779297,-1.0693359,2.5557382,LCC-FASD external-dev / cross-domain stress set,True
spoof_1666.png,1,VALID,-0.91796875,2.6074219,-0.9116211,-3.554588,LCC-FASD external-dev / cross-domain stress set,False
spoof_1667.png,1,VALID,2.1210938,-1.1572266,-1.4042969,2.7010972,LCC-FASD external-dev / cross-domain stress set,True
spoof_1668.png,1,VALID,1.4921875,-0.46264648,-1.0742188,1.5214312,LCC-FASD external-dev / cross-domain stress set,True
spoof_1669.png,1,VALID,1.5488281,-0.014816284,-1.7314453,1.398409,LCC-FASD external-dev / cross-domain stress set,True
spoof_1670.png,1,VALID,1.3632812,-0.22692871,-1.2666016,1.2874641,LCC-FASD external-dev / cross-domain stress set,True
spoof_1671.png,1,VALID,1.5605469,-0.48217773,-1.1835938,1.6400082,LCC-FASD external-dev / cross-domain stress set,True
spoof_1672.png,1,VALID,1.8154297,-0.79248047,-1.3378906,2.1507359,LCC-FASD external-dev / cross-domain stress set,True
spoof_1567.png,1,VALID,0.115600586,-0.0073776245,0.44750977,-0.8232579,LCC-FASD external-dev / cross-domain stress set,False
spoof_1568.png,1,VALID,1.0107422,-0.55859375,-0.18688965,0.6731647,LCC-FASD external-dev / cross-domain stress set,True
spoof_1569.png,1,VALID,-0.48632812,-0.036193848,1.5195312,-2.1973357,LCC-FASD external-dev / cross-domain stress set,False
spoof_1570.png,1,VALID,1.0439453,0.12017822,-1.2861328,0.70459497,LCC-FASD external-dev / cross-domain stress set,True
spoof_1571.png,1,VALID,1.6933594,-1.0585938,-0.8925781,1.9723569,LCC-FASD external-dev / cross-domain stress set,True
spoof_1572.png,1,VALID,-0.33911133,1.1943359,-0.34692383,-1.7274595,LCC-FASD external-dev / cross-domain stress set,False
spoof_1573.png,1,VALID,0.038116455,-0.4736328,1.109375,-1.2580339,LCC-FASD external-dev / cross-domain stress set,False
spoof_1574.png,1,VALID,-1.1748047,2.3730469,-0.18408203,-3.6225202,LCC-FASD external-dev / cross-domain stress set,False
spoof_1575.png,1,VALID,-0.29101562,1.46875,-0.7084961,-1.8671421,LCC-FASD external-dev / cross-domain stress set,False
spoof_1576.png,1,VALID,-0.6064453,1.8574219,-0.6220703,-2.5443275,LCC-FASD external-dev / cross-domain stress set,False
spoof_1577.png,1,VALID,1.8339844,-1.3164062,-0.98095703,2.2755184,LCC-FASD external-dev / cross-domain stress set,True
spoof_1578.png,1,VALID,-0.8745117,1.4560547,0.33691406,-2.6131558,LCC-FASD external-dev / cross-domain stress set,False
spoof_1579.png,1,VALID,0.5732422,1.0126953,-1.6601562,-0.5062283,LCC-FASD external-dev / cross-domain stress set,False
spoof_1580.png,1,VALID,0.77441406,0.6245117,-1.5371094,0.040923893,LCC-FASD external-dev / cross-domain stress set,False
spoof_1581.png,1,VALID,0.90771484,-0.6430664,0.023269653,0.46996295,LCC-FASD external-dev / cross-domain stress set,True
spoof_1582.png,1,VALID,1.3183594,-0.91748047,-0.3557129,1.222869,LCC-FASD external-dev / cross-domain stress set,True
spoof_1583.png,1,VALID,-0.85498047,1.9316406,-0.5029297,-2.8706272,LCC-FASD external-dev / cross-domain stress set,False
spoof_1584.png,1,VALID,0.24108887,1.4042969,-1.65625,-1.2090051,LCC-FASD external-dev / cross-domain stress set,False
spoof_1585.png,1,VALID,1.5576172,-1.0078125,-0.71533203,1.7153871,LCC-FASD external-dev / cross-domain stress set,True
spoof_1586.png,1,VALID,-0.67333984,1.6826172,-0.31958008,-2.4826233,LCC-FASD external-dev / cross-domain stress set,False
spoof_1587.png,1,VALID,0.4482422,-0.03125,-0.05883789,-0.19995618,LCC-FASD external-dev / cross-domain stress set,False
spoof_1588.png,1,VALID,0.7373047,-0.79833984,0.45874023,0.028207779,LCC-FASD external-dev / cross-domain stress set,False
spoof_1589.png,1,VALID,-0.114746094,1.7929688,-1.1904297,-1.9570959,LCC-FASD external-dev / cross-domain stress set,False
spoof_1590.png,1,VALID,-0.82958984,1.8564453,-0.3852539,-2.787036,LCC-FASD external-dev / cross-domain stress set,False
spoof_1591.png,1,VALID,1.7509766,-1.2304688,-0.81640625,2.0599873,LCC-FASD external-dev / cross-domain stress set,True
spoof_1592.png,1,VALID,1.6015625,-0.9819336,-0.74121094,1.7627616,LCC-FASD external-dev / cross-domain stress set,True
spoof_1593.png,1,VALID,-0.8095703,2.0449219,-0.70654297,-2.9163718,LCC-FASD external-dev / cross-domain stress set,False
spoof_1594.png,1,VALID,1.4511719,-0.56591797,-1.0390625,1.532789,LCC-FASD external-dev / cross-domain stress set,True
spoof_1595.png,1,VALID,1.5292969,-0.44750977,-1.1865234,1.5863979,LCC-FASD external-dev / cross-domain stress set,True
spoof_1596.png,1,VALID,1.8291016,-1.2626953,-0.75146484,2.1107144,LCC-FASD external-dev / cross-domain stress set,True
spoof_1597.png,1,VALID,-0.88964844,-0.008811951,1.9785156,-2.996611,LCC-FASD external-dev / cross-domain stress set,False
spoof_1598.png,1,VALID,-0.9316406,2.2363281,-0.44433594,-3.234241,LCC-FASD external-dev / cross-domain stress set,False
spoof_1599.png,1,VALID,0.40844727,-0.9008789,0.97509766,-0.7091956,LCC-FASD external-dev / cross-domain stress set,False
spoof_1600.png,1,VALID,-0.17419434,0.0070648193,0.97216797,-1.4691296,LCC-FASD external-dev / cross-domain stress set,False
spoof_1601.png,1,VALID,2.1503906,-1.2177734,-1.3632812,2.7451265,LCC-FASD external-dev / cross-domain stress set,True
spoof_1602.png,1,VALID,1.3496094,-0.30126953,-1.0771484,1.2722377,LCC-FASD external-dev / cross-domain stress set,True
spoof_1603.png,1,VALID,1.3115234,-0.9667969,-0.20117188,1.1308106,LCC-FASD external-dev / cross-domain stress set,True
spoof_1604.png,1,VALID,1.8925781,-1.3134766,-0.75634766,2.1960356,LCC-FASD external-dev / cross-domain stress set,True
spoof_1605.png,1,VALID,1.2402344,0.15783691,-1.4951172,0.9071984,LCC-FASD external-dev / cross-domain stress set,True
spoof_1606.png,1,VALID,-0.9736328,1.5927734,0.30541992,-2.8101368,LCC-FASD external-dev / cross-domain stress set,False
spoof_1607.png,1,VALID,0.14697266,0.15893555,0.2553711,-0.75448984,LCC-FASD external-dev / cross-domain stress set,False
spoof_1608.png,1,VALID,1.6123047,-0.671875,-1.0595703,1.7662082,LCC-FASD external-dev / cross-domain stress set,True
spoof_1609.png,1,VALID,0.27539062,-0.29785156,0.57958984,-0.6519261,LCC-FASD external-dev / cross-domain stress set,False
spoof_1610.png,1,VALID,1.5185547,-0.8623047,-0.6347656,1.5674849,LCC-FASD external-dev / cross-domain stress set,True
spoof_1611.png,1,VALID,0.7895508,0.014732361,-0.6147461,0.3476769,LCC-FASD external-dev / cross-domain stress set,True
spoof_1612.png,1,VALID,1.8808594,-1.0234375,-1.1142578,2.2555292,LCC-FASD external-dev / cross-domain stress set,True
spoof_1613.png,1,VALID,1.1640625,-0.2454834,-0.98828125,1.0203587,LCC-FASD external-dev / cross-domain stress set,True
spoof_1614.png,1,VALID,-0.7089844,1.0732422,0.51464844,-2.2345834,LCC-FASD external-dev / cross-domain stress set,False
spoof_1615.png,1,VALID,0.1340332,1.4287109,-1.2236328,-1.3627903,LCC-FASD external-dev / cross-domain stress set,False
spoof_1616.png,1,VALID,1.5898438,-0.61376953,-1.0888672,1.7200617,LCC-FASD external-dev / cross-domain stress set,True
spoof_1617.png,1,VALID,1.2138672,-0.45703125,-0.62890625,1.0600007,LCC-FASD external-dev / cross-domain stress set,True
spoof_1618.png,1,VALID,1.4199219,-0.09313965,-1.4121094,1.2760856,LCC-FASD external-dev / cross-domain stress set,True
spoof_1511.png,1,VALID,0.77490234,0.43798828,-1.0996094,0.14225501,LCC-FASD external-dev / cross-domain stress set,False
spoof_1512.png,1,VALID,-0.1817627,1.5029297,-0.8417969,-1.776244,LCC-FASD external-dev / cross-domain stress set,False
spoof_1513.png,1,VALID,-1.5644531,3.2675781,-0.63134766,-4.8520923,LCC-FASD external-dev / cross-domain stress set,False
spoof_1514.png,1,VALID,-0.5541992,1.6835938,-0.36499023,-2.3590522,LCC-FASD external-dev / cross-domain stress set,False
spoof_1515.png,1,VALID,-0.010971069,1.4101562,-0.89160156,-1.5165128,LCC-FASD external-dev / cross-domain stress set,False
spoof_1516.png,1,VALID,0.48388672,1.0527344,-1.3720703,-0.65364397,LCC-FASD external-dev / cross-domain stress set,False
spoof_1517.png,1,VALID,0.40356445,1.4550781,-1.7880859,-1.0898111,LCC-FASD external-dev / cross-domain stress set,False
spoof_1518.png,1,VALID,-1.03125,0.4020996,1.6474609,-2.931675,LCC-FASD external-dev / cross-domain stress set,False
spoof_1519.png,1,VALID,-0.14294434,1.6699219,-1.3046875,-1.8626723,LCC-FASD external-dev / cross-domain stress set,False
spoof_1520.png,1,VALID,-0.12658691,1.7119141,-1.2685547,-1.8880234,LCC-FASD external-dev / cross-domain stress set,False
spoof_1521.png,1,VALID,0.23791504,1.4990234,-1.5615234,-1.3069055,LCC-FASD external-dev / cross-domain stress set,False
spoof_1522.png,1,VALID,-0.7548828,2.2109375,-0.7573242,-3.015936,LCC-FASD external-dev / cross-domain stress set,False
spoof_1523.png,1,VALID,-2.0117188,3.1035156,0.14282227,-5.165721,LCC-FASD external-dev / cross-domain stress set,False
spoof_1524.png,1,VALID,-0.6430664,1.9902344,-0.53515625,-2.7102869,LCC-FASD external-dev / cross-domain stress set,False
spoof_1525.png,1,VALID,-0.7392578,-0.088256836,1.8339844,-2.709763,LCC-FASD external-dev / cross-domain stress set,False
spoof_1526.png,1,VALID,-0.5019531,0.19152832,1.1943359,-2.0087965,LCC-FASD external-dev / cross-domain stress set,False
spoof_1527.png,1,VALID,-0.15136719,1.2519531,-0.46826172,-1.5680104,LCC-FASD external-dev / cross-domain stress set,False
spoof_1528.png,1,VALID,-0.24829102,1.5537109,-0.7763672,-1.8948438,LCC-FASD external-dev / cross-domain stress set,False
spoof_1529.png,1,VALID,1.734375,-1.1162109,-0.6977539,1.9264798,LCC-FASD external-dev / cross-domain stress set,True
spoof_1530.png,1,VALID,-0.96191406,1.6113281,0.37304688,-2.8277931,LCC-FASD external-dev / cross-domain stress set,False
spoof_1531.png,1,VALID,2.0683594,-0.8286133,-1.5986328,2.516481,LCC-FASD external-dev / cross-domain stress set,True
spoof_1532.png,1,VALID,2.2011719,-1.0683594,-1.4785156,2.7605796,LCC-FASD external-dev / cross-domain stress set,True
spoof_1533.png,1,NO_VALID_FACE,,,,,LCC-FASD external-dev / cross-domain stress set,
spoof_1534.png,1,VALID,0.43652344,0.4248047,-0.48583984,-0.32636988,LCC-FASD external-dev / cross-domain stress set,False
spoof_1535.png,1,VALID,0.6489258,-0.28955078,0.05114746,0.060540557,LCC-FASD external-dev / cross-domain stress set,False
spoof_1536.png,1,VALID,-2.5253906,3.0449219,1.1132812,-5.705639,LCC-FASD external-dev / cross-domain stress set,False
spoof_1537.png,1,VALID,0.29516602,0.76953125,-0.67529297,-0.68607366,LCC-FASD external-dev / cross-domain stress set,False
spoof_1538.png,1,VALID,1.4804688,0.11254883,-1.7519531,1.2238426,LCC-FASD external-dev / cross-domain stress set,True
spoof_1539.png,1,VALID,0.4716797,0.11767578,-0.10601807,-0.23353821,LCC-FASD external-dev / cross-domain stress set,False
spoof_1540.png,1,VALID,1.9511719,-0.81396484,-1.4375,2.335925,LCC-FASD external-dev / cross-domain stress set,True
spoof_1541.png,1,VALID,1.6787109,-0.35766602,-1.5009766,1.7596835,LCC-FASD external-dev / cross-domain stress set,True
spoof_1542.png,1,VALID,1.3330078,-0.5004883,-0.68652344,1.2290466,LCC-FASD external-dev / cross-domain stress set,True
spoof_1543.png,1,VALID,0.9868164,0.1282959,-1.0048828,0.5793687,LCC-FASD external-dev / cross-domain stress set,True
spoof_1544.png,1,VALID,0.84228516,0.52685547,-1.2060547,0.15265691,LCC-FASD external-dev / cross-domain stress set,False
spoof_1545.png,1,VALID,-0.45751953,1.5380859,-0.43188477,-2.1261606,LCC-FASD external-dev / cross-domain stress set,False
spoof_1546.png,1,VALID,1.5068359,-0.7753906,-0.7553711,1.5790195,LCC-FASD external-dev / cross-domain stress set,True
spoof_1547.png,1,VALID,-0.34106445,0.42260742,0.8041992,-1.6657071,LCC-FASD external-dev / cross-domain stress set,False
spoof_1548.png,1,VALID,-0.83496094,0.9316406,0.90478516,-2.4464111,LCC-FASD external-dev / cross-domain stress set,False
spoof_1549.png,1,VALID,-0.0040779114,0.1739502,0.34716797,-0.9615301,LCC-FASD external-dev / cross-domain stress set,False
spoof_1550.png,1,VALID,0.75341797,-0.29003906,-0.08477783,0.24242193,LCC-FASD external-dev / cross-domain stress set,True
spoof_1551.png,1,VALID,-0.46191406,0.22570801,1.0009766,-1.8417243,LCC-FASD external-dev / cross-domain stress set,False
spoof_1552.png,1,VALID,1.0458984,-0.6635742,-0.11273193,0.703446,LCC-FASD external-dev / cross-domain stress set,True
spoof_1553.png,1,VALID,-0.13500977,0.11627197,0.8461914,-1.3745584,LCC-FASD external-dev / cross-domain stress set,False
spoof_1554.png,1,VALID,-0.3947754,0.013725281,1.3212891,-1.9554578,LCC-FASD external-dev / cross-domain stress set,False
spoof_1555.png,1,VALID,-1.0224609,1.0263672,1.0986328,-2.778761,LCC-FASD external-dev / cross-domain stress set,False
spoof_1556.png,1,VALID,-0.69628906,0.4404297,1.2294922,-2.3002856,LCC-FASD external-dev / cross-domain stress set,False
spoof_1557.png,1,VALID,-1.1152344,1.0039062,1.2861328,-2.9633248,LCC-FASD external-dev / cross-domain stress set,False
spoof_1558.png,1,VALID,-0.54296875,0.29101562,1.1132812,-2.0205007,LCC-FASD external-dev / cross-domain stress set,False
spoof_1559.png,1,VALID,-1.9482422,1.9277344,1.5048828,-4.379884,LCC-FASD external-dev / cross-domain stress set,False
spoof_1560.png,1,VALID,-0.06341553,0.05218506,0.8574219,-1.2903174,LCC-FASD external-dev / cross-domain stress set,False
spoof_1561.png,1,VALID,-0.21569824,0.62158203,0.24108887,-1.3581696,LCC-FASD external-dev / cross-domain stress set,False
spoof_1562.png,1,VALID,0.82128906,-0.578125,0.10681152,0.30626804,LCC-FASD external-dev / cross-domain stress set,True
spoof_1563.png,1,VALID,-1.0683594,1.2236328,0.7739258,-2.785355,LCC-FASD external-dev / cross-domain stress set,False
spoof_1564.png,1,VALID,-0.5449219,1.0830078,0.36450195,-2.025013,LCC-FASD external-dev / cross-domain stress set,False
spoof_1565.png,1,VALID,-1.3681641,1.2597656,1.1289062,-3.2577863,LCC-FASD external-dev / cross-domain stress set,False
spoof_1566.png,1,VALID,0.36401367,-0.19360352,0.37817383,-0.46174002,LCC-FASD external-dev / cross-domain stress set,False
spoof_1453.png,1,VALID,2.3417969,-1.4863281,-1.3242188,3.0506418,LCC-FASD external-dev / cross-domain stress set,True
spoof_1454.png,1,VALID,0.29370117,0.6479492,-0.5629883,-0.61500937,LCC-FASD external-dev / cross-domain stress set,False
spoof_1455.png,1,VALID,2.1386719,-1.5341797,-0.99853516,2.6764386,LCC-FASD external-dev / cross-domain stress set,True
spoof_1456.png,1,VALID,2.0507812,-1.2021484,-1.2890625,2.6022956,LCC-FASD external-dev / cross-domain stress set,True
spoof_1457.png,1,VALID,0.31835938,0.9448242,-0.91796875,-0.7707715,LCC-FASD external-dev / cross-domain stress set,False
spoof_1458.png,1,VALID,-0.63183594,1.9726562,-0.8017578,-2.6650095,LCC-FASD external-dev / cross-domain stress set,False
spoof_1459.png,1,VALID,1.9990234,-1.1386719,-1.0087891,2.3774996,LCC-FASD external-dev / cross-domain stress set,True
spoof_1460.png,1,VALID,1.6376953,-0.3605957,-1.5097656,1.7230107,LCC-FASD external-dev / cross-domain stress set,True
spoof_1461.png,1,VALID,1.6230469,-0.51953125,-1.3212891,1.772022,LCC-FASD external-dev / cross-domain stress set,True
spoof_1462.png,1,VALID,2.046875,-0.9692383,-1.3193359,2.4827714,LCC-FASD external-dev / cross-domain stress set,True
spoof_1463.png,1,VALID,0.8251953,0.8071289,-1.5996094,-0.06821108,LCC-FASD external-dev / cross-domain stress set,False
spoof_1464.png,1,VALID,0.04220581,1.2353516,-0.9013672,-1.3047242,LCC-FASD external-dev / cross-domain stress set,False
spoof_1465.png,1,VALID,1.2617188,0.22070312,-1.5703125,0.8867586,LCC-FASD external-dev / cross-domain stress set,True
spoof_1466.png,1,VALID,1.5292969,-0.2902832,-1.4384766,1.5440648,LCC-FASD external-dev / cross-domain stress set,True
spoof_1467.png,1,VALID,2.2265625,-1.6132812,-1.1542969,2.891099,LCC-FASD external-dev / cross-domain stress set,True
spoof_1468.png,1,VALID,-0.22521973,1.0019531,-0.21008301,-1.4876821,LCC-FASD external-dev / cross-domain stress set,False
spoof_1469.png,1,VALID,2.2324219,-1.3300781,-1.2460938,2.8264792,LCC-FASD external-dev / cross-domain stress set,True
spoof_1470.png,1,VALID,1.5644531,-0.105529785,-1.6787109,1.4815266,LCC-FASD external-dev / cross-domain stress set,True
spoof_1471.png,1,VALID,2.2617188,-1.7021484,-0.9638672,2.8349404,LCC-FASD external-dev / cross-domain stress set,True
spoof_1472.png,1,VALID,1.4003906,-0.103149414,-1.3730469,1.256008,LCC-FASD external-dev / cross-domain stress set,True
spoof_1473.png,1,VALID,1.5556641,-0.43017578,-1.2246094,1.6130102,LCC-FASD external-dev / cross-domain stress set,True
spoof_1474.png,1,VALID,-0.50146484,1.3310547,-0.055023193,-2.0557065,LCC-FASD external-dev / cross-domain stress set,False
spoof_1475.png,1,VALID,2.1640625,-1.4960938,-1.1054688,2.7527432,LCC-FASD external-dev / cross-domain stress set,True
spoof_1476.png,1,VALID,1.9423828,-1.2822266,-0.98535156,2.3720481,LCC-FASD external-dev / cross-domain stress set,True
spoof_1477.png,1,VALID,-1.3847656,1.1953125,1.6816406,-3.545667,LCC-FASD external-dev / cross-domain stress set,False
spoof_1478.png,1,VALID,-1.3671875,1.5644531,1.0244141,-3.390789,LCC-FASD external-dev / cross-domain stress set,False
spoof_1479.png,1,VALID,-0.16088867,1.1777344,-0.5258789,-1.5058517,LCC-FASD external-dev / cross-domain stress set,False
spoof_1480.png,1,VALID,1.9150391,-0.9169922,-1.2226562,2.2800825,LCC-FASD external-dev / cross-domain stress set,True
spoof_1481.png,1,VALID,0.09906006,1.4453125,-1.2734375,-1.4101256,LCC-FASD external-dev / cross-domain stress set,False
spoof_1482.png,1,VALID,-1.5917969,1.9296875,1.0664062,-3.8733912,LCC-FASD external-dev / cross-domain stress set,False
spoof_1483.png,1,VALID,1.6777344,-0.97216797,-0.84277344,1.8899665,LCC-FASD external-dev / cross-domain stress set,True
spoof_1484.png,1,VALID,2.1054688,-1.3203125,-1.1210938,2.6280718,LCC-FASD external-dev / cross-domain stress set,True
spoof_1485.png,1,VALID,1.8662109,-1.2763672,-0.61621094,2.0658383,LCC-FASD external-dev / cross-domain stress set,True
spoof_1486.png,1,VALID,2.3496094,-1.7929688,-1.0839844,3.03338,LCC-FASD external-dev / cross-domain stress set,True
spoof_1487.png,1,VALID,2.171875,-1.5244141,-1.0966797,2.7665772,LCC-FASD external-dev / cross-domain stress set,True
spoof_1488.png,1,VALID,1.2675781,-0.3828125,-0.87353516,1.172801,LCC-FASD external-dev / cross-domain stress set,True
spoof_1489.png,1,VALID,2.03125,-1.1777344,-1.1640625,2.508978,LCC-FASD external-dev / cross-domain stress set,True
spoof_1490.png,1,VALID,1.9433594,-0.85498047,-1.375,2.331774,LCC-FASD external-dev / cross-domain stress set,True
spoof_1491.png,1,VALID,-2.0703125,2.0722656,1.5605469,-4.612247,LCC-FASD external-dev / cross-domain stress set,False
spoof_1492.png,1,VALID,1.2490234,-0.13562012,-1.1162109,1.0661248,LCC-FASD external-dev / cross-domain stress set,True
spoof_1493.png,1,VALID,-0.22595215,1.2753906,-0.44726562,-1.6656625,LCC-FASD external-dev / cross-domain stress set,False
spoof_1494.png,1,VALID,2.0429688,-1.3476562,-1.0712891,2.549777,LCC-FASD external-dev / cross-domain stress set,True
spoof_1495.png,1,VALID,2.2949219,-1.6767578,-1.1005859,2.9495115,LCC-FASD external-dev / cross-domain stress set,True
spoof_1496.png,1,VALID,2.1113281,-1.4121094,-1.2119141,2.725191,LCC-FASD external-dev / cross-domain stress set,True
spoof_1497.png,1,VALID,1.8632812,-0.74560547,-1.3339844,2.1672654,LCC-FASD external-dev / cross-domain stress set,True
spoof_1498.png,1,VALID,-1.0507812,2.125,-0.46142578,-3.2483704,LCC-FASD external-dev / cross-domain stress set,False
spoof_1499.png,1,VALID,-0.1352539,1.9628906,-1.0683594,-2.1452718,LCC-FASD external-dev / cross-domain stress set,False
spoof_1500.png,1,VALID,-0.7631836,2.078125,-0.64746094,-2.9047601,LCC-FASD external-dev / cross-domain stress set,False
spoof_1501.png,1,NO_VALID_FACE,,,,,LCC-FASD external-dev / cross-domain stress set,
spoof_1502.png,1,VALID,-0.78564453,2.3027344,-0.5239258,-3.1459026,LCC-FASD external-dev / cross-domain stress set,False
spoof_1503.png,1,VALID,-1.4472656,2.5976562,-0.21679688,-4.103132,LCC-FASD external-dev / cross-domain stress set,False
spoof_1504.png,1,VALID,-0.6694336,0.92529297,0.62402344,-2.1485417,LCC-FASD external-dev / cross-domain stress set,False
spoof_1505.png,1,VALID,0.11645508,1.1669922,-0.89404297,-1.1703821,LCC-FASD external-dev / cross-domain stress set,False
spoof_1506.png,1,VALID,-0.23950195,2.1894531,-1.578125,-2.4518,LCC-FASD external-dev / cross-domain stress set,False
spoof_1507.png,1,VALID,-0.10864258,1.8027344,-1.3964844,-1.9513608,LCC-FASD external-dev / cross-domain stress set,False
spoof_1508.png,1,VALID,-1.2382812,2.5429688,-0.39038086,-3.8331008,LCC-FASD external-dev / cross-domain stress set,False
spoof_1509.png,1,VALID,-0.6699219,0.100097656,1.4677734,-2.3645904,LCC-FASD external-dev / cross-domain stress set,False
spoof_1510.png,1,VALID,-0.65771484,2.3066406,-1.0830078,-2.99752,LCC-FASD external-dev / cross-domain stress set,False
spoof_1401.png,1,VALID,1.578125,-0.23754883,-1.53125,1.573313,LCC-FASD external-dev / cross-domain stress set,True
spoof_1402.png,1,VALID,1.2929688,0.01878357,-1.3183594,1.0410162,LCC-FASD external-dev / cross-domain stress set,True
spoof_1403.png,1,VALID,0.026031494,1.3945312,-1.0986328,-1.4479097,LCC-FASD external-dev / cross-domain stress set,False
spoof_1404.png,1,VALID,2.0839844,-1.3789062,-1.2626953,2.709951,LCC-FASD external-dev / cross-domain stress set,True
spoof_1405.png,1,VALID,-1.5820312,2.6816406,-0.35546875,-4.31053,LCC-FASD external-dev / cross-domain stress set,False
spoof_1406.png,1,VALID,2.3691406,-1.5996094,-1.4697266,3.2085543,LCC-FASD external-dev / cross-domain stress set,True
spoof_1407.png,1,VALID,2.0136719,-1.5234375,-0.828125,2.437053,LCC-FASD external-dev / cross-domain stress set,True
spoof_1408.png,1,VALID,1.7460938,-0.6015625,-1.4765625,1.9992117,LCC-FASD external-dev / cross-domain stress set,True
spoof_1409.png,1,VALID,-0.5776367,2.3203125,-1.2382812,-2.9260302,LCC-FASD external-dev / cross-domain stress set,False
spoof_1410.png,1,VALID,2.2617188,-1.6582031,-1.2421875,2.9972875,LCC-FASD external-dev / cross-domain stress set,True
spoof_1411.png,1,VALID,-0.6923828,-0.33203125,2.0683594,-2.8475459,LCC-FASD external-dev / cross-domain stress set,False
spoof_1412.png,1,VALID,-1.0292969,1.8671875,-0.042816162,-3.0345752,LCC-FASD external-dev / cross-domain stress set,False
spoof_1413.png,1,VALID,1.8916016,-1.1552734,-1.1308594,2.3414464,LCC-FASD external-dev / cross-domain stress set,True
spoof_1414.png,1,VALID,2.171875,-1.734375,-0.85302734,2.6783211,LCC-FASD external-dev / cross-domain stress set,True
spoof_1415.png,1,VALID,2.1992188,-1.5996094,-1.3662109,2.9821877,LCC-FASD external-dev / cross-domain stress set,True
spoof_1416.png,1,VALID,-1.3134766,2.5273438,-0.4140625,-3.8922656,LCC-FASD external-dev / cross-domain stress set,False
spoof_1417.png,1,VALID,2.3945312,-1.8115234,-1.1923828,3.1561666,LCC-FASD external-dev / cross-domain stress set,True
spoof_1418.png,1,VALID,-0.066467285,1.4492188,-0.9272461,-1.6045009,LCC-FASD external-dev / cross-domain stress set,False
spoof_1419.png,1,VALID,1.7773438,-0.44995117,-1.6318359,1.95979,LCC-FASD external-dev / cross-domain stress set,True
spoof_1420.png,1,VALID,2.1230469,-0.98291016,-1.6201172,2.6814954,LCC-FASD external-dev / cross-domain stress set,True
spoof_1421.png,1,VALID,-0.8442383,2.0175781,-0.46801758,-2.941806,LCC-FASD external-dev / cross-domain stress set,False
spoof_1422.png,1,VALID,2.0019531,-1.2412109,-1.3164062,2.5869079,LCC-FASD external-dev / cross-domain stress set,True
spoof_1423.png,1,VALID,2.2871094,-1.6542969,-1.4912109,3.1633952,LCC-FASD external-dev / cross-domain stress set,True
spoof_1424.png,1,VALID,1.1757812,-0.061431885,-1.0625,0.92423856,LCC-FASD external-dev / cross-domain stress set,True
spoof_1425.png,1,VALID,-0.5776367,2.4199219,-1.3046875,-3.0213947,LCC-FASD external-dev / cross-domain stress set,False
spoof_1426.png,1,VALID,1.4511719,-0.25439453,-1.2773438,1.3984251,LCC-FASD external-dev / cross-domain stress set,True
spoof_1427.png,1,VALID,-0.5024414,-0.73535156,2.1992188,-2.7534492,LCC-FASD external-dev / cross-domain stress set,False
spoof_1428.png,1,VALID,0.8544922,-0.12768555,-0.56103516,0.4824128,LCC-FASD external-dev / cross-domain stress set,True
spoof_1429.png,1,VALID,1.9609375,-0.3215332,-2.0664062,2.121486,LCC-FASD external-dev / cross-domain stress set,True
spoof_1430.png,1,VALID,0.9682617,0.2944336,-1.1162109,0.4555074,LCC-FASD external-dev / cross-domain stress set,True
spoof_1431.png,1,VALID,1.5322266,-0.4230957,-1.2919922,1.605078,LCC-FASD external-dev / cross-domain stress set,True
spoof_1432.png,1,VALID,1.5966797,-0.8779297,-0.7285156,1.7039671,LCC-FASD external-dev / cross-domain stress set,True
spoof_1433.png,1,VALID,1.4892578,-0.96533203,-0.45239258,1.4724389,LCC-FASD external-dev / cross-domain stress set,True
spoof_1434.png,1,VALID,1.2929688,0.12695312,-1.4990234,0.98643166,LCC-FASD external-dev / cross-domain stress set,True
spoof_1435.png,1,VALID,1.2666016,-0.41748047,-0.8486328,1.1834522,LCC-FASD external-dev / cross-domain stress set,True
spoof_1436.png,1,VALID,1.2382812,0.06951904,-1.2910156,0.94041336,LCC-FASD external-dev / cross-domain stress set,True
spoof_1437.png,1,VALID,1.3046875,0.18798828,-1.5625,0.9565473,LCC-FASD external-dev / cross-domain stress set,True
spoof_1438.png,1,VALID,0.8041992,0.46850586,-1.109375,0.14804262,LCC-FASD external-dev / cross-domain stress set,False
spoof_1439.png,1,VALID,1.3007812,-0.3137207,-0.9316406,1.1833271,LCC-FASD external-dev / cross-domain stress set,True
spoof_1440.png,1,VALID,0.97558594,0.24865723,-1.0966797,0.4954584,LCC-FASD external-dev / cross-domain stress set,True
spoof_1441.png,1,VALID,1.4414062,-0.27075195,-1.2617188,1.3964591,LCC-FASD external-dev / cross-domain stress set,True
spoof_1442.png,1,VALID,1.1474609,0.55126953,-1.7294922,0.49887747,LCC-FASD external-dev / cross-domain stress set,True
spoof_1443.png,1,VALID,1.1005859,-0.61035156,-0.23815918,0.81447726,LCC-FASD external-dev / cross-domain stress set,True
spoof_1444.png,1,VALID,-0.73779297,-0.17419434,1.9052734,-2.7608464,LCC-FASD external-dev / cross-domain stress set,False
spoof_1445.png,1,VALID,1.3691406,-0.6538086,-0.6269531,1.3162842,LCC-FASD external-dev / cross-domain stress set,True
spoof_1446.png,1,VALID,0.8286133,-0.013061523,-0.61083984,0.40339905,LCC-FASD external-dev / cross-domain stress set,True
spoof_1447.png,1,VALID,1.4160156,-0.31396484,-1.1689453,1.3756042,LCC-FASD external-dev / cross-domain stress set,True
spoof_1448.png,1,VALID,2.0761719,-1.0585938,-1.4560547,2.6207306,LCC-FASD external-dev / cross-domain stress set,True
spoof_1449.png,1,VALID,1.8710938,-1.4033203,-0.59228516,2.0956864,LCC-FASD external-dev / cross-domain stress set,True
spoof_1450.png,1,VALID,2.1464844,-1.671875,-0.8930664,2.661832,LCC-FASD external-dev / cross-domain stress set,True
spoof_1451.png,1,VALID,1.8818359,-1.0029297,-1.1074219,2.2425003,LCC-FASD external-dev / cross-domain stress set,True
spoof_1452.png,1,VALID,2.1699219,-1.4248047,-1.0224609,2.6803074,LCC-FASD external-dev / cross-domain stress set,True
spoof_1344.png,1,VALID,0.1977539,0.92626953,-0.7109375,-0.9062623,LCC-FASD external-dev / cross-domain stress set,False
spoof_1345.png,1,VALID,0.56689453,1.3583984,-1.9375,-0.8278693,LCC-FASD external-dev / cross-domain stress set,False
spoof_1346.png,1,VALID,2.2773438,-1.1240234,-1.7060547,2.9574752,LCC-FASD external-dev / cross-domain stress set,True
spoof_1347.png,1,VALID,1.5429688,-0.4724121,-1.1279297,1.5972146,LCC-FASD external-dev / cross-domain stress set,True
spoof_1348.png,1,VALID,2.4589844,-1.6425781,-1.46875,3.317729,LCC-FASD external-dev / cross-domain stress set,True
spoof_1349.png,1,VALID,0.41479492,0.96533203,-1.1503906,-0.66435325,LCC-FASD external-dev / cross-domain stress set,False
spoof_1350.png,1,VALID,1.6044922,-0.117004395,-1.765625,1.5455998,LCC-FASD external-dev / cross-domain stress set,True
spoof_1351.png,1,VALID,1.2832031,0.114746094,-1.5830078,1.0003238,LCC-FASD external-dev / cross-domain stress set,True
spoof_1352.png,1,VALID,0.46069336,-0.06137085,0.17004395,-0.2934696,LCC-FASD external-dev / cross-domain stress set,False
spoof_1353.png,1,VALID,1.0869141,-0.85791016,0.022491455,0.7175642,LCC-FASD external-dev / cross-domain stress set,True
spoof_1354.png,1,VALID,1.2236328,-0.043548584,-1.1230469,0.9746865,LCC-FASD external-dev / cross-domain stress set,True
spoof_1355.png,1,VALID,0.52197266,0.63720703,-0.77001953,-0.33422637,LCC-FASD external-dev / cross-domain stress set,False
spoof_1356.png,1,VALID,0.8833008,0.79248047,-1.7548828,0.015445888,LCC-FASD external-dev / cross-domain stress set,False
spoof_1357.png,1,VALID,-0.24035645,1.7949219,-1.2128906,-2.0834966,LCC-FASD external-dev / cross-domain stress set,False
spoof_1358.png,1,VALID,1.6679688,-0.71777344,-0.9428711,1.7988235,LCC-FASD external-dev / cross-domain stress set,True
spoof_1359.png,1,VALID,0.515625,-0.80566406,0.7758789,-0.44727898,LCC-FASD external-dev / cross-domain stress set,False
spoof_1360.png,1,VALID,-0.5966797,1.4228516,0.11981201,-2.2598896,LCC-FASD external-dev / cross-domain stress set,False
spoof_1361.png,1,VALID,-0.20336914,1.921875,-1.2568359,-2.16604,LCC-FASD external-dev / cross-domain stress set,False
spoof_1362.png,1,VALID,1.9648438,-1.1054688,-0.9267578,2.283823,LCC-FASD external-dev / cross-domain stress set,True
spoof_1363.png,1,VALID,2.1484375,-1.3613281,-0.9482422,2.5888953,LCC-FASD external-dev / cross-domain stress set,True
spoof_1364.png,1,VALID,0.7426758,0.6425781,-0.87597656,-0.09795636,LCC-FASD external-dev / cross-domain stress set,False
spoof_1365.png,1,VALID,1.7382812,-0.4658203,-1.3945312,1.8711622,LCC-FASD external-dev / cross-domain stress set,True
spoof_1366.png,1,VALID,-0.6459961,2.0507812,-0.69189453,-2.7591865,LCC-FASD external-dev / cross-domain stress set,False
spoof_1367.png,1,VALID,1.4238281,0.08331299,-1.6367188,1.1757972,LCC-FASD external-dev / cross-domain stress set,True
spoof_1368.png,1,VALID,1.0664062,-0.13684082,-0.5854492,0.7094561,LCC-FASD external-dev / cross-domain stress set,True
spoof_1369.png,1,VALID,0.52490234,0.12371826,0.0026493073,-0.23325974,LCC-FASD external-dev / cross-domain stress set,False
spoof_1370.png,1,VALID,-0.22790527,2.203125,-1.5371094,-2.4545012,LCC-FASD external-dev / cross-domain stress set,False
spoof_1371.png,1,VALID,0.8720703,-1.5449219,1.2685547,-0.45474946,LCC-FASD external-dev / cross-domain stress set,False
spoof_1372.png,1,VALID,1.4326172,-1.0,-0.20593262,1.2656062,LCC-FASD external-dev / cross-domain stress set,True
spoof_1373.png,1,VALID,-0.8564453,1.8554688,0.0020713806,-2.8574884,LCC-FASD external-dev / cross-domain stress set,False
spoof_1374.png,1,VALID,-0.21142578,1.8837891,-1.1201172,-2.1436172,LCC-FASD external-dev / cross-domain stress set,False
spoof_1375.png,1,VALID,2.265625,-1.1748047,-1.3740234,2.841939,LCC-FASD external-dev / cross-domain stress set,True
spoof_1376.png,1,VALID,0.66796875,1.2158203,-1.7060547,-0.6002852,LCC-FASD external-dev / cross-domain stress set,False
spoof_1377.png,1,VALID,1.1679688,0.45263672,-1.5175781,0.58480656,LCC-FASD external-dev / cross-domain stress set,True
spoof_1378.png,1,VALID,2.2402344,-0.7705078,-1.8447266,2.7169056,LCC-FASD external-dev / cross-domain stress set,True
spoof_1379.png,1,VALID,1.7626953,-0.07299805,-1.8691406,1.6821676,LCC-FASD external-dev / cross-domain stress set,True
spoof_1380.png,1,VALID,0.28344727,1.1640625,-1.125,-0.97716224,LCC-FASD external-dev / cross-domain stress set,False
spoof_1381.png,1,VALID,2.1875,-1.4785156,-1.2246094,2.8378782,LCC-FASD external-dev / cross-domain stress set,True
spoof_1382.png,1,VALID,1.7480469,-1.0048828,-1.0576172,2.085802,LCC-FASD external-dev / cross-domain stress set,True
spoof_1383.png,1,VALID,2.0566406,-1.453125,-1.1621094,2.6605616,LCC-FASD external-dev / cross-domain stress set,True
spoof_1384.png,1,VALID,0.021438599,1.5068359,-1.0664062,-1.5589151,LCC-FASD external-dev / cross-domain stress set,False
spoof_1385.png,1,VALID,0.9838867,0.14367676,-0.96435547,0.5548746,LCC-FASD external-dev / cross-domain stress set,True
spoof_1386.png,1,VALID,2.1425781,-0.82421875,-1.53125,2.5659385,LCC-FASD external-dev / cross-domain stress set,True
spoof_1387.png,1,VALID,2.0957031,-0.9140625,-1.5146484,2.5724852,LCC-FASD external-dev / cross-domain stress set,True
spoof_1388.png,1,VALID,2.1738281,-1.3417969,-1.234375,2.7673252,LCC-FASD external-dev / cross-domain stress set,True
spoof_1389.png,1,VALID,1.8554688,-1.0029297,-1.1386719,2.230821,LCC-FASD external-dev / cross-domain stress set,True
spoof_1390.png,1,VALID,2.0800781,-1.3056641,-1.2734375,2.676352,LCC-FASD external-dev / cross-domain stress set,True
spoof_1391.png,1,VALID,2.4238281,-1.2744141,-1.6738281,3.1849918,LCC-FASD external-dev / cross-domain stress set,True
spoof_1392.png,1,VALID,2.0976562,-1.2207031,-1.2275391,2.6286244,LCC-FASD external-dev / cross-domain stress set,True
spoof_1393.png,1,VALID,2.03125,-1.1601562,-1.3632812,2.594673,LCC-FASD external-dev / cross-domain stress set,True
spoof_1394.png,1,VALID,1.8095703,-0.7133789,-1.2304688,2.0552902,LCC-FASD external-dev / cross-domain stress set,True
spoof_1395.png,1,VALID,0.37573242,0.8769531,-0.90283203,-0.6570908,LCC-FASD external-dev / cross-domain stress set,False
spoof_1396.png,1,VALID,2.0273438,-1.5986328,-0.85498047,2.4934125,LCC-FASD external-dev / cross-domain stress set,True
spoof_1397.png,1,VALID,2.3378906,-1.4550781,-1.2539062,2.9941854,LCC-FASD external-dev / cross-domain stress set,True
spoof_1398.png,1,VALID,1.9355469,-1.0996094,-1.1230469,2.3536592,LCC-FASD external-dev / cross-domain stress set,True
spoof_1399.png,1,VALID,1.4072266,-0.07922363,-1.3242188,1.2334044,LCC-FASD external-dev / cross-domain stress set,True
spoof_1400.png,1,VALID,1.4912109,0.21166992,-1.8095703,1.1551213,LCC-FASD external-dev / cross-domain stress set,True
spoof_1294.png,1,VALID,1.5341797,-0.5307617,-1.0839844,1.6106267,LCC-FASD external-dev / cross-domain stress set,True
spoof_1295.png,1,VALID,1.2041016,-0.1928711,-0.94384766,1.0104148,LCC-FASD external-dev / cross-domain stress set,True
spoof_1296.png,1,VALID,1.4306641,-0.37597656,-1.1015625,1.4118719,LCC-FASD external-dev / cross-domain stress set,True
spoof_1297.png,1,VALID,1.6552734,-0.7006836,-1.171875,1.8709059,LCC-FASD external-dev / cross-domain stress set,True
spoof_1298.png,1,VALID,1.5664062,-0.7651367,-0.90527344,1.7060114,LCC-FASD external-dev / cross-domain stress set,True
spoof_1299.png,1,VALID,1.4257812,-0.44995117,-0.9814453,1.4134295,LCC-FASD external-dev / cross-domain stress set,True
spoof_1300.png,1,VALID,2.0820312,-1.3955078,-1.1738281,2.6674218,LCC-FASD external-dev / cross-domain stress set,True
spoof_1301.png,1,VALID,1.5048828,-0.41455078,-1.2119141,1.5475147,LCC-FASD external-dev / cross-domain stress set,True
spoof_1302.png,1,VALID,1.6396484,-0.42456055,-1.3994141,1.744122,LCC-FASD external-dev / cross-domain stress set,True
spoof_1303.png,1,VALID,1.9257812,-1.1445312,-1.0185547,2.3121946,LCC-FASD external-dev / cross-domain stress set,True
spoof_1304.png,1,VALID,-0.057434082,1.1289062,-0.56396484,-1.3552308,LCC-FASD external-dev / cross-domain stress set,False
spoof_1305.png,1,VALID,-0.98828125,0.034454346,2.2285156,-3.3224742,LCC-FASD external-dev / cross-domain stress set,False
spoof_1306.png,1,VALID,-1.2167969,1.0097656,1.4160156,-3.1433244,LCC-FASD external-dev / cross-domain stress set,False
spoof_1307.png,1,VALID,0.031707764,1.3085938,-0.86572266,-1.3845611,LCC-FASD external-dev / cross-domain stress set,False
spoof_1308.png,1,VALID,1.6181641,-1.2177734,-0.37963867,1.63837,LCC-FASD external-dev / cross-domain stress set,True
spoof_1309.png,1,VALID,-0.36083984,0.5678711,0.55126953,-1.6135918,LCC-FASD external-dev / cross-domain stress set,False
spoof_1310.png,1,VALID,-0.66796875,2.2089844,-0.9243164,-2.9196043,LCC-FASD external-dev / cross-domain stress set,False
spoof_1311.png,1,VALID,1.6904297,-0.80371094,-0.9995117,1.8941092,LCC-FASD external-dev / cross-domain stress set,True
spoof_1312.png,1,VALID,2.1113281,-0.93652344,-1.4619141,2.5832849,LCC-FASD external-dev / cross-domain stress set,True
spoof_1313.png,1,VALID,1.3515625,-0.78564453,-0.48120117,1.2802969,LCC-FASD external-dev / cross-domain stress set,True
spoof_1314.png,1,VALID,-0.64990234,2.1308594,-0.9926758,-2.8238225,LCC-FASD external-dev / cross-domain stress set,False
spoof_1315.png,1,VALID,0.30981445,1.1601562,-1.3232422,-0.9305006,LCC-FASD external-dev / cross-domain stress set,False
spoof_1316.png,1,VALID,-1.8671875,2.9941406,-0.14111328,-4.903898,LCC-FASD external-dev / cross-domain stress set,False
spoof_1317.png,1,VALID,-0.9975586,2.40625,-0.8066406,-3.4432602,LCC-FASD external-dev / cross-domain stress set,False
spoof_1318.png,1,VALID,-1.6816406,2.8535156,-0.2927246,-4.5772705,LCC-FASD external-dev / cross-domain stress set,False
spoof_1319.png,1,VALID,-1.9921875,2.9609375,0.1237793,-5.0100646,LCC-FASD external-dev / cross-domain stress set,False
spoof_1320.png,1,VALID,-1.8798828,2.9375,-0.07684326,-4.8652945,LCC-FASD external-dev / cross-domain stress set,False
spoof_1321.png,1,VALID,0.18383789,1.3398438,-1.3486328,-1.2217791,LCC-FASD external-dev / cross-domain stress set,False
spoof_1322.png,1,VALID,-2.4726562,3.3964844,0.37670898,-5.9167986,LCC-FASD external-dev / cross-domain stress set,False
spoof_1323.png,1,VALID,-0.44213867,1.8857422,-0.95654297,-2.3845375,LCC-FASD external-dev / cross-domain stress set,False
spoof_1324.png,1,VALID,-0.40844727,1.3222656,-0.08459473,-1.9497769,LCC-FASD external-dev / cross-domain stress set,False
spoof_1325.png,1,VALID,-0.9506836,2.3066406,-0.57470703,-3.3118684,LCC-FASD external-dev / cross-domain stress set,False
spoof_1326.png,1,VALID,-0.80029297,1.0771484,0.80615234,-2.4442425,LCC-FASD external-dev / cross-domain stress set,False
spoof_1327.png,1,VALID,-0.1986084,0.10247803,0.9116211,-1.4785044,LCC-FASD external-dev / cross-domain stress set,False
spoof_1328.png,1,VALID,0.24865723,-0.1184082,0.49536133,-0.6793345,LCC-FASD external-dev / cross-domain stress set,False
spoof_1329.png,1,VALID,-0.6323242,1.7568359,-0.21032715,-2.5200596,LCC-FASD external-dev / cross-domain stress set,False
spoof_1330.png,1,VALID,-1.0166016,2.4746094,-0.7729492,-3.5293436,LCC-FASD external-dev / cross-domain stress set,False
spoof_1331.png,1,VALID,0.31152344,0.01335907,0.28808594,-0.54175115,LCC-FASD external-dev / cross-domain stress set,False
spoof_1332.png,1,VALID,-1.0253906,2.5957031,-0.90527344,-3.6508155,LCC-FASD external-dev / cross-domain stress set,False
spoof_1333.png,1,VALID,-0.7988281,2.4082031,-0.9326172,-3.2418268,LCC-FASD external-dev / cross-domain stress set,False
spoof_1334.png,1,VALID,-1.3916016,1.9726562,0.88378906,-3.654385,LCC-FASD external-dev / cross-domain stress set,False
spoof_1335.png,1,VALID,0.6669922,-0.18981934,-0.019927979,0.075115144,LCC-FASD external-dev / cross-domain stress set,False
spoof_1336.png,1,VALID,-0.38012695,0.875,0.40112305,-1.7391468,LCC-FASD external-dev / cross-domain stress set,False
spoof_1337.png,1,VALID,-1.5166016,2.6601562,-0.2121582,-4.231784,LCC-FASD external-dev / cross-domain stress set,False
spoof_1338.png,1,VALID,0.7338867,-0.6020508,0.27807617,0.10887164,LCC-FASD external-dev / cross-domain stress set,False
spoof_1339.png,1,VALID,0.45092773,1.4667969,-1.8574219,-1.0512369,LCC-FASD external-dev / cross-domain stress set,False
spoof_1340.png,1,VALID,0.8232422,0.48388672,-1.1220703,0.1564529,LCC-FASD external-dev / cross-domain stress set,False
spoof_1341.png,1,VALID,0.46191406,-0.60595703,0.7402344,-0.5096141,LCC-FASD external-dev / cross-domain stress set,False
spoof_1342.png,1,VALID,2.3300781,-1.5351562,-1.4335938,3.120017,LCC-FASD external-dev / cross-domain stress set,True
spoof_1343.png,1,VALID,0.76708984,-0.5473633,0.19140625,0.1851958,LCC-FASD external-dev / cross-domain stress set,True
spoof_1239.png,1,VALID,0.49926758,1.0517578,-1.1337891,-0.6590247,LCC-FASD external-dev / cross-domain stress set,False
spoof_1240.png,1,VALID,0.2097168,-0.07043457,0.30126953,-0.61601985,LCC-FASD external-dev / cross-domain stress set,False
spoof_1241.png,1,VALID,-0.3803711,0.32788086,0.69970703,-1.6044954,LCC-FASD external-dev / cross-domain stress set,False
spoof_1242.png,1,VALID,0.85058594,0.80566406,-1.4228516,-0.057353258,LCC-FASD external-dev / cross-domain stress set,False
spoof_1243.png,1,VALID,1.3310547,0.12841797,-1.3251953,0.9925993,LCC-FASD external-dev / cross-domain stress set,True
spoof_1244.png,1,VALID,0.6166992,-0.02330017,-0.27783203,0.06604165,LCC-FASD external-dev / cross-domain stress set,False
spoof_1245.png,1,VALID,-0.98339844,0.056549072,2.0292969,-3.1429112,LCC-FASD external-dev / cross-domain stress set,False
spoof_1246.png,1,VALID,0.3540039,-1.7099609,1.8583984,-1.5322062,LCC-FASD external-dev / cross-domain stress set,False
spoof_1247.png,1,VALID,0.9458008,-1.7734375,0.99658203,-0.111557245,LCC-FASD external-dev / cross-domain stress set,False
spoof_1248.png,1,VALID,0.19641113,-1.0634766,1.53125,-1.406849,LCC-FASD external-dev / cross-domain stress set,False
spoof_1249.png,1,VALID,1.1875,-1.1416016,0.1541748,0.7914107,LCC-FASD external-dev / cross-domain stress set,True
spoof_1250.png,1,VALID,1.0615234,-1.1298828,0.2434082,0.59235746,LCC-FASD external-dev / cross-domain stress set,True
spoof_1251.png,1,VALID,-0.4230957,0.60302734,0.55371094,-1.694916,LCC-FASD external-dev / cross-domain stress set,False
spoof_1252.png,1,VALID,1.0556641,-1.3613281,0.4699707,0.43709636,LCC-FASD external-dev / cross-domain stress set,True
spoof_1253.png,1,VALID,-0.0715332,-0.23071289,0.9736328,-1.3074442,LCC-FASD external-dev / cross-domain stress set,False
spoof_1254.png,1,VALID,0.045135498,0.46801758,0.0023059845,-0.9100429,LCC-FASD external-dev / cross-domain stress set,False
spoof_1255.png,1,VALID,1.5263672,-1.3125,-0.14587402,1.4011338,LCC-FASD external-dev / cross-domain stress set,True
spoof_1256.png,1,VALID,1.2119141,-1.1464844,0.20043945,0.78033197,LCC-FASD external-dev / cross-domain stress set,True
spoof_1257.png,1,VALID,0.97265625,-1.4814453,0.84814453,0.031626582,LCC-FASD external-dev / cross-domain stress set,False
spoof_1258.png,1,VALID,1.46875,-1.3388672,0.010818481,1.2273583,LCC-FASD external-dev / cross-domain stress set,True
spoof_1259.png,1,VALID,1.8310547,-1.2822266,-0.6879883,2.0795095,LCC-FASD external-dev / cross-domain stress set,True
spoof_1260.png,1,VALID,-0.0006108284,0.4260254,0.14038086,-0.98712575,LCC-FASD external-dev / cross-domain stress set,False
spoof_1261.png,1,VALID,-0.45043945,0.8208008,0.3466797,-1.7551664,LCC-FASD external-dev / cross-domain stress set,False
spoof_1262.png,1,VALID,1.3867188,-1.3378906,-0.046203613,1.1901277,LCC-FASD external-dev / cross-domain stress set,True
spoof_1263.png,1,VALID,-0.4453125,0.6357422,0.53808594,-1.7265654,LCC-FASD external-dev / cross-domain stress set,False
spoof_1264.png,1,VALID,1.2490234,-1.3046875,0.1850586,0.8606731,LCC-FASD external-dev / cross-domain stress set,True
spoof_1265.png,1,VALID,0.16320801,-0.51464844,0.9379883,-0.98500276,LCC-FASD external-dev / cross-domain stress set,False
spoof_1266.png,1,VALID,-0.12841797,-1.4345703,2.0722656,-2.2302344,LCC-FASD external-dev / cross-domain stress set,False
spoof_1267.png,1,VALID,-0.65527344,-0.31591797,1.8769531,-2.6380234,LCC-FASD external-dev / cross-domain stress set,False
spoof_1268.png,1,VALID,-4.7148438,4.3984375,2.9082031,-9.316483,LCC-FASD external-dev / cross-domain stress set,False
spoof_1269.png,1,VALID,-4.4492188,4.6796875,2.1347656,-9.204458,LCC-FASD external-dev / cross-domain stress set,False
spoof_1270.png,1,VALID,-2.1015625,3.09375,0.023239136,-5.2406654,LCC-FASD external-dev / cross-domain stress set,False
spoof_1271.png,1,VALID,-2.1992188,3.125,0.28759766,-5.381145,LCC-FASD external-dev / cross-domain stress set,False
spoof_1272.png,1,VALID,-1.96875,2.921875,0.17236328,-4.952622,LCC-FASD external-dev / cross-domain stress set,False
spoof_1273.png,1,VALID,-2.9492188,3.1992188,1.2802734,-6.2853794,LCC-FASD external-dev / cross-domain stress set,False
spoof_1274.png,1,VALID,-1.6806641,2.4746094,0.37719727,-4.2710757,LCC-FASD external-dev / cross-domain stress set,False
spoof_1275.png,1,VALID,-1.7109375,2.7519531,-0.21459961,-4.51309,LCC-FASD external-dev / cross-domain stress set,False
spoof_1276.png,1,VALID,-2.578125,3.015625,0.94970703,-5.7130446,LCC-FASD external-dev / cross-domain stress set,False
spoof_1277.png,1,VALID,-2.90625,3.3261719,0.9824219,-6.324059,LCC-FASD external-dev / cross-domain stress set,False
spoof_1278.png,1,VALID,-1.6787109,2.7519531,-0.29296875,-4.477166,LCC-FASD external-dev / cross-domain stress set,False
spoof_1279.png,1,VALID,-2.3710938,3.6152344,-0.030380249,-6.0120983,LCC-FASD external-dev / cross-domain stress set,False
spoof_1280.png,1,VALID,-2.1015625,2.9550781,0.21240234,-5.11905,LCC-FASD external-dev / cross-domain stress set,False
spoof_1281.png,1,VALID,-2.9277344,3.296875,1.5810547,-6.389968,LCC-FASD external-dev / cross-domain stress set,False
spoof_1282.png,1,VALID,-2.46875,2.96875,0.7807617,-5.543788,LCC-FASD external-dev / cross-domain stress set,False
spoof_1283.png,1,VALID,-1.8066406,2.7832031,0.09039307,-4.6553416,LCC-FASD external-dev / cross-domain stress set,False
spoof_1284.png,1,VALID,-2.0449219,3.0488281,0.2442627,-5.1525216,LCC-FASD external-dev / cross-domain stress set,False
spoof_1285.png,1,VALID,-2.3144531,3.3632812,0.01411438,-5.7122455,LCC-FASD external-dev / cross-domain stress set,False
spoof_1286.png,1,VALID,-2.6601562,3.4277344,0.4555664,-6.1378155,LCC-FASD external-dev / cross-domain stress set,False
spoof_1287.png,1,VALID,-4.0078125,4.3671875,1.7373047,-8.444607,LCC-FASD external-dev / cross-domain stress set,False
spoof_1288.png,1,VALID,1.5771484,-0.34155273,-1.4121094,1.623931,LCC-FASD external-dev / cross-domain stress set,True
spoof_1289.png,1,VALID,1.6875,-0.640625,-1.2207031,1.8835324,LCC-FASD external-dev / cross-domain stress set,True
spoof_1290.png,1,VALID,1.0371094,0.11047363,-1.125,0.6714533,LCC-FASD external-dev / cross-domain stress set,True
spoof_1291.png,1,VALID,1.7353516,-0.86865234,-1.1367188,2.0359342,LCC-FASD external-dev / cross-domain stress set,True
spoof_1292.png,1,VALID,1.90625,-0.9082031,-1.3359375,2.3124757,LCC-FASD external-dev / cross-domain stress set,True
spoof_1293.png,1,VALID,1.8720703,-0.6328125,-1.4931641,2.152106,LCC-FASD external-dev / cross-domain stress set,True
spoof_1189.png,1,VALID,0.32763672,-0.91308594,1.0546875,-0.8578752,LCC-FASD external-dev / cross-domain stress set,False
spoof_1190.png,1,VALID,1.1748047,-0.035186768,-1.1484375,0.9259489,LCC-FASD external-dev / cross-domain stress set,True
spoof_1191.png,1,VALID,1.7939453,-0.63916016,-1.3691406,2.039768,LCC-FASD external-dev / cross-domain stress set,True
spoof_1192.png,1,VALID,1.7734375,-1.6308594,-0.45166016,1.9569616,LCC-FASD external-dev / cross-domain stress set,True
spoof_1193.png,1,VALID,-0.7519531,1.7607422,-0.28759766,-2.6339822,LCC-FASD external-dev / cross-domain stress set,False
spoof_1194.png,1,VALID,-1.1494141,1.9521484,0.14245605,-3.253171,LCC-FASD external-dev / cross-domain stress set,False
spoof_1195.png,1,VALID,1.0302734,-0.66796875,-0.123046875,0.6959669,LCC-FASD external-dev / cross-domain stress set,True
spoof_1196.png,1,VALID,-0.07928467,1.0361328,-0.5151367,-1.3076718,LCC-FASD external-dev / cross-domain stress set,False
spoof_1197.png,1,VALID,-0.89453125,2.125,-0.5253906,-3.0877726,LCC-FASD external-dev / cross-domain stress set,False
spoof_1198.png,1,VALID,-1.2363281,2.5,-0.42700195,-3.7885005,LCC-FASD external-dev / cross-domain stress set,False
spoof_1199.png,1,VALID,-1.8134766,2.796875,0.00050354004,-4.669593,LCC-FASD external-dev / cross-domain stress set,False
spoof_1200.png,1,VALID,1.1777344,0.5961914,-1.9140625,0.50342745,LCC-FASD external-dev / cross-domain stress set,True
spoof_1201.png,1,VALID,0.13574219,1.1259766,-0.78466797,-1.1282426,LCC-FASD external-dev / cross-domain stress set,False
spoof_1202.png,1,VALID,1.3447266,-1.1318359,-0.076049805,1.1222147,LCC-FASD external-dev / cross-domain stress set,True
spoof_1203.png,1,VALID,-1.8486328,2.7988281,0.08251953,-4.7114854,LCC-FASD external-dev / cross-domain stress set,False
spoof_1204.png,1,VALID,1.3837891,0.34545898,-1.9443359,0.94185036,LCC-FASD external-dev / cross-domain stress set,True
spoof_1205.png,1,VALID,-2.3671875,3.1621094,0.41967773,-5.5917206,LCC-FASD external-dev / cross-domain stress set,False
spoof_1206.png,1,VALID,1.3535156,0.25,-1.7607422,0.977862,LCC-FASD external-dev / cross-domain stress set,True
spoof_1207.png,1,VALID,1.3818359,0.2915039,-1.8388672,0.97808135,LCC-FASD external-dev / cross-domain stress set,True
spoof_1208.png,1,VALID,-2.3125,3.0976562,0.2980957,-5.4692144,LCC-FASD external-dev / cross-domain stress set,False
spoof_1209.png,1,VALID,1.0947266,-1.0742188,0.22460938,0.6288576,LCC-FASD external-dev / cross-domain stress set,True
spoof_1210.png,1,VALID,-1.3066406,2.5957031,-0.5834961,-3.94312,LCC-FASD external-dev / cross-domain stress set,False
spoof_1211.png,1,VALID,-0.34228516,1.65625,-0.87939453,-2.0747652,LCC-FASD external-dev / cross-domain stress set,False
spoof_1212.png,1,VALID,-1.9238281,3.0410156,-0.12939453,-5.005973,LCC-FASD external-dev / cross-domain stress set,False
spoof_1213.png,1,VALID,-1.2998047,2.3710938,-0.34399414,-3.7349987,LCC-FASD external-dev / cross-domain stress set,False
spoof_1214.png,1,VALID,0.36865234,-0.4963379,0.67578125,-0.5769346,LCC-FASD external-dev / cross-domain stress set,False
spoof_1215.png,1,VALID,1.9140625,-1.125,-1.1826172,2.374309,LCC-FASD external-dev / cross-domain stress set,True
spoof_1216.png,1,VALID,1.4335938,-0.4814453,-1.0878906,1.4798303,LCC-FASD external-dev / cross-domain stress set,True
spoof_1217.png,1,VALID,-0.5419922,2.3007812,-1.1806641,-2.8730726,LCC-FASD external-dev / cross-domain stress set,False
spoof_1218.png,1,VALID,1.1191406,0.1586914,-1.2216797,0.7361182,LCC-FASD external-dev / cross-domain stress set,True
spoof_1219.png,1,VALID,0.30688477,1.328125,-1.3974609,-1.0846916,LCC-FASD external-dev / cross-domain stress set,False
spoof_1220.png,1,VALID,1.5751953,-0.4868164,-1.0742188,1.6200417,LCC-FASD external-dev / cross-domain stress set,True
spoof_1221.png,1,VALID,2.2714844,-1.2929688,-1.4257812,2.935509,LCC-FASD external-dev / cross-domain stress set,True
spoof_1222.png,1,VALID,1.9042969,-0.7319336,-1.4492188,2.238747,LCC-FASD external-dev / cross-domain stress set,True
spoof_1223.png,1,VALID,0.011016846,1.4853516,-1.1816406,-1.5414894,LCC-FASD external-dev / cross-domain stress set,False
spoof_1224.png,1,VALID,1.0361328,-0.37548828,-0.40625,0.7337365,LCC-FASD external-dev / cross-domain stress set,True
spoof_1225.png,1,VALID,0.7441406,0.5625,-1.1660156,0.018206477,LCC-FASD external-dev / cross-domain stress set,False
spoof_1226.png,1,VALID,0.5708008,0.82128906,-1.2851562,-0.36530662,LCC-FASD external-dev / cross-domain stress set,False
spoof_1227.png,1,VALID,1.0947266,0.13989258,-1.1494141,0.7115258,LCC-FASD external-dev / cross-domain stress set,True
spoof_1228.png,1,VALID,0.19165039,1.5058594,-1.4550781,-1.3646837,LCC-FASD external-dev / cross-domain stress set,False
spoof_1229.png,1,VALID,2.25,-1.4394531,-1.3847656,2.9685884,LCC-FASD external-dev / cross-domain stress set,True
spoof_1230.png,1,VALID,0.8125,1.5302734,-2.1699219,-0.74219155,LCC-FASD external-dev / cross-domain stress set,False
spoof_1231.png,1,VALID,1.375,-0.43676758,-0.91259766,1.3284967,LCC-FASD external-dev / cross-domain stress set,True
spoof_1232.png,1,VALID,1.5664062,-0.8803711,-0.82714844,1.7266648,LCC-FASD external-dev / cross-domain stress set,True
spoof_1233.png,1,VALID,1.2705078,-0.42016602,-0.9042969,1.2105759,LCC-FASD external-dev / cross-domain stress set,True
spoof_1234.png,1,VALID,2.0800781,-1.1230469,-1.3613281,2.622038,LCC-FASD external-dev / cross-domain stress set,True
spoof_1235.png,1,VALID,-0.15783691,-0.09991455,0.98876953,-1.4367797,LCC-FASD external-dev / cross-domain stress set,False
spoof_1236.png,1,VALID,-0.18115234,-0.25317383,1.15625,-1.5559627,LCC-FASD external-dev / cross-domain stress set,False
spoof_1237.png,1,VALID,-0.121398926,1.5712891,-0.83691406,-1.7788444,LCC-FASD external-dev / cross-domain stress set,False
spoof_1238.png,1,VALID,0.8339844,0.5336914,-1.0087891,0.10649586,LCC-FASD external-dev / cross-domain stress set,False
spoof_1133.png,1,VALID,2.1992188,-1.3183594,-1.2255859,2.7769687,LCC-FASD external-dev / cross-domain stress set,True
spoof_1134.png,1,VALID,-0.23156738,1.8164062,-1.2802734,-2.092181,LCC-FASD external-dev / cross-domain stress set,False
spoof_1135.png,1,VALID,2.2402344,-1.3027344,-1.25,2.8231068,LCC-FASD external-dev / cross-domain stress set,True
spoof_1136.png,1,VALID,0.3227539,1.2128906,-1.3300781,-0.9658308,LCC-FASD external-dev / cross-domain stress set,False
spoof_1137.png,1,VALID,1.7841797,-0.99316406,-0.7973633,1.9815116,LCC-FASD external-dev / cross-domain stress set,True
spoof_1138.png,1,VALID,1.1503906,0.26782227,-1.5488281,0.7319358,LCC-FASD external-dev / cross-domain stress set,True
spoof_1139.png,1,VALID,0.28515625,1.4443359,-1.5996094,-1.2057259,LCC-FASD external-dev / cross-domain stress set,False
spoof_1140.png,1,VALID,1.0146484,0.15490723,-0.9423828,0.57172847,LCC-FASD external-dev / cross-domain stress set,True
spoof_1141.png,1,VALID,0.93603516,-0.08850098,-0.6015625,0.55537033,LCC-FASD external-dev / cross-domain stress set,True
spoof_1142.png,1,VALID,-0.32250977,1.8173828,-1.0966797,-2.1927269,LCC-FASD external-dev / cross-domain stress set,False
spoof_1143.png,1,VALID,1.6171875,-0.7548828,-0.8701172,1.7348814,LCC-FASD external-dev / cross-domain stress set,True
spoof_1144.png,1,VALID,-0.19433594,1.6367188,-0.9785156,-1.9016535,LCC-FASD external-dev / cross-domain stress set,False
spoof_1145.png,1,VALID,-0.4169922,1.0869141,-0.023361206,-1.7886853,LCC-FASD external-dev / cross-domain stress set,False
spoof_1146.png,1,VALID,1.8261719,-1.0839844,-0.7939453,2.061511,LCC-FASD external-dev / cross-domain stress set,True
spoof_1147.png,1,VALID,-0.8378906,2.5683594,-1.1591797,-3.4300172,LCC-FASD external-dev / cross-domain stress set,False
spoof_1148.png,1,VALID,0.14135742,0.88916016,-0.50927734,-0.96852946,LCC-FASD external-dev / cross-domain stress set,False
spoof_1149.png,1,VALID,1.1503906,-0.05319214,-0.953125,0.86240953,LCC-FASD external-dev / cross-domain stress set,True
spoof_1150.png,1,VALID,-0.09234619,1.4707031,-0.95947266,-1.6474102,LCC-FASD external-dev / cross-domain stress set,False
spoof_1151.png,1,VALID,1.8125,-1.0830078,-1.0195312,2.1701188,LCC-FASD external-dev / cross-domain stress set,True
spoof_1152.png,1,VALID,1.1386719,-0.4946289,-0.49682617,0.94125164,LCC-FASD external-dev / cross-domain stress set,True
spoof_1153.png,1,VALID,-1.3320312,1.8623047,0.4038086,-3.4034503,LCC-FASD external-dev / cross-domain stress set,False
spoof_1154.png,1,VALID,1.6640625,-1.4501953,-0.29785156,1.6873965,LCC-FASD external-dev / cross-domain stress set,True
spoof_1155.png,1,VALID,-1.2646484,2.2558594,-0.30541992,-3.5948784,LCC-FASD external-dev / cross-domain stress set,False
spoof_1156.png,1,VALID,-1.1025391,2.0117188,-0.18933105,-3.2192364,LCC-FASD external-dev / cross-domain stress set,False
spoof_1157.png,1,VALID,1.2392578,-0.94921875,-0.16992188,1.0316145,LCC-FASD external-dev / cross-domain stress set,True
spoof_1158.png,1,VALID,1.3310547,-0.47021484,-0.6279297,1.1838737,LCC-FASD external-dev / cross-domain stress set,True
spoof_1159.png,1,VALID,1.8417969,-1.09375,-0.81152344,2.0913627,LCC-FASD external-dev / cross-domain stress set,True
spoof_1160.png,1,VALID,2.2226562,-1.4287109,-1.34375,2.9148376,LCC-FASD external-dev / cross-domain stress set,True
spoof_1161.png,1,VALID,1.3886719,-0.68847656,-0.6904297,1.3849773,LCC-FASD external-dev / cross-domain stress set,True
spoof_1162.png,1,VALID,2.0,-1.3183594,-1.1835938,2.5555608,LCC-FASD external-dev / cross-domain stress set,True
spoof_1163.png,1,VALID,-1.734375,2.3730469,0.4074707,-4.238516,LCC-FASD external-dev / cross-domain stress set,False
spoof_1164.png,1,VALID,1.6220703,-1.3779297,-0.35595703,1.6706277,LCC-FASD external-dev / cross-domain stress set,True
spoof_1165.png,1,VALID,1.578125,-1.078125,-0.66552734,1.7356737,LCC-FASD external-dev / cross-domain stress set,True
spoof_1166.png,1,VALID,-1.1640625,1.9306641,0.2286377,-3.2621999,LCC-FASD external-dev / cross-domain stress set,False
spoof_1167.png,1,VALID,0.40039062,0.023513794,-0.06451416,-0.27322465,LCC-FASD external-dev / cross-domain stress set,False
spoof_1168.png,1,VALID,1.2021484,-0.78125,-0.21484375,0.967471,LCC-FASD external-dev / cross-domain stress set,True
spoof_1169.png,1,VALID,1.9980469,-1.2734375,-1.0419922,2.4559336,LCC-FASD external-dev / cross-domain stress set,True
spoof_1170.png,1,VALID,0.5517578,-0.012580872,-0.11279297,-0.07995719,LCC-FASD external-dev / cross-domain stress set,False
spoof_1171.png,1,VALID,0.6748047,0.46655273,-0.9326172,-0.012329698,LCC-FASD external-dev / cross-domain stress set,False
spoof_1172.png,1,VALID,-0.9897461,1.8984375,-0.11444092,-3.013585,LCC-FASD external-dev / cross-domain stress set,False
spoof_1173.png,1,VALID,1.7714844,-0.6152344,-1.4550781,2.0278018,LCC-FASD external-dev / cross-domain stress set,True
spoof_1174.png,1,VALID,-0.4482422,1.0712891,0.03970337,-1.8243958,LCC-FASD external-dev / cross-domain stress set,False
spoof_1175.png,1,VALID,2.1425781,-1.5595703,-1.1162109,2.7629492,LCC-FASD external-dev / cross-domain stress set,True
spoof_1176.png,1,VALID,-1.3476562,2.5488281,-0.4621582,-3.9445534,LCC-FASD external-dev / cross-domain stress set,False
spoof_1177.png,1,VALID,-0.021850586,0.71435547,-0.15368652,-1.0867028,LCC-FASD external-dev / cross-domain stress set,False
spoof_1178.png,1,VALID,-0.49414062,-0.48901367,1.7265625,-2.3242435,LCC-FASD external-dev / cross-domain stress set,False
spoof_1179.png,1,VALID,-0.98291016,1.65625,0.20678711,-2.8499851,LCC-FASD external-dev / cross-domain stress set,False
spoof_1180.png,1,VALID,1.5996094,-0.59033203,-1.2451172,1.7715248,LCC-FASD external-dev / cross-domain stress set,True
spoof_1181.png,1,VALID,1.6386719,-1.1054688,-0.74902344,1.8569725,LCC-FASD external-dev / cross-domain stress set,True
spoof_1182.png,1,VALID,-1.1923828,-0.055114746,2.4394531,-3.7111387,LCC-FASD external-dev / cross-domain stress set,False
spoof_1183.png,1,VALID,1.2861328,-0.2578125,-1.0175781,1.1601969,LCC-FASD external-dev / cross-domain stress set,True
spoof_1184.png,1,VALID,1.4794922,-1.2529297,-0.16101074,1.3511432,LCC-FASD external-dev / cross-domain stress set,True
spoof_1185.png,1,VALID,0.048950195,-0.6381836,1.1347656,-1.2426751,LCC-FASD external-dev / cross-domain stress set,False
spoof_1186.png,1,VALID,0.58935547,0.3010254,-0.63964844,-0.041235983,LCC-FASD external-dev / cross-domain stress set,False
spoof_1187.png,1,VALID,1.2197266,-1.2597656,0.20336914,0.8081168,LCC-FASD external-dev / cross-domain stress set,True
spoof_1188.png,1,VALID,1.5664062,-1.2285156,-0.5727539,1.7210773,LCC-FASD external-dev / cross-domain stress set,True
spoof_1078.png,1,VALID,-0.7397461,0.38378906,1.3310547,-2.3985205,LCC-FASD external-dev / cross-domain stress set,False
spoof_1079.png,1,VALID,-0.16918945,0.32177734,0.5678711,-1.314712,LCC-FASD external-dev / cross-domain stress set,False
spoof_1080.png,1,VALID,1.7216797,-0.53222656,-1.3066406,1.8748031,LCC-FASD external-dev / cross-domain stress set,True
spoof_1081.png,1,VALID,0.6748047,0.8876953,-1.4179688,-0.3079213,LCC-FASD external-dev / cross-domain stress set,False
spoof_1082.png,1,VALID,-1.1513672,1.6269531,0.4482422,-3.0465713,LCC-FASD external-dev / cross-domain stress set,False
spoof_1083.png,1,VALID,1.5947266,-0.5810547,-1.1005859,1.7090334,LCC-FASD external-dev / cross-domain stress set,True
spoof_1084.png,1,VALID,-1.7207031,1.4472656,1.5400391,-3.9085782,LCC-FASD external-dev / cross-domain stress set,False
spoof_1085.png,1,VALID,0.44604492,0.008323669,-0.07965088,-0.21240574,LCC-FASD external-dev / cross-domain stress set,False
spoof_1086.png,1,VALID,-1.0185547,0.53125,1.6542969,-2.9544806,LCC-FASD external-dev / cross-domain stress set,False
spoof_1087.png,1,VALID,-0.23181152,1.7226562,-1.0078125,-2.0176198,LCC-FASD external-dev / cross-domain stress set,False
spoof_1088.png,1,VALID,-0.17687988,1.4970703,-0.82714844,-1.7673129,LCC-FASD external-dev / cross-domain stress set,False
spoof_1089.png,1,VALID,1.453125,-0.09185791,-1.3847656,1.3024514,LCC-FASD external-dev / cross-domain stress set,True
spoof_1090.png,1,VALID,2.1386719,-1.0810547,-1.4287109,2.6853747,LCC-FASD external-dev / cross-domain stress set,True
spoof_1091.png,1,VALID,2.3144531,-1.2734375,-1.4941406,2.9990187,LCC-FASD external-dev / cross-domain stress set,True
spoof_1092.png,1,VALID,1.4072266,-0.17602539,-1.3105469,1.304427,LCC-FASD external-dev / cross-domain stress set,True
spoof_1093.png,1,VALID,0.8066406,0.6064453,-1.4267578,0.07716781,LCC-FASD external-dev / cross-domain stress set,False
spoof_1094.png,1,VALID,2.125,-1.4560547,-1.0605469,2.6707265,LCC-FASD external-dev / cross-domain stress set,True
spoof_1095.png,1,VALID,1.265625,-0.023071289,-1.2285156,1.0266714,LCC-FASD external-dev / cross-domain stress set,True
spoof_1096.png,1,VALID,1.1923828,-0.005783081,-1.2744141,0.95035595,LCC-FASD external-dev / cross-domain stress set,True
spoof_1097.png,1,VALID,2.0644531,-0.6791992,-1.7412109,2.446694,LCC-FASD external-dev / cross-domain stress set,True
spoof_1098.png,1,VALID,0.9711914,0.45239258,-1.3378906,0.3644371,LCC-FASD external-dev / cross-domain stress set,True
spoof_1099.png,1,VALID,2.1855469,-1.4775391,-1.1523438,2.79418,LCC-FASD external-dev / cross-domain stress set,True
spoof_1100.png,1,VALID,2.125,-1.4003906,-1.0214844,2.6249504,LCC-FASD external-dev / cross-domain stress set,True
spoof_1101.png,1,VALID,1.9345703,-0.6503906,-1.6337891,2.2672071,LCC-FASD external-dev / cross-domain stress set,True
spoof_1102.png,1,VALID,1.1445312,0.020202637,-1.1914062,0.8637214,LCC-FASD external-dev / cross-domain stress set,True
spoof_1103.png,1,VALID,0.5410156,0.99609375,-1.4804688,-0.5357652,LCC-FASD external-dev / cross-domain stress set,False
spoof_1104.png,1,VALID,0.88671875,0.8354492,-1.8447266,-0.01503408,LCC-FASD external-dev / cross-domain stress set,False
spoof_1105.png,1,VALID,2.0507812,-1.0058594,-1.4873047,2.5755181,LCC-FASD external-dev / cross-domain stress set,True
spoof_1106.png,1,VALID,2.375,-1.3427734,-1.5791016,3.1358252,LCC-FASD external-dev / cross-domain stress set,True
spoof_1107.png,1,VALID,1.1074219,0.4621582,-1.5996094,0.5255014,LCC-FASD external-dev / cross-domain stress set,True
spoof_1108.png,1,VALID,0.76708984,0.68847656,-1.4570312,-0.032040894,LCC-FASD external-dev / cross-domain stress set,False
spoof_1109.png,1,VALID,1.9443359,-0.75439453,-1.4970703,2.3095038,LCC-FASD external-dev / cross-domain stress set,True
spoof_1110.png,1,VALID,1.9111328,-1.2392578,-0.78222656,2.2028422,LCC-FASD external-dev / cross-domain stress set,True
spoof_1111.png,1,VALID,1.7539062,-1.3818359,-0.48706055,1.8982999,LCC-FASD external-dev / cross-domain stress set,True
spoof_1112.png,1,VALID,1.4423828,-1.3720703,0.072265625,1.1583157,LCC-FASD external-dev / cross-domain stress set,True
spoof_1113.png,1,VALID,0.8183594,-1.0068359,0.63427734,0.006970525,LCC-FASD external-dev / cross-domain stress set,False
spoof_1114.png,1,VALID,0.90625,-1.1503906,0.5839844,0.15971279,LCC-FASD external-dev / cross-domain stress set,True
spoof_1115.png,1,VALID,1.7226562,-1.3466797,-0.48510742,1.8553497,LCC-FASD external-dev / cross-domain stress set,True
spoof_1116.png,1,VALID,0.86328125,0.9873047,-1.6328125,-0.19429016,LCC-FASD external-dev / cross-domain stress set,False
spoof_1117.png,1,VALID,-2.21875,1.953125,2.03125,-4.904847,LCC-FASD external-dev / cross-domain stress set,False
spoof_1118.png,1,VALID,1.8847656,-0.52685547,-1.4316406,2.0718482,LCC-FASD external-dev / cross-domain stress set,True
spoof_1119.png,1,VALID,0.19226074,1.5517578,-1.3935547,-1.4107467,LCC-FASD external-dev / cross-domain stress set,False
spoof_1120.png,1,VALID,0.34521484,0.83496094,-0.66064453,-0.6919625,LCC-FASD external-dev / cross-domain stress set,False
spoof_1121.png,1,VALID,1.7705078,-0.7524414,-1.078125,1.9794433,LCC-FASD external-dev / cross-domain stress set,True
spoof_1122.png,1,VALID,2.5039062,-1.4130859,-1.4599609,3.2470078,LCC-FASD external-dev / cross-domain stress set,True
spoof_1123.png,1,VALID,1.9384766,-0.8964844,-1.1386719,2.2555935,LCC-FASD external-dev / cross-domain stress set,True
spoof_1124.png,1,VALID,0.13769531,1.0878906,-0.7963867,-1.0916418,LCC-FASD external-dev / cross-domain stress set,False
spoof_1125.png,1,VALID,-1.0341797,1.6523438,0.47070312,-2.9540858,LCC-FASD external-dev / cross-domain stress set,False
spoof_1126.png,1,VALID,0.8378906,0.48754883,-1.0625,0.15787387,LCC-FASD external-dev / cross-domain stress set,True
spoof_1127.png,1,VALID,-1.6298828,2.1601562,0.64990234,-3.9895897,LCC-FASD external-dev / cross-domain stress set,False
spoof_1128.png,1,VALID,-0.19421387,1.8007812,-1.03125,-2.0522194,LCC-FASD external-dev / cross-domain stress set,False
spoof_1129.png,1,VALID,-0.6303711,1.4296875,0.11383057,-2.2976923,LCC-FASD external-dev / cross-domain stress set,False
spoof_1130.png,1,VALID,-0.15466309,1.6474609,-0.9199219,-1.8760583,LCC-FASD external-dev / cross-domain stress set,False
spoof_1131.png,1,VALID,-0.19335938,1.7851562,-1.265625,-2.0247521,LCC-FASD external-dev / cross-domain stress set,False
spoof_1132.png,1,VALID,0.6303711,0.39916992,-0.66796875,-0.064442635,LCC-FASD external-dev / cross-domain stress set,False
spoof_1025.png,1,VALID,2.1074219,-1.2285156,-1.2021484,2.62952,LCC-FASD external-dev / cross-domain stress set,True
spoof_1026.png,1,VALID,1.5732422,-1.2226562,-0.36889648,1.5873979,LCC-FASD external-dev / cross-domain stress set,True
spoof_1027.png,1,VALID,1.8828125,-1.1484375,-0.96728516,2.2434301,LCC-FASD external-dev / cross-domain stress set,True
spoof_1028.png,1,VALID,1.9990234,-1.1953125,-1.2060547,2.5065455,LCC-FASD external-dev / cross-domain stress set,True
spoof_1029.png,1,VALID,1.0253906,0.48876953,-1.3164062,0.38437605,LCC-FASD external-dev / cross-domain stress set,True
spoof_1030.png,1,VALID,-0.5463867,0.29101562,1.2744141,-2.1385546,LCC-FASD external-dev / cross-domain stress set,False
spoof_1031.png,1,VALID,0.8540039,0.5332031,-1.1298828,0.14722306,LCC-FASD external-dev / cross-domain stress set,False
spoof_1032.png,1,VALID,0.67285156,-0.29760742,0.11639404,0.049037695,LCC-FASD external-dev / cross-domain stress set,False
spoof_1033.png,1,VALID,1.0136719,-1.0380859,0.39379883,0.4056828,LCC-FASD external-dev / cross-domain stress set,True
spoof_1034.png,1,VALID,1.4394531,0.33911133,-1.9902344,1.0074351,LCC-FASD external-dev / cross-domain stress set,True
spoof_1035.png,1,VALID,0.89746094,0.7910156,-1.4716797,0.007442355,LCC-FASD external-dev / cross-domain stress set,False
spoof_1036.png,1,VALID,0.5083008,0.625,-0.5878906,-0.3770126,LCC-FASD external-dev / cross-domain stress set,False
spoof_1037.png,1,VALID,0.31054688,-1.0498047,1.3740234,-1.1483524,LCC-FASD external-dev / cross-domain stress set,False
spoof_1038.png,1,VALID,-0.10601807,0.5566406,0.2644043,-1.2203252,LCC-FASD external-dev / cross-domain stress set,False
spoof_1039.png,1,VALID,-0.8041992,1.1533203,0.71533203,-2.4554625,LCC-FASD external-dev / cross-domain stress set,False
spoof_1040.png,1,VALID,-0.42822266,0.88720703,0.4584961,-1.8170216,LCC-FASD external-dev / cross-domain stress set,False
spoof_1041.png,1,VALID,-0.13696289,0.23742676,0.7480469,-1.3550905,LCC-FASD external-dev / cross-domain stress set,False
spoof_1042.png,1,VALID,-0.6176758,1.8427734,-0.42700195,-2.5587869,LCC-FASD external-dev / cross-domain stress set,False
spoof_1043.png,1,VALID,-0.30688477,-0.77441406,2.0742188,-2.4374115,LCC-FASD external-dev / cross-domain stress set,False
spoof_1044.png,1,VALID,2.1289062,-0.9472656,-1.5800781,2.650188,LCC-FASD external-dev / cross-domain stress set,True
spoof_1045.png,1,VALID,0.63720703,-1.0693359,0.94189453,-0.43028343,LCC-FASD external-dev / cross-domain stress set,False
spoof_1046.png,1,VALID,1.9433594,-1.0117188,-1.0078125,2.259976,LCC-FASD external-dev / cross-domain stress set,True
spoof_1047.png,1,VALID,1.9267578,-1.1240234,-0.87939453,2.2278578,LCC-FASD external-dev / cross-domain stress set,True
spoof_1048.png,1,VALID,-0.16796875,0.9248047,0.04574585,-1.4400256,LCC-FASD external-dev / cross-domain stress set,False
spoof_1049.png,1,VALID,1.2216797,0.50341797,-1.7041016,0.61392593,LCC-FASD external-dev / cross-domain stress set,True
spoof_1050.png,1,VALID,-0.9428711,1.2412109,0.87646484,-2.7113948,LCC-FASD external-dev / cross-domain stress set,False
spoof_1051.png,1,VALID,1.2871094,-0.7285156,-0.40893555,1.1499753,LCC-FASD external-dev / cross-domain stress set,True
spoof_1052.png,1,VALID,2.0722656,-0.62939453,-1.8945312,2.4530823,LCC-FASD external-dev / cross-domain stress set,True
spoof_1053.png,1,VALID,0.7236328,0.090270996,-0.43945312,0.17040336,LCC-FASD external-dev / cross-domain stress set,True
spoof_1054.png,1,VALID,2.1171875,-1.6162109,-1.0175781,2.696793,LCC-FASD external-dev / cross-domain stress set,True
spoof_1055.png,1,VALID,2.2988281,-1.1962891,-1.7070312,3.025082,LCC-FASD external-dev / cross-domain stress set,True
spoof_1056.png,1,VALID,1.8730469,-1.5068359,-0.49438477,2.0575035,LCC-FASD external-dev / cross-domain stress set,True
spoof_1057.png,1,VALID,1.9394531,-0.84277344,-1.5283203,2.3742216,LCC-FASD external-dev / cross-domain stress set,True
spoof_1058.png,1,VALID,1.9814453,-0.7011719,-1.7216797,2.3748298,LCC-FASD external-dev / cross-domain stress set,True
spoof_1059.png,1,VALID,1.375,-0.29345703,-1.0195312,1.2738476,LCC-FASD external-dev / cross-domain stress set,True
spoof_1060.png,1,VALID,2.3789062,-1.4111328,-1.1962891,2.9837112,LCC-FASD external-dev / cross-domain stress set,True
spoof_1061.png,1,VALID,2.2109375,-1.3916016,-1.3544922,2.890665,LCC-FASD external-dev / cross-domain stress set,True
spoof_1062.png,1,VALID,1.6054688,-1.3105469,-0.30419922,1.5981095,LCC-FASD external-dev / cross-domain stress set,True
spoof_1063.png,1,VALID,1.9130859,-0.8618164,-1.453125,2.334326,LCC-FASD external-dev / cross-domain stress set,True
spoof_1064.png,1,VALID,2.203125,-1.6376953,-0.8823242,2.7002983,LCC-FASD external-dev / cross-domain stress set,True
spoof_1065.png,1,VALID,2.2109375,-1.0283203,-1.3730469,2.7036924,LCC-FASD external-dev / cross-domain stress set,True
spoof_1066.png,1,VALID,1.2480469,-0.61865234,-0.49389648,1.1092298,LCC-FASD external-dev / cross-domain stress set,True
spoof_1067.png,1,VALID,1.6875,-1.4570312,-0.2685547,1.690093,LCC-FASD external-dev / cross-domain stress set,True
spoof_1068.png,1,VALID,2.0722656,-1.0898438,-1.2421875,2.5422359,LCC-FASD external-dev / cross-domain stress set,True
spoof_1069.png,1,VALID,-0.5078125,1.6337891,-0.52734375,-2.2506304,LCC-FASD external-dev / cross-domain stress set,False
spoof_1070.png,1,VALID,-0.89697266,2.46875,-1.1083984,-3.3932943,LCC-FASD external-dev / cross-domain stress set,False
spoof_1071.png,1,VALID,-1.6347656,0.6352539,2.5253906,-4.300832,LCC-FASD external-dev / cross-domain stress set,False
spoof_1072.png,1,VALID,-0.5019531,1.9179688,-0.8989258,-2.477994,LCC-FASD external-dev / cross-domain stress set,False
spoof_1073.png,1,VALID,2.2578125,-1.4248047,-1.1494141,2.8423245,LCC-FASD external-dev / cross-domain stress set,True
spoof_1074.png,1,VALID,-1.2421875,0.95703125,1.4355469,-3.159977,LCC-FASD external-dev / cross-domain stress set,False
spoof_1075.png,1,VALID,-0.84033203,2.1914062,-0.66845703,-3.0874345,LCC-FASD external-dev / cross-domain stress set,False
spoof_1076.png,1,VALID,0.18408203,0.15783691,0.2709961,-0.7250814,LCC-FASD external-dev / cross-domain stress set,False
spoof_1077.png,1,VALID,-1.3388672,2.5527344,-0.50146484,-3.9376838,LCC-FASD external-dev / cross-domain stress set,False
spoof_1000.png,1,VALID,-3.0957031,3.765625,1.0439453,-6.92502,LCC-FASD external-dev / cross-domain stress set,False
spoof_1001.png,1,VALID,-1.1787109,2.4199219,-0.48632812,-3.6518705,LCC-FASD external-dev / cross-domain stress set,False
spoof_1002.png,1,VALID,-0.8486328,1.8388672,-0.20629883,-2.80915,LCC-FASD external-dev / cross-domain stress set,False
spoof_1003.png,1,VALID,-0.51171875,2.3378906,-1.4140625,-2.87281,LCC-FASD external-dev / cross-domain stress set,False
spoof_1004.png,1,VALID,0.66015625,0.95458984,-1.4921875,-0.37746155,LCC-FASD external-dev / cross-domain stress set,False
spoof_1005.png,1,VALID,-1.1220703,2.3652344,-0.46166992,-3.5448146,LCC-FASD external-dev / cross-domain stress set,False
spoof_1006.png,1,VALID,-1.0761719,2.7832031,-1.0957031,-3.8798375,LCC-FASD external-dev / cross-domain stress set,False
spoof_1007.png,1,VALID,1.6494141,-0.83691406,-0.9291992,1.8382593,LCC-FASD external-dev / cross-domain stress set,True
spoof_1008.png,1,VALID,-0.13903809,1.5927734,-0.94921875,-1.8075769,LCC-FASD external-dev / cross-domain stress set,False
spoof_1009.png,1,VALID,-1.0185547,2.3007812,-0.5644531,-3.374742,LCC-FASD external-dev / cross-domain stress set,False
spoof_1010.png,1,VALID,-0.6347656,2.0019531,-0.7001953,-2.7016273,LCC-FASD external-dev / cross-domain stress set,False
spoof_1011.png,1,VALID,-0.5571289,2.4785156,-1.4726562,-3.0546942,LCC-FASD external-dev / cross-domain stress set,False
spoof_1012.png,1,VALID,1.6904297,-1.265625,-0.38305664,1.7272625,LCC-FASD external-dev / cross-domain stress set,True
spoof_1013.png,1,VALID,0.69677734,-1.140625,0.87939453,-0.3071797,LCC-FASD external-dev / cross-domain stress set,False
spoof_1014.png,1,VALID,1.6923828,-1.2666016,-0.35327148,1.7083353,LCC-FASD external-dev / cross-domain stress set,True
spoof_1015.png,1,VALID,1.4365234,-1.1777344,-0.20471191,1.3206465,LCC-FASD external-dev / cross-domain stress set,True
spoof_1016.png,1,VALID,1.2548828,-0.9824219,-0.16918945,1.0570552,LCC-FASD external-dev / cross-domain stress set,True
spoof_1017.png,1,VALID,1.6005859,-1.171875,-0.2915039,1.5452225,LCC-FASD external-dev / cross-domain stress set,True
spoof_1018.png,1,VALID,1.6474609,-1.0810547,-0.5102539,1.7097825,LCC-FASD external-dev / cross-domain stress set,True
spoof_1019.png,1,VALID,0.18737793,0.484375,-0.16259766,-0.7180918,LCC-FASD external-dev / cross-domain stress set,False
spoof_1020.png,1,VALID,1.8242188,-1.2431641,-0.83203125,2.1476877,LCC-FASD external-dev / cross-domain stress set,True
spoof_1021.png,1,VALID,1.5439453,-1.0361328,-0.6201172,1.6574438,LCC-FASD external-dev / cross-domain stress set,True
spoof_1022.png,1,VALID,-0.19567871,0.9067383,0.051452637,-1.4567022,LCC-FASD external-dev / cross-domain stress set,False
spoof_1023.png,1,VALID,1.7246094,-1.3251953,-0.31323242,1.7277834,LCC-FASD external-dev / cross-domain stress set,True
spoof_1024.png,1,VALID,2.0664062,-1.1044922,-1.2568359,2.551025,LCC-FASD external-dev / cross-domain stress set,True
YOUTUBE_TP300LA_SGS7E_id48_s1_45.png,1,VALID,1.7099609,-0.53808594,-1.3496094,1.8805046,LCC-FASD external-dev / cross-domain stress set,True
YOUTUBE_TP300LA_SGS7E_id48_s1_60.png,1,VALID,1.1201172,0.080322266,-1.1162109,0.775709,LCC-FASD external-dev / cross-domain stress set,True
YOUTUBE_TP300LA_SGS7E_id48_s1_75.png,1,VALID,0.79248047,0.4741211,-1.0732422,0.12542075,LCC-FASD external-dev / cross-domain stress set,False
YOUTUBE_TP300LA_SGS7E_id48_s1_90.png,1,VALID,1.4814453,-0.23962402,-1.2958984,1.4226335,LCC-FASD external-dev / cross-domain stress set,True
YOUTUBE_VSUNKNOWN_REDMIN5A_id48_s0_15.png,1,VALID,0.36010742,1.4248047,-1.6279297,-1.1108456,LCC-FASD external-dev / cross-domain stress set,False
YOUTUBE_VSUNKNOWN_REDMIN5A_id48_s0_30.png,1,VALID,0.43920898,1.5126953,-1.8085938,-1.108956,LCC-FASD external-dev / cross-domain stress set,False
YOUTUBE_VSUNKNOWN_REDMIN5A_id48_s0_45.png,1,VALID,-0.76123047,2.4707031,-1.1513672,-3.25831,LCC-FASD external-dev / cross-domain stress set,False
YOUTUBE_VSUNKNOWN_REDMIN5A_id48_s0_60.png,1,VALID,0.0635376,1.9433594,-1.8144531,-1.9028884,LCC-FASD external-dev / cross-domain stress set,False
YOUTUBE_VSUNKNOWN_REDMIN5A_id48_s0_75.png,1,VALID,0.46264648,1.3330078,-1.71875,-0.9165536,LCC-FASD external-dev / cross-domain stress set,False
YOUTUBE_VSUNKNOWN_REDMIN5A_id48_s0_90.png,1,VALID,0.6166992,1.0898438,-1.6875,-0.53349006,LCC-FASD external-dev / cross-domain stress set,False
YOUTUBE_VSUNKNOWN_REDMIN5A_id48_s0_105.png,1,VALID,0.22729492,1.6064453,-1.6503906,-1.4169375,LCC-FASD external-dev / cross-domain stress set,False
YOUTUBE_VSUNKNOWN_REDMIN5A_id48_s0_120.png,1,VALID,0.4506836,1.4150391,-1.7685547,-1.0049564,LCC-FASD external-dev / cross-domain stress set,False
YOUTUBE_VSUNKNOWN_REDMIN5A_id48_s0_135.png,1,VALID,0.21740723,1.2333984,-1.1064453,-1.1079711,LCC-FASD external-dev / cross-domain stress set,False
YOUTUBE_VSUNKNOWN_REDMIN5A_id48_s0_150.png,1,VALID,-0.13708496,2.0175781,-1.5644531,-2.1821022,LCC-FASD external-dev / cross-domain stress set,False
YOUTUBE_VSVA2231WA_MEIZUM3S_id48_s0_15.png,1,VALID,-1.578125,2.8066406,-0.29638672,-4.4286995,LCC-FASD external-dev / cross-domain stress set,False
YOUTUBE_VSVA2231WA_MEIZUM3S_id48_s0_30.png,1,VALID,-1.7900391,2.8613281,-0.14782715,-4.699522,LCC-FASD external-dev / cross-domain stress set,False
YOUTUBE_VSVA2231WA_MEIZUM3S_id48_s0_45.png,1,VALID,-1.2080078,2.5996094,-0.71533203,-3.8433087,LCC-FASD external-dev / cross-domain stress set,False
YOUTUBE_VSVA2231WA_MEIZUM3S_id48_s0_60.png,1,VALID,-0.96972656,2.6835938,-1.0771484,-3.6763203,LCC-FASD external-dev / cross-domain stress set,False
YOUTUBE_VSVA2231WA_MEIZUM3S_id48_s0_75.png,1,VALID,-1.0947266,2.2324219,-0.42504883,-3.3949242,LCC-FASD external-dev / cross-domain stress set,False
YOUTUBE_VSVA2231WA_MEIZUM3S_id48_s0_90.png,1,VALID,-0.62158203,2.0800781,-0.90771484,-2.75083,LCC-FASD external-dev / cross-domain stress set,False
YOUTUBE_VSVA2231WA_MEIZUM3S_id48_s0_105.png,1,VALID,-1.859375,2.9726562,-0.10821533,-4.8769274,LCC-FASD external-dev / cross-domain stress set,False
YOUTUBE_VSVA2231WA_MEIZUM3S_id48_s0_120.png,1,VALID,-0.84375,2.3066406,-0.8408203,-3.1924546,LCC-FASD external-dev / cross-domain stress set,False
YOUTUBE_VSVA2231WA_MEIZUM3S_id48_s0_135.png,1,VALID,-1.5166016,2.8398438,-0.34204102,-4.3971143,LCC-FASD external-dev / cross-domain stress set,False
YOUTUBE_VSVA2231WA_MEIZUM3S_id48_s0_150.png,1,VALID,-1.2841797,2.5683594,-0.46972656,-3.8993526,LCC-FASD external-dev / cross-domain stress set,False
YOUTUBE_VX2363SMHL_LGL90_id39_s0_16.png,1,VALID,0.13977051,1.0341797,-0.71240234,-1.05514,LCC-FASD external-dev / cross-domain stress set,False
YOUTUBE_VX2363SMHL_LGL90_id39_s0_35.png,1,VALID,1.59375,-0.32104492,-1.3916016,1.6200248,LCC-FASD external-dev / cross-domain stress set,True
YOUTUBE_VX2363SMHL_LGL90_id39_s0_50.png,1,VALID,1.1142578,0.00907135,-1.0625,0.8106753,LCC-FASD external-dev / cross-domain stress set,True
YOUTUBE_VX2363SMHL_LGL90_id43_s0_15.png,1,VALID,1.3212891,-0.5229492,-0.73535156,1.2516634,LCC-FASD external-dev / cross-domain stress set,True
YOUTUBE_VX2363SMHL_LGL90_id43_s0_30.png,1,VALID,1.3222656,-0.66064453,-0.69873047,1.3086246,LCC-FASD external-dev / cross-domain stress set,True
YOUTUBE_VX2363SMHL_LGL90_id43_s0_47.png,1,VALID,0.81152344,0.48291016,-1.3164062,0.17553866,LCC-FASD external-dev / cross-domain stress set,True
YOUTUBE_VX2363SMHL_LGL90_id43_s0_62.png,1,VALID,1.9824219,-1.3896484,-0.83935547,2.3663921,LCC-FASD external-dev / cross-domain stress set,True
YOUTUBE_VX2363SMHL_LGL90_id43_s0_77.png,1,VALID,2.2246094,-1.5400391,-1.0898438,2.8212802,LCC-FASD external-dev / cross-domain stress set,True
YOUTUBE_VX2363SMHL_LGL90_id43_s0_92.png,1,VALID,1.9824219,-1.3076172,-1.0117188,2.4380379,LCC-FASD external-dev / cross-domain stress set,True
YOUTUBE_VX2363SMHL_LGL90_id43_s0_110.png,1,VALID,0.28125,1.1484375,-1.2041016,-0.9580581,LCC-FASD external-dev / cross-domain stress set,False
YOUTUBE_VX2363SMHL_LGL90_id43_s0_125.png,1,VALID,1.7998047,-1.2734375,-0.7006836,2.0532608,LCC-FASD external-dev / cross-domain stress set,True
YOUTUBE_VX2363SMHL_LGL90_id43_s0_140.png,1,VALID,2.0976562,-1.4199219,-1.0302734,2.6107473,LCC-FASD external-dev / cross-domain stress set,True
YOUTUBE_VX2363SMHL_LGL90_id43_s0_155.png,1,VALID,0.46923828,0.27392578,-0.44311523,-0.20225132,LCC-FASD external-dev / cross-domain stress set,False
YOUTUBE_VX2363SMHL_LGL90_id43_s1_15.png,1,VALID,2.1035156,-1.2119141,-1.2890625,2.6601129,LCC-FASD external-dev / cross-domain stress set,True
YOUTUBE_VX2363SMHL_LGL90_id43_s1_30.png,1,VALID,1.8310547,-0.97314453,-1.0332031,2.1406305,LCC-FASD external-dev / cross-domain stress set,True
YOUTUBE_VX2363SMHL_LGL90_id43_s1_45.png,1,VALID,1.9853516,-1.2109375,-0.9628906,2.371447,LCC-FASD external-dev / cross-domain stress set,True
YOUTUBE_VX2363SMHL_LGL90_id43_s1_60.png,1,VALID,2.1328125,-1.2558594,-1.2792969,2.7071748,LCC-FASD external-dev / cross-domain stress set,True
YOUTUBE_VX2363SMHL_LGL90_id43_s1_75.png,1,VALID,1.9169922,-1.1904297,-0.74609375,2.1676278,LCC-FASD external-dev / cross-domain stress set,True
YOUTUBE_VX2363SMHL_LGL90_id43_s1_90.png,1,VALID,1.9570312,-1.3339844,-0.71435547,2.2408102,LCC-FASD external-dev / cross-domain stress set,True
YOUTUBE_VX2363SMHL_LGL90_id43_s1_105.png,1,VALID,1.7402344,-0.67089844,-1.1552734,1.931128,LCC-FASD external-dev / cross-domain stress set,True
YOUTUBE_VX2363SMHL_LGL90_id43_s1_120.png,1,VALID,1.9150391,-1.2529297,-0.84765625,2.251793,LCC-FASD external-dev / cross-domain stress set,True
YOUTUBE_VX2363SMHL_LGL90_id43_s1_135.png,1,VALID,1.109375,-0.5083008,-0.32299805,0.8275912,LCC-FASD external-dev / cross-domain stress set,True
YOUTUBE_VX2363SMHL_LGL90_id43_s1_150.png,1,VALID,1.4921875,-0.84521484,-0.57373047,1.4993281,LCC-FASD external-dev / cross-domain stress set,True
YOUTUBE_VX2363SMHL_LGL90_id48_s1_15.png,1,VALID,1.8115234,-0.84521484,-1.2021484,2.1262164,LCC-FASD external-dev / cross-domain stress set,True
YOUTUBE_VX2363SMHL_LGL90_id48_s1_30.png,1,VALID,1.5634766,-0.8779297,-0.6928711,1.6514549,LCC-FASD external-dev / cross-domain stress set,True
YOUTUBE_VX2363SMHL_LGL90_id48_s1_45.png,1,VALID,1.9355469,-0.96875,-1.2167969,2.3275018,LCC-FASD external-dev / cross-domain stress set,True
YOUTUBE_VX2363SMHL_LGL90_id48_s1_105.png,1,VALID,1.4970703,-0.5854492,-0.92626953,1.5453324,LCC-FASD external-dev / cross-domain stress set,True
YOUTUBE_VX2363SMHL_LGL90_id48_s1_120.png,1,VALID,0.75634766,-0.75341797,0.4111328,0.07361424,LCC-FASD external-dev / cross-domain stress set,False
YOUTUBE_VX2363SMHL_LGL90_id48_s1_135.png,1,VALID,1.3330078,0.042816162,-1.4121094,1.0804026,LCC-FASD external-dev / cross-domain stress set,True
YOUTUBE_VX2363SMHL_LGL90_id48_s1_150.png,1,VALID,1.0039062,-1.1923828,0.53564453,0.30475396,LCC-FASD external-dev / cross-domain stress set,True
YOUTUBE_TFT22W90PS_SA5100_id43_s0_15.png,1,VALID,-1.6464844,2.6972656,-0.08129883,-4.404024,LCC-FASD external-dev / cross-domain stress set,False
YOUTUBE_TFT22W90PS_SA5100_id43_s0_30.png,1,VALID,-1.8496094,2.75,0.22851562,-4.6768856,LCC-FASD external-dev / cross-domain stress set,False
YOUTUBE_TFT22W90PS_SA5100_id43_s0_45.png,1,VALID,-2.0273438,2.9179688,0.2055664,-5.0095797,LCC-FASD external-dev / cross-domain stress set,False
YOUTUBE_TFT22W90PS_SA5100_id43_s0_60.png,1,VALID,-1.5146484,2.2539062,0.33398438,-3.9053717,LCC-FASD external-dev / cross-domain stress set,False
YOUTUBE_TFT22W90PS_SA5100_id43_s0_75.png,1,VALID,-1.3613281,2.1542969,0.14172363,-3.6410625,LCC-FASD external-dev / cross-domain stress set,False
YOUTUBE_TFT22W90PS_SA5100_id43_s0_90.png,1,VALID,-1.5058594,2.4199219,0.06549072,-4.0164876,LCC-FASD external-dev / cross-domain stress set,False
YOUTUBE_TFT22W90PS_SA5100_id43_s0_135.png,1,VALID,-1.7802734,2.7011719,0.18261719,-4.5589395,LCC-FASD external-dev / cross-domain stress set,False
YOUTUBE_TFT22W90PS_SA5100_id43_s0_150.png,1,VALID,-2.0058594,2.9335938,0.23937988,-5.004862,LCC-FASD external-dev / cross-domain stress set,False
YOUTUBE_TFT22W90PS_SA5100_id43_s1_15.png,1,VALID,-1.4667969,2.6425781,-0.2709961,-4.1622343,LCC-FASD external-dev / cross-domain stress set,False
YOUTUBE_TFT22W90PS_SA5100_id43_s1_30.png,1,VALID,-2.0859375,2.7792969,0.2841797,-4.944495,LCC-FASD external-dev / cross-domain stress set,False
YOUTUBE_TFT22W90PS_SA5100_id43_s1_45.png,1,VALID,-1.5859375,2.3945312,0.06707764,-4.0735435,LCC-FASD external-dev / cross-domain stress set,False
YOUTUBE_TFT22W90PS_SA5100_id43_s1_60.png,1,VALID,-1.7050781,2.5390625,0.15441895,-4.332263,LCC-FASD external-dev / cross-domain stress set,False
YOUTUBE_TFT22W90PS_SA5100_id43_s1_75.png,1,VALID,-1.6132812,2.5917969,-0.035888672,-4.274833,LCC-FASD external-dev / cross-domain stress set,False
YOUTUBE_TFT22W90PS_SA5100_id43_s1_90.png,1,VALID,-1.6464844,2.5761719,-0.012634277,-4.2950788,LCC-FASD external-dev / cross-domain stress set,False
YOUTUBE_TFT22W90PS_SA5100_id43_s1_105.png,1,VALID,-2.2871094,3.0429688,0.3762207,-5.3972483,LCC-FASD external-dev / cross-domain stress set,False
YOUTUBE_TFT22W90PS_SA5100_id43_s1_120.png,1,VALID,-1.9882812,2.7363281,0.3022461,-4.808655,LCC-FASD external-dev / cross-domain stress set,False
YOUTUBE_TFT22W90PS_SA5100_id43_s1_135.png,1,VALID,-3.0527344,3.5488281,0.9692383,-6.674632,LCC-FASD external-dev / cross-domain stress set,False
YOUTUBE_TFT22W90PS_SA5100_id43_s1_150.png,1,VALID,-3.0371094,3.6367188,0.9033203,-6.736801,LCC-FASD external-dev / cross-domain stress set,False
YOUTUBE_TFT22W90PS_SA5100_id48_s1_15.png,1,VALID,0.17028809,1.3056641,-1.1259766,-1.2196183,LCC-FASD external-dev / cross-domain stress set,False
YOUTUBE_TFT22W90PS_SA5100_id48_s1_30.png,1,VALID,-0.65185547,2.0898438,-0.9550781,-2.788201,LCC-FASD external-dev / cross-domain stress set,False
YOUTUBE_TFT22W90PS_SA5100_id48_s1_45.png,1,VALID,-0.8808594,2.40625,-0.8808594,-3.32379,LCC-FASD external-dev / cross-domain stress set,False
YOUTUBE_TFT22W90PS_SA5100_id48_s1_60.png,1,VALID,-0.56347656,2.1171875,-1.0839844,-2.7205715,LCC-FASD external-dev / cross-domain stress set,False
YOUTUBE_TFT22W90PS_SA5100_id48_s1_75.png,1,VALID,-1.1757812,2.4453125,-0.5649414,-3.6691973,LCC-FASD external-dev / cross-domain stress set,False
YOUTUBE_TFT22W90PS_SA5100_id48_s1_90.png,1,VALID,-1.4130859,2.7890625,-0.48266602,-4.239387,LCC-FASD external-dev / cross-domain stress set,False
YOUTUBE_TFT22W90PS_SA5100_id48_s1_105.png,1,VALID,-1.1376953,2.3828125,-0.6333008,-3.5683367,LCC-FASD external-dev / cross-domain stress set,False
YOUTUBE_TFT22W90PS_SA5100_id48_s1_120.png,1,VALID,-0.60253906,2.0429688,-1.0263672,-2.6909132,LCC-FASD external-dev / cross-domain stress set,False
YOUTUBE_TFT22W90PS_SA5100_id48_s1_135.png,1,VALID,-1.1240234,2.3476562,-0.51416016,-3.5272703,LCC-FASD external-dev / cross-domain stress set,False
YOUTUBE_TFT22W90PS_SA5100_id48_s1_150.png,1,VALID,-1.3232422,2.6113281,-0.5522461,-3.9759755,LCC-FASD external-dev / cross-domain stress set,False
YOUTUBE_TP300LA_SGS7E_id43_s0_15.png,1,VALID,-1.7871094,2.8945312,0.19116211,-4.7464724,LCC-FASD external-dev / cross-domain stress set,False
YOUTUBE_TP300LA_SGS7E_id43_s0_30.png,1,VALID,-2.078125,2.8652344,0.49780273,-5.032945,LCC-FASD external-dev / cross-domain stress set,False
YOUTUBE_TP300LA_SGS7E_id43_s0_49.png,1,VALID,-2.2011719,3.2324219,0.36499023,-5.4888816,LCC-FASD external-dev / cross-domain stress set,False
YOUTUBE_TP300LA_SGS7E_id43_s0_65.png,1,VALID,-1.859375,2.8671875,0.28930664,-4.799752,LCC-FASD external-dev / cross-domain stress set,False
YOUTUBE_TP300LA_SGS7E_id43_s0_80.png,1,VALID,-1.6220703,2.7128906,0.026931763,-4.400894,LCC-FASD external-dev / cross-domain stress set,False
YOUTUBE_TP300LA_SGS7E_id43_s0_95.png,1,VALID,-1.6660156,2.7910156,0.13330078,-4.524791,LCC-FASD external-dev / cross-domain stress set,False
YOUTUBE_TP300LA_SGS7E_id43_s0_112.png,1,VALID,-2.1621094,3.3046875,0.29760742,-5.51505,LCC-FASD external-dev / cross-domain stress set,False
YOUTUBE_TP300LA_SGS7E_id43_s0_127.png,1,VALID,-1.6318359,2.5097656,0.38598633,-4.254554,LCC-FASD external-dev / cross-domain stress set,False
YOUTUBE_TP300LA_SGS7E_id43_s0_142.png,1,VALID,-1.4951172,2.4316406,0.26000977,-4.034707,LCC-FASD external-dev / cross-domain stress set,False
YOUTUBE_TP300LA_SGS7E_id43_s0_165.png,1,VALID,-1.6435547,2.7988281,0.015914917,-4.5024033,LCC-FASD external-dev / cross-domain stress set,False
YOUTUBE_TP300LA_SGS7E_id43_s1_15.png,1,VALID,0.30371094,-0.06451416,0.3786621,-0.57086253,LCC-FASD external-dev / cross-domain stress set,False
YOUTUBE_TP300LA_SGS7E_id43_s1_36.png,1,VALID,-0.91748047,1.7714844,0.09283447,-2.8600786,LCC-FASD external-dev / cross-domain stress set,False
YOUTUBE_TP300LA_SGS7E_id43_s1_51.png,1,VALID,-0.56933594,1.3984375,0.090270996,-2.2070384,LCC-FASD external-dev / cross-domain stress set,False
YOUTUBE_TP300LA_SGS7E_id43_s1_66.png,1,VALID,-0.82373047,1.1367188,0.68896484,-2.4545732,LCC-FASD external-dev / cross-domain stress set,False
YOUTUBE_TP300LA_SGS7E_id43_s1_81.png,1,VALID,-1.6367188,1.3359375,1.6816406,-3.85352,LCC-FASD external-dev / cross-domain stress set,False
YOUTUBE_TP300LA_SGS7E_id43_s1_96.png,1,VALID,-0.90527344,1.5273438,0.35766602,-2.7030008,LCC-FASD external-dev / cross-domain stress set,False
YOUTUBE_TP300LA_SGS7E_id43_s1_118.png,1,VALID,-1.2519531,1.8603516,0.44726562,-3.330147,LCC-FASD external-dev / cross-domain stress set,False
YOUTUBE_TP300LA_SGS7E_id43_s1_133.png,1,VALID,-1.6308594,2.3046875,0.51904297,-4.0905733,LCC-FASD external-dev / cross-domain stress set,False
YOUTUBE_TP300LA_SGS7E_id43_s1_148.png,1,VALID,-1.0263672,1.3867188,0.5996094,-2.7882009,LCC-FASD external-dev / cross-domain stress set,False
YOUTUBE_TP300LA_SGS7E_id43_s1_163.png,1,VALID,-1.6455078,2.3457031,0.46264648,-4.132818,LCC-FASD external-dev / cross-domain stress set,False
YOUTUBE_TP300LA_SGS7E_id48_s1_15.png,1,VALID,1.9658203,-1.0527344,-1.1181641,2.3575873,LCC-FASD external-dev / cross-domain stress set,True
YOUTUBE_TP300LA_SGS7E_id48_s1_105.png,1,VALID,1.3779297,-0.10888672,-1.2597656,1.2119472,LCC-FASD external-dev / cross-domain stress set,True
YOUTUBE_TP300LA_SGS7E_id48_s1_126.png,1,VALID,1.0595703,-0.10626221,-0.76416016,0.7484791,LCC-FASD external-dev / cross-domain stress set,True
YOUTUBE_TP300LA_SGS7E_id48_s1_141.png,1,VALID,0.47631836,0.71240234,-0.83691406,-0.42868018,LCC-FASD external-dev / cross-domain stress set,False
YOUTUBE_TP300LA_SGS7E_id48_s1_156.png,1,VALID,-0.24182129,1.2558594,-0.32470703,-1.6848724,LCC-FASD external-dev / cross-domain stress set,False
YOUTUBE_SSM763MB_LA546_id39_s1_49.png,1,VALID,0.9238281,0.5180664,-1.1923828,0.2395826,LCC-FASD external-dev / cross-domain stress set,True
YOUTUBE_SSM763MB_LA546_id39_s1_64.png,1,VALID,0.72998047,0.44750977,-0.94628906,0.06082356,LCC-FASD external-dev / cross-domain stress set,False
YOUTUBE_SSM763MB_LA546_id42_s1_31.png,1,VALID,0.87158203,0.82714844,-1.5019531,-0.048494875,LCC-FASD external-dev / cross-domain stress set,False
YOUTUBE_SSM940N_AZ3MZC520TL_id48_s0_15.png,1,VALID,-2.1484375,3.078125,0.18188477,-5.280322,LCC-FASD external-dev / cross-domain stress set,False
YOUTUBE_SSM940N_AZ3MZC520TL_id48_s0_30.png,1,VALID,-2.2460938,3.2109375,0.074401855,-5.4995475,LCC-FASD external-dev / cross-domain stress set,False
YOUTUBE_SSM940N_AZ3MZC520TL_id48_s0_45.png,1,VALID,-1.7158203,2.9394531,-0.39208984,-4.6903877,LCC-FASD external-dev / cross-domain stress set,False
YOUTUBE_SSM940N_AZ3MZC520TL_id48_s0_60.png,1,VALID,-1.8330078,3.1445312,-0.47314453,-5.00403,LCC-FASD external-dev / cross-domain stress set,False
YOUTUBE_SSM940N_AZ3MZC520TL_id48_s0_75.png,1,VALID,-1.5712891,2.7714844,-0.28857422,-4.3885927,LCC-FASD external-dev / cross-domain stress set,False
YOUTUBE_SSM940N_AZ3MZC520TL_id48_s0_90.png,1,VALID,-1.8388672,3.1230469,-0.3701172,-4.9918656,LCC-FASD external-dev / cross-domain stress set,False
YOUTUBE_SSM940N_AZ3MZC520TL_id48_s0_105.png,1,VALID,-1.8759766,3.1640625,-0.3317871,-5.0699115,LCC-FASD external-dev / cross-domain stress set,False
YOUTUBE_SSM940N_AZ3MZC520TL_id48_s0_120.png,1,VALID,-1.8681641,2.9648438,-0.11444092,-4.8779736,LCC-FASD external-dev / cross-domain stress set,False
YOUTUBE_SSM940N_AZ3MZC520TL_id48_s0_135.png,1,VALID,-1.9472656,3.0097656,-0.0065994263,-5.0048485,LCC-FASD external-dev / cross-domain stress set,False
YOUTUBE_SSM940N_AZ3MZC520TL_id48_s0_150.png,1,VALID,-1.7587891,3.1542969,-0.48095703,-4.9391212,LCC-FASD external-dev / cross-domain stress set,False
YOUTUBE_SSMB2430_SM4AD_id48_s0_15.png,1,VALID,-0.19616699,1.921875,-1.3544922,-2.1551116,LCC-FASD external-dev / cross-domain stress set,False
YOUTUBE_SSMB2430_SM4AD_id48_s0_30.png,1,VALID,0.7573242,0.7939453,-1.515625,-0.1312983,LCC-FASD external-dev / cross-domain stress set,False
YOUTUBE_SSMB2430_SM4AD_id48_s0_45.png,1,VALID,0.7871094,0.8930664,-1.6513672,-0.18154448,LCC-FASD external-dev / cross-domain stress set,False
YOUTUBE_SSMB2430_SM4AD_id48_s0_60.png,1,VALID,0.32885742,1.3222656,-1.4248047,-1.055552,LCC-FASD external-dev / cross-domain stress set,False
YOUTUBE_SSMB2430_SM4AD_id48_s0_75.png,1,VALID,0.072387695,1.6513672,-1.3583984,-1.627106,LCC-FASD external-dev / cross-domain stress set,False
YOUTUBE_SSMB2430_SM4AD_id48_s0_90.png,1,VALID,0.9472656,0.6430664,-1.5527344,0.1986962,LCC-FASD external-dev / cross-domain stress set,True
YOUTUBE_SSMB2430_SM4AD_id48_s0_105.png,1,VALID,-0.08862305,1.5859375,-1.0664062,-1.7426732,LCC-FASD external-dev / cross-domain stress set,False
YOUTUBE_SSMB2430_SM4AD_id48_s0_120.png,1,VALID,0.62890625,0.8198242,-1.2304688,-0.31198198,LCC-FASD external-dev / cross-domain stress set,False
YOUTUBE_SSMB2430_SM4AD_id48_s0_135.png,1,VALID,-0.047912598,1.4667969,-0.9038086,-1.6040236,LCC-FASD external-dev / cross-domain stress set,False
YOUTUBE_SSMB2430_SM4AD_id48_s0_150.png,1,VALID,1.0527344,-0.09954834,-0.8232422,0.7568965,LCC-FASD external-dev / cross-domain stress set,True
YOUTUBE_SSMP2250_LVP1M_id39_s1_15.png,1,VALID,1.8808594,-0.9238281,-1.1474609,2.2171183,LCC-FASD external-dev / cross-domain stress set,True
YOUTUBE_SSMP2250_LVP1M_id39_s1_30.png,1,VALID,1.4521484,-0.52783203,-0.94189453,1.472585,LCC-FASD external-dev / cross-domain stress set,True
YOUTUBE_SSMP2250_LVP1M_id39_s1_52.png,1,VALID,1.6201172,-0.6796875,-1.0810547,1.7873378,LCC-FASD external-dev / cross-domain stress set,True
YOUTUBE_SSMP2250_LVP1M_id39_s1_67.png,1,VALID,1.9394531,-1.03125,-1.1191406,2.320536,LCC-FASD external-dev / cross-domain stress set,True
YOUTUBE_SSMP2250_LVP1M_id39_s1_85.png,1,VALID,1.6855469,-0.56396484,-1.3251953,1.86623,LCC-FASD external-dev / cross-domain stress set,True
YOUTUBE_SSMP2250_LVP1M_id39_s1_100.png,1,VALID,2.1425781,-1.1816406,-1.3701172,2.720876,LCC-FASD external-dev / cross-domain stress set,True
YOUTUBE_SSMP2250_LVP1M_id39_s1_115.png,1,VALID,2.0390625,-1.2607422,-1.0810547,2.5127833,LCC-FASD external-dev / cross-domain stress set,True
YOUTUBE_SSMP2250_LVP1M_id39_s1_130.png,1,VALID,1.8964844,-1.3017578,-0.8823242,2.273547,LCC-FASD external-dev / cross-domain stress set,True
YOUTUBE_SSMP2250_LVP1M_id42_s0_17.png,1,VALID,2.140625,-1.1855469,-1.2568359,2.668034,LCC-FASD external-dev / cross-domain stress set,True
YOUTUBE_SSMP2250_LVP1M_id42_s0_32.png,1,VALID,2.0058594,-1.1865234,-1.0947266,2.4522843,LCC-FASD external-dev / cross-domain stress set,True
YOUTUBE_SSMP2250_LVP1M_id42_s0_47.png,1,VALID,2.2558594,-1.2880859,-1.3339844,2.8734841,LCC-FASD external-dev / cross-domain stress set,True
YOUTUBE_SSMP2250_LVP1M_id42_s0_62.png,1,VALID,2.1386719,-1.2597656,-1.3203125,2.7351055,LCC-FASD external-dev / cross-domain stress set,True
YOUTUBE_SSMP2250_LVP1M_id42_s0_77.png,1,VALID,2.140625,-1.3398438,-1.328125,2.781445,LCC-FASD external-dev / cross-domain stress set,True
YOUTUBE_SSMP2250_LVP1M_id42_s0_92.png,1,VALID,2.0273438,-1.1679688,-1.2314453,2.5334,LCC-FASD external-dev / cross-domain stress set,True
YOUTUBE_SSMP2250_LVP1M_id42_s0_107.png,1,VALID,1.8251953,-0.99902344,-1.1464844,2.2020864,LCC-FASD external-dev / cross-domain stress set,True
YOUTUBE_SSMP2250_LVP1M_id42_s0_122.png,1,VALID,1.8125,-0.96240234,-1.0322266,2.1160579,LCC-FASD external-dev / cross-domain stress set,True
YOUTUBE_SSMP2250_LVP1M_id42_s0_137.png,1,VALID,1.90625,-1.0830078,-1.1591797,2.3334715,LCC-FASD external-dev / cross-domain stress set,True
YOUTUBE_SSMP2250_LVP1M_id42_s0_152.png,1,VALID,2.171875,-1.4501953,-1.3564453,2.88095,LCC-FASD external-dev / cross-domain stress set,True
YOUTUBE_SSMP2250_LVP1M_id42_s1_33.png,1,VALID,0.24816895,1.2402344,-0.96972656,-1.0961596,LCC-FASD external-dev / cross-domain stress set,False
YOUTUBE_SSMP2250_LVP1M_id42_s1_49.png,1,VALID,0.43408203,1.0302734,-1.1523438,-0.70302236,LCC-FASD external-dev / cross-domain stress set,False
YOUTUBE_SSMP2250_LVP1M_id42_s1_64.png,1,VALID,-0.69628906,2.0507812,-0.43359375,-2.827154,LCC-FASD external-dev / cross-domain stress set,False
YOUTUBE_SSMP2250_LVP1M_id42_s1_79.png,1,VALID,0.24902344,0.97509766,-0.67041016,-0.9024738,LCC-FASD external-dev / cross-domain stress set,False
YOUTUBE_SSMP2250_LVP1M_id42_s1_94.png,1,VALID,0.5078125,0.64501953,-0.7788086,-0.3529557,LCC-FASD external-dev / cross-domain stress set,False
YOUTUBE_SSMP2250_LVP1M_id42_s1_140.png,1,VALID,0.6166992,0.12670898,-0.25146484,-0.031841457,LCC-FASD external-dev / cross-domain stress set,False
YOUTUBE_SSMP2250_LVP1M_id42_s1_160.png,1,VALID,0.81933594,0.5498047,-1.0087891,0.078554094,LCC-FASD external-dev / cross-domain stress set,False
YOUTUBE_SSMP2250_LVP1M_id42_s1_180.png,1,VALID,0.57714844,0.07775879,-0.1907959,-0.06846845,LCC-FASD external-dev / cross-domain stress set,False
YOUTUBE_TFT22W90PS_SA5100_id39_s0_37.png,1,VALID,-2.4003906,2.5820312,1.5078125,-5.2762585,LCC-FASD external-dev / cross-domain stress set,False
YOUTUBE_TFT22W90PS_SA5100_id43_s0_105.png,1,VALID,-0.91064453,2.0332031,-0.43066406,-3.0255246,LCC-FASD external-dev / cross-domain stress set,False
YOUTUBE_TFT22W90PS_SA5100_id43_s0_120.png,1,VALID,-2.0761719,2.8925781,0.4177246,-5.0495696,LCC-FASD external-dev / cross-domain stress set,False
YOUTUBE_SM943N_REDMIN5_id42_s1_65.png,1,VALID,0.18408203,1.4384766,-1.2255859,-1.3217397,LCC-FASD external-dev / cross-domain stress set,False
YOUTUBE_SM943N_REDMIN5_id42_s1_87.png,1,VALID,0.88964844,0.79541016,-1.5751953,0.004924178,LCC-FASD external-dev / cross-domain stress set,False
YOUTUBE_SRV508_IPHONE5SF_id39_s1_15.png,1,VALID,0.3791504,0.7685547,-0.62841797,-0.6104213,LCC-FASD external-dev / cross-domain stress set,False
YOUTUBE_SRV508_IPHONE5SF_id39_s1_31.png,1,VALID,0.97265625,-0.33813477,-0.2854004,0.59092903,LCC-FASD external-dev / cross-domain stress set,True
YOUTUBE_SRV508_IPHONE5SF_id39_s1_49.png,1,VALID,0.4091797,0.9033203,-0.74853516,-0.6695163,LCC-FASD external-dev / cross-domain stress set,False
YOUTUBE_SRV508_IPHONE5SF_id39_s1_64.png,1,VALID,0.7182617,0.625,-0.94970703,-0.094932735,LCC-FASD external-dev / cross-domain stress set,False
YOUTUBE_SRV508_IPHONE5SF_id39_s1_84.png,1,VALID,0.053222656,0.79052734,-0.06951904,-1.090172,LCC-FASD external-dev / cross-domain stress set,False
YOUTUBE_SRV508_IPHONE5SF_id39_s1_99.png,1,VALID,-3.1054688,3.0136719,2.2832031,-6.5123196,LCC-FASD external-dev / cross-domain stress set,False
YOUTUBE_SRV508_IPHONE5SF_id39_s1_114.png,1,VALID,0.44726562,0.5644531,-0.46166992,-0.42349046,LCC-FASD external-dev / cross-domain stress set,False
YOUTUBE_SRV508_IPHONE5SF_id39_s1_129.png,1,VALID,0.3557129,0.60253906,-0.4272461,-0.5521642,LCC-FASD external-dev / cross-domain stress set,False
YOUTUBE_SRV508_IPHONE5SF_id42_s0_51.png,1,VALID,0.81884766,0.7548828,-1.6708984,-0.020752192,LCC-FASD external-dev / cross-domain stress set,False
YOUTUBE_SRV508_IPHONE5SF_id42_s0_67.png,1,VALID,1.1005859,0.36938477,-1.6484375,0.606381,LCC-FASD external-dev / cross-domain stress set,True
YOUTUBE_SRV508_IPHONE5SF_id42_s0_84.png,1,VALID,1.5302734,-0.4736328,-1.2412109,1.6226411,LCC-FASD external-dev / cross-domain stress set,True
YOUTUBE_SRV508_IPHONE5SF_id42_s0_126.png,1,VALID,1.7714844,-0.88183594,-1.1591797,2.0892608,LCC-FASD external-dev / cross-domain stress set,True
YOUTUBE_SRV508_IPHONE5SF_id42_s0_141.png,1,VALID,1.5996094,-0.07611084,-1.8310547,1.5162265,LCC-FASD external-dev / cross-domain stress set,True
YOUTUBE_SRV508_IPHONE5SF_id42_s0_156.png,1,VALID,1.4951172,0.06542969,-1.7929688,1.2847891,LCC-FASD external-dev / cross-domain stress set,True
YOUTUBE_SRV508_IPHONE5SF_id42_s0_171.png,1,VALID,1.2988281,0.1541748,-1.6982422,0.99894595,LCC-FASD external-dev / cross-domain stress set,True
YOUTUBE_SRV508_IPHONE5SF_id42_s0_186.png,1,VALID,1.4433594,-0.5366211,-1.0771484,1.5210118,LCC-FASD external-dev / cross-domain stress set,True
YOUTUBE_SRV508_IPHONE5SF_id42_s0_201.png,1,VALID,1.5458984,-0.34936523,-1.4199219,1.6004936,LCC-FASD external-dev / cross-domain stress set,True
YOUTUBE_SRV508_IPHONE5SF_id42_s0_216.png,1,VALID,1.1630859,-0.05227661,-1.1894531,0.937183,LCC-FASD external-dev / cross-domain stress set,True
YOUTUBE_SRV508_IPHONE5SF_id42_s1_46.png,1,VALID,0.109558105,1.625,-1.4023438,-1.5627491,LCC-FASD external-dev / cross-domain stress set,False
YOUTUBE_SRV508_IPHONE5SF_id42_s1_61.png,1,VALID,0.76708984,1.1523438,-1.8095703,-0.43568063,LCC-FASD external-dev / cross-domain stress set,False
YOUTUBE_SS22C200_REDMIN4X_id48_s0_15.png,1,VALID,-1.2255859,2.421875,-0.31298828,-3.7103446,LCC-FASD external-dev / cross-domain stress set,False
YOUTUBE_SS22C200_REDMIN4X_id48_s0_30.png,1,VALID,-1.4677734,3.0976562,-0.7861328,-4.5857935,LCC-FASD external-dev / cross-domain stress set,False
YOUTUBE_SS22C200_REDMIN4X_id48_s0_48.png,1,VALID,-1.4267578,2.7636719,-0.46264648,-4.2293653,LCC-FASD external-dev / cross-domain stress set,False
YOUTUBE_SS22C200_REDMIN4X_id48_s0_63.png,1,VALID,-1.7792969,2.953125,-0.20825195,-4.7739162,LCC-FASD external-dev / cross-domain stress set,False
YOUTUBE_SS22C200_REDMIN4X_id48_s0_78.png,1,VALID,-0.76953125,2.0507812,-0.71191406,-2.881522,LCC-FASD external-dev / cross-domain stress set,False
YOUTUBE_SS22C200_REDMIN4X_id48_s0_93.png,1,VALID,-1.8310547,3.0859375,-0.32641602,-4.949424,LCC-FASD external-dev / cross-domain stress set,False
YOUTUBE_SS22C200_REDMIN4X_id48_s0_108.png,1,VALID,-1.5634766,2.8828125,-0.4465332,-4.481479,LCC-FASD external-dev / cross-domain stress set,False
YOUTUBE_SS22C200_REDMIN4X_id48_s0_123.png,1,VALID,-1.1494141,2.0390625,-0.032348633,-3.3071551,LCC-FASD external-dev / cross-domain stress set,False
YOUTUBE_SS22C200_REDMIN4X_id48_s0_138.png,1,VALID,-1.7607422,2.9785156,-0.2253418,-4.7790604,LCC-FASD external-dev / cross-domain stress set,False
YOUTUBE_SS22C200_REDMIN4X_id48_s0_153.png,1,VALID,-1.4189453,2.4941406,-0.2019043,-3.978379,LCC-FASD external-dev / cross-domain stress set,False
YOUTUBE_SSM757MB_FS407S6_id39_s0_16.png,1,VALID,-0.0044441223,0.18408203,0.48168945,-1.0415077,LCC-FASD external-dev / cross-domain stress set,False
YOUTUBE_SSM757MB_FS407S6_id39_s0_45.png,1,VALID,-0.31689453,0.25830078,0.8300781,-1.5945525,LCC-FASD external-dev / cross-domain stress set,False
YOUTUBE_SSM757MB_FS407S6_id43_s0_15.png,1,VALID,1.2021484,-1.3554688,0.3449707,0.68945956,LCC-FASD external-dev / cross-domain stress set,True
YOUTUBE_SSM757MB_FS407S6_id43_s0_30.png,1,VALID,1.2861328,-1.1660156,0.021469116,0.9984703,LCC-FASD external-dev / cross-domain stress set,True
YOUTUBE_SSM757MB_FS407S6_id43_s0_45.png,1,VALID,1.8759766,-1.5859375,-0.60839844,2.1650229,LCC-FASD external-dev / cross-domain stress set,True
YOUTUBE_SSM757MB_FS407S6_id43_s0_60.png,1,VALID,1.5224609,-1.1103516,-0.5678711,1.6320819,LCC-FASD external-dev / cross-domain stress set,True
YOUTUBE_SSM757MB_FS407S6_id43_s0_75.png,1,VALID,1.2128906,-1.4375,0.45288086,0.61936617,LCC-FASD external-dev / cross-domain stress set,True
YOUTUBE_SSM757MB_FS407S6_id43_s0_90.png,1,VALID,-0.29907227,-1.1972656,2.5742188,-2.896048,LCC-FASD external-dev / cross-domain stress set,False
YOUTUBE_SSM757MB_FS407S6_id43_s0_105.png,1,VALID,1.3476562,-1.5644531,0.35717773,0.8538798,LCC-FASD external-dev / cross-domain stress set,True
YOUTUBE_SSM757MB_FS407S6_id43_s0_122.png,1,VALID,1.7333984,-1.5683594,-0.16845703,1.6814188,LCC-FASD external-dev / cross-domain stress set,True
YOUTUBE_SSM757MB_FS407S6_id43_s0_137.png,1,VALID,1.3789062,-1.2578125,-0.020065308,1.1443007,LCC-FASD external-dev / cross-domain stress set,True
YOUTUBE_SSM757MB_FS407S6_id43_s0_152.png,1,VALID,1.6035156,-1.1503906,-0.5131836,1.6922376,LCC-FASD external-dev / cross-domain stress set,True
YOUTUBE_SSM757MB_FS407S6_id43_s1_15.png,1,VALID,1.9765625,-1.5810547,-0.5683594,2.2350588,LCC-FASD external-dev / cross-domain stress set,True
YOUTUBE_SSM757MB_FS407S6_id43_s1_30.png,1,VALID,0.8540039,-0.8432617,0.26611328,0.3028884,LCC-FASD external-dev / cross-domain stress set,True
YOUTUBE_SSM757MB_FS407S6_id43_s1_45.png,1,VALID,1.4121094,-0.28735352,-1.1074219,1.334541,LCC-FASD external-dev / cross-domain stress set,True
YOUTUBE_SSM757MB_FS407S6_id43_s1_60.png,1,VALID,1.6796875,-0.9863281,-0.7973633,1.8739293,LCC-FASD external-dev / cross-domain stress set,True
YOUTUBE_SSM757MB_FS407S6_id43_s1_75.png,1,VALID,1.0605469,-1.1269531,0.42016602,0.44739938,LCC-FASD external-dev / cross-domain stress set,True
YOUTUBE_SSM757MB_FS407S6_id43_s1_90.png,1,VALID,1.0361328,-1.5029297,0.7680664,0.16984284,LCC-FASD external-dev / cross-domain stress set,True
YOUTUBE_SSM757MB_FS407S6_id43_s1_105.png,1,VALID,1.9052734,-0.84472656,-1.2734375,2.248408,LCC-FASD external-dev / cross-domain stress set,True
YOUTUBE_SSM757MB_FS407S6_id43_s1_120.png,1,VALID,1.3398438,-1.421875,0.19897461,0.9604405,LCC-FASD external-dev / cross-domain stress set,True
YOUTUBE_SSM757MB_FS407S6_id43_s1_135.png,1,VALID,1.3388672,-1.0830078,-0.057037354,1.0895612,LCC-FASD external-dev / cross-domain stress set,True
YOUTUBE_SSM757MB_FS407S6_id43_s1_150.png,1,VALID,0.5258789,0.34375,-0.44970703,-0.19100487,LCC-FASD external-dev / cross-domain stress set,False
YOUTUBE_SSM763MB_LA546_id39_s1_30.png,1,VALID,0.66552734,0.87597656,-1.2324219,-0.32505596,LCC-FASD external-dev / cross-domain stress set,False
YOUTUBE_SSM2232BW_HISCRZERAF_id48_s0_197.png,1,VALID,-1.7255859,2.8417969,-0.18200684,-4.614854,LCC-FASD external-dev / cross-domain stress set,False
YOUTUBE_SLS24E390HL0_HUAWEIG620SL01_S0_id48_s1_15.png,1,VALID,2.2617188,-1.3339844,-1.4404297,2.9543629,LCC-FASD external-dev / cross-domain stress set,True
YOUTUBE_SLS24E390HL0_HUAWEIG620SL01_S0_id48_s1_30.png,1,VALID,1.3964844,-0.4333496,-1.0361328,1.3933314,LCC-FASD external-dev / cross-domain stress set,True
YOUTUBE_SLS24E390HL0_HUAWEIG620SL01_S0_id48_s1_60.png,1,VALID,1.5146484,-1.1591797,-0.31860352,1.4745557,LCC-FASD external-dev / cross-domain stress set,True
YOUTUBE_SLS24E390HL0_HUAWEIG620SL01_S0_id48_s1_75.png,1,VALID,1.8818359,-1.1826172,-0.92822266,2.2360408,LCC-FASD external-dev / cross-domain stress set,True
YOUTUBE_SLS24E390HL0_HUAWEIG620SL01_S0_id48_s1_90.png,1,VALID,1.9580078,-1.265625,-0.9970703,2.38722,LCC-FASD external-dev / cross-domain stress set,True
YOUTUBE_SLS24E390HL0_HUAWEIG620SL01_S0_id48_s1_150.png,1,VALID,1.6982422,-1.3984375,-0.29833984,1.7092712,LCC-FASD external-dev / cross-domain stress set,True
YOUTUBE_SLS24E390HL0_HUAWEIG620SL01_S0_id48_s1_165.png,1,VALID,1.8574219,-1.3554688,-0.7236328,2.154732,LCC-FASD external-dev / cross-domain stress set,True
YOUTUBE_SLS24E390HL0_HUAWEIG620SL01_S1_id39_s0_15.png,1,VALID,-2.0917969,1.890625,1.7480469,-4.606819,LCC-FASD external-dev / cross-domain stress set,False
YOUTUBE_SLS24E390HL0_HUAWEIG620SL01_S1_id39_s0_31.png,1,VALID,-1.7744141,2.2480469,0.8496094,-4.243188,LCC-FASD external-dev / cross-domain stress set,False
YOUTUBE_SLS24E390HL0_HUAWEIG620SL01_S1_id39_s0_46.png,1,VALID,-1.1953125,1.8017578,0.44018555,-3.2252073,LCC-FASD external-dev / cross-domain stress set,False
YOUTUBE_SLS24E390HL0_HUAWEIG620SL01_S1_id43_s0_15.png,1,VALID,-0.5703125,1.8798828,-0.7128906,-2.5223413,LCC-FASD external-dev / cross-domain stress set,False
YOUTUBE_SLS24E390HL0_HUAWEIG620SL01_S1_id43_s0_30.png,1,VALID,-0.9609375,2.0605469,-0.3540039,-3.1071184,LCC-FASD external-dev / cross-domain stress set,False
YOUTUBE_SLS24E390HL0_HUAWEIG620SL01_S1_id43_s0_46.png,1,VALID,0.44018555,1.0263672,-1.2832031,-0.68085885,LCC-FASD external-dev / cross-domain stress set,False
YOUTUBE_SLS24E390HL0_HUAWEIG620SL01_S1_id43_s0_61.png,1,VALID,0.5307617,0.044036865,-0.20898438,-0.08789289,LCC-FASD external-dev / cross-domain stress set,False
YOUTUBE_SLS24E390HL0_HUAWEIG620SL01_S1_id43_s0_76.png,1,VALID,1.2939453,-0.35595703,-0.9399414,1.2067099,LCC-FASD external-dev / cross-domain stress set,True
YOUTUBE_SLS24E390HL0_HUAWEIG620SL01_S1_id43_s0_91.png,1,VALID,0.9633789,-0.29174805,-0.4267578,0.627208,LCC-FASD external-dev / cross-domain stress set,True
YOUTUBE_SLS24E390HL0_HUAWEIG620SL01_S1_id43_s0_116.png,1,VALID,0.7602539,0.63964844,-1.3613281,-0.006206155,LCC-FASD external-dev / cross-domain stress set,False
YOUTUBE_SLS24E390HL0_HUAWEIG620SL01_S1_id43_s0_131.png,1,VALID,1.0839844,-0.3630371,-0.58496094,0.8586925,LCC-FASD external-dev / cross-domain stress set,True
YOUTUBE_SLS24E390HL0_HUAWEIG620SL01_S1_id43_s0_146.png,1,VALID,1.0214844,-0.2512207,-0.58935547,0.7344009,LCC-FASD external-dev / cross-domain stress set,True
YOUTUBE_SLS24E390HL0_HUAWEIG620SL01_S1_id43_s0_161.png,1,VALID,-0.4958496,2.1582031,-1.2939453,-2.6852388,LCC-FASD external-dev / cross-domain stress set,False
YOUTUBE_SLS24E390HL0_HUAWEIG620SL01_S1_id43_s1_15.png,1,VALID,1.1943359,-0.3088379,-0.7080078,0.98982537,LCC-FASD external-dev / cross-domain stress set,True
YOUTUBE_SLS24E390HL0_HUAWEIG620SL01_S1_id43_s1_30.png,1,VALID,1.6396484,-0.9770508,-0.67871094,1.7632973,LCC-FASD external-dev / cross-domain stress set,True
YOUTUBE_SLS24E390HL0_HUAWEIG620SL01_S1_id43_s1_45.png,1,VALID,0.89160156,-0.82958984,0.4428711,0.20175993,LCC-FASD external-dev / cross-domain stress set,True
YOUTUBE_SLS24E390HL0_HUAWEIG620SL01_S1_id43_s1_60.png,1,VALID,1.8740234,-1.0712891,-0.96875,2.199582,LCC-FASD external-dev / cross-domain stress set,True
YOUTUBE_SLS24E390HL0_HUAWEIG620SL01_S1_id43_s1_75.png,1,VALID,1.4287109,-0.64501953,-0.6870117,1.401359,LCC-FASD external-dev / cross-domain stress set,True
YOUTUBE_SLS24E390HL0_HUAWEIG620SL01_S1_id43_s1_90.png,1,VALID,-0.28027344,1.1279297,-0.15454102,-1.6529917,LCC-FASD external-dev / cross-domain stress set,False
YOUTUBE_SLS24E390HL0_HUAWEIG620SL01_S1_id43_s1_105.png,1,VALID,0.70410156,0.6616211,-1.1640625,-0.10689384,LCC-FASD external-dev / cross-domain stress set,False
YOUTUBE_SLS24E390HL0_HUAWEIG620SL01_S1_id43_s1_120.png,1,VALID,0.093322754,0.1796875,0.38720703,-0.8886451,LCC-FASD external-dev / cross-domain stress set,False
YOUTUBE_SLS24E390HL0_HUAWEIG620SL01_S1_id43_s1_135.png,1,VALID,0.50878906,0.921875,-1.1484375,-0.5318874,LCC-FASD external-dev / cross-domain stress set,False
YOUTUBE_SLS24E390HL0_HUAWEIG620SL01_S1_id43_s1_150.png,1,VALID,0.3635254,0.59765625,-0.4855957,-0.5256752,LCC-FASD external-dev / cross-domain stress set,False
YOUTUBE_SLS24E390HL0_HUAWEIG620SL01_S1_id48_s1_15.png,1,VALID,2.0898438,-1.2558594,-1.1933594,2.6208177,LCC-FASD external-dev / cross-domain stress set,True
YOUTUBE_SLS24E390HL0_HUAWEIG620SL01_S1_id48_s1_30.png,1,VALID,2.0253906,-1.1738281,-1.1572266,2.4977365,LCC-FASD external-dev / cross-domain stress set,True
YOUTUBE_SLS24E390HL0_HUAWEIG620SL01_S1_id48_s1_45.png,1,VALID,1.7089844,-1.1787109,-0.7236328,1.9413424,LCC-FASD external-dev / cross-domain stress set,True
YOUTUBE_SLS24E390HL0_HUAWEIG620SL01_S1_id48_s1_60.png,1,VALID,1.7832031,-1.2011719,-0.87646484,2.1157525,LCC-FASD external-dev / cross-domain stress set,True
YOUTUBE_SLS24E390HL0_HUAWEIG620SL01_S1_id48_s1_75.png,1,VALID,2.1015625,-1.234375,-1.3134766,2.681559,LCC-FASD external-dev / cross-domain stress set,True
YOUTUBE_SLS24E390HL0_HUAWEIG620SL01_S1_id48_s1_90.png,1,VALID,1.9550781,-1.3867188,-0.83447266,2.3348794,LCC-FASD external-dev / cross-domain stress set,True
YOUTUBE_SLS24E390HL0_HUAWEIG620SL01_S1_id48_s1_105.png,1,VALID,2.1875,-1.3769531,-1.3076172,2.8360372,LCC-FASD external-dev / cross-domain stress set,True
YOUTUBE_SLS24E390HL0_HUAWEIG620SL01_S1_id48_s1_120.png,1,VALID,1.7929688,-1.1621094,-0.8413086,2.0887213,LCC-FASD external-dev / cross-domain stress set,True
YOUTUBE_SLS24E390HL0_HUAWEIG620SL01_S1_id48_s1_135.png,1,VALID,2.1367188,-1.2705078,-1.2949219,2.726212,LCC-FASD external-dev / cross-domain stress set,True
YOUTUBE_SLS24E390HL0_HUAWEIG620SL01_S1_id48_s1_150.png,1,VALID,2.1816406,-1.4775391,-1.3007812,2.8737533,LCC-FASD external-dev / cross-domain stress set,True
YOUTUBE_SM943N_REDMIN5_id39_s1_15.png,1,VALID,0.59033203,0.009124756,-0.28320312,0.023579895,LCC-FASD external-dev / cross-domain stress set,False
YOUTUBE_SM943N_REDMIN5_id39_s1_32.png,1,VALID,1.4208984,-0.59228516,-0.8286133,1.4312353,LCC-FASD external-dev / cross-domain stress set,True
YOUTUBE_SM943N_REDMIN5_id39_s1_47.png,1,VALID,0.84472656,0.21240234,-0.8129883,0.32582796,LCC-FASD external-dev / cross-domain stress set,True
YOUTUBE_SM943N_REDMIN5_id39_s1_64.png,1,VALID,1.6992188,-0.82373047,-1.0224609,1.9242387,LCC-FASD external-dev / cross-domain stress set,True
YOUTUBE_SM943N_REDMIN5_id39_s1_80.png,1,VALID,1.4160156,-0.52246094,-0.8515625,1.3964024,LCC-FASD external-dev / cross-domain stress set,True
YOUTUBE_SM943N_REDMIN5_id39_s1_95.png,1,VALID,1.2011719,-0.4555664,-0.64453125,1.0536168,LCC-FASD external-dev / cross-domain stress set,True
YOUTUBE_SM943N_REDMIN5_id39_s1_110.png,1,VALID,0.6694336,-0.45507812,0.12976074,0.09678626,LCC-FASD external-dev / cross-domain stress set,False
YOUTUBE_SM943N_REDMIN5_id42_s0_15.png,1,VALID,1.3359375,0.36914062,-1.8027344,0.8588723,LCC-FASD external-dev / cross-domain stress set,True
YOUTUBE_SM943N_REDMIN5_id42_s0_30.png,1,VALID,0.5341797,1.1074219,-1.4345703,-0.64900756,LCC-FASD external-dev / cross-domain stress set,False
YOUTUBE_SM943N_REDMIN5_id42_s0_45.png,1,VALID,0.20605469,1.4140625,-1.2822266,-1.2732855,LCC-FASD external-dev / cross-domain stress set,False
YOUTUBE_SM943N_REDMIN5_id42_s0_60.png,1,VALID,0.1998291,1.5136719,-1.4267578,-1.3653369,LCC-FASD external-dev / cross-domain stress set,False
YOUTUBE_SM943N_REDMIN5_id42_s0_75.png,1,VALID,0.8388672,0.7529297,-1.4667969,-0.017195404,LCC-FASD external-dev / cross-domain stress set,False
YOUTUBE_SM943N_REDMIN5_id42_s0_90.png,1,VALID,0.8901367,0.76953125,-1.5527344,0.027068496,LCC-FASD external-dev / cross-domain stress set,False
YOUTUBE_SM943N_REDMIN5_id42_s0_105.png,1,VALID,1.0029297,0.26904297,-1.1591797,0.5189893,LCC-FASD external-dev / cross-domain stress set,True
YOUTUBE_SM943N_REDMIN5_id42_s0_120.png,1,VALID,0.31518555,1.3232422,-1.3730469,-1.0733343,LCC-FASD external-dev / cross-domain stress set,False
YOUTUBE_SM943N_REDMIN5_id42_s0_135.png,1,VALID,1.1044922,0.22045898,-1.1992188,0.6674777,LCC-FASD external-dev / cross-domain stress set,True
YOUTUBE_SM943N_REDMIN5_id42_s0_150.png,1,VALID,1.0634766,-0.15930176,-0.70703125,0.7664546,LCC-FASD external-dev / cross-domain stress set,True
YOUTUBE_S300U1A_HUAWEIY3II_id39_s1_15.png,1,VALID,-0.15405273,0.15124512,0.78808594,-1.3667271,LCC-FASD external-dev / cross-domain stress set,False
YOUTUBE_S300U1A_HUAWEIY3II_id39_s1_30.png,1,VALID,0.99560547,-0.5102539,-0.15795898,0.6211303,LCC-FASD external-dev / cross-domain stress set,True
YOUTUBE_S300U1A_HUAWEIY3II_id39_s1_56.png,1,VALID,-0.5185547,0.5395508,1.1816406,-2.1229708,LCC-FASD external-dev / cross-domain stress set,False
YOUTUBE_S300U1A_HUAWEIY3II_id39_s1_75.png,1,VALID,1.5917969,-1.0146484,-0.51220703,1.6308479,LCC-FASD external-dev / cross-domain stress set,True
YOUTUBE_S300U1A_HUAWEIY3II_id39_s1_92.png,1,VALID,0.46948242,-0.37402344,0.49829102,-0.37804407,LCC-FASD external-dev / cross-domain stress set,False
YOUTUBE_S300U1A_HUAWEIY3II_id39_s1_107.png,1,VALID,-0.04849243,0.13330078,0.7314453,-1.2180836,LCC-FASD external-dev / cross-domain stress set,False
YOUTUBE_S300U1A_HUAWEIY3II_id39_s1_122.png,1,VALID,0.18347168,0.03491211,0.49902344,-0.80332994,LCC-FASD external-dev / cross-domain stress set,False
YOUTUBE_S300U1A_HUAWEIY3II_id39_s1_137.png,1,VALID,0.69628906,-0.06878662,-0.17907715,0.12555408,LCC-FASD external-dev / cross-domain stress set,False
YOUTUBE_S300U1A_HUAWEIY3II_id42_s0_15.png,1,VALID,1.8837891,-0.578125,-1.6279297,2.161805,LCC-FASD external-dev / cross-domain stress set,True
YOUTUBE_S300U1A_HUAWEIY3II_id42_s0_30.png,1,VALID,1.8955078,-0.56640625,-1.6445312,2.1690707,LCC-FASD external-dev / cross-domain stress set,True
YOUTUBE_S300U1A_HUAWEIY3II_id42_s0_45.png,1,VALID,1.2734375,0.38989258,-1.828125,0.78024435,LCC-FASD external-dev / cross-domain stress set,True
YOUTUBE_S300U1A_HUAWEIY3II_id42_s0_60.png,1,VALID,1.2880859,0.1282959,-1.4931641,0.97946215,LCC-FASD external-dev / cross-domain stress set,True
YOUTUBE_S300U1A_HUAWEIY3II_id42_s0_75.png,1,VALID,0.6303711,0.98876953,-1.5449219,-0.43477178,LCC-FASD external-dev / cross-domain stress set,False
YOUTUBE_S300U1A_HUAWEIY3II_id42_s0_90.png,1,VALID,1.5761719,-0.09552002,-1.7324219,1.4938955,LCC-FASD external-dev / cross-domain stress set,True
YOUTUBE_S300U1A_HUAWEIY3II_id42_s0_105.png,1,VALID,1.15625,0.34326172,-1.5429688,0.67179924,LCC-FASD external-dev / cross-domain stress set,True
YOUTUBE_S300U1A_HUAWEIY3II_id42_s0_120.png,1,VALID,1.7265625,-0.48364258,-1.4179688,1.8788527,LCC-FASD external-dev / cross-domain stress set,True
YOUTUBE_S300U1A_HUAWEIY3II_id42_s0_135.png,1,VALID,0.96191406,0.67529297,-1.6835938,0.19630033,LCC-FASD external-dev / cross-domain stress set,True
YOUTUBE_S300U1A_HUAWEIY3II_id42_s0_150.png,1,VALID,1.4785156,-0.07684326,-1.5439453,1.347863,LCC-FASD external-dev / cross-domain stress set,True
YOUTUBE_S300U1A_HUAWEIY3II_id42_s1_65.png,1,VALID,-1.9082031,3.125,-0.06854248,-5.07341,LCC-FASD external-dev / cross-domain stress set,False
YOUTUBE_S198150N_GM5_id48_s0_15.png,1,VALID,1.6494141,-0.49853516,-1.1962891,1.7440174,LCC-FASD external-dev / cross-domain stress set,True
YOUTUBE_S198150N_GM5_id48_s0_30.png,1,VALID,1.0644531,-0.043395996,-0.8701172,0.74495655,LCC-FASD external-dev / cross-domain stress set,True
YOUTUBE_S198150N_GM5_id48_s0_45.png,1,VALID,-0.0473938,1.3525391,-0.9213867,-1.4978826,LCC-FASD external-dev / cross-domain stress set,False
YOUTUBE_S198150N_GM5_id48_s0_60.png,1,VALID,-1.2607422,2.7851562,-0.7246094,-4.075364,LCC-FASD external-dev / cross-domain stress set,False
YOUTUBE_S198150N_GM5_id48_s0_75.png,1,VALID,-0.4584961,2.4238281,-1.5771484,-2.9004567,LCC-FASD external-dev / cross-domain stress set,False
YOUTUBE_S198150N_GM5_id48_s0_90.png,1,VALID,-1.1289062,2.7929688,-0.9995117,-3.9441643,LCC-FASD external-dev / cross-domain stress set,False
YOUTUBE_S198150N_GM5_id48_s0_120.png,1,VALID,-0.21618652,1.4335938,-0.6645508,-1.7655025,LCC-FASD external-dev / cross-domain stress set,False
YOUTUBE_S198150N_GM5_id48_s0_135.png,1,VALID,-0.6665039,2.1835938,-0.9116211,-2.8943684,LCC-FASD external-dev / cross-domain stress set,False
YOUTUBE_S198150N_GM5_id48_s0_150.png,1,VALID,-0.3310547,1.5869141,-0.69433594,-2.0152373,LCC-FASD external-dev / cross-domain stress set,False
YOUTUBE_SLS24E390HL0_HUAWEIG620SL01_S0_id39_s0_39.png,1,VALID,-1.5527344,2.65625,-0.043823242,-4.274023,LCC-FASD external-dev / cross-domain stress set,False
YOUTUBE_SLS24E390HL0_HUAWEIG620SL01_S0_id43_s0_15.png,1,VALID,-0.87841797,0.9555664,1.0253906,-2.562653,LCC-FASD external-dev / cross-domain stress set,False
YOUTUBE_SLS24E390HL0_HUAWEIG620SL01_S0_id43_s0_30.png,1,VALID,-0.95214844,2.0488281,-0.28320312,-3.0936453,LCC-FASD external-dev / cross-domain stress set,False
YOUTUBE_SLS24E390HL0_HUAWEIG620SL01_S0_id43_s0_46.png,1,VALID,-0.90771484,2.2539062,-0.6430664,-3.215342,LCC-FASD external-dev / cross-domain stress set,False
YOUTUBE_SLS24E390HL0_HUAWEIG620SL01_S0_id43_s0_61.png,1,VALID,0.17297363,0.26879883,0.1743164,-0.7428466,LCC-FASD external-dev / cross-domain stress set,False
YOUTUBE_SLS24E390HL0_HUAWEIG620SL01_S0_id43_s0_76.png,1,VALID,0.5654297,0.26757812,-0.5004883,-0.08325881,LCC-FASD external-dev / cross-domain stress set,False
YOUTUBE_SLS24E390HL0_HUAWEIG620SL01_S0_id43_s0_91.png,1,VALID,0.18811035,0.69140625,-0.4020996,-0.7922571,LCC-FASD external-dev / cross-domain stress set,False
YOUTUBE_SLS24E390HL0_HUAWEIG620SL01_S0_id43_s0_117.png,1,VALID,0.55859375,0.67822266,-1.0507812,-0.28298944,LCC-FASD external-dev / cross-domain stress set,False
YOUTUBE_SLS24E390HL0_HUAWEIG620SL01_S0_id43_s0_132.png,1,VALID,-0.15429688,0.7114258,0.09674072,-1.2980317,LCC-FASD external-dev / cross-domain stress set,False
YOUTUBE_SLS24E390HL0_HUAWEIG620SL01_S0_id43_s0_147.png,1,VALID,0.23632812,0.5595703,-0.26733398,-0.686079,LCC-FASD external-dev / cross-domain stress set,False
YOUTUBE_SLS24E390HL0_HUAWEIG620SL01_S0_id43_s0_162.png,1,VALID,-0.97314453,2.5234375,-0.8930664,-3.5288818,LCC-FASD external-dev / cross-domain stress set,False
YOUTUBE_SLS24E390HL0_HUAWEIG620SL01_S0_id43_s1_15.png,1,VALID,0.9399414,-0.045837402,-0.64746094,0.5488658,LCC-FASD external-dev / cross-domain stress set,True
YOUTUBE_SLS24E390HL0_HUAWEIG620SL01_S0_id43_s1_30.png,1,VALID,-0.17736816,1.2646484,-0.39990234,-1.615361,LCC-FASD external-dev / cross-domain stress set,False
YOUTUBE_SLS24E390HL0_HUAWEIG620SL01_S0_id43_s1_45.png,1,VALID,0.19885254,0.36376953,0.06695557,-0.7206293,LCC-FASD external-dev / cross-domain stress set,False
YOUTUBE_SLS24E390HL0_HUAWEIG620SL01_S0_id43_s1_60.png,1,VALID,0.8652344,0.11895752,-0.8022461,0.41120583,LCC-FASD external-dev / cross-domain stress set,True
YOUTUBE_SLS24E390HL0_HUAWEIG620SL01_S0_id43_s1_75.png,1,VALID,1.1240234,-0.020904541,-1.0078125,0.82812846,LCC-FASD external-dev / cross-domain stress set,True
YOUTUBE_SLS24E390HL0_HUAWEIG620SL01_S0_id43_s1_90.png,1,VALID,0.7944336,0.5288086,-1.0244141,0.07371205,LCC-FASD external-dev / cross-domain stress set,False
YOUTUBE_SLS24E390HL0_HUAWEIG620SL01_S0_id43_s1_105.png,1,VALID,0.15539551,0.99365234,-0.6147461,-1.0207517,LCC-FASD external-dev / cross-domain stress set,False
YOUTUBE_SLS24E390HL0_HUAWEIG620SL01_S0_id43_s1_120.png,1,VALID,-0.04586792,0.73779297,-0.07489014,-1.1508467,LCC-FASD external-dev / cross-domain stress set,False
YOUTUBE_SLS24E390HL0_HUAWEIG620SL01_S0_id43_s1_135.png,1,VALID,0.66503906,0.82177734,-1.2128906,-0.27959627,LCC-FASD external-dev / cross-domain stress set,False
YOUTUBE_SLS24E390HL0_HUAWEIG620SL01_S0_id43_s1_150.png,1,VALID,-0.9350586,2.078125,-0.25854492,-3.1054428,LCC-FASD external-dev / cross-domain stress set,False
YOUTUBE_SLS24E390HL0_HUAWEIG620SL01_S0_id48_s1_105.png,1,VALID,1.7910156,-1.2773438,-0.6933594,2.0411825,LCC-FASD external-dev / cross-domain stress set,True
YOUTUBE_SLS24E390HL0_HUAWEIG620SL01_S0_id48_s1_120.png,1,VALID,1.7041016,-1.3095703,-0.5913086,1.8982466,LCC-FASD external-dev / cross-domain stress set,True
YOUTUBE_SLS24E390HL0_HUAWEIG620SL01_S0_id48_s1_135.png,1,VALID,1.9521484,-1.2119141,-1.0761719,2.4007428,LCC-FASD external-dev / cross-domain stress set,True
YOUTUBE_PBQ5WTS_ZTEBA2_id43_s0_15.png,1,VALID,-0.56152344,1.7255859,-0.40307617,-2.3995416,LCC-FASD external-dev / cross-domain stress set,False
YOUTUBE_PBQ5WTS_ZTEBA2_id43_s0_30.png,1,VALID,-1.3457031,2.3105469,-0.06744385,-3.7449353,LCC-FASD external-dev / cross-domain stress set,False
YOUTUBE_PBQ5WTS_ZTEBA2_id43_s0_45.png,1,VALID,-1.1728516,2.1191406,-0.23071289,-3.3830965,LCC-FASD external-dev / cross-domain stress set,False
YOUTUBE_PBQ5WTS_ZTEBA2_id43_s0_60.png,1,VALID,-0.5961914,1.8720703,-0.21984863,-2.584666,LCC-FASD external-dev / cross-domain stress set,False
YOUTUBE_PBQ5WTS_ZTEBA2_id43_s0_75.png,1,VALID,0.17297363,1.2949219,-0.8125,-1.2366607,LCC-FASD external-dev / cross-domain stress set,False
YOUTUBE_PBQ5WTS_ZTEBA2_id43_s0_90.png,1,VALID,0.10784912,1.2929688,-0.71484375,-1.3111196,LCC-FASD external-dev / cross-domain stress set,False
YOUTUBE_PBQ5WTS_ZTEBA2_id43_s0_147.png,1,VALID,-0.60253906,1.9082031,-0.5073242,-2.5962958,LCC-FASD external-dev / cross-domain stress set,False
YOUTUBE_PBQ5WTS_ZTEBA2_id43_s0_162.png,1,VALID,-1.3261719,2.4199219,-0.36035156,-3.806268,LCC-FASD external-dev / cross-domain stress set,False
YOUTUBE_PBQ5WTS_ZTEBA2_id43_s1_15.png,1,VALID,-1.1767578,2.3261719,-0.35791016,-3.568983,LCC-FASD external-dev / cross-domain stress set,False
YOUTUBE_PBQ5WTS_ZTEBA2_id43_s1_30.png,1,VALID,-1.140625,2.1601562,-0.45410156,-3.3714468,LCC-FASD external-dev / cross-domain stress set,False
YOUTUBE_PBQ5WTS_ZTEBA2_id43_s1_45.png,1,VALID,-0.05996704,1.3037109,-0.8046875,-1.4782847,LCC-FASD external-dev / cross-domain stress set,False
YOUTUBE_PBQ5WTS_ZTEBA2_id43_s1_60.png,1,VALID,-0.34326172,1.34375,-0.46533203,-1.838706,LCC-FASD external-dev / cross-domain stress set,False
YOUTUBE_PBQ5WTS_ZTEBA2_id43_s1_75.png,1,VALID,-0.53466797,1.5332031,-0.4338379,-2.1987853,LCC-FASD external-dev / cross-domain stress set,False
YOUTUBE_PBQ5WTS_ZTEBA2_id43_s1_90.png,1,VALID,-1.2099609,2.0761719,-0.030181885,-3.4009612,LCC-FASD external-dev / cross-domain stress set,False
YOUTUBE_PBQ5WTS_ZTEBA2_id43_s1_105.png,1,VALID,-1.0908203,2.1699219,-0.39575195,-3.3347983,LCC-FASD external-dev / cross-domain stress set,False
YOUTUBE_PBQ5WTS_ZTEBA2_id43_s1_120.png,1,VALID,-1.3945312,2.5527344,-0.2512207,-4.006072,LCC-FASD external-dev / cross-domain stress set,False
YOUTUBE_PBQ5WTS_ZTEBA2_id43_s1_135.png,1,VALID,-0.56103516,1.6835938,-0.4140625,-2.3604045,LCC-FASD external-dev / cross-domain stress set,False
YOUTUBE_PBQ5WTS_ZTEBA2_id43_s1_150.png,1,VALID,-1.0400391,1.7568359,0.17016602,-2.9830275,LCC-FASD external-dev / cross-domain stress set,False
YOUTUBE_PBQ5WTS_ZTEBA2_id48_s1_15.png,1,VALID,0.10491943,1.5175781,-1.3886719,-1.4658964,LCC-FASD external-dev / cross-domain stress set,False
YOUTUBE_PBQ5WTS_ZTEBA2_id48_s1_30.png,1,VALID,-0.7910156,2.2324219,-0.7050781,-3.075079,LCC-FASD external-dev / cross-domain stress set,False
YOUTUBE_PBQ5WTS_ZTEBA2_id48_s1_45.png,1,VALID,-0.8564453,2.1503906,-0.42358398,-3.080302,LCC-FASD external-dev / cross-domain stress set,False
YOUTUBE_PBQ5WTS_ZTEBA2_id48_s1_60.png,1,VALID,-2.4296875,3.3046875,0.63671875,-5.801466,LCC-FASD external-dev / cross-domain stress set,False
YOUTUBE_PBQ5WTS_ZTEBA2_id48_s1_75.png,1,VALID,-1.6230469,2.8027344,-0.026901245,-4.483139,LCC-FASD external-dev / cross-domain stress set,False
YOUTUBE_PBQ5WTS_ZTEBA2_id48_s1_90.png,1,VALID,-1.7734375,2.5,0.42041016,-4.391204,LCC-FASD external-dev / cross-domain stress set,False
YOUTUBE_PBQ5WTS_ZTEBA2_id48_s1_105.png,1,VALID,-1.2080078,2.2089844,-0.05331421,-3.5160327,LCC-FASD external-dev / cross-domain stress set,False
YOUTUBE_PBQ5WTS_ZTEBA2_id48_s1_120.png,1,VALID,-1.2275391,2.1894531,0.027008057,-3.5258856,LCC-FASD external-dev / cross-domain stress set,False
YOUTUBE_PBQ5WTS_ZTEBA2_id48_s1_135.png,1,VALID,-1.0576172,2.2011719,-0.44970703,-3.3269982,LCC-FASD external-dev / cross-domain stress set,False
YOUTUBE_PBQ5WTS_ZTEBA2_id48_s1_150.png,1,VALID,-2.3085938,2.6660156,1.1181641,-5.1674623,LCC-FASD external-dev / cross-domain stress set,False
YOUTUBE_PRS133S_PRMD3_id39_s0_27.png,1,VALID,-0.390625,1.6494141,-0.6245117,-2.1379888,LCC-FASD external-dev / cross-domain stress set,False
YOUTUBE_PRS133S_PRMD3_id43_s0_15.png,1,VALID,1.734375,-1.2158203,-0.6196289,1.9151647,LCC-FASD external-dev / cross-domain stress set,True
YOUTUBE_PRS133S_PRMD3_id43_s0_30.png,1,VALID,1.8486328,-1.2763672,-0.6303711,2.0575736,LCC-FASD external-dev / cross-domain stress set,True
YOUTUBE_PRS133S_PRMD3_id43_s0_45.png,1,VALID,1.4599609,-1.3642578,0.0446167,1.196676,LCC-FASD external-dev / cross-domain stress set,True
YOUTUBE_PRS133S_PRMD3_id43_s0_60.png,1,VALID,1.7939453,-1.1132812,-0.7128906,1.9939774,LCC-FASD external-dev / cross-domain stress set,True
YOUTUBE_PRS133S_PRMD3_id43_s0_81.png,1,VALID,1.984375,-1.2578125,-0.85791016,2.3292308,LCC-FASD external-dev / cross-domain stress set,True
YOUTUBE_PRS133S_PRMD3_id43_s0_96.png,1,VALID,2.1953125,-1.5791016,-0.8520508,2.653072,LCC-FASD external-dev / cross-domain stress set,True
YOUTUBE_PRS133S_PRMD3_id43_s0_111.png,1,VALID,1.1005859,-0.2421875,-0.7421875,0.86869645,LCC-FASD external-dev / cross-domain stress set,True
YOUTUBE_PRS133S_PRMD3_id43_s0_142.png,1,VALID,2.0351562,-1.2607422,-0.9970703,2.46225,LCC-FASD external-dev / cross-domain stress set,True
YOUTUBE_PRS133S_PRMD3_id43_s1_15.png,1,VALID,1.3769531,-1.0751953,-0.19152832,1.222579,LCC-FASD external-dev / cross-domain stress set,True
YOUTUBE_PRS133S_PRMD3_id43_s1_30.png,1,VALID,1.1621094,-1.2519531,0.49853516,0.5034223,LCC-FASD external-dev / cross-domain stress set,True
YOUTUBE_PRS133S_PRMD3_id43_s1_45.png,1,VALID,1.5029297,-1.1396484,-0.24682617,1.4065219,LCC-FASD external-dev / cross-domain stress set,True
YOUTUBE_PRS133S_PRMD3_id43_s1_60.png,1,VALID,1.5205078,-0.95703125,-0.5595703,1.5660431,LCC-FASD external-dev / cross-domain stress set,True
YOUTUBE_PRS133S_PRMD3_id43_s1_75.png,1,VALID,1.8701172,-1.0898438,-0.9433594,2.1908917,LCC-FASD external-dev / cross-domain stress set,True
YOUTUBE_PRS133S_PRMD3_id43_s1_90.png,1,VALID,1.6259766,-1.1552734,-0.3293457,1.5921881,LCC-FASD external-dev / cross-domain stress set,True
YOUTUBE_PRS133S_PRMD3_id43_s1_105.png,1,VALID,1.4003906,-0.91064453,-0.39135742,1.3249091,LCC-FASD external-dev / cross-domain stress set,True
YOUTUBE_PRS133S_PRMD3_id43_s1_128.png,1,VALID,0.40576172,0.8666992,-1.0205078,-0.6019981,LCC-FASD external-dev / cross-domain stress set,False
YOUTUBE_PRS133S_PRMD3_id43_s1_143.png,1,VALID,1.5732422,-0.28320312,-1.4609375,1.5879645,LCC-FASD external-dev / cross-domain stress set,True
YOUTUBE_PRS133S_PRMD3_id43_s1_158.png,1,VALID,1.8515625,-1.2646484,-0.7392578,2.1262536,LCC-FASD external-dev / cross-domain stress set,True
YOUTUBE_PRS133S_PRMD3_id48_s1_15.png,1,VALID,1.2705078,-1.0078125,0.0134887695,0.9494417,LCC-FASD external-dev / cross-domain stress set,True
YOUTUBE_PRS133S_PRMD3_id48_s1_30.png,1,VALID,0.41210938,-0.13232422,0.21374512,-0.3366447,LCC-FASD external-dev / cross-domain stress set,False
YOUTUBE_PRS133S_PRMD3_id48_s1_45.png,1,VALID,0.55029297,-0.7583008,0.6723633,-0.336496,LCC-FASD external-dev / cross-domain stress set,False
YOUTUBE_PRS133S_PRMD3_id48_s1_60.png,1,VALID,1.1992188,-0.83984375,-0.11730957,0.9207632,LCC-FASD external-dev / cross-domain stress set,True
YOUTUBE_PRS133S_PRMD3_id48_s1_75.png,1,VALID,1.2441406,-0.56152344,-0.56884766,1.1161723,LCC-FASD external-dev / cross-domain stress set,True
YOUTUBE_PRS133S_PRMD3_id48_s1_90.png,1,VALID,0.039245605,-0.6357422,1.3046875,-1.39966,LCC-FASD external-dev / cross-domain stress set,False
YOUTUBE_PRS133S_PRMD3_id48_s1_107.png,1,VALID,1.6757812,-0.68310547,-1.0419922,1.8291686,LCC-FASD external-dev / cross-domain stress set,True
YOUTUBE_PRS133S_PRMD3_id48_s1_122.png,1,VALID,1.5957031,-0.63916016,-1.0332031,1.7194531,LCC-FASD external-dev / cross-domain stress set,True
YOUTUBE_PRS133S_PRMD3_id48_s1_137.png,1,VALID,1.3125,-0.40234375,-0.8144531,1.2066705,LCC-FASD external-dev / cross-domain stress set,True
YOUTUBE_PRS133S_PRMD3_id48_s1_152.png,1,VALID,1.1347656,-0.88671875,0.0014820099,0.7887048,LCC-FASD external-dev / cross-domain stress set,True
YOUTUBE_S198150N_GM5_id48_s0_105.png,1,VALID,0.33911133,1.2421875,-1.3417969,-0.9758365,LCC-FASD external-dev / cross-domain stress set,False
YOUTUBE_P223V5LSB_LS650_id42_s1_61.png,1,VALID,-0.56640625,2.3085938,-1.1025391,-2.907471,LCC-FASD external-dev / cross-domain stress set,False
YOUTUBE_P223V5LSB_LS650_id42_s1_76.png,1,VALID,-1.7011719,2.984375,-0.113342285,-4.7297096,LCC-FASD external-dev / cross-domain stress set,False
YOUTUBE_P223V5LSB_LS650_id42_s1_92.png,1,VALID,-1.3544922,2.6699219,-0.2709961,-4.075884,LCC-FASD external-dev / cross-domain stress set,False
YOUTUBE_P226VLSB00_HONOR4CCHMU01_id39_s0_15.png,1,VALID,0.026824951,-0.83935547,1.4384766,-1.5092375,LCC-FASD external-dev / cross-domain stress set,False
YOUTUBE_P226VLSB00_HONOR4CCHMU01_id39_s0_41.png,1,VALID,0.08258057,-0.9555664,1.4960938,-1.4961529,LCC-FASD external-dev / cross-domain stress set,False
YOUTUBE_P226VLSB00_HONOR4CCHMU01_id39_s0_56.png,1,VALID,0.19213867,-0.8701172,1.2568359,-1.1773114,LCC-FASD external-dev / cross-domain stress set,False
YOUTUBE_P226VLSB00_HONOR4CCHMU01_id39_s0_81.png,1,VALID,0.015792847,-0.83691406,1.4931641,-1.5702131,LCC-FASD external-dev / cross-domain stress set,False
YOUTUBE_P226VLSB00_HONOR4CCHMU01_id48_s1_15.png,1,VALID,2.0976562,-0.95214844,-1.3066406,2.5182772,LCC-FASD external-dev / cross-domain stress set,True
YOUTUBE_P226VLSB00_HONOR4CCHMU01_id48_s1_30.png,1,VALID,0.39648438,-1.2304688,1.5332031,-1.1978701,LCC-FASD external-dev / cross-domain stress set,False
YOUTUBE_P226VLSB00_HONOR4CCHMU01_id48_s1_45.png,1,VALID,1.8613281,-1.1386719,-0.8066406,2.1271195,LCC-FASD external-dev / cross-domain stress set,True
YOUTUBE_P226VLSB00_HONOR4CCHMU01_id48_s1_60.png,1,VALID,2.2539062,-1.5253906,-1.1230469,2.8648777,LCC-FASD external-dev / cross-domain stress set,True
YOUTUBE_P226VLSB00_HONOR4CCHMU01_id48_s1_75.png,1,VALID,1.9931641,-1.4013672,-0.6430664,2.252015,LCC-FASD external-dev / cross-domain stress set,True
YOUTUBE_P226VLSB00_HONOR4CCHMU01_id48_s1_90.png,1,VALID,-0.23413086,-0.75927734,1.7041016,-2.0199475,LCC-FASD external-dev / cross-domain stress set,False
YOUTUBE_P226VLSB00_HONOR4CCHMU01_id48_s1_105.png,1,VALID,1.59375,-1.3554688,-0.13867188,1.4730024,LCC-FASD external-dev / cross-domain stress set,True
YOUTUBE_P226VLSB00_HONOR4CCHMU01_id48_s1_120.png,1,VALID,2.2167969,-1.3125,-1.0224609,2.6806517,LCC-FASD external-dev / cross-domain stress set,True
YOUTUBE_P226VLSB00_HONOR4CCHMU01_id48_s1_135.png,1,VALID,1.1630859,-0.8618164,0.03543091,0.78570473,LCC-FASD external-dev / cross-domain stress set,True
YOUTUBE_P226VLSB00_HONOR4CCHMU01_id48_s1_150.png,1,VALID,1.1298828,-1.3232422,0.49267578,0.486472,LCC-FASD external-dev / cross-domain stress set,True
YOUTUBE_PBLS11HR_HONOR9L_id39_s1_15.png,1,VALID,-0.095336914,-0.36035156,1.1894531,-1.4773008,LCC-FASD external-dev / cross-domain stress set,False
YOUTUBE_PBLS11HR_HONOR9L_id39_s1_30.png,1,VALID,1.4716797,-0.5859375,-0.9086914,1.5128818,LCC-FASD external-dev / cross-domain stress set,True
YOUTUBE_PBLS11HR_HONOR9L_id39_s1_45.png,1,VALID,1.3193359,-0.36669922,-0.8833008,1.2181935,LCC-FASD external-dev / cross-domain stress set,True
YOUTUBE_PBLS11HR_HONOR9L_id39_s1_60.png,1,VALID,0.7080078,-0.4880371,0.16796875,0.122039616,LCC-FASD external-dev / cross-domain stress set,False
YOUTUBE_PBLS11HR_HONOR9L_id39_s1_75.png,1,VALID,1.5361328,-0.7089844,-0.81591797,1.6040082,LCC-FASD external-dev / cross-domain stress set,True
YOUTUBE_PBLS11HR_HONOR9L_id39_s1_90.png,1,VALID,1.3496094,-0.7294922,-0.52490234,1.2784364,LCC-FASD external-dev / cross-domain stress set,True
YOUTUBE_PBLS11HR_HONOR9L_id39_s1_105.png,1,VALID,0.6298828,-0.31152344,0.07940674,0.033811092,LCC-FASD external-dev / cross-domain stress set,False
YOUTUBE_PBLS11HR_HONOR9L_id39_s1_120.png,1,VALID,1.4804688,-0.66064453,-0.7211914,1.4777814,LCC-FASD external-dev / cross-domain stress set,True
YOUTUBE_PBLS11HR_HONOR9L_id39_s1_135.png,1,VALID,0.58740234,-0.21240234,0.03677368,-0.025671601,LCC-FASD external-dev / cross-domain stress set,False
YOUTUBE_PBLS11HR_HONOR9L_id42_s0_15.png,1,VALID,1.6367188,-0.21313477,-1.6044922,1.6277205,LCC-FASD external-dev / cross-domain stress set,True
YOUTUBE_PBLS11HR_HONOR9L_id42_s0_30.png,1,VALID,1.0595703,0.49316406,-1.6123047,0.45148188,LCC-FASD external-dev / cross-domain stress set,True
YOUTUBE_PBLS11HR_HONOR9L_id42_s0_45.png,1,VALID,0.67822266,0.97216797,-1.640625,-0.3647108,LCC-FASD external-dev / cross-domain stress set,False
YOUTUBE_PBLS11HR_HONOR9L_id42_s0_60.png,1,VALID,0.89501953,0.75,-1.6865234,0.061170757,LCC-FASD external-dev / cross-domain stress set,False
YOUTUBE_PBLS11HR_HONOR9L_id42_s0_75.png,1,VALID,1.2949219,0.43676758,-1.9150391,0.7672201,LCC-FASD external-dev / cross-domain stress set,True
YOUTUBE_PBLS11HR_HONOR9L_id42_s0_90.png,1,VALID,1.8955078,-0.2685547,-1.9638672,1.995551,LCC-FASD external-dev / cross-domain stress set,True
YOUTUBE_PBLS11HR_HONOR9L_id42_s0_105.png,1,VALID,0.8833008,0.90527344,-1.8320312,-0.08470762,LCC-FASD external-dev / cross-domain stress set,False
YOUTUBE_PBLS11HR_HONOR9L_id42_s0_120.png,1,VALID,1.2285156,0.39135742,-1.7539062,0.7264784,LCC-FASD external-dev / cross-domain stress set,True
YOUTUBE_PBLS11HR_HONOR9L_id42_s0_135.png,1,VALID,1.4882812,0.20239258,-1.9990234,1.1809466,LCC-FASD external-dev / cross-domain stress set,True
YOUTUBE_PBLS11HR_HONOR9L_id42_s0_150.png,1,VALID,1.3935547,0.25390625,-1.8076172,1.0198586,LCC-FASD external-dev / cross-domain stress set,True
YOUTUBE_PBLS11HR_HONOR9L_id42_s1_17.png,1,VALID,0.9355469,0.9453125,-1.7695312,-0.07388091,LCC-FASD external-dev / cross-domain stress set,False
YOUTUBE_PBLS11HR_HONOR9L_id42_s1_32.png,1,VALID,-0.89697266,2.2148438,-0.5024414,-3.1757803,LCC-FASD external-dev / cross-domain stress set,False
YOUTUBE_PBLS11HR_HONOR9L_id42_s1_47.png,1,VALID,0.5957031,1.1455078,-1.4365234,-0.62270224,LCC-FASD external-dev / cross-domain stress set,False
YOUTUBE_PBLS11HR_HONOR9L_id42_s1_62.png,1,VALID,-1.3007812,2.2636719,0.2401123,-3.6886017,LCC-FASD external-dev / cross-domain stress set,False
YOUTUBE_PBLS11HR_HONOR9L_id42_s1_77.png,1,VALID,-1.5537109,2.4824219,0.2919922,-4.1421747,LCC-FASD external-dev / cross-domain stress set,False
YOUTUBE_PBLS11HR_HONOR9L_id42_s1_92.png,1,VALID,0.13439941,1.2978516,-0.8808594,-1.2706795,LCC-FASD external-dev / cross-domain stress set,False
YOUTUBE_PBLS11HR_HONOR9L_id42_s1_107.png,1,VALID,-0.90527344,2.0253906,-0.4724121,-3.0097208,LCC-FASD external-dev / cross-domain stress set,False
YOUTUBE_PBLS11HR_HONOR9L_id42_s1_133.png,1,VALID,-0.95458984,2.1640625,-0.51708984,-3.1848934,LCC-FASD external-dev / cross-domain stress set,False
YOUTUBE_PBLS11HR_HONOR9L_id42_s1_148.png,1,VALID,-0.7866211,2.1464844,-0.63623047,-2.9931374,LCC-FASD external-dev / cross-domain stress set,False
YOUTUBE_PBLS11HR_HONOR9L_id42_s1_165.png,1,VALID,0.042999268,1.4199219,-1.0976562,-1.4544897,LCC-FASD external-dev / cross-domain stress set,False
YOUTUBE_PBQ5WTS_ZTEBA2_id39_s0_17.png,1,VALID,-2.0390625,2.0117188,1.65625,-4.5819063,LCC-FASD external-dev / cross-domain stress set,False
YOUTUBE_PBQ5WTS_ZTEBA2_id39_s0_36.png,1,VALID,-1.7529297,1.2617188,2.0742188,-4.1943903,LCC-FASD external-dev / cross-domain stress set,False
YOUTUBE_PBQ5WTS_ZTEBA2_id43_s0_117.png,1,VALID,-1.421875,2.4003906,-0.19018555,-3.8945646,LCC-FASD external-dev / cross-domain stress set,False
YOUTUBE_PBQ5WTS_ZTEBA2_id43_s0_132.png,1,VALID,-1.0273438,2.4238281,-0.41430664,-3.5080576,LCC-FASD external-dev / cross-domain stress set,False
YOUTUBE_MBP1314_IPHONE8F_id48_s0_75.png,1,VALID,0.4868164,0.42333984,-0.6855469,-0.22164679,LCC-FASD external-dev / cross-domain stress set,False
YOUTUBE_MBP1314_IPHONE8F_id48_s0_90.png,1,VALID,-0.1541748,1.4716797,-0.89501953,-1.7155031,LCC-FASD external-dev / cross-domain stress set,False
YOUTUBE_MSIGS60_SGJ5_id39_s1_16.png,1,VALID,0.20617676,1.1796875,-0.8569336,-1.0961432,LCC-FASD external-dev / cross-domain stress set,False
YOUTUBE_MSIGS60_SGJ5_id39_s1_31.png,1,VALID,1.1279297,0.35205078,-1.4042969,0.61659193,LCC-FASD external-dev / cross-domain stress set,True
YOUTUBE_MSIGS60_SGJ5_id39_s1_65.png,1,VALID,0.5605469,0.73828125,-0.93652344,-0.34945393,LCC-FASD external-dev / cross-domain stress set,False
YOUTUBE_MSIGS60_SGJ5_id39_s1_95.png,1,VALID,0.080566406,0.12915039,0.515625,-0.95352364,LCC-FASD external-dev / cross-domain stress set,False
YOUTUBE_MSIGS60_SGJ5_id39_s1_110.png,1,VALID,1.3183594,-0.37573242,-0.8105469,1.1949028,LCC-FASD external-dev / cross-domain stress set,True
YOUTUBE_MSIGS60_SGJ5_id39_s1_126.png,1,VALID,0.48632812,0.06021118,-0.059814453,-0.20881712,LCC-FASD external-dev / cross-domain stress set,False
YOUTUBE_MSIGS60_SGJ5_id39_s1_141.png,1,VALID,1.0410156,-0.421875,-0.3293457,0.72240895,LCC-FASD external-dev / cross-domain stress set,True
YOUTUBE_MSIGS60_SGJ5_id42_s0_15.png,1,VALID,1.9833984,-0.8989258,-1.2333984,2.342494,LCC-FASD external-dev / cross-domain stress set,True
YOUTUBE_MSIGS60_SGJ5_id42_s0_30.png,1,VALID,1.6582031,-0.43481445,-1.2460938,1.7254002,LCC-FASD external-dev / cross-domain stress set,True
YOUTUBE_MSIGS60_SGJ5_id42_s0_45.png,1,VALID,1.2958984,0.03503418,-1.2197266,1.0099934,LCC-FASD external-dev / cross-domain stress set,True
YOUTUBE_MSIGS60_SGJ5_id42_s0_60.png,1,VALID,1.9560547,-0.7026367,-1.3964844,2.2534597,LCC-FASD external-dev / cross-domain stress set,True
YOUTUBE_MSIGS60_SGJ5_id42_s0_75.png,1,VALID,1.7958984,-0.63183594,-1.2880859,2.0098183,LCC-FASD external-dev / cross-domain stress set,True
YOUTUBE_MSIGS60_SGJ5_id42_s0_90.png,1,VALID,2.0566406,-1.1708984,-1.1640625,2.5309682,LCC-FASD external-dev / cross-domain stress set,True
YOUTUBE_MSIGS60_SGJ5_id42_s0_105.png,1,VALID,1.8222656,-1.046875,-1.0390625,2.1720796,LCC-FASD external-dev / cross-domain stress set,True
YOUTUBE_MSIGS60_SGJ5_id42_s0_120.png,1,VALID,1.9121094,-0.9897461,-1.2021484,2.3092806,LCC-FASD external-dev / cross-domain stress set,True
YOUTUBE_MSIGS60_SGJ5_id42_s0_135.png,1,VALID,1.7792969,-0.9848633,-0.96435547,2.0607066,LCC-FASD external-dev / cross-domain stress set,True
YOUTUBE_MSIGS60_SGJ5_id42_s0_150.png,1,VALID,1.9365234,-0.99365234,-1.1787109,2.325283,LCC-FASD external-dev / cross-domain stress set,True
YOUTUBE_MSIGS60_SGJ5_id42_s1_16.png,1,VALID,-0.06994629,1.9619141,-1.4980469,-2.0628076,LCC-FASD external-dev / cross-domain stress set,False
YOUTUBE_MSIGS60_SGJ5_id42_s1_31.png,1,VALID,0.18457031,1.7919922,-1.6621094,-1.6385481,LCC-FASD external-dev / cross-domain stress set,False
YOUTUBE_MSIGS60_SGJ5_id42_s1_46.png,1,VALID,1.2353516,0.5932617,-1.7041016,0.5463038,LCC-FASD external-dev / cross-domain stress set,True
YOUTUBE_MSIGS60_SGJ5_id42_s1_61.png,1,VALID,0.6479492,1.4335938,-1.7929688,-0.82457066,LCC-FASD external-dev / cross-domain stress set,False
YOUTUBE_MSIGS60_SGJ5_id42_s1_77.png,1,VALID,-0.43969727,2.21875,-1.2646484,-2.6886883,LCC-FASD external-dev / cross-domain stress set,False
YOUTUBE_MSIGS60_SGJ5_id42_s1_92.png,1,VALID,1.3056641,0.6118164,-1.8320312,0.61058605,LCC-FASD external-dev / cross-domain stress set,True
YOUTUBE_MSIGS60_SGJ5_id42_s1_146.png,1,VALID,-0.8540039,1.5107422,0.23059082,-2.6100388,LCC-FASD external-dev / cross-domain stress set,False
YOUTUBE_MSIGS60_SGJ5_id42_s1_180.png,1,VALID,0.08502197,1.7353516,-1.3671875,-1.6942842,LCC-FASD external-dev / cross-domain stress set,False
YOUTUBE_NEC90GX2_ZC554KL_id39_s1_30.png,1,VALID,1.7861328,-0.7944336,-1.1337891,2.0427701,LCC-FASD external-dev / cross-domain stress set,True
YOUTUBE_NEC90GX2_ZC554KL_id39_s1_45.png,1,VALID,2.046875,-1.0175781,-1.2851562,2.496172,LCC-FASD external-dev / cross-domain stress set,True
YOUTUBE_NEC90GX2_ZC554KL_id39_s1_67.png,1,VALID,1.546875,-0.36401367,-1.2587891,1.5682218,LCC-FASD external-dev / cross-domain stress set,True
YOUTUBE_NEC90GX2_ZC554KL_id39_s1_87.png,1,VALID,1.8417969,-0.83984375,-1.1445312,2.1292775,LCC-FASD external-dev / cross-domain stress set,True
YOUTUBE_NEC90GX2_ZC554KL_id39_s1_103.png,1,VALID,1.9804688,-0.8540039,-1.4736328,2.403896,LCC-FASD external-dev / cross-domain stress set,True
YOUTUBE_NEC90GX2_ZC554KL_id39_s1_118.png,1,VALID,1.6279297,-0.7973633,-1.0283203,1.8409715,LCC-FASD external-dev / cross-domain stress set,True
YOUTUBE_NEC90GX2_ZC554KL_id39_s1_133.png,1,VALID,1.9951172,-1.2363281,-1.2021484,2.5210624,LCC-FASD external-dev / cross-domain stress set,True
YOUTUBE_P223V5LSB_LS650_id39_s1_15.png,1,VALID,0.36889648,0.5805664,-0.39453125,-0.5316901,LCC-FASD external-dev / cross-domain stress set,False
YOUTUBE_P223V5LSB_LS650_id39_s1_55.png,1,VALID,0.88378906,0.7583008,-1.3974609,0.015903294,LCC-FASD external-dev / cross-domain stress set,False
YOUTUBE_P223V5LSB_LS650_id39_s1_92.png,1,VALID,1.0019531,0.46606445,-1.2392578,0.3689229,LCC-FASD external-dev / cross-domain stress set,True
YOUTUBE_P223V5LSB_LS650_id39_s1_107.png,1,VALID,0.8808594,1.1025391,-1.8066406,-0.27476585,LCC-FASD external-dev / cross-domain stress set,False
YOUTUBE_P223V5LSB_LS650_id39_s1_124.png,1,VALID,1.0439453,0.7836914,-1.6533203,0.17644447,LCC-FASD external-dev / cross-domain stress set,True
YOUTUBE_P223V5LSB_LS650_id42_s0_35.png,1,VALID,1.5927734,-0.07055664,-1.7324219,1.4895577,LCC-FASD external-dev / cross-domain stress set,True
YOUTUBE_P223V5LSB_LS650_id42_s0_74.png,1,VALID,2.0800781,-0.6508789,-1.7841797,2.451835,LCC-FASD external-dev / cross-domain stress set,True
YOUTUBE_P223V5LSB_LS650_id42_s0_89.png,1,VALID,2.2734375,-1.1142578,-1.5361328,2.8834014,LCC-FASD external-dev / cross-domain stress set,True
YOUTUBE_P223V5LSB_LS650_id42_s0_104.png,1,VALID,1.3574219,-0.07208252,-1.3837891,1.1909916,LCC-FASD external-dev / cross-domain stress set,True
YOUTUBE_P223V5LSB_LS650_id42_s0_119.png,1,VALID,1.9394531,-0.78466797,-1.453125,2.310358,LCC-FASD external-dev / cross-domain stress set,True
YOUTUBE_P223V5LSB_LS650_id42_s0_136.png,1,VALID,1.8554688,-0.5097656,-1.6005859,2.0755987,LCC-FASD external-dev / cross-domain stress set,True
YOUTUBE_P223V5LSB_LS650_id42_s0_151.png,1,VALID,1.7900391,-0.42016602,-1.6367188,1.9507298,LCC-FASD external-dev / cross-domain stress set,True
YOUTUBE_P223V5LSB_LS650_id42_s0_166.png,1,VALID,2.0351562,-1.0976562,-1.265625,2.520127,LCC-FASD external-dev / cross-domain stress set,True
YOUTUBE_P223V5LSB_LS650_id42_s0_181.png,1,VALID,2.0332031,-0.85595703,-1.5185547,2.4734077,LCC-FASD external-dev / cross-domain stress set,True
YOUTUBE_P223V5LSB_LS650_id42_s0_196.png,1,VALID,1.7597656,-0.6669922,-1.2626953,1.9877452,LCC-FASD external-dev / cross-domain stress set,True
YOUTUBE_P223V5LSB_LS650_id42_s1_15.png,1,VALID,1.4433594,0.17797852,-1.7382812,1.1280947,LCC-FASD external-dev / cross-domain stress set,True
YOUTUBE_P223V5LSB_LS650_id42_s1_31.png,1,VALID,0.9765625,0.59472656,-1.5664062,0.27280706,LCC-FASD external-dev / cross-domain stress set,True
YOUTUBE_P223V5LSB_LS650_id42_s1_46.png,1,VALID,-0.20800781,1.9492188,-1.2324219,-2.1979053,LCC-FASD external-dev / cross-domain stress set,False
YOUTUBE_MBP1314_IPHONE8B_id42_s0_15.png,1,VALID,2.140625,-1.3417969,-1.4619141,2.8475308,LCC-FASD external-dev / cross-domain stress set,True
YOUTUBE_MBP1314_IPHONE8B_id42_s0_38.png,1,VALID,1.9902344,-1.3095703,-1.3505859,2.626955,LCC-FASD external-dev / cross-domain stress set,True
YOUTUBE_MBP1314_IPHONE8B_id42_s0_58.png,1,VALID,2.0605469,-1.34375,-1.4023438,2.7400174,LCC-FASD external-dev / cross-domain stress set,True
YOUTUBE_MBP1314_IPHONE8B_id42_s0_73.png,1,VALID,1.9785156,-1.2050781,-1.2861328,2.5301528,LCC-FASD external-dev / cross-domain stress set,True
YOUTUBE_MBP1314_IPHONE8B_id42_s0_88.png,1,VALID,2.171875,-1.4384766,-1.4658203,2.9307828,LCC-FASD external-dev / cross-domain stress set,True
YOUTUBE_MBP1314_IPHONE8B_id42_s0_148.png,1,VALID,2.1679688,-1.3349609,-1.5175781,2.8969283,LCC-FASD external-dev / cross-domain stress set,True
YOUTUBE_MBP1314_IPHONE8B_id42_s0_163.png,1,VALID,2.2011719,-1.5761719,-1.3964844,2.9903224,LCC-FASD external-dev / cross-domain stress set,True
YOUTUBE_MBP1314_IPHONE8B_id42_s1_15.png,1,VALID,1.2451172,0.023529053,-1.3046875,0.98655605,LCC-FASD external-dev / cross-domain stress set,True
YOUTUBE_MBP1314_IPHONE8B_id42_s1_30.png,1,VALID,0.8339844,0.52441406,-1.25,0.15292317,LCC-FASD external-dev / cross-domain stress set,False
YOUTUBE_MBP1314_IPHONE8B_id42_s1_45.png,1,VALID,2.265625,-1.265625,-1.4492188,2.9256923,LCC-FASD external-dev / cross-domain stress set,True
YOUTUBE_MBP1314_IPHONE8B_id42_s1_60.png,1,VALID,2.0097656,-0.85546875,-1.4335938,2.4199405,LCC-FASD external-dev / cross-domain stress set,True
YOUTUBE_MBP1314_IPHONE8B_id43_s0_15.png,1,VALID,1.1513672,-1.2695312,0.27026367,0.6868327,LCC-FASD external-dev / cross-domain stress set,True
YOUTUBE_MBP1314_IPHONE8B_id43_s0_30.png,1,VALID,0.98876953,-0.51660156,-0.32226562,0.7103426,LCC-FASD external-dev / cross-domain stress set,True
YOUTUBE_MBP1314_IPHONE8B_id43_s0_45.png,1,VALID,0.43652344,0.70996094,-0.87353516,-0.46012968,LCC-FASD external-dev / cross-domain stress set,False
YOUTUBE_MBP1314_IPHONE8B_id43_s0_62.png,1,VALID,1.7998047,-1.6630859,-0.3491211,1.9108918,LCC-FASD external-dev / cross-domain stress set,True
YOUTUBE_MBP1314_IPHONE8B_id43_s0_82.png,1,VALID,1.4072266,-1.7558594,0.39819336,0.89927065,LCC-FASD external-dev / cross-domain stress set,True
YOUTUBE_MBP1314_IPHONE8B_id43_s0_97.png,1,VALID,1.5175781,-1.6748047,0.19824219,1.1764009,LCC-FASD external-dev / cross-domain stress set,True
YOUTUBE_MBP1314_IPHONE8B_id43_s0_113.png,1,VALID,2.1035156,-1.5332031,-0.78564453,2.5015051,LCC-FASD external-dev / cross-domain stress set,True
YOUTUBE_MBP1314_IPHONE8B_id43_s0_128.png,1,VALID,1.3759766,-1.2363281,-0.11590576,1.2096083,LCC-FASD external-dev / cross-domain stress set,True
YOUTUBE_MBP1314_IPHONE8B_id43_s0_143.png,1,VALID,1.7763672,-1.3974609,-0.5805664,1.9910402,LCC-FASD external-dev / cross-domain stress set,True
YOUTUBE_MBP1314_IPHONE8B_id43_s0_158.png,1,VALID,1.3759766,-1.1484375,-0.16503906,1.223262,LCC-FASD external-dev / cross-domain stress set,True
YOUTUBE_MBP1314_IPHONE8B_id43_s1_15.png,1,VALID,2.0390625,-1.3759766,-1.0986328,2.5736358,LCC-FASD external-dev / cross-domain stress set,True
YOUTUBE_MBP1314_IPHONE8B_id43_s1_30.png,1,VALID,1.8867188,-1.2080078,-0.8125,2.1843984,LCC-FASD external-dev / cross-domain stress set,True
YOUTUBE_MBP1314_IPHONE8B_id43_s1_45.png,1,VALID,2.1484375,-1.4316406,-1.0917969,2.7026412,LCC-FASD external-dev / cross-domain stress set,True
YOUTUBE_MBP1314_IPHONE8B_id43_s1_60.png,1,VALID,1.9853516,-1.3134766,-0.8364258,2.3389742,LCC-FASD external-dev / cross-domain stress set,True
YOUTUBE_MBP1314_IPHONE8B_id43_s1_75.png,1,VALID,1.8925781,-1.0644531,-1.0087891,2.2356648,LCC-FASD external-dev / cross-domain stress set,True
YOUTUBE_MBP1314_IPHONE8B_id43_s1_90.png,1,VALID,1.2089844,-0.18945312,-0.9238281,1.006527,LCC-FASD external-dev / cross-domain stress set,True
YOUTUBE_MBP1314_IPHONE8B_id43_s1_105.png,1,VALID,1.1181641,-0.28271484,-0.68603516,0.8891948,LCC-FASD external-dev / cross-domain stress set,True
YOUTUBE_MBP1314_IPHONE8B_id43_s1_120.png,1,VALID,1.7695312,-1.1298828,-0.7558594,2.0018694,LCC-FASD external-dev / cross-domain stress set,True
YOUTUBE_MBP1314_IPHONE8B_id43_s1_135.png,1,VALID,1.7597656,-0.9970703,-0.8466797,1.9856689,LCC-FASD external-dev / cross-domain stress set,True
YOUTUBE_MBP1314_IPHONE8B_id43_s1_150.png,1,VALID,1.2714844,-0.88427734,-0.19946289,1.0626969,LCC-FASD external-dev / cross-domain stress set,True
YOUTUBE_MBP1314_IPHONE8B_id48_s1_15.png,1,VALID,2.0507812,-1.2480469,-1.3378906,2.6495943,LCC-FASD external-dev / cross-domain stress set,True
YOUTUBE_MBP1314_IPHONE8B_id48_s1_30.png,1,VALID,1.8916016,-1.1787109,-1.1298828,2.3524532,LCC-FASD external-dev / cross-domain stress set,True
YOUTUBE_MBP1314_IPHONE8B_id48_s1_45.png,1,VALID,1.8740234,-1.1611328,-1.0126953,2.2650387,LCC-FASD external-dev / cross-domain stress set,True
YOUTUBE_MBP1314_IPHONE8B_id48_s1_60.png,1,VALID,1.8662109,-1.1337891,-0.9394531,2.2049716,LCC-FASD external-dev / cross-domain stress set,True
YOUTUBE_MBP1314_IPHONE8B_id48_s1_75.png,1,VALID,1.3779297,-0.6772461,-0.6879883,1.3673853,LCC-FASD external-dev / cross-domain stress set,True
YOUTUBE_MBP1314_IPHONE8B_id48_s1_90.png,1,VALID,-1.4414062,0.4675293,2.40625,-3.982089,LCC-FASD external-dev / cross-domain stress set,False
YOUTUBE_MBP1314_IPHONE8B_id48_s1_105.png,1,VALID,-0.42016602,0.69628906,0.55615234,-1.7419866,LCC-FASD external-dev / cross-domain stress set,False
YOUTUBE_MBP1314_IPHONE8B_id48_s1_120.png,1,VALID,1.9121094,-1.1611328,-1.0820312,2.3397622,LCC-FASD external-dev / cross-domain stress set,True
YOUTUBE_MBP1314_IPHONE8B_id48_s1_135.png,1,VALID,0.30200195,0.23620605,-0.020858765,-0.5070565,LCC-FASD external-dev / cross-domain stress set,False
YOUTUBE_MBP1314_IPHONE8B_id48_s1_150.png,1,VALID,1.3310547,-1.0957031,-0.12030029,1.1314185,LCC-FASD external-dev / cross-domain stress set,True
YOUTUBE_MBP1314_IPHONE8F_id48_s0_15.png,1,VALID,-0.95458984,2.2949219,-0.50097656,-3.3087802,LCC-FASD external-dev / cross-domain stress set,False
YOUTUBE_MBP1314_IPHONE8F_id48_s0_30.png,1,VALID,-0.5996094,2.1074219,-0.85791016,-2.7572901,LCC-FASD external-dev / cross-domain stress set,False
YOUTUBE_MBP1314_IPHONE8F_id48_s0_45.png,1,VALID,0.038848877,1.1542969,-0.796875,-1.2483232,LCC-FASD external-dev / cross-domain stress set,False
YOUTUBE_MBP1314_IPHONE8F_id48_s0_60.png,1,VALID,0.5800781,0.59765625,-1.0224609,-0.19812769,LCC-FASD external-dev / cross-domain stress set,False
YOUTUBE_MBP1314_IPHONE8F_id48_s0_105.png,1,VALID,-0.2199707,1.6269531,-0.984375,-1.9177895,LCC-FASD external-dev / cross-domain stress set,False
YOUTUBE_MBP1314_IPHONE8F_id48_s0_120.png,1,VALID,-0.30200195,1.6533203,-0.87353516,-2.0321999,LCC-FASD external-dev / cross-domain stress set,False
YOUTUBE_MBP1314_IPHONE8F_id48_s0_135.png,1,VALID,-0.8173828,1.9853516,-0.42114258,-2.889032,LCC-FASD external-dev / cross-domain stress set,False
YOUTUBE_MBP1314_IPHONE8F_id48_s0_150.png,1,VALID,0.3630371,1.0439453,-1.1669922,-0.7849058,LCC-FASD external-dev / cross-domain stress set,False
YOUTUBE_LGFIPS235VBN_SMA500F_id43_s0_17.png,1,VALID,0.65478516,-0.75927734,0.52978516,-0.11836094,LCC-FASD external-dev / cross-domain stress set,False
YOUTUBE_LGFIPS235VBN_SMA500F_id43_s0_32.png,1,VALID,1.0009766,-0.5332031,-0.21813965,0.67114365,LCC-FASD external-dev / cross-domain stress set,True
YOUTUBE_LGFIPS235VBN_SMA500F_id43_s0_49.png,1,VALID,0.6513672,0.6035156,-1.0917969,-0.12066001,LCC-FASD external-dev / cross-domain stress set,False
YOUTUBE_LGFIPS235VBN_SMA500F_id43_s0_67.png,1,VALID,1.3896484,-1.4726562,0.18164062,1.0330243,LCC-FASD external-dev / cross-domain stress set,True
YOUTUBE_LGFIPS235VBN_SMA500F_id43_s0_86.png,1,VALID,0.9941406,-1.0888672,0.37548828,0.4106412,LCC-FASD external-dev / cross-domain stress set,True
YOUTUBE_LGFIPS235VBN_SMA500F_id43_s0_150.png,1,VALID,1.3408203,-0.91259766,-0.28735352,1.1995583,LCC-FASD external-dev / cross-domain stress set,True
YOUTUBE_LGFIPS235VBN_SMA500F_id43_s0_165.png,1,VALID,0.734375,0.003353119,-0.44067383,0.23544303,LCC-FASD external-dev / cross-domain stress set,True
YOUTUBE_LGFIPS235VBN_SMA500F_id43_s1_15.png,1,VALID,1.9179688,-1.1523438,-1.0390625,2.3189216,LCC-FASD external-dev / cross-domain stress set,True
YOUTUBE_LGFIPS235VBN_SMA500F_id43_s1_30.png,1,VALID,1.4609375,-0.9272461,-0.42089844,1.4101508,LCC-FASD external-dev / cross-domain stress set,True
YOUTUBE_LGFIPS235VBN_SMA500F_id43_s1_45.png,1,VALID,2.0917969,-1.3017578,-0.9711914,2.5215268,LCC-FASD external-dev / cross-domain stress set,True
YOUTUBE_LGFIPS235VBN_SMA500F_id43_s1_62.png,1,VALID,1.6914062,-0.89453125,-0.77783203,1.8327394,LCC-FASD external-dev / cross-domain stress set,True
YOUTUBE_LGFIPS235VBN_SMA500F_id43_s1_77.png,1,VALID,1.6914062,-0.7080078,-1.0224609,1.8511839,LCC-FASD external-dev / cross-domain stress set,True
YOUTUBE_LGFIPS235VBN_SMA500F_id43_s1_92.png,1,VALID,1.4072266,-0.51708984,-0.8491211,1.3834671,LCC-FASD external-dev / cross-domain stress set,True
YOUTUBE_LGFIPS235VBN_SMA500F_id43_s1_107.png,1,VALID,1.484375,-0.3713379,-1.0732422,1.4531584,LCC-FASD external-dev / cross-domain stress set,True
YOUTUBE_LGFIPS235VBN_SMA500F_id43_s1_122.png,1,VALID,0.9453125,0.08691406,-0.7714844,0.50504076,LCC-FASD external-dev / cross-domain stress set,True
YOUTUBE_LGFIPS235VBN_SMA500F_id43_s1_137.png,1,VALID,0.65771484,0.39526367,-0.67529297,-0.03231895,LCC-FASD external-dev / cross-domain stress set,False
YOUTUBE_LGFIPS235VBN_SMA500F_id43_s1_152.png,1,VALID,0.52197266,0.51708984,-0.6479492,-0.26660168,LCC-FASD external-dev / cross-domain stress set,False
YOUTUBE_LY300_REDMIS2_id39_s1_15.png,1,VALID,-0.008460999,-0.109313965,0.94189453,-1.2501009,LCC-FASD external-dev / cross-domain stress set,False
YOUTUBE_LY300_REDMIS2_id39_s1_30.png,1,VALID,0.82177734,-0.14697266,-0.34765625,0.3709188,LCC-FASD external-dev / cross-domain stress set,True
YOUTUBE_LY300_REDMIS2_id39_s1_48.png,1,VALID,1.3583984,-0.086364746,-1.2285156,1.1677893,LCC-FASD external-dev / cross-domain stress set,True
YOUTUBE_LY300_REDMIS2_id39_s1_63.png,1,VALID,1.4492188,-0.5317383,-0.83496094,1.427972,LCC-FASD external-dev / cross-domain stress set,True
YOUTUBE_LY300_REDMIS2_id39_s1_82.png,1,VALID,-0.035858154,1.2509766,-0.5839844,-1.4349267,LCC-FASD external-dev / cross-domain stress set,False
YOUTUBE_LY300_REDMIS2_id39_s1_97.png,1,VALID,1.5488281,-0.3425293,-1.3730469,1.586212,LCC-FASD external-dev / cross-domain stress set,True
YOUTUBE_LY300_REDMIS2_id39_s1_112.png,1,VALID,1.6464844,-0.76953125,-0.9970703,1.8301802,LCC-FASD external-dev / cross-domain stress set,True
YOUTUBE_LY300_REDMIS2_id39_s1_127.png,1,VALID,2.1230469,-1.3779297,-1.1601562,2.693026,LCC-FASD external-dev / cross-domain stress set,True
YOUTUBE_LY300_REDMIS2_id42_s0_25.png,1,VALID,-0.47705078,2.0527344,-1.171875,-2.568786,LCC-FASD external-dev / cross-domain stress set,False
YOUTUBE_LY300_REDMIS2_id42_s0_47.png,1,VALID,0.96484375,0.57910156,-1.5771484,0.2762078,LCC-FASD external-dev / cross-domain stress set,True
YOUTUBE_LY300_REDMIS2_id42_s0_88.png,1,VALID,1.8544922,-1.0097656,-1.1279297,2.2284484,LCC-FASD external-dev / cross-domain stress set,True
YOUTUBE_LY300_REDMIS2_id42_s0_106.png,1,VALID,1.7490234,-1.0527344,-0.94628906,2.0539722,LCC-FASD external-dev / cross-domain stress set,True
YOUTUBE_LY300_REDMIS2_id42_s0_121.png,1,VALID,1.7216797,-0.91503906,-1.0429688,2.005492,LCC-FASD external-dev / cross-domain stress set,True
YOUTUBE_LY300_REDMIS2_id42_s0_166.png,1,VALID,1.7363281,-0.84033203,-1.1015625,2.0056221,LCC-FASD external-dev / cross-domain stress set,True
YOUTUBE_LY300_REDMIS2_id42_s0_181.png,1,VALID,1.8759766,-1.1601562,-0.9458008,2.2300754,LCC-FASD external-dev / cross-domain stress set,True
YOUTUBE_LY300_REDMIS2_id42_s0_196.png,1,VALID,1.9033203,-1.1347656,-1.0332031,2.2928686,LCC-FASD external-dev / cross-domain stress set,True
YOUTUBE_LY300_REDMIS2_id42_s0_213.png,1,VALID,2.0371094,-1.3027344,-1.0664062,2.5215673,LCC-FASD external-dev / cross-domain stress set,True
YOUTUBE_LY300_REDMIS2_id42_s0_248.png,1,VALID,1.9833984,-1.1591797,-1.1962891,2.4678135,LCC-FASD external-dev / cross-domain stress set,True
YOUTUBE_MBP1314_IPHONE8B_id39_s0_15.png,1,VALID,0.54589844,0.87060547,-1.1337891,-0.45111227,LCC-FASD external-dev / cross-domain stress set,False
YOUTUBE_MBP1314_IPHONE8B_id39_s0_30.png,1,VALID,1.6308594,0.012611389,-1.7880859,1.4653692,LCC-FASD external-dev / cross-domain stress set,True
YOUTUBE_MBP1314_IPHONE8B_id39_s0_45.png,1,VALID,0.17358398,1.2177734,-1.0078125,-1.1467497,LCC-FASD external-dev / cross-domain stress set,False
YOUTUBE_MBP1314_IPHONE8B_id39_s0_64.png,1,VALID,1.28125,0.024597168,-1.2128906,1.0019237,LCC-FASD external-dev / cross-domain stress set,True
YOUTUBE_MBP1314_IPHONE8B_id39_s1_15.png,1,VALID,1.9189453,-1.1689453,-1.1533203,2.3869004,LCC-FASD external-dev / cross-domain stress set,True
YOUTUBE_MBP1314_IPHONE8B_id39_s1_30.png,1,VALID,2.1542969,-1.4277344,-1.2441406,2.7928798,LCC-FASD external-dev / cross-domain stress set,True
YOUTUBE_MBP1314_IPHONE8B_id39_s1_45.png,1,VALID,2.2402344,-1.5107422,-1.3330078,2.9650187,LCC-FASD external-dev / cross-domain stress set,True
YOUTUBE_MBP1314_IPHONE8B_id39_s1_60.png,1,VALID,2.0136719,-1.2539062,-1.2636719,2.5793018,LCC-FASD external-dev / cross-domain stress set,True
YOUTUBE_MBP1314_IPHONE8B_id39_s1_75.png,1,VALID,2.1875,-1.4833984,-1.2382812,2.847701,LCC-FASD external-dev / cross-domain stress set,True
YOUTUBE_MBP1314_IPHONE8B_id39_s1_90.png,1,VALID,2.1855469,-1.4570312,-1.1660156,2.793374,LCC-FASD external-dev / cross-domain stress set,True
YOUTUBE_MBP1314_IPHONE8B_id39_s1_105.png,1,VALID,2.1875,-1.4462891,-1.3515625,2.8921573,LCC-FASD external-dev / cross-domain stress set,True
YOUTUBE_MBP1314_IPHONE8B_id39_s1_120.png,1,VALID,2.1210938,-1.4042969,-1.171875,2.7092953,LCC-FASD external-dev / cross-domain stress set,True
YOUTUBE_MBP1314_IPHONE8B_id39_s1_135.png,1,VALID,2.1015625,-1.359375,-1.2548828,2.71418,LCC-FASD external-dev / cross-domain stress set,True
YOUTUBE_MBP1314_IPHONE8B_id42_s0_103.png,1,VALID,2.2050781,-1.4736328,-1.4765625,2.9870276,LCC-FASD external-dev / cross-domain stress set,True
YOUTUBE_MBP1314_IPHONE8B_id42_s0_118.png,1,VALID,2.1386719,-1.4335938,-1.3417969,2.8321671,LCC-FASD external-dev / cross-domain stress set,True
YOUTUBE_MBP1314_IPHONE8B_id42_s0_133.png,1,VALID,2.0859375,-1.3701172,-1.4033203,2.7793713,LCC-FASD external-dev / cross-domain stress set,True
YOUTUBE_L5001EL_IPHONE6F_id43_s1_36.png,1,VALID,1.9697266,-1.2128906,-1.2236328,2.4948268,LCC-FASD external-dev / cross-domain stress set,True
YOUTUBE_L5001EL_IPHONE6F_id43_s1_51.png,1,VALID,2.109375,-1.328125,-1.2558594,2.7075672,LCC-FASD external-dev / cross-domain stress set,True
YOUTUBE_L5001EL_IPHONE6F_id43_s1_66.png,1,VALID,1.8408203,-1.0048828,-1.234375,2.2607331,LCC-FASD external-dev / cross-domain stress set,True
YOUTUBE_L5001EL_IPHONE6F_id43_s1_81.png,1,VALID,1.9970703,-1.0087891,-1.2832031,2.4405355,LCC-FASD external-dev / cross-domain stress set,True
YOUTUBE_L5001EL_IPHONE6F_id43_s1_175.png,1,VALID,1.8310547,-1.1728516,-0.9628906,2.2002783,LCC-FASD external-dev / cross-domain stress set,True
YOUTUBE_LG58020157_DOOX5MP_id39_s0_15.png,1,VALID,-1.7480469,1.4277344,1.7539062,-4.045254,LCC-FASD external-dev / cross-domain stress set,False
YOUTUBE_LG58020157_DOOX5MP_id39_s0_30.png,1,VALID,-1.5371094,1.0146484,1.8330078,-3.7355618,LCC-FASD external-dev / cross-domain stress set,False
YOUTUBE_LG58020157_DOOX5MP_id43_s0_15.png,1,VALID,-0.73095703,1.90625,-0.5283203,-2.7212129,LCC-FASD external-dev / cross-domain stress set,False
YOUTUBE_LG58020157_DOOX5MP_id43_s0_31.png,1,VALID,0.41748047,0.7915039,-0.8027344,-0.55889434,LCC-FASD external-dev / cross-domain stress set,False
YOUTUBE_LG58020157_DOOX5MP_id43_s0_46.png,1,VALID,0.8803711,0.55615234,-1.2617188,0.17375684,LCC-FASD external-dev / cross-domain stress set,True
YOUTUBE_LG58020157_DOOX5MP_id43_s0_67.png,1,VALID,1.2265625,0.076171875,-1.2363281,0.91204613,LCC-FASD external-dev / cross-domain stress set,True
YOUTUBE_LG58020157_DOOX5MP_id43_s0_82.png,1,VALID,0.9033203,0.4650879,-1.1914062,0.26360142,LCC-FASD external-dev / cross-domain stress set,True
YOUTUBE_LG58020157_DOOX5MP_id43_s0_101.png,1,NO_VALID_FACE,,,,,LCC-FASD external-dev / cross-domain stress set,
YOUTUBE_LG58020157_DOOX5MP_id43_s1_15.png,1,VALID,-1.4414062,2.5527344,-0.24206543,-4.0534725,LCC-FASD external-dev / cross-domain stress set,False
YOUTUBE_LG58020157_DOOX5MP_id43_s1_30.png,1,VALID,-1.1289062,2.2792969,-0.3149414,-3.4802473,LCC-FASD external-dev / cross-domain stress set,False
YOUTUBE_LG58020157_DOOX5MP_id43_s1_45.png,1,VALID,-1.0634766,2.4902344,-0.7167969,-3.5933897,LCC-FASD external-dev / cross-domain stress set,False
YOUTUBE_LG58020157_DOOX5MP_id43_s1_60.png,1,VALID,-0.6894531,2.0390625,-0.78222656,-2.7863402,LCC-FASD external-dev / cross-domain stress set,False
YOUTUBE_LG58020157_DOOX5MP_id43_s1_75.png,1,VALID,-1.1660156,2.4550781,-0.58203125,-3.667952,LCC-FASD external-dev / cross-domain stress set,False
YOUTUBE_LG58020157_DOOX5MP_id48_s1_15.png,1,VALID,2.2480469,-0.9951172,-1.578125,2.799622,LCC-FASD external-dev / cross-domain stress set,True
YOUTUBE_LG58020157_DOOX5MP_id48_s1_30.png,1,VALID,-0.05633545,1.3486328,-0.78125,-1.5172707,LCC-FASD external-dev / cross-domain stress set,False
YOUTUBE_LG58020157_DOOX5MP_id48_s1_45.png,1,VALID,-1.2470703,1.8574219,0.43652344,-3.32081,LCC-FASD external-dev / cross-domain stress set,False
YOUTUBE_LG58020157_DOOX5MP_id48_s1_60.png,1,VALID,0.103393555,0.59765625,-0.083862305,-0.90361905,LCC-FASD external-dev / cross-domain stress set,False
YOUTUBE_LG58020157_DOOX5MP_id48_s1_75.png,1,VALID,-0.96435547,2.0117188,-0.1809082,-3.0818956,LCC-FASD external-dev / cross-domain stress set,False
YOUTUBE_LG58020157_DOOX5MP_id48_s1_90.png,1,VALID,-0.12231445,1.3027344,-0.6201172,-1.5614917,LCC-FASD external-dev / cross-domain stress set,False
YOUTUBE_LG58020157_DOOX5MP_id48_s1_105.png,1,VALID,-0.70214844,1.6298828,-0.01739502,-2.5081449,LCC-FASD external-dev / cross-domain stress set,False
YOUTUBE_LG58020157_DOOX5MP_id48_s1_120.png,1,VALID,-0.14990234,1.4794922,-0.8144531,-1.7254933,LCC-FASD external-dev / cross-domain stress set,False
YOUTUBE_LG58020157_DOOX5MP_id48_s1_136.png,1,VALID,-0.38989258,1.5908203,-0.54248047,-2.0926528,LCC-FASD external-dev / cross-domain stress set,False
YOUTUBE_LG58020157_LP770_id42_s0_15.png,1,VALID,2.59375,-1.5341797,-1.5498047,3.4425645,LCC-FASD external-dev / cross-domain stress set,True
YOUTUBE_LG58020157_LP770_id42_s0_30.png,1,VALID,2.3144531,-1.5351562,-1.3935547,3.083157,LCC-FASD external-dev / cross-domain stress set,True
YOUTUBE_LG58020157_LP770_id42_s0_45.png,1,VALID,1.8691406,-1.0087891,-1.0498047,2.20508,LCC-FASD external-dev / cross-domain stress set,True
YOUTUBE_LG58020157_LP770_id42_s0_60.png,1,VALID,2.3808594,-1.4443359,-1.3144531,3.0649996,LCC-FASD external-dev / cross-domain stress set,True
YOUTUBE_LG58020157_LP770_id42_s0_75.png,1,VALID,2.2929688,-1.4160156,-1.3730469,2.994122,LCC-FASD external-dev / cross-domain stress set,True
YOUTUBE_LG58020157_LP770_id42_s0_90.png,1,VALID,2.2539062,-1.3974609,-1.2890625,2.9025528,LCC-FASD external-dev / cross-domain stress set,True
YOUTUBE_LGFE2240_SDGTS6102_id43_s0_36.png,1,VALID,0.38745117,0.66796875,-0.59033203,-0.530604,LCC-FASD external-dev / cross-domain stress set,False
YOUTUBE_LGFE2240_SDGTS6102_id43_s0_95.png,1,VALID,1.9345703,-1.046875,-0.9716797,2.2499938,LCC-FASD external-dev / cross-domain stress set,True
YOUTUBE_LGFE2240_SDGTS6102_id43_s0_124.png,1,VALID,0.57421875,0.36499023,-0.6381836,-0.10318065,LCC-FASD external-dev / cross-domain stress set,False
YOUTUBE_LGFE2240_SDGTS6102_id48_s1_15.png,1,VALID,0.13232422,0.4831543,-0.13879395,-0.7805958,LCC-FASD external-dev / cross-domain stress set,False
YOUTUBE_LGFE2240_SDGTS6102_id48_s1_32.png,1,VALID,-0.5732422,-0.4506836,2.0976562,-2.746202,LCC-FASD external-dev / cross-domain stress set,False
YOUTUBE_LGFE2240_SDGTS6102_id48_s1_47.png,1,VALID,-1.7753906,2.3242188,0.4650879,-4.244409,LCC-FASD external-dev / cross-domain stress set,False
YOUTUBE_LGFE2240_SDGTS6102_id48_s1_62.png,1,VALID,0.58740234,0.47338867,-0.74902344,-0.14412546,LCC-FASD external-dev / cross-domain stress set,False
YOUTUBE_LGFE2240_SDGTS6102_id48_s1_77.png,1,VALID,-1.6445312,1.4101562,1.5458984,-3.8180072,LCC-FASD external-dev / cross-domain stress set,False
YOUTUBE_LGFE2240_SDGTS6102_id48_s1_93.png,1,VALID,-1.1806641,2.1152344,-0.047607422,-3.4047508,LCC-FASD external-dev / cross-domain stress set,False
YOUTUBE_LGFE2240_SDGTS6102_id48_s1_108.png,1,VALID,-1.2509766,1.2636719,1.3027344,-3.2275176,LCC-FASD external-dev / cross-domain stress set,False
YOUTUBE_LGFE2240_SDGTS6102_id48_s1_124.png,1,VALID,-0.026245117,1.0039062,-0.38891602,-1.2519928,LCC-FASD external-dev / cross-domain stress set,False
YOUTUBE_LGFE2240_SDGTS6102_id48_s1_140.png,1,VALID,-1.8876953,0.58251953,2.9433594,-4.921207,LCC-FASD external-dev / cross-domain stress set,False
YOUTUBE_LGFE2240_SDGTS6102_id48_s1_155.png,1,VALID,-1.1630859,0.83251953,1.5029297,-3.0791173,LCC-FASD external-dev / cross-domain stress set,False
YOUTUBE_LGFIPS235VBN_SMA500F_id39_s0_15.png,1,VALID,0.40356445,0.6635742,-0.65185547,-0.49773365,LCC-FASD external-dev / cross-domain stress set,False
YOUTUBE_LGFIPS235VBN_SMA500F_id39_s0_31.png,1,VALID,0.5371094,1.1943359,-1.5009766,-0.722566,LCC-FASD external-dev / cross-domain stress set,False
YOUTUBE_LGFIPS235VBN_SMA500F_id39_s0_46.png,1,VALID,-0.45263672,1.4365234,-0.33862305,-2.045701,LCC-FASD external-dev / cross-domain stress set,False
YOUTUBE_LGFIPS235VBN_SMA500F_id43_s0_101.png,1,VALID,1.2705078,-1.1757812,0.0826416,0.9378068,LCC-FASD external-dev / cross-domain stress set,True
YOUTUBE_LGFIPS235VBN_SMA500F_id43_s0_116.png,1,VALID,0.87158203,0.1003418,-0.7636719,0.41955075,LCC-FASD external-dev / cross-domain stress set,True
YOUTUBE_LGFIPS235VBN_SMA500F_id43_s0_131.png,1,VALID,1.2265625,-1.0019531,-0.03805542,0.94151795,LCC-FASD external-dev / cross-domain stress set,True
YOUTUBE_IIYAMAXU_ZE520KL_id43_s0_36.png,1,VALID,-1.1328125,1.8007812,0.32080078,-3.138689,LCC-FASD external-dev / cross-domain stress set,False
YOUTUBE_IIYAMAXU_ZE520KL_id43_s0_52.png,1,VALID,-1.4287109,2.1621094,0.31323242,-3.7370083,LCC-FASD external-dev / cross-domain stress set,False
YOUTUBE_IIYAMAXU_ZE520KL_id43_s0_133.png,1,VALID,-1.7167969,2.2949219,0.5683594,-4.1754475,LCC-FASD external-dev / cross-domain stress set,False
YOUTUBE_IIYAMAXU_ZE520KL_id43_s0_158.png,1,VALID,-1.7119141,1.9492188,1.0048828,-3.989672,LCC-FASD external-dev / cross-domain stress set,False
YOUTUBE_IIYAMAXU_ZE520KL_id43_s0_173.png,1,VALID,-0.66796875,1.4228516,0.021865845,-2.3110428,LCC-FASD external-dev / cross-domain stress set,False
YOUTUBE_IIYAMAXU_ZE520KL_id43_s0_193.png,1,VALID,-0.06304932,1.3427734,-0.8017578,-1.5165793,LCC-FASD external-dev / cross-domain stress set,False
YOUTUBE_IIYAMAXU_ZE520KL_id43_s0_214.png,1,VALID,-0.037963867,0.9165039,-0.4428711,-1.1830535,LCC-FASD external-dev / cross-domain stress set,False
YOUTUBE_IIYAMAXU_ZE520KL_id43_s1_17.png,1,VALID,0.86376953,0.018707275,-0.5522461,0.3971851,LCC-FASD external-dev / cross-domain stress set,True
YOUTUBE_IIYAMAXU_ZE520KL_id43_s1_34.png,1,VALID,0.96435547,-0.58447266,-0.0440979,0.5494286,LCC-FASD external-dev / cross-domain stress set,True
YOUTUBE_IIYAMAXU_ZE520KL_id43_s1_72.png,1,VALID,0.15673828,0.7807617,-0.34765625,-0.9043369,LCC-FASD external-dev / cross-domain stress set,False
YOUTUBE_IIYAMAXU_ZE520KL_id43_s1_87.png,1,VALID,-0.07397461,0.9916992,-0.21875,-1.3265473,LCC-FASD external-dev / cross-domain stress set,False
YOUTUBE_IIYAMAXU_ZE520KL_id43_s1_114.png,1,VALID,0.08557129,0.31323242,0.30200195,-0.9152088,LCC-FASD external-dev / cross-domain stress set,False
YOUTUBE_IIYAMAXU_ZE520KL_id43_s1_129.png,1,VALID,-1.3115234,0.83203125,1.8535156,-3.472568,LCC-FASD external-dev / cross-domain stress set,False
YOUTUBE_IIYAMAXU_ZE520KL_id43_s1_144.png,1,VALID,-0.54589844,0.7705078,0.765625,-2.007115,LCC-FASD external-dev / cross-domain stress set,False
YOUTUBE_IIYAMAXU_ZE520KL_id43_s1_159.png,1,VALID,-0.43579102,0.51464844,0.88623047,-1.8465384,LCC-FASD external-dev / cross-domain stress set,False
YOUTUBE_IIYAMAXU_ZE520KL_id48_s1_15.png,1,VALID,2.0097656,-1.21875,-1.1738281,2.5126553,LCC-FASD external-dev / cross-domain stress set,True
YOUTUBE_IIYAMAXU_ZE520KL_id48_s1_30.png,1,VALID,1.03125,-0.75927734,0.086242676,0.5877987,LCC-FASD external-dev / cross-domain stress set,True
YOUTUBE_IIYAMAXU_ZE520KL_id48_s1_45.png,1,VALID,-0.5571289,1.0488281,0.30737305,-1.9955773,LCC-FASD external-dev / cross-domain stress set,False
YOUTUBE_IIYAMAXU_ZE520KL_id48_s1_60.png,1,VALID,-0.15356445,0.7817383,-0.008895874,-1.3093164,LCC-FASD external-dev / cross-domain stress set,False
YOUTUBE_IIYAMAXU_ZE520KL_id48_s1_75.png,1,VALID,-1.1210938,1.0458984,1.1328125,-2.9045403,LCC-FASD external-dev / cross-domain stress set,False
YOUTUBE_IIYAMAXU_ZE520KL_id48_s1_95.png,1,VALID,-1.6162109,0.33618164,2.6855469,-4.3929043,LCC-FASD external-dev / cross-domain stress set,False
YOUTUBE_IIYAMAXU_ZE520KL_id48_s1_110.png,1,VALID,-1.5888672,1.6298828,1.1328125,-3.693934,LCC-FASD external-dev / cross-domain stress set,False
YOUTUBE_IIYAMAXU_ZE520KL_id48_s1_125.png,1,VALID,-1.2548828,2.1503906,0.06384277,-3.5222695,LCC-FASD external-dev / cross-domain stress set,False
YOUTUBE_IIYAMAXU_ZE520KL_id48_s1_140.png,1,VALID,-2.0449219,1.265625,2.2578125,-4.618103,LCC-FASD external-dev / cross-domain stress set,False
YOUTUBE_IIYAMAXU_ZE520KL_id48_s1_155.png,1,VALID,-1.8681641,0.94189453,2.4257812,-4.4983177,LCC-FASD external-dev / cross-domain stress set,False
YOUTUBE_L1752S_SGS4M_id48_s0_15.png,1,VALID,-0.7524414,2.0234375,-0.61621094,-2.8448324,LCC-FASD external-dev / cross-domain stress set,False
YOUTUBE_L1752S_SGS4M_id48_s0_30.png,1,VALID,-1.2900391,2.6875,-0.6142578,-4.0136957,LCC-FASD external-dev / cross-domain stress set,False
YOUTUBE_L1752S_SGS4M_id48_s0_45.png,1,VALID,-0.38134766,1.7548828,-0.94873047,-2.201047,LCC-FASD external-dev / cross-domain stress set,False
YOUTUBE_L1752S_SGS4M_id48_s0_60.png,1,VALID,-0.3762207,1.9277344,-1.1025391,-2.3511271,LCC-FASD external-dev / cross-domain stress set,False
YOUTUBE_L1752S_SGS4M_id48_s0_75.png,1,VALID,-0.025878906,1.6591797,-1.3857422,-1.7315605,LCC-FASD external-dev / cross-domain stress set,False
YOUTUBE_L1752S_SGS4M_id48_s0_90.png,1,VALID,-0.52441406,2.1015625,-1.140625,-2.6643107,LCC-FASD external-dev / cross-domain stress set,False
YOUTUBE_L1752S_SGS4M_id48_s0_105.png,1,VALID,-0.22265625,1.6083984,-1.0126953,-1.9012552,LCC-FASD external-dev / cross-domain stress set,False
YOUTUBE_L1752S_SGS4M_id48_s0_120.png,1,VALID,-0.091918945,1.5742188,-1.1083984,-1.7322849,LCC-FASD external-dev / cross-domain stress set,False
YOUTUBE_L1752S_SGS4M_id48_s0_135.png,1,VALID,0.038879395,1.2460938,-0.87402344,-1.3205587,LCC-FASD external-dev / cross-domain stress set,False
YOUTUBE_L1752S_SGS4M_id48_s0_150.png,1,VALID,-0.24914551,1.2109375,-0.48950195,-1.6278012,LCC-FASD external-dev / cross-domain stress set,False
YOUTUBE_L5001EL_IPHONE6F_id43_s0_15.png,1,VALID,0.47607422,0.4465332,-0.5449219,-0.28602594,LCC-FASD external-dev / cross-domain stress set,False
YOUTUBE_L5001EL_IPHONE6F_id43_s0_30.png,1,VALID,-0.04071045,0.74902344,-0.09295654,-1.1480072,LCC-FASD external-dev / cross-domain stress set,False
YOUTUBE_L5001EL_IPHONE6F_id43_s0_48.png,1,VALID,0.19177246,0.8125,-0.49975586,-0.8591238,LCC-FASD external-dev / cross-domain stress set,False
YOUTUBE_L5001EL_IPHONE6F_id43_s0_66.png,1,VALID,-0.2932129,0.3857422,0.77001953,-1.582587,LCC-FASD external-dev / cross-domain stress set,False
YOUTUBE_L5001EL_IPHONE6F_id43_s0_82.png,1,VALID,0.17663574,0.3100586,0.1459961,-0.7478996,LCC-FASD external-dev / cross-domain stress set,False
YOUTUBE_L5001EL_IPHONE6F_id43_s0_98.png,1,VALID,0.4506836,0.10479736,-0.023986816,-0.2849406,LCC-FASD external-dev / cross-domain stress set,False
YOUTUBE_L5001EL_IPHONE6F_id43_s0_121.png,1,VALID,0.4572754,0.23181152,-0.23596191,-0.2609023,LCC-FASD external-dev / cross-domain stress set,False
YOUTUBE_L5001EL_IPHONE6F_id43_s0_136.png,1,VALID,-0.021575928,0.64941406,0.0068855286,-1.0936142,LCC-FASD external-dev / cross-domain stress set,False
YOUTUBE_L5001EL_IPHONE6F_id43_s0_151.png,1,VALID,0.73535156,-0.13232422,-0.2442627,0.22893238,LCC-FASD external-dev / cross-domain stress set,True
YOUTUBE_L5001EL_IPHONE6F_id43_s0_166.png,1,VALID,0.032806396,0.8979492,-0.4321289,-1.0997853,LCC-FASD external-dev / cross-domain stress set,False
YOUTUBE_L5001EL_IPHONE6F_id43_s1_15.png,1,VALID,1.7421875,-1.0419922,-1.0986328,2.1189518,LCC-FASD external-dev / cross-domain stress set,True
YOUTUBE_L5001EL_IPHONE6F_id43_s1_104.png,1,VALID,1.9970703,-1.125,-1.2861328,2.5062475,LCC-FASD external-dev / cross-domain stress set,True
YOUTUBE_L5001EL_IPHONE6F_id43_s1_119.png,1,VALID,1.9423828,-0.9970703,-1.2910156,2.3825169,LCC-FASD external-dev / cross-domain stress set,True
YOUTUBE_L5001EL_IPHONE6F_id43_s1_134.png,1,VALID,1.9199219,-0.9663086,-1.2871094,2.3406744,LCC-FASD external-dev / cross-domain stress set,True
YOUTUBE_L5001EL_IPHONE6F_id43_s1_149.png,1,VALID,1.015625,-0.109802246,-0.8779297,0.7443362,LCC-FASD external-dev / cross-domain stress set,True
YOUTUBE_IIYAMAXU_SMG955U_S0_id48_s1_30.png,1,VALID,-1.4912109,3.0117188,-0.74853516,-4.525941,LCC-FASD external-dev / cross-domain stress set,False
YOUTUBE_IIYAMAXU_SMG955U_S0_id48_s1_45.png,1,VALID,-1.0253906,2.6875,-1.0439453,-3.7365663,LCC-FASD external-dev / cross-domain stress set,False
YOUTUBE_IIYAMAXU_SMG955U_S0_id48_s1_60.png,1,VALID,-1.6845703,2.9023438,-0.41479492,-4.622529,LCC-FASD external-dev / cross-domain stress set,False
YOUTUBE_IIYAMAXU_SMG955U_S0_id48_s1_77.png,1,VALID,-1.8720703,2.9804688,-0.22387695,-4.8923225,LCC-FASD external-dev / cross-domain stress set,False
YOUTUBE_IIYAMAXU_SMG955U_S0_id48_s1_92.png,1,VALID,-1.7197266,3.0664062,-0.5019531,-4.813945,LCC-FASD external-dev / cross-domain stress set,False
YOUTUBE_IIYAMAXU_SMG955U_S1_id48_s0_15.png,1,VALID,-1.3886719,2.6640625,-0.57177734,-4.0913076,LCC-FASD external-dev / cross-domain stress set,False
YOUTUBE_IIYAMAXU_SMG955U_S1_id48_s0_30.png,1,VALID,-1.4189453,2.7207031,-0.5605469,-4.1765404,LCC-FASD external-dev / cross-domain stress set,False
YOUTUBE_IIYAMAXU_SMG955U_S1_id48_s0_45.png,1,VALID,-0.19921875,1.6328125,-1.0556641,-1.8978045,LCC-FASD external-dev / cross-domain stress set,False
YOUTUBE_IIYAMAXU_SMG955U_S1_id48_s0_60.png,1,VALID,-0.3955078,1.734375,-0.86083984,-2.201859,LCC-FASD external-dev / cross-domain stress set,False
YOUTUBE_IIYAMAXU_SMG955U_S1_id48_s0_75.png,1,VALID,-0.5131836,2.0136719,-1.0439453,-2.572784,LCC-FASD external-dev / cross-domain stress set,False
YOUTUBE_IIYAMAXU_SMG955U_S1_id48_s0_90.png,1,VALID,-0.78466797,2.4199219,-1.0742188,-3.2345126,LCC-FASD external-dev / cross-domain stress set,False
YOUTUBE_IIYAMAXU_SMG955U_S1_id48_s0_105.png,1,VALID,0.042144775,1.3173828,-1.0908203,-1.3613944,LCC-FASD external-dev / cross-domain stress set,False
YOUTUBE_IIYAMAXU_SMG955U_S1_id48_s0_120.png,1,VALID,-0.72753906,2.140625,-0.9121094,-2.9143124,LCC-FASD external-dev / cross-domain stress set,False
YOUTUBE_IIYAMAXU_SMG955U_S1_id48_s0_135.png,1,VALID,0.44433594,1.0742188,-1.3251953,-0.71676767,LCC-FASD external-dev / cross-domain stress set,False
YOUTUBE_IIYAMAXU_SMG955U_S1_id48_s0_150.png,1,VALID,0.16064453,1.2363281,-1.1220703,-1.1660466,LCC-FASD external-dev / cross-domain stress set,False
YOUTUBE_IIYAMAXU_SMG955U_S1_id48_s1_15.png,1,VALID,-0.7109375,1.453125,0.14404297,-2.403133,LCC-FASD external-dev / cross-domain stress set,False
YOUTUBE_IIYAMAXU_SMG955U_S1_id48_s1_30.png,1,VALID,1.0097656,0.36669922,-1.2773438,0.46642983,LCC-FASD external-dev / cross-domain stress set,True
YOUTUBE_IIYAMAXU_SMG955U_S1_id48_s1_45.png,1,VALID,-0.40600586,1.8808594,-0.9511719,-2.3440895,LCC-FASD external-dev / cross-domain stress set,False
YOUTUBE_IIYAMAXU_SMG955U_S1_id48_s1_60.png,1,VALID,-1.5947266,2.7773438,-0.3017578,-4.417044,LCC-FASD external-dev / cross-domain stress set,False
YOUTUBE_IIYAMAXU_SMG955U_S1_id48_s1_75.png,1,VALID,-1.9189453,2.0839844,1.1894531,-4.3456674,LCC-FASD external-dev / cross-domain stress set,False
YOUTUBE_IIYAMAXU_SMG955U_S1_id48_s1_90.png,1,VALID,-1.5644531,2.9414062,-0.5239258,-4.536643,LCC-FASD external-dev / cross-domain stress set,False
YOUTUBE_IIYAMAXU_SMG955U_S1_id48_s1_105.png,1,VALID,-1.5849609,2.6972656,-0.057128906,-4.3439307,LCC-FASD external-dev / cross-domain stress set,False
YOUTUBE_IIYAMAXU_SMG955U_S1_id48_s1_120.png,1,VALID,-1.7138672,2.4394531,0.39892578,-4.2755027,LCC-FASD external-dev / cross-domain stress set,False
YOUTUBE_IIYAMAXU_SMG955U_S1_id48_s1_135.png,1,VALID,-1.8339844,2.9414062,0.10656738,-4.8324585,LCC-FASD external-dev / cross-domain stress set,False
YOUTUBE_IIYAMAXU_SMG955U_S1_id48_s1_150.png,1,VALID,-1.7539062,2.8027344,0.0368042,-4.617658,LCC-FASD external-dev / cross-domain stress set,False
YOUTUBE_IIYAMAXU_SMJ710FN_id29_s0_15.png,1,VALID,-1.4160156,2.625,-0.48876953,-4.08449,LCC-FASD external-dev / cross-domain stress set,False
YOUTUBE_IIYAMAXU_SMJ710FN_id29_s0_30.png,1,VALID,-1.625,2.6582031,-0.21008301,-4.3384447,LCC-FASD external-dev / cross-domain stress set,False
YOUTUBE_IIYAMAXU_SMJ710FN_id29_s0_45.png,1,VALID,-1.6220703,2.6347656,-0.15393066,-4.31652,LCC-FASD external-dev / cross-domain stress set,False
YOUTUBE_IIYAMAXU_SMJ710FN_id29_s0_60.png,1,VALID,-1.6464844,2.7382812,-0.26098633,-4.4333878,LCC-FASD external-dev / cross-domain stress set,False
YOUTUBE_IIYAMAXU_SMJ710FN_id29_s0_75.png,1,VALID,-1.6152344,2.7832031,-0.35375977,-4.440936,LCC-FASD external-dev / cross-domain stress set,False
YOUTUBE_IIYAMAXU_SMJ710FN_id29_s0_90.png,1,VALID,-1.5898438,2.6523438,-0.25756836,-4.2952356,LCC-FASD external-dev / cross-domain stress set,False
YOUTUBE_IIYAMAXU_SMJ710FN_id29_s0_105.png,1,VALID,-1.5966797,2.6621094,-0.2824707,-4.3100753,LCC-FASD external-dev / cross-domain stress set,False
YOUTUBE_IIYAMAXU_SMJ710FN_id29_s0_120.png,1,VALID,-1.6318359,2.6835938,-0.24707031,-4.3674164,LCC-FASD external-dev / cross-domain stress set,False
YOUTUBE_IIYAMAXU_SMJ710FN_id29_s0_135.png,1,VALID,-1.6992188,2.6992188,-0.15808105,-4.454273,LCC-FASD external-dev / cross-domain stress set,False
YOUTUBE_IIYAMAXU_ZE520KL_id39_s0_16.png,1,VALID,-0.36669922,1.5390625,-0.5073242,-2.027272,LCC-FASD external-dev / cross-domain stress set,False
YOUTUBE_IIYAMAXU_ZE520KL_id39_s0_36.png,1,VALID,-0.6538086,2.1621094,-0.88964844,-2.8621104,LCC-FASD external-dev / cross-domain stress set,False
YOUTUBE_IIYAMAXU_ZE520KL_id39_s0_51.png,1,VALID,-1.4785156,2.4765625,-0.027282715,-4.0336766,LCC-FASD external-dev / cross-domain stress set,False
YOUTUBE_IIYAMAXU_ZE520KL_id39_s0_81.png,1,VALID,0.04623413,0.8173828,-0.2849121,-1.0579114,LCC-FASD external-dev / cross-domain stress set,False
YOUTUBE_IIYAMAXU_ZE520KL_id39_s0_213.png,1,VALID,-0.2722168,2.0585938,-1.2578125,-2.3664508,LCC-FASD external-dev / cross-domain stress set,False
YOUTUBE_IIYAMAXU_ZE520KL_id39_s0_311.png,1,VALID,1.2607422,-1.5527344,0.5786133,0.56998193,LCC-FASD external-dev / cross-domain stress set,True
YOUTUBE_IIYAMAXU_ZE520KL_id39_s0_334.png,1,VALID,1.9755859,-1.8339844,-0.17199707,1.9738301,LCC-FASD external-dev / cross-domain stress set,True
YOUTUBE_IIYAMAXU_ZE520KL_id39_s0_367.png,1,VALID,1.5214844,-0.29248047,-1.2851562,1.498728,LCC-FASD external-dev / cross-domain stress set,True
YOUTUBE_IIYAMAXU_ZE520KL_id43_s0_109.png,1,VALID,-1.5712891,2.1035156,0.61083984,-3.8775582,LCC-FASD external-dev / cross-domain stress set,False
YOUTUBE_IIYAMAXU_SMG955U_S0_id39_s0_32.png,1,VALID,-2.2714844,3.5722656,-0.020385742,-5.870903,LCC-FASD external-dev / cross-domain stress set,False
YOUTUBE_IIYAMAXU_SMG955U_S0_id43_s0_23.png,1,VALID,-2.078125,2.9648438,0.30981445,-5.1109047,LCC-FASD external-dev / cross-domain stress set,False
YOUTUBE_IIYAMAXU_SMG955U_S0_id43_s0_45.png,1,VALID,-2.0761719,3.1601562,-0.12408447,-5.2731123,LCC-FASD external-dev / cross-domain stress set,False
YOUTUBE_IIYAMAXU_SMG955U_S0_id43_s0_101.png,1,VALID,-1.8095703,2.7695312,-0.014915466,-4.6390324,LCC-FASD external-dev / cross-domain stress set,False
YOUTUBE_IIYAMAXU_SMG955U_S0_id43_s0_116.png,1,VALID,-1.9628906,2.9707031,-0.09503174,-4.9791594,LCC-FASD external-dev / cross-domain stress set,False
YOUTUBE_IIYAMAXU_SMG955U_S0_id43_s0_131.png,1,VALID,-1.9160156,2.8496094,-0.020629883,-4.8207617,LCC-FASD external-dev / cross-domain stress set,False
YOUTUBE_IIYAMAXU_SMG955U_S0_id43_s0_146.png,1,VALID,-2.0078125,3.0507812,-0.10369873,-5.1003695,LCC-FASD external-dev / cross-domain stress set,False
YOUTUBE_IIYAMAXU_SMG955U_S0_id43_s0_161.png,1,VALID,-2.40625,3.3496094,0.05606079,-5.792309,LCC-FASD external-dev / cross-domain stress set,False
YOUTUBE_IIYAMAXU_SMG955U_S0_id43_s0_187.png,1,VALID,-1.6494141,2.90625,-0.32421875,-4.5944414,LCC-FASD external-dev / cross-domain stress set,False
YOUTUBE_IIYAMAXU_SMG955U_S0_id43_s0_204.png,1,VALID,-1.9179688,2.8886719,-0.057922363,-4.857826,LCC-FASD external-dev / cross-domain stress set,False
YOUTUBE_IIYAMAXU_SMG955U_S0_id43_s1_16.png,1,VALID,-1.4414062,3.0175781,-0.8984375,-4.478709,LCC-FASD external-dev / cross-domain stress set,False
YOUTUBE_IIYAMAXU_SMG955U_S0_id43_s1_44.png,1,VALID,-1.7685547,2.9648438,-0.1986084,-4.774809,LCC-FASD external-dev / cross-domain stress set,False
YOUTUBE_IIYAMAXU_SMG955U_S0_id43_s1_59.png,1,VALID,-1.921875,2.9902344,0.03201294,-4.962718,LCC-FASD external-dev / cross-domain stress set,False
YOUTUBE_IIYAMAXU_SMG955U_S0_id43_s1_74.png,1,VALID,-1.7363281,3.1484375,-0.57958984,-4.9085217,LCC-FASD external-dev / cross-domain stress set,False
YOUTUBE_IIYAMAXU_SMG955U_S0_id43_s1_98.png,1,VALID,-1.4794922,3.0644531,-0.84814453,-4.563737,LCC-FASD external-dev / cross-domain stress set,False
YOUTUBE_IIYAMAXU_SMG955U_S0_id43_s1_113.png,1,VALID,-1.8144531,3.109375,-0.5727539,-4.9486856,LCC-FASD external-dev / cross-domain stress set,False
YOUTUBE_IIYAMAXU_SMG955U_S0_id43_s1_129.png,1,VALID,-1.8339844,2.9199219,-0.04660034,-4.8041067,LCC-FASD external-dev / cross-domain stress set,False
YOUTUBE_IIYAMAXU_SMG955U_S0_id43_s1_144.png,1,VALID,-1.9375,2.8300781,0.21777344,-4.838377,LCC-FASD external-dev / cross-domain stress set,False
YOUTUBE_IIYAMAXU_SMG955U_S0_id48_s0_15.png,1,VALID,-1.7314453,2.9003906,-0.4074707,-4.6677766,LCC-FASD external-dev / cross-domain stress set,False
YOUTUBE_IIYAMAXU_SMG955U_S0_id48_s0_30.png,1,VALID,-1.5078125,2.8046875,-0.58203125,-4.3457603,LCC-FASD external-dev / cross-domain stress set,False
YOUTUBE_IIYAMAXU_SMG955U_S0_id48_s0_45.png,1,VALID,-1.8115234,3.1113281,-0.5761719,-4.947578,LCC-FASD external-dev / cross-domain stress set,False
YOUTUBE_IIYAMAXU_SMG955U_S0_id48_s0_60.png,1,VALID,-1.8154297,3.2109375,-0.63623047,-5.0474825,LCC-FASD external-dev / cross-domain stress set,False
YOUTUBE_IIYAMAXU_SMG955U_S0_id48_s0_75.png,1,VALID,-1.8945312,3.2558594,-0.49047852,-5.1737204,LCC-FASD external-dev / cross-domain stress set,False
YOUTUBE_IIYAMAXU_SMG955U_S0_id48_s0_90.png,1,VALID,-1.5048828,2.953125,-0.7504883,-4.4823437,LCC-FASD external-dev / cross-domain stress set,False
YOUTUBE_IIYAMAXU_SMG955U_S0_id48_s0_105.png,1,VALID,-1.5898438,2.859375,-0.57666016,-4.4809036,LCC-FASD external-dev / cross-domain stress set,False
YOUTUBE_IIYAMAXU_SMG955U_S0_id48_s0_120.png,1,VALID,-1.9755859,3.0234375,-0.14416504,-5.0402656,LCC-FASD external-dev / cross-domain stress set,False
YOUTUBE_IIYAMAXU_SMG955U_S0_id48_s0_135.png,1,VALID,-1.5048828,2.8378906,-0.5415039,-4.376274,LCC-FASD external-dev / cross-domain stress set,False
YOUTUBE_IIYAMAXU_SMG955U_S0_id48_s0_150.png,1,VALID,-1.6640625,3.0019531,-0.5283203,-4.6948915,LCC-FASD external-dev / cross-domain stress set,False
YOUTUBE_IIYAMAXU_SMG955U_S0_id48_s1_15.png,1,VALID,-1.5488281,2.375,0.16052246,-4.027477,LCC-FASD external-dev / cross-domain stress set,False
YOUTUBE_IIYAMAXU_SMG955U_S0_id48_s1_107.png,1,VALID,-1.9580078,3.03125,-0.050842285,-5.0341005,LCC-FASD external-dev / cross-domain stress set,False
YOUTUBE_IIYAMAXU_SMG955U_S0_id48_s1_122.png,1,VALID,-1.8994141,2.921875,-0.103027344,-4.8687096,LCC-FASD external-dev / cross-domain stress set,False
YOUTUBE_IIYAMAXU_SMG955U_S0_id48_s1_137.png,1,VALID,-2.2402344,3.5214844,-0.13989258,-5.7870913,LCC-FASD external-dev / cross-domain stress set,False
YOUTUBE_IIYAMAXU_SMG955U_S0_id48_s1_152.png,1,VALID,-1.9414062,2.8652344,-0.007965088,-4.861619,LCC-FASD external-dev / cross-domain stress set,False
YOUTUBE_IIYAMAXU_MOTOMC_S1_id39_s0_33.png,1,VALID,-0.52685547,0.8120117,0.5517578,-1.9103302,LCC-FASD external-dev / cross-domain stress set,False
YOUTUBE_IIYAMAXU_MOTOMC_S1_id39_s1_15.png,1,VALID,1.6621094,-0.5439453,-1.1621094,1.7749653,LCC-FASD external-dev / cross-domain stress set,True
YOUTUBE_IIYAMAXU_MOTOMC_S1_id39_s1_30.png,1,VALID,2.1484375,-1.2451172,-1.2832031,2.7192693,LCC-FASD external-dev / cross-domain stress set,True
YOUTUBE_IIYAMAXU_MOTOMC_S1_id39_s1_45.png,1,VALID,1.8847656,-0.9116211,-1.2011719,2.2375712,LCC-FASD external-dev / cross-domain stress set,True
YOUTUBE_IIYAMAXU_MOTOMC_S1_id39_s1_60.png,1,VALID,2.1640625,-1.2929688,-1.2158203,2.724566,LCC-FASD external-dev / cross-domain stress set,True
YOUTUBE_IIYAMAXU_MOTOMC_S1_id39_s1_75.png,1,VALID,2.0332031,-1.1796875,-1.1552734,2.507462,LCC-FASD external-dev / cross-domain stress set,True
YOUTUBE_IIYAMAXU_MOTOMC_S1_id39_s1_90.png,1,VALID,1.9697266,-1.1396484,-1.0820312,2.3870044,LCC-FASD external-dev / cross-domain stress set,True
YOUTUBE_IIYAMAXU_MOTOMC_S1_id42_s0_17.png,1,VALID,1.4345703,-0.08874512,-1.5400391,1.3128382,LCC-FASD external-dev / cross-domain stress set,True
YOUTUBE_IIYAMAXU_MOTOMC_S1_id42_s0_36.png,1,VALID,1.3222656,-0.11657715,-1.28125,1.1672713,LCC-FASD external-dev / cross-domain stress set,True
YOUTUBE_IIYAMAXU_MOTOMC_S1_id42_s0_51.png,1,VALID,1.7480469,-0.7001953,-1.3818359,2.0389268,LCC-FASD external-dev / cross-domain stress set,True
YOUTUBE_IIYAMAXU_MOTOMC_S1_id42_s0_66.png,1,VALID,1.3251953,-0.39135742,-1.0976562,1.3154523,LCC-FASD external-dev / cross-domain stress set,True
YOUTUBE_IIYAMAXU_MOTOMC_S1_id42_s0_81.png,1,VALID,1.3007812,-0.39746094,-1.0869141,1.2915442,LCC-FASD external-dev / cross-domain stress set,True
YOUTUBE_IIYAMAXU_MOTOMC_S1_id42_s0_96.png,1,VALID,1.4560547,-0.46435547,-1.1318359,1.5063161,LCC-FASD external-dev / cross-domain stress set,True
YOUTUBE_IIYAMAXU_MOTOMC_S1_id42_s0_111.png,1,VALID,1.5878906,-0.66748047,-1.3300781,1.8396187,LCC-FASD external-dev / cross-domain stress set,True
YOUTUBE_IIYAMAXU_MOTOMC_S1_id42_s0_126.png,1,VALID,1.3935547,-0.42529297,-1.2089844,1.4426624,LCC-FASD external-dev / cross-domain stress set,True
YOUTUBE_IIYAMAXU_MOTOMC_S1_id42_s0_141.png,1,VALID,0.48168945,0.5961914,-1.0673828,-0.2880019,LCC-FASD external-dev / cross-domain stress set,False
YOUTUBE_IIYAMAXU_MOTOMC_S1_id42_s0_156.png,1,VALID,1.2050781,-0.26098633,-1.0546875,1.0930067,LCC-FASD external-dev / cross-domain stress set,True
YOUTUBE_IIYAMAXU_MOTOMC_S1_id43_s0_15.png,1,VALID,0.29516602,-0.7788086,1.1191406,-0.9636284,LCC-FASD external-dev / cross-domain stress set,False
YOUTUBE_IIYAMAXU_MOTOMC_S1_id43_s0_30.png,1,VALID,-0.25219727,0.4501953,0.5073242,-1.4245121,LCC-FASD external-dev / cross-domain stress set,False
YOUTUBE_IIYAMAXU_MOTOMC_S1_id43_s0_45.png,1,VALID,0.15319824,-0.8911133,1.4746094,-1.4111434,LCC-FASD external-dev / cross-domain stress set,False
YOUTUBE_IIYAMAXU_MOTOMC_S1_id43_s0_63.png,1,VALID,1.0205078,-0.91064453,0.21008301,0.52822584,LCC-FASD external-dev / cross-domain stress set,True
YOUTUBE_IIYAMAXU_MOTOMC_S1_id43_s0_78.png,1,VALID,-0.95410156,1.0507812,0.77490234,-2.569574,LCC-FASD external-dev / cross-domain stress set,False
YOUTUBE_IIYAMAXU_MOTOMC_S1_id43_s0_93.png,1,VALID,0.2734375,-0.48657227,0.81689453,-0.78372395,LCC-FASD external-dev / cross-domain stress set,False
YOUTUBE_IIYAMAXU_MOTOMC_S1_id43_s0_108.png,1,VALID,-0.4086914,1.4335938,-0.4951172,-1.9779828,LCC-FASD external-dev / cross-domain stress set,False
YOUTUBE_IIYAMAXU_MOTOMC_S1_id43_s0_133.png,1,VALID,2.0,-0.90478516,-1.3115234,2.3944685,LCC-FASD external-dev / cross-domain stress set,True
YOUTUBE_IIYAMAXU_MOTOMC_S1_id43_s1_15.png,1,VALID,-0.14355469,0.92529297,-0.19934082,-1.3500876,LCC-FASD external-dev / cross-domain stress set,False
YOUTUBE_IIYAMAXU_MOTOMC_S1_id43_s1_30.png,1,VALID,0.6425781,-0.49194336,0.4104004,-0.108299255,LCC-FASD external-dev / cross-domain stress set,False
YOUTUBE_IIYAMAXU_MOTOMC_S1_id43_s1_45.png,1,VALID,-0.45922852,0.84472656,0.47924805,-1.8309677,LCC-FASD external-dev / cross-domain stress set,False
YOUTUBE_IIYAMAXU_MOTOMC_S1_id43_s1_60.png,1,VALID,-0.27905273,1.1542969,-0.19812012,-1.6633611,LCC-FASD external-dev / cross-domain stress set,False
YOUTUBE_IIYAMAXU_MOTOMC_S1_id43_s1_75.png,1,VALID,0.6542969,-0.5341797,0.36572266,-0.052607834,LCC-FASD external-dev / cross-domain stress set,False
YOUTUBE_IIYAMAXU_MOTOMC_S1_id43_s1_90.png,1,VALID,0.21057129,-0.6567383,1.1191406,-1.0650041,LCC-FASD external-dev / cross-domain stress set,False
YOUTUBE_IIYAMAXU_MOTOMC_S1_id43_s1_105.png,1,VALID,-1.078125,1.0625,1.1123047,-2.8589845,LCC-FASD external-dev / cross-domain stress set,False
YOUTUBE_IIYAMAXU_MOTOMC_S1_id48_s0_15.png,1,VALID,-1.2333984,2.8417969,-0.9042969,-4.098531,LCC-FASD external-dev / cross-domain stress set,False
YOUTUBE_IIYAMAXU_MOTOMC_S1_id48_s0_30.png,1,VALID,-0.71728516,2.3828125,-1.1621094,-3.1285596,LCC-FASD external-dev / cross-domain stress set,False
YOUTUBE_IIYAMAXU_MOTOMC_S1_id48_s0_45.png,1,VALID,-0.23754883,1.8984375,-1.3076172,-2.175703,LCC-FASD external-dev / cross-domain stress set,False
YOUTUBE_IIYAMAXU_MOTOMC_S1_id48_s0_60.png,1,VALID,-0.39575195,2.25,-1.4921875,-2.6691775,LCC-FASD external-dev / cross-domain stress set,False
YOUTUBE_IIYAMAXU_MOTOMC_S1_id48_s0_75.png,1,VALID,-0.5234375,2.2441406,-1.2216797,-2.7983472,LCC-FASD external-dev / cross-domain stress set,False
YOUTUBE_IIYAMAXU_MOTOMC_S1_id48_s0_90.png,1,VALID,-0.6586914,2.328125,-1.0722656,-3.0196323,LCC-FASD external-dev / cross-domain stress set,False
YOUTUBE_IIYAMAXU_MOTOMC_S1_id48_s0_105.png,1,VALID,-0.9482422,2.5058594,-0.8774414,-3.4874737,LCC-FASD external-dev / cross-domain stress set,False
YOUTUBE_IIYAMAXU_MOTOMC_S1_id48_s0_120.png,1,VALID,-0.40893555,1.6875,-0.82421875,-2.174441,LCC-FASD external-dev / cross-domain stress set,False
YOUTUBE_IIYAMAXU_MOTOMC_S1_id48_s0_135.png,1,VALID,-0.98095703,2.4941406,-0.90478516,-3.5079608,LCC-FASD external-dev / cross-domain stress set,False
YOUTUBE_IIYAMAXU_MOTOMC_S1_id48_s0_150.png,1,VALID,-0.8598633,2.5078125,-1.0273438,-3.396413,LCC-FASD external-dev / cross-domain stress set,False
YOUTUBE_IIYAMAXU_MOTOMC_S1_id48_s1_15.png,1,VALID,1.7695312,-1.3125,-0.50634766,1.9066815,LCC-FASD external-dev / cross-domain stress set,True
YOUTUBE_IIYAMAXU_MOTOMC_S1_id48_s1_30.png,1,VALID,1.6035156,-1.1582031,-0.46801758,1.66508,LCC-FASD external-dev / cross-domain stress set,True
YOUTUBE_IIYAMAXU_MOTOMC_S1_id48_s1_45.png,1,VALID,1.0390625,-1.1396484,0.3330078,0.4995972,LCC-FASD external-dev / cross-domain stress set,True
YOUTUBE_IIYAMAXU_MOTOMC_S1_id48_s1_60.png,1,VALID,1.5205078,-0.95214844,-0.6254883,1.6028996,LCC-FASD external-dev / cross-domain stress set,True
YOUTUBE_IIYAMAXU_MOTOMC_S1_id48_s1_75.png,1,VALID,1.4755859,-0.67333984,-0.8286133,1.5304046,LCC-FASD external-dev / cross-domain stress set,True
YOUTUBE_IIYAMAXU_MOTOMC_S1_id48_s1_90.png,1,VALID,1.0136719,-0.9838867,0.23242188,0.521719,LCC-FASD external-dev / cross-domain stress set,True
YOUTUBE_IIYAMAXU_MOTOMC_S1_id48_s1_106.png,1,VALID,1.1416016,-0.35913086,-0.65722656,0.94556636,LCC-FASD external-dev / cross-domain stress set,True
YOUTUBE_IIYAMAXU_MOTOMC_S1_id48_s1_121.png,1,VALID,1.5371094,-0.5625,-1.0888672,1.6354055,LCC-FASD external-dev / cross-domain stress set,True
YOUTUBE_IIYAMAXU_MOTOMC_S1_id48_s1_136.png,1,VALID,1.7880859,-0.8696289,-1.15625,2.0976443,LCC-FASD external-dev / cross-domain stress set,True
YOUTUBE_IIYAMAXU_MOTOMC_S1_id48_s1_151.png,1,VALID,0.9609375,-0.49975586,-0.29174805,0.6581436,LCC-FASD external-dev / cross-domain stress set,True
YOUTUBE_IIYAMAXU_SMG955U_S0_id39_s0_17.png,1,VALID,-1.7363281,3.0644531,-0.36523438,-4.8326645,LCC-FASD external-dev / cross-domain stress set,False
YOUTUBE_IIYAMAXU_MOTOMC_S0_id39_s1_15.png,1,VALID,1.5419922,-0.5488281,-1.0263672,1.608204,LCC-FASD external-dev / cross-domain stress set,True
YOUTUBE_IIYAMAXU_MOTOMC_S0_id39_s1_30.png,1,VALID,1.9013672,-0.85058594,-1.3115234,2.2629485,LCC-FASD external-dev / cross-domain stress set,True
YOUTUBE_IIYAMAXU_MOTOMC_S0_id39_s1_46.png,1,VALID,1.8544922,-0.7421875,-1.3652344,2.1672976,LCC-FASD external-dev / cross-domain stress set,True
YOUTUBE_IIYAMAXU_MOTOMC_S0_id39_s1_61.png,1,VALID,1.75,-0.83154297,-1.1074219,2.0168517,LCC-FASD external-dev / cross-domain stress set,True
YOUTUBE_IIYAMAXU_MOTOMC_S0_id39_s1_76.png,1,VALID,1.9199219,-0.8027344,-1.3310547,2.2591772,LCC-FASD external-dev / cross-domain stress set,True
YOUTUBE_IIYAMAXU_MOTOMC_S0_id42_s0_21.png,1,VALID,1.4375,-0.27075195,-1.3193359,1.4078262,LCC-FASD external-dev / cross-domain stress set,True
YOUTUBE_IIYAMAXU_MOTOMC_S0_id42_s0_37.png,1,VALID,1.0351562,0.19970703,-1.2246094,0.6197953,LCC-FASD external-dev / cross-domain stress set,True
YOUTUBE_IIYAMAXU_MOTOMC_S0_id42_s0_52.png,1,VALID,1.6503906,-0.6425781,-1.3212891,1.8826684,LCC-FASD external-dev / cross-domain stress set,True
YOUTUBE_IIYAMAXU_MOTOMC_S0_id42_s0_67.png,1,VALID,1.0878906,-0.118774414,-1.1386719,0.8987158,LCC-FASD external-dev / cross-domain stress set,True
YOUTUBE_IIYAMAXU_MOTOMC_S0_id42_s0_82.png,1,VALID,1.4003906,-0.49731445,-1.1767578,1.4876511,LCC-FASD external-dev / cross-domain stress set,True
YOUTUBE_IIYAMAXU_MOTOMC_S0_id42_s0_97.png,1,VALID,1.3564453,-0.3972168,-1.0917969,1.3486744,LCC-FASD external-dev / cross-domain stress set,True
YOUTUBE_IIYAMAXU_MOTOMC_S0_id42_s0_112.png,1,VALID,1.6923828,-0.8222656,-1.3027344,2.0331528,LCC-FASD external-dev / cross-domain stress set,True
YOUTUBE_IIYAMAXU_MOTOMC_S0_id42_s0_127.png,1,VALID,1.4765625,-0.38427734,-1.2861328,1.520222,LCC-FASD external-dev / cross-domain stress set,True
YOUTUBE_IIYAMAXU_MOTOMC_S0_id42_s0_142.png,1,VALID,0.7734375,0.62109375,-1.4541016,0.034088016,LCC-FASD external-dev / cross-domain stress set,False
YOUTUBE_IIYAMAXU_MOTOMC_S0_id42_s0_157.png,1,VALID,1.3261719,-0.40283203,-1.1044922,1.3263683,LCC-FASD external-dev / cross-domain stress set,True
YOUTUBE_IIYAMAXU_MOTOMC_S0_id43_s0_15.png,1,VALID,0.040771484,0.29003906,0.2253418,-0.9105893,LCC-FASD external-dev / cross-domain stress set,False
YOUTUBE_IIYAMAXU_MOTOMC_S0_id43_s0_30.png,1,VALID,-0.39770508,0.9736328,0.110961914,-1.7234256,LCC-FASD external-dev / cross-domain stress set,False
YOUTUBE_IIYAMAXU_MOTOMC_S0_id43_s0_45.png,1,VALID,-0.0022468567,0.15490723,0.49853516,-1.0368032,LCC-FASD external-dev / cross-domain stress set,False
YOUTUBE_IIYAMAXU_MOTOMC_S0_id43_s0_63.png,1,VALID,1.0283203,-0.31713867,-0.53515625,0.7553909,LCC-FASD external-dev / cross-domain stress set,True
YOUTUBE_IIYAMAXU_MOTOMC_S0_id43_s0_78.png,1,VALID,-1.1152344,1.8349609,0.17541504,-3.124338,LCC-FASD external-dev / cross-domain stress set,False
YOUTUBE_IIYAMAXU_MOTOMC_S0_id43_s0_93.png,1,VALID,-0.12658691,0.15441895,0.65234375,-1.2537917,LCC-FASD external-dev / cross-domain stress set,False
YOUTUBE_IIYAMAXU_MOTOMC_S0_id43_s0_108.png,1,VALID,-0.46826172,1.7646484,-0.8671875,-2.302386,LCC-FASD external-dev / cross-domain stress set,False
YOUTUBE_IIYAMAXU_MOTOMC_S0_id43_s0_133.png,1,VALID,1.8222656,-0.35229492,-1.703125,1.9442228,LCC-FASD external-dev / cross-domain stress set,True
YOUTUBE_IIYAMAXU_MOTOMC_S0_id43_s1_16.png,1,VALID,-0.6191406,1.2773438,0.14819336,-2.1766188,LCC-FASD external-dev / cross-domain stress set,False
YOUTUBE_IIYAMAXU_MOTOMC_S0_id43_s1_31.png,1,VALID,-0.90771484,0.94921875,0.9628906,-2.55694,LCC-FASD external-dev / cross-domain stress set,False
YOUTUBE_IIYAMAXU_MOTOMC_S0_id43_s1_46.png,1,VALID,0.66064453,0.12054443,-0.43188477,0.08549571,LCC-FASD external-dev / cross-domain stress set,False
YOUTUBE_IIYAMAXU_MOTOMC_S0_id43_s1_61.png,1,VALID,-0.004787445,0.5239258,0.12731934,-1.0430918,LCC-FASD external-dev / cross-domain stress set,False
YOUTUBE_IIYAMAXU_MOTOMC_S0_id43_s1_76.png,1,VALID,0.5097656,0.36547852,-0.48901367,-0.210235,LCC-FASD external-dev / cross-domain stress set,False
YOUTUBE_IIYAMAXU_MOTOMC_S0_id43_s1_91.png,1,VALID,0.028182983,0.41748047,0.117248535,-0.943554,LCC-FASD external-dev / cross-domain stress set,False
YOUTUBE_IIYAMAXU_MOTOMC_S0_id43_s1_106.png,1,VALID,-0.67529297,0.8339844,0.71728516,-2.1457763,LCC-FASD external-dev / cross-domain stress set,False
YOUTUBE_IIYAMAXU_MOTOMC_S0_id48_s0_15.png,1,VALID,-1.296875,3.0019531,-0.99072266,-4.31711,LCC-FASD external-dev / cross-domain stress set,False
YOUTUBE_IIYAMAXU_MOTOMC_S0_id48_s0_30.png,1,VALID,-0.8457031,2.4882812,-1.0917969,-3.3614764,LCC-FASD external-dev / cross-domain stress set,False
YOUTUBE_IIYAMAXU_MOTOMC_S0_id48_s0_45.png,1,VALID,-1.0234375,2.8046875,-1.1767578,-3.8466117,LCC-FASD external-dev / cross-domain stress set,False
YOUTUBE_IIYAMAXU_MOTOMC_S0_id48_s0_60.png,1,VALID,-0.9946289,2.7089844,-1.2148438,-3.7231858,LCC-FASD external-dev / cross-domain stress set,False
YOUTUBE_IIYAMAXU_MOTOMC_S0_id48_s0_75.png,1,VALID,-1.0800781,2.671875,-0.9819336,-3.777516,LCC-FASD external-dev / cross-domain stress set,False
YOUTUBE_IIYAMAXU_MOTOMC_S0_id48_s0_90.png,1,VALID,-0.9140625,2.8242188,-1.3134766,-3.7541149,LCC-FASD external-dev / cross-domain stress set,False
YOUTUBE_IIYAMAXU_MOTOMC_S0_id48_s0_105.png,1,VALID,-1.0537109,2.6855469,-0.9663086,-3.76487,LCC-FASD external-dev / cross-domain stress set,False
YOUTUBE_IIYAMAXU_MOTOMC_S0_id48_s0_120.png,1,VALID,-0.7939453,2.2714844,-0.984375,-3.103253,LCC-FASD external-dev / cross-domain stress set,False
YOUTUBE_IIYAMAXU_MOTOMC_S0_id48_s0_135.png,1,VALID,-1.0556641,2.4199219,-0.7734375,-3.5158002,LCC-FASD external-dev / cross-domain stress set,False
YOUTUBE_IIYAMAXU_MOTOMC_S0_id48_s0_150.png,1,VALID,-1.4433594,2.9355469,-0.7109375,-4.4046545,LCC-FASD external-dev / cross-domain stress set,False
YOUTUBE_IIYAMAXU_MOTOMC_S0_id48_s1_15.png,1,VALID,0.08782959,0.98876953,-0.6123047,-1.0846603,LCC-FASD external-dev / cross-domain stress set,False
YOUTUBE_IIYAMAXU_MOTOMC_S0_id48_s1_30.png,1,VALID,-0.6611328,1.3964844,0.066101074,-2.2921958,LCC-FASD external-dev / cross-domain stress set,False
YOUTUBE_IIYAMAXU_MOTOMC_S0_id48_s1_45.png,1,VALID,-1.0507812,1.2626953,0.6660156,-2.7521424,LCC-FASD external-dev / cross-domain stress set,False
YOUTUBE_IIYAMAXU_MOTOMC_S0_id48_s1_60.png,1,VALID,-0.7368164,1.2421875,0.24230957,-2.2922983,LCC-FASD external-dev / cross-domain stress set,False
YOUTUBE_IIYAMAXU_MOTOMC_S0_id48_s1_75.png,1,VALID,-0.2890625,1.7666016,-0.9707031,-2.1183991,LCC-FASD external-dev / cross-domain stress set,False
YOUTUBE_IIYAMAXU_MOTOMC_S0_id48_s1_90.png,1,VALID,-1.2255859,1.4521484,0.7192383,-3.07012,LCC-FASD external-dev / cross-domain stress set,False
YOUTUBE_IIYAMAXU_MOTOMC_S0_id48_s1_107.png,1,VALID,-1.0820312,2.5410156,-0.77978516,-3.6585336,LCC-FASD external-dev / cross-domain stress set,False
YOUTUBE_IIYAMAXU_MOTOMC_S0_id48_s1_128.png,1,VALID,-0.67089844,1.9462891,-0.73291016,-2.6835537,LCC-FASD external-dev / cross-domain stress set,False
YOUTUBE_IIYAMAXU_MOTOMC_S0_id48_s1_143.png,1,VALID,-0.7885742,2.3027344,-0.85595703,-3.1329124,LCC-FASD external-dev / cross-domain stress set,False
YOUTUBE_IIYAMAXU_MOTOMC_S0_id48_s1_158.png,1,VALID,-1.3837891,2.7070312,-0.47729492,-4.1313925,LCC-FASD external-dev / cross-domain stress set,False
YOUTUBE_IIYAMAXU_MOTOMC_S1_id39_s0_18.png,1,VALID,-0.3232422,1.9199219,-1.0517578,-2.2931128,LCC-FASD external-dev / cross-domain stress set,False
YOUTUBE_IIYAMAGB_GZS4020_id29_s0_15.png,1,VALID,1.1630859,-0.83154297,-0.09448242,0.8665278,LCC-FASD external-dev / cross-domain stress set,True
YOUTUBE_IIYAMAGB_GZS4020_id29_s0_30.png,1,VALID,1.7246094,-1.2324219,-0.44726562,1.7961488,LCC-FASD external-dev / cross-domain stress set,True
YOUTUBE_IIYAMAGB_GZS4020_id29_s0_45.png,1,VALID,1.4052734,-1.0820312,-0.1463623,1.2206619,LCC-FASD external-dev / cross-domain stress set,True
YOUTUBE_IIYAMAGB_GZS4020_id29_s0_60.png,1,VALID,1.5302734,-1.3476562,0.017089844,1.2856932,LCC-FASD external-dev / cross-domain stress set,True
YOUTUBE_IIYAMAGB_GZS4020_id29_s0_75.png,1,VALID,1.1855469,-0.92871094,0.06085205,0.80861545,LCC-FASD external-dev / cross-domain stress set,True
YOUTUBE_IIYAMAGB_GZS4020_id29_s0_90.png,1,VALID,1.6142578,-1.2148438,-0.25170898,1.5426562,LCC-FASD external-dev / cross-domain stress set,True
YOUTUBE_IIYAMAGB_GZS4020_id29_s0_120.png,1,VALID,1.2626953,-0.63378906,-0.3942871,1.0764332,LCC-FASD external-dev / cross-domain stress set,True
YOUTUBE_IIYAMAGB_GZS4020_id29_s0_135.png,1,VALID,0.79589844,-0.5683594,0.28833008,0.15370166,LCC-FASD external-dev / cross-domain stress set,False
YOUTUBE_IIYAMAGB_IPHONE7F_id29_s0_15.png,1,VALID,-0.1194458,1.7666016,-1.2441406,-1.9341279,LCC-FASD external-dev / cross-domain stress set,False
YOUTUBE_IIYAMAGB_IPHONE7F_id29_s0_30.png,1,VALID,-0.20959473,1.7871094,-1.1044922,-2.0507066,LCC-FASD external-dev / cross-domain stress set,False
YOUTUBE_IIYAMAGB_IPHONE7F_id29_s0_45.png,1,VALID,-0.1998291,1.9091797,-1.2617188,-2.1501179,LCC-FASD external-dev / cross-domain stress set,False
YOUTUBE_IIYAMAGB_IPHONE7F_id29_s0_60.png,1,VALID,0.2890625,1.3408203,-1.3173828,-1.1194857,LCC-FASD external-dev / cross-domain stress set,False
YOUTUBE_IIYAMAGB_IPHONE7F_id29_s0_75.png,1,VALID,0.7573242,0.82470703,-1.4404297,-0.16615587,LCC-FASD external-dev / cross-domain stress set,False
YOUTUBE_IIYAMAGB_IPHONE7F_id29_s0_90.png,1,VALID,0.18798828,1.2353516,-1.0117188,-1.1478496,LCC-FASD external-dev / cross-domain stress set,False
YOUTUBE_IIYAMAGB_IPHONE7F_id29_s0_105.png,1,VALID,0.6411133,0.9448242,-1.3857422,-0.39650953,LCC-FASD external-dev / cross-domain stress set,False
YOUTUBE_IIYAMAGB_IPHONE7F_id29_s0_120.png,1,VALID,0.6923828,0.7060547,-1.1748047,-0.15556979,LCC-FASD external-dev / cross-domain stress set,False
YOUTUBE_IIYAMAGB_IPHONE7F_id29_s0_135.png,1,VALID,0.6352539,0.96972656,-1.4013672,-0.42374516,LCC-FASD external-dev / cross-domain stress set,False
YOUTUBE_IIYAMAXB_IPHONE7F_id29_s0_15.png,1,VALID,0.83251953,0.4482422,-1.2060547,0.2092939,LCC-FASD external-dev / cross-domain stress set,True
YOUTUBE_IIYAMAXB_IPHONE7F_id29_s0_30.png,1,VALID,0.4934082,0.7548828,-1.0292969,-0.41671163,LCC-FASD external-dev / cross-domain stress set,False
YOUTUBE_IIYAMAXB_IPHONE7F_id29_s0_45.png,1,VALID,1.1054688,-0.05343628,-1.0019531,0.83153474,LCC-FASD external-dev / cross-domain stress set,True
YOUTUBE_IIYAMAXB_IPHONE7F_id29_s0_60.png,1,VALID,0.62353516,0.6533203,-1.1220703,-0.18629074,LCC-FASD external-dev / cross-domain stress set,False
YOUTUBE_IIYAMAXB_IPHONE7F_id29_s0_75.png,1,VALID,1.0322266,0.06677246,-1.0566406,0.6839148,LCC-FASD external-dev / cross-domain stress set,True
YOUTUBE_IIYAMAXB_IPHONE7F_id29_s0_90.png,1,VALID,0.28710938,0.84033203,-0.7866211,-0.7326462,LCC-FASD external-dev / cross-domain stress set,False
YOUTUBE_IIYAMAXB_IPHONE7F_id29_s0_105.png,1,VALID,1.2216797,-0.18554688,-0.96191406,1.0287392,LCC-FASD external-dev / cross-domain stress set,True
YOUTUBE_IIYAMAXB_IPHONE7F_id29_s0_120.png,1,VALID,1.125,-0.21472168,-0.8051758,0.8988408,LCC-FASD external-dev / cross-domain stress set,True
YOUTUBE_IIYAMAXB_IPHONE7F_id29_s0_135.png,1,VALID,0.6870117,0.3215332,-0.7133789,0.06148696,LCC-FASD external-dev / cross-domain stress set,False
YOUTUBE_IIYAMAXB_WIZARD1_id29_s0_15.png,1,VALID,1.6054688,-0.4387207,-1.2080078,1.6634657,LCC-FASD external-dev / cross-domain stress set,True
YOUTUBE_IIYAMAXB_WIZARD1_id29_s0_30.png,1,VALID,0.95654297,0.26782227,-1.0673828,0.45514834,LCC-FASD external-dev / cross-domain stress set,True
YOUTUBE_IIYAMAXB_WIZARD1_id29_s0_45.png,1,VALID,1.0849609,0.3100586,-1.3095703,0.5942721,LCC-FASD external-dev / cross-domain stress set,True
YOUTUBE_IIYAMAXB_WIZARD1_id29_s0_69.png,1,VALID,1.1318359,0.3400879,-1.4003906,0.6301085,LCC-FASD external-dev / cross-domain stress set,True
YOUTUBE_IIYAMAXB_WIZARD1_id29_s0_105.png,1,VALID,0.72509766,0.8198242,-1.3447266,-0.20340294,LCC-FASD external-dev / cross-domain stress set,False
YOUTUBE_IIYAMAXU_GZS4020_id29_s0_15.png,1,VALID,1.5126953,-0.96484375,-0.39648438,1.4603653,LCC-FASD external-dev / cross-domain stress set,True
YOUTUBE_IIYAMAXU_GZS4020_id29_s0_30.png,1,VALID,1.9384766,-1.1806641,-0.7607422,2.1941507,LCC-FASD external-dev / cross-domain stress set,True
YOUTUBE_IIYAMAXU_GZS4020_id29_s0_45.png,1,VALID,1.5009766,-0.8774414,-0.4169922,1.4287754,LCC-FASD external-dev / cross-domain stress set,True
YOUTUBE_IIYAMAXU_GZS4020_id29_s0_60.png,1,VALID,1.3867188,-1.0751953,-0.05206299,1.1316888,LCC-FASD external-dev / cross-domain stress set,True
YOUTUBE_IIYAMAXU_GZS4020_id29_s0_75.png,1,VALID,0.8955078,-0.7182617,0.3330078,0.26277047,LCC-FASD external-dev / cross-domain stress set,True
YOUTUBE_IIYAMAXU_GZS4020_id29_s0_90.png,1,VALID,1.7138672,-1.0107422,-0.6035156,1.8072615,LCC-FASD external-dev / cross-domain stress set,True
YOUTUBE_IIYAMAXU_GZS4020_id29_s0_105.png,1,VALID,1.6708984,-0.8984375,-0.65234375,1.7455907,LCC-FASD external-dev / cross-domain stress set,True
YOUTUBE_IIYAMAXU_GZS4020_id29_s0_120.png,1,VALID,1.5908203,-0.7871094,-0.69189453,1.6360424,LCC-FASD external-dev / cross-domain stress set,True
YOUTUBE_IIYAMAXU_GZS4020_id29_s0_135.png,1,VALID,0.81933594,-0.58203125,0.26000977,0.20107132,LCC-FASD external-dev / cross-domain stress set,True
YOUTUBE_IIYAMAXU_IPHONE7F_id29_s0_15.png,1,VALID,-1.0927734,2.5507812,-0.77734375,-3.678787,LCC-FASD external-dev / cross-domain stress set,False
YOUTUBE_IIYAMAXU_IPHONE7F_id29_s0_30.png,1,VALID,-0.75341797,2.0605469,-0.68652344,-2.8761086,LCC-FASD external-dev / cross-domain stress set,False
YOUTUBE_IIYAMAXU_IPHONE7F_id29_s0_45.png,1,VALID,-0.8510742,2.4355469,-0.9375,-3.3203316,LCC-FASD external-dev / cross-domain stress set,False
YOUTUBE_IIYAMAXU_IPHONE7F_id29_s0_60.png,1,VALID,-0.68115234,2.3945312,-1.1347656,-3.1045873,LCC-FASD external-dev / cross-domain stress set,False
YOUTUBE_IIYAMAXU_IPHONE7F_id29_s0_75.png,1,VALID,-0.9169922,2.40625,-0.81884766,-3.3622243,LCC-FASD external-dev / cross-domain stress set,False
YOUTUBE_IIYAMAXU_IPHONE7F_id29_s0_90.png,1,VALID,-0.9741211,2.4902344,-0.8227539,-3.5001156,LCC-FASD external-dev / cross-domain stress set,False
YOUTUBE_IIYAMAXU_IPHONE7F_id29_s0_105.png,1,VALID,-0.50341797,1.9677734,-0.88427734,-2.5273125,LCC-FASD external-dev / cross-domain stress set,False
YOUTUBE_IIYAMAXU_IPHONE7F_id29_s0_120.png,1,VALID,-0.90625,2.4648438,-0.8779297,-3.4058225,LCC-FASD external-dev / cross-domain stress set,False
YOUTUBE_IIYAMAXU_IPHONE7F_id29_s0_135.png,1,VALID,-0.6689453,2.3320312,-0.99121094,-3.0363781,LCC-FASD external-dev / cross-domain stress set,False
YOUTUBE_IIYAMAXU_MOTOMC_S0_id39_s0_17.png,1,VALID,-0.7895508,2.3046875,-0.80859375,-3.1377332,LCC-FASD external-dev / cross-domain stress set,False
YOUTUBE_IIYAMAXU_MOTOMC_S0_id39_s0_32.png,1,VALID,-0.24499512,1.2216797,-0.4140625,-1.6446601,LCC-FASD external-dev / cross-domain stress set,False
YOUTUBE_HPE17J001ER_ZSZD551KL_id48_s0_75.png,1,VALID,0.7973633,0.013038635,-0.61865234,0.3579516,LCC-FASD external-dev / cross-domain stress set,True
YOUTUBE_HPE17J001ER_ZSZD551KL_id48_s0_90.png,1,VALID,1.1835938,-0.18481445,-0.91503906,0.9751501,LCC-FASD external-dev / cross-domain stress set,True
YOUTUBE_HPPEXP_IPHONE5SB_id39_s0_15.png,1,VALID,-0.6582031,1.1318359,0.38134766,-2.1767535,LCC-FASD external-dev / cross-domain stress set,False
YOUTUBE_HPPEXP_IPHONE5SB_id39_s0_31.png,1,VALID,-0.16796875,0.48754883,0.43847656,-1.3244296,LCC-FASD external-dev / cross-domain stress set,False
YOUTUBE_HPPEXP_IPHONE5SB_id39_s0_46.png,1,VALID,-0.81933594,0.6699219,1.203125,-2.4841316,LCC-FASD external-dev / cross-domain stress set,False
YOUTUBE_HPPEXP_IPHONE5SB_id43_s0_15.png,1,VALID,-0.4975586,0.1751709,1.2363281,-2.031065,LCC-FASD external-dev / cross-domain stress set,False
YOUTUBE_HPPEXP_IPHONE5SB_id43_s0_30.png,1,VALID,-0.70751953,0.7270508,0.9111328,-2.2239883,LCC-FASD external-dev / cross-domain stress set,False
YOUTUBE_HPPEXP_IPHONE5SB_id43_s0_46.png,1,VALID,-0.6425781,1.5058594,0.08972168,-2.365683,LCC-FASD external-dev / cross-domain stress set,False
YOUTUBE_HPPEXP_IPHONE5SB_id43_s0_61.png,1,VALID,0.40283203,-0.2310791,0.35742188,-0.39616752,LCC-FASD external-dev / cross-domain stress set,False
YOUTUBE_HPPEXP_IPHONE5SB_id43_s0_76.png,1,VALID,-0.28442383,-0.097839355,1.2333984,-1.7522223,LCC-FASD external-dev / cross-domain stress set,False
YOUTUBE_HPPEXP_IPHONE5SB_id43_s0_91.png,1,VALID,0.09399414,0.5571289,-0.042633057,-0.9007071,LCC-FASD external-dev / cross-domain stress set,False
YOUTUBE_HPPEXP_IPHONE5SB_id43_s0_117.png,1,VALID,-0.8173828,0.5576172,1.3027344,-2.5085573,LCC-FASD external-dev / cross-domain stress set,False
YOUTUBE_HPPEXP_IPHONE5SB_id43_s0_132.png,1,VALID,2.0449219,-0.90185547,-1.3115234,2.4376307,LCC-FASD external-dev / cross-domain stress set,True
YOUTUBE_HPPEXP_IPHONE5SB_id43_s0_147.png,1,VALID,1.0654297,0.05014038,-0.95166016,0.70251155,LCC-FASD external-dev / cross-domain stress set,True
YOUTUBE_HPPEXP_IPHONE5SB_id43_s0_162.png,1,VALID,1.1914062,0.22265625,-1.3583984,0.7816416,LCC-FASD external-dev / cross-domain stress set,True
YOUTUBE_HPPEXP_IPHONE5SB_id43_s1_15.png,1,VALID,-0.43945312,0.07165527,1.2705078,-1.9735091,LCC-FASD external-dev / cross-domain stress set,False
YOUTUBE_HPPEXP_IPHONE5SB_id43_s1_30.png,1,VALID,0.07678223,0.58984375,-0.08917236,-0.92325926,LCC-FASD external-dev / cross-domain stress set,False
YOUTUBE_HPPEXP_IPHONE5SB_id43_s1_45.png,1,VALID,0.9057617,-0.19299316,-0.39135742,0.4998793,LCC-FASD external-dev / cross-domain stress set,True
YOUTUBE_HPPEXP_IPHONE5SB_id43_s1_60.png,1,VALID,0.35205078,0.0052719116,0.23205566,-0.46617532,LCC-FASD external-dev / cross-domain stress set,False
YOUTUBE_HPPEXP_IPHONE5SB_id43_s1_75.png,1,VALID,0.101379395,0.30664062,0.24963379,-0.87031114,LCC-FASD external-dev / cross-domain stress set,False
YOUTUBE_HPPEXP_IPHONE5SB_id43_s1_90.png,1,VALID,-0.07659912,0.11584473,0.70214844,-1.2211102,LCC-FASD external-dev / cross-domain stress set,False
YOUTUBE_HPPEXP_IPHONE5SB_id43_s1_105.png,1,VALID,-0.17126465,-0.0715332,1.0419922,-1.4972315,LCC-FASD external-dev / cross-domain stress set,False
YOUTUBE_HPPEXP_IPHONE5SB_id43_s1_120.png,1,VALID,-0.35717773,-0.033447266,1.2119141,-1.8220558,LCC-FASD external-dev / cross-domain stress set,False
YOUTUBE_HPPEXP_IPHONE5SB_id43_s1_135.png,1,VALID,-0.30541992,0.07446289,1.0800781,-1.6972526,LCC-FASD external-dev / cross-domain stress set,False
YOUTUBE_HPPEXP_IPHONE5SB_id43_s1_150.png,1,VALID,-0.5698242,0.0713501,1.3964844,-2.2019873,LCC-FASD external-dev / cross-domain stress set,False
YOUTUBE_HPPEXP_IPHONE5SB_id48_s1_15.png,1,VALID,2.015625,-1.1171875,-1.3730469,2.5594342,LCC-FASD external-dev / cross-domain stress set,True
YOUTUBE_HPPEXP_IPHONE5SB_id48_s1_30.png,1,VALID,2.1328125,-1.3496094,-1.3701172,2.7994761,LCC-FASD external-dev / cross-domain stress set,True
YOUTUBE_HPPEXP_IPHONE5SB_id48_s1_45.png,1,VALID,1.8896484,-0.76708984,-1.46875,2.2541027,LCC-FASD external-dev / cross-domain stress set,True
YOUTUBE_HPPEXP_IPHONE5SB_id48_s1_60.png,1,VALID,1.7070312,-0.47387695,-1.5888672,1.8972955,LCC-FASD external-dev / cross-domain stress set,True
YOUTUBE_HPPEXP_IPHONE5SB_id48_s1_75.png,1,VALID,2.1132812,-1.1611328,-1.3867188,2.6877122,LCC-FASD external-dev / cross-domain stress set,True
YOUTUBE_HPPEXP_IPHONE5SB_id48_s1_90.png,1,VALID,0.9082031,0.001821518,-0.7138672,0.508374,LCC-FASD external-dev / cross-domain stress set,True
YOUTUBE_HPPEXP_IPHONE5SB_id48_s1_105.png,1,VALID,1.9365234,-1.1347656,-1.0605469,2.3403442,LCC-FASD external-dev / cross-domain stress set,True
YOUTUBE_HPPEXP_IPHONE5SB_id48_s1_120.png,1,VALID,2.0800781,-1.296875,-1.0966797,2.5787067,LCC-FASD external-dev / cross-domain stress set,True
YOUTUBE_HPPEXP_IPHONE5SB_id48_s1_135.png,1,VALID,1.4882812,-0.45043945,-1.1494141,1.5351943,LCC-FASD external-dev / cross-domain stress set,True
YOUTUBE_HPPEXP_IPHONE5SB_id48_s1_150.png,1,VALID,0.9868164,-0.09686279,-0.73779297,0.66050375,LCC-FASD external-dev / cross-domain stress set,True
YOUTUBE_I2369VM_HONOR7X_id39_s0_15.png,1,VALID,-1.4433594,1.4628906,1.1425781,-3.4520116,LCC-FASD external-dev / cross-domain stress set,False
YOUTUBE_I2369VM_HONOR7X_id39_s0_31.png,1,VALID,1.1357422,0.016189575,-0.9316406,0.7919906,LCC-FASD external-dev / cross-domain stress set,True
YOUTUBE_I2369VM_HONOR7X_id39_s0_46.png,1,VALID,-1.1621094,1.4736328,0.6723633,-3.0064495,LCC-FASD external-dev / cross-domain stress set,False
YOUTUBE_I2369VM_HONOR7X_id39_s0_66.png,1,VALID,0.07611084,0.9394531,-0.61376953,-1.0552552,LCC-FASD external-dev / cross-domain stress set,False
YOUTUBE_I2369VM_HONOR7X_id48_s1_15.png,1,VALID,0.4272461,1.4267578,-1.7587891,-1.040035,LCC-FASD external-dev / cross-domain stress set,False
YOUTUBE_I2369VM_HONOR7X_id48_s1_30.png,1,VALID,0.20275879,1.8164062,-1.8183594,-1.6396953,LCC-FASD external-dev / cross-domain stress set,False
YOUTUBE_I2369VM_HONOR7X_id48_s1_45.png,1,VALID,-0.0071868896,1.6943359,-1.3046875,-1.7501565,LCC-FASD external-dev / cross-domain stress set,False
YOUTUBE_I2369VM_HONOR7X_id48_s1_60.png,1,VALID,0.60595703,0.20727539,-0.4868164,-0.0064687133,LCC-FASD external-dev / cross-domain stress set,False
YOUTUBE_I2369VM_HONOR7X_id48_s1_75.png,1,VALID,0.048187256,1.2880859,-0.95410156,-1.3408527,LCC-FASD external-dev / cross-domain stress set,False
YOUTUBE_I2369VM_HONOR7X_id48_s1_90.png,1,VALID,-1.1582031,0.71728516,1.4619141,-3.0087144,LCC-FASD external-dev / cross-domain stress set,False
YOUTUBE_I2369VM_HONOR7X_id48_s1_105.png,1,VALID,-0.28393555,1.9892578,-1.3076172,-2.309524,LCC-FASD external-dev / cross-domain stress set,False
YOUTUBE_I2369VM_HONOR7X_id48_s1_120.png,1,VALID,0.484375,1.0,-1.3701172,-0.60498095,LCC-FASD external-dev / cross-domain stress set,False
YOUTUBE_I2369VM_HONOR7X_id48_s1_135.png,1,VALID,-0.58691406,2.1269531,-1.0029297,-2.7566612,LCC-FASD external-dev / cross-domain stress set,False
YOUTUBE_I2369VM_HONOR7X_id48_s1_150.png,1,VALID,0.72509766,0.05215454,-0.46264648,0.20442837,LCC-FASD external-dev / cross-domain stress set,True
YOUTUBE_IIYAMAGB_GZS4020_id29_s0_105.png,1,VALID,1.7695312,-1.1123047,-0.56884766,1.8804877,LCC-FASD external-dev / cross-domain stress set,True
YOUTUBE_HP3165NGW_IPADA1893_id48_s1_15.png,1,VALID,-0.19812012,1.6015625,-0.9091797,-1.8777616,LCC-FASD external-dev / cross-domain stress set,False
YOUTUBE_HP3165NGW_IPADA1893_id48_s1_30.png,1,VALID,0.15991211,0.7207031,-0.35742188,-0.85363436,LCC-FASD external-dev / cross-domain stress set,False
YOUTUBE_HP3165NGW_IPADA1893_id48_s1_45.png,1,VALID,-0.23693848,1.2490234,-0.4104004,-1.6601241,LCC-FASD external-dev / cross-domain stress set,False
YOUTUBE_HP3165NGW_IPADA1893_id48_s1_60.png,1,VALID,-0.011489868,1.3408203,-0.86328125,-1.4569851,LCC-FASD external-dev / cross-domain stress set,False
YOUTUBE_HP3165NGW_IPADA1893_id48_s1_75.png,1,VALID,-0.3864746,1.9023438,-0.95996094,-2.3443825,LCC-FASD external-dev / cross-domain stress set,False
YOUTUBE_HP3165NGW_IPADA1893_id48_s1_90.png,1,VALID,0.23034668,1.2744141,-1.2070312,-1.1243768,LCC-FASD external-dev / cross-domain stress set,False
YOUTUBE_HP3165NGW_IPADA1893_id48_s1_105.png,1,VALID,-0.11016846,1.7353516,-1.2070312,-1.8969162,LCC-FASD external-dev / cross-domain stress set,False
YOUTUBE_HP3165NGW_IPADA1893_id48_s1_120.png,1,VALID,0.08331299,1.2236328,-0.93847656,-1.2492479,LCC-FASD external-dev / cross-domain stress set,False
YOUTUBE_HP3165NGW_IPADA1893_id48_s1_135.png,1,VALID,-0.37426758,1.8916016,-1.0712891,-2.316248,LCC-FASD external-dev / cross-domain stress set,False
YOUTUBE_HP3165NGW_IPADA1893_id48_s1_150.png,1,VALID,-0.88623047,2.4707031,-0.8745117,-3.3915792,LCC-FASD external-dev / cross-domain stress set,False
YOUTUBE_HPE17J001ER_REDMIN3P_id39_s0_16.png,1,VALID,-1.7333984,1.2207031,2.0,-4.110964,LCC-FASD external-dev / cross-domain stress set,False
YOUTUBE_HPE17J001ER_REDMIN3P_id39_s0_34.png,1,VALID,-1.0654297,1.3466797,0.8041992,-2.8703594,LCC-FASD external-dev / cross-domain stress set,False
YOUTUBE_HPE17J001ER_REDMIN3P_id39_s0_49.png,1,VALID,-1.6806641,0.81152344,2.3417969,-4.2184196,LCC-FASD external-dev / cross-domain stress set,False
YOUTUBE_HPE17J001ER_REDMIN3P_id39_s0_68.png,1,VALID,0.7680664,-0.016036987,-0.35864258,0.2476579,LCC-FASD external-dev / cross-domain stress set,True
YOUTUBE_HPE17J001ER_REDMIN3P_id43_s0_15.png,1,VALID,1.4833984,-0.17712402,-1.3798828,1.3978778,LCC-FASD external-dev / cross-domain stress set,True
YOUTUBE_HPE17J001ER_REDMIN3P_id43_s0_30.png,1,VALID,0.73535156,-0.7548828,0.37158203,0.08297819,LCC-FASD external-dev / cross-domain stress set,False
YOUTUBE_HPE17J001ER_REDMIN3P_id43_s0_46.png,1,VALID,1.0527344,0.04699707,-1.0810547,0.7253342,LCC-FASD external-dev / cross-domain stress set,True
YOUTUBE_HPE17J001ER_REDMIN3P_id43_s0_61.png,1,VALID,2.0214844,-1.4658203,-0.6669922,2.3170125,LCC-FASD external-dev / cross-domain stress set,True
YOUTUBE_HPE17J001ER_REDMIN3P_id43_s0_76.png,1,VALID,1.9765625,-1.2714844,-0.9741211,2.3952055,LCC-FASD external-dev / cross-domain stress set,True
YOUTUBE_HPE17J001ER_REDMIN3P_id43_s0_91.png,1,VALID,1.9140625,-1.1767578,-0.890625,2.2444074,LCC-FASD external-dev / cross-domain stress set,True
YOUTUBE_HPE17J001ER_REDMIN3P_id43_s0_118.png,1,VALID,1.1845703,-0.24121094,-0.8491211,0.99108905,LCC-FASD external-dev / cross-domain stress set,True
YOUTUBE_HPE17J001ER_REDMIN3P_id43_s0_133.png,1,VALID,1.4570312,-0.5566406,-0.796875,1.4334451,LCC-FASD external-dev / cross-domain stress set,True
YOUTUBE_HPE17J001ER_REDMIN3P_id43_s0_148.png,1,VALID,1.6474609,-0.54296875,-1.1484375,1.7548761,LCC-FASD external-dev / cross-domain stress set,True
YOUTUBE_HPE17J001ER_REDMIN3P_id43_s0_163.png,1,VALID,0.9472656,0.46533203,-1.4853516,0.3489976,LCC-FASD external-dev / cross-domain stress set,True
YOUTUBE_HPE17J001ER_REDMIN3P_id43_s1_15.png,1,VALID,0.39990234,0.27856445,-0.124816895,-0.39032173,LCC-FASD external-dev / cross-domain stress set,False
YOUTUBE_HPE17J001ER_REDMIN3P_id43_s1_30.png,1,VALID,0.50390625,-0.3569336,0.42114258,-0.29518545,LCC-FASD external-dev / cross-domain stress set,False
YOUTUBE_HPE17J001ER_REDMIN3P_id43_s1_45.png,1,VALID,1.0595703,-0.90966797,0.26293945,0.5269406,LCC-FASD external-dev / cross-domain stress set,True
YOUTUBE_HPE17J001ER_REDMIN3P_id43_s1_60.png,1,VALID,1.9882812,-1.1787109,-0.9667969,2.3622851,LCC-FASD external-dev / cross-domain stress set,True
YOUTUBE_HPE17J001ER_REDMIN3P_id43_s1_75.png,1,VALID,1.859375,-1.1220703,-0.80126953,2.1150885,LCC-FASD external-dev / cross-domain stress set,True
YOUTUBE_HPE17J001ER_REDMIN3P_id43_s1_90.png,1,VALID,2.21875,-1.6162109,-0.8017578,2.6538658,LCC-FASD external-dev / cross-domain stress set,True
YOUTUBE_HPE17J001ER_REDMIN3P_id43_s1_105.png,1,VALID,1.6171875,-0.6557617,-0.9301758,1.7076255,LCC-FASD external-dev / cross-domain stress set,True
YOUTUBE_HPE17J001ER_REDMIN3P_id43_s1_120.png,1,VALID,2.015625,-1.2548828,-0.86328125,2.362512,LCC-FASD external-dev / cross-domain stress set,True
YOUTUBE_HPE17J001ER_REDMIN3P_id43_s1_135.png,1,VALID,2.1289062,-1.3144531,-1.0380859,2.6025114,LCC-FASD external-dev / cross-domain stress set,True
YOUTUBE_HPE17J001ER_REDMIN3P_id43_s1_150.png,1,VALID,1.9189453,-1.1728516,-0.82177734,2.2077844,LCC-FASD external-dev / cross-domain stress set,True
YOUTUBE_HPE17J001ER_REDMIN3P_id48_s1_15.png,1,VALID,1.7705078,-1.0644531,-0.78125,1.9902201,LCC-FASD external-dev / cross-domain stress set,True
YOUTUBE_HPE17J001ER_REDMIN3P_id48_s1_30.png,1,VALID,1.828125,-1.0537109,-1.0449219,2.1842847,LCC-FASD external-dev / cross-domain stress set,True
YOUTUBE_HPE17J001ER_REDMIN3P_id48_s1_45.png,1,VALID,1.0488281,-1.0625,0.328125,0.49842417,LCC-FASD external-dev / cross-domain stress set,True
YOUTUBE_HPE17J001ER_REDMIN3P_id48_s1_63.png,1,VALID,1.8525391,-0.9223633,-1.1337891,2.1818907,LCC-FASD external-dev / cross-domain stress set,True
YOUTUBE_HPE17J001ER_REDMIN3P_id48_s1_78.png,1,VALID,1.5908203,-0.9975586,-0.74560547,1.7613411,LCC-FASD external-dev / cross-domain stress set,True
YOUTUBE_HPE17J001ER_REDMIN3P_id48_s1_93.png,1,VALID,1.8486328,-1.2050781,-0.8964844,2.19441,LCC-FASD external-dev / cross-domain stress set,True
YOUTUBE_HPE17J001ER_REDMIN3P_id48_s1_112.png,1,VALID,2.2128906,-1.2060547,-1.5351562,2.876871,LCC-FASD external-dev / cross-domain stress set,True
YOUTUBE_HPE17J001ER_REDMIN3P_id48_s1_127.png,1,VALID,1.2226562,-0.50878906,-0.66552734,1.1135995,LCC-FASD external-dev / cross-domain stress set,True
YOUTUBE_HPE17J001ER_REDMIN3P_id48_s1_142.png,1,VALID,1.9160156,-1.0078125,-1.2636719,2.3504498,LCC-FASD external-dev / cross-domain stress set,True
YOUTUBE_HPE17J001ER_REDMIN3P_id48_s1_157.png,1,VALID,1.28125,-0.5546875,-0.7011719,1.2133527,LCC-FASD external-dev / cross-domain stress set,True
YOUTUBE_HPE17J001ER_ZSZD551KL_id48_s0_15.png,1,VALID,1.375,-0.79296875,-0.67578125,1.4145122,LCC-FASD external-dev / cross-domain stress set,True
YOUTUBE_HPE17J001ER_ZSZD551KL_id48_s0_30.png,1,VALID,1.3144531,-0.09350586,-1.2255859,1.1285394,LCC-FASD external-dev / cross-domain stress set,True
YOUTUBE_HPE17J001ER_ZSZD551KL_id48_s0_45.png,1,VALID,0.46240234,0.98535156,-1.1826172,-0.6312742,LCC-FASD external-dev / cross-domain stress set,False
YOUTUBE_HPE17J001ER_ZSZD551KL_id48_s0_60.png,1,VALID,1.1513672,0.1274414,-1.3164062,0.8120309,LCC-FASD external-dev / cross-domain stress set,True
YOUTUBE_HPE17J001ER_ZSZD551KL_id48_s0_105.png,1,VALID,1.0078125,0.084350586,-1.0537109,0.6454972,LCC-FASD external-dev / cross-domain stress set,True
YOUTUBE_HPE17J001ER_ZSZD551KL_id48_s0_120.png,1,VALID,0.8305664,0.0059051514,-0.5751953,0.38043544,LCC-FASD external-dev / cross-domain stress set,True
YOUTUBE_HPE17J001ER_ZSZD551KL_id48_s0_135.png,1,VALID,0.51220703,0.26049805,-0.43286133,-0.15368539,LCC-FASD external-dev / cross-domain stress set,False
YOUTUBE_HPE17J001ER_ZSZD551KL_id48_s0_150.png,1,VALID,1.7441406,-0.7910156,-1.0966797,1.9832075,LCC-FASD external-dev / cross-domain stress set,True
YOUTUBE_HP250_MEIZUM3S_id39_s1_31.png,1,VALID,0.37036133,0.49780273,-0.43286133,-0.45982802,LCC-FASD external-dev / cross-domain stress set,False
YOUTUBE_HP250_MEIZUM3S_id39_s1_56.png,1,VALID,-0.6347656,1.015625,0.57177734,-2.1460395,LCC-FASD external-dev / cross-domain stress set,False
YOUTUBE_HP250_MEIZUM3S_id39_s1_86.png,1,VALID,0.16259766,0.86816406,-0.5527344,-0.9218843,LCC-FASD external-dev / cross-domain stress set,False
YOUTUBE_HP250_MEIZUM3S_id39_s1_101.png,1,VALID,-0.5209961,1.0136719,0.3605957,-1.9536693,LCC-FASD external-dev / cross-domain stress set,False
YOUTUBE_HP250_MEIZUM3S_id39_s1_116.png,1,VALID,-0.18737793,0.75341797,0.17285156,-1.3852133,LCC-FASD external-dev / cross-domain stress set,False
YOUTUBE_HP250_MEIZUM3S_id39_s1_131.png,1,VALID,-0.5078125,0.7753906,0.5913086,-1.8885391,LCC-FASD external-dev / cross-domain stress set,False
YOUTUBE_HP250_MEIZUM3S_id42_s0_15.png,1,VALID,-0.64697266,2.2988281,-1.0693359,-2.9796734,LCC-FASD external-dev / cross-domain stress set,False
YOUTUBE_HP250_MEIZUM3S_id42_s0_30.png,1,VALID,-1.2265625,2.9316406,-0.9526367,-4.1785574,LCC-FASD external-dev / cross-domain stress set,False
YOUTUBE_HP250_MEIZUM3S_id42_s0_45.png,1,VALID,-1.3652344,2.9550781,-0.7636719,-4.344287,LCC-FASD external-dev / cross-domain stress set,False
YOUTUBE_HP250_MEIZUM3S_id42_s0_60.png,1,VALID,-1.2558594,2.7441406,-0.6333008,-4.033565,LCC-FASD external-dev / cross-domain stress set,False
YOUTUBE_HP250_MEIZUM3S_id42_s0_75.png,1,VALID,-1.3320312,2.9082031,-0.76220703,-4.265382,LCC-FASD external-dev / cross-domain stress set,False
YOUTUBE_HP250_MEIZUM3S_id42_s0_90.png,1,VALID,0.04788208,1.6845703,-1.3554688,-1.6834124,LCC-FASD external-dev / cross-domain stress set,False
YOUTUBE_HP250_MEIZUM3S_id42_s0_105.png,1,VALID,-0.7060547,2.2246094,-0.91503906,-2.9730508,LCC-FASD external-dev / cross-domain stress set,False
YOUTUBE_HP250_MEIZUM3S_id42_s0_120.png,1,VALID,-0.6621094,2.1679688,-0.90771484,-2.8752027,LCC-FASD external-dev / cross-domain stress set,False
YOUTUBE_HP250_MEIZUM3S_id42_s0_135.png,1,VALID,-0.10583496,1.8652344,-1.3271484,-2.011322,LCC-FASD external-dev / cross-domain stress set,False
YOUTUBE_HP250_MEIZUM3S_id42_s0_150.png,1,VALID,-0.7167969,2.3476562,-1.0625,-3.096955,LCC-FASD external-dev / cross-domain stress set,False
YOUTUBE_HP250_MEIZUM3S_id42_s1_75.png,1,VALID,-2.4648438,2.5585938,1.625,-5.3549967,LCC-FASD external-dev / cross-domain stress set,False
YOUTUBE_HP250_SGJ7_id39_s1_29.png,1,VALID,-0.22924805,0.31835938,0.7714844,-1.4927658,LCC-FASD external-dev / cross-domain stress set,False
YOUTUBE_HP250_SGJ7_id39_s1_59.png,1,VALID,-3.1386719,2.7207031,2.9375,-6.6667843,LCC-FASD external-dev / cross-domain stress set,False
YOUTUBE_HP250_SGJ7_id39_s1_74.png,1,VALID,0.13049316,0.3022461,0.31469727,-0.8711451,LCC-FASD external-dev / cross-domain stress set,False
YOUTUBE_HP250_SGJ7_id39_s1_94.png,1,VALID,-0.9189453,1.3613281,0.60839844,-2.6662054,LCC-FASD external-dev / cross-domain stress set,False
YOUTUBE_HP250_SGJ7_id39_s1_109.png,1,VALID,-0.80859375,1.5380859,0.29248047,-2.599589,LCC-FASD external-dev / cross-domain stress set,False
YOUTUBE_HP250_SGJ7_id39_s1_124.png,1,VALID,-0.5283203,1.1914062,0.26586914,-2.0535655,LCC-FASD external-dev / cross-domain stress set,False
YOUTUBE_HP250G6_XPERIAZ5_id48_s1_17.png,1,VALID,-1.0410156,2.484375,-0.68115234,-3.5667167,LCC-FASD external-dev / cross-domain stress set,False
YOUTUBE_HP250G6_XPERIAZ5_id48_s1_32.png,1,VALID,-1.4111328,2.9257812,-0.5942383,-4.366083,LCC-FASD external-dev / cross-domain stress set,False
YOUTUBE_HP250G6_XPERIAZ5_id48_s1_47.png,1,VALID,-0.5004883,2.1152344,-0.94140625,-2.661695,LCC-FASD external-dev / cross-domain stress set,False
YOUTUBE_HP250G6_XPERIAZ5_id48_s1_62.png,1,VALID,-0.15454102,1.2910156,-0.59472656,-1.5868101,LCC-FASD external-dev / cross-domain stress set,False
YOUTUBE_HP250G6_XPERIAZ5_id48_s1_77.png,1,VALID,0.3227539,1.0019531,-1.0136719,-0.8042774,LCC-FASD external-dev / cross-domain stress set,False
YOUTUBE_HP250G6_XPERIAZ5_id48_s1_92.png,1,VALID,-0.32861328,2.0039062,-1.2607422,-2.370018,LCC-FASD external-dev / cross-domain stress set,False
YOUTUBE_HP250G6_XPERIAZ5_id48_s1_128.png,1,VALID,-0.5571289,1.7324219,-0.66259766,-2.376802,LCC-FASD external-dev / cross-domain stress set,False
YOUTUBE_HP250G6_XPERIAZ5_id48_s1_143.png,1,VALID,-0.95214844,2.3203125,-0.6723633,-3.3213968,LCC-FASD external-dev / cross-domain stress set,False
YOUTUBE_HP250G6_XPERIAZ5_id48_s1_158.png,1,VALID,-0.48608398,1.7607422,-0.6567383,-2.33222,LCC-FASD external-dev / cross-domain stress set,False
YOUTUBE_HP3165NGW_IPADA1893_id39_s0_17.png,1,VALID,-2.3554688,1.8417969,2.2617188,-5.1222553,LCC-FASD external-dev / cross-domain stress set,False
YOUTUBE_HP3165NGW_IPADA1893_id39_s0_34.png,1,VALID,-2.1855469,1.5585938,2.4179688,-4.956583,LCC-FASD external-dev / cross-domain stress set,False
YOUTUBE_HP3165NGW_IPADA1893_id39_s0_49.png,1,VALID,-1.4677734,1.0205078,1.7685547,-3.6238263,LCC-FASD external-dev / cross-domain stress set,False
YOUTUBE_HP3165NGW_IPADA1893_id43_s0_15.png,1,VALID,0.08276367,1.5019531,-1.0595703,-1.4935426,LCC-FASD external-dev / cross-domain stress set,False
YOUTUBE_HP3165NGW_IPADA1893_id43_s0_30.png,1,VALID,-1.90625,1.6904297,1.8183594,-4.355836,LCC-FASD external-dev / cross-domain stress set,False
YOUTUBE_HP3165NGW_IPADA1893_id43_s0_45.png,1,VALID,-1.5195312,1.9453125,0.80078125,-3.7412422,LCC-FASD external-dev / cross-domain stress set,False
YOUTUBE_HP3165NGW_IPADA1893_id43_s0_60.png,1,VALID,-0.42651367,0.7109375,0.65283203,-1.8019676,LCC-FASD external-dev / cross-domain stress set,False
YOUTUBE_HP3165NGW_IPADA1893_id43_s0_75.png,1,VALID,0.8540039,0.3154297,-0.84277344,0.26546025,LCC-FASD external-dev / cross-domain stress set,True
YOUTUBE_HP3165NGW_IPADA1893_id43_s0_90.png,1,VALID,-0.14978027,0.4326172,0.5595703,-1.3410344,LCC-FASD external-dev / cross-domain stress set,False
YOUTUBE_HP3165NGW_IPADA1893_id43_s0_105.png,1,VALID,-0.9267578,1.4296875,0.47314453,-2.6815813,LCC-FASD external-dev / cross-domain stress set,False
YOUTUBE_HP3165NGW_IPADA1893_id43_s0_120.png,1,VALID,-1.2021484,0.9135742,1.6044922,-3.2128494,LCC-FASD external-dev / cross-domain stress set,False
YOUTUBE_HP3165NGW_IPADA1893_id43_s0_135.png,1,VALID,-0.6582031,1.0253906,0.6616211,-2.2113068,LCC-FASD external-dev / cross-domain stress set,False
YOUTUBE_HP3165NGW_IPADA1893_id43_s0_150.png,1,VALID,-0.8676758,0.83984375,1.1240234,-2.5528176,LCC-FASD external-dev / cross-domain stress set,False
YOUTUBE_HP3165NGW_IPADA1893_id43_s1_15.png,1,VALID,-2.4433594,2.5566406,1.6054688,-5.3266296,LCC-FASD external-dev / cross-domain stress set,False
YOUTUBE_HP3165NGW_IPADA1893_id43_s1_30.png,1,VALID,-1.8681641,2.6835938,0.3347168,-4.642947,LCC-FASD external-dev / cross-domain stress set,False
YOUTUBE_HP3165NGW_IPADA1893_id43_s1_45.png,1,VALID,-1.6552734,2.0039062,0.97314453,-3.9642608,LCC-FASD external-dev / cross-domain stress set,False
YOUTUBE_HP3165NGW_IPADA1893_id43_s1_60.png,1,VALID,-0.84765625,1.8261719,-0.16442871,-2.8018813,LCC-FASD external-dev / cross-domain stress set,False
YOUTUBE_HP3165NGW_IPADA1893_id43_s1_75.png,1,VALID,-1.5654297,2.015625,0.77734375,-3.8356054,LCC-FASD external-dev / cross-domain stress set,False
YOUTUBE_HP3165NGW_IPADA1893_id43_s1_90.png,1,VALID,-2.1347656,2.8105469,0.64990234,-5.054392,LCC-FASD external-dev / cross-domain stress set,False
YOUTUBE_HP3165NGW_IPADA1893_id43_s1_105.png,1,VALID,-2.5429688,2.9648438,1.0732422,-5.648296,LCC-FASD external-dev / cross-domain stress set,False
YOUTUBE_HP3165NGW_IPADA1893_id43_s1_120.png,1,VALID,-2.1679688,2.4726562,1.1572266,-4.878349,LCC-FASD external-dev / cross-domain stress set,False
YOUTUBE_HP3165NGW_IPADA1893_id43_s1_135.png,1,VALID,-1.828125,2.2675781,0.95996094,-4.335085,LCC-FASD external-dev / cross-domain stress set,False
YOUTUBE_DV3360_LA6020A40_id42_s0_45.png,1,VALID,-1.5585938,2.8359375,-0.29345703,-4.4373455,LCC-FASD external-dev / cross-domain stress set,False
YOUTUBE_DV3360_LA6020A40_id42_s0_60.png,1,VALID,-0.5361328,1.9472656,-1.1396484,-2.52803,LCC-FASD external-dev / cross-domain stress set,False
YOUTUBE_DV3360_LA6020A40_id42_s0_75.png,1,VALID,-0.59033203,2.0097656,-0.9243164,-2.6519113,LCC-FASD external-dev / cross-domain stress set,False
YOUTUBE_DV3360_LA6020A40_id42_s1_15.png,1,VALID,-1.7763672,2.8769531,0.20202637,-4.7199616,LCC-FASD external-dev / cross-domain stress set,False
YOUTUBE_DV3360_LA6020A40_id42_s1_30.png,1,VALID,-1.6298828,2.8203125,0.1303711,-4.5158753,LCC-FASD external-dev / cross-domain stress set,False
YOUTUBE_DV3360_LA6020A40_id42_s1_45.png,1,VALID,-1.7851562,2.9589844,0.2692871,-4.8098364,LCC-FASD external-dev / cross-domain stress set,False
YOUTUBE_DV3360_LA6020A40_id42_s1_60.png,1,VALID,-1.4404297,2.5898438,0.10070801,-4.1099916,LCC-FASD external-dev / cross-domain stress set,False
YOUTUBE_DV3360_LA6020A40_id42_s1_75.png,1,VALID,-1.2822266,2.5,-0.15161133,-3.8503873,LCC-FASD external-dev / cross-domain stress set,False
YOUTUBE_HP15AC113UR_GZS5001_id39_s1_56.png,1,VALID,0.44580078,0.72753906,-0.7128906,-0.49428666,LCC-FASD external-dev / cross-domain stress set,False
YOUTUBE_HP15AC113UR_GZS5001_id39_s1_95.png,1,VALID,0.50634766,-0.19702148,0.28125,-0.2572384,LCC-FASD external-dev / cross-domain stress set,False
YOUTUBE_HP15AC113UR_GZS5001_id39_s1_110.png,1,VALID,1.3427734,-0.4909668,-0.77441406,1.2723073,LCC-FASD external-dev / cross-domain stress set,True
YOUTUBE_HP15AC113UR_GZS5001_id39_s1_126.png,1,VALID,1.4931641,-1.0019531,-0.40283203,1.4581966,LCC-FASD external-dev / cross-domain stress set,True
YOUTUBE_HP15AC113UR_GZS5001_id42_s0_36.png,1,VALID,0.45776367,1.2675781,-1.5097656,-0.87016,LCC-FASD external-dev / cross-domain stress set,False
YOUTUBE_HP15AC113UR_GZS5001_id42_s0_51.png,1,VALID,1.3144531,0.011924744,-1.2685547,1.0573071,LCC-FASD external-dev / cross-domain stress set,True
YOUTUBE_HP15AC113UR_GZS5001_id42_s0_66.png,1,VALID,1.2919922,-0.009231567,-1.2607422,1.0496309,LCC-FASD external-dev / cross-domain stress set,True
YOUTUBE_HP15AC113UR_GZS5001_id42_s0_81.png,1,VALID,0.86083984,0.5683594,-1.3085938,0.15006483,LCC-FASD external-dev / cross-domain stress set,False
YOUTUBE_HP15AC113UR_GZS5001_id42_s0_96.png,1,VALID,1.0400391,0.4387207,-1.390625,0.45245147,LCC-FASD external-dev / cross-domain stress set,True
YOUTUBE_HP15AC113UR_GZS5001_id42_s0_111.png,1,VALID,0.69433594,0.86621094,-1.4228516,-0.26842207,LCC-FASD external-dev / cross-domain stress set,False
YOUTUBE_HP15AC113UR_GZS5001_id42_s0_126.png,1,VALID,0.3251953,1.2080078,-1.3242188,-0.9592936,LCC-FASD external-dev / cross-domain stress set,False
YOUTUBE_HP15AC113UR_GZS5001_id42_s0_141.png,1,VALID,0.54296875,0.91748047,-1.1738281,-0.49098313,LCC-FASD external-dev / cross-domain stress set,False
YOUTUBE_HP15AC113UR_GZS5001_id42_s0_156.png,1,VALID,0.74658203,0.51171875,-1.0898438,0.051224887,LCC-FASD external-dev / cross-domain stress set,False
YOUTUBE_HP15AC113UR_GZS5001_id42_s0_171.png,1,VALID,0.6513672,0.9633789,-1.4306641,-0.39934468,LCC-FASD external-dev / cross-domain stress set,False
YOUTUBE_HP15AC113UR_GZS5001_id48_s0_15.png,1,VALID,1.046875,0.34179688,-1.4150391,0.54586303,LCC-FASD external-dev / cross-domain stress set,True
YOUTUBE_HP15AC113UR_GZS5001_id48_s0_30.png,1,VALID,0.089660645,1.7910156,-1.7119141,-1.7310196,LCC-FASD external-dev / cross-domain stress set,False
YOUTUBE_HP15AC113UR_GZS5001_id48_s0_45.png,1,VALID,-0.14428711,2.0761719,-1.6621094,-2.2439754,LCC-FASD external-dev / cross-domain stress set,False
YOUTUBE_HP15AC113UR_GZS5001_id48_s0_60.png,1,VALID,1.2314453,0.103759766,-1.5615234,0.95445764,LCC-FASD external-dev / cross-domain stress set,True
YOUTUBE_HP15AC113UR_GZS5001_id48_s0_75.png,1,VALID,1.6035156,-0.26245117,-1.6933594,1.6515882,LCC-FASD external-dev / cross-domain stress set,True
YOUTUBE_HP15AC113UR_GZS5001_id48_s0_90.png,1,VALID,1.5947266,-0.24707031,-1.6494141,1.6218426,LCC-FASD external-dev / cross-domain stress set,True
YOUTUBE_HP15AC113UR_GZS5001_id48_s0_105.png,1,VALID,1.5966797,-0.16809082,-1.7324219,1.5747885,LCC-FASD external-dev / cross-domain stress set,True
YOUTUBE_HP15AC113UR_GZS5001_id48_s0_120.png,1,VALID,1.1992188,0.20507812,-1.5771484,0.8386225,LCC-FASD external-dev / cross-domain stress set,True
YOUTUBE_HP15AC113UR_GZS5001_id48_s0_135.png,1,VALID,1.3173828,-0.11755371,-1.3271484,1.1738669,LCC-FASD external-dev / cross-domain stress set,True
YOUTUBE_HP15AC113UR_GZS5001_id48_s0_150.png,1,VALID,1.3300781,0.30737305,-1.8740234,0.9157504,LCC-FASD external-dev / cross-domain stress set,True
YOUTUBE_HP250G6_XPERIAZ5_id43_s0_15.png,1,VALID,-1.59375,2.6582031,0.010253906,-4.3203554,LCC-FASD external-dev / cross-domain stress set,False
YOUTUBE_HP250G6_XPERIAZ5_id43_s0_30.png,1,VALID,-1.6767578,2.4511719,0.28320312,-4.2362547,LCC-FASD external-dev / cross-domain stress set,False
YOUTUBE_HP250G6_XPERIAZ5_id43_s0_47.png,1,VALID,-1.9902344,2.9023438,0.22290039,-4.958929,LCC-FASD external-dev / cross-domain stress set,False
YOUTUBE_HP250G6_XPERIAZ5_id43_s0_66.png,1,VALID,-1.4814453,2.2597656,0.33203125,-3.8770325,LCC-FASD external-dev / cross-domain stress set,False
YOUTUBE_HP250G6_XPERIAZ5_id43_s0_81.png,1,VALID,-1.6181641,2.1699219,0.73828125,-4.002323,LCC-FASD external-dev / cross-domain stress set,False
YOUTUBE_HP250G6_XPERIAZ5_id43_s0_96.png,1,VALID,-1.4335938,2.5117188,-0.040802002,-4.0203133,LCC-FASD external-dev / cross-domain stress set,False
YOUTUBE_HP250G6_XPERIAZ5_id43_s0_118.png,1,VALID,-1.5351562,2.6210938,-0.084106445,-4.220967,LCC-FASD external-dev / cross-domain stress set,False
YOUTUBE_HP250G6_XPERIAZ5_id43_s0_133.png,1,VALID,-1.6318359,2.5195312,0.29956055,-4.2544765,LCC-FASD external-dev / cross-domain stress set,False
YOUTUBE_HP250G6_XPERIAZ5_id43_s0_148.png,1,VALID,-1.6025391,2.5664062,0.105895996,-4.250886,LCC-FASD external-dev / cross-domain stress set,False
YOUTUBE_HP250G6_XPERIAZ5_id43_s0_164.png,1,VALID,-1.8125,2.7558594,0.12298584,-4.637766,LCC-FASD external-dev / cross-domain stress set,False
YOUTUBE_HP250G6_XPERIAZ5_id43_s1_15.png,1,VALID,-0.19299316,0.6928711,0.26489258,-1.3877453,LCC-FASD external-dev / cross-domain stress set,False
YOUTUBE_HP250G6_XPERIAZ5_id43_s1_30.png,1,VALID,-0.7626953,1.328125,0.3400879,-2.4073133,LCC-FASD external-dev / cross-domain stress set,False
YOUTUBE_HP250G6_XPERIAZ5_id43_s1_46.png,1,VALID,-0.6669922,1.015625,0.42333984,-2.1228456,LCC-FASD external-dev / cross-domain stress set,False
YOUTUBE_HP250G6_XPERIAZ5_id43_s1_61.png,1,VALID,-0.6821289,1.2207031,0.16101074,-2.200387,LCC-FASD external-dev / cross-domain stress set,False
YOUTUBE_HP250G6_XPERIAZ5_id43_s1_76.png,1,VALID,-0.2121582,0.70947266,0.17285156,-1.382039,LCC-FASD external-dev / cross-domain stress set,False
YOUTUBE_HP250G6_XPERIAZ5_id43_s1_92.png,1,VALID,-0.58447266,0.9433594,0.3996582,-1.9856336,LCC-FASD external-dev / cross-domain stress set,False
YOUTUBE_HP250G6_XPERIAZ5_id43_s1_107.png,1,VALID,-0.9067383,1.1376953,0.72753906,-2.5533853,LCC-FASD external-dev / cross-domain stress set,False
YOUTUBE_HP250G6_XPERIAZ5_id43_s1_122.png,1,VALID,-0.5058594,0.7944336,0.4970703,-1.8557711,LCC-FASD external-dev / cross-domain stress set,False
YOUTUBE_HP250G6_XPERIAZ5_id43_s1_137.png,1,VALID,-0.6635742,1.0996094,0.4309082,-2.1768641,LCC-FASD external-dev / cross-domain stress set,False
YOUTUBE_HP250G6_XPERIAZ5_id43_s1_152.png,1,VALID,-1.2763672,1.7441406,0.6328125,-3.305026,LCC-FASD external-dev / cross-domain stress set,False
YOUTUBE_HP250G6_XPERIAZ5_id48_s1_107.png,1,VALID,-0.62353516,2.0273438,-0.83203125,-2.7066019,LCC-FASD external-dev / cross-domain stress set,False
YOUTUBE_DIGUNKNOWN_IPHONE5SF_id42_s1_95.png,1,VALID,0.06524658,1.7226562,-1.3730469,-1.7016592,LCC-FASD external-dev / cross-domain stress set,False
YOUTUBE_DLE6540_HTCDEYE_id39_s1_15.png,1,VALID,-0.24609375,0.061553955,1.0556641,-1.616607,LCC-FASD external-dev / cross-domain stress set,False
YOUTUBE_DLE6540_HTCDEYE_id39_s1_53.png,1,VALID,-0.74658203,0.4194336,1.5195312,-2.5534241,LCC-FASD external-dev / cross-domain stress set,False
YOUTUBE_DLE6540_HTCDEYE_id39_s1_68.png,1,VALID,0.6254883,-0.3503418,0.28295898,-0.08328515,LCC-FASD external-dev / cross-domain stress set,False
YOUTUBE_DLE6540_HTCDEYE_id39_s1_83.png,1,VALID,0.54296875,-0.3564453,0.4284668,-0.2613008,LCC-FASD external-dev / cross-domain stress set,False
YOUTUBE_DLE6540_HTCDEYE_id39_s1_98.png,1,VALID,1.3408203,-0.44213867,-0.6870117,1.2047716,LCC-FASD external-dev / cross-domain stress set,True
YOUTUBE_DLE6540_HTCDEYE_id39_s1_113.png,1,VALID,0.79248047,-0.50146484,0.17602539,0.20574367,LCC-FASD external-dev / cross-domain stress set,True
YOUTUBE_DLE6540_HTCDEYE_id39_s1_128.png,1,VALID,0.93310547,-0.48901367,-0.052368164,0.48700377,LCC-FASD external-dev / cross-domain stress set,True
YOUTUBE_DLE6540_HTCDEYE_id42_s0_15.png,1,VALID,1.9287109,-0.9433594,-1.3056641,2.3437564,LCC-FASD external-dev / cross-domain stress set,True
YOUTUBE_DLE6540_HTCDEYE_id42_s0_30.png,1,VALID,1.9267578,-1.0371094,-1.1738281,2.3367448,LCC-FASD external-dev / cross-domain stress set,True
YOUTUBE_DLE6540_HTCDEYE_id42_s0_45.png,1,VALID,1.6376953,-0.23034668,-1.5439453,1.6299304,LCC-FASD external-dev / cross-domain stress set,True
YOUTUBE_DLE6540_HTCDEYE_id42_s0_60.png,1,VALID,1.8867188,-0.9633789,-1.1533203,2.2474184,LCC-FASD external-dev / cross-domain stress set,True
YOUTUBE_DLE6540_HTCDEYE_id42_s0_75.png,1,VALID,1.7275391,-0.30493164,-1.6513672,1.8012273,LCC-FASD external-dev / cross-domain stress set,True
YOUTUBE_DLE6540_HTCDEYE_id42_s0_90.png,1,VALID,1.9824219,-0.60839844,-1.6728516,2.2944884,LCC-FASD external-dev / cross-domain stress set,True
YOUTUBE_DLE6540_HTCDEYE_id42_s0_105.png,1,VALID,1.6669922,-0.28271484,-1.4765625,1.6849971,LCC-FASD external-dev / cross-domain stress set,True
YOUTUBE_DLE6540_HTCDEYE_id42_s0_120.png,1,VALID,1.7246094,-0.67285156,-1.1601562,1.918572,LCC-FASD external-dev / cross-domain stress set,True
YOUTUBE_DLE6540_HTCDEYE_id42_s0_135.png,1,VALID,2.0253906,-0.8598633,-1.3945312,2.4241247,LCC-FASD external-dev / cross-domain stress set,True
YOUTUBE_DLE6540_HTCDEYE_id42_s0_150.png,1,VALID,1.4667969,-0.1940918,-1.2646484,1.3661186,LCC-FASD external-dev / cross-domain stress set,True
YOUTUBE_DLE6540_HTCDEYE_id42_s1_15.png,1,VALID,0.921875,1.1953125,-1.9882812,-0.3140384,LCC-FASD external-dev / cross-domain stress set,False
YOUTUBE_DLE6540_HTCDEYE_id42_s1_30.png,1,VALID,0.83496094,1.2421875,-1.9550781,-0.44728708,LCC-FASD external-dev / cross-domain stress set,False
YOUTUBE_DLE6540_HTCDEYE_id42_s1_45.png,1,VALID,0.92285156,0.65625,-1.3378906,0.1389733,LCC-FASD external-dev / cross-domain stress set,False
YOUTUBE_DLE6540_HTCDEYE_id42_s1_60.png,1,VALID,-0.5253906,2.0839844,-0.85009766,-2.6611886,LCC-FASD external-dev / cross-domain stress set,False
YOUTUBE_DLE6540_HTCDEYE_id42_s1_75.png,1,VALID,0.5336914,1.2978516,-1.5361328,-0.8212757,LCC-FASD external-dev / cross-domain stress set,False
YOUTUBE_DLE6540_HTCDEYE_id42_s1_90.png,1,VALID,1.3759766,0.40600586,-1.8417969,0.8695544,LCC-FASD external-dev / cross-domain stress set,True
YOUTUBE_DLE6540_HTCDEYE_id42_s1_136.png,1,VALID,0.12768555,0.4194336,0.07788086,-0.8286308,LCC-FASD external-dev / cross-domain stress set,False
YOUTUBE_DLE6540_HTCDEYE_id42_s1_152.png,1,VALID,-0.19189453,0.30371094,0.5361328,-1.3117008,LCC-FASD external-dev / cross-domain stress set,False
YOUTUBE_DP2717H_HTCONEM9_id48_s0_15.png,1,VALID,0.04925537,1.4404297,-1.1474609,-1.463661,LCC-FASD external-dev / cross-domain stress set,False
YOUTUBE_DP2717H_HTCONEM9_id48_s0_30.png,1,VALID,-0.43359375,2.0058594,-1.1259766,-2.4821656,LCC-FASD external-dev / cross-domain stress set,False
YOUTUBE_DP2717H_HTCONEM9_id48_s0_45.png,1,VALID,0.92626953,0.79003906,-1.7275391,0.05866337,LCC-FASD external-dev / cross-domain stress set,False
YOUTUBE_DP2717H_HTCONEM9_id48_s0_60.png,1,VALID,1.296875,0.22509766,-1.6445312,0.92838645,LCC-FASD external-dev / cross-domain stress set,True
YOUTUBE_DP2717H_HTCONEM9_id48_s0_75.png,1,VALID,1.4023438,0.0758667,-1.6240234,1.158674,LCC-FASD external-dev / cross-domain stress set,True
YOUTUBE_DP2717H_HTCONEM9_id48_s0_90.png,1,VALID,1.3154297,0.31982422,-1.7597656,0.87783897,LCC-FASD external-dev / cross-domain stress set,True
YOUTUBE_DP2717H_HTCONEM9_id48_s0_105.png,1,VALID,0.9169922,0.5571289,-1.3876953,0.22619605,LCC-FASD external-dev / cross-domain stress set,True
YOUTUBE_DP2717H_HTCONEM9_id48_s0_120.png,1,VALID,1.5966797,-0.46801758,-1.2949219,1.7018604,LCC-FASD external-dev / cross-domain stress set,True
YOUTUBE_DP2717H_HTCONEM9_id48_s0_135.png,1,VALID,1.0087891,0.3955078,-1.2929688,0.4437065,LCC-FASD external-dev / cross-domain stress set,True
YOUTUBE_DP2717H_HTCONEM9_id48_s0_150.png,1,VALID,1.1279297,0.36621094,-1.4794922,0.6150984,LCC-FASD external-dev / cross-domain stress set,True
YOUTUBE_DV3360_LA6020A40_id39_s1_15.png,1,VALID,-0.42236328,0.7841797,0.5097656,-1.7718667,LCC-FASD external-dev / cross-domain stress set,False
YOUTUBE_DV3360_LA6020A40_id39_s1_30.png,1,VALID,-0.47753906,-0.18615723,1.75,-2.3622947,LCC-FASD external-dev / cross-domain stress set,False
YOUTUBE_DV3360_LA6020A40_id39_s1_45.png,1,VALID,-0.3671875,-0.053100586,1.421875,-1.9950879,LCC-FASD external-dev / cross-domain stress set,False
YOUTUBE_DV3360_LA6020A40_id39_s1_63.png,1,VALID,-0.86035156,0.20678711,1.8955078,-2.925396,LCC-FASD external-dev / cross-domain stress set,False
YOUTUBE_DV3360_LA6020A40_id39_s1_78.png,1,VALID,0.3395996,-0.49365234,0.83447266,-0.7299243,LCC-FASD external-dev / cross-domain stress set,False
YOUTUBE_DV3360_LA6020A40_id39_s1_93.png,1,VALID,-0.5214844,0.8881836,0.50341797,-1.9288249,LCC-FASD external-dev / cross-domain stress set,False
YOUTUBE_DV3360_LA6020A40_id39_s1_108.png,1,VALID,-0.08459473,-0.091430664,0.9916992,-1.3678691,LCC-FASD external-dev / cross-domain stress set,False
YOUTUBE_DV3360_LA6020A40_id39_s1_123.png,1,VALID,-0.51171875,0.02079773,1.4912109,-2.209806,LCC-FASD external-dev / cross-domain stress set,False
YOUTUBE_DV3360_LA6020A40_id42_s0_15.png,1,VALID,-0.44848633,1.9609375,-1.0722656,-2.4564612,LCC-FASD external-dev / cross-domain stress set,False
YOUTUBE_DV3360_LA6020A40_id42_s0_30.png,1,VALID,-0.86328125,2.2089844,-0.69433594,-3.1256554,LCC-FASD external-dev / cross-domain stress set,False
YOUTUBE_DV3360_LA6020A40_id42_s0_106.png,1,VALID,-1.5,2.7675781,-0.48242188,-4.3056192,LCC-FASD external-dev / cross-domain stress set,False
YOUTUBE_DV3360_LA6020A40_id42_s0_128.png,1,VALID,-1.7910156,2.890625,-0.21618652,-4.725412,LCC-FASD external-dev / cross-domain stress set,False
YOUTUBE_DV3360_LA6020A40_id42_s0_143.png,1,VALID,-1.5917969,2.6992188,-0.4008789,-4.3350754,LCC-FASD external-dev / cross-domain stress set,False
YOUTUBE_DV3360_LA6020A40_id42_s0_158.png,1,VALID,-1.8505859,2.7011719,-0.028625488,-4.614951,LCC-FASD external-dev / cross-domain stress set,False
YOUTUBE_DV3360_LA6020A40_id42_s0_173.png,1,VALID,-0.2241211,2.1425781,-1.4814453,-2.3930247,LCC-FASD external-dev / cross-domain stress set,False
YOUTUBE_C27F591FDI_LGG3D690_id43_s0_15.png,1,VALID,1.9892578,-1.1894531,-1.0927734,2.4360561,LCC-FASD external-dev / cross-domain stress set,True
YOUTUBE_C27F591FDI_LGG3D690_id43_s0_30.png,1,VALID,1.828125,-1.0644531,-1.0429688,2.188631,LCC-FASD external-dev / cross-domain stress set,True
YOUTUBE_C27F591FDI_LGG3D690_id43_s0_46.png,1,VALID,1.4414062,-1.3369141,-0.027694702,1.2300599,LCC-FASD external-dev / cross-domain stress set,True
YOUTUBE_C27F591FDI_LGG3D690_id43_s0_61.png,1,VALID,2.15625,-1.4550781,-1.0810547,2.7137835,LCC-FASD external-dev / cross-domain stress set,True
YOUTUBE_C27F591FDI_LGG3D690_id43_s0_76.png,1,VALID,2.1503906,-1.5380859,-1.0087891,2.6960628,LCC-FASD external-dev / cross-domain stress set,True
YOUTUBE_C27F591FDI_LGG3D690_id43_s0_91.png,1,VALID,1.9804688,-1.3515625,-0.8510742,2.3576503,LCC-FASD external-dev / cross-domain stress set,True
YOUTUBE_C27F591FDI_LGG3D690_id43_s0_136.png,1,VALID,1.5488281,-1.0039062,-0.52441406,1.5913732,LCC-FASD external-dev / cross-domain stress set,True
YOUTUBE_C27F591FDI_LGG3D690_id43_s0_151.png,1,VALID,0.55615234,0.075805664,-0.43823242,0.011546493,LCC-FASD external-dev / cross-domain stress set,False
YOUTUBE_C27F591FDI_LGG3D690_id43_s1_15.png,1,VALID,1.8974609,-1.3203125,-0.7763672,2.2161162,LCC-FASD external-dev / cross-domain stress set,True
YOUTUBE_C27F591FDI_LGG3D690_id43_s1_30.png,1,VALID,1.7402344,-0.80615234,-1.03125,1.959468,LCC-FASD external-dev / cross-domain stress set,True
YOUTUBE_C27F591FDI_LGG3D690_id43_s1_45.png,1,VALID,1.5527344,-1.6269531,0.23596191,1.172482,LCC-FASD external-dev / cross-domain stress set,True
YOUTUBE_C27F591FDI_LGG3D690_id43_s1_60.png,1,VALID,2.2636719,-1.4052734,-1.3007812,2.9221878,LCC-FASD external-dev / cross-domain stress set,True
YOUTUBE_C27F591FDI_LGG3D690_id43_s1_75.png,1,VALID,1.4853516,-0.8886719,-0.53222656,1.4868553,LCC-FASD external-dev / cross-domain stress set,True
YOUTUBE_C27F591FDI_LGG3D690_id43_s1_90.png,1,VALID,1.4736328,-0.9301758,-0.38256836,1.3998326,LCC-FASD external-dev / cross-domain stress set,True
YOUTUBE_C27F591FDI_LGG3D690_id43_s1_105.png,1,VALID,1.3271484,-1.2548828,0.11541748,0.985368,LCC-FASD external-dev / cross-domain stress set,True
YOUTUBE_C27F591FDI_LGG3D690_id43_s1_120.png,1,VALID,1.9970703,-1.3320312,-0.9116211,2.403817,LCC-FASD external-dev / cross-domain stress set,True
YOUTUBE_C27F591FDI_LGG3D690_id43_s1_135.png,1,VALID,2.1972656,-1.3232422,-1.2275391,2.7783647,LCC-FASD external-dev / cross-domain stress set,True
YOUTUBE_C27F591FDI_LGG3D690_id43_s1_150.png,1,VALID,1.8300781,-1.1464844,-0.7792969,2.0830622,LCC-FASD external-dev / cross-domain stress set,True
YOUTUBE_C27F591FDI_LGG3D690_id48_s1_15.png,1,VALID,1.7080078,-1.1064453,-0.6479492,1.8660076,LCC-FASD external-dev / cross-domain stress set,True
YOUTUBE_C27F591FDI_LGG3D690_id48_s1_30.png,1,VALID,1.5273438,-1.1650391,-0.38989258,1.5383642,LCC-FASD external-dev / cross-domain stress set,True
YOUTUBE_C27F591FDI_LGG3D690_id48_s1_45.png,1,VALID,1.296875,-0.8334961,-0.43530273,1.2184371,LCC-FASD external-dev / cross-domain stress set,True
YOUTUBE_C27F591FDI_LGG3D690_id48_s1_60.png,1,VALID,1.9257812,-1.0078125,-1.1445312,2.3064713,LCC-FASD external-dev / cross-domain stress set,True
YOUTUBE_C27F591FDI_LGG3D690_id48_s1_75.png,1,VALID,1.7724609,-0.65185547,-1.3876953,2.0328808,LCC-FASD external-dev / cross-domain stress set,True
YOUTUBE_C27F591FDI_LGG3D690_id48_s1_90.png,1,VALID,1.0302734,-0.16503906,-0.6748047,0.7249112,LCC-FASD external-dev / cross-domain stress set,True
YOUTUBE_C27F591FDI_LGG3D690_id48_s1_105.png,1,VALID,1.7285156,-0.89941406,-0.9770508,1.9728476,LCC-FASD external-dev / cross-domain stress set,True
YOUTUBE_C27F591FDI_LGG3D690_id48_s1_121.png,1,VALID,0.7529297,0.28344727,-0.87646484,0.19677663,LCC-FASD external-dev / cross-domain stress set,True
YOUTUBE_C27F591FDI_LGG3D690_id48_s1_136.png,1,VALID,1.0126953,-0.7949219,-0.023391724,0.65607303,LCC-FASD external-dev / cross-domain stress set,True
YOUTUBE_C27F591FDI_LGG3D690_id48_s1_151.png,1,VALID,1.8408203,-1.1650391,-0.8955078,2.168893,LCC-FASD external-dev / cross-domain stress set,True
YOUTUBE_DIGUNKNOWN_IPHONE5SF_id39_s1_15.png,1,VALID,-0.7885742,1.1982422,0.53515625,-2.4024026,LCC-FASD external-dev / cross-domain stress set,False
YOUTUBE_DIGUNKNOWN_IPHONE5SF_id39_s1_35.png,1,VALID,0.5004883,0.16564941,-0.21728516,-0.18506002,LCC-FASD external-dev / cross-domain stress set,False
YOUTUBE_DIGUNKNOWN_IPHONE5SF_id39_s1_53.png,1,VALID,0.022750854,0.7963867,-0.085754395,-1.1199846,LCC-FASD external-dev / cross-domain stress set,False
YOUTUBE_DIGUNKNOWN_IPHONE5SF_id39_s1_68.png,1,VALID,-0.61865234,1.0527344,0.6479492,-2.1824844,LCC-FASD external-dev / cross-domain stress set,False
YOUTUBE_DIGUNKNOWN_IPHONE5SF_id39_s1_91.png,1,VALID,-1.0322266,1.2333984,0.96191406,-2.8322148,LCC-FASD external-dev / cross-domain stress set,False
YOUTUBE_DIGUNKNOWN_IPHONE5SF_id39_s1_106.png,1,VALID,-0.4165039,0.89453125,0.39941406,-1.7869585,LCC-FASD external-dev / cross-domain stress set,False
YOUTUBE_DIGUNKNOWN_IPHONE5SF_id39_s1_121.png,1,VALID,-0.11047363,0.7709961,0.11853027,-1.3006799,LCC-FASD external-dev / cross-domain stress set,False
YOUTUBE_DIGUNKNOWN_IPHONE5SF_id39_s1_136.png,1,VALID,-0.37573242,0.7104492,0.57128906,-1.7121675,LCC-FASD external-dev / cross-domain stress set,False
YOUTUBE_DIGUNKNOWN_IPHONE5SF_id42_s0_15.png,1,VALID,-1.171875,2.4746094,-0.4572754,-3.698409,LCC-FASD external-dev / cross-domain stress set,False
YOUTUBE_DIGUNKNOWN_IPHONE5SF_id42_s0_30.png,1,VALID,-0.4777832,1.796875,-0.8779297,-2.3413072,LCC-FASD external-dev / cross-domain stress set,False
YOUTUBE_DIGUNKNOWN_IPHONE5SF_id42_s0_45.png,1,VALID,-0.6586914,2.0273438,-0.7998047,-2.7435315,LCC-FASD external-dev / cross-domain stress set,False
YOUTUBE_DIGUNKNOWN_IPHONE5SF_id42_s0_60.png,1,VALID,-0.57421875,1.9912109,-0.92041016,-2.6183896,LCC-FASD external-dev / cross-domain stress set,False
YOUTUBE_DIGUNKNOWN_IPHONE5SF_id42_s0_75.png,1,VALID,-0.8984375,2.1816406,-0.6230469,-3.1388428,LCC-FASD external-dev / cross-domain stress set,False
YOUTUBE_DIGUNKNOWN_IPHONE5SF_id42_s0_90.png,1,VALID,-0.80029297,2.0878906,-0.69628906,-2.9481301,LCC-FASD external-dev / cross-domain stress set,False
YOUTUBE_DIGUNKNOWN_IPHONE5SF_id42_s0_105.png,1,VALID,-0.45141602,1.9140625,-1.0136719,-2.4176137,LCC-FASD external-dev / cross-domain stress set,False
YOUTUBE_DIGUNKNOWN_IPHONE5SF_id42_s0_120.png,1,VALID,-0.35791016,1.7988281,-0.9707031,-2.2175431,LCC-FASD external-dev / cross-domain stress set,False
YOUTUBE_DIGUNKNOWN_IPHONE5SF_id42_s0_135.png,1,VALID,0.011512756,1.7890625,-1.4589844,-1.8156642,LCC-FASD external-dev / cross-domain stress set,False
YOUTUBE_DIGUNKNOWN_IPHONE5SF_id42_s0_150.png,1,VALID,-0.44189453,1.9306641,-1.0292969,-2.4230814,LCC-FASD external-dev / cross-domain stress set,False
YOUTUBE_DIGUNKNOWN_IPHONE5SF_id42_s1_18.png,1,VALID,-0.6152344,1.9765625,-0.7158203,-2.6573217,LCC-FASD external-dev / cross-domain stress set,False
YOUTUBE_DIGUNKNOWN_IPHONE5SF_id42_s1_35.png,1,VALID,-0.16992188,1.9560547,-1.4072266,-2.1600122,LCC-FASD external-dev / cross-domain stress set,False
YOUTUBE_DIGUNKNOWN_IPHONE5SF_id42_s1_50.png,1,VALID,0.38964844,1.6767578,-1.9785156,-1.3126353,LCC-FASD external-dev / cross-domain stress set,False
YOUTUBE_DIGUNKNOWN_IPHONE5SF_id42_s1_65.png,1,VALID,-1.7275391,2.9101562,-0.1295166,-4.6844363,LCC-FASD external-dev / cross-domain stress set,False
YOUTUBE_DIGUNKNOWN_IPHONE5SF_id42_s1_80.png,1,VALID,0.16662598,1.7978516,-1.625,-1.6633241,LCC-FASD external-dev / cross-domain stress set,False
YOUTUBE_DIGUNKNOWN_IPHONE5SF_id42_s1_141.png,1,VALID,-1.4648438,2.5683594,0.028320312,-4.1091113,LCC-FASD external-dev / cross-domain stress set,False
YOUTUBE_DIGUNKNOWN_IPHONE5SF_id42_s1_176.png,1,VALID,-0.39379883,1.9892578,-1.0136719,-2.4315052,LCC-FASD external-dev / cross-domain stress set,False
YOUTUBE_BQVW2245_NEXUS5_id42_s0_16.png,1,VALID,0.8496094,0.8046875,-1.6777344,-0.035312235,LCC-FASD external-dev / cross-domain stress set,False
YOUTUBE_BQVW2245_NEXUS5_id42_s0_38.png,1,VALID,1.0556641,0.30517578,-1.3779297,0.5800739,LCC-FASD external-dev / cross-domain stress set,True
YOUTUBE_BQVW2245_NEXUS5_id42_s0_156.png,1,VALID,0.74609375,0.578125,-1.4042969,0.038929105,LCC-FASD external-dev / cross-domain stress set,False
YOUTUBE_BQVW2245_NEXUS5_id42_s0_171.png,1,VALID,1.40625,-0.13220215,-1.484375,1.3083905,LCC-FASD external-dev / cross-domain stress set,True
YOUTUBE_BQVW2245_NEXUS5_id42_s0_186.png,1,VALID,1.1953125,0.012229919,-1.4072266,0.96648407,LCC-FASD external-dev / cross-domain stress set,True
YOUTUBE_BQVW2245_NEXUS5_id42_s0_201.png,1,VALID,1.1201172,0.23779297,-1.5546875,0.7282765,LCC-FASD external-dev / cross-domain stress set,True
YOUTUBE_BQVW2245_NEXUS5_id42_s0_216.png,1,VALID,0.98291016,0.38183594,-1.4580078,0.4536528,LCC-FASD external-dev / cross-domain stress set,True
YOUTUBE_BQVW2245_NEXUS5_id42_s0_232.png,1,VALID,1.1289062,0.3149414,-1.5732422,0.67303276,LCC-FASD external-dev / cross-domain stress set,True
YOUTUBE_BQXL2420_NEXUS5_id39_s0_15.png,1,VALID,-1.3173828,1.0244141,1.5029297,-3.302555,LCC-FASD external-dev / cross-domain stress set,False
YOUTUBE_BQXL2420_NEXUS5_id39_s0_30.png,1,VALID,-0.6269531,1.8701172,-0.56689453,-2.5808797,LCC-FASD external-dev / cross-domain stress set,False
YOUTUBE_BQXL2420_NEXUS5_id39_s0_45.png,1,VALID,-0.94873047,1.4609375,0.484375,-2.7292871,LCC-FASD external-dev / cross-domain stress set,False
YOUTUBE_BQXL2420_NEXUS5_id43_s0_15.png,1,VALID,-0.15576172,0.6669922,0.2783203,-1.3403307,LCC-FASD external-dev / cross-domain stress set,False
YOUTUBE_BQXL2420_NEXUS5_id43_s0_30.png,1,VALID,-1.3183594,1.3994141,1.0517578,-3.2521253,LCC-FASD external-dev / cross-domain stress set,False
YOUTUBE_BQXL2420_NEXUS5_id43_s0_45.png,1,VALID,-0.8305664,1.6503906,0.0035858154,-2.657147,LCC-FASD external-dev / cross-domain stress set,False
YOUTUBE_BQXL2420_NEXUS5_id43_s0_60.png,1,VALID,-0.15148926,0.07348633,0.9589844,-1.4558411,LCC-FASD external-dev / cross-domain stress set,False
YOUTUBE_BQXL2420_NEXUS5_id43_s0_75.png,1,VALID,0.71240234,-0.23803711,0.00831604,0.12654859,LCC-FASD external-dev / cross-domain stress set,False
YOUTUBE_BQXL2420_NEXUS5_id43_s0_90.png,1,VALID,-0.07348633,0.85546875,-0.03756714,-1.2721269,LCC-FASD external-dev / cross-domain stress set,False
YOUTUBE_BQXL2420_NEXUS5_id43_s0_116.png,1,VALID,-0.62060547,1.7177734,-0.44091797,-2.4476602,LCC-FASD external-dev / cross-domain stress set,False
YOUTUBE_BQXL2420_NEXUS5_id43_s0_131.png,1,VALID,-0.49951172,1.4492188,-0.16174316,-2.1307983,LCC-FASD external-dev / cross-domain stress set,False
YOUTUBE_BQXL2420_NEXUS5_id43_s0_146.png,1,VALID,0.11999512,0.890625,-0.39868164,-1.0139381,LCC-FASD external-dev / cross-domain stress set,False
YOUTUBE_BQXL2420_NEXUS5_id43_s0_161.png,1,VALID,-0.8383789,1.8876953,-0.31469727,-2.8309193,LCC-FASD external-dev / cross-domain stress set,False
YOUTUBE_BQXL2420_NEXUS5_id43_s1_15.png,1,VALID,1.8417969,-1.2050781,-0.6430664,2.0337486,LCC-FASD external-dev / cross-domain stress set,True
YOUTUBE_BQXL2420_NEXUS5_id43_s1_36.png,1,VALID,1.3339844,-0.6875,-0.5083008,1.2347288,LCC-FASD external-dev / cross-domain stress set,True
YOUTUBE_BQXL2420_NEXUS5_id43_s1_51.png,1,VALID,1.7705078,-0.86083984,-0.9277344,1.9710884,LCC-FASD external-dev / cross-domain stress set,True
YOUTUBE_BQXL2420_NEXUS5_id43_s1_66.png,1,VALID,1.5273438,-0.48046875,-1.0361328,1.5543886,LCC-FASD external-dev / cross-domain stress set,True
YOUTUBE_BQXL2420_NEXUS5_id43_s1_92.png,1,VALID,1.5195312,-0.57666016,-0.87646484,1.541753,LCC-FASD external-dev / cross-domain stress set,True
YOUTUBE_BQXL2420_NEXUS5_id43_s1_118.png,1,VALID,1.2822266,-0.703125,-0.33618164,1.0919954,LCC-FASD external-dev / cross-domain stress set,True
YOUTUBE_BQXL2420_NEXUS5_id43_s1_133.png,1,VALID,1.09375,-0.13696289,-0.8359375,0.82718647,LCC-FASD external-dev / cross-domain stress set,True
YOUTUBE_BQXL2420_NEXUS5_id43_s1_148.png,1,VALID,0.6533203,-0.17077637,-0.11047363,0.100343645,LCC-FASD external-dev / cross-domain stress set,False
YOUTUBE_BQXL2420_NEXUS5_id43_s1_163.png,1,VALID,0.23364258,0.056915283,0.28881836,-0.6390788,LCC-FASD external-dev / cross-domain stress set,False
YOUTUBE_BQXL2420_NEXUS5_id48_s1_15.png,1,VALID,0.20422363,0.69433594,-0.5229492,-0.74942017,LCC-FASD external-dev / cross-domain stress set,False
YOUTUBE_BQXL2420_NEXUS5_id48_s1_30.png,1,VALID,0.46533203,0.47827148,-0.55615234,-0.31705904,LCC-FASD external-dev / cross-domain stress set,False
YOUTUBE_BQXL2420_NEXUS5_id48_s1_45.png,1,VALID,0.6748047,0.17285156,-0.46850586,0.07892501,LCC-FASD external-dev / cross-domain stress set,False
YOUTUBE_BQXL2420_NEXUS5_id48_s1_60.png,1,VALID,0.14501953,0.3330078,0.0770874,-0.7613399,LCC-FASD external-dev / cross-domain stress set,False
YOUTUBE_BQXL2420_NEXUS5_id48_s1_75.png,1,VALID,0.73095703,0.21264648,-0.67089844,0.1723724,LCC-FASD external-dev / cross-domain stress set,True
YOUTUBE_BQXL2420_NEXUS5_id48_s1_90.png,1,VALID,-0.70996094,0.796875,0.8378906,-2.2207012,LCC-FASD external-dev / cross-domain stress set,False
YOUTUBE_BQXL2420_NEXUS5_id48_s1_105.png,1,VALID,-0.8100586,1.3808594,0.27905273,-2.4778023,LCC-FASD external-dev / cross-domain stress set,False
YOUTUBE_BQXL2420_NEXUS5_id48_s1_120.png,1,VALID,1.0527344,-0.09954834,-0.73828125,0.7283485,LCC-FASD external-dev / cross-domain stress set,True
YOUTUBE_BQXL2420_NEXUS5_id48_s1_135.png,1,VALID,-0.7739258,1.3925781,0.27441406,-2.4493337,LCC-FASD external-dev / cross-domain stress set,False
YOUTUBE_BQXL2420_NEXUS5_id48_s1_150.png,1,VALID,-0.31860352,0.6904297,0.44995117,-1.5891526,LCC-FASD external-dev / cross-domain stress set,False
YOUTUBE_C27F591FDI_LGG3D690_id39_s0_15.png,1,VALID,1.3808594,-0.58984375,-0.76464844,1.3611436,LCC-FASD external-dev / cross-domain stress set,True
YOUTUBE_C27F591FDI_LGG3D690_id39_s0_31.png,1,VALID,1.7822266,-0.56396484,-1.3691406,1.9766926,LCC-FASD external-dev / cross-domain stress set,True
YOUTUBE_C27F591FDI_LGG3D690_id39_s0_46.png,1,VALID,1.34375,-0.24304199,-1.0673828,1.2231743,LCC-FASD external-dev / cross-domain stress set,True
YOUTUBE_C27F591FDI_LGG3D690_id39_s0_61.png,1,VALID,1.8408203,-0.95458984,-0.96533203,2.1076198,LCC-FASD external-dev / cross-domain stress set,True
YOUTUBE_C27F591FDI_LGG3D690_id43_s0_106.png,1,VALID,0.77001953,0.24975586,-0.6977539,0.19261217,LCC-FASD external-dev / cross-domain stress set,True
YOUTUBE_C27F591FDI_LGG3D690_id43_s0_121.png,1,VALID,1.2363281,-1.1542969,0.114990234,0.873672,LCC-FASD external-dev / cross-domain stress set,True
YOUTUBE_AV203H_LEREELE3_id43_s1_45.png,1,VALID,2.0625,-1.1572266,-1.1972656,2.5463986,LCC-FASD external-dev / cross-domain stress set,True
YOUTUBE_AV203H_LEREELE3_id43_s1_60.png,1,VALID,2.1425781,-1.2773438,-1.3691406,2.7716203,LCC-FASD external-dev / cross-domain stress set,True
YOUTUBE_AV203H_LEREELE3_id43_s1_75.png,1,VALID,2.1210938,-1.1337891,-1.2734375,2.6291242,LCC-FASD external-dev / cross-domain stress set,True
YOUTUBE_AV203H_LEREELE3_id43_s1_90.png,1,VALID,2.1289062,-1.0771484,-1.3427734,2.6369262,LCC-FASD external-dev / cross-domain stress set,True
YOUTUBE_AVC239H_REDMI4X_id48_s1_15.png,1,VALID,0.75097656,0.6723633,-1.3076172,-0.05072224,LCC-FASD external-dev / cross-domain stress set,False
YOUTUBE_AVC239H_REDMI4X_id48_s1_30.png,1,VALID,-0.14038086,1.7978516,-1.3427734,-1.9805788,LCC-FASD external-dev / cross-domain stress set,False
YOUTUBE_AVC239H_REDMI4X_id48_s1_45.png,1,VALID,0.8623047,0.72753906,-1.6591797,0.046818078,LCC-FASD external-dev / cross-domain stress set,False
YOUTUBE_AVC239H_REDMI4X_id48_s1_60.png,1,VALID,0.061401367,1.4375,-1.1933594,-1.4456402,LCC-FASD external-dev / cross-domain stress set,False
YOUTUBE_AVC239H_REDMI4X_id48_s1_75.png,1,VALID,0.6010742,1.0732422,-1.6083984,-0.53837776,LCC-FASD external-dev / cross-domain stress set,False
YOUTUBE_AVC239H_REDMI4X_id48_s1_90.png,1,VALID,-0.39379883,2.15625,-1.4042969,-2.5780756,LCC-FASD external-dev / cross-domain stress set,False
YOUTUBE_AVC239H_REDMI4X_id48_s1_105.png,1,VALID,-0.70996094,2.3164062,-1.1601562,-3.0568125,LCC-FASD external-dev / cross-domain stress set,False
YOUTUBE_AVC239H_REDMI4X_id48_s1_120.png,1,VALID,0.44433594,1.1582031,-1.4628906,-0.78406775,LCC-FASD external-dev / cross-domain stress set,False
YOUTUBE_AVC239H_REDMI4X_id48_s1_135.png,1,VALID,-0.6357422,2.46875,-1.2958984,-3.1274035,LCC-FASD external-dev / cross-domain stress set,False
YOUTUBE_AVC239H_REDMI4X_id48_s1_150.png,1,VALID,-1.25,2.6679688,-0.70410156,-3.9517117,LCC-FASD external-dev / cross-domain stress set,False
YOUTUBE_AZPP01T_AZ3ZE552KL_id48_s0_15.png,1,VALID,1.1357422,0.6425781,-1.9892578,0.4236881,LCC-FASD external-dev / cross-domain stress set,True
YOUTUBE_AZPP01T_AZ3ZE552KL_id48_s0_30.png,1,VALID,-0.5229492,2.234375,-1.2441406,-2.787711,LCC-FASD external-dev / cross-domain stress set,False
YOUTUBE_AZPP01T_AZ3ZE552KL_id48_s0_45.png,1,VALID,-0.4116211,2.0410156,-1.1835938,-2.4916375,LCC-FASD external-dev / cross-domain stress set,False
YOUTUBE_AZPP01T_AZ3ZE552KL_id48_s0_60.png,1,VALID,-0.30078125,1.9951172,-1.3378906,-2.3309622,LCC-FASD external-dev / cross-domain stress set,False
YOUTUBE_AZPP01T_AZ3ZE552KL_id48_s0_75.png,1,VALID,0.23937988,1.5068359,-1.5664062,-1.3126884,LCC-FASD external-dev / cross-domain stress set,False
YOUTUBE_AZPP01T_AZ3ZE552KL_id48_s0_90.png,1,VALID,0.5234375,0.89453125,-1.2861328,-0.4781227,LCC-FASD external-dev / cross-domain stress set,False
YOUTUBE_AZPP01T_AZ3ZE552KL_id48_s0_105.png,1,VALID,0.52001953,1.0361328,-1.4091797,-0.59925795,LCC-FASD external-dev / cross-domain stress set,False
YOUTUBE_AZPP01T_AZ3ZE552KL_id48_s0_120.png,1,VALID,-0.95996094,2.5234375,-0.87890625,-3.5161514,LCC-FASD external-dev / cross-domain stress set,False
YOUTUBE_AZPP01T_AZ3ZE552KL_id48_s0_135.png,1,VALID,0.53759766,0.8046875,-1.1044922,-0.40528703,LCC-FASD external-dev / cross-domain stress set,False
YOUTUBE_AZPP01T_AZ3ZE552KL_id48_s0_150.png,1,VALID,0.23706055,1.3388672,-1.3007812,-1.1707602,LCC-FASD external-dev / cross-domain stress set,False
YOUTUBE_BQG2411HDA_REDMIN3P_id48_s0_15.png,1,VALID,-0.42358398,1.7167969,-0.74121094,-2.2225187,LCC-FASD external-dev / cross-domain stress set,False
YOUTUBE_BQG2411HDA_REDMIN3P_id48_s0_52.png,1,VALID,-0.7636719,2.1523438,-0.6308594,-2.976019,LCC-FASD external-dev / cross-domain stress set,False
YOUTUBE_BQG2411HDA_REDMIN3P_id48_s0_67.png,1,VALID,1.6464844,-0.70214844,-1.2480469,1.8916377,LCC-FASD external-dev / cross-domain stress set,True
YOUTUBE_BQG2411HDA_REDMIN3P_id48_s0_82.png,1,VALID,1.2431641,0.23730469,-1.6210938,0.86096096,LCC-FASD external-dev / cross-domain stress set,True
YOUTUBE_BQG2411HDA_REDMIN3P_id48_s0_97.png,1,VALID,1.1376953,0.09246826,-1.2988281,0.8230819,LCC-FASD external-dev / cross-domain stress set,True
YOUTUBE_BQG2411HDA_REDMIN3P_id48_s0_112.png,1,VALID,0.9355469,0.40893555,-1.3007812,0.36032003,LCC-FASD external-dev / cross-domain stress set,True
YOUTUBE_BQG2411HDA_REDMIN3P_id48_s0_127.png,1,VALID,0.67871094,0.66064453,-1.2333984,-0.12209743,LCC-FASD external-dev / cross-domain stress set,False
YOUTUBE_BQG2411HDA_REDMIN3P_id48_s0_142.png,1,VALID,0.7402344,0.74609375,-1.3632812,-0.120360434,LCC-FASD external-dev / cross-domain stress set,False
YOUTUBE_BQG2411HDA_REDMIN3P_id48_s0_157.png,1,VALID,-1.3037109,2.4648438,-0.31298828,-3.8288717,LCC-FASD external-dev / cross-domain stress set,False
YOUTUBE_BQG2411HDA_REDMIN3P_id48_s0_172.png,1,VALID,0.9995117,0.1270752,-1.1328125,0.6227009,LCC-FASD external-dev / cross-domain stress set,True
YOUTUBE_BQM2200HD_REDMIN3P_id48_s0_15.png,1,VALID,0.96240234,0.6557617,-1.6005859,0.20703763,LCC-FASD external-dev / cross-domain stress set,True
YOUTUBE_BQM2200HD_REDMIN3P_id48_s0_30.png,1,VALID,0.9379883,0.66748047,-1.6220703,0.17400569,LCC-FASD external-dev / cross-domain stress set,True
YOUTUBE_BQM2200HD_REDMIN3P_id48_s0_45.png,1,VALID,1.1376953,0.15197754,-1.4257812,0.79804623,LCC-FASD external-dev / cross-domain stress set,True
YOUTUBE_BQM2200HD_REDMIN3P_id48_s0_60.png,1,VALID,1.2724609,0.18408203,-1.5351562,0.9235405,LCC-FASD external-dev / cross-domain stress set,True
YOUTUBE_BQM2200HD_REDMIN3P_id48_s0_75.png,1,VALID,1.0410156,0.18554688,-1.2753906,0.6468147,LCC-FASD external-dev / cross-domain stress set,True
YOUTUBE_BQM2200HD_REDMIN3P_id48_s0_90.png,1,VALID,0.8857422,0.6953125,-1.6181641,0.09610474,LCC-FASD external-dev / cross-domain stress set,False
YOUTUBE_BQM2200HD_REDMIN3P_id48_s0_105.png,1,VALID,-0.05795288,1.6699219,-1.2519531,-1.7803084,LCC-FASD external-dev / cross-domain stress set,False
YOUTUBE_BQM2200HD_REDMIN3P_id48_s0_120.png,1,VALID,0.41186523,1.0771484,-1.2158203,-0.7614714,LCC-FASD external-dev / cross-domain stress set,False
YOUTUBE_BQM2200HD_REDMIN3P_id48_s0_135.png,1,VALID,1.3085938,0.061035156,-1.5009766,1.0571749,LCC-FASD external-dev / cross-domain stress set,True
YOUTUBE_BQM2200HD_REDMIN3P_id48_s0_150.png,1,VALID,0.6982422,0.4440918,-1.1074219,0.061938763,LCC-FASD external-dev / cross-domain stress set,False
YOUTUBE_BQVW2245_NEXUS5_id39_s1_15.png,1,VALID,-1.3818359,0.81933594,1.7714844,-3.479678,LCC-FASD external-dev / cross-domain stress set,False
YOUTUBE_BQVW2245_NEXUS5_id39_s1_50.png,1,VALID,0.26098633,0.5473633,-0.21765137,-0.6684555,LCC-FASD external-dev / cross-domain stress set,False
YOUTUBE_BQVW2245_NEXUS5_id39_s1_65.png,1,VALID,-0.021499634,0.859375,-0.20483398,-1.1772691,LCC-FASD external-dev / cross-domain stress set,False
YOUTUBE_BQVW2245_NEXUS5_id39_s1_85.png,1,VALID,1.0742188,0.26782227,-1.0927734,0.57806015,LCC-FASD external-dev / cross-domain stress set,True
YOUTUBE_BQVW2245_NEXUS5_id39_s1_100.png,1,VALID,0.23156738,0.76464844,-0.48828125,-0.7843585,LCC-FASD external-dev / cross-domain stress set,False
YOUTUBE_BQVW2245_NEXUS5_id39_s1_115.png,1,VALID,0.6088867,0.37231445,-0.5317383,-0.10341191,LCC-FASD external-dev / cross-domain stress set,False
YOUTUBE_BQVW2245_NEXUS5_id39_s1_130.png,1,VALID,0.3137207,0.3955078,-0.20507812,-0.51906747,LCC-FASD external-dev / cross-domain stress set,False
YOUTUBE_BQVW2245_NEXUS5_id42_s0_100.png,1,VALID,0.86865234,0.5541992,-1.4775391,0.19125593,LCC-FASD external-dev / cross-domain stress set,True
YOUTUBE_BQVW2245_NEXUS5_id42_s0_115.png,1,VALID,0.6196289,0.6538086,-1.2167969,-0.17744017,LCC-FASD external-dev / cross-domain stress set,False
YOUTUBE_ATMP253MG_XIAOMIMI6_id42_s0_16.png,1,VALID,0.5463867,1.4160156,-1.8798828,-0.9059943,LCC-FASD external-dev / cross-domain stress set,False
YOUTUBE_ATMP253MG_XIAOMIMI6_id42_s0_32.png,1,VALID,0.14343262,1.8339844,-1.8496094,-1.7153736,LCC-FASD external-dev / cross-domain stress set,False
YOUTUBE_ATMP253MG_XIAOMIMI6_id42_s0_47.png,1,VALID,0.13830566,1.7421875,-1.7480469,-1.6339198,LCC-FASD external-dev / cross-domain stress set,False
YOUTUBE_ATMP253MG_XIAOMIMI6_id42_s0_62.png,1,VALID,0.3239746,1.4833984,-1.6230469,-1.2032108,LCC-FASD external-dev / cross-domain stress set,False
YOUTUBE_ATMP253MG_XIAOMIMI6_id42_s0_77.png,1,VALID,0.6826172,1.0683594,-1.7636719,-0.44296634,LCC-FASD external-dev / cross-domain stress set,False
YOUTUBE_ATMP253MG_XIAOMIMI6_id42_s0_93.png,1,VALID,0.86083984,0.8754883,-1.7675781,-0.08337456,LCC-FASD external-dev / cross-domain stress set,False
YOUTUBE_ATMP253MG_XIAOMIMI6_id42_s0_123.png,1,VALID,0.70166016,1.0410156,-1.8027344,-0.39593148,LCC-FASD external-dev / cross-domain stress set,False
YOUTUBE_ATMP253MG_XIAOMIMI6_id42_s0_138.png,1,VALID,1.0488281,0.4650879,-1.5664062,0.46051478,LCC-FASD external-dev / cross-domain stress set,True
YOUTUBE_ATMP253MG_XIAOMIMI6_id42_s0_153.png,1,VALID,0.68066406,0.87353516,-1.6259766,-0.27179784,LCC-FASD external-dev / cross-domain stress set,False
YOUTUBE_ATMP253MG_XIAOMIMI6_id42_s1_18.png,1,VALID,-0.9633789,2.3183594,-0.75097656,-3.3271437,LCC-FASD external-dev / cross-domain stress set,False
YOUTUBE_ATMP253MG_XIAOMIMI6_id42_s1_53.png,1,VALID,-0.44848633,1.7861328,-0.42773438,-2.338328,LCC-FASD external-dev / cross-domain stress set,False
YOUTUBE_ATMP253MG_XIAOMIMI6_id42_s1_75.png,1,VALID,-2.2441406,2.8867188,0.8803711,-5.257033,LCC-FASD external-dev / cross-domain stress set,False
YOUTUBE_AUNKNOWN_HUAWEIU22_id43_s0_15.png,1,VALID,-0.020828247,0.93115234,-0.30737305,-1.2064764,LCC-FASD external-dev / cross-domain stress set,False
YOUTUBE_AUNKNOWN_HUAWEIU22_id43_s0_30.png,1,VALID,-0.3161621,1.1074219,-0.060668945,-1.6943437,LCC-FASD external-dev / cross-domain stress set,False
YOUTUBE_AUNKNOWN_HUAWEIU22_id43_s0_51.png,1,VALID,-0.2536621,1.2451172,-0.33740234,-1.6856378,LCC-FASD external-dev / cross-domain stress set,False
YOUTUBE_AUNKNOWN_HUAWEIU22_id43_s0_66.png,1,VALID,0.31469727,0.67626953,-0.46484375,-0.63879716,LCC-FASD external-dev / cross-domain stress set,False
YOUTUBE_AUNKNOWN_HUAWEIU22_id43_s0_81.png,1,VALID,-0.8745117,1.2519531,0.6479492,-2.5625358,LCC-FASD external-dev / cross-domain stress set,False
YOUTUBE_AUNKNOWN_HUAWEIU22_id43_s0_96.png,1,VALID,-0.4716797,1.1074219,0.1965332,-1.9171202,LCC-FASD external-dev / cross-domain stress set,False
YOUTUBE_AUNKNOWN_HUAWEIU22_id43_s0_111.png,1,VALID,-0.6381836,1.7509766,-0.40795898,-2.4984164,LCC-FASD external-dev / cross-domain stress set,False
YOUTUBE_AUNKNOWN_HUAWEIU22_id43_s0_126.png,1,VALID,-0.7338867,1.6640625,-0.15576172,-2.5481386,LCC-FASD external-dev / cross-domain stress set,False
YOUTUBE_AUNKNOWN_HUAWEIU22_id43_s0_141.png,1,VALID,-0.5185547,1.2109375,0.14318848,-2.0249798,LCC-FASD external-dev / cross-domain stress set,False
YOUTUBE_AUNKNOWN_HUAWEIU22_id43_s0_156.png,1,VALID,-0.42456055,1.0390625,0.21813965,-1.8282838,LCC-FASD external-dev / cross-domain stress set,False
YOUTUBE_AUNKNOWN_HUAWEIU22_id48_s1_15.png,1,VALID,0.6225586,0.51123047,-0.86035156,-0.11477524,LCC-FASD external-dev / cross-domain stress set,False
YOUTUBE_AUNKNOWN_HUAWEIU22_id48_s1_30.png,1,VALID,1.0800781,0.051116943,-1.0195312,0.7342144,LCC-FASD external-dev / cross-domain stress set,True
YOUTUBE_AUNKNOWN_HUAWEIU22_id48_s1_45.png,1,VALID,1.0410156,-0.12225342,-0.7167969,0.7238442,LCC-FASD external-dev / cross-domain stress set,True
YOUTUBE_AUNKNOWN_HUAWEIU22_id48_s1_60.png,1,VALID,1.421875,-0.6801758,-0.6616211,1.3995832,LCC-FASD external-dev / cross-domain stress set,True
YOUTUBE_AUNKNOWN_HUAWEIU22_id48_s1_75.png,1,VALID,1.0136719,0.0715332,-0.9765625,0.6415862,LCC-FASD external-dev / cross-domain stress set,True
YOUTUBE_AUNKNOWN_HUAWEIU22_id48_s1_90.png,1,VALID,-0.7475586,1.6591797,-0.08709717,-2.5675144,LCC-FASD external-dev / cross-domain stress set,False
YOUTUBE_AUNKNOWN_HUAWEIU22_id48_s1_105.png,1,VALID,1.7197266,-0.65234375,-1.1425781,1.8942952,LCC-FASD external-dev / cross-domain stress set,True
YOUTUBE_AUNKNOWN_HUAWEIU22_id48_s1_120.png,1,VALID,1.4082031,-0.11987305,-1.3515625,1.2720402,LCC-FASD external-dev / cross-domain stress set,True
YOUTUBE_AUNKNOWN_HUAWEIU22_id48_s1_135.png,1,VALID,1.015625,-0.2052002,-0.62402344,0.7153214,LCC-FASD external-dev / cross-domain stress set,True
YOUTUBE_AUNKNOWN_HUAWEIU22_id48_s1_150.png,1,VALID,1.7109375,-0.70751953,-1.1171875,1.9093105,LCC-FASD external-dev / cross-domain stress set,True
YOUTUBE_AV203H_LEREELE3_id39_s0_15.png,1,VALID,1.1376953,0.107299805,-1.1855469,0.78785074,LCC-FASD external-dev / cross-domain stress set,True
YOUTUBE_AV203H_LEREELE3_id39_s0_43.png,1,VALID,0.6586914,1.1298828,-1.6855469,-0.5293461,LCC-FASD external-dev / cross-domain stress set,False
YOUTUBE_AV203H_LEREELE3_id43_s0_15.png,1,VALID,1.9169922,-0.99902344,-1.1455078,2.2934308,LCC-FASD external-dev / cross-domain stress set,True
YOUTUBE_AV203H_LEREELE3_id43_s0_30.png,1,VALID,0.421875,-0.5234375,0.75390625,-0.57793534,LCC-FASD external-dev / cross-domain stress set,False
YOUTUBE_AV203H_LEREELE3_id43_s0_46.png,1,VALID,1.4052734,-0.5102539,-0.8823242,1.3912096,LCC-FASD external-dev / cross-domain stress set,True
YOUTUBE_AV203H_LEREELE3_id43_s0_61.png,1,VALID,1.7441406,-0.86279297,-0.9165039,1.9402814,LCC-FASD external-dev / cross-domain stress set,True
YOUTUBE_AV203H_LEREELE3_id43_s0_76.png,1,VALID,1.6953125,-0.8149414,-0.99365234,1.9024754,LCC-FASD external-dev / cross-domain stress set,True
YOUTUBE_AV203H_LEREELE3_id43_s0_91.png,1,VALID,1.7441406,-0.8286133,-1.1259766,2.0172758,LCC-FASD external-dev / cross-domain stress set,True
YOUTUBE_AV203H_LEREELE3_id43_s0_114.png,1,VALID,1.6650391,-1.0273438,-0.53125,1.7207355,LCC-FASD external-dev / cross-domain stress set,True
YOUTUBE_AV203H_LEREELE3_id43_s0_129.png,1,VALID,1.8203125,-0.9243164,-1.1474609,2.1568427,LCC-FASD external-dev / cross-domain stress set,True
YOUTUBE_AV203H_LEREELE3_id43_s0_144.png,1,VALID,1.859375,-0.91845703,-1.2138672,2.221521,LCC-FASD external-dev / cross-domain stress set,True
YOUTUBE_AV203H_LEREELE3_id43_s0_159.png,1,VALID,1.5917969,-0.69091797,-0.8574219,1.6693583,LCC-FASD external-dev / cross-domain stress set,True
YOUTUBE_AV203H_LEREELE3_id43_s1_15.png,1,VALID,1.9667969,-1.1982422,-0.91015625,2.3175104,LCC-FASD external-dev / cross-domain stress set,True
YOUTUBE_AV203H_LEREELE3_id43_s1_30.png,1,VALID,1.96875,-1.1386719,-1.1708984,2.4302583,LCC-FASD external-dev / cross-domain stress set,True
YOUTUBE_AV203H_LEREELE3_id43_s1_105.png,1,VALID,1.6621094,-1.1386719,-0.4663086,1.7159768,LCC-FASD external-dev / cross-domain stress set,True
YOUTUBE_AV203H_LEREELE3_id43_s1_120.png,1,VALID,1.7988281,-0.7524414,-1.1748047,2.047169,LCC-FASD external-dev / cross-domain stress set,True
YOUTUBE_AV203H_LEREELE3_id43_s1_135.png,1,VALID,2.0566406,-1.1523438,-1.2861328,2.5804958,LCC-FASD external-dev / cross-domain stress set,True
YOUTUBE_AV203H_LEREELE3_id43_s1_150.png,1,VALID,1.7724609,-1.1074219,-0.73339844,1.9823382,LCC-FASD external-dev / cross-domain stress set,True
YOUTUBE_AEME725_HONOR6CP_id43_s1_92.png,1,VALID,0.28930664,0.75927734,-0.57128906,-0.7045111,LCC-FASD external-dev / cross-domain stress set,False
YOUTUBE_AEME725_HONOR6CP_id48_s0_15.png,1,VALID,-2.3007812,3.2460938,0.30004883,-5.5980883,LCC-FASD external-dev / cross-domain stress set,False
YOUTUBE_AEME725_HONOR6CP_id48_s0_30.png,1,VALID,-2.2871094,3.0996094,0.24609375,-5.44276,LCC-FASD external-dev / cross-domain stress set,False
YOUTUBE_AEME725_HONOR6CP_id48_s0_45.png,1,VALID,-1.8125,2.7695312,0.0881958,-4.6482606,LCC-FASD external-dev / cross-domain stress set,False
YOUTUBE_AEME725_HONOR6CP_id48_s0_60.png,1,VALID,-0.79052734,2.2109375,-0.78759766,-3.0501218,LCC-FASD external-dev / cross-domain stress set,False
YOUTUBE_AEME725_HONOR6CP_id48_s0_75.png,1,VALID,-0.89941406,2.0390625,-0.4819336,-3.015789,LCC-FASD external-dev / cross-domain stress set,False
YOUTUBE_AEME725_HONOR6CP_id48_s0_90.png,1,VALID,-1.6132812,2.5019531,0.06011963,-4.198657,LCC-FASD external-dev / cross-domain stress set,False
YOUTUBE_AEME725_HONOR6CP_id48_s0_105.png,1,VALID,-1.7626953,2.7949219,0.0074386597,-4.6173716,LCC-FASD external-dev / cross-domain stress set,False
YOUTUBE_AEME725_HONOR6CP_id48_s0_120.png,1,VALID,-1.6494141,2.5683594,0.12695312,-4.3012304,LCC-FASD external-dev / cross-domain stress set,False
YOUTUBE_AEME725_HONOR6CP_id48_s0_135.png,1,VALID,-1.1083984,2.3027344,-0.359375,-3.4786053,LCC-FASD external-dev / cross-domain stress set,False
YOUTUBE_AEME725_HONOR6CP_id48_s0_150.png,1,VALID,-0.7104492,2.1464844,-0.7949219,-2.9083788,LCC-FASD external-dev / cross-domain stress set,False
YOUTUBE_AEME725_HONOR6CP_id48_s1_15.png,1,VALID,1.0029297,0.17993164,-1.03125,0.56229275,LCC-FASD external-dev / cross-domain stress set,True
YOUTUBE_AEME725_HONOR6CP_id48_s1_30.png,1,VALID,0.9995117,0.30493164,-1.21875,0.49744534,LCC-FASD external-dev / cross-domain stress set,True
YOUTUBE_AEME725_HONOR6CP_id48_s1_45.png,1,VALID,-0.17260742,1.5166016,-0.8330078,-1.7803345,LCC-FASD external-dev / cross-domain stress set,False
YOUTUBE_AEME725_HONOR6CP_id48_s1_60.png,1,VALID,0.5180664,0.7055664,-0.9614258,-0.3604563,LCC-FASD external-dev / cross-domain stress set,False
YOUTUBE_AEME725_HONOR6CP_id48_s1_75.png,1,VALID,0.8203125,0.6333008,-1.3730469,0.060838282,LCC-FASD external-dev / cross-domain stress set,False
YOUTUBE_AEME725_HONOR6CP_id48_s1_90.png,1,VALID,-0.97558594,1.9853516,-0.084106445,-3.0798347,LCC-FASD external-dev / cross-domain stress set,False
YOUTUBE_AEME725_HONOR6CP_id48_s1_109.png,1,VALID,0.19958496,0.99902344,-0.70751953,-0.96621656,LCC-FASD external-dev / cross-domain stress set,False
YOUTUBE_AEME725_HONOR6CP_id48_s1_124.png,1,VALID,-1.2236328,2.2382812,-0.10308838,-3.5537598,LCC-FASD external-dev / cross-domain stress set,False
YOUTUBE_AEME725_HONOR6CP_id48_s1_139.png,1,VALID,-0.9477539,1.9023438,-0.06347656,-2.9811618,LCC-FASD external-dev / cross-domain stress set,False
YOUTUBE_AEME725_HONOR6CP_id48_s1_156.png,1,VALID,-0.39233398,1.6142578,-0.6567383,-2.1048155,LCC-FASD external-dev / cross-domain stress set,False
YOUTUBE_AK73S_REDMI3S_id39_s1_64.png,1,VALID,1.5332031,-0.66259766,-0.74121094,1.541188,LCC-FASD external-dev / cross-domain stress set,True
YOUTUBE_AK73S_REDMI3S_id39_s1_119.png,1,VALID,1.7158203,-1.0419922,-0.76953125,1.919184,LCC-FASD external-dev / cross-domain stress set,True
YOUTUBE_AK73S_REDMI3S_id39_s1_137.png,1,VALID,1.7744141,-1.1425781,-0.7949219,2.034984,LCC-FASD external-dev / cross-domain stress set,True
YOUTUBE_AK73S_REDMI3S_id42_s0_15.png,1,VALID,2.0195312,-0.9301758,-1.3095703,2.4283714,LCC-FASD external-dev / cross-domain stress set,True
YOUTUBE_AK73S_REDMI3S_id42_s0_30.png,1,VALID,1.7382812,-0.50341797,-1.4033203,1.9005172,LCC-FASD external-dev / cross-domain stress set,True
YOUTUBE_AK73S_REDMI3S_id42_s0_45.png,1,VALID,1.6953125,-0.4465332,-1.4267578,1.8232269,LCC-FASD external-dev / cross-domain stress set,True
YOUTUBE_AK73S_REDMI3S_id42_s0_60.png,1,VALID,2.1074219,-1.1318359,-1.3740234,2.6598904,LCC-FASD external-dev / cross-domain stress set,True
YOUTUBE_AK73S_REDMI3S_id42_s0_76.png,1,VALID,1.9228516,-0.6738281,-1.4511719,2.2185,LCC-FASD external-dev / cross-domain stress set,True
YOUTUBE_AK73S_REDMI3S_id42_s0_91.png,1,VALID,1.71875,-0.3791504,-1.4804688,1.8108941,LCC-FASD external-dev / cross-domain stress set,True
YOUTUBE_AK73S_REDMI3S_id42_s0_106.png,1,VALID,1.1611328,0.15710449,-1.2675781,0.7884454,LCC-FASD external-dev / cross-domain stress set,True
YOUTUBE_AK73S_REDMI3S_id42_s0_121.png,1,VALID,0.9526367,0.3918457,-1.2089844,0.3770296,LCC-FASD external-dev / cross-domain stress set,True
YOUTUBE_AK73S_REDMI3S_id42_s0_136.png,1,VALID,1.7460938,-0.7036133,-1.0859375,1.9295607,LCC-FASD external-dev / cross-domain stress set,True
YOUTUBE_AK73S_REDMI3S_id42_s0_151.png,1,VALID,1.6113281,-0.25561523,-1.40625,1.5920154,LCC-FASD external-dev / cross-domain stress set,True
YOUTUBE_AK73S_REDMI3S_id42_s1_35.png,1,VALID,-0.5205078,0.98046875,0.15710449,-1.864892,LCC-FASD external-dev / cross-domain stress set,False
YOUTUBE_AK73S_REDMI3S_id42_s1_50.png,1,VALID,-1.2216797,1.6416016,0.36645508,-3.1096647,LCC-FASD external-dev / cross-domain stress set,False
YOUTUBE_AK73S_REDMI3S_id42_s1_67.png,1,VALID,-1.7265625,2.4941406,0.28100586,-4.324484,LCC-FASD external-dev / cross-domain stress set,False
YOUTUBE_AK73S_REDMI3S_id42_s1_82.png,1,VALID,-1.5957031,2.4453125,0.020080566,-4.1257772,LCC-FASD external-dev / cross-domain stress set,False
YOUTUBE_ASM710N_MEIZUM2MINI_id43_s0_16.png,1,VALID,0.5317383,0.73535156,-0.9995117,-0.3660928,LCC-FASD external-dev / cross-domain stress set,False
YOUTUBE_ASM710N_MEIZUM2MINI_id43_s0_31.png,1,VALID,1.1083984,0.017929077,-0.97021484,0.77400523,LCC-FASD external-dev / cross-domain stress set,True
YOUTUBE_ASM710N_MEIZUM2MINI_id43_s0_47.png,1,VALID,1.1601562,-0.27026367,-0.79296875,0.9648545,LCC-FASD external-dev / cross-domain stress set,True
YOUTUBE_ASM710N_MEIZUM2MINI_id43_s0_64.png,1,VALID,0.4638672,0.5732422,-0.69091797,-0.3581679,LCC-FASD external-dev / cross-domain stress set,False
YOUTUBE_ASM710N_MEIZUM2MINI_id43_s0_79.png,1,VALID,2.078125,-1.3574219,-0.87597656,2.472979,LCC-FASD external-dev / cross-domain stress set,True
YOUTUBE_ASM710N_MEIZUM2MINI_id43_s1_15.png,1,VALID,1.4150391,-0.7192383,-0.5776367,1.367825,LCC-FASD external-dev / cross-domain stress set,True
YOUTUBE_ASM710N_MEIZUM2MINI_id43_s1_31.png,1,VALID,1.6904297,-0.5083008,-1.2529297,1.8101332,LCC-FASD external-dev / cross-domain stress set,True
YOUTUBE_ASM710N_MEIZUM2MINI_id43_s1_46.png,1,VALID,1.7314453,-0.5708008,-1.3896484,1.9369508,LCC-FASD external-dev / cross-domain stress set,True
YOUTUBE_ASM710N_MEIZUM2MINI_id43_s1_61.png,1,VALID,2.1660156,-1.3417969,-0.9980469,2.6280918,LCC-FASD external-dev / cross-domain stress set,True
YOUTUBE_ASM710N_MEIZUM2MINI_id43_s1_76.png,1,VALID,1.4160156,-0.093688965,-1.3769531,1.2650883,LCC-FASD external-dev / cross-domain stress set,True
YOUTUBE_ASM710N_MEIZUM2MINI_id43_s1_91.png,1,VALID,0.88623047,-0.40795898,-0.1381836,0.45708466,LCC-FASD external-dev / cross-domain stress set,True
YOUTUBE_ASM710N_MEIZUM2MINI_id48_s1_15.png,1,VALID,-0.007572174,0.16027832,0.59814453,-1.1037077,LCC-FASD external-dev / cross-domain stress set,False
YOUTUBE_ASM710N_MEIZUM2MINI_id48_s1_30.png,1,VALID,-1.5478516,1.3154297,1.4707031,-3.637076,LCC-FASD external-dev / cross-domain stress set,False
YOUTUBE_ASM710N_MEIZUM2MINI_id48_s1_45.png,1,VALID,-0.6479492,0.68652344,0.84814453,-2.111692,LCC-FASD external-dev / cross-domain stress set,False
YOUTUBE_ASM710N_MEIZUM2MINI_id48_s1_60.png,1,VALID,-1.0556641,0.5942383,1.6523438,-3.0059714,LCC-FASD external-dev / cross-domain stress set,False
YOUTUBE_ASM710N_MEIZUM2MINI_id48_s1_76.png,1,VALID,-0.5839844,0.3955078,1.1230469,-2.1011634,LCC-FASD external-dev / cross-domain stress set,False
YOUTUBE_ASM710N_MEIZUM2MINI_id48_s1_92.png,1,VALID,-1.4697266,0.70214844,2.1230469,-3.8090913,LCC-FASD external-dev / cross-domain stress set,False
YOUTUBE_ATMP253MG_XIAOMIMI6_id42_s0_108.png,1,VALID,0.06317139,1.6230469,-1.4951172,-1.6031632,LCC-FASD external-dev / cross-domain stress set,False
YOUTUBE_ACER5820TG_REDMI4A_id42_s0_30.png,1,VALID,1.4677734,-0.12359619,-1.5273438,1.3716924,LCC-FASD external-dev / cross-domain stress set,True
YOUTUBE_ACER5820TG_REDMI4A_id42_s0_45.png,1,VALID,0.7763672,0.14526367,-0.71191406,0.2773823,LCC-FASD external-dev / cross-domain stress set,True
YOUTUBE_ACER5820TG_REDMI4A_id42_s0_60.png,1,VALID,0.6328125,0.04751587,-0.44213867,0.107301235,LCC-FASD external-dev / cross-domain stress set,False
YOUTUBE_ACER5820TG_REDMI4A_id42_s0_75.png,1,VALID,0.71875,0.05206299,-0.5756836,0.23894304,LCC-FASD external-dev / cross-domain stress set,True
YOUTUBE_ACER5820TG_REDMI4A_id42_s0_90.png,1,VALID,0.5800781,0.54003906,-0.92041016,-0.1687069,LCC-FASD external-dev / cross-domain stress set,False
YOUTUBE_ACER5820TG_REDMI4A_id42_s0_150.png,1,VALID,0.6767578,0.54785156,-1.0566406,-0.0542413,LCC-FASD external-dev / cross-domain stress set,False
YOUTUBE_ACER5820TG_REDMI4A_id42_s1_50.png,1,VALID,-0.44604492,1.8095703,-0.7680664,-2.3288221,LCC-FASD external-dev / cross-domain stress set,False
YOUTUBE_ACER5820TG_REDMI4A_id42_s1_65.png,1,VALID,-0.47143555,2.1855469,-1.1074219,-2.6934526,LCC-FASD external-dev / cross-domain stress set,False
YOUTUBE_ACER5820TG_REDMI4A_id42_s1_80.png,1,VALID,-1.2939453,2.6269531,-0.32836914,-3.9716504,LCC-FASD external-dev / cross-domain stress set,False
YOUTUBE_ACER5820TG_REDMI4A_id42_s1_96.png,1,VALID,0.18688965,1.3847656,-1.1933594,-1.2710485,LCC-FASD external-dev / cross-domain stress set,False
YOUTUBE_ACER5820TG_REDMI4A_id42_s1_148.png,1,VALID,-1.2324219,2.5019531,-0.40405273,-3.7876253,LCC-FASD external-dev / cross-domain stress set,False
YOUTUBE_AEME725_HONOR6CP_id39_s0_40.png,1,VALID,-0.35791016,0.73339844,0.40234375,-1.632566,LCC-FASD external-dev / cross-domain stress set,False
YOUTUBE_AEME725_HONOR6CP_id39_s1_15.png,1,VALID,0.7216797,0.5283203,-0.8925781,-0.022958457,LCC-FASD external-dev / cross-domain stress set,False
YOUTUBE_AEME725_HONOR6CP_id39_s1_44.png,1,VALID,1.8203125,-0.83691406,-1.0537109,2.0666142,LCC-FASD external-dev / cross-domain stress set,True
YOUTUBE_AEME725_HONOR6CP_id39_s1_59.png,1,VALID,0.30688477,0.7524414,-0.4699707,-0.7036958,LCC-FASD external-dev / cross-domain stress set,False
YOUTUBE_AEME725_HONOR6CP_id39_s1_75.png,1,VALID,1.8164062,-0.70703125,-1.203125,2.047884,LCC-FASD external-dev / cross-domain stress set,True
YOUTUBE_AEME725_HONOR6CP_id39_s1_94.png,1,VALID,0.44360352,1.1328125,-1.1933594,-0.78239775,LCC-FASD external-dev / cross-domain stress set,False
YOUTUBE_AEME725_HONOR6CP_id39_s1_109.png,1,VALID,1.3808594,-0.11047363,-1.2519531,1.2141967,LCC-FASD external-dev / cross-domain stress set,True
YOUTUBE_AEME725_HONOR6CP_id39_s1_124.png,1,VALID,1.5410156,-0.28027344,-1.2714844,1.505656,LCC-FASD external-dev / cross-domain stress set,True
YOUTUBE_AEME725_HONOR6CP_id42_s0_15.png,1,VALID,1.5820312,-0.05532837,-1.7099609,1.46243,LCC-FASD external-dev / cross-domain stress set,True
YOUTUBE_AEME725_HONOR6CP_id42_s0_30.png,1,VALID,0.57421875,0.81591797,-1.2158203,-0.36489642,LCC-FASD external-dev / cross-domain stress set,False
YOUTUBE_AEME725_HONOR6CP_id42_s0_45.png,1,VALID,0.52734375,0.984375,-1.2490234,-0.55883276,LCC-FASD external-dev / cross-domain stress set,False
YOUTUBE_AEME725_HONOR6CP_id42_s0_60.png,1,VALID,0.11175537,1.3681641,-1.0976562,-1.3379326,LCC-FASD external-dev / cross-domain stress set,False
YOUTUBE_AEME725_HONOR6CP_id42_s0_75.png,1,VALID,1.2763672,0.26586914,-1.6171875,0.8688905,LCC-FASD external-dev / cross-domain stress set,True
YOUTUBE_AEME725_HONOR6CP_id42_s0_90.png,1,VALID,1.5742188,0.03540039,-1.8652344,1.3995142,LCC-FASD external-dev / cross-domain stress set,True
YOUTUBE_AEME725_HONOR6CP_id42_s0_105.png,1,VALID,1.1992188,0.3491211,-1.5751953,0.71384144,LCC-FASD external-dev / cross-domain stress set,True
YOUTUBE_AEME725_HONOR6CP_id42_s0_120.png,1,VALID,1.0751953,0.43041992,-1.4931641,0.5084259,LCC-FASD external-dev / cross-domain stress set,True
YOUTUBE_AEME725_HONOR6CP_id42_s0_135.png,1,VALID,1.1337891,0.31420898,-1.5615234,0.6770024,LCC-FASD external-dev / cross-domain stress set,True
YOUTUBE_AEME725_HONOR6CP_id42_s0_150.png,1,VALID,0.94677734,0.7729492,-1.6582031,0.08954632,LCC-FASD external-dev / cross-domain stress set,False
YOUTUBE_AEME725_HONOR6CP_id42_s1_40.png,1,VALID,-0.06359863,1.5898438,-1.0097656,-1.7251141,LCC-FASD external-dev / cross-domain stress set,False
YOUTUBE_AEME725_HONOR6CP_id42_s1_57.png,1,VALID,-0.7705078,2.25,-0.67529297,-3.0727673,LCC-FASD external-dev / cross-domain stress set,False
YOUTUBE_AEME725_HONOR6CP_id42_s1_82.png,1,VALID,-0.12054443,1.4140625,-0.7158203,-1.6469094,LCC-FASD external-dev / cross-domain stress set,False
YOUTUBE_AEME725_HONOR6CP_id43_s0_15.png,1,VALID,-1.2636719,1.8525391,0.56689453,-3.3603113,LCC-FASD external-dev / cross-domain stress set,False
YOUTUBE_AEME725_HONOR6CP_id43_s0_30.png,1,VALID,-1.1865234,2.2089844,-0.17871094,-3.4833732,LCC-FASD external-dev / cross-domain stress set,False
YOUTUBE_AEME725_HONOR6CP_id43_s0_46.png,1,VALID,-1.2441406,2.1191406,0.035339355,-3.4805808,LCC-FASD external-dev / cross-domain stress set,False
YOUTUBE_AEME725_HONOR6CP_id43_s0_61.png,1,VALID,-1.2617188,1.8349609,0.82958984,-3.4084997,LCC-FASD external-dev / cross-domain stress set,False
YOUTUBE_AEME725_HONOR6CP_id43_s0_76.png,1,VALID,-0.3840332,0.9243164,0.5307617,-1.8239565,LCC-FASD external-dev / cross-domain stress set,False
YOUTUBE_AEME725_HONOR6CP_id43_s0_91.png,1,VALID,-0.8330078,1.21875,0.8354492,-2.5715082,LCC-FASD external-dev / cross-domain stress set,False
YOUTUBE_AEME725_HONOR6CP_id43_s0_116.png,1,VALID,-1.0986328,2.34375,-0.49316406,-3.499336,LCC-FASD external-dev / cross-domain stress set,False
YOUTUBE_AEME725_HONOR6CP_id43_s0_131.png,1,VALID,-0.9165039,1.7841797,0.18469238,-2.8846705,LCC-FASD external-dev / cross-domain stress set,False
YOUTUBE_AEME725_HONOR6CP_id43_s0_146.png,1,VALID,-0.61621094,1.5625,0.0023326874,-2.3694148,LCC-FASD external-dev / cross-domain stress set,False
YOUTUBE_AEME725_HONOR6CP_id43_s0_161.png,1,VALID,-0.9428711,1.9248047,-0.17749023,-2.9829452,LCC-FASD external-dev / cross-domain stress set,False
YOUTUBE_AEME725_HONOR6CP_id43_s1_15.png,1,VALID,0.49414062,0.96875,-1.1308594,-0.59017146,LCC-FASD external-dev / cross-domain stress set,False
YOUTUBE_AEME725_HONOR6CP_id43_s1_30.png,1,VALID,-1.1074219,2.1621094,-0.37158203,-3.3459046,LCC-FASD external-dev / cross-domain stress set,False
YOUTUBE_AEME725_HONOR6CP_id43_s1_45.png,1,VALID,-0.31274414,1.5751953,-0.78515625,-1.9781339,LCC-FASD external-dev / cross-domain stress set,False
YOUTUBE_AEME725_HONOR6CP_id43_s1_62.png,1,VALID,-0.26171875,1.6181641,-0.9941406,-1.9506816,LCC-FASD external-dev / cross-domain stress set,False
YOUTUBE_AEME725_HONOR6CP_id43_s1_77.png,1,VALID,-0.6665039,1.8222656,-0.47631836,-2.584444,LCC-FASD external-dev / cross-domain stress set,False
YOUTUBE_AEME725_HONOR6CP_id43_s1_107.png,1,VALID,-1.2519531,2.234375,-0.22314453,-3.5685043,LCC-FASD external-dev / cross-domain stress set,False
YOUTUBE_AEME725_HONOR6CP_id43_s1_122.png,1,VALID,-1.3183594,2.0292969,0.34985352,-3.5186453,LCC-FASD external-dev / cross-domain stress set,False
YOUTUBE_AEME725_HONOR6CP_id43_s1_137.png,1,VALID,0.4807129,0.7050781,-0.8574219,-0.4146644,LCC-FASD external-dev / cross-domain stress set,False
YOUTUBE_AEME725_HONOR6CP_id43_s1_152.png,1,VALID,-0.07562256,1.2685547,-0.76123047,-1.4676011,LCC-FASD external-dev / cross-domain stress set,False
YOUTUBE_AAL1917_SGT3SMT310_id42_s0_31.png,1,VALID,2.0820312,-1.0224609,-1.3554688,2.5640507,LCC-FASD external-dev / cross-domain stress set,True
YOUTUBE_AAL1917_SGT3SMT310_id42_s0_46.png,1,VALID,2.1640625,-1.1953125,-1.3632812,2.7466896,LCC-FASD external-dev / cross-domain stress set,True
YOUTUBE_AAL1917_SGT3SMT310_id42_s0_61.png,1,VALID,2.1796875,-1.1953125,-1.3681641,2.7645485,LCC-FASD external-dev / cross-domain stress set,True
YOUTUBE_AAL1917_SGT3SMT310_id42_s0_76.png,1,VALID,2.0273438,-1.296875,-1.2070312,2.5851412,LCC-FASD external-dev / cross-domain stress set,True
YOUTUBE_AAL1917_SGT3SMT310_id42_s0_91.png,1,VALID,1.453125,-0.68066406,-0.7949219,1.4961398,LCC-FASD external-dev / cross-domain stress set,True
YOUTUBE_AAR7_IPHONE4S_id39_s0_15.png,1,VALID,-0.7084961,2.3769531,-0.9975586,-3.119111,LCC-FASD external-dev / cross-domain stress set,False
YOUTUBE_AAR7_IPHONE4S_id39_s0_35.png,1,VALID,-0.55615234,2.3261719,-1.2314453,-2.910432,LCC-FASD external-dev / cross-domain stress set,False
YOUTUBE_AAR7_IPHONE4S_id39_s0_50.png,1,VALID,-0.82714844,2.5,-1.0693359,-3.3549333,LCC-FASD external-dev / cross-domain stress set,False
YOUTUBE_AAR7_IPHONE4S_id43_s0_15.png,1,VALID,1.796875,-1.2539062,-0.7529297,2.0760963,LCC-FASD external-dev / cross-domain stress set,True
YOUTUBE_AAR7_IPHONE4S_id43_s0_30.png,1,VALID,1.3339844,-0.83251953,-0.40429688,1.2364967,LCC-FASD external-dev / cross-domain stress set,True
YOUTUBE_AAR7_IPHONE4S_id43_s0_45.png,1,VALID,0.6850586,0.54003906,-0.97021484,-0.054531038,LCC-FASD external-dev / cross-domain stress set,False
YOUTUBE_AAR7_IPHONE4S_id43_s0_61.png,1,VALID,1.3994141,-1.5,0.2265625,1.0091227,LCC-FASD external-dev / cross-domain stress set,True
YOUTUBE_AAR7_IPHONE4S_id43_s0_81.png,1,VALID,1.0703125,-1.2861328,0.5390625,0.38180792,LCC-FASD external-dev / cross-domain stress set,True
YOUTUBE_AAR7_IPHONE4S_id43_s0_96.png,1,VALID,1.3886719,-1.4248047,0.18115234,1.024617,LCC-FASD external-dev / cross-domain stress set,True
YOUTUBE_AAR7_IPHONE4S_id43_s0_111.png,1,VALID,0.4333496,0.8286133,-1.0185547,-0.5416844,LCC-FASD external-dev / cross-domain stress set,False
YOUTUBE_AAR7_IPHONE4S_id43_s0_126.png,1,VALID,1.5966797,-1.1953125,-0.45874023,1.6642213,LCC-FASD external-dev / cross-domain stress set,True
YOUTUBE_AAR7_IPHONE4S_id43_s0_141.png,1,VALID,1.3515625,-1.1806641,0.009414673,1.07656,LCC-FASD external-dev / cross-domain stress set,True
YOUTUBE_AAR7_IPHONE4S_id43_s0_156.png,1,VALID,0.45898438,-0.3696289,0.42797852,-0.34083724,LCC-FASD external-dev / cross-domain stress set,False
YOUTUBE_AAR7_IPHONE4S_id43_s1_15.png,1,VALID,2.1113281,-1.3613281,-1.1943359,2.692531,LCC-FASD external-dev / cross-domain stress set,True
YOUTUBE_AAR7_IPHONE4S_id43_s1_30.png,1,VALID,2.1523438,-1.2910156,-1.1552734,2.6800396,LCC-FASD external-dev / cross-domain stress set,True
YOUTUBE_AAR7_IPHONE4S_id43_s1_45.png,1,VALID,2.1816406,-1.234375,-1.3300781,2.7695756,LCC-FASD external-dev / cross-domain stress set,True
YOUTUBE_AAR7_IPHONE4S_id43_s1_62.png,1,VALID,1.9667969,-0.7841797,-1.4462891,2.335058,LCC-FASD external-dev / cross-domain stress set,True
YOUTUBE_AAR7_IPHONE4S_id43_s1_77.png,1,VALID,2.0175781,-1.2695312,-1.171875,2.5439425,LCC-FASD external-dev / cross-domain stress set,True
YOUTUBE_AAR7_IPHONE4S_id43_s1_92.png,1,VALID,2.0996094,-1.3925781,-1.0791016,2.6300685,LCC-FASD external-dev / cross-domain stress set,True
YOUTUBE_AAR7_IPHONE4S_id43_s1_107.png,1,VALID,1.8896484,-0.578125,-1.5039062,2.1340036,LCC-FASD external-dev / cross-domain stress set,True
YOUTUBE_AAR7_IPHONE4S_id43_s1_122.png,1,VALID,1.3398438,-0.41137695,-0.8334961,1.2470235,LCC-FASD external-dev / cross-domain stress set,True
YOUTUBE_AAR7_IPHONE4S_id43_s1_137.png,1,VALID,1.8876953,-0.7270508,-1.3720703,2.1929798,LCC-FASD external-dev / cross-domain stress set,True
YOUTUBE_AAR7_IPHONE4S_id43_s1_152.png,1,VALID,1.9716797,-1.1152344,-1.0976562,2.3849392,LCC-FASD external-dev / cross-domain stress set,True
YOUTUBE_AAR7_IPHONE4S_id48_s1_15.png,1,VALID,2.0292969,-1.0957031,-1.1210938,2.4444675,LCC-FASD external-dev / cross-domain stress set,True
YOUTUBE_AAR7_IPHONE4S_id48_s1_30.png,1,VALID,1.9716797,-1.1933594,-0.8774414,2.301509,LCC-FASD external-dev / cross-domain stress set,True
YOUTUBE_AAR7_IPHONE4S_id48_s1_45.png,1,VALID,2.0957031,-1.2285156,-1.1738281,2.603354,LCC-FASD external-dev / cross-domain stress set,True
YOUTUBE_AAR7_IPHONE4S_id48_s1_60.png,1,VALID,2.203125,-1.3271484,-1.3291016,2.8381023,LCC-FASD external-dev / cross-domain stress set,True
YOUTUBE_AAR7_IPHONE4S_id48_s1_75.png,1,VALID,2.0917969,-1.3837891,-1.0332031,2.59186,LCC-FASD external-dev / cross-domain stress set,True
YOUTUBE_AAR7_IPHONE4S_id48_s1_92.png,1,VALID,2.3867188,-1.6445312,-1.2363281,3.1133156,LCC-FASD external-dev / cross-domain stress set,True
YOUTUBE_AAR7_IPHONE4S_id48_s1_107.png,1,VALID,2.1367188,-1.2792969,-1.1904297,2.677448,LCC-FASD external-dev / cross-domain stress set,True
YOUTUBE_AAR7_IPHONE4S_id48_s1_122.png,1,VALID,1.8974609,-1.3349609,-0.6582031,2.144706,LCC-FASD external-dev / cross-domain stress set,True
YOUTUBE_AAR7_IPHONE4S_id48_s1_137.png,1,VALID,2.1269531,-1.4580078,-1.0244141,2.6516984,LCC-FASD external-dev / cross-domain stress set,True
YOUTUBE_AAR7_IPHONE4S_id48_s1_161.png,1,VALID,2.171875,-1.5527344,-1.2089844,2.8448887,LCC-FASD external-dev / cross-domain stress set,True
YOUTUBE_ACER5820TG_REDMI4A_id39_s1_15.png,1,VALID,0.2578125,0.07397461,0.3425293,-0.6525749,LCC-FASD external-dev / cross-domain stress set,False
YOUTUBE_ACER5820TG_REDMI4A_id39_s1_35.png,1,VALID,-0.69384766,0.027236938,1.7304688,-2.591604,LCC-FASD external-dev / cross-domain stress set,False
YOUTUBE_ACER5820TG_REDMI4A_id39_s1_56.png,1,VALID,0.42773438,-0.12670898,0.29711914,-0.3729056,LCC-FASD external-dev / cross-domain stress set,False
YOUTUBE_ACER5820TG_REDMI4A_id39_s1_81.png,1,VALID,0.95947266,-0.18334961,-0.4921875,0.5922185,LCC-FASD external-dev / cross-domain stress set,True
YOUTUBE_ACER5820TG_REDMI4A_id39_s1_96.png,1,VALID,0.79003906,0.068847656,-0.5102539,0.2762481,LCC-FASD external-dev / cross-domain stress set,True
YOUTUBE_ACER5820TG_REDMI4A_id39_s1_111.png,1,VALID,0.49560547,-0.068115234,0.09454346,-0.21405941,LCC-FASD external-dev / cross-domain stress set,False
YOUTUBE_ACER5820TG_REDMI4A_id39_s1_126.png,1,VALID,0.4975586,-0.01424408,0.002790451,-0.18989801,LCC-FASD external-dev / cross-domain stress set,False
YOUTUBE_ACER5820TG_REDMI4A_id42_s0_15.png,1,VALID,1.8857422,-0.61328125,-1.5527344,2.1691146,LCC-FASD external-dev / cross-domain stress set,True
YOUTUBE_ACER5820TG_REDMI4A_id42_s0_105.png,1,VALID,1.0410156,0.14428711,-1.1035156,0.6443097,LCC-FASD external-dev / cross-domain stress set,True
YOUTUBE_ACER5820TG_REDMI4A_id42_s0_120.png,1,VALID,1.1669922,-0.20263672,-0.9223633,0.97294533,LCC-FASD external-dev / cross-domain stress set,True
YOUTUBE_ACER5820TG_REDMI4A_id42_s0_135.png,1,VALID,1.1298828,0.24731445,-1.40625,0.7074673,LCC-FASD external-dev / cross-domain stress set,True
FT720P_SSM2433_S4508_id5_s0_15.png,1,VALID,2.3789062,-1.6806641,-1.3173828,3.1683757,LCC-FASD external-dev / cross-domain stress set,True
FT720P_SSM2433_S4508_id5_s0_30.png,1,VALID,2.2109375,-1.6025391,-1.0800781,2.8253593,LCC-FASD external-dev / cross-domain stress set,True
FT720P_SSM2433_S4508_id5_s0_45.png,1,VALID,2.3671875,-1.9042969,-0.9038086,2.9578657,LCC-FASD external-dev / cross-domain stress set,True
FT720P_SSM2433_S4508_id5_s0_60.png,1,VALID,2.2480469,-1.7490234,-0.88720703,2.7829125,LCC-FASD external-dev / cross-domain stress set,True
FT720P_SSM2433_S4508_id5_s0_75.png,1,VALID,2.2363281,-1.7519531,-0.8276367,2.7297792,LCC-FASD external-dev / cross-domain stress set,True
FT720P_SSM2433_S4508_id5_s0_90.png,1,VALID,2.0625,-1.7363281,-0.52441406,2.3263767,LCC-FASD external-dev / cross-domain stress set,True
FT720P_SSM2433_S4508_id5_s0_105.png,1,VALID,0.40063477,-0.7182617,1.0107422,-0.773468,LCC-FASD external-dev / cross-domain stress set,False
FT720P_SSM2433_S4508_id5_s0_120.png,1,VALID,0.02571106,-0.39575195,1.2392578,-1.3916515,LCC-FASD external-dev / cross-domain stress set,False
FT720P_SSM2433_S4508_id5_s0_135.png,1,VALID,-0.095703125,-0.22619629,1.2568359,-1.5570693,LCC-FASD external-dev / cross-domain stress set,False
FT720P_SSM2433_S4508_id5_s0_150.png,1,VALID,1.2705078,-1.2207031,0.18762207,0.86410975,LCC-FASD external-dev / cross-domain stress set,True
FT720P_SSM2433_S4508_id5_s1_15.png,1,VALID,-0.9375,0.41381836,1.7089844,-2.88853,LCC-FASD external-dev / cross-domain stress set,False
FT720P_SSM2433_S4508_id5_s1_30.png,1,VALID,-0.9375,0.32763672,1.9189453,-3.0418115,LCC-FASD external-dev / cross-domain stress set,False
FT720P_SSM2433_S4508_id5_s1_45.png,1,VALID,-1.0175781,0.58203125,1.65625,-2.9676647,LCC-FASD external-dev / cross-domain stress set,False
FT720P_SSM2433_S4508_id5_s1_60.png,1,VALID,-1.0244141,0.95703125,1.3027344,-2.862309,LCC-FASD external-dev / cross-domain stress set,False
FT720P_SSM2433_S4508_id5_s1_75.png,1,VALID,-0.953125,0.8901367,1.2089844,-2.7084873,LCC-FASD external-dev / cross-domain stress set,False
FT720P_SSM2433_S4508_id5_s1_90.png,1,VALID,-0.91845703,0.44604492,1.6992188,-2.8688989,LCC-FASD external-dev / cross-domain stress set,False
FT720P_SSM2433_S4508_id5_s1_105.png,1,VALID,-0.93603516,0.43188477,1.765625,-2.9355378,LCC-FASD external-dev / cross-domain stress set,False
FT720P_SSM2433_S4508_id5_s1_120.png,1,VALID,-1.1123047,0.5859375,1.8496094,-3.2108145,LCC-FASD external-dev / cross-domain stress set,False
FT720P_SSM2433_S4508_id5_s1_135.png,1,VALID,-1.1523438,0.5463867,1.9589844,-3.329266,LCC-FASD external-dev / cross-domain stress set,False
FT720P_SSM2433_S4508_id5_s1_150.png,1,VALID,-1.2109375,0.43603516,2.1328125,-3.5120344,LCC-FASD external-dev / cross-domain stress set,False
FT720P_SSM2433_S4508_id9_s0_15.png,1,VALID,1.1738281,0.24487305,-1.3798828,0.7491703,LCC-FASD external-dev / cross-domain stress set,True
FT720P_SSM2433_S4508_id9_s0_30.png,1,VALID,1.4697266,-0.29345703,-1.2373047,1.4345076,LCC-FASD external-dev / cross-domain stress set,True
FT720P_SSM2433_S4508_id9_s0_45.png,1,VALID,0.41625977,1.1376953,-1.3017578,-0.80504894,LCC-FASD external-dev / cross-domain stress set,False
FT720P_SSM2433_S4508_id9_s0_60.png,1,VALID,0.7832031,0.76416016,-1.3974609,-0.08993548,LCC-FASD external-dev / cross-domain stress set,False
FT720P_SSM2433_S4508_id9_s0_75.png,1,VALID,0.4741211,1.0419922,-1.2832031,-0.6611469,LCC-FASD external-dev / cross-domain stress set,False
FT720P_SSM2433_S4508_id9_s0_90.png,1,VALID,0.4855957,1.0351562,-1.2285156,-0.6484716,LCC-FASD external-dev / cross-domain stress set,False
FT720P_SSM2433_S4508_id9_s0_105.png,1,VALID,-0.27929688,1.9238281,-1.1367188,-2.248922,LCC-FASD external-dev / cross-domain stress set,False
FT720P_SSM2433_S4508_id9_s0_120.png,1,VALID,-0.14294434,1.7529297,-1.1455078,-1.9495183,LCC-FASD external-dev / cross-domain stress set,False
FT720P_SSM2433_S4508_id9_s0_135.png,1,VALID,0.37548828,1.1679688,-1.2578125,-0.8771975,LCC-FASD external-dev / cross-domain stress set,False
FT720P_SSM2433_S4508_id9_s0_150.png,1,VALID,0.55371094,0.99316406,-1.2783203,-0.5376309,LCC-FASD external-dev / cross-domain stress set,False
YOUTUBE_AA6000_HUAWEIY9_id39_s1_15.png,1,VALID,0.15551758,0.31054688,0.17016602,-0.78044736,LCC-FASD external-dev / cross-domain stress set,False
YOUTUBE_AA6000_HUAWEIY9_id39_s1_30.png,1,VALID,1.2832031,-0.22509766,-0.94140625,1.1104968,LCC-FASD external-dev / cross-domain stress set,True
YOUTUBE_AA6000_HUAWEIY9_id39_s1_58.png,1,VALID,0.03842163,0.57666016,0.033081055,-0.9960849,LCC-FASD external-dev / cross-domain stress set,False
YOUTUBE_AA6000_HUAWEIY9_id39_s1_87.png,1,VALID,1.5273438,-0.43969727,-1.0976562,1.5497084,LCC-FASD external-dev / cross-domain stress set,True
YOUTUBE_AA6000_HUAWEIY9_id39_s1_102.png,1,VALID,1.4638672,-0.49658203,-0.89990234,1.448765,LCC-FASD external-dev / cross-domain stress set,True
YOUTUBE_AA6000_HUAWEIY9_id39_s1_117.png,1,VALID,0.9916992,-0.3544922,-0.50097656,0.7236066,LCC-FASD external-dev / cross-domain stress set,True
YOUTUBE_AA6000_HUAWEIY9_id39_s1_132.png,1,VALID,1.0625,-0.3474121,-0.4387207,0.76137745,LCC-FASD external-dev / cross-domain stress set,True
YOUTUBE_AA6000_HUAWEIY9_id42_s0_15.png,1,VALID,-0.78271484,2.4472656,-1.1025391,-3.2583058,LCC-FASD external-dev / cross-domain stress set,False
YOUTUBE_AA6000_HUAWEIY9_id42_s0_30.png,1,VALID,-0.8647461,2.1191406,-0.625,-3.0462074,LCC-FASD external-dev / cross-domain stress set,False
YOUTUBE_AA6000_HUAWEIY9_id42_s0_45.png,1,VALID,0.7807617,0.79003906,-1.5351562,-0.10255307,LCC-FASD external-dev / cross-domain stress set,False
YOUTUBE_AA6000_HUAWEIY9_id42_s0_60.png,1,VALID,0.64160156,1.0683594,-1.6308594,-0.4918506,LCC-FASD external-dev / cross-domain stress set,False
YOUTUBE_AA6000_HUAWEIY9_id42_s0_75.png,1,VALID,1.1152344,0.32006836,-1.3974609,0.63006765,LCC-FASD external-dev / cross-domain stress set,True
YOUTUBE_AA6000_HUAWEIY9_id42_s0_90.png,1,VALID,0.020080566,1.4912109,-1.1425781,-1.5404752,LCC-FASD external-dev / cross-domain stress set,False
YOUTUBE_AA6000_HUAWEIY9_id42_s0_105.png,1,VALID,0.7519531,0.78125,-1.3740234,-0.13893265,LCC-FASD external-dev / cross-domain stress set,False
YOUTUBE_AA6000_HUAWEIY9_id42_s0_120.png,1,VALID,0.47460938,1.296875,-1.5966797,-0.8761656,LCC-FASD external-dev / cross-domain stress set,False
YOUTUBE_AA6000_HUAWEIY9_id42_s0_135.png,1,VALID,0.22583008,1.4267578,-1.4335938,-1.2565976,LCC-FASD external-dev / cross-domain stress set,False
YOUTUBE_AA6000_HUAWEIY9_id42_s0_150.png,1,VALID,1.2558594,0.17016602,-1.3720703,0.8918532,LCC-FASD external-dev / cross-domain stress set,True
YOUTUBE_AA6000_HUAWEIY9_id42_s1_65.png,1,VALID,-1.4492188,2.5507812,0.017440796,-4.0763993,LCC-FASD external-dev / cross-domain stress set,False
YOUTUBE_AA6000_HUAWEIY9_id42_s1_142.png,1,VALID,-1.4189453,2.0898438,0.48095703,-3.6912026,LCC-FASD external-dev / cross-domain stress set,False
YOUTUBE_AAL1917_SGT3SMT310_id42_s0_16.png,1,VALID,1.9941406,-0.83447266,-1.5,2.4138565,LCC-FASD external-dev / cross-domain stress set,True
YOUTUBE_AAL1917_SGT3SMT310_id42_s0_106.png,1,VALID,2.2226562,-1.3603516,-1.2910156,2.8545918,LCC-FASD external-dev / cross-domain stress set,True
YOUTUBE_AAL1917_SGT3SMT310_id42_s0_121.png,1,VALID,2.2421875,-1.3759766,-1.3144531,2.8937821,LCC-FASD external-dev / cross-domain stress set,True
YOUTUBE_AAL1917_SGT3SMT310_id42_s0_136.png,1,VALID,2.21875,-1.4150391,-1.2099609,2.8328547,LCC-FASD external-dev / cross-domain stress set,True
FT720P_SSM2433_S4508_id0_s1_15.png,1,VALID,2.0761719,-0.51220703,-2.0,2.3847275,LCC-FASD external-dev / cross-domain stress set,True
FT720P_SSM2433_S4508_id0_s1_30.png,1,VALID,2.0761719,-0.46411133,-2.0488281,2.3537989,LCC-FASD external-dev / cross-domain stress set,True
FT720P_SSM2433_S4508_id0_s1_45.png,1,VALID,2.0625,-0.47460938,-2.0195312,2.343742,LCC-FASD external-dev / cross-domain stress set,True
FT720P_SSM2433_S4508_id0_s1_60.png,1,VALID,2.2910156,-0.6567383,-2.1523438,2.7455375,LCC-FASD external-dev / cross-domain stress set,True
FT720P_SSM2433_S4508_id0_s1_75.png,1,VALID,1.8642578,-0.23205566,-1.9990234,1.9385833,LCC-FASD external-dev / cross-domain stress set,True
FT720P_SSM2433_S4508_id0_s1_90.png,1,VALID,2.2050781,-0.50439453,-2.1972656,2.5405822,LCC-FASD external-dev / cross-domain stress set,True
FT720P_SSM2433_S4508_id0_s1_150.png,1,VALID,1.2734375,0.7138672,-2.1933594,0.5063831,LCC-FASD external-dev / cross-domain stress set,True
FT720P_SSM2433_S4508_id0_s2_15.png,1,VALID,0.83251953,0.734375,-1.4267578,-0.010884345,LCC-FASD external-dev / cross-domain stress set,False
FT720P_SSM2433_S4508_id0_s2_30.png,1,VALID,1.5830078,-0.2310791,-1.4638672,1.5582991,LCC-FASD external-dev / cross-domain stress set,True
FT720P_SSM2433_S4508_id0_s2_45.png,1,VALID,2.0722656,-0.8989258,-1.5097656,2.5375311,LCC-FASD external-dev / cross-domain stress set,True
FT720P_SSM2433_S4508_id0_s2_60.png,1,VALID,1.65625,-0.41918945,-1.4091797,1.7594758,LCC-FASD external-dev / cross-domain stress set,True
FT720P_SSM2433_S4508_id0_s2_75.png,1,VALID,1.7011719,-0.5073242,-1.3769531,1.8584683,LCC-FASD external-dev / cross-domain stress set,True
FT720P_SSM2433_S4508_id0_s2_90.png,1,VALID,1.9003906,-0.84814453,-1.3193359,2.263484,LCC-FASD external-dev / cross-domain stress set,True
FT720P_SSM2433_S4508_id0_s2_105.png,1,VALID,1.8837891,-0.79296875,-1.375,2.2328658,LCC-FASD external-dev / cross-domain stress set,True
FT720P_SSM2433_S4508_id0_s2_120.png,1,VALID,1.8691406,-0.6948242,-1.4765625,2.1871667,LCC-FASD external-dev / cross-domain stress set,True
FT720P_SSM2433_S4508_id0_s2_135.png,1,VALID,1.6582031,-0.55908203,-1.2734375,1.8188396,LCC-FASD external-dev / cross-domain stress set,True
FT720P_SSM2433_S4508_id0_s2_150.png,1,VALID,1.2011719,0.10809326,-1.3330078,0.88065875,LCC-FASD external-dev / cross-domain stress set,True
FT720P_SSM2433_S4508_id0_s3_15.png,1,VALID,-1.4667969,2.5175781,-0.35351562,-4.039466,LCC-FASD external-dev / cross-domain stress set,False
FT720P_SSM2433_S4508_id0_s3_30.png,1,VALID,-1.4453125,2.6347656,-0.55566406,-4.120408,LCC-FASD external-dev / cross-domain stress set,False
FT720P_SSM2433_S4508_id0_s3_45.png,1,VALID,-1.1875,2.546875,-0.7602539,-3.7703416,LCC-FASD external-dev / cross-domain stress set,False
FT720P_SSM2433_S4508_id0_s3_60.png,1,VALID,-0.89160156,2.2285156,-0.8095703,-3.1669307,LCC-FASD external-dev / cross-domain stress set,False
FT720P_SSM2433_S4508_id0_s3_75.png,1,VALID,-0.78125,1.9511719,-0.71777344,-2.7994497,LCC-FASD external-dev / cross-domain stress set,False
FT720P_SSM2433_S4508_id0_s3_90.png,1,VALID,-1.1640625,2.2929688,-0.5131836,-3.5157125,LCC-FASD external-dev / cross-domain stress set,False
FT720P_SSM2433_S4508_id0_s3_105.png,1,VALID,-1.2539062,2.3457031,-0.42260742,-3.6604862,LCC-FASD external-dev / cross-domain stress set,False
FT720P_SSM2433_S4508_id0_s3_120.png,1,VALID,-1.6230469,2.7089844,-0.28442383,-4.380932,LCC-FASD external-dev / cross-domain stress set,False
FT720P_SSM2433_S4508_id0_s3_135.png,1,VALID,-1.2978516,2.5683594,-0.6484375,-3.9055116,LCC-FASD external-dev / cross-domain stress set,False
FT720P_SSM2433_S4508_id0_s3_150.png,1,VALID,-1.0556641,2.3847656,-0.82910156,-3.4798434,LCC-FASD external-dev / cross-domain stress set,False
FT720P_SSM2433_S4508_id12_s0_15.png,1,VALID,2.2753906,-1.5517578,-1.1171875,2.8932931,LCC-FASD external-dev / cross-domain stress set,True
FT720P_SSM2433_S4508_id12_s0_30.png,1,VALID,2.0664062,-1.4169922,-0.89746094,2.4971194,LCC-FASD external-dev / cross-domain stress set,True
FT720P_SSM2433_S4508_id12_s0_45.png,1,VALID,1.9238281,-1.3632812,-0.65527344,2.1785655,LCC-FASD external-dev / cross-domain stress set,True
FT720P_SSM2433_S4508_id12_s0_60.png,1,VALID,1.8730469,-1.5273438,-0.4501953,2.030151,LCC-FASD external-dev / cross-domain stress set,True
FT720P_SSM2433_S4508_id12_s0_75.png,1,VALID,1.9433594,-1.375,-0.7182617,2.2438717,LCC-FASD external-dev / cross-domain stress set,True
FT720P_SSM2433_S4508_id12_s0_90.png,1,VALID,1.2841797,-1.4511719,0.3959961,0.7417629,LCC-FASD external-dev / cross-domain stress set,True
FT720P_SSM2433_S4508_id12_s0_105.png,1,VALID,1.8378906,-1.5458984,-0.31884766,1.8996526,LCC-FASD external-dev / cross-domain stress set,True
FT720P_SSM2433_S4508_id12_s0_120.png,1,VALID,1.5986328,-1.7578125,0.29492188,1.182925,LCC-FASD external-dev / cross-domain stress set,True
FT720P_SSM2433_S4508_id12_s0_135.png,1,VALID,1.6611328,-1.4951172,-0.1451416,1.5757608,LCC-FASD external-dev / cross-domain stress set,True
FT720P_SSM2433_S4508_id12_s0_150.png,1,VALID,1.8466797,-1.5537109,-0.35717773,1.9397714,LCC-FASD external-dev / cross-domain stress set,True
FT720P_SSM2433_S4508_id12_s1_15.png,1,VALID,1.8789062,-1.7236328,-0.18676758,1.8708851,LCC-FASD external-dev / cross-domain stress set,True
FT720P_SSM2433_S4508_id12_s1_30.png,1,VALID,1.4208984,-1.6699219,0.46362305,0.8453613,LCC-FASD external-dev / cross-domain stress set,True
FT720P_SSM2433_S4508_id12_s1_45.png,1,VALID,2.1386719,-1.7333984,-0.59375,2.454842,LCC-FASD external-dev / cross-domain stress set,True
FT720P_SSM2433_S4508_id12_s1_60.png,1,VALID,1.9638672,-1.8837891,-0.17089844,1.9689599,LCC-FASD external-dev / cross-domain stress set,True
FT720P_SSM2433_S4508_id12_s1_75.png,1,VALID,1.8447266,-1.765625,-0.15539551,1.8179324,LCC-FASD external-dev / cross-domain stress set,True
FT720P_SSM2433_S4508_id12_s1_90.png,1,VALID,1.9970703,-1.8417969,-0.22277832,2.0391173,LCC-FASD external-dev / cross-domain stress set,True
FT720P_SSM2433_S4508_id12_s1_105.png,1,VALID,1.6591797,-1.7177734,0.15649414,1.3599131,LCC-FASD external-dev / cross-domain stress set,True
FT720P_SSM2433_S4508_id12_s1_120.png,1,VALID,1.5351562,-1.9130859,0.54833984,0.9049478,LCC-FASD external-dev / cross-domain stress set,True
FT720P_SSM2433_S4508_id12_s1_135.png,1,VALID,1.7216797,-1.8154297,0.09899902,1.4851595,LCC-FASD external-dev / cross-domain stress set,True
FT720P_SSM2433_S4508_id12_s1_150.png,1,VALID,2.1621094,-1.7060547,-0.76660156,2.598802,LCC-FASD external-dev / cross-domain stress set,True
FT720P_SSM2433_S4508_id12_s2_15.png,1,VALID,2.1835938,-1.4316406,-1.03125,2.7019854,LCC-FASD external-dev / cross-domain stress set,True
FT720P_SSM2433_S4508_id12_s2_30.png,1,VALID,1.3408203,-0.22521973,-1.1201172,1.2234087,LCC-FASD external-dev / cross-domain stress set,True
FT720P_SSM2433_S4508_id12_s2_45.png,1,VALID,1.0664062,-0.09338379,-0.9008789,0.79100704,LCC-FASD external-dev / cross-domain stress set,True
FT720P_SSM2433_S4508_id12_s2_60.png,1,VALID,1.6826172,-0.59521484,-1.2333984,1.853708,LCC-FASD external-dev / cross-domain stress set,True
FT720P_SSM2433_S4508_id12_s2_75.png,1,VALID,1.5117188,-0.32739258,-1.2421875,1.5022115,LCC-FASD external-dev / cross-domain stress set,True
FT720P_SSM2433_S4508_id12_s2_90.png,1,VALID,1.1630859,-0.11126709,-1.0048828,0.9313496,LCC-FASD external-dev / cross-domain stress set,True
FT720P_SSM2433_S4508_id12_s2_105.png,1,VALID,1.7558594,-0.59814453,-1.2900391,1.9481211,LCC-FASD external-dev / cross-domain stress set,True
FT720P_SSM2433_S4508_id12_s2_120.png,1,VALID,1.6289062,-0.41992188,-1.3164062,1.7066568,LCC-FASD external-dev / cross-domain stress set,True
FT720P_SSM2433_S4508_id12_s2_135.png,1,VALID,1.3203125,-0.7817383,-0.43725586,1.2219017,LCC-FASD external-dev / cross-domain stress set,True
FT720P_SSM2433_S4508_id12_s2_150.png,1,VALID,1.2441406,-0.73095703,-0.44140625,1.1267315,LCC-FASD external-dev / cross-domain stress set,True
FT720P_SSM20B370_BQ5204_id5_s0_15.png,1,VALID,1.6494141,-0.72509766,-0.8955078,1.762944,LCC-FASD external-dev / cross-domain stress set,True
FT720P_SSM20B370_BQ5204_id5_s0_30.png,1,VALID,2.3105469,-1.1259766,-1.421875,2.8804207,LCC-FASD external-dev / cross-domain stress set,True
FT720P_SSM20B370_BQ5204_id5_s0_45.png,1,VALID,2.3242188,-1.3632812,-1.1826172,2.8999465,LCC-FASD external-dev / cross-domain stress set,True
FT720P_SSM20B370_BQ5204_id5_s0_60.png,1,VALID,2.3789062,-1.3056641,-1.3300781,3.0035558,LCC-FASD external-dev / cross-domain stress set,True
FT720P_SSM20B370_BQ5204_id5_s0_75.png,1,VALID,2.0585938,-0.77978516,-1.4238281,2.4162765,LCC-FASD external-dev / cross-domain stress set,True
FT720P_SSM20B370_BQ5204_id5_s0_90.png,1,VALID,1.8515625,-0.84814453,-1.0390625,2.0974696,LCC-FASD external-dev / cross-domain stress set,True
FT720P_SSM20B370_BQ5204_id5_s0_105.png,1,VALID,1.6992188,-0.56396484,-1.1464844,1.8194666,LCC-FASD external-dev / cross-domain stress set,True
FT720P_SSM20B370_BQ5204_id5_s0_120.png,1,VALID,1.7802734,-0.9223633,-0.91064453,2.003613,LCC-FASD external-dev / cross-domain stress set,True
FT720P_SSM20B370_BQ5204_id5_s0_135.png,1,VALID,2.3105469,-1.0888672,-1.5273438,2.9016626,LCC-FASD external-dev / cross-domain stress set,True
FT720P_SSM20B370_BQ5204_id5_s0_150.png,1,VALID,2.4492188,-1.1142578,-1.6455078,3.1010833,LCC-FASD external-dev / cross-domain stress set,True
FT720P_SSM20B370_BQ5204_id9_s0_15.png,1,VALID,-0.25634766,1.7548828,-0.94970703,-2.0759857,LCC-FASD external-dev / cross-domain stress set,False
FT720P_SSM20B370_BQ5204_id9_s0_30.png,1,VALID,-0.4650879,2.1054688,-1.1054688,-2.6100838,LCC-FASD external-dev / cross-domain stress set,False
FT720P_SSM20B370_BQ5204_id9_s0_45.png,1,VALID,0.18286133,1.3632812,-1.1796875,-1.256114,LCC-FASD external-dev / cross-domain stress set,False
FT720P_SSM20B370_BQ5204_id9_s0_60.png,1,VALID,-0.24584961,1.8212891,-1.0986328,-2.1196723,LCC-FASD external-dev / cross-domain stress set,False
FT720P_SSM20B370_BQ5204_id9_s0_75.png,1,VALID,0.20019531,1.4199219,-1.3085938,-1.2829982,LCC-FASD external-dev / cross-domain stress set,False
FT720P_SSM20B370_BQ5204_id9_s0_90.png,1,VALID,-0.19335938,1.7314453,-1.0507812,-1.984865,LCC-FASD external-dev / cross-domain stress set,False
FT720P_SSM20B370_BQ5204_id9_s0_105.png,1,VALID,-0.030166626,1.5839844,-1.1171875,-1.6791208,LCC-FASD external-dev / cross-domain stress set,False
FT720P_SSM20B370_BQ5204_id9_s0_120.png,1,VALID,0.18408203,1.2929688,-1.0976562,-1.1965059,LCC-FASD external-dev / cross-domain stress set,False
FT720P_SSM20B370_BQ5204_id9_s0_135.png,1,VALID,0.04837036,1.5683594,-1.2255859,-1.5793699,LCC-FASD external-dev / cross-domain stress set,False
FT720P_SSM20B370_BQ5204_id9_s0_150.png,1,VALID,0.06750488,1.4794922,-1.2041016,-1.4780719,LCC-FASD external-dev / cross-domain stress set,False
FT720P_SSM20B370_BQ5204_id9_s1_95.png,1,VALID,-1.3896484,1.2490234,1.3925781,-3.4061701,LCC-FASD external-dev / cross-domain stress set,False
FT720P_SSM20B370_BQ5204_id12_s1_30.png,1,VALID,1.8007812,-1.5419922,-0.30493164,1.8508877,LCC-FASD external-dev / cross-domain stress set,True
FT720P_SSM20B370_BQ5204_id12_s1_45.png,1,VALID,2.1699219,-1.4296875,-1.1132812,2.735797,LCC-FASD external-dev / cross-domain stress set,True
FT720P_SSM20B370_BQ5204_id12_s1_60.png,1,VALID,2.1738281,-1.5029297,-0.99560547,2.6981153,LCC-FASD external-dev / cross-domain stress set,True
FT720P_SSM20B370_BQ5204_id12_s1_75.png,1,VALID,2.3300781,-1.5859375,-1.2050781,3.0144155,LCC-FASD external-dev / cross-domain stress set,True
FT720P_SSM20B370_BQ5204_id12_s1_90.png,1,VALID,2.3222656,-1.6347656,-1.1826172,3.0124698,LCC-FASD external-dev / cross-domain stress set,True
FT720P_SSM20B370_BQ5204_id12_s2_15.png,1,VALID,1.2441406,0.0016174316,-1.1816406,0.9753404,LCC-FASD external-dev / cross-domain stress set,True
FT720P_SSM20B370_BQ5204_id12_s2_30.png,1,VALID,1.2949219,-0.44799805,-0.6567383,1.1487062,LCC-FASD external-dev / cross-domain stress set,True
FT720P_SSM20B370_BQ5204_id12_s2_45.png,1,VALID,1.3798828,-0.17077637,-1.1269531,1.2254215,LCC-FASD external-dev / cross-domain stress set,True
FT720P_SSM20B370_BQ5204_id12_s2_60.png,1,VALID,1.8847656,-0.88964844,-1.09375,2.1781194,LCC-FASD external-dev / cross-domain stress set,True
FT720P_SSM20B370_BQ5204_id12_s2_75.png,1,VALID,1.8574219,-0.74560547,-1.1865234,2.1062324,LCC-FASD external-dev / cross-domain stress set,True
FT720P_SSM20B370_BQ5204_id12_s2_90.png,1,VALID,0.9765625,-0.03366089,-0.65283203,0.5794866,LCC-FASD external-dev / cross-domain stress set,True
FT720P_SSM20B370_BQ5204_id12_s2_105.png,1,VALID,1.9150391,-0.70751953,-1.3134766,2.1871774,LCC-FASD external-dev / cross-domain stress set,True
FT720P_SSM20B370_BQ5204_id12_s2_120.png,1,VALID,2.078125,-1.1474609,-1.0205078,2.466949,LCC-FASD external-dev / cross-domain stress set,True
FT720P_SSM20B370_BQ5204_id12_s2_135.png,1,VALID,2.0585938,-1.1035156,-1.0908203,2.4625945,LCC-FASD external-dev / cross-domain stress set,True
FT720P_SSM20B370_BQ5204_id12_s2_150.png,1,VALID,2.0703125,-0.8852539,-1.3525391,2.4690123,LCC-FASD external-dev / cross-domain stress set,True
FT720P_SSM2433_S4508_id0_s0_15.png,1,VALID,1.2480469,0.18457031,-1.6181641,0.9108864,LCC-FASD external-dev / cross-domain stress set,True
FT720P_SSM2433_S4508_id0_s0_30.png,1,VALID,-0.2064209,1.7353516,-1.1630859,-1.9954168,LCC-FASD external-dev / cross-domain stress set,False
FT720P_SSM2433_S4508_id0_s0_45.png,1,VALID,0.9135742,0.7939453,-1.7460938,0.04372084,LCC-FASD external-dev / cross-domain stress set,False
FT720P_SSM2433_S4508_id0_s0_60.png,1,VALID,0.9394531,0.8027344,-1.7900391,0.06457269,LCC-FASD external-dev / cross-domain stress set,False
FT720P_SSM2433_S4508_id0_s0_75.png,1,VALID,1.2519531,0.59033203,-2.0136719,0.59025276,LCC-FASD external-dev / cross-domain stress set,True
FT720P_SSM2433_S4508_id0_s0_90.png,1,VALID,0.7783203,1.0703125,-1.8339844,-0.3453313,LCC-FASD external-dev / cross-domain stress set,False
FT720P_SSM2433_S4508_id0_s0_105.png,1,VALID,-0.027648926,1.8310547,-1.515625,-1.8932993,LCC-FASD external-dev / cross-domain stress set,False
FT720P_SSM2433_S4508_id0_s0_120.png,1,VALID,0.6689453,1.1582031,-1.7412109,-0.5428512,LCC-FASD external-dev / cross-domain stress set,False
FT720P_SSM2433_S4508_id0_s0_135.png,1,VALID,1.703125,-0.10021973,-1.8730469,1.6464673,LCC-FASD external-dev / cross-domain stress set,True
FT720P_SSM2433_S4508_id0_s0_150.png,1,VALID,1.7089844,-0.13061523,-1.8291016,1.6715796,LCC-FASD external-dev / cross-domain stress set,True
FT720P_SSM2433_S4508_id0_s1_105.png,1,VALID,1.8261719,0.13671875,-2.3613281,1.6104151,LCC-FASD external-dev / cross-domain stress set,True
FT720P_SSM2433_S4508_id0_s1_120.png,1,VALID,0.73095703,1.1787109,-1.9101562,-0.4923004,LCC-FASD external-dev / cross-domain stress set,False
FT720P_SSM2433_S4508_id0_s1_135.png,1,VALID,0.21472168,1.5703125,-1.5761719,-1.397695,LCC-FASD external-dev / cross-domain stress set,False
FT720P_NEC90GX2_ZC554KL_id9_s0_15.png,1,VALID,-0.19238281,1.7148438,-1.0400391,-1.9689015,LCC-FASD external-dev / cross-domain stress set,False
FT720P_NEC90GX2_ZC554KL_id9_s0_30.png,1,VALID,0.055236816,1.5947266,-1.2626953,-1.5953184,LCC-FASD external-dev / cross-domain stress set,False
FT720P_NEC90GX2_ZC554KL_id9_s0_45.png,1,VALID,-0.6743164,2.2421875,-0.9921875,-2.955133,LCC-FASD external-dev / cross-domain stress set,False
FT720P_NEC90GX2_ZC554KL_id9_s0_60.png,1,VALID,-0.15112305,1.6904297,-1.0683594,-1.9029944,LCC-FASD external-dev / cross-domain stress set,False
FT720P_NEC90GX2_ZC554KL_id9_s0_75.png,1,VALID,-0.121154785,1.6025391,-1.0244141,-1.7934983,LCC-FASD external-dev / cross-domain stress set,False
FT720P_NEC90GX2_ZC554KL_id9_s0_90.png,1,VALID,-0.59228516,2.1582031,-1.0605469,-2.7897139,LCC-FASD external-dev / cross-domain stress set,False
FT720P_NEC90GX2_ZC554KL_id9_s0_105.png,1,VALID,-0.14550781,1.6699219,-1.0839844,-1.8771629,LCC-FASD external-dev / cross-domain stress set,False
FT720P_NEC90GX2_ZC554KL_id9_s0_120.png,1,VALID,-0.14086914,1.6601562,-1.0966797,-1.8625835,LCC-FASD external-dev / cross-domain stress set,False
FT720P_NEC90GX2_ZC554KL_id9_s0_135.png,1,VALID,-0.06652832,1.6972656,-1.2470703,-1.8150923,LCC-FASD external-dev / cross-domain stress set,False
FT720P_NEC90GX2_ZC554KL_id9_s0_150.png,1,VALID,0.26831055,1.2011719,-1.1865234,-1.0207267,LCC-FASD external-dev / cross-domain stress set,False
FT720P_NEC90GX2_ZC554KL_id12_s2_17.png,1,VALID,2.3261719,-1.5742188,-1.2041016,3.0051584,LCC-FASD external-dev / cross-domain stress set,True
FT720P_NEC90GX2_ZC554KL_id12_s2_32.png,1,VALID,0.9716797,0.64160156,-1.5078125,0.21983236,LCC-FASD external-dev / cross-domain stress set,True
FT720P_NEC90GX2_ZC554KL_id12_s2_47.png,1,VALID,1.1708984,0.2109375,-1.2724609,0.75549847,LCC-FASD external-dev / cross-domain stress set,True
FT720P_NEC90GX2_ZC554KL_id12_s2_62.png,1,VALID,0.6503906,0.9765625,-1.3691406,-0.41763818,LCC-FASD external-dev / cross-domain stress set,False
FT720P_NEC90GX2_ZC554KL_id12_s2_77.png,1,VALID,0.38793945,0.96777344,-0.92285156,-0.7204454,LCC-FASD external-dev / cross-domain stress set,False
FT720P_NEC90GX2_ZC554KL_id12_s2_92.png,1,VALID,0.98779297,0.32617188,-1.1083984,0.4479481,LCC-FASD external-dev / cross-domain stress set,True
FT720P_SSM20B370_BQ5204_id0_s0_15.png,1,VALID,1.5478516,-0.6845703,-0.8911133,1.6372231,LCC-FASD external-dev / cross-domain stress set,True
FT720P_SSM20B370_BQ5204_id0_s0_30.png,1,VALID,1.3916016,-0.4584961,-1.0048828,1.3932817,LCC-FASD external-dev / cross-domain stress set,True
FT720P_SSM20B370_BQ5204_id0_s0_45.png,1,VALID,1.4746094,-0.20422363,-1.4013672,1.4148886,LCC-FASD external-dev / cross-domain stress set,True
FT720P_SSM20B370_BQ5204_id0_s0_60.png,1,VALID,1.4824219,-0.21386719,-1.4365234,1.4382055,LCC-FASD external-dev / cross-domain stress set,True
FT720P_SSM20B370_BQ5204_id0_s0_75.png,1,VALID,1.7529297,-0.62353516,-1.3623047,1.985977,LCC-FASD external-dev / cross-domain stress set,True
FT720P_SSM20B370_BQ5204_id0_s0_90.png,1,VALID,1.5244141,-0.24926758,-1.4375,1.5076629,LCC-FASD external-dev / cross-domain stress set,True
FT720P_SSM20B370_BQ5204_id0_s0_105.png,1,VALID,1.9023438,-0.8276367,-1.3701172,2.2717304,LCC-FASD external-dev / cross-domain stress set,True
FT720P_SSM20B370_BQ5204_id0_s0_121.png,1,VALID,1.9746094,-0.7885742,-1.5205078,2.370481,LCC-FASD external-dev / cross-domain stress set,True
FT720P_SSM20B370_BQ5204_id0_s0_136.png,1,VALID,1.6992188,-0.57373047,-1.3554688,1.8961512,LCC-FASD external-dev / cross-domain stress set,True
FT720P_SSM20B370_BQ5204_id0_s0_151.png,1,VALID,1.734375,-0.61865234,-1.3535156,1.9612751,LCC-FASD external-dev / cross-domain stress set,True
FT720P_SSM20B370_BQ5204_id0_s1_15.png,1,VALID,1.1367188,-0.050201416,-1.0751953,0.88031924,LCC-FASD external-dev / cross-domain stress set,True
FT720P_SSM20B370_BQ5204_id0_s1_30.png,1,VALID,1.6103516,-0.65478516,-1.0966797,1.768724,LCC-FASD external-dev / cross-domain stress set,True
FT720P_SSM20B370_BQ5204_id0_s1_45.png,1,VALID,1.4052734,-0.36157227,-1.0800781,1.3697623,LCC-FASD external-dev / cross-domain stress set,True
FT720P_SSM20B370_BQ5204_id0_s1_60.png,1,VALID,1.4804688,-0.34399414,-1.2646484,1.4892354,LCC-FASD external-dev / cross-domain stress set,True
FT720P_SSM20B370_BQ5204_id0_s1_75.png,1,VALID,1.1621094,-0.08728027,-1.0976562,0.93890786,LCC-FASD external-dev / cross-domain stress set,True
FT720P_SSM20B370_BQ5204_id0_s1_90.png,1,VALID,1.1455078,-0.09320068,-1.0380859,0.910323,LCC-FASD external-dev / cross-domain stress set,True
FT720P_SSM20B370_BQ5204_id0_s1_105.png,1,VALID,1.1484375,-0.03378296,-1.0761719,0.88018346,LCC-FASD external-dev / cross-domain stress set,True
FT720P_SSM20B370_BQ5204_id0_s1_120.png,1,VALID,1.2451172,-0.033050537,-1.2089844,1.0092628,LCC-FASD external-dev / cross-domain stress set,True
FT720P_SSM20B370_BQ5204_id0_s1_135.png,1,VALID,1.2861328,-0.1550293,-1.1552734,1.127966,LCC-FASD external-dev / cross-domain stress set,True
FT720P_SSM20B370_BQ5204_id0_s1_150.png,1,VALID,1.1787109,-0.10510254,-1.0449219,0.9540074,LCC-FASD external-dev / cross-domain stress set,True
FT720P_SSM20B370_BQ5204_id0_s3_15.png,1,VALID,-0.7524414,1.1425781,0.45581055,-2.3026156,LCC-FASD external-dev / cross-domain stress set,False
FT720P_SSM20B370_BQ5204_id0_s3_32.png,1,VALID,-0.5366211,1.0126953,0.34521484,-1.9634105,LCC-FASD external-dev / cross-domain stress set,False
FT720P_SSM20B370_BQ5204_id0_s3_47.png,1,VALID,-0.42919922,1.0703125,0.072387695,-1.813332,LCC-FASD external-dev / cross-domain stress set,False
FT720P_SSM20B370_BQ5204_id0_s3_62.png,1,VALID,-1.2597656,1.7832031,0.4868164,-3.2847521,LCC-FASD external-dev / cross-domain stress set,False
FT720P_SSM20B370_BQ5204_id0_s3_77.png,1,VALID,-0.66015625,1.2207031,0.24365234,-2.200345,LCC-FASD external-dev / cross-domain stress set,False
FT720P_SSM20B370_BQ5204_id0_s3_92.png,1,VALID,-0.7739258,1.2753906,0.28979492,-2.3664725,LCC-FASD external-dev / cross-domain stress set,False
FT720P_SSM20B370_BQ5204_id0_s3_107.png,1,VALID,-0.84521484,1.3759766,0.32128906,-2.520037,LCC-FASD external-dev / cross-domain stress set,False
FT720P_SSM20B370_BQ5204_id0_s3_122.png,1,VALID,-0.7080078,1.1982422,0.35351562,-2.2636971,LCC-FASD external-dev / cross-domain stress set,False
FT720P_SSM20B370_BQ5204_id0_s3_137.png,1,VALID,-0.40600586,1.0214844,0.10028076,-1.7625613,LCC-FASD external-dev / cross-domain stress set,False
FT720P_SSM20B370_BQ5204_id0_s3_152.png,1,VALID,-0.89208984,1.3652344,0.40014648,-2.5800958,LCC-FASD external-dev / cross-domain stress set,False
FT720P_SSM20B370_BQ5204_id12_s1_15.png,1,VALID,1.9785156,-1.7177734,-0.32299805,2.0800605,LCC-FASD external-dev / cross-domain stress set,True
FT720P_SSM20B370_BQ5204_id12_s1_105.png,1,VALID,2.3339844,-1.6005859,-1.1972656,3.0195658,LCC-FASD external-dev / cross-domain stress set,True
FT720P_SSM20B370_BQ5204_id12_s1_120.png,1,VALID,2.1875,-1.5410156,-0.91845703,2.6764045,LCC-FASD external-dev / cross-domain stress set,True
FT720P_SSM20B370_BQ5204_id12_s1_135.png,1,VALID,2.0722656,-1.4189453,-0.89501953,2.502174,LCC-FASD external-dev / cross-domain stress set,True
FT720P_SSM20B370_BQ5204_id12_s1_150.png,1,VALID,2.140625,-1.5849609,-0.7988281,2.5640326,LCC-FASD external-dev / cross-domain stress set,True
FT720P_MBP1314_X014D_id9_s0_15.png,1,VALID,0.14501953,0.8022461,-0.40576172,-0.9186611,LCC-FASD external-dev / cross-domain stress set,False
FT720P_MBP1314_X014D_id9_s0_30.png,1,VALID,-0.10803223,1.5380859,-0.8408203,-1.7347258,LCC-FASD external-dev / cross-domain stress set,False
FT720P_MBP1314_X014D_id9_s0_45.png,1,VALID,-0.10131836,1.4589844,-0.7548828,-1.6640114,LCC-FASD external-dev / cross-domain stress set,False
FT720P_MBP1314_X014D_id9_s0_60.png,1,VALID,-0.25830078,1.6982422,-0.8408203,-2.0325224,LCC-FASD external-dev / cross-domain stress set,False
FT720P_MBP1314_X014D_id9_s0_75.png,1,VALID,-0.3330078,1.7958984,-0.85595703,-2.197051,LCC-FASD external-dev / cross-domain stress set,False
FT720P_MBP1314_X014D_id9_s0_90.png,1,VALID,0.000487566,1.4765625,-0.98095703,-1.5582511,LCC-FASD external-dev / cross-domain stress set,False
FT720P_MBP1314_X014D_id9_s0_135.png,1,VALID,0.2355957,1.0751953,-0.8564453,-0.9749259,LCC-FASD external-dev / cross-domain stress set,False
FT720P_MBP1314_X014D_id9_s0_150.png,1,VALID,0.39111328,0.8901367,-0.87939453,-0.65638006,LCC-FASD external-dev / cross-domain stress set,False
FT720P_NEC90GX2_ZC554KL_id0_s0_15.png,1,VALID,2.2207031,-1.6328125,-1.2558594,2.9542344,LCC-FASD external-dev / cross-domain stress set,True
FT720P_NEC90GX2_ZC554KL_id0_s0_30.png,1,VALID,2.1679688,-1.4960938,-1.2431641,2.8364751,LCC-FASD external-dev / cross-domain stress set,True
FT720P_NEC90GX2_ZC554KL_id0_s0_45.png,1,VALID,2.3183594,-1.5839844,-1.4560547,3.1431873,LCC-FASD external-dev / cross-domain stress set,True
FT720P_NEC90GX2_ZC554KL_id0_s0_60.png,1,VALID,2.2207031,-1.5634766,-1.234375,2.913004,LCC-FASD external-dev / cross-domain stress set,True
FT720P_NEC90GX2_ZC554KL_id0_s0_75.png,1,VALID,2.1640625,-1.4541016,-1.1933594,2.7861714,LCC-FASD external-dev / cross-domain stress set,True
FT720P_NEC90GX2_ZC554KL_id0_s0_90.png,1,VALID,2.2167969,-1.4287109,-1.3623047,2.9186063,LCC-FASD external-dev / cross-domain stress set,True
FT720P_NEC90GX2_ZC554KL_id0_s0_105.png,1,VALID,2.0273438,-1.2851562,-1.2197266,2.586103,LCC-FASD external-dev / cross-domain stress set,True
FT720P_NEC90GX2_ZC554KL_id0_s0_120.png,1,VALID,1.546875,-0.6870117,-1.1660156,1.751831,LCC-FASD external-dev / cross-domain stress set,True
FT720P_NEC90GX2_ZC554KL_id0_s0_135.png,1,VALID,2.1582031,-1.4267578,-1.2539062,2.801658,LCC-FASD external-dev / cross-domain stress set,True
FT720P_NEC90GX2_ZC554KL_id0_s0_150.png,1,VALID,2.1875,-1.4482422,-1.2714844,2.8503158,LCC-FASD external-dev / cross-domain stress set,True
FT720P_NEC90GX2_ZC554KL_id0_s1_15.png,1,VALID,2.3945312,-1.7626953,-1.4501953,3.2956717,LCC-FASD external-dev / cross-domain stress set,True
FT720P_NEC90GX2_ZC554KL_id0_s1_30.png,1,VALID,2.3320312,-1.5458984,-1.4472656,3.1342506,LCC-FASD external-dev / cross-domain stress set,True
FT720P_NEC90GX2_ZC554KL_id0_s1_45.png,1,VALID,2.4453125,-1.7285156,-1.5195312,3.3707395,LCC-FASD external-dev / cross-domain stress set,True
FT720P_NEC90GX2_ZC554KL_id0_s1_60.png,1,VALID,2.4628906,-1.640625,-1.5722656,3.3756046,LCC-FASD external-dev / cross-domain stress set,True
FT720P_NEC90GX2_ZC554KL_id0_s1_75.png,1,VALID,2.4277344,-1.5986328,-1.4892578,3.2770379,LCC-FASD external-dev / cross-domain stress set,True
FT720P_NEC90GX2_ZC554KL_id0_s1_90.png,1,VALID,2.4433594,-1.6582031,-1.5429688,3.3491392,LCC-FASD external-dev / cross-domain stress set,True
FT720P_NEC90GX2_ZC554KL_id0_s1_105.png,1,VALID,2.3378906,-1.5917969,-1.4355469,3.1553667,LCC-FASD external-dev / cross-domain stress set,True
FT720P_NEC90GX2_ZC554KL_id0_s1_120.png,1,VALID,2.3027344,-1.4140625,-1.4482422,3.0405936,LCC-FASD external-dev / cross-domain stress set,True
FT720P_NEC90GX2_ZC554KL_id0_s1_135.png,1,VALID,2.4824219,-1.7226562,-1.5263672,3.408978,LCC-FASD external-dev / cross-domain stress set,True
FT720P_NEC90GX2_ZC554KL_id0_s1_150.png,1,VALID,2.2890625,-1.5878906,-1.3623047,3.0646653,LCC-FASD external-dev / cross-domain stress set,True
FT720P_NEC90GX2_ZC554KL_id0_s2_15.png,1,VALID,1.9482422,-1.1582031,-1.1757812,2.4220486,LCC-FASD external-dev / cross-domain stress set,True
FT720P_NEC90GX2_ZC554KL_id0_s2_30.png,1,VALID,0.85546875,0.15136719,-0.9707031,0.42223257,LCC-FASD external-dev / cross-domain stress set,True
FT720P_NEC90GX2_ZC554KL_id0_s2_45.png,1,VALID,1.3808594,-0.40820312,-1.1337891,1.3942938,LCC-FASD external-dev / cross-domain stress set,True
FT720P_NEC90GX2_ZC554KL_id0_s2_60.png,1,VALID,1.0839844,0.111816406,-1.2695312,0.7480331,LCC-FASD external-dev / cross-domain stress set,True
FT720P_NEC90GX2_ZC554KL_id0_s2_75.png,1,VALID,0.75146484,0.4970703,-1.2060547,0.08709055,LCC-FASD external-dev / cross-domain stress set,False
FT720P_NEC90GX2_ZC554KL_id0_s2_90.png,1,VALID,1.0859375,0.088378906,-1.2041016,0.75493497,LCC-FASD external-dev / cross-domain stress set,True
FT720P_NEC90GX2_ZC554KL_id0_s2_105.png,1,VALID,1.5371094,-0.4440918,-1.3125,1.6308126,LCC-FASD external-dev / cross-domain stress set,True
FT720P_NEC90GX2_ZC554KL_id0_s2_120.png,1,VALID,1.0273438,0.34887695,-1.4052734,0.518856,LCC-FASD external-dev / cross-domain stress set,True
FT720P_NEC90GX2_ZC554KL_id0_s2_135.png,1,VALID,1.0419922,0.06060791,-1.0888672,0.7061775,LCC-FASD external-dev / cross-domain stress set,True
FT720P_NEC90GX2_ZC554KL_id0_s2_150.png,1,VALID,1.3076172,-0.13293457,-1.3476562,1.1806577,LCC-FASD external-dev / cross-domain stress set,True
FT720P_NEC90GX2_ZC554KL_id0_s3_15.png,1,VALID,-0.6176758,1.5966797,-0.49194336,-2.3311224,LCC-FASD external-dev / cross-domain stress set,False
FT720P_NEC90GX2_ZC554KL_id0_s3_30.png,1,VALID,-0.25805664,1.2890625,-0.6176758,-1.6856318,LCC-FASD external-dev / cross-domain stress set,False
FT720P_NEC90GX2_ZC554KL_id0_s3_45.png,1,VALID,-0.47851562,1.3408203,-0.42456055,-1.9772979,LCC-FASD external-dev / cross-domain stress set,False
FT720P_NEC90GX2_ZC554KL_id0_s3_60.png,1,VALID,-0.73046875,1.5527344,-0.3347168,-2.4242315,LCC-FASD external-dev / cross-domain stress set,False
FT720P_NEC90GX2_ZC554KL_id0_s3_75.png,1,VALID,-0.8623047,1.8310547,-0.3935547,-2.7960148,LCC-FASD external-dev / cross-domain stress set,False
FT720P_NEC90GX2_ZC554KL_id0_s3_90.png,1,VALID,-1.1064453,1.9521484,-0.13378906,-3.175657,LCC-FASD external-dev / cross-domain stress set,False
FT720P_NEC90GX2_ZC554KL_id0_s3_105.png,1,VALID,-1.1884766,2.1113281,-0.27270508,-3.3879786,LCC-FASD external-dev / cross-domain stress set,False
FT720P_NEC90GX2_ZC554KL_id0_s3_120.png,1,VALID,-0.46875,1.2988281,-0.42236328,-1.93212,LCC-FASD external-dev / cross-domain stress set,False
FT720P_NEC90GX2_ZC554KL_id0_s3_135.png,1,VALID,-0.6616211,1.7138672,-0.5888672,-2.470785,LCC-FASD external-dev / cross-domain stress set,False
FT720P_NEC90GX2_ZC554KL_id0_s3_150.png,1,VALID,-1.0507812,1.8945312,-0.24475098,-3.0566206,LCC-FASD external-dev / cross-domain stress set,False
FT720P_NEC90GX2_ZC554KL_id12_s1_15.png,1,VALID,2.4179688,-1.5146484,-1.3046875,3.1289892,LCC-FASD external-dev / cross-domain stress set,True
FT720P_NEC90GX2_ZC554KL_id12_s1_142.png,1,VALID,1.4130859,-0.5751953,-0.7109375,1.3607037,LCC-FASD external-dev / cross-domain stress set,True
FT720P_NEC90GX2_ZC554KL_id12_s2_107.png,1,VALID,-0.4567871,1.5078125,-0.23291016,-2.1262026,LCC-FASD external-dev / cross-domain stress set,False
FT720P_NEC90GX2_ZC554KL_id12_s2_122.png,1,VALID,0.123291016,1.0976562,-0.69189453,-1.1288317,LCC-FASD external-dev / cross-domain stress set,False
FT720P_NEC90GX2_ZC554KL_id12_s2_137.png,1,VALID,0.34472656,1.0644531,-1.0498047,-0.8337004,LCC-FASD external-dev / cross-domain stress set,False
FT720P_NEC90GX2_ZC554KL_id12_s2_152.png,1,VALID,0.55615234,0.8955078,-1.1621094,-0.4595871,LCC-FASD external-dev / cross-domain stress set,False
FT720P_MBP1314_X014D_id0_s0_15.png,1,VALID,1.5019531,-1.4882812,-0.08355713,1.3660256,LCC-FASD external-dev / cross-domain stress set,True
FT720P_MBP1314_X014D_id0_s0_30.png,1,VALID,0.042816162,-0.28271484,0.9448242,-1.158983,LCC-FASD external-dev / cross-domain stress set,False
FT720P_MBP1314_X014D_id0_s0_45.png,1,VALID,0.9013672,-1.4414062,0.8652344,-0.0588094,LCC-FASD external-dev / cross-domain stress set,False
FT720P_MBP1314_X014D_id0_s0_60.png,1,VALID,0.7363281,-1.2607422,0.92578125,-0.2958889,LCC-FASD external-dev / cross-domain stress set,False
FT720P_MBP1314_X014D_id0_s0_75.png,1,VALID,1.2089844,-1.296875,0.24597168,0.7692801,LCC-FASD external-dev / cross-domain stress set,True
FT720P_MBP1314_X014D_id0_s0_90.png,1,VALID,0.9707031,-1.5830078,0.94970703,-0.05544913,LCC-FASD external-dev / cross-domain stress set,False
FT720P_MBP1314_X014D_id0_s0_150.png,1,VALID,0.8984375,-1.4150391,0.9199219,-0.113894224,LCC-FASD external-dev / cross-domain stress set,False
FT720P_MBP1314_X014D_id0_s3_15.png,1,VALID,-1.5273438,2.828125,-0.34985352,-4.3962936,LCC-FASD external-dev / cross-domain stress set,False
FT720P_MBP1314_X014D_id0_s3_30.png,1,VALID,-1.1591797,2.6035156,-0.82470703,-3.7946248,LCC-FASD external-dev / cross-domain stress set,False
FT720P_MBP1314_X014D_id0_s3_46.png,1,VALID,-1.3320312,2.6972656,-0.6010742,-4.065575,LCC-FASD external-dev / cross-domain stress set,False
FT720P_MBP1314_X014D_id0_s3_61.png,1,VALID,-1.1132812,2.6191406,-0.8046875,-3.7644897,LCC-FASD external-dev / cross-domain stress set,False
FT720P_MBP1314_X014D_id0_s3_76.png,1,VALID,-1.2197266,2.6738281,-0.74121094,-3.925901,LCC-FASD external-dev / cross-domain stress set,False
FT720P_MBP1314_X014D_id0_s3_91.png,1,VALID,-1.2011719,2.5566406,-0.6166992,-3.7988236,LCC-FASD external-dev / cross-domain stress set,False
FT720P_MBP1314_X014D_id0_s3_106.png,1,VALID,-1.0117188,2.4824219,-0.8286133,-3.5299695,LCC-FASD external-dev / cross-domain stress set,False
FT720P_MBP1314_X014D_id0_s3_121.png,1,VALID,-1.4355469,2.7949219,-0.54833984,-4.2651806,LCC-FASD external-dev / cross-domain stress set,False
FT720P_MBP1314_X014D_id0_s3_136.png,1,VALID,-1.2392578,2.7167969,-0.7480469,-3.9868534,LCC-FASD external-dev / cross-domain stress set,False
FT720P_MBP1314_X014D_id0_s3_151.png,1,VALID,-1.2246094,2.8730469,-0.94384766,-4.119414,LCC-FASD external-dev / cross-domain stress set,False
FT720P_MBP1314_X014D_id5_s1_15.png,1,VALID,0.21057129,1.2646484,-1.0185547,-1.1511649,LCC-FASD external-dev / cross-domain stress set,False
FT720P_MBP1314_X014D_id5_s1_30.png,1,VALID,0.12371826,1.2041016,-0.7963867,-1.2072531,LCC-FASD external-dev / cross-domain stress set,False
FT720P_MBP1314_X014D_id5_s1_45.png,1,VALID,-0.1126709,1.4550781,-0.68896484,-1.6785568,LCC-FASD external-dev / cross-domain stress set,False
FT720P_MBP1314_X014D_id5_s1_60.png,1,VALID,-0.27539062,1.3896484,-0.3618164,-1.8250465,LCC-FASD external-dev / cross-domain stress set,False
FT720P_MBP1314_X014D_id5_s1_75.png,1,VALID,0.005420685,1.3222656,-0.7182617,-1.4390273,LCC-FASD external-dev / cross-domain stress set,False
FT720P_MBP1314_X014D_id5_s1_90.png,1,VALID,-0.24060059,1.5175781,-0.5810547,-1.8738475,LCC-FASD external-dev / cross-domain stress set,False
FT720P_MBP1314_X014D_id5_s1_105.png,1,VALID,0.26757812,0.8388672,-0.5214844,-0.79967535,LCC-FASD external-dev / cross-domain stress set,False
FT720P_MBP1314_X014D_id5_s1_120.png,1,VALID,0.3227539,1.0292969,-0.8691406,-0.8461331,LCC-FASD external-dev / cross-domain stress set,False
FT720P_MBP1314_X014D_id5_s1_135.png,1,VALID,0.39575195,1.1816406,-1.1865234,-0.8754116,LCC-FASD external-dev / cross-domain stress set,False
FT720P_MBP1314_X014D_id5_s1_150.png,1,VALID,0.3330078,1.3027344,-1.2099609,-1.0476588,LCC-FASD external-dev / cross-domain stress set,False
FT720P_MBP1314_X014D_id9_s0_105.png,1,VALID,-0.17919922,1.5419922,-0.7758789,-1.8151217,LCC-FASD external-dev / cross-domain stress set,False
FT720P_MBP1314_X014D_id9_s0_120.png,1,VALID,-0.22705078,1.5683594,-0.71875,-1.8921372,LCC-FASD external-dev / cross-domain stress set,False
FT720P_MBP1314_X014D_id12_s0_15.png,1,VALID,1.8115234,-1.2685547,-0.796875,2.123535,LCC-FASD external-dev / cross-domain stress set,True
FT720P_MBP1314_X014D_id12_s0_30.png,1,VALID,2.0097656,-1.234375,-1.1357422,2.5004616,LCC-FASD external-dev / cross-domain stress set,True
FT720P_MBP1314_X014D_id12_s0_45.png,1,VALID,2.0019531,-1.4208984,-0.89941406,2.4353473,LCC-FASD external-dev / cross-domain stress set,True
FT720P_MBP1314_X014D_id12_s0_60.png,1,VALID,1.9453125,-1.5419922,-0.68115234,2.2738333,LCC-FASD external-dev / cross-domain stress set,True
FT720P_MBP1314_X014D_id12_s0_75.png,1,VALID,1.6582031,-1.3857422,-0.39746094,1.7392372,LCC-FASD external-dev / cross-domain stress set,True
FT720P_MBP1314_X014D_id12_s0_90.png,1,VALID,1.7880859,-1.3740234,-0.57958984,1.9948461,LCC-FASD external-dev / cross-domain stress set,True
FT720P_MBP1314_X014D_id12_s0_105.png,1,VALID,2.203125,-1.3955078,-1.2529297,2.8316576,LCC-FASD external-dev / cross-domain stress set,True
FT720P_MBP1314_X014D_id12_s0_120.png,1,VALID,1.9570312,-1.3876953,-0.9057617,2.381857,LCC-FASD external-dev / cross-domain stress set,True
FT720P_MBP1314_X014D_id12_s0_135.png,1,VALID,2.0488281,-1.4619141,-0.90722656,2.5022748,LCC-FASD external-dev / cross-domain stress set,True
FT720P_MBP1314_X014D_id12_s0_150.png,1,VALID,2.1152344,-1.4951172,-0.97509766,2.6237662,LCC-FASD external-dev / cross-domain stress set,True
FT720P_MBP1314_X014D_id12_s1_15.png,1,VALID,1.9130859,-1.4189453,-0.73046875,2.2365303,LCC-FASD external-dev / cross-domain stress set,True
FT720P_MBP1314_X014D_id12_s1_30.png,1,VALID,1.9482422,-1.4902344,-0.70703125,2.278935,LCC-FASD external-dev / cross-domain stress set,True
FT720P_MBP1314_X014D_id12_s1_45.png,1,VALID,2.0117188,-1.4804688,-0.76464844,2.3784027,LCC-FASD external-dev / cross-domain stress set,True
FT720P_MBP1314_X014D_id12_s1_60.png,1,VALID,1.9306641,-1.3730469,-0.8022461,2.284978,LCC-FASD external-dev / cross-domain stress set,True
FT720P_MBP1314_X014D_id12_s1_75.png,1,VALID,2.328125,-1.6640625,-1.234375,3.0612931,LCC-FASD external-dev / cross-domain stress set,True
FT720P_MBP1314_X014D_id12_s1_90.png,1,VALID,2.2851562,-1.6914062,-1.0996094,2.944363,LCC-FASD external-dev / cross-domain stress set,True
FT720P_MBP1314_X014D_id12_s1_105.png,1,VALID,2.03125,-1.4521484,-0.8359375,2.4354138,LCC-FASD external-dev / cross-domain stress set,True
FT720P_MBP1314_X014D_id12_s1_120.png,1,VALID,2.1328125,-1.5117188,-0.984375,2.6533463,LCC-FASD external-dev / cross-domain stress set,True
FT720P_MBP1314_X014D_id12_s1_135.png,1,VALID,2.1152344,-1.7753906,-0.62646484,2.4663603,LCC-FASD external-dev / cross-domain stress set,True
FT720P_MBP1314_X014D_id12_s1_150.png,1,VALID,2.0527344,-1.3857422,-1.0234375,2.547858,LCC-FASD external-dev / cross-domain stress set,True
FT720P_MBP1314_X014D_id12_s2_15.png,1,VALID,1.953125,-1.4179688,-0.79541016,2.3189826,LCC-FASD external-dev / cross-domain stress set,True
FT720P_MBP1314_X014D_id12_s2_30.png,1,VALID,1.890625,-1.3886719,-0.7973633,2.247412,LCC-FASD external-dev / cross-domain stress set,True
FT720P_MBP1314_X014D_id12_s2_45.png,1,VALID,1.9541016,-1.4238281,-0.88183594,2.3775077,LCC-FASD external-dev / cross-domain stress set,True
FT720P_MBP1314_X014D_id12_s2_60.png,1,VALID,2.1601562,-1.4335938,-1.1816406,2.7667122,LCC-FASD external-dev / cross-domain stress set,True
FT720P_MBP1314_X014D_id12_s2_75.png,1,VALID,2.1308594,-1.3837891,-1.1757812,2.7120986,LCC-FASD external-dev / cross-domain stress set,True
FT720P_MBP1314_X014D_id12_s2_90.png,1,VALID,1.8447266,-1.4746094,-0.58154297,2.0831065,LCC-FASD external-dev / cross-domain stress set,True
FT720P_MBP1314_X014D_id12_s2_105.png,1,VALID,2.2226562,-1.5244141,-1.1826172,2.8684921,LCC-FASD external-dev / cross-domain stress set,True
FT720P_MBP1314_X014D_id12_s2_120.png,1,VALID,1.9277344,-1.4267578,-0.8154297,2.3096755,LCC-FASD external-dev / cross-domain stress set,True
FT720P_MBP1314_X014D_id12_s2_135.png,1,VALID,2.0605469,-1.4208984,-1.0449219,2.5827432,LCC-FASD external-dev / cross-domain stress set,True
FT720P_MBP1314_X014D_id12_s2_150.png,1,VALID,1.9853516,-1.3994141,-0.95703125,2.4461613,LCC-FASD external-dev / cross-domain stress set,True
FT720P_MBP1314_IPHONE8F_id5_s0_15.png,1,VALID,2.4042969,-1.4775391,-1.6269531,3.2606077,LCC-FASD external-dev / cross-domain stress set,True
FT720P_MBP1314_IPHONE8F_id5_s0_30.png,1,VALID,2.3808594,-1.4638672,-1.6503906,3.2404985,LCC-FASD external-dev / cross-domain stress set,True
FT720P_MBP1314_IPHONE8F_id5_s0_45.png,1,VALID,2.4511719,-1.5039062,-1.6835938,3.3477442,LCC-FASD external-dev / cross-domain stress set,True
FT720P_MBP1314_IPHONE8F_id5_s0_60.png,1,VALID,2.4042969,-1.4638672,-1.6699219,3.272746,LCC-FASD external-dev / cross-domain stress set,True
FT720P_MBP1314_IPHONE8F_id5_s0_75.png,1,VALID,2.4140625,-1.4492188,-1.6445312,3.2630296,LCC-FASD external-dev / cross-domain stress set,True
FT720P_MBP1314_IPHONE8F_id5_s0_90.png,1,VALID,2.4101562,-1.3955078,-1.7197266,3.2615438,LCC-FASD external-dev / cross-domain stress set,True
FT720P_MBP1314_IPHONE8F_id5_s0_105.png,1,VALID,2.3554688,-1.4365234,-1.6162109,3.1846583,LCC-FASD external-dev / cross-domain stress set,True
FT720P_MBP1314_IPHONE8F_id5_s0_120.png,1,VALID,2.3964844,-1.4570312,-1.6523438,3.253264,LCC-FASD external-dev / cross-domain stress set,True
FT720P_MBP1314_IPHONE8F_id5_s0_135.png,1,VALID,2.4179688,-1.3662109,-1.765625,3.2709293,LCC-FASD external-dev / cross-domain stress set,True
FT720P_MBP1314_IPHONE8F_id5_s0_150.png,1,VALID,2.4453125,-1.4257812,-1.7207031,3.3145742,LCC-FASD external-dev / cross-domain stress set,True
FT720P_MBP1314_IPHONE8F_id5_s1_15.png,1,VALID,0.32763672,1.2441406,-1.3759766,-0.98677063,LCC-FASD external-dev / cross-domain stress set,False
FT720P_MBP1314_IPHONE8F_id5_s1_30.png,1,VALID,0.45532227,1.2304688,-1.5429688,-0.83572114,LCC-FASD external-dev / cross-domain stress set,False
FT720P_MBP1314_IPHONE8F_id5_s1_45.png,1,VALID,0.06512451,1.4072266,-1.1542969,-1.4164551,LCC-FASD external-dev / cross-domain stress set,False
FT720P_MBP1314_IPHONE8F_id5_s1_60.png,1,VALID,1.3642578,0.20935059,-1.7783203,1.0265015,LCC-FASD external-dev / cross-domain stress set,True
FT720P_MBP1314_IPHONE8F_id5_s1_75.png,1,VALID,1.3378906,0.31225586,-1.8779297,0.91956806,LCC-FASD external-dev / cross-domain stress set,True
FT720P_MBP1314_IPHONE8F_id5_s1_90.png,1,VALID,0.51953125,0.9658203,-1.4355469,-0.5330117,LCC-FASD external-dev / cross-domain stress set,False
FT720P_MBP1314_IPHONE8F_id5_s1_105.png,1,VALID,1.0878906,0.54003906,-1.734375,0.44994736,LCC-FASD external-dev / cross-domain stress set,True
FT720P_MBP1314_IPHONE8F_id5_s1_120.png,1,VALID,0.5654297,1.1191406,-1.5732422,-0.6192359,LCC-FASD external-dev / cross-domain stress set,False
FT720P_MBP1314_IPHONE8F_id5_s1_135.png,1,VALID,0.9003906,0.83984375,-1.78125,-0.009653628,LCC-FASD external-dev / cross-domain stress set,False
FT720P_MBP1314_IPHONE8F_id5_s1_150.png,1,VALID,1.1123047,0.5854492,-1.8046875,0.43919528,LCC-FASD external-dev / cross-domain stress set,True
FT720P_MBP1314_IPHONE8F_id9_s0_15.png,1,VALID,1.9492188,-1.0556641,-1.2607422,2.4090266,LCC-FASD external-dev / cross-domain stress set,True
FT720P_MBP1314_IPHONE8F_id9_s0_30.png,1,VALID,1.9316406,-1.0683594,-1.2636719,2.3997483,LCC-FASD external-dev / cross-domain stress set,True
FT720P_MBP1314_IPHONE8F_id9_s0_45.png,1,VALID,1.7333984,-0.8378906,-1.2021484,2.0437763,LCC-FASD external-dev / cross-domain stress set,True
FT720P_MBP1314_IPHONE8F_id9_s0_60.png,1,VALID,1.9248047,-1.0908203,-1.2382812,2.3934927,LCC-FASD external-dev / cross-domain stress set,True
FT720P_MBP1314_IPHONE8F_id9_s0_75.png,1,VALID,2.09375,-1.2587891,-1.3466797,2.7023718,LCC-FASD external-dev / cross-domain stress set,True
FT720P_MBP1314_IPHONE8F_id9_s0_90.png,1,VALID,2.1230469,-1.3291016,-1.3525391,2.7706513,LCC-FASD external-dev / cross-domain stress set,True
FT720P_MBP1314_IPHONE8F_id9_s0_105.png,1,VALID,2.1875,-1.3427734,-1.3945312,2.8626704,LCC-FASD external-dev / cross-domain stress set,True
FT720P_MBP1314_IPHONE8F_id9_s0_120.png,1,VALID,2.1875,-1.4052734,-1.3466797,2.8699002,LCC-FASD external-dev / cross-domain stress set,True
FT720P_MBP1314_IPHONE8F_id9_s0_135.png,1,VALID,2.2714844,-1.5234375,-1.4042969,3.040431,LCC-FASD external-dev / cross-domain stress set,True
FT720P_MBP1314_IPHONE8F_id9_s0_150.png,1,VALID,2.0273438,-1.2080078,-1.3085938,2.5912333,LCC-FASD external-dev / cross-domain stress set,True
FT720P_MBP1314_IPHONE8F_id9_s1_24.png,1,VALID,1.46875,-0.51464844,-1.1191406,1.5474999,LCC-FASD external-dev / cross-domain stress set,True
FT720P_MBP1314_IPHONE8F_id9_s1_41.png,1,VALID,1.5498047,-0.28393555,-1.4414062,1.5604513,LCC-FASD external-dev / cross-domain stress set,True
FT720P_MBP1314_IPHONE8F_id9_s1_137.png,1,VALID,1.4365234,-0.23632812,-1.3779297,1.3957448,LCC-FASD external-dev / cross-domain stress set,True
FT720P_MBP1314_IPHONE8F_id12_s1_15.png,1,VALID,1.9326172,-0.9091797,-1.4160156,2.3702953,LCC-FASD external-dev / cross-domain stress set,True
FT720P_MBP1314_IPHONE8F_id12_s1_30.png,1,VALID,2.015625,-1.0712891,-1.4277344,2.5561912,LCC-FASD external-dev / cross-domain stress set,True
FT720P_MBP1314_IPHONE8F_id12_s1_45.png,1,VALID,2.0449219,-1.1367188,-1.3564453,2.5923338,LCC-FASD external-dev / cross-domain stress set,True
FT720P_MBP1314_IPHONE8F_id12_s1_60.png,1,VALID,2.0859375,-1.1884766,-1.3769531,2.6710713,LCC-FASD external-dev / cross-domain stress set,True
FT720P_MBP1314_IPHONE8F_id12_s1_75.png,1,VALID,2.1992188,-1.4238281,-1.390625,2.9131603,LCC-FASD external-dev / cross-domain stress set,True
FT720P_MBP1314_IPHONE8F_id12_s1_90.png,1,VALID,2.2460938,-1.4150391,-1.4482422,2.9844494,LCC-FASD external-dev / cross-domain stress set,True
FT720P_MBP1314_IPHONE8F_id12_s1_150.png,1,VALID,1.9501953,-0.8129883,-1.5214844,2.3628087,LCC-FASD external-dev / cross-domain stress set,True
FT720P_MBP1314_IPHONE8F_id12_s2_15.png,1,VALID,1.34375,-0.06512451,-1.5556641,1.2057288,LCC-FASD external-dev / cross-domain stress set,True
FT720P_MBP1314_IPHONE8F_id12_s2_30.png,1,VALID,1.453125,-0.11401367,-1.625,1.3677206,LCC-FASD external-dev / cross-domain stress set,True
FT720P_MBP1314_IPHONE8F_id12_s2_45.png,1,VALID,1.6347656,-0.4230957,-1.5703125,1.7821107,LCC-FASD external-dev / cross-domain stress set,True
FT720P_MBP1314_IPHONE8F_id12_s2_60.png,1,VALID,1.9892578,-1.0332031,-1.4521484,2.5170057,LCC-FASD external-dev / cross-domain stress set,True
FT720P_MBP1314_IPHONE8F_id12_s2_75.png,1,VALID,2.0390625,-1.1054688,-1.4658203,2.6154153,LCC-FASD external-dev / cross-domain stress set,True
FT720P_MBP1314_IPHONE8F_id12_s2_90.png,1,VALID,1.7148438,-0.45507812,-1.6347656,1.9019008,LCC-FASD external-dev / cross-domain stress set,True
FT720P_MBP1314_IPHONE8F_id12_s2_105.png,1,VALID,1.7382812,-0.66064453,-1.4404297,2.0215142,LCC-FASD external-dev / cross-domain stress set,True
FT720P_MBP1314_IPHONE8F_id12_s2_120.png,1,VALID,1.8251953,-0.82470703,-1.3759766,2.194874,LCC-FASD external-dev / cross-domain stress set,True
FT720P_MBP1314_IPHONE8F_id12_s2_135.png,1,VALID,2.0644531,-0.9746094,-1.5410156,2.5895414,LCC-FASD external-dev / cross-domain stress set,True
FT720P_MBP1314_IPHONE8F_id12_s2_150.png,1,VALID,2.0351562,-1.0693359,-1.4677734,2.5908496,LCC-FASD external-dev / cross-domain stress set,True
FT720P_MBP1314_X014D_id0_s0_105.png,1,VALID,0.54296875,-1.3349609,1.3164062,-0.8416145,LCC-FASD external-dev / cross-domain stress set,False
FT720P_MBP1314_X014D_id0_s0_120.png,1,VALID,0.73779297,-1.2753906,0.9580078,-0.32201636,LCC-FASD external-dev / cross-domain stress set,False
FT720P_MBP1314_X014D_id0_s0_135.png,1,VALID,0.8925781,-1.5634766,1.0576172,-0.23523962,LCC-FASD external-dev / cross-domain stress set,False
FT720P_MBP1314_IPHONE8F_id0_s0_15.png,1,VALID,2.2167969,-1.6611328,-1.4960938,3.0988622,LCC-FASD external-dev / cross-domain stress set,True
FT720P_MBP1314_IPHONE8F_id0_s0_30.png,1,VALID,2.25,-1.5693359,-1.4755859,3.0782156,LCC-FASD external-dev / cross-domain stress set,True
FT720P_MBP1314_IPHONE8F_id0_s0_45.png,1,VALID,2.2636719,-1.6455078,-1.5253906,3.1541715,LCC-FASD external-dev / cross-domain stress set,True
FT720P_MBP1314_IPHONE8F_id0_s0_60.png,1,VALID,2.2050781,-1.6455078,-1.5166016,3.09091,LCC-FASD external-dev / cross-domain stress set,True
FT720P_MBP1314_IPHONE8F_id0_s0_75.png,1,VALID,2.2714844,-1.5957031,-1.5888672,3.1706166,LCC-FASD external-dev / cross-domain stress set,True
FT720P_MBP1314_IPHONE8F_id0_s0_90.png,1,VALID,2.1386719,-1.6435547,-1.4677734,2.9973314,LCC-FASD external-dev / cross-domain stress set,True
FT720P_MBP1314_IPHONE8F_id0_s0_120.png,1,VALID,2.1796875,-1.5585938,-1.5009766,3.0159106,LCC-FASD external-dev / cross-domain stress set,True
FT720P_MBP1314_IPHONE8F_id0_s0_135.png,1,VALID,2.2675781,-1.5341797,-1.546875,3.1149383,LCC-FASD external-dev / cross-domain stress set,True
FT720P_MBP1314_IPHONE8F_id0_s0_150.png,1,VALID,2.2695312,-1.5742188,-1.5332031,3.1298847,LCC-FASD external-dev / cross-domain stress set,True
FT720P_MBP1314_IPHONE8F_id0_s1_15.png,1,VALID,2.3300781,-1.7626953,-1.4501953,3.2312186,LCC-FASD external-dev / cross-domain stress set,True
FT720P_MBP1314_IPHONE8F_id0_s1_30.png,1,VALID,2.3222656,-1.7724609,-1.4462891,3.2252536,LCC-FASD external-dev / cross-domain stress set,True
FT720P_MBP1314_IPHONE8F_id0_s1_45.png,1,VALID,2.2851562,-1.7119141,-1.4238281,3.1495416,LCC-FASD external-dev / cross-domain stress set,True
FT720P_MBP1314_IPHONE8F_id0_s1_60.png,1,VALID,2.3183594,-1.7099609,-1.4951172,3.2219925,LCC-FASD external-dev / cross-domain stress set,True
FT720P_MBP1314_IPHONE8F_id0_s1_75.png,1,VALID,2.3125,-1.7441406,-1.4892578,3.2279534,LCC-FASD external-dev / cross-domain stress set,True
FT720P_MBP1314_IPHONE8F_id0_s1_90.png,1,VALID,2.2832031,-1.7275391,-1.4375,3.162097,LCC-FASD external-dev / cross-domain stress set,True
FT720P_MBP1314_IPHONE8F_id0_s1_105.png,1,VALID,2.2480469,-1.6103516,-1.4746094,3.0950787,LCC-FASD external-dev / cross-domain stress set,True
FT720P_MBP1314_IPHONE8F_id0_s1_120.png,1,VALID,2.3046875,-1.7177734,-1.4589844,3.191571,LCC-FASD external-dev / cross-domain stress set,True
FT720P_MBP1314_IPHONE8F_id0_s1_135.png,1,VALID,2.2871094,-1.65625,-1.4394531,3.13595,LCC-FASD external-dev / cross-domain stress set,True
FT720P_MBP1314_IPHONE8F_id0_s1_150.png,1,VALID,2.3476562,-1.7695312,-1.4912109,3.2752285,LCC-FASD external-dev / cross-domain stress set,True
FT720P_MBP1314_IPHONE8F_id0_s2_15.png,1,VALID,1.6376953,-0.7783203,-1.2724609,1.9397224,LCC-FASD external-dev / cross-domain stress set,True
FT720P_MBP1314_IPHONE8F_id0_s2_30.png,1,VALID,1.7402344,-1.1425781,-1.0839844,2.1599393,LCC-FASD external-dev / cross-domain stress set,True
FT720P_MBP1314_IPHONE8F_id0_s2_45.png,1,VALID,1.3623047,-0.28857422,-1.34375,1.3521596,LCC-FASD external-dev / cross-domain stress set,True
FT720P_MBP1314_IPHONE8F_id0_s2_60.png,1,VALID,1.6962891,-0.6904297,-1.3173828,1.9586986,LCC-FASD external-dev / cross-domain stress set,True
FT720P_MBP1314_IPHONE8F_id0_s2_75.png,1,VALID,1.9775391,-1.1650391,-1.3193359,2.5236063,LCC-FASD external-dev / cross-domain stress set,True
FT720P_MBP1314_IPHONE8F_id0_s2_90.png,1,VALID,1.984375,-1.1455078,-1.3466797,2.5322714,LCC-FASD external-dev / cross-domain stress set,True
FT720P_MBP1314_IPHONE8F_id0_s2_105.png,1,VALID,1.9892578,-1.0947266,-1.4140625,2.537812,LCC-FASD external-dev / cross-domain stress set,True
FT720P_MBP1314_IPHONE8F_id0_s2_120.png,1,VALID,1.8916016,-0.8769531,-1.4775391,2.3312743,LCC-FASD external-dev / cross-domain stress set,True
FT720P_MBP1314_IPHONE8F_id0_s2_135.png,1,VALID,1.9863281,-1.2060547,-1.3222656,2.555654,LCC-FASD external-dev / cross-domain stress set,True
FT720P_MBP1314_IPHONE8F_id0_s2_150.png,1,VALID,1.9140625,-1.0214844,-1.3955078,2.4120257,LCC-FASD external-dev / cross-domain stress set,True
FT720P_MBP1314_IPHONE8F_id0_s3_16.png,1,VALID,-0.027648926,1.5917969,-1.2773438,-1.6746417,LCC-FASD external-dev / cross-domain stress set,False
FT720P_MBP1314_IPHONE8F_id0_s3_31.png,1,VALID,-0.037750244,1.4707031,-1.1474609,-1.5788528,LCC-FASD external-dev / cross-domain stress set,False
FT720P_MBP1314_IPHONE8F_id0_s3_46.png,1,VALID,0.42260742,1.2119141,-1.5195312,-0.8523989,LCC-FASD external-dev / cross-domain stress set,False
FT720P_MBP1314_IPHONE8F_id0_s3_61.png,1,VALID,0.17700195,1.2441406,-1.1826172,-1.1517764,LCC-FASD external-dev / cross-domain stress set,False
FT720P_MBP1314_IPHONE8F_id0_s3_76.png,1,VALID,0.082092285,1.2880859,-1.0380859,-1.2991824,LCC-FASD external-dev / cross-domain stress set,False
FT720P_MBP1314_IPHONE8F_id0_s3_91.png,1,VALID,0.028625488,1.3271484,-1.0810547,-1.3846793,LCC-FASD external-dev / cross-domain stress set,False
FT720P_MBP1314_IPHONE8F_id0_s3_106.png,1,VALID,0.13562012,1.2050781,-1.0839844,-1.166005,LCC-FASD external-dev / cross-domain stress set,False
FT720P_MBP1314_IPHONE8F_id0_s3_121.png,1,VALID,-0.2536621,1.5839844,-0.94970703,-1.9140198,LCC-FASD external-dev / cross-domain stress set,False
FT720P_MBP1314_IPHONE8F_id0_s3_136.png,1,VALID,-0.31176758,1.6650391,-0.9946289,-2.0444386,LCC-FASD external-dev / cross-domain stress set,False
FT720P_MBP1314_IPHONE8F_id0_s3_151.png,1,VALID,-0.16809082,1.5546875,-1.0810547,-1.7919925,LCC-FASD external-dev / cross-domain stress set,False
FT720P_MBP1314_IPHONE8F_id12_s0_15.png,1,VALID,1.09375,0.38305664,-1.4902344,0.5677909,LCC-FASD external-dev / cross-domain stress set,True
FT720P_MBP1314_IPHONE8F_id12_s0_30.png,1,VALID,1.3769531,0.044189453,-1.5927734,1.1549773,LCC-FASD external-dev / cross-domain stress set,True
FT720P_MBP1314_IPHONE8F_id12_s0_45.png,1,VALID,1.3730469,0.22058105,-1.7929688,1.0271434,LCC-FASD external-dev / cross-domain stress set,True
FT720P_MBP1314_IPHONE8F_id12_s0_60.png,1,VALID,1.5830078,-0.21154785,-1.5820312,1.5682298,LCC-FASD external-dev / cross-domain stress set,True
FT720P_MBP1314_IPHONE8F_id12_s0_75.png,1,VALID,1.3037109,0.0736084,-1.5732422,1.05392,LCC-FASD external-dev / cross-domain stress set,True
FT720P_MBP1314_IPHONE8F_id12_s0_90.png,1,VALID,1.5722656,-0.28833008,-1.5673828,1.615064,LCC-FASD external-dev / cross-domain stress set,True
FT720P_MBP1314_IPHONE8F_id12_s0_105.png,1,VALID,1.5800781,-0.14501953,-1.7011719,1.5336956,LCC-FASD external-dev / cross-domain stress set,True
FT720P_MBP1314_IPHONE8F_id12_s0_120.png,1,VALID,1.4755859,0.032318115,-1.7451172,1.2870582,LCC-FASD external-dev / cross-domain stress set,True
FT720P_MBP1314_IPHONE8F_id12_s0_135.png,1,VALID,1.6699219,-0.37963867,-1.5546875,1.7804469,LCC-FASD external-dev / cross-domain stress set,True
FT720P_MBP1314_IPHONE8F_id12_s0_150.png,1,VALID,1.7285156,-0.45532227,-1.5595703,1.8975618,LCC-FASD external-dev / cross-domain stress set,True
FT720P_MBP1314_IPHONE8F_id12_s1_105.png,1,VALID,2.3339844,-1.4121094,-1.421875,3.0578175,LCC-FASD external-dev / cross-domain stress set,True
FT720P_MBP1314_IPHONE8F_id12_s1_120.png,1,VALID,2.0917969,-1.1992188,-1.3720703,2.6805642,LCC-FASD external-dev / cross-domain stress set,True
FT720P_MBP1314_IPHONE8F_id12_s1_135.png,1,VALID,2.2148438,-1.4111328,-1.3378906,2.8955379,LCC-FASD external-dev / cross-domain stress set,True
FT720P_MBP1314_IPHONE7F_id5_s0_15.png,1,VALID,2.2304688,-1.0654297,-1.7587891,2.8905041,LCC-FASD external-dev / cross-domain stress set,True
FT720P_MBP1314_IPHONE7F_id5_s0_30.png,1,VALID,2.2363281,-1.2539062,-1.5927734,2.952235,LCC-FASD external-dev / cross-domain stress set,True
FT720P_MBP1314_IPHONE7F_id5_s0_45.png,1,VALID,2.1894531,-1.1640625,-1.6103516,2.8588202,LCC-FASD external-dev / cross-domain stress set,True
FT720P_MBP1314_IPHONE7F_id5_s0_60.png,1,VALID,2.3125,-1.3291016,-1.5644531,3.0592222,LCC-FASD external-dev / cross-domain stress set,True
FT720P_MBP1314_IPHONE7F_id5_s0_75.png,1,VALID,2.2753906,-1.2714844,-1.59375,3.0019345,LCC-FASD external-dev / cross-domain stress set,True
FT720P_MBP1314_IPHONE7F_id5_s0_90.png,1,VALID,2.2285156,-1.2939453,-1.4746094,2.9155715,LCC-FASD external-dev / cross-domain stress set,True
FT720P_MBP1314_IPHONE7F_id5_s0_105.png,1,VALID,2.3417969,-1.3144531,-1.5957031,3.0938725,LCC-FASD external-dev / cross-domain stress set,True
FT720P_MBP1314_IPHONE7F_id5_s0_120.png,1,VALID,2.2421875,-1.1484375,-1.6445312,2.9150715,LCC-FASD external-dev / cross-domain stress set,True
FT720P_MBP1314_IPHONE7F_id5_s0_135.png,1,VALID,2.2421875,-1.3056641,-1.4853516,2.9405177,LCC-FASD external-dev / cross-domain stress set,True
FT720P_MBP1314_IPHONE7F_id5_s0_150.png,1,VALID,2.3242188,-1.3232422,-1.578125,3.0736566,LCC-FASD external-dev / cross-domain stress set,True
FT720P_MBP1314_IPHONE7F_id5_s1_15.png,1,VALID,0.085754395,1.3232422,-1.1367188,-1.3194716,LCC-FASD external-dev / cross-domain stress set,False
FT720P_MBP1314_IPHONE7F_id5_s1_30.png,1,VALID,0.4975586,0.76123047,-1.1015625,-0.4079786,LCC-FASD external-dev / cross-domain stress set,False
FT720P_MBP1314_IPHONE7F_id5_s1_45.png,1,VALID,-0.39038086,1.6865234,-0.85498047,-2.1527052,LCC-FASD external-dev / cross-domain stress set,False
FT720P_MBP1314_IPHONE7F_id5_s1_60.png,1,VALID,0.52441406,0.9638672,-1.3886719,-0.53032374,LCC-FASD external-dev / cross-domain stress set,False
FT720P_MBP1314_IPHONE7F_id5_s1_75.png,1,VALID,0.27978516,1.2753906,-1.3847656,-1.0632056,LCC-FASD external-dev / cross-domain stress set,False
FT720P_MBP1314_IPHONE7F_id5_s1_90.png,1,VALID,0.32006836,1.0898438,-1.2421875,-0.86244416,LCC-FASD external-dev / cross-domain stress set,False
FT720P_MBP1314_IPHONE7F_id5_s1_105.png,1,VALID,0.5942383,0.9321289,-1.4619141,-0.4252236,LCC-FASD external-dev / cross-domain stress set,False
FT720P_MBP1314_IPHONE7F_id5_s1_120.png,1,VALID,0.27490234,1.2333984,-1.3603516,-1.0305741,LCC-FASD external-dev / cross-domain stress set,False
FT720P_MBP1314_IPHONE7F_id5_s1_135.png,1,VALID,0.6713867,0.7783203,-1.4121094,-0.21297562,LCC-FASD external-dev / cross-domain stress set,False
FT720P_MBP1314_IPHONE7F_id9_s0_15.png,1,VALID,1.2861328,-0.26831055,-1.0996094,1.1929418,LCC-FASD external-dev / cross-domain stress set,True
FT720P_MBP1314_IPHONE7F_id9_s0_30.png,1,VALID,1.5439453,-0.55029297,-1.1728516,1.6646857,LCC-FASD external-dev / cross-domain stress set,True
FT720P_MBP1314_IPHONE7F_id9_s0_45.png,1,VALID,1.5625,-0.69873047,-1.0820312,1.7414801,LCC-FASD external-dev / cross-domain stress set,True
FT720P_MBP1314_IPHONE7F_id9_s0_60.png,1,VALID,1.3984375,-0.49194336,-1.015625,1.4251789,LCC-FASD external-dev / cross-domain stress set,True
FT720P_MBP1314_IPHONE7F_id9_s0_75.png,1,VALID,1.5585938,-0.6621094,-1.0976562,1.7218019,LCC-FASD external-dev / cross-domain stress set,True
FT720P_MBP1314_IPHONE7F_id9_s0_90.png,1,VALID,1.7490234,-0.93066406,-1.1269531,2.0798764,LCC-FASD external-dev / cross-domain stress set,True
FT720P_MBP1314_IPHONE7F_id9_s0_105.png,1,VALID,1.8759766,-0.9838867,-1.2734375,2.3010478,LCC-FASD external-dev / cross-domain stress set,True
FT720P_MBP1314_IPHONE7F_id9_s0_120.png,1,VALID,1.6923828,-0.8383789,-1.1689453,1.9893003,LCC-FASD external-dev / cross-domain stress set,True
FT720P_MBP1314_IPHONE7F_id9_s0_135.png,1,VALID,1.5205078,-0.5839844,-1.1767578,1.6644375,LCC-FASD external-dev / cross-domain stress set,True
FT720P_MBP1314_IPHONE7F_id9_s0_150.png,1,VALID,1.5605469,-0.5864258,-1.1943359,1.7122805,LCC-FASD external-dev / cross-domain stress set,True
FT720P_MBP1314_IPHONE7F_id12_s1_15.png,1,VALID,1.2802734,0.031219482,-1.4248047,1.0394728,LCC-FASD external-dev / cross-domain stress set,True
FT720P_MBP1314_IPHONE7F_id12_s1_30.png,1,VALID,1.7910156,-0.70751953,-1.3867188,2.0883992,LCC-FASD external-dev / cross-domain stress set,True
FT720P_MBP1314_IPHONE7F_id12_s1_45.png,1,VALID,1.7207031,-0.5727539,-1.4287109,1.9393721,LCC-FASD external-dev / cross-domain stress set,True
FT720P_MBP1314_IPHONE7F_id12_s1_60.png,1,VALID,1.6943359,-0.47631836,-1.4472656,1.8494958,LCC-FASD external-dev / cross-domain stress set,True
FT720P_MBP1314_IPHONE7F_id12_s1_75.png,1,VALID,2.2675781,-1.3037109,-1.5146484,2.978059,LCC-FASD external-dev / cross-domain stress set,True
FT720P_MBP1314_IPHONE7F_id12_s1_90.png,1,VALID,2.3535156,-1.3251953,-1.5927734,3.1104298,LCC-FASD external-dev / cross-domain stress set,True
FT720P_MBP1314_IPHONE7F_id12_s1_105.png,1,VALID,1.5556641,-0.16491699,-1.515625,1.4902182,LCC-FASD external-dev / cross-domain stress set,True
FT720P_MBP1314_IPHONE7F_id12_s1_120.png,1,VALID,1.7148438,-0.38110352,-1.6142578,1.840242,LCC-FASD external-dev / cross-domain stress set,True
FT720P_MBP1314_IPHONE7F_id12_s1_135.png,1,VALID,1.7890625,-0.31079102,-1.8046875,1.897324,LCC-FASD external-dev / cross-domain stress set,True
FT720P_MBP1314_IPHONE7F_id12_s1_150.png,1,VALID,1.6660156,-0.41064453,-1.5175781,1.791052,LCC-FASD external-dev / cross-domain stress set,True
FT720P_MBP1314_IPHONE7F_id12_s2_15.png,1,VALID,0.390625,1.2597656,-1.6054688,-0.9245467,LCC-FASD external-dev / cross-domain stress set,False
FT720P_MBP1314_IPHONE7F_id12_s2_30.png,1,VALID,0.4169922,1.1337891,-1.4853516,-0.78713,LCC-FASD external-dev / cross-domain stress set,False
FT720P_MBP1314_IPHONE7F_id12_s2_45.png,1,VALID,0.59472656,1.0292969,-1.6298828,-0.5022342,LCC-FASD external-dev / cross-domain stress set,False
FT720P_MBP1314_IPHONE7F_id12_s2_60.png,1,VALID,0.8886719,0.6484375,-1.6513672,0.14467114,LCC-FASD external-dev / cross-domain stress set,False
FT720P_MBP1314_IPHONE7F_id12_s2_75.png,1,VALID,1.1826172,0.30908203,-1.7460938,0.7530266,LCC-FASD external-dev / cross-domain stress set,True
FT720P_MBP1314_IPHONE7F_id12_s2_90.png,1,VALID,1.0996094,0.53515625,-1.8505859,0.47642338,LCC-FASD external-dev / cross-domain stress set,True
FT720P_MBP1314_IPHONE7F_id12_s2_105.png,1,VALID,0.40185547,1.2148438,-1.5966797,-0.8713641,LCC-FASD external-dev / cross-domain stress set,False
FT720P_MBP1314_IPHONE7F_id12_s2_120.png,1,VALID,0.49121094,1.0810547,-1.5263672,-0.6609771,LCC-FASD external-dev / cross-domain stress set,False
FT720P_MBP1314_IPHONE7F_id12_s2_135.png,1,VALID,0.68115234,0.9140625,-1.5966797,-0.31098908,LCC-FASD external-dev / cross-domain stress set,False
FT720P_MBP1314_IPHONE7F_id12_s2_150.png,1,VALID,1.0683594,0.6899414,-1.9931641,0.31230205,LCC-FASD external-dev / cross-domain stress set,True
FT720P_MBP1314_IPHONE8F_id0_s0_105.png,1,VALID,2.1992188,-1.6035156,-1.5341797,3.0743184,LCC-FASD external-dev / cross-domain stress set,True
FT720P_MBP1314_IPHONE7F_id0_s0_15.png,1,VALID,2.2792969,-1.5410156,-1.5302734,3.12178,LCC-FASD external-dev / cross-domain stress set,True
FT720P_MBP1314_IPHONE7F_id0_s0_30.png,1,VALID,2.2285156,-1.4775391,-1.5791016,3.0623999,LCC-FASD external-dev / cross-domain stress set,True
FT720P_MBP1314_IPHONE7F_id0_s0_45.png,1,VALID,2.2871094,-1.6445312,-1.6318359,3.2321258,LCC-FASD external-dev / cross-domain stress set,True
FT720P_MBP1314_IPHONE7F_id0_s0_60.png,1,VALID,2.2539062,-1.6142578,-1.6191406,3.1774554,LCC-FASD external-dev / cross-domain stress set,True
FT720P_MBP1314_IPHONE7F_id0_s0_75.png,1,VALID,2.2480469,-1.5976562,-1.6103516,3.1588836,LCC-FASD external-dev / cross-domain stress set,True
FT720P_MBP1314_IPHONE7F_id0_s0_90.png,1,VALID,2.203125,-1.5683594,-1.5654297,3.0768714,LCC-FASD external-dev / cross-domain stress set,True
FT720P_MBP1314_IPHONE7F_id0_s0_120.png,1,VALID,2.2167969,-1.5351562,-1.5527344,3.0675564,LCC-FASD external-dev / cross-domain stress set,True
FT720P_MBP1314_IPHONE7F_id0_s0_135.png,1,VALID,2.234375,-1.6171875,-1.5791016,3.1391912,LCC-FASD external-dev / cross-domain stress set,True
FT720P_MBP1314_IPHONE7F_id0_s0_150.png,1,VALID,2.2226562,-1.5644531,-1.5839844,3.1036801,LCC-FASD external-dev / cross-domain stress set,True
FT720P_MBP1314_IPHONE7F_id0_s1_15.png,1,VALID,2.3222656,-1.7519531,-1.4775391,3.2344809,LCC-FASD external-dev / cross-domain stress set,True
FT720P_MBP1314_IPHONE7F_id0_s1_30.png,1,VALID,2.2929688,-1.7509766,-1.4335938,3.1795678,LCC-FASD external-dev / cross-domain stress set,True
FT720P_MBP1314_IPHONE7F_id0_s1_45.png,1,VALID,2.3027344,-1.6445312,-1.5537109,3.2076776,LCC-FASD external-dev / cross-domain stress set,True
FT720P_MBP1314_IPHONE7F_id0_s1_60.png,1,VALID,2.2441406,-1.6611328,-1.3935547,3.0694141,LCC-FASD external-dev / cross-domain stress set,True
FT720P_MBP1314_IPHONE7F_id0_s1_75.png,1,VALID,2.3125,-1.7451172,-1.4316406,3.1954982,LCC-FASD external-dev / cross-domain stress set,True
FT720P_MBP1314_IPHONE7F_id0_s1_90.png,1,VALID,2.296875,-1.7587891,-1.4345703,3.187325,LCC-FASD external-dev / cross-domain stress set,True
FT720P_MBP1314_IPHONE7F_id0_s1_105.png,1,VALID,2.3066406,-1.7255859,-1.4472656,3.1902676,LCC-FASD external-dev / cross-domain stress set,True
FT720P_MBP1314_IPHONE7F_id0_s1_120.png,1,VALID,2.2949219,-1.7412109,-1.4394531,3.1807675,LCC-FASD external-dev / cross-domain stress set,True
FT720P_MBP1314_IPHONE7F_id0_s1_135.png,1,VALID,2.2382812,-1.5742188,-1.5166016,3.0901294,LCC-FASD external-dev / cross-domain stress set,True
FT720P_MBP1314_IPHONE7F_id0_s1_150.png,1,VALID,2.2910156,-1.734375,-1.4453125,3.1773038,LCC-FASD external-dev / cross-domain stress set,True
FT720P_MBP1314_IPHONE7F_id0_s2_15.png,1,VALID,1.6621094,-0.8876953,-1.1914062,1.9970269,LCC-FASD external-dev / cross-domain stress set,True
FT720P_MBP1314_IPHONE7F_id0_s2_30.png,1,VALID,1.6982422,-1.1113281,-1.0332031,2.076598,LCC-FASD external-dev / cross-domain stress set,True
FT720P_MBP1314_IPHONE7F_id0_s2_45.png,1,VALID,1.765625,-1.1826172,-1.0966797,2.2112033,LCC-FASD external-dev / cross-domain stress set,True
FT720P_MBP1314_IPHONE7F_id0_s2_60.png,1,VALID,1.7695312,-0.8232422,-1.3085938,2.1131408,LCC-FASD external-dev / cross-domain stress set,True
FT720P_MBP1314_IPHONE7F_id0_s2_75.png,1,VALID,1.8642578,-1.1103516,-1.234375,2.3415523,LCC-FASD external-dev / cross-domain stress set,True
FT720P_MBP1314_IPHONE7F_id0_s2_90.png,1,VALID,1.9179688,-1.2226562,-1.2548828,2.4634614,LCC-FASD external-dev / cross-domain stress set,True
FT720P_MBP1314_IPHONE7F_id0_s2_105.png,1,VALID,1.8710938,-0.9765625,-1.3681641,2.331262,LCC-FASD external-dev / cross-domain stress set,True
FT720P_MBP1314_IPHONE7F_id0_s2_120.png,1,VALID,1.8417969,-0.9926758,-1.3183594,2.2909667,LCC-FASD external-dev / cross-domain stress set,True
FT720P_MBP1314_IPHONE7F_id0_s2_135.png,1,VALID,1.8623047,-1.0107422,-1.3349609,2.3289266,LCC-FASD external-dev / cross-domain stress set,True
FT720P_MBP1314_IPHONE7F_id0_s2_150.png,1,VALID,1.703125,-0.6381836,-1.3710938,1.9489229,LCC-FASD external-dev / cross-domain stress set,True
FT720P_MBP1314_IPHONE7F_id0_s3_15.png,1,VALID,0.15563965,1.3642578,-1.3701172,-1.2715316,LCC-FASD external-dev / cross-domain stress set,False
FT720P_MBP1314_IPHONE7F_id0_s3_30.png,1,VALID,0.8652344,0.625,-1.5722656,0.13487798,LCC-FASD external-dev / cross-domain stress set,False
FT720P_MBP1314_IPHONE7F_id0_s3_45.png,1,VALID,0.7841797,0.7661133,-1.5957031,-0.072001755,LCC-FASD external-dev / cross-domain stress set,False
FT720P_MBP1314_IPHONE7F_id0_s3_60.png,1,VALID,0.7260742,0.8129883,-1.5341797,-0.17825234,LCC-FASD external-dev / cross-domain stress set,False
FT720P_MBP1314_IPHONE7F_id0_s3_75.png,1,VALID,0.6479492,0.8520508,-1.4160156,-0.30259955,LCC-FASD external-dev / cross-domain stress set,False
FT720P_MBP1314_IPHONE7F_id0_s3_90.png,1,VALID,0.63720703,1.0107422,-1.5625,-0.44705296,LCC-FASD external-dev / cross-domain stress set,False
FT720P_MBP1314_IPHONE7F_id0_s3_105.png,1,VALID,0.40698242,1.1035156,-1.375,-0.777069,LCC-FASD external-dev / cross-domain stress set,False
FT720P_MBP1314_IPHONE7F_id0_s3_120.png,1,VALID,0.9819336,0.44140625,-1.4804688,0.40395975,LCC-FASD external-dev / cross-domain stress set,True
FT720P_MBP1314_IPHONE7F_id0_s3_135.png,1,VALID,0.65625,0.8618164,-1.4814453,-0.29724628,LCC-FASD external-dev / cross-domain stress set,False
FT720P_MBP1314_IPHONE7F_id0_s3_150.png,1,VALID,0.8100586,0.74560547,-1.6123047,-0.025952041,LCC-FASD external-dev / cross-domain stress set,False
FT720P_MBP1314_IPHONE7F_id12_s0_15.png,1,VALID,-0.5761719,2.1699219,-1.1806641,-2.7805567,LCC-FASD external-dev / cross-domain stress set,False
FT720P_MBP1314_IPHONE7F_id12_s0_30.png,1,VALID,0.3034668,1.3125,-1.5039062,-1.0671328,LCC-FASD external-dev / cross-domain stress set,False
FT720P_MBP1314_IPHONE7F_id12_s0_45.png,1,VALID,-0.05456543,1.5712891,-1.2617188,-1.6830243,LCC-FASD external-dev / cross-domain stress set,False
FT720P_MBP1314_IPHONE7F_id12_s0_60.png,1,VALID,0.5239258,0.9433594,-1.3496094,-0.5156218,LCC-FASD external-dev / cross-domain stress set,False
FT720P_MBP1314_IPHONE7F_id12_s0_75.png,1,VALID,0.20727539,1.328125,-1.3691406,-1.1860656,LCC-FASD external-dev / cross-domain stress set,False
FT720P_MBP1314_IPHONE7F_id12_s0_90.png,1,VALID,-0.19470215,1.8671875,-1.4072266,-2.0990305,LCC-FASD external-dev / cross-domain stress set,False
FT720P_MBP1314_IPHONE7F_id12_s0_105.png,1,VALID,-0.33129883,1.859375,-1.1552734,-2.2385712,LCC-FASD external-dev / cross-domain stress set,False
FT720P_MBP1314_IPHONE7F_id12_s0_120.png,1,VALID,0.22668457,1.4326172,-1.5380859,-1.255929,LCC-FASD external-dev / cross-domain stress set,False
FT720P_MBP1314_IPHONE7F_id12_s0_135.png,1,VALID,0.35205078,1.2431641,-1.4472656,-0.9567622,LCC-FASD external-dev / cross-domain stress set,False
FT720P_MBP1314_IPHONE7F_id12_s0_150.png,1,VALID,1.5712891,-0.08154297,-1.7666016,1.4827234,LCC-FASD external-dev / cross-domain stress set,True
FT720P_MBP1314_IPHONE7B_id5_s0_15.png,1,VALID,2.1875,-1.2519531,-1.453125,2.8418417,LCC-FASD external-dev / cross-domain stress set,True
FT720P_MBP1314_IPHONE7B_id5_s0_30.png,1,VALID,2.2363281,-1.3300781,-1.4746094,2.942916,LCC-FASD external-dev / cross-domain stress set,True
FT720P_MBP1314_IPHONE7B_id5_s0_45.png,1,VALID,2.2421875,-1.3564453,-1.4794922,2.9651177,LCC-FASD external-dev / cross-domain stress set,True
FT720P_MBP1314_IPHONE7B_id5_s0_60.png,1,VALID,2.1992188,-1.1728516,-1.5673828,2.8568568,LCC-FASD external-dev / cross-domain stress set,True
FT720P_MBP1314_IPHONE7B_id5_s0_75.png,1,VALID,2.2539062,-1.2304688,-1.5449219,2.9361448,LCC-FASD external-dev / cross-domain stress set,True
FT720P_MBP1314_IPHONE7B_id5_s0_90.png,1,VALID,2.2597656,-1.2373047,-1.5869141,2.9635267,LCC-FASD external-dev / cross-domain stress set,True
FT720P_MBP1314_IPHONE7B_id5_s0_105.png,1,VALID,2.3378906,-1.390625,-1.5419922,3.1081908,LCC-FASD external-dev / cross-domain stress set,True
FT720P_MBP1314_IPHONE7B_id5_s0_120.png,1,VALID,2.2167969,-1.3115234,-1.4443359,2.8993762,LCC-FASD external-dev / cross-domain stress set,True
FT720P_MBP1314_IPHONE7B_id5_s0_135.png,1,VALID,2.2714844,-1.2880859,-1.5175781,2.9746003,LCC-FASD external-dev / cross-domain stress set,True
FT720P_MBP1314_IPHONE7B_id5_s0_150.png,1,VALID,2.2695312,-1.3291016,-1.5068359,2.9904094,LCC-FASD external-dev / cross-domain stress set,True
FT720P_MBP1314_IPHONE7B_id9_s0_15.png,1,VALID,2.1132812,-1.4248047,-1.3222656,2.7923555,LCC-FASD external-dev / cross-domain stress set,True
FT720P_MBP1314_IPHONE7B_id9_s0_30.png,1,VALID,2.0703125,-1.3056641,-1.3613281,2.7102742,LCC-FASD external-dev / cross-domain stress set,True
FT720P_MBP1314_IPHONE7B_id9_s0_45.png,1,VALID,1.9873047,-1.2568359,-1.2636719,2.5544057,LCC-FASD external-dev / cross-domain stress set,True
FT720P_MBP1314_IPHONE7B_id9_s0_60.png,1,VALID,2.0644531,-1.2988281,-1.3339844,2.6875577,LCC-FASD external-dev / cross-domain stress set,True
FT720P_MBP1314_IPHONE7B_id9_s0_75.png,1,VALID,2.0429688,-1.2753906,-1.3212891,2.6478982,LCC-FASD external-dev / cross-domain stress set,True
FT720P_MBP1314_IPHONE7B_id9_s0_90.png,1,VALID,2.0351562,-1.2294922,-1.3466797,2.6283793,LCC-FASD external-dev / cross-domain stress set,True
FT720P_MBP1314_IPHONE7B_id9_s0_105.png,1,VALID,1.9042969,-1.1835938,-1.2294922,2.4174294,LCC-FASD external-dev / cross-domain stress set,True
FT720P_MBP1314_IPHONE7B_id9_s0_120.png,1,VALID,2.1054688,-1.4199219,-1.3378906,2.790387,LCC-FASD external-dev / cross-domain stress set,True
FT720P_MBP1314_IPHONE7B_id9_s0_135.png,1,VALID,2.1757812,-1.3632812,-1.4306641,2.8790393,LCC-FASD external-dev / cross-domain stress set,True
FT720P_MBP1314_IPHONE7B_id9_s0_150.png,1,VALID,2.0898438,-1.3222656,-1.3740234,2.7445064,LCC-FASD external-dev / cross-domain stress set,True
FT720P_MBP1314_IPHONE7B_id12_s0_15.png,1,VALID,1.8974609,-0.5957031,-1.5810547,2.1759417,LCC-FASD external-dev / cross-domain stress set,True
FT720P_MBP1314_IPHONE7B_id12_s0_30.png,1,VALID,2.2324219,-1.4052734,-1.3632812,2.9233317,LCC-FASD external-dev / cross-domain stress set,True
FT720P_MBP1314_IPHONE7B_id12_s0_45.png,1,VALID,2.2324219,-1.3681641,-1.4335938,2.9396186,LCC-FASD external-dev / cross-domain stress set,True
FT720P_MBP1314_IPHONE7B_id12_s0_60.png,1,VALID,2.3046875,-1.5449219,-1.3671875,3.0636516,LCC-FASD external-dev / cross-domain stress set,True
FT720P_MBP1314_IPHONE7B_id12_s0_75.png,1,VALID,2.2753906,-1.4814453,-1.4375,3.0414748,LCC-FASD external-dev / cross-domain stress set,True
FT720P_MBP1314_IPHONE7B_id12_s0_90.png,1,VALID,2.296875,-1.4755859,-1.4111328,3.046568,LCC-FASD external-dev / cross-domain stress set,True
FT720P_MBP1314_IPHONE7B_id12_s0_150.png,1,VALID,2.2753906,-1.5888672,-1.3232422,3.0295043,LCC-FASD external-dev / cross-domain stress set,True
FT720P_MBP1314_IPHONE7B_id12_s1_15.png,1,VALID,2.0644531,-1.2265625,-1.3554688,2.660246,LCC-FASD external-dev / cross-domain stress set,True
FT720P_MBP1314_IPHONE7B_id12_s1_30.png,1,VALID,2.1191406,-1.3759766,-1.3935547,2.8107204,LCC-FASD external-dev / cross-domain stress set,True
FT720P_MBP1314_IPHONE7B_id12_s1_45.png,1,VALID,2.1757812,-1.4472656,-1.3564453,2.8834589,LCC-FASD external-dev / cross-domain stress set,True
FT720P_MBP1314_IPHONE7B_id12_s1_60.png,1,VALID,2.2675781,-1.5419922,-1.453125,3.0710027,LCC-FASD external-dev / cross-domain stress set,True
FT720P_MBP1314_IPHONE7B_id12_s1_75.png,1,VALID,2.4140625,-1.8203125,-1.5683594,3.4073372,LCC-FASD external-dev / cross-domain stress set,True
FT720P_MBP1314_IPHONE7B_id12_s1_90.png,1,VALID,2.3515625,-1.7373047,-1.5048828,3.2727718,LCC-FASD external-dev / cross-domain stress set,True
FT720P_MBP1314_IPHONE7B_id12_s1_105.png,1,VALID,2.2441406,-1.5244141,-1.3847656,3.0031476,LCC-FASD external-dev / cross-domain stress set,True
FT720P_MBP1314_IPHONE7B_id12_s1_120.png,1,VALID,2.234375,-1.5625,-1.4013672,3.0199194,LCC-FASD external-dev / cross-domain stress set,True
FT720P_MBP1314_IPHONE7B_id12_s1_135.png,1,VALID,2.2363281,-1.5761719,-1.4013672,3.0281358,LCC-FASD external-dev / cross-domain stress set,True
FT720P_MBP1314_IPHONE7B_id12_s1_150.png,1,VALID,2.1601562,-1.484375,-1.3662109,2.8905578,LCC-FASD external-dev / cross-domain stress set,True
FT720P_MBP1314_IPHONE7B_id12_s2_15.png,1,VALID,1.1015625,0.34228516,-1.4804688,0.609496,LCC-FASD external-dev / cross-domain stress set,True
FT720P_MBP1314_IPHONE7B_id12_s2_30.png,1,VALID,2.0566406,-1.1972656,-1.2578125,2.5905743,LCC-FASD external-dev / cross-domain stress set,True
FT720P_MBP1314_IPHONE7B_id12_s2_45.png,1,VALID,2.0722656,-1.15625,-1.34375,2.6247303,LCC-FASD external-dev / cross-domain stress set,True
FT720P_MBP1314_IPHONE7B_id12_s2_60.png,1,VALID,2.0761719,-1.2480469,-1.3554688,2.6833408,LCC-FASD external-dev / cross-domain stress set,True
FT720P_MBP1314_IPHONE7B_id12_s2_75.png,1,VALID,2.2402344,-1.5224609,-1.390625,3.0014591,LCC-FASD external-dev / cross-domain stress set,True
FT720P_MBP1314_IPHONE7B_id12_s2_90.png,1,VALID,2.0585938,-1.1416016,-1.375,2.6169534,LCC-FASD external-dev / cross-domain stress set,True
FT720P_MBP1314_IPHONE7B_id12_s2_105.png,1,VALID,2.2207031,-1.3857422,-1.4189453,2.929762,LCC-FASD external-dev / cross-domain stress set,True
FT720P_MBP1314_IPHONE7B_id12_s2_120.png,1,VALID,2.125,-1.2314453,-1.3828125,2.7361205,LCC-FASD external-dev / cross-domain stress set,True
FT720P_MBP1314_IPHONE7B_id12_s2_135.png,1,VALID,2.1503906,-1.2714844,-1.4296875,2.8047042,LCC-FASD external-dev / cross-domain stress set,True
FT720P_MBP1314_IPHONE7B_id12_s2_150.png,1,VALID,2.2304688,-1.390625,-1.4042969,2.9347591,LCC-FASD external-dev / cross-domain stress set,True
FT720P_MBP1314_IPHONE7F_id0_s0_105.png,1,VALID,2.2089844,-1.5615234,-1.5478516,3.0705013,LCC-FASD external-dev / cross-domain stress set,True
FT720P_MBP1314_IPHONE6SF_id9_s0_15.png,1,VALID,0.95703125,0.10369873,-1.0888672,0.5883243,LCC-FASD external-dev / cross-domain stress set,True
FT720P_MBP1314_IPHONE6SF_id9_s0_30.png,1,VALID,1.2861328,-0.06829834,-1.3603516,1.1117156,LCC-FASD external-dev / cross-domain stress set,True
FT720P_MBP1314_IPHONE6SF_id9_s0_45.png,1,VALID,1.2705078,-0.14001465,-1.2519531,1.1261554,LCC-FASD external-dev / cross-domain stress set,True
FT720P_MBP1314_IPHONE6SF_id9_s0_60.png,1,VALID,0.9316406,0.27172852,-1.2207031,0.45711392,LCC-FASD external-dev / cross-domain stress set,True
FT720P_MBP1314_IPHONE6SF_id9_s0_75.png,1,VALID,1.0166016,0.23803711,-1.3271484,0.58873016,LCC-FASD external-dev / cross-domain stress set,True
FT720P_MBP1314_IPHONE6SF_id9_s0_90.png,1,VALID,1.1796875,0.0058135986,-1.2871094,0.9313456,LCC-FASD external-dev / cross-domain stress set,True
FT720P_MBP1314_IPHONE6SF_id9_s0_150.png,1,VALID,1.1914062,0.021133423,-1.3066406,0.93514806,LCC-FASD external-dev / cross-domain stress set,True
FT720P_MBP1314_IPHONE7B_id0_s0_15.png,1,VALID,2.2734375,-1.6171875,-1.4882812,3.130949,LCC-FASD external-dev / cross-domain stress set,True
FT720P_MBP1314_IPHONE7B_id0_s0_30.png,1,VALID,2.21875,-1.5292969,-1.5009766,3.0406394,LCC-FASD external-dev / cross-domain stress set,True
FT720P_MBP1314_IPHONE7B_id0_s0_45.png,1,VALID,2.2246094,-1.5644531,-1.4853516,3.0555825,LCC-FASD external-dev / cross-domain stress set,True
FT720P_MBP1314_IPHONE7B_id0_s0_60.png,1,VALID,2.2207031,-1.6328125,-1.5029297,3.09332,LCC-FASD external-dev / cross-domain stress set,True
FT720P_MBP1314_IPHONE7B_id0_s0_75.png,1,VALID,2.1796875,-1.5556641,-1.4833984,3.0054188,LCC-FASD external-dev / cross-domain stress set,True
FT720P_MBP1314_IPHONE7B_id0_s0_90.png,1,VALID,2.1835938,-1.6113281,-1.4716797,3.0295148,LCC-FASD external-dev / cross-domain stress set,True
FT720P_MBP1314_IPHONE7B_id0_s0_105.png,1,VALID,2.2597656,-1.5917969,-1.5068359,3.115033,LCC-FASD external-dev / cross-domain stress set,True
FT720P_MBP1314_IPHONE7B_id0_s0_120.png,1,VALID,2.2519531,-1.5361328,-1.5488281,3.1012664,LCC-FASD external-dev / cross-domain stress set,True
FT720P_MBP1314_IPHONE7B_id0_s0_135.png,1,VALID,2.2246094,-1.5771484,-1.5146484,3.0768723,LCC-FASD external-dev / cross-domain stress set,True
FT720P_MBP1314_IPHONE7B_id0_s0_150.png,1,VALID,2.2207031,-1.6064453,-1.5029297,3.0809047,LCC-FASD external-dev / cross-domain stress set,True
FT720P_MBP1314_IPHONE7B_id0_s1_15.png,1,VALID,2.2539062,-1.5273438,-1.3789062,3.0111325,LCC-FASD external-dev / cross-domain stress set,True
FT720P_MBP1314_IPHONE7B_id0_s1_30.png,1,VALID,2.234375,-1.5878906,-1.3378906,2.9963262,LCC-FASD external-dev / cross-domain stress set,True
FT720P_MBP1314_IPHONE7B_id0_s1_45.png,1,VALID,2.2207031,-1.5927734,-1.3251953,2.9776173,LCC-FASD external-dev / cross-domain stress set,True
FT720P_MBP1314_IPHONE7B_id0_s1_60.png,1,VALID,2.2421875,-1.6162109,-1.3525391,3.02475,LCC-FASD external-dev / cross-domain stress set,True
FT720P_MBP1314_IPHONE7B_id0_s1_75.png,1,VALID,2.2226562,-1.6152344,-1.3505859,3.0036898,LCC-FASD external-dev / cross-domain stress set,True
FT720P_MBP1314_IPHONE7B_id0_s1_90.png,1,VALID,2.2539062,-1.6669922,-1.3515625,3.0576506,LCC-FASD external-dev / cross-domain stress set,True
FT720P_MBP1314_IPHONE7B_id0_s1_105.png,1,VALID,2.2578125,-1.6591797,-1.3164062,3.037843,LCC-FASD external-dev / cross-domain stress set,True
FT720P_MBP1314_IPHONE7B_id0_s1_120.png,1,VALID,2.2148438,-1.6103516,-1.2890625,2.9585555,LCC-FASD external-dev / cross-domain stress set,True
FT720P_MBP1314_IPHONE7B_id0_s1_135.png,1,VALID,2.2460938,-1.6132812,-1.3671875,3.0356297,LCC-FASD external-dev / cross-domain stress set,True
FT720P_MBP1314_IPHONE7B_id0_s1_150.png,1,VALID,2.2890625,-1.6679688,-1.3574219,3.0966039,LCC-FASD external-dev / cross-domain stress set,True
FT720P_MBP1314_IPHONE7B_id0_s2_15.png,1,VALID,1.8388672,-1.2421875,-1.1572266,2.344525,LCC-FASD external-dev / cross-domain stress set,True
FT720P_MBP1314_IPHONE7B_id0_s2_30.png,1,VALID,1.8867188,-1.3037109,-1.2480469,2.4690633,LCC-FASD external-dev / cross-domain stress set,True
FT720P_MBP1314_IPHONE7B_id0_s2_45.png,1,VALID,1.8222656,-1.2431641,-1.2246094,2.3629622,LCC-FASD external-dev / cross-domain stress set,True
FT720P_MBP1314_IPHONE7B_id0_s2_60.png,1,VALID,1.9726562,-1.3623047,-1.2851562,2.6024957,LCC-FASD external-dev / cross-domain stress set,True
FT720P_MBP1314_IPHONE7B_id0_s2_75.png,1,VALID,2.0332031,-1.4287109,-1.3007812,2.7027576,LCC-FASD external-dev / cross-domain stress set,True
FT720P_MBP1314_IPHONE7B_id0_s2_90.png,1,VALID,2.0175781,-1.3632812,-1.3359375,2.6739469,LCC-FASD external-dev / cross-domain stress set,True
FT720P_MBP1314_IPHONE7B_id0_s2_105.png,1,VALID,1.9873047,-1.2841797,-1.3544922,2.6128757,LCC-FASD external-dev / cross-domain stress set,True
FT720P_MBP1314_IPHONE7B_id0_s2_120.png,1,VALID,2.0214844,-1.3994141,-1.3408203,2.6980252,LCC-FASD external-dev / cross-domain stress set,True
FT720P_MBP1314_IPHONE7B_id0_s2_135.png,1,VALID,1.9921875,-1.2607422,-1.3525391,2.604628,LCC-FASD external-dev / cross-domain stress set,True
FT720P_MBP1314_IPHONE7B_id0_s2_150.png,1,VALID,1.9384766,-1.2109375,-1.2998047,2.4997137,LCC-FASD external-dev / cross-domain stress set,True
FT720P_MBP1314_IPHONE7B_id0_s3_15.png,1,VALID,0.7890625,0.97265625,-1.7890625,-0.244861,LCC-FASD external-dev / cross-domain stress set,False
FT720P_MBP1314_IPHONE7B_id0_s3_30.png,1,VALID,1.0908203,0.44189453,-1.6171875,0.52886003,LCC-FASD external-dev / cross-domain stress set,True
FT720P_MBP1314_IPHONE7B_id0_s3_45.png,1,VALID,1.1474609,0.38867188,-1.6015625,0.6306919,LCC-FASD external-dev / cross-domain stress set,True
FT720P_MBP1314_IPHONE7B_id0_s3_60.png,1,VALID,1.1503906,0.49389648,-1.7041016,0.55121094,LCC-FASD external-dev / cross-domain stress set,True
FT720P_MBP1314_IPHONE7B_id0_s3_75.png,1,VALID,0.7807617,0.80371094,-1.5136719,-0.11692315,LCC-FASD external-dev / cross-domain stress set,False
FT720P_MBP1314_IPHONE7B_id0_s3_90.png,1,VALID,1.5068359,0.22473145,-1.921875,1.1715653,LCC-FASD external-dev / cross-domain stress set,True
FT720P_MBP1314_IPHONE7B_id0_s3_105.png,1,VALID,0.6816406,0.7866211,-1.4101562,-0.21038568,LCC-FASD external-dev / cross-domain stress set,False
FT720P_MBP1314_IPHONE7B_id0_s3_120.png,1,VALID,0.7158203,0.87939453,-1.5605469,-0.24714851,LCC-FASD external-dev / cross-domain stress set,False
FT720P_MBP1314_IPHONE7B_id0_s3_135.png,1,VALID,1.0058594,0.3803711,-1.4580078,0.47786587,LCC-FASD external-dev / cross-domain stress set,True
FT720P_MBP1314_IPHONE7B_id0_s3_150.png,1,VALID,0.97021484,0.55859375,-1.5458984,0.29659063,LCC-FASD external-dev / cross-domain stress set,True
FT720P_MBP1314_IPHONE7B_id12_s0_105.png,1,VALID,2.265625,-1.4912109,-1.3583984,2.9950793,LCC-FASD external-dev / cross-domain stress set,True
FT720P_MBP1314_IPHONE7B_id12_s0_120.png,1,VALID,2.2402344,-1.4082031,-1.3691406,2.9355683,LCC-FASD external-dev / cross-domain stress set,True
FT720P_MBP1314_IPHONE7B_id12_s0_135.png,1,VALID,2.2773438,-1.4667969,-1.4160156,3.0252805,LCC-FASD external-dev / cross-domain stress set,True
FT720P_MBP1314_IPHONE6SF_id0_s2_30.png,1,VALID,1.1738281,-0.048187256,-1.2890625,0.968047,LCC-FASD external-dev / cross-domain stress set,True
FT720P_MBP1314_IPHONE6SF_id0_s2_45.png,1,VALID,1.3945312,-0.33374023,-1.3242188,1.4124402,LCC-FASD external-dev / cross-domain stress set,True
FT720P_MBP1314_IPHONE6SF_id0_s2_60.png,1,VALID,1.5683594,-0.52441406,-1.3222656,1.7210062,LCC-FASD external-dev / cross-domain stress set,True
FT720P_MBP1314_IPHONE6SF_id0_s2_75.png,1,VALID,1.5615234,-0.4633789,-1.3710938,1.6859723,LCC-FASD external-dev / cross-domain stress set,True
FT720P_MBP1314_IPHONE6SF_id0_s2_90.png,1,VALID,1.3691406,-0.30273438,-1.3164062,1.3622719,LCC-FASD external-dev / cross-domain stress set,True
FT720P_MBP1314_IPHONE6SF_id0_s3_54.png,1,VALID,-0.21228027,1.6875,-1.1201172,-1.9583781,LCC-FASD external-dev / cross-domain stress set,False
FT720P_MBP1314_IPHONE6SF_id0_s3_81.png,1,VALID,-0.0859375,1.6484375,-1.2744141,-1.7867588,LCC-FASD external-dev / cross-domain stress set,False
FT720P_MBP1314_IPHONE6SF_id0_s3_98.png,1,VALID,-0.54589844,1.9169922,-0.9248047,-2.5195742,LCC-FASD external-dev / cross-domain stress set,False
FT720P_MBP1314_IPHONE6SF_id0_s3_114.png,1,VALID,-0.13977051,1.5439453,-1.1210938,-1.7509974,LCC-FASD external-dev / cross-domain stress set,False
FT720P_MBP1314_IPHONE6SF_id0_s3_129.png,1,VALID,-0.3713379,2.1347656,-1.4160156,-2.5344017,LCC-FASD external-dev / cross-domain stress set,False
FT720P_MBP1314_IPHONE6SF_id0_s3_144.png,1,VALID,0.18395996,1.4296875,-1.4658203,-1.299525,LCC-FASD external-dev / cross-domain stress set,False
FT720P_MBP1314_IPHONE6SF_id0_s3_159.png,1,VALID,-0.35839844,1.8476562,-1.2304688,-2.2510715,LCC-FASD external-dev / cross-domain stress set,False
FT720P_MBP1314_IPHONE6SF_id0_s3_174.png,1,VALID,-0.4543457,1.9882812,-1.1669922,-2.4843702,LCC-FASD external-dev / cross-domain stress set,False
FT720P_MBP1314_IPHONE6SF_id5_s0_15.png,1,VALID,0.3564453,1.3857422,-1.6542969,-1.0760211,LCC-FASD external-dev / cross-domain stress set,False
FT720P_MBP1314_IPHONE6SF_id5_s0_30.png,1,VALID,0.20495605,1.4785156,-1.5087891,-1.3227526,LCC-FASD external-dev / cross-domain stress set,False
FT720P_MBP1314_IPHONE6SF_id5_s0_45.png,1,VALID,0.82714844,0.92041016,-1.8056641,-0.1566832,LCC-FASD external-dev / cross-domain stress set,False
FT720P_MBP1314_IPHONE6SF_id5_s0_60.png,1,VALID,0.8256836,0.9404297,-1.8242188,-0.17583954,LCC-FASD external-dev / cross-domain stress set,False
FT720P_MBP1314_IPHONE6SF_id5_s0_75.png,1,VALID,0.62890625,1.2207031,-1.8496094,-0.6371589,LCC-FASD external-dev / cross-domain stress set,False
FT720P_MBP1314_IPHONE6SF_id5_s0_90.png,1,VALID,1.1757812,0.56152344,-1.9023438,0.5325809,LCC-FASD external-dev / cross-domain stress set,True
FT720P_MBP1314_IPHONE6SF_id5_s0_105.png,1,VALID,0.05343628,1.5458984,-1.3183594,-1.547921,LCC-FASD external-dev / cross-domain stress set,False
FT720P_MBP1314_IPHONE6SF_id5_s0_120.png,1,VALID,0.66503906,1.0400391,-1.71875,-0.43644166,LCC-FASD external-dev / cross-domain stress set,False
FT720P_MBP1314_IPHONE6SF_id5_s0_135.png,1,VALID,1.0273438,0.70996094,-1.8564453,0.24337888,LCC-FASD external-dev / cross-domain stress set,True
FT720P_MBP1314_IPHONE6SF_id5_s0_150.png,1,VALID,1.1054688,0.69921875,-1.9462891,0.33768582,LCC-FASD external-dev / cross-domain stress set,True
FT720P_MBP1314_IPHONE6SF_id9_s0_105.png,1,VALID,1.3925781,-0.22558594,-1.4023438,1.3494533,LCC-FASD external-dev / cross-domain stress set,True
FT720P_MBP1314_IPHONE6SF_id9_s0_120.png,1,VALID,1.3613281,-0.27392578,-1.2939453,1.327337,LCC-FASD external-dev / cross-domain stress set,True
FT720P_MBP1314_IPHONE6SF_id9_s0_135.png,1,VALID,0.94140625,0.35961914,-1.3671875,0.4180951,LCC-FASD external-dev / cross-domain stress set,True
FT720P_MBP1314_IPHONE6SF_id12_s0_15.png,1,VALID,-1.7197266,3.2246094,-0.80029297,-4.962044,LCC-FASD external-dev / cross-domain stress set,False
FT720P_MBP1314_IPHONE6SF_id12_s0_30.png,1,VALID,-1.3134766,2.9042969,-1.0224609,-4.2372894,LCC-FASD external-dev / cross-domain stress set,False
FT720P_MBP1314_IPHONE6SF_id12_s0_45.png,1,VALID,-1.3671875,2.984375,-1.0078125,-4.3698535,LCC-FASD external-dev / cross-domain stress set,False
FT720P_MBP1314_IPHONE6SF_id12_s0_60.png,1,VALID,-1.6123047,3.2148438,-0.9375,-4.8427534,LCC-FASD external-dev / cross-domain stress set,False
FT720P_MBP1314_IPHONE6SF_id12_s0_75.png,1,VALID,-1.4814453,3.0605469,-0.9863281,-4.559318,LCC-FASD external-dev / cross-domain stress set,False
FT720P_MBP1314_IPHONE6SF_id12_s0_90.png,1,VALID,-1.4423828,2.9667969,-0.9213867,-4.4294553,LCC-FASD external-dev / cross-domain stress set,False
FT720P_MBP1314_IPHONE6SF_id12_s0_105.png,1,VALID,-1.4882812,2.921875,-0.8457031,-4.4330015,LCC-FASD external-dev / cross-domain stress set,False
FT720P_MBP1314_IPHONE6SF_id12_s0_120.png,1,VALID,-1.1904297,2.8339844,-1.1806641,-4.042302,LCC-FASD external-dev / cross-domain stress set,False
FT720P_MBP1314_IPHONE6SF_id12_s0_135.png,1,VALID,-1.3701172,2.9941406,-1.0410156,-4.3817863,LCC-FASD external-dev / cross-domain stress set,False
FT720P_MBP1314_IPHONE6SF_id12_s0_150.png,1,VALID,-1.5332031,2.9960938,-0.8569336,-4.55029,LCC-FASD external-dev / cross-domain stress set,False
FT720P_MBP1314_IPHONE6SF_id12_s1_15.png,1,VALID,-1.5117188,3.1308594,-0.9399414,-4.659498,LCC-FASD external-dev / cross-domain stress set,False
FT720P_MBP1314_IPHONE6SF_id12_s1_30.png,1,VALID,-1.4326172,2.9589844,-0.82958984,-4.413977,LCC-FASD external-dev / cross-domain stress set,False
FT720P_MBP1314_IPHONE6SF_id12_s1_45.png,1,VALID,-1.2724609,2.8144531,-0.8857422,-4.111332,LCC-FASD external-dev / cross-domain stress set,False
FT720P_MBP1314_IPHONE6SF_id12_s1_60.png,1,VALID,-1.0078125,2.4960938,-0.88671875,-3.5372944,LCC-FASD external-dev / cross-domain stress set,False
FT720P_MBP1314_IPHONE6SF_id12_s1_75.png,1,VALID,0.71728516,0.9682617,-1.7226562,-0.31659448,LCC-FASD external-dev / cross-domain stress set,False
FT720P_MBP1314_IPHONE6SF_id12_s1_90.png,1,VALID,0.48706055,1.1210938,-1.5439453,-0.7013148,LCC-FASD external-dev / cross-domain stress set,False
FT720P_MBP1314_IPHONE6SF_id12_s1_105.png,1,VALID,-0.33813477,1.8115234,-1.1328125,-2.2009566,LCC-FASD external-dev / cross-domain stress set,False
FT720P_MBP1314_IPHONE6SF_id12_s1_120.png,1,VALID,-0.6958008,2.3574219,-1.2402344,-3.0802422,LCC-FASD external-dev / cross-domain stress set,False
FT720P_MBP1314_IPHONE6SF_id12_s1_135.png,1,VALID,-0.40185547,1.9335938,-1.1484375,-2.3802943,LCC-FASD external-dev / cross-domain stress set,False
FT720P_MBP1314_IPHONE6SF_id12_s1_150.png,1,VALID,-1.2802734,2.9238281,-1.0029297,-4.2236176,LCC-FASD external-dev / cross-domain stress set,False
FT720P_MBP1314_IPHONE6SF_id12_s2_15.png,1,VALID,-1.8066406,3.2011719,-0.71972656,-5.027442,LCC-FASD external-dev / cross-domain stress set,False
FT720P_MBP1314_IPHONE6SF_id12_s2_30.png,1,VALID,-1.8212891,3.1230469,-0.56933594,-4.9689436,LCC-FASD external-dev / cross-domain stress set,False
FT720P_MBP1314_IPHONE6SF_id12_s2_45.png,1,VALID,-1.4335938,2.9296875,-0.9482422,-4.383764,LCC-FASD external-dev / cross-domain stress set,False
FT720P_MBP1314_IPHONE6SF_id12_s2_60.png,1,VALID,-1.2822266,2.7714844,-0.9296875,-4.0781054,LCC-FASD external-dev / cross-domain stress set,False
FT720P_MBP1314_IPHONE6SF_id12_s2_75.png,1,VALID,-0.65283203,2.2929688,-1.3525391,-2.9715738,LCC-FASD external-dev / cross-domain stress set,False
FT720P_MBP1314_IPHONE6SF_id12_s2_90.png,1,VALID,-1.3603516,2.9160156,-1.0351562,-4.295417,LCC-FASD external-dev / cross-domain stress set,False
FT720P_MBP1314_IPHONE6SF_id12_s2_105.png,1,VALID,-0.9135742,2.5234375,-1.1914062,-3.461079,LCC-FASD external-dev / cross-domain stress set,False
FT720P_MBP1314_IPHONE6SF_id12_s2_120.png,1,VALID,-1.3671875,2.8710938,-0.9511719,-4.2599235,LCC-FASD external-dev / cross-domain stress set,False
FT720P_MBP1314_IPHONE6SF_id12_s2_135.png,1,VALID,-1.5244141,3.0,-0.8676758,-4.5451055,LCC-FASD external-dev / cross-domain stress set,False
FT720P_MBP1314_IPHONE6SF_id12_s2_150.png,1,VALID,-1.0517578,2.7050781,-1.2138672,-3.7765033,LCC-FASD external-dev / cross-domain stress set,False
FT720P_MBP1314_IPHONE6F_id5_s0_15.png,1,VALID,0.91259766,0.9116211,-1.8955078,-0.057648957,LCC-FASD external-dev / cross-domain stress set,False
FT720P_MBP1314_IPHONE6F_id5_s0_30.png,1,VALID,1.7285156,-0.2800293,-1.7558594,1.8026786,LCC-FASD external-dev / cross-domain stress set,True
FT720P_MBP1314_IPHONE6F_id5_s0_45.png,1,VALID,1.5273438,0.082092285,-1.9042969,1.3166913,LCC-FASD external-dev / cross-domain stress set,True
FT720P_MBP1314_IPHONE6F_id5_s0_60.png,1,VALID,1.46875,0.2590332,-1.9960938,1.109998,LCC-FASD external-dev / cross-domain stress set,True
FT720P_MBP1314_IPHONE6F_id5_s0_75.png,1,VALID,1.3974609,0.26513672,-1.9316406,1.026919,LCC-FASD external-dev / cross-domain stress set,True
FT720P_MBP1314_IPHONE6F_id5_s0_90.png,1,VALID,1.5439453,0.05807495,-1.9160156,1.3558184,LCC-FASD external-dev / cross-domain stress set,True
FT720P_MBP1314_IPHONE6F_id5_s0_105.png,1,VALID,1.5498047,0.099487305,-1.9091797,1.3244185,LCC-FASD external-dev / cross-domain stress set,True
FT720P_MBP1314_IPHONE6F_id5_s0_120.png,1,VALID,1.5693359,0.12237549,-2.0117188,1.3351046,LCC-FASD external-dev / cross-domain stress set,True
FT720P_MBP1314_IPHONE6F_id5_s0_135.png,1,VALID,1.7275391,-0.12988281,-1.9423828,1.7062079,LCC-FASD external-dev / cross-domain stress set,True
FT720P_MBP1314_IPHONE6F_id5_s0_150.png,1,VALID,1.5253906,0.12902832,-1.8857422,1.2711836,LCC-FASD external-dev / cross-domain stress set,True
FT720P_MBP1314_IPHONE6F_id9_s0_15.png,1,VALID,0.6923828,0.39575195,-1.0097656,0.077302516,LCC-FASD external-dev / cross-domain stress set,False
FT720P_MBP1314_IPHONE6F_id9_s0_30.png,1,VALID,1.5566406,-0.5097656,-1.2802734,1.6860689,LCC-FASD external-dev / cross-domain stress set,True
FT720P_MBP1314_IPHONE6F_id9_s0_45.png,1,VALID,1.2207031,-0.15979004,-1.1689453,1.0696855,LCC-FASD external-dev / cross-domain stress set,True
FT720P_MBP1314_IPHONE6F_id9_s0_60.png,1,VALID,1.4023438,-0.3449707,-1.234375,1.4030863,LCC-FASD external-dev / cross-domain stress set,True
FT720P_MBP1314_IPHONE6F_id9_s0_75.png,1,VALID,1.6259766,-0.6347656,-1.2763672,1.8377984,LCC-FASD external-dev / cross-domain stress set,True
FT720P_MBP1314_IPHONE6F_id9_s0_90.png,1,VALID,1.8583984,-0.8442383,-1.4365234,2.2624083,LCC-FASD external-dev / cross-domain stress set,True
FT720P_MBP1314_IPHONE6F_id9_s0_105.png,1,VALID,1.7832031,-0.7626953,-1.3867188,2.116857,LCC-FASD external-dev / cross-domain stress set,True
FT720P_MBP1314_IPHONE6F_id9_s0_120.png,1,VALID,1.1162109,-0.114746094,-1.1025391,0.9143977,LCC-FASD external-dev / cross-domain stress set,True
FT720P_MBP1314_IPHONE6F_id9_s0_135.png,1,VALID,1.765625,-0.81689453,-1.3056641,2.1041877,LCC-FASD external-dev / cross-domain stress set,True
FT720P_MBP1314_IPHONE6F_id9_s0_150.png,1,VALID,1.2675781,-0.21850586,-1.1865234,1.1641198,LCC-FASD external-dev / cross-domain stress set,True
FT720P_MBP1314_IPHONE6F_id12_s2_15.png,1,VALID,-1.7167969,3.2207031,-0.87939453,-4.953935,LCC-FASD external-dev / cross-domain stress set,False
FT720P_MBP1314_IPHONE6F_id12_s2_30.png,1,VALID,-1.6425781,3.1679688,-0.8774414,-4.827898,LCC-FASD external-dev / cross-domain stress set,False
FT720P_MBP1314_IPHONE6F_id12_s2_45.png,1,VALID,-1.2294922,2.765625,-1.0576172,-4.016739,LCC-FASD external-dev / cross-domain stress set,False
FT720P_MBP1314_IPHONE6F_id12_s2_60.png,1,VALID,-0.66748047,2.4589844,-1.4794922,-3.1457555,LCC-FASD external-dev / cross-domain stress set,False
FT720P_MBP1314_IPHONE6F_id12_s2_75.png,1,VALID,0.034942627,1.6230469,-1.5205078,-1.6303293,LCC-FASD external-dev / cross-domain stress set,False
FT720P_MBP1314_IPHONE6F_id12_s2_90.png,1,VALID,-1.0117188,2.6640625,-1.1953125,-3.6966434,LCC-FASD external-dev / cross-domain stress set,False
FT720P_MBP1314_IPHONE6F_id12_s2_120.png,1,VALID,-1.3466797,3.0625,-1.2089844,-4.423044,LCC-FASD external-dev / cross-domain stress set,False
FT720P_MBP1314_IPHONE6F_id12_s2_135.png,1,VALID,-1.0664062,2.7382812,-1.1953125,-3.8240716,LCC-FASD external-dev / cross-domain stress set,False
FT720P_MBP1314_IPHONE6F_id12_s2_150.png,1,VALID,-0.6533203,2.3515625,-1.3574219,-3.02909,LCC-FASD external-dev / cross-domain stress set,False
FT720P_MBP1314_IPHONE6SF_id0_s0_15.png,1,VALID,2.2597656,-1.4716797,-1.4902344,3.0475326,LCC-FASD external-dev / cross-domain stress set,True
FT720P_MBP1314_IPHONE6SF_id0_s0_30.png,1,VALID,2.1640625,-1.3291016,-1.46875,2.8674054,LCC-FASD external-dev / cross-domain stress set,True
FT720P_MBP1314_IPHONE6SF_id0_s0_45.png,1,VALID,2.2519531,-1.4589844,-1.53125,3.0532703,LCC-FASD external-dev / cross-domain stress set,True
FT720P_MBP1314_IPHONE6SF_id0_s0_60.png,1,VALID,2.2382812,-1.5576172,-1.5566406,3.102263,LCC-FASD external-dev / cross-domain stress set,True
FT720P_MBP1314_IPHONE6SF_id0_s0_75.png,1,VALID,2.28125,-1.5292969,-1.5507812,3.1280842,LCC-FASD external-dev / cross-domain stress set,True
FT720P_MBP1314_IPHONE6SF_id0_s0_90.png,1,VALID,2.2519531,-1.4453125,-1.5791016,3.068777,LCC-FASD external-dev / cross-domain stress set,True
FT720P_MBP1314_IPHONE6SF_id0_s0_105.png,1,VALID,2.2539062,-1.4013672,-1.5527344,3.0349486,LCC-FASD external-dev / cross-domain stress set,True
FT720P_MBP1314_IPHONE6SF_id0_s0_120.png,1,VALID,2.21875,-1.3984375,-1.53125,2.9882433,LCC-FASD external-dev / cross-domain stress set,True
FT720P_MBP1314_IPHONE6SF_id0_s0_135.png,1,VALID,2.25,-1.4443359,-1.5957031,3.074011,LCC-FASD external-dev / cross-domain stress set,True
FT720P_MBP1314_IPHONE6SF_id0_s0_150.png,1,VALID,2.2597656,-1.5400391,-1.5390625,3.1061692,LCC-FASD external-dev / cross-domain stress set,True
FT720P_MBP1314_IPHONE6SF_id0_s1_15.png,1,VALID,2.2363281,-1.5820312,-1.3652344,3.01095,LCC-FASD external-dev / cross-domain stress set,True
FT720P_MBP1314_IPHONE6SF_id0_s1_30.png,1,VALID,2.1875,-1.4755859,-1.3173828,2.887712,LCC-FASD external-dev / cross-domain stress set,True
FT720P_MBP1314_IPHONE6SF_id0_s1_45.png,1,VALID,2.1738281,-1.5058594,-1.2890625,2.8722782,LCC-FASD external-dev / cross-domain stress set,True
FT720P_MBP1314_IPHONE6SF_id0_s1_60.png,1,VALID,2.2148438,-1.4541016,-1.3515625,2.923215,LCC-FASD external-dev / cross-domain stress set,True
FT720P_MBP1314_IPHONE6SF_id0_s1_75.png,1,VALID,2.2441406,-1.4570312,-1.4492188,3.0041108,LCC-FASD external-dev / cross-domain stress set,True
FT720P_MBP1314_IPHONE6SF_id0_s1_90.png,1,VALID,2.2265625,-1.4287109,-1.4326172,2.9640775,LCC-FASD external-dev / cross-domain stress set,True
FT720P_MBP1314_IPHONE6SF_id0_s1_105.png,1,VALID,2.2382812,-1.5478516,-1.3583984,2.9937792,LCC-FASD external-dev / cross-domain stress set,True
FT720P_MBP1314_IPHONE6SF_id0_s1_120.png,1,VALID,2.2109375,-1.4570312,-1.3583984,2.9242897,LCC-FASD external-dev / cross-domain stress set,True
FT720P_MBP1314_IPHONE6SF_id0_s1_135.png,1,VALID,2.265625,-1.5419922,-1.3828125,3.0317163,LCC-FASD external-dev / cross-domain stress set,True
FT720P_MBP1314_IPHONE6SF_id0_s1_150.png,1,VALID,2.2070312,-1.4902344,-1.3505859,2.9318585,LCC-FASD external-dev / cross-domain stress set,True
FT720P_MBP1314_IPHONE6SF_id0_s2_15.png,1,VALID,0.61083984,0.7089844,-1.3496094,-0.2182656,LCC-FASD external-dev / cross-domain stress set,False
FT720P_MBP1314_IPHONE6SF_id0_s2_105.png,1,VALID,1.6494141,-0.6411133,-1.3554688,1.8920817,LCC-FASD external-dev / cross-domain stress set,True
FT720P_MBP1314_IPHONE6SF_id0_s2_120.png,1,VALID,1.7226562,-0.94921875,-1.1630859,2.0799549,LCC-FASD external-dev / cross-domain stress set,True
FT720P_MBP1314_IPHONE6SF_id0_s2_135.png,1,VALID,1.3427734,-0.064208984,-1.5175781,1.1968987,LCC-FASD external-dev / cross-domain stress set,True
FT720P_MBP1314_IPHONE6SF_id0_s2_150.png,1,VALID,1.5722656,-0.51464844,-1.3691406,1.732392,LCC-FASD external-dev / cross-domain stress set,True
FT720P_MBP1314_IPHONE6F_id0_s0_30.png,1,VALID,2.2148438,-1.4746094,-1.4707031,2.994351,LCC-FASD external-dev / cross-domain stress set,True
FT720P_MBP1314_IPHONE6F_id0_s0_45.png,1,VALID,2.1933594,-1.5654297,-1.5175781,3.04143,LCC-FASD external-dev / cross-domain stress set,True
FT720P_MBP1314_IPHONE6F_id0_s0_60.png,1,VALID,2.2285156,-1.6269531,-1.5195312,3.107169,LCC-FASD external-dev / cross-domain stress set,True
FT720P_MBP1314_IPHONE6F_id0_s0_75.png,1,VALID,2.1875,-1.5703125,-1.5292969,3.0439472,LCC-FASD external-dev / cross-domain stress set,True
FT720P_MBP1314_IPHONE6F_id0_s0_90.png,1,VALID,2.1816406,-1.5410156,-1.5292969,3.0236325,LCC-FASD external-dev / cross-domain stress set,True
FT720P_MBP1314_IPHONE6F_id0_s0_150.png,1,VALID,2.2148438,-1.5341797,-1.5244141,3.0509815,LCC-FASD external-dev / cross-domain stress set,True
FT720P_MBP1314_IPHONE6F_id0_s1_15.png,1,VALID,2.2890625,-1.8125,-1.4091797,3.186558,LCC-FASD external-dev / cross-domain stress set,True
FT720P_MBP1314_IPHONE6F_id0_s1_30.png,1,VALID,2.2617188,-1.5634766,-1.3789062,3.0355108,LCC-FASD external-dev / cross-domain stress set,True
FT720P_MBP1314_IPHONE6F_id0_s1_45.png,1,VALID,2.2089844,-1.5341797,-1.2451172,2.8950772,LCC-FASD external-dev / cross-domain stress set,True
FT720P_MBP1314_IPHONE6F_id0_s1_60.png,1,VALID,2.21875,-1.4375,-1.3232422,2.904343,LCC-FASD external-dev / cross-domain stress set,True
FT720P_MBP1314_IPHONE6F_id0_s1_75.png,1,VALID,2.1933594,-1.4482422,-1.296875,2.8699095,LCC-FASD external-dev / cross-domain stress set,True
FT720P_MBP1314_IPHONE6F_id0_s1_90.png,1,VALID,2.2792969,-1.5322266,-1.3691406,3.0335124,LCC-FASD external-dev / cross-domain stress set,True
FT720P_MBP1314_IPHONE6F_id0_s1_105.png,1,VALID,2.2734375,-1.5087891,-1.3925781,3.0292869,LCC-FASD external-dev / cross-domain stress set,True
FT720P_MBP1314_IPHONE6F_id0_s1_120.png,1,VALID,2.2675781,-1.4941406,-1.3662109,3.0025623,LCC-FASD external-dev / cross-domain stress set,True
FT720P_MBP1314_IPHONE6F_id0_s1_135.png,1,VALID,2.1523438,-1.4052734,-1.2070312,2.7604444,LCC-FASD external-dev / cross-domain stress set,True
FT720P_MBP1314_IPHONE6F_id0_s1_150.png,1,VALID,2.2519531,-1.5351562,-1.3710938,3.0085702,LCC-FASD external-dev / cross-domain stress set,True
FT720P_MBP1314_IPHONE6F_id0_s2_15.png,1,VALID,1.4921875,-0.42871094,-1.40625,1.6015463,LCC-FASD external-dev / cross-domain stress set,True
FT720P_MBP1314_IPHONE6F_id0_s2_30.png,1,VALID,1.7988281,-0.9267578,-1.3212891,2.2103724,LCC-FASD external-dev / cross-domain stress set,True
FT720P_MBP1314_IPHONE6F_id0_s2_45.png,1,VALID,1.6845703,-0.8354492,-1.2275391,2.0038223,LCC-FASD external-dev / cross-domain stress set,True
FT720P_MBP1314_IPHONE6F_id0_s2_60.png,1,VALID,1.7470703,-0.8466797,-1.2646484,2.087907,LCC-FASD external-dev / cross-domain stress set,True
FT720P_MBP1314_IPHONE6F_id0_s2_75.png,1,VALID,1.9003906,-1.0644531,-1.2792969,2.3733597,LCC-FASD external-dev / cross-domain stress set,True
FT720P_MBP1314_IPHONE6F_id0_s2_90.png,1,VALID,1.9042969,-0.9892578,-1.3515625,2.3652408,LCC-FASD external-dev / cross-domain stress set,True
FT720P_MBP1314_IPHONE6F_id0_s2_105.png,1,VALID,1.7724609,-0.68310547,-1.46875,2.079993,LCC-FASD external-dev / cross-domain stress set,True
FT720P_MBP1314_IPHONE6F_id0_s2_120.png,1,VALID,1.5585938,-0.56689453,-1.2988281,1.7327856,LCC-FASD external-dev / cross-domain stress set,True
FT720P_MBP1314_IPHONE6F_id0_s2_135.png,1,VALID,1.7324219,-0.76416016,-1.34375,2.051814,LCC-FASD external-dev / cross-domain stress set,True
FT720P_MBP1314_IPHONE6F_id0_s2_150.png,1,VALID,1.7412109,-0.7597656,-1.3603516,2.0636961,LCC-FASD external-dev / cross-domain stress set,True
FT720P_MBP1314_IPHONE6F_id0_s3_15.png,1,VALID,0.009597778,1.6611328,-1.4277344,-1.6960815,LCC-FASD external-dev / cross-domain stress set,False
FT720P_MBP1314_IPHONE6F_id0_s3_30.png,1,VALID,0.14672852,1.4814453,-1.4443359,-1.3869512,LCC-FASD external-dev / cross-domain stress set,False
FT720P_MBP1314_IPHONE6F_id0_s3_45.png,1,VALID,0.40600586,1.2841797,-1.59375,-0.9328997,LCC-FASD external-dev / cross-domain stress set,False
FT720P_MBP1314_IPHONE6F_id0_s3_60.png,1,VALID,0.15368652,1.3037109,-1.2363281,-1.2259325,LCC-FASD external-dev / cross-domain stress set,False
FT720P_MBP1314_IPHONE6F_id0_s3_75.png,1,VALID,0.15063477,1.2822266,-1.2177734,-1.2104815,LCC-FASD external-dev / cross-domain stress set,False
FT720P_MBP1314_IPHONE6F_id0_s3_90.png,1,VALID,-0.35107422,1.9570312,-1.1826172,-2.3504925,LCC-FASD external-dev / cross-domain stress set,False
FT720P_MBP1314_IPHONE6F_id0_s3_105.png,1,VALID,0.34472656,1.2451172,-1.4238281,-0.96741855,LCC-FASD external-dev / cross-domain stress set,False
FT720P_MBP1314_IPHONE6F_id0_s3_120.png,1,VALID,0.34716797,1.2744141,-1.4707031,-0.9895078,LCC-FASD external-dev / cross-domain stress set,False
FT720P_MBP1314_IPHONE6F_id0_s3_135.png,1,VALID,0.22814941,1.3300781,-1.4316406,-1.163196,LCC-FASD external-dev / cross-domain stress set,False
FT720P_MBP1314_IPHONE6F_id0_s3_150.png,1,VALID,0.59375,1.0644531,-1.6748047,-0.5333195,LCC-FASD external-dev / cross-domain stress set,False
FT720P_MBP1314_IPHONE6F_id12_s0_15.png,1,VALID,-1.46875,2.9414062,-0.9135742,-4.4311094,LCC-FASD external-dev / cross-domain stress set,False
FT720P_MBP1314_IPHONE6F_id12_s0_30.png,1,VALID,-1.2529297,3.0175781,-1.2626953,-4.284252,LCC-FASD external-dev / cross-domain stress set,False
FT720P_MBP1314_IPHONE6F_id12_s0_45.png,1,VALID,-1.1162109,2.8339844,-1.2246094,-3.9673212,LCC-FASD external-dev / cross-domain stress set,False
FT720P_MBP1314_IPHONE6F_id12_s0_60.png,1,VALID,-0.79003906,2.6777344,-1.53125,-3.4825256,LCC-FASD external-dev / cross-domain stress set,False
FT720P_MBP1314_IPHONE6F_id12_s0_75.png,1,VALID,-0.9736328,2.6503906,-1.2734375,-3.643596,LCC-FASD external-dev / cross-domain stress set,False
FT720P_MBP1314_IPHONE6F_id12_s0_90.png,1,VALID,-1.1416016,2.7636719,-1.1572266,-3.924903,LCC-FASD external-dev / cross-domain stress set,False
FT720P_MBP1314_IPHONE6F_id12_s0_105.png,1,VALID,-0.97021484,2.671875,-1.2568359,-3.661568,LCC-FASD external-dev / cross-domain stress set,False
FT720P_MBP1314_IPHONE6F_id12_s0_120.png,1,VALID,-1.3984375,3.0527344,-1.1367188,-4.4662127,LCC-FASD external-dev / cross-domain stress set,False
FT720P_MBP1314_IPHONE6F_id12_s0_135.png,1,VALID,-0.82666016,2.5429688,-1.328125,-3.3902504,LCC-FASD external-dev / cross-domain stress set,False
FT720P_MBP1314_IPHONE6F_id12_s0_150.png,1,VALID,-0.75097656,2.3984375,-1.3212891,-3.1733656,LCC-FASD external-dev / cross-domain stress set,False
FT720P_MBP1314_IPHONE6F_id12_s1_15.png,1,VALID,-0.875,2.4824219,-1.1494141,-3.3835452,LCC-FASD external-dev / cross-domain stress set,False
FT720P_MBP1314_IPHONE6F_id12_s1_30.png,1,VALID,-0.54833984,2.1464844,-1.2011719,-2.7293868,LCC-FASD external-dev / cross-domain stress set,False
FT720P_MBP1314_IPHONE6F_id12_s1_45.png,1,VALID,-0.20532227,1.7666016,-1.2539062,-2.019548,LCC-FASD external-dev / cross-domain stress set,False
FT720P_MBP1314_IPHONE6F_id12_s1_60.png,1,VALID,0.4140625,1.3496094,-1.703125,-0.9816952,LCC-FASD external-dev / cross-domain stress set,False
FT720P_MBP1314_IPHONE6F_id12_s1_75.png,1,VALID,1.6162109,-0.089538574,-1.8632812,1.549005,LCC-FASD external-dev / cross-domain stress set,True
FT720P_MBP1314_IPHONE6F_id12_s1_90.png,1,VALID,0.9477539,0.7319336,-1.8017578,0.13944697,LCC-FASD external-dev / cross-domain stress set,False
FT720P_MBP1314_IPHONE6F_id12_s1_105.png,1,VALID,0.60253906,1.1591797,-1.8125,-0.6065893,LCC-FASD external-dev / cross-domain stress set,False
FT720P_MBP1314_IPHONE6F_id12_s1_120.png,1,VALID,0.41503906,1.3271484,-1.7470703,-0.9572985,LCC-FASD external-dev / cross-domain stress set,False
FT720P_MBP1314_IPHONE6F_id12_s1_135.png,1,VALID,0.7241211,1.0849609,-1.9335938,-0.4085549,LCC-FASD external-dev / cross-domain stress set,False
FT720P_MBP1314_IPHONE6F_id12_s1_150.png,1,VALID,-0.6933594,2.328125,-1.234375,-3.0494573,LCC-FASD external-dev / cross-domain stress set,False
FT720P_MBP1314_IPHONE6F_id12_s2_105.png,1,VALID,-0.9555664,2.6328125,-1.2333984,-3.6091003,LCC-FASD external-dev / cross-domain stress set,False
FT720P_I2269VWM_DOOX30_id5_s0_30.png,1,VALID,1.6337891,-1.1816406,-0.44384766,1.6868333,LCC-FASD external-dev / cross-domain stress set,True
FT720P_I2269VWM_DOOX30_id5_s0_45.png,1,VALID,2.2675781,-1.4355469,-1.3457031,2.9640474,LCC-FASD external-dev / cross-domain stress set,True
FT720P_I2269VWM_DOOX30_id5_s0_60.png,1,VALID,2.1269531,-1.6220703,-0.85058594,2.5975106,LCC-FASD external-dev / cross-domain stress set,True
FT720P_I2269VWM_DOOX30_id5_s0_75.png,1,VALID,2.0742188,-1.8164062,-0.42944336,2.2806523,LCC-FASD external-dev / cross-domain stress set,True
FT720P_I2269VWM_DOOX30_id5_s0_90.png,1,VALID,2.1210938,-1.7011719,-0.70214844,2.5097177,LCC-FASD external-dev / cross-domain stress set,True
FT720P_I2269VWM_DOOX30_id9_s0_15.png,1,VALID,1.4003906,-0.41259766,-0.96972656,1.3600981,LCC-FASD external-dev / cross-domain stress set,True
FT720P_I2269VWM_DOOX30_id9_s0_30.png,1,VALID,1.7753906,-0.93066406,-1.015625,2.054486,LCC-FASD external-dev / cross-domain stress set,True
FT720P_I2269VWM_DOOX30_id9_s0_45.png,1,VALID,1.8457031,-1.0800781,-1.0117188,2.1978703,LCC-FASD external-dev / cross-domain stress set,True
FT720P_I2269VWM_DOOX30_id9_s0_60.png,1,VALID,1.7617188,-0.8027344,-1.1308594,2.02197,LCC-FASD external-dev / cross-domain stress set,True
FT720P_I2269VWM_DOOX30_id9_s0_75.png,1,VALID,1.7763672,-0.8618164,-1.0908203,2.0529974,LCC-FASD external-dev / cross-domain stress set,True
FT720P_I2269VWM_DOOX30_id9_s0_90.png,1,VALID,1.7695312,-0.9189453,-1.0380859,2.0531263,LCC-FASD external-dev / cross-domain stress set,True
FT720P_I2269VWM_DOOX30_id9_s0_105.png,1,VALID,1.921875,-1.125,-1.1083984,2.3453927,LCC-FASD external-dev / cross-domain stress set,True
FT720P_I2269VWM_DOOX30_id9_s0_120.png,1,VALID,1.8798828,-1.1171875,-1.0507812,2.2701688,LCC-FASD external-dev / cross-domain stress set,True
FT720P_I2269VWM_DOOX30_id9_s0_135.png,1,VALID,1.8105469,-1.0166016,-1.0488281,2.1499848,LCC-FASD external-dev / cross-domain stress set,True
FT720P_I2269VWM_DOOX30_id9_s0_150.png,1,VALID,1.9804688,-1.2431641,-1.1201172,2.4670708,LCC-FASD external-dev / cross-domain stress set,True
FT720P_IIYAMAGB_IPHONE5SB_id0_s0_15.png,1,VALID,2.2265625,-1.3681641,-1.5605469,2.9931514,LCC-FASD external-dev / cross-domain stress set,True
FT720P_IIYAMAGB_IPHONE5SB_id0_s0_30.png,1,VALID,2.1972656,-1.2666016,-1.5810547,2.915637,LCC-FASD external-dev / cross-domain stress set,True
FT720P_IIYAMAGB_IPHONE5SB_id0_s0_45.png,1,VALID,2.2226562,-1.3828125,-1.5888672,3.0100508,LCC-FASD external-dev / cross-domain stress set,True
FT720P_IIYAMAGB_IPHONE5SB_id0_s0_60.png,1,VALID,2.2285156,-1.3232422,-1.6542969,3.0105004,LCC-FASD external-dev / cross-domain stress set,True
FT720P_IIYAMAGB_IPHONE5SB_id0_s0_75.png,1,VALID,2.2539062,-1.3984375,-1.5712891,3.0418923,LCC-FASD external-dev / cross-domain stress set,True
FT720P_IIYAMAGB_IPHONE5SB_id0_s0_90.png,1,VALID,2.25,-1.3242188,-1.6240234,3.0197804,LCC-FASD external-dev / cross-domain stress set,True
FT720P_IIYAMAGB_IPHONE5SB_id0_s0_105.png,1,VALID,2.1992188,-1.3447266,-1.6005859,2.970567,LCC-FASD external-dev / cross-domain stress set,True
FT720P_IIYAMAGB_IPHONE5SB_id0_s0_120.png,1,VALID,2.1953125,-1.25,-1.6396484,2.9281301,LCC-FASD external-dev / cross-domain stress set,True
FT720P_IIYAMAGB_IPHONE5SB_id0_s0_135.png,1,VALID,2.2421875,-1.3447266,-1.6230469,3.0232754,LCC-FASD external-dev / cross-domain stress set,True
FT720P_IIYAMAGB_IPHONE5SB_id0_s0_150.png,1,VALID,2.2871094,-1.234375,-1.7197266,3.0418518,LCC-FASD external-dev / cross-domain stress set,True
FT720P_IIYAMAGB_IPHONE5SB_id5_s0_15.png,1,VALID,1.8408203,-0.79003906,-1.3613281,2.1831033,LCC-FASD external-dev / cross-domain stress set,True
FT720P_IIYAMAGB_IPHONE5SB_id5_s0_30.png,1,VALID,1.7060547,-0.63964844,-1.3310547,1.9396574,LCC-FASD external-dev / cross-domain stress set,True
FT720P_IIYAMAGB_IPHONE5SB_id5_s0_45.png,1,VALID,1.4589844,-0.33374023,-1.3056641,1.4718343,LCC-FASD external-dev / cross-domain stress set,True
FT720P_IIYAMAGB_IPHONE5SB_id5_s0_60.png,1,VALID,0.8652344,0.25146484,-0.98291016,0.35833955,LCC-FASD external-dev / cross-domain stress set,True
FT720P_IIYAMAGB_IPHONE5SB_id5_s0_75.png,1,VALID,1.1542969,0.047943115,-1.2197266,0.8583328,LCC-FASD external-dev / cross-domain stress set,True
FT720P_IIYAMAGB_IPHONE5SB_id5_s0_90.png,1,VALID,1.5478516,-0.55126953,-1.1591797,1.664429,LCC-FASD external-dev / cross-domain stress set,True
FT720P_IIYAMAGB_IPHONE5SB_id5_s0_105.png,1,VALID,0.88720703,0.041229248,-0.7729492,0.4792513,LCC-FASD external-dev / cross-domain stress set,True
FT720P_IIYAMAGB_IPHONE5SB_id5_s0_120.png,1,VALID,0.55566406,-0.25317383,0.08843994,-0.069633245,LCC-FASD external-dev / cross-domain stress set,False
FT720P_IIYAMAGB_IPHONE5SB_id5_s0_135.png,1,VALID,1.1738281,-0.5390625,-0.59228516,1.0460007,LCC-FASD external-dev / cross-domain stress set,True
FT720P_IIYAMAGB_IPHONE5SB_id5_s0_150.png,1,VALID,0.8745117,-0.033172607,-0.6923828,0.49077845,LCC-FASD external-dev / cross-domain stress set,True
FT720P_IIYAMAGB_IPHONE5SB_id9_s0_15.png,1,VALID,1.6142578,-0.50097656,-1.2548828,1.7296149,LCC-FASD external-dev / cross-domain stress set,True
FT720P_IIYAMAGB_IPHONE5SB_id9_s0_30.png,1,VALID,1.3613281,-0.2241211,-1.2714844,1.2847066,LCC-FASD external-dev / cross-domain stress set,True
FT720P_IIYAMAGB_IPHONE5SB_id9_s0_45.png,1,VALID,0.82958984,0.58203125,-1.3203125,0.10847652,LCC-FASD external-dev / cross-domain stress set,False
FT720P_IIYAMAGB_IPHONE5SB_id9_s0_60.png,1,VALID,0.93310547,0.4567871,-1.3144531,0.3192104,LCC-FASD external-dev / cross-domain stress set,True
FT720P_IIYAMAGB_IPHONE5SB_id9_s0_75.png,1,VALID,0.91748047,0.47045898,-1.3330078,0.29453492,LCC-FASD external-dev / cross-domain stress set,True
FT720P_IIYAMAGB_IPHONE5SB_id9_s0_90.png,1,VALID,1.0576172,0.19140625,-1.1953125,0.64315224,LCC-FASD external-dev / cross-domain stress set,True
FT720P_IIYAMAGB_IPHONE5SB_id9_s0_105.png,1,VALID,0.57421875,0.8520508,-1.28125,-0.38977194,LCC-FASD external-dev / cross-domain stress set,False
FT720P_IIYAMAGB_IPHONE5SB_id9_s0_120.png,1,VALID,1.1835938,0.11657715,-1.3291016,0.85547113,LCC-FASD external-dev / cross-domain stress set,True
FT720P_IIYAMAGB_IPHONE5SB_id9_s0_135.png,1,VALID,1.6650391,-0.5336914,-1.3085938,1.8197813,LCC-FASD external-dev / cross-domain stress set,True
FT720P_IIYAMAGB_IPHONE5SB_id9_s0_150.png,1,VALID,1.4873047,-0.33374023,-1.2519531,1.4851215,LCC-FASD external-dev / cross-domain stress set,True
FT720P_MBP1314_IPHONE6F_id0_s0_15.png,1,VALID,2.2792969,-1.5566406,-1.5419922,3.1354394,LCC-FASD external-dev / cross-domain stress set,True
FT720P_MBP1314_IPHONE6F_id0_s0_105.png,1,VALID,2.2128906,-1.578125,-1.5039062,3.0600708,LCC-FASD external-dev / cross-domain stress set,True
FT720P_MBP1314_IPHONE6F_id0_s0_120.png,1,VALID,2.2070312,-1.5478516,-1.4990234,3.0370235,LCC-FASD external-dev / cross-domain stress set,True
FT720P_MBP1314_IPHONE6F_id0_s0_135.png,1,VALID,2.2128906,-1.5087891,-1.5400391,3.0440354,LCC-FASD external-dev / cross-domain stress set,True
FT720P_I2269VWM_DOOX30_id0_s1_60.png,1,VALID,1.9472656,-1.2041016,-0.8886719,2.2881193,LCC-FASD external-dev / cross-domain stress set,True
FT720P_I2269VWM_DOOX30_id0_s1_75.png,1,VALID,1.9453125,-1.1044922,-1.0214844,2.3142927,LCC-FASD external-dev / cross-domain stress set,True
FT720P_I2269VWM_DOOX30_id0_s1_90.png,1,VALID,1.9951172,-1.3535156,-0.7963867,2.3386137,LCC-FASD external-dev / cross-domain stress set,True
FT720P_I2269VWM_DOOX30_id0_s2_15.png,1,VALID,1.4863281,-0.7060547,-0.8769531,1.5810385,LCC-FASD external-dev / cross-domain stress set,True
FT720P_I2269VWM_DOOX30_id0_s2_30.png,1,VALID,1.5537109,-0.859375,-0.8051758,1.692472,LCC-FASD external-dev / cross-domain stress set,True
FT720P_I2269VWM_DOOX30_id0_s2_45.png,1,VALID,1.5283203,-0.59033203,-1.0361328,1.6237663,LCC-FASD external-dev / cross-domain stress set,True
FT720P_I2269VWM_DOOX30_id0_s2_60.png,1,VALID,1.4111328,-0.3779297,-1.0214844,1.3667918,LCC-FASD external-dev / cross-domain stress set,True
FT720P_I2269VWM_DOOX30_id0_s2_75.png,1,VALID,1.6591797,-0.5859375,-1.296875,1.8455471,LCC-FASD external-dev / cross-domain stress set,True
FT720P_I2269VWM_DOOX30_id0_s2_90.png,1,VALID,1.9902344,-0.92871094,-1.4726562,2.4612334,LCC-FASD external-dev / cross-domain stress set,True
FT720P_I2269VWM_DOOX30_id0_s2_105.png,1,VALID,1.7998047,-0.6274414,-1.4394531,2.059854,LCC-FASD external-dev / cross-domain stress set,True
FT720P_I2269VWM_DOOX30_id0_s2_120.png,1,VALID,1.9775391,-1.1279297,-1.3574219,2.5204988,LCC-FASD external-dev / cross-domain stress set,True
FT720P_I2269VWM_DOOX30_id0_s2_135.png,1,VALID,1.75,-0.63378906,-1.3476562,1.985183,LCC-FASD external-dev / cross-domain stress set,True
FT720P_I2269VWM_DOOX30_id0_s2_150.png,1,VALID,1.9755859,-0.8774414,-1.4736328,2.4141881,LCC-FASD external-dev / cross-domain stress set,True
FT720P_I2269VWM_DOOX30_id0_s3_15.png,1,VALID,-0.94384766,2.5058594,-1.0927734,-3.4767005,LCC-FASD external-dev / cross-domain stress set,False
FT720P_I2269VWM_DOOX30_id0_s3_42.png,1,VALID,-0.6870117,2.2578125,-1.1650391,-2.9769228,LCC-FASD external-dev / cross-domain stress set,False
FT720P_I2269VWM_DOOX30_id0_s3_59.png,1,VALID,-0.49658203,2.0019531,-1.2080078,-2.5381002,LCC-FASD external-dev / cross-domain stress set,False
FT720P_I2269VWM_DOOX30_id0_s3_89.png,1,VALID,-0.66748047,2.2148438,-1.1005859,-2.9179988,LCC-FASD external-dev / cross-domain stress set,False
FT720P_I2269VWM_DOOX30_id0_s3_123.png,1,VALID,-0.6118164,2.1757812,-1.1943359,-2.8214052,LCC-FASD external-dev / cross-domain stress set,False
FT720P_I2269VWM_DOOX30_id0_s3_140.png,1,VALID,-0.82910156,2.4980469,-1.21875,-3.3511693,LCC-FASD external-dev / cross-domain stress set,False
FT720P_I2269VWM_DOOX30_id0_s3_155.png,1,VALID,-0.88671875,2.5058594,-1.1865234,-3.4171855,LCC-FASD external-dev / cross-domain stress set,False
FT720P_I2269VWM_DOOX30_id0_s3_170.png,1,VALID,-0.8388672,2.3320312,-1.0908203,-3.202997,LCC-FASD external-dev / cross-domain stress set,False
FT720P_I2269VWM_DOOX30_id5_s0_15.png,1,VALID,2.1054688,-1.2929688,-1.1640625,2.6387615,LCC-FASD external-dev / cross-domain stress set,True
FT720P_I2269VWM_DOOX30_id5_s0_105.png,1,VALID,2.4140625,-1.6962891,-1.1787109,3.1252966,LCC-FASD external-dev / cross-domain stress set,True
FT720P_I2269VWM_DOOX30_id5_s0_120.png,1,VALID,2.1347656,-1.53125,-0.8388672,2.5679128,LCC-FASD external-dev / cross-domain stress set,True
FT720P_I2269VWM_DOOX30_id5_s0_135.png,1,VALID,2.0566406,-1.7744141,-0.4387207,2.2618906,LCC-FASD external-dev / cross-domain stress set,True
FT720P_I2269VWM_DOOX30_id5_s0_150.png,1,VALID,2.2636719,-1.7226562,-0.9316406,2.8214178,LCC-FASD external-dev / cross-domain stress set,True
FT720P_I2269VWM_DOOX30_id12_s0_15.png,1,VALID,2.3984375,-1.4414062,-1.3330078,3.0910294,LCC-FASD external-dev / cross-domain stress set,True
FT720P_I2269VWM_DOOX30_id12_s0_30.png,1,VALID,2.2324219,-1.7763672,-0.7709961,2.691598,LCC-FASD external-dev / cross-domain stress set,True
FT720P_I2269VWM_DOOX30_id12_s0_45.png,1,VALID,2.0957031,-1.9023438,-0.37475586,2.2740219,LCC-FASD external-dev / cross-domain stress set,True
FT720P_I2269VWM_DOOX30_id12_s0_60.png,1,VALID,2.2792969,-1.9384766,-0.63427734,2.6734636,LCC-FASD external-dev / cross-domain stress set,True
FT720P_I2269VWM_DOOX30_id12_s0_75.png,1,VALID,2.2910156,-1.9150391,-0.70166016,2.7324743,LCC-FASD external-dev / cross-domain stress set,True
FT720P_I2269VWM_DOOX30_id12_s0_90.png,1,VALID,2.3378906,-1.828125,-0.80078125,2.832691,LCC-FASD external-dev / cross-domain stress set,True
FT720P_I2269VWM_DOOX30_id12_s0_105.png,1,VALID,2.3535156,-1.7675781,-0.93359375,2.9264216,LCC-FASD external-dev / cross-domain stress set,True
FT720P_I2269VWM_DOOX30_id12_s0_120.png,1,VALID,2.3808594,-1.765625,-0.97021484,2.9785485,LCC-FASD external-dev / cross-domain stress set,True
FT720P_I2269VWM_DOOX30_id12_s0_135.png,1,VALID,2.4433594,-1.7128906,-1.1123047,3.1183836,LCC-FASD external-dev / cross-domain stress set,True
FT720P_I2269VWM_DOOX30_id12_s0_150.png,1,VALID,2.328125,-1.8154297,-0.8413086,2.849146,LCC-FASD external-dev / cross-domain stress set,True
FT720P_I2269VWM_DOOX30_id12_s1_15.png,1,VALID,1.5703125,-1.7070312,0.26245117,1.1772463,LCC-FASD external-dev / cross-domain stress set,True
FT720P_I2269VWM_DOOX30_id12_s1_30.png,1,VALID,0.6899414,-1.3789062,1.2041016,-0.5869889,LCC-FASD external-dev / cross-domain stress set,False
FT720P_I2269VWM_DOOX30_id12_s1_45.png,1,VALID,1.9375,-1.7041016,-0.3605957,2.0662467,LCC-FASD external-dev / cross-domain stress set,True
FT720P_I2269VWM_DOOX30_id12_s1_60.png,1,VALID,1.3007812,-1.8916016,0.8017578,0.43356037,LCC-FASD external-dev / cross-domain stress set,True
FT720P_I2269VWM_DOOX30_id12_s1_75.png,1,VALID,2.1972656,-1.8935547,-0.5473633,2.513335,LCC-FASD external-dev / cross-domain stress set,True
FT720P_I2269VWM_DOOX30_id12_s1_90.png,1,VALID,2.2753906,-1.8339844,-0.75,2.7340314,LCC-FASD external-dev / cross-domain stress set,True
FT720P_I2269VWM_DOOX30_id12_s1_105.png,1,VALID,1.9394531,-2.0664062,0.06915283,1.7585993,LCC-FASD external-dev / cross-domain stress set,True
FT720P_I2269VWM_DOOX30_id12_s1_120.png,1,VALID,1.5859375,-1.5214844,0.02947998,1.3641498,LCC-FASD external-dev / cross-domain stress set,True
FT720P_I2269VWM_DOOX30_id12_s1_135.png,1,VALID,1.9248047,-1.8867188,-0.16455078,1.9249617,LCC-FASD external-dev / cross-domain stress set,True
FT720P_I2269VWM_DOOX30_id12_s1_150.png,1,VALID,1.9716797,-1.7060547,-0.37524414,2.1124346,LCC-FASD external-dev / cross-domain stress set,True
FT720P_I2269VWM_DOOX30_id12_s2_15.png,1,VALID,2.2070312,-1.3779297,-1.0458984,2.7120805,LCC-FASD external-dev / cross-domain stress set,True
FT720P_I2269VWM_DOOX30_id12_s2_30.png,1,VALID,2.1738281,-1.8496094,-0.5385742,2.473747,LCC-FASD external-dev / cross-domain stress set,True
FT720P_I2269VWM_DOOX30_id12_s2_45.png,1,VALID,2.0917969,-1.8242188,-0.46533203,2.3284433,LCC-FASD external-dev / cross-domain stress set,True
FT720P_I2269VWM_DOOX30_id12_s2_60.png,1,VALID,2.2871094,-1.7207031,-1.0263672,2.9084077,LCC-FASD external-dev / cross-domain stress set,True
FT720P_I2269VWM_DOOX30_id12_s2_75.png,1,VALID,2.2792969,-1.8007812,-0.82470703,2.7842512,LCC-FASD external-dev / cross-domain stress set,True
FT720P_I2269VWM_DOOX30_id12_s2_90.png,1,VALID,1.9726562,-1.8916016,-0.20031738,2.0038364,LCC-FASD external-dev / cross-domain stress set,True
FT720P_I2269VWM_DOOX30_id12_s2_105.png,1,VALID,2.1972656,-1.8603516,-0.6513672,2.5874228,LCC-FASD external-dev / cross-domain stress set,True
FT720P_I2269VWM_DOOX30_id12_s2_120.png,1,VALID,1.9316406,-1.9169922,-0.114990234,1.893937,LCC-FASD external-dev / cross-domain stress set,True
FT720P_I2269VWM_DOOX30_id12_s2_135.png,1,VALID,2.2519531,-1.7568359,-0.82666016,2.7460885,LCC-FASD external-dev / cross-domain stress set,True
FT720P_I2269VWM_DOOX30_id12_s2_150.png,1,VALID,2.2382812,-1.765625,-0.8691406,2.7652507,LCC-FASD external-dev / cross-domain stress set,True
FT720P_G780_REDMI4X_id5_s0_15.png,1,VALID,1.4189453,-0.00035643578,-1.3349609,1.1856043,LCC-FASD external-dev / cross-domain stress set,True
FT720P_G780_REDMI4X_id5_s0_30.png,1,VALID,1.5126953,0.0206604,-1.5332031,1.3002337,LCC-FASD external-dev / cross-domain stress set,True
FT720P_G780_REDMI4X_id5_s0_45.png,1,VALID,1.8183594,-0.3154297,-1.5947266,1.8883106,LCC-FASD external-dev / cross-domain stress set,True
FT720P_G780_REDMI4X_id5_s0_60.png,1,VALID,1.3144531,0.13427734,-1.3671875,0.97902954,LCC-FASD external-dev / cross-domain stress set,True
FT720P_G780_REDMI4X_id5_s0_75.png,1,VALID,1.0771484,0.40014648,-1.3076172,0.5104112,LCC-FASD external-dev / cross-domain stress set,True
FT720P_G780_REDMI4X_id5_s0_90.png,1,VALID,1.2744141,0.080200195,-1.2373047,0.9569286,LCC-FASD external-dev / cross-domain stress set,True
FT720P_G780_REDMI4X_id5_s0_105.png,1,VALID,1.1875,0.14978027,-1.1523438,0.79716575,LCC-FASD external-dev / cross-domain stress set,True
FT720P_G780_REDMI4X_id5_s0_120.png,1,VALID,1.1728516,0.044403076,-0.9663086,0.81805634,LCC-FASD external-dev / cross-domain stress set,True
FT720P_G780_REDMI4X_id5_s0_135.png,1,VALID,1.5546875,-0.13134766,-1.3886719,1.4357326,LCC-FASD external-dev / cross-domain stress set,True
FT720P_G780_REDMI4X_id5_s0_150.png,1,VALID,1.0566406,0.49365234,-1.3261719,0.41279888,LCC-FASD external-dev / cross-domain stress set,True
FT720P_G780_REDMI4X_id9_s0_15.png,1,VALID,-0.32226562,1.7294922,-0.83154297,-2.1261458,LCC-FASD external-dev / cross-domain stress set,False
FT720P_G780_REDMI4X_id9_s0_30.png,1,VALID,-0.64990234,1.8974609,-0.5083008,-2.6337214,LCC-FASD external-dev / cross-domain stress set,False
FT720P_G780_REDMI4X_id9_s0_45.png,1,VALID,-0.8808594,2.2441406,-0.57373047,-3.183017,LCC-FASD external-dev / cross-domain stress set,False
FT720P_G780_REDMI4X_id9_s0_60.png,1,VALID,-0.59033203,1.7333984,-0.43408203,-2.4321055,LCC-FASD external-dev / cross-domain stress set,False
FT720P_G780_REDMI4X_id9_s0_75.png,1,VALID,-0.56640625,1.7304688,-0.51416016,-2.397595,LCC-FASD external-dev / cross-domain stress set,False
FT720P_G780_REDMI4X_id9_s0_90.png,1,VALID,-1.0,2.1328125,-0.31689453,-3.2156072,LCC-FASD external-dev / cross-domain stress set,False
FT720P_G780_REDMI4X_id9_s0_105.png,1,VALID,-0.85009766,2.0898438,-0.4855957,-3.0133038,LCC-FASD external-dev / cross-domain stress set,False
FT720P_G780_REDMI4X_id9_s0_120.png,1,VALID,-0.6928711,1.9433594,-0.50927734,-2.718793,LCC-FASD external-dev / cross-domain stress set,False
FT720P_G780_REDMI4X_id9_s0_135.png,1,VALID,-0.6855469,2.0097656,-0.62109375,-2.764854,LCC-FASD external-dev / cross-domain stress set,False
FT720P_G780_REDMI4X_id9_s0_150.png,1,VALID,-0.34936523,1.4150391,-0.4321289,-1.910825,LCC-FASD external-dev / cross-domain stress set,False
FT720P_G780_REDMI4X_id12_s1_15.png,1,VALID,1.1289062,0.039123535,-1.1220703,0.8173827,LCC-FASD external-dev / cross-domain stress set,True
FT720P_G780_REDMI4X_id12_s1_30.png,1,VALID,1.6240234,-0.52685547,-1.2138672,1.7433645,LCC-FASD external-dev / cross-domain stress set,True
FT720P_G780_REDMI4X_id12_s1_45.png,1,VALID,0.9765625,-0.13684082,-0.7216797,0.6705167,LCC-FASD external-dev / cross-domain stress set,True
FT720P_G780_REDMI4X_id12_s1_60.png,1,VALID,1.3154297,-0.24719238,-1.1152344,1.2121253,LCC-FASD external-dev / cross-domain stress set,True
FT720P_G780_REDMI4X_id12_s1_75.png,1,VALID,1.5078125,-0.40600586,-1.2958984,1.5697324,LCC-FASD external-dev / cross-domain stress set,True
FT720P_G780_REDMI4X_id12_s1_90.png,1,VALID,1.9121094,-1.0927734,-1.1611328,2.3453312,LCC-FASD external-dev / cross-domain stress set,True
FT720P_G780_REDMI4X_id12_s1_120.png,1,VALID,0.9638672,0.011734009,-0.8378906,0.59615576,LCC-FASD external-dev / cross-domain stress set,True
FT720P_G780_REDMI4X_id12_s1_135.png,1,VALID,1.03125,-0.18103027,-0.79003906,0.7779752,LCC-FASD external-dev / cross-domain stress set,True
FT720P_G780_REDMI4X_id12_s1_150.png,1,VALID,1.5146484,-0.76123047,-0.7973633,1.600635,LCC-FASD external-dev / cross-domain stress set,True
FT720P_G780_REDMI4X_id12_s2_15.png,1,VALID,1.8496094,-1.0195312,-0.9628906,2.147272,LCC-FASD external-dev / cross-domain stress set,True
FT720P_G780_REDMI4X_id12_s2_30.png,1,VALID,1.8515625,-0.95410156,-1.0185547,2.1442242,LCC-FASD external-dev / cross-domain stress set,True
FT720P_G780_REDMI4X_id12_s2_45.png,1,VALID,1.9287109,-1.0751953,-1.0507812,2.2984776,LCC-FASD external-dev / cross-domain stress set,True
FT720P_G780_REDMI4X_id12_s2_60.png,1,VALID,1.9228516,-1.0175781,-1.1357422,2.3046203,LCC-FASD external-dev / cross-domain stress set,True
FT720P_G780_REDMI4X_id12_s2_75.png,1,VALID,1.9052734,-1.1054688,-1.0400391,2.2843451,LCC-FASD external-dev / cross-domain stress set,True
FT720P_G780_REDMI4X_id12_s2_90.png,1,VALID,1.6308594,-0.7011719,-0.94384766,1.7528784,LCC-FASD external-dev / cross-domain stress set,True
FT720P_G780_REDMI4X_id12_s2_105.png,1,VALID,1.6630859,-0.8144531,-0.91845703,1.8350424,LCC-FASD external-dev / cross-domain stress set,True
FT720P_G780_REDMI4X_id12_s2_120.png,1,VALID,1.7841797,-0.9291992,-0.9370117,2.0241303,LCC-FASD external-dev / cross-domain stress set,True
FT720P_G780_REDMI4X_id12_s2_135.png,1,VALID,1.8056641,-0.94628906,-0.96728516,2.069249,LCC-FASD external-dev / cross-domain stress set,True
FT720P_G780_REDMI4X_id12_s2_150.png,1,VALID,1.8505859,-1.0390625,-0.95703125,2.1546447,LCC-FASD external-dev / cross-domain stress set,True
FT720P_I2269VWM_DOOX30_id0_s0_15.png,1,VALID,2.1914062,-1.3681641,-1.2382812,2.7993746,LCC-FASD external-dev / cross-domain stress set,True
FT720P_I2269VWM_DOOX30_id0_s0_30.png,1,VALID,2.0625,-1.328125,-1.0439453,2.545327,LCC-FASD external-dev / cross-domain stress set,True
FT720P_I2269VWM_DOOX30_id0_s0_45.png,1,VALID,2.1191406,-1.3037109,-1.2070312,2.6801968,LCC-FASD external-dev / cross-domain stress set,True
FT720P_I2269VWM_DOOX30_id0_s0_60.png,1,VALID,2.21875,-1.3886719,-1.3261719,2.8825364,LCC-FASD external-dev / cross-domain stress set,True
FT720P_I2269VWM_DOOX30_id0_s0_75.png,1,VALID,2.1816406,-1.1992188,-1.3925781,2.7797256,LCC-FASD external-dev / cross-domain stress set,True
FT720P_I2269VWM_DOOX30_id0_s0_90.png,1,VALID,2.1035156,-1.2744141,-1.2324219,2.663566,LCC-FASD external-dev / cross-domain stress set,True
FT720P_I2269VWM_DOOX30_id0_s0_105.png,1,VALID,2.2402344,-1.3007812,-1.4277344,2.9093318,LCC-FASD external-dev / cross-domain stress set,True
FT720P_I2269VWM_DOOX30_id0_s0_120.png,1,VALID,2.0800781,-1.1660156,-1.2949219,2.615324,LCC-FASD external-dev / cross-domain stress set,True
FT720P_I2269VWM_DOOX30_id0_s0_135.png,1,VALID,1.9853516,-1.1123047,-1.1708984,2.4333768,LCC-FASD external-dev / cross-domain stress set,True
FT720P_I2269VWM_DOOX30_id0_s0_150.png,1,VALID,2.1621094,-1.3994141,-1.171875,2.748149,LCC-FASD external-dev / cross-domain stress set,True
FT720P_I2269VWM_DOOX30_id0_s1_15.png,1,VALID,1.9951172,-1.2236328,-0.98291016,2.3980155,LCC-FASD external-dev / cross-domain stress set,True
FT720P_I2269VWM_DOOX30_id0_s1_30.png,1,VALID,1.8671875,-1.3300781,-0.6923828,2.1352775,LCC-FASD external-dev / cross-domain stress set,True
FT720P_I2269VWM_DOOX30_id0_s1_45.png,1,VALID,2.0585938,-1.2558594,-1.0107422,2.4912558,LCC-FASD external-dev / cross-domain stress set,True
FT720P_I2269VWM_DOOX30_id0_s1_105.png,1,VALID,1.9833984,-1.2646484,-0.89208984,2.3513699,LCC-FASD external-dev / cross-domain stress set,True
FT720P_I2269VWM_DOOX30_id0_s1_120.png,1,VALID,1.8867188,-1.2109375,-0.8066406,2.1820664,LCC-FASD external-dev / cross-domain stress set,True
FT720P_I2269VWM_DOOX30_id0_s1_135.png,1,VALID,1.7490234,-1.1875,-0.65185547,1.9401104,LCC-FASD external-dev / cross-domain stress set,True
FT720P_I2269VWM_DOOX30_id0_s1_150.png,1,VALID,1.9287109,-1.1992188,-0.9291992,2.2906866,LCC-FASD external-dev / cross-domain stress set,True
FT720P_G780_REDMI4X_id0_s0_15.png,1,VALID,1.3583984,-0.6455078,-0.8413086,1.4038749,LCC-FASD external-dev / cross-domain stress set,True
FT720P_G780_REDMI4X_id0_s0_30.png,1,VALID,0.89941406,-0.15332031,-0.6972656,0.59502244,LCC-FASD external-dev / cross-domain stress set,True
FT720P_G780_REDMI4X_id0_s0_45.png,1,VALID,0.81689453,0.09362793,-0.9238281,0.41466975,LCC-FASD external-dev / cross-domain stress set,True
FT720P_G780_REDMI4X_id0_s0_60.png,1,VALID,0.9921875,-0.2142334,-0.7114258,0.731283,LCC-FASD external-dev / cross-domain stress set,True
FT720P_G780_REDMI4X_id0_s0_75.png,1,VALID,0.83203125,-0.099365234,-0.6586914,0.479306,LCC-FASD external-dev / cross-domain stress set,True
FT720P_G780_REDMI4X_id0_s0_90.png,1,VALID,0.89160156,-0.08654785,-0.76708984,0.56846493,LCC-FASD external-dev / cross-domain stress set,True
FT720P_G780_REDMI4X_id0_s0_105.png,1,VALID,0.52734375,0.38745117,-0.77490234,-0.132231,LCC-FASD external-dev / cross-domain stress set,False
FT720P_G780_REDMI4X_id0_s0_120.png,1,VALID,0.77734375,0.21191406,-0.91259766,0.2841599,LCC-FASD external-dev / cross-domain stress set,True
FT720P_G780_REDMI4X_id0_s0_135.png,1,VALID,0.8984375,-0.09625244,-0.7963867,0.59154844,LCC-FASD external-dev / cross-domain stress set,True
FT720P_G780_REDMI4X_id0_s0_150.png,1,VALID,0.9042969,0.016555786,-0.92333984,0.55795646,LCC-FASD external-dev / cross-domain stress set,True
FT720P_G780_REDMI4X_id0_s1_15.png,1,VALID,0.6425781,0.69628906,-1.1328125,-0.20261163,LCC-FASD external-dev / cross-domain stress set,False
FT720P_G780_REDMI4X_id0_s1_30.png,1,VALID,0.07611084,1.2509766,-0.8901367,-1.2859812,LCC-FASD external-dev / cross-domain stress set,False
FT720P_G780_REDMI4X_id0_s1_45.png,1,VALID,-0.48754883,1.5898438,-0.5126953,-2.1926355,LCC-FASD external-dev / cross-domain stress set,False
FT720P_G780_REDMI4X_id0_s1_60.png,1,VALID,0.03503418,1.2666016,-0.89746094,-1.340294,LCC-FASD external-dev / cross-domain stress set,False
FT720P_G780_REDMI4X_id0_s1_75.png,1,VALID,-0.32861328,1.6396484,-0.828125,-2.049633,LCC-FASD external-dev / cross-domain stress set,False
FT720P_G780_REDMI4X_id0_s1_90.png,1,VALID,-0.10870361,1.4150391,-0.8535156,-1.6221949,LCC-FASD external-dev / cross-domain stress set,False
FT720P_G780_REDMI4X_id0_s1_105.png,1,VALID,-0.35791016,1.6220703,-0.7714844,-2.0673542,LCC-FASD external-dev / cross-domain stress set,False
FT720P_G780_REDMI4X_id0_s1_120.png,1,VALID,-0.41210938,1.6708984,-0.69189453,-2.1729918,LCC-FASD external-dev / cross-domain stress set,False
FT720P_G780_REDMI4X_id0_s1_135.png,1,VALID,-0.42749023,1.5625,-0.52197266,-2.1072154,LCC-FASD external-dev / cross-domain stress set,False
FT720P_G780_REDMI4X_id0_s1_150.png,1,VALID,-0.43847656,1.6191406,-0.6191406,-2.158947,LCC-FASD external-dev / cross-domain stress set,False
FT720P_G780_REDMI4X_id0_s2_15.png,1,VALID,-0.30908203,1.2929688,-0.37402344,-1.7750071,LCC-FASD external-dev / cross-domain stress set,False
FT720P_G780_REDMI4X_id0_s2_30.png,1,VALID,-0.35717773,1.3886719,-0.41381836,-1.8984743,LCC-FASD external-dev / cross-domain stress set,False
FT720P_G780_REDMI4X_id0_s2_45.png,1,VALID,0.19091797,1.0869141,-0.9316406,-1.0207303,LCC-FASD external-dev / cross-domain stress set,False
FT720P_G780_REDMI4X_id0_s2_60.png,1,VALID,-0.32617188,1.625,-0.7583008,-2.0394077,LCC-FASD external-dev / cross-domain stress set,False
FT720P_G780_REDMI4X_id0_s2_75.png,1,VALID,-0.06939697,1.3798828,-0.859375,-1.5505157,LCC-FASD external-dev / cross-domain stress set,False
FT720P_G780_REDMI4X_id0_s2_90.png,1,VALID,0.19482422,1.1914062,-1.0449219,-1.0981003,LCC-FASD external-dev / cross-domain stress set,False
FT720P_G780_REDMI4X_id0_s2_105.png,1,VALID,-0.48095703,1.7675781,-0.6772461,-2.331719,LCC-FASD external-dev / cross-domain stress set,False
FT720P_G780_REDMI4X_id0_s2_120.png,1,VALID,-0.20910645,1.6533203,-0.9848633,-1.9314779,LCC-FASD external-dev / cross-domain stress set,False
FT720P_G780_REDMI4X_id0_s2_135.png,1,VALID,0.13244629,1.1933594,-0.9814453,-1.1685383,LCC-FASD external-dev / cross-domain stress set,False
FT720P_G780_REDMI4X_id0_s2_150.png,1,VALID,0.16247559,1.1201172,-0.9086914,-1.0811788,LCC-FASD external-dev / cross-domain stress set,False
FT720P_G780_REDMI4X_id0_s3_15.png,1,VALID,-1.6591797,2.4667969,0.1237793,-4.217678,LCC-FASD external-dev / cross-domain stress set,False
FT720P_G780_REDMI4X_id0_s3_30.png,1,VALID,-1.8603516,2.6757812,0.2290039,-4.6191607,LCC-FASD external-dev / cross-domain stress set,False
FT720P_G780_REDMI4X_id0_s3_45.png,1,VALID,-1.8339844,2.7324219,0.121154785,-4.6372757,LCC-FASD external-dev / cross-domain stress set,False
FT720P_G780_REDMI4X_id0_s3_60.png,1,VALID,-2.2773438,2.9414062,0.5517578,-5.3064513,LCC-FASD external-dev / cross-domain stress set,False
FT720P_G780_REDMI4X_id0_s3_75.png,1,VALID,-2.4375,3.0390625,0.64208984,-5.563651,LCC-FASD external-dev / cross-domain stress set,False
FT720P_G780_REDMI4X_id0_s3_90.png,1,VALID,-1.90625,2.6152344,0.28881836,-4.6146517,LCC-FASD external-dev / cross-domain stress set,False
FT720P_G780_REDMI4X_id0_s3_105.png,1,VALID,-2.3339844,2.9316406,0.6064453,-5.358901,LCC-FASD external-dev / cross-domain stress set,False
FT720P_G780_REDMI4X_id0_s3_120.png,1,VALID,-2.4316406,3.2597656,0.4658203,-5.7507873,LCC-FASD external-dev / cross-domain stress set,False
FT720P_G780_REDMI4X_id0_s3_135.png,1,VALID,-1.6425781,2.5097656,-0.029846191,-4.228283,LCC-FASD external-dev / cross-domain stress set,False
FT720P_G780_REDMI4X_id0_s3_150.png,1,VALID,-2.4570312,3.0878906,0.6142578,-5.6258364,LCC-FASD external-dev / cross-domain stress set,False
FT720P_G780_REDMI4X_id12_s0_15.png,1,VALID,1.6220703,-0.83203125,-0.8095703,1.7496608,LCC-FASD external-dev / cross-domain stress set,True
FT720P_G780_REDMI4X_id12_s0_30.png,1,VALID,1.5869141,-0.76171875,-0.82373047,1.686011,LCC-FASD external-dev / cross-domain stress set,True
FT720P_G780_REDMI4X_id12_s0_45.png,1,VALID,1.5673828,-0.6948242,-0.9145508,1.6729003,LCC-FASD external-dev / cross-domain stress set,True
FT720P_G780_REDMI4X_id12_s0_60.png,1,VALID,1.4414062,-0.5058594,-0.8935547,1.4292941,LCC-FASD external-dev / cross-domain stress set,True
FT720P_G780_REDMI4X_id12_s0_75.png,1,VALID,1.6728516,-0.7949219,-0.94921875,1.8488017,LCC-FASD external-dev / cross-domain stress set,True
FT720P_G780_REDMI4X_id12_s0_90.png,1,VALID,1.7949219,-0.9140625,-0.93896484,2.0282109,LCC-FASD external-dev / cross-domain stress set,True
FT720P_G780_REDMI4X_id12_s0_105.png,1,VALID,1.5488281,-0.73046875,-0.77685547,1.6090741,LCC-FASD external-dev / cross-domain stress set,True
FT720P_G780_REDMI4X_id12_s0_120.png,1,VALID,1.6669922,-0.74560547,-0.9272461,1.8061523,LCC-FASD external-dev / cross-domain stress set,True
FT720P_G780_REDMI4X_id12_s0_135.png,1,VALID,1.8945312,-0.9892578,-1.0849609,2.237349,LCC-FASD external-dev / cross-domain stress set,True
FT720P_G780_REDMI4X_id12_s0_150.png,1,VALID,1.8925781,-1.0791016,-1.0400391,2.2588105,LCC-FASD external-dev / cross-domain stress set,True
FT720P_G780_REDMI4X_id12_s1_105.png,1,VALID,1.2685547,-0.39526367,-0.8652344,1.178298,LCC-FASD external-dev / cross-domain stress set,True
YOUTUBE_VX2363SMHL_LGL90_id48_s1_60.png,1,VALID,1.7871094,-0.8203125,-1.1992188,2.085888,LCC-FASD external-dev / cross-domain stress set,True
YOUTUBE_VX2363SMHL_LGL90_id48_s1_75.png,1,VALID,-0.01171875,-0.6088867,1.4365234,-1.5698643,LCC-FASD external-dev / cross-domain stress set,False
YOUTUBE_VX2363SMHL_LGL90_id48_s1_90.png,1,VALID,1.3056641,-0.017349243,-1.359375,1.0908579,LCC-FASD external-dev / cross-domain stress set,True
YOUTUBE_TP300LA_SGS7E_id48_s1_30.png,1,VALID,1.4736328,-0.29589844,-1.21875,1.4349291,LCC-FASD external-dev / cross-domain stress set,True
