path,label,status,logit_real,logit_physical,logit_digital,pad_logit_score,dataset_role,pred_real
YOUTUBE_id43_s0_105.png,0,VALID,0.62109375,-1.6386719,-0.21130371,0.61733484,LCC-FASD external-dev / cross-domain stress set,True
YOUTUBE_id43_s0_124.png,0,VALID,0.65283203,-0.07897949,-1.1630859,0.44048318,LCC-FASD external-dev / cross-domain stress set,True
YOUTUBE_id43_s0_139.png,0,VALID,0.1529541,-0.6738281,-0.23742676,-0.108184874,LCC-FASD external-dev / cross-domain stress set,True
YOUTUBE_id43_s0_154.png,0,VALID,0.45507812,-0.86376953,-0.4765625,0.4134717,LCC-FASD external-dev / cross-domain stress set,True
YOUTUBE_id43_s1_15.png,0,VALID,0.6904297,-1.1025391,-0.50927734,0.7598262,LCC-FASD external-dev / cross-domain stress set,True
YOUTUBE_id43_s1_30.png,0,VALID,1.3320312,-1.7158203,-0.93652344,1.8909895,LCC-FASD external-dev / cross-domain stress set,True
YOUTUBE_id43_s1_45.png,0,VALID,1.2236328,-1.0205078,-1.4082031,1.7261691,LCC-FASD external-dev / cross-domain stress set,True
YOUTUBE_id43_s1_60.png,0,VALID,1.7763672,-1.9443359,-1.2109375,2.5950775,LCC-FASD external-dev / cross-domain stress set,True
YOUTUBE_id43_s1_75.png,0,VALID,1.7548828,-2.0390625,-1.4335938,2.752923,LCC-FASD external-dev / cross-domain stress set,True
YOUTUBE_id43_s1_90.png,0,VALID,1.2978516,-2.0488281,-0.73535156,1.7950656,LCC-FASD external-dev / cross-domain stress set,True
YOUTUBE_id43_s1_105.png,0,VALID,1.6113281,-1.6123047,-1.5976562,2.5231347,LCC-FASD external-dev / cross-domain stress set,True
YOUTUBE_id43_s1_120.png,0,VALID,1.859375,-2.0996094,-1.4003906,2.8563204,LCC-FASD external-dev / cross-domain stress set,True
YOUTUBE_id43_s1_135.png,0,VALID,1.6640625,-1.7958984,-1.4824219,2.597842,LCC-FASD external-dev / cross-domain stress set,True
YOUTUBE_id43_s1_150.png,0,VALID,1.7646484,-1.8466797,-1.4863281,2.7218606,LCC-FASD external-dev / cross-domain stress set,True
YOUTUBE_id48_s0_15.png,0,VALID,1.1103516,-1.0527344,-1.0546875,1.4709148,LCC-FASD external-dev / cross-domain stress set,True
YOUTUBE_id48_s0_30.png,0,VALID,1.3066406,-0.8930664,-1.3896484,1.7243383,LCC-FASD external-dev / cross-domain stress set,True
YOUTUBE_id48_s0_45.png,0,VALID,0.1907959,0.50097656,-0.96533203,-0.51782537,LCC-FASD external-dev / cross-domain stress set,True
YOUTUBE_id48_s0_60.png,0,VALID,1.2636719,-0.89208984,-1.3271484,1.6566685,LCC-FASD external-dev / cross-domain stress set,True
YOUTUBE_id48_s0_75.png,0,VALID,1.3740234,-1.7128906,-0.9741211,1.9576567,LCC-FASD external-dev / cross-domain stress set,True
YOUTUBE_id48_s0_90.png,0,VALID,1.2080078,-0.9536133,-1.2978516,1.6258531,LCC-FASD external-dev / cross-domain stress set,True
YOUTUBE_id48_s0_105.png,0,VALID,0.40771484,0.41601562,-1.0439453,-0.21713877,LCC-FASD external-dev / cross-domain stress set,True
YOUTUBE_id48_s0_120.png,0,VALID,1.0058594,-0.62060547,-1.1943359,1.1795893,LCC-FASD external-dev / cross-domain stress set,True
YOUTUBE_id48_s0_135.png,0,VALID,1.1904297,-0.72509766,-1.2988281,1.4686518,LCC-FASD external-dev / cross-domain stress set,True
YOUTUBE_id48_s0_150.png,0,VALID,1.0820312,-0.74365234,-1.2460938,1.3525276,LCC-FASD external-dev / cross-domain stress set,True
YOUTUBE_id48_s1_15.png,0,VALID,1.3710938,-1.8164062,-1.2929688,2.1987696,LCC-FASD external-dev / cross-domain stress set,True
YOUTUBE_id48_s1_30.png,0,VALID,1.1914062,-1.4931641,-1.2636719,1.8701081,LCC-FASD external-dev / cross-domain stress set,True
YOUTUBE_id48_s1_45.png,0,VALID,1.2363281,-1.8925781,-1.2197266,2.0437784,LCC-FASD external-dev / cross-domain stress set,True
YOUTUBE_id48_s1_60.png,0,VALID,1.171875,-1.8476562,-1.0585938,1.8559644,LCC-FASD external-dev / cross-domain stress set,True
YOUTUBE_id48_s1_75.png,0,VALID,1.3095703,-1.4951172,-1.2792969,1.9978192,LCC-FASD external-dev / cross-domain stress set,True
YOUTUBE_id48_s1_90.png,0,VALID,1.1962891,-1.7167969,-1.2861328,1.9815997,LCC-FASD external-dev / cross-domain stress set,True
YOUTUBE_id48_s1_105.png,0,VALID,1.2783203,-1.8173828,-1.0419922,1.9415174,LCC-FASD external-dev / cross-domain stress set,True
YOUTUBE_id48_s1_124.png,0,VALID,1.3457031,-1.8896484,-1.2128906,2.1476357,LCC-FASD external-dev / cross-domain stress set,True
YOUTUBE_id48_s1_139.png,0,VALID,1.3515625,-1.7158203,-1.1826172,2.072509,LCC-FASD external-dev / cross-domain stress set,True
YOUTUBE_id48_s1_154.png,0,VALID,1.1611328,-2.0175781,-0.96435547,1.8262641,LCC-FASD external-dev / cross-domain stress set,True
YOUTUBE_id48_s2_108.png,0,VALID,1.7041016,-1.2929688,-1.8378906,2.539717,LCC-FASD external-dev / cross-domain stress set,True
YOUTUBE_id48_s2_123.png,0,VALID,1.1933594,-1.6806641,-0.7910156,1.6402179,LCC-FASD external-dev / cross-domain stress set,True
YOUTUBE_id29_s0_15.png,0,VALID,1.6386719,-1.6933594,-1.5351562,2.5566573,LCC-FASD external-dev / cross-domain stress set,True
YOUTUBE_id29_s0_30.png,0,VALID,1.6855469,-1.6308594,-1.671875,2.6435566,LCC-FASD external-dev / cross-domain stress set,True
YOUTUBE_id29_s0_45.png,0,VALID,1.6357422,-1.5605469,-1.4951172,2.469892,LCC-FASD external-dev / cross-domain stress set,True
YOUTUBE_id29_s0_60.png,0,VALID,1.6464844,-1.6845703,-1.5058594,2.5445652,LCC-FASD external-dev / cross-domain stress set,True
YOUTUBE_id29_s0_75.png,0,VALID,1.59375,-1.6240234,-1.5117188,2.4668982,LCC-FASD external-dev / cross-domain stress set,True
YOUTUBE_id29_s0_90.png,0,VALID,1.7314453,-1.9150391,-1.5380859,2.747203,LCC-FASD external-dev / cross-domain stress set,True
YOUTUBE_id29_s0_105.png,0,VALID,1.7695312,-1.8515625,-1.6943359,2.8462465,LCC-FASD external-dev / cross-domain stress set,True
YOUTUBE_id29_s0_120.png,0,VALID,1.7822266,-1.8876953,-1.6640625,2.8587198,LCC-FASD external-dev / cross-domain stress set,True
YOUTUBE_id29_s0_135.png,0,VALID,1.8251953,-1.8466797,-1.6982422,2.9017575,LCC-FASD external-dev / cross-domain stress set,True
YOUTUBE_id39_s0_15.png,0,VALID,-0.47973633,2.0878906,-1.2871094,-2.6012726,LCC-FASD external-dev / cross-domain stress set,False
YOUTUBE_id39_s0_30.png,0,VALID,-0.090270996,2.2167969,-1.6865234,-2.3270419,LCC-FASD external-dev / cross-domain stress set,False
YOUTUBE_id39_s0_47.png,0,VALID,0.19152832,1.7080078,-1.5019531,-1.5560446,LCC-FASD external-dev / cross-domain stress set,False
YOUTUBE_id39_s0_62.png,0,VALID,-0.26635742,2.0996094,-1.5283203,-2.3921912,LCC-FASD external-dev / cross-domain stress set,False
YOUTUBE_id39_s0_80.png,0,VALID,-1.2919922,1.1552734,0.21984863,-2.7783082,LCC-FASD external-dev / cross-domain stress set,False
YOUTUBE_id39_s0_95.png,0,VALID,-0.8828125,2.0742188,-0.67529297,-3.0190282,LCC-FASD external-dev / cross-domain stress set,False
YOUTUBE_id39_s1_15.png,0,VALID,0.75878906,0.22045898,-1.8085938,0.4148213,LCC-FASD external-dev / cross-domain stress set,True
YOUTUBE_id39_s1_30.png,0,VALID,0.5678711,0.50878906,-1.703125,-0.044819236,LCC-FASD external-dev / cross-domain stress set,True
YOUTUBE_id39_s1_45.png,0,VALID,0.9790039,0.3071289,-2.0664062,0.58281076,LCC-FASD external-dev / cross-domain stress set,True
YOUTUBE_id39_s1_60.png,0,VALID,0.8847656,0.48364258,-2.0996094,0.32831132,LCC-FASD external-dev / cross-domain stress set,True
YOUTUBE_id39_s1_75.png,0,VALID,0.7548828,0.6791992,-2.0234375,0.010805905,LCC-FASD external-dev / cross-domain stress set,True
YOUTUBE_id39_s1_91.png,0,VALID,0.8378906,0.6254883,-2.0957031,0.14868003,LCC-FASD external-dev / cross-domain stress set,True
YOUTUBE_id39_s1_106.png,0,VALID,0.5131836,0.84472656,-1.7988281,-0.40023667,LCC-FASD external-dev / cross-domain stress set,True
YOUTUBE_id39_s1_121.png,0,VALID,0.9013672,-0.43237305,-1.6367188,1.071462,LCC-FASD external-dev / cross-domain stress set,True
YOUTUBE_id39_s1_136.png,0,VALID,0.89160156,-0.27856445,-1.5634766,0.9259071,LCC-FASD external-dev / cross-domain stress set,True
YOUTUBE_id39_s1_151.png,0,VALID,1.0761719,-0.57958984,-1.6201172,1.353239,LCC-FASD external-dev / cross-domain stress set,True
YOUTUBE_id42_s0_15.png,0,VALID,1.390625,-1.6337891,-1.2021484,2.092336,LCC-FASD external-dev / cross-domain stress set,True
YOUTUBE_id42_s0_30.png,0,VALID,1.0947266,-1.5273438,-0.97998047,1.618249,LCC-FASD external-dev / cross-domain stress set,True
YOUTUBE_id42_s0_105.png,0,VALID,1.1894531,-1.28125,-1.1083984,1.6874001,LCC-FASD external-dev / cross-domain stress set,True
YOUTUBE_id42_s0_120.png,0,VALID,1.2089844,-1.6318359,-0.9711914,1.7637587,LCC-FASD external-dev / cross-domain stress set,True
YOUTUBE_id42_s0_135.png,0,VALID,1.28125,-1.6044922,-1.0693359,1.8896371,LCC-FASD external-dev / cross-domain stress set,True
YOUTUBE_id42_s0_150.png,0,VALID,1.4003906,-1.6572266,-1.1953125,2.1070762,LCC-FASD external-dev / cross-domain stress set,True
YOUTUBE_id123_s0_15.png,0,VALID,1.6972656,-0.95751953,-1.7744141,2.2888918,LCC-FASD external-dev / cross-domain stress set,True
YOUTUBE_id123_s0_30.png,0,VALID,1.3662109,-0.82666016,-1.6259766,1.8215585,LCC-FASD external-dev / cross-domain stress set,True
YOUTUBE_id123_s0_45.png,0,VALID,0.1697998,0.14196777,-1.0810547,-0.23016825,LCC-FASD external-dev / cross-domain stress set,True
YOUTUBE_id123_s0_60.png,0,VALID,1.5361328,-1.0927734,-1.7832031,2.2225344,LCC-FASD external-dev / cross-domain stress set,True
YOUTUBE_id123_s0_75.png,0,VALID,1.9912109,-0.9765625,-2.1289062,2.693256,LCC-FASD external-dev / cross-domain stress set,True
YOUTUBE_id123_s0_90.png,0,VALID,1.8535156,-1.2861328,-1.8964844,2.7058163,LCC-FASD external-dev / cross-domain stress set,True
YOUTUBE_id123_s0_120.png,0,VALID,1.1103516,-0.7128906,-1.328125,1.3911259,LCC-FASD external-dev / cross-domain stress set,True
YOUTUBE_id123_s0_135.png,0,VALID,1.640625,-1.3056641,-1.5869141,2.3839116,LCC-FASD external-dev / cross-domain stress set,True
YOUTUBE_id123_s0_150.png,0,VALID,1.5146484,-0.9116211,-1.5957031,2.0177736,LCC-FASD external-dev / cross-domain stress set,True
YOUTUBE_id124_s0_15.png,0,VALID,1.5664062,-2.0429688,-1.1015625,2.3386083,LCC-FASD external-dev / cross-domain stress set,True
YOUTUBE_id124_s0_30.png,0,VALID,1.5673828,-1.6630859,-1.2304688,2.2977984,LCC-FASD external-dev / cross-domain stress set,True
YOUTUBE_id124_s0_45.png,0,VALID,1.6083984,-1.4775391,-1.2861328,2.2925146,LCC-FASD external-dev / cross-domain stress set,True
YOUTUBE_id124_s0_60.png,0,VALID,1.6669922,-2.1015625,-1.1611328,2.4984903,LCC-FASD external-dev / cross-domain stress set,True
YOUTUBE_id124_s0_75.png,0,VALID,1.5615234,-1.9990234,-1.2089844,2.3963084,LCC-FASD external-dev / cross-domain stress set,True
YOUTUBE_id124_s0_90.png,0,VALID,1.6044922,-1.8955078,-1.2773438,2.4507465,LCC-FASD external-dev / cross-domain stress set,True
YOUTUBE_id124_s0_105.png,0,VALID,1.7744141,-1.7207031,-1.4746094,2.671372,LCC-FASD external-dev / cross-domain stress set,True
YOUTUBE_id124_s0_120.png,0,VALID,1.7597656,-1.7255859,-1.4462891,2.6428366,LCC-FASD external-dev / cross-domain stress set,True
YOUTUBE_id124_s0_135.png,0,VALID,1.5507812,-1.5595703,-1.2851562,2.2706137,LCC-FASD external-dev / cross-domain stress set,True
YOUTUBE_id124_s0_150.png,0,VALID,1.6318359,-1.796875,-1.1601562,2.3673615,LCC-FASD external-dev / cross-domain stress set,True
YOUTUBE_id119_s0_15.png,0,VALID,1.8867188,-1.9150391,-1.8769531,3.0893865,LCC-FASD external-dev / cross-domain stress set,True
YOUTUBE_id119_s0_30.png,0,VALID,1.9951172,-1.8203125,-1.8173828,3.1208167,LCC-FASD external-dev / cross-domain stress set,True
YOUTUBE_id119_s0_45.png,0,VALID,1.9296875,-1.8535156,-1.8359375,3.0812283,LCC-FASD external-dev / cross-domain stress set,True
YOUTUBE_id119_s0_60.png,0,VALID,1.8945312,-1.8095703,-1.9033203,3.0567312,LCC-FASD external-dev / cross-domain stress set,True
YOUTUBE_id119_s0_75.png,0,VALID,1.8642578,-1.9482422,-1.8662109,3.0774963,LCC-FASD external-dev / cross-domain stress set,True
YOUTUBE_id119_s0_90.png,0,VALID,1.8896484,-1.9169922,-1.8486328,3.0787296,LCC-FASD external-dev / cross-domain stress set,True
YOUTUBE_id119_s0_150.png,0,VALID,1.8300781,-1.6435547,-1.875,2.8895273,LCC-FASD external-dev / cross-domain stress set,True
YOUTUBE_id119_s1_15.png,0,VALID,1.9335938,-1.7167969,-1.8525391,3.022813,LCC-FASD external-dev / cross-domain stress set,True
YOUTUBE_id119_s1_30.png,0,VALID,1.8544922,-1.8974609,-1.7441406,2.9792104,LCC-FASD external-dev / cross-domain stress set,True
YOUTUBE_id119_s1_45.png,0,VALID,1.8017578,-1.7148438,-1.7724609,2.8518481,LCC-FASD external-dev / cross-domain stress set,True
YOUTUBE_id119_s1_60.png,0,VALID,1.90625,-1.7939453,-1.8007812,3.0104604,LCC-FASD external-dev / cross-domain stress set,True
YOUTUBE_id119_s1_75.png,0,VALID,1.8710938,-1.7617188,-1.828125,2.9723172,LCC-FASD external-dev / cross-domain stress set,True
YOUTUBE_id119_s1_90.png,0,VALID,1.7304688,-1.9511719,-1.6308594,2.8155665,LCC-FASD external-dev / cross-domain stress set,True
YOUTUBE_id119_s1_105.png,0,VALID,1.8144531,-1.8173828,-1.7880859,2.923933,LCC-FASD external-dev / cross-domain stress set,True
YOUTUBE_id119_s1_120.png,0,VALID,1.8945312,-1.9433594,-1.8886719,3.1170259,LCC-FASD external-dev / cross-domain stress set,True
YOUTUBE_id119_s1_135.png,0,VALID,1.8212891,-1.8544922,-1.9169922,3.0133958,LCC-FASD external-dev / cross-domain stress set,True
YOUTUBE_id119_s1_150.png,0,VALID,1.8203125,-1.6923828,-1.8486328,2.8946245,LCC-FASD external-dev / cross-domain stress set,True
YOUTUBE_id120_s0_57.png,0,VALID,1.9726562,-2.0703125,-1.5351562,3.0468636,LCC-FASD external-dev / cross-domain stress set,True
YOUTUBE_id120_s0_72.png,0,VALID,0.4765625,-1.2861328,-0.09429932,0.30568308,LCC-FASD external-dev / cross-domain stress set,True
YOUTUBE_id120_s0_87.png,0,VALID,-0.09503174,-1.9580078,0.84375,-0.9977139,LCC-FASD external-dev / cross-domain stress set,False
YOUTUBE_id120_s0_102.png,0,VALID,0.5908203,-1.7939453,-0.30371094,0.69132936,LCC-FASD external-dev / cross-domain stress set,True
YOUTUBE_id120_s0_117.png,0,VALID,0.27075195,-1.4814453,0.099609375,-0.01596582,LCC-FASD external-dev / cross-domain stress set,True
YOUTUBE_id120_s0_132.png,0,VALID,0.40795898,-1.9023438,0.14855957,0.1384049,LCC-FASD external-dev / cross-domain stress set,True
YOUTUBE_id120_s0_147.png,0,VALID,-0.4230957,-1.5742188,0.9941406,-1.4911011,LCC-FASD external-dev / cross-domain stress set,False
YOUTUBE_id120_s0_162.png,0,VALID,-0.3671875,-1.4472656,0.7036133,-1.1808938,LCC-FASD external-dev / cross-domain stress set,False
YOUTUBE_id120_s0_177.png,0,VALID,-0.6533203,-1.7978516,1.2753906,-1.9739432,LCC-FASD external-dev / cross-domain stress set,False
YOUTUBE_id120_s0_192.png,0,VALID,0.26611328,-1.8701172,0.2902832,-0.1332745,LCC-FASD external-dev / cross-domain stress set,True
YOUTUBE_id121_s0_15.png,0,VALID,1.6679688,-2.1054688,-2.0234375,3.0384338,LCC-FASD external-dev / cross-domain stress set,True
YOUTUBE_id121_s0_30.png,0,VALID,1.625,-2.1191406,-1.9638672,2.970346,LCC-FASD external-dev / cross-domain stress set,True
YOUTUBE_id121_s0_45.png,0,VALID,1.5517578,-2.078125,-1.8652344,2.8246357,LCC-FASD external-dev / cross-domain stress set,True
YOUTUBE_id121_s0_60.png,0,VALID,1.4667969,-1.9609375,-1.5703125,2.5203214,LCC-FASD external-dev / cross-domain stress set,True
YOUTUBE_id121_s0_75.png,0,VALID,1.6826172,-2.1328125,-2.0292969,3.069186,LCC-FASD external-dev / cross-domain stress set,True
YOUTUBE_id121_s0_90.png,0,VALID,1.6582031,-2.2304688,-1.9570312,3.049489,LCC-FASD external-dev / cross-domain stress set,True
YOUTUBE_id121_s0_105.png,0,VALID,1.5136719,-2.1875,-1.8710938,2.8373594,LCC-FASD external-dev / cross-domain stress set,True
YOUTUBE_id121_s0_120.png,0,VALID,1.65625,-2.2207031,-1.9785156,3.0553982,LCC-FASD external-dev / cross-domain stress set,True
YOUTUBE_id121_s0_135.png,0,VALID,1.5683594,-1.8583984,-1.9208984,2.7643723,LCC-FASD external-dev / cross-domain stress set,True
YOUTUBE_id121_s0_150.png,0,VALID,1.4990234,-2.1035156,-1.8730469,2.7875326,LCC-FASD external-dev / cross-domain stress set,True
YOUTUBE_id122_s0_15.png,0,VALID,-0.08911133,-0.45825195,-0.012969971,-0.57122993,LCC-FASD external-dev / cross-domain stress set,True
YOUTUBE_id122_s0_30.png,0,VALID,0.29663086,-0.7734375,-0.1171875,-0.0040976405,LCC-FASD external-dev / cross-domain stress set,True
YOUTUBE_id122_s0_45.png,0,VALID,0.065979004,-0.92578125,0.20605469,-0.41955477,LCC-FASD external-dev / cross-domain stress set,True
YOUTUBE_id122_s0_60.png,0,VALID,0.41796875,-1.1894531,-0.03765869,0.18097809,LCC-FASD external-dev / cross-domain stress set,True
YOUTUBE_id122_s0_75.png,0,VALID,-0.47607422,0.107055664,0.16308594,-1.3046846,LCC-FASD external-dev / cross-domain stress set,False
YOUTUBE_id122_s0_90.png,0,VALID,-0.49829102,0.7446289,-0.14807129,-1.5861893,LCC-FASD external-dev / cross-domain stress set,False
YOUTUBE_id122_s0_105.png,0,VALID,0.22436523,-0.9995117,-0.1159668,-0.005606115,LCC-FASD external-dev / cross-domain stress set,True
YOUTUBE_id122_s0_120.png,0,VALID,0.039123535,-0.31274414,0.02720642,-0.5256316,LCC-FASD external-dev / cross-domain stress set,True
YOUTUBE_id122_s0_135.png,0,VALID,0.08190918,-0.74902344,0.038970947,-0.33189997,LCC-FASD external-dev / cross-domain stress set,True
YOUTUBE_id122_s0_150.png,0,VALID,0.49731445,-0.77490234,-0.40454102,0.3768401,LCC-FASD external-dev / cross-domain stress set,True
YOUTUBE_id123_s0_105.png,0,VALID,1.2744141,-1.0478516,-1.3935547,1.787105,LCC-FASD external-dev / cross-domain stress set,True
YOUTUBE_id115_s2_45.png,0,VALID,0.9355469,-2.1699219,-0.41430664,1.1904588,LCC-FASD external-dev / cross-domain stress set,True
YOUTUBE_id115_s2_60.png,0,VALID,1.4013672,-2.0644531,-1.1542969,2.2174354,LCC-FASD external-dev / cross-domain stress set,True
YOUTUBE_id115_s2_75.png,0,VALID,1.3984375,-2.1757812,-1.1005859,2.2054355,LCC-FASD external-dev / cross-domain stress set,True
YOUTUBE_id115_s2_90.png,0,VALID,1.4765625,-1.8769531,-1.2080078,2.2709727,LCC-FASD external-dev / cross-domain stress set,True
YOUTUBE_id116_s0_15.png,0,VALID,0.9345703,-1.7099609,-0.61572266,1.2615156,LCC-FASD external-dev / cross-domain stress set,True
YOUTUBE_id116_s0_30.png,0,VALID,1.2128906,-2.1386719,-0.9472656,1.8948779,LCC-FASD external-dev / cross-domain stress set,True
YOUTUBE_id116_s0_45.png,0,VALID,1.5322266,-2.390625,-1.2324219,2.4915345,LCC-FASD external-dev / cross-domain stress set,True
YOUTUBE_id116_s0_60.png,0,VALID,1.4179688,-2.3066406,-1.0751953,2.237073,LCC-FASD external-dev / cross-domain stress set,True
YOUTUBE_id116_s0_75.png,0,VALID,1.5986328,-2.0507812,-1.390625,2.5726743,LCC-FASD external-dev / cross-domain stress set,True
YOUTUBE_id116_s0_90.png,0,VALID,1.4228516,-2.59375,-1.0556641,2.283943,LCC-FASD external-dev / cross-domain stress set,True
YOUTUBE_id116_s0_105.png,0,VALID,1.6269531,-2.546875,-1.3583984,2.71939,LCC-FASD external-dev / cross-domain stress set,True
YOUTUBE_id116_s0_120.png,0,VALID,1.3212891,-2.5,-0.97558594,2.0998712,LCC-FASD external-dev / cross-domain stress set,True
YOUTUBE_id116_s0_135.png,0,VALID,1.2988281,-2.2578125,-0.9433594,2.0042567,LCC-FASD external-dev / cross-domain stress set,True
YOUTUBE_id116_s0_150.png,0,VALID,1.6367188,-2.3476562,-1.2041016,2.5641859,LCC-FASD external-dev / cross-domain stress set,True
YOUTUBE_id116_s1_15.png,0,VALID,1.5400391,-2.3457031,-1.1035156,2.3898807,LCC-FASD external-dev / cross-domain stress set,True
YOUTUBE_id116_s1_30.png,0,VALID,1.3007812,-1.8017578,-1.0742188,1.980868,LCC-FASD external-dev / cross-domain stress set,True
YOUTUBE_id116_s1_45.png,0,VALID,1.15625,-2.359375,-0.6933594,1.6764979,LCC-FASD external-dev / cross-domain stress set,True
YOUTUBE_id116_s1_60.png,0,VALID,1.0390625,-2.3027344,-0.5097656,1.39485,LCC-FASD external-dev / cross-domain stress set,True
YOUTUBE_id116_s1_75.png,0,VALID,0.88427734,-2.0898438,-0.48583984,1.186888,LCC-FASD external-dev / cross-domain stress set,True
YOUTUBE_id116_s1_90.png,0,VALID,0.8466797,-2.296875,-0.38134766,1.0906472,LCC-FASD external-dev / cross-domain stress set,True
YOUTUBE_id116_s1_105.png,0,VALID,1.4638672,-2.4472656,-1.2167969,2.4243522,LCC-FASD external-dev / cross-domain stress set,True
YOUTUBE_id116_s1_120.png,0,VALID,1.3574219,-2.4179688,-1.1054688,2.2245462,LCC-FASD external-dev / cross-domain stress set,True
YOUTUBE_id116_s1_135.png,0,VALID,1.4169922,-2.2539062,-1.1611328,2.28898,LCC-FASD external-dev / cross-domain stress set,True
YOUTUBE_id116_s1_150.png,0,VALID,1.2246094,-2.3671875,-0.7729492,1.8126876,LCC-FASD external-dev / cross-domain stress set,True
YOUTUBE_id116_s2_15.png,0,VALID,1.5791016,-1.9404297,-1.2392578,2.4155622,LCC-FASD external-dev / cross-domain stress set,True
YOUTUBE_id116_s2_30.png,0,VALID,1.4316406,-2.0585938,-1.0214844,2.149709,LCC-FASD external-dev / cross-domain stress set,True
YOUTUBE_id116_s2_45.png,0,VALID,1.5957031,-2.1582031,-1.2480469,2.5055213,LCC-FASD external-dev / cross-domain stress set,True
YOUTUBE_id116_s2_60.png,0,VALID,1.1748047,-1.7763672,-1.0361328,1.8209231,LCC-FASD external-dev / cross-domain stress set,True
YOUTUBE_id116_s2_75.png,0,VALID,1.5957031,-1.7275391,-1.4902344,2.5044198,LCC-FASD external-dev / cross-domain stress set,True
YOUTUBE_id116_s2_90.png,0,VALID,1.3427734,-2.1132812,-0.8701172,1.9594351,LCC-FASD external-dev / cross-domain stress set,True
YOUTUBE_id116_s2_105.png,0,VALID,1.2314453,-1.0859375,-1.3164062,1.7328451,LCC-FASD external-dev / cross-domain stress set,True
YOUTUBE_id116_s2_120.png,0,VALID,1.453125,-1.7363281,-1.2490234,2.2232594,LCC-FASD external-dev / cross-domain stress set,True
YOUTUBE_id116_s2_135.png,0,VALID,1.6708984,-1.7744141,-1.4677734,2.5871372,LCC-FASD external-dev / cross-domain stress set,True
YOUTUBE_id116_s2_150.png,0,VALID,1.7333984,-1.8271484,-1.5419922,2.7146916,LCC-FASD external-dev / cross-domain stress set,True
YOUTUBE_id117_s0_15.png,0,VALID,0.51416016,-0.17785645,-0.94873047,0.31179506,LCC-FASD external-dev / cross-domain stress set,True
YOUTUBE_id117_s0_30.png,0,VALID,0.38427734,0.19970703,-0.9995117,-0.078893065,LCC-FASD external-dev / cross-domain stress set,True
YOUTUBE_id117_s0_45.png,0,VALID,0.70703125,-0.3942871,-0.97753906,0.65786374,LCC-FASD external-dev / cross-domain stress set,True
YOUTUBE_id117_s0_60.png,0,VALID,0.5883789,-0.6796875,-0.77783203,0.62278795,LCC-FASD external-dev / cross-domain stress set,True
YOUTUBE_id117_s0_75.png,0,VALID,0.5341797,-0.52246094,-0.6489258,0.42472804,LCC-FASD external-dev / cross-domain stress set,True
YOUTUBE_id117_s0_90.png,0,VALID,1.2226562,-1.4990234,-0.84716797,1.6504048,LCC-FASD external-dev / cross-domain stress set,True
YOUTUBE_id117_s0_105.png,0,VALID,0.7993164,-1.0371094,-0.6977539,0.9592741,LCC-FASD external-dev / cross-domain stress set,True
YOUTUBE_id117_s0_120.png,0,VALID,0.35888672,-1.3955078,-0.17626953,0.2762942,LCC-FASD external-dev / cross-domain stress set,True
YOUTUBE_id117_s0_135.png,0,VALID,0.8696289,-0.87841797,-1.0371094,1.1311009,LCC-FASD external-dev / cross-domain stress set,True
YOUTUBE_id117_s0_150.png,0,VALID,1.4931641,-0.70996094,-1.7333984,1.8961128,LCC-FASD external-dev / cross-domain stress set,True
YOUTUBE_id118_s0_15.png,0,VALID,1.9716797,-2.0800781,-1.9267578,3.279015,LCC-FASD external-dev / cross-domain stress set,True
YOUTUBE_id118_s0_30.png,0,VALID,1.8154297,-1.8886719,-1.7490234,2.9386945,LCC-FASD external-dev / cross-domain stress set,True
YOUTUBE_id118_s0_45.png,0,VALID,1.7177734,-1.8486328,-1.6855469,2.7883952,LCC-FASD external-dev / cross-domain stress set,True
YOUTUBE_id118_s0_60.png,0,VALID,1.8720703,-2.0527344,-1.890625,3.1473215,LCC-FASD external-dev / cross-domain stress set,True
YOUTUBE_id118_s0_75.png,0,VALID,1.7509766,-2.1171875,-1.71875,2.956084,LCC-FASD external-dev / cross-domain stress set,True
YOUTUBE_id118_s0_90.png,0,VALID,1.8232422,-2.0390625,-1.8310547,3.0597548,LCC-FASD external-dev / cross-domain stress set,True
YOUTUBE_id118_s0_105.png,0,VALID,1.8632812,-1.8945312,-1.890625,3.0627103,LCC-FASD external-dev / cross-domain stress set,True
YOUTUBE_id118_s0_120.png,0,VALID,1.9433594,-2.1972656,-1.9267578,3.3031049,LCC-FASD external-dev / cross-domain stress set,True
YOUTUBE_id118_s0_135.png,0,VALID,1.6923828,-2.03125,-1.7949219,2.9053564,LCC-FASD external-dev / cross-domain stress set,True
YOUTUBE_id118_s0_150.png,0,VALID,1.7050781,-1.8710938,-1.8173828,2.8558087,LCC-FASD external-dev / cross-domain stress set,True
YOUTUBE_id119_s0_105.png,0,VALID,1.7705078,-1.8242188,-1.7353516,2.856159,LCC-FASD external-dev / cross-domain stress set,True
YOUTUBE_id119_s0_120.png,0,VALID,1.8232422,-1.7353516,-1.7597656,2.8775792,LCC-FASD external-dev / cross-domain stress set,True
YOUTUBE_id119_s0_135.png,0,VALID,1.8671875,-1.9287109,-1.7841797,3.0278769,LCC-FASD external-dev / cross-domain stress set,True
PBUNKNOWN_id169_s0_15.png,0,VALID,0.31274414,-0.22302246,-0.5698242,0.0010611415,LCC-FASD external-dev / cross-domain stress set,True
PBUNKNOWN_id169_s0_30.png,0,VALID,0.5546875,-1.0605469,-0.4428711,0.56629825,LCC-FASD external-dev / cross-domain stress set,True
PBUNKNOWN_id169_s0_45.png,0,VALID,0.38256836,-0.72314453,-0.36279297,0.21624535,LCC-FASD external-dev / cross-domain stress set,True
PBUNKNOWN_id169_s0_60.png,0,VALID,0.6489258,-0.6557617,-0.6611328,0.6142222,LCC-FASD external-dev / cross-domain stress set,True
PBUNKNOWN_id169_s0_75.png,0,VALID,0.88183594,-1.1376953,-0.6459961,1.050613,LCC-FASD external-dev / cross-domain stress set,True
PBUNKNOWN_id169_s0_90.png,0,VALID,0.59716797,-0.8676758,-0.4020996,0.51205456,LCC-FASD external-dev / cross-domain stress set,True
PBUNKNOWN_id169_s0_120.png,0,VALID,-0.00944519,-0.09692383,-0.16821289,-0.5706591,LCC-FASD external-dev / cross-domain stress set,True
PBUNKNOWN_id169_s0_135.png,0,VALID,0.68652344,-0.7993164,-0.57666016,0.67518026,LCC-FASD external-dev / cross-domain stress set,True
PBUNKNOWN_id169_s0_150.png,0,VALID,0.22644043,-0.51416016,-0.11608887,-0.17126042,LCC-FASD external-dev / cross-domain stress set,True
SIC320_id161_s0_15.png,0,VALID,-0.7675781,0.6894531,0.23364258,-1.9480218,LCC-FASD external-dev / cross-domain stress set,False
SIC320_id161_s0_30.png,0,VALID,-0.21105957,-0.11920166,0.22033691,-0.9691165,LCC-FASD external-dev / cross-domain stress set,False
SIC320_id161_s0_45.png,0,VALID,-0.1239624,-0.3383789,0.32226562,-0.86264515,LCC-FASD external-dev / cross-domain stress set,False
SIC320_id161_s0_60.png,0,VALID,-0.70947266,-0.4165039,1.0673828,-1.9812276,LCC-FASD external-dev / cross-domain stress set,False
SIC320_id161_s0_75.png,0,VALID,-0.27539062,0.53125,-0.14868164,-1.2165303,LCC-FASD external-dev / cross-domain stress set,False
SIC320_id161_s0_90.png,0,VALID,-0.15490723,0.20715332,-0.20874023,-0.8687278,LCC-FASD external-dev / cross-domain stress set,False
SIC320_id161_s0_105.png,0,VALID,-0.076293945,0.9316406,-0.61865234,-1.2003598,LCC-FASD external-dev / cross-domain stress set,False
SIC320_id161_s0_120.png,0,VALID,-0.5317383,-0.017959595,0.50341797,-1.5012159,LCC-FASD external-dev / cross-domain stress set,False
SIC320_id161_s0_135.png,0,VALID,-0.06854248,0.20288086,-0.20141602,-0.7827164,LCC-FASD external-dev / cross-domain stress set,False
SIC320_id161_s0_150.png,0,VALID,-0.5048828,0.82128906,-0.11352539,-1.6573865,LCC-FASD external-dev / cross-domain stress set,False
UNKNOWN_id152_s0_15.png,0,VALID,0.67578125,1.2851562,-1.8779297,-0.6508,LCC-FASD external-dev / cross-domain stress set,False
UNKNOWN_id152_s0_30.png,0,VALID,1.2402344,0.6591797,-2.0957031,0.5193798,LCC-FASD external-dev / cross-domain stress set,True
UNKNOWN_id152_s0_45.png,0,VALID,1.0585938,0.82958984,-2.0449219,0.17409563,LCC-FASD external-dev / cross-domain stress set,True
UNKNOWN_id152_s0_60.png,0,VALID,1.3066406,0.72509766,-2.1796875,0.5282292,LCC-FASD external-dev / cross-domain stress set,True
UNKNOWN_id152_s0_75.png,0,VALID,1.3193359,0.3203125,-2.03125,0.9080679,LCC-FASD external-dev / cross-domain stress set,True
UNKNOWN_id152_s0_90.png,0,VALID,0.47680664,1.4111328,-1.9101562,-0.9697958,LCC-FASD external-dev / cross-domain stress set,False
UNKNOWN_id152_s0_105.png,0,VALID,0.7207031,1.3710938,-2.1035156,-0.6808945,LCC-FASD external-dev / cross-domain stress set,False
UNKNOWN_id152_s0_120.png,0,VALID,1.3242188,0.58740234,-2.2382812,0.6792382,LCC-FASD external-dev / cross-domain stress set,True
UNKNOWN_id152_s0_135.png,0,VALID,1.5302734,0.81689453,-2.5449219,0.67929417,LCC-FASD external-dev / cross-domain stress set,True
UNKNOWN_id152_s0_150.png,0,VALID,1.5253906,0.5151367,-2.2832031,0.95112586,LCC-FASD external-dev / cross-domain stress set,True
YOUTUBE_id115_s0_15.png,0,VALID,1.4462891,-1.9521484,-1.3359375,2.350453,LCC-FASD external-dev / cross-domain stress set,True
YOUTUBE_id115_s0_30.png,0,VALID,1.546875,-1.8398438,-1.546875,2.5363965,LCC-FASD external-dev / cross-domain stress set,True
YOUTUBE_id115_s0_45.png,0,VALID,0.92041016,-1.8320312,-0.55615234,1.2303389,LCC-FASD external-dev / cross-domain stress set,True
YOUTUBE_id115_s0_60.png,0,VALID,1.1240234,-1.9033203,-0.8183594,1.6512704,LCC-FASD external-dev / cross-domain stress set,True
YOUTUBE_id115_s0_75.png,0,VALID,1.3193359,-1.9130859,-1.0019531,1.9833404,LCC-FASD external-dev / cross-domain stress set,True
YOUTUBE_id115_s0_90.png,0,VALID,1.4296875,-1.9316406,-1.2958984,2.3006172,LCC-FASD external-dev / cross-domain stress set,True
YOUTUBE_id115_s0_105.png,0,VALID,1.8115234,-1.8339844,-1.6347656,2.8477983,LCC-FASD external-dev / cross-domain stress set,True
YOUTUBE_id115_s0_120.png,0,VALID,1.5302734,-1.8017578,-1.3486328,2.3868728,LCC-FASD external-dev / cross-domain stress set,True
YOUTUBE_id115_s0_135.png,0,VALID,1.3564453,-1.5693359,-1.1435547,1.9972513,LCC-FASD external-dev / cross-domain stress set,True
YOUTUBE_id115_s1_15.png,0,VALID,1.2158203,-2.015625,-0.96240234,1.8789985,LCC-FASD external-dev / cross-domain stress set,True
YOUTUBE_id115_s1_30.png,0,VALID,1.1259766,-1.8642578,-0.87060547,1.6816092,LCC-FASD external-dev / cross-domain stress set,True
YOUTUBE_id115_s1_45.png,0,VALID,1.1123047,-2.0488281,-0.75439453,1.624496,LCC-FASD external-dev / cross-domain stress set,True
YOUTUBE_id115_s1_60.png,0,VALID,1.1875,-1.8378906,-0.97802734,1.8126055,LCC-FASD external-dev / cross-domain stress set,True
YOUTUBE_id115_s1_75.png,0,VALID,1.2949219,-2.1933594,-0.84765625,1.9111835,LCC-FASD external-dev / cross-domain stress set,True
YOUTUBE_id115_s1_90.png,0,VALID,1.1865234,-2.0371094,-0.86865234,1.7845029,LCC-FASD external-dev / cross-domain stress set,True
YOUTUBE_id115_s1_105.png,0,VALID,1.2148438,-1.8359375,-1.0332031,1.8777931,LCC-FASD external-dev / cross-domain stress set,True
YOUTUBE_id115_s1_120.png,0,VALID,1.0449219,-1.8837891,-0.6899414,1.4701533,LCC-FASD external-dev / cross-domain stress set,True
YOUTUBE_id115_s1_135.png,0,VALID,1.3173828,-2.0078125,-1.1142578,2.0886195,LCC-FASD external-dev / cross-domain stress set,True
YOUTUBE_id115_s1_150.png,0,VALID,1.2939453,-1.7900391,-1.1074219,1.9923797,LCC-FASD external-dev / cross-domain stress set,True
YOUTUBE_id115_s2_15.png,0,VALID,1.1933594,-2.0722656,-1.0292969,1.9207703,LCC-FASD external-dev / cross-domain stress set,True
YOUTUBE_id115_s2_30.png,0,VALID,1.5410156,-2.0898438,-1.5097656,2.6061888,LCC-FASD external-dev / cross-domain stress set,True
YOUTUBE_id115_s2_105.png,0,VALID,1.578125,-2.2304688,-1.1796875,2.4579566,LCC-FASD external-dev / cross-domain stress set,True
YOUTUBE_id115_s2_120.png,0,VALID,1.3662109,-2.1152344,-1.2138672,2.2393193,LCC-FASD external-dev / cross-domain stress set,True
YOUTUBE_id115_s2_135.png,0,VALID,1.2080078,-1.9833984,-0.91308594,1.8262613,LCC-FASD external-dev / cross-domain stress set,True
YOUTUBE_id115_s2_150.png,0,VALID,1.2353516,-1.9980469,-1.0068359,1.9265544,LCC-FASD external-dev / cross-domain stress set,True
FT720P_id5_s0_30.png,0,VALID,1.8662109,-1.8408203,-1.4326172,2.7890968,LCC-FASD external-dev / cross-domain stress set,True
FT720P_id5_s0_45.png,0,VALID,1.9169922,-1.8398438,-1.4580078,2.8546555,LCC-FASD external-dev / cross-domain stress set,True
FT720P_id5_s0_60.png,0,VALID,1.875,-1.7128906,-1.4511719,2.7553463,LCC-FASD external-dev / cross-domain stress set,True
FT720P_id5_s0_75.png,0,VALID,1.9365234,-1.7216797,-1.5214844,2.8599567,LCC-FASD external-dev / cross-domain stress set,True
FT720P_id5_s0_90.png,0,VALID,1.8300781,-1.78125,-1.3740234,2.6939802,LCC-FASD external-dev / cross-domain stress set,True
FT720P_id9_s0_15.png,0,VALID,0.57421875,-0.53466797,-0.5004883,0.39850372,LCC-FASD external-dev / cross-domain stress set,True
FT720P_id9_s0_30.png,0,VALID,0.8066406,-0.52490234,-0.82177734,0.7758567,LCC-FASD external-dev / cross-domain stress set,True
FT720P_id9_s0_45.png,0,VALID,0.6503906,0.117614746,-1.0195312,0.25458893,LCC-FASD external-dev / cross-domain stress set,True
FT720P_id9_s0_60.png,0,VALID,0.8305664,-0.19030762,-1.0771484,0.6758987,LCC-FASD external-dev / cross-domain stress set,True
FT720P_id9_s0_75.png,0,VALID,0.84472656,0.20336914,-1.2949219,0.43963218,LCC-FASD external-dev / cross-domain stress set,True
FT720P_id9_s0_90.png,0,VALID,0.70947266,-0.04034424,-0.97558594,0.4187227,LCC-FASD external-dev / cross-domain stress set,True
FT720P_id9_s0_105.png,0,VALID,0.8330078,0.0914917,-1.2138672,0.5016529,LCC-FASD external-dev / cross-domain stress set,True
FT720P_id9_s0_120.png,0,VALID,0.6484375,0.43408203,-1.1933594,0.035012066,LCC-FASD external-dev / cross-domain stress set,True
FT720P_id9_s0_135.png,0,VALID,0.7685547,0.5551758,-1.4521484,0.08732116,LCC-FASD external-dev / cross-domain stress set,True
FT720P_id9_s0_150.png,0,VALID,0.6328125,0.28637695,-1.1289062,0.1290229,LCC-FASD external-dev / cross-domain stress set,True
IPHONE8B_id5_s2_15.png,0,VALID,1.3056641,-1.6445312,-1.4609375,2.161044,LCC-FASD external-dev / cross-domain stress set,True
IPHONE8B_id5_s2_30.png,0,VALID,1.3300781,-1.7099609,-1.5410156,2.2588556,LCC-FASD external-dev / cross-domain stress set,True
IPHONE8B_id5_s2_45.png,0,VALID,1.3125,-1.6953125,-1.5205078,2.2234483,LCC-FASD external-dev / cross-domain stress set,True
IPHONE8B_id5_s2_60.png,0,VALID,1.3261719,-1.578125,-1.4433594,2.1414983,LCC-FASD external-dev / cross-domain stress set,True
IPHONE8B_id5_s2_75.png,0,VALID,1.3291016,-1.6503906,-1.4667969,2.1903408,LCC-FASD external-dev / cross-domain stress set,True
IPHONE8B_id5_s2_90.png,0,VALID,1.2675781,-1.6367188,-1.3964844,2.0838356,LCC-FASD external-dev / cross-domain stress set,True
IPHONE8B_id5_s2_105.png,0,VALID,1.2617188,-1.7001953,-1.3769531,2.0941415,LCC-FASD external-dev / cross-domain stress set,True
IPHONE8B_id5_s2_120.png,0,VALID,1.3564453,-1.6699219,-1.4228516,2.2020738,LCC-FASD external-dev / cross-domain stress set,True
IPHONE8B_id5_s2_135.png,0,VALID,1.3300781,-1.6699219,-1.3857422,2.154702,LCC-FASD external-dev / cross-domain stress set,True
IPHONE8B_id5_s2_150.png,0,VALID,1.3759766,-1.7382812,-1.4228516,2.25101,LCC-FASD external-dev / cross-domain stress set,True
IPHONE8B_id9_s2_15.png,0,VALID,1.1337891,-2.0996094,-0.5131836,1.4607788,LCC-FASD external-dev / cross-domain stress set,True
IPHONE8B_id9_s2_30.png,0,VALID,1.2050781,-2.1835938,-0.57470703,1.5973717,LCC-FASD external-dev / cross-domain stress set,True
IPHONE8B_id9_s2_45.png,0,VALID,1.1650391,-1.7871094,-0.55322266,1.4627217,LCC-FASD external-dev / cross-domain stress set,True
IPHONE8B_id9_s2_60.png,0,VALID,1.1269531,-2.0996094,-0.45629883,1.4064968,LCC-FASD external-dev / cross-domain stress set,True
IPHONE8B_id9_s2_75.png,0,VALID,1.2021484,-2.0234375,-0.6791992,1.6496502,LCC-FASD external-dev / cross-domain stress set,True
IPHONE8B_id9_s2_90.png,0,VALID,1.296875,-2.1015625,-0.83691406,1.8851037,LCC-FASD external-dev / cross-domain stress set,True
IPHONE8B_id9_s2_105.png,0,VALID,1.1123047,-2.1210938,-0.4086914,1.3551158,LCC-FASD external-dev / cross-domain stress set,True
IPHONE8B_id9_s2_120.png,0,VALID,0.9794922,-2.0,-0.2783203,1.0933447,LCC-FASD external-dev / cross-domain stress set,True
IPHONE8B_id9_s2_135.png,0,VALID,1.1123047,-1.78125,-0.5136719,1.3779354,LCC-FASD external-dev / cross-domain stress set,True
IPHONE8B_id9_s2_150.png,0,VALID,1.0185547,-2.0859375,-0.41430664,1.2606403,LCC-FASD external-dev / cross-domain stress set,True
IPHONE8B_id81_s0_15.png,0,VALID,1.3066406,-1.8564453,-1.2197266,2.1017365,LCC-FASD external-dev / cross-domain stress set,True
IPHONE8B_id81_s0_30.png,0,VALID,1.3417969,-1.8232422,-1.1845703,2.102412,LCC-FASD external-dev / cross-domain stress set,True
IPHONE8B_id81_s0_45.png,0,VALID,1.2275391,-1.7802734,-1.1083984,1.9233313,LCC-FASD external-dev / cross-domain stress set,True
IPHONE8B_id81_s0_60.png,0,VALID,1.1894531,-1.7128906,-1.0380859,1.8159223,LCC-FASD external-dev / cross-domain stress set,True
IPHONE8B_id81_s0_75.png,0,VALID,1.1787109,-1.7460938,-1.0234375,1.8064233,LCC-FASD external-dev / cross-domain stress set,True
IPHONE8B_id81_s0_90.png,0,VALID,1.2304688,-1.7490234,-1.09375,1.905969,LCC-FASD external-dev / cross-domain stress set,True
IPHONE8B_id81_s0_105.png,0,VALID,1.3144531,-1.8691406,-1.1777344,2.0861418,LCC-FASD external-dev / cross-domain stress set,True
IPHONE8B_id81_s0_120.png,0,VALID,1.375,-1.8154297,-1.1845703,2.1329086,LCC-FASD external-dev / cross-domain stress set,True
IPHONE8B_id81_s0_135.png,0,VALID,1.3203125,-1.9042969,-1.2050781,2.1219454,LCC-FASD external-dev / cross-domain stress set,True
IPHONE8B_id81_s0_150.png,0,VALID,1.3173828,-1.9375,-1.1835938,2.115357,LCC-FASD external-dev / cross-domain stress set,True
MSIGT72_id164_s0_15.png,0,VALID,-0.58251953,2.234375,-1.0419922,-2.853964,LCC-FASD external-dev / cross-domain stress set,False
MSIGT72_id164_s0_30.png,0,VALID,-0.31884766,2.125,-1.2460938,-2.4776227,LCC-FASD external-dev / cross-domain stress set,False
MSIGT72_id164_s0_45.png,0,VALID,-0.90722656,2.3847656,-0.89160156,-3.3290617,LCC-FASD external-dev / cross-domain stress set,False
MSIGT72_id164_s0_60.png,0,VALID,-0.7319336,2.3085938,-1.0683594,-3.0741084,LCC-FASD external-dev / cross-domain stress set,False
MSIGT72_id164_s0_75.png,0,VALID,-0.75439453,2.40625,-0.9814453,-3.1938727,LCC-FASD external-dev / cross-domain stress set,False
MSIGT72_id164_s0_90.png,0,VALID,-0.5410156,2.1640625,-1.0957031,-2.7427566,LCC-FASD external-dev / cross-domain stress set,False
MSIGT72_id164_s0_105.png,0,VALID,-0.66552734,2.3164062,-0.96728516,-3.0187376,LCC-FASD external-dev / cross-domain stress set,False
MSIGT72_id164_s0_120.png,0,VALID,-0.58496094,2.578125,-1.2421875,-3.18477,LCC-FASD external-dev / cross-domain stress set,False
MSIGT72_id164_s0_135.png,0,VALID,-0.6621094,2.53125,-1.1845703,-3.2174034,LCC-FASD external-dev / cross-domain stress set,False
PBUNKNOWN_id169_s0_105.png,0,VALID,0.6689453,-1.0810547,-0.3527832,0.627835,LCC-FASD external-dev / cross-domain stress set,True
FT720P_id0_s2_45.png,0,VALID,-0.2644043,1.6523438,-1.0957031,-1.9788331,LCC-FASD external-dev / cross-domain stress set,False
FT720P_id0_s2_60.png,0,VALID,0.25830078,1.1582031,-1.4804688,-0.96892095,LCC-FASD external-dev / cross-domain stress set,False
FT720P_id0_s2_75.png,0,VALID,0.13842773,1.2988281,-1.4521484,-1.2223094,LCC-FASD external-dev / cross-domain stress set,False
FT720P_id0_s2_90.png,0,VALID,0.01259613,1.5283203,-1.4580078,-1.5649642,LCC-FASD external-dev / cross-domain stress set,False
FT720P_id0_s3_16.png,0,VALID,0.1282959,2.0253906,-1.8076172,-1.9185083,LCC-FASD external-dev / cross-domain stress set,False
FT720P_id0_s3_31.png,0,VALID,-0.30517578,2.3769531,-1.5683594,-2.7012894,LCC-FASD external-dev / cross-domain stress set,False
FT720P_id0_s3_46.png,0,VALID,-0.10864258,2.4667969,-1.8515625,-2.5886734,LCC-FASD external-dev / cross-domain stress set,False
FT720P_id0_s3_61.png,0,VALID,0.09069824,2.1230469,-1.8095703,-2.0517514,LCC-FASD external-dev / cross-domain stress set,False
FT720P_id0_s3_77.png,0,VALID,0.117126465,2.0136719,-1.7832031,-1.9187381,LCC-FASD external-dev / cross-domain stress set,False
FT720P_id0_s3_92.png,0,VALID,-0.115356445,2.3789062,-1.8027344,-2.5094206,LCC-FASD external-dev / cross-domain stress set,False
FT720P_id0_s3_107.png,0,VALID,-0.03918457,2.3222656,-1.8554688,-2.376667,LCC-FASD external-dev / cross-domain stress set,False
FT720P_id0_s3_127.png,0,VALID,-0.21972656,2.3007812,-1.6582031,-2.5394104,LCC-FASD external-dev / cross-domain stress set,False
FT720P_id0_s3_142.png,0,VALID,-0.13842773,2.4570312,-1.8554688,-2.60877,LCC-FASD external-dev / cross-domain stress set,False
FT720P_id0_s3_157.png,0,VALID,0.0435791,2.4023438,-1.9785156,-2.3712015,LCC-FASD external-dev / cross-domain stress set,False
FT720P_id5_s0_15.png,0,VALID,1.9042969,-1.7890625,-1.4482422,2.815352,LCC-FASD external-dev / cross-domain stress set,True
FT720P_id5_s0_105.png,0,VALID,1.9150391,-1.6855469,-1.5029297,2.8119674,LCC-FASD external-dev / cross-domain stress set,True
FT720P_id5_s0_120.png,0,VALID,1.9794922,-1.7695312,-1.5927734,2.963597,LCC-FASD external-dev / cross-domain stress set,True
FT720P_id5_s0_135.png,0,VALID,1.9443359,-1.7382812,-1.5742188,2.904078,LCC-FASD external-dev / cross-domain stress set,True
FT720P_id5_s0_150.png,0,VALID,1.8876953,-1.859375,-1.4931641,2.8541467,LCC-FASD external-dev / cross-domain stress set,True
FT720P_id12_s0_15.png,0,VALID,1.5292969,-1.1865234,-1.6181641,2.2153828,LCC-FASD external-dev / cross-domain stress set,True
FT720P_id12_s0_30.png,0,VALID,1.328125,-0.7314453,-1.6591797,1.7263544,LCC-FASD external-dev / cross-domain stress set,True
FT720P_id12_s0_45.png,0,VALID,1.3671875,-0.7524414,-1.71875,1.797194,LCC-FASD external-dev / cross-domain stress set,True
FT720P_id12_s0_60.png,0,VALID,1.6103516,-0.9946289,-1.8203125,2.241772,LCC-FASD external-dev / cross-domain stress set,True
FT720P_id12_s0_75.png,0,VALID,1.6738281,-1.1855469,-1.703125,2.3918982,LCC-FASD external-dev / cross-domain stress set,True
FT720P_id12_s0_90.png,0,VALID,1.6152344,-0.9819336,-1.7871094,2.2276692,LCC-FASD external-dev / cross-domain stress set,True
FT720P_id12_s0_105.png,0,VALID,1.8173828,-1.2363281,-1.8984375,2.6377926,LCC-FASD external-dev / cross-domain stress set,True
FT720P_id12_s0_120.png,0,VALID,1.7851562,-1.5009766,-1.6904297,2.6832323,LCC-FASD external-dev / cross-domain stress set,True
FT720P_id12_s0_135.png,0,VALID,1.5810547,-1.0205078,-1.796875,2.2230752,LCC-FASD external-dev / cross-domain stress set,True
FT720P_id12_s0_150.png,0,VALID,1.5742188,-1.2451172,-1.703125,2.3291974,LCC-FASD external-dev / cross-domain stress set,True
FT720P_id12_s1_15.png,0,VALID,1.7421875,-1.0917969,-1.8525391,2.4505472,LCC-FASD external-dev / cross-domain stress set,True
FT720P_id12_s1_30.png,0,VALID,1.6982422,-1.2128906,-1.7597656,2.454496,LCC-FASD external-dev / cross-domain stress set,True
FT720P_id12_s1_45.png,0,VALID,1.7080078,-0.89501953,-1.9404297,2.301777,LCC-FASD external-dev / cross-domain stress set,True
FT720P_id12_s1_60.png,0,VALID,1.640625,-1.0380859,-1.7714844,2.2864838,LCC-FASD external-dev / cross-domain stress set,True
FT720P_id12_s1_75.png,0,VALID,1.7695312,-0.9921875,-1.9990234,2.450291,LCC-FASD external-dev / cross-domain stress set,True
FT720P_id12_s1_90.png,0,VALID,1.7304688,-1.0683594,-1.8652344,2.4267576,LCC-FASD external-dev / cross-domain stress set,True
FT720P_id12_s1_105.png,0,VALID,1.9589844,-1.0136719,-2.1464844,2.6934152,LCC-FASD external-dev / cross-domain stress set,True
FT720P_id12_s1_120.png,0,VALID,1.7919922,-1.1992188,-1.8857422,2.583533,LCC-FASD external-dev / cross-domain stress set,True
FT720P_id12_s1_135.png,0,VALID,1.6787109,-1.1699219,-1.8261719,2.4307168,LCC-FASD external-dev / cross-domain stress set,True
FT720P_id12_s1_150.png,0,VALID,1.5966797,-0.95214844,-1.7841797,2.1875486,LCC-FASD external-dev / cross-domain stress set,True
FT720P_id12_s2_15.png,0,VALID,1.2783203,-0.6660156,-1.5986328,1.6125013,LCC-FASD external-dev / cross-domain stress set,True
FT720P_id12_s2_30.png,0,VALID,1.3984375,-0.81591797,-1.7734375,1.8894905,LCC-FASD external-dev / cross-domain stress set,True
FT720P_id12_s2_45.png,0,VALID,1.4238281,-1.1123047,-1.6162109,2.0635288,LCC-FASD external-dev / cross-domain stress set,True
FT720P_id12_s2_60.png,0,VALID,1.3369141,-1.0517578,-1.6894531,1.9643791,LCC-FASD external-dev / cross-domain stress set,True
FT720P_id12_s2_75.png,0,VALID,1.4755859,-0.9609375,-1.6982422,2.0455618,LCC-FASD external-dev / cross-domain stress set,True
FT720P_id12_s2_90.png,0,VALID,1.3623047,-0.53564453,-1.6962891,1.6254182,LCC-FASD external-dev / cross-domain stress set,True
FT720P_id12_s2_105.png,0,VALID,1.3808594,-0.58154297,-1.8212891,1.7081807,LCC-FASD external-dev / cross-domain stress set,True
FT720P_id12_s2_120.png,0,VALID,1.3964844,-0.8564453,-1.6953125,1.893718,LCC-FASD external-dev / cross-domain stress set,True
FT720P_id12_s2_135.png,0,VALID,1.5449219,-1.2695312,-1.6630859,2.2988462,LCC-FASD external-dev / cross-domain stress set,True
FT720P_id12_s2_150.png,0,VALID,1.4414062,-1.2089844,-1.5283203,2.1042182,LCC-FASD external-dev / cross-domain stress set,True
AGL752VM_id147_s0_15.png,0,VALID,1.6835938,-1.1015625,-1.9892578,2.4404302,LCC-FASD external-dev / cross-domain stress set,True
AGL752VM_id147_s0_30.png,0,VALID,1.6289062,-1.0009766,-1.9257812,2.2958357,LCC-FASD external-dev / cross-domain stress set,True
AGL752VM_id147_s0_45.png,0,VALID,1.5478516,-1.3652344,-1.5146484,2.2918577,LCC-FASD external-dev / cross-domain stress set,True
AGL752VM_id147_s0_60.png,0,VALID,1.7226562,-1.1162109,-1.9179688,2.468311,LCC-FASD external-dev / cross-domain stress set,True
AGL752VM_id147_s0_75.png,0,VALID,1.4746094,-0.98876953,-1.7353516,2.07541,LCC-FASD external-dev / cross-domain stress set,True
AGL752VM_id147_s0_90.png,0,VALID,1.4140625,-1.0927734,-1.6318359,2.047328,LCC-FASD external-dev / cross-domain stress set,True
AGL752VM_id147_s0_105.png,0,VALID,1.5410156,-1.1220703,-1.7138672,2.2226834,LCC-FASD external-dev / cross-domain stress set,True
AGL752VM_id147_s0_120.png,0,VALID,1.390625,-0.83984375,-1.7421875,1.8899918,LCC-FASD external-dev / cross-domain stress set,True
AGL752VM_id147_s0_135.png,0,VALID,1.2841797,-0.8076172,-1.5683594,1.7083596,LCC-FASD external-dev / cross-domain stress set,True
AGL752VM_id147_s0_150.png,0,VALID,1.4697266,-0.9526367,-1.8115234,2.069151,LCC-FASD external-dev / cross-domain stress set,True
FT720P_id0_s0_15.png,0,VALID,1.3232422,-1.5839844,-1.2587891,2.0383205,LCC-FASD external-dev / cross-domain stress set,True
FT720P_id0_s0_30.png,0,VALID,1.2431641,-1.6787109,-1.1396484,1.9233044,LCC-FASD external-dev / cross-domain stress set,True
FT720P_id0_s0_45.png,0,VALID,1.3291016,-1.765625,-1.2119141,2.0868793,LCC-FASD external-dev / cross-domain stress set,True
FT720P_id0_s0_60.png,0,VALID,1.1601562,-1.6386719,-1.0605469,1.7754091,LCC-FASD external-dev / cross-domain stress set,True
FT720P_id0_s0_75.png,0,VALID,1.3066406,-1.84375,-1.1201172,2.0313516,LCC-FASD external-dev / cross-domain stress set,True
FT720P_id0_s0_90.png,0,VALID,1.2998047,-1.9208984,-1.1162109,2.0463657,LCC-FASD external-dev / cross-domain stress set,True
FT720P_id0_s0_105.png,0,VALID,1.1777344,-1.6875,-1.0361328,1.7942805,LCC-FASD external-dev / cross-domain stress set,True
FT720P_id0_s0_120.png,0,VALID,1.3925781,-1.8085938,-1.2167969,2.1689725,LCC-FASD external-dev / cross-domain stress set,True
FT720P_id0_s0_135.png,0,VALID,1.2646484,-1.8564453,-1.078125,1.9649011,LCC-FASD external-dev / cross-domain stress set,True
FT720P_id0_s0_150.png,0,VALID,1.296875,-1.7099609,-1.1425781,1.9902854,LCC-FASD external-dev / cross-domain stress set,True
FT720P_id0_s1_15.png,0,VALID,1.1777344,-1.5537109,-1.109375,1.7916512,LCC-FASD external-dev / cross-domain stress set,True
FT720P_id0_s1_30.png,0,VALID,1.2285156,-1.6152344,-1.1484375,1.8902106,LCC-FASD external-dev / cross-domain stress set,True
FT720P_id0_s1_45.png,0,VALID,1.2226562,-1.6240234,-1.1845703,1.9098579,LCC-FASD external-dev / cross-domain stress set,True
FT720P_id0_s1_60.png,0,VALID,1.2587891,-1.7978516,-1.1494141,1.9876115,LCC-FASD external-dev / cross-domain stress set,True
FT720P_id0_s1_75.png,0,VALID,1.2763672,-1.6894531,-1.1777344,1.9844327,LCC-FASD external-dev / cross-domain stress set,True
FT720P_id0_s1_90.png,0,VALID,1.2568359,-1.7041016,-1.1542969,1.9555689,LCC-FASD external-dev / cross-domain stress set,True
FT720P_id0_s1_105.png,0,VALID,1.2207031,-1.6875,-1.0986328,1.8778889,LCC-FASD external-dev / cross-domain stress set,True
FT720P_id0_s1_120.png,0,VALID,1.2666016,-1.6181641,-1.1875,1.9532794,LCC-FASD external-dev / cross-domain stress set,True
FT720P_id0_s1_135.png,0,VALID,1.2568359,-1.7666016,-1.1708984,1.9887217,LCC-FASD external-dev / cross-domain stress set,True
FT720P_id0_s1_150.png,0,VALID,1.2275391,-1.6308594,-1.2080078,1.9316396,LCC-FASD external-dev / cross-domain stress set,True
FT720P_id0_s2_15.png,0,VALID,-0.2290039,1.6074219,-1.1015625,-1.9009058,LCC-FASD external-dev / cross-domain stress set,False
FT720P_id0_s2_30.png,0,VALID,-0.103881836,1.296875,-1.0400391,-1.4929944,LCC-FASD external-dev / cross-domain stress set,False
FT720P_id0_s2_105.png,0,VALID,0.58154297,0.8911133,-1.6425781,-0.38594365,LCC-FASD external-dev / cross-domain stress set,True
FT720P_id0_s2_120.png,0,VALID,0.0357666,1.5800781,-1.5126953,-1.5886881,LCC-FASD external-dev / cross-domain stress set,False
FT720P_id0_s2_135.png,0,VALID,0.37963867,1.0117188,-1.4873047,-0.71104395,LCC-FASD external-dev / cross-domain stress set,False
FT720P_id0_s2_150.png,0,VALID,0.56152344,0.79296875,-1.5839844,-0.32021874,LCC-FASD external-dev / cross-domain stress set,True
YOUTUBE_id48_s2_15.png,0,VALID,1.1914062,-1.5009766,-1.046875,1.7466273,LCC-FASD external-dev / cross-domain stress set,True
YOUTUBE_id48_s2_30.png,0,VALID,0.46362305,-0.84277344,-0.5551758,0.45914686,LCC-FASD external-dev / cross-domain stress set,True
YOUTUBE_id48_s2_45.png,0,VALID,1.2275391,-1.6816406,-0.97998047,1.804884,LCC-FASD external-dev / cross-domain stress set,True
YOUTUBE_id48_s2_78.png,0,VALID,1.4892578,-1.5576172,-1.3496094,2.2443252,LCC-FASD external-dev / cross-domain stress set,True
spoof_1793.png,1,VALID,-0.2783203,1.7304688,-1.1748047,-2.0620775,LCC-FASD external-dev / cross-domain stress set,False
spoof_1794.png,1,VALID,-1.1142578,1.7333984,-0.46191406,-2.953208,LCC-FASD external-dev / cross-domain stress set,False
spoof_1795.png,1,VALID,-0.27905273,1.4267578,-0.94873047,-1.7947085,LCC-FASD external-dev / cross-domain stress set,False
spoof_1796.png,1,VALID,-1.7470703,2.5195312,-0.2602539,-4.326804,LCC-FASD external-dev / cross-domain stress set,False
spoof_1797.png,1,VALID,-1.1191406,1.2207031,-0.16601562,-2.5629025,LCC-FASD external-dev / cross-domain stress set,False
spoof_1798.png,1,VALID,0.29833984,1.3730469,-1.7294922,-1.1186616,LCC-FASD external-dev / cross-domain stress set,False
spoof_1799.png,1,VALID,-1.640625,2.1269531,-0.12371826,-3.8677206,LCC-FASD external-dev / cross-domain stress set,False
spoof_1800.png,1,VALID,0.26831055,1.3017578,-1.6367188,-1.0850395,LCC-FASD external-dev / cross-domain stress set,False
spoof_1801.png,1,VALID,-1.2568359,2.328125,-0.79833984,-3.6278985,LCC-FASD external-dev / cross-domain stress set,False
spoof_1802.png,1,VALID,0.21447754,0.5234375,-1.2158203,-0.47078174,LCC-FASD external-dev / cross-domain stress set,True
spoof_1803.png,1,VALID,-1.4560547,2.2109375,-0.41357422,-3.7369614,LCC-FASD external-dev / cross-domain stress set,False
spoof_1804.png,1,VALID,1.3828125,-1.0771484,-1.4609375,1.9404085,LCC-FASD external-dev / cross-domain stress set,True
spoof_1805.png,1,VALID,-1.0283203,2.1464844,-0.55078125,-3.2400205,LCC-FASD external-dev / cross-domain stress set,False
spoof_1806.png,1,VALID,1.5791016,-1.3945312,-1.4365234,2.3012614,LCC-FASD external-dev / cross-domain stress set,True
spoof_1807.png,1,VALID,0.86572266,-0.7944336,-1.0087891,1.0684543,LCC-FASD external-dev / cross-domain stress set,True
spoof_1808.png,1,VALID,0.48217773,-0.29711914,-0.8588867,0.32809368,LCC-FASD external-dev / cross-domain stress set,True
spoof_1809.png,1,VALID,-1.0517578,2.1816406,-0.8881836,-3.2787821,LCC-FASD external-dev / cross-domain stress set,False
spoof_1810.png,1,VALID,1.6992188,-1.3740234,-1.7578125,2.5536897,LCC-FASD external-dev / cross-domain stress set,True
spoof_1811.png,1,VALID,0.8261719,-0.74072266,-1.1914062,1.0739117,LCC-FASD external-dev / cross-domain stress set,True
spoof_1812.png,1,VALID,-0.40795898,0.89941406,-0.3083496,-1.5688637,LCC-FASD external-dev / cross-domain stress set,False
spoof_1813.png,1,VALID,-0.39282227,1.0839844,-0.59521484,-1.6478341,LCC-FASD external-dev / cross-domain stress set,False
spoof_1814.png,1,VALID,1.6035156,-1.7470703,-1.4941406,2.5229986,LCC-FASD external-dev / cross-domain stress set,True
spoof_1815.png,1,VALID,-1.1103516,2.25,-0.8989258,-3.4023552,LCC-FASD external-dev / cross-domain stress set,False
spoof_1816.png,1,VALID,1.5244141,-1.1767578,-1.5322266,2.1700468,LCC-FASD external-dev / cross-domain stress set,True
spoof_1817.png,1,VALID,0.1751709,0.21472168,-0.8457031,-0.33691734,LCC-FASD external-dev / cross-domain stress set,True
spoof_1818.png,1,VALID,0.52685547,0.16479492,-1.2685547,0.14815253,LCC-FASD external-dev / cross-domain stress set,True
spoof_1819.png,1,VALID,-0.80566406,1.7871094,-0.65185547,-2.676426,LCC-FASD external-dev / cross-domain stress set,False
spoof_1820.png,1,VALID,-0.51953125,1.9160156,-0.9873047,-2.488937,LCC-FASD external-dev / cross-domain stress set,False
spoof_1821.png,1,VALID,0.074157715,0.58251953,-0.98535156,-0.69773227,LCC-FASD external-dev / cross-domain stress set,False
spoof_1822.png,1,VALID,0.8071289,-0.6201172,-1.0048828,0.90808916,LCC-FASD external-dev / cross-domain stress set,True
spoof_1823.png,1,VALID,-1.5185547,2.6640625,-0.7138672,-4.216166,LCC-FASD external-dev / cross-domain stress set,False
spoof_1824.png,1,VALID,-1.2470703,1.7275391,-0.22875977,-3.1068482,LCC-FASD external-dev / cross-domain stress set,False
spoof_1825.png,1,VALID,-0.56347656,1.8701172,-1.0507812,-2.4860773,LCC-FASD external-dev / cross-domain stress set,False
spoof_1826.png,1,VALID,-0.93896484,2.5839844,-1.2119141,-3.5451634,LCC-FASD external-dev / cross-domain stress set,False
spoof_1827.png,1,VALID,-1.546875,2.5996094,-0.56347656,-4.187909,LCC-FASD external-dev / cross-domain stress set,False
spoof_1828.png,1,VALID,-1.1923828,1.5595703,-0.096069336,-2.926721,LCC-FASD external-dev / cross-domain stress set,False
spoof_1829.png,1,VALID,-1.3300781,2.6484375,-0.84716797,-4.008395,LCC-FASD external-dev / cross-domain stress set,False
spoof_1830.png,1,VALID,-0.7060547,1.1494141,-0.3684082,-2.0536544,LCC-FASD external-dev / cross-domain stress set,False
spoof_1831.png,1,VALID,-1.0136719,2.5859375,-1.1396484,-3.6234226,LCC-FASD external-dev / cross-domain stress set,False
spoof_1832.png,1,VALID,-0.85546875,1.7167969,-0.7241211,-2.6557617,LCC-FASD external-dev / cross-domain stress set,False
spoof_1833.png,1,VALID,-0.7915039,2.0527344,-0.9892578,-2.8908734,LCC-FASD external-dev / cross-domain stress set,False
spoof_1834.png,1,VALID,-1.1855469,2.3828125,-0.93115234,-3.6040852,LCC-FASD external-dev / cross-domain stress set,False
spoof_1835.png,1,VALID,-1.4824219,1.8623047,-0.037750244,-3.4841063,LCC-FASD external-dev / cross-domain stress set,False
spoof_1836.png,1,VALID,-1.0585938,2.4101562,-0.8857422,-3.5051155,LCC-FASD external-dev / cross-domain stress set,False
spoof_1837.png,1,VALID,-0.7089844,1.7714844,-0.8198242,-2.5527167,LCC-FASD external-dev / cross-domain stress set,False
spoof_1838.png,1,VALID,-0.8066406,2.3007812,-0.9194336,-3.1465912,LCC-FASD external-dev / cross-domain stress set,False
spoof_1839.png,1,VALID,-1.1464844,1.8486328,-0.47998047,-3.088089,LCC-FASD external-dev / cross-domain stress set,False
spoof_1840.png,1,VALID,-0.16918945,0.5151367,-0.5336914,-0.9846886,LCC-FASD external-dev / cross-domain stress set,False
spoof_1841.png,1,VALID,-0.9243164,2.2109375,-1.0,-3.174781,LCC-FASD external-dev / cross-domain stress set,False
spoof_1730.png,1,VALID,1.2412109,-1.6933594,-1.2080078,1.9695861,LCC-FASD external-dev / cross-domain stress set,True
spoof_1731.png,1,VALID,0.6948242,-1.1123047,-0.5175781,0.77304256,LCC-FASD external-dev / cross-domain stress set,True
spoof_1732.png,1,VALID,0.22399902,0.5644531,-0.7734375,-0.5734677,LCC-FASD external-dev / cross-domain stress set,True
spoof_1733.png,1,VALID,-1.0019531,0.7910156,0.15478516,-2.2177682,LCC-FASD external-dev / cross-domain stress set,False
spoof_1734.png,1,VALID,-0.5019531,2.3945312,-1.3242188,-2.920459,LCC-FASD external-dev / cross-domain stress set,False
spoof_1735.png,1,VALID,0.074035645,-0.21813965,-0.2097168,-0.40519214,LCC-FASD external-dev / cross-domain stress set,True
spoof_1736.png,1,VALID,-0.7963867,0.52001953,0.38476562,-1.9442115,LCC-FASD external-dev / cross-domain stress set,False
spoof_1737.png,1,VALID,-0.82128906,2.28125,-1.2558594,-3.131221,LCC-FASD external-dev / cross-domain stress set,False
spoof_1738.png,1,VALID,-0.76464844,0.62158203,0.16186523,-1.8757073,LCC-FASD external-dev / cross-domain stress set,False
spoof_1739.png,1,VALID,0.5991211,1.2666016,-1.9833984,-0.7055218,LCC-FASD external-dev / cross-domain stress set,False
spoof_1740.png,1,VALID,-0.22338867,1.1884766,-0.9423828,-1.524064,LCC-FASD external-dev / cross-domain stress set,False
spoof_1741.png,1,VALID,-0.83496094,0.6010742,0.21484375,-1.9545991,LCC-FASD external-dev / cross-domain stress set,False
spoof_1742.png,1,VALID,-0.8959961,2.3867188,-1.2392578,-3.3089898,LCC-FASD external-dev / cross-domain stress set,False
spoof_1743.png,1,VALID,-0.9448242,0.85595703,0.18078613,-2.2122746,LCC-FASD external-dev / cross-domain stress set,False
spoof_1744.png,1,VALID,-0.58984375,0.6298828,-0.038482666,-1.6335206,LCC-FASD external-dev / cross-domain stress set,False
spoof_1745.png,1,VALID,-0.7011719,1.1484375,-0.2788086,-2.0646958,LCC-FASD external-dev / cross-domain stress set,False
spoof_1746.png,1,VALID,-0.8803711,2.3085938,-1.0419922,-3.2234278,LCC-FASD external-dev / cross-domain stress set,False
spoof_1747.png,1,VALID,-0.52978516,-0.044006348,0.19299316,-1.3044305,LCC-FASD external-dev / cross-domain stress set,False
spoof_1748.png,1,VALID,-0.41967773,1.9248047,-1.1630859,-2.3890715,LCC-FASD external-dev / cross-domain stress set,False
spoof_1749.png,1,VALID,-0.39233398,1.3388672,-0.6484375,-1.859651,LCC-FASD external-dev / cross-domain stress set,False
spoof_1750.png,1,VALID,-1.2314453,2.234375,-0.70410156,-3.5174127,LCC-FASD external-dev / cross-domain stress set,False
spoof_1751.png,1,VALID,1.4453125,-1.3808594,-1.4384766,2.1614184,LCC-FASD external-dev / cross-domain stress set,True
spoof_1752.png,1,NO_VALID_FACE,,,,,LCC-FASD external-dev / cross-domain stress set,
spoof_1753.png,1,VALID,-0.6894531,1.5380859,-0.6894531,-2.329909,LCC-FASD external-dev / cross-domain stress set,False
spoof_1754.png,1,VALID,0.9902344,-1.1308594,-1.1552734,1.4400791,LCC-FASD external-dev / cross-domain stress set,True
spoof_1755.png,1,VALID,-1.4423828,2.4941406,-0.6591797,-3.9783466,LCC-FASD external-dev / cross-domain stress set,False
spoof_1756.png,1,VALID,-0.81591797,1.6279297,-0.66503906,-2.5400357,LCC-FASD external-dev / cross-domain stress set,False
spoof_1757.png,1,VALID,-1.4072266,3.1894531,-1.1494141,-4.609647,LCC-FASD external-dev / cross-domain stress set,False
spoof_1758.png,1,VALID,1.4101562,-1.2509766,-1.4335938,2.0551314,LCC-FASD external-dev / cross-domain stress set,True
spoof_1759.png,1,VALID,1.4902344,-1.6572266,-1.2949219,2.2568424,LCC-FASD external-dev / cross-domain stress set,True
spoof_1760.png,1,VALID,-0.2388916,1.1113281,-0.96728516,-1.4680948,LCC-FASD external-dev / cross-domain stress set,False
spoof_1761.png,1,VALID,-1.1591797,2.1816406,-0.84472656,-3.3881729,LCC-FASD external-dev / cross-domain stress set,False
spoof_1762.png,1,VALID,1.1308594,-1.3769531,-1.2109375,1.7282163,LCC-FASD external-dev / cross-domain stress set,True
spoof_1763.png,1,VALID,-0.9448242,1.8144531,-0.73828125,-2.8342628,LCC-FASD external-dev / cross-domain stress set,False
spoof_1764.png,1,VALID,0.2388916,1.2011719,-1.34375,-1.0378321,LCC-FASD external-dev / cross-domain stress set,False
spoof_1765.png,1,VALID,-0.75146484,1.8496094,-0.67626953,-2.6780243,LCC-FASD external-dev / cross-domain stress set,False
spoof_1766.png,1,VALID,-0.1472168,0.122680664,-0.4416504,-0.7201705,LCC-FASD external-dev / cross-domain stress set,False
spoof_1767.png,1,VALID,-0.4345703,0.7285156,-0.9633789,-1.3321283,LCC-FASD external-dev / cross-domain stress set,False
spoof_1768.png,1,VALID,-0.48168945,0.8208008,-0.5185547,-1.5351995,LCC-FASD external-dev / cross-domain stress set,False
spoof_1769.png,1,VALID,-0.018600464,-0.08984375,-0.32470703,-0.5113516,LCC-FASD external-dev / cross-domain stress set,True
spoof_1770.png,1,VALID,-0.3449707,0.43237305,-0.74658203,-1.0455372,LCC-FASD external-dev / cross-domain stress set,False
spoof_1771.png,1,VALID,-0.9345703,-0.24291992,1.0732422,-2.2453814,LCC-FASD external-dev / cross-domain stress set,False
spoof_1772.png,1,VALID,-0.036071777,0.8183594,-0.7836914,-1.0379877,LCC-FASD external-dev / cross-domain stress set,False
spoof_1773.png,1,VALID,-0.27368164,-0.51220703,-0.05203247,-0.7109488,LCC-FASD external-dev / cross-domain stress set,False
spoof_1774.png,1,VALID,0.039215088,-1.2236328,0.42822266,-0.5643833,LCC-FASD external-dev / cross-domain stress set,True
spoof_1775.png,1,VALID,-0.7807617,0.2244873,-0.0073890686,-1.5891638,LCC-FASD external-dev / cross-domain stress set,False
spoof_1776.png,1,VALID,-0.9921875,1.4511719,-0.5361328,-2.5718093,LCC-FASD external-dev / cross-domain stress set,False
spoof_1777.png,1,VALID,-0.0066871643,1.5810547,-1.5908203,-1.6288117,LCC-FASD external-dev / cross-domain stress set,False
spoof_1778.png,1,VALID,0.18969727,1.5371094,-1.5039062,-1.3940918,LCC-FASD external-dev / cross-domain stress set,False
spoof_1779.png,1,VALID,-1.1494141,1.3330078,-0.22277832,-2.6738877,LCC-FASD external-dev / cross-domain stress set,False
spoof_1780.png,1,VALID,-1.6943359,2.6132812,-0.45239258,-4.3531857,LCC-FASD external-dev / cross-domain stress set,False
spoof_1781.png,1,VALID,-1.3242188,1.8320312,-0.29418945,-3.268942,LCC-FASD external-dev / cross-domain stress set,False
spoof_1782.png,1,VALID,-1.4833984,2.515625,-0.5527344,-4.044472,LCC-FASD external-dev / cross-domain stress set,False
spoof_1783.png,1,VALID,-0.17260742,1.9755859,-1.5029297,-2.17858,LCC-FASD external-dev / cross-domain stress set,False
spoof_1784.png,1,VALID,-1.5966797,2.4238281,-0.41748047,-4.077218,LCC-FASD external-dev / cross-domain stress set,False
spoof_1673.png,1,VALID,-0.5307617,1.1728516,-0.41967773,-1.8887728,LCC-FASD external-dev / cross-domain stress set,False
spoof_1674.png,1,VALID,-0.55810547,0.82373047,-0.13757324,-1.7056527,LCC-FASD external-dev / cross-domain stress set,False
spoof_1675.png,1,VALID,-1.2939453,1.0869141,0.2010498,-2.7261198,LCC-FASD external-dev / cross-domain stress set,False
spoof_1676.png,1,VALID,-0.5288086,2.1171875,-1.0927734,-2.6855612,LCC-FASD external-dev / cross-domain stress set,False
spoof_1677.png,1,VALID,-1.0996094,2.3222656,-1.109375,-3.4536972,LCC-FASD external-dev / cross-domain stress set,False
spoof_1678.png,1,VALID,-1.3955078,0.84716797,0.5473633,-2.7971141,LCC-FASD external-dev / cross-domain stress set,False
spoof_1679.png,1,VALID,-0.8261719,1.0771484,-0.044647217,-2.1852567,LCC-FASD external-dev / cross-domain stress set,False
spoof_1680.png,1,VALID,-0.9345703,2.2363281,-1.0703125,-3.2068822,LCC-FASD external-dev / cross-domain stress set,False
spoof_1681.png,1,VALID,-0.6567383,1.4228516,-0.38867188,-2.2309408,LCC-FASD external-dev / cross-domain stress set,False
spoof_1682.png,1,VALID,-0.038208008,2.03125,-1.5820312,-2.096064,LCC-FASD external-dev / cross-domain stress set,False
spoof_1683.png,1,VALID,-1.125,2.5214844,-0.96728516,-3.676566,LCC-FASD external-dev / cross-domain stress set,False
spoof_1684.png,1,VALID,-0.8071289,0.20788574,0.05822754,-1.6361299,LCC-FASD external-dev / cross-domain stress set,False
spoof_1685.png,1,VALID,-0.76708984,0.94970703,-0.07470703,-2.023551,LCC-FASD external-dev / cross-domain stress set,False
spoof_1686.png,1,VALID,-1.2089844,0.58740234,0.20935059,-2.318268,LCC-FASD external-dev / cross-domain stress set,False
spoof_1687.png,1,VALID,-1.0888672,2.4550781,-1.1542969,-3.5706542,LCC-FASD external-dev / cross-domain stress set,False
spoof_1688.png,1,VALID,-0.89697266,2.1210938,-0.91552734,-3.064947,LCC-FASD external-dev / cross-domain stress set,False
spoof_1689.png,1,VALID,-0.5390625,2.375,-1.3935547,-2.9368854,LCC-FASD external-dev / cross-domain stress set,False
spoof_1690.png,1,VALID,0.44995117,1.2949219,-1.6992188,-0.89383674,LCC-FASD external-dev / cross-domain stress set,False
spoof_1691.png,1,VALID,-0.8510742,0.47509766,0.064697266,-1.8350263,LCC-FASD external-dev / cross-domain stress set,False
spoof_1692.png,1,VALID,-0.75097656,0.875,-0.023330688,-1.9676132,LCC-FASD external-dev / cross-domain stress set,False
spoof_1693.png,1,VALID,-0.84521484,-0.58984375,1.2128906,-2.2106957,LCC-FASD external-dev / cross-domain stress set,False
spoof_1694.png,1,VALID,-1.2578125,1.8701172,-0.14355469,-3.2532377,LCC-FASD external-dev / cross-domain stress set,False
spoof_1695.png,1,VALID,1.2041016,-1.5546875,-0.8129883,1.6275483,LCC-FASD external-dev / cross-domain stress set,True
spoof_1696.png,1,VALID,-1.1064453,1.2011719,-0.017669678,-2.5665698,LCC-FASD external-dev / cross-domain stress set,False
spoof_1697.png,1,VALID,-0.7988281,-0.61328125,1.2226562,-2.1694422,LCC-FASD external-dev / cross-domain stress set,False
spoof_1698.png,1,VALID,-1.3203125,1.8916016,-0.31396484,-3.3164434,LCC-FASD external-dev / cross-domain stress set,False
spoof_1699.png,1,VALID,1.8427734,-1.8955078,-1.6103516,2.892426,LCC-FASD external-dev / cross-domain stress set,True
spoof_1700.png,1,VALID,1.2832031,-1.8789062,-1.0703125,1.9850713,LCC-FASD external-dev / cross-domain stress set,True
spoof_1701.png,1,VALID,0.01727295,0.9057617,-0.91748047,-1.0382022,LCC-FASD external-dev / cross-domain stress set,False
spoof_1702.png,1,VALID,1.1044922,-0.48242188,-1.4628906,1.268362,LCC-FASD external-dev / cross-domain stress set,True
spoof_1703.png,1,VALID,-0.7055664,-1.0595703,1.375,-2.1645722,LCC-FASD external-dev / cross-domain stress set,False
spoof_1704.png,1,VALID,0.97998047,-1.2539062,-0.70703125,1.2303748,LCC-FASD external-dev / cross-domain stress set,True
spoof_1705.png,1,VALID,-0.96728516,0.38793945,0.48608398,-2.0986476,LCC-FASD external-dev / cross-domain stress set,False
spoof_1706.png,1,VALID,-1.0751953,-0.5292969,1.5136719,-2.7107692,LCC-FASD external-dev / cross-domain stress set,False
spoof_1707.png,1,VALID,-1.4638672,2.5332031,-0.5571289,-4.041553,LCC-FASD external-dev / cross-domain stress set,False
spoof_1708.png,1,VALID,-1.8466797,3.1738281,-0.8364258,-5.038474,LCC-FASD external-dev / cross-domain stress set,False
spoof_1709.png,1,VALID,-1.4433594,2.3398438,-0.51904297,-3.8389523,LCC-FASD external-dev / cross-domain stress set,False
spoof_1710.png,1,VALID,-1.4511719,2.4394531,-0.6074219,-3.9370382,LCC-FASD external-dev / cross-domain stress set,False
spoof_1711.png,1,VALID,-0.5239258,1.1503906,-0.48486328,-1.8523813,LCC-FASD external-dev / cross-domain stress set,False
spoof_1712.png,1,VALID,1.0058594,-1.4541016,-0.9926758,1.5097195,LCC-FASD external-dev / cross-domain stress set,True
spoof_1713.png,1,VALID,1.6542969,-1.7597656,-1.5791016,2.626509,LCC-FASD external-dev / cross-domain stress set,True
spoof_1714.png,1,VALID,0.2770996,-0.62109375,-0.49560547,0.1403349,LCC-FASD external-dev / cross-domain stress set,True
spoof_1715.png,1,VALID,0.16467285,-1.4189453,0.25146484,-0.25920618,LCC-FASD external-dev / cross-domain stress set,True
spoof_1716.png,1,VALID,0.19445801,0.06304932,-0.68847656,-0.25497302,LCC-FASD external-dev / cross-domain stress set,True
spoof_1717.png,1,VALID,1.1455078,-1.5869141,-1.2333984,1.8469759,LCC-FASD external-dev / cross-domain stress set,True
spoof_1718.png,1,VALID,0.2331543,0.12524414,-0.80029297,-0.22592893,LCC-FASD external-dev / cross-domain stress set,True
spoof_1719.png,1,VALID,0.42285156,-1.1621094,-0.44848633,0.4726516,LCC-FASD external-dev / cross-domain stress set,True
spoof_1720.png,1,VALID,0.34936523,0.6777344,-1.3378906,-0.4534474,LCC-FASD external-dev / cross-domain stress set,True
spoof_1721.png,1,VALID,0.02168274,-0.2866211,-0.27319336,-0.39157975,LCC-FASD external-dev / cross-domain stress set,True
spoof_1722.png,1,VALID,0.45825195,-0.57128906,-0.4177246,0.25666672,LCC-FASD external-dev / cross-domain stress set,True
spoof_1723.png,1,VALID,1.7519531,-1.3808594,-1.7460938,2.6056998,LCC-FASD external-dev / cross-domain stress set,True
spoof_1724.png,1,VALID,1.1640625,-1.6113281,-1.1347656,1.8158379,LCC-FASD external-dev / cross-domain stress set,True
spoof_1725.png,1,VALID,0.03451538,-0.25463867,-0.35913086,-0.35311127,LCC-FASD external-dev / cross-domain stress set,True
spoof_1726.png,1,VALID,1.3115234,-1.6601562,-1.2744141,2.0671759,LCC-FASD external-dev / cross-domain stress set,True
spoof_1727.png,1,VALID,0.6928711,-0.6142578,-0.9135742,0.75248265,LCC-FASD external-dev / cross-domain stress set,True
spoof_1728.png,1,VALID,1.0195312,-1.5761719,-0.8178711,1.453187,LCC-FASD external-dev / cross-domain stress set,True
spoof_1729.png,1,VALID,1.7255859,-1.5390625,-1.5488281,2.5763721,LCC-FASD external-dev / cross-domain stress set,True
spoof_1619.png,1,VALID,0.06866455,0.97265625,-1.3056641,-1.0015323,LCC-FASD external-dev / cross-domain stress set,False
spoof_1620.png,1,VALID,-0.105895996,0.17785645,-0.39233398,-0.73190516,LCC-FASD external-dev / cross-domain stress set,False
spoof_1621.png,1,VALID,1.3837891,-1.9462891,-1.0810547,2.113516,LCC-FASD external-dev / cross-domain stress set,True
spoof_1622.png,1,VALID,-1.21875,2.6660156,-1.140625,-3.906745,LCC-FASD external-dev / cross-domain stress set,False
spoof_1623.png,1,VALID,-1.4208984,2.015625,-0.08758545,-3.5516932,LCC-FASD external-dev / cross-domain stress set,False
spoof_1624.png,1,VALID,-1.2666016,2.15625,-0.57177734,-3.4861531,LCC-FASD external-dev / cross-domain stress set,False
spoof_1625.png,1,VALID,-0.69970703,1.4736328,-0.9506836,-2.2581758,LCC-FASD external-dev / cross-domain stress set,False
spoof_1626.png,1,VALID,-0.7753906,1.5878906,-0.76464844,-2.4541519,LCC-FASD external-dev / cross-domain stress set,False
spoof_1627.png,1,VALID,-1.8515625,3.0644531,-0.4638672,-4.9449472,LCC-FASD external-dev / cross-domain stress set,False
spoof_1628.png,1,VALID,-1.2988281,2.4394531,-0.68115234,-3.7814658,LCC-FASD external-dev / cross-domain stress set,False
spoof_1629.png,1,VALID,-1.2363281,2.4726562,-0.9550781,-3.7409291,LCC-FASD external-dev / cross-domain stress set,False
spoof_1630.png,1,VALID,-1.2880859,2.8261719,-1.0224609,-4.1353426,LCC-FASD external-dev / cross-domain stress set,False
spoof_1631.png,1,VALID,-0.9423828,2.1582031,-1.0458984,-3.140379,LCC-FASD external-dev / cross-domain stress set,False
spoof_1632.png,1,VALID,0.26904297,1.1054688,-1.2705078,-0.9252821,LCC-FASD external-dev / cross-domain stress set,False
spoof_1633.png,1,VALID,-0.45092773,1.3378906,-0.88916016,-1.891236,LCC-FASD external-dev / cross-domain stress set,False
spoof_1634.png,1,VALID,-1.3173828,2.8457031,-1.2236328,-4.1800303,LCC-FASD external-dev / cross-domain stress set,False
spoof_1635.png,1,VALID,-1.0039062,1.8740234,-0.58154297,-2.9602602,LCC-FASD external-dev / cross-domain stress set,False
spoof_1636.png,1,VALID,-1.1865234,1.6923828,-0.26123047,-3.011478,LCC-FASD external-dev / cross-domain stress set,False
spoof_1637.png,1,VALID,-0.8769531,1.9824219,-0.8647461,-2.9157631,LCC-FASD external-dev / cross-domain stress set,False
spoof_1638.png,1,VALID,-1.0039062,2.3085938,-1.0214844,-3.3476648,LCC-FASD external-dev / cross-domain stress set,False
spoof_1639.png,1,VALID,-1.3203125,2.1152344,-0.3972168,-3.5134974,LCC-FASD external-dev / cross-domain stress set,False
spoof_1640.png,1,VALID,-1.2744141,2.2792969,-0.6845703,-3.6040418,LCC-FASD external-dev / cross-domain stress set,False
spoof_1641.png,1,VALID,-1.0859375,2.2890625,-1.1367188,-3.4070063,LCC-FASD external-dev / cross-domain stress set,False
spoof_1642.png,1,VALID,-1.2080078,3.0273438,-1.3154297,-4.248268,LCC-FASD external-dev / cross-domain stress set,False
spoof_1643.png,1,VALID,0.546875,-0.6352539,-0.5996094,0.47100067,LCC-FASD external-dev / cross-domain stress set,True
spoof_1644.png,1,VALID,-0.46313477,1.9511719,-1.4101562,-2.4484076,LCC-FASD external-dev / cross-domain stress set,False
spoof_1645.png,1,VALID,-0.6928711,-1.1396484,1.4580078,-2.2226858,LCC-FASD external-dev / cross-domain stress set,False
spoof_1646.png,1,VALID,-0.49194336,0.7050781,-0.35546875,-1.4943566,LCC-FASD external-dev / cross-domain stress set,False
spoof_1647.png,1,VALID,1.1542969,-1.1464844,-1.0419922,1.5540237,LCC-FASD external-dev / cross-domain stress set,True
spoof_1648.png,1,VALID,-1.1337891,2.4433594,-1.0742188,-3.6063879,LCC-FASD external-dev / cross-domain stress set,False
spoof_1649.png,1,VALID,-1.1269531,2.0175781,-0.78125,-3.2036314,LCC-FASD external-dev / cross-domain stress set,False
spoof_1650.png,1,VALID,0.013206482,-0.049224854,-0.9345703,-0.2829806,LCC-FASD external-dev / cross-domain stress set,True
spoof_1651.png,1,VALID,-0.3684082,-0.13427734,0.025482178,-1.0103449,LCC-FASD external-dev / cross-domain stress set,False
spoof_1652.png,1,VALID,0.061920166,1.3056641,-1.5722656,-1.2984698,LCC-FASD external-dev / cross-domain stress set,False
spoof_1653.png,1,VALID,-0.12017822,0.40625,-1.0400391,-0.73785734,LCC-FASD external-dev / cross-domain stress set,False
spoof_1654.png,1,VALID,-1.1972656,1.2832031,0.071899414,-2.741146,LCC-FASD external-dev / cross-domain stress set,False
spoof_1655.png,1,VALID,-0.48242188,1.6884766,-0.9951172,-2.236983,LCC-FASD external-dev / cross-domain stress set,False
spoof_1656.png,1,VALID,0.7265625,-0.46118164,-0.9550781,0.7113584,LCC-FASD external-dev / cross-domain stress set,True
spoof_1657.png,1,VALID,-0.9951172,0.9165039,-0.26733398,-2.178668,LCC-FASD external-dev / cross-domain stress set,False
spoof_1658.png,1,VALID,-0.69628906,1.578125,-0.51464844,-2.3907247,LCC-FASD external-dev / cross-domain stress set,False
spoof_1659.png,1,VALID,-0.18713379,1.3837891,-1.1826172,-1.6449268,LCC-FASD external-dev / cross-domain stress set,False
spoof_1660.png,1,VALID,-1.2685547,1.6914062,-0.44262695,-3.0718234,LCC-FASD external-dev / cross-domain stress set,False
spoof_1661.png,1,VALID,-0.57666016,0.73339844,-0.6220703,-1.5394437,LCC-FASD external-dev / cross-domain stress set,False
spoof_1662.png,1,VALID,-0.15307617,0.0368042,-0.49389648,-0.6524771,LCC-FASD external-dev / cross-domain stress set,False
spoof_1663.png,1,VALID,-0.26879883,1.2480469,-1.1933594,-1.6003027,LCC-FASD external-dev / cross-domain stress set,False
spoof_1664.png,1,VALID,-1.3115234,1.1240234,0.20288086,-2.7706351,LCC-FASD external-dev / cross-domain stress set,False
spoof_1665.png,1,VALID,0.7832031,-0.32739258,-1.1210938,0.737538,LCC-FASD external-dev / cross-domain stress set,True
spoof_1666.png,1,VALID,-0.4675293,0.73046875,-0.6064453,-1.4312147,LCC-FASD external-dev / cross-domain stress set,False
spoof_1667.png,1,VALID,0.15966797,-0.92626953,-0.013031006,-0.16464624,LCC-FASD external-dev / cross-domain stress set,True
spoof_1668.png,1,VALID,-0.21057129,0.79785156,-1.0771484,-1.151098,LCC-FASD external-dev / cross-domain stress set,False
spoof_1669.png,1,VALID,-0.13781738,-0.9277344,0.38183594,-0.7586199,LCC-FASD external-dev / cross-domain stress set,False
spoof_1670.png,1,VALID,0.22546387,0.2697754,-1.2138672,-0.24872881,LCC-FASD external-dev / cross-domain stress set,True
spoof_1671.png,1,VALID,-0.14892578,0.6850586,-0.9423828,-1.0133278,LCC-FASD external-dev / cross-domain stress set,False
spoof_1672.png,1,VALID,0.012763977,0.80859375,-1.1992188,-0.9218297,LCC-FASD external-dev / cross-domain stress set,False
spoof_1567.png,1,VALID,0.47192383,-0.49438477,-0.54052734,0.29596663,LCC-FASD external-dev / cross-domain stress set,True
spoof_1568.png,1,VALID,1.9365234,-1.3535156,-1.8291016,2.8066745,LCC-FASD external-dev / cross-domain stress set,True
spoof_1569.png,1,VALID,-0.1977539,1.8798828,-1.4453125,-2.1129704,LCC-FASD external-dev / cross-domain stress set,False
spoof_1570.png,1,VALID,0.12939453,1.4580078,-1.3935547,-1.3847611,LCC-FASD external-dev / cross-domain stress set,False
spoof_1571.png,1,VALID,1.2871094,-1.1962891,-1.1845703,1.7843747,LCC-FASD external-dev / cross-domain stress set,True
spoof_1572.png,1,VALID,-1.3164062,2.4902344,-0.6899414,-3.8473778,LCC-FASD external-dev / cross-domain stress set,False
spoof_1573.png,1,VALID,-0.96728516,0.6713867,0.2783203,-2.1544755,LCC-FASD external-dev / cross-domain stress set,False
spoof_1574.png,1,VALID,-1.0966797,2.5214844,-1.0439453,-3.6460562,LCC-FASD external-dev / cross-domain stress set,False
spoof_1575.png,1,VALID,-0.10998535,1.5166016,-1.3222656,-1.6834321,LCC-FASD external-dev / cross-domain stress set,False
spoof_1576.png,1,VALID,-1.4833984,1.6933594,-0.09210205,-3.3318105,LCC-FASD external-dev / cross-domain stress set,False
spoof_1577.png,1,VALID,0.91552734,-0.0015335083,-1.4072266,0.697767,LCC-FASD external-dev / cross-domain stress set,True
spoof_1578.png,1,VALID,-1.0361328,-0.03173828,0.9614258,-2.3126633,LCC-FASD external-dev / cross-domain stress set,False
spoof_1579.png,1,VALID,0.40014648,1.5009766,-1.7666016,-1.1382208,LCC-FASD external-dev / cross-domain stress set,False
spoof_1580.png,1,VALID,0.46557617,1.5273438,-1.7949219,-1.0972033,LCC-FASD external-dev / cross-domain stress set,False
spoof_1581.png,1,VALID,0.7973633,-0.55078125,-0.8666992,0.80053234,LCC-FASD external-dev / cross-domain stress set,True
spoof_1582.png,1,VALID,0.38012695,-0.70410156,-0.39086914,0.22225058,LCC-FASD external-dev / cross-domain stress set,True
spoof_1583.png,1,VALID,-0.7006836,2.4003906,-1.1699219,-3.1288326,LCC-FASD external-dev / cross-domain stress set,False
spoof_1584.png,1,VALID,0.35253906,0.8496094,-1.2089844,-0.6171914,LCC-FASD external-dev / cross-domain stress set,False
spoof_1585.png,1,VALID,-0.21105957,1.1933594,-0.87158203,-1.5238235,LCC-FASD external-dev / cross-domain stress set,False
spoof_1586.png,1,VALID,-1.3164062,1.9091797,-0.36083984,-3.3239007,LCC-FASD external-dev / cross-domain stress set,False
spoof_1587.png,1,VALID,-0.21765137,-0.5761719,0.37939453,-0.922453,LCC-FASD external-dev / cross-domain stress set,False
spoof_1588.png,1,VALID,-0.29858398,0.20361328,-0.097351074,-1.0561423,LCC-FASD external-dev / cross-domain stress set,False
spoof_1589.png,1,VALID,0.1239624,1.3779297,-1.5048828,-1.3084338,LCC-FASD external-dev / cross-domain stress set,False
spoof_1590.png,1,VALID,-1.4667969,2.0742188,-0.14685059,-3.6440172,LCC-FASD external-dev / cross-domain stress set,False
spoof_1591.png,1,VALID,0.66845703,-0.06439209,-1.1152344,0.43300894,LCC-FASD external-dev / cross-domain stress set,True
spoof_1592.png,1,VALID,-0.016784668,1.3652344,-1.0517578,-1.4674529,LCC-FASD external-dev / cross-domain stress set,False
spoof_1593.png,1,VALID,-1.1113281,2.9824219,-1.5039062,-4.104949,LCC-FASD external-dev / cross-domain stress set,False
spoof_1594.png,1,VALID,-0.5385742,1.8642578,-1.1523438,-2.4506383,LCC-FASD external-dev / cross-domain stress set,False
spoof_1595.png,1,VALID,0.20019531,0.004009247,-1.0566406,-0.10112259,LCC-FASD external-dev / cross-domain stress set,True
spoof_1596.png,1,VALID,1.1103516,-1.5634766,-0.86572266,1.5721424,LCC-FASD external-dev / cross-domain stress set,True
spoof_1597.png,1,VALID,-0.7392578,2.0175781,-0.9550781,-2.8067372,LCC-FASD external-dev / cross-domain stress set,False
spoof_1598.png,1,VALID,-0.99121094,0.8129883,-0.06768799,-2.1509771,LCC-FASD external-dev / cross-domain stress set,False
spoof_1599.png,1,VALID,-0.11175537,-0.41992188,0.08508301,-0.66902876,LCC-FASD external-dev / cross-domain stress set,False
spoof_1600.png,1,VALID,-0.46875,0.6040039,-0.2722168,-1.4208395,LCC-FASD external-dev / cross-domain stress set,False
spoof_1601.png,1,VALID,0.6464844,-0.59375,-1.1103516,0.77239275,LCC-FASD external-dev / cross-domain stress set,True
spoof_1602.png,1,VALID,0.09020996,0.99316406,-1.3398438,-0.99553657,LCC-FASD external-dev / cross-domain stress set,False
spoof_1603.png,1,VALID,-0.107543945,0.9707031,-0.9746094,-1.2118531,LCC-FASD external-dev / cross-domain stress set,False
spoof_1604.png,1,VALID,0.86865234,-1.6826172,-0.5253906,1.1206956,LCC-FASD external-dev / cross-domain stress set,True
spoof_1605.png,1,VALID,-1.0185547,1.2255859,-0.19177246,-2.4611483,LCC-FASD external-dev / cross-domain stress set,False
spoof_1606.png,1,VALID,-1.3300781,2.4492188,-0.63427734,-3.824078,LCC-FASD external-dev / cross-domain stress set,False
spoof_1607.png,1,VALID,-0.67089844,1.2666016,-0.7426758,-2.0633266,LCC-FASD external-dev / cross-domain stress set,False
spoof_1608.png,1,VALID,0.41625977,-0.6040039,-0.89160156,0.4606117,LCC-FASD external-dev / cross-domain stress set,True
spoof_1609.png,1,VALID,-0.24780273,0.93115234,-0.71240234,-1.3556707,LCC-FASD external-dev / cross-domain stress set,False
spoof_1610.png,1,VALID,0.20446777,0.52441406,-1.1396484,-0.4933685,LCC-FASD external-dev / cross-domain stress set,True
spoof_1611.png,1,VALID,-0.8745117,1.7382812,-0.76708984,-2.691276,LCC-FASD external-dev / cross-domain stress set,False
spoof_1612.png,1,VALID,0.32739258,-0.50878906,-0.8413086,0.29553628,LCC-FASD external-dev / cross-domain stress set,True
spoof_1613.png,1,VALID,1.1669922,-1.484375,-1.0791016,1.7351913,LCC-FASD external-dev / cross-domain stress set,True
spoof_1614.png,1,VALID,-0.9506836,1.8427734,-0.8183594,-2.8609934,LCC-FASD external-dev / cross-domain stress set,False
spoof_1615.png,1,VALID,-0.09851074,-0.14807129,-0.5332031,-0.46944803,LCC-FASD external-dev / cross-domain stress set,True
spoof_1616.png,1,VALID,-0.0028648376,1.1503906,-1.2333984,-1.24145,LCC-FASD external-dev / cross-domain stress set,False
spoof_1617.png,1,VALID,0.9614258,-1.1308594,-0.9243164,1.2905434,LCC-FASD external-dev / cross-domain stress set,True
spoof_1618.png,1,VALID,0.39794922,-0.4404297,-0.89160156,0.3455861,LCC-FASD external-dev / cross-domain stress set,True
spoof_1511.png,1,VALID,-0.032806396,1.4228516,-1.3701172,-1.5150951,LCC-FASD external-dev / cross-domain stress set,False
spoof_1512.png,1,VALID,-0.3388672,2.25,-1.4375,-2.6135936,LCC-FASD external-dev / cross-domain stress set,False
spoof_1513.png,1,VALID,-0.35864258,1.6201172,-1.1484375,-2.039622,LCC-FASD external-dev / cross-domain stress set,False
spoof_1514.png,1,VALID,-0.7006836,2.03125,-0.90966797,-2.7834032,LCC-FASD external-dev / cross-domain stress set,False
spoof_1515.png,1,VALID,-0.5175781,2.2128906,-1.3027344,-2.7597647,LCC-FASD external-dev / cross-domain stress set,False
spoof_1516.png,1,VALID,0.57958984,1.1025391,-1.6865234,-0.5826123,LCC-FASD external-dev / cross-domain stress set,True
spoof_1517.png,1,VALID,-0.12194824,1.9667969,-1.5634766,-2.117621,LCC-FASD external-dev / cross-domain stress set,False
spoof_1518.png,1,VALID,0.92626953,0.4572754,-1.6640625,0.35578054,LCC-FASD external-dev / cross-domain stress set,True
spoof_1519.png,1,VALID,-0.101623535,2.1660156,-1.8798828,-2.284982,LCC-FASD external-dev / cross-domain stress set,False
spoof_1520.png,1,VALID,-0.17858887,1.6591797,-1.2480469,-1.8909558,LCC-FASD external-dev / cross-domain stress set,False
spoof_1521.png,1,VALID,0.22912598,1.2568359,-1.4091797,-1.094928,LCC-FASD external-dev / cross-domain stress set,False
spoof_1522.png,1,VALID,0.0055885315,1.8320312,-1.6650391,-1.8562791,LCC-FASD external-dev / cross-domain stress set,False
spoof_1523.png,1,VALID,-0.70703125,1.9677734,-0.76660156,-2.737718,LCC-FASD external-dev / cross-domain stress set,False
spoof_1524.png,1,VALID,-0.09484863,1.9482422,-1.2939453,-2.081425,LCC-FASD external-dev / cross-domain stress set,False
spoof_1525.png,1,VALID,0.3269043,0.4807129,-1.0224609,-0.35464358,LCC-FASD external-dev / cross-domain stress set,True
spoof_1526.png,1,VALID,0.8544922,-0.2993164,-1.0917969,0.78037065,LCC-FASD external-dev / cross-domain stress set,True
spoof_1527.png,1,VALID,-1.3056641,1.3242188,0.31518555,-2.9407232,LCC-FASD external-dev / cross-domain stress set,False
spoof_1528.png,1,VALID,-1.1650391,2.0253906,-0.2722168,-3.2861934,LCC-FASD external-dev / cross-domain stress set,False
spoof_1529.png,1,VALID,0.6567383,-0.50146484,-1.0791016,0.7127335,LCC-FASD external-dev / cross-domain stress set,True
spoof_1530.png,1,VALID,-1.4550781,1.7988281,0.03111267,-3.4115274,LCC-FASD external-dev / cross-domain stress set,False
spoof_1531.png,1,VALID,-0.5102539,1.7714844,-1.0517578,-2.3394532,LCC-FASD external-dev / cross-domain stress set,False
spoof_1532.png,1,VALID,-0.15026855,1.0039062,-1.0009766,-1.280522,LCC-FASD external-dev / cross-domain stress set,False
spoof_1533.png,1,NO_VALID_FACE,,,,,LCC-FASD external-dev / cross-domain stress set,
spoof_1534.png,1,VALID,-0.96240234,1.8486328,-0.7001953,-2.8863032,LCC-FASD external-dev / cross-domain stress set,False
spoof_1535.png,1,VALID,-1.2138672,1.8447266,-0.39501953,-3.1597824,LCC-FASD external-dev / cross-domain stress set,False
spoof_1536.png,1,VALID,-0.16296387,0.04006958,-0.08746338,-0.83444583,LCC-FASD external-dev / cross-domain stress set,False
spoof_1537.png,1,VALID,-1.4697266,1.9580078,-0.0524292,-3.553424,LCC-FASD external-dev / cross-domain stress set,False
spoof_1538.png,1,VALID,-0.37646484,2.2695312,-1.5712891,-2.6672447,LCC-FASD external-dev / cross-domain stress set,False
spoof_1539.png,1,VALID,-0.81640625,1.7373047,-0.7270508,-2.6353498,LCC-FASD external-dev / cross-domain stress set,False
spoof_1540.png,1,VALID,0.16345215,0.17785645,-0.8154297,-0.32947606,LCC-FASD external-dev / cross-domain stress set,True
spoof_1541.png,1,VALID,-0.7705078,1.7324219,-0.8959961,-2.5726354,LCC-FASD external-dev / cross-domain stress set,False
spoof_1542.png,1,VALID,-1.4384766,2.2617188,-0.32861328,-3.7725115,LCC-FASD external-dev / cross-domain stress set,False
spoof_1543.png,1,VALID,-1.4169922,2.6972656,-0.90185547,-4.141238,LCC-FASD external-dev / cross-domain stress set,False
spoof_1544.png,1,VALID,-0.6611328,1.7353516,-1.0185547,-2.4582176,LCC-FASD external-dev / cross-domain stress set,False
spoof_1545.png,1,VALID,-1.1337891,1.9902344,-0.39038086,-3.2124863,LCC-FASD external-dev / cross-domain stress set,False
spoof_1546.png,1,VALID,-0.97802734,1.3886719,-0.2993164,-2.5363503,LCC-FASD external-dev / cross-domain stress set,False
spoof_1547.png,1,VALID,-0.2220459,1.0585938,-0.99560547,-1.4012591,LCC-FASD external-dev / cross-domain stress set,False
spoof_1548.png,1,VALID,0.77783203,0.23718262,-1.3105469,0.34777504,LCC-FASD external-dev / cross-domain stress set,True
spoof_1549.png,1,VALID,0.7998047,-0.3491211,-1.0869141,0.7581223,LCC-FASD external-dev / cross-domain stress set,True
spoof_1550.png,1,VALID,1.5771484,-1.4082031,-1.3798828,2.277944,LCC-FASD external-dev / cross-domain stress set,True
spoof_1551.png,1,VALID,0.3491211,-0.30541992,-0.46533203,0.038156807,LCC-FASD external-dev / cross-domain stress set,True
spoof_1552.png,1,VALID,1.5878906,-1.0498047,-1.484375,2.1384103,LCC-FASD external-dev / cross-domain stress set,True
spoof_1553.png,1,VALID,-0.12072754,1.5625,-1.3369141,-1.7368209,LCC-FASD external-dev / cross-domain stress set,False
spoof_1554.png,1,VALID,0.5756836,0.92529297,-1.7265625,-0.41775417,LCC-FASD external-dev / cross-domain stress set,True
spoof_1555.png,1,VALID,-0.30126953,-0.19494629,0.30908203,-1.0829096,LCC-FASD external-dev / cross-domain stress set,False
spoof_1556.png,1,VALID,0.4169922,0.6923828,-1.1757812,-0.41897732,LCC-FASD external-dev / cross-domain stress set,True
spoof_1557.png,1,VALID,-0.34985352,0.044647217,0.068115234,-1.0994508,LCC-FASD external-dev / cross-domain stress set,False
spoof_1558.png,1,VALID,0.7597656,0.28735352,-1.3847656,0.30026835,LCC-FASD external-dev / cross-domain stress set,True
spoof_1559.png,1,VALID,-0.17736816,0.79785156,-0.7236328,-1.172748,LCC-FASD external-dev / cross-domain stress set,False
spoof_1560.png,1,VALID,-0.0023841858,1.4785156,-1.4414062,-1.5334333,LCC-FASD external-dev / cross-domain stress set,False
spoof_1561.png,1,VALID,1.2402344,-1.2412109,-0.97998047,1.6491768,LCC-FASD external-dev / cross-domain stress set,True
spoof_1562.png,1,VALID,1.5390625,-1.0976562,-1.4746094,2.1143906,LCC-FASD external-dev / cross-domain stress set,True
spoof_1563.png,1,VALID,1.0732422,-0.8623047,-1.1113281,1.3591797,LCC-FASD external-dev / cross-domain stress set,True
spoof_1564.png,1,VALID,-0.25048828,-0.58984375,0.37231445,-0.94638324,LCC-FASD external-dev / cross-domain stress set,False
spoof_1565.png,1,VALID,0.9355469,-0.6303711,-1.0751953,1.0706506,LCC-FASD external-dev / cross-domain stress set,True
spoof_1566.png,1,VALID,1.2382812,-0.72802734,-1.3164062,1.5246873,LCC-FASD external-dev / cross-domain stress set,True
spoof_1453.png,1,VALID,1.7978516,-1.8251953,-1.4091797,2.7004125,LCC-FASD external-dev / cross-domain stress set,True
spoof_1454.png,1,VALID,0.046783447,0.9140625,-1.0791016,-0.99502444,LCC-FASD external-dev / cross-domain stress set,False
spoof_1455.png,1,VALID,0.7636719,-1.5449219,-0.42211914,0.9041019,LCC-FASD external-dev / cross-domain stress set,True
spoof_1456.png,1,VALID,0.24450684,0.5161133,-1.0234375,-0.46592033,LCC-FASD external-dev / cross-domain stress set,True
spoof_1457.png,1,VALID,-0.47387695,1.9384766,-1.1279297,-2.457889,LCC-FASD external-dev / cross-domain stress set,False
spoof_1458.png,1,VALID,-0.5698242,2.3730469,-1.3066406,-2.967789,LCC-FASD external-dev / cross-domain stress set,False
spoof_1459.png,1,VALID,1.7333984,-1.8964844,-1.4482422,2.687707,LCC-FASD external-dev / cross-domain stress set,True
spoof_1460.png,1,VALID,-0.22192383,1.8779297,-1.4824219,-2.1339874,LCC-FASD external-dev / cross-domain stress set,False
spoof_1461.png,1,VALID,-0.3359375,2.1640625,-1.5390625,-2.5243475,LCC-FASD external-dev / cross-domain stress set,False
spoof_1462.png,1,VALID,1.6982422,-1.0976562,-1.7802734,2.386911,LCC-FASD external-dev / cross-domain stress set,True
spoof_1463.png,1,VALID,-0.5839844,2.3964844,-1.5224609,-3.0001361,LCC-FASD external-dev / cross-domain stress set,False
spoof_1464.png,1,VALID,0.2763672,0.7426758,-1.2050781,-0.5996097,LCC-FASD external-dev / cross-domain stress set,False
spoof_1465.png,1,VALID,1.296875,-0.7553711,-1.5917969,1.6922971,LCC-FASD external-dev / cross-domain stress set,True
spoof_1466.png,1,VALID,0.71875,0.61376953,-1.6083984,0.0020865202,LCC-FASD external-dev / cross-domain stress set,True
spoof_1467.png,1,VALID,0.9580078,-1.6425781,-0.61279297,1.2654628,LCC-FASD external-dev / cross-domain stress set,True
spoof_1468.png,1,VALID,0.004333496,0.6928711,-0.9091797,-0.87209415,LCC-FASD external-dev / cross-domain stress set,False
spoof_1469.png,1,VALID,1.6738281,-2.1367188,-1.2392578,2.5711975,LCC-FASD external-dev / cross-domain stress set,True
spoof_1470.png,1,VALID,-0.41430664,2.3242188,-1.5927734,-2.758231,LCC-FASD external-dev / cross-domain stress set,False
spoof_1471.png,1,VALID,0.9267578,-1.5898438,-0.56689453,1.186511,LCC-FASD external-dev / cross-domain stress set,True
spoof_1472.png,1,VALID,0.9477539,0.34545898,-1.6699219,0.47718796,LCC-FASD external-dev / cross-domain stress set,True
spoof_1473.png,1,VALID,0.34155273,-0.12072754,-0.9453125,0.09873709,LCC-FASD external-dev / cross-domain stress set,True
spoof_1474.png,1,VALID,-0.8300781,2.25,-1.125,-3.1137238,LCC-FASD external-dev / cross-domain stress set,False
spoof_1475.png,1,VALID,-0.22338867,-0.71191406,0.40673828,-0.9128365,LCC-FASD external-dev / cross-domain stress set,False
spoof_1476.png,1,VALID,-0.49365234,0.47753906,-0.31152344,-1.3456957,LCC-FASD external-dev / cross-domain stress set,False
spoof_1477.png,1,VALID,1.2324219,-1.5625,-0.90185547,1.7178602,LCC-FASD external-dev / cross-domain stress set,True
spoof_1478.png,1,VALID,0.5805664,0.9272461,-1.6494141,-0.41995573,LCC-FASD external-dev / cross-domain stress set,True
spoof_1479.png,1,VALID,-0.17626953,-0.6069336,0.18005371,-0.7314763,LCC-FASD external-dev / cross-domain stress set,False
spoof_1480.png,1,VALID,0.21362305,0.039031982,-0.99853516,-0.1287052,LCC-FASD external-dev / cross-domain stress set,True
spoof_1481.png,1,VALID,0.4165039,-0.6230469,-0.6035156,0.3365903,LCC-FASD external-dev / cross-domain stress set,True
spoof_1482.png,1,VALID,1.3789062,-1.2177734,-1.1650391,1.8768177,LCC-FASD external-dev / cross-domain stress set,True
spoof_1483.png,1,VALID,-0.09649658,-0.06793213,-0.43310547,-0.5557021,LCC-FASD external-dev / cross-domain stress set,True
spoof_1484.png,1,VALID,0.11645508,-0.7739258,-0.093688965,-0.19964308,LCC-FASD external-dev / cross-domain stress set,True
spoof_1485.png,1,VALID,0.22143555,-0.7944336,-0.25708008,0.018377662,LCC-FASD external-dev / cross-domain stress set,True
spoof_1486.png,1,VALID,-0.3557129,0.49121094,-0.48168945,-1.1675463,LCC-FASD external-dev / cross-domain stress set,False
spoof_1487.png,1,VALID,-0.7993164,0.91503906,-0.2841797,-1.9778188,LCC-FASD external-dev / cross-domain stress set,False
spoof_1488.png,1,VALID,0.5058594,-0.43579102,-0.81689453,0.42100883,LCC-FASD external-dev / cross-domain stress set,True
spoof_1489.png,1,VALID,0.008155823,0.20227051,-0.8515625,-0.49318093,LCC-FASD external-dev / cross-domain stress set,True
spoof_1490.png,1,VALID,0.16223145,-0.12854004,-0.86865234,-0.099282354,LCC-FASD external-dev / cross-domain stress set,True
spoof_1491.png,1,VALID,1.2431641,-0.94189453,-1.2050781,1.61487,LCC-FASD external-dev / cross-domain stress set,True
spoof_1492.png,1,VALID,0.22790527,0.06732178,-0.8432617,-0.17752269,LCC-FASD external-dev / cross-domain stress set,True
spoof_1493.png,1,VALID,-0.020233154,-1.5,0.5097656,-0.6557677,LCC-FASD external-dev / cross-domain stress set,False
spoof_1494.png,1,VALID,-0.49951172,-0.7885742,0.78759766,-1.4750527,LCC-FASD external-dev / cross-domain stress set,False
spoof_1495.png,1,VALID,-0.67041016,0.73339844,-0.43139648,-1.6753511,LCC-FASD external-dev / cross-domain stress set,False
spoof_1496.png,1,VALID,-0.60839844,-0.7348633,0.8569336,-1.6506155,LCC-FASD external-dev / cross-domain stress set,False
spoof_1497.png,1,VALID,0.3947754,-0.5371094,-0.82421875,0.37202352,LCC-FASD external-dev / cross-domain stress set,True
spoof_1498.png,1,VALID,-1.1591797,2.6757812,-1.4003906,-3.851791,LCC-FASD external-dev / cross-domain stress set,False
spoof_1499.png,1,VALID,-0.86035156,1.4755859,-0.056152344,-2.5316355,LCC-FASD external-dev / cross-domain stress set,False
spoof_1500.png,1,VALID,-1.4257812,2.9199219,-1.1689453,-4.362323,LCC-FASD external-dev / cross-domain stress set,False
spoof_1501.png,1,NO_VALID_FACE,,,,,LCC-FASD external-dev / cross-domain stress set,
spoof_1502.png,1,VALID,-0.6020508,1.4335938,-0.1821289,-2.2169213,LCC-FASD external-dev / cross-domain stress set,False
spoof_1503.png,1,VALID,-1.4648438,3.1289062,-1.2597656,-4.6060905,LCC-FASD external-dev / cross-domain stress set,False
spoof_1504.png,1,VALID,1.203125,-0.012931824,-1.6933594,1.0452224,LCC-FASD external-dev / cross-domain stress set,True
spoof_1505.png,1,VALID,0.38867188,0.9472656,-1.4472656,-0.6458858,LCC-FASD external-dev / cross-domain stress set,False
spoof_1506.png,1,VALID,0.11340332,0.7714844,-0.78515625,-0.849398,LCC-FASD external-dev / cross-domain stress set,False
spoof_1507.png,1,VALID,0.27929688,1.8574219,-2.1074219,-1.5969182,LCC-FASD external-dev / cross-domain stress set,False
spoof_1508.png,1,VALID,-0.4921875,0.93115234,-0.12213135,-1.7225481,LCC-FASD external-dev / cross-domain stress set,False
spoof_1509.png,1,VALID,1.4355469,-0.7753906,-1.4111328,1.7859689,LCC-FASD external-dev / cross-domain stress set,True
spoof_1510.png,1,VALID,-0.5966797,2.0410156,-0.88427734,-2.6899548,LCC-FASD external-dev / cross-domain stress set,False
spoof_1401.png,1,VALID,-0.4675293,1.0791016,-0.7607422,-1.6940522,LCC-FASD external-dev / cross-domain stress set,False
spoof_1402.png,1,VALID,0.06173706,1.3486328,-1.5273438,-1.3417258,LCC-FASD external-dev / cross-domain stress set,False
spoof_1403.png,1,VALID,-0.40185547,0.8911133,-0.72314453,-1.4744886,LCC-FASD external-dev / cross-domain stress set,False
spoof_1404.png,1,VALID,-1.3564453,3.0488281,-1.4501953,-4.4163322,LCC-FASD external-dev / cross-domain stress set,False
spoof_1405.png,1,VALID,-0.6845703,2.4902344,-1.4003906,-3.1950314,LCC-FASD external-dev / cross-domain stress set,False
spoof_1406.png,1,VALID,-1.2382812,-0.33032227,1.3105469,-2.7259793,LCC-FASD external-dev / cross-domain stress set,False
spoof_1407.png,1,VALID,0.421875,-0.7973633,-0.5883789,0.4161495,LCC-FASD external-dev / cross-domain stress set,True
spoof_1408.png,1,VALID,0.39331055,0.2902832,-0.9614258,-0.1485213,LCC-FASD external-dev / cross-domain stress set,True
spoof_1409.png,1,VALID,-0.8774414,1.4375,-0.5620117,-2.4419277,LCC-FASD external-dev / cross-domain stress set,False
spoof_1410.png,1,VALID,-0.84277344,-0.22265625,0.7158203,-1.8887773,LCC-FASD external-dev / cross-domain stress set,False
spoof_1411.png,1,VALID,-0.070495605,1.4042969,-1.0322266,-1.5586413,LCC-FASD external-dev / cross-domain stress set,False
spoof_1412.png,1,VALID,-0.7294922,2.5195312,-1.5722656,-3.2655945,LCC-FASD external-dev / cross-domain stress set,False
spoof_1413.png,1,VALID,-0.34448242,0.8642578,-0.75439453,-1.3895319,LCC-FASD external-dev / cross-domain stress set,False
spoof_1414.png,1,VALID,-0.5751953,0.3840332,-0.07696533,-1.4482094,LCC-FASD external-dev / cross-domain stress set,False
spoof_1415.png,1,VALID,0.8833008,-1.5703125,-0.8461914,1.3342454,LCC-FASD external-dev / cross-domain stress set,True
spoof_1416.png,1,VALID,-0.9609375,2.5625,-1.1318359,-3.5479975,LCC-FASD external-dev / cross-domain stress set,False
spoof_1417.png,1,VALID,0.6748047,-0.7836914,-0.71240234,0.7290693,LCC-FASD external-dev / cross-domain stress set,True
spoof_1418.png,1,VALID,-0.7167969,1.3828125,-0.61279297,-2.2270622,LCC-FASD external-dev / cross-domain stress set,False
spoof_1419.png,1,VALID,-0.31689453,2.0410156,-1.5654297,-2.3846962,LCC-FASD external-dev / cross-domain stress set,False
spoof_1420.png,1,VALID,0.12524414,0.8305664,-1.1425781,-0.83548963,LCC-FASD external-dev / cross-domain stress set,False
spoof_1421.png,1,VALID,-0.86621094,2.4804688,-1.2578125,-3.370196,LCC-FASD external-dev / cross-domain stress set,False
spoof_1422.png,1,VALID,0.14611816,0.13842773,-0.92285156,-0.28945634,LCC-FASD external-dev / cross-domain stress set,True
spoof_1423.png,1,VALID,0.7011719,-0.91748047,-0.76660156,0.84722286,LCC-FASD external-dev / cross-domain stress set,True
spoof_1424.png,1,VALID,-0.30395508,2.0,-1.7041016,-2.3282793,LCC-FASD external-dev / cross-domain stress set,False
spoof_1425.png,1,VALID,-0.9824219,2.1542969,-0.7915039,-3.187944,LCC-FASD external-dev / cross-domain stress set,False
spoof_1426.png,1,VALID,-0.8466797,1.6494141,-0.46289062,-2.6102781,LCC-FASD external-dev / cross-domain stress set,False
spoof_1427.png,1,VALID,-1.4042969,0.28808594,1.0703125,-2.851254,LCC-FASD external-dev / cross-domain stress set,False
spoof_1428.png,1,VALID,-0.89453125,1.0800781,-0.11444092,-2.2391632,LCC-FASD external-dev / cross-domain stress set,False
spoof_1429.png,1,VALID,1.1074219,-0.42504883,-1.1347656,1.1324984,LCC-FASD external-dev / cross-domain stress set,True
spoof_1430.png,1,VALID,-0.22937012,1.1386719,-0.9897461,-1.4805002,LCC-FASD external-dev / cross-domain stress set,False
spoof_1431.png,1,VALID,-0.7216797,1.8222656,-0.75439453,-2.6172214,LCC-FASD external-dev / cross-domain stress set,False
spoof_1432.png,1,VALID,-0.20812988,0.37451172,-0.53564453,-0.92087036,LCC-FASD external-dev / cross-domain stress set,False
spoof_1433.png,1,VALID,-0.58251953,0.84814453,-0.3647461,-1.6909775,LCC-FASD external-dev / cross-domain stress set,False
spoof_1434.png,1,VALID,0.6308594,0.66064453,-1.4052734,-0.14907992,LCC-FASD external-dev / cross-domain stress set,True
spoof_1435.png,1,VALID,-1.2236328,2.4375,-0.6118164,-3.7074354,LCC-FASD external-dev / cross-domain stress set,False
spoof_1436.png,1,VALID,-0.54248047,2.3398438,-1.3808594,-2.9062526,LCC-FASD external-dev / cross-domain stress set,False
spoof_1437.png,1,VALID,-0.37719727,1.890625,-1.2392578,-2.3106163,LCC-FASD external-dev / cross-domain stress set,False
spoof_1438.png,1,VALID,0.6015625,0.52734375,-1.5117188,-0.04813224,LCC-FASD external-dev / cross-domain stress set,True
spoof_1439.png,1,VALID,-0.78125,1.7197266,-0.8149414,-2.5772781,LCC-FASD external-dev / cross-domain stress set,False
spoof_1440.png,1,VALID,-0.8491211,2.2773438,-0.98876953,-3.1639094,LCC-FASD external-dev / cross-domain stress set,False
spoof_1441.png,1,VALID,-0.9536133,1.9755859,-0.5786133,-3.0040789,LCC-FASD external-dev / cross-domain stress set,False
spoof_1442.png,1,VALID,0.40478516,1.1982422,-1.3544922,-0.86844254,LCC-FASD external-dev / cross-domain stress set,False
spoof_1443.png,1,VALID,-0.15942383,0.3305664,-0.53759766,-0.8404509,LCC-FASD external-dev / cross-domain stress set,False
spoof_1444.png,1,VALID,-1.2802734,0.84375,0.4765625,-2.6503363,LCC-FASD external-dev / cross-domain stress set,False
spoof_1445.png,1,VALID,-1.3759766,1.3017578,0.24328613,-2.9756036,LCC-FASD external-dev / cross-domain stress set,False
spoof_1446.png,1,VALID,-1.1289062,1.4707031,-0.23449707,-2.766594,LCC-FASD external-dev / cross-domain stress set,False
spoof_1447.png,1,VALID,-0.6591797,1.7119141,-0.7836914,-2.4503176,LCC-FASD external-dev / cross-domain stress set,False
spoof_1448.png,1,VALID,0.8959961,-0.38378906,-1.1855469,0.9092291,LCC-FASD external-dev / cross-domain stress set,True
spoof_1449.png,1,VALID,0.72265625,-1.6113281,-0.41455078,0.87317765,LCC-FASD external-dev / cross-domain stress set,True
spoof_1450.png,1,VALID,1.2539062,-2.0136719,-0.85302734,1.8344026,LCC-FASD external-dev / cross-domain stress set,True
spoof_1451.png,1,VALID,-0.24890137,1.9824219,-1.4931641,-2.261798,LCC-FASD external-dev / cross-domain stress set,False
spoof_1452.png,1,VALID,1.6484375,-1.7861328,-1.3710938,2.5125241,LCC-FASD external-dev / cross-domain stress set,True
spoof_1344.png,1,VALID,-0.45874023,-0.8642578,0.59521484,-1.2628851,LCC-FASD external-dev / cross-domain stress set,False
spoof_1345.png,1,VALID,-1.0820312,2.8261719,-1.3984375,-3.922728,LCC-FASD external-dev / cross-domain stress set,False
spoof_1346.png,1,VALID,0.30664062,0.4716797,-0.8598633,-0.39937538,LCC-FASD external-dev / cross-domain stress set,True
spoof_1347.png,1,VALID,-0.6738281,1.1552734,-0.5097656,-2.0023682,LCC-FASD external-dev / cross-domain stress set,False
spoof_1348.png,1,VALID,-0.75341797,1.5341797,-0.5341797,-2.406618,LCC-FASD external-dev / cross-domain stress set,False
spoof_1349.png,1,VALID,-0.5834961,-0.49121094,0.47705078,-1.3824439,LCC-FASD external-dev / cross-domain stress set,False
spoof_1350.png,1,VALID,-0.97314453,2.5214844,-1.0244141,-3.5230634,LCC-FASD external-dev / cross-domain stress set,False
spoof_1351.png,1,VALID,-0.42944336,0.20471191,-0.19055176,-1.149074,LCC-FASD external-dev / cross-domain stress set,False
spoof_1352.png,1,VALID,-0.3581543,0.38989258,-0.24230957,-1.1742425,LCC-FASD external-dev / cross-domain stress set,False
spoof_1353.png,1,VALID,-0.7626953,0.47314453,0.20617676,-1.8043858,LCC-FASD external-dev / cross-domain stress set,False
spoof_1354.png,1,VALID,-0.047332764,2.0507812,-1.5449219,-2.1251857,LCC-FASD external-dev / cross-domain stress set,False
spoof_1355.png,1,VALID,-0.8330078,-0.45629883,0.87109375,-1.9393063,LCC-FASD external-dev / cross-domain stress set,False
spoof_1356.png,1,VALID,-0.9658203,2.8984375,-1.3740234,-3.8781087,LCC-FASD external-dev / cross-domain stress set,False
spoof_1357.png,1,VALID,-1.0820312,2.6601562,-1.0878906,-3.765478,LCC-FASD external-dev / cross-domain stress set,False
spoof_1358.png,1,VALID,-0.22814941,0.82958984,-0.95410156,-1.2130466,LCC-FASD external-dev / cross-domain stress set,False
spoof_1359.png,1,VALID,-0.49267578,0.76464844,-0.40576172,-1.5275342,LCC-FASD external-dev / cross-domain stress set,False
spoof_1360.png,1,VALID,-1.2421875,1.6113281,-0.32177734,-2.9886565,LCC-FASD external-dev / cross-domain stress set,False
spoof_1361.png,1,VALID,-0.3696289,1.0976562,-1.0292969,-1.5798993,LCC-FASD external-dev / cross-domain stress set,False
spoof_1362.png,1,VALID,-0.41577148,1.0283203,-0.8569336,-1.5854095,LCC-FASD external-dev / cross-domain stress set,False
spoof_1363.png,1,VALID,-0.5395508,1.4003906,-0.9433594,-2.0315785,LCC-FASD external-dev / cross-domain stress set,False
spoof_1364.png,1,VALID,-0.96875,0.96777344,-0.099365234,-2.2321672,LCC-FASD external-dev / cross-domain stress set,False
spoof_1365.png,1,VALID,-0.07733154,0.47387695,-0.9838867,-0.76046103,LCC-FASD external-dev / cross-domain stress set,False
spoof_1366.png,1,VALID,-0.6694336,1.3544922,-0.66552734,-2.1484883,LCC-FASD external-dev / cross-domain stress set,False
spoof_1367.png,1,VALID,-0.765625,1.8203125,-0.97802734,-2.6450655,LCC-FASD external-dev / cross-domain stress set,False
spoof_1368.png,1,VALID,-1.0576172,2.3867188,-0.90722656,-3.480771,LCC-FASD external-dev / cross-domain stress set,False
spoof_1369.png,1,VALID,-1.1523438,1.6083984,-0.39794922,-2.8869157,LCC-FASD external-dev / cross-domain stress set,False
spoof_1370.png,1,VALID,-0.50634766,1.7900391,-1.1933594,-2.3457677,LCC-FASD external-dev / cross-domain stress set,False
spoof_1371.png,1,VALID,0.50634766,-0.5551758,-0.7006836,0.43848592,LCC-FASD external-dev / cross-domain stress set,True
spoof_1372.png,1,VALID,-0.62597656,-0.20581055,0.47827148,-1.512744,LCC-FASD external-dev / cross-domain stress set,False
spoof_1373.png,1,VALID,-1.3154297,1.3925781,-0.047576904,-2.9206088,LCC-FASD external-dev / cross-domain stress set,False
spoof_1374.png,1,VALID,-0.70751953,1.6640625,-1.1064453,-2.4323292,LCC-FASD external-dev / cross-domain stress set,False
spoof_1375.png,1,VALID,-0.54589844,0.7236328,-0.4716797,-1.5339007,LCC-FASD external-dev / cross-domain stress set,False
spoof_1376.png,1,VALID,-0.17285156,0.5625,-0.75390625,-0.9728689,LCC-FASD external-dev / cross-domain stress set,False
spoof_1377.png,1,VALID,-1.1464844,2.2421875,-0.8027344,-3.4351737,LCC-FASD external-dev / cross-domain stress set,False
spoof_1378.png,1,VALID,0.75,-1.2119141,-0.6347656,0.93912053,LCC-FASD external-dev / cross-domain stress set,True
spoof_1379.png,1,VALID,0.6298828,-1.3720703,-0.29614258,0.6326238,LCC-FASD external-dev / cross-domain stress set,True
spoof_1380.png,1,VALID,-0.7426758,1.6455078,-0.5151367,-2.497263,LCC-FASD external-dev / cross-domain stress set,False
spoof_1381.png,1,VALID,2.0527344,-1.6494141,-2.0761719,3.1997857,LCC-FASD external-dev / cross-domain stress set,True
spoof_1382.png,1,VALID,-0.05731201,1.4326172,-1.4257812,-1.545705,LCC-FASD external-dev / cross-domain stress set,False
spoof_1383.png,1,VALID,0.37890625,0.70166016,-1.5185547,-0.42583907,LCC-FASD external-dev / cross-domain stress set,True
spoof_1384.png,1,VALID,-0.12756348,0.18225098,-0.21386719,-0.82438934,LCC-FASD external-dev / cross-domain stress set,False
spoof_1385.png,1,VALID,0.4970703,0.3317871,-0.984375,-0.07228577,LCC-FASD external-dev / cross-domain stress set,True
spoof_1386.png,1,VALID,0.7421875,-1.4453125,-0.45385742,0.88047796,LCC-FASD external-dev / cross-domain stress set,True
spoof_1387.png,1,VALID,2.21875,-1.5078125,-2.0742188,3.2770414,LCC-FASD external-dev / cross-domain stress set,True
spoof_1388.png,1,VALID,1.9824219,-1.7548828,-2.0761719,3.191954,LCC-FASD external-dev / cross-domain stress set,True
spoof_1389.png,1,VALID,1.8125,-1.4931641,-2.0429688,2.8501,LCC-FASD external-dev / cross-domain stress set,True
spoof_1390.png,1,VALID,0.1932373,1.1162109,-1.4931641,-0.993973,LCC-FASD external-dev / cross-domain stress set,False
spoof_1391.png,1,VALID,1.7236328,-1.8730469,-1.5947266,2.7547207,LCC-FASD external-dev / cross-domain stress set,True
spoof_1392.png,1,VALID,1.8779297,-1.5947266,-2.015625,2.9679754,LCC-FASD external-dev / cross-domain stress set,True
spoof_1393.png,1,VALID,0.40039062,0.04537964,-1.0058594,0.055273533,LCC-FASD external-dev / cross-domain stress set,True
spoof_1394.png,1,VALID,1.6923828,-1.5419922,-1.5009766,2.5205097,LCC-FASD external-dev / cross-domain stress set,True
spoof_1395.png,1,VALID,-0.20080566,1.1201172,-0.62158203,-1.4823803,LCC-FASD external-dev / cross-domain stress set,False
spoof_1396.png,1,VALID,0.0925293,0.04812622,-0.65234375,-0.35862705,LCC-FASD external-dev / cross-domain stress set,True
spoof_1397.png,1,VALID,2.0800781,-1.9404297,-1.8525391,3.28245,LCC-FASD external-dev / cross-domain stress set,True
spoof_1398.png,1,VALID,1.8154297,-1.5390625,-1.8925781,2.8225617,LCC-FASD external-dev / cross-domain stress set,True
spoof_1399.png,1,VALID,0.33618164,0.14587402,-0.7895508,-0.14073497,LCC-FASD external-dev / cross-domain stress set,True
spoof_1400.png,1,VALID,1.3779297,-1.5488281,-1.2734375,2.0864651,LCC-FASD external-dev / cross-domain stress set,True
spoof_1294.png,1,VALID,-0.5209961,1.140625,-0.4855957,-1.8411651,LCC-FASD external-dev / cross-domain stress set,False
spoof_1295.png,1,VALID,-0.79541016,1.6328125,-0.4790039,-2.54246,LCC-FASD external-dev / cross-domain stress set,False
spoof_1296.png,1,VALID,-0.6816406,1.1181641,-0.21398926,-2.0340135,LCC-FASD external-dev / cross-domain stress set,False
spoof_1297.png,1,VALID,-0.4567871,1.5273438,-0.9916992,-2.0615888,LCC-FASD external-dev / cross-domain stress set,False
spoof_1298.png,1,VALID,0.5854492,-0.26367188,-1.0527344,0.4746167,LCC-FASD external-dev / cross-domain stress set,True
spoof_1299.png,1,VALID,-0.64208984,1.3515625,-0.46801758,-2.1438756,LCC-FASD external-dev / cross-domain stress set,False
spoof_1300.png,1,VALID,0.85302734,-1.0947266,-0.8725586,1.1373656,LCC-FASD external-dev / cross-domain stress set,True
spoof_1301.png,1,VALID,-0.41992188,2.0546875,-1.4394531,-2.504532,LCC-FASD external-dev / cross-domain stress set,False
spoof_1302.png,1,VALID,-0.29858398,2.0234375,-1.5097656,-2.350814,LCC-FASD external-dev / cross-domain stress set,False
spoof_1303.png,1,VALID,0.70410156,-1.3349609,-0.37963867,0.75826526,LCC-FASD external-dev / cross-domain stress set,True
spoof_1304.png,1,VALID,-0.36791992,2.4375,-1.5830078,-2.8232048,LCC-FASD external-dev / cross-domain stress set,False
spoof_1305.png,1,VALID,-1.3974609,1.8388672,-0.37695312,-3.3398445,LCC-FASD external-dev / cross-domain stress set,False
spoof_1306.png,1,VALID,0.24401855,-0.13586426,-0.5839844,-0.11409849,LCC-FASD external-dev / cross-domain stress set,True
spoof_1307.png,1,VALID,0.36523438,0.7397461,-1.2207031,-0.5062372,LCC-FASD external-dev / cross-domain stress set,True
spoof_1308.png,1,VALID,0.97509766,-1.1240234,-0.8203125,1.2426324,LCC-FASD external-dev / cross-domain stress set,True
spoof_1309.png,1,VALID,-0.10119629,0.78222656,-0.65234375,-1.0970958,LCC-FASD external-dev / cross-domain stress set,False
spoof_1310.png,1,VALID,-0.51904297,2.3125,-1.3251953,-2.8575156,LCC-FASD external-dev / cross-domain stress set,False
spoof_1311.png,1,VALID,0.5756836,0.12719727,-1.2578125,0.2250857,LCC-FASD external-dev / cross-domain stress set,True
spoof_1312.png,1,VALID,0.08343506,0.10827637,-0.37158203,-0.5065703,LCC-FASD external-dev / cross-domain stress set,True
spoof_1313.png,1,VALID,-0.04815674,0.23205566,-0.4111328,-0.7026092,LCC-FASD external-dev / cross-domain stress set,False
spoof_1314.png,1,VALID,-1.0078125,2.2714844,-0.9243164,-3.319415,LCC-FASD external-dev / cross-domain stress set,False
spoof_1315.png,1,VALID,-1.0771484,2.25,-0.8955078,-3.3692927,LCC-FASD external-dev / cross-domain stress set,False
spoof_1316.png,1,VALID,-0.19177246,1.8613281,-1.375,-2.0916557,LCC-FASD external-dev / cross-domain stress set,False
spoof_1317.png,1,VALID,-0.7402344,2.1074219,-1.0585938,-2.8889625,LCC-FASD external-dev / cross-domain stress set,False
spoof_1318.png,1,VALID,-0.55908203,2.2421875,-1.3134766,-2.8294318,LCC-FASD external-dev / cross-domain stress set,False
spoof_1319.png,1,VALID,-0.7573242,2.4941406,-1.015625,-3.2809303,LCC-FASD external-dev / cross-domain stress set,False
spoof_1320.png,1,VALID,-1.0683594,2.5742188,-1.0595703,-3.668651,LCC-FASD external-dev / cross-domain stress set,False
spoof_1321.png,1,VALID,-0.4140625,1.6074219,-1.1699219,-2.08183,LCC-FASD external-dev / cross-domain stress set,False
spoof_1322.png,1,VALID,-0.8076172,2.34375,-0.95458984,-3.1876454,LCC-FASD external-dev / cross-domain stress set,False
spoof_1323.png,1,VALID,-0.9916992,2.2949219,-0.9526367,-3.3247538,LCC-FASD external-dev / cross-domain stress set,False
spoof_1324.png,1,VALID,-1.0712891,0.9370117,0.056671143,-2.355177,LCC-FASD external-dev / cross-domain stress set,False
spoof_1325.png,1,VALID,-0.77734375,2.5097656,-1.1689453,-3.3120513,LCC-FASD external-dev / cross-domain stress set,False
spoof_1326.png,1,VALID,-1.1240234,0.7895508,0.34692383,-2.4097004,LCC-FASD external-dev / cross-domain stress set,False
spoof_1327.png,1,VALID,-1.3447266,1.8789062,-0.3708496,-3.3238626,LCC-FASD external-dev / cross-domain stress set,False
spoof_1328.png,1,VALID,-0.055480957,0.6972656,-0.8461914,-0.94637173,LCC-FASD external-dev / cross-domain stress set,False
spoof_1329.png,1,VALID,-0.7597656,1.3378906,-0.71972656,-2.2178879,LCC-FASD external-dev / cross-domain stress set,False
spoof_1330.png,1,VALID,-1.0791016,2.5371094,-0.8930664,-3.648079,LCC-FASD external-dev / cross-domain stress set,False
spoof_1331.png,1,VALID,0.03540039,0.6201172,-0.9863281,-0.7675378,LCC-FASD external-dev / cross-domain stress set,False
spoof_1332.png,1,VALID,-1.3496094,2.7207031,-0.8251953,-4.0987473,LCC-FASD external-dev / cross-domain stress set,False
spoof_1333.png,1,VALID,-1.21875,2.9082031,-1.0244141,-4.1463556,LCC-FASD external-dev / cross-domain stress set,False
spoof_1334.png,1,VALID,-0.82958984,1.1279297,-0.5439453,-2.1297019,LCC-FASD external-dev / cross-domain stress set,False
spoof_1335.png,1,VALID,-0.2590332,1.1152344,-0.9038086,-1.4989445,LCC-FASD external-dev / cross-domain stress set,False
spoof_1336.png,1,VALID,-0.8642578,0.4345703,0.22070312,-1.8907483,LCC-FASD external-dev / cross-domain stress set,False
spoof_1337.png,1,VALID,-1.1542969,2.7988281,-1.1279297,-3.9726408,LCC-FASD external-dev / cross-domain stress set,False
spoof_1338.png,1,VALID,0.05593872,0.48486328,-0.7421875,-0.68601024,LCC-FASD external-dev / cross-domain stress set,False
spoof_1339.png,1,VALID,-0.9160156,2.8867188,-1.5742188,-3.8142197,LCC-FASD external-dev / cross-domain stress set,False
spoof_1340.png,1,VALID,-0.6347656,-1.4785156,1.3291016,-2.022465,LCC-FASD external-dev / cross-domain stress set,False
spoof_1341.png,1,VALID,0.048706055,-0.26538086,-0.25732422,-0.38309675,LCC-FASD external-dev / cross-domain stress set,True
spoof_1342.png,1,VALID,0.55859375,0.45532227,-1.2470703,-0.06414533,LCC-FASD external-dev / cross-domain stress set,True
spoof_1343.png,1,VALID,0.27294922,0.13330078,-0.7373047,-0.21009108,LCC-FASD external-dev / cross-domain stress set,True
spoof_1239.png,1,VALID,-1.296875,2.6035156,-0.88964844,-3.9303422,LCC-FASD external-dev / cross-domain stress set,False
spoof_1240.png,1,VALID,0.39624023,0.20751953,-1.0722656,-0.056651592,LCC-FASD external-dev / cross-domain stress set,True
spoof_1241.png,1,VALID,-0.46557617,1.0048828,-0.6064453,-1.6524657,LCC-FASD external-dev / cross-domain stress set,False
spoof_1242.png,1,VALID,-1.3193359,2.5546875,-0.90527344,-3.9049706,LCC-FASD external-dev / cross-domain stress set,False
spoof_1243.png,1,VALID,-1.3544922,2.3125,-0.70996094,-3.7145257,LCC-FASD external-dev / cross-domain stress set,False
spoof_1244.png,1,VALID,0.30908203,-0.11663818,-0.88671875,0.045247674,LCC-FASD external-dev / cross-domain stress set,True
spoof_1245.png,1,VALID,0.82666016,-0.5307617,-1.1806641,0.93733305,LCC-FASD external-dev / cross-domain stress set,True
spoof_1246.png,1,VALID,0.25854492,-0.9165039,-0.30908203,0.13276258,LCC-FASD external-dev / cross-domain stress set,True
spoof_1247.png,1,VALID,0.64453125,-1.0449219,-0.7163086,0.81856126,LCC-FASD external-dev / cross-domain stress set,True
spoof_1248.png,1,VALID,0.5390625,0.328125,-1.1542969,0.0062944293,LCC-FASD external-dev / cross-domain stress set,True
spoof_1249.png,1,VALID,0.10900879,-0.2758789,-0.3474121,-0.27313238,LCC-FASD external-dev / cross-domain stress set,True
spoof_1250.png,1,VALID,1.1640625,-1.4267578,-0.9111328,1.6069888,LCC-FASD external-dev / cross-domain stress set,True
spoof_1251.png,1,VALID,0.5629883,0.42211914,-1.3427734,-0.017164111,LCC-FASD external-dev / cross-domain stress set,True
spoof_1252.png,1,VALID,1.0986328,-1.1396484,-1.0966797,1.5234189,LCC-FASD external-dev / cross-domain stress set,True
spoof_1253.png,1,VALID,0.97216797,-0.36914062,-1.5410156,1.0714451,LCC-FASD external-dev / cross-domain stress set,True
spoof_1254.png,1,VALID,0.20959473,0.6796875,-1.0888672,-0.62759155,LCC-FASD external-dev / cross-domain stress set,False
spoof_1255.png,1,VALID,0.1541748,-0.6464844,-0.118652344,-0.19083288,LCC-FASD external-dev / cross-domain stress set,True
spoof_1256.png,1,VALID,0.9165039,-0.8017578,-0.9453125,1.0943182,LCC-FASD external-dev / cross-domain stress set,True
spoof_1257.png,1,VALID,-0.12164307,-0.73876953,0.27148438,-0.70364165,LCC-FASD external-dev / cross-domain stress set,False
spoof_1258.png,1,VALID,0.48950195,-0.31274414,-0.68359375,0.27743024,LCC-FASD external-dev / cross-domain stress set,True
spoof_1259.png,1,VALID,0.22192383,-0.60791016,-0.17614746,-0.10231817,LCC-FASD external-dev / cross-domain stress set,True
spoof_1260.png,1,VALID,0.11663818,0.5810547,-0.9482422,-0.66054887,LCC-FASD external-dev / cross-domain stress set,False
spoof_1261.png,1,VALID,0.42260742,0.9404297,-1.5449219,-0.5978308,LCC-FASD external-dev / cross-domain stress set,False
spoof_1262.png,1,VALID,1.2666016,-1.4697266,-1.3349609,1.9735296,LCC-FASD external-dev / cross-domain stress set,True
spoof_1263.png,1,VALID,-0.47607422,1.9589844,-1.1777344,-2.4775672,LCC-FASD external-dev / cross-domain stress set,False
spoof_1264.png,1,VALID,0.87353516,-1.3525391,-0.52490234,1.0358236,LCC-FASD external-dev / cross-domain stress set,True
spoof_1265.png,1,VALID,0.8588867,-0.16479492,-1.2050781,0.72109526,LCC-FASD external-dev / cross-domain stress set,True
spoof_1266.png,1,VALID,0.23693848,-0.90478516,-0.2927246,0.09643212,LCC-FASD external-dev / cross-domain stress set,True
spoof_1267.png,1,VALID,0.5600586,-0.33203125,-0.99121094,0.4751735,LCC-FASD external-dev / cross-domain stress set,True
spoof_1268.png,1,VALID,-0.7246094,1.8789062,-0.8154297,-2.6689167,LCC-FASD external-dev / cross-domain stress set,False
spoof_1269.png,1,VALID,-0.6855469,1.5019531,-0.70751953,-2.2916424,LCC-FASD external-dev / cross-domain stress set,False
spoof_1270.png,1,VALID,-1.3085938,3.1503906,-1.1123047,-4.4729705,LCC-FASD external-dev / cross-domain stress set,False
spoof_1271.png,1,VALID,-0.6533203,1.8886719,-0.734375,-2.6120605,LCC-FASD external-dev / cross-domain stress set,False
spoof_1272.png,1,VALID,-1.0888672,1.5019531,-0.2836914,-2.7458467,LCC-FASD external-dev / cross-domain stress set,False
spoof_1273.png,1,VALID,-1.1152344,2.8886719,-0.99609375,-4.0242505,LCC-FASD external-dev / cross-domain stress set,False
spoof_1274.png,1,VALID,-0.6977539,0.70214844,0.24243164,-1.8893791,LCC-FASD external-dev / cross-domain stress set,False
spoof_1275.png,1,VALID,-1.5449219,3.1230469,-0.88964844,-4.6858916,LCC-FASD external-dev / cross-domain stress set,False
spoof_1276.png,1,VALID,-1.6425781,2.4394531,-0.14794922,-4.154552,LCC-FASD external-dev / cross-domain stress set,False
spoof_1277.png,1,VALID,-1.2958984,2.34375,-0.4128418,-3.7012212,LCC-FASD external-dev / cross-domain stress set,False
spoof_1278.png,1,VALID,-1.2626953,2.8847656,-1.046875,-4.1668825,LCC-FASD external-dev / cross-domain stress set,False
spoof_1279.png,1,VALID,-0.65722656,2.375,-1.1972656,-3.0599313,LCC-FASD external-dev / cross-domain stress set,False
spoof_1280.png,1,VALID,-1.4443359,3.2578125,-1.0107422,-4.716053,LCC-FASD external-dev / cross-domain stress set,False
spoof_1281.png,1,VALID,-0.8886719,0.95751953,-0.019729614,-2.1656227,LCC-FASD external-dev / cross-domain stress set,False
spoof_1282.png,1,VALID,-1.3984375,3.578125,-1.1708984,-4.9851856,LCC-FASD external-dev / cross-domain stress set,False
spoof_1283.png,1,VALID,-1.0332031,1.8330078,-0.54785156,-2.9546533,LCC-FASD external-dev / cross-domain stress set,False
spoof_1284.png,1,VALID,-0.85546875,0.7392578,0.28442383,-2.0860963,LCC-FASD external-dev / cross-domain stress set,False
spoof_1285.png,1,VALID,-1.0791016,2.7558594,-1.0595703,-3.85675,LCC-FASD external-dev / cross-domain stress set,False
spoof_1286.png,1,VALID,-1.5205078,3.1386719,-0.5283203,-4.684412,LCC-FASD external-dev / cross-domain stress set,False
spoof_1287.png,1,VALID,-0.8198242,1.9033203,-0.74658203,-2.791418,LCC-FASD external-dev / cross-domain stress set,False
spoof_1288.png,1,VALID,-1.1542969,2.7421875,-1.0996094,-3.9177125,LCC-FASD external-dev / cross-domain stress set,False
spoof_1289.png,1,VALID,-0.27612305,1.015625,-0.9111328,-1.4276936,LCC-FASD external-dev / cross-domain stress set,False
spoof_1290.png,1,VALID,-0.58447266,0.8178711,-0.124816895,-1.7313448,LCC-FASD external-dev / cross-domain stress set,False
spoof_1291.png,1,VALID,0.7680664,-1.0966797,-0.80322266,1.0141442,LCC-FASD external-dev / cross-domain stress set,True
spoof_1292.png,1,VALID,0.0093688965,0.5107422,-0.94921875,-0.7102113,LCC-FASD external-dev / cross-domain stress set,False
spoof_1293.png,1,VALID,-0.6069336,1.7460938,-1.0761719,-2.410797,LCC-FASD external-dev / cross-domain stress set,False
spoof_1189.png,1,VALID,-0.66503906,-0.77490234,1.2138672,-2.0071797,LCC-FASD external-dev / cross-domain stress set,False
spoof_1190.png,1,VALID,0.22167969,-1.0605469,-0.16113281,0.041489273,LCC-FASD external-dev / cross-domain stress set,True
spoof_1191.png,1,VALID,-0.03326416,-0.79833984,0.034606934,-0.42887306,LCC-FASD external-dev / cross-domain stress set,True
spoof_1192.png,1,VALID,0.85058594,-1.7275391,-0.75146484,1.282298,LCC-FASD external-dev / cross-domain stress set,True
spoof_1193.png,1,VALID,-0.2512207,1.9472656,-1.3271484,-2.2356272,LCC-FASD external-dev / cross-domain stress set,False
spoof_1194.png,1,VALID,0.28930664,-0.8198242,-0.16564941,0.03633067,LCC-FASD external-dev / cross-domain stress set,True
spoof_1195.png,1,VALID,-0.2590332,0.6020508,-0.35717773,-1.1854752,LCC-FASD external-dev / cross-domain stress set,False
spoof_1196.png,1,VALID,-0.14404297,1.484375,-1.2060547,-1.6940669,LCC-FASD external-dev / cross-domain stress set,False
spoof_1197.png,1,VALID,-1.7128906,3.0058594,-0.89746094,-4.7387238,LCC-FASD external-dev / cross-domain stress set,False
spoof_1198.png,1,VALID,-1.6005859,2.8457031,-0.85498047,-4.4706955,LCC-FASD external-dev / cross-domain stress set,False
spoof_1199.png,1,VALID,-0.6274414,2.8378906,-1.3740234,-3.4800413,LCC-FASD external-dev / cross-domain stress set,False
spoof_1200.png,1,VALID,0.35351562,0.9169922,-1.5527344,-0.64469516,LCC-FASD external-dev / cross-domain stress set,False
spoof_1201.png,1,VALID,-1.4931641,2.5488281,-0.7832031,-4.0770893,LCC-FASD external-dev / cross-domain stress set,False
spoof_1202.png,1,VALID,-0.7705078,0.7871094,-0.13061523,-1.8936799,LCC-FASD external-dev / cross-domain stress set,False
spoof_1203.png,1,VALID,-0.045959473,1.7832031,-1.2431641,-1.876515,LCC-FASD external-dev / cross-domain stress set,False
spoof_1204.png,1,VALID,0.39331055,0.22961426,-1.2558594,-0.040382802,LCC-FASD external-dev / cross-domain stress set,True
spoof_1205.png,1,VALID,-0.50146484,2.1621094,-1.1220703,-2.7003605,LCC-FASD external-dev / cross-domain stress set,False
spoof_1206.png,1,VALID,0.22351074,0.8901367,-1.3701172,-0.76585937,LCC-FASD external-dev / cross-domain stress set,False
spoof_1207.png,1,VALID,-0.1595459,1.6113281,-1.4472656,-1.8167588,LCC-FASD external-dev / cross-domain stress set,False
spoof_1208.png,1,VALID,-0.90722656,3.0585938,-1.2509766,-3.97917,LCC-FASD external-dev / cross-domain stress set,False
spoof_1209.png,1,VALID,-0.2866211,0.85839844,-0.6538086,-1.3442171,LCC-FASD external-dev / cross-domain stress set,False
spoof_1210.png,1,VALID,-1.5986328,2.8046875,-0.83154297,-4.429331,LCC-FASD external-dev / cross-domain stress set,False
spoof_1211.png,1,VALID,0.91308594,0.20532227,-1.8769531,0.5902951,LCC-FASD external-dev / cross-domain stress set,True
spoof_1212.png,1,VALID,-0.60595703,2.7890625,-1.2744141,-3.4120626,LCC-FASD external-dev / cross-domain stress set,False
spoof_1213.png,1,VALID,-1.6123047,2.9257812,-0.92578125,-4.5591097,LCC-FASD external-dev / cross-domain stress set,False
spoof_1214.png,1,VALID,-0.32885742,0.5644531,-0.47045898,-1.1973021,LCC-FASD external-dev / cross-domain stress set,False
spoof_1215.png,1,VALID,0.1595459,0.17944336,-1.1044922,-0.26436815,LCC-FASD external-dev / cross-domain stress set,True
spoof_1216.png,1,VALID,0.25927734,0.25024414,-1.0351562,-0.23511994,LCC-FASD external-dev / cross-domain stress set,True
spoof_1217.png,1,VALID,-0.91503906,2.3339844,-1.0683594,-3.2817764,LCC-FASD external-dev / cross-domain stress set,False
spoof_1218.png,1,VALID,-0.71484375,1.5302734,-0.7866211,-2.339135,LCC-FASD external-dev / cross-domain stress set,False
spoof_1219.png,1,VALID,-0.7114258,1.359375,-0.4140625,-2.2275896,LCC-FASD external-dev / cross-domain stress set,False
spoof_1220.png,1,VALID,-1.2109375,1.9492188,-0.78515625,-3.2230697,LCC-FASD external-dev / cross-domain stress set,False
spoof_1221.png,1,VALID,-0.11633301,0.4025879,-0.8125,-0.7787311,LCC-FASD external-dev / cross-domain stress set,False
spoof_1222.png,1,VALID,-0.6977539,1.6630859,-0.90527344,-2.4347048,LCC-FASD external-dev / cross-domain stress set,False
spoof_1223.png,1,VALID,-0.765625,1.7089844,-0.63964844,-2.56582,LCC-FASD external-dev / cross-domain stress set,False
spoof_1224.png,1,VALID,-0.59228516,0.9946289,-0.68115234,-1.7584796,LCC-FASD external-dev / cross-domain stress set,False
spoof_1225.png,1,VALID,0.84765625,-0.75390625,-1.0595703,1.0496137,LCC-FASD external-dev / cross-domain stress set,True
spoof_1226.png,1,VALID,0.6801758,-0.2376709,-1.1337891,0.5755693,LCC-FASD external-dev / cross-domain stress set,True
spoof_1227.png,1,VALID,-0.98779297,1.8720703,-0.6694336,-2.9356642,LCC-FASD external-dev / cross-domain stress set,False
spoof_1228.png,1,VALID,-0.8286133,1.6542969,-0.61035156,-2.5817294,LCC-FASD external-dev / cross-domain stress set,False
spoof_1229.png,1,VALID,0.2939453,-0.09674072,-0.99902344,0.050191462,LCC-FASD external-dev / cross-domain stress set,True
spoof_1230.png,1,VALID,-1.0224609,2.3417969,-1.0068359,-3.3987873,LCC-FASD external-dev / cross-domain stress set,False
spoof_1231.png,1,VALID,-0.8535156,1.6357422,-0.8798828,-2.5669708,LCC-FASD external-dev / cross-domain stress set,False
spoof_1232.png,1,VALID,0.5678711,-0.90527344,-0.74902344,0.69882375,LCC-FASD external-dev / cross-domain stress set,True
spoof_1233.png,1,VALID,1.0488281,-1.2373047,-1.0771484,1.5097046,LCC-FASD external-dev / cross-domain stress set,True
spoof_1234.png,1,VALID,-0.4921875,1.1210938,-0.82177734,-1.747193,LCC-FASD external-dev / cross-domain stress set,False
spoof_1235.png,1,VALID,0.7475586,-0.15319824,-1.3828125,0.6442517,LCC-FASD external-dev / cross-domain stress set,True
spoof_1236.png,1,VALID,0.029678345,0.6743164,-1.1279297,-0.7972974,LCC-FASD external-dev / cross-domain stress set,False
spoof_1237.png,1,VALID,-1.3359375,2.7246094,-1.0214844,-4.0838823,LCC-FASD external-dev / cross-domain stress set,False
spoof_1238.png,1,VALID,-1.5449219,2.7636719,-0.6567383,-4.34077,LCC-FASD external-dev / cross-domain stress set,False
spoof_1133.png,1,VALID,1.2412109,-0.41088867,-1.5986328,1.3859669,LCC-FASD external-dev / cross-domain stress set,True
spoof_1134.png,1,VALID,-0.115722656,1.8408203,-1.4951172,-1.9915059,LCC-FASD external-dev / cross-domain stress set,False
spoof_1135.png,1,VALID,1.0351562,-0.33642578,-1.2109375,1.0229938,LCC-FASD external-dev / cross-domain stress set,True
spoof_1136.png,1,VALID,1.4091797,-1.09375,-1.2255859,1.8735294,LCC-FASD external-dev / cross-domain stress set,True
spoof_1137.png,1,VALID,-0.19934082,0.07080078,-0.1003418,-0.88137424,LCC-FASD external-dev / cross-domain stress set,False
spoof_1138.png,1,VALID,0.4477539,1.1142578,-1.7890625,-0.7198938,LCC-FASD external-dev / cross-domain stress set,False
spoof_1139.png,1,VALID,-0.50390625,1.28125,-0.7524414,-1.9081273,LCC-FASD external-dev / cross-domain stress set,False
spoof_1140.png,1,VALID,0.50439453,0.023468018,-1.1220703,0.20477113,LCC-FASD external-dev / cross-domain stress set,True
spoof_1141.png,1,VALID,0.2692871,0.29248047,-0.8017578,-0.3119707,LCC-FASD external-dev / cross-domain stress set,True
spoof_1142.png,1,VALID,-0.21228027,0.72998047,-0.77734375,-1.1423419,LCC-FASD external-dev / cross-domain stress set,False
spoof_1143.png,1,VALID,0.3017578,0.4050293,-0.82910156,-0.35875648,LCC-FASD external-dev / cross-domain stress set,True
spoof_1144.png,1,VALID,1.5732422,-0.9838867,-1.3466797,2.0290153,LCC-FASD external-dev / cross-domain stress set,True
spoof_1145.png,1,VALID,0.859375,-1.1865234,-0.4189453,0.89705515,LCC-FASD external-dev / cross-domain stress set,True
spoof_1146.png,1,VALID,0.8652344,0.044158936,-1.1523438,0.55698234,LCC-FASD external-dev / cross-domain stress set,True
spoof_1147.png,1,VALID,-0.036376953,0.31982422,-0.75390625,-0.650162,LCC-FASD external-dev / cross-domain stress set,False
spoof_1148.png,1,VALID,0.099487305,0.7182617,-1.0058594,-0.7828723,LCC-FASD external-dev / cross-domain stress set,False
spoof_1149.png,1,VALID,0.8691406,-0.31201172,-1.1513672,0.82208806,LCC-FASD external-dev / cross-domain stress set,True
spoof_1150.png,1,VALID,1.0380859,-0.022613525,-1.3847656,0.8326806,LCC-FASD external-dev / cross-domain stress set,True
spoof_1151.png,1,VALID,-0.07702637,0.4975586,-0.45117188,-0.9018956,LCC-FASD external-dev / cross-domain stress set,False
spoof_1152.png,1,VALID,-0.4033203,0.08630371,-0.10998535,-1.0894351,LCC-FASD external-dev / cross-domain stress set,False
spoof_1153.png,1,VALID,-1.5224609,3.0917969,-0.75439453,-4.635394,LCC-FASD external-dev / cross-domain stress set,False
spoof_1154.png,1,VALID,1.0195312,-1.3056641,-0.7915039,1.3422806,LCC-FASD external-dev / cross-domain stress set,True
spoof_1155.png,1,VALID,-1.4296875,2.7636719,-0.59814453,-4.227444,LCC-FASD external-dev / cross-domain stress set,False
spoof_1156.png,1,VALID,-1.2363281,2.8769531,-0.9765625,-4.134265,LCC-FASD external-dev / cross-domain stress set,False
spoof_1157.png,1,VALID,-0.76708984,0.7397461,0.044036865,-1.9114478,LCC-FASD external-dev / cross-domain stress set,False
spoof_1158.png,1,VALID,0.8178711,-0.8461914,-0.88916016,0.99216896,LCC-FASD external-dev / cross-domain stress set,True
spoof_1159.png,1,VALID,0.9741211,-0.96435547,-0.98876953,1.2574619,LCC-FASD external-dev / cross-domain stress set,True
spoof_1160.png,1,VALID,-0.9453125,0.7973633,0.13647461,-2.1590097,LCC-FASD external-dev / cross-domain stress set,False
spoof_1161.png,1,VALID,-0.9145508,0.5810547,0.23156738,-2.0291996,LCC-FASD external-dev / cross-domain stress set,False
spoof_1162.png,1,VALID,-0.4555664,0.9375,-0.4309082,-1.619813,LCC-FASD external-dev / cross-domain stress set,False
spoof_1163.png,1,VALID,-1.2636719,2.46875,-0.6254883,-3.7767348,LCC-FASD external-dev / cross-domain stress set,False
spoof_1164.png,1,VALID,-0.045715332,-0.34033203,-0.17321777,-0.48557448,LCC-FASD external-dev / cross-domain stress set,True
spoof_1165.png,1,VALID,0.40356445,-0.3791504,-0.50634766,0.15114528,LCC-FASD external-dev / cross-domain stress set,True
spoof_1166.png,1,VALID,-0.8046875,2.1210938,-0.9140625,-2.972729,LCC-FASD external-dev / cross-domain stress set,False
spoof_1167.png,1,VALID,-1.1875,2.3554688,-0.7207031,-3.5880716,LCC-FASD external-dev / cross-domain stress set,False
spoof_1168.png,1,VALID,-1.0996094,1.0820312,0.072021484,-2.49222,LCC-FASD external-dev / cross-domain stress set,False
spoof_1169.png,1,VALID,-0.3486328,0.37402344,-0.09454346,-1.2087169,LCC-FASD external-dev / cross-domain stress set,False
spoof_1170.png,1,VALID,0.6611328,-0.5415039,-0.6352539,0.5552663,LCC-FASD external-dev / cross-domain stress set,True
spoof_1171.png,1,VALID,-0.4321289,1.8730469,-1.1152344,-2.354322,LCC-FASD external-dev / cross-domain stress set,False
spoof_1172.png,1,VALID,-0.095825195,-0.22692871,-0.034484863,-0.6628878,LCC-FASD external-dev / cross-domain stress set,False
spoof_1173.png,1,VALID,-0.2019043,-0.79248047,0.2915039,-0.7847674,LCC-FASD external-dev / cross-domain stress set,False
spoof_1174.png,1,VALID,0.5048828,-1.0771484,-0.27856445,0.41190735,LCC-FASD external-dev / cross-domain stress set,True
spoof_1175.png,1,VALID,0.51171875,-1.5283203,-0.47827148,0.68994445,LCC-FASD external-dev / cross-domain stress set,True
spoof_1176.png,1,VALID,-0.06665039,1.6054688,-1.3496094,-1.7228831,LCC-FASD external-dev / cross-domain stress set,False
spoof_1177.png,1,VALID,-0.2590332,-0.96875,0.51464844,-0.9781441,LCC-FASD external-dev / cross-domain stress set,False
spoof_1178.png,1,VALID,-0.54541016,-0.50878906,0.66015625,-1.4761236,LCC-FASD external-dev / cross-domain stress set,False
spoof_1179.png,1,VALID,0.04434204,-0.6269531,-0.05709839,-0.34683353,LCC-FASD external-dev / cross-domain stress set,True
spoof_1180.png,1,VALID,-0.73876953,-1.0537109,1.0361328,-1.8915349,LCC-FASD external-dev / cross-domain stress set,False
spoof_1181.png,1,VALID,0.6333008,-1.2304688,-0.7441406,0.8981807,LCC-FASD external-dev / cross-domain stress set,True
spoof_1182.png,1,VALID,-0.6894531,-1.0537109,1.2314453,-2.0178056,LCC-FASD external-dev / cross-domain stress set,False
spoof_1183.png,1,VALID,-0.42358398,-1.1679688,0.76123047,-1.3204501,LCC-FASD external-dev / cross-domain stress set,False
spoof_1184.png,1,VALID,0.074157715,0.6616211,-0.9057617,-0.7769181,LCC-FASD external-dev / cross-domain stress set,False
spoof_1185.png,1,VALID,0.2286377,-0.6796875,-0.13537598,-0.093563825,LCC-FASD external-dev / cross-domain stress set,True
spoof_1186.png,1,VALID,0.9008789,0.57958984,-1.7714844,0.23029107,LCC-FASD external-dev / cross-domain stress set,True
spoof_1187.png,1,VALID,0.3400879,-1.5966797,-0.08337402,0.22446272,LCC-FASD external-dev / cross-domain stress set,True
spoof_1188.png,1,VALID,0.7363281,-1.8398438,-0.5776367,1.0647414,LCC-FASD external-dev / cross-domain stress set,True
spoof_1078.png,1,VALID,-0.8208008,-0.031799316,0.5053711,-1.7863773,LCC-FASD external-dev / cross-domain stress set,False
spoof_1079.png,1,VALID,-0.2619629,0.37817383,-0.40185547,-1.0174716,LCC-FASD external-dev / cross-domain stress set,False
spoof_1080.png,1,VALID,0.45166016,-0.014099121,-1.0195312,0.15395564,LCC-FASD external-dev / cross-domain stress set,True
spoof_1081.png,1,VALID,-1.4853516,2.9121094,-0.98535156,-4.417551,LCC-FASD external-dev / cross-domain stress set,False
spoof_1082.png,1,VALID,-0.26611328,0.28857422,-0.3918457,-0.96441305,LCC-FASD external-dev / cross-domain stress set,False
spoof_1083.png,1,VALID,-0.109680176,0.515625,-0.83496094,-0.85569316,LCC-FASD external-dev / cross-domain stress set,False
spoof_1084.png,1,VALID,-0.27197266,0.7944336,-0.6513672,-1.2779284,LCC-FASD external-dev / cross-domain stress set,False
spoof_1085.png,1,VALID,-0.4050293,-0.36132812,0.31469727,-1.1309316,LCC-FASD external-dev / cross-domain stress set,False
spoof_1086.png,1,VALID,-0.89941406,-0.20458984,0.6928711,-1.9341736,LCC-FASD external-dev / cross-domain stress set,False
spoof_1087.png,1,VALID,-0.9790039,2.0234375,-0.7558594,-3.0626726,LCC-FASD external-dev / cross-domain stress set,False
spoof_1088.png,1,VALID,-1.3955078,2.5117188,-0.74902344,-3.944869,LCC-FASD external-dev / cross-domain stress set,False
spoof_1089.png,1,VALID,0.90625,-1.5771484,-0.9042969,1.3982706,LCC-FASD external-dev / cross-domain stress set,True
spoof_1090.png,1,VALID,-0.25317383,2.6191406,-2.0039062,-2.8820894,LCC-FASD external-dev / cross-domain stress set,False
spoof_1091.png,1,VALID,0.42700195,0.8779297,-1.4257812,-0.5461356,LCC-FASD external-dev / cross-domain stress set,True
spoof_1092.png,1,VALID,0.76708984,-0.2775879,-1.203125,0.7108387,LCC-FASD external-dev / cross-domain stress set,True
spoof_1093.png,1,VALID,0.8222656,1.2841797,-1.9746094,-0.49962866,LCC-FASD external-dev / cross-domain stress set,True
spoof_1094.png,1,VALID,1.2265625,-0.49804688,-1.4589844,1.4006913,LCC-FASD external-dev / cross-domain stress set,True
spoof_1095.png,1,VALID,0.6308594,0.13513184,-1.3330078,0.28842592,LCC-FASD external-dev / cross-domain stress set,True
spoof_1096.png,1,VALID,0.5151367,1.3037109,-1.7617188,-0.8341534,LCC-FASD external-dev / cross-domain stress set,False
spoof_1097.png,1,VALID,0.85498047,0.65478516,-1.71875,0.11113107,LCC-FASD external-dev / cross-domain stress set,True
spoof_1098.png,1,VALID,1.0390625,0.21289062,-1.7246094,0.6915853,LCC-FASD external-dev / cross-domain stress set,True
spoof_1099.png,1,VALID,1.2558594,-1.6074219,-0.94677734,1.7862196,LCC-FASD external-dev / cross-domain stress set,True
spoof_1100.png,1,VALID,0.8618164,-0.6621094,-1.0205078,0.9940068,LCC-FASD external-dev / cross-domain stress set,True
spoof_1101.png,1,VALID,0.15686035,1.8369141,-1.7441406,-1.7075194,LCC-FASD external-dev / cross-domain stress set,False
spoof_1102.png,1,VALID,0.97802734,0.6748047,-1.7646484,0.21960926,LCC-FASD external-dev / cross-domain stress set,True
spoof_1103.png,1,VALID,0.26733398,1.8867188,-1.8398438,-1.643175,LCC-FASD external-dev / cross-domain stress set,False
spoof_1104.png,1,VALID,-0.22949219,1.8818359,-1.3066406,-2.1517353,LCC-FASD external-dev / cross-domain stress set,False
spoof_1105.png,1,VALID,1.2148438,-0.6411133,-1.2558594,1.4236695,LCC-FASD external-dev / cross-domain stress set,True
spoof_1106.png,1,VALID,0.8466797,0.0031051636,-1.25,0.5923362,LCC-FASD external-dev / cross-domain stress set,True
spoof_1107.png,1,VALID,0.41845703,0.8125,-1.4277344,-0.49518478,LCC-FASD external-dev / cross-domain stress set,True
spoof_1108.png,1,VALID,-0.76220703,2.9570312,-1.53125,-3.7304156,LCC-FASD external-dev / cross-domain stress set,False
spoof_1109.png,1,VALID,-0.010765076,1.96875,-1.7109375,-2.004433,LCC-FASD external-dev / cross-domain stress set,False
spoof_1110.png,1,VALID,-0.080322266,-1.0517578,0.6088867,-0.86317617,LCC-FASD external-dev / cross-domain stress set,False
spoof_1111.png,1,VALID,1.1083984,-1.8691406,-0.5253906,1.4019907,LCC-FASD external-dev / cross-domain stress set,True
spoof_1112.png,1,VALID,0.8330078,-0.47485352,-1.1455078,0.89484227,LCC-FASD external-dev / cross-domain stress set,True
spoof_1113.png,1,VALID,0.30859375,0.4296875,-1.0488281,-0.3264609,LCC-FASD external-dev / cross-domain stress set,True
spoof_1114.png,1,VALID,0.41870117,-1.890625,0.26489258,0.044198275,LCC-FASD external-dev / cross-domain stress set,True
spoof_1115.png,1,VALID,0.31347656,-1.9375,0.44091797,-0.2160905,LCC-FASD external-dev / cross-domain stress set,True
spoof_1116.png,1,VALID,-1.2861328,2.2558594,-0.89453125,-3.5839355,LCC-FASD external-dev / cross-domain stress set,False
spoof_1117.png,1,VALID,-0.34228516,-1.4189453,0.9169922,-1.351601,LCC-FASD external-dev / cross-domain stress set,False
spoof_1118.png,1,VALID,-0.95410156,1.7080078,-0.7597656,-2.7434807,LCC-FASD external-dev / cross-domain stress set,False
spoof_1119.png,1,VALID,-0.86083984,2.2714844,-1.1591797,-3.164177,LCC-FASD external-dev / cross-domain stress set,False
spoof_1120.png,1,VALID,-1.5117188,2.1113281,-0.25854492,-3.7124238,LCC-FASD external-dev / cross-domain stress set,False
spoof_1121.png,1,VALID,-0.04446411,0.09790039,-0.6826172,-0.51954585,LCC-FASD external-dev / cross-domain stress set,True
spoof_1122.png,1,VALID,-0.8339844,1.5722656,-0.6772461,-2.506503,LCC-FASD external-dev / cross-domain stress set,False
spoof_1123.png,1,VALID,0.03111267,0.24853516,-0.81933594,-0.5128789,LCC-FASD external-dev / cross-domain stress set,True
spoof_1124.png,1,VALID,-1.4111328,3.0898438,-1.1103516,-4.5158577,LCC-FASD external-dev / cross-domain stress set,False
spoof_1125.png,1,VALID,-0.9560547,1.1972656,-0.28710938,-2.3576021,LCC-FASD external-dev / cross-domain stress set,False
spoof_1126.png,1,VALID,0.52978516,-0.50634766,-1.2158203,0.63607997,LCC-FASD external-dev / cross-domain stress set,True
spoof_1127.png,1,VALID,-0.50390625,1.3095703,-0.91796875,-1.9158466,LCC-FASD external-dev / cross-domain stress set,False
spoof_1128.png,1,VALID,-0.97998047,2.1542969,-0.921875,-3.1793802,LCC-FASD external-dev / cross-domain stress set,False
spoof_1129.png,1,VALID,-1.2011719,1.4238281,-0.04626465,-2.8319364,LCC-FASD external-dev / cross-domain stress set,False
spoof_1130.png,1,VALID,0.28442383,-1.0957031,-0.08618164,0.059895664,LCC-FASD external-dev / cross-domain stress set,True
spoof_1131.png,1,VALID,0.8305664,-0.30859375,-0.86035156,0.68431044,LCC-FASD external-dev / cross-domain stress set,True
spoof_1132.png,1,VALID,1.0302734,-0.6635742,-1.0869141,1.1901337,LCC-FASD external-dev / cross-domain stress set,True
spoof_1025.png,1,VALID,0.37817383,-0.7788086,-0.49487305,0.31182367,LCC-FASD external-dev / cross-domain stress set,True
spoof_1026.png,1,VALID,0.13708496,-0.80078125,-0.09741211,-0.16757229,LCC-FASD external-dev / cross-domain stress set,True
spoof_1027.png,1,VALID,0.5283203,-0.7270508,-0.5708008,0.4810503,LCC-FASD external-dev / cross-domain stress set,True
spoof_1028.png,1,VALID,0.6635742,-0.88720703,-0.609375,0.70910007,LCC-FASD external-dev / cross-domain stress set,True
spoof_1029.png,1,VALID,-0.15234375,0.0925293,-0.32836914,-0.74955386,LCC-FASD external-dev / cross-domain stress set,False
spoof_1030.png,1,VALID,-0.68066406,0.7504883,-0.48339844,-1.6866924,LCC-FASD external-dev / cross-domain stress set,False
spoof_1031.png,1,VALID,-0.40039062,0.36572266,-0.39672852,-1.1490066,LCC-FASD external-dev / cross-domain stress set,False
spoof_1032.png,1,VALID,1.6142578,-0.7421875,-1.6845703,2.0273588,LCC-FASD external-dev / cross-domain stress set,True
spoof_1033.png,1,VALID,1.2490234,-1.8076172,-1.0458984,1.9117956,LCC-FASD external-dev / cross-domain stress set,True
spoof_1034.png,1,VALID,0.9609375,-0.08532715,-1.5712891,0.8422758,LCC-FASD external-dev / cross-domain stress set,True
spoof_1035.png,1,VALID,-0.012306213,-0.03652954,-0.4807129,-0.47129446,LCC-FASD external-dev / cross-domain stress set,True
spoof_1036.png,1,VALID,-0.59765625,0.73828125,-0.49658203,-1.5912573,LCC-FASD external-dev / cross-domain stress set,False
spoof_1037.png,1,VALID,0.34692383,-0.23986816,-0.93603516,0.18233249,LCC-FASD external-dev / cross-domain stress set,True
spoof_1038.png,1,VALID,1.7373047,-0.07220459,-2.3417969,1.7111543,LCC-FASD external-dev / cross-domain stress set,True
spoof_1039.png,1,VALID,-0.4248047,0.30981445,-0.2956543,-1.1701727,LCC-FASD external-dev / cross-domain stress set,False
spoof_1040.png,1,VALID,-0.7753906,1.0029297,-0.43286133,-1.9917586,LCC-FASD external-dev / cross-domain stress set,False
spoof_1041.png,1,VALID,-0.49951172,0.40673828,-0.42871094,-1.2664943,LCC-FASD external-dev / cross-domain stress set,False
spoof_1042.png,1,VALID,0.5541992,0.50146484,-1.4150391,-0.08452046,LCC-FASD external-dev / cross-domain stress set,True
spoof_1043.png,1,VALID,-0.006500244,-0.7348633,-0.080566406,-0.3445174,LCC-FASD external-dev / cross-domain stress set,True
spoof_1044.png,1,VALID,0.47973633,0.5493164,-1.4355469,-0.19832456,LCC-FASD external-dev / cross-domain stress set,True
spoof_1045.png,1,VALID,1.0556641,-1.2792969,-1.2197266,1.6115851,LCC-FASD external-dev / cross-domain stress set,True
spoof_1046.png,1,VALID,0.34423828,0.046783447,-0.89941406,-0.030563444,LCC-FASD external-dev / cross-domain stress set,True
spoof_1047.png,1,VALID,1.0087891,0.03869629,-1.6337891,0.79800695,LCC-FASD external-dev / cross-domain stress set,True
spoof_1048.png,1,VALID,-0.31689453,0.2232666,-0.42114258,-0.96213764,LCC-FASD external-dev / cross-domain stress set,False
spoof_1049.png,1,VALID,0.86376953,-0.3918457,-1.2890625,0.9136561,LCC-FASD external-dev / cross-domain stress set,True
spoof_1050.png,1,VALID,-0.8823242,1.2373047,-0.40893555,-2.29591,LCC-FASD external-dev / cross-domain stress set,False
spoof_1051.png,1,VALID,1.0800781,-0.00015163422,-1.5917969,0.8949207,LCC-FASD external-dev / cross-domain stress set,True
spoof_1052.png,1,VALID,0.42089844,1.078125,-1.6494141,-0.72055805,LCC-FASD external-dev / cross-domain stress set,False
spoof_1053.png,1,VALID,0.5126953,0.7680664,-1.2294922,-0.38259047,LCC-FASD external-dev / cross-domain stress set,True
spoof_1054.png,1,VALID,1.0107422,-2.3066406,-0.35083008,1.2292731,LCC-FASD external-dev / cross-domain stress set,True
spoof_1055.png,1,VALID,1.6669922,-1.6269531,-1.4570312,2.5122323,LCC-FASD external-dev / cross-domain stress set,True
spoof_1056.png,1,VALID,0.61083984,-2.1875,0.04421997,0.46465582,LCC-FASD external-dev / cross-domain stress set,True
spoof_1057.png,1,VALID,1.8886719,-1.4101562,-1.8417969,2.7983906,LCC-FASD external-dev / cross-domain stress set,True
spoof_1058.png,1,VALID,1.4580078,-0.5517578,-1.6640625,1.7254891,LCC-FASD external-dev / cross-domain stress set,True
spoof_1059.png,1,VALID,0.02130127,1.4716797,-1.1865234,-1.5181063,LCC-FASD external-dev / cross-domain stress set,False
spoof_1060.png,1,VALID,0.31445312,0.29345703,-0.92285156,-0.23853493,LCC-FASD external-dev / cross-domain stress set,True
spoof_1061.png,1,VALID,1.6279297,-1.7587891,-1.4921875,2.5514123,LCC-FASD external-dev / cross-domain stress set,True
spoof_1062.png,1,VALID,0.80126953,-2.0898438,-0.20043945,0.8609373,LCC-FASD external-dev / cross-domain stress set,True
spoof_1063.png,1,VALID,1.5302734,-1.1357422,-1.4179688,2.104058,LCC-FASD external-dev / cross-domain stress set,True
spoof_1064.png,1,VALID,0.7949219,-1.9570312,-0.16455078,0.8054249,LCC-FASD external-dev / cross-domain stress set,True
spoof_1065.png,1,VALID,1.0634766,-0.3581543,-1.3085938,1.0947969,LCC-FASD external-dev / cross-domain stress set,True
spoof_1066.png,1,VALID,1.3134766,-1.1445312,-1.2392578,1.8111026,LCC-FASD external-dev / cross-domain stress set,True
spoof_1067.png,1,VALID,1.1054688,-2.4316406,-0.4543457,1.4301527,LCC-FASD external-dev / cross-domain stress set,True
spoof_1068.png,1,VALID,1.0585938,-2.1777344,-0.5522461,1.4311756,LCC-FASD external-dev / cross-domain stress set,True
spoof_1069.png,1,VALID,-1.2910156,2.3066406,-0.68359375,-3.646709,LCC-FASD external-dev / cross-domain stress set,False
spoof_1070.png,1,VALID,-1.4130859,2.3867188,-0.6611328,-3.8461735,LCC-FASD external-dev / cross-domain stress set,False
spoof_1071.png,1,VALID,0.49682617,-0.025482178,-0.90234375,0.17441115,LCC-FASD external-dev / cross-domain stress set,True
spoof_1072.png,1,VALID,-1.4951172,2.5722656,-0.73046875,-4.103505,LCC-FASD external-dev / cross-domain stress set,False
spoof_1073.png,1,VALID,0.73339844,-1.1640625,-0.63378906,0.9044326,LCC-FASD external-dev / cross-domain stress set,True
spoof_1074.png,1,VALID,-0.7993164,1.2822266,-0.41748047,-2.2493744,LCC-FASD external-dev / cross-domain stress set,False
spoof_1075.png,1,VALID,-1.3447266,2.2167969,-0.6118164,-3.618938,LCC-FASD external-dev / cross-domain stress set,False
spoof_1076.png,1,VALID,-0.20788574,0.74853516,-0.7236328,-1.1629696,LCC-FASD external-dev / cross-domain stress set,False
spoof_1077.png,1,VALID,-1.4443359,2.1855469,-0.5214844,-3.6944852,LCC-FASD external-dev / cross-domain stress set,False
spoof_1000.png,1,VALID,-1.0185547,2.296875,-0.61279297,-3.3684905,LCC-FASD external-dev / cross-domain stress set,False
spoof_1001.png,1,VALID,-1.359375,1.6962891,-0.12585449,-3.2055302,LCC-FASD external-dev / cross-domain stress set,False
spoof_1002.png,1,VALID,-0.71240234,0.19702148,0.46240234,-1.744039,LCC-FASD external-dev / cross-domain stress set,False
spoof_1003.png,1,VALID,-0.1270752,2.4394531,-1.6699219,-2.582813,LCC-FASD external-dev / cross-domain stress set,False
spoof_1004.png,1,VALID,0.9086914,0.16064453,-1.5576172,0.58305997,LCC-FASD external-dev / cross-domain stress set,True
spoof_1005.png,1,VALID,-1.1630859,1.1445312,0.28076172,-2.659379,LCC-FASD external-dev / cross-domain stress set,False
spoof_1006.png,1,VALID,-0.8334961,2.7578125,-1.1552734,-3.6110904,LCC-FASD external-dev / cross-domain stress set,False
spoof_1007.png,1,VALID,1.9863281,-1.4707031,-1.8876953,2.9508004,LCC-FASD external-dev / cross-domain stress set,True
spoof_1008.png,1,VALID,-0.44091797,1.6757812,-0.9790039,-2.1846514,LCC-FASD external-dev / cross-domain stress set,False
spoof_1009.png,1,VALID,0.8925781,0.5644531,-1.8017578,0.23843461,LCC-FASD external-dev / cross-domain stress set,True
spoof_1010.png,1,VALID,0.2199707,1.2382812,-1.4658203,-1.0830963,LCC-FASD external-dev / cross-domain stress set,False
spoof_1011.png,1,VALID,-1.4736328,2.6171875,-0.50097656,-4.134108,LCC-FASD external-dev / cross-domain stress set,False
spoof_1012.png,1,VALID,-0.9277344,1.171875,-0.20788574,-2.324063,LCC-FASD external-dev / cross-domain stress set,False
spoof_1013.png,1,VALID,0.68115234,-0.21484375,-1.1376953,0.561394,LCC-FASD external-dev / cross-domain stress set,True
spoof_1014.png,1,VALID,-0.6748047,1.1230469,-0.62890625,-1.9577868,LCC-FASD external-dev / cross-domain stress set,False
spoof_1015.png,1,VALID,0.98876953,-0.6123047,-1.140625,1.1375953,LCC-FASD external-dev / cross-domain stress set,True
spoof_1016.png,1,VALID,1.125,-1.1757812,-0.93847656,1.481959,LCC-FASD external-dev / cross-domain stress set,True
spoof_1017.png,1,VALID,-0.73046875,1.0761719,-0.4230957,-2.0081875,LCC-FASD external-dev / cross-domain stress set,False
spoof_1018.png,1,VALID,-0.75878906,1.2021484,-0.42871094,-2.1397204,LCC-FASD external-dev / cross-domain stress set,False
spoof_1019.png,1,VALID,-0.85595703,0.32055664,0.20825195,-1.8150842,LCC-FASD external-dev / cross-domain stress set,False
spoof_1020.png,1,VALID,1.4853516,-1.078125,-1.5136719,2.0645752,LCC-FASD external-dev / cross-domain stress set,True
spoof_1021.png,1,VALID,1.2939453,-1.0410156,-1.3447266,1.7821832,LCC-FASD external-dev / cross-domain stress set,True
spoof_1022.png,1,VALID,-0.4892578,0.5727539,-0.20690918,-1.4394617,LCC-FASD external-dev / cross-domain stress set,False
spoof_1023.png,1,VALID,0.053497314,0.4975586,-1.0537109,-0.6363156,LCC-FASD external-dev / cross-domain stress set,False
spoof_1024.png,1,VALID,0.86083984,-1.4130859,-0.6484375,1.1270826,LCC-FASD external-dev / cross-domain stress set,True
YOUTUBE_TP300LA_SGS7E_id48_s1_45.png,1,VALID,-0.84765625,1.1308594,-0.46850586,-2.162523,LCC-FASD external-dev / cross-domain stress set,False
YOUTUBE_TP300LA_SGS7E_id48_s1_60.png,1,VALID,-0.5449219,0.94189453,-0.5751953,-1.6851337,LCC-FASD external-dev / cross-domain stress set,False
YOUTUBE_TP300LA_SGS7E_id48_s1_75.png,1,VALID,-1.0957031,1.9716797,-0.7861328,-3.1288826,LCC-FASD external-dev / cross-domain stress set,False
YOUTUBE_TP300LA_SGS7E_id48_s1_90.png,1,VALID,-0.6152344,1.2480469,-0.7338867,-1.99238,LCC-FASD external-dev / cross-domain stress set,False
YOUTUBE_VSUNKNOWN_REDMIN5A_id48_s0_15.png,1,VALID,-0.7089844,2.2148438,-1.1162109,-2.958959,LCC-FASD external-dev / cross-domain stress set,False
YOUTUBE_VSUNKNOWN_REDMIN5A_id48_s0_30.png,1,VALID,-1.2089844,2.7851562,-1.1035156,-4.014406,LCC-FASD external-dev / cross-domain stress set,False
YOUTUBE_VSUNKNOWN_REDMIN5A_id48_s0_45.png,1,VALID,-1.2539062,3.0410156,-1.1210938,-4.3103766,LCC-FASD external-dev / cross-domain stress set,False
YOUTUBE_VSUNKNOWN_REDMIN5A_id48_s0_60.png,1,VALID,-0.40014648,1.9697266,-1.3164062,-2.406589,LCC-FASD external-dev / cross-domain stress set,False
YOUTUBE_VSUNKNOWN_REDMIN5A_id48_s0_75.png,1,VALID,-0.19030762,0.96875,-1.0185547,-1.2875074,LCC-FASD external-dev / cross-domain stress set,False
YOUTUBE_VSUNKNOWN_REDMIN5A_id48_s0_90.png,1,VALID,-0.31225586,1.3808594,-1.0488281,-1.7775155,LCC-FASD external-dev / cross-domain stress set,False
YOUTUBE_VSUNKNOWN_REDMIN5A_id48_s0_105.png,1,VALID,-0.37646484,1.8134766,-1.3164062,-2.2327354,LCC-FASD external-dev / cross-domain stress set,False
YOUTUBE_VSUNKNOWN_REDMIN5A_id48_s0_120.png,1,VALID,0.09698486,0.3930664,-0.83447266,-0.5530565,LCC-FASD external-dev / cross-domain stress set,True
YOUTUBE_VSUNKNOWN_REDMIN5A_id48_s0_135.png,1,VALID,-0.38208008,1.1748047,-0.8876953,-1.6765645,LCC-FASD external-dev / cross-domain stress set,False
YOUTUBE_VSUNKNOWN_REDMIN5A_id48_s0_150.png,1,VALID,0.4243164,-0.030548096,-0.95410156,0.12046194,LCC-FASD external-dev / cross-domain stress set,True
YOUTUBE_VSVA2231WA_MEIZUM3S_id48_s0_15.png,1,VALID,-1.2724609,2.8964844,-1.2089844,-4.185293,LCC-FASD external-dev / cross-domain stress set,False
YOUTUBE_VSVA2231WA_MEIZUM3S_id48_s0_30.png,1,VALID,-1.6328125,3.4238281,-1.2060547,-5.066349,LCC-FASD external-dev / cross-domain stress set,False
YOUTUBE_VSVA2231WA_MEIZUM3S_id48_s0_45.png,1,VALID,-1.6191406,2.8417969,-0.86279297,-4.4852495,LCC-FASD external-dev / cross-domain stress set,False
YOUTUBE_VSVA2231WA_MEIZUM3S_id48_s0_60.png,1,VALID,-1.4072266,2.2167969,-0.63378906,-3.6802247,LCC-FASD external-dev / cross-domain stress set,False
YOUTUBE_VSVA2231WA_MEIZUM3S_id48_s0_75.png,1,VALID,-1.7724609,2.5390625,-0.42260742,-4.3619623,LCC-FASD external-dev / cross-domain stress set,False
YOUTUBE_VSVA2231WA_MEIZUM3S_id48_s0_90.png,1,VALID,-1.5087891,2.4707031,-0.60253906,-4.0247245,LCC-FASD external-dev / cross-domain stress set,False
YOUTUBE_VSVA2231WA_MEIZUM3S_id48_s0_105.png,1,VALID,-1.3876953,2.875,-1.0673828,-4.2819114,LCC-FASD external-dev / cross-domain stress set,False
YOUTUBE_VSVA2231WA_MEIZUM3S_id48_s0_120.png,1,VALID,-1.6152344,2.2265625,-0.39819336,-3.9117496,LCC-FASD external-dev / cross-domain stress set,False
YOUTUBE_VSVA2231WA_MEIZUM3S_id48_s0_135.png,1,VALID,-1.5527344,2.2089844,-0.47143555,-3.8280067,LCC-FASD external-dev / cross-domain stress set,False
YOUTUBE_VSVA2231WA_MEIZUM3S_id48_s0_150.png,1,VALID,-1.5205078,2.3671875,-0.5732422,-3.9391894,LCC-FASD external-dev / cross-domain stress set,False
YOUTUBE_VX2363SMHL_LGL90_id39_s0_16.png,1,VALID,0.30126953,1.7724609,-1.8144531,-1.4984988,LCC-FASD external-dev / cross-domain stress set,False
YOUTUBE_VX2363SMHL_LGL90_id39_s0_35.png,1,VALID,1.1347656,0.33129883,-1.7929688,0.6905664,LCC-FASD external-dev / cross-domain stress set,True
YOUTUBE_VX2363SMHL_LGL90_id39_s0_50.png,1,VALID,0.765625,1.1699219,-2.046875,-0.44359767,LCC-FASD external-dev / cross-domain stress set,True
YOUTUBE_VX2363SMHL_LGL90_id43_s0_15.png,1,VALID,-0.4309082,0.8022461,-0.71533203,-1.4313838,LCC-FASD external-dev / cross-domain stress set,False
YOUTUBE_VX2363SMHL_LGL90_id43_s0_30.png,1,VALID,0.039978027,0.4584961,-0.87597656,-0.652243,LCC-FASD external-dev / cross-domain stress set,False
YOUTUBE_VX2363SMHL_LGL90_id43_s0_47.png,1,VALID,-0.37329102,1.1533203,-0.93066406,-1.6438906,LCC-FASD external-dev / cross-domain stress set,False
YOUTUBE_VX2363SMHL_LGL90_id43_s0_62.png,1,VALID,0.34838867,-0.92626953,-0.4140625,0.29296532,LCC-FASD external-dev / cross-domain stress set,True
YOUTUBE_VX2363SMHL_LGL90_id43_s0_77.png,1,VALID,0.76171875,-1.7207031,-0.29956055,0.84500885,LCC-FASD external-dev / cross-domain stress set,True
YOUTUBE_VX2363SMHL_LGL90_id43_s0_92.png,1,VALID,1.0136719,-1.4648438,-0.81591797,1.409166,LCC-FASD external-dev / cross-domain stress set,True
YOUTUBE_VX2363SMHL_LGL90_id43_s0_110.png,1,VALID,1.3408203,-1.9931641,-0.70410156,1.8015609,LCC-FASD external-dev / cross-domain stress set,True
YOUTUBE_VX2363SMHL_LGL90_id43_s0_125.png,1,VALID,0.42089844,-0.61816406,-0.8388672,0.45019042,LCC-FASD external-dev / cross-domain stress set,True
YOUTUBE_VX2363SMHL_LGL90_id43_s0_140.png,1,VALID,0.609375,-1.2294922,-0.54052734,0.7430413,LCC-FASD external-dev / cross-domain stress set,True
YOUTUBE_VX2363SMHL_LGL90_id43_s0_155.png,1,VALID,-0.042114258,0.24682617,-0.72021484,-0.61117345,LCC-FASD external-dev / cross-domain stress set,False
YOUTUBE_VX2363SMHL_LGL90_id43_s1_15.png,1,VALID,1.7333984,-2.0273438,-1.6035156,2.833393,LCC-FASD external-dev / cross-domain stress set,True
YOUTUBE_VX2363SMHL_LGL90_id43_s1_30.png,1,VALID,1.4375,-1.7402344,-1.2392578,2.2030494,LCC-FASD external-dev / cross-domain stress set,True
YOUTUBE_VX2363SMHL_LGL90_id43_s1_45.png,1,VALID,1.7822266,-2.1347656,-1.5595703,2.8954492,LCC-FASD external-dev / cross-domain stress set,True
YOUTUBE_VX2363SMHL_LGL90_id43_s1_60.png,1,VALID,1.7431641,-1.8945312,-1.5488281,2.7568316,LCC-FASD external-dev / cross-domain stress set,True
YOUTUBE_VX2363SMHL_LGL90_id43_s1_75.png,1,VALID,1.7431641,-2.0019531,-1.6601562,2.866539,LCC-FASD external-dev / cross-domain stress set,True
YOUTUBE_VX2363SMHL_LGL90_id43_s1_90.png,1,VALID,1.5146484,-2.2597656,-1.0351562,2.292165,LCC-FASD external-dev / cross-domain stress set,True
YOUTUBE_VX2363SMHL_LGL90_id43_s1_105.png,1,VALID,1.7050781,-1.6367188,-1.6777344,2.6689472,LCC-FASD external-dev / cross-domain stress set,True
YOUTUBE_VX2363SMHL_LGL90_id43_s1_120.png,1,VALID,1.7275391,-2.1640625,-1.3193359,2.6894279,LCC-FASD external-dev / cross-domain stress set,True
YOUTUBE_VX2363SMHL_LGL90_id43_s1_135.png,1,VALID,1.4765625,-1.6289062,-1.5087891,2.3504605,LCC-FASD external-dev / cross-domain stress set,True
YOUTUBE_VX2363SMHL_LGL90_id43_s1_150.png,1,VALID,1.4609375,-2.4179688,-1.0810547,2.3087754,LCC-FASD external-dev / cross-domain stress set,True
YOUTUBE_VX2363SMHL_LGL90_id48_s1_15.png,1,VALID,1.1044922,-1.5654297,-1.0458984,1.6836427,LCC-FASD external-dev / cross-domain stress set,True
YOUTUBE_VX2363SMHL_LGL90_id48_s1_30.png,1,VALID,0.60302734,-1.5839844,-0.35253906,0.69947535,LCC-FASD external-dev / cross-domain stress set,True
YOUTUBE_VX2363SMHL_LGL90_id48_s1_45.png,1,VALID,1.0966797,-1.4990234,-0.81640625,1.5040984,LCC-FASD external-dev / cross-domain stress set,True
YOUTUBE_VX2363SMHL_LGL90_id48_s1_105.png,1,VALID,0.19604492,-1.0869141,-0.121520996,-0.00512138,LCC-FASD external-dev / cross-domain stress set,True
YOUTUBE_VX2363SMHL_LGL90_id48_s1_120.png,1,VALID,0.55566406,-1.2304688,-0.4296875,0.614493,LCC-FASD external-dev / cross-domain stress set,True
YOUTUBE_VX2363SMHL_LGL90_id48_s1_135.png,1,VALID,0.66748047,-1.2246094,-0.6113281,0.84600663,LCC-FASD external-dev / cross-domain stress set,True
YOUTUBE_VX2363SMHL_LGL90_id48_s1_150.png,1,VALID,0.6713867,-1.7929688,-0.28295898,0.754751,LCC-FASD external-dev / cross-domain stress set,True
YOUTUBE_TFT22W90PS_SA5100_id43_s0_15.png,1,VALID,-1.4287109,1.7197266,-0.10211182,-3.298346,LCC-FASD external-dev / cross-domain stress set,False
YOUTUBE_TFT22W90PS_SA5100_id43_s0_30.png,1,VALID,-0.89990234,1.4453125,-0.5551758,-2.4720845,LCC-FASD external-dev / cross-domain stress set,False
YOUTUBE_TFT22W90PS_SA5100_id43_s0_45.png,1,VALID,-1.0898438,1.6728516,-0.40014648,-2.8811963,LCC-FASD external-dev / cross-domain stress set,False
YOUTUBE_TFT22W90PS_SA5100_id43_s0_60.png,1,VALID,-1.2724609,1.5273438,-0.093811035,-2.9801831,LCC-FASD external-dev / cross-domain stress set,False
YOUTUBE_TFT22W90PS_SA5100_id43_s0_75.png,1,VALID,-1.3144531,1.7177734,-0.1517334,-3.175634,LCC-FASD external-dev / cross-domain stress set,False
YOUTUBE_TFT22W90PS_SA5100_id43_s0_90.png,1,VALID,-1.3808594,0.79833984,0.51953125,-2.7426276,LCC-FASD external-dev / cross-domain stress set,False
YOUTUBE_TFT22W90PS_SA5100_id43_s0_135.png,1,VALID,-1.3916016,1.5185547,0.13842773,-3.1345363,LCC-FASD external-dev / cross-domain stress set,False
YOUTUBE_TFT22W90PS_SA5100_id43_s0_150.png,1,VALID,-1.2734375,1.7236328,-0.15161133,-3.1397128,LCC-FASD external-dev / cross-domain stress set,False
YOUTUBE_TFT22W90PS_SA5100_id43_s1_15.png,1,VALID,-0.7294922,2.2636719,-1.1708984,-3.0248945,LCC-FASD external-dev / cross-domain stress set,False
YOUTUBE_TFT22W90PS_SA5100_id43_s1_30.png,1,VALID,-0.9042969,2.4472656,-1.1328125,-3.3790545,LCC-FASD external-dev / cross-domain stress set,False
YOUTUBE_TFT22W90PS_SA5100_id43_s1_45.png,1,VALID,-0.6855469,2.2910156,-1.1962891,-3.0066874,LCC-FASD external-dev / cross-domain stress set,False
YOUTUBE_TFT22W90PS_SA5100_id43_s1_60.png,1,VALID,-0.91259766,2.5703125,-1.3144531,-3.5032544,LCC-FASD external-dev / cross-domain stress set,False
YOUTUBE_TFT22W90PS_SA5100_id43_s1_75.png,1,VALID,-1.0458984,2.4667969,-1.1650391,-3.5388186,LCC-FASD external-dev / cross-domain stress set,False
YOUTUBE_TFT22W90PS_SA5100_id43_s1_90.png,1,VALID,-0.98339844,2.4628906,-1.0927734,-3.4744513,LCC-FASD external-dev / cross-domain stress set,False
YOUTUBE_TFT22W90PS_SA5100_id43_s1_105.png,1,VALID,-0.8466797,2.7753906,-1.4511719,-3.6365674,LCC-FASD external-dev / cross-domain stress set,False
YOUTUBE_TFT22W90PS_SA5100_id43_s1_120.png,1,VALID,-0.79589844,2.2421875,-1.0839844,-3.073386,LCC-FASD external-dev / cross-domain stress set,False
YOUTUBE_TFT22W90PS_SA5100_id43_s1_135.png,1,VALID,-0.9448242,1.9697266,-0.8256836,-2.9738472,LCC-FASD external-dev / cross-domain stress set,False
YOUTUBE_TFT22W90PS_SA5100_id43_s1_150.png,1,VALID,-0.95166016,2.46875,-1.0390625,-3.4499326,LCC-FASD external-dev / cross-domain stress set,False
YOUTUBE_TFT22W90PS_SA5100_id48_s1_15.png,1,VALID,-0.4946289,1.9091797,-1.4355469,-2.4384708,LCC-FASD external-dev / cross-domain stress set,False
YOUTUBE_TFT22W90PS_SA5100_id48_s1_30.png,1,VALID,-0.96533203,1.9208984,-0.7675781,-2.9520037,LCC-FASD external-dev / cross-domain stress set,False
YOUTUBE_TFT22W90PS_SA5100_id48_s1_45.png,1,VALID,-0.6948242,1.1308594,-0.40942383,-2.0198681,LCC-FASD external-dev / cross-domain stress set,False
YOUTUBE_TFT22W90PS_SA5100_id48_s1_60.png,1,VALID,-0.57177734,1.6132812,-0.93896484,-2.2600794,LCC-FASD external-dev / cross-domain stress set,False
YOUTUBE_TFT22W90PS_SA5100_id48_s1_75.png,1,VALID,-0.7446289,1.4824219,-0.74902344,-2.3290415,LCC-FASD external-dev / cross-domain stress set,False
YOUTUBE_TFT22W90PS_SA5100_id48_s1_90.png,1,VALID,-0.3413086,1.6259766,-1.1826172,-2.0258274,LCC-FASD external-dev / cross-domain stress set,False
YOUTUBE_TFT22W90PS_SA5100_id48_s1_105.png,1,VALID,-0.86279297,2.1054688,-1.1210938,-3.0071878,LCC-FASD external-dev / cross-domain stress set,False
YOUTUBE_TFT22W90PS_SA5100_id48_s1_120.png,1,VALID,-0.61279297,1.8603516,-1.2675781,-2.5160205,LCC-FASD external-dev / cross-domain stress set,False
YOUTUBE_TFT22W90PS_SA5100_id48_s1_135.png,1,VALID,-0.84814453,2.0,-1.0556641,-2.8941607,LCC-FASD external-dev / cross-domain stress set,False
YOUTUBE_TFT22W90PS_SA5100_id48_s1_150.png,1,VALID,-0.8100586,1.7011719,-0.90234375,-2.5826325,LCC-FASD external-dev / cross-domain stress set,False
YOUTUBE_TP300LA_SGS7E_id43_s0_15.png,1,VALID,-1.6787109,2.0058594,-0.103149414,-3.799111,LCC-FASD external-dev / cross-domain stress set,False
YOUTUBE_TP300LA_SGS7E_id43_s0_30.png,1,VALID,-1.6103516,2.5820312,-0.5595703,-4.2346888,LCC-FASD external-dev / cross-domain stress set,False
YOUTUBE_TP300LA_SGS7E_id43_s0_49.png,1,VALID,-1.6503906,2.3398438,-0.38134766,-4.053957,LCC-FASD external-dev / cross-domain stress set,False
YOUTUBE_TP300LA_SGS7E_id43_s0_65.png,1,VALID,-1.5439453,1.671875,0.024536133,-3.391924,LCC-FASD external-dev / cross-domain stress set,False
YOUTUBE_TP300LA_SGS7E_id43_s0_80.png,1,VALID,-1.1835938,2.1269531,-0.5834961,-3.3749356,LCC-FASD external-dev / cross-domain stress set,False
YOUTUBE_TP300LA_SGS7E_id43_s0_95.png,1,VALID,-1.2792969,2.046875,-0.47485352,-3.4034297,LCC-FASD external-dev / cross-domain stress set,False
YOUTUBE_TP300LA_SGS7E_id43_s0_112.png,1,VALID,-0.8129883,1.8505859,-0.68896484,-2.739518,LCC-FASD external-dev / cross-domain stress set,False
YOUTUBE_TP300LA_SGS7E_id43_s0_127.png,1,VALID,-1.4033203,2.1953125,-0.43847656,-3.6679778,LCC-FASD external-dev / cross-domain stress set,False
YOUTUBE_TP300LA_SGS7E_id43_s0_142.png,1,VALID,-1.25,2.1347656,-0.55615234,-3.4503834,LCC-FASD external-dev / cross-domain stress set,False
YOUTUBE_TP300LA_SGS7E_id43_s0_165.png,1,VALID,-1.4150391,1.9755859,-0.29003906,-3.4893522,LCC-FASD external-dev / cross-domain stress set,False
YOUTUBE_TP300LA_SGS7E_id43_s1_15.png,1,VALID,-0.71191406,1.1875,-0.36206055,-2.0919676,LCC-FASD external-dev / cross-domain stress set,False
YOUTUBE_TP300LA_SGS7E_id43_s1_36.png,1,VALID,-1.0195312,2.2421875,-0.59375,-3.318726,LCC-FASD external-dev / cross-domain stress set,False
YOUTUBE_TP300LA_SGS7E_id43_s1_51.png,1,VALID,-0.9589844,2.3808594,-0.83740234,-3.379088,LCC-FASD external-dev / cross-domain stress set,False
YOUTUBE_TP300LA_SGS7E_id43_s1_66.png,1,VALID,-0.64404297,1.9863281,-0.9301758,-2.6830797,LCC-FASD external-dev / cross-domain stress set,False
YOUTUBE_TP300LA_SGS7E_id43_s1_81.png,1,VALID,-1.3173828,1.8935547,-0.16955566,-3.3305483,LCC-FASD external-dev / cross-domain stress set,False
YOUTUBE_TP300LA_SGS7E_id43_s1_96.png,1,VALID,-0.34960938,0.5253906,-0.4272461,-1.2012217,LCC-FASD external-dev / cross-domain stress set,False
YOUTUBE_TP300LA_SGS7E_id43_s1_118.png,1,VALID,-0.99121094,1.9980469,-0.5527344,-3.0643845,LCC-FASD external-dev / cross-domain stress set,False
YOUTUBE_TP300LA_SGS7E_id43_s1_133.png,1,VALID,-0.59277344,0.17077637,0.2939453,-1.5201766,LCC-FASD external-dev / cross-domain stress set,False
YOUTUBE_TP300LA_SGS7E_id43_s1_148.png,1,VALID,-0.42944336,1.2216797,-0.71240234,-1.7861406,LCC-FASD external-dev / cross-domain stress set,False
YOUTUBE_TP300LA_SGS7E_id43_s1_163.png,1,VALID,-1.1396484,2.2792969,-0.6611328,-3.4704394,LCC-FASD external-dev / cross-domain stress set,False
YOUTUBE_TP300LA_SGS7E_id48_s1_15.png,1,VALID,-0.6958008,0.9267578,-0.49072266,-1.8395422,LCC-FASD external-dev / cross-domain stress set,False
YOUTUBE_TP300LA_SGS7E_id48_s1_105.png,1,VALID,-1.0302734,1.3544922,-0.48486328,-2.532254,LCC-FASD external-dev / cross-domain stress set,False
YOUTUBE_TP300LA_SGS7E_id48_s1_126.png,1,VALID,-1.3867188,1.6464844,-0.13830566,-3.1883523,LCC-FASD external-dev / cross-domain stress set,False
YOUTUBE_TP300LA_SGS7E_id48_s1_141.png,1,VALID,-1.0859375,1.7607422,-0.6953125,-2.9289715,LCC-FASD external-dev / cross-domain stress set,False
YOUTUBE_TP300LA_SGS7E_id48_s1_156.png,1,VALID,-1.125,2.0703125,-0.93652344,-3.2435768,LCC-FASD external-dev / cross-domain stress set,False
YOUTUBE_SSM763MB_LA546_id39_s1_49.png,1,VALID,0.55078125,0.18383789,-1.4541016,0.189316,LCC-FASD external-dev / cross-domain stress set,True
YOUTUBE_SSM763MB_LA546_id39_s1_64.png,1,VALID,0.671875,-0.40161133,-1.3554688,0.74760413,LCC-FASD external-dev / cross-domain stress set,True
YOUTUBE_SSM763MB_LA546_id42_s1_31.png,1,VALID,1.2294922,-0.6821289,-1.3447266,1.4958687,LCC-FASD external-dev / cross-domain stress set,True
YOUTUBE_SSM940N_AZ3MZC520TL_id48_s0_15.png,1,VALID,-1.1953125,2.890625,-1.3193359,-4.1006756,LCC-FASD external-dev / cross-domain stress set,False
YOUTUBE_SSM940N_AZ3MZC520TL_id48_s0_30.png,1,VALID,-1.4638672,3.3847656,-1.2558594,-4.858238,LCC-FASD external-dev / cross-domain stress set,False
YOUTUBE_SSM940N_AZ3MZC520TL_id48_s0_45.png,1,VALID,-1.6220703,3.1953125,-1.0332031,-4.831852,LCC-FASD external-dev / cross-domain stress set,False
YOUTUBE_SSM940N_AZ3MZC520TL_id48_s0_60.png,1,VALID,-1.328125,2.4414062,-0.82470703,-3.8069758,LCC-FASD external-dev / cross-domain stress set,False
YOUTUBE_SSM940N_AZ3MZC520TL_id48_s0_75.png,1,VALID,-1.4921875,2.71875,-0.8691406,-4.2382183,LCC-FASD external-dev / cross-domain stress set,False
YOUTUBE_SSM940N_AZ3MZC520TL_id48_s0_90.png,1,VALID,-1.515625,2.8964844,-0.94189453,-4.4334097,LCC-FASD external-dev / cross-domain stress set,False
YOUTUBE_SSM940N_AZ3MZC520TL_id48_s0_105.png,1,VALID,-1.4091797,2.7226562,-1.0449219,-4.154681,LCC-FASD external-dev / cross-domain stress set,False
YOUTUBE_SSM940N_AZ3MZC520TL_id48_s0_120.png,1,VALID,-1.6621094,2.3105469,-0.40014648,-4.0370297,LCC-FASD external-dev / cross-domain stress set,False
YOUTUBE_SSM940N_AZ3MZC520TL_id48_s0_135.png,1,VALID,-1.5126953,2.4316406,-0.6923828,-3.9873762,LCC-FASD external-dev / cross-domain stress set,False
YOUTUBE_SSM940N_AZ3MZC520TL_id48_s0_150.png,1,VALID,-1.4941406,2.3496094,-0.54541016,-3.8975732,LCC-FASD external-dev / cross-domain stress set,False
YOUTUBE_SSMB2430_SM4AD_id48_s0_15.png,1,VALID,-1.3417969,2.3945312,-0.6826172,-3.781388,LCC-FASD external-dev / cross-domain stress set,False
YOUTUBE_SSMB2430_SM4AD_id48_s0_30.png,1,VALID,-0.8959961,1.3173828,-0.34814453,-2.386568,LCC-FASD external-dev / cross-domain stress set,False
YOUTUBE_SSMB2430_SM4AD_id48_s0_45.png,1,VALID,-1.0751953,1.4638672,-0.26416016,-2.7025702,LCC-FASD external-dev / cross-domain stress set,False
YOUTUBE_SSMB2430_SM4AD_id48_s0_60.png,1,VALID,-1.1503906,2.3417969,-0.69677734,-3.5389786,LCC-FASD external-dev / cross-domain stress set,False
YOUTUBE_SSMB2430_SM4AD_id48_s0_75.png,1,VALID,-0.9951172,2.1796875,-0.80810547,-3.2239745,LCC-FASD external-dev / cross-domain stress set,False
YOUTUBE_SSMB2430_SM4AD_id48_s0_90.png,1,VALID,-1.1601562,2.5839844,-0.84716797,-3.775978,LCC-FASD external-dev / cross-domain stress set,False
YOUTUBE_SSMB2430_SM4AD_id48_s0_105.png,1,VALID,-1.1640625,2.8730469,-1.0273438,-4.0571413,LCC-FASD external-dev / cross-domain stress set,False
YOUTUBE_SSMB2430_SM4AD_id48_s0_120.png,1,VALID,-1.5019531,2.8535156,-0.8027344,-4.38097,LCC-FASD external-dev / cross-domain stress set,False
YOUTUBE_SSMB2430_SM4AD_id48_s0_135.png,1,VALID,-1.3632812,2.859375,-0.95410156,-4.244488,LCC-FASD external-dev / cross-domain stress set,False
YOUTUBE_SSMB2430_SM4AD_id48_s0_150.png,1,VALID,-1.0380859,1.9355469,-0.57666016,-3.0516016,LCC-FASD external-dev / cross-domain stress set,False
YOUTUBE_SSMP2250_LVP1M_id39_s1_15.png,1,VALID,1.1982422,0.07672119,-1.9873047,1.0020133,LCC-FASD external-dev / cross-domain stress set,True
YOUTUBE_SSMP2250_LVP1M_id39_s1_30.png,1,VALID,1.0625,-0.65283203,-1.3583984,1.3139895,LCC-FASD external-dev / cross-domain stress set,True
YOUTUBE_SSMP2250_LVP1M_id39_s1_52.png,1,VALID,1.1220703,-0.5161133,-1.4462891,1.3056588,LCC-FASD external-dev / cross-domain stress set,True
YOUTUBE_SSMP2250_LVP1M_id39_s1_67.png,1,VALID,0.5107422,0.2607422,-1.3066406,0.060545266,LCC-FASD external-dev / cross-domain stress set,True
YOUTUBE_SSMP2250_LVP1M_id39_s1_85.png,1,VALID,0.9921875,-0.40405273,-1.3046875,1.0552698,LCC-FASD external-dev / cross-domain stress set,True
YOUTUBE_SSMP2250_LVP1M_id39_s1_100.png,1,VALID,1.1708984,-0.40600586,-1.4941406,1.2865925,LCC-FASD external-dev / cross-domain stress set,True
YOUTUBE_SSMP2250_LVP1M_id39_s1_115.png,1,VALID,0.94628906,0.35107422,-1.9013672,0.4952408,LCC-FASD external-dev / cross-domain stress set,True
YOUTUBE_SSMP2250_LVP1M_id39_s1_130.png,1,VALID,1.3515625,-1.5595703,-1.2607422,2.0574505,LCC-FASD external-dev / cross-domain stress set,True
YOUTUBE_SSMP2250_LVP1M_id42_s0_17.png,1,VALID,0.53564453,-0.57128906,-0.6542969,0.45442933,LCC-FASD external-dev / cross-domain stress set,True
YOUTUBE_SSMP2250_LVP1M_id42_s0_32.png,1,VALID,0.6923828,-0.98535156,-0.62109375,0.7859637,LCC-FASD external-dev / cross-domain stress set,True
YOUTUBE_SSMP2250_LVP1M_id42_s0_47.png,1,VALID,0.7602539,-1.2314453,-0.65478516,0.9692184,LCC-FASD external-dev / cross-domain stress set,True
YOUTUBE_SSMP2250_LVP1M_id42_s0_62.png,1,VALID,0.95947266,-1.0947266,-0.8852539,1.2508409,LCC-FASD external-dev / cross-domain stress set,True
YOUTUBE_SSMP2250_LVP1M_id42_s0_77.png,1,VALID,0.60058594,-0.6333008,-0.8535156,0.6447973,LCC-FASD external-dev / cross-domain stress set,True
YOUTUBE_SSMP2250_LVP1M_id42_s0_92.png,1,VALID,0.57714844,-0.2993164,-0.9604492,0.46021405,LCC-FASD external-dev / cross-domain stress set,True
YOUTUBE_SSMP2250_LVP1M_id42_s0_107.png,1,VALID,0.6796875,-0.41137695,-1.1347656,0.6955786,LCC-FASD external-dev / cross-domain stress set,True
YOUTUBE_SSMP2250_LVP1M_id42_s0_122.png,1,VALID,0.65283203,-0.4128418,-0.98095703,0.61677104,LCC-FASD external-dev / cross-domain stress set,True
YOUTUBE_SSMP2250_LVP1M_id42_s0_137.png,1,VALID,0.4169922,-0.02947998,-0.9135742,0.10069466,LCC-FASD external-dev / cross-domain stress set,True
YOUTUBE_SSMP2250_LVP1M_id42_s0_152.png,1,VALID,1.2011719,-1.0322266,-1.3222656,1.6747922,LCC-FASD external-dev / cross-domain stress set,True
YOUTUBE_SSMP2250_LVP1M_id42_s1_33.png,1,VALID,-0.021530151,1.2773438,-1.2255859,-1.3775417,LCC-FASD external-dev / cross-domain stress set,False
YOUTUBE_SSMP2250_LVP1M_id42_s1_49.png,1,VALID,0.7338867,0.20532227,-1.4316406,0.3507781,LCC-FASD external-dev / cross-domain stress set,True
YOUTUBE_SSMP2250_LVP1M_id42_s1_64.png,1,VALID,0.8027344,-0.041137695,-1.2988281,0.5936506,LCC-FASD external-dev / cross-domain stress set,True
YOUTUBE_SSMP2250_LVP1M_id42_s1_79.png,1,VALID,1.1220703,-0.30249023,-1.5390625,1.1696255,LCC-FASD external-dev / cross-domain stress set,True
YOUTUBE_SSMP2250_LVP1M_id42_s1_94.png,1,VALID,0.8774414,0.20129395,-1.5380859,0.5143439,LCC-FASD external-dev / cross-domain stress set,True
YOUTUBE_SSMP2250_LVP1M_id42_s1_140.png,1,VALID,0.19311523,0.68359375,-1.0595703,-0.6517176,LCC-FASD external-dev / cross-domain stress set,False
YOUTUBE_SSMP2250_LVP1M_id42_s1_160.png,1,VALID,0.9819336,-0.13024902,-1.4794922,0.8815181,LCC-FASD external-dev / cross-domain stress set,True
YOUTUBE_SSMP2250_LVP1M_id42_s1_180.png,1,VALID,1.3027344,-0.8515625,-1.3232422,1.6694334,LCC-FASD external-dev / cross-domain stress set,True
YOUTUBE_TFT22W90PS_SA5100_id39_s0_37.png,1,VALID,-0.9379883,1.9003906,-0.7285156,-2.9080517,LCC-FASD external-dev / cross-domain stress set,False
YOUTUBE_TFT22W90PS_SA5100_id43_s0_105.png,1,VALID,-0.30029297,-0.30151367,0.13183594,-0.9318938,LCC-FASD external-dev / cross-domain stress set,False
YOUTUBE_TFT22W90PS_SA5100_id43_s0_120.png,1,VALID,-1.2431641,1.6992188,-0.18933105,-3.0832667,LCC-FASD external-dev / cross-domain stress set,False
YOUTUBE_SM943N_REDMIN5_id42_s1_65.png,1,VALID,0.5996094,0.088134766,-1.0351562,0.2299054,LCC-FASD external-dev / cross-domain stress set,True
YOUTUBE_SM943N_REDMIN5_id42_s1_87.png,1,VALID,0.48608398,0.0791626,-1.0029297,0.115083635,LCC-FASD external-dev / cross-domain stress set,True
YOUTUBE_SRV508_IPHONE5SF_id39_s1_15.png,1,VALID,-1.0234375,2.515625,-1.0703125,-3.5663962,LCC-FASD external-dev / cross-domain stress set,False
YOUTUBE_SRV508_IPHONE5SF_id39_s1_31.png,1,VALID,-0.5151367,1.3300781,-0.9667969,-1.9410454,LCC-FASD external-dev / cross-domain stress set,False
YOUTUBE_SRV508_IPHONE5SF_id39_s1_49.png,1,VALID,-0.8876953,1.9931641,-0.92089844,-2.9336936,LCC-FASD external-dev / cross-domain stress set,False
YOUTUBE_SRV508_IPHONE5SF_id39_s1_64.png,1,VALID,-1.0400391,2.1777344,-0.76708984,-3.2690475,LCC-FASD external-dev / cross-domain stress set,False
YOUTUBE_SRV508_IPHONE5SF_id39_s1_84.png,1,VALID,-1.2763672,2.5,-0.79589844,-3.8127327,LCC-FASD external-dev / cross-domain stress set,False
YOUTUBE_SRV508_IPHONE5SF_id39_s1_99.png,1,VALID,-0.82470703,2.5898438,-1.0976562,-3.4392772,LCC-FASD external-dev / cross-domain stress set,False
YOUTUBE_SRV508_IPHONE5SF_id39_s1_114.png,1,VALID,-1.2792969,2.1191406,-0.5209961,-3.4673584,LCC-FASD external-dev / cross-domain stress set,False
YOUTUBE_SRV508_IPHONE5SF_id39_s1_129.png,1,VALID,-1.3466797,2.5917969,-0.8105469,-3.9712296,LCC-FASD external-dev / cross-domain stress set,False
YOUTUBE_SRV508_IPHONE5SF_id42_s0_51.png,1,VALID,-0.7685547,1.625,-1.0078125,-2.462965,LCC-FASD external-dev / cross-domain stress set,False
YOUTUBE_SRV508_IPHONE5SF_id42_s0_67.png,1,VALID,-0.41870117,0.9291992,-0.9145508,-1.4947872,LCC-FASD external-dev / cross-domain stress set,False
YOUTUBE_SRV508_IPHONE5SF_id42_s0_84.png,1,VALID,-0.87939453,1.8984375,-1.0488281,-2.8289843,LCC-FASD external-dev / cross-domain stress set,False
YOUTUBE_SRV508_IPHONE5SF_id42_s0_126.png,1,VALID,-0.2980957,0.62939453,-0.79541016,-1.1430495,LCC-FASD external-dev / cross-domain stress set,False
YOUTUBE_SRV508_IPHONE5SF_id42_s0_141.png,1,VALID,-0.24377441,0.33642578,-0.66308594,-0.89359325,LCC-FASD external-dev / cross-domain stress set,False
YOUTUBE_SRV508_IPHONE5SF_id42_s0_156.png,1,VALID,-0.24267578,0.14294434,-0.5966797,-0.7758317,LCC-FASD external-dev / cross-domain stress set,False
YOUTUBE_SRV508_IPHONE5SF_id42_s0_171.png,1,VALID,-0.33740234,0.58496094,-0.70458984,-1.1656188,LCC-FASD external-dev / cross-domain stress set,False
YOUTUBE_SRV508_IPHONE5SF_id42_s0_186.png,1,VALID,-0.2565918,0.4921875,-0.8461914,-0.98169136,LCC-FASD external-dev / cross-domain stress set,False
YOUTUBE_SRV508_IPHONE5SF_id42_s0_201.png,1,VALID,-0.59472656,1.3017578,-0.89990234,-2.0014021,LCC-FASD external-dev / cross-domain stress set,False
YOUTUBE_SRV508_IPHONE5SF_id42_s0_216.png,1,VALID,-0.52001953,1.1982422,-0.98779297,-1.8247467,LCC-FASD external-dev / cross-domain stress set,False
YOUTUBE_SRV508_IPHONE5SF_id42_s1_46.png,1,VALID,-0.17346191,1.2490234,-1.2001953,-1.505319,LCC-FASD external-dev / cross-domain stress set,False
YOUTUBE_SRV508_IPHONE5SF_id42_s1_61.png,1,VALID,-0.44702148,1.4453125,-0.99072266,-1.976222,LCC-FASD external-dev / cross-domain stress set,False
YOUTUBE_SS22C200_REDMIN4X_id48_s0_15.png,1,VALID,0.63671875,0.14477539,-1.3730469,0.29375774,LCC-FASD external-dev / cross-domain stress set,True
YOUTUBE_SS22C200_REDMIN4X_id48_s0_30.png,1,VALID,0.6845703,0.28100586,-1.4853516,0.24574515,LCC-FASD external-dev / cross-domain stress set,True
YOUTUBE_SS22C200_REDMIN4X_id48_s0_48.png,1,VALID,-1.3642578,3.1933594,-1.2392578,-4.5694304,LCC-FASD external-dev / cross-domain stress set,False
YOUTUBE_SS22C200_REDMIN4X_id48_s0_63.png,1,VALID,0.36572266,0.56640625,-1.5732422,-0.3119532,LCC-FASD external-dev / cross-domain stress set,True
YOUTUBE_SS22C200_REDMIN4X_id48_s0_78.png,1,VALID,-1.3955078,2.4414062,-0.6513672,-3.8812907,LCC-FASD external-dev / cross-domain stress set,False
YOUTUBE_SS22C200_REDMIN4X_id48_s0_93.png,1,VALID,-1.3203125,2.7832031,-0.98535156,-4.1263385,LCC-FASD external-dev / cross-domain stress set,False
YOUTUBE_SS22C200_REDMIN4X_id48_s0_108.png,1,VALID,-1.3681641,2.8789062,-0.98291016,-4.267882,LCC-FASD external-dev / cross-domain stress set,False
YOUTUBE_SS22C200_REDMIN4X_id48_s0_123.png,1,VALID,-1.1337891,2.5078125,-0.9584961,-3.672356,LCC-FASD external-dev / cross-domain stress set,False
YOUTUBE_SS22C200_REDMIN4X_id48_s0_138.png,1,VALID,-1.0751953,2.5019531,-0.97753906,-3.607506,LCC-FASD external-dev / cross-domain stress set,False
YOUTUBE_SS22C200_REDMIN4X_id48_s0_153.png,1,VALID,-1.1142578,2.6132812,-1.0087891,-3.7539155,LCC-FASD external-dev / cross-domain stress set,False
YOUTUBE_SSM757MB_FS407S6_id39_s0_16.png,1,VALID,1.2470703,0.33911133,-1.9892578,0.81496555,LCC-FASD external-dev / cross-domain stress set,True
YOUTUBE_SSM757MB_FS407S6_id39_s0_45.png,1,VALID,1.15625,-0.09094238,-1.5966797,1.0468233,LCC-FASD external-dev / cross-domain stress set,True
YOUTUBE_SSM757MB_FS407S6_id43_s0_15.png,1,VALID,-0.099121094,-1.2373047,0.45654297,-0.7244029,LCC-FASD external-dev / cross-domain stress set,False
YOUTUBE_SSM757MB_FS407S6_id43_s0_30.png,1,VALID,0.20410156,-0.9511719,-0.35351562,0.11929816,LCC-FASD external-dev / cross-domain stress set,True
YOUTUBE_SSM757MB_FS407S6_id43_s0_45.png,1,VALID,1.6064453,-1.7958984,-1.3515625,2.4625497,LCC-FASD external-dev / cross-domain stress set,True
YOUTUBE_SSM757MB_FS407S6_id43_s0_60.png,1,VALID,0.077941895,-1.5205078,0.48535156,-0.533641,LCC-FASD external-dev / cross-domain stress set,True
YOUTUBE_SSM757MB_FS407S6_id43_s0_75.png,1,VALID,0.03265381,-1.5751953,0.6191406,-0.6921366,LCC-FASD external-dev / cross-domain stress set,False
YOUTUBE_SSM757MB_FS407S6_id43_s0_90.png,1,VALID,-0.61279297,-0.7416992,0.7338867,-1.5525913,LCC-FASD external-dev / cross-domain stress set,False
YOUTUBE_SSM757MB_FS407S6_id43_s0_105.png,1,VALID,0.2685547,-1.8701172,0.27416992,-0.11639738,LCC-FASD external-dev / cross-domain stress set,True
YOUTUBE_SSM757MB_FS407S6_id43_s0_122.png,1,VALID,1.1972656,-1.2890625,-1.1289062,1.7098999,LCC-FASD external-dev / cross-domain stress set,True
YOUTUBE_SSM757MB_FS407S6_id43_s0_137.png,1,VALID,0.13220215,-1.3056641,0.15759277,-0.2336083,LCC-FASD external-dev / cross-domain stress set,True
YOUTUBE_SSM757MB_FS407S6_id43_s0_152.png,1,VALID,-0.5102539,-1.7431641,1.4785156,-2.0278826,LCC-FASD external-dev / cross-domain stress set,False
YOUTUBE_SSM757MB_FS407S6_id43_s1_15.png,1,VALID,1.5966797,-2.1445312,-1.3828125,2.596366,LCC-FASD external-dev / cross-domain stress set,True
YOUTUBE_SSM757MB_FS407S6_id43_s1_30.png,1,VALID,1.375,-1.6669922,-1.2275391,2.1051702,LCC-FASD external-dev / cross-domain stress set,True
YOUTUBE_SSM757MB_FS407S6_id43_s1_45.png,1,VALID,1.6171875,-1.7734375,-1.2783203,2.4195845,LCC-FASD external-dev / cross-domain stress set,True
YOUTUBE_SSM757MB_FS407S6_id43_s1_60.png,1,VALID,1.6582031,-1.9931641,-1.3476562,2.584261,LCC-FASD external-dev / cross-domain stress set,True
YOUTUBE_SSM757MB_FS407S6_id43_s1_75.png,1,VALID,1.796875,-2.0585938,-1.5087891,2.8501,LCC-FASD external-dev / cross-domain stress set,True
YOUTUBE_SSM757MB_FS407S6_id43_s1_90.png,1,VALID,1.4726562,-2.1777344,-1.1289062,2.3012002,LCC-FASD external-dev / cross-domain stress set,True
YOUTUBE_SSM757MB_FS407S6_id43_s1_105.png,1,VALID,1.9345703,-1.9423828,-1.7626953,3.0899317,LCC-FASD external-dev / cross-domain stress set,True
YOUTUBE_SSM757MB_FS407S6_id43_s1_120.png,1,VALID,1.7949219,-2.0253906,-1.5908203,2.8864572,LCC-FASD external-dev / cross-domain stress set,True
YOUTUBE_SSM757MB_FS407S6_id43_s1_135.png,1,VALID,1.7070312,-1.6806641,-1.6728516,2.6906343,LCC-FASD external-dev / cross-domain stress set,True
YOUTUBE_SSM757MB_FS407S6_id43_s1_150.png,1,VALID,1.0888672,-2.09375,-0.40527344,1.3245659,LCC-FASD external-dev / cross-domain stress set,True
YOUTUBE_SSM763MB_LA546_id39_s1_30.png,1,VALID,0.7050781,0.43701172,-1.7832031,0.16498125,LCC-FASD external-dev / cross-domain stress set,True
YOUTUBE_SSM2232BW_HISCRZERAF_id48_s0_197.png,1,VALID,-1.0625,2.8320312,-1.0615234,-3.9146993,LCC-FASD external-dev / cross-domain stress set,False
YOUTUBE_SLS24E390HL0_HUAWEIG620SL01_S0_id48_s1_15.png,1,VALID,1.1943359,-1.8994141,-1.0146484,1.8634031,LCC-FASD external-dev / cross-domain stress set,True
YOUTUBE_SLS24E390HL0_HUAWEIG620SL01_S0_id48_s1_30.png,1,VALID,0.3605957,-0.82128906,-0.51708984,0.3251152,LCC-FASD external-dev / cross-domain stress set,True
YOUTUBE_SLS24E390HL0_HUAWEIG620SL01_S0_id48_s1_60.png,1,VALID,1.3828125,-1.5185547,-1.3691406,2.130725,LCC-FASD external-dev / cross-domain stress set,True
YOUTUBE_SLS24E390HL0_HUAWEIG620SL01_S0_id48_s1_75.png,1,VALID,1.6103516,-1.7792969,-1.5439453,2.5719175,LCC-FASD external-dev / cross-domain stress set,True
YOUTUBE_SLS24E390HL0_HUAWEIG620SL01_S0_id48_s1_90.png,1,VALID,1.3398438,-1.5244141,-1.2255859,2.0105755,LCC-FASD external-dev / cross-domain stress set,True
YOUTUBE_SLS24E390HL0_HUAWEIG620SL01_S0_id48_s1_150.png,1,VALID,0.22766113,-1.8691406,0.43579102,-0.303227,LCC-FASD external-dev / cross-domain stress set,True
YOUTUBE_SLS24E390HL0_HUAWEIG620SL01_S0_id48_s1_165.png,1,VALID,1.1337891,-1.9892578,-0.8647461,1.7172654,LCC-FASD external-dev / cross-domain stress set,True
YOUTUBE_SLS24E390HL0_HUAWEIG620SL01_S1_id39_s0_15.png,1,VALID,-0.54052734,2.2402344,-1.1708984,-2.8132327,LCC-FASD external-dev / cross-domain stress set,False
YOUTUBE_SLS24E390HL0_HUAWEIG620SL01_S1_id39_s0_31.png,1,VALID,-0.018615723,1.0283203,-0.7973633,-1.1963104,LCC-FASD external-dev / cross-domain stress set,False
YOUTUBE_SLS24E390HL0_HUAWEIG620SL01_S1_id39_s0_46.png,1,VALID,-0.234375,2.34375,-1.5498047,-2.598293,LCC-FASD external-dev / cross-domain stress set,False
YOUTUBE_SLS24E390HL0_HUAWEIG620SL01_S1_id43_s0_15.png,1,VALID,-0.93896484,-0.27416992,0.8798828,-2.092955,LCC-FASD external-dev / cross-domain stress set,False
YOUTUBE_SLS24E390HL0_HUAWEIG620SL01_S1_id43_s0_30.png,1,VALID,-0.40698242,0.1665039,-0.2763672,-1.069517,LCC-FASD external-dev / cross-domain stress set,False
YOUTUBE_SLS24E390HL0_HUAWEIG620SL01_S1_id43_s0_46.png,1,VALID,-0.1751709,0.35424805,-0.5996094,-0.85530114,LCC-FASD external-dev / cross-domain stress set,False
YOUTUBE_SLS24E390HL0_HUAWEIG620SL01_S1_id43_s0_61.png,1,VALID,-0.8203125,-0.36694336,0.7753906,-1.8726327,LCC-FASD external-dev / cross-domain stress set,False
YOUTUBE_SLS24E390HL0_HUAWEIG620SL01_S1_id43_s0_76.png,1,VALID,-0.3701172,-0.5576172,0.32641602,-1.0423286,LCC-FASD external-dev / cross-domain stress set,False
YOUTUBE_SLS24E390HL0_HUAWEIG620SL01_S1_id43_s0_91.png,1,VALID,-0.49731445,-0.36132812,0.38330078,-1.2692125,LCC-FASD external-dev / cross-domain stress set,False
YOUTUBE_SLS24E390HL0_HUAWEIG620SL01_S1_id43_s0_116.png,1,VALID,-0.025878906,0.3876953,-0.77197266,-0.6863383,LCC-FASD external-dev / cross-domain stress set,False
YOUTUBE_SLS24E390HL0_HUAWEIG620SL01_S1_id43_s0_131.png,1,VALID,-0.5673828,-0.21887207,0.25634766,-1.3072354,LCC-FASD external-dev / cross-domain stress set,False
YOUTUBE_SLS24E390HL0_HUAWEIG620SL01_S1_id43_s0_146.png,1,VALID,-0.51953125,-0.27929688,0.22216797,-1.2152234,LCC-FASD external-dev / cross-domain stress set,False
YOUTUBE_SLS24E390HL0_HUAWEIG620SL01_S1_id43_s0_161.png,1,VALID,-0.28564453,0.24597168,-0.21105957,-1.0221334,LCC-FASD external-dev / cross-domain stress set,False
YOUTUBE_SLS24E390HL0_HUAWEIG620SL01_S1_id43_s1_15.png,1,VALID,0.56689453,-1.0429688,-0.5048828,0.6119095,LCC-FASD external-dev / cross-domain stress set,True
YOUTUBE_SLS24E390HL0_HUAWEIG620SL01_S1_id43_s1_30.png,1,VALID,-0.060150146,-0.33984375,-0.27954102,-0.44405943,LCC-FASD external-dev / cross-domain stress set,True
YOUTUBE_SLS24E390HL0_HUAWEIG620SL01_S1_id43_s1_45.png,1,VALID,0.14086914,-1.2128906,0.09765625,-0.19554609,LCC-FASD external-dev / cross-domain stress set,True
YOUTUBE_SLS24E390HL0_HUAWEIG620SL01_S1_id43_s1_60.png,1,VALID,0.19213867,-0.84814453,-0.37109375,0.080429226,LCC-FASD external-dev / cross-domain stress set,True
YOUTUBE_SLS24E390HL0_HUAWEIG620SL01_S1_id43_s1_75.png,1,VALID,0.11212158,-0.65234375,-0.3076172,-0.115826726,LCC-FASD external-dev / cross-domain stress set,True
YOUTUBE_SLS24E390HL0_HUAWEIG620SL01_S1_id43_s1_90.png,1,VALID,-0.3930664,-0.69091797,0.22814941,-0.9568955,LCC-FASD external-dev / cross-domain stress set,False
YOUTUBE_SLS24E390HL0_HUAWEIG620SL01_S1_id43_s1_105.png,1,VALID,1.0488281,-0.9760742,-1.3330078,1.4943806,LCC-FASD external-dev / cross-domain stress set,True
YOUTUBE_SLS24E390HL0_HUAWEIG620SL01_S1_id43_s1_120.png,1,VALID,0.48120117,-1.5839844,-0.25927734,0.5047103,LCC-FASD external-dev / cross-domain stress set,True
YOUTUBE_SLS24E390HL0_HUAWEIG620SL01_S1_id43_s1_135.png,1,VALID,1.3339844,-1.5488281,-1.4160156,2.1210558,LCC-FASD external-dev / cross-domain stress set,True
YOUTUBE_SLS24E390HL0_HUAWEIG620SL01_S1_id43_s1_150.png,1,VALID,0.7631836,-1.7685547,-0.49682617,1.0128789,LCC-FASD external-dev / cross-domain stress set,True
YOUTUBE_SLS24E390HL0_HUAWEIG620SL01_S1_id48_s1_15.png,1,VALID,1.4931641,-1.8193359,-1.3652344,2.3667445,LCC-FASD external-dev / cross-domain stress set,True
YOUTUBE_SLS24E390HL0_HUAWEIG620SL01_S1_id48_s1_30.png,1,VALID,1.203125,-1.7333984,-1.0585938,1.850102,LCC-FASD external-dev / cross-domain stress set,True
YOUTUBE_SLS24E390HL0_HUAWEIG620SL01_S1_id48_s1_45.png,1,VALID,1.1923828,-1.8388672,-0.94189453,1.7922475,LCC-FASD external-dev / cross-domain stress set,True
YOUTUBE_SLS24E390HL0_HUAWEIG620SL01_S1_id48_s1_60.png,1,VALID,0.9902344,-1.5175781,-0.87890625,1.4451854,LCC-FASD external-dev / cross-domain stress set,True
YOUTUBE_SLS24E390HL0_HUAWEIG620SL01_S1_id48_s1_75.png,1,VALID,1.3369141,-1.7167969,-1.1630859,2.0458636,LCC-FASD external-dev / cross-domain stress set,True
YOUTUBE_SLS24E390HL0_HUAWEIG620SL01_S1_id48_s1_90.png,1,VALID,-0.18554688,-1.5527344,0.73535156,-1.0175354,LCC-FASD external-dev / cross-domain stress set,False
YOUTUBE_SLS24E390HL0_HUAWEIG620SL01_S1_id48_s1_105.png,1,VALID,1.1601562,-1.5908203,-1.0693359,1.7634723,LCC-FASD external-dev / cross-domain stress set,True
YOUTUBE_SLS24E390HL0_HUAWEIG620SL01_S1_id48_s1_120.png,1,VALID,0.3269043,-0.64208984,-0.43847656,0.16886693,LCC-FASD external-dev / cross-domain stress set,True
YOUTUBE_SLS24E390HL0_HUAWEIG620SL01_S1_id48_s1_135.png,1,VALID,1.1826172,-1.7792969,-0.9975586,1.8033777,LCC-FASD external-dev / cross-domain stress set,True
YOUTUBE_SLS24E390HL0_HUAWEIG620SL01_S1_id48_s1_150.png,1,VALID,1.0947266,-2.0917969,-0.83154297,1.676615,LCC-FASD external-dev / cross-domain stress set,True
YOUTUBE_SM943N_REDMIN5_id39_s1_15.png,1,VALID,-0.5395508,1.4072266,-0.96435547,-2.0360081,LCC-FASD external-dev / cross-domain stress set,False
YOUTUBE_SM943N_REDMIN5_id39_s1_32.png,1,VALID,-0.23950195,0.53515625,-0.5463867,-1.066635,LCC-FASD external-dev / cross-domain stress set,False
YOUTUBE_SM943N_REDMIN5_id39_s1_47.png,1,VALID,-0.5131836,0.97753906,-0.48999023,-1.6981386,LCC-FASD external-dev / cross-domain stress set,False
YOUTUBE_SM943N_REDMIN5_id39_s1_64.png,1,VALID,-0.23986816,0.81152344,-0.7558594,-1.2408463,LCC-FASD external-dev / cross-domain stress set,False
YOUTUBE_SM943N_REDMIN5_id39_s1_80.png,1,VALID,-0.6533203,1.1523438,-0.44335938,-1.9902879,LCC-FASD external-dev / cross-domain stress set,False
YOUTUBE_SM943N_REDMIN5_id39_s1_95.png,1,VALID,0.16625977,0.09613037,-1.0498047,-0.2059303,LCC-FASD external-dev / cross-domain stress set,True
YOUTUBE_SM943N_REDMIN5_id39_s1_110.png,1,VALID,-0.50097656,0.7553711,-0.5493164,-1.4963541,LCC-FASD external-dev / cross-domain stress set,False
YOUTUBE_SM943N_REDMIN5_id42_s0_15.png,1,VALID,-0.6347656,0.7114258,-0.20898438,-1.6814884,LCC-FASD external-dev / cross-domain stress set,False
YOUTUBE_SM943N_REDMIN5_id42_s0_30.png,1,VALID,-0.91796875,0.8540039,0.076660156,-2.1501524,LCC-FASD external-dev / cross-domain stress set,False
YOUTUBE_SM943N_REDMIN5_id42_s0_45.png,1,VALID,-0.82470703,1.3369141,-0.453125,-2.3160176,LCC-FASD external-dev / cross-domain stress set,False
YOUTUBE_SM943N_REDMIN5_id42_s0_60.png,1,VALID,-0.98535156,1.2724609,-0.3100586,-2.4446712,LCC-FASD external-dev / cross-domain stress set,False
YOUTUBE_SM943N_REDMIN5_id42_s0_75.png,1,VALID,-0.9272461,1.5224609,-0.3737793,-2.5895839,LCC-FASD external-dev / cross-domain stress set,False
YOUTUBE_SM943N_REDMIN5_id42_s0_90.png,1,VALID,-0.85302734,1.2392578,-0.3425293,-2.2792687,LCC-FASD external-dev / cross-domain stress set,False
YOUTUBE_SM943N_REDMIN5_id42_s0_105.png,1,VALID,-0.96533203,1.8222656,-0.81152344,-2.8569427,LCC-FASD external-dev / cross-domain stress set,False
YOUTUBE_SM943N_REDMIN5_id42_s0_120.png,1,VALID,-0.64941406,0.7885742,-0.24353027,-1.7427166,LCC-FASD external-dev / cross-domain stress set,False
YOUTUBE_SM943N_REDMIN5_id42_s0_135.png,1,VALID,-0.6489258,1.7734375,-0.97265625,-2.4845662,LCC-FASD external-dev / cross-domain stress set,False
YOUTUBE_SM943N_REDMIN5_id42_s0_150.png,1,VALID,0.34448242,0.12609863,-1.0273438,-0.055870026,LCC-FASD external-dev / cross-domain stress set,True
YOUTUBE_S300U1A_HUAWEIY3II_id39_s1_15.png,1,VALID,-0.6977539,1.4726562,-0.6538086,-2.2830763,LCC-FASD external-dev / cross-domain stress set,False
YOUTUBE_S300U1A_HUAWEIY3II_id39_s1_30.png,1,VALID,-0.6064453,1.3818359,-0.8076172,-2.0944216,LCC-FASD external-dev / cross-domain stress set,False
YOUTUBE_S300U1A_HUAWEIY3II_id39_s1_56.png,1,VALID,-0.43041992,1.4667969,-0.69433594,-2.0062456,LCC-FASD external-dev / cross-domain stress set,False
YOUTUBE_S300U1A_HUAWEIY3II_id39_s1_75.png,1,VALID,-0.28027344,0.95654297,-0.90185547,-1.3817148,LCC-FASD external-dev / cross-domain stress set,False
YOUTUBE_S300U1A_HUAWEIY3II_id39_s1_92.png,1,VALID,-0.8574219,1.3037109,-0.50097656,-2.313447,LCC-FASD external-dev / cross-domain stress set,False
YOUTUBE_S300U1A_HUAWEIY3II_id39_s1_107.png,1,VALID,-1.1328125,2.3535156,-0.8276367,-3.5270264,LCC-FASD external-dev / cross-domain stress set,False
YOUTUBE_S300U1A_HUAWEIY3II_id39_s1_122.png,1,VALID,-0.9741211,1.8671875,-0.74072266,-2.9124084,LCC-FASD external-dev / cross-domain stress set,False
YOUTUBE_S300U1A_HUAWEIY3II_id39_s1_137.png,1,VALID,-0.7675781,1.578125,-0.86035156,-2.429395,LCC-FASD external-dev / cross-domain stress set,False
YOUTUBE_S300U1A_HUAWEIY3II_id42_s0_15.png,1,VALID,-1.0,1.4824219,-0.52783203,-2.608133,LCC-FASD external-dev / cross-domain stress set,False
YOUTUBE_S300U1A_HUAWEIY3II_id42_s0_30.png,1,VALID,-1.1630859,1.6494141,-0.46875,-2.926054,LCC-FASD external-dev / cross-domain stress set,False
YOUTUBE_S300U1A_HUAWEIY3II_id42_s0_45.png,1,VALID,-1.1103516,1.96875,-0.76416016,-3.1421044,LCC-FASD external-dev / cross-domain stress set,False
YOUTUBE_S300U1A_HUAWEIY3II_id42_s0_60.png,1,VALID,-1.1308594,1.5185547,-0.39868164,-2.7865748,LCC-FASD external-dev / cross-domain stress set,False
YOUTUBE_S300U1A_HUAWEIY3II_id42_s0_75.png,1,VALID,-1.0478516,1.7177734,-0.64208984,-2.8558617,LCC-FASD external-dev / cross-domain stress set,False
YOUTUBE_S300U1A_HUAWEIY3II_id42_s0_90.png,1,VALID,-0.9926758,1.2734375,-0.3713379,-2.4426312,LCC-FASD external-dev / cross-domain stress set,False
YOUTUBE_S300U1A_HUAWEIY3II_id42_s0_105.png,1,VALID,-1.0546875,1.9335938,-0.79589844,-3.0514932,LCC-FASD external-dev / cross-domain stress set,False
YOUTUBE_S300U1A_HUAWEIY3II_id42_s0_120.png,1,VALID,-0.76464844,1.0517578,-0.5175781,-2.0055242,LCC-FASD external-dev / cross-domain stress set,False
YOUTUBE_S300U1A_HUAWEIY3II_id42_s0_135.png,1,VALID,-1.0273438,1.9287109,-0.78222656,-3.020413,LCC-FASD external-dev / cross-domain stress set,False
YOUTUBE_S300U1A_HUAWEIY3II_id42_s0_150.png,1,VALID,-1.0019531,1.2617188,-0.37158203,-2.4420557,LCC-FASD external-dev / cross-domain stress set,False
YOUTUBE_S300U1A_HUAWEIY3II_id42_s1_65.png,1,VALID,-0.87353516,2.3222656,-1.0556641,-3.2293496,LCC-FASD external-dev / cross-domain stress set,False
YOUTUBE_S198150N_GM5_id48_s0_15.png,1,VALID,0.042053223,0.5258789,-0.7314453,-0.7341283,LCC-FASD external-dev / cross-domain stress set,False
YOUTUBE_S198150N_GM5_id48_s0_30.png,1,VALID,-0.54296875,1.5634766,-1.0761719,-2.1753988,LCC-FASD external-dev / cross-domain stress set,False
YOUTUBE_S198150N_GM5_id48_s0_45.png,1,VALID,-1.3115234,2.6621094,-1.0009766,-3.9989626,LCC-FASD external-dev / cross-domain stress set,False
YOUTUBE_S198150N_GM5_id48_s0_60.png,1,VALID,-1.2841797,1.9619141,-0.5083008,-3.3272743,LCC-FASD external-dev / cross-domain stress set,False
YOUTUBE_S198150N_GM5_id48_s0_75.png,1,VALID,-1.4980469,2.4003906,-0.43359375,-3.955553,LCC-FASD external-dev / cross-domain stress set,False
YOUTUBE_S198150N_GM5_id48_s0_90.png,1,VALID,-1.328125,2.2382812,-0.53271484,-3.6271245,LCC-FASD external-dev / cross-domain stress set,False
YOUTUBE_S198150N_GM5_id48_s0_120.png,1,VALID,-1.3867188,2.34375,-0.6303711,-3.7802987,LCC-FASD external-dev / cross-domain stress set,False
YOUTUBE_S198150N_GM5_id48_s0_135.png,1,VALID,-0.43139648,0.6816406,-0.62060547,-1.353565,LCC-FASD external-dev / cross-domain stress set,False
YOUTUBE_S198150N_GM5_id48_s0_150.png,1,VALID,-1.5146484,2.2226562,-0.44458008,-3.8044436,LCC-FASD external-dev / cross-domain stress set,False
YOUTUBE_SLS24E390HL0_HUAWEIG620SL01_S0_id39_s0_39.png,1,VALID,-0.7026367,2.0917969,-0.88720703,-2.8440268,LCC-FASD external-dev / cross-domain stress set,False
YOUTUBE_SLS24E390HL0_HUAWEIG620SL01_S0_id43_s0_15.png,1,VALID,-0.9667969,0.29736328,0.49951172,-2.0634809,LCC-FASD external-dev / cross-domain stress set,False
YOUTUBE_SLS24E390HL0_HUAWEIG620SL01_S0_id43_s0_30.png,1,VALID,-0.6616211,0.18737793,0.103393555,-1.5010355,LCC-FASD external-dev / cross-domain stress set,False
YOUTUBE_SLS24E390HL0_HUAWEIG620SL01_S0_id43_s0_46.png,1,VALID,-0.36108398,0.27172852,-0.31176758,-1.0761797,LCC-FASD external-dev / cross-domain stress set,False
YOUTUBE_SLS24E390HL0_HUAWEIG620SL01_S0_id43_s0_61.png,1,VALID,-1.1220703,-0.21240234,1.0673828,-2.4348254,LCC-FASD external-dev / cross-domain stress set,False
YOUTUBE_SLS24E390HL0_HUAWEIG620SL01_S0_id43_s0_76.png,1,VALID,-0.67822266,-0.068481445,0.4645996,-1.6045381,LCC-FASD external-dev / cross-domain stress set,False
YOUTUBE_SLS24E390HL0_HUAWEIG620SL01_S0_id43_s0_91.png,1,VALID,-0.6645508,0.1850586,0.19140625,-1.5459354,LCC-FASD external-dev / cross-domain stress set,False
YOUTUBE_SLS24E390HL0_HUAWEIG620SL01_S0_id43_s0_117.png,1,VALID,-0.4399414,0.7026367,-0.46728516,-1.4129038,LCC-FASD external-dev / cross-domain stress set,False
YOUTUBE_SLS24E390HL0_HUAWEIG620SL01_S0_id43_s0_132.png,1,VALID,-0.5332031,0.027908325,0.15307617,-1.3187996,LCC-FASD external-dev / cross-domain stress set,False
YOUTUBE_SLS24E390HL0_HUAWEIG620SL01_S0_id43_s0_147.png,1,VALID,-0.6791992,-0.13757324,0.45996094,-1.5775225,LCC-FASD external-dev / cross-domain stress set,False
YOUTUBE_SLS24E390HL0_HUAWEIG620SL01_S0_id43_s0_162.png,1,VALID,-0.46240234,0.6772461,-0.37182617,-1.4399475,LCC-FASD external-dev / cross-domain stress set,False
YOUTUBE_SLS24E390HL0_HUAWEIG620SL01_S0_id43_s1_15.png,1,VALID,0.58496094,-1.7353516,-0.24731445,0.628669,LCC-FASD external-dev / cross-domain stress set,True
YOUTUBE_SLS24E390HL0_HUAWEIG620SL01_S0_id43_s1_30.png,1,VALID,-0.0423584,0.36401367,-0.76123047,-0.68746245,LCC-FASD external-dev / cross-domain stress set,False
YOUTUBE_SLS24E390HL0_HUAWEIG620SL01_S0_id43_s1_45.png,1,VALID,-0.26733398,-1.2285156,0.5917969,-1.0092521,LCC-FASD external-dev / cross-domain stress set,False
YOUTUBE_SLS24E390HL0_HUAWEIG620SL01_S0_id43_s1_60.png,1,VALID,0.27978516,-0.84472656,-0.4650879,0.22363669,LCC-FASD external-dev / cross-domain stress set,True
YOUTUBE_SLS24E390HL0_HUAWEIG620SL01_S0_id43_s1_75.png,1,VALID,0.5541992,-0.9560547,-0.69091797,0.6757768,LCC-FASD external-dev / cross-domain stress set,True
YOUTUBE_SLS24E390HL0_HUAWEIG620SL01_S0_id43_s1_90.png,1,VALID,0.6201172,-0.9736328,-0.75390625,0.7847167,LCC-FASD external-dev / cross-domain stress set,True
YOUTUBE_SLS24E390HL0_HUAWEIG620SL01_S0_id43_s1_105.png,1,VALID,0.4494629,-0.47558594,-0.7583008,0.36330122,LCC-FASD external-dev / cross-domain stress set,True
YOUTUBE_SLS24E390HL0_HUAWEIG620SL01_S0_id43_s1_120.png,1,VALID,-0.07562256,-1.2304688,0.26391602,-0.54197854,LCC-FASD external-dev / cross-domain stress set,True
YOUTUBE_SLS24E390HL0_HUAWEIG620SL01_S0_id43_s1_135.png,1,VALID,0.29711914,-0.78027344,-0.5131836,0.24180973,LCC-FASD external-dev / cross-domain stress set,True
YOUTUBE_SLS24E390HL0_HUAWEIG620SL01_S0_id43_s1_150.png,1,VALID,-0.055633545,-0.47705078,-0.2861328,-0.37173826,LCC-FASD external-dev / cross-domain stress set,True
YOUTUBE_SLS24E390HL0_HUAWEIG620SL01_S0_id48_s1_105.png,1,VALID,1.2148438,-1.9941406,-0.95947266,1.870261,LCC-FASD external-dev / cross-domain stress set,True
YOUTUBE_SLS24E390HL0_HUAWEIG620SL01_S0_id48_s1_120.png,1,VALID,1.3183594,-1.3583984,-1.2050781,1.9040151,LCC-FASD external-dev / cross-domain stress set,True
YOUTUBE_SLS24E390HL0_HUAWEIG620SL01_S0_id48_s1_135.png,1,VALID,1.1962891,-1.59375,-1.0322266,1.7772238,LCC-FASD external-dev / cross-domain stress set,True
YOUTUBE_PBQ5WTS_ZTEBA2_id43_s0_15.png,1,VALID,-1.0039062,1.7138672,-0.5048828,-2.821002,LCC-FASD external-dev / cross-domain stress set,False
YOUTUBE_PBQ5WTS_ZTEBA2_id43_s0_30.png,1,VALID,-0.6923828,0.98046875,-0.43969727,-1.889312,LCC-FASD external-dev / cross-domain stress set,False
YOUTUBE_PBQ5WTS_ZTEBA2_id43_s0_45.png,1,VALID,-0.91845703,2.3144531,-0.99902344,-3.2686532,LCC-FASD external-dev / cross-domain stress set,False
YOUTUBE_PBQ5WTS_ZTEBA2_id43_s0_60.png,1,VALID,-1.0927734,0.9272461,0.15637207,-2.4002411,LCC-FASD external-dev / cross-domain stress set,False
YOUTUBE_PBQ5WTS_ZTEBA2_id43_s0_75.png,1,VALID,-0.9848633,1.6962891,-0.5048828,-2.786119,LCC-FASD external-dev / cross-domain stress set,False
YOUTUBE_PBQ5WTS_ZTEBA2_id43_s0_90.png,1,VALID,-1.0126953,1.0830078,-0.039764404,-2.3773997,LCC-FASD external-dev / cross-domain stress set,False
YOUTUBE_PBQ5WTS_ZTEBA2_id43_s0_147.png,1,VALID,-1.0058594,0.22363281,0.6381836,-2.1512442,LCC-FASD external-dev / cross-domain stress set,False
YOUTUBE_PBQ5WTS_ZTEBA2_id43_s0_162.png,1,VALID,-1.0556641,2.1953125,-0.7861328,-3.3004518,LCC-FASD external-dev / cross-domain stress set,False
YOUTUBE_PBQ5WTS_ZTEBA2_id43_s1_15.png,1,VALID,-0.56347656,2.0761719,-1.0771484,-2.6814716,LCC-FASD external-dev / cross-domain stress set,False
YOUTUBE_PBQ5WTS_ZTEBA2_id43_s1_30.png,1,VALID,-0.7573242,2.6972656,-1.3964844,-3.471129,LCC-FASD external-dev / cross-domain stress set,False
YOUTUBE_PBQ5WTS_ZTEBA2_id43_s1_45.png,1,VALID,-0.6015625,2.046875,-1.1611328,-2.6880784,LCC-FASD external-dev / cross-domain stress set,False
YOUTUBE_PBQ5WTS_ZTEBA2_id43_s1_60.png,1,VALID,-0.7675781,2.5390625,-1.4482422,-3.3250203,LCC-FASD external-dev / cross-domain stress set,False
YOUTUBE_PBQ5WTS_ZTEBA2_id43_s1_75.png,1,VALID,-0.8305664,2.40625,-1.2705078,-3.2618065,LCC-FASD external-dev / cross-domain stress set,False
YOUTUBE_PBQ5WTS_ZTEBA2_id43_s1_90.png,1,VALID,-0.4663086,2.0410156,-1.375,-2.5396395,LCC-FASD external-dev / cross-domain stress set,False
YOUTUBE_PBQ5WTS_ZTEBA2_id43_s1_105.png,1,VALID,-0.57910156,2.2929688,-1.3017578,-2.899168,LCC-FASD external-dev / cross-domain stress set,False
YOUTUBE_PBQ5WTS_ZTEBA2_id43_s1_120.png,1,VALID,-0.70996094,1.9453125,-0.93115234,-2.7100775,LCC-FASD external-dev / cross-domain stress set,False
YOUTUBE_PBQ5WTS_ZTEBA2_id43_s1_135.png,1,VALID,-0.45581055,1.8164062,-1.1337891,-2.323223,LCC-FASD external-dev / cross-domain stress set,False
YOUTUBE_PBQ5WTS_ZTEBA2_id43_s1_150.png,1,VALID,-0.38232422,1.8291016,-1.1435547,-2.261327,LCC-FASD external-dev / cross-domain stress set,False
YOUTUBE_PBQ5WTS_ZTEBA2_id48_s1_15.png,1,VALID,-0.68115234,1.5800781,-1.0732422,-2.329279,LCC-FASD external-dev / cross-domain stress set,False
YOUTUBE_PBQ5WTS_ZTEBA2_id48_s1_30.png,1,VALID,-0.6088867,0.50634766,-0.38500977,-1.458894,LCC-FASD external-dev / cross-domain stress set,False
YOUTUBE_PBQ5WTS_ZTEBA2_id48_s1_45.png,1,VALID,-0.6870117,1.0400391,-0.5126953,-1.919049,LCC-FASD external-dev / cross-domain stress set,False
YOUTUBE_PBQ5WTS_ZTEBA2_id48_s1_60.png,1,VALID,-0.37280273,0.89501953,-0.6533203,-1.4605895,LCC-FASD external-dev / cross-domain stress set,False
YOUTUBE_PBQ5WTS_ZTEBA2_id48_s1_75.png,1,VALID,-0.011444092,0.3149414,-0.8881836,-0.5889455,LCC-FASD external-dev / cross-domain stress set,True
YOUTUBE_PBQ5WTS_ZTEBA2_id48_s1_90.png,1,VALID,-0.9658203,0.3947754,0.20300293,-1.9624467,LCC-FASD external-dev / cross-domain stress set,False
YOUTUBE_PBQ5WTS_ZTEBA2_id48_s1_105.png,1,VALID,-0.6357422,-0.8378906,0.7294922,-1.5546892,LCC-FASD external-dev / cross-domain stress set,False
YOUTUBE_PBQ5WTS_ZTEBA2_id48_s1_120.png,1,VALID,-0.51123047,0.89453125,-0.67041016,-1.5956382,LCC-FASD external-dev / cross-domain stress set,False
YOUTUBE_PBQ5WTS_ZTEBA2_id48_s1_135.png,1,VALID,-0.33618164,-1.0712891,0.4416504,-0.97689724,LCC-FASD external-dev / cross-domain stress set,False
YOUTUBE_PBQ5WTS_ZTEBA2_id48_s1_150.png,1,VALID,-0.52001953,-0.028533936,-0.08050537,-1.1589847,LCC-FASD external-dev / cross-domain stress set,False
YOUTUBE_PRS133S_PRMD3_id39_s0_27.png,1,VALID,-0.3894043,2.2734375,-1.4804688,-2.6859977,LCC-FASD external-dev / cross-domain stress set,False
YOUTUBE_PRS133S_PRMD3_id43_s0_15.png,1,VALID,0.02809143,-0.85546875,0.0769043,-0.38071653,LCC-FASD external-dev / cross-domain stress set,True
YOUTUBE_PRS133S_PRMD3_id43_s0_30.png,1,VALID,0.18383789,-0.38916016,-0.59716797,-0.02154392,LCC-FASD external-dev / cross-domain stress set,True
YOUTUBE_PRS133S_PRMD3_id43_s0_45.png,1,VALID,0.18981934,-1.2431641,0.15661621,-0.18725777,LCC-FASD external-dev / cross-domain stress set,True
YOUTUBE_PRS133S_PRMD3_id43_s0_60.png,1,VALID,0.01133728,-0.8696289,0.1352539,-0.4358675,LCC-FASD external-dev / cross-domain stress set,True
YOUTUBE_PRS133S_PRMD3_id43_s0_81.png,1,VALID,-0.52441406,0.7495117,-0.3659668,-1.5574179,LCC-FASD external-dev / cross-domain stress set,False
YOUTUBE_PRS133S_PRMD3_id43_s0_96.png,1,VALID,-0.14245605,-0.50634766,0.014007568,-0.62290424,LCC-FASD external-dev / cross-domain stress set,False
YOUTUBE_PRS133S_PRMD3_id43_s0_111.png,1,VALID,-0.25585938,0.37304688,-0.38891602,-1.0119548,LCC-FASD external-dev / cross-domain stress set,False
YOUTUBE_PRS133S_PRMD3_id43_s0_142.png,1,VALID,-0.3491211,0.4416504,-0.4182129,-1.1436933,LCC-FASD external-dev / cross-domain stress set,False
YOUTUBE_PRS133S_PRMD3_id43_s1_15.png,1,VALID,1.2041016,-2.0976562,-0.76416016,1.7343332,LCC-FASD external-dev / cross-domain stress set,True
YOUTUBE_PRS133S_PRMD3_id43_s1_30.png,1,VALID,1.109375,-2.5722656,-0.45776367,1.453191,LCC-FASD external-dev / cross-domain stress set,True
YOUTUBE_PRS133S_PRMD3_id43_s1_45.png,1,VALID,1.4970703,-2.2226562,-1.0175781,2.2525392,LCC-FASD external-dev / cross-domain stress set,True
YOUTUBE_PRS133S_PRMD3_id43_s1_60.png,1,VALID,1.5537109,-2.2519531,-1.171875,2.433238,LCC-FASD external-dev / cross-domain stress set,True
YOUTUBE_PRS133S_PRMD3_id43_s1_75.png,1,VALID,1.1386719,-1.9355469,-0.8491211,1.6970503,LCC-FASD external-dev / cross-domain stress set,True
YOUTUBE_PRS133S_PRMD3_id43_s1_90.png,1,VALID,0.8720703,-2.0175781,-0.54345703,1.209343,LCC-FASD external-dev / cross-domain stress set,True
YOUTUBE_PRS133S_PRMD3_id43_s1_105.png,1,VALID,0.5263672,-1.6738281,-0.35864258,0.6472342,LCC-FASD external-dev / cross-domain stress set,True
YOUTUBE_PRS133S_PRMD3_id43_s1_128.png,1,VALID,-0.41918945,0.8432617,-0.34960938,-1.5273883,LCC-FASD external-dev / cross-domain stress set,False
YOUTUBE_PRS133S_PRMD3_id43_s1_143.png,1,VALID,0.78125,-1.0947266,-0.6298828,0.9236373,LCC-FASD external-dev / cross-domain stress set,True
YOUTUBE_PRS133S_PRMD3_id43_s1_158.png,1,VALID,0.74658203,-1.7001953,-0.36132812,0.87509954,LCC-FASD external-dev / cross-domain stress set,True
YOUTUBE_PRS133S_PRMD3_id48_s1_15.png,1,VALID,0.4477539,-1.7177734,0.1616211,0.14404094,LCC-FASD external-dev / cross-domain stress set,True
YOUTUBE_PRS133S_PRMD3_id48_s1_30.png,1,VALID,0.5654297,-1.3730469,-0.24975586,0.5336163,LCC-FASD external-dev / cross-domain stress set,True
YOUTUBE_PRS133S_PRMD3_id48_s1_45.png,1,VALID,0.7602539,-1.6835938,-0.32128906,0.85355526,LCC-FASD external-dev / cross-domain stress set,True
YOUTUBE_PRS133S_PRMD3_id48_s1_60.png,1,VALID,0.94970703,-1.6396484,-0.5805664,1.2325613,LCC-FASD external-dev / cross-domain stress set,True
YOUTUBE_PRS133S_PRMD3_id48_s1_75.png,1,VALID,0.75927734,-1.2441406,-0.4716797,0.8512372,LCC-FASD external-dev / cross-domain stress set,True
YOUTUBE_PRS133S_PRMD3_id48_s1_90.png,1,VALID,-0.068359375,-1.0234375,0.32617188,-0.62512016,LCC-FASD external-dev / cross-domain stress set,False
YOUTUBE_PRS133S_PRMD3_id48_s1_107.png,1,VALID,1.1914062,-1.6054688,-0.8251953,1.6393435,LCC-FASD external-dev / cross-domain stress set,True
YOUTUBE_PRS133S_PRMD3_id48_s1_122.png,1,VALID,0.44262695,-0.6245117,-0.7480469,0.43385273,LCC-FASD external-dev / cross-domain stress set,True
YOUTUBE_PRS133S_PRMD3_id48_s1_137.png,1,VALID,1.2949219,-2.0761719,-0.7104492,1.7780792,LCC-FASD external-dev / cross-domain stress set,True
YOUTUBE_PRS133S_PRMD3_id48_s1_152.png,1,VALID,1.3896484,-1.9990234,-0.9399414,2.0318778,LCC-FASD external-dev / cross-domain stress set,True
YOUTUBE_S198150N_GM5_id48_s0_105.png,1,VALID,-1.1152344,1.7255859,-0.47045898,-2.9462988,LCC-FASD external-dev / cross-domain stress set,False
YOUTUBE_P223V5LSB_LS650_id42_s1_61.png,1,VALID,-0.8046875,2.3046875,-1.0683594,-3.1430855,LCC-FASD external-dev / cross-domain stress set,False
YOUTUBE_P223V5LSB_LS650_id42_s1_76.png,1,VALID,-1.0966797,2.5605469,-0.8588867,-3.6894333,LCC-FASD external-dev / cross-domain stress set,False
YOUTUBE_P223V5LSB_LS650_id42_s1_92.png,1,VALID,-0.8979492,2.3652344,-0.87109375,-3.3017387,LCC-FASD external-dev / cross-domain stress set,False
YOUTUBE_P226VLSB00_HONOR4CCHMU01_id39_s0_15.png,1,VALID,0.10449219,-0.05230713,-0.34716797,-0.39974618,LCC-FASD external-dev / cross-domain stress set,True
YOUTUBE_P226VLSB00_HONOR4CCHMU01_id39_s0_41.png,1,VALID,0.44335938,-0.39868164,-0.58251953,0.23659414,LCC-FASD external-dev / cross-domain stress set,True
YOUTUBE_P226VLSB00_HONOR4CCHMU01_id39_s0_56.png,1,VALID,0.2590332,-0.38061523,-0.43066406,-0.028787374,LCC-FASD external-dev / cross-domain stress set,True
YOUTUBE_P226VLSB00_HONOR4CCHMU01_id39_s0_81.png,1,VALID,0.13842773,-0.095336914,-0.3647461,-0.3337233,LCC-FASD external-dev / cross-domain stress set,True
YOUTUBE_P226VLSB00_HONOR4CCHMU01_id48_s1_15.png,1,VALID,-0.59765625,0.42089844,-0.055236816,-1.5017086,LCC-FASD external-dev / cross-domain stress set,False
YOUTUBE_P226VLSB00_HONOR4CCHMU01_id48_s1_30.png,1,VALID,-0.75927734,-0.93066406,1.1914062,-2.063819,LCC-FASD external-dev / cross-domain stress set,False
YOUTUBE_P226VLSB00_HONOR4CCHMU01_id48_s1_45.png,1,VALID,-0.38500977,-0.41870117,0.15258789,-0.9853537,LCC-FASD external-dev / cross-domain stress set,False
YOUTUBE_P226VLSB00_HONOR4CCHMU01_id48_s1_60.png,1,VALID,-0.15649414,0.6464844,-0.60253906,-1.0551252,LCC-FASD external-dev / cross-domain stress set,False
YOUTUBE_P226VLSB00_HONOR4CCHMU01_id48_s1_75.png,1,VALID,-0.66064453,-0.18347168,0.47851562,-1.5551202,LCC-FASD external-dev / cross-domain stress set,False
YOUTUBE_P226VLSB00_HONOR4CCHMU01_id48_s1_90.png,1,VALID,-1.0927734,-0.52246094,1.1914062,-2.4498363,LCC-FASD external-dev / cross-domain stress set,False
YOUTUBE_P226VLSB00_HONOR4CCHMU01_id48_s1_105.png,1,VALID,-0.36376953,0.022521973,0.10308838,-1.120533,LCC-FASD external-dev / cross-domain stress set,False
YOUTUBE_P226VLSB00_HONOR4CCHMU01_id48_s1_120.png,1,VALID,0.052490234,-0.37719727,-0.19189453,-0.3603971,LCC-FASD external-dev / cross-domain stress set,True
YOUTUBE_P226VLSB00_HONOR4CCHMU01_id48_s1_135.png,1,VALID,-0.86279297,0.80029297,-0.024337769,-2.0266151,LCC-FASD external-dev / cross-domain stress set,False
YOUTUBE_P226VLSB00_HONOR4CCHMU01_id48_s1_150.png,1,VALID,-0.6376953,0.43701172,0.076538086,-1.6037729,LCC-FASD external-dev / cross-domain stress set,False
YOUTUBE_PBLS11HR_HONOR9L_id39_s1_15.png,1,VALID,-0.13989258,0.9394531,-1.0244141,-1.21065,LCC-FASD external-dev / cross-domain stress set,False
YOUTUBE_PBLS11HR_HONOR9L_id39_s1_30.png,1,VALID,-0.29882812,0.8378906,-0.71972656,-1.3278657,LCC-FASD external-dev / cross-domain stress set,False
YOUTUBE_PBLS11HR_HONOR9L_id39_s1_45.png,1,VALID,-0.43579102,0.8198242,-0.625,-1.4673237,LCC-FASD external-dev / cross-domain stress set,False
YOUTUBE_PBLS11HR_HONOR9L_id39_s1_60.png,1,VALID,-0.35351562,1.6455078,-1.1386719,-2.05897,LCC-FASD external-dev / cross-domain stress set,False
YOUTUBE_PBLS11HR_HONOR9L_id39_s1_75.png,1,VALID,-0.40527344,0.95166016,-0.6381836,-1.5425476,LCC-FASD external-dev / cross-domain stress set,False
YOUTUBE_PBLS11HR_HONOR9L_id39_s1_90.png,1,VALID,-0.6982422,1.7685547,-0.8666992,-2.5360436,LCC-FASD external-dev / cross-domain stress set,False
YOUTUBE_PBLS11HR_HONOR9L_id39_s1_105.png,1,VALID,0.11022949,1.0791016,-1.4150391,-1.0482074,LCC-FASD external-dev / cross-domain stress set,False
YOUTUBE_PBLS11HR_HONOR9L_id39_s1_120.png,1,VALID,0.38256836,0.17004395,-1.2041016,-0.013060808,LCC-FASD external-dev / cross-domain stress set,True
YOUTUBE_PBLS11HR_HONOR9L_id39_s1_135.png,1,VALID,0.22399902,0.02545166,-0.9277344,-0.12752151,LCC-FASD external-dev / cross-domain stress set,True
YOUTUBE_PBLS11HR_HONOR9L_id42_s0_15.png,1,VALID,-0.87597656,1.3066406,-0.41625977,-2.3469,LCC-FASD external-dev / cross-domain stress set,False
YOUTUBE_PBLS11HR_HONOR9L_id42_s0_30.png,1,VALID,-0.88623047,1.2998047,-0.46362305,-2.3442826,LCC-FASD external-dev / cross-domain stress set,False
YOUTUBE_PBLS11HR_HONOR9L_id42_s0_45.png,1,VALID,-0.5751953,1.1542969,-0.6796875,-1.8777188,LCC-FASD external-dev / cross-domain stress set,False
YOUTUBE_PBLS11HR_HONOR9L_id42_s0_60.png,1,VALID,-0.56152344,1.0878906,-0.63916016,-1.8130692,LCC-FASD external-dev / cross-domain stress set,False
YOUTUBE_PBLS11HR_HONOR9L_id42_s0_75.png,1,VALID,-0.5908203,1.1298828,-0.66259766,-1.8747509,LCC-FASD external-dev / cross-domain stress set,False
YOUTUBE_PBLS11HR_HONOR9L_id42_s0_90.png,1,VALID,-0.75439453,1.1445312,-0.49243164,-2.0767121,LCC-FASD external-dev / cross-domain stress set,False
YOUTUBE_PBLS11HR_HONOR9L_id42_s0_105.png,1,VALID,-0.92822266,1.7861328,-0.7631836,-2.7895882,LCC-FASD external-dev / cross-domain stress set,False
YOUTUBE_PBLS11HR_HONOR9L_id42_s0_120.png,1,VALID,-0.6816406,1.5332031,-0.8095703,-2.3065665,LCC-FASD external-dev / cross-domain stress set,False
YOUTUBE_PBLS11HR_HONOR9L_id42_s0_135.png,1,VALID,-0.6489258,1.390625,-0.7763672,-2.147976,LCC-FASD external-dev / cross-domain stress set,False
YOUTUBE_PBLS11HR_HONOR9L_id42_s0_150.png,1,VALID,-0.69628906,1.6494141,-0.8178711,-2.4271123,LCC-FASD external-dev / cross-domain stress set,False
YOUTUBE_PBLS11HR_HONOR9L_id42_s1_17.png,1,VALID,-0.6020508,1.9296875,-1.1386719,-2.577187,LCC-FASD external-dev / cross-domain stress set,False
YOUTUBE_PBLS11HR_HONOR9L_id42_s1_32.png,1,VALID,-0.5410156,1.9101562,-1.0927734,-2.4996204,LCC-FASD external-dev / cross-domain stress set,False
YOUTUBE_PBLS11HR_HONOR9L_id42_s1_47.png,1,VALID,-0.11621094,1.0849609,-1.1220703,-1.305556,LCC-FASD external-dev / cross-domain stress set,False
YOUTUBE_PBLS11HR_HONOR9L_id42_s1_62.png,1,VALID,-0.69677734,1.9003906,-1.0566406,-2.6478353,LCC-FASD external-dev / cross-domain stress set,False
YOUTUBE_PBLS11HR_HONOR9L_id42_s1_77.png,1,VALID,-0.4675293,1.5058594,-1.0830078,-2.0458071,LCC-FASD external-dev / cross-domain stress set,False
YOUTUBE_PBLS11HR_HONOR9L_id42_s1_92.png,1,VALID,-0.13415527,1.0830078,-1.1611328,-1.3179299,LCC-FASD external-dev / cross-domain stress set,False
YOUTUBE_PBLS11HR_HONOR9L_id42_s1_107.png,1,VALID,-0.6508789,1.2431641,-0.7294922,-2.02427,LCC-FASD external-dev / cross-domain stress set,False
YOUTUBE_PBLS11HR_HONOR9L_id42_s1_133.png,1,VALID,-0.52197266,1.1289062,-0.71972656,-1.7971003,LCC-FASD external-dev / cross-domain stress set,False
YOUTUBE_PBLS11HR_HONOR9L_id42_s1_148.png,1,VALID,-0.5678711,1.6464844,-0.9506836,-2.2861962,LCC-FASD external-dev / cross-domain stress set,False
YOUTUBE_PBLS11HR_HONOR9L_id42_s1_165.png,1,VALID,-0.052612305,0.98291016,-1.0195312,-1.1621597,LCC-FASD external-dev / cross-domain stress set,False
YOUTUBE_PBQ5WTS_ZTEBA2_id39_s0_17.png,1,VALID,-0.072143555,1.7617188,-1.4316406,-1.8740765,LCC-FASD external-dev / cross-domain stress set,False
YOUTUBE_PBQ5WTS_ZTEBA2_id39_s0_36.png,1,VALID,-0.76708984,1.5625,-0.5649414,-2.442152,LCC-FASD external-dev / cross-domain stress set,False
YOUTUBE_PBQ5WTS_ZTEBA2_id43_s0_117.png,1,VALID,-0.7763672,1.734375,-0.7866211,-2.5880547,LCC-FASD external-dev / cross-domain stress set,False
YOUTUBE_PBQ5WTS_ZTEBA2_id43_s0_132.png,1,VALID,-1.1572266,0.21936035,0.84033203,-2.4276655,LCC-FASD external-dev / cross-domain stress set,False
YOUTUBE_MBP1314_IPHONE8F_id48_s0_75.png,1,VALID,-0.29638672,0.6459961,-0.609375,-1.1931182,LCC-FASD external-dev / cross-domain stress set,False
YOUTUBE_MBP1314_IPHONE8F_id48_s0_90.png,1,VALID,0.043426514,0.4741211,-0.83447266,-0.66986877,LCC-FASD external-dev / cross-domain stress set,False
YOUTUBE_MSIGS60_SGJ5_id39_s1_16.png,1,VALID,0.060455322,0.16320801,-0.86865234,-0.4075451,LCC-FASD external-dev / cross-domain stress set,True
YOUTUBE_MSIGS60_SGJ5_id39_s1_31.png,1,VALID,-0.20812988,0.9199219,-0.9399414,-1.2727526,LCC-FASD external-dev / cross-domain stress set,False
YOUTUBE_MSIGS60_SGJ5_id39_s1_65.png,1,VALID,-0.068237305,0.54785156,-0.8105469,-0.84487426,LCC-FASD external-dev / cross-domain stress set,False
YOUTUBE_MSIGS60_SGJ5_id39_s1_95.png,1,VALID,-0.36254883,0.68066406,-0.56591797,-1.2959042,LCC-FASD external-dev / cross-domain stress set,False
YOUTUBE_MSIGS60_SGJ5_id39_s1_110.png,1,VALID,-0.45043945,1.1230469,-0.72558594,-1.7197077,LCC-FASD external-dev / cross-domain stress set,False
YOUTUBE_MSIGS60_SGJ5_id39_s1_126.png,1,VALID,-0.28686523,0.94873047,-0.97021484,-1.3725377,LCC-FASD external-dev / cross-domain stress set,False
YOUTUBE_MSIGS60_SGJ5_id39_s1_141.png,1,VALID,-0.3503418,0.86816406,-0.79785156,-1.3916173,LCC-FASD external-dev / cross-domain stress set,False
YOUTUBE_MSIGS60_SGJ5_id42_s0_15.png,1,VALID,0.9135742,-1.4638672,-0.65185547,1.1980376,LCC-FASD external-dev / cross-domain stress set,True
YOUTUBE_MSIGS60_SGJ5_id42_s0_30.png,1,VALID,0.9301758,-1.5673828,-0.5708008,1.1867945,LCC-FASD external-dev / cross-domain stress set,True
YOUTUBE_MSIGS60_SGJ5_id42_s0_45.png,1,VALID,0.91064453,-1.1660156,-0.8745117,1.2271767,LCC-FASD external-dev / cross-domain stress set,True
YOUTUBE_MSIGS60_SGJ5_id42_s0_60.png,1,VALID,1.0878906,-1.9160156,-0.65478516,1.4932369,LCC-FASD external-dev / cross-domain stress set,True
YOUTUBE_MSIGS60_SGJ5_id42_s0_75.png,1,VALID,1.0839844,-1.4609375,-0.8618164,1.5080013,LCC-FASD external-dev / cross-domain stress set,True
YOUTUBE_MSIGS60_SGJ5_id42_s0_90.png,1,VALID,1.1132812,-1.46875,-0.9863281,1.6188595,LCC-FASD external-dev / cross-domain stress set,True
YOUTUBE_MSIGS60_SGJ5_id42_s0_105.png,1,VALID,0.94091797,-1.2158203,-0.89208984,1.2886825,LCC-FASD external-dev / cross-domain stress set,True
YOUTUBE_MSIGS60_SGJ5_id42_s0_120.png,1,VALID,0.8779297,-1.2226562,-0.7993164,1.1735321,LCC-FASD external-dev / cross-domain stress set,True
YOUTUBE_MSIGS60_SGJ5_id42_s0_135.png,1,VALID,0.9526367,-1.0498047,-0.8442383,1.201238,LCC-FASD external-dev / cross-domain stress set,True
YOUTUBE_MSIGS60_SGJ5_id42_s0_150.png,1,VALID,0.9428711,-1.3720703,-0.7524414,1.2647359,LCC-FASD external-dev / cross-domain stress set,True
YOUTUBE_MSIGS60_SGJ5_id42_s1_16.png,1,VALID,1.2832031,-1.0205078,-1.171875,1.6833861,LCC-FASD external-dev / cross-domain stress set,True
YOUTUBE_MSIGS60_SGJ5_id42_s1_31.png,1,VALID,0.37231445,-0.19006348,-0.7055664,0.09412575,LCC-FASD external-dev / cross-domain stress set,True
YOUTUBE_MSIGS60_SGJ5_id42_s1_46.png,1,VALID,0.33569336,-0.57470703,-0.4013672,0.12683213,LCC-FASD external-dev / cross-domain stress set,True
YOUTUBE_MSIGS60_SGJ5_id42_s1_61.png,1,VALID,0.7416992,-0.9658203,-0.6635742,0.8518734,LCC-FASD external-dev / cross-domain stress set,True
YOUTUBE_MSIGS60_SGJ5_id42_s1_77.png,1,VALID,0.38354492,0.11791992,-0.7993164,-0.070577174,LCC-FASD external-dev / cross-domain stress set,True
YOUTUBE_MSIGS60_SGJ5_id42_s1_92.png,1,VALID,0.76220703,-1.0078125,-0.62060547,0.8646436,LCC-FASD external-dev / cross-domain stress set,True
YOUTUBE_MSIGS60_SGJ5_id42_s1_146.png,1,VALID,1.0986328,-0.48291016,-1.1044922,1.1516492,LCC-FASD external-dev / cross-domain stress set,True
YOUTUBE_MSIGS60_SGJ5_id42_s1_180.png,1,VALID,1.5126953,-1.4589844,-1.3173828,2.2052274,LCC-FASD external-dev / cross-domain stress set,True
YOUTUBE_NEC90GX2_ZC554KL_id39_s1_30.png,1,VALID,0.8671875,-0.4477539,-1.3769531,0.9821403,LCC-FASD external-dev / cross-domain stress set,True
YOUTUBE_NEC90GX2_ZC554KL_id39_s1_45.png,1,VALID,0.69873047,0.009269714,-1.3349609,0.45776168,LCC-FASD external-dev / cross-domain stress set,True
YOUTUBE_NEC90GX2_ZC554KL_id39_s1_67.png,1,VALID,0.91064453,-0.66845703,-1.2685547,1.1416483,LCC-FASD external-dev / cross-domain stress set,True
YOUTUBE_NEC90GX2_ZC554KL_id39_s1_87.png,1,VALID,1.4609375,-0.37646484,-1.9609375,1.6508763,LCC-FASD external-dev / cross-domain stress set,True
YOUTUBE_NEC90GX2_ZC554KL_id39_s1_103.png,1,VALID,0.8027344,-0.16638184,-1.7060547,0.77482384,LCC-FASD external-dev / cross-domain stress set,True
YOUTUBE_NEC90GX2_ZC554KL_id39_s1_118.png,1,VALID,0.45654297,-0.25439453,-1.2851562,0.40585634,LCC-FASD external-dev / cross-domain stress set,True
YOUTUBE_NEC90GX2_ZC554KL_id39_s1_133.png,1,VALID,0.94873047,-0.7089844,-1.4677734,1.2736552,LCC-FASD external-dev / cross-domain stress set,True
YOUTUBE_P223V5LSB_LS650_id39_s1_15.png,1,VALID,-1.1220703,2.9257812,-1.2207031,-4.0635476,LCC-FASD external-dev / cross-domain stress set,False
YOUTUBE_P223V5LSB_LS650_id39_s1_55.png,1,VALID,-1.2626953,2.890625,-0.9394531,-4.174796,LCC-FASD external-dev / cross-domain stress set,False
YOUTUBE_P223V5LSB_LS650_id39_s1_92.png,1,VALID,-1.0322266,2.6464844,-1.0097656,-3.7042122,LCC-FASD external-dev / cross-domain stress set,False
YOUTUBE_P223V5LSB_LS650_id39_s1_107.png,1,VALID,-1.1748047,2.7070312,-1.0224609,-3.9055574,LCC-FASD external-dev / cross-domain stress set,False
YOUTUBE_P223V5LSB_LS650_id39_s1_124.png,1,VALID,-1.0859375,2.5722656,-1.0644531,-3.6842008,LCC-FASD external-dev / cross-domain stress set,False
YOUTUBE_P223V5LSB_LS650_id42_s0_35.png,1,VALID,-1.0722656,1.9052734,-0.78125,-3.0434368,LCC-FASD external-dev / cross-domain stress set,False
YOUTUBE_P223V5LSB_LS650_id42_s0_74.png,1,VALID,-1.3232422,1.9833984,-0.5761719,-3.3811338,LCC-FASD external-dev / cross-domain stress set,False
YOUTUBE_P223V5LSB_LS650_id42_s0_89.png,1,VALID,-1.2246094,2.0234375,-0.6513672,-3.3146958,LCC-FASD external-dev / cross-domain stress set,False
YOUTUBE_P223V5LSB_LS650_id42_s0_104.png,1,VALID,-1.3505859,2.4101562,-0.78222656,-3.8009949,LCC-FASD external-dev / cross-domain stress set,False
YOUTUBE_P223V5LSB_LS650_id42_s0_119.png,1,VALID,-1.2089844,2.2265625,-0.8642578,-3.4800084,LCC-FASD external-dev / cross-domain stress set,False
YOUTUBE_P223V5LSB_LS650_id42_s0_136.png,1,VALID,-1.4384766,2.3085938,-0.66845703,-3.7967582,LCC-FASD external-dev / cross-domain stress set,False
YOUTUBE_P223V5LSB_LS650_id42_s0_151.png,1,VALID,-1.2539062,2.0703125,-0.5966797,-3.3913734,LCC-FASD external-dev / cross-domain stress set,False
YOUTUBE_P223V5LSB_LS650_id42_s0_166.png,1,VALID,-0.6870117,1.7666016,-0.9760742,-2.5160224,LCC-FASD external-dev / cross-domain stress set,False
YOUTUBE_P223V5LSB_LS650_id42_s0_181.png,1,VALID,-0.3935547,1.4521484,-1.1279297,-1.918738,LCC-FASD external-dev / cross-domain stress set,False
YOUTUBE_P223V5LSB_LS650_id42_s0_196.png,1,VALID,-0.7260742,1.8076172,-1.0419922,-2.5899458,LCC-FASD external-dev / cross-domain stress set,False
YOUTUBE_P223V5LSB_LS650_id42_s1_15.png,1,VALID,-0.57421875,2.0488281,-1.1494141,-2.6630692,LCC-FASD external-dev / cross-domain stress set,False
YOUTUBE_P223V5LSB_LS650_id42_s1_31.png,1,VALID,-0.92089844,2.3984375,-1.0029297,-3.3521204,LCC-FASD external-dev / cross-domain stress set,False
YOUTUBE_P223V5LSB_LS650_id42_s1_46.png,1,VALID,-0.63378906,2.2773438,-1.2724609,-2.9394581,LCC-FASD external-dev / cross-domain stress set,False
YOUTUBE_MBP1314_IPHONE8B_id42_s0_15.png,1,VALID,1.1894531,-1.6035156,-1.0693359,1.7974794,LCC-FASD external-dev / cross-domain stress set,True
YOUTUBE_MBP1314_IPHONE8B_id42_s0_38.png,1,VALID,1.3085938,-1.640625,-1.1875,2.0040603,LCC-FASD external-dev / cross-domain stress set,True
YOUTUBE_MBP1314_IPHONE8B_id42_s0_58.png,1,VALID,1.4267578,-1.7998047,-1.4150391,2.32264,LCC-FASD external-dev / cross-domain stress set,True
YOUTUBE_MBP1314_IPHONE8B_id42_s0_73.png,1,VALID,1.375,-1.7333984,-1.1396484,2.0749412,LCC-FASD external-dev / cross-domain stress set,True
YOUTUBE_MBP1314_IPHONE8B_id42_s0_88.png,1,VALID,1.2207031,-1.6445312,-1.1152344,1.8728206,LCC-FASD external-dev / cross-domain stress set,True
YOUTUBE_MBP1314_IPHONE8B_id42_s0_148.png,1,VALID,1.3632812,-1.796875,-1.2421875,2.1516886,LCC-FASD external-dev / cross-domain stress set,True
YOUTUBE_MBP1314_IPHONE8B_id42_s0_163.png,1,VALID,1.1845703,-1.4755859,-1.2324219,1.8380541,LCC-FASD external-dev / cross-domain stress set,True
YOUTUBE_MBP1314_IPHONE8B_id42_s1_15.png,1,VALID,1.8916016,-1.3535156,-1.8173828,2.7572446,LCC-FASD external-dev / cross-domain stress set,True
YOUTUBE_MBP1314_IPHONE8B_id42_s1_30.png,1,VALID,1.5537109,-1.1337891,-1.4804688,2.152744,LCC-FASD external-dev / cross-domain stress set,True
YOUTUBE_MBP1314_IPHONE8B_id42_s1_45.png,1,VALID,1.2539062,-1.1933594,-1.0498047,1.6797674,LCC-FASD external-dev / cross-domain stress set,True
YOUTUBE_MBP1314_IPHONE8B_id42_s1_60.png,1,VALID,1.6054688,-1.9003906,-1.3291016,2.4868143,LCC-FASD external-dev / cross-domain stress set,True
YOUTUBE_MBP1314_IPHONE8B_id43_s0_15.png,1,VALID,0.38330078,-1.4765625,0.04852295,0.13789408,LCC-FASD external-dev / cross-domain stress set,True
YOUTUBE_MBP1314_IPHONE8B_id43_s0_30.png,1,VALID,0.97021484,-2.0546875,-0.4494629,1.2366527,LCC-FASD external-dev / cross-domain stress set,True
YOUTUBE_MBP1314_IPHONE8B_id43_s0_45.png,1,VALID,0.6323242,-0.9145508,-0.7348633,0.75985354,LCC-FASD external-dev / cross-domain stress set,True
YOUTUBE_MBP1314_IPHONE8B_id43_s0_62.png,1,VALID,0.35620117,-1.8896484,0.22705078,0.015439242,LCC-FASD external-dev / cross-domain stress set,True
YOUTUBE_MBP1314_IPHONE8B_id43_s0_82.png,1,VALID,-0.20397949,-1.5576172,0.6767578,-0.9824443,LCC-FASD external-dev / cross-domain stress set,False
YOUTUBE_MBP1314_IPHONE8B_id43_s0_97.png,1,VALID,0.58447266,-1.5664062,-0.21105957,0.566122,LCC-FASD external-dev / cross-domain stress set,True
YOUTUBE_MBP1314_IPHONE8B_id43_s0_113.png,1,VALID,1.4951172,-1.9560547,-1.0361328,2.195814,LCC-FASD external-dev / cross-domain stress set,True
YOUTUBE_MBP1314_IPHONE8B_id43_s0_128.png,1,VALID,0.22888184,-1.3222656,0.0030670166,-0.009821981,LCC-FASD external-dev / cross-domain stress set,True
YOUTUBE_MBP1314_IPHONE8B_id43_s0_143.png,1,VALID,1.0087891,-2.1210938,-0.40673828,1.2499454,LCC-FASD external-dev / cross-domain stress set,True
YOUTUBE_MBP1314_IPHONE8B_id43_s0_158.png,1,VALID,0.47753906,-1.0429688,-0.4128418,0.46346474,LCC-FASD external-dev / cross-domain stress set,True
YOUTUBE_MBP1314_IPHONE8B_id43_s1_15.png,1,VALID,1.7851562,-2.0957031,-1.5009766,2.8467731,LCC-FASD external-dev / cross-domain stress set,True
YOUTUBE_MBP1314_IPHONE8B_id43_s1_30.png,1,VALID,1.7392578,-1.9414062,-1.4931641,2.7384882,LCC-FASD external-dev / cross-domain stress set,True
YOUTUBE_MBP1314_IPHONE8B_id43_s1_45.png,1,VALID,1.5,-2.0605469,-1.1455078,2.3086777,LCC-FASD external-dev / cross-domain stress set,True
YOUTUBE_MBP1314_IPHONE8B_id43_s1_60.png,1,VALID,1.5078125,-1.7158203,-1.4082031,2.3648949,LCC-FASD external-dev / cross-domain stress set,True
YOUTUBE_MBP1314_IPHONE8B_id43_s1_75.png,1,VALID,1.5527344,-1.6699219,-1.3691406,2.3678522,LCC-FASD external-dev / cross-domain stress set,True
YOUTUBE_MBP1314_IPHONE8B_id43_s1_90.png,1,VALID,1.5537109,-1.7128906,-1.3203125,2.3580232,LCC-FASD external-dev / cross-domain stress set,True
YOUTUBE_MBP1314_IPHONE8B_id43_s1_105.png,1,VALID,1.5439453,-1.9785156,-1.4257812,2.5152335,LCC-FASD external-dev / cross-domain stress set,True
YOUTUBE_MBP1314_IPHONE8B_id43_s1_120.png,1,VALID,1.6005859,-2.3496094,-1.3222656,2.6168704,LCC-FASD external-dev / cross-domain stress set,True
YOUTUBE_MBP1314_IPHONE8B_id43_s1_135.png,1,VALID,1.6982422,-2.1152344,-1.4335938,2.7225206,LCC-FASD external-dev / cross-domain stress set,True
YOUTUBE_MBP1314_IPHONE8B_id43_s1_150.png,1,VALID,1.4794922,-2.0917969,-1.4384766,2.499051,LCC-FASD external-dev / cross-domain stress set,True
YOUTUBE_MBP1314_IPHONE8B_id48_s1_15.png,1,VALID,1.0166016,-1.2734375,-1.2392578,1.5796561,LCC-FASD external-dev / cross-domain stress set,True
YOUTUBE_MBP1314_IPHONE8B_id48_s1_30.png,1,VALID,0.7348633,-1.8623047,-0.4572754,0.9727141,LCC-FASD external-dev / cross-domain stress set,True
YOUTUBE_MBP1314_IPHONE8B_id48_s1_45.png,1,VALID,0.8520508,-1.2910156,-0.7133789,1.1199601,LCC-FASD external-dev / cross-domain stress set,True
YOUTUBE_MBP1314_IPHONE8B_id48_s1_60.png,1,VALID,0.5600586,-0.5800781,-0.9213867,0.6031525,LCC-FASD external-dev / cross-domain stress set,True
YOUTUBE_MBP1314_IPHONE8B_id48_s1_75.png,1,VALID,0.13659668,0.13110352,-0.8745117,-0.30626142,LCC-FASD external-dev / cross-domain stress set,True
YOUTUBE_MBP1314_IPHONE8B_id48_s1_90.png,1,VALID,-0.97998047,-1.3173828,1.4794922,-2.5186849,LCC-FASD external-dev / cross-domain stress set,False
YOUTUBE_MBP1314_IPHONE8B_id48_s1_105.png,1,VALID,0.09051514,-0.9355469,-0.1616211,-0.12712106,LCC-FASD external-dev / cross-domain stress set,True
YOUTUBE_MBP1314_IPHONE8B_id48_s1_120.png,1,VALID,0.28393555,-0.37280273,-0.62060547,0.07983625,LCC-FASD external-dev / cross-domain stress set,True
YOUTUBE_MBP1314_IPHONE8B_id48_s1_135.png,1,VALID,0.16235352,-1.0390625,-0.120666504,-0.05285111,LCC-FASD external-dev / cross-domain stress set,True
YOUTUBE_MBP1314_IPHONE8B_id48_s1_150.png,1,VALID,0.69873047,-1.5166016,-0.55566406,0.9304764,LCC-FASD external-dev / cross-domain stress set,True
YOUTUBE_MBP1314_IPHONE8F_id48_s0_15.png,1,VALID,0.02571106,1.5439453,-1.6972656,-1.5566051,LCC-FASD external-dev / cross-domain stress set,False
YOUTUBE_MBP1314_IPHONE8F_id48_s0_30.png,1,VALID,-0.54296875,1.8710938,-1.0615234,-2.4659503,LCC-FASD external-dev / cross-domain stress set,False
YOUTUBE_MBP1314_IPHONE8F_id48_s0_45.png,1,VALID,-0.9711914,2.3632812,-1.0273438,-3.3676052,LCC-FASD external-dev / cross-domain stress set,False
YOUTUBE_MBP1314_IPHONE8F_id48_s0_60.png,1,VALID,-0.12030029,0.67089844,-0.84277344,-0.9901318,LCC-FASD external-dev / cross-domain stress set,False
YOUTUBE_MBP1314_IPHONE8F_id48_s0_105.png,1,VALID,-0.89941406,2.2304688,-0.95996094,-3.1702127,LCC-FASD external-dev / cross-domain stress set,False
YOUTUBE_MBP1314_IPHONE8F_id48_s0_120.png,1,VALID,-0.4465332,0.2142334,-0.17785645,-1.1769638,LCC-FASD external-dev / cross-domain stress set,False
YOUTUBE_MBP1314_IPHONE8F_id48_s0_135.png,1,VALID,-0.2355957,1.2080078,-1.0566406,-1.5424227,LCC-FASD external-dev / cross-domain stress set,False
YOUTUBE_MBP1314_IPHONE8F_id48_s0_150.png,1,VALID,0.61865234,-0.89990234,-0.5957031,0.6617851,LCC-FASD external-dev / cross-domain stress set,True
YOUTUBE_LGFIPS235VBN_SMA500F_id43_s0_17.png,1,VALID,-0.68652344,-0.875,1.0546875,-1.8767846,LCC-FASD external-dev / cross-domain stress set,False
YOUTUBE_LGFIPS235VBN_SMA500F_id43_s0_32.png,1,VALID,-0.5830078,-0.31445312,0.37768555,-1.3664948,LCC-FASD external-dev / cross-domain stress set,False
YOUTUBE_LGFIPS235VBN_SMA500F_id43_s0_49.png,1,VALID,-0.6040039,0.21008301,0.05456543,-1.4324955,LCC-FASD external-dev / cross-domain stress set,False
YOUTUBE_LGFIPS235VBN_SMA500F_id43_s0_67.png,1,VALID,-0.46899414,-1.6269531,1.2626953,-1.7857947,LCC-FASD external-dev / cross-domain stress set,False
YOUTUBE_LGFIPS235VBN_SMA500F_id43_s0_86.png,1,VALID,-0.44580078,-1.6240234,1.2402344,-1.7414939,LCC-FASD external-dev / cross-domain stress set,False
YOUTUBE_LGFIPS235VBN_SMA500F_id43_s0_150.png,1,VALID,-0.14929199,-0.96875,0.33935547,-0.72792554,LCC-FASD external-dev / cross-domain stress set,False
YOUTUBE_LGFIPS235VBN_SMA500F_id43_s0_165.png,1,VALID,-0.17919922,0.37548828,-0.5522461,-0.8879035,LCC-FASD external-dev / cross-domain stress set,False
YOUTUBE_LGFIPS235VBN_SMA500F_id43_s1_15.png,1,VALID,1.0039062,-1.9345703,-0.55859375,1.3372843,LCC-FASD external-dev / cross-domain stress set,True
YOUTUBE_LGFIPS235VBN_SMA500F_id43_s1_30.png,1,VALID,0.77734375,-1.2636719,-0.6020508,0.96330994,LCC-FASD external-dev / cross-domain stress set,True
YOUTUBE_LGFIPS235VBN_SMA500F_id43_s1_45.png,1,VALID,1.5908203,-2.3359375,-1.0517578,2.3981605,LCC-FASD external-dev / cross-domain stress set,True
YOUTUBE_LGFIPS235VBN_SMA500F_id43_s1_62.png,1,VALID,0.2836914,-1.1318359,-0.15698242,0.12058684,LCC-FASD external-dev / cross-domain stress set,True
YOUTUBE_LGFIPS235VBN_SMA500F_id43_s1_77.png,1,VALID,-0.31274414,0.80126953,-0.7285156,-1.3100591,LCC-FASD external-dev / cross-domain stress set,False
YOUTUBE_LGFIPS235VBN_SMA500F_id43_s1_92.png,1,VALID,0.7363281,-1.2753906,-0.8125,1.0605786,LCC-FASD external-dev / cross-domain stress set,True
YOUTUBE_LGFIPS235VBN_SMA500F_id43_s1_107.png,1,VALID,0.74365234,-1.5527344,-0.52246094,0.96090364,LCC-FASD external-dev / cross-domain stress set,True
YOUTUBE_LGFIPS235VBN_SMA500F_id43_s1_122.png,1,VALID,0.98535156,-0.9814453,-1.2998047,1.4202135,LCC-FASD external-dev / cross-domain stress set,True
YOUTUBE_LGFIPS235VBN_SMA500F_id43_s1_137.png,1,VALID,0.2746582,-0.40625,-0.73291016,0.1378116,LCC-FASD external-dev / cross-domain stress set,True
YOUTUBE_LGFIPS235VBN_SMA500F_id43_s1_152.png,1,VALID,0.022140503,-0.99658203,0.03866577,-0.3204288,LCC-FASD external-dev / cross-domain stress set,True
YOUTUBE_LY300_REDMIS2_id39_s1_15.png,1,VALID,-0.17236328,0.01977539,-0.2775879,-0.7476168,LCC-FASD external-dev / cross-domain stress set,False
YOUTUBE_LY300_REDMIS2_id39_s1_30.png,1,VALID,0.13513184,0.54052734,-1.0830078,-0.58538127,LCC-FASD external-dev / cross-domain stress set,True
YOUTUBE_LY300_REDMIS2_id39_s1_48.png,1,VALID,0.050689697,0.89990234,-1.1279297,-0.9728633,LCC-FASD external-dev / cross-domain stress set,False
YOUTUBE_LY300_REDMIS2_id39_s1_63.png,1,VALID,0.08428955,0.59765625,-1.0537109,-0.68882096,LCC-FASD external-dev / cross-domain stress set,False
YOUTUBE_LY300_REDMIS2_id39_s1_82.png,1,VALID,1.0009766,0.78027344,-1.9169922,0.15548718,LCC-FASD external-dev / cross-domain stress set,True
YOUTUBE_LY300_REDMIS2_id39_s1_97.png,1,VALID,0.018615723,0.6870117,-1.0195312,-0.8351741,LCC-FASD external-dev / cross-domain stress set,False
YOUTUBE_LY300_REDMIS2_id39_s1_112.png,1,VALID,0.017150879,0.78808594,-1.2265625,-0.8961282,LCC-FASD external-dev / cross-domain stress set,False
YOUTUBE_LY300_REDMIS2_id39_s1_127.png,1,VALID,0.3010254,0.29223633,-1.1806641,-0.19762298,LCC-FASD external-dev / cross-domain stress set,True
YOUTUBE_LY300_REDMIS2_id42_s0_25.png,1,VALID,-1.0996094,2.0214844,-0.6923828,-3.1852698,LCC-FASD external-dev / cross-domain stress set,False
YOUTUBE_LY300_REDMIS2_id42_s0_47.png,1,VALID,-0.54296875,0.82666016,-0.43969727,-1.6179383,LCC-FASD external-dev / cross-domain stress set,False
YOUTUBE_LY300_REDMIS2_id42_s0_88.png,1,VALID,0.27148438,-0.4650879,-0.60595703,0.11138117,LCC-FASD external-dev / cross-domain stress set,True
YOUTUBE_LY300_REDMIS2_id42_s0_106.png,1,VALID,0.50146484,-0.6821289,-0.71533203,0.50691026,LCC-FASD external-dev / cross-domain stress set,True
YOUTUBE_LY300_REDMIS2_id42_s0_121.png,1,VALID,-0.12756348,0.37939453,-0.70214844,-0.7989348,LCC-FASD external-dev / cross-domain stress set,False
YOUTUBE_LY300_REDMIS2_id42_s0_166.png,1,VALID,-0.296875,0.8701172,-0.9194336,-1.3214587,LCC-FASD external-dev / cross-domain stress set,False
YOUTUBE_LY300_REDMIS2_id42_s0_181.png,1,VALID,0.9604492,-0.61376953,-1.2929688,1.1640826,LCC-FASD external-dev / cross-domain stress set,True
YOUTUBE_LY300_REDMIS2_id42_s0_196.png,1,VALID,0.3125,0.4560547,-1.1386719,-0.32834327,LCC-FASD external-dev / cross-domain stress set,True
YOUTUBE_LY300_REDMIS2_id42_s0_213.png,1,VALID,0.12963867,0.5878906,-1.0341797,-0.6384791,LCC-FASD external-dev / cross-domain stress set,False
YOUTUBE_LY300_REDMIS2_id42_s0_248.png,1,VALID,0.48388672,-0.24902344,-0.96972656,0.33654624,LCC-FASD external-dev / cross-domain stress set,True
YOUTUBE_MBP1314_IPHONE8B_id39_s0_15.png,1,VALID,0.28442383,1.8525391,-1.8310547,-1.5929371,LCC-FASD external-dev / cross-domain stress set,False
YOUTUBE_MBP1314_IPHONE8B_id39_s0_30.png,1,VALID,1.3232422,-0.27075195,-1.3847656,1.3101403,LCC-FASD external-dev / cross-domain stress set,True
YOUTUBE_MBP1314_IPHONE8B_id39_s0_45.png,1,VALID,-0.12261963,2.0722656,-1.5996094,-2.219996,LCC-FASD external-dev / cross-domain stress set,False
YOUTUBE_MBP1314_IPHONE8B_id39_s0_64.png,1,VALID,-0.3161621,0.5878906,-0.39697266,-1.2214079,LCC-FASD external-dev / cross-domain stress set,False
YOUTUBE_MBP1314_IPHONE8B_id39_s1_15.png,1,VALID,1.09375,0.03274536,-1.9638672,0.9336722,LCC-FASD external-dev / cross-domain stress set,True
YOUTUBE_MBP1314_IPHONE8B_id39_s1_30.png,1,VALID,1.0712891,-0.5019531,-1.6982422,1.3090994,LCC-FASD external-dev / cross-domain stress set,True
YOUTUBE_MBP1314_IPHONE8B_id39_s1_45.png,1,VALID,0.9736328,0.38989258,-2.1015625,0.50419974,LCC-FASD external-dev / cross-domain stress set,True
YOUTUBE_MBP1314_IPHONE8B_id39_s1_60.png,1,VALID,1.0214844,-0.06781006,-1.8662109,0.9360898,LCC-FASD external-dev / cross-domain stress set,True
YOUTUBE_MBP1314_IPHONE8B_id39_s1_75.png,1,VALID,1.1337891,-0.17260742,-1.9423828,1.1490754,LCC-FASD external-dev / cross-domain stress set,True
YOUTUBE_MBP1314_IPHONE8B_id39_s1_90.png,1,VALID,0.8964844,0.61328125,-1.9941406,0.21206975,LCC-FASD external-dev / cross-domain stress set,True
YOUTUBE_MBP1314_IPHONE8B_id39_s1_105.png,1,VALID,1.0869141,-0.5185547,-1.6884766,1.3351431,LCC-FASD external-dev / cross-domain stress set,True
YOUTUBE_MBP1314_IPHONE8B_id39_s1_120.png,1,VALID,1.2480469,-0.5390625,-1.9052734,1.5599167,LCC-FASD external-dev / cross-domain stress set,True
YOUTUBE_MBP1314_IPHONE8B_id39_s1_135.png,1,VALID,1.3710938,-0.8305664,-1.7822266,1.8751664,LCC-FASD external-dev / cross-domain stress set,True
YOUTUBE_MBP1314_IPHONE8B_id42_s0_103.png,1,VALID,1.4492188,-1.5546875,-1.3867188,2.223252,LCC-FASD external-dev / cross-domain stress set,True
YOUTUBE_MBP1314_IPHONE8B_id42_s0_118.png,1,VALID,1.2431641,-1.671875,-1.2421875,1.9841446,LCC-FASD external-dev / cross-domain stress set,True
YOUTUBE_MBP1314_IPHONE8B_id42_s0_133.png,1,VALID,1.4892578,-2.0175781,-1.3525391,2.4268744,LCC-FASD external-dev / cross-domain stress set,True
YOUTUBE_L5001EL_IPHONE6F_id43_s1_36.png,1,VALID,0.9902344,-0.63964844,-1.3974609,1.2455115,LCC-FASD external-dev / cross-domain stress set,True
YOUTUBE_L5001EL_IPHONE6F_id43_s1_51.png,1,VALID,0.52441406,-0.12414551,-1.2255859,0.36158377,LCC-FASD external-dev / cross-domain stress set,True
YOUTUBE_L5001EL_IPHONE6F_id43_s1_66.png,1,VALID,0.8173828,-1.0273438,-1.0175781,1.1466846,LCC-FASD external-dev / cross-domain stress set,True
YOUTUBE_L5001EL_IPHONE6F_id43_s1_81.png,1,VALID,0.5761719,-0.29296875,-1.2597656,0.5468403,LCC-FASD external-dev / cross-domain stress set,True
YOUTUBE_L5001EL_IPHONE6F_id43_s1_175.png,1,VALID,0.22302246,0.081604004,-1.0742188,-0.13226485,LCC-FASD external-dev / cross-domain stress set,True
YOUTUBE_LG58020157_DOOX5MP_id39_s0_15.png,1,VALID,0.21166992,0.31860352,-0.7114258,-0.41220742,LCC-FASD external-dev / cross-domain stress set,True
YOUTUBE_LG58020157_DOOX5MP_id39_s0_30.png,1,VALID,-0.5444336,2.1289062,-1.1181641,-2.7114906,LCC-FASD external-dev / cross-domain stress set,False
YOUTUBE_LG58020157_DOOX5MP_id43_s0_15.png,1,VALID,-1.2666016,1.9082031,-0.5522461,-3.25675,LCC-FASD external-dev / cross-domain stress set,False
YOUTUBE_LG58020157_DOOX5MP_id43_s0_31.png,1,VALID,-1.0605469,1.4013672,-0.44726562,-2.6081355,LCC-FASD external-dev / cross-domain stress set,False
YOUTUBE_LG58020157_DOOX5MP_id43_s0_46.png,1,VALID,-0.9135742,1.1289062,-0.42382812,-2.2344787,LCC-FASD external-dev / cross-domain stress set,False
YOUTUBE_LG58020157_DOOX5MP_id43_s0_67.png,1,VALID,-1.3496094,2.0292969,-0.546875,-3.4522166,LCC-FASD external-dev / cross-domain stress set,False
YOUTUBE_LG58020157_DOOX5MP_id43_s0_82.png,1,VALID,-0.9711914,1.6796875,-0.69140625,-2.7401514,LCC-FASD external-dev / cross-domain stress set,False
YOUTUBE_LG58020157_DOOX5MP_id43_s0_101.png,1,NO_VALID_FACE,,,,,LCC-FASD external-dev / cross-domain stress set,
YOUTUBE_LG58020157_DOOX5MP_id43_s1_15.png,1,VALID,-0.22570801,2.03125,-1.4677734,-2.2867372,LCC-FASD external-dev / cross-domain stress set,False
YOUTUBE_LG58020157_DOOX5MP_id43_s1_30.png,1,VALID,-0.5595703,1.9541016,-1.1621094,-2.5570424,LCC-FASD external-dev / cross-domain stress set,False
YOUTUBE_LG58020157_DOOX5MP_id43_s1_45.png,1,VALID,0.69677734,0.9814453,-1.7998047,-0.3447852,LCC-FASD external-dev / cross-domain stress set,True
YOUTUBE_LG58020157_DOOX5MP_id43_s1_60.png,1,VALID,-0.010902405,1.4736328,-1.4150391,-1.538692,LCC-FASD external-dev / cross-domain stress set,False
YOUTUBE_LG58020157_DOOX5MP_id43_s1_75.png,1,VALID,0.5205078,0.88623047,-1.6425781,-0.4424559,LCC-FASD external-dev / cross-domain stress set,True
YOUTUBE_LG58020157_DOOX5MP_id48_s1_15.png,1,VALID,-0.34765625,1.2441406,-1.0546875,-1.6874491,LCC-FASD external-dev / cross-domain stress set,False
YOUTUBE_LG58020157_DOOX5MP_id48_s1_30.png,1,VALID,-0.8652344,1.6699219,-0.8046875,-2.615995,LCC-FASD external-dev / cross-domain stress set,False
YOUTUBE_LG58020157_DOOX5MP_id48_s1_45.png,1,VALID,-1.2216797,0.8930664,0.0044403076,-2.4592009,LCC-FASD external-dev / cross-domain stress set,False
YOUTUBE_LG58020157_DOOX5MP_id48_s1_60.png,1,VALID,-1.3701172,2.296875,-0.7626953,-3.7128332,LCC-FASD external-dev / cross-domain stress set,False
YOUTUBE_LG58020157_DOOX5MP_id48_s1_75.png,1,VALID,-0.7714844,1.8066406,-1.0791016,-2.6324363,LCC-FASD external-dev / cross-domain stress set,False
YOUTUBE_LG58020157_DOOX5MP_id48_s1_90.png,1,VALID,-0.5864258,1.3994141,-1.0419922,-2.0692968,LCC-FASD external-dev / cross-domain stress set,False
YOUTUBE_LG58020157_DOOX5MP_id48_s1_105.png,1,VALID,-0.91308594,2.0957031,-1.1201172,-3.0481274,LCC-FASD external-dev / cross-domain stress set,False
YOUTUBE_LG58020157_DOOX5MP_id48_s1_120.png,1,VALID,-0.8491211,1.5273438,-0.75146484,-2.47396,LCC-FASD external-dev / cross-domain stress set,False
YOUTUBE_LG58020157_DOOX5MP_id48_s1_136.png,1,VALID,-0.9951172,2.1796875,-1.0693359,-3.2128825,LCC-FASD external-dev / cross-domain stress set,False
YOUTUBE_LG58020157_LP770_id42_s0_15.png,1,VALID,1.0712891,-1.4033203,-0.6958008,1.3663926,LCC-FASD external-dev / cross-domain stress set,True
YOUTUBE_LG58020157_LP770_id42_s0_30.png,1,VALID,1.4521484,-1.4462891,-1.0869141,2.009545,LCC-FASD external-dev / cross-domain stress set,True
YOUTUBE_LG58020157_LP770_id42_s0_45.png,1,VALID,1.3720703,-1.3330078,-1.2265625,1.9572926,LCC-FASD external-dev / cross-domain stress set,True
YOUTUBE_LG58020157_LP770_id42_s0_60.png,1,VALID,1.1269531,-1.4335938,-0.859375,1.5396285,LCC-FASD external-dev / cross-domain stress set,True
YOUTUBE_LG58020157_LP770_id42_s0_75.png,1,VALID,1.1259766,-1.5654297,-0.72753906,1.4940091,LCC-FASD external-dev / cross-domain stress set,True
YOUTUBE_LG58020157_LP770_id42_s0_90.png,1,VALID,0.9951172,-1.2617188,-0.7260742,1.260423,LCC-FASD external-dev / cross-domain stress set,True
YOUTUBE_LGFE2240_SDGTS6102_id43_s0_36.png,1,VALID,-1.1679688,2.2324219,-0.8261719,-3.4462752,LCC-FASD external-dev / cross-domain stress set,False
YOUTUBE_LGFE2240_SDGTS6102_id43_s0_95.png,1,VALID,-0.77783203,1.3232422,-0.6298828,-2.2337065,LCC-FASD external-dev / cross-domain stress set,False
YOUTUBE_LGFE2240_SDGTS6102_id43_s0_124.png,1,VALID,-0.17932129,0.6713867,-0.96533203,-1.0285342,LCC-FASD external-dev / cross-domain stress set,False
YOUTUBE_LGFE2240_SDGTS6102_id48_s1_15.png,1,VALID,-0.5800781,0.9711914,-0.76416016,-1.713676,LCC-FASD external-dev / cross-domain stress set,False
YOUTUBE_LGFE2240_SDGTS6102_id48_s1_32.png,1,VALID,-0.7475586,-1.1474609,1.1386719,-1.9830475,LCC-FASD external-dev / cross-domain stress set,False
YOUTUBE_LGFE2240_SDGTS6102_id48_s1_47.png,1,VALID,-0.62939453,0.103393555,0.16003418,-1.4546566,LCC-FASD external-dev / cross-domain stress set,False
YOUTUBE_LGFE2240_SDGTS6102_id48_s1_62.png,1,VALID,-0.4296875,0.7133789,-0.6279297,-1.3753705,LCC-FASD external-dev / cross-domain stress set,False
YOUTUBE_LGFE2240_SDGTS6102_id48_s1_77.png,1,VALID,-0.56591797,0.25634766,-0.17700195,-1.3220305,LCC-FASD external-dev / cross-domain stress set,False
YOUTUBE_LGFE2240_SDGTS6102_id48_s1_93.png,1,VALID,-0.24707031,0.35253906,-0.5283203,-0.9463335,LCC-FASD external-dev / cross-domain stress set,False
YOUTUBE_LGFE2240_SDGTS6102_id48_s1_108.png,1,VALID,-0.7480469,0.97802734,-0.43359375,-1.9442035,LCC-FASD external-dev / cross-domain stress set,False
YOUTUBE_LGFE2240_SDGTS6102_id48_s1_124.png,1,VALID,0.21362305,0.35546875,-1.2226562,-0.32945466,LCC-FASD external-dev / cross-domain stress set,True
YOUTUBE_LGFE2240_SDGTS6102_id48_s1_140.png,1,VALID,0.13916016,-1.2021484,0.09057617,-0.19398707,LCC-FASD external-dev / cross-domain stress set,True
YOUTUBE_LGFE2240_SDGTS6102_id48_s1_155.png,1,VALID,-0.33398438,0.18139648,-0.3125,-0.9917666,LCC-FASD external-dev / cross-domain stress set,False
YOUTUBE_LGFIPS235VBN_SMA500F_id39_s0_15.png,1,VALID,0.12780762,2.2578125,-2.015625,-2.1438425,LCC-FASD external-dev / cross-domain stress set,False
YOUTUBE_LGFIPS235VBN_SMA500F_id39_s0_31.png,1,VALID,0.18127441,1.1279297,-1.0820312,-1.0507494,LCC-FASD external-dev / cross-domain stress set,False
YOUTUBE_LGFIPS235VBN_SMA500F_id39_s0_46.png,1,VALID,-0.5600586,2.6328125,-1.5400391,-3.2081618,LCC-FASD external-dev / cross-domain stress set,False
YOUTUBE_LGFIPS235VBN_SMA500F_id43_s0_101.png,1,VALID,-0.2064209,-1.5117188,0.85302734,-1.1492643,LCC-FASD external-dev / cross-domain stress set,False
YOUTUBE_LGFIPS235VBN_SMA500F_id43_s0_116.png,1,VALID,0.64404297,-0.6176758,-0.6855469,0.60193145,LCC-FASD external-dev / cross-domain stress set,True
YOUTUBE_LGFIPS235VBN_SMA500F_id43_s0_131.png,1,VALID,-0.35498047,-0.2097168,-0.020065308,-0.93772584,LCC-FASD external-dev / cross-domain stress set,False
YOUTUBE_IIYAMAXU_ZE520KL_id43_s0_36.png,1,VALID,-1.0595703,1.5292969,-0.23840332,-2.7464905,LCC-FASD external-dev / cross-domain stress set,False
YOUTUBE_IIYAMAXU_ZE520KL_id43_s0_52.png,1,VALID,-0.98339844,1.8066406,-0.41918945,-2.8925757,LCC-FASD external-dev / cross-domain stress set,False
YOUTUBE_IIYAMAXU_ZE520KL_id43_s0_133.png,1,VALID,-1.2382812,0.03717041,1.1230469,-2.6522093,LCC-FASD external-dev / cross-domain stress set,False
YOUTUBE_IIYAMAXU_ZE520KL_id43_s0_158.png,1,VALID,-0.98046875,-0.7138672,1.3544922,-2.4539814,LCC-FASD external-dev / cross-domain stress set,False
YOUTUBE_IIYAMAXU_ZE520KL_id43_s0_173.png,1,VALID,-0.3017578,-0.12976074,0.1730957,-1.0279942,LCC-FASD external-dev / cross-domain stress set,False
YOUTUBE_IIYAMAXU_ZE520KL_id43_s0_193.png,1,VALID,0.5942383,0.15698242,-1.1699219,0.20194876,LCC-FASD external-dev / cross-domain stress set,True
YOUTUBE_IIYAMAXU_ZE520KL_id43_s0_214.png,1,VALID,-0.081604004,-0.6738281,0.15539551,-0.5991311,LCC-FASD external-dev / cross-domain stress set,False
YOUTUBE_IIYAMAXU_ZE520KL_id43_s1_17.png,1,VALID,0.78808594,-0.6098633,-1.1396484,0.9350133,LCC-FASD external-dev / cross-domain stress set,True
YOUTUBE_IIYAMAXU_ZE520KL_id43_s1_34.png,1,VALID,0.31591797,-0.039001465,-0.94189453,0.014600933,LCC-FASD external-dev / cross-domain stress set,True
YOUTUBE_IIYAMAXU_ZE520KL_id43_s1_72.png,1,VALID,0.45581055,-0.87109375,-0.2487793,0.27495202,LCC-FASD external-dev / cross-domain stress set,True
YOUTUBE_IIYAMAXU_ZE520KL_id43_s1_87.png,1,VALID,-0.15222168,0.31762695,-0.5800781,-0.8116665,LCC-FASD external-dev / cross-domain stress set,False
YOUTUBE_IIYAMAXU_ZE520KL_id43_s1_114.png,1,VALID,0.51123047,-0.008468628,-1.1914062,0.25244114,LCC-FASD external-dev / cross-domain stress set,True
YOUTUBE_IIYAMAXU_ZE520KL_id43_s1_129.png,1,VALID,0.39819336,-0.10406494,-0.75,0.08080688,LCC-FASD external-dev / cross-domain stress set,True
YOUTUBE_IIYAMAXU_ZE520KL_id43_s1_144.png,1,VALID,0.36157227,0.10662842,-1.0673828,-0.014414728,LCC-FASD external-dev / cross-domain stress set,True
YOUTUBE_IIYAMAXU_ZE520KL_id43_s1_159.png,1,VALID,0.49365234,-0.27124023,-0.83740234,0.31528297,LCC-FASD external-dev / cross-domain stress set,True
YOUTUBE_IIYAMAXU_ZE520KL_id48_s1_15.png,1,VALID,1.2822266,-1.9296875,-0.98535156,1.9390389,LCC-FASD external-dev / cross-domain stress set,True
YOUTUBE_IIYAMAXU_ZE520KL_id48_s1_30.png,1,VALID,-0.5439453,-1.5371094,1.2255859,-1.8307406,LCC-FASD external-dev / cross-domain stress set,False
YOUTUBE_IIYAMAXU_ZE520KL_id48_s1_45.png,1,VALID,-0.38720703,-1.0351562,0.5307617,-1.1076765,LCC-FASD external-dev / cross-domain stress set,False
YOUTUBE_IIYAMAXU_ZE520KL_id48_s1_60.png,1,VALID,-0.22924805,-1.0537109,0.4506836,-0.88054466,LCC-FASD external-dev / cross-domain stress set,False
YOUTUBE_IIYAMAXU_ZE520KL_id48_s1_75.png,1,VALID,-0.40576172,-1.1904297,0.8261719,-1.3568971,LCC-FASD external-dev / cross-domain stress set,False
YOUTUBE_IIYAMAXU_ZE520KL_id48_s1_95.png,1,VALID,-1.1171875,-0.93896484,1.6171875,-2.809114,LCC-FASD external-dev / cross-domain stress set,False
YOUTUBE_IIYAMAXU_ZE520KL_id48_s1_110.png,1,VALID,-0.98828125,0.140625,0.6254883,-2.093588,LCC-FASD external-dev / cross-domain stress set,False
YOUTUBE_IIYAMAXU_ZE520KL_id48_s1_125.png,1,VALID,-0.10241699,0.6899414,-0.75390625,-1.0042533,LCC-FASD external-dev / cross-domain stress set,False
YOUTUBE_IIYAMAXU_ZE520KL_id48_s1_140.png,1,VALID,-0.15148926,-0.6113281,0.12005615,-0.6644266,LCC-FASD external-dev / cross-domain stress set,False
YOUTUBE_IIYAMAXU_ZE520KL_id48_s1_155.png,1,VALID,-0.2163086,-0.99853516,0.5571289,-0.9649246,LCC-FASD external-dev / cross-domain stress set,False
YOUTUBE_L1752S_SGS4M_id48_s0_15.png,1,VALID,-1.046875,1.9335938,-0.75,-3.0465534,LCC-FASD external-dev / cross-domain stress set,False
YOUTUBE_L1752S_SGS4M_id48_s0_30.png,1,VALID,-1.3818359,2.6972656,-0.8413086,-4.1077423,LCC-FASD external-dev / cross-domain stress set,False
YOUTUBE_L1752S_SGS4M_id48_s0_45.png,1,VALID,-1.5419922,2.7304688,-0.7451172,-4.3029356,LCC-FASD external-dev / cross-domain stress set,False
YOUTUBE_L1752S_SGS4M_id48_s0_60.png,1,VALID,-1.0615234,1.7734375,-0.51464844,-2.931598,LCC-FASD external-dev / cross-domain stress set,False
YOUTUBE_L1752S_SGS4M_id48_s0_75.png,1,VALID,-1.2998047,1.6787109,-0.18115234,-3.1232166,LCC-FASD external-dev / cross-domain stress set,False
YOUTUBE_L1752S_SGS4M_id48_s0_90.png,1,VALID,-1.5283203,2.3222656,-0.3876953,-3.9150052,LCC-FASD external-dev / cross-domain stress set,False
YOUTUBE_L1752S_SGS4M_id48_s0_105.png,1,VALID,-1.5957031,2.7050781,-0.6333008,-4.33566,LCC-FASD external-dev / cross-domain stress set,False
YOUTUBE_L1752S_SGS4M_id48_s0_120.png,1,VALID,-1.2353516,1.8681641,-0.4243164,-3.1997485,LCC-FASD external-dev / cross-domain stress set,False
YOUTUBE_L1752S_SGS4M_id48_s0_135.png,1,VALID,-1.2080078,1.625,-0.34692383,-2.963324,LCC-FASD external-dev / cross-domain stress set,False
YOUTUBE_L1752S_SGS4M_id48_s0_150.png,1,VALID,-0.93896484,1.3671875,-0.44580078,-2.4572978,LCC-FASD external-dev / cross-domain stress set,False
YOUTUBE_L5001EL_IPHONE6F_id43_s0_15.png,1,VALID,-1.15625,2.1933594,-0.7368164,-3.4016206,LCC-FASD external-dev / cross-domain stress set,False
YOUTUBE_L5001EL_IPHONE6F_id43_s0_30.png,1,VALID,-1.2265625,2.0566406,-0.6230469,-3.349538,LCC-FASD external-dev / cross-domain stress set,False
YOUTUBE_L5001EL_IPHONE6F_id43_s0_48.png,1,VALID,-1.3056641,2.0820312,-0.5722656,-3.4556794,LCC-FASD external-dev / cross-domain stress set,False
YOUTUBE_L5001EL_IPHONE6F_id43_s0_66.png,1,VALID,-0.8911133,1.4853516,-0.5854492,-2.4952116,LCC-FASD external-dev / cross-domain stress set,False
YOUTUBE_L5001EL_IPHONE6F_id43_s0_82.png,1,VALID,-1.1103516,1.796875,-0.5258789,-3.00072,LCC-FASD external-dev / cross-domain stress set,False
YOUTUBE_L5001EL_IPHONE6F_id43_s0_98.png,1,VALID,-1.1582031,1.8525391,-0.57910156,-3.0949845,LCC-FASD external-dev / cross-domain stress set,False
YOUTUBE_L5001EL_IPHONE6F_id43_s0_121.png,1,VALID,-1.1220703,1.7509766,-0.5673828,-2.9669333,LCC-FASD external-dev / cross-domain stress set,False
YOUTUBE_L5001EL_IPHONE6F_id43_s0_136.png,1,VALID,-0.85253906,1.4746094,-0.59228516,-2.4463334,LCC-FASD external-dev / cross-domain stress set,False
YOUTUBE_L5001EL_IPHONE6F_id43_s0_151.png,1,VALID,-0.42285156,0.78759766,-0.60498047,-1.4323392,LCC-FASD external-dev / cross-domain stress set,False
YOUTUBE_L5001EL_IPHONE6F_id43_s0_166.png,1,VALID,-0.546875,1.0722656,-0.78466797,-1.7642367,LCC-FASD external-dev / cross-domain stress set,False
YOUTUBE_L5001EL_IPHONE6F_id43_s1_15.png,1,VALID,1.1191406,-0.92333984,-1.4228516,1.5682191,LCC-FASD external-dev / cross-domain stress set,True
YOUTUBE_L5001EL_IPHONE6F_id43_s1_104.png,1,VALID,1.2705078,-1.203125,-1.7236328,2.0072489,LCC-FASD external-dev / cross-domain stress set,True
YOUTUBE_L5001EL_IPHONE6F_id43_s1_119.png,1,VALID,1.0986328,-1.0742188,-1.3857422,1.623384,LCC-FASD external-dev / cross-domain stress set,True
YOUTUBE_L5001EL_IPHONE6F_id43_s1_134.png,1,VALID,1.1826172,-0.93896484,-1.6425781,1.7195935,LCC-FASD external-dev / cross-domain stress set,True
YOUTUBE_L5001EL_IPHONE6F_id43_s1_149.png,1,VALID,1.3320312,-1.5888672,-1.3574219,2.1053476,LCC-FASD external-dev / cross-domain stress set,True
YOUTUBE_IIYAMAXU_SMG955U_S0_id48_s1_30.png,1,VALID,-0.94873047,2.2617188,-1.0136719,-3.2475543,LCC-FASD external-dev / cross-domain stress set,False
YOUTUBE_IIYAMAXU_SMG955U_S0_id48_s1_45.png,1,VALID,-0.7949219,2.3125,-1.2070312,-3.136605,LCC-FASD external-dev / cross-domain stress set,False
YOUTUBE_IIYAMAXU_SMG955U_S0_id48_s1_60.png,1,VALID,-1.0048828,2.3925781,-1.0976562,-3.427499,LCC-FASD external-dev / cross-domain stress set,False
YOUTUBE_IIYAMAXU_SMG955U_S0_id48_s1_77.png,1,VALID,-1.0976562,1.7060547,-0.5908203,-2.8995414,LCC-FASD external-dev / cross-domain stress set,False
YOUTUBE_IIYAMAXU_SMG955U_S0_id48_s1_92.png,1,VALID,-1.1972656,2.4941406,-0.99121094,-3.721589,LCC-FASD external-dev / cross-domain stress set,False
YOUTUBE_IIYAMAXU_SMG955U_S1_id48_s0_15.png,1,VALID,-1.3916016,2.5371094,-0.3840332,-3.981182,LCC-FASD external-dev / cross-domain stress set,False
YOUTUBE_IIYAMAXU_SMG955U_S1_id48_s0_30.png,1,VALID,-0.9746094,2.1386719,-0.6513672,-3.1728878,LCC-FASD external-dev / cross-domain stress set,False
YOUTUBE_IIYAMAXU_SMG955U_S1_id48_s0_45.png,1,VALID,-0.7890625,1.6962891,-0.5307617,-2.587769,LCC-FASD external-dev / cross-domain stress set,False
YOUTUBE_IIYAMAXU_SMG955U_S1_id48_s0_60.png,1,VALID,-0.88134766,1.7363281,-0.56152344,-2.713417,LCC-FASD external-dev / cross-domain stress set,False
YOUTUBE_IIYAMAXU_SMG955U_S1_id48_s0_75.png,1,VALID,-0.89990234,1.9960938,-0.65625,-2.9641087,LCC-FASD external-dev / cross-domain stress set,False
YOUTUBE_IIYAMAXU_SMG955U_S1_id48_s0_90.png,1,VALID,-0.8286133,2.4492188,-1.0898438,-3.306459,LCC-FASD external-dev / cross-domain stress set,False
YOUTUBE_IIYAMAXU_SMG955U_S1_id48_s0_105.png,1,VALID,-0.5708008,1.0263672,-0.25610352,-1.8419565,LCC-FASD external-dev / cross-domain stress set,False
YOUTUBE_IIYAMAXU_SMG955U_S1_id48_s0_120.png,1,VALID,-0.76660156,1.5478516,-0.44677734,-2.4420228,LCC-FASD external-dev / cross-domain stress set,False
YOUTUBE_IIYAMAXU_SMG955U_S1_id48_s0_135.png,1,VALID,-0.44360352,1.4042969,-0.7182617,-1.9609834,LCC-FASD external-dev / cross-domain stress set,False
YOUTUBE_IIYAMAXU_SMG955U_S1_id48_s0_150.png,1,VALID,-0.75439453,2.0390625,-0.86279297,-2.846923,LCC-FASD external-dev / cross-domain stress set,False
YOUTUBE_IIYAMAXU_SMG955U_S1_id48_s1_15.png,1,VALID,-0.5390625,0.29052734,-0.09454346,-1.3486233,LCC-FASD external-dev / cross-domain stress set,False
YOUTUBE_IIYAMAXU_SMG955U_S1_id48_s1_30.png,1,VALID,-0.7626953,2.0,-0.89160156,-2.8166978,LCC-FASD external-dev / cross-domain stress set,False
YOUTUBE_IIYAMAXU_SMG955U_S1_id48_s1_45.png,1,VALID,-0.58251953,2.1894531,-1.4072266,-2.7990181,LCC-FASD external-dev / cross-domain stress set,False
YOUTUBE_IIYAMAXU_SMG955U_S1_id48_s1_60.png,1,VALID,-1.015625,2.3789062,-0.9941406,-3.4282417,LCC-FASD external-dev / cross-domain stress set,False
YOUTUBE_IIYAMAXU_SMG955U_S1_id48_s1_75.png,1,VALID,-1.4394531,-0.3251953,1.4736328,-3.0662298,LCC-FASD external-dev / cross-domain stress set,False
YOUTUBE_IIYAMAXU_SMG955U_S1_id48_s1_90.png,1,VALID,-1.4550781,1.3388672,0.08148193,-3.0442343,LCC-FASD external-dev / cross-domain stress set,False
YOUTUBE_IIYAMAXU_SMG955U_S1_id48_s1_105.png,1,VALID,-1.0859375,2.3359375,-0.9501953,-3.458591,LCC-FASD external-dev / cross-domain stress set,False
YOUTUBE_IIYAMAXU_SMG955U_S1_id48_s1_120.png,1,VALID,-1.3525391,1.6650391,-0.28808594,-3.1502104,LCC-FASD external-dev / cross-domain stress set,False
YOUTUBE_IIYAMAXU_SMG955U_S1_id48_s1_135.png,1,VALID,-0.43847656,-0.22937012,0.19140625,-1.1346121,LCC-FASD external-dev / cross-domain stress set,False
YOUTUBE_IIYAMAXU_SMG955U_S1_id48_s1_150.png,1,VALID,-0.9472656,2.140625,-0.9707031,-3.1314688,LCC-FASD external-dev / cross-domain stress set,False
YOUTUBE_IIYAMAXU_SMJ710FN_id29_s0_15.png,1,VALID,-1.2539062,2.5097656,-0.6171875,-3.806589,LCC-FASD external-dev / cross-domain stress set,False
YOUTUBE_IIYAMAXU_SMJ710FN_id29_s0_30.png,1,VALID,-1.3046875,2.6933594,-0.7504883,-4.0294886,LCC-FASD external-dev / cross-domain stress set,False
YOUTUBE_IIYAMAXU_SMJ710FN_id29_s0_45.png,1,VALID,-1.2041016,2.7363281,-0.9013672,-3.9664023,LCC-FASD external-dev / cross-domain stress set,False
YOUTUBE_IIYAMAXU_SMJ710FN_id29_s0_60.png,1,VALID,-1.1494141,2.5878906,-0.7841797,-3.7710476,LCC-FASD external-dev / cross-domain stress set,False
YOUTUBE_IIYAMAXU_SMJ710FN_id29_s0_75.png,1,VALID,-1.2529297,2.7792969,-0.9370117,-4.056259,LCC-FASD external-dev / cross-domain stress set,False
YOUTUBE_IIYAMAXU_SMJ710FN_id29_s0_90.png,1,VALID,-1.1796875,2.5429688,-0.82958984,-3.7563827,LCC-FASD external-dev / cross-domain stress set,False
YOUTUBE_IIYAMAXU_SMJ710FN_id29_s0_105.png,1,VALID,-1.0410156,2.6132812,-1.1376953,-3.67752,LCC-FASD external-dev / cross-domain stress set,False
YOUTUBE_IIYAMAXU_SMJ710FN_id29_s0_120.png,1,VALID,-1.1308594,2.4941406,-0.8051758,-3.6612437,LCC-FASD external-dev / cross-domain stress set,False
YOUTUBE_IIYAMAXU_SMJ710FN_id29_s0_135.png,1,VALID,-1.1455078,2.5,-0.79589844,-3.6818733,LCC-FASD external-dev / cross-domain stress set,False
YOUTUBE_IIYAMAXU_ZE520KL_id39_s0_16.png,1,VALID,-0.8354492,2.5957031,-1.1835938,-3.4537342,LCC-FASD external-dev / cross-domain stress set,False
YOUTUBE_IIYAMAXU_ZE520KL_id39_s0_36.png,1,VALID,-0.26293945,1.9267578,-1.3203125,-2.227848,LCC-FASD external-dev / cross-domain stress set,False
YOUTUBE_IIYAMAXU_ZE520KL_id39_s0_51.png,1,VALID,-0.70996094,2.7265625,-1.5302734,-3.450591,LCC-FASD external-dev / cross-domain stress set,False
YOUTUBE_IIYAMAXU_ZE520KL_id39_s0_81.png,1,VALID,-0.93408203,2.3828125,-0.9760742,-3.3510776,LCC-FASD external-dev / cross-domain stress set,False
YOUTUBE_IIYAMAXU_ZE520KL_id39_s0_213.png,1,VALID,1.6435547,-1.1240234,-1.6269531,2.2946062,LCC-FASD external-dev / cross-domain stress set,True
YOUTUBE_IIYAMAXU_ZE520KL_id39_s0_311.png,1,VALID,2.0371094,-1.7421875,-1.5029297,2.9593823,LCC-FASD external-dev / cross-domain stress set,True
YOUTUBE_IIYAMAXU_ZE520KL_id39_s0_334.png,1,VALID,0.5566406,-1.6123047,0.24438477,0.16712674,LCC-FASD external-dev / cross-domain stress set,True
YOUTUBE_IIYAMAXU_ZE520KL_id39_s0_367.png,1,VALID,0.32714844,-0.9458008,-0.15344238,0.10711479,LCC-FASD external-dev / cross-domain stress set,True
YOUTUBE_IIYAMAXU_ZE520KL_id43_s0_109.png,1,VALID,-0.80371094,1.0712891,-0.21643066,-2.1186512,LCC-FASD external-dev / cross-domain stress set,False
YOUTUBE_IIYAMAXU_SMG955U_S0_id39_s0_32.png,1,VALID,-0.5541992,2.3730469,-1.5107422,-2.9476101,LCC-FASD external-dev / cross-domain stress set,False
YOUTUBE_IIYAMAXU_SMG955U_S0_id43_s0_23.png,1,VALID,-1.1679688,2.078125,-0.55322266,-3.3156025,LCC-FASD external-dev / cross-domain stress set,False
YOUTUBE_IIYAMAXU_SMG955U_S0_id43_s0_45.png,1,VALID,-1.1884766,2.1914062,-0.9506836,-3.4221685,LCC-FASD external-dev / cross-domain stress set,False
YOUTUBE_IIYAMAXU_SMG955U_S0_id43_s0_101.png,1,VALID,-1.1513672,2.3203125,-0.8515625,-3.5127497,LCC-FASD external-dev / cross-domain stress set,False
YOUTUBE_IIYAMAXU_SMG955U_S0_id43_s0_116.png,1,VALID,-1.1826172,2.0253906,-0.6767578,-3.2729163,LCC-FASD external-dev / cross-domain stress set,False
YOUTUBE_IIYAMAXU_SMG955U_S0_id43_s0_131.png,1,VALID,-1.3769531,2.6894531,-0.9711914,-4.091797,LCC-FASD external-dev / cross-domain stress set,False
YOUTUBE_IIYAMAXU_SMG955U_S0_id43_s0_146.png,1,VALID,-1.3339844,2.6269531,-1.0078125,-3.9869854,LCC-FASD external-dev / cross-domain stress set,False
YOUTUBE_IIYAMAXU_SMG955U_S0_id43_s0_161.png,1,VALID,-1.3916016,2.6503906,-1.0078125,-4.0674443,LCC-FASD external-dev / cross-domain stress set,False
YOUTUBE_IIYAMAXU_SMG955U_S0_id43_s0_187.png,1,VALID,-1.0947266,2.0527344,-0.8076172,-3.2031307,LCC-FASD external-dev / cross-domain stress set,False
YOUTUBE_IIYAMAXU_SMG955U_S0_id43_s0_204.png,1,VALID,-0.8486328,1.8457031,-0.9404297,-2.754169,LCC-FASD external-dev / cross-domain stress set,False
YOUTUBE_IIYAMAXU_SMG955U_S0_id43_s1_16.png,1,VALID,-0.62939453,1.9882812,-1.1103516,-2.6617987,LCC-FASD external-dev / cross-domain stress set,False
YOUTUBE_IIYAMAXU_SMG955U_S0_id43_s1_44.png,1,VALID,-0.49731445,2.4355469,-1.5029297,-2.952152,LCC-FASD external-dev / cross-domain stress set,False
YOUTUBE_IIYAMAXU_SMG955U_S0_id43_s1_59.png,1,VALID,-1.1513672,2.2988281,-0.6166992,-3.5029542,LCC-FASD external-dev / cross-domain stress set,False
YOUTUBE_IIYAMAXU_SMG955U_S0_id43_s1_74.png,1,VALID,-0.1270752,1.7988281,-1.4277344,-1.9648294,LCC-FASD external-dev / cross-domain stress set,False
YOUTUBE_IIYAMAXU_SMG955U_S0_id43_s1_98.png,1,VALID,-0.31640625,1.96875,-1.2773438,-2.3233438,LCC-FASD external-dev / cross-domain stress set,False
YOUTUBE_IIYAMAXU_SMG955U_S0_id43_s1_113.png,1,VALID,-0.57128906,1.7988281,-0.93408203,-2.4331198,LCC-FASD external-dev / cross-domain stress set,False
YOUTUBE_IIYAMAXU_SMG955U_S0_id43_s1_129.png,1,VALID,-0.35327148,2.0703125,-1.3154297,-2.456876,LCC-FASD external-dev / cross-domain stress set,False
YOUTUBE_IIYAMAXU_SMG955U_S0_id43_s1_144.png,1,VALID,-1.0556641,2.2539062,-0.8364258,-3.354053,LCC-FASD external-dev / cross-domain stress set,False
YOUTUBE_IIYAMAXU_SMG955U_S0_id48_s0_15.png,1,VALID,-1.2470703,2.8359375,-0.80566406,-4.1088805,LCC-FASD external-dev / cross-domain stress set,False
YOUTUBE_IIYAMAXU_SMG955U_S0_id48_s0_30.png,1,VALID,-1.0302734,2.8066406,-1.0703125,-3.8574162,LCC-FASD external-dev / cross-domain stress set,False
YOUTUBE_IIYAMAXU_SMG955U_S0_id48_s0_45.png,1,VALID,-1.0146484,2.515625,-1.03125,-3.5586808,LCC-FASD external-dev / cross-domain stress set,False
YOUTUBE_IIYAMAXU_SMG955U_S0_id48_s0_60.png,1,VALID,-1.1191406,2.5546875,-1.0009766,-3.7019904,LCC-FASD external-dev / cross-domain stress set,False
YOUTUBE_IIYAMAXU_SMG955U_S0_id48_s0_75.png,1,VALID,-1.0869141,2.6386719,-0.94189453,-3.7530649,LCC-FASD external-dev / cross-domain stress set,False
YOUTUBE_IIYAMAXU_SMG955U_S0_id48_s0_90.png,1,VALID,-1.109375,2.9765625,-1.0986328,-4.1027837,LCC-FASD external-dev / cross-domain stress set,False
YOUTUBE_IIYAMAXU_SMG955U_S0_id48_s0_105.png,1,VALID,-1.1669922,2.8476562,-1.0175781,-4.03539,LCC-FASD external-dev / cross-domain stress set,False
YOUTUBE_IIYAMAXU_SMG955U_S0_id48_s0_120.png,1,VALID,-1.2041016,2.9335938,-0.98095703,-4.157449,LCC-FASD external-dev / cross-domain stress set,False
YOUTUBE_IIYAMAXU_SMG955U_S0_id48_s0_135.png,1,VALID,-0.99121094,2.7207031,-1.1396484,-3.732756,LCC-FASD external-dev / cross-domain stress set,False
YOUTUBE_IIYAMAXU_SMG955U_S0_id48_s0_150.png,1,VALID,-1.1181641,2.9648438,-1.1582031,-4.0990734,LCC-FASD external-dev / cross-domain stress set,False
YOUTUBE_IIYAMAXU_SMG955U_S0_id48_s1_15.png,1,VALID,-0.7397461,2.2441406,-0.99316406,-3.022405,LCC-FASD external-dev / cross-domain stress set,False
YOUTUBE_IIYAMAXU_SMG955U_S0_id48_s1_107.png,1,VALID,-0.9638672,2.2792969,-1.0390625,-3.278736,LCC-FASD external-dev / cross-domain stress set,False
YOUTUBE_IIYAMAXU_SMG955U_S0_id48_s1_122.png,1,VALID,-1.2646484,2.3632812,-0.68603516,-3.6742322,LCC-FASD external-dev / cross-domain stress set,False
YOUTUBE_IIYAMAXU_SMG955U_S0_id48_s1_137.png,1,VALID,-0.8569336,2.2167969,-0.8461914,-3.1194184,LCC-FASD external-dev / cross-domain stress set,False
YOUTUBE_IIYAMAXU_SMG955U_S0_id48_s1_152.png,1,VALID,-1.1611328,2.5605469,-0.9848633,-3.750128,LCC-FASD external-dev / cross-domain stress set,False
YOUTUBE_IIYAMAXU_MOTOMC_S1_id39_s0_33.png,1,VALID,-0.47192383,1.1396484,-0.74902344,-1.7524402,LCC-FASD external-dev / cross-domain stress set,False
YOUTUBE_IIYAMAXU_MOTOMC_S1_id39_s1_15.png,1,VALID,0.14929199,0.7392578,-1.1748047,-0.72753406,LCC-FASD external-dev / cross-domain stress set,False
YOUTUBE_IIYAMAXU_MOTOMC_S1_id39_s1_30.png,1,VALID,0.31835938,0.94873047,-1.5419922,-0.7099676,LCC-FASD external-dev / cross-domain stress set,False
YOUTUBE_IIYAMAXU_MOTOMC_S1_id39_s1_45.png,1,VALID,0.4633789,0.7416992,-1.6103516,-0.36923343,LCC-FASD external-dev / cross-domain stress set,True
YOUTUBE_IIYAMAXU_MOTOMC_S1_id39_s1_60.png,1,VALID,-0.50146484,1.7519531,-1.078125,-2.310751,LCC-FASD external-dev / cross-domain stress set,False
YOUTUBE_IIYAMAXU_MOTOMC_S1_id39_s1_75.png,1,VALID,0.58984375,0.29736328,-1.6679688,0.16135633,LCC-FASD external-dev / cross-domain stress set,True
YOUTUBE_IIYAMAXU_MOTOMC_S1_id39_s1_90.png,1,VALID,0.71972656,0.07714844,-1.6240234,0.474973,LCC-FASD external-dev / cross-domain stress set,True
YOUTUBE_IIYAMAXU_MOTOMC_S1_id42_s0_17.png,1,VALID,0.5966797,-1.2070312,-0.2705078,0.5364543,LCC-FASD external-dev / cross-domain stress set,True
YOUTUBE_IIYAMAXU_MOTOMC_S1_id42_s0_36.png,1,VALID,1.2060547,-1.6464844,-0.71972656,1.5922884,LCC-FASD external-dev / cross-domain stress set,True
YOUTUBE_IIYAMAXU_MOTOMC_S1_id42_s0_51.png,1,VALID,1.3349609,-0.97753906,-1.5009766,1.8472072,LCC-FASD external-dev / cross-domain stress set,True
YOUTUBE_IIYAMAXU_MOTOMC_S1_id42_s0_66.png,1,VALID,0.63671875,-1.0322266,-0.33129883,0.56513923,LCC-FASD external-dev / cross-domain stress set,True
YOUTUBE_IIYAMAXU_MOTOMC_S1_id42_s0_81.png,1,VALID,1.4042969,-1.1875,-1.3359375,1.9701169,LCC-FASD external-dev / cross-domain stress set,True
YOUTUBE_IIYAMAXU_MOTOMC_S1_id42_s0_96.png,1,VALID,1.1542969,-1.1943359,-1.0087891,1.5584149,LCC-FASD external-dev / cross-domain stress set,True
YOUTUBE_IIYAMAXU_MOTOMC_S1_id42_s0_111.png,1,VALID,1.3017578,-1.0722656,-1.4882812,1.8674047,LCC-FASD external-dev / cross-domain stress set,True
YOUTUBE_IIYAMAXU_MOTOMC_S1_id42_s0_126.png,1,VALID,1.375,-0.9038086,-1.5371094,1.8529942,LCC-FASD external-dev / cross-domain stress set,True
YOUTUBE_IIYAMAXU_MOTOMC_S1_id42_s0_141.png,1,VALID,1.4511719,-1.0175781,-1.484375,1.9820075,LCC-FASD external-dev / cross-domain stress set,True
YOUTUBE_IIYAMAXU_MOTOMC_S1_id42_s0_156.png,1,VALID,1.2373047,-0.62597656,-1.3486328,1.4675561,LCC-FASD external-dev / cross-domain stress set,True
YOUTUBE_IIYAMAXU_MOTOMC_S1_id43_s0_15.png,1,VALID,-0.20739746,-1.0390625,0.48535156,-0.8897528,LCC-FASD external-dev / cross-domain stress set,False
YOUTUBE_IIYAMAXU_MOTOMC_S1_id43_s0_30.png,1,VALID,0.19311523,-0.9033203,-0.093811035,-0.081235975,LCC-FASD external-dev / cross-domain stress set,True
YOUTUBE_IIYAMAXU_MOTOMC_S1_id43_s0_45.png,1,VALID,-0.7553711,-1.1152344,1.2441406,-2.0897903,LCC-FASD external-dev / cross-domain stress set,False
YOUTUBE_IIYAMAXU_MOTOMC_S1_id43_s0_63.png,1,VALID,-0.47338867,-1.1513672,0.89990234,-1.4942437,LCC-FASD external-dev / cross-domain stress set,False
YOUTUBE_IIYAMAXU_MOTOMC_S1_id43_s0_78.png,1,VALID,-0.73291016,0.6953125,-0.11578369,-1.7958964,LCC-FASD external-dev / cross-domain stress set,False
YOUTUBE_IIYAMAXU_MOTOMC_S1_id43_s0_93.png,1,VALID,-0.7783203,-0.6298828,0.9272461,-1.8967984,LCC-FASD external-dev / cross-domain stress set,False
YOUTUBE_IIYAMAXU_MOTOMC_S1_id43_s0_108.png,1,VALID,-0.17456055,0.5029297,-0.6479492,-0.9523595,LCC-FASD external-dev / cross-domain stress set,False
YOUTUBE_IIYAMAXU_MOTOMC_S1_id43_s0_133.png,1,VALID,1.1748047,-1.3115234,-0.6352539,1.3989359,LCC-FASD external-dev / cross-domain stress set,True
YOUTUBE_IIYAMAXU_MOTOMC_S1_id43_s1_15.png,1,VALID,0.7680664,-0.45581055,-1.0224609,0.77444416,LCC-FASD external-dev / cross-domain stress set,True
YOUTUBE_IIYAMAXU_MOTOMC_S1_id43_s1_30.png,1,VALID,0.3762207,-0.87597656,-0.30371094,0.23252791,LCC-FASD external-dev / cross-domain stress set,True
YOUTUBE_IIYAMAXU_MOTOMC_S1_id43_s1_45.png,1,VALID,1.1689453,-1.0009766,-1.2773438,1.6054411,LCC-FASD external-dev / cross-domain stress set,True
YOUTUBE_IIYAMAXU_MOTOMC_S1_id43_s1_60.png,1,VALID,0.5131836,-1.2333984,-0.32177734,0.49715233,LCC-FASD external-dev / cross-domain stress set,True
YOUTUBE_IIYAMAXU_MOTOMC_S1_id43_s1_75.png,1,VALID,0.8774414,-1.4697266,-0.7036133,1.1993248,LCC-FASD external-dev / cross-domain stress set,True
YOUTUBE_IIYAMAXU_MOTOMC_S1_id43_s1_90.png,1,VALID,1.4365234,-2.0976562,-1.2490234,2.3292723,LCC-FASD external-dev / cross-domain stress set,True
YOUTUBE_IIYAMAXU_MOTOMC_S1_id43_s1_105.png,1,VALID,0.5625,-0.7788086,-0.7504883,0.63390106,LCC-FASD external-dev / cross-domain stress set,True
YOUTUBE_IIYAMAXU_MOTOMC_S1_id48_s0_15.png,1,VALID,-1.2900391,1.7148438,-0.28320312,-3.1320438,LCC-FASD external-dev / cross-domain stress set,False
YOUTUBE_IIYAMAXU_MOTOMC_S1_id48_s0_30.png,1,VALID,-1.1279297,2.0683594,-0.6660156,-3.2592025,LCC-FASD external-dev / cross-domain stress set,False
YOUTUBE_IIYAMAXU_MOTOMC_S1_id48_s0_45.png,1,VALID,-0.68652344,0.59521484,-0.027877808,-1.7111043,LCC-FASD external-dev / cross-domain stress set,False
YOUTUBE_IIYAMAXU_MOTOMC_S1_id48_s0_60.png,1,VALID,-0.7104492,1.5830078,-0.6899414,-2.391498,LCC-FASD external-dev / cross-domain stress set,False
YOUTUBE_IIYAMAXU_MOTOMC_S1_id48_s0_75.png,1,VALID,-0.7993164,1.0976562,-0.27734375,-2.1223853,LCC-FASD external-dev / cross-domain stress set,False
YOUTUBE_IIYAMAXU_MOTOMC_S1_id48_s0_90.png,1,VALID,-0.6669922,1.3916016,-0.53466797,-2.1946015,LCC-FASD external-dev / cross-domain stress set,False
YOUTUBE_IIYAMAXU_MOTOMC_S1_id48_s0_105.png,1,VALID,-0.91308594,1.640625,-0.42944336,-2.6725397,LCC-FASD external-dev / cross-domain stress set,False
YOUTUBE_IIYAMAXU_MOTOMC_S1_id48_s0_120.png,1,VALID,-0.7138672,0.18261719,0.32861328,-1.6652915,LCC-FASD external-dev / cross-domain stress set,False
YOUTUBE_IIYAMAXU_MOTOMC_S1_id48_s0_135.png,1,VALID,-0.7050781,1.7851562,-0.8129883,-2.5620074,LCC-FASD external-dev / cross-domain stress set,False
YOUTUBE_IIYAMAXU_MOTOMC_S1_id48_s0_150.png,1,VALID,-1.0722656,1.2294922,-0.10760498,-2.5349364,LCC-FASD external-dev / cross-domain stress set,False
YOUTUBE_IIYAMAXU_MOTOMC_S1_id48_s1_15.png,1,VALID,0.8276367,-1.4951172,-0.58984375,1.077848,LCC-FASD external-dev / cross-domain stress set,True
YOUTUBE_IIYAMAXU_MOTOMC_S1_id48_s1_30.png,1,VALID,0.7080078,-1.4667969,-0.43896484,0.84112036,LCC-FASD external-dev / cross-domain stress set,True
YOUTUBE_IIYAMAXU_MOTOMC_S1_id48_s1_45.png,1,VALID,0.32788086,-1.3457031,-0.14343262,0.20855612,LCC-FASD external-dev / cross-domain stress set,True
YOUTUBE_IIYAMAXU_MOTOMC_S1_id48_s1_60.png,1,VALID,0.5810547,-1.65625,-0.36254883,0.70124274,LCC-FASD external-dev / cross-domain stress set,True
YOUTUBE_IIYAMAXU_MOTOMC_S1_id48_s1_75.png,1,VALID,0.3828125,-1.2832031,-0.23144531,0.3146547,LCC-FASD external-dev / cross-domain stress set,True
YOUTUBE_IIYAMAXU_MOTOMC_S1_id48_s1_90.png,1,VALID,0.27246094,-1.0976562,-0.16259766,0.10391274,LCC-FASD external-dev / cross-domain stress set,True
YOUTUBE_IIYAMAXU_MOTOMC_S1_id48_s1_106.png,1,VALID,0.83740234,-1.3535156,-0.59521484,1.0484018,LCC-FASD external-dev / cross-domain stress set,True
YOUTUBE_IIYAMAXU_MOTOMC_S1_id48_s1_121.png,1,VALID,0.22436523,-1.0175781,-0.18835449,0.0505881,LCC-FASD external-dev / cross-domain stress set,True
YOUTUBE_IIYAMAXU_MOTOMC_S1_id48_s1_136.png,1,VALID,0.74560547,-1.4355469,-0.64990234,1.0199345,LCC-FASD external-dev / cross-domain stress set,True
YOUTUBE_IIYAMAXU_MOTOMC_S1_id48_s1_151.png,1,VALID,0.67041016,-1.7128906,-0.1875,0.66108096,LCC-FASD external-dev / cross-domain stress set,True
YOUTUBE_IIYAMAXU_SMG955U_S0_id39_s0_17.png,1,VALID,-0.90527344,2.2070312,-0.9584961,-3.1536307,LCC-FASD external-dev / cross-domain stress set,False
YOUTUBE_IIYAMAXU_MOTOMC_S0_id39_s1_15.png,1,VALID,-0.22497559,1.8583984,-1.4023438,-2.1210165,LCC-FASD external-dev / cross-domain stress set,False
YOUTUBE_IIYAMAXU_MOTOMC_S0_id39_s1_30.png,1,VALID,0.22009277,1.2207031,-1.5898438,-1.0590416,LCC-FASD external-dev / cross-domain stress set,False
YOUTUBE_IIYAMAXU_MOTOMC_S0_id39_s1_46.png,1,VALID,0.3503418,0.94433594,-1.6894531,-0.663339,LCC-FASD external-dev / cross-domain stress set,False
YOUTUBE_IIYAMAXU_MOTOMC_S0_id39_s1_61.png,1,VALID,-0.032958984,1.4287109,-1.4443359,-1.5166565,LCC-FASD external-dev / cross-domain stress set,False
YOUTUBE_IIYAMAXU_MOTOMC_S0_id39_s1_76.png,1,VALID,0.43579102,0.9091797,-1.7167969,-0.54325897,LCC-FASD external-dev / cross-domain stress set,True
YOUTUBE_IIYAMAXU_MOTOMC_S0_id42_s0_21.png,1,VALID,1.5224609,-1.3476562,-1.3564453,2.181355,LCC-FASD external-dev / cross-domain stress set,True
YOUTUBE_IIYAMAXU_MOTOMC_S0_id42_s0_37.png,1,VALID,0.52001953,-0.6147461,-0.44799805,0.3547728,LCC-FASD external-dev / cross-domain stress set,True
YOUTUBE_IIYAMAXU_MOTOMC_S0_id42_s0_52.png,1,VALID,1.5380859,-0.96191406,-1.7744141,2.1327581,LCC-FASD external-dev / cross-domain stress set,True
YOUTUBE_IIYAMAXU_MOTOMC_S0_id42_s0_67.png,1,VALID,1.5400391,-0.8388672,-1.5800781,1.989207,LCC-FASD external-dev / cross-domain stress set,True
YOUTUBE_IIYAMAXU_MOTOMC_S0_id42_s0_82.png,1,VALID,1.5234375,-1.1757812,-1.5195312,2.163248,LCC-FASD external-dev / cross-domain stress set,True
YOUTUBE_IIYAMAXU_MOTOMC_S0_id42_s0_97.png,1,VALID,1.1640625,-0.7636719,-1.1533203,1.410552,LCC-FASD external-dev / cross-domain stress set,True
YOUTUBE_IIYAMAXU_MOTOMC_S0_id42_s0_112.png,1,VALID,1.5351562,-1.2900391,-1.71875,2.3236034,LCC-FASD external-dev / cross-domain stress set,True
YOUTUBE_IIYAMAXU_MOTOMC_S0_id42_s0_127.png,1,VALID,1.5605469,-1.1298828,-1.5615234,2.1899922,LCC-FASD external-dev / cross-domain stress set,True
YOUTUBE_IIYAMAXU_MOTOMC_S0_id42_s0_142.png,1,VALID,1.4628906,-1.1357422,-1.4296875,2.0416965,LCC-FASD external-dev / cross-domain stress set,True
YOUTUBE_IIYAMAXU_MOTOMC_S0_id42_s0_157.png,1,VALID,1.4199219,-0.75390625,-1.5087891,1.788521,LCC-FASD external-dev / cross-domain stress set,True
YOUTUBE_IIYAMAXU_MOTOMC_S0_id43_s0_15.png,1,VALID,-0.37182617,-1.1210938,0.7558594,-1.2701012,LCC-FASD external-dev / cross-domain stress set,False
YOUTUBE_IIYAMAXU_MOTOMC_S0_id43_s0_30.png,1,VALID,0.15759277,-0.9042969,-0.106933594,-0.10739249,LCC-FASD external-dev / cross-domain stress set,True
YOUTUBE_IIYAMAXU_MOTOMC_S0_id43_s0_45.png,1,VALID,-0.5732422,-1.0351562,1.0146484,-1.7090104,LCC-FASD external-dev / cross-domain stress set,False
YOUTUBE_IIYAMAXU_MOTOMC_S0_id43_s0_63.png,1,VALID,-0.3984375,-1.3056641,0.96435547,-1.4611079,LCC-FASD external-dev / cross-domain stress set,False
YOUTUBE_IIYAMAXU_MOTOMC_S0_id43_s0_78.png,1,VALID,-0.8198242,0.9291992,-0.20983887,-2.0267513,LCC-FASD external-dev / cross-domain stress set,False
YOUTUBE_IIYAMAXU_MOTOMC_S0_id43_s0_93.png,1,VALID,-0.69628906,-0.47973633,0.7553711,-1.7069252,LCC-FASD external-dev / cross-domain stress set,False
YOUTUBE_IIYAMAXU_MOTOMC_S0_id43_s0_108.png,1,VALID,-0.10546875,0.44628906,-0.7348633,-0.81943476,LCC-FASD external-dev / cross-domain stress set,False
YOUTUBE_IIYAMAXU_MOTOMC_S0_id43_s0_133.png,1,VALID,1.1484375,-1.0078125,-0.9814453,1.4498324,LCC-FASD external-dev / cross-domain stress set,True
YOUTUBE_IIYAMAXU_MOTOMC_S0_id43_s1_16.png,1,VALID,-0.11352539,0.16418457,-0.69677734,-0.6303053,LCC-FASD external-dev / cross-domain stress set,False
YOUTUBE_IIYAMAXU_MOTOMC_S0_id43_s1_31.png,1,VALID,-0.6879883,0.66308594,0.025268555,-1.7753248,LCC-FASD external-dev / cross-domain stress set,False
YOUTUBE_IIYAMAXU_MOTOMC_S0_id43_s1_46.png,1,VALID,0.33325195,-1.2685547,-0.08807373,0.15349099,LCC-FASD external-dev / cross-domain stress set,True
YOUTUBE_IIYAMAXU_MOTOMC_S0_id43_s1_61.png,1,VALID,0.90771484,-1.1708984,-0.7871094,1.1752717,LCC-FASD external-dev / cross-domain stress set,True
YOUTUBE_IIYAMAXU_MOTOMC_S0_id43_s1_76.png,1,VALID,1.1123047,-1.2919922,-1.0068359,1.5584416,LCC-FASD external-dev / cross-domain stress set,True
YOUTUBE_IIYAMAXU_MOTOMC_S0_id43_s1_91.png,1,VALID,0.8979492,-0.8510742,-1.2109375,1.2197068,LCC-FASD external-dev / cross-domain stress set,True
YOUTUBE_IIYAMAXU_MOTOMC_S0_id43_s1_106.png,1,VALID,0.6411133,-1.4208984,-0.45825195,0.7759197,LCC-FASD external-dev / cross-domain stress set,True
YOUTUBE_IIYAMAXU_MOTOMC_S0_id48_s0_15.png,1,VALID,-1.5097656,2.8339844,-0.72998047,-4.371682,LCC-FASD external-dev / cross-domain stress set,False
YOUTUBE_IIYAMAXU_MOTOMC_S0_id48_s0_30.png,1,VALID,-1.1611328,2.5136719,-0.9013672,-3.707151,LCC-FASD external-dev / cross-domain stress set,False
YOUTUBE_IIYAMAXU_MOTOMC_S0_id48_s0_45.png,1,VALID,-0.85595703,0.875,0.003145218,-2.080328,LCC-FASD external-dev / cross-domain stress set,False
YOUTUBE_IIYAMAXU_MOTOMC_S0_id48_s0_60.png,1,VALID,-0.8222656,2.0761719,-0.88623047,-2.9488404,LCC-FASD external-dev / cross-domain stress set,False
YOUTUBE_IIYAMAXU_MOTOMC_S0_id48_s0_75.png,1,VALID,-1.1054688,2.2851562,-0.72753906,-3.438614,LCC-FASD external-dev / cross-domain stress set,False
YOUTUBE_IIYAMAXU_MOTOMC_S0_id48_s0_90.png,1,VALID,-0.7636719,1.2207031,-0.2607422,-2.189199,LCC-FASD external-dev / cross-domain stress set,False
YOUTUBE_IIYAMAXU_MOTOMC_S0_id48_s0_105.png,1,VALID,-0.88964844,2.8808594,-1.2988281,-3.785695,LCC-FASD external-dev / cross-domain stress set,False
YOUTUBE_IIYAMAXU_MOTOMC_S0_id48_s0_120.png,1,VALID,-0.49267578,1.2158203,-0.63671875,-1.8541869,LCC-FASD external-dev / cross-domain stress set,False
YOUTUBE_IIYAMAXU_MOTOMC_S0_id48_s0_135.png,1,VALID,-0.9140625,2.2050781,-0.8105469,-3.1669924,LCC-FASD external-dev / cross-domain stress set,False
YOUTUBE_IIYAMAXU_MOTOMC_S0_id48_s0_150.png,1,VALID,-1.1386719,2.0410156,-0.45532227,-3.2588556,LCC-FASD external-dev / cross-domain stress set,False
YOUTUBE_IIYAMAXU_MOTOMC_S0_id48_s1_15.png,1,VALID,-0.09320068,-0.3347168,-0.11029053,-0.57012695,LCC-FASD external-dev / cross-domain stress set,True
YOUTUBE_IIYAMAXU_MOTOMC_S0_id48_s1_30.png,1,VALID,0.01550293,-0.55859375,-0.08782959,-0.38188285,LCC-FASD external-dev / cross-domain stress set,True
YOUTUBE_IIYAMAXU_MOTOMC_S0_id48_s1_45.png,1,VALID,0.004386902,-0.020950317,-0.50634766,-0.4542779,LCC-FASD external-dev / cross-domain stress set,True
YOUTUBE_IIYAMAXU_MOTOMC_S0_id48_s1_60.png,1,VALID,0.23364258,-0.85839844,-0.30493164,0.08434874,LCC-FASD external-dev / cross-domain stress set,True
YOUTUBE_IIYAMAXU_MOTOMC_S0_id48_s1_75.png,1,VALID,0.28271484,-0.5004883,-0.46411133,0.07170206,LCC-FASD external-dev / cross-domain stress set,True
YOUTUBE_IIYAMAXU_MOTOMC_S0_id48_s1_90.png,1,VALID,-0.30615234,-0.30908203,0.10266113,-0.9171326,LCC-FASD external-dev / cross-domain stress set,False
YOUTUBE_IIYAMAXU_MOTOMC_S0_id48_s1_107.png,1,VALID,1.1640625,-1.0673828,-1.0966797,1.5528393,LCC-FASD external-dev / cross-domain stress set,True
YOUTUBE_IIYAMAXU_MOTOMC_S0_id48_s1_128.png,1,VALID,0.62109375,0.3256836,-1.21875,0.101956785,LCC-FASD external-dev / cross-domain stress set,True
YOUTUBE_IIYAMAXU_MOTOMC_S0_id48_s1_143.png,1,VALID,0.5439453,-1.1357422,-0.40673828,0.5570285,LCC-FASD external-dev / cross-domain stress set,True
YOUTUBE_IIYAMAXU_MOTOMC_S0_id48_s1_158.png,1,VALID,-0.23913574,-0.12133789,-0.12902832,-0.80710727,LCC-FASD external-dev / cross-domain stress set,False
YOUTUBE_IIYAMAXU_MOTOMC_S1_id39_s0_18.png,1,VALID,0.22509766,1.0244141,-1.2255859,-0.899523,LCC-FASD external-dev / cross-domain stress set,False
YOUTUBE_IIYAMAGB_GZS4020_id29_s0_15.png,1,VALID,-0.52685547,1.2441406,-0.7338867,-1.9005688,LCC-FASD external-dev / cross-domain stress set,False
YOUTUBE_IIYAMAGB_GZS4020_id29_s0_30.png,1,VALID,-0.5986328,1.40625,-0.7109375,-2.1185415,LCC-FASD external-dev / cross-domain stress set,False
YOUTUBE_IIYAMAGB_GZS4020_id29_s0_45.png,1,VALID,-0.703125,1.5117188,-0.5883789,-2.3303528,LCC-FASD external-dev / cross-domain stress set,False
YOUTUBE_IIYAMAGB_GZS4020_id29_s0_60.png,1,VALID,0.21777344,0.43310547,-0.88720703,-0.45202482,LCC-FASD external-dev / cross-domain stress set,True
YOUTUBE_IIYAMAGB_GZS4020_id29_s0_75.png,1,VALID,-0.4338379,1.1904297,-0.78222656,-1.7544947,LCC-FASD external-dev / cross-domain stress set,False
YOUTUBE_IIYAMAGB_GZS4020_id29_s0_90.png,1,VALID,0.051727295,0.57958984,-0.88623047,-0.7355988,LCC-FASD external-dev / cross-domain stress set,False
YOUTUBE_IIYAMAGB_GZS4020_id29_s0_120.png,1,VALID,-0.39746094,1.1972656,-0.7607422,-1.7267537,LCC-FASD external-dev / cross-domain stress set,False
YOUTUBE_IIYAMAGB_GZS4020_id29_s0_135.png,1,VALID,-0.20422363,1.0205078,-0.86083984,-1.3665649,LCC-FASD external-dev / cross-domain stress set,False
YOUTUBE_IIYAMAGB_IPHONE7F_id29_s0_15.png,1,VALID,-0.8276367,1.7578125,-0.5708008,-2.678421,LCC-FASD external-dev / cross-domain stress set,False
YOUTUBE_IIYAMAGB_IPHONE7F_id29_s0_30.png,1,VALID,-0.91015625,1.8447266,-0.6113281,-2.8371747,LCC-FASD external-dev / cross-domain stress set,False
YOUTUBE_IIYAMAGB_IPHONE7F_id29_s0_45.png,1,VALID,-0.70947266,1.6640625,-0.6533203,-2.4675093,LCC-FASD external-dev / cross-domain stress set,False
YOUTUBE_IIYAMAGB_IPHONE7F_id29_s0_60.png,1,VALID,-0.765625,1.7158203,-0.5727539,-2.5780373,LCC-FASD external-dev / cross-domain stress set,False
YOUTUBE_IIYAMAGB_IPHONE7F_id29_s0_75.png,1,VALID,-0.8442383,1.9931641,-0.6557617,-2.9057403,LCC-FASD external-dev / cross-domain stress set,False
YOUTUBE_IIYAMAGB_IPHONE7F_id29_s0_90.png,1,VALID,-1.0820312,2.2636719,-0.7729492,-3.3925836,LCC-FASD external-dev / cross-domain stress set,False
YOUTUBE_IIYAMAGB_IPHONE7F_id29_s0_105.png,1,VALID,-0.90625,2.2753906,-0.91308594,-3.2220478,LCC-FASD external-dev / cross-domain stress set,False
YOUTUBE_IIYAMAGB_IPHONE7F_id29_s0_120.png,1,VALID,-1.1845703,2.2949219,-0.59521484,-3.5335717,LCC-FASD external-dev / cross-domain stress set,False
YOUTUBE_IIYAMAGB_IPHONE7F_id29_s0_135.png,1,VALID,-0.87841797,1.9335938,-0.66259766,-2.8839202,LCC-FASD external-dev / cross-domain stress set,False
YOUTUBE_IIYAMAXB_IPHONE7F_id29_s0_15.png,1,VALID,-0.52734375,1.4345703,-0.6328125,-2.0810442,LCC-FASD external-dev / cross-domain stress set,False
YOUTUBE_IIYAMAXB_IPHONE7F_id29_s0_30.png,1,VALID,-0.64941406,1.9355469,-0.7597656,-2.6503005,LCC-FASD external-dev / cross-domain stress set,False
YOUTUBE_IIYAMAXB_IPHONE7F_id29_s0_45.png,1,VALID,-0.42260742,1.4931641,-0.71728516,-2.0198174,LCC-FASD external-dev / cross-domain stress set,False
YOUTUBE_IIYAMAXB_IPHONE7F_id29_s0_60.png,1,VALID,-0.5908203,1.8769531,-0.7290039,-2.5390074,LCC-FASD external-dev / cross-domain stress set,False
YOUTUBE_IIYAMAXB_IPHONE7F_id29_s0_75.png,1,VALID,-0.23657227,1.4775391,-0.9350586,-1.7999058,LCC-FASD external-dev / cross-domain stress set,False
YOUTUBE_IIYAMAXB_IPHONE7F_id29_s0_90.png,1,VALID,-0.1439209,1.2490234,-0.8691406,-1.5064982,LCC-FASD external-dev / cross-domain stress set,False
YOUTUBE_IIYAMAXB_IPHONE7F_id29_s0_105.png,1,VALID,-0.22180176,1.6435547,-1.2226562,-1.92071,LCC-FASD external-dev / cross-domain stress set,False
YOUTUBE_IIYAMAXB_IPHONE7F_id29_s0_120.png,1,VALID,-0.13146973,1.5019531,-1.0810547,-1.7062516,LCC-FASD external-dev / cross-domain stress set,False
YOUTUBE_IIYAMAXB_IPHONE7F_id29_s0_135.png,1,VALID,-0.037109375,1.484375,-1.1914062,-1.5880705,LCC-FASD external-dev / cross-domain stress set,False
YOUTUBE_IIYAMAXB_WIZARD1_id29_s0_15.png,1,VALID,-0.69873047,1.6767578,-0.5385742,-2.4790528,LCC-FASD external-dev / cross-domain stress set,False
YOUTUBE_IIYAMAXB_WIZARD1_id29_s0_30.png,1,VALID,-1.2382812,2.3964844,-0.52734375,-3.6870997,LCC-FASD external-dev / cross-domain stress set,False
YOUTUBE_IIYAMAXB_WIZARD1_id29_s0_45.png,1,VALID,-0.89697266,2.0488281,-0.49926758,-3.021122,LCC-FASD external-dev / cross-domain stress set,False
YOUTUBE_IIYAMAXB_WIZARD1_id29_s0_69.png,1,VALID,-0.8676758,2.0898438,-0.5883789,-3.0239487,LCC-FASD external-dev / cross-domain stress set,False
YOUTUBE_IIYAMAXB_WIZARD1_id29_s0_105.png,1,VALID,-0.7158203,2.4902344,-1.1708984,-3.2314334,LCC-FASD external-dev / cross-domain stress set,False
YOUTUBE_IIYAMAXU_GZS4020_id29_s0_15.png,1,VALID,0.54296875,-0.16467285,-0.8120117,0.28667277,LCC-FASD external-dev / cross-domain stress set,True
YOUTUBE_IIYAMAXU_GZS4020_id29_s0_30.png,1,VALID,1.1894531,-0.72998047,-1.1660156,1.420724,LCC-FASD external-dev / cross-domain stress set,True
YOUTUBE_IIYAMAXU_GZS4020_id29_s0_45.png,1,VALID,0.8310547,-0.8232422,-0.6665039,0.8797128,LCC-FASD external-dev / cross-domain stress set,True
YOUTUBE_IIYAMAXU_GZS4020_id29_s0_60.png,1,VALID,1.1923828,-0.86572266,-1.0068359,1.4330279,LCC-FASD external-dev / cross-domain stress set,True
YOUTUBE_IIYAMAXU_GZS4020_id29_s0_75.png,1,VALID,0.9111328,-0.34277344,-1.0605469,0.85658264,LCC-FASD external-dev / cross-domain stress set,True
YOUTUBE_IIYAMAXU_GZS4020_id29_s0_90.png,1,VALID,1.3662109,-0.7998047,-1.3291016,1.7028987,LCC-FASD external-dev / cross-domain stress set,True
YOUTUBE_IIYAMAXU_GZS4020_id29_s0_105.png,1,VALID,0.47216797,0.07720947,-0.92578125,0.08250025,LCC-FASD external-dev / cross-domain stress set,True
YOUTUBE_IIYAMAXU_GZS4020_id29_s0_120.png,1,VALID,0.8051758,-0.4658203,-0.8457031,0.74985886,LCC-FASD external-dev / cross-domain stress set,True
YOUTUBE_IIYAMAXU_GZS4020_id29_s0_135.png,1,VALID,0.6425781,-0.0037593842,-1.0371094,0.3419362,LCC-FASD external-dev / cross-domain stress set,True
YOUTUBE_IIYAMAXU_IPHONE7F_id29_s0_15.png,1,VALID,-1.1542969,2.3574219,-0.68652344,-3.558265,LCC-FASD external-dev / cross-domain stress set,False
YOUTUBE_IIYAMAXU_IPHONE7F_id29_s0_30.png,1,VALID,-0.90283203,2.1113281,-0.6538086,-3.0752246,LCC-FASD external-dev / cross-domain stress set,False
YOUTUBE_IIYAMAXU_IPHONE7F_id29_s0_45.png,1,VALID,-0.9941406,2.1738281,-0.58935547,-3.229149,LCC-FASD external-dev / cross-domain stress set,False
YOUTUBE_IIYAMAXU_IPHONE7F_id29_s0_60.png,1,VALID,-0.38354492,1.7490234,-0.84716797,-2.2044768,LCC-FASD external-dev / cross-domain stress set,False
YOUTUBE_IIYAMAXU_IPHONE7F_id29_s0_75.png,1,VALID,-0.26245117,1.3876953,-0.83935547,-1.7525641,LCC-FASD external-dev / cross-domain stress set,False
YOUTUBE_IIYAMAXU_IPHONE7F_id29_s0_90.png,1,VALID,-0.8701172,2.1113281,-0.69384766,-3.040182,LCC-FASD external-dev / cross-domain stress set,False
YOUTUBE_IIYAMAXU_IPHONE7F_id29_s0_105.png,1,VALID,-0.7314453,2.4667969,-1.1396484,-3.2250283,LCC-FASD external-dev / cross-domain stress set,False
YOUTUBE_IIYAMAXU_IPHONE7F_id29_s0_120.png,1,VALID,-0.25439453,1.6777344,-1.0029297,-1.9984013,LCC-FASD external-dev / cross-domain stress set,False
YOUTUBE_IIYAMAXU_IPHONE7F_id29_s0_135.png,1,VALID,-0.12780762,1.7060547,-1.2109375,-1.8865459,LCC-FASD external-dev / cross-domain stress set,False
YOUTUBE_IIYAMAXU_MOTOMC_S0_id39_s0_17.png,1,VALID,-0.04333496,1.625,-1.0507812,-1.7349211,LCC-FASD external-dev / cross-domain stress set,False
YOUTUBE_IIYAMAXU_MOTOMC_S0_id39_s0_32.png,1,VALID,-0.94091797,2.3222656,-1.0078125,-3.2983484,LCC-FASD external-dev / cross-domain stress set,False
YOUTUBE_HPE17J001ER_ZSZD551KL_id48_s0_75.png,1,VALID,-0.99902344,2.1445312,-0.8496094,-3.1924207,LCC-FASD external-dev / cross-domain stress set,False
YOUTUBE_HPE17J001ER_ZSZD551KL_id48_s0_90.png,1,VALID,-0.78466797,1.5908203,-0.7910156,-2.4638476,LCC-FASD external-dev / cross-domain stress set,False
YOUTUBE_HPPEXP_IPHONE5SB_id39_s0_15.png,1,VALID,-1.0107422,3.1816406,-1.3994141,-4.2025747,LCC-FASD external-dev / cross-domain stress set,False
YOUTUBE_HPPEXP_IPHONE5SB_id39_s0_31.png,1,VALID,9.346008e-05,-0.29711914,0.01828003,-0.56601757,LCC-FASD external-dev / cross-domain stress set,True
YOUTUBE_HPPEXP_IPHONE5SB_id39_s0_46.png,1,VALID,0.5371094,0.29516602,-0.9921875,-0.0017870665,LCC-FASD external-dev / cross-domain stress set,True
YOUTUBE_HPPEXP_IPHONE5SB_id43_s0_15.png,1,VALID,-1.078125,1.5205078,-0.45092773,-2.729009,LCC-FASD external-dev / cross-domain stress set,False
YOUTUBE_HPPEXP_IPHONE5SB_id43_s0_30.png,1,VALID,-0.98779297,2.0996094,-0.86035156,-3.1379254,LCC-FASD external-dev / cross-domain stress set,False
YOUTUBE_HPPEXP_IPHONE5SB_id43_s0_46.png,1,VALID,-1.0048828,2.0351562,-0.8779297,-3.0929236,LCC-FASD external-dev / cross-domain stress set,False
YOUTUBE_HPPEXP_IPHONE5SB_id43_s0_61.png,1,VALID,-1.2392578,1.1904297,-0.109313965,-2.6707509,LCC-FASD external-dev / cross-domain stress set,False
YOUTUBE_HPPEXP_IPHONE5SB_id43_s0_76.png,1,VALID,-0.7109375,0.64160156,-0.16967773,-1.7201564,LCC-FASD external-dev / cross-domain stress set,False
YOUTUBE_HPPEXP_IPHONE5SB_id43_s0_91.png,1,VALID,0.0075683594,0.14099121,-0.53222656,-0.54557526,LCC-FASD external-dev / cross-domain stress set,True
YOUTUBE_HPPEXP_IPHONE5SB_id43_s0_117.png,1,VALID,-1.0390625,2.4335938,-1.0078125,-3.504174,LCC-FASD external-dev / cross-domain stress set,False
YOUTUBE_HPPEXP_IPHONE5SB_id43_s0_132.png,1,VALID,0.021850586,0.36767578,-0.6176758,-0.66304755,LCC-FASD external-dev / cross-domain stress set,False
YOUTUBE_HPPEXP_IPHONE5SB_id43_s0_147.png,1,VALID,-0.43310547,-0.21069336,0.23376465,-1.1622806,LCC-FASD external-dev / cross-domain stress set,False
YOUTUBE_HPPEXP_IPHONE5SB_id43_s0_162.png,1,VALID,-0.13098145,-0.90478516,0.30444336,-0.6965787,LCC-FASD external-dev / cross-domain stress set,False
YOUTUBE_HPPEXP_IPHONE5SB_id43_s1_15.png,1,VALID,-0.3491211,2.2304688,-1.5029297,-2.60322,LCC-FASD external-dev / cross-domain stress set,False
YOUTUBE_HPPEXP_IPHONE5SB_id43_s1_30.png,1,VALID,0.042633057,1.5195312,-1.3828125,-1.5303389,LCC-FASD external-dev / cross-domain stress set,False
YOUTUBE_HPPEXP_IPHONE5SB_id43_s1_45.png,1,VALID,0.8305664,0.3984375,-1.3994141,0.27884626,LCC-FASD external-dev / cross-domain stress set,True
YOUTUBE_HPPEXP_IPHONE5SB_id43_s1_60.png,1,VALID,-0.90185547,1.9990234,-0.85302734,-2.957,LCC-FASD external-dev / cross-domain stress set,False
YOUTUBE_HPPEXP_IPHONE5SB_id43_s1_75.png,1,VALID,-0.83740234,1.9570312,-0.72021484,-2.8609254,LCC-FASD external-dev / cross-domain stress set,False
YOUTUBE_HPPEXP_IPHONE5SB_id43_s1_90.png,1,VALID,-1.0839844,2.4433594,-0.7910156,-3.5659728,LCC-FASD external-dev / cross-domain stress set,False
YOUTUBE_HPPEXP_IPHONE5SB_id43_s1_105.png,1,VALID,-0.99121094,2.2929688,-0.875,-3.325407,LCC-FASD external-dev / cross-domain stress set,False
YOUTUBE_HPPEXP_IPHONE5SB_id43_s1_120.png,1,VALID,-1.3398438,1.5878906,-0.15185547,-3.0894833,LCC-FASD external-dev / cross-domain stress set,False
YOUTUBE_HPPEXP_IPHONE5SB_id43_s1_135.png,1,VALID,-0.74902344,1.984375,-0.984375,-2.7834902,LCC-FASD external-dev / cross-domain stress set,False
YOUTUBE_HPPEXP_IPHONE5SB_id43_s1_150.png,1,VALID,-1.2802734,2.8828125,-1.1845703,-4.1800632,LCC-FASD external-dev / cross-domain stress set,False
YOUTUBE_HPPEXP_IPHONE5SB_id48_s1_15.png,1,VALID,0.46777344,-0.61279297,-0.8261719,0.48842812,LCC-FASD external-dev / cross-domain stress set,True
YOUTUBE_HPPEXP_IPHONE5SB_id48_s1_30.png,1,VALID,0.13476562,0.46606445,-1.2001953,-0.50437146,LCC-FASD external-dev / cross-domain stress set,True
YOUTUBE_HPPEXP_IPHONE5SB_id48_s1_45.png,1,VALID,-0.36254883,1.3984375,-0.9326172,-1.8537416,LCC-FASD external-dev / cross-domain stress set,False
YOUTUBE_HPPEXP_IPHONE5SB_id48_s1_60.png,1,VALID,0.15124512,0.38867188,-1.1220703,-0.43688893,LCC-FASD external-dev / cross-domain stress set,True
YOUTUBE_HPPEXP_IPHONE5SB_id48_s1_75.png,1,VALID,-0.4663086,1.4042969,-0.9086914,-1.9649744,LCC-FASD external-dev / cross-domain stress set,False
YOUTUBE_HPPEXP_IPHONE5SB_id48_s1_90.png,1,VALID,-0.81347656,1.6357422,-0.7573242,-2.5366335,LCC-FASD external-dev / cross-domain stress set,False
YOUTUBE_HPPEXP_IPHONE5SB_id48_s1_105.png,1,VALID,-0.17126465,0.6118164,-0.7890625,-1.0033247,LCC-FASD external-dev / cross-domain stress set,False
YOUTUBE_HPPEXP_IPHONE5SB_id48_s1_120.png,1,VALID,-0.19482422,1.3359375,-1.1943359,-1.6073868,LCC-FASD external-dev / cross-domain stress set,False
YOUTUBE_HPPEXP_IPHONE5SB_id48_s1_135.png,1,VALID,-0.40722656,1.5976562,-1.1748047,-2.065515,LCC-FASD external-dev / cross-domain stress set,False
YOUTUBE_HPPEXP_IPHONE5SB_id48_s1_150.png,1,VALID,0.09277344,0.41918945,-0.90722656,-0.5618255,LCC-FASD external-dev / cross-domain stress set,True
YOUTUBE_I2369VM_HONOR7X_id39_s0_15.png,1,VALID,-0.9042969,1.7568359,-0.46484375,-2.7640746,LCC-FASD external-dev / cross-domain stress set,False
YOUTUBE_I2369VM_HONOR7X_id39_s0_31.png,1,VALID,-0.65185547,1.7451172,-0.60839844,-2.4877586,LCC-FASD external-dev / cross-domain stress set,False
YOUTUBE_I2369VM_HONOR7X_id39_s0_46.png,1,VALID,-0.6274414,2.4570312,-1.3046875,-3.1074505,LCC-FASD external-dev / cross-domain stress set,False
YOUTUBE_I2369VM_HONOR7X_id39_s0_66.png,1,VALID,-1.1767578,0.42041016,0.7080078,-2.4444175,LCC-FASD external-dev / cross-domain stress set,False
YOUTUBE_I2369VM_HONOR7X_id48_s1_15.png,1,VALID,-0.58496094,1.296875,-0.65234375,-2.0149543,LCC-FASD external-dev / cross-domain stress set,False
YOUTUBE_I2369VM_HONOR7X_id48_s1_30.png,1,VALID,-0.55029297,1.2021484,-0.5473633,-1.912738,LCC-FASD external-dev / cross-domain stress set,False
YOUTUBE_I2369VM_HONOR7X_id48_s1_45.png,1,VALID,-0.98779297,2.0957031,-0.6855469,-3.1436133,LCC-FASD external-dev / cross-domain stress set,False
YOUTUBE_I2369VM_HONOR7X_id48_s1_60.png,1,VALID,-0.5019531,1.7402344,-1.2001953,-2.2936816,LCC-FASD external-dev / cross-domain stress set,False
YOUTUBE_I2369VM_HONOR7X_id48_s1_75.png,1,VALID,-0.7915039,1.8974609,-0.91552734,-2.7472577,LCC-FASD external-dev / cross-domain stress set,False
YOUTUBE_I2369VM_HONOR7X_id48_s1_90.png,1,VALID,-1.2197266,0.32006836,0.6933594,-2.4369056,LCC-FASD external-dev / cross-domain stress set,False
YOUTUBE_I2369VM_HONOR7X_id48_s1_105.png,1,VALID,-1.2509766,0.89697266,0.25,-2.5690439,LCC-FASD external-dev / cross-domain stress set,False
YOUTUBE_I2369VM_HONOR7X_id48_s1_120.png,1,VALID,-0.8515625,2.4902344,-1.2197266,-3.3659806,LCC-FASD external-dev / cross-domain stress set,False
YOUTUBE_I2369VM_HONOR7X_id48_s1_135.png,1,VALID,-1.1083984,1.3095703,-0.18493652,-2.6203864,LCC-FASD external-dev / cross-domain stress set,False
YOUTUBE_I2369VM_HONOR7X_id48_s1_150.png,1,VALID,-0.22241211,0.16833496,-0.22253418,-0.9074366,LCC-FASD external-dev / cross-domain stress set,False
YOUTUBE_IIYAMAGB_GZS4020_id29_s0_105.png,1,VALID,-0.22924805,0.9819336,-0.97314453,-1.3435717,LCC-FASD external-dev / cross-domain stress set,False
YOUTUBE_HP3165NGW_IPADA1893_id48_s1_15.png,1,VALID,0.26123047,-0.44995117,-0.48583984,0.035817802,LCC-FASD external-dev / cross-domain stress set,True
YOUTUBE_HP3165NGW_IPADA1893_id48_s1_30.png,1,VALID,-0.54833984,-0.55371094,0.4777832,-1.3310117,LCC-FASD external-dev / cross-domain stress set,False
YOUTUBE_HP3165NGW_IPADA1893_id48_s1_45.png,1,VALID,-0.62597656,-1.0380859,0.9033203,-1.6633923,LCC-FASD external-dev / cross-domain stress set,False
YOUTUBE_HP3165NGW_IPADA1893_id48_s1_60.png,1,VALID,-0.11767578,-0.30200195,-0.15783691,-0.5834992,LCC-FASD external-dev / cross-domain stress set,True
YOUTUBE_HP3165NGW_IPADA1893_id48_s1_75.png,1,VALID,-0.34326172,-0.21386719,0.14123535,-1.015773,LCC-FASD external-dev / cross-domain stress set,False
YOUTUBE_HP3165NGW_IPADA1893_id48_s1_90.png,1,VALID,-0.92871094,-0.4169922,0.9692383,-2.1211057,LCC-FASD external-dev / cross-domain stress set,False
YOUTUBE_HP3165NGW_IPADA1893_id48_s1_105.png,1,VALID,-0.5214844,-0.14282227,0.24194336,-1.2825847,LCC-FASD external-dev / cross-domain stress set,False
YOUTUBE_HP3165NGW_IPADA1893_id48_s1_120.png,1,VALID,-0.7763672,0.8569336,-0.3293457,-1.899776,LCC-FASD external-dev / cross-domain stress set,False
YOUTUBE_HP3165NGW_IPADA1893_id48_s1_135.png,1,VALID,-0.77734375,1.4990234,-0.48168945,-2.405614,LCC-FASD external-dev / cross-domain stress set,False
YOUTUBE_HP3165NGW_IPADA1893_id48_s1_150.png,1,VALID,-1.0078125,0.7895508,0.048675537,-2.1871707,LCC-FASD external-dev / cross-domain stress set,False
YOUTUBE_HPE17J001ER_REDMIN3P_id39_s0_16.png,1,VALID,-0.65234375,2.1074219,-0.94140625,-2.8060904,LCC-FASD external-dev / cross-domain stress set,False
YOUTUBE_HPE17J001ER_REDMIN3P_id39_s0_34.png,1,VALID,0.2800293,1.0,-1.1318359,-0.8320658,LCC-FASD external-dev / cross-domain stress set,False
YOUTUBE_HPE17J001ER_REDMIN3P_id39_s0_49.png,1,VALID,0.29516602,1.7578125,-1.9150391,-1.4877331,LCC-FASD external-dev / cross-domain stress set,False
YOUTUBE_HPE17J001ER_REDMIN3P_id39_s0_68.png,1,VALID,-0.6279297,0.65527344,-0.1640625,-1.648349,LCC-FASD external-dev / cross-domain stress set,False
YOUTUBE_HPE17J001ER_REDMIN3P_id43_s0_15.png,1,VALID,0.029556274,-0.7324219,-0.024978638,-0.34618747,LCC-FASD external-dev / cross-domain stress set,True
YOUTUBE_HPE17J001ER_REDMIN3P_id43_s0_30.png,1,VALID,-0.57373047,0.83203125,-0.5107422,-1.6377623,LCC-FASD external-dev / cross-domain stress set,False
YOUTUBE_HPE17J001ER_REDMIN3P_id43_s0_46.png,1,VALID,-0.6435547,1.0703125,-0.6269531,-1.882076,LCC-FASD external-dev / cross-domain stress set,False
YOUTUBE_HPE17J001ER_REDMIN3P_id43_s0_61.png,1,VALID,0.3293457,-1.2148438,-0.19104004,0.21347034,LCC-FASD external-dev / cross-domain stress set,True
YOUTUBE_HPE17J001ER_REDMIN3P_id43_s0_76.png,1,VALID,0.28466797,-1.1191406,-0.20373535,0.151678,LCC-FASD external-dev / cross-domain stress set,True
YOUTUBE_HPE17J001ER_REDMIN3P_id43_s0_91.png,1,VALID,0.39282227,-1.3681641,-0.064086914,0.21677254,LCC-FASD external-dev / cross-domain stress set,True
YOUTUBE_HPE17J001ER_REDMIN3P_id43_s0_118.png,1,VALID,-0.3918457,0.67089844,-0.5571289,-1.3196086,LCC-FASD external-dev / cross-domain stress set,False
YOUTUBE_HPE17J001ER_REDMIN3P_id43_s0_133.png,1,VALID,0.0814209,-0.4963379,-0.30541992,-0.2153967,LCC-FASD external-dev / cross-domain stress set,True
YOUTUBE_HPE17J001ER_REDMIN3P_id43_s0_148.png,1,VALID,0.2064209,-0.9506836,-0.08917236,-0.05683881,LCC-FASD external-dev / cross-domain stress set,True
YOUTUBE_HPE17J001ER_REDMIN3P_id43_s0_163.png,1,VALID,0.19372559,0.09643555,-0.75146484,-0.25920418,LCC-FASD external-dev / cross-domain stress set,True
YOUTUBE_HPE17J001ER_REDMIN3P_id43_s1_15.png,1,VALID,0.8022461,-0.7504883,-0.9824219,0.96884483,LCC-FASD external-dev / cross-domain stress set,True
YOUTUBE_HPE17J001ER_REDMIN3P_id43_s1_30.png,1,VALID,1.0800781,-0.59716797,-1.4130859,1.3110533,LCC-FASD external-dev / cross-domain stress set,True
YOUTUBE_HPE17J001ER_REDMIN3P_id43_s1_45.png,1,VALID,0.6801758,-0.75878906,-0.9086914,0.81796265,LCC-FASD external-dev / cross-domain stress set,True
YOUTUBE_HPE17J001ER_REDMIN3P_id43_s1_60.png,1,VALID,1.4082031,-1.1210938,-1.4453125,1.9851766,LCC-FASD external-dev / cross-domain stress set,True
YOUTUBE_HPE17J001ER_REDMIN3P_id43_s1_75.png,1,VALID,1.6962891,-1.9257812,-1.5087891,2.6988473,LCC-FASD external-dev / cross-domain stress set,True
YOUTUBE_HPE17J001ER_REDMIN3P_id43_s1_90.png,1,VALID,1.0429688,-1.6455078,-0.9277344,1.5733795,LCC-FASD external-dev / cross-domain stress set,True
YOUTUBE_HPE17J001ER_REDMIN3P_id43_s1_105.png,1,VALID,1.3808594,-1.3867188,-1.5410156,2.1486063,LCC-FASD external-dev / cross-domain stress set,True
YOUTUBE_HPE17J001ER_REDMIN3P_id43_s1_120.png,1,VALID,1.5361328,-2.0332031,-1.2246094,2.3922977,LCC-FASD external-dev / cross-domain stress set,True
YOUTUBE_HPE17J001ER_REDMIN3P_id43_s1_135.png,1,VALID,1.5458984,-1.78125,-1.4169922,2.4353778,LCC-FASD external-dev / cross-domain stress set,True
YOUTUBE_HPE17J001ER_REDMIN3P_id43_s1_150.png,1,VALID,1.5214844,-2.1542969,-1.0859375,2.3120904,LCC-FASD external-dev / cross-domain stress set,True
YOUTUBE_HPE17J001ER_REDMIN3P_id48_s1_15.png,1,VALID,0.63378906,-1.4267578,-0.5229492,0.81668377,LCC-FASD external-dev / cross-domain stress set,True
YOUTUBE_HPE17J001ER_REDMIN3P_id48_s1_30.png,1,VALID,0.7758789,-1.2041016,-0.58984375,0.93326366,LCC-FASD external-dev / cross-domain stress set,True
YOUTUBE_HPE17J001ER_REDMIN3P_id48_s1_45.png,1,VALID,0.81591797,-1.6074219,-0.47851562,1.0142394,LCC-FASD external-dev / cross-domain stress set,True
YOUTUBE_HPE17J001ER_REDMIN3P_id48_s1_63.png,1,VALID,0.5625,-1.3583984,-0.44482422,0.67007506,LCC-FASD external-dev / cross-domain stress set,True
YOUTUBE_HPE17J001ER_REDMIN3P_id48_s1_78.png,1,VALID,0.18395996,-1.1220703,-0.20898438,0.055555403,LCC-FASD external-dev / cross-domain stress set,True
YOUTUBE_HPE17J001ER_REDMIN3P_id48_s1_93.png,1,VALID,0.3449707,-0.9350586,-0.28466797,0.2097173,LCC-FASD external-dev / cross-domain stress set,True
YOUTUBE_HPE17J001ER_REDMIN3P_id48_s1_112.png,1,VALID,0.59814453,-1.0810547,-0.7583008,0.81170994,LCC-FASD external-dev / cross-domain stress set,True
YOUTUBE_HPE17J001ER_REDMIN3P_id48_s1_127.png,1,VALID,0.5126953,-1.2089844,-0.39379883,0.54007673,LCC-FASD external-dev / cross-domain stress set,True
YOUTUBE_HPE17J001ER_REDMIN3P_id48_s1_142.png,1,VALID,0.003730774,-0.2783203,-0.42822266,-0.3389511,LCC-FASD external-dev / cross-domain stress set,True
YOUTUBE_HPE17J001ER_REDMIN3P_id48_s1_157.png,1,VALID,0.4555664,-1.2705078,-0.38378906,0.4943445,LCC-FASD external-dev / cross-domain stress set,True
YOUTUBE_HPE17J001ER_ZSZD551KL_id48_s0_15.png,1,VALID,-0.6401367,1.8505859,-1.1640625,-2.53862,LCC-FASD external-dev / cross-domain stress set,False
YOUTUBE_HPE17J001ER_ZSZD551KL_id48_s0_30.png,1,VALID,-0.8847656,2.1933594,-1.109375,-3.114247,LCC-FASD external-dev / cross-domain stress set,False
YOUTUBE_HPE17J001ER_ZSZD551KL_id48_s0_45.png,1,VALID,-1.2412109,2.7089844,-1.0712891,-3.9727554,LCC-FASD external-dev / cross-domain stress set,False
YOUTUBE_HPE17J001ER_ZSZD551KL_id48_s0_60.png,1,VALID,-0.7163086,1.3466797,-0.6816406,-2.186582,LCC-FASD external-dev / cross-domain stress set,False
YOUTUBE_HPE17J001ER_ZSZD551KL_id48_s0_105.png,1,VALID,-0.87939453,1.7509766,-0.80859375,-2.7048643,LCC-FASD external-dev / cross-domain stress set,False
YOUTUBE_HPE17J001ER_ZSZD551KL_id48_s0_120.png,1,VALID,-1.0224609,1.5439453,-0.4140625,-2.6984334,LCC-FASD external-dev / cross-domain stress set,False
YOUTUBE_HPE17J001ER_ZSZD551KL_id48_s0_135.png,1,VALID,-0.953125,1.4355469,-0.5102539,-2.522217,LCC-FASD external-dev / cross-domain stress set,False
YOUTUBE_HPE17J001ER_ZSZD551KL_id48_s0_150.png,1,VALID,-0.7529297,1.2783203,-0.59277344,-2.1744454,LCC-FASD external-dev / cross-domain stress set,False
YOUTUBE_HP250_MEIZUM3S_id39_s1_31.png,1,VALID,-0.9472656,2.4082031,-0.9067383,-3.3911602,LCC-FASD external-dev / cross-domain stress set,False
YOUTUBE_HP250_MEIZUM3S_id39_s1_56.png,1,VALID,-0.9711914,2.7285156,-1.046875,-3.7223763,LCC-FASD external-dev / cross-domain stress set,False
YOUTUBE_HP250_MEIZUM3S_id39_s1_86.png,1,VALID,-1.1591797,2.6601562,-0.8017578,-3.8502235,LCC-FASD external-dev / cross-domain stress set,False
YOUTUBE_HP250_MEIZUM3S_id39_s1_101.png,1,VALID,-0.7348633,2.4394531,-1.2177734,-3.199793,LCC-FASD external-dev / cross-domain stress set,False
YOUTUBE_HP250_MEIZUM3S_id39_s1_116.png,1,VALID,-0.98291016,2.7246094,-1.1142578,-3.7288094,LCC-FASD external-dev / cross-domain stress set,False
YOUTUBE_HP250_MEIZUM3S_id39_s1_131.png,1,VALID,-0.9145508,2.5527344,-1.0175781,-3.4950435,LCC-FASD external-dev / cross-domain stress set,False
YOUTUBE_HP250_MEIZUM3S_id42_s0_15.png,1,VALID,-1.2060547,2.0839844,-0.53027344,-3.3607047,LCC-FASD external-dev / cross-domain stress set,False
YOUTUBE_HP250_MEIZUM3S_id42_s0_30.png,1,VALID,-1.140625,2.0019531,-0.5,-3.22132,LCC-FASD external-dev / cross-domain stress set,False
YOUTUBE_HP250_MEIZUM3S_id42_s0_45.png,1,VALID,-1.1992188,2.2460938,-0.5966797,-3.5019422,LCC-FASD external-dev / cross-domain stress set,False
YOUTUBE_HP250_MEIZUM3S_id42_s0_60.png,1,VALID,-1.0029297,1.8486328,-0.6279297,-2.9322495,LCC-FASD external-dev / cross-domain stress set,False
YOUTUBE_HP250_MEIZUM3S_id42_s0_75.png,1,VALID,-1.0810547,1.7939453,-0.5551758,-2.966168,LCC-FASD external-dev / cross-domain stress set,False
YOUTUBE_HP250_MEIZUM3S_id42_s0_90.png,1,VALID,-1.2285156,2.0761719,-0.39404297,-3.385868,LCC-FASD external-dev / cross-domain stress set,False
YOUTUBE_HP250_MEIZUM3S_id42_s0_105.png,1,VALID,-1.4970703,2.4394531,-0.43017578,-3.9916933,LCC-FASD external-dev / cross-domain stress set,False
YOUTUBE_HP250_MEIZUM3S_id42_s0_120.png,1,VALID,-1.3701172,2.2832031,-0.42285156,-3.7179837,LCC-FASD external-dev / cross-domain stress set,False
YOUTUBE_HP250_MEIZUM3S_id42_s0_135.png,1,VALID,-1.3017578,2.0703125,-0.43920898,-3.450241,LCC-FASD external-dev / cross-domain stress set,False
YOUTUBE_HP250_MEIZUM3S_id42_s0_150.png,1,VALID,-1.2832031,2.1699219,-0.41601562,-3.5257485,LCC-FASD external-dev / cross-domain stress set,False
YOUTUBE_HP250_MEIZUM3S_id42_s1_75.png,1,VALID,-0.19055176,1.3378906,-1.0361328,-1.6174649,LCC-FASD external-dev / cross-domain stress set,False
YOUTUBE_HP250_SGJ7_id39_s1_29.png,1,VALID,-1.0136719,1.7646484,-0.5551758,-2.8720756,LCC-FASD external-dev / cross-domain stress set,False
YOUTUBE_HP250_SGJ7_id39_s1_59.png,1,VALID,-0.69873047,1.4921875,-0.55615234,-2.3122048,LCC-FASD external-dev / cross-domain stress set,False
YOUTUBE_HP250_SGJ7_id39_s1_74.png,1,VALID,-1.0742188,1.8271484,-0.5913086,-2.986681,LCC-FASD external-dev / cross-domain stress set,False
YOUTUBE_HP250_SGJ7_id39_s1_94.png,1,VALID,-1.2998047,2.0292969,-0.48828125,-3.4066687,LCC-FASD external-dev / cross-domain stress set,False
YOUTUBE_HP250_SGJ7_id39_s1_109.png,1,VALID,-1.3164062,1.9326172,-0.44189453,-3.3380044,LCC-FASD external-dev / cross-domain stress set,False
YOUTUBE_HP250_SGJ7_id39_s1_124.png,1,VALID,-1.4541016,2.3984375,-0.5722656,-3.9025354,LCC-FASD external-dev / cross-domain stress set,False
YOUTUBE_HP250G6_XPERIAZ5_id48_s1_17.png,1,VALID,0.5048828,1.2011719,-1.5888672,-0.7558955,LCC-FASD external-dev / cross-domain stress set,False
YOUTUBE_HP250G6_XPERIAZ5_id48_s1_32.png,1,VALID,0.28735352,0.7871094,-1.2226562,-0.62552476,LCC-FASD external-dev / cross-domain stress set,False
YOUTUBE_HP250G6_XPERIAZ5_id48_s1_47.png,1,VALID,-0.6196289,1.5449219,-0.60253906,-2.2750006,LCC-FASD external-dev / cross-domain stress set,False
YOUTUBE_HP250G6_XPERIAZ5_id48_s1_62.png,1,VALID,-0.9038086,2.15625,-0.7973633,-3.1108952,LCC-FASD external-dev / cross-domain stress set,False
YOUTUBE_HP250G6_XPERIAZ5_id48_s1_77.png,1,VALID,-0.88183594,2.5527344,-1.0859375,-3.460518,LCC-FASD external-dev / cross-domain stress set,False
YOUTUBE_HP250G6_XPERIAZ5_id48_s1_92.png,1,VALID,-0.8852539,2.3710938,-0.9921875,-3.2903833,LCC-FASD external-dev / cross-domain stress set,False
YOUTUBE_HP250G6_XPERIAZ5_id48_s1_128.png,1,VALID,-0.8774414,2.6660156,-1.1376953,-3.5655003,LCC-FASD external-dev / cross-domain stress set,False
YOUTUBE_HP250G6_XPERIAZ5_id48_s1_143.png,1,VALID,-1.1240234,2.6953125,-1.0263672,-3.8432412,LCC-FASD external-dev / cross-domain stress set,False
YOUTUBE_HP250G6_XPERIAZ5_id48_s1_158.png,1,VALID,-1.3808594,2.6347656,-0.79248047,-4.047585,LCC-FASD external-dev / cross-domain stress set,False
YOUTUBE_HP3165NGW_IPADA1893_id39_s0_17.png,1,VALID,-0.7446289,2.0800781,-0.81689453,-2.878428,LCC-FASD external-dev / cross-domain stress set,False
YOUTUBE_HP3165NGW_IPADA1893_id39_s0_34.png,1,VALID,-0.9501953,2.2539062,-0.6591797,-3.2569861,LCC-FASD external-dev / cross-domain stress set,False
YOUTUBE_HP3165NGW_IPADA1893_id39_s0_49.png,1,VALID,-1.0107422,2.2285156,-0.7182617,-3.2904344,LCC-FASD external-dev / cross-domain stress set,False
YOUTUBE_HP3165NGW_IPADA1893_id43_s0_15.png,1,VALID,-0.5957031,0.34545898,0.22546387,-1.5761105,LCC-FASD external-dev / cross-domain stress set,False
YOUTUBE_HP3165NGW_IPADA1893_id43_s0_30.png,1,VALID,-0.41333008,0.57714844,-0.16687012,-1.3792723,LCC-FASD external-dev / cross-domain stress set,False
YOUTUBE_HP3165NGW_IPADA1893_id43_s0_45.png,1,VALID,-0.70654297,0.77978516,0.105285645,-1.8980479,LCC-FASD external-dev / cross-domain stress set,False
YOUTUBE_HP3165NGW_IPADA1893_id43_s0_60.png,1,VALID,-0.82373047,0.3803711,0.4177246,-1.9160999,LCC-FASD external-dev / cross-domain stress set,False
YOUTUBE_HP3165NGW_IPADA1893_id43_s0_75.png,1,VALID,0.007865906,-0.54052734,0.13476562,-0.53835166,LCC-FASD external-dev / cross-domain stress set,True
YOUTUBE_HP3165NGW_IPADA1893_id43_s0_90.png,1,VALID,-1.0380859,2.3789062,-0.81933594,-3.4570146,LCC-FASD external-dev / cross-domain stress set,False
YOUTUBE_HP3165NGW_IPADA1893_id43_s0_105.png,1,VALID,0.3984375,0.35888672,-0.8129883,-0.2303127,LCC-FASD external-dev / cross-domain stress set,True
YOUTUBE_HP3165NGW_IPADA1893_id43_s0_120.png,1,VALID,-0.85595703,2.4863281,-1.1152344,-3.3692007,LCC-FASD external-dev / cross-domain stress set,False
YOUTUBE_HP3165NGW_IPADA1893_id43_s0_135.png,1,VALID,-0.24536133,1.5664062,-1.0957031,-1.87924,LCC-FASD external-dev / cross-domain stress set,False
YOUTUBE_HP3165NGW_IPADA1893_id43_s0_150.png,1,VALID,-0.94140625,1.8095703,-0.46118164,-2.849223,LCC-FASD external-dev / cross-domain stress set,False
YOUTUBE_HP3165NGW_IPADA1893_id43_s1_15.png,1,VALID,-1.0703125,2.3203125,-0.69140625,-3.4386597,LCC-FASD external-dev / cross-domain stress set,False
YOUTUBE_HP3165NGW_IPADA1893_id43_s1_30.png,1,VALID,-0.8496094,2.2089844,-0.80371094,-3.1065826,LCC-FASD external-dev / cross-domain stress set,False
YOUTUBE_HP3165NGW_IPADA1893_id43_s1_45.png,1,VALID,-1.4316406,2.3808594,-0.61572266,-3.8612497,LCC-FASD external-dev / cross-domain stress set,False
YOUTUBE_HP3165NGW_IPADA1893_id43_s1_60.png,1,VALID,-0.64990234,1.2910156,-0.3869629,-2.1121373,LCC-FASD external-dev / cross-domain stress set,False
YOUTUBE_HP3165NGW_IPADA1893_id43_s1_75.png,1,VALID,-0.77001953,1.9892578,-0.64501953,-2.8285897,LCC-FASD external-dev / cross-domain stress set,False
YOUTUBE_HP3165NGW_IPADA1893_id43_s1_90.png,1,VALID,-1.4023438,2.6464844,-0.5751953,-4.087941,LCC-FASD external-dev / cross-domain stress set,False
YOUTUBE_HP3165NGW_IPADA1893_id43_s1_105.png,1,VALID,-1.1347656,1.7470703,-0.08544922,-3.0302644,LCC-FASD external-dev / cross-domain stress set,False
YOUTUBE_HP3165NGW_IPADA1893_id43_s1_120.png,1,VALID,-1.1943359,2.484375,-0.7001953,-3.719273,LCC-FASD external-dev / cross-domain stress set,False
YOUTUBE_HP3165NGW_IPADA1893_id43_s1_135.png,1,VALID,-0.8144531,1.9345703,-0.6484375,-2.8218522,LCC-FASD external-dev / cross-domain stress set,False
YOUTUBE_DV3360_LA6020A40_id42_s0_45.png,1,VALID,-0.2109375,-0.5493164,0.37963867,-0.9234464,LCC-FASD external-dev / cross-domain stress set,False
YOUTUBE_DV3360_LA6020A40_id42_s0_60.png,1,VALID,-0.8256836,-1.2089844,1.4511719,-2.3444557,LCC-FASD external-dev / cross-domain stress set,False
YOUTUBE_DV3360_LA6020A40_id42_s0_75.png,1,VALID,-0.47753906,-0.62060547,0.4885254,-1.2511272,LCC-FASD external-dev / cross-domain stress set,False
YOUTUBE_DV3360_LA6020A40_id42_s1_15.png,1,VALID,-0.89453125,2.2226562,-0.8798828,-3.161142,LCC-FASD external-dev / cross-domain stress set,False
YOUTUBE_DV3360_LA6020A40_id42_s1_30.png,1,VALID,-1.0830078,1.8417969,-0.51660156,-3.0151677,LCC-FASD external-dev / cross-domain stress set,False
YOUTUBE_DV3360_LA6020A40_id42_s1_45.png,1,VALID,-0.6826172,1.4169922,-0.65722656,-2.2179742,LCC-FASD external-dev / cross-domain stress set,False
YOUTUBE_DV3360_LA6020A40_id42_s1_60.png,1,VALID,-0.81347656,1.0830078,-0.31591797,-2.1171145,LCC-FASD external-dev / cross-domain stress set,False
YOUTUBE_DV3360_LA6020A40_id42_s1_75.png,1,VALID,-0.83984375,1.3457031,-0.42504883,-2.3427258,LCC-FASD external-dev / cross-domain stress set,False
YOUTUBE_HP15AC113UR_GZS5001_id39_s1_56.png,1,VALID,-0.30371094,2.1328125,-1.4609375,-2.4636474,LCC-FASD external-dev / cross-domain stress set,False
YOUTUBE_HP15AC113UR_GZS5001_id39_s1_95.png,1,VALID,-1.3759766,2.4414062,-0.7451172,-3.8578675,LCC-FASD external-dev / cross-domain stress set,False
YOUTUBE_HP15AC113UR_GZS5001_id39_s1_110.png,1,VALID,-1.0439453,2.4394531,-1.140625,-3.5108905,LCC-FASD external-dev / cross-domain stress set,False
YOUTUBE_HP15AC113UR_GZS5001_id39_s1_126.png,1,VALID,-0.97216797,2.0117188,-0.8803711,-3.0378637,LCC-FASD external-dev / cross-domain stress set,False
YOUTUBE_HP15AC113UR_GZS5001_id42_s0_36.png,1,VALID,-0.81884766,0.9370117,-0.28759766,-2.013499,LCC-FASD external-dev / cross-domain stress set,False
YOUTUBE_HP15AC113UR_GZS5001_id42_s0_51.png,1,VALID,-0.63427734,0.30981445,-0.11022949,-1.4491113,LCC-FASD external-dev / cross-domain stress set,False
YOUTUBE_HP15AC113UR_GZS5001_id42_s0_66.png,1,VALID,-0.62597656,0.5932617,-0.30444336,-1.5610561,LCC-FASD external-dev / cross-domain stress set,False
YOUTUBE_HP15AC113UR_GZS5001_id42_s0_81.png,1,VALID,-0.42797852,0.38085938,-0.30688477,-1.2161074,LCC-FASD external-dev / cross-domain stress set,False
YOUTUBE_HP15AC113UR_GZS5001_id42_s0_96.png,1,VALID,-0.7475586,1.0029297,-0.3972168,-1.9708767,LCC-FASD external-dev / cross-domain stress set,False
YOUTUBE_HP15AC113UR_GZS5001_id42_s0_111.png,1,VALID,-0.49316406,0.67626953,-0.5102539,-1.4358517,LCC-FASD external-dev / cross-domain stress set,False
YOUTUBE_HP15AC113UR_GZS5001_id42_s0_126.png,1,VALID,-0.71972656,1.5087891,-0.8696289,-2.3171647,LCC-FASD external-dev / cross-domain stress set,False
YOUTUBE_HP15AC113UR_GZS5001_id42_s0_141.png,1,VALID,-0.88134766,1.1474609,-0.39697266,-2.222262,LCC-FASD external-dev / cross-domain stress set,False
YOUTUBE_HP15AC113UR_GZS5001_id42_s0_156.png,1,VALID,-0.49047852,0.69677734,-0.54833984,-1.4402744,LCC-FASD external-dev / cross-domain stress set,False
YOUTUBE_HP15AC113UR_GZS5001_id42_s0_171.png,1,VALID,-0.19702148,0.55371094,-0.81591797,-0.9772314,LCC-FASD external-dev / cross-domain stress set,False
YOUTUBE_HP15AC113UR_GZS5001_id48_s0_15.png,1,VALID,-1.1083984,1.2880859,-0.12841797,-2.6136584,LCC-FASD external-dev / cross-domain stress set,False
YOUTUBE_HP15AC113UR_GZS5001_id48_s0_30.png,1,VALID,-1.5087891,3.0058594,-0.9267578,-4.534051,LCC-FASD external-dev / cross-domain stress set,False
YOUTUBE_HP15AC113UR_GZS5001_id48_s0_45.png,1,VALID,-1.2509766,2.2851562,-0.50341797,-3.5958242,LCC-FASD external-dev / cross-domain stress set,False
YOUTUBE_HP15AC113UR_GZS5001_id48_s0_60.png,1,VALID,-1.2666016,0.26708984,0.87060547,-2.5734506,LCC-FASD external-dev / cross-domain stress set,False
YOUTUBE_HP15AC113UR_GZS5001_id48_s0_75.png,1,VALID,-1.2480469,1.2919922,0.034820557,-2.7903755,LCC-FASD external-dev / cross-domain stress set,False
YOUTUBE_HP15AC113UR_GZS5001_id48_s0_90.png,1,VALID,-1.3691406,1.9794922,-0.35375977,-3.4411936,LCC-FASD external-dev / cross-domain stress set,False
YOUTUBE_HP15AC113UR_GZS5001_id48_s0_105.png,1,VALID,-1.1630859,2.2753906,-0.8149414,-3.4829593,LCC-FASD external-dev / cross-domain stress set,False
YOUTUBE_HP15AC113UR_GZS5001_id48_s0_120.png,1,VALID,-1.3300781,2.3984375,-0.6166992,-3.7763903,LCC-FASD external-dev / cross-domain stress set,False
YOUTUBE_HP15AC113UR_GZS5001_id48_s0_135.png,1,VALID,-1.2226562,1.1982422,0.023345947,-2.6900482,LCC-FASD external-dev / cross-domain stress set,False
YOUTUBE_HP15AC113UR_GZS5001_id48_s0_150.png,1,VALID,-0.6196289,1.5800781,-0.7714844,-2.2906625,LCC-FASD external-dev / cross-domain stress set,False
YOUTUBE_HP250G6_XPERIAZ5_id43_s0_15.png,1,VALID,-1.4453125,1.9394531,-0.14538574,-3.5019505,LCC-FASD external-dev / cross-domain stress set,False
YOUTUBE_HP250G6_XPERIAZ5_id43_s0_30.png,1,VALID,-1.421875,2.7578125,-0.8876953,-4.2054605,LCC-FASD external-dev / cross-domain stress set,False
YOUTUBE_HP250G6_XPERIAZ5_id43_s0_47.png,1,VALID,-1.3798828,2.8261719,-0.7348633,-4.234068,LCC-FASD external-dev / cross-domain stress set,False
YOUTUBE_HP250G6_XPERIAZ5_id43_s0_66.png,1,VALID,-1.4541016,1.6298828,0.12561035,-3.2846198,LCC-FASD external-dev / cross-domain stress set,False
YOUTUBE_HP250G6_XPERIAZ5_id43_s0_81.png,1,VALID,-1.5029297,2.59375,-0.6118164,-4.1364155,LCC-FASD external-dev / cross-domain stress set,False
YOUTUBE_HP250G6_XPERIAZ5_id43_s0_96.png,1,VALID,-1.5546875,2.1953125,-0.19396973,-3.8377318,LCC-FASD external-dev / cross-domain stress set,False
YOUTUBE_HP250G6_XPERIAZ5_id43_s0_118.png,1,VALID,-1.4091797,2.3613281,-0.4807129,-3.8271778,LCC-FASD external-dev / cross-domain stress set,False
YOUTUBE_HP250G6_XPERIAZ5_id43_s0_133.png,1,VALID,-1.3984375,2.6777344,-0.6582031,-4.1111345,LCC-FASD external-dev / cross-domain stress set,False
YOUTUBE_HP250G6_XPERIAZ5_id43_s0_148.png,1,VALID,-1.3671875,2.6582031,-0.7841797,-4.056878,LCC-FASD external-dev / cross-domain stress set,False
YOUTUBE_HP250G6_XPERIAZ5_id43_s0_164.png,1,VALID,-1.5224609,2.6835938,-0.6201172,-4.242142,LCC-FASD external-dev / cross-domain stress set,False
YOUTUBE_HP250G6_XPERIAZ5_id43_s1_15.png,1,VALID,-0.1027832,0.89160156,-0.89453125,-1.1493412,LCC-FASD external-dev / cross-domain stress set,False
YOUTUBE_HP250G6_XPERIAZ5_id43_s1_30.png,1,VALID,-0.22546387,0.5996094,-0.5029297,-1.111775,LCC-FASD external-dev / cross-domain stress set,False
YOUTUBE_HP250G6_XPERIAZ5_id43_s1_46.png,1,VALID,-0.00340271,0.81933594,-0.94970703,-0.9801663,LCC-FASD external-dev / cross-domain stress set,False
YOUTUBE_HP250G6_XPERIAZ5_id43_s1_61.png,1,VALID,0.5751953,-0.05130005,-0.9921875,0.29698923,LCC-FASD external-dev / cross-domain stress set,True
YOUTUBE_HP250G6_XPERIAZ5_id43_s1_76.png,1,VALID,0.4597168,0.2434082,-1.0039062,-0.03621924,LCC-FASD external-dev / cross-domain stress set,True
YOUTUBE_HP250G6_XPERIAZ5_id43_s1_92.png,1,VALID,0.63623047,-0.29077148,-0.95458984,0.5116646,LCC-FASD external-dev / cross-domain stress set,True
YOUTUBE_HP250G6_XPERIAZ5_id43_s1_107.png,1,VALID,0.31201172,-0.039611816,-0.9116211,0.0022981167,LCC-FASD external-dev / cross-domain stress set,True
YOUTUBE_HP250G6_XPERIAZ5_id43_s1_122.png,1,VALID,0.6821289,-0.5004883,-1.0068359,0.71093196,LCC-FASD external-dev / cross-domain stress set,True
YOUTUBE_HP250G6_XPERIAZ5_id43_s1_137.png,1,VALID,0.32421875,-0.27392578,-0.75927734,0.118511915,LCC-FASD external-dev / cross-domain stress set,True
YOUTUBE_HP250G6_XPERIAZ5_id43_s1_152.png,1,VALID,0.34423828,-0.100097656,-0.88378906,0.06815064,LCC-FASD external-dev / cross-domain stress set,True
YOUTUBE_HP250G6_XPERIAZ5_id48_s1_107.png,1,VALID,-1.1474609,2.453125,-0.96240234,-3.6329167,LCC-FASD external-dev / cross-domain stress set,False
YOUTUBE_DIGUNKNOWN_IPHONE5SF_id42_s1_95.png,1,VALID,0.17956543,1.0878906,-1.1464844,-1.0100322,LCC-FASD external-dev / cross-domain stress set,False
YOUTUBE_DLE6540_HTCDEYE_id39_s1_15.png,1,VALID,1.3222656,-1.5244141,-1.0693359,1.9003267,LCC-FASD external-dev / cross-domain stress set,True
YOUTUBE_DLE6540_HTCDEYE_id39_s1_53.png,1,VALID,1.3847656,-0.9086914,-1.2275391,1.7470791,LCC-FASD external-dev / cross-domain stress set,True
YOUTUBE_DLE6540_HTCDEYE_id39_s1_68.png,1,VALID,0.86376953,-0.17614746,-1.2705078,0.7511703,LCC-FASD external-dev / cross-domain stress set,True
YOUTUBE_DLE6540_HTCDEYE_id39_s1_83.png,1,VALID,0.421875,-0.1517334,-0.7182617,0.12413135,LCC-FASD external-dev / cross-domain stress set,True
YOUTUBE_DLE6540_HTCDEYE_id39_s1_98.png,1,VALID,0.8828125,-1.078125,-0.75439453,1.0928817,LCC-FASD external-dev / cross-domain stress set,True
YOUTUBE_DLE6540_HTCDEYE_id39_s1_113.png,1,VALID,0.4038086,-1.0966797,-0.35205078,0.36726207,LCC-FASD external-dev / cross-domain stress set,True
YOUTUBE_DLE6540_HTCDEYE_id39_s1_128.png,1,VALID,0.9902344,-1.1347656,-1.0830078,1.4056392,LCC-FASD external-dev / cross-domain stress set,True
YOUTUBE_DLE6540_HTCDEYE_id42_s0_15.png,1,VALID,0.42163086,-0.5288086,-0.6645508,0.3228619,LCC-FASD external-dev / cross-domain stress set,True
YOUTUBE_DLE6540_HTCDEYE_id42_s0_30.png,1,VALID,0.60009766,-0.48583984,-0.9042969,0.5802884,LCC-FASD external-dev / cross-domain stress set,True
YOUTUBE_DLE6540_HTCDEYE_id42_s0_45.png,1,VALID,0.890625,-0.94970703,-1.0087891,1.1762896,LCC-FASD external-dev / cross-domain stress set,True
YOUTUBE_DLE6540_HTCDEYE_id42_s0_60.png,1,VALID,0.4873047,-0.6665039,-0.7675781,0.5099221,LCC-FASD external-dev / cross-domain stress set,True
YOUTUBE_DLE6540_HTCDEYE_id42_s0_75.png,1,VALID,0.4633789,-0.32958984,-0.88964844,0.34114465,LCC-FASD external-dev / cross-domain stress set,True
YOUTUBE_DLE6540_HTCDEYE_id42_s0_90.png,1,VALID,0.48486328,-0.3569336,-0.81933594,0.3533587,LCC-FASD external-dev / cross-domain stress set,True
YOUTUBE_DLE6540_HTCDEYE_id42_s0_105.png,1,VALID,0.39672852,-0.20202637,-0.8676758,0.18403962,LCC-FASD external-dev / cross-domain stress set,True
YOUTUBE_DLE6540_HTCDEYE_id42_s0_120.png,1,VALID,0.3803711,-0.22766113,-0.9316406,0.2061649,LCC-FASD external-dev / cross-domain stress set,True
YOUTUBE_DLE6540_HTCDEYE_id42_s0_135.png,1,VALID,0.43017578,-0.20043945,-0.8618164,0.21444747,LCC-FASD external-dev / cross-domain stress set,True
YOUTUBE_DLE6540_HTCDEYE_id42_s0_150.png,1,VALID,0.12670898,0.13122559,-0.7182617,-0.3605352,LCC-FASD external-dev / cross-domain stress set,True
YOUTUBE_DLE6540_HTCDEYE_id42_s1_15.png,1,VALID,-0.039978027,1.6210938,-1.4765625,-1.7052369,LCC-FASD external-dev / cross-domain stress set,False
YOUTUBE_DLE6540_HTCDEYE_id42_s1_30.png,1,VALID,0.5341797,0.6586914,-1.4267578,-0.241629,LCC-FASD external-dev / cross-domain stress set,True
YOUTUBE_DLE6540_HTCDEYE_id42_s1_45.png,1,VALID,0.7089844,1.0839844,-1.8769531,-0.42547476,LCC-FASD external-dev / cross-domain stress set,True
YOUTUBE_DLE6540_HTCDEYE_id42_s1_60.png,1,VALID,0.46533203,0.64404297,-1.1904297,-0.32687026,LCC-FASD external-dev / cross-domain stress set,True
YOUTUBE_DLE6540_HTCDEYE_id42_s1_75.png,1,VALID,0.6123047,0.7084961,-1.5820312,-0.19260383,LCC-FASD external-dev / cross-domain stress set,True
YOUTUBE_DLE6540_HTCDEYE_id42_s1_90.png,1,VALID,0.41479492,1.2441406,-1.6357422,-0.88396776,LCC-FASD external-dev / cross-domain stress set,False
YOUTUBE_DLE6540_HTCDEYE_id42_s1_136.png,1,VALID,0.40771484,0.5996094,-1.1494141,-0.35226333,LCC-FASD external-dev / cross-domain stress set,True
YOUTUBE_DLE6540_HTCDEYE_id42_s1_152.png,1,VALID,0.2841797,0.9970703,-1.3359375,-0.8054731,LCC-FASD external-dev / cross-domain stress set,False
YOUTUBE_DP2717H_HTCONEM9_id48_s0_15.png,1,VALID,-0.68603516,2.6171875,-1.5351562,-3.3188279,LCC-FASD external-dev / cross-domain stress set,False
YOUTUBE_DP2717H_HTCONEM9_id48_s0_30.png,1,VALID,-1.1552734,2.9121094,-1.0585938,-4.086067,LCC-FASD external-dev / cross-domain stress set,False
YOUTUBE_DP2717H_HTCONEM9_id48_s0_45.png,1,VALID,-0.41479492,1.7529297,-1.2021484,-2.2184887,LCC-FASD external-dev / cross-domain stress set,False
YOUTUBE_DP2717H_HTCONEM9_id48_s0_60.png,1,VALID,-0.69628906,2.2714844,-1.1865234,-2.9987803,LCC-FASD external-dev / cross-domain stress set,False
YOUTUBE_DP2717H_HTCONEM9_id48_s0_75.png,1,VALID,-0.6621094,2.2167969,-1.1455078,-2.9129746,LCC-FASD external-dev / cross-domain stress set,False
YOUTUBE_DP2717H_HTCONEM9_id48_s0_90.png,1,VALID,-0.57421875,2.2558594,-1.3056641,-2.858078,LCC-FASD external-dev / cross-domain stress set,False
YOUTUBE_DP2717H_HTCONEM9_id48_s0_105.png,1,VALID,-0.5625,2.5039062,-1.3632812,-3.0871077,LCC-FASD external-dev / cross-domain stress set,False
YOUTUBE_DP2717H_HTCONEM9_id48_s0_120.png,1,VALID,0.08892822,0.5151367,-0.9370117,-0.6365236,LCC-FASD external-dev / cross-domain stress set,False
YOUTUBE_DP2717H_HTCONEM9_id48_s0_135.png,1,VALID,-0.012268066,0.9243164,-1.1142578,-1.0589917,LCC-FASD external-dev / cross-domain stress set,False
YOUTUBE_DP2717H_HTCONEM9_id48_s0_150.png,1,VALID,-0.9379883,2.6503906,-1.2138672,-3.6091404,LCC-FASD external-dev / cross-domain stress set,False
YOUTUBE_DV3360_LA6020A40_id39_s1_15.png,1,VALID,-0.36767578,0.41015625,-0.27783203,-1.1850197,LCC-FASD external-dev / cross-domain stress set,False
YOUTUBE_DV3360_LA6020A40_id39_s1_30.png,1,VALID,0.7636719,-1.6054688,-0.3227539,0.8416903,LCC-FASD external-dev / cross-domain stress set,True
YOUTUBE_DV3360_LA6020A40_id39_s1_45.png,1,VALID,0.17980957,-0.5991211,-0.4050293,-0.015963972,LCC-FASD external-dev / cross-domain stress set,True
YOUTUBE_DV3360_LA6020A40_id39_s1_63.png,1,VALID,0.24829102,-1.2714844,0.11236572,-0.08770758,LCC-FASD external-dev / cross-domain stress set,True
YOUTUBE_DV3360_LA6020A40_id39_s1_78.png,1,VALID,0.20446777,-0.52246094,-0.45141602,-0.0023717284,LCC-FASD external-dev / cross-domain stress set,True
YOUTUBE_DV3360_LA6020A40_id39_s1_93.png,1,VALID,-0.4543457,0.22631836,-0.08325195,-1.2309577,LCC-FASD external-dev / cross-domain stress set,False
YOUTUBE_DV3360_LA6020A40_id39_s1_108.png,1,VALID,-0.46069336,0.7236328,-0.59814453,-1.4207104,LCC-FASD external-dev / cross-domain stress set,False
YOUTUBE_DV3360_LA6020A40_id39_s1_123.png,1,VALID,-0.10888672,-0.045806885,-0.5444336,-0.5376755,LCC-FASD external-dev / cross-domain stress set,True
YOUTUBE_DV3360_LA6020A40_id42_s0_15.png,1,VALID,0.11431885,-0.67041016,0.070129395,-0.34572646,LCC-FASD external-dev / cross-domain stress set,True
YOUTUBE_DV3360_LA6020A40_id42_s0_30.png,1,VALID,-0.06604004,-0.90722656,0.4970703,-0.78267926,LCC-FASD external-dev / cross-domain stress set,False
YOUTUBE_DV3360_LA6020A40_id42_s0_106.png,1,VALID,-0.71240234,0.25073242,0.3569336,-1.7107917,LCC-FASD external-dev / cross-domain stress set,False
YOUTUBE_DV3360_LA6020A40_id42_s0_128.png,1,VALID,-0.6640625,0.2902832,0.21057129,-1.6084309,LCC-FASD external-dev / cross-domain stress set,False
YOUTUBE_DV3360_LA6020A40_id42_s0_143.png,1,VALID,-0.63378906,0.6459961,0.053344727,-1.7198832,LCC-FASD external-dev / cross-domain stress set,False
YOUTUBE_DV3360_LA6020A40_id42_s0_158.png,1,VALID,-0.6513672,0.9921875,-0.20544434,-1.9073858,LCC-FASD external-dev / cross-domain stress set,False
YOUTUBE_DV3360_LA6020A40_id42_s0_173.png,1,VALID,-0.22705078,-0.7338867,0.2578125,-0.80036414,LCC-FASD external-dev / cross-domain stress set,False
YOUTUBE_C27F591FDI_LGG3D690_id43_s0_15.png,1,VALID,-0.3317871,-0.11505127,0.13342285,-1.0418177,LCC-FASD external-dev / cross-domain stress set,False
YOUTUBE_C27F591FDI_LGG3D690_id43_s0_30.png,1,VALID,-0.3022461,0.39648438,-0.37695312,-1.0781419,LCC-FASD external-dev / cross-domain stress set,False
YOUTUBE_C27F591FDI_LGG3D690_id43_s0_46.png,1,VALID,-0.93066406,1.0703125,-0.12817383,-2.2646098,LCC-FASD external-dev / cross-domain stress set,False
YOUTUBE_C27F591FDI_LGG3D690_id43_s0_61.png,1,VALID,0.117614746,0.38378906,-0.6694336,-0.56539845,LCC-FASD external-dev / cross-domain stress set,True
YOUTUBE_C27F591FDI_LGG3D690_id43_s0_76.png,1,VALID,0.39575195,-1.3955078,0.06311035,0.123550385,LCC-FASD external-dev / cross-domain stress set,True
YOUTUBE_C27F591FDI_LGG3D690_id43_s0_91.png,1,VALID,-0.11303711,-0.83691406,0.22839355,-0.63754356,LCC-FASD external-dev / cross-domain stress set,False
YOUTUBE_C27F591FDI_LGG3D690_id43_s0_136.png,1,VALID,0.068603516,-0.86279297,0.072631836,-0.3350709,LCC-FASD external-dev / cross-domain stress set,True
YOUTUBE_C27F591FDI_LGG3D690_id43_s0_151.png,1,VALID,-0.09240723,0.6464844,-0.8574219,-0.93959343,LCC-FASD external-dev / cross-domain stress set,False
YOUTUBE_C27F591FDI_LGG3D690_id43_s1_15.png,1,VALID,0.7709961,-2.5839844,0.16967773,0.5395704,LCC-FASD external-dev / cross-domain stress set,True
YOUTUBE_C27F591FDI_LGG3D690_id43_s1_30.png,1,VALID,-0.20605469,0.22290039,-0.546875,-0.8095243,LCC-FASD external-dev / cross-domain stress set,False
YOUTUBE_C27F591FDI_LGG3D690_id43_s1_45.png,1,VALID,1.2568359,-0.8647461,-1.4990234,1.6961061,LCC-FASD external-dev / cross-domain stress set,True
YOUTUBE_C27F591FDI_LGG3D690_id43_s1_60.png,1,VALID,1.6416016,-1.6494141,-1.3955078,2.4628782,LCC-FASD external-dev / cross-domain stress set,True
YOUTUBE_C27F591FDI_LGG3D690_id43_s1_75.png,1,VALID,-0.71777344,-0.33422852,0.39575195,-1.5068629,LCC-FASD external-dev / cross-domain stress set,False
YOUTUBE_C27F591FDI_LGG3D690_id43_s1_90.png,1,VALID,1.0644531,-1.421875,-0.6928711,1.3636692,LCC-FASD external-dev / cross-domain stress set,True
YOUTUBE_C27F591FDI_LGG3D690_id43_s1_105.png,1,VALID,1.5341797,-2.0664062,-1.0214844,2.2542868,LCC-FASD external-dev / cross-domain stress set,True
YOUTUBE_C27F591FDI_LGG3D690_id43_s1_120.png,1,VALID,1.8271484,-2.3320312,-1.5517578,3.0016482,LCC-FASD external-dev / cross-domain stress set,True
YOUTUBE_C27F591FDI_LGG3D690_id43_s1_135.png,1,VALID,1.8662109,-2.2753906,-1.5244141,3.0040672,LCC-FASD external-dev / cross-domain stress set,True
YOUTUBE_C27F591FDI_LGG3D690_id43_s1_150.png,1,VALID,0.8227539,-1.6435547,-0.7348633,1.2189678,LCC-FASD external-dev / cross-domain stress set,True
YOUTUBE_C27F591FDI_LGG3D690_id48_s1_15.png,1,VALID,0.77783203,-1.6630859,-0.42333984,0.94695014,LCC-FASD external-dev / cross-domain stress set,True
YOUTUBE_C27F591FDI_LGG3D690_id48_s1_30.png,1,VALID,1.5664062,-2.1210938,-1.2216797,2.4467626,LCC-FASD external-dev / cross-domain stress set,True
YOUTUBE_C27F591FDI_LGG3D690_id48_s1_45.png,1,VALID,0.9169922,-1.2119141,-0.82958984,1.2264357,LCC-FASD external-dev / cross-domain stress set,True
YOUTUBE_C27F591FDI_LGG3D690_id48_s1_60.png,1,VALID,0.87060547,-1.6074219,-0.41674805,1.0219045,LCC-FASD external-dev / cross-domain stress set,True
YOUTUBE_C27F591FDI_LGG3D690_id48_s1_75.png,1,VALID,1.1904297,-1.7275391,-0.9067383,1.7324699,LCC-FASD external-dev / cross-domain stress set,True
YOUTUBE_C27F591FDI_LGG3D690_id48_s1_90.png,1,VALID,1.1796875,-1.5673828,-1.0634766,1.77056,LCC-FASD external-dev / cross-domain stress set,True
YOUTUBE_C27F591FDI_LGG3D690_id48_s1_105.png,1,VALID,0.6557617,-1.8925781,-0.22155762,0.7050018,LCC-FASD external-dev / cross-domain stress set,True
YOUTUBE_C27F591FDI_LGG3D690_id48_s1_121.png,1,VALID,0.45141602,-0.6738281,-0.49951172,0.34114522,LCC-FASD external-dev / cross-domain stress set,True
YOUTUBE_C27F591FDI_LGG3D690_id48_s1_136.png,1,VALID,0.05532837,-1.2021484,0.23522949,-0.39303458,LCC-FASD external-dev / cross-domain stress set,True
YOUTUBE_C27F591FDI_LGG3D690_id48_s1_151.png,1,VALID,1.25,-1.7080078,-1.1289062,1.933963,LCC-FASD external-dev / cross-domain stress set,True
YOUTUBE_DIGUNKNOWN_IPHONE5SF_id39_s1_15.png,1,VALID,-0.11767578,1.3652344,-1.2255859,-1.5551922,LCC-FASD external-dev / cross-domain stress set,False
YOUTUBE_DIGUNKNOWN_IPHONE5SF_id39_s1_35.png,1,VALID,0.24572754,1.1367188,-1.5527344,-0.95670223,LCC-FASD external-dev / cross-domain stress set,False
YOUTUBE_DIGUNKNOWN_IPHONE5SF_id39_s1_53.png,1,VALID,-0.6489258,1.71875,-0.8354492,-2.4425554,LCC-FASD external-dev / cross-domain stress set,False
YOUTUBE_DIGUNKNOWN_IPHONE5SF_id39_s1_68.png,1,VALID,0.20666504,1.5761719,-1.6455078,-1.4086199,LCC-FASD external-dev / cross-domain stress set,False
YOUTUBE_DIGUNKNOWN_IPHONE5SF_id39_s1_91.png,1,VALID,-0.27612305,1.2099609,-0.9472656,-1.595517,LCC-FASD external-dev / cross-domain stress set,False
YOUTUBE_DIGUNKNOWN_IPHONE5SF_id39_s1_106.png,1,VALID,-0.24438477,1.4658203,-1.2431641,-1.7746851,LCC-FASD external-dev / cross-domain stress set,False
YOUTUBE_DIGUNKNOWN_IPHONE5SF_id39_s1_121.png,1,VALID,-0.17700195,1.6201172,-1.4345703,-1.8431793,LCC-FASD external-dev / cross-domain stress set,False
YOUTUBE_DIGUNKNOWN_IPHONE5SF_id39_s1_136.png,1,VALID,0.18371582,1.1708984,-1.6689453,-1.0439739,LCC-FASD external-dev / cross-domain stress set,False
YOUTUBE_DIGUNKNOWN_IPHONE5SF_id42_s0_15.png,1,VALID,0.6591797,-0.65478516,-0.9033203,0.7373838,LCC-FASD external-dev / cross-domain stress set,True
YOUTUBE_DIGUNKNOWN_IPHONE5SF_id42_s0_30.png,1,VALID,0.35375977,-0.5097656,-0.7055664,0.263494,LCC-FASD external-dev / cross-domain stress set,True
YOUTUBE_DIGUNKNOWN_IPHONE5SF_id42_s0_45.png,1,VALID,0.44873047,-0.3269043,-0.94970703,0.34616747,LCC-FASD external-dev / cross-domain stress set,True
YOUTUBE_DIGUNKNOWN_IPHONE5SF_id42_s0_60.png,1,VALID,0.4104004,0.37451172,-1.2929688,-0.13699001,LCC-FASD external-dev / cross-domain stress set,True
YOUTUBE_DIGUNKNOWN_IPHONE5SF_id42_s0_75.png,1,VALID,0.28588867,0.13378906,-1.0742188,-0.109334916,LCC-FASD external-dev / cross-domain stress set,True
YOUTUBE_DIGUNKNOWN_IPHONE5SF_id42_s0_90.png,1,VALID,0.30786133,0.5102539,-1.2558594,-0.3602475,LCC-FASD external-dev / cross-domain stress set,True
YOUTUBE_DIGUNKNOWN_IPHONE5SF_id42_s0_105.png,1,VALID,0.17700195,0.65527344,-1.1845703,-0.6256929,LCC-FASD external-dev / cross-domain stress set,False
YOUTUBE_DIGUNKNOWN_IPHONE5SF_id42_s0_120.png,1,VALID,-0.032409668,0.6635742,-0.9838867,-0.8720678,LCC-FASD external-dev / cross-domain stress set,False
YOUTUBE_DIGUNKNOWN_IPHONE5SF_id42_s0_135.png,1,VALID,0.0713501,0.7373047,-1.1728516,-0.8040257,LCC-FASD external-dev / cross-domain stress set,False
YOUTUBE_DIGUNKNOWN_IPHONE5SF_id42_s0_150.png,1,VALID,0.048309326,0.5683594,-0.98828125,-0.711367,LCC-FASD external-dev / cross-domain stress set,False
YOUTUBE_DIGUNKNOWN_IPHONE5SF_id42_s1_18.png,1,VALID,0.09777832,1.6445312,-1.4550781,-1.5908338,LCC-FASD external-dev / cross-domain stress set,False
YOUTUBE_DIGUNKNOWN_IPHONE5SF_id42_s1_35.png,1,VALID,0.4658203,0.7758789,-1.1386719,-0.44756407,LCC-FASD external-dev / cross-domain stress set,True
YOUTUBE_DIGUNKNOWN_IPHONE5SF_id42_s1_50.png,1,VALID,0.6010742,0.7573242,-1.3623047,-0.2696467,LCC-FASD external-dev / cross-domain stress set,True
YOUTUBE_DIGUNKNOWN_IPHONE5SF_id42_s1_65.png,1,VALID,-0.4880371,2.1269531,-1.0546875,-2.655669,LCC-FASD external-dev / cross-domain stress set,False
YOUTUBE_DIGUNKNOWN_IPHONE5SF_id42_s1_80.png,1,VALID,0.55615234,0.4802246,-1.2128906,-0.09292489,LCC-FASD external-dev / cross-domain stress set,True
YOUTUBE_DIGUNKNOWN_IPHONE5SF_id42_s1_141.png,1,VALID,-0.359375,1.5605469,-0.9057617,-2.0014076,LCC-FASD external-dev / cross-domain stress set,False
YOUTUBE_DIGUNKNOWN_IPHONE5SF_id42_s1_176.png,1,VALID,0.27856445,1.1904297,-1.4833984,-0.97857726,LCC-FASD external-dev / cross-domain stress set,False
YOUTUBE_BQVW2245_NEXUS5_id42_s0_16.png,1,VALID,-0.08996582,0.52978516,-0.7011719,-0.87595236,LCC-FASD external-dev / cross-domain stress set,False
YOUTUBE_BQVW2245_NEXUS5_id42_s0_38.png,1,VALID,-0.24743652,0.77001953,-0.6508789,-1.233774,LCC-FASD external-dev / cross-domain stress set,False
YOUTUBE_BQVW2245_NEXUS5_id42_s0_156.png,1,VALID,-0.055358887,0.90771484,-0.9555664,-1.107315,LCC-FASD external-dev / cross-domain stress set,False
YOUTUBE_BQVW2245_NEXUS5_id42_s0_171.png,1,VALID,0.36035156,0.16101074,-0.8984375,-0.098277,LCC-FASD external-dev / cross-domain stress set,True
YOUTUBE_BQVW2245_NEXUS5_id42_s0_186.png,1,VALID,0.5395508,0.6557617,-1.3945312,-0.23727494,LCC-FASD external-dev / cross-domain stress set,True
YOUTUBE_BQVW2245_NEXUS5_id42_s0_201.png,1,VALID,0.5776367,0.45703125,-1.3447266,-0.03212297,LCC-FASD external-dev / cross-domain stress set,True
YOUTUBE_BQVW2245_NEXUS5_id42_s0_216.png,1,VALID,0.29541016,-0.08251953,-0.7294922,-0.043165028,LCC-FASD external-dev / cross-domain stress set,True
YOUTUBE_BQVW2245_NEXUS5_id42_s0_232.png,1,VALID,0.32421875,0.16918945,-0.9814453,-0.11989865,LCC-FASD external-dev / cross-domain stress set,True
YOUTUBE_BQXL2420_NEXUS5_id39_s0_15.png,1,VALID,0.017852783,1.5380859,-1.5449219,-1.5650356,LCC-FASD external-dev / cross-domain stress set,False
YOUTUBE_BQXL2420_NEXUS5_id39_s0_30.png,1,VALID,0.5629883,1.0820312,-1.5302734,-0.5898417,LCC-FASD external-dev / cross-domain stress set,True
YOUTUBE_BQXL2420_NEXUS5_id39_s0_45.png,1,VALID,0.018081665,2.2988281,-1.9482422,-2.2949512,LCC-FASD external-dev / cross-domain stress set,False
YOUTUBE_BQXL2420_NEXUS5_id43_s0_15.png,1,VALID,-1.2119141,1.9541016,-0.65234375,-3.237216,LCC-FASD external-dev / cross-domain stress set,False
YOUTUBE_BQXL2420_NEXUS5_id43_s0_30.png,1,VALID,-1.1552734,2.5429688,-1.0097656,-3.7264857,LCC-FASD external-dev / cross-domain stress set,False
YOUTUBE_BQXL2420_NEXUS5_id43_s0_45.png,1,VALID,-0.9472656,2.2695312,-0.8647461,-3.2594073,LCC-FASD external-dev / cross-domain stress set,False
YOUTUBE_BQXL2420_NEXUS5_id43_s0_60.png,1,VALID,-0.859375,0.55029297,-0.03878784,-1.8510387,LCC-FASD external-dev / cross-domain stress set,False
YOUTUBE_BQXL2420_NEXUS5_id43_s0_75.png,1,VALID,-0.8696289,1.2294922,-0.41674805,-2.275402,LCC-FASD external-dev / cross-domain stress set,False
YOUTUBE_BQXL2420_NEXUS5_id43_s0_90.png,1,VALID,-0.9770508,1.4765625,-0.52685547,-2.5801344,LCC-FASD external-dev / cross-domain stress set,False
YOUTUBE_BQXL2420_NEXUS5_id43_s0_116.png,1,VALID,-1.2958984,2.4355469,-0.7973633,-3.77013,LCC-FASD external-dev / cross-domain stress set,False
YOUTUBE_BQXL2420_NEXUS5_id43_s0_131.png,1,VALID,-1.0058594,1.7646484,-0.73339844,-2.849546,LCC-FASD external-dev / cross-domain stress set,False
YOUTUBE_BQXL2420_NEXUS5_id43_s0_146.png,1,VALID,-1.1865234,2.1660156,-0.7578125,-3.4048731,LCC-FASD external-dev / cross-domain stress set,False
YOUTUBE_BQXL2420_NEXUS5_id43_s0_161.png,1,VALID,-1.0429688,2.4785156,-1.0449219,-3.5505555,LCC-FASD external-dev / cross-domain stress set,False
YOUTUBE_BQXL2420_NEXUS5_id43_s1_15.png,1,VALID,0.83935547,-1.484375,-0.82666016,1.2485998,LCC-FASD external-dev / cross-domain stress set,True
YOUTUBE_BQXL2420_NEXUS5_id43_s1_36.png,1,VALID,0.6118164,-1.1357422,-0.7241211,0.8275697,LCC-FASD external-dev / cross-domain stress set,True
YOUTUBE_BQXL2420_NEXUS5_id43_s1_51.png,1,VALID,0.65722656,-1.1904297,-0.6953125,0.8766158,LCC-FASD external-dev / cross-domain stress set,True
YOUTUBE_BQXL2420_NEXUS5_id43_s1_66.png,1,VALID,1.3232422,-2.0136719,-0.90966797,1.9465733,LCC-FASD external-dev / cross-domain stress set,True
YOUTUBE_BQXL2420_NEXUS5_id43_s1_92.png,1,VALID,0.4831543,-1.8535156,-0.09240723,0.4169742,LCC-FASD external-dev / cross-domain stress set,True
YOUTUBE_BQXL2420_NEXUS5_id43_s1_118.png,1,VALID,0.23937988,-1.6074219,0.035064697,0.027426481,LCC-FASD external-dev / cross-domain stress set,True
YOUTUBE_BQXL2420_NEXUS5_id43_s1_133.png,1,VALID,0.7080078,-1.6816406,-0.50683594,0.9456724,LCC-FASD external-dev / cross-domain stress set,True
YOUTUBE_BQXL2420_NEXUS5_id43_s1_148.png,1,VALID,-0.08465576,-1.203125,0.24304199,-0.5391501,LCC-FASD external-dev / cross-domain stress set,True
YOUTUBE_BQXL2420_NEXUS5_id43_s1_163.png,1,VALID,-0.9633789,0.068115234,0.3215332,-1.8593565,LCC-FASD external-dev / cross-domain stress set,False
YOUTUBE_BQXL2420_NEXUS5_id48_s1_15.png,1,VALID,-0.25756836,-0.042419434,-0.39086914,-0.7491723,LCC-FASD external-dev / cross-domain stress set,False
YOUTUBE_BQXL2420_NEXUS5_id48_s1_30.png,1,VALID,-0.1776123,-0.5185547,0.02053833,-0.6576474,LCC-FASD external-dev / cross-domain stress set,False
YOUTUBE_BQXL2420_NEXUS5_id48_s1_45.png,1,VALID,-0.57128906,0.16503906,0.13647461,-1.4152951,LCC-FASD external-dev / cross-domain stress set,False
YOUTUBE_BQXL2420_NEXUS5_id48_s1_60.png,1,VALID,-0.6948242,1.0625,-0.48583984,-1.9500915,LCC-FASD external-dev / cross-domain stress set,False
YOUTUBE_BQXL2420_NEXUS5_id48_s1_75.png,1,VALID,-0.84033203,1.3007812,-0.49267578,-2.2950215,LCC-FASD external-dev / cross-domain stress set,False
YOUTUBE_BQXL2420_NEXUS5_id48_s1_90.png,1,VALID,-1.3007812,-0.5239258,1.5566406,-2.97508,LCC-FASD external-dev / cross-domain stress set,False
YOUTUBE_BQXL2420_NEXUS5_id48_s1_105.png,1,VALID,-0.93603516,0.2878418,0.46142578,-2.007578,LCC-FASD external-dev / cross-domain stress set,False
YOUTUBE_BQXL2420_NEXUS5_id48_s1_120.png,1,VALID,-1.0341797,1.3056641,-0.22851562,-2.535108,LCC-FASD external-dev / cross-domain stress set,False
YOUTUBE_BQXL2420_NEXUS5_id48_s1_135.png,1,VALID,-0.8076172,0.09277344,0.33422852,-1.7215352,LCC-FASD external-dev / cross-domain stress set,False
YOUTUBE_BQXL2420_NEXUS5_id48_s1_150.png,1,VALID,-0.28222656,0.18359375,-0.26635742,-0.9590883,LCC-FASD external-dev / cross-domain stress set,False
YOUTUBE_C27F591FDI_LGG3D690_id39_s0_15.png,1,VALID,-0.13366699,1.9726562,-1.5185547,-2.1363323,LCC-FASD external-dev / cross-domain stress set,False
YOUTUBE_C27F591FDI_LGG3D690_id39_s0_31.png,1,VALID,-0.5620117,2.421875,-1.3251953,-3.0071995,LCC-FASD external-dev / cross-domain stress set,False
YOUTUBE_C27F591FDI_LGG3D690_id39_s0_46.png,1,VALID,-0.55908203,2.5351562,-1.4541016,-3.1125824,LCC-FASD external-dev / cross-domain stress set,False
YOUTUBE_C27F591FDI_LGG3D690_id39_s0_61.png,1,VALID,-0.33740234,0.90625,-0.5410156,-1.4548954,LCC-FASD external-dev / cross-domain stress set,False
YOUTUBE_C27F591FDI_LGG3D690_id43_s0_106.png,1,VALID,1.2978516,-1.9833984,-0.48046875,1.5774409,LCC-FASD external-dev / cross-domain stress set,True
YOUTUBE_C27F591FDI_LGG3D690_id43_s0_121.png,1,VALID,0.05090332,-0.21081543,-0.5419922,-0.2794876,LCC-FASD external-dev / cross-domain stress set,True
YOUTUBE_AV203H_LEREELE3_id43_s1_45.png,1,VALID,1.3544922,-2.0488281,-1.3632812,2.3097684,LCC-FASD external-dev / cross-domain stress set,True
YOUTUBE_AV203H_LEREELE3_id43_s1_60.png,1,VALID,1.7236328,-1.9658203,-1.6376953,2.818845,LCC-FASD external-dev / cross-domain stress set,True
YOUTUBE_AV203H_LEREELE3_id43_s1_75.png,1,VALID,1.0654297,-1.9853516,-0.5878906,1.4324002,LCC-FASD external-dev / cross-domain stress set,True
YOUTUBE_AV203H_LEREELE3_id43_s1_90.png,1,VALID,1.5087891,-2.2558594,-1.3779297,2.5391352,LCC-FASD external-dev / cross-domain stress set,True
YOUTUBE_AVC239H_REDMI4X_id48_s1_15.png,1,VALID,0.0793457,0.7675781,-1.2001953,-0.81905687,LCC-FASD external-dev / cross-domain stress set,False
YOUTUBE_AVC239H_REDMI4X_id48_s1_30.png,1,VALID,-0.5761719,1.7128906,-1.0292969,-2.3515012,LCC-FASD external-dev / cross-domain stress set,False
YOUTUBE_AVC239H_REDMI4X_id48_s1_45.png,1,VALID,-0.004798889,0.76464844,-1.0654297,-0.91821295,LCC-FASD external-dev / cross-domain stress set,False
YOUTUBE_AVC239H_REDMI4X_id48_s1_60.png,1,VALID,-0.10772705,0.58447266,-0.8051758,-0.9146733,LCC-FASD external-dev / cross-domain stress set,False
YOUTUBE_AVC239H_REDMI4X_id48_s1_75.png,1,VALID,-0.18322754,0.93652344,-1.0097656,-1.2532351,LCC-FASD external-dev / cross-domain stress set,False
YOUTUBE_AVC239H_REDMI4X_id48_s1_90.png,1,VALID,-0.78271484,2.8613281,-1.6259766,-3.6552312,LCC-FASD external-dev / cross-domain stress set,False
YOUTUBE_AVC239H_REDMI4X_id48_s1_105.png,1,VALID,-0.86865234,2.6484375,-1.4130859,-3.5341659,LCC-FASD external-dev / cross-domain stress set,False
YOUTUBE_AVC239H_REDMI4X_id48_s1_120.png,1,VALID,-0.09838867,1.2685547,-1.3173828,-1.4395667,LCC-FASD external-dev / cross-domain stress set,False
YOUTUBE_AVC239H_REDMI4X_id48_s1_135.png,1,VALID,0.103271484,0.8652344,-1.2705078,-0.8736446,LCC-FASD external-dev / cross-domain stress set,False
YOUTUBE_AVC239H_REDMI4X_id48_s1_150.png,1,VALID,-0.50927734,2.0273438,-1.3486328,-2.5702345,LCC-FASD external-dev / cross-domain stress set,False
YOUTUBE_AZPP01T_AZ3ZE552KL_id48_s0_15.png,1,VALID,-0.074401855,1.4238281,-1.3935547,-1.5562744,LCC-FASD external-dev / cross-domain stress set,False
YOUTUBE_AZPP01T_AZ3ZE552KL_id48_s0_30.png,1,VALID,-0.75683594,2.3867188,-1.3369141,-3.167414,LCC-FASD external-dev / cross-domain stress set,False
YOUTUBE_AZPP01T_AZ3ZE552KL_id48_s0_45.png,1,VALID,-1.1992188,2.6855469,-0.9267578,-3.9113975,LCC-FASD external-dev / cross-domain stress set,False
YOUTUBE_AZPP01T_AZ3ZE552KL_id48_s0_60.png,1,VALID,-0.95751953,2.8144531,-1.2324219,-3.7892985,LCC-FASD external-dev / cross-domain stress set,False
YOUTUBE_AZPP01T_AZ3ZE552KL_id48_s0_75.png,1,VALID,0.06958008,1.0888672,-1.2148438,-1.114495,LCC-FASD external-dev / cross-domain stress set,False
YOUTUBE_AZPP01T_AZ3ZE552KL_id48_s0_90.png,1,VALID,-0.28222656,1.4248047,-1.1855469,-1.7779638,LCC-FASD external-dev / cross-domain stress set,False
YOUTUBE_AZPP01T_AZ3ZE552KL_id48_s0_105.png,1,VALID,-0.14624023,1.4794922,-1.2431641,-1.6893643,LCC-FASD external-dev / cross-domain stress set,False
YOUTUBE_AZPP01T_AZ3ZE552KL_id48_s0_120.png,1,VALID,-0.5083008,2.4082031,-1.3916016,-2.9386322,LCC-FASD external-dev / cross-domain stress set,False
YOUTUBE_AZPP01T_AZ3ZE552KL_id48_s0_135.png,1,VALID,-0.29345703,0.5385742,-0.5678711,-1.1177609,LCC-FASD external-dev / cross-domain stress set,False
YOUTUBE_AZPP01T_AZ3ZE552KL_id48_s0_150.png,1,VALID,-0.049804688,0.37841797,-0.66552734,-0.7298542,LCC-FASD external-dev / cross-domain stress set,False
YOUTUBE_BQG2411HDA_REDMIN3P_id48_s0_15.png,1,VALID,-0.70410156,2.0292969,-1.1162109,-2.7755427,LCC-FASD external-dev / cross-domain stress set,False
YOUTUBE_BQG2411HDA_REDMIN3P_id48_s0_52.png,1,VALID,-0.007545471,-0.43945312,-0.066467285,-0.46502233,LCC-FASD external-dev / cross-domain stress set,True
YOUTUBE_BQG2411HDA_REDMIN3P_id48_s0_67.png,1,VALID,-0.41235352,1.7792969,-1.1904297,-2.2416945,LCC-FASD external-dev / cross-domain stress set,False
YOUTUBE_BQG2411HDA_REDMIN3P_id48_s0_82.png,1,VALID,-0.92285156,2.6308594,-1.2685547,-3.5737624,LCC-FASD external-dev / cross-domain stress set,False
YOUTUBE_BQG2411HDA_REDMIN3P_id48_s0_97.png,1,VALID,-0.4362793,1.7246094,-1.1679688,-2.21484,LCC-FASD external-dev / cross-domain stress set,False
YOUTUBE_BQG2411HDA_REDMIN3P_id48_s0_112.png,1,VALID,-0.84765625,2.4902344,-1.3085938,-3.3600404,LCC-FASD external-dev / cross-domain stress set,False
YOUTUBE_BQG2411HDA_REDMIN3P_id48_s0_127.png,1,VALID,-0.65722656,1.9003906,-1.0126953,-2.6105018,LCC-FASD external-dev / cross-domain stress set,False
YOUTUBE_BQG2411HDA_REDMIN3P_id48_s0_142.png,1,VALID,-1.1503906,2.9101562,-1.2167969,-4.0765505,LCC-FASD external-dev / cross-domain stress set,False
YOUTUBE_BQG2411HDA_REDMIN3P_id48_s0_157.png,1,VALID,-1.0878906,3.0136719,-1.3886719,-4.1137366,LCC-FASD external-dev / cross-domain stress set,False
YOUTUBE_BQG2411HDA_REDMIN3P_id48_s0_172.png,1,VALID,-0.93115234,2.3574219,-1.0537109,-3.3210452,LCC-FASD external-dev / cross-domain stress set,False
YOUTUBE_BQM2200HD_REDMIN3P_id48_s0_15.png,1,VALID,-1.0810547,2.8457031,-1.3105469,-3.9423027,LCC-FASD external-dev / cross-domain stress set,False
YOUTUBE_BQM2200HD_REDMIN3P_id48_s0_30.png,1,VALID,-0.97753906,2.4160156,-1.1201172,-3.4222643,LCC-FASD external-dev / cross-domain stress set,False
YOUTUBE_BQM2200HD_REDMIN3P_id48_s0_45.png,1,VALID,-0.71240234,1.5253906,-0.7207031,-2.3383727,LCC-FASD external-dev / cross-domain stress set,False
YOUTUBE_BQM2200HD_REDMIN3P_id48_s0_60.png,1,VALID,-1.2744141,2.7265625,-0.9477539,-4.0260267,LCC-FASD external-dev / cross-domain stress set,False
YOUTUBE_BQM2200HD_REDMIN3P_id48_s0_75.png,1,VALID,-0.8671875,1.9501953,-0.83447266,-2.877301,LCC-FASD external-dev / cross-domain stress set,False
YOUTUBE_BQM2200HD_REDMIN3P_id48_s0_90.png,1,VALID,-1.2470703,2.6972656,-1.0947266,-3.966636,LCC-FASD external-dev / cross-domain stress set,False
YOUTUBE_BQM2200HD_REDMIN3P_id48_s0_105.png,1,VALID,-1.3320312,2.9492188,-1.1025391,-4.2984924,LCC-FASD external-dev / cross-domain stress set,False
YOUTUBE_BQM2200HD_REDMIN3P_id48_s0_120.png,1,VALID,-1.5009766,3.1152344,-1.0791016,-4.631179,LCC-FASD external-dev / cross-domain stress set,False
YOUTUBE_BQM2200HD_REDMIN3P_id48_s0_135.png,1,VALID,-1.1914062,2.21875,-0.78222656,-3.4586973,LCC-FASD external-dev / cross-domain stress set,False
YOUTUBE_BQM2200HD_REDMIN3P_id48_s0_150.png,1,VALID,-1.0498047,1.9580078,-0.7060547,-3.0751576,LCC-FASD external-dev / cross-domain stress set,False
YOUTUBE_BQVW2245_NEXUS5_id39_s1_15.png,1,VALID,0.051086426,1.1210938,-1.3408203,-1.1518376,LCC-FASD external-dev / cross-domain stress set,False
YOUTUBE_BQVW2245_NEXUS5_id39_s1_50.png,1,VALID,-0.6430664,1.3134766,-0.7475586,-2.076388,LCC-FASD external-dev / cross-domain stress set,False
YOUTUBE_BQVW2245_NEXUS5_id39_s1_65.png,1,VALID,-0.28344727,1.2470703,-1.0605469,-1.6253713,LCC-FASD external-dev / cross-domain stress set,False
YOUTUBE_BQVW2245_NEXUS5_id39_s1_85.png,1,VALID,-1.0429688,1.9833984,-0.57958984,-3.1006153,LCC-FASD external-dev / cross-domain stress set,False
YOUTUBE_BQVW2245_NEXUS5_id39_s1_100.png,1,VALID,-0.52197266,1.7255859,-1.015625,-2.3100564,LCC-FASD external-dev / cross-domain stress set,False
YOUTUBE_BQVW2245_NEXUS5_id39_s1_115.png,1,VALID,-0.75683594,2.1074219,-1.0820312,-2.9046264,LCC-FASD external-dev / cross-domain stress set,False
YOUTUBE_BQVW2245_NEXUS5_id39_s1_130.png,1,VALID,-0.5073242,1.453125,-0.96533203,-2.045763,LCC-FASD external-dev / cross-domain stress set,False
YOUTUBE_BQVW2245_NEXUS5_id42_s0_100.png,1,VALID,-0.055725098,0.7631836,-0.953125,-0.9841929,LCC-FASD external-dev / cross-domain stress set,False
YOUTUBE_BQVW2245_NEXUS5_id42_s0_115.png,1,VALID,0.015022278,0.4753418,-0.80322266,-0.7059575,LCC-FASD external-dev / cross-domain stress set,False
YOUTUBE_ATMP253MG_XIAOMIMI6_id42_s0_16.png,1,VALID,-0.22595215,-0.2919922,0.07879639,-0.82958937,LCC-FASD external-dev / cross-domain stress set,False
YOUTUBE_ATMP253MG_XIAOMIMI6_id42_s0_32.png,1,VALID,-0.04196167,-0.27197266,-0.13391113,-0.5345477,LCC-FASD external-dev / cross-domain stress set,True
YOUTUBE_ATMP253MG_XIAOMIMI6_id42_s0_47.png,1,VALID,-0.30273438,-0.8623047,0.52197266,-1.0482543,LCC-FASD external-dev / cross-domain stress set,False
YOUTUBE_ATMP253MG_XIAOMIMI6_id42_s0_62.png,1,VALID,-0.6723633,-0.5253906,0.83447266,-1.7353219,LCC-FASD external-dev / cross-domain stress set,False
YOUTUBE_ATMP253MG_XIAOMIMI6_id42_s0_77.png,1,VALID,-0.108947754,-0.35107422,0.031051636,-0.66022617,LCC-FASD external-dev / cross-domain stress set,False
YOUTUBE_ATMP253MG_XIAOMIMI6_id42_s0_93.png,1,VALID,-0.25048828,-0.55566406,0.33569336,-0.9298413,LCC-FASD external-dev / cross-domain stress set,False
YOUTUBE_ATMP253MG_XIAOMIMI6_id42_s0_123.png,1,VALID,-0.38256836,-0.30981445,0.31054688,-1.1234356,LCC-FASD external-dev / cross-domain stress set,False
YOUTUBE_ATMP253MG_XIAOMIMI6_id42_s0_138.png,1,VALID,-0.37939453,-0.4501953,0.4555664,-1.1744528,LCC-FASD external-dev / cross-domain stress set,False
YOUTUBE_ATMP253MG_XIAOMIMI6_id42_s0_153.png,1,VALID,-0.72998047,0.06549072,0.39282227,-1.6656181,LCC-FASD external-dev / cross-domain stress set,False
YOUTUBE_ATMP253MG_XIAOMIMI6_id42_s1_18.png,1,VALID,-0.9379883,2.8652344,-1.5361328,-3.8154087,LCC-FASD external-dev / cross-domain stress set,False
YOUTUBE_ATMP253MG_XIAOMIMI6_id42_s1_53.png,1,VALID,-1.2548828,2.28125,-0.5463867,-3.593602,LCC-FASD external-dev / cross-domain stress set,False
YOUTUBE_ATMP253MG_XIAOMIMI6_id42_s1_75.png,1,VALID,-1.1845703,1.8798828,-0.33276367,-3.168282,LCC-FASD external-dev / cross-domain stress set,False
YOUTUBE_AUNKNOWN_HUAWEIU22_id43_s0_15.png,1,VALID,-0.8120117,0.17419434,0.3515625,-1.7719647,LCC-FASD external-dev / cross-domain stress set,False
YOUTUBE_AUNKNOWN_HUAWEIU22_id43_s0_30.png,1,VALID,-0.38232422,-0.12854004,-0.06842041,-0.97744286,LCC-FASD external-dev / cross-domain stress set,False
YOUTUBE_AUNKNOWN_HUAWEIU22_id43_s0_51.png,1,VALID,0.7939453,-1.1572266,-0.6542969,0.9752703,LCC-FASD external-dev / cross-domain stress set,True
YOUTUBE_AUNKNOWN_HUAWEIU22_id43_s0_66.png,1,VALID,-0.75097656,0.3996582,0.033081055,-1.6771975,LCC-FASD external-dev / cross-domain stress set,False
YOUTUBE_AUNKNOWN_HUAWEIU22_id43_s0_81.png,1,VALID,-0.98535156,1.1777344,-0.27490234,-2.3733084,LCC-FASD external-dev / cross-domain stress set,False
YOUTUBE_AUNKNOWN_HUAWEIU22_id43_s0_96.png,1,VALID,-0.59277344,0.111206055,-0.010246277,-1.3382432,LCC-FASD external-dev / cross-domain stress set,False
YOUTUBE_AUNKNOWN_HUAWEIU22_id43_s0_111.png,1,VALID,-0.48486328,1.1376953,-0.82714844,-1.7537427,LCC-FASD external-dev / cross-domain stress set,False
YOUTUBE_AUNKNOWN_HUAWEIU22_id43_s0_126.png,1,VALID,-1.0087891,1.7304688,-0.65771484,-2.8270822,LCC-FASD external-dev / cross-domain stress set,False
YOUTUBE_AUNKNOWN_HUAWEIU22_id43_s0_141.png,1,VALID,-0.37304688,0.32421875,-0.42260742,-1.085156,LCC-FASD external-dev / cross-domain stress set,False
YOUTUBE_AUNKNOWN_HUAWEIU22_id43_s0_156.png,1,VALID,-0.5722656,0.13671875,-0.020065308,-1.326809,LCC-FASD external-dev / cross-domain stress set,False
YOUTUBE_AUNKNOWN_HUAWEIU22_id48_s1_15.png,1,VALID,0.68408203,-0.7993164,-0.72509766,0.7524535,LCC-FASD external-dev / cross-domain stress set,True
YOUTUBE_AUNKNOWN_HUAWEIU22_id48_s1_30.png,1,VALID,0.28857422,-0.22607422,-0.8041992,0.069354415,LCC-FASD external-dev / cross-domain stress set,True
YOUTUBE_AUNKNOWN_HUAWEIU22_id48_s1_45.png,1,VALID,0.5546875,-0.9267578,-0.6201172,0.6232701,LCC-FASD external-dev / cross-domain stress set,True
YOUTUBE_AUNKNOWN_HUAWEIU22_id48_s1_60.png,1,VALID,0.50634766,-0.97558594,-0.51123047,0.52989423,LCC-FASD external-dev / cross-domain stress set,True
YOUTUBE_AUNKNOWN_HUAWEIU22_id48_s1_75.png,1,VALID,0.6621094,-0.8359375,-0.8066406,0.79014397,LCC-FASD external-dev / cross-domain stress set,True
YOUTUBE_AUNKNOWN_HUAWEIU22_id48_s1_90.png,1,VALID,-0.3779297,0.43603516,-0.34277344,-1.1916835,LCC-FASD external-dev / cross-domain stress set,False
YOUTUBE_AUNKNOWN_HUAWEIU22_id48_s1_105.png,1,VALID,0.7236328,-0.8959961,-0.7680664,0.8604725,LCC-FASD external-dev / cross-domain stress set,True
YOUTUBE_AUNKNOWN_HUAWEIU22_id48_s1_120.png,1,VALID,0.34692383,-0.48364258,-0.56689453,0.17817909,LCC-FASD external-dev / cross-domain stress set,True
YOUTUBE_AUNKNOWN_HUAWEIU22_id48_s1_135.png,1,VALID,0.5415039,-0.6972656,-0.69677734,0.5453782,LCC-FASD external-dev / cross-domain stress set,True
YOUTUBE_AUNKNOWN_HUAWEIU22_id48_s1_150.png,1,VALID,0.765625,-1.3505859,-0.57128906,0.9593489,LCC-FASD external-dev / cross-domain stress set,True
YOUTUBE_AV203H_LEREELE3_id39_s0_15.png,1,VALID,1.1728516,0.109313965,-1.8212891,0.92807996,LCC-FASD external-dev / cross-domain stress set,True
YOUTUBE_AV203H_LEREELE3_id39_s0_43.png,1,VALID,0.7128906,0.24926758,-1.3144531,0.2735353,LCC-FASD external-dev / cross-domain stress set,True
YOUTUBE_AV203H_LEREELE3_id43_s0_15.png,1,VALID,-0.36669922,0.85791016,-0.765625,-1.4045951,LCC-FASD external-dev / cross-domain stress set,False
YOUTUBE_AV203H_LEREELE3_id43_s0_30.png,1,VALID,-0.22717285,0.92871094,-0.9316406,-1.300519,LCC-FASD external-dev / cross-domain stress set,False
YOUTUBE_AV203H_LEREELE3_id43_s0_46.png,1,VALID,-0.74609375,1.71875,-0.9350586,-2.5328598,LCC-FASD external-dev / cross-domain stress set,False
YOUTUBE_AV203H_LEREELE3_id43_s0_61.png,1,VALID,0.4790039,-0.8066406,-0.6845703,0.52960074,LCC-FASD external-dev / cross-domain stress set,True
YOUTUBE_AV203H_LEREELE3_id43_s0_76.png,1,VALID,0.52441406,-0.5756836,-0.78271484,0.5051179,LCC-FASD external-dev / cross-domain stress set,True
YOUTUBE_AV203H_LEREELE3_id43_s0_91.png,1,VALID,-0.19030762,0.83496094,-1.0800781,-1.1627114,LCC-FASD external-dev / cross-domain stress set,False
YOUTUBE_AV203H_LEREELE3_id43_s0_114.png,1,VALID,-0.40844727,1.6025391,-1.0791016,-2.0771961,LCC-FASD external-dev / cross-domain stress set,False
YOUTUBE_AV203H_LEREELE3_id43_s0_129.png,1,VALID,0.40966797,-0.08508301,-1.1181641,0.19027916,LCC-FASD external-dev / cross-domain stress set,True
YOUTUBE_AV203H_LEREELE3_id43_s0_144.png,1,VALID,0.36035156,-0.2175293,-0.9892578,0.19792956,LCC-FASD external-dev / cross-domain stress set,True
YOUTUBE_AV203H_LEREELE3_id43_s0_159.png,1,VALID,-0.1862793,0.7734375,-0.9892578,-1.1180716,LCC-FASD external-dev / cross-domain stress set,False
YOUTUBE_AV203H_LEREELE3_id43_s1_15.png,1,VALID,1.5429688,-2.3964844,-1.2451172,2.5133338,LCC-FASD external-dev / cross-domain stress set,True
YOUTUBE_AV203H_LEREELE3_id43_s1_30.png,1,VALID,1.5341797,-2.1230469,-1.5791016,2.6555693,LCC-FASD external-dev / cross-domain stress set,True
YOUTUBE_AV203H_LEREELE3_id43_s1_105.png,1,VALID,1.2001953,-1.4677734,-1.4179688,1.9496092,LCC-FASD external-dev / cross-domain stress set,True
YOUTUBE_AV203H_LEREELE3_id43_s1_120.png,1,VALID,1.5058594,-2.2714844,-1.3955078,2.5532098,LCC-FASD external-dev / cross-domain stress set,True
YOUTUBE_AV203H_LEREELE3_id43_s1_135.png,1,VALID,1.6191406,-2.1992188,-1.6123047,2.789301,LCC-FASD external-dev / cross-domain stress set,True
YOUTUBE_AV203H_LEREELE3_id43_s1_150.png,1,VALID,1.7265625,-2.5117188,-1.8945312,3.1896625,LCC-FASD external-dev / cross-domain stress set,True
YOUTUBE_AEME725_HONOR6CP_id43_s1_92.png,1,VALID,0.27441406,1.015625,-1.6005859,-0.81174326,LCC-FASD external-dev / cross-domain stress set,False
YOUTUBE_AEME725_HONOR6CP_id48_s0_15.png,1,VALID,-1.2148438,3.0722656,-1.4169922,-4.298276,LCC-FASD external-dev / cross-domain stress set,False
YOUTUBE_AEME725_HONOR6CP_id48_s0_30.png,1,VALID,-1.2529297,2.9726562,-1.4882812,-4.237071,LCC-FASD external-dev / cross-domain stress set,False
YOUTUBE_AEME725_HONOR6CP_id48_s0_45.png,1,VALID,-1.4003906,2.9589844,-1.125,-4.376075,LCC-FASD external-dev / cross-domain stress set,False
YOUTUBE_AEME725_HONOR6CP_id48_s0_60.png,1,VALID,-1.1865234,2.5371094,-1.0771484,-3.7502134,LCC-FASD external-dev / cross-domain stress set,False
YOUTUBE_AEME725_HONOR6CP_id48_s0_75.png,1,VALID,-1.5429688,2.8027344,-0.7631836,-4.373582,LCC-FASD external-dev / cross-domain stress set,False
YOUTUBE_AEME725_HONOR6CP_id48_s0_90.png,1,VALID,-1.2998047,2.7578125,-1.1787109,-4.0769453,LCC-FASD external-dev / cross-domain stress set,False
YOUTUBE_AEME725_HONOR6CP_id48_s0_105.png,1,VALID,-1.4453125,2.7988281,-1.0019531,-4.2662477,LCC-FASD external-dev / cross-domain stress set,False
YOUTUBE_AEME725_HONOR6CP_id48_s0_120.png,1,VALID,-1.3623047,2.6933594,-0.92871094,-4.082041,LCC-FASD external-dev / cross-domain stress set,False
YOUTUBE_AEME725_HONOR6CP_id48_s0_135.png,1,VALID,-1.3271484,2.7753906,-1.1689453,-4.1217184,LCC-FASD external-dev / cross-domain stress set,False
YOUTUBE_AEME725_HONOR6CP_id48_s0_150.png,1,VALID,-0.99609375,2.5683594,-1.4072266,-3.5830474,LCC-FASD external-dev / cross-domain stress set,False
YOUTUBE_AEME725_HONOR6CP_id48_s1_15.png,1,VALID,-1.1572266,1.8916016,-0.7597656,-3.117005,LCC-FASD external-dev / cross-domain stress set,False
YOUTUBE_AEME725_HONOR6CP_id48_s1_30.png,1,VALID,-1.2880859,1.9306641,-0.5234375,-3.3011963,LCC-FASD external-dev / cross-domain stress set,False
YOUTUBE_AEME725_HONOR6CP_id48_s1_45.png,1,VALID,-1.171875,2.234375,-0.8725586,-3.450016,LCC-FASD external-dev / cross-domain stress set,False
YOUTUBE_AEME725_HONOR6CP_id48_s1_60.png,1,VALID,-1.1298828,2.7890625,-1.4482422,-3.9332883,LCC-FASD external-dev / cross-domain stress set,False
YOUTUBE_AEME725_HONOR6CP_id48_s1_75.png,1,VALID,-0.9746094,2.0214844,-0.8823242,-3.0494583,LCC-FASD external-dev / cross-domain stress set,False
YOUTUBE_AEME725_HONOR6CP_id48_s1_90.png,1,VALID,-1.1386719,1.6494141,-0.5107422,-2.8972158,LCC-FASD external-dev / cross-domain stress set,False
YOUTUBE_AEME725_HONOR6CP_id48_s1_109.png,1,VALID,-0.8935547,1.5869141,-0.80859375,-2.5676794,LCC-FASD external-dev / cross-domain stress set,False
YOUTUBE_AEME725_HONOR6CP_id48_s1_124.png,1,VALID,-0.94433594,2.2148438,-1.1884766,-3.191901,LCC-FASD external-dev / cross-domain stress set,False
YOUTUBE_AEME725_HONOR6CP_id48_s1_139.png,1,VALID,-0.86279297,1.7626953,-1.0078125,-2.6862354,LCC-FASD external-dev / cross-domain stress set,False
YOUTUBE_AEME725_HONOR6CP_id48_s1_156.png,1,VALID,-0.9067383,1.5664062,-0.60058594,-2.5815697,LCC-FASD external-dev / cross-domain stress set,False
YOUTUBE_AK73S_REDMI3S_id39_s1_64.png,1,VALID,-0.21618652,1.5595703,-1.3798828,-1.8273,LCC-FASD external-dev / cross-domain stress set,False
YOUTUBE_AK73S_REDMI3S_id39_s1_119.png,1,VALID,0.90478516,-1.1484375,-1.0195312,1.2935467,LCC-FASD external-dev / cross-domain stress set,True
YOUTUBE_AK73S_REDMI3S_id39_s1_137.png,1,VALID,0.90527344,-1.0585938,-1.0957031,1.2891026,LCC-FASD external-dev / cross-domain stress set,True
YOUTUBE_AK73S_REDMI3S_id42_s0_15.png,1,VALID,-0.91552734,1.1347656,-0.39233398,-2.246817,LCC-FASD external-dev / cross-domain stress set,False
YOUTUBE_AK73S_REDMI3S_id42_s0_30.png,1,VALID,-0.56933594,0.9404297,-0.5283203,-1.716953,LCC-FASD external-dev / cross-domain stress set,False
YOUTUBE_AK73S_REDMI3S_id42_s0_45.png,1,VALID,-1.0410156,1.7333984,-0.58496094,-2.8683004,LCC-FASD external-dev / cross-domain stress set,False
YOUTUBE_AK73S_REDMI3S_id42_s0_60.png,1,VALID,-0.7294922,1.3486328,-0.50878906,-2.2231553,LCC-FASD external-dev / cross-domain stress set,False
YOUTUBE_AK73S_REDMI3S_id42_s0_76.png,1,VALID,-1.3007812,1.8769531,-0.43115234,-3.272544,LCC-FASD external-dev / cross-domain stress set,False
YOUTUBE_AK73S_REDMI3S_id42_s0_91.png,1,VALID,-0.69677734,1.0400391,-0.5180664,-1.9278785,LCC-FASD external-dev / cross-domain stress set,False
YOUTUBE_AK73S_REDMI3S_id42_s0_106.png,1,VALID,-0.64404297,1.1943359,-0.7680664,-1.9698637,LCC-FASD external-dev / cross-domain stress set,False
YOUTUBE_AK73S_REDMI3S_id42_s0_121.png,1,VALID,-0.6074219,1.0615234,-0.6333008,-1.8375326,LCC-FASD external-dev / cross-domain stress set,False
YOUTUBE_AK73S_REDMI3S_id42_s0_136.png,1,VALID,-0.38867188,0.73779297,-0.7207031,-1.335579,LCC-FASD external-dev / cross-domain stress set,False
YOUTUBE_AK73S_REDMI3S_id42_s0_151.png,1,VALID,-0.5004883,0.9145508,-0.6357422,-1.6074643,LCC-FASD external-dev / cross-domain stress set,False
YOUTUBE_AK73S_REDMI3S_id42_s1_35.png,1,VALID,-0.1394043,0.5136719,-0.6347656,-0.9285327,LCC-FASD external-dev / cross-domain stress set,False
YOUTUBE_AK73S_REDMI3S_id42_s1_50.png,1,VALID,-0.10089111,0.5263672,-0.69921875,-0.8846762,LCC-FASD external-dev / cross-domain stress set,False
YOUTUBE_AK73S_REDMI3S_id42_s1_67.png,1,VALID,-0.4753418,0.56591797,-0.3005371,-1.392226,LCC-FASD external-dev / cross-domain stress set,False
YOUTUBE_AK73S_REDMI3S_id42_s1_82.png,1,VALID,-0.6074219,1.2470703,-0.66308594,-1.9925634,LCC-FASD external-dev / cross-domain stress set,False
YOUTUBE_ASM710N_MEIZUM2MINI_id43_s0_16.png,1,VALID,-1.2392578,1.4882812,-0.32104492,-2.879199,LCC-FASD external-dev / cross-domain stress set,False
YOUTUBE_ASM710N_MEIZUM2MINI_id43_s0_31.png,1,VALID,-1.1191406,0.029556274,0.6538086,-2.2019105,LCC-FASD external-dev / cross-domain stress set,False
YOUTUBE_ASM710N_MEIZUM2MINI_id43_s0_47.png,1,VALID,-1.0283203,0.46020508,0.34936523,-2.1277876,LCC-FASD external-dev / cross-domain stress set,False
YOUTUBE_ASM710N_MEIZUM2MINI_id43_s0_64.png,1,VALID,-0.7871094,0.4008789,0.22424316,-1.7967125,LCC-FASD external-dev / cross-domain stress set,False
YOUTUBE_ASM710N_MEIZUM2MINI_id43_s0_79.png,1,VALID,0.7368164,-1.0302734,-0.6904297,0.889653,LCC-FASD external-dev / cross-domain stress set,True
YOUTUBE_ASM710N_MEIZUM2MINI_id43_s1_15.png,1,VALID,0.06536865,-0.08081055,-0.6142578,-0.31540114,LCC-FASD external-dev / cross-domain stress set,True
YOUTUBE_ASM710N_MEIZUM2MINI_id43_s1_31.png,1,VALID,0.87158203,-0.15856934,-1.3447266,0.7636476,LCC-FASD external-dev / cross-domain stress set,True
YOUTUBE_ASM710N_MEIZUM2MINI_id43_s1_46.png,1,VALID,1.2929688,0.07519531,-1.9794922,1.0972096,LCC-FASD external-dev / cross-domain stress set,True
YOUTUBE_ASM710N_MEIZUM2MINI_id43_s1_61.png,1,VALID,1.8046875,-2.2597656,-1.5771484,2.9728484,LCC-FASD external-dev / cross-domain stress set,True
YOUTUBE_ASM710N_MEIZUM2MINI_id43_s1_76.png,1,VALID,1.3945312,-1.1464844,-1.5771484,2.0401936,LCC-FASD external-dev / cross-domain stress set,True
YOUTUBE_ASM710N_MEIZUM2MINI_id43_s1_91.png,1,VALID,-0.89746094,0.515625,0.012107849,-1.8858365,LCC-FASD external-dev / cross-domain stress set,False
YOUTUBE_ASM710N_MEIZUM2MINI_id48_s1_15.png,1,VALID,0.11743164,-0.23840332,-0.49804688,-0.21589375,LCC-FASD external-dev / cross-domain stress set,True
YOUTUBE_ASM710N_MEIZUM2MINI_id48_s1_30.png,1,VALID,-0.93847656,-0.2286377,0.7885742,-2.0357125,LCC-FASD external-dev / cross-domain stress set,False
YOUTUBE_ASM710N_MEIZUM2MINI_id48_s1_45.png,1,VALID,-0.8486328,1.0576172,-0.24731445,-2.1462045,LCC-FASD external-dev / cross-domain stress set,False
YOUTUBE_ASM710N_MEIZUM2MINI_id48_s1_60.png,1,VALID,-0.5546875,0.09057617,0.18945312,-1.389071,LCC-FASD external-dev / cross-domain stress set,False
YOUTUBE_ASM710N_MEIZUM2MINI_id48_s1_76.png,1,VALID,0.37182617,-0.2626953,-0.59716797,0.094691336,LCC-FASD external-dev / cross-domain stress set,True
YOUTUBE_ASM710N_MEIZUM2MINI_id48_s1_92.png,1,VALID,-0.77001953,0.83251953,-0.2006836,-1.9069788,LCC-FASD external-dev / cross-domain stress set,False
YOUTUBE_ATMP253MG_XIAOMIMI6_id42_s0_108.png,1,VALID,-0.21582031,-0.6538086,0.3894043,-0.9070469,LCC-FASD external-dev / cross-domain stress set,False
YOUTUBE_ACER5820TG_REDMI4A_id42_s0_30.png,1,VALID,-0.22387695,0.10644531,-0.51171875,-0.7614116,LCC-FASD external-dev / cross-domain stress set,False
YOUTUBE_ACER5820TG_REDMI4A_id42_s0_45.png,1,VALID,-0.101989746,0.016555786,-0.6166992,-0.5443759,LCC-FASD external-dev / cross-domain stress set,True
YOUTUBE_ACER5820TG_REDMI4A_id42_s0_60.png,1,VALID,-0.4099121,0.41088867,-0.43725586,-1.1772218,LCC-FASD external-dev / cross-domain stress set,False
YOUTUBE_ACER5820TG_REDMI4A_id42_s0_75.png,1,VALID,-0.7348633,0.83203125,-0.40673828,-1.8213356,LCC-FASD external-dev / cross-domain stress set,False
YOUTUBE_ACER5820TG_REDMI4A_id42_s0_90.png,1,VALID,-0.064453125,0.0038642883,-0.62402344,-0.49601227,LCC-FASD external-dev / cross-domain stress set,True
YOUTUBE_ACER5820TG_REDMI4A_id42_s0_150.png,1,VALID,-0.48120117,0.49169922,-0.51123047,-1.285375,LCC-FASD external-dev / cross-domain stress set,False
YOUTUBE_ACER5820TG_REDMI4A_id42_s1_50.png,1,VALID,-0.03024292,1.1162109,-1.1328125,-1.2467536,LCC-FASD external-dev / cross-domain stress set,False
YOUTUBE_ACER5820TG_REDMI4A_id42_s1_65.png,1,VALID,-0.19116211,1.0429688,-1.0146484,-1.3543625,LCC-FASD external-dev / cross-domain stress set,False
YOUTUBE_ACER5820TG_REDMI4A_id42_s1_80.png,1,VALID,-0.089660645,0.5605469,-0.84375,-0.8697764,LCC-FASD external-dev / cross-domain stress set,False
YOUTUBE_ACER5820TG_REDMI4A_id42_s1_96.png,1,VALID,-0.20214844,1.0566406,-0.9589844,-1.3838673,LCC-FASD external-dev / cross-domain stress set,False
YOUTUBE_ACER5820TG_REDMI4A_id42_s1_148.png,1,VALID,-0.4128418,1.1083984,-0.8671875,-1.6511099,LCC-FASD external-dev / cross-domain stress set,False
YOUTUBE_AEME725_HONOR6CP_id39_s0_40.png,1,VALID,-0.17993164,1.9775391,-1.6035156,-2.1849363,LCC-FASD external-dev / cross-domain stress set,False
YOUTUBE_AEME725_HONOR6CP_id39_s1_15.png,1,VALID,-0.21118164,1.5419922,-1.4375,-1.8027434,LCC-FASD external-dev / cross-domain stress set,False
YOUTUBE_AEME725_HONOR6CP_id39_s1_44.png,1,VALID,-0.9428711,2.4785156,-1.0830078,-3.4493866,LCC-FASD external-dev / cross-domain stress set,False
YOUTUBE_AEME725_HONOR6CP_id39_s1_59.png,1,VALID,-0.4345703,2.0800781,-1.4033203,-2.5448895,LCC-FASD external-dev / cross-domain stress set,False
YOUTUBE_AEME725_HONOR6CP_id39_s1_75.png,1,VALID,-0.34594727,1.8896484,-1.3525391,-2.2739298,LCC-FASD external-dev / cross-domain stress set,False
YOUTUBE_AEME725_HONOR6CP_id39_s1_94.png,1,VALID,-1.2441406,2.65625,-0.89404297,-3.9287024,LCC-FASD external-dev / cross-domain stress set,False
YOUTUBE_AEME725_HONOR6CP_id39_s1_109.png,1,VALID,-0.82373047,2.0117188,-1.0634766,-2.8805952,LCC-FASD external-dev / cross-domain stress set,False
YOUTUBE_AEME725_HONOR6CP_id39_s1_124.png,1,VALID,-1.1464844,2.4570312,-0.875,-3.638613,LCC-FASD external-dev / cross-domain stress set,False
YOUTUBE_AEME725_HONOR6CP_id42_s0_15.png,1,VALID,-1.2099609,1.9941406,-0.6513672,-3.2726657,LCC-FASD external-dev / cross-domain stress set,False
YOUTUBE_AEME725_HONOR6CP_id42_s0_30.png,1,VALID,-1.1835938,1.9248047,-0.57373047,-3.1873994,LCC-FASD external-dev / cross-domain stress set,False
YOUTUBE_AEME725_HONOR6CP_id42_s0_45.png,1,VALID,-1.3730469,2.5527344,-0.86328125,-3.9580965,LCC-FASD external-dev / cross-domain stress set,False
YOUTUBE_AEME725_HONOR6CP_id42_s0_60.png,1,VALID,-1.0888672,2.0234375,-0.79833984,-3.170102,LCC-FASD external-dev / cross-domain stress set,False
YOUTUBE_AEME725_HONOR6CP_id42_s0_75.png,1,VALID,-1.2441406,2.0429688,-0.6796875,-3.3507414,LCC-FASD external-dev / cross-domain stress set,False
YOUTUBE_AEME725_HONOR6CP_id42_s0_90.png,1,VALID,-1.1015625,1.9658203,-0.73779297,-3.1321993,LCC-FASD external-dev / cross-domain stress set,False
YOUTUBE_AEME725_HONOR6CP_id42_s0_105.png,1,VALID,-1.0898438,2.3925781,-0.95166016,-3.5171008,LCC-FASD external-dev / cross-domain stress set,False
YOUTUBE_AEME725_HONOR6CP_id42_s0_120.png,1,VALID,-1.1972656,2.1757812,-0.7290039,-3.4263606,LCC-FASD external-dev / cross-domain stress set,False
YOUTUBE_AEME725_HONOR6CP_id42_s0_135.png,1,VALID,-1.2236328,2.1171875,-0.66259766,-3.4010231,LCC-FASD external-dev / cross-domain stress set,False
YOUTUBE_AEME725_HONOR6CP_id42_s0_150.png,1,VALID,-1.3154297,2.3652344,-0.7553711,-3.7238486,LCC-FASD external-dev / cross-domain stress set,False
YOUTUBE_AEME725_HONOR6CP_id42_s1_40.png,1,VALID,-0.9980469,2.3125,-1.0371094,-3.345043,LCC-FASD external-dev / cross-domain stress set,False
YOUTUBE_AEME725_HONOR6CP_id42_s1_57.png,1,VALID,-1.03125,2.5703125,-1.1289062,-3.6260042,LCC-FASD external-dev / cross-domain stress set,False
YOUTUBE_AEME725_HONOR6CP_id42_s1_82.png,1,VALID,-0.88720703,1.7363281,-0.66845703,-2.7099743,LCC-FASD external-dev / cross-domain stress set,False
YOUTUBE_AEME725_HONOR6CP_id43_s0_15.png,1,VALID,-1.4716797,2.8300781,-0.8642578,-4.326318,LCC-FASD external-dev / cross-domain stress set,False
YOUTUBE_AEME725_HONOR6CP_id43_s0_30.png,1,VALID,-1.3564453,3.0625,-1.1679688,-4.433386,LCC-FASD external-dev / cross-domain stress set,False
YOUTUBE_AEME725_HONOR6CP_id43_s0_46.png,1,VALID,-1.4511719,3.0390625,-1.15625,-4.505188,LCC-FASD external-dev / cross-domain stress set,False
YOUTUBE_AEME725_HONOR6CP_id43_s0_61.png,1,VALID,-1.3789062,2.40625,-0.7319336,-3.827604,LCC-FASD external-dev / cross-domain stress set,False
YOUTUBE_AEME725_HONOR6CP_id43_s0_76.png,1,VALID,-1.1503906,2.2148438,-0.79052734,-3.4135675,LCC-FASD external-dev / cross-domain stress set,False
YOUTUBE_AEME725_HONOR6CP_id43_s0_91.png,1,VALID,-1.2685547,2.4667969,-0.80126953,-3.7727244,LCC-FASD external-dev / cross-domain stress set,False
YOUTUBE_AEME725_HONOR6CP_id43_s0_116.png,1,VALID,-1.2314453,2.8691406,-1.1904297,-4.117695,LCC-FASD external-dev / cross-domain stress set,False
YOUTUBE_AEME725_HONOR6CP_id43_s0_131.png,1,VALID,-1.3261719,2.7167969,-0.9111328,-4.069193,LCC-FASD external-dev / cross-domain stress set,False
YOUTUBE_AEME725_HONOR6CP_id43_s0_146.png,1,VALID,-1.1601562,2.6210938,-1.0458984,-3.8064823,LCC-FASD external-dev / cross-domain stress set,False
YOUTUBE_AEME725_HONOR6CP_id43_s0_161.png,1,VALID,-1.2753906,2.8105469,-1.0693359,-4.1063805,LCC-FASD external-dev / cross-domain stress set,False
YOUTUBE_AEME725_HONOR6CP_id43_s1_15.png,1,VALID,-0.35839844,2.2382812,-1.5966797,-2.6180518,LCC-FASD external-dev / cross-domain stress set,False
YOUTUBE_AEME725_HONOR6CP_id43_s1_30.png,1,VALID,-0.4777832,2.4355469,-1.5429688,-2.9318705,LCC-FASD external-dev / cross-domain stress set,False
YOUTUBE_AEME725_HONOR6CP_id43_s1_45.png,1,VALID,-0.26245117,1.6074219,-1.3291016,-1.9215636,LCC-FASD external-dev / cross-domain stress set,False
YOUTUBE_AEME725_HONOR6CP_id43_s1_62.png,1,VALID,-0.27319336,1.5322266,-1.3095703,-1.8621033,LCC-FASD external-dev / cross-domain stress set,False
YOUTUBE_AEME725_HONOR6CP_id43_s1_77.png,1,VALID,0.27612305,1.109375,-1.5253906,-0.9025315,LCC-FASD external-dev / cross-domain stress set,False
YOUTUBE_AEME725_HONOR6CP_id43_s1_107.png,1,VALID,0.25317383,1.1738281,-1.6152344,-0.98031735,LCC-FASD external-dev / cross-domain stress set,False
YOUTUBE_AEME725_HONOR6CP_id43_s1_122.png,1,VALID,-0.515625,1.6455078,-0.9399414,-2.2337904,LCC-FASD external-dev / cross-domain stress set,False
YOUTUBE_AEME725_HONOR6CP_id43_s1_137.png,1,VALID,0.07092285,1.203125,-1.4707031,-1.1989142,LCC-FASD external-dev / cross-domain stress set,False
YOUTUBE_AEME725_HONOR6CP_id43_s1_152.png,1,VALID,-0.29638672,1.4619141,-1.1396484,-1.8298376,LCC-FASD external-dev / cross-domain stress set,False
YOUTUBE_AAL1917_SGT3SMT310_id42_s0_31.png,1,VALID,-1.0615234,1.3701172,-0.33789062,-2.598194,LCC-FASD external-dev / cross-domain stress set,False
YOUTUBE_AAL1917_SGT3SMT310_id42_s0_46.png,1,VALID,-0.74658203,0.7314453,-0.21154785,-1.8069427,LCC-FASD external-dev / cross-domain stress set,False
YOUTUBE_AAL1917_SGT3SMT310_id42_s0_61.png,1,VALID,-0.7026367,0.10870361,0.24743652,-1.576258,LCC-FASD external-dev / cross-domain stress set,False
YOUTUBE_AAL1917_SGT3SMT310_id42_s0_76.png,1,VALID,-0.5698242,1.4042969,-0.79052734,-2.079722,LCC-FASD external-dev / cross-domain stress set,False
YOUTUBE_AAL1917_SGT3SMT310_id42_s0_91.png,1,VALID,-0.6533203,0.84033203,-0.37695312,-1.7529602,LCC-FASD external-dev / cross-domain stress set,False
YOUTUBE_AAR7_IPHONE4S_id39_s0_15.png,1,VALID,-0.23657227,2.3066406,-1.5644531,-2.5638344,LCC-FASD external-dev / cross-domain stress set,False
YOUTUBE_AAR7_IPHONE4S_id39_s0_35.png,1,VALID,-0.63427734,2.0703125,-1.2060547,-2.7416594,LCC-FASD external-dev / cross-domain stress set,False
YOUTUBE_AAR7_IPHONE4S_id39_s0_50.png,1,VALID,-0.7910156,2.3242188,-1.0585938,-3.1486225,LCC-FASD external-dev / cross-domain stress set,False
YOUTUBE_AAR7_IPHONE4S_id43_s0_15.png,1,VALID,0.14221191,-1.1132812,0.11657715,-0.23081508,LCC-FASD external-dev / cross-domain stress set,True
YOUTUBE_AAR7_IPHONE4S_id43_s0_30.png,1,VALID,-0.27319336,-1.1679688,0.6611328,-1.0832269,LCC-FASD external-dev / cross-domain stress set,False
YOUTUBE_AAR7_IPHONE4S_id43_s0_45.png,1,VALID,-0.028884888,-0.38842773,-0.21130371,-0.4260828,LCC-FASD external-dev / cross-domain stress set,True
YOUTUBE_AAR7_IPHONE4S_id43_s0_61.png,1,VALID,-0.25097656,-1.2070312,0.6503906,-1.0463974,LCC-FASD external-dev / cross-domain stress set,False
YOUTUBE_AAR7_IPHONE4S_id43_s0_81.png,1,VALID,0.022994995,-1.6474609,0.5708008,-0.65108234,LCC-FASD external-dev / cross-domain stress set,False
YOUTUBE_AAR7_IPHONE4S_id43_s0_96.png,1,VALID,0.2788086,-1.5732422,0.27197266,-0.13985103,LCC-FASD external-dev / cross-domain stress set,True
YOUTUBE_AAR7_IPHONE4S_id43_s0_111.png,1,VALID,0.06628418,0.7973633,-0.95751953,-0.89058185,LCC-FASD external-dev / cross-domain stress set,False
YOUTUBE_AAR7_IPHONE4S_id43_s0_126.png,1,VALID,0.4897461,-1.6289062,-0.08355713,0.3800109,LCC-FASD external-dev / cross-domain stress set,True
YOUTUBE_AAR7_IPHONE4S_id43_s0_141.png,1,VALID,0.3642578,-1.4921875,0.023834229,0.14191397,LCC-FASD external-dev / cross-domain stress set,True
YOUTUBE_AAR7_IPHONE4S_id43_s0_156.png,1,VALID,0.14453125,-0.5756836,-0.27294922,-0.13571203,LCC-FASD external-dev / cross-domain stress set,True
YOUTUBE_AAR7_IPHONE4S_id43_s1_15.png,1,VALID,1.5751953,-1.9287109,-1.3154297,2.457823,LCC-FASD external-dev / cross-domain stress set,True
YOUTUBE_AAR7_IPHONE4S_id43_s1_30.png,1,VALID,1.5097656,-1.3886719,-1.390625,2.2062664,LCC-FASD external-dev / cross-domain stress set,True
YOUTUBE_AAR7_IPHONE4S_id43_s1_45.png,1,VALID,1.6699219,-1.5273438,-1.4882812,2.4843965,LCC-FASD external-dev / cross-domain stress set,True
YOUTUBE_AAR7_IPHONE4S_id43_s1_62.png,1,VALID,1.3466797,-0.7885742,-1.5830078,1.7624242,LCC-FASD external-dev / cross-domain stress set,True
YOUTUBE_AAR7_IPHONE4S_id43_s1_77.png,1,VALID,1.6611328,-1.6328125,-1.5683594,2.5680523,LCC-FASD external-dev / cross-domain stress set,True
YOUTUBE_AAR7_IPHONE4S_id43_s1_92.png,1,VALID,1.6972656,-1.8642578,-1.4404297,2.6341743,LCC-FASD external-dev / cross-domain stress set,True
YOUTUBE_AAR7_IPHONE4S_id43_s1_107.png,1,VALID,1.7001953,-1.4960938,-1.5810547,2.5447204,LCC-FASD external-dev / cross-domain stress set,True
YOUTUBE_AAR7_IPHONE4S_id43_s1_122.png,1,VALID,1.0458984,-1.5576172,-0.7792969,1.447323,LCC-FASD external-dev / cross-domain stress set,True
YOUTUBE_AAR7_IPHONE4S_id43_s1_137.png,1,VALID,0.77197266,-0.43408203,-1.1201172,0.7982133,LCC-FASD external-dev / cross-domain stress set,True
YOUTUBE_AAR7_IPHONE4S_id43_s1_152.png,1,VALID,0.41918945,-0.24511719,-0.7607422,0.19610012,LCC-FASD external-dev / cross-domain stress set,True
YOUTUBE_AAR7_IPHONE4S_id48_s1_15.png,1,VALID,0.5654297,-1.0146484,-0.6982422,0.71626556,LCC-FASD external-dev / cross-domain stress set,True
YOUTUBE_AAR7_IPHONE4S_id48_s1_30.png,1,VALID,0.3815918,-1.0517578,-0.37329102,0.34450027,LCC-FASD external-dev / cross-domain stress set,True
YOUTUBE_AAR7_IPHONE4S_id48_s1_45.png,1,VALID,0.99365234,-1.0166016,-0.9013672,1.2578306,LCC-FASD external-dev / cross-domain stress set,True
YOUTUBE_AAR7_IPHONE4S_id48_s1_60.png,1,VALID,0.71484375,-0.5727539,-0.87402344,0.7337825,LCC-FASD external-dev / cross-domain stress set,True
YOUTUBE_AAR7_IPHONE4S_id48_s1_75.png,1,VALID,0.69873047,-1.5400391,-0.53271484,0.9201482,LCC-FASD external-dev / cross-domain stress set,True
YOUTUBE_AAR7_IPHONE4S_id48_s1_92.png,1,VALID,0.40429688,-0.86328125,-0.5151367,0.38528407,LCC-FASD external-dev / cross-domain stress set,True
YOUTUBE_AAR7_IPHONE4S_id48_s1_107.png,1,VALID,0.80322266,-1.4345703,-0.6010742,1.0434613,LCC-FASD external-dev / cross-domain stress set,True
YOUTUBE_AAR7_IPHONE4S_id48_s1_122.png,1,VALID,0.49438477,-0.8725586,-0.51220703,0.47747582,LCC-FASD external-dev / cross-domain stress set,True
YOUTUBE_AAR7_IPHONE4S_id48_s1_137.png,1,VALID,0.64160156,-1.1357422,-0.52734375,0.73442525,LCC-FASD external-dev / cross-domain stress set,True
YOUTUBE_AAR7_IPHONE4S_id48_s1_161.png,1,VALID,1.4326172,-1.0488281,-1.5117188,1.9931958,LCC-FASD external-dev / cross-domain stress set,True
YOUTUBE_ACER5820TG_REDMI4A_id39_s1_15.png,1,VALID,0.42895508,0.14709473,-1.2480469,0.06048,LCC-FASD external-dev / cross-domain stress set,True
YOUTUBE_ACER5820TG_REDMI4A_id39_s1_35.png,1,VALID,1.2246094,-0.5292969,-1.3544922,1.3905491,LCC-FASD external-dev / cross-domain stress set,True
YOUTUBE_ACER5820TG_REDMI4A_id39_s1_56.png,1,VALID,1.1386719,-0.71435547,-1.4150391,1.450068,LCC-FASD external-dev / cross-domain stress set,True
YOUTUBE_ACER5820TG_REDMI4A_id39_s1_81.png,1,VALID,1.0878906,-0.9819336,-1.2626953,1.5072367,LCC-FASD external-dev / cross-domain stress set,True
YOUTUBE_ACER5820TG_REDMI4A_id39_s1_96.png,1,VALID,0.88916016,-0.9790039,-0.9902344,1.1806164,LCC-FASD external-dev / cross-domain stress set,True
YOUTUBE_ACER5820TG_REDMI4A_id39_s1_111.png,1,VALID,0.9897461,-1.0195312,-1.3808594,1.4805624,LCC-FASD external-dev / cross-domain stress set,True
YOUTUBE_ACER5820TG_REDMI4A_id39_s1_126.png,1,VALID,0.86865234,-0.64453125,-1.2392578,1.0738238,LCC-FASD external-dev / cross-domain stress set,True
YOUTUBE_ACER5820TG_REDMI4A_id42_s0_15.png,1,VALID,-0.32250977,0.03616333,-0.39819336,-0.8580421,LCC-FASD external-dev / cross-domain stress set,False
YOUTUBE_ACER5820TG_REDMI4A_id42_s0_105.png,1,VALID,-0.19763184,0.2199707,-0.6899414,-0.75590146,LCC-FASD external-dev / cross-domain stress set,False
YOUTUBE_ACER5820TG_REDMI4A_id42_s0_120.png,1,VALID,-0.16674805,0.21252441,-0.7084961,-0.71439564,LCC-FASD external-dev / cross-domain stress set,False
YOUTUBE_ACER5820TG_REDMI4A_id42_s0_135.png,1,VALID,-0.23242188,-0.043945312,-0.48242188,-0.6862281,LCC-FASD external-dev / cross-domain stress set,False
FT720P_SSM2433_S4508_id5_s0_15.png,1,VALID,1.5117188,-2.09375,-1.0507812,2.260614,LCC-FASD external-dev / cross-domain stress set,True
FT720P_SSM2433_S4508_id5_s0_30.png,1,VALID,1.4902344,-1.8642578,-1.0693359,2.1868925,LCC-FASD external-dev / cross-domain stress set,True
FT720P_SSM2433_S4508_id5_s0_45.png,1,VALID,1.1982422,-1.8261719,-0.5957031,1.5376334,LCC-FASD external-dev / cross-domain stress set,True
FT720P_SSM2433_S4508_id5_s0_60.png,1,VALID,1.4492188,-1.9101562,-0.9116211,2.047184,LCC-FASD external-dev / cross-domain stress set,True
FT720P_SSM2433_S4508_id5_s0_75.png,1,VALID,1.5507812,-2.0605469,-0.95947266,2.2231867,LCC-FASD external-dev / cross-domain stress set,True
FT720P_SSM2433_S4508_id5_s0_90.png,1,VALID,1.3925781,-1.796875,-0.83154297,1.901417,LCC-FASD external-dev / cross-domain stress set,True
FT720P_SSM2433_S4508_id5_s0_105.png,1,VALID,1.2050781,-1.1611328,-0.88623047,1.5261958,LCC-FASD external-dev / cross-domain stress set,True
FT720P_SSM2433_S4508_id5_s0_120.png,1,VALID,0.7421875,-0.6040039,-0.6489258,0.675253,LCC-FASD external-dev / cross-domain stress set,True
FT720P_SSM2433_S4508_id5_s0_135.png,1,VALID,0.60546875,-0.46826172,-0.67626953,0.4791885,LCC-FASD external-dev / cross-domain stress set,True
FT720P_SSM2433_S4508_id5_s0_150.png,1,VALID,1.0644531,-0.76464844,-1.0019531,1.247584,LCC-FASD external-dev / cross-domain stress set,True
FT720P_SSM2433_S4508_id5_s1_15.png,1,VALID,-0.6586914,-0.7993164,0.9663086,-1.7829263,LCC-FASD external-dev / cross-domain stress set,False
FT720P_SSM2433_S4508_id5_s1_30.png,1,VALID,-0.60595703,-1.2851562,1.3007812,-1.9793617,LCC-FASD external-dev / cross-domain stress set,False
FT720P_SSM2433_S4508_id5_s1_45.png,1,VALID,-0.68115234,-1.2324219,1.3183594,-2.0746384,LCC-FASD external-dev / cross-domain stress set,False
FT720P_SSM2433_S4508_id5_s1_60.png,1,VALID,-0.33520508,-1.6474609,1.1425781,-1.5373896,LCC-FASD external-dev / cross-domain stress set,False
FT720P_SSM2433_S4508_id5_s1_75.png,1,VALID,-0.4091797,-1.5478516,1.1865234,-1.6586165,LCC-FASD external-dev / cross-domain stress set,False
FT720P_SSM2433_S4508_id5_s1_90.png,1,VALID,-0.61035156,-1.2636719,1.2587891,-1.946344,LCC-FASD external-dev / cross-domain stress set,False
FT720P_SSM2433_S4508_id5_s1_105.png,1,VALID,-0.40185547,-1.5976562,1.2119141,-1.6722562,LCC-FASD external-dev / cross-domain stress set,False
FT720P_SSM2433_S4508_id5_s1_120.png,1,VALID,-0.55908203,-1.1425781,1.0966797,-1.7569976,LCC-FASD external-dev / cross-domain stress set,False
FT720P_SSM2433_S4508_id5_s1_135.png,1,VALID,-0.3671875,-1.3398438,0.9248047,-1.3908113,LCC-FASD external-dev / cross-domain stress set,False
FT720P_SSM2433_S4508_id5_s1_150.png,1,VALID,-0.78125,-1.1972656,1.4970703,-2.3437214,LCC-FASD external-dev / cross-domain stress set,False
FT720P_SSM2433_S4508_id9_s0_15.png,1,VALID,0.49072266,-0.44702148,-0.5473633,0.29350984,LCC-FASD external-dev / cross-domain stress set,True
FT720P_SSM2433_S4508_id9_s0_30.png,1,VALID,0.5292969,-0.29345703,-0.60302734,0.27246016,LCC-FASD external-dev / cross-domain stress set,True
FT720P_SSM2433_S4508_id9_s0_45.png,1,VALID,-0.087768555,0.44067383,-0.41210938,-0.8834748,LCC-FASD external-dev / cross-domain stress set,False
FT720P_SSM2433_S4508_id9_s0_60.png,1,VALID,0.21154785,0.28222656,-0.65722656,-0.40058768,LCC-FASD external-dev / cross-domain stress set,True
FT720P_SSM2433_S4508_id9_s0_75.png,1,VALID,-0.328125,0.49169922,-0.12011719,-1.253141,LCC-FASD external-dev / cross-domain stress set,False
FT720P_SSM2433_S4508_id9_s0_90.png,1,VALID,0.008964539,0.20153809,-0.31811523,-0.6592759,LCC-FASD external-dev / cross-domain stress set,False
FT720P_SSM2433_S4508_id9_s0_105.png,1,VALID,-0.108947754,0.6401367,-0.5180664,-1.0221984,LCC-FASD external-dev / cross-domain stress set,False
FT720P_SSM2433_S4508_id9_s0_120.png,1,VALID,-0.07098389,0.61816406,-0.46850586,-0.97982895,LCC-FASD external-dev / cross-domain stress set,False
FT720P_SSM2433_S4508_id9_s0_135.png,1,VALID,0.15820312,0.43823242,-0.5966797,-0.58402085,LCC-FASD external-dev / cross-domain stress set,True
FT720P_SSM2433_S4508_id9_s0_150.png,1,VALID,0.119262695,-0.033416748,-0.22839355,-0.44772387,LCC-FASD external-dev / cross-domain stress set,True
YOUTUBE_AA6000_HUAWEIY9_id39_s1_15.png,1,VALID,-0.890625,1.4736328,-0.57666016,-2.4853218,LCC-FASD external-dev / cross-domain stress set,False
YOUTUBE_AA6000_HUAWEIY9_id39_s1_30.png,1,VALID,-0.5385742,1.1484375,-0.65478516,-1.8395329,LCC-FASD external-dev / cross-domain stress set,False
YOUTUBE_AA6000_HUAWEIY9_id39_s1_58.png,1,VALID,-1.1142578,2.125,-0.7451172,-3.2944014,LCC-FASD external-dev / cross-domain stress set,False
YOUTUBE_AA6000_HUAWEIY9_id39_s1_87.png,1,VALID,-0.42236328,0.9458008,-0.68603516,-1.5467873,LCC-FASD external-dev / cross-domain stress set,False
YOUTUBE_AA6000_HUAWEIY9_id39_s1_102.png,1,VALID,0.0036411285,0.054656982,-0.6225586,-0.46181974,LCC-FASD external-dev / cross-domain stress set,True
YOUTUBE_AA6000_HUAWEIY9_id39_s1_117.png,1,VALID,-0.80810547,1.4326172,-0.87841797,-2.3352675,LCC-FASD external-dev / cross-domain stress set,False
YOUTUBE_AA6000_HUAWEIY9_id39_s1_132.png,1,VALID,-0.49023438,0.9223633,-0.7763672,-1.5805799,LCC-FASD external-dev / cross-domain stress set,False
YOUTUBE_AA6000_HUAWEIY9_id42_s0_15.png,1,VALID,-0.95751953,1.6855469,-0.6791992,-2.7328825,LCC-FASD external-dev / cross-domain stress set,False
YOUTUBE_AA6000_HUAWEIY9_id42_s0_30.png,1,VALID,-0.74609375,0.9951172,-0.4675293,-1.9495434,LCC-FASD external-dev / cross-domain stress set,False
YOUTUBE_AA6000_HUAWEIY9_id42_s0_45.png,1,VALID,-0.7993164,0.99902344,-0.38330078,-2.0222788,LCC-FASD external-dev / cross-domain stress set,False
YOUTUBE_AA6000_HUAWEIY9_id42_s0_60.png,1,VALID,-0.7167969,0.9814453,-0.5161133,-1.9001013,LCC-FASD external-dev / cross-domain stress set,False
YOUTUBE_AA6000_HUAWEIY9_id42_s0_75.png,1,VALID,-0.7597656,1.0527344,-0.4260254,-2.0178218,LCC-FASD external-dev / cross-domain stress set,False
YOUTUBE_AA6000_HUAWEIY9_id42_s0_90.png,1,VALID,-0.8618164,1.3701172,-0.64404297,-2.3571842,LCC-FASD external-dev / cross-domain stress set,False
YOUTUBE_AA6000_HUAWEIY9_id42_s0_105.png,1,VALID,-1.0019531,1.5820312,-0.5698242,-2.6939754,LCC-FASD external-dev / cross-domain stress set,False
YOUTUBE_AA6000_HUAWEIY9_id42_s0_120.png,1,VALID,-1.1933594,1.5849609,-0.35961914,-2.912018,LCC-FASD external-dev / cross-domain stress set,False
YOUTUBE_AA6000_HUAWEIY9_id42_s0_135.png,1,VALID,-1.0087891,1.4101562,-0.46704102,-2.5613284,LCC-FASD external-dev / cross-domain stress set,False
YOUTUBE_AA6000_HUAWEIY9_id42_s0_150.png,1,VALID,-0.6069336,1.0869141,-0.6582031,-1.8547962,LCC-FASD external-dev / cross-domain stress set,False
YOUTUBE_AA6000_HUAWEIY9_id42_s1_65.png,1,VALID,-0.78759766,1.5527344,-0.7265625,-2.4377818,LCC-FASD external-dev / cross-domain stress set,False
YOUTUBE_AA6000_HUAWEIY9_id42_s1_142.png,1,VALID,-0.7915039,2.0390625,-0.92626953,-2.8808253,LCC-FASD external-dev / cross-domain stress set,False
YOUTUBE_AAL1917_SGT3SMT310_id42_s0_16.png,1,VALID,-1.1435547,1.6601562,-0.36914062,-2.9271913,LCC-FASD external-dev / cross-domain stress set,False
YOUTUBE_AAL1917_SGT3SMT310_id42_s0_106.png,1,VALID,-1.1464844,1.4990234,-0.23535156,-2.8080606,LCC-FASD external-dev / cross-domain stress set,False
YOUTUBE_AAL1917_SGT3SMT310_id42_s0_121.png,1,VALID,-0.43652344,0.6972656,-0.59033203,-1.3774667,LCC-FASD external-dev / cross-domain stress set,False
YOUTUBE_AAL1917_SGT3SMT310_id42_s0_136.png,1,VALID,-0.9169922,0.93847656,-0.16564941,-2.1417751,LCC-FASD external-dev / cross-domain stress set,False
FT720P_SSM2433_S4508_id0_s1_15.png,1,VALID,1.53125,-0.77978516,-1.6064453,1.948124,LCC-FASD external-dev / cross-domain stress set,True
FT720P_SSM2433_S4508_id0_s1_30.png,1,VALID,1.5976562,-0.8232422,-1.6621094,2.0616868,LCC-FASD external-dev / cross-domain stress set,True
FT720P_SSM2433_S4508_id0_s1_45.png,1,VALID,1.6904297,-1.1201172,-1.6474609,2.3467057,LCC-FASD external-dev / cross-domain stress set,True
FT720P_SSM2433_S4508_id0_s1_60.png,1,VALID,1.7490234,-1.3955078,-1.5996094,2.5482366,LCC-FASD external-dev / cross-domain stress set,True
FT720P_SSM2433_S4508_id0_s1_75.png,1,VALID,1.7763672,-1.2558594,-1.6679688,2.5240533,LCC-FASD external-dev / cross-domain stress set,True
FT720P_SSM2433_S4508_id0_s1_90.png,1,VALID,1.8076172,-1.2314453,-1.6962891,2.551567,LCC-FASD external-dev / cross-domain stress set,True
FT720P_SSM2433_S4508_id0_s1_150.png,1,VALID,1.53125,-1.3818359,-1.3525391,2.205183,LCC-FASD external-dev / cross-domain stress set,True
FT720P_SSM2433_S4508_id0_s2_15.png,1,VALID,0.6928711,0.43579102,-1.2363281,0.08493632,LCC-FASD external-dev / cross-domain stress set,True
FT720P_SSM2433_S4508_id0_s2_30.png,1,VALID,0.32910156,0.6489258,-0.9868164,-0.49780953,LCC-FASD external-dev / cross-domain stress set,True
FT720P_SSM2433_S4508_id0_s2_45.png,1,VALID,0.9609375,-0.13195801,-1.2021484,0.7980319,LCC-FASD external-dev / cross-domain stress set,True
FT720P_SSM2433_S4508_id0_s2_60.png,1,VALID,1.5175781,-0.62939453,-1.5683594,1.8169265,LCC-FASD external-dev / cross-domain stress set,True
FT720P_SSM2433_S4508_id0_s2_75.png,1,VALID,1.3457031,0.002790451,-1.7558594,1.1839644,LCC-FASD external-dev / cross-domain stress set,True
FT720P_SSM2433_S4508_id0_s2_90.png,1,VALID,1.6201172,-0.38110352,-1.8457031,1.7932553,LCC-FASD external-dev / cross-domain stress set,True
FT720P_SSM2433_S4508_id0_s2_105.png,1,VALID,1.4121094,-0.14416504,-1.7910156,1.3800919,LCC-FASD external-dev / cross-domain stress set,True
FT720P_SSM2433_S4508_id0_s2_120.png,1,VALID,1.5849609,-0.7709961,-1.6425781,2.0065055,LCC-FASD external-dev / cross-domain stress set,True
FT720P_SSM2433_S4508_id0_s2_135.png,1,VALID,1.2617188,0.05215454,-1.7587891,1.0581317,LCC-FASD external-dev / cross-domain stress set,True
FT720P_SSM2433_S4508_id0_s2_150.png,1,VALID,0.91796875,-0.32763672,-1.1318359,0.8758048,LCC-FASD external-dev / cross-domain stress set,True
FT720P_SSM2433_S4508_id0_s3_15.png,1,VALID,-0.625,2.4824219,-1.2109375,-3.1320055,LCC-FASD external-dev / cross-domain stress set,False
FT720P_SSM2433_S4508_id0_s3_30.png,1,VALID,-0.47753906,2.2695312,-1.1962891,-2.7778394,LCC-FASD external-dev / cross-domain stress set,False
FT720P_SSM2433_S4508_id0_s3_45.png,1,VALID,-0.26049805,2.4277344,-1.4384766,-2.7089539,LCC-FASD external-dev / cross-domain stress set,False
FT720P_SSM2433_S4508_id0_s3_60.png,1,VALID,-0.55078125,2.5898438,-1.4111328,-3.1587574,LCC-FASD external-dev / cross-domain stress set,False
FT720P_SSM2433_S4508_id0_s3_75.png,1,VALID,-0.026504517,2.0839844,-1.4638672,-2.1388688,LCC-FASD external-dev / cross-domain stress set,False
FT720P_SSM2433_S4508_id0_s3_90.png,1,VALID,-0.026855469,2.1074219,-1.4941406,-2.161193,LCC-FASD external-dev / cross-domain stress set,False
FT720P_SSM2433_S4508_id0_s3_105.png,1,VALID,-0.25317383,2.109375,-1.3183594,-2.3944936,LCC-FASD external-dev / cross-domain stress set,False
FT720P_SSM2433_S4508_id0_s3_120.png,1,VALID,-0.15393066,1.734375,-1.2011719,-1.9400455,LCC-FASD external-dev / cross-domain stress set,False
FT720P_SSM2433_S4508_id0_s3_135.png,1,VALID,-0.15344238,2.1386719,-1.4365234,-2.319739,LCC-FASD external-dev / cross-domain stress set,False
FT720P_SSM2433_S4508_id0_s3_150.png,1,VALID,-0.2915039,2.4199219,-1.4990234,-2.7310932,LCC-FASD external-dev / cross-domain stress set,False
FT720P_SSM2433_S4508_id12_s0_15.png,1,VALID,-0.11456299,1.0029297,-1.2197266,-1.220339,LCC-FASD external-dev / cross-domain stress set,False
FT720P_SSM2433_S4508_id12_s0_30.png,1,VALID,0.39135742,0.8310547,-1.5273438,-0.5300603,LCC-FASD external-dev / cross-domain stress set,True
FT720P_SSM2433_S4508_id12_s0_45.png,1,VALID,-0.1821289,1.3056641,-1.2851562,-1.560075,LCC-FASD external-dev / cross-domain stress set,False
FT720P_SSM2433_S4508_id12_s0_60.png,1,VALID,-0.13098145,1.5058594,-1.46875,-1.6866469,LCC-FASD external-dev / cross-domain stress set,False
FT720P_SSM2433_S4508_id12_s0_75.png,1,VALID,-0.21362305,1.4189453,-1.2773438,-1.697846,LCC-FASD external-dev / cross-domain stress set,False
FT720P_SSM2433_S4508_id12_s0_90.png,1,VALID,-0.47045898,1.8134766,-1.2910156,-2.3278062,LCC-FASD external-dev / cross-domain stress set,False
FT720P_SSM2433_S4508_id12_s0_105.png,1,VALID,0.1619873,0.4621582,-1.1015625,-0.49025863,LCC-FASD external-dev / cross-domain stress set,True
FT720P_SSM2433_S4508_id12_s0_120.png,1,VALID,0.44311523,0.21704102,-1.3603516,0.038339913,LCC-FASD external-dev / cross-domain stress set,True
FT720P_SSM2433_S4508_id12_s0_135.png,1,VALID,-0.08526611,1.2890625,-1.3583984,-1.4427634,LCC-FASD external-dev / cross-domain stress set,False
FT720P_SSM2433_S4508_id12_s0_150.png,1,VALID,-0.34643555,1.3144531,-1.1396484,-1.743335,LCC-FASD external-dev / cross-domain stress set,False
FT720P_SSM2433_S4508_id12_s1_15.png,1,VALID,0.7504883,-1.7832031,-0.24731445,0.8028411,LCC-FASD external-dev / cross-domain stress set,True
FT720P_SSM2433_S4508_id12_s1_30.png,1,VALID,0.57714844,-1.7724609,0.0736084,0.35696962,LCC-FASD external-dev / cross-domain stress set,True
FT720P_SSM2433_S4508_id12_s1_45.png,1,VALID,0.8286133,-1.5410156,-0.4711914,1.0048475,LCC-FASD external-dev / cross-domain stress set,True
FT720P_SSM2433_S4508_id12_s1_60.png,1,VALID,0.53125,-1.3837891,-0.28808594,0.53092575,LCC-FASD external-dev / cross-domain stress set,True
FT720P_SSM2433_S4508_id12_s1_75.png,1,VALID,1.0800781,-1.5478516,-1.0087891,1.6293591,LCC-FASD external-dev / cross-domain stress set,True
FT720P_SSM2433_S4508_id12_s1_90.png,1,VALID,1.1826172,-1.7138672,-1.0136719,1.7931678,LCC-FASD external-dev / cross-domain stress set,True
FT720P_SSM2433_S4508_id12_s1_105.png,1,VALID,1.1328125,-1.5566406,-0.984375,1.6697838,LCC-FASD external-dev / cross-domain stress set,True
FT720P_SSM2433_S4508_id12_s1_120.png,1,VALID,1.0673828,-1.7490234,-0.796875,1.5379002,LCC-FASD external-dev / cross-domain stress set,True
FT720P_SSM2433_S4508_id12_s1_135.png,1,VALID,1.2021484,-1.7441406,-1.03125,1.8344712,LCC-FASD external-dev / cross-domain stress set,True
FT720P_SSM2433_S4508_id12_s1_150.png,1,VALID,0.9423828,-1.5996094,-0.7084961,1.3071482,LCC-FASD external-dev / cross-domain stress set,True
FT720P_SSM2433_S4508_id12_s2_15.png,1,VALID,0.5473633,-0.23950195,-1.0166016,0.4086086,LCC-FASD external-dev / cross-domain stress set,True
FT720P_SSM2433_S4508_id12_s2_30.png,1,VALID,-0.07220459,0.6328125,-0.74121094,-0.93062687,LCC-FASD external-dev / cross-domain stress set,False
FT720P_SSM2433_S4508_id12_s2_45.png,1,VALID,-0.38623047,1.3671875,-0.8779297,-1.854091,LCC-FASD external-dev / cross-domain stress set,False
FT720P_SSM2433_S4508_id12_s2_60.png,1,VALID,0.3305664,0.31152344,-1.0068359,-0.2180618,LCC-FASD external-dev / cross-domain stress set,True
FT720P_SSM2433_S4508_id12_s2_75.png,1,VALID,0.11151123,0.4189453,-0.7451172,-0.5791508,LCC-FASD external-dev / cross-domain stress set,True
FT720P_SSM2433_S4508_id12_s2_90.png,1,VALID,0.1920166,0.0826416,-0.72216797,-0.26023707,LCC-FASD external-dev / cross-domain stress set,True
FT720P_SSM2433_S4508_id12_s2_105.png,1,VALID,0.46484375,-0.09197998,-0.81591797,0.16151723,LCC-FASD external-dev / cross-domain stress set,True
FT720P_SSM2433_S4508_id12_s2_120.png,1,VALID,0.21606445,0.6875,-1.0927734,-0.6272351,LCC-FASD external-dev / cross-domain stress set,False
FT720P_SSM2433_S4508_id12_s2_135.png,1,VALID,0.27514648,0.026763916,-0.6958008,-0.14737251,LCC-FASD external-dev / cross-domain stress set,True
FT720P_SSM2433_S4508_id12_s2_150.png,1,VALID,0.3696289,-0.03475952,-0.7836914,0.017174661,LCC-FASD external-dev / cross-domain stress set,True
FT720P_SSM20B370_BQ5204_id5_s0_15.png,1,VALID,1.140625,-0.34179688,-1.2324219,1.1385491,LCC-FASD external-dev / cross-domain stress set,True
FT720P_SSM20B370_BQ5204_id5_s0_30.png,1,VALID,1.2890625,-0.31176758,-1.3671875,1.3021737,LCC-FASD external-dev / cross-domain stress set,True
FT720P_SSM20B370_BQ5204_id5_s0_45.png,1,VALID,1.6474609,-1.0527344,-1.3798828,2.1573033,LCC-FASD external-dev / cross-domain stress set,True
FT720P_SSM20B370_BQ5204_id5_s0_60.png,1,VALID,1.5546875,-0.60498047,-1.5615234,1.834532,LCC-FASD external-dev / cross-domain stress set,True
FT720P_SSM20B370_BQ5204_id5_s0_75.png,1,VALID,1.6015625,-0.80810547,-1.4648438,1.9919187,LCC-FASD external-dev / cross-domain stress set,True
FT720P_SSM20B370_BQ5204_id5_s0_90.png,1,VALID,1.2451172,-0.22668457,-1.4394531,1.2114605,LCC-FASD external-dev / cross-domain stress set,True
FT720P_SSM20B370_BQ5204_id5_s0_105.png,1,VALID,1.6630859,-0.6069336,-1.6914062,1.9787837,LCC-FASD external-dev / cross-domain stress set,True
FT720P_SSM20B370_BQ5204_id5_s0_120.png,1,VALID,1.3701172,-0.3408203,-1.4628906,1.4290686,LCC-FASD external-dev / cross-domain stress set,True
FT720P_SSM20B370_BQ5204_id5_s0_135.png,1,VALID,1.7333984,-1.2802734,-1.4433594,2.3987467,LCC-FASD external-dev / cross-domain stress set,True
FT720P_SSM20B370_BQ5204_id5_s0_150.png,1,VALID,1.0585938,-0.009712219,-1.3867188,0.8432979,LCC-FASD external-dev / cross-domain stress set,True
FT720P_SSM20B370_BQ5204_id9_s0_15.png,1,VALID,-0.2685547,0.7739258,-0.44677734,-1.3010087,LCC-FASD external-dev / cross-domain stress set,False
FT720P_SSM20B370_BQ5204_id9_s0_30.png,1,VALID,-0.36328125,1.7011719,-1.0371094,-2.1271286,LCC-FASD external-dev / cross-domain stress set,False
FT720P_SSM20B370_BQ5204_id9_s0_45.png,1,VALID,0.012268066,1.1484375,-1.1474609,-1.2320894,LCC-FASD external-dev / cross-domain stress set,False
FT720P_SSM20B370_BQ5204_id9_s0_60.png,1,VALID,0.09851074,1.0898438,-1.2324219,-1.08487,LCC-FASD external-dev / cross-domain stress set,False
FT720P_SSM20B370_BQ5204_id9_s0_75.png,1,VALID,0.4494629,0.4248047,-1.1669922,-0.16062522,LCC-FASD external-dev / cross-domain stress set,True
FT720P_SSM20B370_BQ5204_id9_s0_90.png,1,VALID,0.17468262,0.93408203,-1.2636719,-0.864707,LCC-FASD external-dev / cross-domain stress set,False
FT720P_SSM20B370_BQ5204_id9_s0_105.png,1,VALID,0.75097656,-0.024551392,-1.3408203,0.5379815,LCC-FASD external-dev / cross-domain stress set,True
FT720P_SSM20B370_BQ5204_id9_s0_120.png,1,VALID,0.62939453,0.14196777,-1.2529297,0.26599795,LCC-FASD external-dev / cross-domain stress set,True
FT720P_SSM20B370_BQ5204_id9_s0_135.png,1,VALID,0.03213501,1.2236328,-1.3017578,-1.2684839,LCC-FASD external-dev / cross-domain stress set,False
FT720P_SSM20B370_BQ5204_id9_s0_150.png,1,VALID,0.78759766,-0.11199951,-1.2724609,0.6270224,LCC-FASD external-dev / cross-domain stress set,True
FT720P_SSM20B370_BQ5204_id9_s1_95.png,1,VALID,-0.6489258,1.2558594,-0.3696289,-2.0844493,LCC-FASD external-dev / cross-domain stress set,False
FT720P_SSM20B370_BQ5204_id12_s1_30.png,1,VALID,0.62158203,0.025482178,-1.0273438,0.29677314,LCC-FASD external-dev / cross-domain stress set,True
FT720P_SSM20B370_BQ5204_id12_s1_45.png,1,VALID,0.6591797,0.66259766,-1.4941406,-0.11290169,LCC-FASD external-dev / cross-domain stress set,True
FT720P_SSM20B370_BQ5204_id12_s1_60.png,1,VALID,0.6879883,0.20788574,-1.1982422,0.26089433,LCC-FASD external-dev / cross-domain stress set,True
FT720P_SSM20B370_BQ5204_id12_s1_75.png,1,VALID,0.9003906,0.1282959,-1.5507812,0.6010481,LCC-FASD external-dev / cross-domain stress set,True
FT720P_SSM20B370_BQ5204_id12_s1_90.png,1,VALID,1.0341797,0.14758301,-1.734375,0.74484396,LCC-FASD external-dev / cross-domain stress set,True
FT720P_SSM20B370_BQ5204_id12_s2_15.png,1,VALID,-0.7241211,1.3554688,-0.71533203,-2.1983366,LCC-FASD external-dev / cross-domain stress set,False
FT720P_SSM20B370_BQ5204_id12_s2_30.png,1,VALID,-0.62841797,1.3623047,-0.8857422,-2.0911155,LCC-FASD external-dev / cross-domain stress set,False
FT720P_SSM20B370_BQ5204_id12_s2_45.png,1,VALID,-0.8808594,1.8212891,-0.85595703,-2.7686403,LCC-FASD external-dev / cross-domain stress set,False
FT720P_SSM20B370_BQ5204_id12_s2_60.png,1,VALID,-0.82373047,1.5244141,-0.75439453,-2.4456396,LCC-FASD external-dev / cross-domain stress set,False
FT720P_SSM20B370_BQ5204_id12_s2_75.png,1,VALID,-0.84716797,1.7421875,-0.8378906,-2.6623902,LCC-FASD external-dev / cross-domain stress set,False
FT720P_SSM20B370_BQ5204_id12_s2_90.png,1,VALID,-0.83740234,1.7089844,-0.86621094,-2.6197662,LCC-FASD external-dev / cross-domain stress set,False
FT720P_SSM20B370_BQ5204_id12_s2_105.png,1,VALID,-0.7636719,1.3417969,-0.64404297,-2.2340953,LCC-FASD external-dev / cross-domain stress set,False
FT720P_SSM20B370_BQ5204_id12_s2_120.png,1,VALID,-0.6503906,1.7011719,-1.0292969,-2.4147146,LCC-FASD external-dev / cross-domain stress set,False
FT720P_SSM20B370_BQ5204_id12_s2_135.png,1,VALID,-0.9291992,1.8808594,-0.82714844,-2.8745997,LCC-FASD external-dev / cross-domain stress set,False
FT720P_SSM20B370_BQ5204_id12_s2_150.png,1,VALID,-0.9995117,1.8066406,-0.6948242,-2.884931,LCC-FASD external-dev / cross-domain stress set,False
FT720P_SSM2433_S4508_id0_s0_15.png,1,VALID,0.5834961,0.9707031,-1.6113281,-0.46010458,LCC-FASD external-dev / cross-domain stress set,True
FT720P_SSM2433_S4508_id0_s0_30.png,1,VALID,0.6040039,0.8149414,-1.4101562,-0.31354547,LCC-FASD external-dev / cross-domain stress set,True
FT720P_SSM2433_S4508_id0_s0_45.png,1,VALID,1.1357422,0.26489258,-1.6806641,0.73727405,LCC-FASD external-dev / cross-domain stress set,True
FT720P_SSM2433_S4508_id0_s0_60.png,1,VALID,1.4951172,-0.625,-1.6191406,1.8052763,LCC-FASD external-dev / cross-domain stress set,True
FT720P_SSM2433_S4508_id0_s0_75.png,1,VALID,1.3808594,-0.7216797,-1.4072266,1.6945341,LCC-FASD external-dev / cross-domain stress set,True
FT720P_SSM2433_S4508_id0_s0_90.png,1,VALID,0.81591797,-0.7026367,-0.8354492,0.8896105,LCC-FASD external-dev / cross-domain stress set,True
FT720P_SSM2433_S4508_id0_s0_105.png,1,VALID,0.19921875,-0.12695312,-0.56884766,-0.17024088,LCC-FASD external-dev / cross-domain stress set,True
FT720P_SSM2433_S4508_id0_s0_120.png,1,VALID,0.49316406,-0.31640625,-0.6972656,0.28882957,LCC-FASD external-dev / cross-domain stress set,True
FT720P_SSM2433_S4508_id0_s0_135.png,1,VALID,1.0625,-1.0087891,-0.9267578,1.3362854,LCC-FASD external-dev / cross-domain stress set,True
FT720P_SSM2433_S4508_id0_s0_150.png,1,VALID,1.3222656,-1.2910156,-1.125,1.833685,LCC-FASD external-dev / cross-domain stress set,True
FT720P_SSM2433_S4508_id0_s1_105.png,1,VALID,1.6455078,-1.3710938,-1.4570312,2.3655002,LCC-FASD external-dev / cross-domain stress set,True
FT720P_SSM2433_S4508_id0_s1_120.png,1,VALID,1.3007812,-1.2646484,-1.1748047,1.826352,LCC-FASD external-dev / cross-domain stress set,True
FT720P_SSM2433_S4508_id0_s1_135.png,1,VALID,0.9741211,-1.1142578,-0.85595703,1.2577645,LCC-FASD external-dev / cross-domain stress set,True
FT720P_NEC90GX2_ZC554KL_id9_s0_15.png,1,VALID,0.04434204,-1.0498047,0.33618164,-0.51504475,LCC-FASD external-dev / cross-domain stress set,True
FT720P_NEC90GX2_ZC554KL_id9_s0_30.png,1,VALID,0.56103516,-1.0615234,-0.37329102,0.5272202,LCC-FASD external-dev / cross-domain stress set,True
FT720P_NEC90GX2_ZC554KL_id9_s0_45.png,1,VALID,0.052764893,0.046905518,-0.32421875,-0.5188444,LCC-FASD external-dev / cross-domain stress set,True
FT720P_NEC90GX2_ZC554KL_id9_s0_60.png,1,VALID,0.10107422,-0.8754883,0.2614746,-0.43863183,LCC-FASD external-dev / cross-domain stress set,True
FT720P_NEC90GX2_ZC554KL_id9_s0_75.png,1,VALID,0.6640625,-0.47070312,-0.7636719,0.5774121,LCC-FASD external-dev / cross-domain stress set,True
FT720P_NEC90GX2_ZC554KL_id9_s0_90.png,1,VALID,0.2043457,-0.40795898,-0.25805664,-0.15859985,LCC-FASD external-dev / cross-domain stress set,True
FT720P_NEC90GX2_ZC554KL_id9_s0_105.png,1,VALID,0.40942383,-0.7265625,-0.2705078,0.1890358,LCC-FASD external-dev / cross-domain stress set,True
FT720P_NEC90GX2_ZC554KL_id9_s0_120.png,1,VALID,0.33911133,0.32055664,-0.93066406,-0.23310262,LCC-FASD external-dev / cross-domain stress set,True
FT720P_NEC90GX2_ZC554KL_id9_s0_135.png,1,VALID,0.41235352,-1.0556641,-0.13024902,0.20872879,LCC-FASD external-dev / cross-domain stress set,True
FT720P_NEC90GX2_ZC554KL_id9_s0_150.png,1,VALID,0.11968994,-0.5732422,0.03149414,-0.3476164,LCC-FASD external-dev / cross-domain stress set,True
FT720P_NEC90GX2_ZC554KL_id12_s2_17.png,1,VALID,0.0010328293,0.2692871,-0.8496094,-0.5509037,LCC-FASD external-dev / cross-domain stress set,True
FT720P_NEC90GX2_ZC554KL_id12_s2_32.png,1,VALID,-0.00010341406,0.49194336,-0.9584961,-0.7026863,LCC-FASD external-dev / cross-domain stress set,False
FT720P_NEC90GX2_ZC554KL_id12_s2_47.png,1,VALID,-0.18664551,1.1728516,-1.1181641,-1.4558645,LCC-FASD external-dev / cross-domain stress set,False
FT720P_NEC90GX2_ZC554KL_id12_s2_62.png,1,VALID,-0.33447266,1.2304688,-1.0449219,-1.6627545,LCC-FASD external-dev / cross-domain stress set,False
FT720P_NEC90GX2_ZC554KL_id12_s2_77.png,1,VALID,-0.25610352,0.9121094,-0.9165039,-1.3171812,LCC-FASD external-dev / cross-domain stress set,False
FT720P_NEC90GX2_ZC554KL_id12_s2_92.png,1,VALID,-0.1628418,0.9399414,-1.0263672,-1.2337874,LCC-FASD external-dev / cross-domain stress set,False
FT720P_SSM20B370_BQ5204_id0_s0_15.png,1,VALID,1.4580078,-1.3222656,-1.3896484,2.1202502,LCC-FASD external-dev / cross-domain stress set,True
FT720P_SSM20B370_BQ5204_id0_s0_30.png,1,VALID,1.3974609,-0.93115234,-1.5517578,1.8983783,LCC-FASD external-dev / cross-domain stress set,True
FT720P_SSM20B370_BQ5204_id0_s0_45.png,1,VALID,1.4277344,-1.3632812,-1.3486328,2.0905175,LCC-FASD external-dev / cross-domain stress set,True
FT720P_SSM20B370_BQ5204_id0_s0_60.png,1,VALID,1.328125,-1.4746094,-1.1611328,1.9406154,LCC-FASD external-dev / cross-domain stress set,True
FT720P_SSM20B370_BQ5204_id0_s0_75.png,1,VALID,1.3037109,-1.5371094,-1.0839844,1.895662,LCC-FASD external-dev / cross-domain stress set,True
FT720P_SSM20B370_BQ5204_id0_s0_90.png,1,VALID,1.3994141,-1.4824219,-1.2675781,2.075508,LCC-FASD external-dev / cross-domain stress set,True
FT720P_SSM20B370_BQ5204_id0_s0_105.png,1,VALID,1.2373047,-1.4853516,-0.9770508,1.7434043,LCC-FASD external-dev / cross-domain stress set,True
FT720P_SSM20B370_BQ5204_id0_s0_121.png,1,VALID,0.93847656,-1.0683594,-0.90283203,1.227504,LCC-FASD external-dev / cross-domain stress set,True
FT720P_SSM20B370_BQ5204_id0_s0_136.png,1,VALID,1.2822266,-1.2861328,-1.2431641,1.853497,LCC-FASD external-dev / cross-domain stress set,True
FT720P_SSM20B370_BQ5204_id0_s0_151.png,1,VALID,1.1152344,-0.98291016,-1.2197266,1.5164115,LCC-FASD external-dev / cross-domain stress set,True
FT720P_SSM20B370_BQ5204_id0_s1_15.png,1,VALID,0.79345703,-0.95214844,-0.6381836,0.8832044,LCC-FASD external-dev / cross-domain stress set,True
FT720P_SSM20B370_BQ5204_id0_s1_30.png,1,VALID,1.0292969,-1.0214844,-0.86376953,1.2756705,LCC-FASD external-dev / cross-domain stress set,True
FT720P_SSM20B370_BQ5204_id0_s1_45.png,1,VALID,0.9511719,-1.0449219,-0.82470703,1.1867895,LCC-FASD external-dev / cross-domain stress set,True
FT720P_SSM20B370_BQ5204_id0_s1_60.png,1,VALID,1.109375,-1.2460938,-0.87890625,1.4619683,LCC-FASD external-dev / cross-domain stress set,True
FT720P_SSM20B370_BQ5204_id0_s1_75.png,1,VALID,0.93310547,-0.9321289,-0.8676758,1.1393414,LCC-FASD external-dev / cross-domain stress set,True
FT720P_SSM20B370_BQ5204_id0_s1_90.png,1,VALID,0.95410156,-1.1650391,-0.76953125,1.2088125,LCC-FASD external-dev / cross-domain stress set,True
FT720P_SSM20B370_BQ5204_id0_s1_105.png,1,VALID,0.86621094,-1.0966797,-0.68603516,1.043489,LCC-FASD external-dev / cross-domain stress set,True
FT720P_SSM20B370_BQ5204_id0_s1_120.png,1,VALID,0.8457031,-1.2226562,-0.58203125,1.0044535,LCC-FASD external-dev / cross-domain stress set,True
FT720P_SSM20B370_BQ5204_id0_s1_135.png,1,VALID,0.8964844,-1.078125,-0.75,1.1040013,LCC-FASD external-dev / cross-domain stress set,True
FT720P_SSM20B370_BQ5204_id0_s1_150.png,1,VALID,0.8359375,-1.0126953,-0.7246094,1.0011041,LCC-FASD external-dev / cross-domain stress set,True
FT720P_SSM20B370_BQ5204_id0_s3_15.png,1,VALID,0.77246094,0.75878906,-1.7392578,-0.06536615,LCC-FASD external-dev / cross-domain stress set,True
FT720P_SSM20B370_BQ5204_id0_s3_32.png,1,VALID,0.24743652,0.84375,-1.0869141,-0.73176336,LCC-FASD external-dev / cross-domain stress set,False
FT720P_SSM20B370_BQ5204_id0_s3_47.png,1,VALID,0.4716797,1.0390625,-1.4501953,-0.6470915,LCC-FASD external-dev / cross-domain stress set,False
FT720P_SSM20B370_BQ5204_id0_s3_62.png,1,VALID,0.5854492,1.5947266,-1.9228516,-1.0385169,LCC-FASD external-dev / cross-domain stress set,False
FT720P_SSM20B370_BQ5204_id0_s3_77.png,1,VALID,0.78222656,1.203125,-1.8193359,-0.46843183,LCC-FASD external-dev / cross-domain stress set,True
FT720P_SSM20B370_BQ5204_id0_s3_92.png,1,VALID,0.6381836,1.5048828,-1.8027344,-0.90264857,LCC-FASD external-dev / cross-domain stress set,False
FT720P_SSM20B370_BQ5204_id0_s3_107.png,1,VALID,0.8022461,1.234375,-1.8769531,-0.47570717,LCC-FASD external-dev / cross-domain stress set,True
FT720P_SSM20B370_BQ5204_id0_s3_122.png,1,VALID,0.97558594,0.88916016,-1.8535156,0.02401656,LCC-FASD external-dev / cross-domain stress set,True
FT720P_SSM20B370_BQ5204_id0_s3_137.png,1,VALID,0.36865234,1.1201172,-1.3525391,-0.8324553,LCC-FASD external-dev / cross-domain stress set,False
FT720P_SSM20B370_BQ5204_id0_s3_152.png,1,VALID,0.40478516,1.0507812,-1.3134766,-0.73585427,LCC-FASD external-dev / cross-domain stress set,False
FT720P_SSM20B370_BQ5204_id12_s1_15.png,1,VALID,0.36938477,-0.0005540848,-0.7973633,-0.0021521747,LCC-FASD external-dev / cross-domain stress set,True
FT720P_SSM20B370_BQ5204_id12_s1_105.png,1,VALID,0.6616211,0.7192383,-1.6367188,-0.14819139,LCC-FASD external-dev / cross-domain stress set,True
FT720P_SSM20B370_BQ5204_id12_s1_120.png,1,VALID,0.59765625,0.3708496,-1.1982422,0.03764671,LCC-FASD external-dev / cross-domain stress set,True
FT720P_SSM20B370_BQ5204_id12_s1_135.png,1,VALID,0.9272461,0.002614975,-1.3828125,0.7013141,LCC-FASD external-dev / cross-domain stress set,True
FT720P_SSM20B370_BQ5204_id12_s1_150.png,1,VALID,0.38598633,0.8691406,-1.3642578,-0.5849558,LCC-FASD external-dev / cross-domain stress set,True
FT720P_MBP1314_X014D_id9_s0_15.png,1,VALID,-0.44482422,-1.0810547,1.0117188,-1.5728534,LCC-FASD external-dev / cross-domain stress set,False
FT720P_MBP1314_X014D_id9_s0_30.png,1,VALID,-0.79833984,0.029281616,0.75,-1.9446988,LCC-FASD external-dev / cross-domain stress set,False
FT720P_MBP1314_X014D_id9_s0_45.png,1,VALID,-0.5932617,-0.13183594,0.6010742,-1.5867217,LCC-FASD external-dev / cross-domain stress set,False
FT720P_MBP1314_X014D_id9_s0_60.png,1,VALID,-0.26000977,-0.82666016,0.69628906,-1.1535647,LCC-FASD external-dev / cross-domain stress set,False
FT720P_MBP1314_X014D_id9_s0_75.png,1,VALID,-0.4321289,-0.7993164,0.84472656,-1.453492,LCC-FASD external-dev / cross-domain stress set,False
FT720P_MBP1314_X014D_id9_s0_90.png,1,VALID,-0.2680664,-0.51904297,0.46191406,-1.0483993,LCC-FASD external-dev / cross-domain stress set,False
FT720P_MBP1314_X014D_id9_s0_135.png,1,VALID,-0.51464844,-1.1640625,1.2158203,-1.8189937,LCC-FASD external-dev / cross-domain stress set,False
FT720P_MBP1314_X014D_id9_s0_150.png,1,VALID,-0.4140625,-0.8569336,0.82177734,-1.406944,LCC-FASD external-dev / cross-domain stress set,False
FT720P_NEC90GX2_ZC554KL_id0_s0_15.png,1,VALID,1.3642578,-1.5029297,-1.5136719,2.179397,LCC-FASD external-dev / cross-domain stress set,True
FT720P_NEC90GX2_ZC554KL_id0_s0_30.png,1,VALID,1.4052734,-1.4306641,-1.2802734,2.0647705,LCC-FASD external-dev / cross-domain stress set,True
FT720P_NEC90GX2_ZC554KL_id0_s0_45.png,1,VALID,1.375,-1.5205078,-1.3222656,2.098335,LCC-FASD external-dev / cross-domain stress set,True
FT720P_NEC90GX2_ZC554KL_id0_s0_60.png,1,VALID,1.2988281,-0.98095703,-1.5117188,1.817211,LCC-FASD external-dev / cross-domain stress set,True
FT720P_NEC90GX2_ZC554KL_id0_s0_75.png,1,VALID,1.0966797,-0.9321289,-1.1474609,1.4375427,LCC-FASD external-dev / cross-domain stress set,True
FT720P_NEC90GX2_ZC554KL_id0_s0_90.png,1,VALID,1.2363281,-0.9355469,-1.3544922,1.6664197,LCC-FASD external-dev / cross-domain stress set,True
FT720P_NEC90GX2_ZC554KL_id0_s0_105.png,1,VALID,1.2158203,-0.9013672,-1.4599609,1.6648306,LCC-FASD external-dev / cross-domain stress set,True
FT720P_NEC90GX2_ZC554KL_id0_s0_120.png,1,VALID,0.96972656,-0.3996582,-1.3554688,1.0440454,LCC-FASD external-dev / cross-domain stress set,True
FT720P_NEC90GX2_ZC554KL_id0_s0_135.png,1,VALID,1.1542969,-0.7363281,-1.3408203,1.4547265,LCC-FASD external-dev / cross-domain stress set,True
FT720P_NEC90GX2_ZC554KL_id0_s0_150.png,1,VALID,1.2216797,-0.8022461,-1.5136719,1.6245165,LCC-FASD external-dev / cross-domain stress set,True
FT720P_NEC90GX2_ZC554KL_id0_s1_15.png,1,VALID,1.1503906,-1.1884766,-1.1054688,1.6033552,LCC-FASD external-dev / cross-domain stress set,True
FT720P_NEC90GX2_ZC554KL_id0_s1_30.png,1,VALID,1.2197266,-0.89404297,-1.2304688,1.5747538,LCC-FASD external-dev / cross-domain stress set,True
FT720P_NEC90GX2_ZC554KL_id0_s1_45.png,1,VALID,1.1630859,-0.7319336,-1.3515625,1.464443,LCC-FASD external-dev / cross-domain stress set,True
FT720P_NEC90GX2_ZC554KL_id0_s1_60.png,1,VALID,1.1699219,-0.8261719,-1.3554688,1.5329769,LCC-FASD external-dev / cross-domain stress set,True
FT720P_NEC90GX2_ZC554KL_id0_s1_75.png,1,VALID,1.2138672,-0.75341797,-1.3037109,1.5118998,LCC-FASD external-dev / cross-domain stress set,True
FT720P_NEC90GX2_ZC554KL_id0_s1_90.png,1,VALID,0.86865234,-0.3112793,-1.2607422,0.8528254,LCC-FASD external-dev / cross-domain stress set,True
FT720P_NEC90GX2_ZC554KL_id0_s1_105.png,1,VALID,1.1533203,-0.5527344,-1.5234375,1.384829,LCC-FASD external-dev / cross-domain stress set,True
FT720P_NEC90GX2_ZC554KL_id0_s1_120.png,1,VALID,1.1416016,-0.73779297,-1.2558594,1.4121001,LCC-FASD external-dev / cross-domain stress set,True
FT720P_NEC90GX2_ZC554KL_id0_s1_135.png,1,VALID,1.2675781,-1.0097656,-1.2460938,1.6953955,LCC-FASD external-dev / cross-domain stress set,True
FT720P_NEC90GX2_ZC554KL_id0_s1_150.png,1,VALID,1.1992188,-0.53466797,-1.5371094,1.421281,LCC-FASD external-dev / cross-domain stress set,True
FT720P_NEC90GX2_ZC554KL_id0_s2_15.png,1,VALID,0.7338867,0.18554688,-1.5332031,0.38342723,LCC-FASD external-dev / cross-domain stress set,True
FT720P_NEC90GX2_ZC554KL_id0_s2_30.png,1,VALID,1.0449219,-0.07128906,-1.5625,0.9131885,LCC-FASD external-dev / cross-domain stress set,True
FT720P_NEC90GX2_ZC554KL_id0_s2_45.png,1,VALID,0.73046875,0.48779297,-1.5849609,0.124147475,LCC-FASD external-dev / cross-domain stress set,True
FT720P_NEC90GX2_ZC554KL_id0_s2_60.png,1,VALID,0.92822266,0.32226562,-1.9150391,0.504533,LCC-FASD external-dev / cross-domain stress set,True
FT720P_NEC90GX2_ZC554KL_id0_s2_75.png,1,VALID,0.85839844,0.29711914,-1.8076172,0.4462754,LCC-FASD external-dev / cross-domain stress set,True
FT720P_NEC90GX2_ZC554KL_id0_s2_90.png,1,VALID,0.8623047,0.012786865,-1.5810547,0.6645799,LCC-FASD external-dev / cross-domain stress set,True
FT720P_NEC90GX2_ZC554KL_id0_s2_105.png,1,VALID,0.8461914,0.38012695,-1.8730469,0.3661601,LCC-FASD external-dev / cross-domain stress set,True
FT720P_NEC90GX2_ZC554KL_id0_s2_120.png,1,VALID,1.2324219,-0.29492188,-1.8623047,1.3378891,LCC-FASD external-dev / cross-domain stress set,True
FT720P_NEC90GX2_ZC554KL_id0_s2_135.png,1,VALID,1.2597656,-0.6166992,-1.5839844,1.554299,LCC-FASD external-dev / cross-domain stress set,True
FT720P_NEC90GX2_ZC554KL_id0_s2_150.png,1,VALID,0.73291016,0.5053711,-1.8408203,0.13611549,LCC-FASD external-dev / cross-domain stress set,True
FT720P_NEC90GX2_ZC554KL_id0_s3_15.png,1,VALID,-0.56640625,2.4589844,-1.3525391,-3.047264,LCC-FASD external-dev / cross-domain stress set,False
FT720P_NEC90GX2_ZC554KL_id0_s3_30.png,1,VALID,-0.47216797,2.1308594,-1.0576172,-2.6434345,LCC-FASD external-dev / cross-domain stress set,False
FT720P_NEC90GX2_ZC554KL_id0_s3_45.png,1,VALID,-0.68896484,2.2421875,-1.1044922,-2.965748,LCC-FASD external-dev / cross-domain stress set,False
FT720P_NEC90GX2_ZC554KL_id0_s3_60.png,1,VALID,-0.6904297,2.3105469,-1.1621094,-3.0315392,LCC-FASD external-dev / cross-domain stress set,False
FT720P_NEC90GX2_ZC554KL_id0_s3_75.png,1,VALID,-0.52978516,2.1464844,-1.046875,-2.7164838,LCC-FASD external-dev / cross-domain stress set,False
FT720P_NEC90GX2_ZC554KL_id0_s3_90.png,1,VALID,-0.39453125,2.4296875,-1.3847656,-2.846029,LCC-FASD external-dev / cross-domain stress set,False
FT720P_NEC90GX2_ZC554KL_id0_s3_105.png,1,VALID,-0.76464844,2.3105469,-1.1201172,-3.107048,LCC-FASD external-dev / cross-domain stress set,False
FT720P_NEC90GX2_ZC554KL_id0_s3_120.png,1,VALID,-0.13928223,2.3105469,-1.5507812,-2.470651,LCC-FASD external-dev / cross-domain stress set,False
FT720P_NEC90GX2_ZC554KL_id0_s3_135.png,1,VALID,-0.7006836,2.3222656,-1.1210938,-3.0544064,LCC-FASD external-dev / cross-domain stress set,False
FT720P_NEC90GX2_ZC554KL_id0_s3_150.png,1,VALID,-0.71972656,2.5273438,-1.2451172,-3.2698052,LCC-FASD external-dev / cross-domain stress set,False
FT720P_NEC90GX2_ZC554KL_id12_s1_15.png,1,VALID,0.68603516,-0.7416992,-0.74853516,0.7379993,LCC-FASD external-dev / cross-domain stress set,True
FT720P_NEC90GX2_ZC554KL_id12_s1_142.png,1,VALID,0.45141602,0.12890625,-0.9370117,0.026553303,LCC-FASD external-dev / cross-domain stress set,True
FT720P_NEC90GX2_ZC554KL_id12_s2_107.png,1,VALID,-0.14978027,0.953125,-0.9926758,-1.2364504,LCC-FASD external-dev / cross-domain stress set,False
FT720P_NEC90GX2_ZC554KL_id12_s2_122.png,1,VALID,0.2355957,0.68847656,-1.3154297,-0.5793441,LCC-FASD external-dev / cross-domain stress set,True
FT720P_NEC90GX2_ZC554KL_id12_s2_137.png,1,VALID,-0.105041504,1.296875,-1.2734375,-1.4756423,LCC-FASD external-dev / cross-domain stress set,False
FT720P_NEC90GX2_ZC554KL_id12_s2_152.png,1,VALID,-0.23498535,1.0546875,-0.9980469,-1.4104588,LCC-FASD external-dev / cross-domain stress set,False
FT720P_MBP1314_X014D_id0_s0_15.png,1,VALID,0.07879639,-2.1523438,0.73046875,-0.70613885,LCC-FASD external-dev / cross-domain stress set,False
FT720P_MBP1314_X014D_id0_s0_30.png,1,VALID,0.19250488,-1.921875,0.43530273,-0.33326644,LCC-FASD external-dev / cross-domain stress set,True
FT720P_MBP1314_X014D_id0_s0_45.png,1,VALID,0.3786621,-2.0097656,0.25512695,0.024739087,LCC-FASD external-dev / cross-domain stress set,True
FT720P_MBP1314_X014D_id0_s0_60.png,1,VALID,0.15124512,-2.0039062,0.5776367,-0.49932337,LCC-FASD external-dev / cross-domain stress set,True
FT720P_MBP1314_X014D_id0_s0_75.png,1,VALID,0.17236328,-1.8867188,0.43823242,-0.35916656,LCC-FASD external-dev / cross-domain stress set,True
FT720P_MBP1314_X014D_id0_s0_90.png,1,VALID,0.33935547,-1.9560547,0.27734375,-0.039789766,LCC-FASD external-dev / cross-domain stress set,True
FT720P_MBP1314_X014D_id0_s0_150.png,1,VALID,0.42089844,-2.0019531,0.1665039,0.14611977,LCC-FASD external-dev / cross-domain stress set,True
FT720P_MBP1314_X014D_id0_s3_15.png,1,VALID,-0.6279297,1.0117188,-0.25610352,-1.8876358,LCC-FASD external-dev / cross-domain stress set,False
FT720P_MBP1314_X014D_id0_s3_30.png,1,VALID,-0.4333496,1.6328125,-0.9038086,-2.1423202,LCC-FASD external-dev / cross-domain stress set,False
FT720P_MBP1314_X014D_id0_s3_46.png,1,VALID,0.022720337,1.2490234,-1.0419922,-1.3226706,LCC-FASD external-dev / cross-domain stress set,False
FT720P_MBP1314_X014D_id0_s3_61.png,1,VALID,-0.14135742,1.0107422,-0.76904297,-1.3079697,LCC-FASD external-dev / cross-domain stress set,False
FT720P_MBP1314_X014D_id0_s3_76.png,1,VALID,-0.015609741,1.2792969,-1.0898438,-1.384346,LCC-FASD external-dev / cross-domain stress set,False
FT720P_MBP1314_X014D_id0_s3_91.png,1,VALID,0.117248535,1.3027344,-1.2509766,-1.2604008,LCC-FASD external-dev / cross-domain stress set,False
FT720P_MBP1314_X014D_id0_s3_106.png,1,VALID,0.0067214966,1.2060547,-1.1230469,-1.2922617,LCC-FASD external-dev / cross-domain stress set,False
FT720P_MBP1314_X014D_id0_s3_121.png,1,VALID,-0.3010254,0.984375,-0.63916016,-1.4653862,LCC-FASD external-dev / cross-domain stress set,False
FT720P_MBP1314_X014D_id0_s3_136.png,1,VALID,-0.24902344,0.9584961,-0.6738281,-1.3860629,LCC-FASD external-dev / cross-domain stress set,False
FT720P_MBP1314_X014D_id0_s3_151.png,1,VALID,-0.055358887,0.44091797,-0.5698242,-0.8066609,LCC-FASD external-dev / cross-domain stress set,False
FT720P_MBP1314_X014D_id5_s1_15.png,1,VALID,0.9848633,-1.7880859,-0.49072266,1.2340122,LCC-FASD external-dev / cross-domain stress set,True
FT720P_MBP1314_X014D_id5_s1_30.png,1,VALID,1.0039062,-1.7460938,-0.51171875,1.260195,LCC-FASD external-dev / cross-domain stress set,True
FT720P_MBP1314_X014D_id5_s1_45.png,1,VALID,0.7158203,-1.7919922,-0.15344238,0.6917347,LCC-FASD external-dev / cross-domain stress set,True
FT720P_MBP1314_X014D_id5_s1_60.png,1,VALID,0.7636719,-1.7568359,-0.21777344,0.7870452,LCC-FASD external-dev / cross-domain stress set,True
FT720P_MBP1314_X014D_id5_s1_75.png,1,VALID,0.8857422,-1.7441406,-0.38476562,1.0419221,LCC-FASD external-dev / cross-domain stress set,True
FT720P_MBP1314_X014D_id5_s1_90.png,1,VALID,1.0488281,-2.0097656,-0.44726562,1.3057946,LCC-FASD external-dev / cross-domain stress set,True
FT720P_MBP1314_X014D_id5_s1_105.png,1,VALID,0.9995117,-1.9150391,-0.44067383,1.2340466,LCC-FASD external-dev / cross-domain stress set,True
FT720P_MBP1314_X014D_id5_s1_120.png,1,VALID,1.1777344,-1.8632812,-0.7207031,1.621567,LCC-FASD external-dev / cross-domain stress set,True
FT720P_MBP1314_X014D_id5_s1_135.png,1,VALID,1.0986328,-1.7724609,-0.61083984,1.4371746,LCC-FASD external-dev / cross-domain stress set,True
FT720P_MBP1314_X014D_id5_s1_150.png,1,VALID,1.1191406,-1.8544922,-0.5961914,1.4652456,LCC-FASD external-dev / cross-domain stress set,True
FT720P_MBP1314_X014D_id9_s0_105.png,1,VALID,-0.71484375,-0.94970703,1.3515625,-2.1618361,LCC-FASD external-dev / cross-domain stress set,False
FT720P_MBP1314_X014D_id9_s0_120.png,1,VALID,-0.60009766,-0.34643555,0.77490234,-1.657049,LCC-FASD external-dev / cross-domain stress set,False
FT720P_MBP1314_X014D_id12_s0_15.png,1,VALID,-0.0021305084,-1.4990234,0.56103516,-0.683121,LCC-FASD external-dev / cross-domain stress set,False
FT720P_MBP1314_X014D_id12_s0_30.png,1,VALID,0.61865234,-1.7685547,0.009338379,0.45317054,LCC-FASD external-dev / cross-domain stress set,True
FT720P_MBP1314_X014D_id12_s0_45.png,1,VALID,0.19274902,-1.546875,0.36132812,-0.30690232,LCC-FASD external-dev / cross-domain stress set,True
FT720P_MBP1314_X014D_id12_s0_60.png,1,VALID,0.3828125,-1.6660156,0.19482422,0.043418884,LCC-FASD external-dev / cross-domain stress set,True
FT720P_MBP1314_X014D_id12_s0_75.png,1,VALID,0.41870117,-1.6435547,0.10345459,0.15457904,LCC-FASD external-dev / cross-domain stress set,True
FT720P_MBP1314_X014D_id12_s0_90.png,1,VALID,0.3930664,-1.6689453,0.15197754,0.09105265,LCC-FASD external-dev / cross-domain stress set,True
FT720P_MBP1314_X014D_id12_s0_105.png,1,VALID,0.50634766,-1.5791016,-0.09301758,0.39539883,LCC-FASD external-dev / cross-domain stress set,True
FT720P_MBP1314_X014D_id12_s0_120.png,1,VALID,0.38549805,-1.6972656,0.18688965,0.057145834,LCC-FASD external-dev / cross-domain stress set,True
FT720P_MBP1314_X014D_id12_s0_135.png,1,VALID,0.46704102,-1.5966797,0.040222168,0.24902253,LCC-FASD external-dev / cross-domain stress set,True
FT720P_MBP1314_X014D_id12_s0_150.png,1,VALID,0.41235352,-1.546875,0.0970459,0.13865125,LCC-FASD external-dev / cross-domain stress set,True
FT720P_MBP1314_X014D_id12_s1_15.png,1,VALID,0.5986328,-1.4609375,-0.16394043,0.5209209,LCC-FASD external-dev / cross-domain stress set,True
FT720P_MBP1314_X014D_id12_s1_30.png,1,VALID,0.30322266,-1.5927734,0.23376465,-0.079797745,LCC-FASD external-dev / cross-domain stress set,True
FT720P_MBP1314_X014D_id12_s1_45.png,1,VALID,0.6953125,-1.6308594,-0.1907959,0.67348987,LCC-FASD external-dev / cross-domain stress set,True
FT720P_MBP1314_X014D_id12_s1_60.png,1,VALID,0.31298828,-1.5371094,0.20507812,-0.053474426,LCC-FASD external-dev / cross-domain stress set,True
FT720P_MBP1314_X014D_id12_s1_75.png,1,VALID,0.7841797,-1.7851562,-0.24645996,0.83617485,LCC-FASD external-dev / cross-domain stress set,True
FT720P_MBP1314_X014D_id12_s1_90.png,1,VALID,1.0917969,-1.8779297,-0.5229492,1.3852608,LCC-FASD external-dev / cross-domain stress set,True
FT720P_MBP1314_X014D_id12_s1_105.png,1,VALID,0.69628906,-1.7539062,-0.14245605,0.65675867,LCC-FASD external-dev / cross-domain stress set,True
FT720P_MBP1314_X014D_id12_s1_120.png,1,VALID,0.79248047,-1.6464844,-0.36938477,0.91590804,LCC-FASD external-dev / cross-domain stress set,True
FT720P_MBP1314_X014D_id12_s1_135.png,1,VALID,0.8359375,-1.7949219,-0.24963379,0.89226824,LCC-FASD external-dev / cross-domain stress set,True
FT720P_MBP1314_X014D_id12_s1_150.png,1,VALID,0.65966797,-1.5048828,-0.31201172,0.7067425,LCC-FASD external-dev / cross-domain stress set,True
FT720P_MBP1314_X014D_id12_s2_15.png,1,VALID,0.2980957,-1.2373047,-0.040222168,0.07435936,LCC-FASD external-dev / cross-domain stress set,True
FT720P_MBP1314_X014D_id12_s2_30.png,1,VALID,0.5263672,-1.5771484,-0.15734863,0.46718416,LCC-FASD external-dev / cross-domain stress set,True
FT720P_MBP1314_X014D_id12_s2_45.png,1,VALID,0.49560547,-1.5146484,-0.20654297,0.46287036,LCC-FASD external-dev / cross-domain stress set,True
FT720P_MBP1314_X014D_id12_s2_60.png,1,VALID,0.5083008,-1.3583984,-0.32983398,0.53247535,LCC-FASD external-dev / cross-domain stress set,True
FT720P_MBP1314_X014D_id12_s2_75.png,1,VALID,0.74658203,-1.7910156,-0.32910156,0.86721337,LCC-FASD external-dev / cross-domain stress set,True
FT720P_MBP1314_X014D_id12_s2_90.png,1,VALID,0.6088867,-1.7919922,-0.11968994,0.5564618,LCC-FASD external-dev / cross-domain stress set,True
FT720P_MBP1314_X014D_id12_s2_105.png,1,VALID,0.62109375,-1.7363281,-0.12261963,0.5621023,LCC-FASD external-dev / cross-domain stress set,True
FT720P_MBP1314_X014D_id12_s2_120.png,1,VALID,0.64404297,-1.7070312,-0.20715332,0.6497607,LCC-FASD external-dev / cross-domain stress set,True
FT720P_MBP1314_X014D_id12_s2_135.png,1,VALID,0.62060547,-1.6894531,-0.26953125,0.67362887,LCC-FASD external-dev / cross-domain stress set,True
FT720P_MBP1314_X014D_id12_s2_150.png,1,VALID,0.53125,-1.5839844,-0.20996094,0.51560116,LCC-FASD external-dev / cross-domain stress set,True
FT720P_MBP1314_IPHONE8F_id5_s0_15.png,1,VALID,1.6777344,-1.4365234,-1.2050781,2.298707,LCC-FASD external-dev / cross-domain stress set,True
FT720P_MBP1314_IPHONE8F_id5_s0_30.png,1,VALID,1.6269531,-1.5087891,-1.1318359,2.236461,LCC-FASD external-dev / cross-domain stress set,True
FT720P_MBP1314_IPHONE8F_id5_s0_45.png,1,VALID,1.7109375,-1.8613281,-1.1416016,2.4558554,LCC-FASD external-dev / cross-domain stress set,True
FT720P_MBP1314_IPHONE8F_id5_s0_60.png,1,VALID,1.8603516,-1.5234375,-1.4072266,2.6308494,LCC-FASD external-dev / cross-domain stress set,True
FT720P_MBP1314_IPHONE8F_id5_s0_75.png,1,VALID,1.625,-1.6357422,-1.0957031,2.2615547,LCC-FASD external-dev / cross-domain stress set,True
FT720P_MBP1314_IPHONE8F_id5_s0_90.png,1,VALID,1.7255859,-1.4042969,-1.3115234,2.3892734,LCC-FASD external-dev / cross-domain stress set,True
FT720P_MBP1314_IPHONE8F_id5_s0_105.png,1,VALID,1.6689453,-1.6933594,-1.1142578,2.3382597,LCC-FASD external-dev / cross-domain stress set,True
FT720P_MBP1314_IPHONE8F_id5_s0_120.png,1,VALID,1.7128906,-1.6494141,-1.1865234,2.4111645,LCC-FASD external-dev / cross-domain stress set,True
FT720P_MBP1314_IPHONE8F_id5_s0_135.png,1,VALID,1.7587891,-1.6787109,-1.2539062,2.5095606,LCC-FASD external-dev / cross-domain stress set,True
FT720P_MBP1314_IPHONE8F_id5_s0_150.png,1,VALID,1.6904297,-1.7558594,-1.1308594,2.3925884,LCC-FASD external-dev / cross-domain stress set,True
FT720P_MBP1314_IPHONE8F_id5_s1_15.png,1,VALID,0.93359375,-0.18029785,-1.3007812,0.8316327,LCC-FASD external-dev / cross-domain stress set,True
FT720P_MBP1314_IPHONE8F_id5_s1_30.png,1,VALID,0.796875,-0.29736328,-1.0224609,0.6993103,LCC-FASD external-dev / cross-domain stress set,True
FT720P_MBP1314_IPHONE8F_id5_s1_45.png,1,VALID,0.66845703,0.22570801,-1.2255859,0.23227176,LCC-FASD external-dev / cross-domain stress set,True
FT720P_MBP1314_IPHONE8F_id5_s1_60.png,1,VALID,1.2783203,-0.7495117,-1.3652344,1.5958871,LCC-FASD external-dev / cross-domain stress set,True
FT720P_MBP1314_IPHONE8F_id5_s1_75.png,1,VALID,0.7836914,-0.24230957,-1.0820312,0.66704714,LCC-FASD external-dev / cross-domain stress set,True
FT720P_MBP1314_IPHONE8F_id5_s1_90.png,1,VALID,1.0322266,-0.90527344,-0.95214844,1.2675157,LCC-FASD external-dev / cross-domain stress set,True
FT720P_MBP1314_IPHONE8F_id5_s1_105.png,1,VALID,0.56689453,0.09106445,-1.0683594,0.20300776,LCC-FASD external-dev / cross-domain stress set,True
FT720P_MBP1314_IPHONE8F_id5_s1_120.png,1,VALID,1.0976562,-0.71484375,-1.1533203,1.3147485,LCC-FASD external-dev / cross-domain stress set,True
FT720P_MBP1314_IPHONE8F_id5_s1_135.png,1,VALID,1.0927734,-0.38476562,-1.3710938,1.160582,LCC-FASD external-dev / cross-domain stress set,True
FT720P_MBP1314_IPHONE8F_id5_s1_150.png,1,VALID,0.71484375,0.11126709,-1.2265625,0.37055045,LCC-FASD external-dev / cross-domain stress set,True
FT720P_MBP1314_IPHONE8F_id9_s0_15.png,1,VALID,0.9819336,-0.3828125,-1.1308594,0.9772481,LCC-FASD external-dev / cross-domain stress set,True
FT720P_MBP1314_IPHONE8F_id9_s0_30.png,1,VALID,1.1523438,-0.95214844,-0.9399414,1.4052229,LCC-FASD external-dev / cross-domain stress set,True
FT720P_MBP1314_IPHONE8F_id9_s0_45.png,1,VALID,0.8286133,-0.55078125,-0.7441406,0.7782608,LCC-FASD external-dev / cross-domain stress set,True
FT720P_MBP1314_IPHONE8F_id9_s0_60.png,1,VALID,1.0087891,-0.56347656,-0.9863281,1.0683583,LCC-FASD external-dev / cross-domain stress set,True
FT720P_MBP1314_IPHONE8F_id9_s0_75.png,1,VALID,1.0595703,-0.46044922,-1.1171875,1.1022702,LCC-FASD external-dev / cross-domain stress set,True
FT720P_MBP1314_IPHONE8F_id9_s0_90.png,1,VALID,0.9638672,-0.73583984,-0.765625,1.0213416,LCC-FASD external-dev / cross-domain stress set,True
FT720P_MBP1314_IPHONE8F_id9_s0_105.png,1,VALID,1.1074219,-0.4086914,-1.2480469,1.157049,LCC-FASD external-dev / cross-domain stress set,True
FT720P_MBP1314_IPHONE8F_id9_s0_120.png,1,VALID,1.171875,-0.5205078,-1.2128906,1.2866628,LCC-FASD external-dev / cross-domain stress set,True
FT720P_MBP1314_IPHONE8F_id9_s0_135.png,1,VALID,0.97509766,-0.32910156,-1.0996094,0.92386186,LCC-FASD external-dev / cross-domain stress set,True
FT720P_MBP1314_IPHONE8F_id9_s0_150.png,1,VALID,0.78027344,-0.3659668,-0.8129883,0.6518305,LCC-FASD external-dev / cross-domain stress set,True
FT720P_MBP1314_IPHONE8F_id9_s1_24.png,1,VALID,0.6098633,-0.21264648,-0.55126953,0.2844088,LCC-FASD external-dev / cross-domain stress set,True
FT720P_MBP1314_IPHONE8F_id9_s1_41.png,1,VALID,0.7631836,-0.14294434,-0.8208008,0.49553987,LCC-FASD external-dev / cross-domain stress set,True
FT720P_MBP1314_IPHONE8F_id9_s1_137.png,1,VALID,0.46240234,0.22790527,-0.71191406,-0.09530902,LCC-FASD external-dev / cross-domain stress set,True
FT720P_MBP1314_IPHONE8F_id12_s1_15.png,1,VALID,1.4453125,-1.4892578,-1.2363281,2.106983,LCC-FASD external-dev / cross-domain stress set,True
FT720P_MBP1314_IPHONE8F_id12_s1_30.png,1,VALID,1.234375,-1.3681641,-1.0146484,1.7170931,LCC-FASD external-dev / cross-domain stress set,True
FT720P_MBP1314_IPHONE8F_id12_s1_45.png,1,VALID,1.6054688,-1.4042969,-1.4257812,2.327303,LCC-FASD external-dev / cross-domain stress set,True
FT720P_MBP1314_IPHONE8F_id12_s1_60.png,1,VALID,1.5058594,-1.2832031,-1.40625,2.1555474,LCC-FASD external-dev / cross-domain stress set,True
FT720P_MBP1314_IPHONE8F_id12_s1_75.png,1,VALID,1.8671875,-1.2216797,-1.7919922,2.6407585,LCC-FASD external-dev / cross-domain stress set,True
FT720P_MBP1314_IPHONE8F_id12_s1_90.png,1,VALID,1.8134766,-1.3994141,-1.6367188,2.631373,LCC-FASD external-dev / cross-domain stress set,True
FT720P_MBP1314_IPHONE8F_id12_s1_150.png,1,VALID,1.3994141,-1.3876953,-1.2529297,2.0243108,LCC-FASD external-dev / cross-domain stress set,True
FT720P_MBP1314_IPHONE8F_id12_s2_15.png,1,VALID,0.16442871,0.59765625,-0.98339844,-0.62033594,LCC-FASD external-dev / cross-domain stress set,False
FT720P_MBP1314_IPHONE8F_id12_s2_30.png,1,VALID,1.0244141,-0.3972168,-1.4404297,1.1198086,LCC-FASD external-dev / cross-domain stress set,True
FT720P_MBP1314_IPHONE8F_id12_s2_45.png,1,VALID,0.89160156,-0.2052002,-1.3730469,0.8259841,LCC-FASD external-dev / cross-domain stress set,True
FT720P_MBP1314_IPHONE8F_id12_s2_60.png,1,VALID,0.99121094,-0.23693848,-1.4482422,0.96747214,LCC-FASD external-dev / cross-domain stress set,True
FT720P_MBP1314_IPHONE8F_id12_s2_75.png,1,VALID,0.7338867,0.06060791,-1.3457031,0.4541067,LCC-FASD external-dev / cross-domain stress set,True
FT720P_MBP1314_IPHONE8F_id12_s2_90.png,1,VALID,0.94091797,-0.27539062,-1.3945312,0.9337193,LCC-FASD external-dev / cross-domain stress set,True
FT720P_MBP1314_IPHONE8F_id12_s2_105.png,1,VALID,0.90722656,-0.044647217,-1.4257812,0.72769606,LCC-FASD external-dev / cross-domain stress set,True
FT720P_MBP1314_IPHONE8F_id12_s2_120.png,1,VALID,1.1845703,-0.81933594,-1.2949219,1.5205418,LCC-FASD external-dev / cross-domain stress set,True
FT720P_MBP1314_IPHONE8F_id12_s2_135.png,1,VALID,1.0625,-0.40551758,-1.4501953,1.1665766,LCC-FASD external-dev / cross-domain stress set,True
FT720P_MBP1314_IPHONE8F_id12_s2_150.png,1,VALID,1.1875,-0.3305664,-1.5322266,1.255168,LCC-FASD external-dev / cross-domain stress set,True
FT720P_MBP1314_X014D_id0_s0_105.png,1,VALID,0.18896484,-2.0390625,0.52685547,-0.4119295,LCC-FASD external-dev / cross-domain stress set,True
FT720P_MBP1314_X014D_id0_s0_120.png,1,VALID,0.43823242,-2.0566406,0.20788574,0.13151616,LCC-FASD external-dev / cross-domain stress set,True
FT720P_MBP1314_X014D_id0_s0_135.png,1,VALID,0.28149414,-1.9726562,0.32788086,-0.14188331,LCC-FASD external-dev / cross-domain stress set,True
FT720P_MBP1314_IPHONE8F_id0_s0_15.png,1,VALID,0.95947266,-1.9892578,-0.6669922,1.3901834,LCC-FASD external-dev / cross-domain stress set,True
FT720P_MBP1314_IPHONE8F_id0_s0_30.png,1,VALID,0.83740234,-1.8085938,-0.5361328,1.1265646,LCC-FASD external-dev / cross-domain stress set,True
FT720P_MBP1314_IPHONE8F_id0_s0_45.png,1,VALID,0.85302734,-1.90625,-0.53466797,1.161592,LCC-FASD external-dev / cross-domain stress set,True
FT720P_MBP1314_IPHONE8F_id0_s0_60.png,1,VALID,0.5620117,-1.8320312,-0.17407227,0.5616875,LCC-FASD external-dev / cross-domain stress set,True
FT720P_MBP1314_IPHONE8F_id0_s0_75.png,1,VALID,0.73828125,-2.0058594,-0.27368164,0.8490801,LCC-FASD external-dev / cross-domain stress set,True
FT720P_MBP1314_IPHONE8F_id0_s0_90.png,1,VALID,0.77783203,-1.9941406,-0.4111328,1.0021895,LCC-FASD external-dev / cross-domain stress set,True
FT720P_MBP1314_IPHONE8F_id0_s0_120.png,1,VALID,0.6484375,-1.6347656,-0.3947754,0.789046,LCC-FASD external-dev / cross-domain stress set,True
FT720P_MBP1314_IPHONE8F_id0_s0_135.png,1,VALID,0.8544922,-1.75,-0.5888672,1.1709447,LCC-FASD external-dev / cross-domain stress set,True
FT720P_MBP1314_IPHONE8F_id0_s0_150.png,1,VALID,0.71435547,-1.8769531,-0.32226562,0.8449637,LCC-FASD external-dev / cross-domain stress set,True
FT720P_MBP1314_IPHONE8F_id0_s1_15.png,1,VALID,1.3173828,-1.7060547,-1.1298828,2.0012693,LCC-FASD external-dev / cross-domain stress set,True
FT720P_MBP1314_IPHONE8F_id0_s1_30.png,1,VALID,1.4267578,-1.8378906,-1.2216797,2.2166638,LCC-FASD external-dev / cross-domain stress set,True
FT720P_MBP1314_IPHONE8F_id0_s1_45.png,1,VALID,1.3964844,-1.7714844,-1.2421875,2.175555,LCC-FASD external-dev / cross-domain stress set,True
FT720P_MBP1314_IPHONE8F_id0_s1_60.png,1,VALID,1.3994141,-1.8779297,-1.1777344,2.1740272,LCC-FASD external-dev / cross-domain stress set,True
FT720P_MBP1314_IPHONE8F_id0_s1_75.png,1,VALID,1.4501953,-1.8994141,-1.2001953,2.2469454,LCC-FASD external-dev / cross-domain stress set,True
FT720P_MBP1314_IPHONE8F_id0_s1_90.png,1,VALID,1.4375,-1.8251953,-1.1875,2.2007072,LCC-FASD external-dev / cross-domain stress set,True
FT720P_MBP1314_IPHONE8F_id0_s1_105.png,1,VALID,1.5185547,-1.7080078,-1.4033203,2.3695118,LCC-FASD external-dev / cross-domain stress set,True
FT720P_MBP1314_IPHONE8F_id0_s1_120.png,1,VALID,1.4189453,-1.7714844,-1.2177734,2.1825824,LCC-FASD external-dev / cross-domain stress set,True
FT720P_MBP1314_IPHONE8F_id0_s1_135.png,1,VALID,1.3779297,-1.8193359,-1.2138672,2.1562433,LCC-FASD external-dev / cross-domain stress set,True
FT720P_MBP1314_IPHONE8F_id0_s1_150.png,1,VALID,1.4941406,-1.9267578,-1.2470703,2.3312392,LCC-FASD external-dev / cross-domain stress set,True
FT720P_MBP1314_IPHONE8F_id0_s2_15.png,1,VALID,-0.020767212,1.5322266,-1.2851562,-1.6110382,LCC-FASD external-dev / cross-domain stress set,False
FT720P_MBP1314_IPHONE8F_id0_s2_30.png,1,VALID,0.21350098,0.66552734,-0.96728516,-0.6304899,LCC-FASD external-dev / cross-domain stress set,False
FT720P_MBP1314_IPHONE8F_id0_s2_45.png,1,VALID,0.18981934,0.97021484,-1.1259766,-0.8963313,LCC-FASD external-dev / cross-domain stress set,False
FT720P_MBP1314_IPHONE8F_id0_s2_60.png,1,VALID,0.5839844,0.7661133,-1.5771484,-0.27380878,LCC-FASD external-dev / cross-domain stress set,True
FT720P_MBP1314_IPHONE8F_id0_s2_75.png,1,VALID,0.8051758,0.29711914,-1.5058594,0.35550094,LCC-FASD external-dev / cross-domain stress set,True
FT720P_MBP1314_IPHONE8F_id0_s2_90.png,1,VALID,0.8984375,0.32055664,-1.6425781,0.44648635,LCC-FASD external-dev / cross-domain stress set,True
FT720P_MBP1314_IPHONE8F_id0_s2_105.png,1,VALID,0.78515625,0.46777344,-1.5732422,0.19525653,LCC-FASD external-dev / cross-domain stress set,True
FT720P_MBP1314_IPHONE8F_id0_s2_120.png,1,VALID,0.68115234,0.72998047,-1.6533203,-0.13706386,LCC-FASD external-dev / cross-domain stress set,True
FT720P_MBP1314_IPHONE8F_id0_s2_135.png,1,VALID,0.75634766,0.45776367,-1.578125,0.17586696,LCC-FASD external-dev / cross-domain stress set,True
FT720P_MBP1314_IPHONE8F_id0_s2_150.png,1,VALID,0.7866211,0.5605469,-1.6083984,0.11784953,LCC-FASD external-dev / cross-domain stress set,True
FT720P_MBP1314_IPHONE8F_id0_s3_16.png,1,VALID,0.34277344,2.1679688,-2.1679688,-1.8382001,LCC-FASD external-dev / cross-domain stress set,False
FT720P_MBP1314_IPHONE8F_id0_s3_31.png,1,VALID,0.94628906,0.9716797,-2.109375,-0.070278764,LCC-FASD external-dev / cross-domain stress set,True
FT720P_MBP1314_IPHONE8F_id0_s3_46.png,1,VALID,0.8828125,1.2568359,-2.1679688,-0.40606034,LCC-FASD external-dev / cross-domain stress set,True
FT720P_MBP1314_IPHONE8F_id0_s3_61.png,1,VALID,1.1923828,0.5444336,-2.0175781,0.5736311,LCC-FASD external-dev / cross-domain stress set,True
FT720P_MBP1314_IPHONE8F_id0_s3_76.png,1,VALID,1.1542969,0.99560547,-2.1738281,0.11752319,LCC-FASD external-dev / cross-domain stress set,True
FT720P_MBP1314_IPHONE8F_id0_s3_91.png,1,VALID,1.0664062,1.0527344,-2.2148438,-0.023718834,LCC-FASD external-dev / cross-domain stress set,True
FT720P_MBP1314_IPHONE8F_id0_s3_106.png,1,VALID,0.96777344,1.2109375,-2.1933594,-0.2758541,LCC-FASD external-dev / cross-domain stress set,True
FT720P_MBP1314_IPHONE8F_id0_s3_121.png,1,VALID,1.2763672,0.62060547,-2.1582031,0.5955019,LCC-FASD external-dev / cross-domain stress set,True
FT720P_MBP1314_IPHONE8F_id0_s3_136.png,1,VALID,0.71777344,1.5048828,-2.1445312,-0.81278336,LCC-FASD external-dev / cross-domain stress set,False
FT720P_MBP1314_IPHONE8F_id0_s3_151.png,1,VALID,0.8666992,1.2246094,-2.1035156,-0.39314246,LCC-FASD external-dev / cross-domain stress set,True
FT720P_MBP1314_IPHONE8F_id12_s0_15.png,1,VALID,0.94091797,-0.41625977,-1.2089844,0.9838159,LCC-FASD external-dev / cross-domain stress set,True
FT720P_MBP1314_IPHONE8F_id12_s0_30.png,1,VALID,1.1640625,-0.4111328,-1.4765625,1.2791138,LCC-FASD external-dev / cross-domain stress set,True
FT720P_MBP1314_IPHONE8F_id12_s0_45.png,1,VALID,0.72802734,-0.022964478,-1.3125,0.507733,LCC-FASD external-dev / cross-domain stress set,True
FT720P_MBP1314_IPHONE8F_id12_s0_60.png,1,VALID,0.8486328,0.06689453,-1.4541016,0.5841225,LCC-FASD external-dev / cross-domain stress set,True
FT720P_MBP1314_IPHONE8F_id12_s0_75.png,1,VALID,0.92285156,-0.5605469,-1.1298828,1.034937,LCC-FASD external-dev / cross-domain stress set,True
FT720P_MBP1314_IPHONE8F_id12_s0_90.png,1,VALID,0.90283203,-0.39770508,-1.2539062,0.94652486,LCC-FASD external-dev / cross-domain stress set,True
FT720P_MBP1314_IPHONE8F_id12_s0_105.png,1,VALID,1.2226562,-0.50341797,-1.53125,1.4202219,LCC-FASD external-dev / cross-domain stress set,True
FT720P_MBP1314_IPHONE8F_id12_s0_120.png,1,VALID,1.1894531,-0.9248047,-1.3154297,1.5974697,LCC-FASD external-dev / cross-domain stress set,True
FT720P_MBP1314_IPHONE8F_id12_s0_135.png,1,VALID,1.3505859,-0.9160156,-1.4345703,1.7994894,LCC-FASD external-dev / cross-domain stress set,True
FT720P_MBP1314_IPHONE8F_id12_s0_150.png,1,VALID,0.89941406,-0.31201172,-1.3339844,0.90402615,LCC-FASD external-dev / cross-domain stress set,True
FT720P_MBP1314_IPHONE8F_id12_s1_105.png,1,VALID,1.8242188,-1.5869141,-1.5654297,2.7071857,LCC-FASD external-dev / cross-domain stress set,True
FT720P_MBP1314_IPHONE8F_id12_s1_120.png,1,VALID,1.7871094,-1.4013672,-1.7255859,2.6443563,LCC-FASD external-dev / cross-domain stress set,True
FT720P_MBP1314_IPHONE8F_id12_s1_135.png,1,VALID,1.7021484,-1.4199219,-1.5732422,2.5026479,LCC-FASD external-dev / cross-domain stress set,True
FT720P_MBP1314_IPHONE7F_id5_s0_15.png,1,VALID,1.2314453,-1.2392578,-0.76464844,1.5123549,LCC-FASD external-dev / cross-domain stress set,True
FT720P_MBP1314_IPHONE7F_id5_s0_30.png,1,VALID,1.4511719,-0.77490234,-1.3056641,1.7635001,LCC-FASD external-dev / cross-domain stress set,True
FT720P_MBP1314_IPHONE7F_id5_s0_45.png,1,VALID,1.3095703,-0.9848633,-0.9770508,1.5973725,LCC-FASD external-dev / cross-domain stress set,True
FT720P_MBP1314_IPHONE7F_id5_s0_60.png,1,VALID,1.5361328,-1.1201172,-1.21875,2.0112038,LCC-FASD external-dev / cross-domain stress set,True
FT720P_MBP1314_IPHONE7F_id5_s0_75.png,1,VALID,1.3740234,-1.1191406,-1.0244141,1.7515323,LCC-FASD external-dev / cross-domain stress set,True
FT720P_MBP1314_IPHONE7F_id5_s0_90.png,1,VALID,1.6445312,-1.2255859,-1.2744141,2.201086,LCC-FASD external-dev / cross-domain stress set,True
FT720P_MBP1314_IPHONE7F_id5_s0_105.png,1,VALID,1.3613281,-1.0068359,-1.0869141,1.7142546,LCC-FASD external-dev / cross-domain stress set,True
FT720P_MBP1314_IPHONE7F_id5_s0_120.png,1,VALID,1.4814453,-1.2441406,-1.1191406,1.967987,LCC-FASD external-dev / cross-domain stress set,True
FT720P_MBP1314_IPHONE7F_id5_s0_135.png,1,VALID,1.4667969,-1.1445312,-1.0693359,1.8798766,LCC-FASD external-dev / cross-domain stress set,True
FT720P_MBP1314_IPHONE7F_id5_s0_150.png,1,VALID,1.53125,-1.2832031,-1.0742188,2.0113645,LCC-FASD external-dev / cross-domain stress set,True
FT720P_MBP1314_IPHONE7F_id5_s1_15.png,1,VALID,0.98779297,-0.2376709,-1.3300781,0.93622696,LCC-FASD external-dev / cross-domain stress set,True
FT720P_MBP1314_IPHONE7F_id5_s1_30.png,1,VALID,1.0439453,-0.9165039,-0.9926758,1.304663,LCC-FASD external-dev / cross-domain stress set,True
FT720P_MBP1314_IPHONE7F_id5_s1_45.png,1,VALID,0.22290039,0.38085938,-0.84375,-0.41559863,LCC-FASD external-dev / cross-domain stress set,True
FT720P_MBP1314_IPHONE7F_id5_s1_60.png,1,VALID,0.9272461,-0.7504883,-0.96484375,1.0860324,LCC-FASD external-dev / cross-domain stress set,True
FT720P_MBP1314_IPHONE7F_id5_s1_75.png,1,VALID,0.62939453,0.23803711,-1.1542969,0.1694189,LCC-FASD external-dev / cross-domain stress set,True
FT720P_MBP1314_IPHONE7F_id5_s1_90.png,1,VALID,0.55615234,0.036102295,-0.93066406,0.19774139,LCC-FASD external-dev / cross-domain stress set,True
FT720P_MBP1314_IPHONE7F_id5_s1_105.png,1,VALID,0.6245117,-0.47216797,-0.7519531,0.53367186,LCC-FASD external-dev / cross-domain stress set,True
FT720P_MBP1314_IPHONE7F_id5_s1_120.png,1,VALID,0.7270508,0.060394287,-1.2255859,0.42262888,LCC-FASD external-dev / cross-domain stress set,True
FT720P_MBP1314_IPHONE7F_id5_s1_135.png,1,VALID,0.86865234,-0.5942383,-0.9428711,0.92894304,LCC-FASD external-dev / cross-domain stress set,True
FT720P_MBP1314_IPHONE7F_id9_s0_15.png,1,VALID,0.5214844,-0.4555664,-0.61816406,0.36190128,LCC-FASD external-dev / cross-domain stress set,True
FT720P_MBP1314_IPHONE7F_id9_s0_30.png,1,VALID,0.52490234,-0.24780273,-0.76708984,0.30586615,LCC-FASD external-dev / cross-domain stress set,True
FT720P_MBP1314_IPHONE7F_id9_s0_45.png,1,VALID,0.5253906,0.14111328,-0.9946289,0.10574928,LCC-FASD external-dev / cross-domain stress set,True
FT720P_MBP1314_IPHONE7F_id9_s0_60.png,1,VALID,0.58447266,0.05810547,-1.0068359,0.23016053,LCC-FASD external-dev / cross-domain stress set,True
FT720P_MBP1314_IPHONE7F_id9_s0_75.png,1,VALID,0.38867188,0.76464844,-1.1962891,-0.50764185,LCC-FASD external-dev / cross-domain stress set,True
FT720P_MBP1314_IPHONE7F_id9_s0_90.png,1,VALID,0.34838867,0.3564453,-0.9213867,-0.25385427,LCC-FASD external-dev / cross-domain stress set,True
FT720P_MBP1314_IPHONE7F_id9_s0_105.png,1,VALID,0.54833984,0.049438477,-1.0244141,0.20497167,LCC-FASD external-dev / cross-domain stress set,True
FT720P_MBP1314_IPHONE7F_id9_s0_120.png,1,VALID,0.29101562,0.48120117,-0.9472656,-0.40503573,LCC-FASD external-dev / cross-domain stress set,True
FT720P_MBP1314_IPHONE7F_id9_s0_135.png,1,VALID,0.24536133,0.69384766,-0.93896484,-0.62694985,LCC-FASD external-dev / cross-domain stress set,False
FT720P_MBP1314_IPHONE7F_id9_s0_150.png,1,VALID,0.30932617,0.35986328,-0.8569336,-0.30995655,LCC-FASD external-dev / cross-domain stress set,True
FT720P_MBP1314_IPHONE7F_id12_s1_15.png,1,VALID,0.58935547,-0.7910156,-0.5996094,0.5869482,LCC-FASD external-dev / cross-domain stress set,True
FT720P_MBP1314_IPHONE7F_id12_s1_30.png,1,VALID,0.42529297,-0.9316406,-0.3059082,0.30275577,LCC-FASD external-dev / cross-domain stress set,True
FT720P_MBP1314_IPHONE7F_id12_s1_45.png,1,VALID,0.61816406,-0.5986328,-0.76220703,0.60209596,LCC-FASD external-dev / cross-domain stress set,True
FT720P_MBP1314_IPHONE7F_id12_s1_60.png,1,VALID,0.64941406,-0.9199219,-0.5595703,0.6798684,LCC-FASD external-dev / cross-domain stress set,True
FT720P_MBP1314_IPHONE7F_id12_s1_75.png,1,VALID,0.77246094,0.027404785,-1.2568359,0.50065166,LCC-FASD external-dev / cross-domain stress set,True
FT720P_MBP1314_IPHONE7F_id12_s1_90.png,1,VALID,1.0087891,-0.15136719,-1.4433594,0.9174274,LCC-FASD external-dev / cross-domain stress set,True
FT720P_MBP1314_IPHONE7F_id12_s1_105.png,1,VALID,1.2509766,-0.8066406,-1.3828125,1.6116208,LCC-FASD external-dev / cross-domain stress set,True
FT720P_MBP1314_IPHONE7F_id12_s1_120.png,1,VALID,1.0537109,-0.7363281,-1.2480469,1.3203702,LCC-FASD external-dev / cross-domain stress set,True
FT720P_MBP1314_IPHONE7F_id12_s1_135.png,1,VALID,0.8676758,-0.38330078,-1.1875,0.8811759,LCC-FASD external-dev / cross-domain stress set,True
FT720P_MBP1314_IPHONE7F_id12_s1_150.png,1,VALID,0.7446289,-0.875,-0.7680664,0.87158626,LCC-FASD external-dev / cross-domain stress set,True
FT720P_MBP1314_IPHONE7F_id12_s2_15.png,1,VALID,-0.13989258,0.3527832,-0.47827148,-0.8542515,LCC-FASD external-dev / cross-domain stress set,False
FT720P_MBP1314_IPHONE7F_id12_s2_30.png,1,VALID,0.54248047,0.0758667,-1.1494141,0.20912662,LCC-FASD external-dev / cross-domain stress set,True
FT720P_MBP1314_IPHONE7F_id12_s2_45.png,1,VALID,0.5600586,0.0287323,-1.1318359,0.25877705,LCC-FASD external-dev / cross-domain stress set,True
FT720P_MBP1314_IPHONE7F_id12_s2_60.png,1,VALID,0.3857422,0.4909668,-1.2216797,-0.27106762,LCC-FASD external-dev / cross-domain stress set,True
FT720P_MBP1314_IPHONE7F_id12_s2_75.png,1,VALID,0.5073242,0.17700195,-1.1777344,0.100786984,LCC-FASD external-dev / cross-domain stress set,True
FT720P_MBP1314_IPHONE7F_id12_s2_90.png,1,VALID,0.640625,0.034179688,-1.2128906,0.35386303,LCC-FASD external-dev / cross-domain stress set,True
FT720P_MBP1314_IPHONE7F_id12_s2_105.png,1,VALID,0.5830078,-0.020568848,-1.1162109,0.31515124,LCC-FASD external-dev / cross-domain stress set,True
FT720P_MBP1314_IPHONE7F_id12_s2_120.png,1,VALID,0.3227539,-0.0023918152,-0.7734375,-0.055021524,LCC-FASD external-dev / cross-domain stress set,True
FT720P_MBP1314_IPHONE7F_id12_s2_135.png,1,VALID,0.37695312,-0.05899048,-0.83251953,0.056561112,LCC-FASD external-dev / cross-domain stress set,True
FT720P_MBP1314_IPHONE7F_id12_s2_150.png,1,VALID,0.43920898,0.17102051,-0.9995117,-0.0019926727,LCC-FASD external-dev / cross-domain stress set,True
FT720P_MBP1314_IPHONE8F_id0_s0_105.png,1,VALID,0.68310547,-1.9316406,-0.29052734,0.7965213,LCC-FASD external-dev / cross-domain stress set,True
FT720P_MBP1314_IPHONE7F_id0_s0_15.png,1,VALID,0.93652344,-1.6074219,-0.8154297,1.378363,LCC-FASD external-dev / cross-domain stress set,True
FT720P_MBP1314_IPHONE7F_id0_s0_30.png,1,VALID,1.2597656,-1.9726562,-1.015625,1.9503901,LCC-FASD external-dev / cross-domain stress set,True
FT720P_MBP1314_IPHONE7F_id0_s0_45.png,1,VALID,0.95947266,-1.9169922,-0.76220703,1.4477478,LCC-FASD external-dev / cross-domain stress set,True
FT720P_MBP1314_IPHONE7F_id0_s0_60.png,1,VALID,1.0048828,-2.0878906,-0.72558594,1.502481,LCC-FASD external-dev / cross-domain stress set,True
FT720P_MBP1314_IPHONE7F_id0_s0_75.png,1,VALID,0.9819336,-2.0019531,-0.7104492,1.4495487,LCC-FASD external-dev / cross-domain stress set,True
FT720P_MBP1314_IPHONE7F_id0_s0_90.png,1,VALID,1.0273438,-2.0722656,-0.7602539,1.5491495,LCC-FASD external-dev / cross-domain stress set,True
FT720P_MBP1314_IPHONE7F_id0_s0_120.png,1,VALID,0.98046875,-1.9521484,-0.7446289,1.4635508,LCC-FASD external-dev / cross-domain stress set,True
FT720P_MBP1314_IPHONE7F_id0_s0_135.png,1,VALID,0.91308594,-1.921875,-0.7241211,1.3734041,LCC-FASD external-dev / cross-domain stress set,True
FT720P_MBP1314_IPHONE7F_id0_s0_150.png,1,VALID,0.95214844,-2.0,-0.72314453,1.4292824,LCC-FASD external-dev / cross-domain stress set,True
FT720P_MBP1314_IPHONE7F_id0_s1_15.png,1,VALID,1.3896484,-1.765625,-1.2441406,2.1677692,LCC-FASD external-dev / cross-domain stress set,True
FT720P_MBP1314_IPHONE7F_id0_s1_30.png,1,VALID,1.3291016,-1.8095703,-1.1669922,2.0734866,LCC-FASD external-dev / cross-domain stress set,True
FT720P_MBP1314_IPHONE7F_id0_s1_45.png,1,VALID,1.4785156,-1.6669922,-1.4375,2.3310456,LCC-FASD external-dev / cross-domain stress set,True
FT720P_MBP1314_IPHONE7F_id0_s1_60.png,1,VALID,1.3662109,-1.7753906,-1.1826172,2.1087735,LCC-FASD external-dev / cross-domain stress set,True
FT720P_MBP1314_IPHONE7F_id0_s1_75.png,1,VALID,1.2890625,-1.8320312,-1.1308594,2.0171247,LCC-FASD external-dev / cross-domain stress set,True
FT720P_MBP1314_IPHONE7F_id0_s1_90.png,1,VALID,1.3544922,-1.8515625,-1.2138672,2.1440666,LCC-FASD external-dev / cross-domain stress set,True
FT720P_MBP1314_IPHONE7F_id0_s1_105.png,1,VALID,1.3671875,-1.8164062,-1.2880859,2.1917944,LCC-FASD external-dev / cross-domain stress set,True
FT720P_MBP1314_IPHONE7F_id0_s1_120.png,1,VALID,1.3974609,-1.7695312,-1.2929688,2.2074394,LCC-FASD external-dev / cross-domain stress set,True
FT720P_MBP1314_IPHONE7F_id0_s1_135.png,1,VALID,1.4814453,-1.6894531,-1.4941406,2.3753343,LCC-FASD external-dev / cross-domain stress set,True
FT720P_MBP1314_IPHONE7F_id0_s1_150.png,1,VALID,1.3955078,-1.71875,-1.3164062,2.1998386,LCC-FASD external-dev / cross-domain stress set,True
FT720P_MBP1314_IPHONE7F_id0_s2_15.png,1,VALID,0.09918213,0.93115234,-1.0615234,-0.95977414,LCC-FASD external-dev / cross-domain stress set,False
FT720P_MBP1314_IPHONE7F_id0_s2_30.png,1,VALID,0.54345703,0.11853027,-0.9863281,0.13880253,LCC-FASD external-dev / cross-domain stress set,True
FT720P_MBP1314_IPHONE7F_id0_s2_45.png,1,VALID,0.5390625,0.122680664,-0.96875,0.12689954,LCC-FASD external-dev / cross-domain stress set,True
FT720P_MBP1314_IPHONE7F_id0_s2_60.png,1,VALID,0.9550781,-0.006263733,-1.6572266,0.7858225,LCC-FASD external-dev / cross-domain stress set,True
FT720P_MBP1314_IPHONE7F_id0_s2_75.png,1,VALID,0.9580078,-0.096191406,-1.5615234,0.84637135,LCC-FASD external-dev / cross-domain stress set,True
FT720P_MBP1314_IPHONE7F_id0_s2_90.png,1,VALID,0.92041016,-0.04736328,-1.484375,0.75456965,LCC-FASD external-dev / cross-domain stress set,True
FT720P_MBP1314_IPHONE7F_id0_s2_105.png,1,VALID,0.86865234,0.24572754,-1.6259766,0.47981083,LCC-FASD external-dev / cross-domain stress set,True
FT720P_MBP1314_IPHONE7F_id0_s2_120.png,1,VALID,0.9926758,-0.104003906,-1.5732422,0.8895837,LCC-FASD external-dev / cross-domain stress set,True
FT720P_MBP1314_IPHONE7F_id0_s2_135.png,1,VALID,0.83203125,0.32861328,-1.6455078,0.3733697,LCC-FASD external-dev / cross-domain stress set,True
FT720P_MBP1314_IPHONE7F_id0_s2_150.png,1,VALID,0.85546875,0.23742676,-1.5888672,0.46875238,LCC-FASD external-dev / cross-domain stress set,True
FT720P_MBP1314_IPHONE7F_id0_s3_15.png,1,VALID,0.7705078,1.046875,-1.9765625,-0.32385528,LCC-FASD external-dev / cross-domain stress set,True
FT720P_MBP1314_IPHONE7F_id0_s3_30.png,1,VALID,1.0283203,0.5625,-1.9716797,0.38948286,LCC-FASD external-dev / cross-domain stress set,True
FT720P_MBP1314_IPHONE7F_id0_s3_45.png,1,VALID,1.2597656,0.050842285,-1.9042969,1.076541,LCC-FASD external-dev / cross-domain stress set,True
FT720P_MBP1314_IPHONE7F_id0_s3_60.png,1,VALID,1.3779297,-0.23742676,-1.8730469,1.4373512,LCC-FASD external-dev / cross-domain stress set,True
FT720P_MBP1314_IPHONE7F_id0_s3_75.png,1,VALID,1.5302734,-0.14196777,-1.9794922,1.5245016,LCC-FASD external-dev / cross-domain stress set,True
FT720P_MBP1314_IPHONE7F_id0_s3_90.png,1,VALID,1.4160156,-0.047912598,-1.9726562,1.3277264,LCC-FASD external-dev / cross-domain stress set,True
FT720P_MBP1314_IPHONE7F_id0_s3_105.png,1,VALID,1.3544922,0.045562744,-1.9912109,1.1863146,LCC-FASD external-dev / cross-domain stress set,True
FT720P_MBP1314_IPHONE7F_id0_s3_120.png,1,VALID,1.2861328,-0.03564453,-1.8300781,1.1680082,LCC-FASD external-dev / cross-domain stress set,True
FT720P_MBP1314_IPHONE7F_id0_s3_135.png,1,VALID,1.3544922,-0.083496094,-1.9521484,1.294467,LCC-FASD external-dev / cross-domain stress set,True
FT720P_MBP1314_IPHONE7F_id0_s3_150.png,1,VALID,1.28125,-0.08215332,-1.8164062,1.2008321,LCC-FASD external-dev / cross-domain stress set,True
FT720P_MBP1314_IPHONE7F_id12_s0_15.png,1,VALID,-0.05404663,0.21044922,-0.41870117,-0.6917515,LCC-FASD external-dev / cross-domain stress set,False
FT720P_MBP1314_IPHONE7F_id12_s0_30.png,1,VALID,0.24255371,0.42358398,-0.91552734,-0.41379023,LCC-FASD external-dev / cross-domain stress set,True
FT720P_MBP1314_IPHONE7F_id12_s0_45.png,1,VALID,-0.23071289,0.7895508,-0.6347656,-1.2359176,LCC-FASD external-dev / cross-domain stress set,False
FT720P_MBP1314_IPHONE7F_id12_s0_60.png,1,VALID,0.10845947,0.56933594,-0.87402344,-0.6728645,LCC-FASD external-dev / cross-domain stress set,False
FT720P_MBP1314_IPHONE7F_id12_s0_75.png,1,VALID,0.28173828,0.26123047,-0.9477539,-0.24070215,LCC-FASD external-dev / cross-domain stress set,True
FT720P_MBP1314_IPHONE7F_id12_s0_90.png,1,VALID,-0.20947266,1.0185547,-0.88623047,-1.3667928,LCC-FASD external-dev / cross-domain stress set,False
FT720P_MBP1314_IPHONE7F_id12_s0_105.png,1,VALID,0.34765625,0.38427734,-1.046875,-0.2509526,LCC-FASD external-dev / cross-domain stress set,True
FT720P_MBP1314_IPHONE7F_id12_s0_120.png,1,VALID,0.44750977,0.54833984,-1.2998047,-0.24711788,LCC-FASD external-dev / cross-domain stress set,True
FT720P_MBP1314_IPHONE7F_id12_s0_135.png,1,VALID,0.6425781,0.14624023,-1.3251953,0.28965253,LCC-FASD external-dev / cross-domain stress set,True
FT720P_MBP1314_IPHONE7F_id12_s0_150.png,1,VALID,0.40625,0.34936523,-1.2050781,-0.1348151,LCC-FASD external-dev / cross-domain stress set,True
FT720P_MBP1314_IPHONE7B_id5_s0_15.png,1,VALID,1.1835938,-1.0839844,-0.80126953,1.4231157,LCC-FASD external-dev / cross-domain stress set,True
FT720P_MBP1314_IPHONE7B_id5_s0_30.png,1,VALID,1.4013672,-1.1162109,-1.0429688,1.7871394,LCC-FASD external-dev / cross-domain stress set,True
FT720P_MBP1314_IPHONE7B_id5_s0_45.png,1,VALID,1.6474609,-0.89501953,-1.4707031,2.0963082,LCC-FASD external-dev / cross-domain stress set,True
FT720P_MBP1314_IPHONE7B_id5_s0_60.png,1,VALID,1.3789062,-0.8305664,-1.1445312,1.6610365,LCC-FASD external-dev / cross-domain stress set,True
FT720P_MBP1314_IPHONE7B_id5_s0_75.png,1,VALID,1.3085938,-0.6196289,-1.1914062,1.4806428,LCC-FASD external-dev / cross-domain stress set,True
FT720P_MBP1314_IPHONE7B_id5_s0_90.png,1,VALID,1.4140625,-0.84375,-1.2080078,1.7302997,LCC-FASD external-dev / cross-domain stress set,True
FT720P_MBP1314_IPHONE7B_id5_s0_105.png,1,VALID,1.5654297,-0.72216797,-1.4863281,1.9052477,LCC-FASD external-dev / cross-domain stress set,True
FT720P_MBP1314_IPHONE7B_id5_s0_120.png,1,VALID,1.6572266,-1.0996094,-1.3642578,2.1872835,LCC-FASD external-dev / cross-domain stress set,True
FT720P_MBP1314_IPHONE7B_id5_s0_135.png,1,VALID,1.6015625,-1.1523438,-1.2958984,2.1299627,LCC-FASD external-dev / cross-domain stress set,True
FT720P_MBP1314_IPHONE7B_id5_s0_150.png,1,VALID,1.6533203,-0.9692383,-1.4619141,2.14571,LCC-FASD external-dev / cross-domain stress set,True
FT720P_MBP1314_IPHONE7B_id9_s0_15.png,1,VALID,0.67285156,-0.5751953,-0.72314453,0.62614065,LCC-FASD external-dev / cross-domain stress set,True
FT720P_MBP1314_IPHONE7B_id9_s0_30.png,1,VALID,0.48535156,-0.08483887,-0.73339844,0.1496408,LCC-FASD external-dev / cross-domain stress set,True
FT720P_MBP1314_IPHONE7B_id9_s0_45.png,1,VALID,0.42651367,0.034210205,-0.7426758,0.013979524,LCC-FASD external-dev / cross-domain stress set,True
FT720P_MBP1314_IPHONE7B_id9_s0_60.png,1,VALID,0.45825195,0.29125977,-0.9277344,-0.0919255,LCC-FASD external-dev / cross-domain stress set,True
FT720P_MBP1314_IPHONE7B_id9_s0_75.png,1,VALID,0.49975586,0.28100586,-0.9682617,-0.033342242,LCC-FASD external-dev / cross-domain stress set,True
FT720P_MBP1314_IPHONE7B_id9_s0_90.png,1,VALID,0.3762207,0.25073242,-0.8334961,-0.16580915,LCC-FASD external-dev / cross-domain stress set,True
FT720P_MBP1314_IPHONE7B_id9_s0_105.png,1,VALID,0.34936523,0.5493164,-0.99902344,-0.3927185,LCC-FASD external-dev / cross-domain stress set,True
FT720P_MBP1314_IPHONE7B_id9_s0_120.png,1,VALID,0.33496094,0.40039062,-0.92822266,-0.30037874,LCC-FASD external-dev / cross-domain stress set,True
FT720P_MBP1314_IPHONE7B_id9_s0_135.png,1,VALID,0.2130127,0.4267578,-0.74365234,-0.4839552,LCC-FASD external-dev / cross-domain stress set,True
FT720P_MBP1314_IPHONE7B_id9_s0_150.png,1,VALID,0.31933594,0.5048828,-0.9716797,-0.39127696,LCC-FASD external-dev / cross-domain stress set,True
FT720P_MBP1314_IPHONE7B_id12_s0_15.png,1,VALID,0.5527344,0.06072998,-1.1396484,0.22880954,LCC-FASD external-dev / cross-domain stress set,True
FT720P_MBP1314_IPHONE7B_id12_s0_30.png,1,VALID,1.0498047,-0.8486328,-1.0761719,1.312602,LCC-FASD external-dev / cross-domain stress set,True
FT720P_MBP1314_IPHONE7B_id12_s0_45.png,1,VALID,0.7885742,-0.011299133,-1.3623047,0.56957173,LCC-FASD external-dev / cross-domain stress set,True
FT720P_MBP1314_IPHONE7B_id12_s0_60.png,1,VALID,1.1347656,-0.7885742,-1.265625,1.4405366,LCC-FASD external-dev / cross-domain stress set,True
FT720P_MBP1314_IPHONE7B_id12_s0_75.png,1,VALID,0.86816406,-0.37426758,-1.2490234,0.8939152,LCC-FASD external-dev / cross-domain stress set,True
FT720P_MBP1314_IPHONE7B_id12_s0_90.png,1,VALID,1.1767578,-0.64453125,-1.3896484,1.4328489,LCC-FASD external-dev / cross-domain stress set,True
FT720P_MBP1314_IPHONE7B_id12_s0_150.png,1,VALID,0.9550781,-0.48339844,-1.2509766,1.0572114,LCC-FASD external-dev / cross-domain stress set,True
FT720P_MBP1314_IPHONE7B_id12_s1_15.png,1,VALID,1.2451172,-1.0527344,-1.2255859,1.6874001,LCC-FASD external-dev / cross-domain stress set,True
FT720P_MBP1314_IPHONE7B_id12_s1_30.png,1,VALID,1.3857422,-1.5605469,-1.1621094,2.034209,LCC-FASD external-dev / cross-domain stress set,True
FT720P_MBP1314_IPHONE7B_id12_s1_45.png,1,VALID,1.4541016,-1.6416016,-1.1972656,2.155909,LCC-FASD external-dev / cross-domain stress set,True
FT720P_MBP1314_IPHONE7B_id12_s1_60.png,1,VALID,1.4980469,-1.4960938,-1.2890625,2.1921296,LCC-FASD external-dev / cross-domain stress set,True
FT720P_MBP1314_IPHONE7B_id12_s1_75.png,1,VALID,1.65625,-1.1298828,-1.6455078,2.3179264,LCC-FASD external-dev / cross-domain stress set,True
FT720P_MBP1314_IPHONE7B_id12_s1_90.png,1,VALID,1.7226562,-1.328125,-1.6357422,2.4996605,LCC-FASD external-dev / cross-domain stress set,True
FT720P_MBP1314_IPHONE7B_id12_s1_105.png,1,VALID,1.5273438,-1.2617188,-1.4443359,2.1830611,LCC-FASD external-dev / cross-domain stress set,True
FT720P_MBP1314_IPHONE7B_id12_s1_120.png,1,VALID,1.5175781,-1.3222656,-1.5175781,2.239592,LCC-FASD external-dev / cross-domain stress set,True
FT720P_MBP1314_IPHONE7B_id12_s1_135.png,1,VALID,1.6416016,-1.4257812,-1.5107422,2.4158142,LCC-FASD external-dev / cross-domain stress set,True
FT720P_MBP1314_IPHONE7B_id12_s1_150.png,1,VALID,1.3027344,-1.3808594,-1.234375,1.9145246,LCC-FASD external-dev / cross-domain stress set,True
FT720P_MBP1314_IPHONE7B_id12_s2_15.png,1,VALID,-0.03704834,1.0136719,-1.0664062,-1.1684326,LCC-FASD external-dev / cross-domain stress set,False
FT720P_MBP1314_IPHONE7B_id12_s2_30.png,1,VALID,0.68847656,0.020965576,-1.2783203,0.42634952,LCC-FASD external-dev / cross-domain stress set,True
FT720P_MBP1314_IPHONE7B_id12_s2_45.png,1,VALID,0.7836914,-0.28564453,-1.1757812,0.72532105,LCC-FASD external-dev / cross-domain stress set,True
FT720P_MBP1314_IPHONE7B_id12_s2_60.png,1,VALID,0.75683594,-0.25732422,-1.1728516,0.67746973,LCC-FASD external-dev / cross-domain stress set,True
FT720P_MBP1314_IPHONE7B_id12_s2_75.png,1,VALID,1.0673828,-0.5180664,-1.3916016,1.2365735,LCC-FASD external-dev / cross-domain stress set,True
FT720P_MBP1314_IPHONE7B_id12_s2_90.png,1,VALID,1.1279297,-0.7363281,-1.28125,1.4069045,LCC-FASD external-dev / cross-domain stress set,True
FT720P_MBP1314_IPHONE7B_id12_s2_105.png,1,VALID,1.1679688,-0.50634766,-1.484375,1.3550978,LCC-FASD external-dev / cross-domain stress set,True
FT720P_MBP1314_IPHONE7B_id12_s2_120.png,1,VALID,1.0341797,-0.5048828,-1.265625,1.1556252,LCC-FASD external-dev / cross-domain stress set,True
FT720P_MBP1314_IPHONE7B_id12_s2_135.png,1,VALID,1.0068359,-0.70654297,-1.2324219,1.2489938,LCC-FASD external-dev / cross-domain stress set,True
FT720P_MBP1314_IPHONE7B_id12_s2_150.png,1,VALID,0.8334961,-0.26831055,-1.2236328,0.77633166,LCC-FASD external-dev / cross-domain stress set,True
FT720P_MBP1314_IPHONE7F_id0_s0_105.png,1,VALID,1.1064453,-2.1582031,-0.79833984,1.6762992,LCC-FASD external-dev / cross-domain stress set,True
FT720P_MBP1314_IPHONE6SF_id9_s0_15.png,1,VALID,-0.14501953,1.8935547,-1.2460938,-2.0809612,LCC-FASD external-dev / cross-domain stress set,False
FT720P_MBP1314_IPHONE6SF_id9_s0_30.png,1,VALID,-0.4880371,1.9160156,-0.984375,-2.457595,LCC-FASD external-dev / cross-domain stress set,False
FT720P_MBP1314_IPHONE6SF_id9_s0_45.png,1,VALID,-0.11407471,1.3017578,-0.8388672,-1.5269994,LCC-FASD external-dev / cross-domain stress set,False
FT720P_MBP1314_IPHONE6SF_id9_s0_60.png,1,VALID,-0.048553467,1.5302734,-1.2304688,-1.6401523,LCC-FASD external-dev / cross-domain stress set,False
FT720P_MBP1314_IPHONE6SF_id9_s0_75.png,1,VALID,-0.12420654,1.2783203,-0.92529297,-1.5072503,LCC-FASD external-dev / cross-domain stress set,False
FT720P_MBP1314_IPHONE6SF_id9_s0_90.png,1,VALID,-0.3190918,1.9765625,-1.1972656,-2.3366456,LCC-FASD external-dev / cross-domain stress set,False
FT720P_MBP1314_IPHONE6SF_id9_s0_150.png,1,VALID,-0.4428711,1.8222656,-0.9692383,-2.3246584,LCC-FASD external-dev / cross-domain stress set,False
FT720P_MBP1314_IPHONE7B_id0_s0_15.png,1,VALID,1.0361328,-1.5859375,-0.8647461,1.5046748,LCC-FASD external-dev / cross-domain stress set,True
FT720P_MBP1314_IPHONE7B_id0_s0_30.png,1,VALID,1.1523438,-1.7402344,-0.9243164,1.7104673,LCC-FASD external-dev / cross-domain stress set,True
FT720P_MBP1314_IPHONE7B_id0_s0_45.png,1,VALID,1.0224609,-1.6787109,-0.84228516,1.5047971,LCC-FASD external-dev / cross-domain stress set,True
FT720P_MBP1314_IPHONE7B_id0_s0_60.png,1,VALID,1.0449219,-1.7509766,-0.8754883,1.5721092,LCC-FASD external-dev / cross-domain stress set,True
FT720P_MBP1314_IPHONE7B_id0_s0_75.png,1,VALID,1.0244141,-1.5830078,-0.9086914,1.5213239,LCC-FASD external-dev / cross-domain stress set,True
FT720P_MBP1314_IPHONE7B_id0_s0_90.png,1,VALID,1.1767578,-2.1074219,-0.86035156,1.7845271,LCC-FASD external-dev / cross-domain stress set,True
FT720P_MBP1314_IPHONE7B_id0_s0_105.png,1,VALID,1.0615234,-2.109375,-0.65283203,1.5048723,LCC-FASD external-dev / cross-domain stress set,True
FT720P_MBP1314_IPHONE7B_id0_s0_120.png,1,VALID,1.0849609,-1.8964844,-0.8066406,1.6017201,LCC-FASD external-dev / cross-domain stress set,True
FT720P_MBP1314_IPHONE7B_id0_s0_135.png,1,VALID,1.0644531,-1.8154297,-0.8466797,1.5893703,LCC-FASD external-dev / cross-domain stress set,True
FT720P_MBP1314_IPHONE7B_id0_s0_150.png,1,VALID,1.0146484,-1.953125,-0.75878906,1.508841,LCC-FASD external-dev / cross-domain stress set,True
FT720P_MBP1314_IPHONE7B_id0_s1_15.png,1,VALID,1.4257812,-1.6601562,-1.1699219,2.117928,LCC-FASD external-dev / cross-domain stress set,True
FT720P_MBP1314_IPHONE7B_id0_s1_30.png,1,VALID,1.5185547,-1.7216797,-1.2763672,2.2998452,LCC-FASD external-dev / cross-domain stress set,True
FT720P_MBP1314_IPHONE7B_id0_s1_45.png,1,VALID,1.4355469,-1.6083984,-1.2128906,2.1336172,LCC-FASD external-dev / cross-domain stress set,True
FT720P_MBP1314_IPHONE7B_id0_s1_60.png,1,VALID,1.5742188,-1.7783203,-1.3085938,2.3971982,LCC-FASD external-dev / cross-domain stress set,True
FT720P_MBP1314_IPHONE7B_id0_s1_75.png,1,VALID,1.5224609,-1.7822266,-1.2207031,2.2918723,LCC-FASD external-dev / cross-domain stress set,True
FT720P_MBP1314_IPHONE7B_id0_s1_90.png,1,VALID,1.5917969,-1.7783203,-1.3457031,2.4374468,LCC-FASD external-dev / cross-domain stress set,True
FT720P_MBP1314_IPHONE7B_id0_s1_105.png,1,VALID,1.5234375,-1.6474609,-1.3027344,2.2906065,LCC-FASD external-dev / cross-domain stress set,True
FT720P_MBP1314_IPHONE7B_id0_s1_120.png,1,VALID,1.5302734,-1.7587891,-1.2949219,2.3373227,LCC-FASD external-dev / cross-domain stress set,True
FT720P_MBP1314_IPHONE7B_id0_s1_135.png,1,VALID,1.5771484,-1.8046875,-1.3085938,2.4101887,LCC-FASD external-dev / cross-domain stress set,True
FT720P_MBP1314_IPHONE7B_id0_s1_150.png,1,VALID,1.5224609,-1.78125,-1.2753906,2.3259826,LCC-FASD external-dev / cross-domain stress set,True
FT720P_MBP1314_IPHONE7B_id0_s2_15.png,1,VALID,0.5966797,-0.06732178,-0.9326172,0.31269187,LCC-FASD external-dev / cross-domain stress set,True
FT720P_MBP1314_IPHONE7B_id0_s2_30.png,1,VALID,0.6723633,-0.50341797,-0.7451172,0.59619904,LCC-FASD external-dev / cross-domain stress set,True
FT720P_MBP1314_IPHONE7B_id0_s2_45.png,1,VALID,0.4909668,-0.15966797,-0.76416016,0.21473628,LCC-FASD external-dev / cross-domain stress set,True
FT720P_MBP1314_IPHONE7B_id0_s2_60.png,1,VALID,0.9736328,-0.6245117,-1.1650391,1.1391759,LCC-FASD external-dev / cross-domain stress set,True
FT720P_MBP1314_IPHONE7B_id0_s2_75.png,1,VALID,0.85009766,-0.32885742,-1.1552734,0.81596965,LCC-FASD external-dev / cross-domain stress set,True
FT720P_MBP1314_IPHONE7B_id0_s2_90.png,1,VALID,0.7636719,0.060516357,-1.2548828,0.46542513,LCC-FASD external-dev / cross-domain stress set,True
FT720P_MBP1314_IPHONE7B_id0_s2_105.png,1,VALID,0.6582031,0.20495605,-1.2470703,0.24290878,LCC-FASD external-dev / cross-domain stress set,True
FT720P_MBP1314_IPHONE7B_id0_s2_120.png,1,VALID,0.81591797,-0.11328125,-1.2958984,0.66186607,LCC-FASD external-dev / cross-domain stress set,True
FT720P_MBP1314_IPHONE7B_id0_s2_135.png,1,VALID,0.96533203,-0.111206055,-1.4121094,0.83572304,LCC-FASD external-dev / cross-domain stress set,True
FT720P_MBP1314_IPHONE7B_id0_s2_150.png,1,VALID,0.8496094,-0.08856201,-1.3271484,0.6836892,LCC-FASD external-dev / cross-domain stress set,True
FT720P_MBP1314_IPHONE7B_id0_s3_15.png,1,VALID,1.2792969,-0.010635376,-1.9160156,1.1512439,LCC-FASD external-dev / cross-domain stress set,True
FT720P_MBP1314_IPHONE7B_id0_s3_30.png,1,VALID,1.5722656,-0.44799805,-1.9648438,1.8219024,LCC-FASD external-dev / cross-domain stress set,True
FT720P_MBP1314_IPHONE7B_id0_s3_45.png,1,VALID,1.6503906,-0.40625,-2.0019531,1.8720168,LCC-FASD external-dev / cross-domain stress set,True
FT720P_MBP1314_IPHONE7B_id0_s3_60.png,1,VALID,1.6552734,-0.54003906,-1.8955078,1.9659274,LCC-FASD external-dev / cross-domain stress set,True
FT720P_MBP1314_IPHONE7B_id0_s3_75.png,1,VALID,1.6650391,-0.44384766,-1.9072266,1.900692,LCC-FASD external-dev / cross-domain stress set,True
FT720P_MBP1314_IPHONE7B_id0_s3_90.png,1,VALID,1.6337891,-0.31347656,-1.9453125,1.7686424,LCC-FASD external-dev / cross-domain stress set,True
FT720P_MBP1314_IPHONE7B_id0_s3_105.png,1,VALID,1.3955078,-0.107177734,-1.9414062,1.3544927,LCC-FASD external-dev / cross-domain stress set,True
FT720P_MBP1314_IPHONE7B_id0_s3_120.png,1,VALID,1.3613281,-0.25146484,-1.7705078,1.4148266,LCC-FASD external-dev / cross-domain stress set,True
FT720P_MBP1314_IPHONE7B_id0_s3_135.png,1,VALID,1.5615234,-0.31591797,-1.984375,1.7047176,LCC-FASD external-dev / cross-domain stress set,True
FT720P_MBP1314_IPHONE7B_id0_s3_150.png,1,VALID,1.5263672,-0.4411621,-1.8007812,1.7389934,LCC-FASD external-dev / cross-domain stress set,True
FT720P_MBP1314_IPHONE7B_id12_s0_105.png,1,VALID,1.3154297,-0.75683594,-1.5302734,1.6928542,LCC-FASD external-dev / cross-domain stress set,True
FT720P_MBP1314_IPHONE7B_id12_s0_120.png,1,VALID,1.1923828,-0.67333984,-1.3984375,1.4707947,LCC-FASD external-dev / cross-domain stress set,True
FT720P_MBP1314_IPHONE7B_id12_s0_135.png,1,VALID,1.0878906,-0.23535156,-1.5820312,1.0920491,LCC-FASD external-dev / cross-domain stress set,True
FT720P_MBP1314_IPHONE6SF_id0_s2_30.png,1,VALID,0.037384033,1.6777344,-1.3271484,-1.6887066,LCC-FASD external-dev / cross-domain stress set,False
FT720P_MBP1314_IPHONE6SF_id0_s2_45.png,1,VALID,0.111572266,1.2255859,-1.1435547,-1.2034531,LCC-FASD external-dev / cross-domain stress set,False
FT720P_MBP1314_IPHONE6SF_id0_s2_60.png,1,VALID,0.37890625,0.95214844,-1.3974609,-0.6643677,LCC-FASD external-dev / cross-domain stress set,False
FT720P_MBP1314_IPHONE6SF_id0_s2_75.png,1,VALID,0.5449219,0.87402344,-1.5419922,-0.41461545,LCC-FASD external-dev / cross-domain stress set,True
FT720P_MBP1314_IPHONE6SF_id0_s2_90.png,1,VALID,0.43066406,1.0722656,-1.5009766,-0.71511936,LCC-FASD external-dev / cross-domain stress set,False
FT720P_MBP1314_IPHONE6SF_id0_s3_54.png,1,VALID,0.61035156,1.2421875,-1.8310547,-0.67706823,LCC-FASD external-dev / cross-domain stress set,False
FT720P_MBP1314_IPHONE6SF_id0_s3_81.png,1,VALID,0.78027344,1.1728516,-1.9082031,-0.43746626,LCC-FASD external-dev / cross-domain stress set,True
FT720P_MBP1314_IPHONE6SF_id0_s3_98.png,1,VALID,0.82714844,0.99609375,-1.8935547,-0.2230506,LCC-FASD external-dev / cross-domain stress set,True
FT720P_MBP1314_IPHONE6SF_id0_s3_114.png,1,VALID,0.8774414,0.7734375,-1.7851562,0.029440582,LCC-FASD external-dev / cross-domain stress set,True
FT720P_MBP1314_IPHONE6SF_id0_s3_129.png,1,VALID,0.57666016,1.3125,-1.8359375,-0.7778635,LCC-FASD external-dev / cross-domain stress set,False
FT720P_MBP1314_IPHONE6SF_id0_s3_144.png,1,VALID,0.7729492,0.60253906,-1.6982422,0.07493591,LCC-FASD external-dev / cross-domain stress set,True
FT720P_MBP1314_IPHONE6SF_id0_s3_159.png,1,VALID,0.52783203,1.2246094,-1.7578125,-0.74620533,LCC-FASD external-dev / cross-domain stress set,False
FT720P_MBP1314_IPHONE6SF_id0_s3_174.png,1,VALID,0.60302734,1.2119141,-1.8300781,-0.655522,LCC-FASD external-dev / cross-domain stress set,False
FT720P_MBP1314_IPHONE6SF_id5_s0_15.png,1,VALID,0.28808594,0.97802734,-0.9794922,-0.822029,LCC-FASD external-dev / cross-domain stress set,False
FT720P_MBP1314_IPHONE6SF_id5_s0_30.png,1,VALID,0.61865234,0.33740234,-0.9589844,0.03946662,LCC-FASD external-dev / cross-domain stress set,True
FT720P_MBP1314_IPHONE6SF_id5_s0_45.png,1,VALID,0.6645508,0.9091797,-1.3847656,-0.3407277,LCC-FASD external-dev / cross-domain stress set,True
FT720P_MBP1314_IPHONE6SF_id5_s0_60.png,1,VALID,0.5078125,0.8803711,-1.2792969,-0.4817388,LCC-FASD external-dev / cross-domain stress set,True
FT720P_MBP1314_IPHONE6SF_id5_s0_75.png,1,VALID,0.45288086,1.0488281,-1.2783203,-0.68904924,LCC-FASD external-dev / cross-domain stress set,False
FT720P_MBP1314_IPHONE6SF_id5_s0_90.png,1,VALID,0.7583008,0.61279297,-1.3242188,0.010859728,LCC-FASD external-dev / cross-domain stress set,True
FT720P_MBP1314_IPHONE6SF_id5_s0_105.png,1,VALID,0.026687622,1.2802734,-0.9716797,-1.3536063,LCC-FASD external-dev / cross-domain stress set,False
FT720P_MBP1314_IPHONE6SF_id5_s0_120.png,1,VALID,0.859375,0.21069336,-1.1591797,0.4222322,LCC-FASD external-dev / cross-domain stress set,True
FT720P_MBP1314_IPHONE6SF_id5_s0_135.png,1,VALID,0.6958008,0.53808594,-1.2089844,-0.0029435158,LCC-FASD external-dev / cross-domain stress set,True
FT720P_MBP1314_IPHONE6SF_id5_s0_150.png,1,VALID,0.89990234,0.41259766,-1.3583984,0.33016133,LCC-FASD external-dev / cross-domain stress set,True
FT720P_MBP1314_IPHONE6SF_id9_s0_105.png,1,VALID,-0.3112793,1.6640625,-1.0380859,-2.0402503,LCC-FASD external-dev / cross-domain stress set,False
FT720P_MBP1314_IPHONE6SF_id9_s0_120.png,1,VALID,-0.1083374,1.4970703,-1.2089844,-1.6700711,LCC-FASD external-dev / cross-domain stress set,False
FT720P_MBP1314_IPHONE6SF_id9_s0_135.png,1,VALID,-0.34179688,2.0449219,-1.2021484,-2.4248695,LCC-FASD external-dev / cross-domain stress set,False
FT720P_MBP1314_IPHONE6SF_id12_s0_15.png,1,VALID,-1.1210938,2.1152344,-0.6621094,-3.2966738,LCC-FASD external-dev / cross-domain stress set,False
FT720P_MBP1314_IPHONE6SF_id12_s0_30.png,1,VALID,-1.0595703,2.1933594,-0.92626953,-3.2961555,LCC-FASD external-dev / cross-domain stress set,False
FT720P_MBP1314_IPHONE6SF_id12_s0_45.png,1,VALID,-1.1445312,2.1835938,-0.83740234,-3.3757265,LCC-FASD external-dev / cross-domain stress set,False
FT720P_MBP1314_IPHONE6SF_id12_s0_60.png,1,VALID,-1.0166016,2.0683594,-0.79345703,-3.1405516,LCC-FASD external-dev / cross-domain stress set,False
FT720P_MBP1314_IPHONE6SF_id12_s0_75.png,1,VALID,-1.078125,2.2363281,-0.8955078,-3.3571656,LCC-FASD external-dev / cross-domain stress set,False
FT720P_MBP1314_IPHONE6SF_id12_s0_90.png,1,VALID,-1.1513672,2.1777344,-0.8378906,-3.3769534,LCC-FASD external-dev / cross-domain stress set,False
FT720P_MBP1314_IPHONE6SF_id12_s0_105.png,1,VALID,-1.0253906,2.203125,-0.8696289,-3.2737696,LCC-FASD external-dev / cross-domain stress set,False
FT720P_MBP1314_IPHONE6SF_id12_s0_120.png,1,VALID,-1.0898438,2.2558594,-0.83691406,-3.3900797,LCC-FASD external-dev / cross-domain stress set,False
FT720P_MBP1314_IPHONE6SF_id12_s0_135.png,1,VALID,-1.1054688,2.2285156,-0.74072266,-3.3840523,LCC-FASD external-dev / cross-domain stress set,False
FT720P_MBP1314_IPHONE6SF_id12_s0_150.png,1,VALID,-1.0712891,2.1621094,-0.81103516,-3.2832758,LCC-FASD external-dev / cross-domain stress set,False
FT720P_MBP1314_IPHONE6SF_id12_s1_15.png,1,VALID,-0.6665039,1.3642578,-0.45117188,-2.181565,LCC-FASD external-dev / cross-domain stress set,False
FT720P_MBP1314_IPHONE6SF_id12_s1_30.png,1,VALID,-0.71728516,1.5488281,-0.53027344,-2.383934,LCC-FASD external-dev / cross-domain stress set,False
FT720P_MBP1314_IPHONE6SF_id12_s1_45.png,1,VALID,-0.4580078,1.2382812,-0.62353516,-1.8407271,LCC-FASD external-dev / cross-domain stress set,False
FT720P_MBP1314_IPHONE6SF_id12_s1_60.png,1,VALID,-0.6308594,1.375,-0.50878906,-2.1473703,LCC-FASD external-dev / cross-domain stress set,False
FT720P_MBP1314_IPHONE6SF_id12_s1_75.png,1,VALID,-0.41308594,1.3662109,-0.73828125,-1.8943273,LCC-FASD external-dev / cross-domain stress set,False
FT720P_MBP1314_IPHONE6SF_id12_s1_90.png,1,VALID,-0.4765625,1.5244141,-0.7993164,-2.0943828,LCC-FASD external-dev / cross-domain stress set,False
FT720P_MBP1314_IPHONE6SF_id12_s1_105.png,1,VALID,-0.38623047,1.7460938,-0.97802734,-2.1958659,LCC-FASD external-dev / cross-domain stress set,False
FT720P_MBP1314_IPHONE6SF_id12_s1_120.png,1,VALID,-0.088012695,1.2792969,-1.0595703,-1.4593753,LCC-FASD external-dev / cross-domain stress set,False
FT720P_MBP1314_IPHONE6SF_id12_s1_135.png,1,VALID,-0.2915039,1.2744141,-0.80078125,-1.6841737,LCC-FASD external-dev / cross-domain stress set,False
FT720P_MBP1314_IPHONE6SF_id12_s1_150.png,1,VALID,-0.64404297,1.5820312,-0.6635742,-2.3267007,LCC-FASD external-dev / cross-domain stress set,False
FT720P_MBP1314_IPHONE6SF_id12_s2_15.png,1,VALID,-1.0761719,2.4257812,-1.0263672,-3.5331392,LCC-FASD external-dev / cross-domain stress set,False
FT720P_MBP1314_IPHONE6SF_id12_s2_30.png,1,VALID,-1.1328125,2.3828125,-0.9003906,-3.5524466,LCC-FASD external-dev / cross-domain stress set,False
FT720P_MBP1314_IPHONE6SF_id12_s2_45.png,1,VALID,-1.0849609,2.3164062,-0.8618164,-3.4421823,LCC-FASD external-dev / cross-domain stress set,False
FT720P_MBP1314_IPHONE6SF_id12_s2_60.png,1,VALID,-1.0556641,2.0898438,-0.86376953,-3.1963444,LCC-FASD external-dev / cross-domain stress set,False
FT720P_MBP1314_IPHONE6SF_id12_s2_75.png,1,VALID,-0.9536133,2.046875,-0.8261719,-3.0554748,LCC-FASD external-dev / cross-domain stress set,False
FT720P_MBP1314_IPHONE6SF_id12_s2_90.png,1,VALID,-1.0849609,2.1699219,-0.81396484,-3.3042402,LCC-FASD external-dev / cross-domain stress set,False
FT720P_MBP1314_IPHONE6SF_id12_s2_105.png,1,VALID,-0.9038086,1.8974609,-0.7583008,-2.8691573,LCC-FASD external-dev / cross-domain stress set,False
FT720P_MBP1314_IPHONE6SF_id12_s2_120.png,1,VALID,-1.0380859,2.2226562,-0.88427734,-3.3045082,LCC-FASD external-dev / cross-domain stress set,False
FT720P_MBP1314_IPHONE6SF_id12_s2_135.png,1,VALID,-1.1025391,2.3046875,-0.86328125,-3.448454,LCC-FASD external-dev / cross-domain stress set,False
FT720P_MBP1314_IPHONE6SF_id12_s2_150.png,1,VALID,-0.9946289,2.1875,-0.9272461,-3.2255616,LCC-FASD external-dev / cross-domain stress set,False
FT720P_MBP1314_IPHONE6F_id5_s0_15.png,1,VALID,0.77246094,-0.07116699,-0.7910156,0.44698432,LCC-FASD external-dev / cross-domain stress set,True
FT720P_MBP1314_IPHONE6F_id5_s0_30.png,1,VALID,1.0371094,-0.4428711,-0.8720703,0.97858095,LCC-FASD external-dev / cross-domain stress set,True
FT720P_MBP1314_IPHONE6F_id5_s0_45.png,1,VALID,0.3942871,0.43896484,-0.7314453,-0.31488782,LCC-FASD external-dev / cross-domain stress set,True
FT720P_MBP1314_IPHONE6F_id5_s0_60.png,1,VALID,0.64160156,0.0949707,-0.7236328,0.1812608,LCC-FASD external-dev / cross-domain stress set,True
FT720P_MBP1314_IPHONE6F_id5_s0_75.png,1,VALID,0.32788086,0.45336914,-0.61572266,-0.42063254,LCC-FASD external-dev / cross-domain stress set,True
FT720P_MBP1314_IPHONE6F_id5_s0_90.png,1,VALID,0.6699219,0.0625,-0.79785156,0.2546452,LCC-FASD external-dev / cross-domain stress set,True
FT720P_MBP1314_IPHONE6F_id5_s0_105.png,1,VALID,0.46777344,0.35864258,-0.74609375,-0.17702371,LCC-FASD external-dev / cross-domain stress set,True
FT720P_MBP1314_IPHONE6F_id5_s0_120.png,1,VALID,0.7260742,-0.030319214,-0.76660156,0.365101,LCC-FASD external-dev / cross-domain stress set,True
FT720P_MBP1314_IPHONE6F_id5_s0_135.png,1,VALID,0.6333008,0.17407227,-0.84375,0.15072885,LCC-FASD external-dev / cross-domain stress set,True
FT720P_MBP1314_IPHONE6F_id5_s0_150.png,1,VALID,0.6386719,0.15454102,-0.8046875,0.15973961,LCC-FASD external-dev / cross-domain stress set,True
FT720P_MBP1314_IPHONE6F_id9_s0_15.png,1,VALID,0.17248535,0.9238281,-0.9448242,-0.8948641,LCC-FASD external-dev / cross-domain stress set,False
FT720P_MBP1314_IPHONE6F_id9_s0_30.png,1,VALID,0.41137695,0.4428711,-1.0029297,-0.24301624,LCC-FASD external-dev / cross-domain stress set,True
FT720P_MBP1314_IPHONE6F_id9_s0_45.png,1,VALID,0.045013428,1.1630859,-0.8930664,-1.2384702,LCC-FASD external-dev / cross-domain stress set,False
FT720P_MBP1314_IPHONE6F_id9_s0_60.png,1,VALID,0.5595703,0.45385742,-1.0869141,-0.08838552,LCC-FASD external-dev / cross-domain stress set,True
FT720P_MBP1314_IPHONE6F_id9_s0_75.png,1,VALID,0.6567383,0.18811035,-1.140625,0.23370445,LCC-FASD external-dev / cross-domain stress set,True
FT720P_MBP1314_IPHONE6F_id9_s0_90.png,1,VALID,0.8100586,-0.06561279,-1.1953125,0.59567106,LCC-FASD external-dev / cross-domain stress set,True
FT720P_MBP1314_IPHONE6F_id9_s0_105.png,1,VALID,0.4814453,0.69873047,-1.2089844,-0.35567153,LCC-FASD external-dev / cross-domain stress set,True
FT720P_MBP1314_IPHONE6F_id9_s0_120.png,1,VALID,0.3161621,0.88183594,-1.0908203,-0.6959009,LCC-FASD external-dev / cross-domain stress set,False
FT720P_MBP1314_IPHONE6F_id9_s0_135.png,1,VALID,0.2770996,0.75341797,-1.0507812,-0.6287014,LCC-FASD external-dev / cross-domain stress set,False
FT720P_MBP1314_IPHONE6F_id9_s0_150.png,1,VALID,0.50634766,0.41455078,-1.0429688,-0.117501676,LCC-FASD external-dev / cross-domain stress set,True
FT720P_MBP1314_IPHONE6F_id12_s2_15.png,1,VALID,-1.1044922,2.3789062,-0.7988281,-3.524233,LCC-FASD external-dev / cross-domain stress set,False
FT720P_MBP1314_IPHONE6F_id12_s2_30.png,1,VALID,-1.1210938,2.1289062,-0.62939453,-3.3114707,LCC-FASD external-dev / cross-domain stress set,False
FT720P_MBP1314_IPHONE6F_id12_s2_45.png,1,VALID,-0.9458008,2.1347656,-0.80029297,-3.132331,LCC-FASD external-dev / cross-domain stress set,False
FT720P_MBP1314_IPHONE6F_id12_s2_60.png,1,VALID,-0.95410156,2.1269531,-0.8227539,-3.1320853,LCC-FASD external-dev / cross-domain stress set,False
FT720P_MBP1314_IPHONE6F_id12_s2_75.png,1,VALID,-0.99121094,1.9189453,-0.5493164,-2.9914892,LCC-FASD external-dev / cross-domain stress set,False
FT720P_MBP1314_IPHONE6F_id12_s2_90.png,1,VALID,-1.0097656,2.0332031,-0.63134766,-3.1102822,LCC-FASD external-dev / cross-domain stress set,False
FT720P_MBP1314_IPHONE6F_id12_s2_120.png,1,VALID,-0.9785156,2.2265625,-0.72558594,-3.2559874,LCC-FASD external-dev / cross-domain stress set,False
FT720P_MBP1314_IPHONE6F_id12_s2_135.png,1,VALID,-0.91503906,2.1894531,-0.8144531,-3.1528947,LCC-FASD external-dev / cross-domain stress set,False
FT720P_MBP1314_IPHONE6F_id12_s2_150.png,1,VALID,-1.0703125,2.2070312,-0.71875,-3.3295782,LCC-FASD external-dev / cross-domain stress set,False
FT720P_MBP1314_IPHONE6SF_id0_s0_15.png,1,VALID,0.4736328,-0.29882812,-0.88720703,0.3308397,LCC-FASD external-dev / cross-domain stress set,True
FT720P_MBP1314_IPHONE6SF_id0_s0_30.png,1,VALID,0.8051758,-0.51416016,-1.1796875,0.9045793,LCC-FASD external-dev / cross-domain stress set,True
FT720P_MBP1314_IPHONE6SF_id0_s0_45.png,1,VALID,0.64160156,-0.7583008,-0.8618164,0.7571742,LCC-FASD external-dev / cross-domain stress set,True
FT720P_MBP1314_IPHONE6SF_id0_s0_60.png,1,VALID,0.53271484,-0.82373047,-0.67626953,0.586852,LCC-FASD external-dev / cross-domain stress set,True
FT720P_MBP1314_IPHONE6SF_id0_s0_75.png,1,VALID,0.5317383,-0.6074219,-0.8120117,0.5430849,LCC-FASD external-dev / cross-domain stress set,True
FT720P_MBP1314_IPHONE6SF_id0_s0_90.png,1,VALID,0.34204102,-0.6826172,-0.5341797,0.25454062,LCC-FASD external-dev / cross-domain stress set,True
FT720P_MBP1314_IPHONE6SF_id0_s0_105.png,1,VALID,0.5522461,-0.7753906,-0.7426758,0.61799836,LCC-FASD external-dev / cross-domain stress set,True
FT720P_MBP1314_IPHONE6SF_id0_s0_120.png,1,VALID,0.5629883,-0.68115234,-0.828125,0.62178206,LCC-FASD external-dev / cross-domain stress set,True
FT720P_MBP1314_IPHONE6SF_id0_s0_135.png,1,VALID,0.6538086,-0.9555664,-0.7753906,0.82208747,LCC-FASD external-dev / cross-domain stress set,True
FT720P_MBP1314_IPHONE6SF_id0_s0_150.png,1,VALID,0.60302734,-1.0595703,-0.67822266,0.76070744,LCC-FASD external-dev / cross-domain stress set,True
FT720P_MBP1314_IPHONE6SF_id0_s1_15.png,1,VALID,1.3027344,-1.5351562,-1.1298828,1.9217148,LCC-FASD external-dev / cross-domain stress set,True
FT720P_MBP1314_IPHONE6SF_id0_s1_30.png,1,VALID,1.2685547,-1.4560547,-1.0996094,1.8374412,LCC-FASD external-dev / cross-domain stress set,True
FT720P_MBP1314_IPHONE6SF_id0_s1_45.png,1,VALID,1.4609375,-1.5185547,-1.2939453,2.1677475,LCC-FASD external-dev / cross-domain stress set,True
FT720P_MBP1314_IPHONE6SF_id0_s1_60.png,1,VALID,1.3984375,-1.3574219,-1.2871094,2.0269382,LCC-FASD external-dev / cross-domain stress set,True
FT720P_MBP1314_IPHONE6SF_id0_s1_75.png,1,VALID,1.3408203,-0.99853516,-1.5283203,1.8764195,LCC-FASD external-dev / cross-domain stress set,True
FT720P_MBP1314_IPHONE6SF_id0_s1_90.png,1,VALID,1.3251953,-0.99609375,-1.5244141,1.8578101,LCC-FASD external-dev / cross-domain stress set,True
FT720P_MBP1314_IPHONE6SF_id0_s1_105.png,1,VALID,1.4042969,-1.3974609,-1.2802734,2.0483012,LCC-FASD external-dev / cross-domain stress set,True
FT720P_MBP1314_IPHONE6SF_id0_s1_120.png,1,VALID,1.3427734,-1.3212891,-1.2392578,1.9290588,LCC-FASD external-dev / cross-domain stress set,True
FT720P_MBP1314_IPHONE6SF_id0_s1_135.png,1,VALID,1.4013672,-1.4560547,-1.2636719,2.063464,LCC-FASD external-dev / cross-domain stress set,True
FT720P_MBP1314_IPHONE6SF_id0_s1_150.png,1,VALID,1.4414062,-1.3867188,-1.3242188,2.1032395,LCC-FASD external-dev / cross-domain stress set,True
FT720P_MBP1314_IPHONE6SF_id0_s2_15.png,1,VALID,-0.19250488,1.765625,-1.2666016,-2.0052123,LCC-FASD external-dev / cross-domain stress set,False
FT720P_MBP1314_IPHONE6SF_id0_s2_105.png,1,VALID,0.48461914,0.9604492,-1.5537109,-0.55365264,LCC-FASD external-dev / cross-domain stress set,True
FT720P_MBP1314_IPHONE6SF_id0_s2_120.png,1,VALID,0.54003906,0.67578125,-1.4501953,-0.2484603,LCC-FASD external-dev / cross-domain stress set,True
FT720P_MBP1314_IPHONE6SF_id0_s2_135.png,1,VALID,0.5083008,0.6977539,-1.4130859,-0.30379575,LCC-FASD external-dev / cross-domain stress set,True
FT720P_MBP1314_IPHONE6SF_id0_s2_150.png,1,VALID,0.3840332,1.1533203,-1.4863281,-0.8382406,LCC-FASD external-dev / cross-domain stress set,False
FT720P_MBP1314_IPHONE6F_id0_s0_30.png,1,VALID,1.2021484,-1.5166016,-1.1435547,1.8217838,LCC-FASD external-dev / cross-domain stress set,True
FT720P_MBP1314_IPHONE6F_id0_s0_45.png,1,VALID,1.1171875,-1.4394531,-1.0683594,1.6608305,LCC-FASD external-dev / cross-domain stress set,True
FT720P_MBP1314_IPHONE6F_id0_s0_60.png,1,VALID,1.2285156,-1.8056641,-1.0458984,1.8906657,LCC-FASD external-dev / cross-domain stress set,True
FT720P_MBP1314_IPHONE6F_id0_s0_75.png,1,VALID,1.2568359,-1.6328125,-1.1367188,1.9180012,LCC-FASD external-dev / cross-domain stress set,True
FT720P_MBP1314_IPHONE6F_id0_s0_90.png,1,VALID,1.1367188,-1.8193359,-0.90478516,1.7045343,LCC-FASD external-dev / cross-domain stress set,True
FT720P_MBP1314_IPHONE6F_id0_s0_150.png,1,VALID,1.0732422,-1.7822266,-0.87841797,1.6116056,LCC-FASD external-dev / cross-domain stress set,True
FT720P_MBP1314_IPHONE6F_id0_s1_15.png,1,VALID,1.6337891,-1.8427734,-1.3974609,2.5361733,LCC-FASD external-dev / cross-domain stress set,True
FT720P_MBP1314_IPHONE6F_id0_s1_30.png,1,VALID,1.5458984,-1.7919922,-1.2744141,2.3528357,LCC-FASD external-dev / cross-domain stress set,True
FT720P_MBP1314_IPHONE6F_id0_s1_45.png,1,VALID,1.6357422,-1.7695312,-1.3886719,2.5036733,LCC-FASD external-dev / cross-domain stress set,True
FT720P_MBP1314_IPHONE6F_id0_s1_60.png,1,VALID,1.6464844,-1.8125,-1.4052734,2.5416365,LCC-FASD external-dev / cross-domain stress set,True
FT720P_MBP1314_IPHONE6F_id0_s1_75.png,1,VALID,1.6191406,-1.8789062,-1.3447266,2.5025575,LCC-FASD external-dev / cross-domain stress set,True
FT720P_MBP1314_IPHONE6F_id0_s1_90.png,1,VALID,1.6787109,-1.8173828,-1.4355469,2.5939133,LCC-FASD external-dev / cross-domain stress set,True
FT720P_MBP1314_IPHONE6F_id0_s1_105.png,1,VALID,1.6025391,-1.7988281,-1.3525391,2.4603827,LCC-FASD external-dev / cross-domain stress set,True
FT720P_MBP1314_IPHONE6F_id0_s1_120.png,1,VALID,1.6210938,-1.6181641,-1.4541016,2.4607186,LCC-FASD external-dev / cross-domain stress set,True
FT720P_MBP1314_IPHONE6F_id0_s1_135.png,1,VALID,1.6494141,-1.7871094,-1.4316406,2.5499296,LCC-FASD external-dev / cross-domain stress set,True
FT720P_MBP1314_IPHONE6F_id0_s1_150.png,1,VALID,1.7138672,-1.8339844,-1.4765625,2.660109,LCC-FASD external-dev / cross-domain stress set,True
FT720P_MBP1314_IPHONE6F_id0_s2_15.png,1,VALID,0.11419678,1.2216797,-1.1865234,-1.1936393,LCC-FASD external-dev / cross-domain stress set,False
FT720P_MBP1314_IPHONE6F_id0_s2_30.png,1,VALID,0.4086914,0.77783203,-1.1738281,-0.5019551,LCC-FASD external-dev / cross-domain stress set,True
FT720P_MBP1314_IPHONE6F_id0_s2_45.png,1,VALID,0.47631836,0.5371094,-1.1386719,-0.23235655,LCC-FASD external-dev / cross-domain stress set,True
FT720P_MBP1314_IPHONE6F_id0_s2_60.png,1,VALID,0.5053711,1.0449219,-1.4804688,-0.61653686,LCC-FASD external-dev / cross-domain stress set,False
FT720P_MBP1314_IPHONE6F_id0_s2_75.png,1,VALID,0.63183594,0.7285156,-1.5126953,-0.19772762,LCC-FASD external-dev / cross-domain stress set,True
FT720P_MBP1314_IPHONE6F_id0_s2_90.png,1,VALID,0.63378906,0.6899414,-1.5175781,-0.16048813,LCC-FASD external-dev / cross-domain stress set,True
FT720P_MBP1314_IPHONE6F_id0_s2_105.png,1,VALID,0.73779297,0.7036133,-1.6269531,-0.058618903,LCC-FASD external-dev / cross-domain stress set,True
FT720P_MBP1314_IPHONE6F_id0_s2_120.png,1,VALID,0.80615234,0.6669922,-1.6484375,0.045010865,LCC-FASD external-dev / cross-domain stress set,True
FT720P_MBP1314_IPHONE6F_id0_s2_135.png,1,VALID,0.26586914,1.3535156,-1.5009766,-1.1436344,LCC-FASD external-dev / cross-domain stress set,False
FT720P_MBP1314_IPHONE6F_id0_s2_150.png,1,VALID,0.6665039,0.6801758,-1.4892578,-0.1218465,LCC-FASD external-dev / cross-domain stress set,True
FT720P_MBP1314_IPHONE6F_id0_s3_15.png,1,VALID,0.5961914,1.5732422,-2.0253906,-1.0040443,LCC-FASD external-dev / cross-domain stress set,False
FT720P_MBP1314_IPHONE6F_id0_s3_30.png,1,VALID,1.1064453,0.6274414,-2.046875,0.4123233,LCC-FASD external-dev / cross-domain stress set,True
FT720P_MBP1314_IPHONE6F_id0_s3_45.png,1,VALID,1.1767578,0.24731445,-1.9570312,0.8247926,LCC-FASD external-dev / cross-domain stress set,True
FT720P_MBP1314_IPHONE6F_id0_s3_60.png,1,VALID,1.3701172,0.20166016,-1.9042969,1.0535856,LCC-FASD external-dev / cross-domain stress set,True
FT720P_MBP1314_IPHONE6F_id0_s3_75.png,1,VALID,1.3818359,-0.15710449,-1.8183594,1.3650707,LCC-FASD external-dev / cross-domain stress set,True
FT720P_MBP1314_IPHONE6F_id0_s3_90.png,1,VALID,1.0966797,0.7558594,-2.0136719,0.28001565,LCC-FASD external-dev / cross-domain stress set,True
FT720P_MBP1314_IPHONE6F_id0_s3_105.png,1,VALID,1.1845703,0.51220703,-2.0195312,0.5958461,LCC-FASD external-dev / cross-domain stress set,True
FT720P_MBP1314_IPHONE6F_id0_s3_120.png,1,VALID,1.3701172,-0.023773193,-1.8701172,1.2473575,LCC-FASD external-dev / cross-domain stress set,True
FT720P_MBP1314_IPHONE6F_id0_s3_135.png,1,VALID,1.3125,0.31445312,-2.1113281,0.91332984,LCC-FASD external-dev / cross-domain stress set,True
FT720P_MBP1314_IPHONE6F_id0_s3_150.png,1,VALID,1.4033203,0.08709717,-1.9804688,1.1971135,LCC-FASD external-dev / cross-domain stress set,True
FT720P_MBP1314_IPHONE6F_id12_s0_15.png,1,VALID,-0.99072266,2.0976562,-0.7241211,-3.146176,LCC-FASD external-dev / cross-domain stress set,False
FT720P_MBP1314_IPHONE6F_id12_s0_30.png,1,VALID,-0.9448242,2.4042969,-0.9916992,-3.3820791,LCC-FASD external-dev / cross-domain stress set,False
FT720P_MBP1314_IPHONE6F_id12_s0_45.png,1,VALID,-1.0048828,2.4316406,-1.0507812,-3.4667935,LCC-FASD external-dev / cross-domain stress set,False
FT720P_MBP1314_IPHONE6F_id12_s0_60.png,1,VALID,-0.88623047,2.1425781,-0.93847656,-3.0736966,LCC-FASD external-dev / cross-domain stress set,False
FT720P_MBP1314_IPHONE6F_id12_s0_75.png,1,VALID,-1.0019531,2.2421875,-0.8178711,-3.2899597,LCC-FASD external-dev / cross-domain stress set,False
FT720P_MBP1314_IPHONE6F_id12_s0_90.png,1,VALID,-1.140625,2.2675781,-0.82666016,-3.452516,LCC-FASD external-dev / cross-domain stress set,False
FT720P_MBP1314_IPHONE6F_id12_s0_105.png,1,VALID,-0.95703125,2.0,-0.6826172,-3.0231783,LCC-FASD external-dev / cross-domain stress set,False
FT720P_MBP1314_IPHONE6F_id12_s0_120.png,1,VALID,-1.1162109,2.1816406,-0.74853516,-3.3498628,LCC-FASD external-dev / cross-domain stress set,False
FT720P_MBP1314_IPHONE6F_id12_s0_135.png,1,VALID,-0.9628906,2.2265625,-0.8125,-3.2362218,LCC-FASD external-dev / cross-domain stress set,False
FT720P_MBP1314_IPHONE6F_id12_s0_150.png,1,VALID,-0.97753906,1.6699219,-0.4230957,-2.7637446,LCC-FASD external-dev / cross-domain stress set,False
FT720P_MBP1314_IPHONE6F_id12_s1_15.png,1,VALID,-0.43115234,1.3212891,-0.64404297,-1.8835655,LCC-FASD external-dev / cross-domain stress set,False
FT720P_MBP1314_IPHONE6F_id12_s1_30.png,1,VALID,-0.80322266,1.328125,-0.32373047,-2.3067234,LCC-FASD external-dev / cross-domain stress set,False
FT720P_MBP1314_IPHONE6F_id12_s1_45.png,1,VALID,-0.10144043,1.0830078,-0.9135742,-1.3117844,LCC-FASD external-dev / cross-domain stress set,False
FT720P_MBP1314_IPHONE6F_id12_s1_60.png,1,VALID,-0.23571777,1.4990234,-1.0498047,-1.8100092,LCC-FASD external-dev / cross-domain stress set,False
FT720P_MBP1314_IPHONE6F_id12_s1_75.png,1,VALID,-0.47265625,1.7460938,-0.94384766,-2.28443,LCC-FASD external-dev / cross-domain stress set,False
FT720P_MBP1314_IPHONE6F_id12_s1_90.png,1,VALID,-0.42797852,1.8330078,-1.0292969,-2.3165505,LCC-FASD external-dev / cross-domain stress set,False
FT720P_MBP1314_IPHONE6F_id12_s1_105.png,1,VALID,-0.5366211,1.8115234,-0.94628906,-2.4096444,LCC-FASD external-dev / cross-domain stress set,False
FT720P_MBP1314_IPHONE6F_id12_s1_120.png,1,VALID,-0.41186523,1.8681641,-1.1357422,-2.3284316,LCC-FASD external-dev / cross-domain stress set,False
FT720P_MBP1314_IPHONE6F_id12_s1_135.png,1,VALID,-0.5131836,1.5322266,-0.81884766,-2.1364083,LCC-FASD external-dev / cross-domain stress set,False
FT720P_MBP1314_IPHONE6F_id12_s1_150.png,1,VALID,-0.64990234,1.7011719,-0.8339844,-2.42734,LCC-FASD external-dev / cross-domain stress set,False
FT720P_MBP1314_IPHONE6F_id12_s2_105.png,1,VALID,-0.9863281,2.0644531,-0.63671875,-3.115751,LCC-FASD external-dev / cross-domain stress set,False
FT720P_I2269VWM_DOOX30_id5_s0_30.png,1,VALID,1.1542969,-1.8320312,-0.37695312,1.3214899,LCC-FASD external-dev / cross-domain stress set,True
FT720P_I2269VWM_DOOX30_id5_s0_45.png,1,VALID,1.6318359,-2.1074219,-0.9291992,2.2926693,LCC-FASD external-dev / cross-domain stress set,True
FT720P_I2269VWM_DOOX30_id5_s0_60.png,1,VALID,1.6982422,-2.1367188,-0.98535156,2.4088416,LCC-FASD external-dev / cross-domain stress set,True
FT720P_I2269VWM_DOOX30_id5_s0_75.png,1,VALID,1.4267578,-2.046875,-0.71728516,1.9092984,LCC-FASD external-dev / cross-domain stress set,True
FT720P_I2269VWM_DOOX30_id5_s0_90.png,1,VALID,1.4150391,-2.0996094,-0.73828125,1.9251335,LCC-FASD external-dev / cross-domain stress set,True
FT720P_I2269VWM_DOOX30_id9_s0_15.png,1,VALID,0.5625,-1.3457031,-0.26708984,0.53687036,LCC-FASD external-dev / cross-domain stress set,True
FT720P_I2269VWM_DOOX30_id9_s0_30.png,1,VALID,0.97216797,-1.5029297,-0.6376953,1.2585356,LCC-FASD external-dev / cross-domain stress set,True
FT720P_I2269VWM_DOOX30_id9_s0_45.png,1,VALID,1.1269531,-0.99658203,-1.1298828,1.4948189,LCC-FASD external-dev / cross-domain stress set,True
FT720P_I2269VWM_DOOX30_id9_s0_60.png,1,VALID,1.0234375,-1.2177734,-0.8417969,1.3425088,LCC-FASD external-dev / cross-domain stress set,True
FT720P_I2269VWM_DOOX30_id9_s0_75.png,1,VALID,1.1894531,-1.2353516,-0.95703125,1.5828457,LCC-FASD external-dev / cross-domain stress set,True
FT720P_I2269VWM_DOOX30_id9_s0_90.png,1,VALID,1.3076172,-1.2128906,-1.1308594,1.7855041,LCC-FASD external-dev / cross-domain stress set,True
FT720P_I2269VWM_DOOX30_id9_s0_105.png,1,VALID,1.2470703,-1.3603516,-1.0390625,1.740782,LCC-FASD external-dev / cross-domain stress set,True
FT720P_I2269VWM_DOOX30_id9_s0_120.png,1,VALID,1.2617188,-0.87109375,-1.2724609,1.6203456,LCC-FASD external-dev / cross-domain stress set,True
FT720P_I2269VWM_DOOX30_id9_s0_135.png,1,VALID,1.0742188,-1.3808594,-0.74121094,1.3918117,LCC-FASD external-dev / cross-domain stress set,True
FT720P_I2269VWM_DOOX30_id9_s0_150.png,1,VALID,1.2255859,-0.97314453,-1.2519531,1.6353021,LCC-FASD external-dev / cross-domain stress set,True
FT720P_IIYAMAGB_IPHONE5SB_id0_s0_15.png,1,VALID,1.09375,-1.3525391,-1.0898438,1.6131928,LCC-FASD external-dev / cross-domain stress set,True
FT720P_IIYAMAGB_IPHONE5SB_id0_s0_30.png,1,VALID,1.3837891,-1.6972656,-1.2578125,2.1442327,LCC-FASD external-dev / cross-domain stress set,True
FT720P_IIYAMAGB_IPHONE5SB_id0_s0_45.png,1,VALID,1.1767578,-1.7792969,-1.0244141,1.8158648,LCC-FASD external-dev / cross-domain stress set,True
FT720P_IIYAMAGB_IPHONE5SB_id0_s0_60.png,1,VALID,1.0810547,-1.6679688,-0.92822266,1.6191052,LCC-FASD external-dev / cross-domain stress set,True
FT720P_IIYAMAGB_IPHONE5SB_id0_s0_75.png,1,VALID,1.1425781,-1.5058594,-1.0732422,1.7157671,LCC-FASD external-dev / cross-domain stress set,True
FT720P_IIYAMAGB_IPHONE5SB_id0_s0_90.png,1,VALID,1.3066406,-1.5488281,-1.2324219,1.9916562,LCC-FASD external-dev / cross-domain stress set,True
FT720P_IIYAMAGB_IPHONE5SB_id0_s0_105.png,1,VALID,1.3144531,-1.9472656,-1.1132812,2.0670466,LCC-FASD external-dev / cross-domain stress set,True
FT720P_IIYAMAGB_IPHONE5SB_id0_s0_120.png,1,VALID,1.3291016,-1.8330078,-1.2089844,2.1090446,LCC-FASD external-dev / cross-domain stress set,True
FT720P_IIYAMAGB_IPHONE5SB_id0_s0_135.png,1,VALID,1.3388672,-1.84375,-1.2480469,2.1479015,LCC-FASD external-dev / cross-domain stress set,True
FT720P_IIYAMAGB_IPHONE5SB_id0_s0_150.png,1,VALID,1.234375,-1.8740234,-1.0429688,1.915768,LCC-FASD external-dev / cross-domain stress set,True
FT720P_IIYAMAGB_IPHONE5SB_id5_s0_15.png,1,VALID,0.89208984,-0.80371094,-0.6381836,0.9164689,LCC-FASD external-dev / cross-domain stress set,True
FT720P_IIYAMAGB_IPHONE5SB_id5_s0_30.png,1,VALID,0.6557617,-0.5361328,-0.53808594,0.49972343,LCC-FASD external-dev / cross-domain stress set,True
FT720P_IIYAMAGB_IPHONE5SB_id5_s0_45.png,1,VALID,0.5151367,0.037750244,-0.7416992,0.09986934,LCC-FASD external-dev / cross-domain stress set,True
FT720P_IIYAMAGB_IPHONE5SB_id5_s0_60.png,1,VALID,0.6816406,-0.32739258,-0.6870117,0.47961628,LCC-FASD external-dev / cross-domain stress set,True
FT720P_IIYAMAGB_IPHONE5SB_id5_s0_75.png,1,VALID,0.50439453,-0.080200195,-0.5966797,0.11670756,LCC-FASD external-dev / cross-domain stress set,True
FT720P_IIYAMAGB_IPHONE5SB_id5_s0_90.png,1,VALID,0.94433594,-0.7949219,-0.69433594,0.9945535,LCC-FASD external-dev / cross-domain stress set,True
FT720P_IIYAMAGB_IPHONE5SB_id5_s0_105.png,1,VALID,0.38354492,0.30444336,-0.77978516,-0.21219587,LCC-FASD external-dev / cross-domain stress set,True
FT720P_IIYAMAGB_IPHONE5SB_id5_s0_120.png,1,VALID,0.89697266,-0.53222656,-0.81689453,0.86829054,LCC-FASD external-dev / cross-domain stress set,True
FT720P_IIYAMAGB_IPHONE5SB_id5_s0_135.png,1,VALID,0.47558594,-0.26464844,-0.47998047,0.1489684,LCC-FASD external-dev / cross-domain stress set,True
FT720P_IIYAMAGB_IPHONE5SB_id5_s0_150.png,1,VALID,0.84228516,-0.84375,-0.5629883,0.84268594,LCC-FASD external-dev / cross-domain stress set,True
FT720P_IIYAMAGB_IPHONE5SB_id9_s0_15.png,1,VALID,0.5839844,-0.61376953,-0.48095703,0.43599725,LCC-FASD external-dev / cross-domain stress set,True
FT720P_IIYAMAGB_IPHONE5SB_id9_s0_30.png,1,VALID,0.07366943,-0.453125,0.051239014,-0.45000118,LCC-FASD external-dev / cross-domain stress set,True
FT720P_IIYAMAGB_IPHONE5SB_id9_s0_45.png,1,VALID,-0.1104126,0.5019531,-0.32763672,-0.9743861,LCC-FASD external-dev / cross-domain stress set,False
FT720P_IIYAMAGB_IPHONE5SB_id9_s0_60.png,1,VALID,0.1328125,0.48583984,-0.63134766,-0.63609785,LCC-FASD external-dev / cross-domain stress set,False
FT720P_IIYAMAGB_IPHONE5SB_id9_s0_75.png,1,VALID,0.27441406,0.7104492,-0.9980469,-0.60251355,LCC-FASD external-dev / cross-domain stress set,False
FT720P_IIYAMAGB_IPHONE5SB_id9_s0_90.png,1,VALID,0.11224365,1.0439453,-1.015625,-1.0517123,LCC-FASD external-dev / cross-domain stress set,False
FT720P_IIYAMAGB_IPHONE5SB_id9_s0_105.png,1,VALID,0.048919678,0.7241211,-0.71533203,-0.88793683,LCC-FASD external-dev / cross-domain stress set,False
FT720P_IIYAMAGB_IPHONE5SB_id9_s0_120.png,1,VALID,0.3173828,0.8144531,-1.1083984,-0.6335132,LCC-FASD external-dev / cross-domain stress set,False
FT720P_IIYAMAGB_IPHONE5SB_id9_s0_135.png,1,VALID,-0.07696533,1.1689453,-0.89941406,-1.3649311,LCC-FASD external-dev / cross-domain stress set,False
FT720P_IIYAMAGB_IPHONE5SB_id9_s0_150.png,1,VALID,-0.097595215,1.0253906,-0.77978516,-1.2752309,LCC-FASD external-dev / cross-domain stress set,False
FT720P_MBP1314_IPHONE6F_id0_s0_15.png,1,VALID,1.1875,-1.5019531,-1.1396484,1.7988346,LCC-FASD external-dev / cross-domain stress set,True
FT720P_MBP1314_IPHONE6F_id0_s0_105.png,1,VALID,1.1298828,-1.8076172,-0.8496094,1.6547625,LCC-FASD external-dev / cross-domain stress set,True
FT720P_MBP1314_IPHONE6F_id0_s0_120.png,1,VALID,1.1269531,-1.6113281,-1.0,1.6934645,LCC-FASD external-dev / cross-domain stress set,True
FT720P_MBP1314_IPHONE6F_id0_s0_135.png,1,VALID,1.1474609,-1.6132812,-1.0234375,1.7297999,LCC-FASD external-dev / cross-domain stress set,True
FT720P_I2269VWM_DOOX30_id0_s1_60.png,1,VALID,1.3652344,-1.7226562,-1.1132812,2.0443397,LCC-FASD external-dev / cross-domain stress set,True
FT720P_I2269VWM_DOOX30_id0_s1_75.png,1,VALID,1.3046875,-1.8994141,-1.0068359,1.9682186,LCC-FASD external-dev / cross-domain stress set,True
FT720P_I2269VWM_DOOX30_id0_s1_90.png,1,VALID,1.2998047,-1.7138672,-1.046875,1.93242,LCC-FASD external-dev / cross-domain stress set,True
FT720P_I2269VWM_DOOX30_id0_s2_15.png,1,VALID,0.55029297,-0.35083008,-0.72509766,0.3777014,LCC-FASD external-dev / cross-domain stress set,True
FT720P_I2269VWM_DOOX30_id0_s2_30.png,1,VALID,0.38085938,-0.89501953,-0.18322754,0.16479823,LCC-FASD external-dev / cross-domain stress set,True
FT720P_I2269VWM_DOOX30_id0_s2_45.png,1,VALID,1.5917969,-1.7089844,-1.1982422,2.320004,LCC-FASD external-dev / cross-domain stress set,True
FT720P_I2269VWM_DOOX30_id0_s2_60.png,1,VALID,1.6240234,-1.9775391,-1.3486328,2.5453157,LCC-FASD external-dev / cross-domain stress set,True
FT720P_I2269VWM_DOOX30_id0_s2_75.png,1,VALID,1.4326172,-1.4716797,-1.3564453,2.1518736,LCC-FASD external-dev / cross-domain stress set,True
FT720P_I2269VWM_DOOX30_id0_s2_90.png,1,VALID,1.7226562,-1.8242188,-1.5908203,2.7302346,LCC-FASD external-dev / cross-domain stress set,True
FT720P_I2269VWM_DOOX30_id0_s2_105.png,1,VALID,1.8164062,-1.4257812,-1.9023438,2.7591972,LCC-FASD external-dev / cross-domain stress set,True
FT720P_I2269VWM_DOOX30_id0_s2_120.png,1,VALID,1.2226562,-0.95996094,-1.4365234,1.6996269,LCC-FASD external-dev / cross-domain stress set,True
FT720P_I2269VWM_DOOX30_id0_s2_135.png,1,VALID,1.6513672,-1.5146484,-1.5625,2.4965081,LCC-FASD external-dev / cross-domain stress set,True
FT720P_I2269VWM_DOOX30_id0_s2_150.png,1,VALID,1.8359375,-1.7871094,-1.6757812,2.872687,LCC-FASD external-dev / cross-domain stress set,True
FT720P_I2269VWM_DOOX30_id0_s3_15.png,1,VALID,-0.03878784,1.8955078,-1.5224609,-1.9665489,LCC-FASD external-dev / cross-domain stress set,False
FT720P_I2269VWM_DOOX30_id0_s3_42.png,1,VALID,-0.05065918,1.7988281,-1.484375,-1.8863089,LCC-FASD external-dev / cross-domain stress set,False
FT720P_I2269VWM_DOOX30_id0_s3_59.png,1,VALID,-0.80126953,2.5722656,-1.2744141,-3.394661,LCC-FASD external-dev / cross-domain stress set,False
FT720P_I2269VWM_DOOX30_id0_s3_89.png,1,VALID,0.10473633,2.0957031,-1.7880859,-2.0113308,LCC-FASD external-dev / cross-domain stress set,False
FT720P_I2269VWM_DOOX30_id0_s3_123.png,1,VALID,-0.5488281,2.1308594,-1.2246094,-2.7139857,LCC-FASD external-dev / cross-domain stress set,False
FT720P_I2269VWM_DOOX30_id0_s3_140.png,1,VALID,-0.61328125,2.359375,-1.2197266,-3.0001748,LCC-FASD external-dev / cross-domain stress set,False
FT720P_I2269VWM_DOOX30_id0_s3_155.png,1,VALID,-0.7470703,2.1796875,-1.0595703,-2.965202,LCC-FASD external-dev / cross-domain stress set,False
FT720P_I2269VWM_DOOX30_id0_s3_170.png,1,VALID,-0.54785156,2.3417969,-1.2851562,-2.915898,LCC-FASD external-dev / cross-domain stress set,False
FT720P_I2269VWM_DOOX30_id5_s0_15.png,1,VALID,1.375,-1.8837891,-0.5991211,1.7298093,LCC-FASD external-dev / cross-domain stress set,True
FT720P_I2269VWM_DOOX30_id5_s0_105.png,1,VALID,1.8144531,-2.1367188,-1.3457031,2.7862616,LCC-FASD external-dev / cross-domain stress set,True
FT720P_I2269VWM_DOOX30_id5_s0_120.png,1,VALID,1.8173828,-2.2578125,-1.1230469,2.661664,LCC-FASD external-dev / cross-domain stress set,True
FT720P_I2269VWM_DOOX30_id5_s0_135.png,1,VALID,1.6533203,-2.0429688,-0.9736328,2.331871,LCC-FASD external-dev / cross-domain stress set,True
FT720P_I2269VWM_DOOX30_id5_s0_150.png,1,VALID,1.9169922,-2.2773438,-1.3173828,2.9101865,LCC-FASD external-dev / cross-domain stress set,True
FT720P_I2269VWM_DOOX30_id12_s0_15.png,1,VALID,0.7558594,-1.0146484,-0.6503906,0.87873715,LCC-FASD external-dev / cross-domain stress set,True
FT720P_I2269VWM_DOOX30_id12_s0_30.png,1,VALID,1.0087891,-1.6367188,-0.7910156,1.442651,LCC-FASD external-dev / cross-domain stress set,True
FT720P_I2269VWM_DOOX30_id12_s0_45.png,1,VALID,0.9160156,-1.6152344,-0.63183594,1.2300979,LCC-FASD external-dev / cross-domain stress set,True
FT720P_I2269VWM_DOOX30_id12_s0_60.png,1,VALID,0.7944336,-1.5058594,-0.5620117,1.0277693,LCC-FASD external-dev / cross-domain stress set,True
FT720P_I2269VWM_DOOX30_id12_s0_75.png,1,VALID,1.2548828,-1.8896484,-0.90234375,1.8405347,LCC-FASD external-dev / cross-domain stress set,True
FT720P_I2269VWM_DOOX30_id12_s0_90.png,1,VALID,1.0410156,-1.6552734,-0.7451172,1.4479041,LCC-FASD external-dev / cross-domain stress set,True
FT720P_I2269VWM_DOOX30_id12_s0_105.png,1,VALID,1.3710938,-2.0410156,-0.9555664,2.0356712,LCC-FASD external-dev / cross-domain stress set,True
FT720P_I2269VWM_DOOX30_id12_s0_120.png,1,VALID,1.4091797,-2.0332031,-1.0332031,2.1291213,LCC-FASD external-dev / cross-domain stress set,True
FT720P_I2269VWM_DOOX30_id12_s0_135.png,1,VALID,1.4335938,-1.9980469,-1.1484375,2.2260492,LCC-FASD external-dev / cross-domain stress set,True
FT720P_I2269VWM_DOOX30_id12_s0_150.png,1,VALID,1.0332031,-1.8095703,-0.7006836,1.4487634,LCC-FASD external-dev / cross-domain stress set,True
FT720P_I2269VWM_DOOX30_id12_s1_15.png,1,VALID,0.83935547,-1.84375,-0.21484375,0.8750962,LCC-FASD external-dev / cross-domain stress set,True
FT720P_I2269VWM_DOOX30_id12_s1_30.png,1,VALID,0.50390625,-1.8173828,0.17016602,0.20531988,LCC-FASD external-dev / cross-domain stress set,True
FT720P_I2269VWM_DOOX30_id12_s1_45.png,1,VALID,0.6357422,-1.6914062,-0.0949707,0.54621255,LCC-FASD external-dev / cross-domain stress set,True
FT720P_I2269VWM_DOOX30_id12_s1_60.png,1,VALID,1.0078125,-1.953125,-0.41455078,1.2278769,LCC-FASD external-dev / cross-domain stress set,True
FT720P_I2269VWM_DOOX30_id12_s1_75.png,1,VALID,1.4902344,-2.0761719,-0.8769531,2.103724,LCC-FASD external-dev / cross-domain stress set,True
FT720P_I2269VWM_DOOX30_id12_s1_90.png,1,VALID,1.3085938,-1.9443359,-0.7089844,1.7623682,LCC-FASD external-dev / cross-domain stress set,True
FT720P_I2269VWM_DOOX30_id12_s1_105.png,1,VALID,1.3154297,-1.9873047,-0.6298828,1.7163274,LCC-FASD external-dev / cross-domain stress set,True
FT720P_I2269VWM_DOOX30_id12_s1_120.png,1,VALID,1.1630859,-1.9033203,-0.66552734,1.5739528,LCC-FASD external-dev / cross-domain stress set,True
FT720P_I2269VWM_DOOX30_id12_s1_135.png,1,VALID,1.1425781,-1.9765625,-0.50634766,1.4420124,LCC-FASD external-dev / cross-domain stress set,True
FT720P_I2269VWM_DOOX30_id12_s1_150.png,1,VALID,0.6772461,-1.7392578,-0.10638428,0.6051768,LCC-FASD external-dev / cross-domain stress set,True
FT720P_I2269VWM_DOOX30_id12_s2_15.png,1,VALID,0.7705078,-0.05014038,-1.1826172,0.54132533,LCC-FASD external-dev / cross-domain stress set,True
FT720P_I2269VWM_DOOX30_id12_s2_30.png,1,VALID,0.8071289,-1.3720703,-0.8286133,1.177851,LCC-FASD external-dev / cross-domain stress set,True
FT720P_I2269VWM_DOOX30_id12_s2_45.png,1,VALID,1.0195312,-1.59375,-0.94091797,1.5413643,LCC-FASD external-dev / cross-domain stress set,True
FT720P_I2269VWM_DOOX30_id12_s2_60.png,1,VALID,1.1943359,-1.5449219,-0.97314453,1.7199006,LCC-FASD external-dev / cross-domain stress set,True
FT720P_I2269VWM_DOOX30_id12_s2_75.png,1,VALID,1.2050781,-1.5117188,-1.0976562,1.7953389,LCC-FASD external-dev / cross-domain stress set,True
FT720P_I2269VWM_DOOX30_id12_s2_90.png,1,VALID,1.1601562,-1.5546875,-1.0244141,1.7218153,LCC-FASD external-dev / cross-domain stress set,True
FT720P_I2269VWM_DOOX30_id12_s2_105.png,1,VALID,1.2167969,-1.6865234,-1.0566406,1.8464365,LCC-FASD external-dev / cross-domain stress set,True
FT720P_I2269VWM_DOOX30_id12_s2_120.png,1,VALID,1.0927734,-1.7939453,-0.66015625,1.4739265,LCC-FASD external-dev / cross-domain stress set,True
FT720P_I2269VWM_DOOX30_id12_s2_135.png,1,VALID,1.1650391,-1.5263672,-1.0234375,1.7155046,LCC-FASD external-dev / cross-domain stress set,True
FT720P_I2269VWM_DOOX30_id12_s2_150.png,1,VALID,1.0625,-1.3398438,-1.0097656,1.5306,LCC-FASD external-dev / cross-domain stress set,True
FT720P_G780_REDMI4X_id5_s0_15.png,1,VALID,0.22839355,0.9013672,-1.1132812,-0.79816675,LCC-FASD external-dev / cross-domain stress set,False
FT720P_G780_REDMI4X_id5_s0_30.png,1,VALID,0.038391113,1.1230469,-1.046875,-1.1927804,LCC-FASD external-dev / cross-domain stress set,False
FT720P_G780_REDMI4X_id5_s0_45.png,1,VALID,0.1194458,1.0292969,-1.1552734,-1.0164843,LCC-FASD external-dev / cross-domain stress set,False
FT720P_G780_REDMI4X_id5_s0_60.png,1,VALID,0.16723633,1.0058594,-1.078125,-0.95590234,LCC-FASD external-dev / cross-domain stress set,False
FT720P_G780_REDMI4X_id5_s0_75.png,1,VALID,-0.01574707,1.3164062,-1.1083984,-1.4169496,LCC-FASD external-dev / cross-domain stress set,False
FT720P_G780_REDMI4X_id5_s0_90.png,1,VALID,-0.20178223,1.5253906,-1.0253906,-1.8022995,LCC-FASD external-dev / cross-domain stress set,False
FT720P_G780_REDMI4X_id5_s0_105.png,1,VALID,0.014450073,1.3291016,-1.1669922,-1.393838,LCC-FASD external-dev / cross-domain stress set,False
FT720P_G780_REDMI4X_id5_s0_120.png,1,VALID,0.0871582,1.1503906,-1.1201172,-1.1615015,LCC-FASD external-dev / cross-domain stress set,False
FT720P_G780_REDMI4X_id5_s0_135.png,1,VALID,0.38452148,0.64160156,-1.1689453,-0.40856838,LCC-FASD external-dev / cross-domain stress set,True
FT720P_G780_REDMI4X_id5_s0_150.png,1,VALID,0.2244873,1.0322266,-1.1640625,-0.91319335,LCC-FASD external-dev / cross-domain stress set,False
FT720P_G780_REDMI4X_id9_s0_15.png,1,VALID,-1.1308594,0.31933594,0.79589844,-2.409748,LCC-FASD external-dev / cross-domain stress set,False
FT720P_G780_REDMI4X_id9_s0_30.png,1,VALID,-1.2695312,0.67041016,0.72998047,-2.6633172,LCC-FASD external-dev / cross-domain stress set,False
FT720P_G780_REDMI4X_id9_s0_45.png,1,VALID,-1.3369141,0.88378906,0.6010742,-2.7824507,LCC-FASD external-dev / cross-domain stress set,False
FT720P_G780_REDMI4X_id9_s0_60.png,1,VALID,-1.15625,1.2753906,0.13549805,-2.7091613,LCC-FASD external-dev / cross-domain stress set,False
FT720P_G780_REDMI4X_id9_s0_75.png,1,VALID,-1.1875,1.0810547,0.27490234,-2.637752,LCC-FASD external-dev / cross-domain stress set,False
FT720P_G780_REDMI4X_id9_s0_90.png,1,VALID,-1.3359375,1.1015625,0.46948242,-2.863738,LCC-FASD external-dev / cross-domain stress set,False
FT720P_G780_REDMI4X_id9_s0_105.png,1,VALID,-1.1923828,0.36987305,0.8671875,-2.534662,LCC-FASD external-dev / cross-domain stress set,False
FT720P_G780_REDMI4X_id9_s0_120.png,1,VALID,-1.2148438,0.6738281,0.65185547,-2.570893,LCC-FASD external-dev / cross-domain stress set,False
FT720P_G780_REDMI4X_id9_s0_135.png,1,VALID,-1.2177734,1.2197266,0.22937012,-2.7533643,LCC-FASD external-dev / cross-domain stress set,False
FT720P_G780_REDMI4X_id9_s0_150.png,1,VALID,-1.0556641,0.3791504,0.73291016,-2.3204038,LCC-FASD external-dev / cross-domain stress set,False
FT720P_G780_REDMI4X_id12_s1_15.png,1,VALID,0.031158447,0.9770508,-1.2275391,-1.0505188,LCC-FASD external-dev / cross-domain stress set,False
FT720P_G780_REDMI4X_id12_s1_30.png,1,VALID,0.030166626,1.0273438,-1.2265625,-1.0970119,LCC-FASD external-dev / cross-domain stress set,False
FT720P_G780_REDMI4X_id12_s1_45.png,1,VALID,0.05456543,1.03125,-1.2832031,-1.0709217,LCC-FASD external-dev / cross-domain stress set,False
FT720P_G780_REDMI4X_id12_s1_60.png,1,VALID,0.07556152,1.2236328,-1.3496094,-1.2215891,LCC-FASD external-dev / cross-domain stress set,False
FT720P_G780_REDMI4X_id12_s1_75.png,1,VALID,0.070129395,1.1845703,-1.4238281,-1.1855072,LCC-FASD external-dev / cross-domain stress set,False
FT720P_G780_REDMI4X_id12_s1_90.png,1,VALID,0.24902344,0.7446289,-1.3876953,-0.60764885,LCC-FASD external-dev / cross-domain stress set,False
FT720P_G780_REDMI4X_id12_s1_120.png,1,VALID,0.1772461,0.6201172,-1.2666016,-0.5839958,LCC-FASD external-dev / cross-domain stress set,True
FT720P_G780_REDMI4X_id12_s1_135.png,1,VALID,0.12261963,0.76416016,-1.2382812,-0.7681778,LCC-FASD external-dev / cross-domain stress set,False
FT720P_G780_REDMI4X_id12_s1_150.png,1,VALID,0.023498535,0.6948242,-0.98291016,-0.8425835,LCC-FASD external-dev / cross-domain stress set,False
FT720P_G780_REDMI4X_id12_s2_15.png,1,VALID,-1.4599609,2.0058594,-0.44848633,-3.5482473,LCC-FASD external-dev / cross-domain stress set,False
FT720P_G780_REDMI4X_id12_s2_30.png,1,VALID,-1.5009766,2.1699219,-0.50634766,-3.7374532,LCC-FASD external-dev / cross-domain stress set,False
FT720P_G780_REDMI4X_id12_s2_45.png,1,VALID,-1.5117188,2.2070312,-0.5449219,-3.7806003,LCC-FASD external-dev / cross-domain stress set,False
FT720P_G780_REDMI4X_id12_s2_60.png,1,VALID,-1.5117188,2.2128906,-0.5673828,-3.7847836,LCC-FASD external-dev / cross-domain stress set,False
FT720P_G780_REDMI4X_id12_s2_75.png,1,VALID,-1.4052734,2.1210938,-0.57177734,-3.5918612,LCC-FASD external-dev / cross-domain stress set,False
FT720P_G780_REDMI4X_id12_s2_90.png,1,VALID,-1.4267578,2.1289062,-0.58203125,-3.6200223,LCC-FASD external-dev / cross-domain stress set,False
FT720P_G780_REDMI4X_id12_s2_105.png,1,VALID,-1.453125,2.1367188,-0.53125,-3.656935,LCC-FASD external-dev / cross-domain stress set,False
FT720P_G780_REDMI4X_id12_s2_120.png,1,VALID,-1.453125,2.1953125,-0.61376953,-3.7069519,LCC-FASD external-dev / cross-domain stress set,False
FT720P_G780_REDMI4X_id12_s2_135.png,1,VALID,-1.4560547,2.1152344,-0.55078125,-3.6385071,LCC-FASD external-dev / cross-domain stress set,False
FT720P_G780_REDMI4X_id12_s2_150.png,1,VALID,-1.4960938,2.2109375,-0.48657227,-3.7722318,LCC-FASD external-dev / cross-domain stress set,False
FT720P_I2269VWM_DOOX30_id0_s0_15.png,1,VALID,1.0244141,-2.2324219,-0.43310547,1.3044449,LCC-FASD external-dev / cross-domain stress set,True
FT720P_I2269VWM_DOOX30_id0_s0_30.png,1,VALID,1.5673828,-2.1015625,-1.1298828,2.3763082,LCC-FASD external-dev / cross-domain stress set,True
FT720P_I2269VWM_DOOX30_id0_s0_45.png,1,VALID,1.3828125,-2.0449219,-1.0859375,2.1442912,LCC-FASD external-dev / cross-domain stress set,True
FT720P_I2269VWM_DOOX30_id0_s0_60.png,1,VALID,1.5048828,-2.1210938,-1.2236328,2.3866272,LCC-FASD external-dev / cross-domain stress set,True
FT720P_I2269VWM_DOOX30_id0_s0_75.png,1,VALID,1.4814453,-2.0683594,-1.3095703,2.406956,LCC-FASD external-dev / cross-domain stress set,True
FT720P_I2269VWM_DOOX30_id0_s0_90.png,1,VALID,1.3876953,-2.1933594,-0.9848633,2.1112363,LCC-FASD external-dev / cross-domain stress set,True
FT720P_I2269VWM_DOOX30_id0_s0_105.png,1,VALID,0.9736328,-1.8876953,-0.60595703,1.3346422,LCC-FASD external-dev / cross-domain stress set,True
FT720P_I2269VWM_DOOX30_id0_s0_120.png,1,VALID,1.3945312,-2.0722656,-0.95703125,2.06801,LCC-FASD external-dev / cross-domain stress set,True
FT720P_I2269VWM_DOOX30_id0_s0_135.png,1,VALID,1.453125,-1.8349609,-1.1865234,2.2190568,LCC-FASD external-dev / cross-domain stress set,True
FT720P_I2269VWM_DOOX30_id0_s0_150.png,1,VALID,1.1503906,-2.1855469,-0.625,1.5847528,LCC-FASD external-dev / cross-domain stress set,True
FT720P_I2269VWM_DOOX30_id0_s1_15.png,1,VALID,1.0771484,-1.6181641,-0.82421875,1.5283855,LCC-FASD external-dev / cross-domain stress set,True
FT720P_I2269VWM_DOOX30_id0_s1_30.png,1,VALID,1.0292969,-1.8388672,-0.59472656,1.3707864,LCC-FASD external-dev / cross-domain stress set,True
FT720P_I2269VWM_DOOX30_id0_s1_45.png,1,VALID,1.2714844,-1.6943359,-1.0126953,1.8748643,LCC-FASD external-dev / cross-domain stress set,True
FT720P_I2269VWM_DOOX30_id0_s1_105.png,1,VALID,1.3037109,-1.9160156,-0.9404297,1.9242542,LCC-FASD external-dev / cross-domain stress set,True
FT720P_I2269VWM_DOOX30_id0_s1_120.png,1,VALID,1.4287109,-1.8896484,-1.109375,2.1608279,LCC-FASD external-dev / cross-domain stress set,True
FT720P_I2269VWM_DOOX30_id0_s1_135.png,1,VALID,1.4013672,-1.9287109,-1.1035156,2.1415257,LCC-FASD external-dev / cross-domain stress set,True
FT720P_I2269VWM_DOOX30_id0_s1_150.png,1,VALID,1.4628906,-2.046875,-1.1572266,2.27596,LCC-FASD external-dev / cross-domain stress set,True
FT720P_G780_REDMI4X_id0_s0_15.png,1,VALID,1.1035156,-1.1455078,-1.2041016,1.584744,LCC-FASD external-dev / cross-domain stress set,True
FT720P_G780_REDMI4X_id0_s0_30.png,1,VALID,0.7207031,-0.8105469,-0.94970703,0.90526414,LCC-FASD external-dev / cross-domain stress set,True
FT720P_G780_REDMI4X_id0_s0_45.png,1,VALID,0.6513672,-1.2382812,-0.57421875,0.8103316,LCC-FASD external-dev / cross-domain stress set,True
FT720P_G780_REDMI4X_id0_s0_60.png,1,VALID,0.66845703,-1.03125,-0.7060547,0.83080107,LCC-FASD external-dev / cross-domain stress set,True
FT720P_G780_REDMI4X_id0_s0_75.png,1,VALID,0.70410156,-0.76123047,-0.93847656,0.856886,LCC-FASD external-dev / cross-domain stress set,True
FT720P_G780_REDMI4X_id0_s0_90.png,1,VALID,0.62939453,-1.3125,-0.4885254,0.7541907,LCC-FASD external-dev / cross-domain stress set,True
FT720P_G780_REDMI4X_id0_s0_105.png,1,VALID,0.65185547,-1.1269531,-0.6279297,0.80533934,LCC-FASD external-dev / cross-domain stress set,True
FT720P_G780_REDMI4X_id0_s0_120.png,1,VALID,0.71240234,-0.82177734,-0.9013672,0.8800358,LCC-FASD external-dev / cross-domain stress set,True
FT720P_G780_REDMI4X_id0_s0_135.png,1,VALID,0.76660156,-1.0966797,-0.79833984,1.0098794,LCC-FASD external-dev / cross-domain stress set,True
FT720P_G780_REDMI4X_id0_s0_150.png,1,VALID,0.72802734,-0.9814453,-0.79541016,0.918988,LCC-FASD external-dev / cross-domain stress set,True
FT720P_G780_REDMI4X_id0_s1_15.png,1,VALID,0.47436523,-1.0703125,-0.21716309,0.33660525,LCC-FASD external-dev / cross-domain stress set,True
FT720P_G780_REDMI4X_id0_s1_30.png,1,VALID,0.43945312,-1.0810547,-0.1541748,0.26016977,LCC-FASD external-dev / cross-domain stress set,True
FT720P_G780_REDMI4X_id0_s1_45.png,1,VALID,0.10412598,-0.9477539,0.13952637,-0.3259276,LCC-FASD external-dev / cross-domain stress set,True
FT720P_G780_REDMI4X_id0_s1_60.png,1,VALID,0.12023926,-1.4003906,0.43286133,-0.46094966,LCC-FASD external-dev / cross-domain stress set,True
FT720P_G780_REDMI4X_id0_s1_75.png,1,VALID,0.33154297,-1.5205078,0.30859375,-0.12595147,LCC-FASD external-dev / cross-domain stress set,True
FT720P_G780_REDMI4X_id0_s1_90.png,1,VALID,0.18688965,-1.2050781,0.24377441,-0.2678258,LCC-FASD external-dev / cross-domain stress set,True
FT720P_G780_REDMI4X_id0_s1_105.png,1,VALID,0.11212158,-1.3310547,0.47387695,-0.51403487,LCC-FASD external-dev / cross-domain stress set,True
FT720P_G780_REDMI4X_id0_s1_120.png,1,VALID,0.22558594,-1.0712891,0.08319092,-0.13161,LCC-FASD external-dev / cross-domain stress set,True
FT720P_G780_REDMI4X_id0_s1_135.png,1,VALID,0.1652832,-0.8647461,0.08831787,-0.24913752,LCC-FASD external-dev / cross-domain stress set,True
FT720P_G780_REDMI4X_id0_s1_150.png,1,VALID,0.12237549,-1.0273438,0.27124023,-0.39017665,LCC-FASD external-dev / cross-domain stress set,True
FT720P_G780_REDMI4X_id0_s2_15.png,1,VALID,0.6713867,0.050994873,-1.3310547,0.3963979,LCC-FASD external-dev / cross-domain stress set,True
FT720P_G780_REDMI4X_id0_s2_30.png,1,VALID,0.1171875,1.0683594,-1.2548828,-1.0446217,LCC-FASD external-dev / cross-domain stress set,False
FT720P_G780_REDMI4X_id0_s2_45.png,1,VALID,0.022918701,0.9692383,-1.0585938,-1.0699703,LCC-FASD external-dev / cross-domain stress set,False
FT720P_G780_REDMI4X_id0_s2_60.png,1,VALID,0.18395996,1.0244141,-1.3476562,-0.92964315,LCC-FASD external-dev / cross-domain stress set,False
FT720P_G780_REDMI4X_id0_s2_75.png,1,VALID,0.24279785,1.1787109,-1.4541016,-1.0053235,LCC-FASD external-dev / cross-domain stress set,False
FT720P_G780_REDMI4X_id0_s2_90.png,1,VALID,0.10913086,1.2041016,-1.3828125,-1.1675256,LCC-FASD external-dev / cross-domain stress set,False
FT720P_G780_REDMI4X_id0_s2_105.png,1,VALID,-0.21240234,1.5712891,-1.2392578,-1.8421227,LCC-FASD external-dev / cross-domain stress set,False
FT720P_G780_REDMI4X_id0_s2_120.png,1,VALID,-0.10168457,1.1953125,-1.1621094,-1.3874445,LCC-FASD external-dev / cross-domain stress set,False
FT720P_G780_REDMI4X_id0_s2_135.png,1,VALID,-0.040771484,1.3388672,-1.2685547,-1.450772,LCC-FASD external-dev / cross-domain stress set,False
FT720P_G780_REDMI4X_id0_s2_150.png,1,VALID,-0.044647217,1.3603516,-1.2451172,-1.4762664,LCC-FASD external-dev / cross-domain stress set,False
FT720P_G780_REDMI4X_id0_s3_15.png,1,VALID,0.36279297,1.8408203,-1.8740234,-1.5020946,LCC-FASD external-dev / cross-domain stress set,False
FT720P_G780_REDMI4X_id0_s3_30.png,1,VALID,0.052459717,2.296875,-1.8310547,-2.2604032,LCC-FASD external-dev / cross-domain stress set,False
FT720P_G780_REDMI4X_id0_s3_45.png,1,VALID,0.025344849,2.3476562,-1.7597656,-2.3386278,LCC-FASD external-dev / cross-domain stress set,False
FT720P_G780_REDMI4X_id0_s3_60.png,1,VALID,-0.08795166,2.3964844,-1.5888672,-2.5028512,LCC-FASD external-dev / cross-domain stress set,False
FT720P_G780_REDMI4X_id0_s3_75.png,1,VALID,0.107910156,2.3046875,-1.7412109,-2.2141201,LCC-FASD external-dev / cross-domain stress set,False
FT720P_G780_REDMI4X_id0_s3_90.png,1,VALID,-0.10296631,2.3984375,-1.6455078,-2.5187802,LCC-FASD external-dev / cross-domain stress set,False
FT720P_G780_REDMI4X_id0_s3_105.png,1,VALID,-0.16699219,2.5214844,-1.5927734,-2.7046826,LCC-FASD external-dev / cross-domain stress set,False
FT720P_G780_REDMI4X_id0_s3_120.png,1,VALID,0.1574707,2.3339844,-1.7509766,-2.1931975,LCC-FASD external-dev / cross-domain stress set,False
FT720P_G780_REDMI4X_id0_s3_135.png,1,VALID,0.2709961,2.0332031,-1.8662109,-1.7822585,LCC-FASD external-dev / cross-domain stress set,False
FT720P_G780_REDMI4X_id0_s3_150.png,1,VALID,-0.40161133,2.6171875,-1.4384766,-3.0359745,LCC-FASD external-dev / cross-domain stress set,False
FT720P_G780_REDMI4X_id12_s0_15.png,1,VALID,-1.3896484,2.2695312,-0.6660156,-3.7109194,LCC-FASD external-dev / cross-domain stress set,False
FT720P_G780_REDMI4X_id12_s0_30.png,1,VALID,-1.4296875,2.2050781,-0.64746094,-3.69086,LCC-FASD external-dev / cross-domain stress set,False
FT720P_G780_REDMI4X_id12_s0_45.png,1,VALID,-1.3232422,2.140625,-0.6171875,-3.525367,LCC-FASD external-dev / cross-domain stress set,False
FT720P_G780_REDMI4X_id12_s0_60.png,1,VALID,-1.4121094,2.1523438,-0.57666016,-3.6276948,LCC-FASD external-dev / cross-domain stress set,False
FT720P_G780_REDMI4X_id12_s0_75.png,1,VALID,-1.3652344,2.1835938,-0.6743164,-3.6046305,LCC-FASD external-dev / cross-domain stress set,False
FT720P_G780_REDMI4X_id12_s0_90.png,1,VALID,-1.3613281,1.96875,-0.47143555,-3.4136329,LCC-FASD external-dev / cross-domain stress set,False
FT720P_G780_REDMI4X_id12_s0_105.png,1,VALID,-1.2998047,2.0136719,-0.5620117,-3.3868215,LCC-FASD external-dev / cross-domain stress set,False
FT720P_G780_REDMI4X_id12_s0_120.png,1,VALID,-1.3105469,2.0195312,-0.5805664,-3.401716,LCC-FASD external-dev / cross-domain stress set,False
FT720P_G780_REDMI4X_id12_s0_135.png,1,VALID,-1.2617188,1.921875,-0.5527344,-3.2644324,LCC-FASD external-dev / cross-domain stress set,False
FT720P_G780_REDMI4X_id12_s0_150.png,1,VALID,-1.2373047,1.9667969,-0.62841797,-3.2760777,LCC-FASD external-dev / cross-domain stress set,False
FT720P_G780_REDMI4X_id12_s1_105.png,1,VALID,0.4494629,0.08880615,-1.1796875,0.11281666,LCC-FASD external-dev / cross-domain stress set,True
YOUTUBE_VX2363SMHL_LGL90_id48_s1_60.png,1,VALID,0.53564453,-0.9453125,-0.52197266,0.5539032,LCC-FASD external-dev / cross-domain stress set,True
YOUTUBE_VX2363SMHL_LGL90_id48_s1_75.png,1,VALID,-0.74609375,-1.125,1.1591797,-2.0022707,LCC-FASD external-dev / cross-domain stress set,False
YOUTUBE_VX2363SMHL_LGL90_id48_s1_90.png,1,VALID,-0.08325195,-0.36499023,-0.12011719,-0.5413221,LCC-FASD external-dev / cross-domain stress set,True
YOUTUBE_TP300LA_SGS7E_id48_s1_30.png,1,VALID,-1.0761719,1.5585938,-0.5419922,-2.7502213,LCC-FASD external-dev / cross-domain stress set,False
