path,label,status,logit_real,logit_physical,logit_digital,pad_logit_score,dataset_role,locked_logit_threshold,pred_real,correct_binary
YOUTUBE_id43_s0_105.png,0,VALID,0.55126953,-0.47729492,-0.06677246,0.10923624,LCC-FASD external-dev / cross-domain stress set,-1.2943655252456665,1.0,1.0
YOUTUBE_id43_s0_124.png,0,VALID,-0.2902832,0.35668945,0.10437012,-1.2218974,LCC-FASD external-dev / cross-domain stress set,-1.2943655252456665,1.0,1.0
YOUTUBE_id43_s0_139.png,0,VALID,0.0680542,-0.010810852,0.04901123,-0.64464045,LCC-FASD external-dev / cross-domain stress set,-1.2943655252456665,1.0,1.0
YOUTUBE_id43_s0_154.png,0,VALID,-0.011695862,0.006706238,0.12805176,-0.7740615,LCC-FASD external-dev / cross-domain stress set,-1.2943655252456665,1.0,1.0
YOUTUBE_id43_s1_15.png,0,VALID,-0.04107666,0.72509766,-0.29345703,-1.0744797,LCC-FASD external-dev / cross-domain stress set,-1.2943655252456665,1.0,1.0
YOUTUBE_id43_s1_30.png,0,VALID,0.76171875,-0.018249512,-0.5727539,0.32612145,LCC-FASD external-dev / cross-domain stress set,-1.2943655252456665,1.0,1.0
YOUTUBE_id43_s1_45.png,0,VALID,-0.025009155,0.45898438,-0.19018555,-0.90433365,LCC-FASD external-dev / cross-domain stress set,-1.2943655252456665,1.0,1.0
YOUTUBE_id43_s1_60.png,0,VALID,1.2011719,-0.1619873,-0.83740234,0.9517483,LCC-FASD external-dev / cross-domain stress set,-1.2943655252456665,1.0,1.0
YOUTUBE_id43_s1_75.png,0,VALID,0.2705078,0.28637695,-0.33520508,-0.44576287,LCC-FASD external-dev / cross-domain stress set,-1.2943655252456665,1.0,1.0
YOUTUBE_id43_s1_90.png,0,VALID,0.13012695,0.5522461,-0.34399414,-0.76436114,LCC-FASD external-dev / cross-domain stress set,-1.2943655252456665,1.0,1.0
YOUTUBE_id43_s1_105.png,0,VALID,-0.019195557,0.52001953,-0.18676758,-0.9401542,LCC-FASD external-dev / cross-domain stress set,-1.2943655252456665,1.0,1.0
YOUTUBE_id43_s1_120.png,0,VALID,0.2578125,0.6069336,-0.4975586,-0.63533646,LCC-FASD external-dev / cross-domain stress set,-1.2943655252456665,1.0,1.0
YOUTUBE_id43_s1_135.png,0,VALID,-0.18115234,0.80371094,-0.26367188,-1.2804446,LCC-FASD external-dev / cross-domain stress set,-1.2943655252456665,1.0,1.0
YOUTUBE_id43_s1_150.png,0,VALID,0.115112305,0.61376953,-0.3828125,-0.81283927,LCC-FASD external-dev / cross-domain stress set,-1.2943655252456665,1.0,1.0
YOUTUBE_id48_s0_15.png,0,VALID,-1.25,1.4980469,0.25097656,-3.0006292,LCC-FASD external-dev / cross-domain stress set,-1.2943655252456665,0.0,0.0
YOUTUBE_id48_s0_30.png,0,VALID,-1.2675781,1.4755859,0.34692383,-3.023418,LCC-FASD external-dev / cross-domain stress set,-1.2943655252456665,0.0,0.0
YOUTUBE_id48_s0_45.png,0,VALID,-1.1484375,1.4648438,0.20874023,-2.8638544,LCC-FASD external-dev / cross-domain stress set,-1.2943655252456665,0.0,0.0
YOUTUBE_id48_s0_60.png,0,VALID,-0.33422852,0.9145508,-0.18469238,-1.5363036,LCC-FASD external-dev / cross-domain stress set,-1.2943655252456665,0.0,0.0
YOUTUBE_id48_s0_75.png,0,VALID,0.030166626,0.36157227,-0.1899414,-0.78634465,LCC-FASD external-dev / cross-domain stress set,-1.2943655252456665,1.0,1.0
YOUTUBE_id48_s0_90.png,0,VALID,-0.7714844,1.0166016,0.16540527,-2.1435928,LCC-FASD external-dev / cross-domain stress set,-1.2943655252456665,0.0,0.0
YOUTUBE_id48_s0_105.png,0,VALID,-1.0820312,1.2451172,0.29589844,-2.6543226,LCC-FASD external-dev / cross-domain stress set,-1.2943655252456665,0.0,0.0
YOUTUBE_id48_s0_120.png,0,VALID,-0.875,1.0576172,0.17675781,-2.2793412,LCC-FASD external-dev / cross-domain stress set,-1.2943655252456665,0.0,0.0
YOUTUBE_id48_s0_135.png,0,VALID,0.121398926,0.41015625,-0.28076172,-0.694966,LCC-FASD external-dev / cross-domain stress set,-1.2943655252456665,1.0,1.0
YOUTUBE_id48_s0_150.png,0,VALID,-1.15625,1.2998047,0.32080078,-2.7750065,LCC-FASD external-dev / cross-domain stress set,-1.2943655252456665,0.0,0.0
YOUTUBE_id48_s1_15.png,0,VALID,-1.1982422,1.5527344,0.23913574,-2.989088,LCC-FASD external-dev / cross-domain stress set,-1.2943655252456665,0.0,0.0
YOUTUBE_id48_s1_30.png,0,VALID,-0.4987793,0.6220703,0.11016846,-1.5904498,LCC-FASD external-dev / cross-domain stress set,-1.2943655252456665,0.0,0.0
YOUTUBE_id48_s1_45.png,0,VALID,-0.21191406,0.4951172,-0.059173584,-1.160956,LCC-FASD external-dev / cross-domain stress set,-1.2943655252456665,1.0,1.0
YOUTUBE_id48_s1_60.png,0,VALID,-0.3618164,0.58935547,0.0054512024,-1.394393,LCC-FASD external-dev / cross-domain stress set,-1.2943655252456665,0.0,0.0
YOUTUBE_id48_s1_75.png,0,VALID,-1.2832031,1.6035156,0.24108887,-3.1146817,LCC-FASD external-dev / cross-domain stress set,-1.2943655252456665,0.0,0.0
YOUTUBE_id48_s1_90.png,0,VALID,-0.2788086,0.4633789,0.010612488,-1.2343602,LCC-FASD external-dev / cross-domain stress set,-1.2943655252456665,1.0,1.0
YOUTUBE_id48_s1_105.png,0,VALID,-1.1425781,1.6210938,0.11663818,-2.964274,LCC-FASD external-dev / cross-domain stress set,-1.2943655252456665,0.0,0.0
YOUTUBE_id48_s1_124.png,0,VALID,-1.0410156,1.4277344,0.15637207,-2.715961,LCC-FASD external-dev / cross-domain stress set,-1.2943655252456665,0.0,0.0
YOUTUBE_id48_s1_139.png,0,VALID,-1.0859375,1.2519531,0.29174805,-2.6620116,LCC-FASD external-dev / cross-domain stress set,-1.2943655252456665,0.0,0.0
YOUTUBE_id48_s1_154.png,0,VALID,-1.1484375,1.2832031,0.32910156,-2.7574549,LCC-FASD external-dev / cross-domain stress set,-1.2943655252456665,0.0,0.0
YOUTUBE_id48_s2_108.png,0,VALID,-0.25878906,0.56933594,-0.056488037,-1.2565385,LCC-FASD external-dev / cross-domain stress set,-1.2943655252456665,1.0,1.0
YOUTUBE_id48_s2_123.png,0,VALID,-0.18066406,0.51464844,-0.10394287,-1.1262522,LCC-FASD external-dev / cross-domain stress set,-1.2943655252456665,1.0,1.0
YOUTUBE_id29_s0_15.png,0,VALID,0.40234375,0.23571777,-0.4284668,-0.24858677,LCC-FASD external-dev / cross-domain stress set,-1.2943655252456665,1.0,1.0
YOUTUBE_id29_s0_30.png,0,VALID,0.27392578,0.27954102,-0.31103516,-0.44645262,LCC-FASD external-dev / cross-domain stress set,-1.2943655252456665,1.0,1.0
YOUTUBE_id29_s0_45.png,0,VALID,0.057495117,0.3659668,-0.15441895,-0.7749009,LCC-FASD external-dev / cross-domain stress set,-1.2943655252456665,1.0,1.0
YOUTUBE_id29_s0_60.png,0,VALID,0.42651367,0.19299316,-0.39257812,-0.20910406,LCC-FASD external-dev / cross-domain stress set,-1.2943655252456665,1.0,1.0
YOUTUBE_id29_s0_75.png,0,VALID,0.27026367,0.2788086,-0.3232422,-0.44530666,LCC-FASD external-dev / cross-domain stress set,-1.2943655252456665,1.0,1.0
YOUTUBE_id29_s0_90.png,0,VALID,0.12768555,0.3803711,-0.24768066,-0.68032324,LCC-FASD external-dev / cross-domain stress set,-1.2943655252456665,1.0,1.0
YOUTUBE_id29_s0_105.png,0,VALID,0.17370605,0.31201172,-0.25439453,-0.58782685,LCC-FASD external-dev / cross-domain stress set,-1.2943655252456665,1.0,1.0
YOUTUBE_id29_s0_120.png,0,VALID,0.18261719,0.34692383,-0.27685547,-0.593433,LCC-FASD external-dev / cross-domain stress set,-1.2943655252456665,1.0,1.0
YOUTUBE_id29_s0_135.png,0,VALID,0.61376953,0.05340576,-0.4248047,0.07800448,LCC-FASD external-dev / cross-domain stress set,-1.2943655252456665,1.0,1.0
YOUTUBE_id39_s0_15.png,0,VALID,-0.8173828,1.21875,0.07623291,-2.313018,LCC-FASD external-dev / cross-domain stress set,-1.2943655252456665,0.0,0.0
YOUTUBE_id39_s0_30.png,0,VALID,-1.3691406,1.5996094,0.35327148,-3.2214959,LCC-FASD external-dev / cross-domain stress set,-1.2943655252456665,0.0,0.0
YOUTUBE_id39_s0_47.png,0,VALID,-0.59814453,0.9301758,0.026748657,-1.8684847,LCC-FASD external-dev / cross-domain stress set,-1.2943655252456665,0.0,0.0
YOUTUBE_id39_s0_62.png,0,VALID,-0.8305664,1.2822266,0.12817383,-2.3869004,LCC-FASD external-dev / cross-domain stress set,-1.2943655252456665,0.0,0.0
YOUTUBE_id39_s0_80.png,0,VALID,-0.89501953,1.2451172,0.119506836,-2.4211373,LCC-FASD external-dev / cross-domain stress set,-1.2943655252456665,0.0,0.0
YOUTUBE_id39_s0_95.png,0,VALID,-0.35009766,1.09375,-0.24438477,-1.6768105,LCC-FASD external-dev / cross-domain stress set,-1.2943655252456665,0.0,0.0
YOUTUBE_id39_s1_15.png,0,VALID,-0.25073242,0.6933594,-0.109436035,-1.3143266,LCC-FASD external-dev / cross-domain stress set,-1.2943655252456665,0.0,0.0
YOUTUBE_id39_s1_30.png,0,VALID,0.25854492,0.39086914,-0.34692383,-0.5231277,LCC-FASD external-dev / cross-domain stress set,-1.2943655252456665,1.0,1.0
YOUTUBE_id39_s1_45.png,0,VALID,-0.17126465,0.47827148,-0.036499023,-1.1180623,LCC-FASD external-dev / cross-domain stress set,-1.2943655252456665,1.0,1.0
YOUTUBE_id39_s1_60.png,0,VALID,-0.18554688,0.51708984,-0.034118652,-1.1576872,LCC-FASD external-dev / cross-domain stress set,-1.2943655252456665,1.0,1.0
YOUTUBE_id39_s1_75.png,0,VALID,0.2055664,0.4584961,-0.37182617,-0.6147276,LCC-FASD external-dev / cross-domain stress set,-1.2943655252456665,1.0,1.0
YOUTUBE_id39_s1_91.png,0,VALID,-0.19152832,0.6303711,-0.093811035,-1.2171261,LCC-FASD external-dev / cross-domain stress set,-1.2943655252456665,1.0,1.0
YOUTUBE_id39_s1_106.png,0,VALID,0.022247314,0.46679688,-0.23449707,-0.8473065,LCC-FASD external-dev / cross-domain stress set,-1.2943655252456665,1.0,1.0
YOUTUBE_id39_s1_121.png,0,VALID,0.027282715,0.7207031,-0.34521484,-0.9893769,LCC-FASD external-dev / cross-domain stress set,-1.2943655252456665,1.0,1.0
YOUTUBE_id39_s1_136.png,0,VALID,-0.5439453,0.94628906,-0.006324768,-1.8164625,LCC-FASD external-dev / cross-domain stress set,-1.2943655252456665,0.0,0.0
YOUTUBE_id39_s1_151.png,0,VALID,-0.12841797,0.7392578,-0.28564453,-1.1743009,LCC-FASD external-dev / cross-domain stress set,-1.2943655252456665,1.0,1.0
YOUTUBE_id42_s0_15.png,0,VALID,0.6455078,-0.14465332,-0.37475586,0.20546132,LCC-FASD external-dev / cross-domain stress set,-1.2943655252456665,1.0,1.0
YOUTUBE_id42_s0_30.png,0,VALID,0.32714844,-0.0076560974,-0.24316406,-0.24750566,LCC-FASD external-dev / cross-domain stress set,-1.2943655252456665,1.0,1.0
YOUTUBE_id42_s0_105.png,0,VALID,0.60839844,-0.20495605,-0.3310547,0.18127036,LCC-FASD external-dev / cross-domain stress set,-1.2943655252456665,1.0,1.0
YOUTUBE_id42_s0_120.png,0,VALID,0.65771484,-0.22912598,-0.33666992,0.24602062,LCC-FASD external-dev / cross-domain stress set,-1.2943655252456665,1.0,1.0
YOUTUBE_id42_s0_135.png,0,VALID,0.31591797,-0.17028809,-0.119384766,-0.23271662,LCC-FASD external-dev / cross-domain stress set,-1.2943655252456665,1.0,1.0
YOUTUBE_id42_s0_150.png,0,VALID,0.2524414,0.1328125,-0.2319336,-0.4076838,LCC-FASD external-dev / cross-domain stress set,-1.2943655252456665,1.0,1.0
YOUTUBE_id123_s0_15.png,0,VALID,-0.6586914,0.91796875,0.17163086,-1.9647076,LCC-FASD external-dev / cross-domain stress set,-1.2943655252456665,0.0,0.0
YOUTUBE_id123_s0_30.png,0,VALID,0.53564453,-0.03564453,-0.28076172,-0.006791115,LCC-FASD external-dev / cross-domain stress set,-1.2943655252456665,1.0,1.0
YOUTUBE_id123_s0_45.png,0,VALID,0.28393555,0.1854248,-0.14855957,-0.44152308,LCC-FASD external-dev / cross-domain stress set,-1.2943655252456665,1.0,1.0
YOUTUBE_id123_s0_60.png,0,VALID,0.27270508,0.15161133,-0.14025879,-0.4367293,LCC-FASD external-dev / cross-domain stress set,-1.2943655252456665,1.0,1.0
YOUTUBE_id123_s0_75.png,0,VALID,0.23254395,0.21679688,-0.22729492,-0.47980642,LCC-FASD external-dev / cross-domain stress set,-1.2943655252456665,1.0,1.0
YOUTUBE_id123_s0_90.png,0,VALID,0.056732178,0.24609375,-0.030776978,-0.7536251,LCC-FASD external-dev / cross-domain stress set,-1.2943655252456665,1.0,1.0
YOUTUBE_id123_s0_120.png,0,VALID,-0.16101074,0.32177734,0.06732178,-1.0567791,LCC-FASD external-dev / cross-domain stress set,-1.2943655252456665,1.0,1.0
YOUTUBE_id123_s0_135.png,0,VALID,-0.37573242,0.52978516,0.11010742,-1.4106823,LCC-FASD external-dev / cross-domain stress set,-1.2943655252456665,0.0,0.0
YOUTUBE_id123_s0_150.png,0,VALID,0.20385742,-0.024475098,-0.037963867,-0.45809305,LCC-FASD external-dev / cross-domain stress set,-1.2943655252456665,1.0,1.0
YOUTUBE_id124_s0_15.png,0,VALID,0.58984375,-0.51220703,-0.092163086,0.17698729,LCC-FASD external-dev / cross-domain stress set,-1.2943655252456665,1.0,1.0
YOUTUBE_id124_s0_30.png,0,VALID,-0.47631836,0.58251953,0.16723633,-1.5657477,LCC-FASD external-dev / cross-domain stress set,-1.2943655252456665,0.0,0.0
YOUTUBE_id124_s0_45.png,0,VALID,-0.42407227,0.49389648,0.14660645,-1.4524721,LCC-FASD external-dev / cross-domain stress set,-1.2943655252456665,0.0,0.0
YOUTUBE_id124_s0_60.png,0,VALID,-0.12597656,0.062164307,0.18054199,-0.94222754,LCC-FASD external-dev / cross-domain stress set,-1.2943655252456665,1.0,1.0
YOUTUBE_id124_s0_75.png,0,VALID,0.5292969,-0.42456055,-0.09484863,0.08232665,LCC-FASD external-dev / cross-domain stress set,-1.2943655252456665,1.0,1.0
YOUTUBE_id124_s0_90.png,0,VALID,0.31762695,-0.25830078,-0.010627747,-0.24870414,LCC-FASD external-dev / cross-domain stress set,-1.2943655252456665,1.0,1.0
YOUTUBE_id124_s0_105.png,0,VALID,0.11907959,-0.05645752,-0.020095825,-0.5359562,LCC-FASD external-dev / cross-domain stress set,-1.2943655252456665,1.0,1.0
YOUTUBE_id124_s0_120.png,0,VALID,0.010925293,0.11657715,-0.008155823,-0.7383761,LCC-FASD external-dev / cross-domain stress set,-1.2943655252456665,1.0,1.0
YOUTUBE_id124_s0_135.png,0,VALID,0.37060547,-0.40551758,-0.018661499,-0.12904388,LCC-FASD external-dev / cross-domain stress set,-1.2943655252456665,1.0,1.0
YOUTUBE_id124_s0_150.png,0,VALID,0.0736084,-0.08917236,0.10290527,-0.6310099,LCC-FASD external-dev / cross-domain stress set,-1.2943655252456665,1.0,1.0
YOUTUBE_id119_s0_15.png,0,VALID,0.828125,-0.6875,-0.12347412,0.50121546,LCC-FASD external-dev / cross-domain stress set,-1.2943655252456665,1.0,1.0
YOUTUBE_id119_s0_30.png,0,VALID,0.7944336,-0.5966797,-0.18359375,0.4702431,LCC-FASD external-dev / cross-domain stress set,-1.2943655252456665,1.0,1.0
YOUTUBE_id119_s0_45.png,0,VALID,-0.12463379,0.01625061,0.22180176,-0.9420793,LCC-FASD external-dev / cross-domain stress set,-1.2943655252456665,1.0,1.0
YOUTUBE_id119_s0_60.png,0,VALID,-0.22045898,0.20056152,0.1875,-1.1076581,LCC-FASD external-dev / cross-domain stress set,-1.2943655252456665,1.0,1.0
YOUTUBE_id119_s0_75.png,0,VALID,0.43945312,-0.34448242,-0.021240234,-0.08383691,LCC-FASD external-dev / cross-domain stress set,-1.2943655252456665,1.0,1.0
YOUTUBE_id119_s0_90.png,0,VALID,0.10107422,-0.14953613,0.14782715,-0.6022311,LCC-FASD external-dev / cross-domain stress set,-1.2943655252456665,1.0,1.0
YOUTUBE_id119_s0_150.png,0,VALID,0.016418457,-0.078552246,0.15332031,-0.72081834,LCC-FASD external-dev / cross-domain stress set,-1.2943655252456665,1.0,1.0
YOUTUBE_id119_s1_15.png,0,VALID,0.5058594,-0.48632812,-0.0021572113,0.027934015,LCC-FASD external-dev / cross-domain stress set,-1.2943655252456665,1.0,1.0
YOUTUBE_id119_s1_30.png,0,VALID,-0.06951904,-0.00907135,0.19824219,-0.8626144,LCC-FASD external-dev / cross-domain stress set,-1.2943655252456665,1.0,1.0
YOUTUBE_id119_s1_45.png,0,VALID,0.80566406,-0.7451172,-0.08239746,0.47235066,LCC-FASD external-dev / cross-domain stress set,-1.2943655252456665,1.0,1.0
YOUTUBE_id119_s1_60.png,0,VALID,0.53515625,-0.42797852,-0.030761719,0.051784873,LCC-FASD external-dev / cross-domain stress set,-1.2943655252456665,1.0,1.0
YOUTUBE_id119_s1_75.png,0,VALID,0.5102539,-0.50439453,0.01953125,0.02561146,LCC-FASD external-dev / cross-domain stress set,-1.2943655252456665,1.0,1.0
YOUTUBE_id119_s1_90.png,0,VALID,0.80029297,-0.57128906,-0.23364258,0.49542814,LCC-FASD external-dev / cross-domain stress set,-1.2943655252456665,1.0,1.0
YOUTUBE_id119_s1_105.png,0,VALID,0.8959961,-0.76953125,-0.16418457,0.6245841,LCC-FASD external-dev / cross-domain stress set,-1.2943655252456665,1.0,1.0
YOUTUBE_id119_s1_120.png,0,VALID,0.67626953,-0.5673828,-0.07293701,0.273029,LCC-FASD external-dev / cross-domain stress set,-1.2943655252456665,1.0,1.0
YOUTUBE_id119_s1_135.png,0,VALID,0.5786133,-0.55810547,-0.028671265,0.1442186,LCC-FASD external-dev / cross-domain stress set,-1.2943655252456665,1.0,1.0
YOUTUBE_id119_s1_150.png,0,VALID,0.8046875,-0.7241211,-0.11987305,0.48857582,LCC-FASD external-dev / cross-domain stress set,-1.2943655252456665,1.0,1.0
YOUTUBE_id120_s0_57.png,0,VALID,0.29418945,0.20812988,-0.2043457,-0.42196774,LCC-FASD external-dev / cross-domain stress set,-1.2943655252456665,1.0,1.0
YOUTUBE_id120_s0_72.png,0,VALID,-0.09283447,0.26220703,0.055603027,-0.95021284,LCC-FASD external-dev / cross-domain stress set,-1.2943655252456665,1.0,1.0
YOUTUBE_id120_s0_87.png,0,VALID,-0.09637451,-0.015594482,0.25610352,-0.9189754,LCC-FASD external-dev / cross-domain stress set,-1.2943655252456665,1.0,1.0
YOUTUBE_id120_s0_102.png,0,VALID,-0.47583008,0.73535156,0.09661865,-1.6351159,LCC-FASD external-dev / cross-domain stress set,-1.2943655252456665,0.0,0.0
YOUTUBE_id120_s0_117.png,0,VALID,-0.38208008,0.33935547,0.2902832,-1.3903476,LCC-FASD external-dev / cross-domain stress set,-1.2943655252456665,0.0,0.0
YOUTUBE_id120_s0_132.png,0,VALID,-0.55810547,0.6582031,0.2980957,-1.7455249,LCC-FASD external-dev / cross-domain stress set,-1.2943655252456665,0.0,0.0
YOUTUBE_id120_s0_147.png,0,VALID,0.11035156,0.0069274902,0.048461914,-0.6107059,LCC-FASD external-dev / cross-domain stress set,-1.2943655252456665,1.0,1.0
YOUTUBE_id120_s0_162.png,0,VALID,-0.62060547,0.56933594,0.28735352,-1.7520039,LCC-FASD external-dev / cross-domain stress set,-1.2943655252456665,0.0,0.0
YOUTUBE_id120_s0_177.png,0,VALID,-0.23364258,0.22729492,0.19519043,-1.1381612,LCC-FASD external-dev / cross-domain stress set,-1.2943655252456665,1.0,1.0
YOUTUBE_id120_s0_192.png,0,VALID,-0.3552246,0.4177246,0.16638184,-1.3483009,LCC-FASD external-dev / cross-domain stress set,-1.2943655252456665,0.0,0.0
YOUTUBE_id121_s0_15.png,0,VALID,-0.32714844,0.31420898,0.25732422,-1.3064666,LCC-FASD external-dev / cross-domain stress set,-1.2943655252456665,0.0,0.0
YOUTUBE_id121_s0_30.png,0,VALID,0.10626221,-0.040527344,0.07861328,-0.6077012,LCC-FASD external-dev / cross-domain stress set,-1.2943655252456665,1.0,1.0
YOUTUBE_id121_s0_45.png,0,VALID,-0.29907227,0.53564453,0.1262207,-1.3439608,LCC-FASD external-dev / cross-domain stress set,-1.2943655252456665,0.0,0.0
YOUTUBE_id121_s0_60.png,0,VALID,-0.33984375,0.3544922,0.20898438,-1.3173735,LCC-FASD external-dev / cross-domain stress set,-1.2943655252456665,0.0,0.0
YOUTUBE_id121_s0_75.png,0,VALID,-0.5136719,0.5385742,0.1986084,-1.5897884,LCC-FASD external-dev / cross-domain stress set,-1.2943655252456665,0.0,0.0
YOUTUBE_id121_s0_90.png,0,VALID,-1.2304688,1.1054688,0.6479492,-2.8262653,LCC-FASD external-dev / cross-domain stress set,-1.2943655252456665,0.0,0.0
YOUTUBE_id121_s0_105.png,0,VALID,-0.3552246,0.33813477,0.3330078,-1.3839464,LCC-FASD external-dev / cross-domain stress set,-1.2943655252456665,0.0,0.0
YOUTUBE_id121_s0_120.png,0,VALID,-0.15917969,0.31835938,0.089660645,-1.0628606,LCC-FASD external-dev / cross-domain stress set,-1.2943655252456665,1.0,1.0
YOUTUBE_id121_s0_135.png,0,VALID,-0.12164307,0.4645996,0.03829956,-1.0887864,LCC-FASD external-dev / cross-domain stress set,-1.2943655252456665,1.0,1.0
YOUTUBE_id121_s0_150.png,0,VALID,-0.27490234,0.4020996,0.17248535,-1.2619178,LCC-FASD external-dev / cross-domain stress set,-1.2943655252456665,1.0,1.0
YOUTUBE_id122_s0_15.png,0,VALID,-1.3408203,1.4941406,0.4248047,-3.130043,LCC-FASD external-dev / cross-domain stress set,-1.2943655252456665,0.0,0.0
YOUTUBE_id122_s0_30.png,0,VALID,-1.2392578,1.4013672,0.34179688,-2.9382114,LCC-FASD external-dev / cross-domain stress set,-1.2943655252456665,0.0,0.0
YOUTUBE_id122_s0_45.png,0,VALID,-1.0927734,1.6455078,0.09307861,-2.9303327,LCC-FASD external-dev / cross-domain stress set,-1.2943655252456665,0.0,0.0
YOUTUBE_id122_s0_60.png,0,VALID,-1.4208984,1.6455078,0.4416504,-3.328797,LCC-FASD external-dev / cross-domain stress set,-1.2943655252456665,0.0,0.0
YOUTUBE_id122_s0_75.png,0,VALID,-1.2900391,1.4980469,0.36743164,-3.0678627,LCC-FASD external-dev / cross-domain stress set,-1.2943655252456665,0.0,0.0
YOUTUBE_id122_s0_90.png,0,VALID,-1.390625,1.5380859,0.43603516,-3.2155344,LCC-FASD external-dev / cross-domain stress set,-1.2943655252456665,0.0,0.0
YOUTUBE_id122_s0_105.png,0,VALID,-1.4931641,1.7128906,0.4404297,-3.4530253,LCC-FASD external-dev / cross-domain stress set,-1.2943655252456665,0.0,0.0
YOUTUBE_id122_s0_120.png,0,VALID,-1.4248047,1.5585938,0.48535156,-3.2774835,LCC-FASD external-dev / cross-domain stress set,-1.2943655252456665,0.0,0.0
YOUTUBE_id122_s0_135.png,0,VALID,-1.5380859,1.7050781,0.56103516,-3.5196805,LCC-FASD external-dev / cross-domain stress set,-1.2943655252456665,0.0,0.0
YOUTUBE_id122_s0_150.png,0,VALID,-1.3154297,1.4755859,0.38476562,-3.0806513,LCC-FASD external-dev / cross-domain stress set,-1.2943655252456665,0.0,0.0
YOUTUBE_id123_s0_105.png,0,VALID,0.54248047,0.019058228,-0.27978516,-0.031425416,LCC-FASD external-dev / cross-domain stress set,-1.2943655252456665,1.0,1.0
YOUTUBE_id115_s2_45.png,0,VALID,-0.7392578,0.8208008,0.25976562,-2.011528,LCC-FASD external-dev / cross-domain stress set,-1.2943655252456665,0.0,0.0
YOUTUBE_id115_s2_60.png,0,VALID,-0.8203125,0.9614258,0.24401855,-2.179182,LCC-FASD external-dev / cross-domain stress set,-1.2943655252456665,0.0,0.0
YOUTUBE_id115_s2_75.png,0,VALID,-0.55566406,0.5932617,0.21984863,-1.6726958,LCC-FASD external-dev / cross-domain stress set,-1.2943655252456665,0.0,0.0
YOUTUBE_id115_s2_90.png,0,VALID,-0.26635742,0.5073242,0.055236816,-1.2661183,LCC-FASD external-dev / cross-domain stress set,-1.2943655252456665,1.0,1.0
YOUTUBE_id116_s0_15.png,0,VALID,-1.1054688,1.0605469,0.42138672,-2.5898023,LCC-FASD external-dev / cross-domain stress set,-1.2943655252456665,0.0,0.0
YOUTUBE_id116_s0_30.png,0,VALID,-0.83447266,0.9711914,0.2548828,-2.203468,LCC-FASD external-dev / cross-domain stress set,-1.2943655252456665,0.0,0.0
YOUTUBE_id116_s0_45.png,0,VALID,-0.93066406,0.9140625,0.36376953,-2.3001118,LCC-FASD external-dev / cross-domain stress set,-1.2943655252456665,0.0,0.0
YOUTUBE_id116_s0_60.png,0,VALID,-0.38745117,0.35668945,0.25610352,-1.3882589,LCC-FASD external-dev / cross-domain stress set,-1.2943655252456665,0.0,0.0
YOUTUBE_id116_s0_75.png,0,VALID,-1.2607422,1.3076172,0.44580078,-2.9207008,LCC-FASD external-dev / cross-domain stress set,-1.2943655252456665,0.0,0.0
YOUTUBE_id116_s0_90.png,0,VALID,-1.3642578,1.4082031,0.47729492,-3.1047785,LCC-FASD external-dev / cross-domain stress set,-1.2943655252456665,0.0,0.0
YOUTUBE_id116_s0_105.png,0,VALID,-0.91748047,1.0556641,0.2692871,-2.3484886,LCC-FASD external-dev / cross-domain stress set,-1.2943655252456665,0.0,0.0
YOUTUBE_id116_s0_120.png,0,VALID,-1.0615234,1.1923828,0.30981445,-2.60013,LCC-FASD external-dev / cross-domain stress set,-1.2943655252456665,0.0,0.0
YOUTUBE_id116_s0_135.png,0,VALID,-0.56347656,0.70214844,0.1932373,-1.736347,LCC-FASD external-dev / cross-domain stress set,-1.2943655252456665,0.0,0.0
YOUTUBE_id116_s0_150.png,0,VALID,-0.7680664,0.7636719,0.29956055,-2.0195165,LCC-FASD external-dev / cross-domain stress set,-1.2943655252456665,0.0,0.0
YOUTUBE_id116_s1_15.png,0,VALID,-0.9458008,0.9609375,0.37963867,-2.350893,LCC-FASD external-dev / cross-domain stress set,-1.2943655252456665,0.0,0.0
YOUTUBE_id116_s1_30.png,0,VALID,-1.2304688,1.2246094,0.48413086,-2.8450136,LCC-FASD external-dev / cross-domain stress set,-1.2943655252456665,0.0,0.0
YOUTUBE_id116_s1_45.png,0,VALID,-0.94677734,1.0205078,0.31860352,-2.3698397,LCC-FASD external-dev / cross-domain stress set,-1.2943655252456665,0.0,0.0
YOUTUBE_id116_s1_60.png,0,VALID,-1.1621094,1.3193359,0.328125,-2.7970784,LCC-FASD external-dev / cross-domain stress set,-1.2943655252456665,0.0,0.0
YOUTUBE_id116_s1_75.png,0,VALID,-1.0966797,1.1425781,0.390625,-2.6255026,LCC-FASD external-dev / cross-domain stress set,-1.2943655252456665,0.0,0.0
YOUTUBE_id116_s1_90.png,0,VALID,-1.3476562,1.4570312,0.43676758,-3.1125398,LCC-FASD external-dev / cross-domain stress set,-1.2943655252456665,0.0,0.0
YOUTUBE_id116_s1_105.png,0,VALID,-0.60791016,0.6123047,0.25805664,-1.7518432,LCC-FASD external-dev / cross-domain stress set,-1.2943655252456665,0.0,0.0
YOUTUBE_id116_s1_120.png,0,VALID,-0.75927734,0.8178711,0.2854004,-2.03909,LCC-FASD external-dev / cross-domain stress set,-1.2943655252456665,0.0,0.0
YOUTUBE_id116_s1_135.png,0,VALID,-0.89990234,0.90625,0.32861328,-2.251622,LCC-FASD external-dev / cross-domain stress set,-1.2943655252456665,0.0,0.0
YOUTUBE_id116_s1_150.png,0,VALID,-0.8442383,0.92871094,0.27490234,-2.1917,LCC-FASD external-dev / cross-domain stress set,-1.2943655252456665,0.0,0.0
YOUTUBE_id116_s2_15.png,0,VALID,-1.4736328,1.5878906,0.53515625,-3.3608737,LCC-FASD external-dev / cross-domain stress set,-1.2943655252456665,0.0,0.0
YOUTUBE_id116_s2_30.png,0,VALID,-0.38378906,0.59521484,0.1295166,-1.4661698,LCC-FASD external-dev / cross-domain stress set,-1.2943655252456665,0.0,0.0
YOUTUBE_id116_s2_45.png,0,VALID,-0.41552734,0.50927734,0.18518066,-1.4689763,LCC-FASD external-dev / cross-domain stress set,-1.2943655252456665,0.0,0.0
YOUTUBE_id116_s2_60.png,0,VALID,-1.1025391,1.2890625,0.29541016,-2.7065744,LCC-FASD external-dev / cross-domain stress set,-1.2943655252456665,0.0,0.0
YOUTUBE_id116_s2_75.png,0,VALID,0.26513672,0.059570312,-0.1706543,-0.37907928,LCC-FASD external-dev / cross-domain stress set,-1.2943655252456665,1.0,1.0
YOUTUBE_id116_s2_90.png,0,VALID,-1.0595703,1.2666016,0.27075195,-2.6405516,LCC-FASD external-dev / cross-domain stress set,-1.2943655252456665,0.0,0.0
YOUTUBE_id116_s2_105.png,0,VALID,-1.1660156,1.2021484,0.4543457,-2.7557406,LCC-FASD external-dev / cross-domain stress set,-1.2943655252456665,0.0,0.0
YOUTUBE_id116_s2_120.png,0,VALID,-1.2255859,1.2617188,0.45043945,-2.854922,LCC-FASD external-dev / cross-domain stress set,-1.2943655252456665,0.0,0.0
YOUTUBE_id116_s2_135.png,0,VALID,-0.37231445,0.6484375,0.0869751,-1.4720659,LCC-FASD external-dev / cross-domain stress set,-1.2943655252456665,0.0,0.0
YOUTUBE_id116_s2_150.png,0,VALID,-0.2548828,0.38671875,0.103393555,-1.2030869,LCC-FASD external-dev / cross-domain stress set,-1.2943655252456665,1.0,1.0
YOUTUBE_id117_s0_15.png,0,VALID,-0.5205078,0.9658203,-0.01663208,-1.8043394,LCC-FASD external-dev / cross-domain stress set,-1.2943655252456665,0.0,0.0
YOUTUBE_id117_s0_30.png,0,VALID,-0.9121094,1.1210938,0.20239258,-2.3689873,LCC-FASD external-dev / cross-domain stress set,-1.2943655252456665,0.0,0.0
YOUTUBE_id117_s0_45.png,0,VALID,-1.4765625,1.8916016,0.32592773,-3.557914,LCC-FASD external-dev / cross-domain stress set,-1.2943655252456665,0.0,0.0
YOUTUBE_id117_s0_60.png,0,VALID,-1.0751953,1.4023438,0.21130371,-2.7429028,LCC-FASD external-dev / cross-domain stress set,-1.2943655252456665,0.0,0.0
YOUTUBE_id117_s0_75.png,0,VALID,-1.2050781,1.6347656,0.1430664,-3.0427766,LCC-FASD external-dev / cross-domain stress set,-1.2943655252456665,0.0,0.0
YOUTUBE_id117_s0_90.png,0,VALID,-1.3134766,1.7080078,0.26635742,-3.2337992,LCC-FASD external-dev / cross-domain stress set,-1.2943655252456665,0.0,0.0
YOUTUBE_id117_s0_105.png,0,VALID,-1.3603516,1.8339844,0.2697754,-3.384339,LCC-FASD external-dev / cross-domain stress set,-1.2943655252456665,0.0,0.0
YOUTUBE_id117_s0_120.png,0,VALID,-0.92822266,1.2851562,0.16723633,-2.4962687,LCC-FASD external-dev / cross-domain stress set,-1.2943655252456665,0.0,0.0
YOUTUBE_id117_s0_135.png,0,VALID,-0.7207031,1.2148438,-0.012008667,-2.1926775,LCC-FASD external-dev / cross-domain stress set,-1.2943655252456665,0.0,0.0
YOUTUBE_id117_s0_150.png,0,VALID,-0.61376953,0.82910156,0.12371826,-1.8442742,LCC-FASD external-dev / cross-domain stress set,-1.2943655252456665,0.0,0.0
YOUTUBE_id118_s0_15.png,0,VALID,-0.47558594,1.0302734,-0.097961426,-1.7862177,LCC-FASD external-dev / cross-domain stress set,-1.2943655252456665,0.0,0.0
YOUTUBE_id118_s0_30.png,0,VALID,-0.8544922,1.2353516,0.07324219,-2.3620255,LCC-FASD external-dev / cross-domain stress set,-1.2943655252456665,0.0,0.0
YOUTUBE_id118_s0_45.png,0,VALID,-1.0664062,1.2919922,0.2512207,-2.6608572,LCC-FASD external-dev / cross-domain stress set,-1.2943655252456665,0.0,0.0
YOUTUBE_id118_s0_60.png,0,VALID,-0.40625,0.84765625,-0.017959595,-1.6051209,LCC-FASD external-dev / cross-domain stress set,-1.2943655252456665,0.0,0.0
YOUTUBE_id118_s0_75.png,0,VALID,-0.46679688,0.9628906,-0.016174316,-1.7486227,LCC-FASD external-dev / cross-domain stress set,-1.2943655252456665,0.0,0.0
YOUTUBE_id118_s0_90.png,0,VALID,-0.60498047,1.2490234,-0.050323486,-2.0951524,LCC-FASD external-dev / cross-domain stress set,-1.2943655252456665,0.0,0.0
YOUTUBE_id118_s0_105.png,0,VALID,-0.9946289,1.4394531,0.12084961,-2.6711354,LCC-FASD external-dev / cross-domain stress set,-1.2943655252456665,0.0,0.0
YOUTUBE_id118_s0_120.png,0,VALID,0.26635742,0.2849121,-0.26342773,-0.4746549,LCC-FASD external-dev / cross-domain stress set,-1.2943655252456665,1.0,1.0
YOUTUBE_id118_s0_135.png,0,VALID,-0.6879883,1.1523438,0.027191162,-2.1214447,LCC-FASD external-dev / cross-domain stress set,-1.2943655252456665,0.0,0.0
YOUTUBE_id118_s0_150.png,0,VALID,-0.7084961,1.2304688,-0.009719849,-2.1930873,LCC-FASD external-dev / cross-domain stress set,-1.2943655252456665,0.0,0.0
YOUTUBE_id119_s0_105.png,0,VALID,0.29858398,-0.203125,-0.015556335,-0.28961384,LCC-FASD external-dev / cross-domain stress set,-1.2943655252456665,1.0,1.0
YOUTUBE_id119_s0_120.png,0,VALID,0.37280273,-0.2824707,0.007911682,-0.19356835,LCC-FASD external-dev / cross-domain stress set,-1.2943655252456665,1.0,1.0
YOUTUBE_id119_s0_135.png,0,VALID,0.5932617,-0.49829102,-0.07141113,0.16235822,LCC-FASD external-dev / cross-domain stress set,-1.2943655252456665,1.0,1.0
PBUNKNOWN_id169_s0_15.png,0,VALID,-1.3164062,1.7421875,0.15429688,-3.2445388,LCC-FASD external-dev / cross-domain stress set,-1.2943655252456665,0.0,0.0
PBUNKNOWN_id169_s0_30.png,0,VALID,-1.5664062,1.9638672,0.28564453,-3.7014544,LCC-FASD external-dev / cross-domain stress set,-1.2943655252456665,0.0,0.0
PBUNKNOWN_id169_s0_45.png,0,VALID,-1.5761719,2.0136719,0.26635742,-3.7504659,LCC-FASD external-dev / cross-domain stress set,-1.2943655252456665,0.0,0.0
PBUNKNOWN_id169_s0_60.png,0,VALID,-1.6337891,2.078125,0.29663086,-3.8675377,LCC-FASD external-dev / cross-domain stress set,-1.2943655252456665,0.0,0.0
PBUNKNOWN_id169_s0_75.png,0,VALID,-1.6132812,2.0527344,0.34448242,-3.8325315,LCC-FASD external-dev / cross-domain stress set,-1.2943655252456665,0.0,0.0
PBUNKNOWN_id169_s0_90.png,0,VALID,-1.4853516,2.0839844,0.14819336,-3.7041378,LCC-FASD external-dev / cross-domain stress set,-1.2943655252456665,0.0,0.0
PBUNKNOWN_id169_s0_120.png,0,VALID,-1.5488281,2.2070312,0.14746094,-3.87587,LCC-FASD external-dev / cross-domain stress set,-1.2943655252456665,0.0,0.0
PBUNKNOWN_id169_s0_135.png,0,VALID,-1.5107422,2.0761719,0.17541504,-3.7262022,LCC-FASD external-dev / cross-domain stress set,-1.2943655252456665,0.0,0.0
PBUNKNOWN_id169_s0_150.png,0,VALID,-1.3291016,1.8476562,0.1352539,-3.3426383,LCC-FASD external-dev / cross-domain stress set,-1.2943655252456665,0.0,0.0
SIC320_id161_s0_15.png,0,VALID,-1.5585938,2.0253906,0.27197266,-3.7437034,LCC-FASD external-dev / cross-domain stress set,-1.2943655252456665,0.0,0.0
SIC320_id161_s0_30.png,0,VALID,-1.6474609,2.09375,0.31958008,-3.8978934,LCC-FASD external-dev / cross-domain stress set,-1.2943655252456665,0.0,0.0
SIC320_id161_s0_45.png,0,VALID,-1.4755859,2.1152344,0.16491699,-3.7238019,LCC-FASD external-dev / cross-domain stress set,-1.2943655252456665,0.0,0.0
SIC320_id161_s0_60.png,0,VALID,-1.4951172,2.078125,0.19421387,-3.714737,LCC-FASD external-dev / cross-domain stress set,-1.2943655252456665,0.0,0.0
SIC320_id161_s0_75.png,0,VALID,-1.296875,1.7148438,0.2277832,-3.2155051,LCC-FASD external-dev / cross-domain stress set,-1.2943655252456665,0.0,0.0
SIC320_id161_s0_90.png,0,VALID,-1.390625,1.7216797,0.3112793,-3.3306732,LCC-FASD external-dev / cross-domain stress set,-1.2943655252456665,0.0,0.0
SIC320_id161_s0_105.png,0,VALID,-1.2548828,1.6425781,0.21716309,-3.1129017,LCC-FASD external-dev / cross-domain stress set,-1.2943655252456665,0.0,0.0
SIC320_id161_s0_120.png,0,VALID,-1.7451172,2.28125,0.32836914,-4.15903,LCC-FASD external-dev / cross-domain stress set,-1.2943655252456665,0.0,0.0
SIC320_id161_s0_135.png,0,VALID,-1.3115234,1.7919922,0.18054199,-3.285502,LCC-FASD external-dev / cross-domain stress set,-1.2943655252456665,0.0,0.0
SIC320_id161_s0_150.png,0,VALID,-1.4130859,1.9238281,0.19555664,-3.500385,LCC-FASD external-dev / cross-domain stress set,-1.2943655252456665,0.0,0.0
UNKNOWN_id152_s0_15.png,0,VALID,-0.078186035,0.6430664,-0.11395264,-1.1058769,LCC-FASD external-dev / cross-domain stress set,-1.2943655252456665,1.0,1.0
UNKNOWN_id152_s0_30.png,0,VALID,0.03253174,0.859375,-0.45043945,-1.0657579,LCC-FASD external-dev / cross-domain stress set,-1.2943655252456665,1.0,1.0
UNKNOWN_id152_s0_45.png,0,VALID,0.20495605,0.12841797,-0.13598633,-0.4931203,LCC-FASD external-dev / cross-domain stress set,-1.2943655252456665,1.0,1.0
UNKNOWN_id152_s0_60.png,0,VALID,-0.50097656,0.98876953,-0.014907837,-1.8020201,LCC-FASD external-dev / cross-domain stress set,-1.2943655252456665,0.0,0.0
UNKNOWN_id152_s0_75.png,0,VALID,-0.46923828,0.96972656,0.014930725,-1.764586,LCC-FASD external-dev / cross-domain stress set,-1.2943655252456665,0.0,0.0
UNKNOWN_id152_s0_90.png,0,VALID,-0.04534912,0.6738281,-0.23937988,-1.0565312,LCC-FASD external-dev / cross-domain stress set,-1.2943655252456665,1.0,1.0
UNKNOWN_id152_s0_105.png,0,VALID,-0.38623047,0.5078125,0.17248535,-1.4335167,LCC-FASD external-dev / cross-domain stress set,-1.2943655252456665,0.0,0.0
UNKNOWN_id152_s0_120.png,0,VALID,-0.55566406,0.6791992,0.18383789,-1.7106941,LCC-FASD external-dev / cross-domain stress set,-1.2943655252456665,0.0,0.0
UNKNOWN_id152_s0_135.png,0,VALID,-0.984375,1.3867188,0.20715332,-2.6391435,LCC-FASD external-dev / cross-domain stress set,-1.2943655252456665,0.0,0.0
UNKNOWN_id152_s0_150.png,0,VALID,0.13928223,0.3178711,-0.20947266,-0.6424301,LCC-FASD external-dev / cross-domain stress set,-1.2943655252456665,1.0,1.0
YOUTUBE_id115_s0_15.png,0,VALID,-1.0087891,1.0136719,0.42407227,-2.4636464,LCC-FASD external-dev / cross-domain stress set,-1.2943655252456665,0.0,0.0
YOUTUBE_id115_s0_30.png,0,VALID,-0.70214844,0.8828125,0.19519043,-1.9922712,LCC-FASD external-dev / cross-domain stress set,-1.2943655252456665,0.0,0.0
YOUTUBE_id115_s0_45.png,0,VALID,-0.8852539,1.0322266,0.24560547,-2.292748,LCC-FASD external-dev / cross-domain stress set,-1.2943655252456665,0.0,0.0
YOUTUBE_id115_s0_60.png,0,VALID,-0.9213867,1.2324219,0.11730957,-2.4373913,LCC-FASD external-dev / cross-domain stress set,-1.2943655252456665,0.0,0.0
YOUTUBE_id115_s0_75.png,0,VALID,-1.3300781,1.4296875,0.4650879,-3.0826716,LCC-FASD external-dev / cross-domain stress set,-1.2943655252456665,0.0,0.0
YOUTUBE_id115_s0_90.png,0,VALID,-0.94970703,1.0429688,0.2758789,-2.374096,LCC-FASD external-dev / cross-domain stress set,-1.2943655252456665,0.0,0.0
YOUTUBE_id115_s0_105.png,0,VALID,-1.1357422,1.2587891,0.3876953,-2.7441268,LCC-FASD external-dev / cross-domain stress set,-1.2943655252456665,0.0,0.0
YOUTUBE_id115_s0_120.png,0,VALID,-1.0009766,1.1054688,0.31054688,-2.479123,LCC-FASD external-dev / cross-domain stress set,-1.2943655252456665,0.0,0.0
YOUTUBE_id115_s0_135.png,0,VALID,-0.7524414,0.9741211,0.20605469,-2.107673,LCC-FASD external-dev / cross-domain stress set,-1.2943655252456665,0.0,0.0
YOUTUBE_id115_s1_15.png,0,VALID,-0.8642578,0.9326172,0.25683594,-2.2081623,LCC-FASD external-dev / cross-domain stress set,-1.2943655252456665,0.0,0.0
YOUTUBE_id115_s1_30.png,0,VALID,-0.6635742,0.74609375,0.25927734,-1.8887428,LCC-FASD external-dev / cross-domain stress set,-1.2943655252456665,0.0,0.0
YOUTUBE_id115_s1_45.png,0,VALID,-0.83496094,0.8881836,0.3137207,-2.1697562,LCC-FASD external-dev / cross-domain stress set,-1.2943655252456665,0.0,0.0
YOUTUBE_id115_s1_60.png,0,VALID,-1.1123047,1.1875,0.3449707,-2.6579127,LCC-FASD external-dev / cross-domain stress set,-1.2943655252456665,0.0,0.0
YOUTUBE_id115_s1_75.png,0,VALID,-0.85302734,0.93115234,0.27514648,-2.2021792,LCC-FASD external-dev / cross-domain stress set,-1.2943655252456665,0.0,0.0
YOUTUBE_id115_s1_90.png,0,VALID,-0.25610352,0.32373047,0.14562988,-1.1878906,LCC-FASD external-dev / cross-domain stress set,-1.2943655252456665,1.0,1.0
YOUTUBE_id115_s1_105.png,0,VALID,-0.92285156,1.0878906,0.23254395,-2.3650093,LCC-FASD external-dev / cross-domain stress set,-1.2943655252456665,0.0,0.0
YOUTUBE_id115_s1_120.png,0,VALID,-0.3347168,0.5209961,0.1027832,-1.3614589,LCC-FASD external-dev / cross-domain stress set,-1.2943655252456665,0.0,0.0
YOUTUBE_id115_s1_135.png,0,VALID,-0.29418945,0.68847656,-0.0657959,-1.3681684,LCC-FASD external-dev / cross-domain stress set,-1.2943655252456665,0.0,0.0
YOUTUBE_id115_s1_150.png,0,VALID,-0.98291016,0.94677734,0.44580078,-2.403396,LCC-FASD external-dev / cross-domain stress set,-1.2943655252456665,0.0,0.0
YOUTUBE_id115_s2_15.png,0,VALID,-0.796875,0.7792969,0.3803711,-2.0896184,LCC-FASD external-dev / cross-domain stress set,-1.2943655252456665,0.0,0.0
YOUTUBE_id115_s2_30.png,0,VALID,-0.50146484,0.60058594,0.19250488,-1.6118308,LCC-FASD external-dev / cross-domain stress set,-1.2943655252456665,0.0,0.0
YOUTUBE_id115_s2_105.png,0,VALID,-0.6542969,0.78125,0.2253418,-1.8888818,LCC-FASD external-dev / cross-domain stress set,-1.2943655252456665,0.0,0.0
YOUTUBE_id115_s2_120.png,0,VALID,-0.53564453,0.92578125,0.043670654,-1.8077836,LCC-FASD external-dev / cross-domain stress set,-1.2943655252456665,0.0,0.0
YOUTUBE_id115_s2_135.png,0,VALID,-0.97216797,1.1201172,0.31860352,-2.4629169,LCC-FASD external-dev / cross-domain stress set,-1.2943655252456665,0.0,0.0
YOUTUBE_id115_s2_150.png,0,VALID,-1.1542969,1.1425781,0.4716797,-2.7098114,LCC-FASD external-dev / cross-domain stress set,-1.2943655252456665,0.0,0.0
FT720P_id5_s0_30.png,0,VALID,-0.54345703,0.6821289,0.1159668,-1.6751956,LCC-FASD external-dev / cross-domain stress set,-1.2943655252456665,0.0,0.0
FT720P_id5_s0_45.png,0,VALID,-0.62597656,0.7392578,0.1472168,-1.8055497,LCC-FASD external-dev / cross-domain stress set,-1.2943655252456665,0.0,0.0
FT720P_id5_s0_60.png,0,VALID,-0.7207031,0.7763672,0.21484375,-1.9483621,LCC-FASD external-dev / cross-domain stress set,-1.2943655252456665,0.0,0.0
FT720P_id5_s0_75.png,0,VALID,-0.31762695,0.41577148,0.074523926,-1.2704079,LCC-FASD external-dev / cross-domain stress set,-1.2943655252456665,1.0,1.0
FT720P_id5_s0_90.png,0,VALID,-0.28027344,0.4013672,0.04324341,-1.2116725,LCC-FASD external-dev / cross-domain stress set,-1.2943655252456665,1.0,1.0
FT720P_id9_s0_15.png,0,VALID,-0.8623047,1.0478516,0.15808105,-2.2542777,LCC-FASD external-dev / cross-domain stress set,-1.2943655252456665,0.0,0.0
FT720P_id9_s0_30.png,0,VALID,-1.0507812,1.1933594,0.26000977,-2.5757685,LCC-FASD external-dev / cross-domain stress set,-1.2943655252456665,0.0,0.0
FT720P_id9_s0_45.png,0,VALID,-0.8046875,0.93896484,0.17358398,-2.1256146,LCC-FASD external-dev / cross-domain stress set,-1.2943655252456665,0.0,0.0
FT720P_id9_s0_60.png,0,VALID,-1.0048828,1.0664062,0.27172852,-2.4440427,LCC-FASD external-dev / cross-domain stress set,-1.2943655252456665,0.0,0.0
FT720P_id9_s0_75.png,0,VALID,-0.5966797,0.78808594,0.08538818,-1.7870574,LCC-FASD external-dev / cross-domain stress set,-1.2943655252456665,0.0,0.0
FT720P_id9_s0_90.png,0,VALID,-1.0654297,1.1708984,0.28930664,-2.5828378,LCC-FASD external-dev / cross-domain stress set,-1.2943655252456665,0.0,0.0
FT720P_id9_s0_105.png,0,VALID,-0.31762695,0.6689453,0.006652832,-1.4024284,LCC-FASD external-dev / cross-domain stress set,-1.2943655252456665,0.0,0.0
FT720P_id9_s0_120.png,0,VALID,-1.1875,1.3300781,0.3371582,-2.832749,LCC-FASD external-dev / cross-domain stress set,-1.2943655252456665,0.0,0.0
FT720P_id9_s0_135.png,0,VALID,-0.8540039,0.9868164,0.21325684,-2.2201931,LCC-FASD external-dev / cross-domain stress set,-1.2943655252456665,0.0,0.0
FT720P_id9_s0_150.png,0,VALID,-0.7001953,1.0234375,0.08721924,-2.054452,LCC-FASD external-dev / cross-domain stress set,-1.2943655252456665,0.0,0.0
IPHONE8B_id5_s2_15.png,0,VALID,-0.39013672,0.6230469,0.051696777,-1.4609176,LCC-FASD external-dev / cross-domain stress set,-1.2943655252456665,0.0,0.0
IPHONE8B_id5_s2_30.png,0,VALID,-0.42944336,0.66796875,0.033355713,-1.5227718,LCC-FASD external-dev / cross-domain stress set,-1.2943655252456665,0.0,0.0
IPHONE8B_id5_s2_45.png,0,VALID,-0.58251953,0.71972656,0.1640625,-1.75567,LCC-FASD external-dev / cross-domain stress set,-1.2943655252456665,0.0,0.0
IPHONE8B_id5_s2_60.png,0,VALID,-0.4572754,0.63183594,0.08673096,-1.5463974,LCC-FASD external-dev / cross-domain stress set,-1.2943655252456665,0.0,0.0
IPHONE8B_id5_s2_75.png,0,VALID,-0.46289062,0.5629883,0.12634277,-1.5243487,LCC-FASD external-dev / cross-domain stress set,-1.2943655252456665,0.0,0.0
IPHONE8B_id5_s2_90.png,0,VALID,-0.41723633,0.5292969,0.109375,-1.4516013,LCC-FASD external-dev / cross-domain stress set,-1.2943655252456665,0.0,0.0
IPHONE8B_id5_s2_105.png,0,VALID,-0.52246094,0.6489258,0.13952637,-1.6419253,LCC-FASD external-dev / cross-domain stress set,-1.2943655252456665,0.0,0.0
IPHONE8B_id5_s2_120.png,0,VALID,-0.2154541,0.29101562,0.072387695,-1.0962658,LCC-FASD external-dev / cross-domain stress set,-1.2943655252456665,1.0,1.0
IPHONE8B_id5_s2_135.png,0,VALID,-0.45263672,0.52685547,0.140625,-1.4980562,LCC-FASD external-dev / cross-domain stress set,-1.2943655252456665,0.0,0.0
IPHONE8B_id5_s2_150.png,0,VALID,-0.59228516,0.6069336,0.21972656,-1.7173877,LCC-FASD external-dev / cross-domain stress set,-1.2943655252456665,0.0,0.0
IPHONE8B_id9_s2_15.png,0,VALID,0.033233643,0.1751709,-0.055114746,-0.726556,LCC-FASD external-dev / cross-domain stress set,-1.2943655252456665,1.0,1.0
IPHONE8B_id9_s2_30.png,0,VALID,-0.1451416,0.51953125,-0.12054443,-1.0881431,LCC-FASD external-dev / cross-domain stress set,-1.2943655252456665,1.0,1.0
IPHONE8B_id9_s2_45.png,0,VALID,-0.25439453,0.4404297,0.003921509,-1.193348,LCC-FASD external-dev / cross-domain stress set,-1.2943655252456665,1.0,1.0
IPHONE8B_id9_s2_60.png,0,VALID,0.35668945,0.05682373,-0.28393555,-0.23734671,LCC-FASD external-dev / cross-domain stress set,-1.2943655252456665,1.0,1.0
IPHONE8B_id9_s2_75.png,0,VALID,-0.31860352,0.6694336,-0.10192871,-1.3681042,LCC-FASD external-dev / cross-domain stress set,-1.2943655252456665,0.0,0.0
IPHONE8B_id9_s2_90.png,0,VALID,0.013641357,0.3293457,-0.15515137,-0.7956625,LCC-FASD external-dev / cross-domain stress set,-1.2943655252456665,1.0,1.0
IPHONE8B_id9_s2_105.png,0,VALID,0.22961426,0.17199707,-0.21130371,-0.46213317,LCC-FASD external-dev / cross-domain stress set,-1.2943655252456665,1.0,1.0
IPHONE8B_id9_s2_120.png,0,VALID,-0.296875,0.5732422,0.0070762634,-1.3197254,LCC-FASD external-dev / cross-domain stress set,-1.2943655252456665,0.0,0.0
IPHONE8B_id9_s2_135.png,0,VALID,0.09918213,0.2265625,-0.16040039,-0.645648,LCC-FASD external-dev / cross-domain stress set,-1.2943655252456665,1.0,1.0
IPHONE8B_id9_s2_150.png,0,VALID,0.004207611,0.4284668,-0.25341797,-0.8334925,LCC-FASD external-dev / cross-domain stress set,-1.2943655252456665,1.0,1.0
IPHONE8B_id81_s0_15.png,0,VALID,-0.8300781,1.2890625,-1.5974045e-05,-2.3624983,LCC-FASD external-dev / cross-domain stress set,-1.2943655252456665,0.0,0.0
IPHONE8B_id81_s0_30.png,0,VALID,-0.9316406,1.3007812,0.10058594,-2.495659,LCC-FASD external-dev / cross-domain stress set,-1.2943655252456665,0.0,0.0
IPHONE8B_id81_s0_45.png,0,VALID,-0.8305664,1.2626953,0.03842163,-2.3509777,LCC-FASD external-dev / cross-domain stress set,-1.2943655252456665,0.0,0.0
IPHONE8B_id81_s0_60.png,0,VALID,-0.8666992,1.3681641,0.057281494,-2.473551,LCC-FASD external-dev / cross-domain stress set,-1.2943655252456665,0.0,0.0
IPHONE8B_id81_s0_75.png,0,VALID,-0.8173828,1.3369141,0.039855957,-2.395936,LCC-FASD external-dev / cross-domain stress set,-1.2943655252456665,0.0,0.0
IPHONE8B_id81_s0_90.png,0,VALID,-1.0722656,1.4970703,0.16394043,-2.803341,LCC-FASD external-dev / cross-domain stress set,-1.2943655252456665,0.0,0.0
IPHONE8B_id81_s0_105.png,0,VALID,-0.99560547,1.3867188,0.12512207,-2.6316824,LCC-FASD external-dev / cross-domain stress set,-1.2943655252456665,0.0,0.0
IPHONE8B_id81_s0_120.png,0,VALID,-1.0898438,1.4755859,0.1739502,-2.806088,LCC-FASD external-dev / cross-domain stress set,-1.2943655252456665,0.0,0.0
IPHONE8B_id81_s0_135.png,0,VALID,-0.6201172,1.296875,-0.1772461,-2.1231766,LCC-FASD external-dev / cross-domain stress set,-1.2943655252456665,0.0,0.0
IPHONE8B_id81_s0_150.png,0,VALID,-1.0634766,1.4765625,0.111206055,-2.7674055,LCC-FASD external-dev / cross-domain stress set,-1.2943655252456665,0.0,0.0
MSIGT72_id164_s0_15.png,0,VALID,-1.2519531,1.96875,-0.038360596,-3.3467863,LCC-FASD external-dev / cross-domain stress set,-1.2943655252456665,0.0,0.0
MSIGT72_id164_s0_30.png,0,VALID,-1.4140625,2.0742188,0.059448242,-3.61346,LCC-FASD external-dev / cross-domain stress set,-1.2943655252456665,0.0,0.0
MSIGT72_id164_s0_45.png,0,VALID,-1.2197266,2.0332031,-0.08654785,-3.3663132,LCC-FASD external-dev / cross-domain stress set,-1.2943655252456665,0.0,0.0
MSIGT72_id164_s0_60.png,0,VALID,-1.4150391,2.1445312,0.0008778572,-3.670419,LCC-FASD external-dev / cross-domain stress set,-1.2943655252456665,0.0,0.0
MSIGT72_id164_s0_75.png,0,VALID,-1.2568359,2.0605469,-0.06311035,-3.4303484,LCC-FASD external-dev / cross-domain stress set,-1.2943655252456665,0.0,0.0
MSIGT72_id164_s0_90.png,0,VALID,-1.2021484,1.9511719,-0.08050537,-3.2765245,LCC-FASD external-dev / cross-domain stress set,-1.2943655252456665,0.0,0.0
MSIGT72_id164_s0_105.png,0,VALID,-1.2773438,2.0644531,-0.038909912,-3.45695,LCC-FASD external-dev / cross-domain stress set,-1.2943655252456665,0.0,0.0
MSIGT72_id164_s0_120.png,0,VALID,-1.3837891,2.0917969,0.010871887,-3.5932043,LCC-FASD external-dev / cross-domain stress set,-1.2943655252456665,0.0,0.0
MSIGT72_id164_s0_135.png,0,VALID,-1.4482422,2.2773438,-0.021835327,-3.8212063,LCC-FASD external-dev / cross-domain stress set,-1.2943655252456665,0.0,0.0
PBUNKNOWN_id169_s0_105.png,0,VALID,-1.6484375,2.1191406,0.31762695,-3.920341,LCC-FASD external-dev / cross-domain stress set,-1.2943655252456665,0.0,0.0
FT720P_id0_s2_45.png,0,VALID,-1.1757812,1.8447266,-0.014167786,-3.1653395,LCC-FASD external-dev / cross-domain stress set,-1.2943655252456665,0.0,0.0
FT720P_id0_s2_60.png,0,VALID,-1.4697266,2.0605469,0.16149902,-3.669784,LCC-FASD external-dev / cross-domain stress set,-1.2943655252456665,0.0,0.0
FT720P_id0_s2_75.png,0,VALID,-1.1279297,1.7822266,-0.04171753,-3.059772,LCC-FASD external-dev / cross-domain stress set,-1.2943655252456665,0.0,0.0
FT720P_id0_s2_90.png,0,VALID,-0.87353516,1.6474609,-0.15759277,-2.6732583,LCC-FASD external-dev / cross-domain stress set,-1.2943655252456665,0.0,0.0
FT720P_id0_s3_16.png,0,VALID,-1.9082031,2.5351562,0.2758789,-4.542685,LCC-FASD external-dev / cross-domain stress set,-1.2943655252456665,0.0,0.0
FT720P_id0_s3_31.png,0,VALID,-1.6230469,2.2304688,0.171875,-3.9736366,LCC-FASD external-dev / cross-domain stress set,-1.2943655252456665,0.0,0.0
FT720P_id0_s3_46.png,0,VALID,-1.5273438,2.2460938,0.08258057,-3.8822207,LCC-FASD external-dev / cross-domain stress set,-1.2943655252456665,0.0,0.0
FT720P_id0_s3_61.png,0,VALID,-1.5546875,2.2480469,0.1274414,-3.9160264,LCC-FASD external-dev / cross-domain stress set,-1.2943655252456665,0.0,0.0
FT720P_id0_s3_77.png,0,VALID,-1.4189453,2.1914062,0.024383545,-3.7187736,LCC-FASD external-dev / cross-domain stress set,-1.2943655252456665,0.0,0.0
FT720P_id0_s3_92.png,0,VALID,-1.5449219,2.2988281,0.10656738,-3.949608,LCC-FASD external-dev / cross-domain stress set,-1.2943655252456665,0.0,0.0
FT720P_id0_s3_107.png,0,VALID,-1.6201172,2.1933594,0.22363281,-3.9440618,LCC-FASD external-dev / cross-domain stress set,-1.2943655252456665,0.0,0.0
FT720P_id0_s3_127.png,0,VALID,-1.4365234,2.1875,0.044311523,-3.7349207,LCC-FASD external-dev / cross-domain stress set,-1.2943655252456665,0.0,0.0
FT720P_id0_s3_142.png,0,VALID,-1.65625,2.3613281,0.14074707,-4.1206274,LCC-FASD external-dev / cross-domain stress set,-1.2943655252456665,0.0,0.0
FT720P_id0_s3_157.png,0,VALID,-1.5429688,2.3066406,0.07080078,-3.9511747,LCC-FASD external-dev / cross-domain stress set,-1.2943655252456665,0.0,0.0
FT720P_id5_s0_15.png,0,VALID,-0.7441406,0.8652344,0.15002441,-2.0075397,LCC-FASD external-dev / cross-domain stress set,-1.2943655252456665,0.0,0.0
FT720P_id5_s0_105.png,0,VALID,-0.35009766,0.4501953,0.08178711,-1.3261065,LCC-FASD external-dev / cross-domain stress set,-1.2943655252456665,0.0,0.0
FT720P_id5_s0_120.png,0,VALID,-0.31713867,0.3955078,0.103027344,-1.2702086,LCC-FASD external-dev / cross-domain stress set,-1.2943655252456665,1.0,1.0
FT720P_id5_s0_135.png,0,VALID,-0.38232422,0.4753418,0.08843994,-1.3759583,LCC-FASD external-dev / cross-domain stress set,-1.2943655252456665,0.0,0.0
FT720P_id5_s0_150.png,0,VALID,-0.27172852,0.37719727,0.07519531,-1.2024295,LCC-FASD external-dev / cross-domain stress set,-1.2943655252456665,1.0,1.0
FT720P_id12_s0_15.png,0,VALID,-0.76171875,0.9448242,0.1661377,-2.0843,LCC-FASD external-dev / cross-domain stress set,-1.2943655252456665,0.0,0.0
FT720P_id12_s0_30.png,0,VALID,-0.98095703,1.2246094,0.22314453,-2.5184343,LCC-FASD external-dev / cross-domain stress set,-1.2943655252456665,0.0,0.0
FT720P_id12_s0_45.png,0,VALID,-0.81689453,1.0361328,0.1776123,-2.2063487,LCC-FASD external-dev / cross-domain stress set,-1.2943655252456665,0.0,0.0
FT720P_id12_s0_60.png,0,VALID,-0.67285156,0.8798828,0.1348877,-1.9412138,LCC-FASD external-dev / cross-domain stress set,-1.2943655252456665,0.0,0.0
FT720P_id12_s0_75.png,0,VALID,-0.82177734,0.9526367,0.21899414,-2.166562,LCC-FASD external-dev / cross-domain stress set,-1.2943655252456665,0.0,0.0
FT720P_id12_s0_90.png,0,VALID,-0.6357422,0.8173828,0.1328125,-1.8614572,LCC-FASD external-dev / cross-domain stress set,-1.2943655252456665,0.0,0.0
FT720P_id12_s0_105.png,0,VALID,-0.76660156,0.9526367,0.16906738,-2.0954618,LCC-FASD external-dev / cross-domain stress set,-1.2943655252456665,0.0,0.0
FT720P_id12_s0_120.png,0,VALID,-0.3618164,0.6020508,0.01889038,-1.4073546,LCC-FASD external-dev / cross-domain stress set,-1.2943655252456665,0.0,0.0
FT720P_id12_s0_135.png,0,VALID,-0.51123047,0.6772461,0.09100342,-1.630861,LCC-FASD external-dev / cross-domain stress set,-1.2943655252456665,0.0,0.0
FT720P_id12_s0_150.png,0,VALID,-0.45385742,0.6279297,0.112854004,-1.550199,LCC-FASD external-dev / cross-domain stress set,-1.2943655252456665,0.0,0.0
FT720P_id12_s1_15.png,0,VALID,-0.94921875,1.0839844,0.24169922,-2.3913846,LCC-FASD external-dev / cross-domain stress set,-1.2943655252456665,0.0,0.0
FT720P_id12_s1_30.png,0,VALID,-0.8959961,1.0419922,0.22692871,-2.3044431,LCC-FASD external-dev / cross-domain stress set,-1.2943655252456665,0.0,0.0
FT720P_id12_s1_45.png,0,VALID,-1.1191406,1.2597656,0.30004883,-2.7031622,LCC-FASD external-dev / cross-domain stress set,-1.2943655252456665,0.0,0.0
FT720P_id12_s1_60.png,0,VALID,-1.2128906,1.3603516,0.3166504,-2.8749373,LCC-FASD external-dev / cross-domain stress set,-1.2943655252456665,0.0,0.0
FT720P_id12_s1_75.png,0,VALID,-0.93603516,1.0615234,0.23925781,-2.3618093,LCC-FASD external-dev / cross-domain stress set,-1.2943655252456665,0.0,0.0
FT720P_id12_s1_90.png,0,VALID,-1.0839844,1.2529297,0.26611328,-2.6537385,LCC-FASD external-dev / cross-domain stress set,-1.2943655252456665,0.0,0.0
FT720P_id12_s1_105.png,0,VALID,-1.0439453,1.1777344,0.28271484,-2.5642757,LCC-FASD external-dev / cross-domain stress set,-1.2943655252456665,0.0,0.0
FT720P_id12_s1_120.png,0,VALID,-0.97509766,1.1279297,0.25610352,-2.452407,LCC-FASD external-dev / cross-domain stress set,-1.2943655252456665,0.0,0.0
FT720P_id12_s1_135.png,0,VALID,-1.1513672,1.2939453,0.31689453,-2.7647982,LCC-FASD external-dev / cross-domain stress set,-1.2943655252456665,0.0,0.0
FT720P_id12_s1_150.png,0,VALID,-0.99365234,1.0244141,0.32299805,-2.4207828,LCC-FASD external-dev / cross-domain stress set,-1.2943655252456665,0.0,0.0
FT720P_id12_s2_15.png,0,VALID,-0.98046875,1.1386719,0.22741699,-2.4570541,LCC-FASD external-dev / cross-domain stress set,-1.2943655252456665,0.0,0.0
FT720P_id12_s2_30.png,0,VALID,-0.96875,1.1210938,0.24230957,-2.4371765,LCC-FASD external-dev / cross-domain stress set,-1.2943655252456665,0.0,0.0
FT720P_id12_s2_45.png,0,VALID,-1.1259766,1.3369141,0.27392578,-2.7595983,LCC-FASD external-dev / cross-domain stress set,-1.2943655252456665,0.0,0.0
FT720P_id12_s2_60.png,0,VALID,-1.0068359,1.1738281,0.23730469,-2.5113974,LCC-FASD external-dev / cross-domain stress set,-1.2943655252456665,0.0,0.0
FT720P_id12_s2_75.png,0,VALID,-1.0556641,1.1738281,0.30200195,-2.5788717,LCC-FASD external-dev / cross-domain stress set,-1.2943655252456665,0.0,0.0
FT720P_id12_s2_90.png,0,VALID,-0.96484375,1.0820312,0.26733398,-2.4134421,LCC-FASD external-dev / cross-domain stress set,-1.2943655252456665,0.0,0.0
FT720P_id12_s2_105.png,0,VALID,-1.140625,1.265625,0.32250977,-2.7351313,LCC-FASD external-dev / cross-domain stress set,-1.2943655252456665,0.0,0.0
FT720P_id12_s2_120.png,0,VALID,-1.2255859,1.3564453,0.34399414,-2.8919594,LCC-FASD external-dev / cross-domain stress set,-1.2943655252456665,0.0,0.0
FT720P_id12_s2_135.png,0,VALID,-1.1816406,1.3261719,0.32666016,-2.8212056,LCC-FASD external-dev / cross-domain stress set,-1.2943655252456665,0.0,0.0
FT720P_id12_s2_150.png,0,VALID,-1.1835938,1.4072266,0.26416016,-2.8675728,LCC-FASD external-dev / cross-domain stress set,-1.2943655252456665,0.0,0.0
AGL752VM_id147_s0_15.png,0,VALID,-0.5854492,1.2617188,-0.21350098,-2.0531478,LCC-FASD external-dev / cross-domain stress set,-1.2943655252456665,0.0,0.0
AGL752VM_id147_s0_30.png,0,VALID,-0.9003906,1.4277344,0.038391113,-2.5506597,LCC-FASD external-dev / cross-domain stress set,-1.2943655252456665,0.0,0.0
AGL752VM_id147_s0_45.png,0,VALID,-1.2294922,1.7324219,0.15612793,-3.1498365,LCC-FASD external-dev / cross-domain stress set,-1.2943655252456665,0.0,0.0
AGL752VM_id147_s0_60.png,0,VALID,-0.9589844,1.5078125,0.024353027,-2.671248,LCC-FASD external-dev / cross-domain stress set,-1.2943655252456665,0.0,0.0
AGL752VM_id147_s0_75.png,0,VALID,-0.061340332,0.86279297,-0.359375,-1.182328,LCC-FASD external-dev / cross-domain stress set,-1.2943655252456665,1.0,1.0
AGL752VM_id147_s0_90.png,0,VALID,-1.3183594,1.8613281,0.13330078,-3.3431952,LCC-FASD external-dev / cross-domain stress set,-1.2943655252456665,0.0,0.0
AGL752VM_id147_s0_105.png,0,VALID,-0.9223633,1.6142578,-0.11791992,-2.699504,LCC-FASD external-dev / cross-domain stress set,-1.2943655252456665,0.0,0.0
AGL752VM_id147_s0_120.png,0,VALID,-0.70703125,1.4052734,-0.16748047,-2.3008344,LCC-FASD external-dev / cross-domain stress set,-1.2943655252456665,0.0,0.0
AGL752VM_id147_s0_135.png,0,VALID,-0.79003906,1.4267578,-0.10632324,-2.4122562,LCC-FASD external-dev / cross-domain stress set,-1.2943655252456665,0.0,0.0
AGL752VM_id147_s0_150.png,0,VALID,-0.7524414,1.4101562,-0.13195801,-2.3564594,LCC-FASD external-dev / cross-domain stress set,-1.2943655252456665,0.0,0.0
FT720P_id0_s0_15.png,0,VALID,-0.89453125,1.6435547,-0.08984375,-2.7007854,LCC-FASD external-dev / cross-domain stress set,-1.2943655252456665,0.0,0.0
FT720P_id0_s0_30.png,0,VALID,-0.6713867,1.3896484,-0.18444824,-2.2493343,LCC-FASD external-dev / cross-domain stress set,-1.2943655252456665,0.0,0.0
FT720P_id0_s0_45.png,0,VALID,-0.69873047,1.4267578,-0.20056152,-2.3048515,LCC-FASD external-dev / cross-domain stress set,-1.2943655252456665,0.0,0.0
FT720P_id0_s0_60.png,0,VALID,-0.45507812,1.2138672,-0.27319336,-1.8727316,LCC-FASD external-dev / cross-domain stress set,-1.2943655252456665,0.0,0.0
FT720P_id0_s0_75.png,0,VALID,-0.7475586,1.3466797,-0.09625244,-2.306308,LCC-FASD external-dev / cross-domain stress set,-1.2943655252456665,0.0,0.0
FT720P_id0_s0_90.png,0,VALID,-0.72509766,1.3222656,-0.10003662,-2.2634082,LCC-FASD external-dev / cross-domain stress set,-1.2943655252456665,0.0,0.0
FT720P_id0_s0_105.png,0,VALID,-0.5649414,1.2802734,-0.20654297,-2.049046,LCC-FASD external-dev / cross-domain stress set,-1.2943655252456665,0.0,0.0
FT720P_id0_s0_120.png,0,VALID,-0.7241211,1.390625,-0.16662598,-2.3059568,LCC-FASD external-dev / cross-domain stress set,-1.2943655252456665,0.0,0.0
FT720P_id0_s0_135.png,0,VALID,-0.67333984,1.3603516,-0.18237305,-2.2274456,LCC-FASD external-dev / cross-domain stress set,-1.2943655252456665,0.0,0.0
FT720P_id0_s0_150.png,0,VALID,-0.6166992,1.3964844,-0.22338867,-2.1937735,LCC-FASD external-dev / cross-domain stress set,-1.2943655252456665,0.0,0.0
FT720P_id0_s1_15.png,0,VALID,-1.2841797,1.8457031,0.13000488,-3.29526,LCC-FASD external-dev / cross-domain stress set,-1.2943655252456665,0.0,0.0
FT720P_id0_s1_30.png,0,VALID,-0.99658203,1.6279297,-0.0034503937,-2.8032095,LCC-FASD external-dev / cross-domain stress set,-1.2943655252456665,0.0,0.0
FT720P_id0_s1_45.png,0,VALID,-0.8144531,1.6806641,-0.19909668,-2.6371605,LCC-FASD external-dev / cross-domain stress set,-1.2943655252456665,0.0,0.0
FT720P_id0_s1_60.png,0,VALID,-0.76708984,1.5263672,-0.13452148,-2.4673853,LCC-FASD external-dev / cross-domain stress set,-1.2943655252456665,0.0,0.0
FT720P_id0_s1_75.png,0,VALID,-0.9692383,1.6337891,-0.041137695,-2.7747276,LCC-FASD external-dev / cross-domain stress set,-1.2943655252456665,0.0,0.0
FT720P_id0_s1_90.png,0,VALID,-1.09375,1.7841797,-0.0030021667,-3.0327356,LCC-FASD external-dev / cross-domain stress set,-1.2943655252456665,0.0,0.0
FT720P_id0_s1_105.png,0,VALID,-1.1132812,1.8378906,-0.0012865067,-3.0986848,LCC-FASD external-dev / cross-domain stress set,-1.2943655252456665,0.0,0.0
FT720P_id0_s1_120.png,0,VALID,-1.0732422,1.7558594,0.022750854,-2.9918447,LCC-FASD external-dev / cross-domain stress set,-1.2943655252456665,0.0,0.0
FT720P_id0_s1_135.png,0,VALID,-1.2070312,1.8466797,0.08642578,-3.2124236,LCC-FASD external-dev / cross-domain stress set,-1.2943655252456665,0.0,0.0
FT720P_id0_s1_150.png,0,VALID,-1.0087891,1.6875,-0.0021038055,-2.8656878,LCC-FASD external-dev / cross-domain stress set,-1.2943655252456665,0.0,0.0
FT720P_id0_s2_15.png,0,VALID,-1.2460938,1.9619141,-0.029464722,-3.3359673,LCC-FASD external-dev / cross-domain stress set,-1.2943655252456665,0.0,0.0
FT720P_id0_s2_30.png,0,VALID,-1.3222656,1.8955078,0.088134766,-3.3697085,LCC-FASD external-dev / cross-domain stress set,-1.2943655252456665,0.0,0.0
FT720P_id0_s2_105.png,0,VALID,-0.51708984,1.3046875,-0.24328613,-2.0146089,LCC-FASD external-dev / cross-domain stress set,-1.2943655252456665,0.0,0.0
FT720P_id0_s2_120.png,0,VALID,-1.6416016,2.0976562,0.29077148,-3.8912618,LCC-FASD external-dev / cross-domain stress set,-1.2943655252456665,0.0,0.0
FT720P_id0_s2_135.png,0,VALID,-0.6503906,1.4091797,-0.19067383,-2.2434957,LCC-FASD external-dev / cross-domain stress set,-1.2943655252456665,0.0,0.0
FT720P_id0_s2_150.png,0,VALID,-1.0556641,1.7041016,-0.037139893,-2.9212914,LCC-FASD external-dev / cross-domain stress set,-1.2943655252456665,0.0,0.0
YOUTUBE_id48_s2_15.png,0,VALID,0.07867432,0.30371094,-0.23254395,-0.6855799,LCC-FASD external-dev / cross-domain stress set,-1.2943655252456665,1.0,1.0
YOUTUBE_id48_s2_30.png,0,VALID,-0.38964844,1.03125,-0.15075684,-1.6883748,LCC-FASD external-dev / cross-domain stress set,-1.2943655252456665,0.0,0.0
YOUTUBE_id48_s2_45.png,0,VALID,0.066589355,0.24304199,-0.16577148,-0.68594027,LCC-FASD external-dev / cross-domain stress set,-1.2943655252456665,1.0,1.0
YOUTUBE_id48_s2_78.png,0,VALID,0.023880005,0.42358398,-0.1875,-0.8332785,LCC-FASD external-dev / cross-domain stress set,-1.2943655252456665,1.0,1.0
spoof_1793.png,1,VALID,-0.5410156,0.7792969,0.095947266,-1.7290542,LCC-FASD external-dev / cross-domain stress set,-1.2943655252456665,0.0,1.0
spoof_1794.png,1,VALID,-0.01512146,0.34375,-0.0680542,-0.8671662,LCC-FASD external-dev / cross-domain stress set,-1.2943655252456665,1.0,0.0
spoof_1795.png,1,VALID,-0.8364258,1.0449219,0.15673828,-2.2259314,LCC-FASD external-dev / cross-domain stress set,-1.2943655252456665,0.0,1.0
spoof_1796.png,1,VALID,-0.25830078,0.20288086,0.16296387,-1.1345694,LCC-FASD external-dev / cross-domain stress set,-1.2943655252456665,1.0,0.0
spoof_1797.png,1,VALID,0.14404297,0.07965088,-0.04107666,-0.5702121,LCC-FASD external-dev / cross-domain stress set,-1.2943655252456665,1.0,0.0
spoof_1798.png,1,VALID,-0.8378906,1.3789062,-0.055633545,-2.4304757,LCC-FASD external-dev / cross-domain stress set,-1.2943655252456665,0.0,1.0
spoof_1799.png,1,VALID,0.3935547,-0.03100586,-0.19018555,-0.19216067,LCC-FASD external-dev / cross-domain stress set,-1.2943655252456665,1.0,0.0
spoof_1800.png,1,VALID,-0.82373047,1.1875,0.08660889,-2.2983432,LCC-FASD external-dev / cross-domain stress set,-1.2943655252456665,0.0,1.0
spoof_1801.png,1,VALID,0.7451172,-0.6245117,-0.14099121,0.40577775,LCC-FASD external-dev / cross-domain stress set,-1.2943655252456665,1.0,0.0
spoof_1802.png,1,VALID,0.15197754,-0.088134766,0.0592041,-0.5294154,LCC-FASD external-dev / cross-domain stress set,-1.2943655252456665,1.0,0.0
spoof_1803.png,1,VALID,2.0683594,-1.6708984,-0.54345703,2.331264,LCC-FASD external-dev / cross-domain stress set,-1.2943655252456665,1.0,0.0
spoof_1804.png,1,VALID,-0.62353516,0.5942383,0.29736328,-1.7734597,LCC-FASD external-dev / cross-domain stress set,-1.2943655252456665,0.0,1.0
spoof_1805.png,1,VALID,-0.12609863,0.4724121,-0.06561279,-1.0584012,LCC-FASD external-dev / cross-domain stress set,-1.2943655252456665,1.0,0.0
spoof_1806.png,1,VALID,-0.55566406,0.46533203,0.34155273,-1.6541677,LCC-FASD external-dev / cross-domain stress set,-1.2943655252456665,0.0,1.0
spoof_1807.png,1,VALID,-0.3876953,0.44482422,0.17333984,-1.3991094,LCC-FASD external-dev / cross-domain stress set,-1.2943655252456665,0.0,1.0
spoof_1808.png,1,VALID,1.2753906,-0.86621094,-0.39819336,1.1873119,LCC-FASD external-dev / cross-domain stress set,-1.2943655252456665,1.0,0.0
spoof_1809.png,1,VALID,1.3583984,-1.1328125,-0.34057617,1.3254606,LCC-FASD external-dev / cross-domain stress set,-1.2943655252456665,1.0,0.0
spoof_1810.png,1,VALID,0.17053223,-0.021331787,-0.0006542206,-0.5116754,LCC-FASD external-dev / cross-domain stress set,-1.2943655252456665,1.0,0.0
spoof_1811.png,1,VALID,-0.49365234,0.47509766,0.2199707,-1.542448,LCC-FASD external-dev / cross-domain stress set,-1.2943655252456665,0.0,1.0
spoof_1812.png,1,VALID,-0.26904297,0.6254883,-0.024597168,-1.3145573,LCC-FASD external-dev / cross-domain stress set,-1.2943655252456665,0.0,1.0
spoof_1813.png,1,VALID,-1.2548828,1.3505859,0.4230957,-2.938754,LCC-FASD external-dev / cross-domain stress set,-1.2943655252456665,0.0,1.0
spoof_1814.png,1,VALID,-0.9326172,0.75341797,0.5083008,-2.2641153,LCC-FASD external-dev / cross-domain stress set,-1.2943655252456665,0.0,1.0
spoof_1815.png,1,VALID,0.70947266,-0.5595703,-0.1517334,0.3513285,LCC-FASD external-dev / cross-domain stress set,-1.2943655252456665,1.0,0.0
spoof_1816.png,1,VALID,0.08343506,-0.03353882,0.044036865,-0.6157132,LCC-FASD external-dev / cross-domain stress set,-1.2943655252456665,1.0,0.0
spoof_1817.png,1,VALID,-0.03488159,0.03463745,0.097229004,-0.7944516,LCC-FASD external-dev / cross-domain stress set,-1.2943655252456665,1.0,0.0
spoof_1818.png,1,VALID,0.96777344,-0.6044922,-0.34423828,0.74054873,LCC-FASD external-dev / cross-domain stress set,-1.2943655252456665,1.0,0.0
spoof_1819.png,1,VALID,-0.2388916,0.85839844,-0.2133789,-1.3917487,LCC-FASD external-dev / cross-domain stress set,-1.2943655252456665,0.0,1.0
spoof_1820.png,1,VALID,0.47460938,0.24157715,-0.39770508,-0.19071221,LCC-FASD external-dev / cross-domain stress set,-1.2943655252456665,1.0,0.0
spoof_1821.png,1,VALID,-0.17834473,0.32080078,0.07055664,-1.0749781,LCC-FASD external-dev / cross-domain stress set,-1.2943655252456665,1.0,0.0
spoof_1822.png,1,VALID,1.2802734,-0.94433594,-0.39794922,1.2214067,LCC-FASD external-dev / cross-domain stress set,-1.2943655252456665,1.0,0.0
spoof_1823.png,1,VALID,1.4443359,-1.0634766,-0.46484375,1.4712071,LCC-FASD external-dev / cross-domain stress set,-1.2943655252456665,1.0,0.0
spoof_1824.png,1,VALID,-0.94921875,1.4609375,0.020462036,-2.622696,LCC-FASD external-dev / cross-domain stress set,-1.2943655252456665,0.0,1.0
spoof_1825.png,1,VALID,-0.6171875,0.74365234,0.1508789,-1.8008945,LCC-FASD external-dev / cross-domain stress set,-1.2943655252456665,0.0,1.0
spoof_1826.png,1,VALID,-1.2246094,1.65625,0.17651367,-3.086,LCC-FASD external-dev / cross-domain stress set,-1.2943655252456665,0.0,1.0
spoof_1827.png,1,VALID,0.24401855,0.18164062,-0.23010254,-0.4459412,LCC-FASD external-dev / cross-domain stress set,-1.2943655252456665,1.0,0.0
spoof_1828.png,1,VALID,0.38232422,0.014091492,-0.28393555,-0.18696254,LCC-FASD external-dev / cross-domain stress set,-1.2943655252456665,1.0,0.0
spoof_1829.png,1,VALID,-0.16992188,0.5629883,-0.107666016,-1.1459292,LCC-FASD external-dev / cross-domain stress set,-1.2943655252456665,1.0,0.0
spoof_1830.png,1,VALID,-0.3461914,0.80029297,-0.08404541,-1.4921906,LCC-FASD external-dev / cross-domain stress set,-1.2943655252456665,0.0,1.0
spoof_1831.png,1,VALID,-0.7709961,1.2724609,0.080444336,-2.3085933,LCC-FASD external-dev / cross-domain stress set,-1.2943655252456665,0.0,1.0
spoof_1832.png,1,VALID,-0.8076172,1.2294922,0.034729004,-2.3016064,LCC-FASD external-dev / cross-domain stress set,-1.2943655252456665,0.0,1.0
spoof_1833.png,1,VALID,-0.50927734,0.8208008,-0.0015411377,-1.6943054,LCC-FASD external-dev / cross-domain stress set,-1.2943655252456665,0.0,1.0
spoof_1834.png,1,VALID,-0.2208252,0.9716797,-0.28759766,-1.4423753,LCC-FASD external-dev / cross-domain stress set,-1.2943655252456665,0.0,1.0
spoof_1835.png,1,VALID,-0.92626953,1.4248047,0.07104492,-2.58081,LCC-FASD external-dev / cross-domain stress set,-1.2943655252456665,0.0,1.0
spoof_1836.png,1,VALID,-0.18566895,0.50390625,-0.10205078,-1.1249564,LCC-FASD external-dev / cross-domain stress set,-1.2943655252456665,1.0,0.0
spoof_1837.png,1,VALID,-1.1357422,1.2392578,0.35986328,-2.7221537,LCC-FASD external-dev / cross-domain stress set,-1.2943655252456665,0.0,1.0
spoof_1838.png,1,VALID,-1.2255859,1.6425781,0.13134766,-3.067538,LCC-FASD external-dev / cross-domain stress set,-1.2943655252456665,0.0,1.0
spoof_1839.png,1,VALID,-0.19238281,0.6308594,-0.15307617,-1.1993508,LCC-FASD external-dev / cross-domain stress set,-1.2943655252456665,1.0,0.0
spoof_1840.png,1,VALID,-0.22460938,0.46362305,-0.0046691895,-1.1743988,LCC-FASD external-dev / cross-domain stress set,-1.2943655252456665,1.0,0.0
spoof_1841.png,1,VALID,-0.54052734,0.8925781,0.010543823,-1.7794856,LCC-FASD external-dev / cross-domain stress set,-1.2943655252456665,0.0,1.0
spoof_1730.png,1,VALID,-0.32666016,0.68408203,-0.022216797,-1.4118426,LCC-FASD external-dev / cross-domain stress set,-1.2943655252456665,0.0,1.0
spoof_1731.png,1,VALID,0.17541504,-0.11401367,-0.017501831,-0.45313823,LCC-FASD external-dev / cross-domain stress set,-1.2943655252456665,1.0,0.0
spoof_1732.png,1,VALID,-0.87597656,1.3515625,0.026794434,-2.4632945,LCC-FASD external-dev / cross-domain stress set,-1.2943655252456665,0.0,1.0
spoof_1733.png,1,VALID,-1.5117188,1.6162109,0.5019531,-3.4117231,LCC-FASD external-dev / cross-domain stress set,-1.2943655252456665,0.0,1.0
spoof_1734.png,1,VALID,-0.7060547,1.4658203,-0.21142578,-2.3432097,LCC-FASD external-dev / cross-domain stress set,-1.2943655252456665,0.0,1.0
spoof_1735.png,1,VALID,-0.68359375,0.78466797,0.18676758,-1.9064941,LCC-FASD external-dev / cross-domain stress set,-1.2943655252456665,0.0,1.0
spoof_1736.png,1,VALID,0.07336426,0.1550293,-0.087402344,-0.6609251,LCC-FASD external-dev / cross-domain stress set,-1.2943655252456665,1.0,0.0
spoof_1737.png,1,VALID,-1.3085938,1.5693359,0.32763672,-3.1317134,LCC-FASD external-dev / cross-domain stress set,-1.2943655252456665,0.0,1.0
spoof_1738.png,1,VALID,-1.1884766,1.2919922,0.3474121,-2.8089397,LCC-FASD external-dev / cross-domain stress set,-1.2943655252456665,0.0,1.0
spoof_1739.png,1,VALID,0.15759277,0.4506836,-0.27978516,-0.6862695,LCC-FASD external-dev / cross-domain stress set,-1.2943655252456665,1.0,0.0
spoof_1740.png,1,VALID,-0.3100586,0.7060547,-0.08001709,-1.3915529,LCC-FASD external-dev / cross-domain stress set,-1.2943655252456665,0.0,1.0
spoof_1741.png,1,VALID,-1.3046875,1.3837891,0.4338379,-3.0154467,LCC-FASD external-dev / cross-domain stress set,-1.2943655252456665,0.0,1.0
spoof_1742.png,1,VALID,-1.3232422,1.5869141,0.35327148,-3.1657515,LCC-FASD external-dev / cross-domain stress set,-1.2943655252456665,0.0,1.0
spoof_1743.png,1,VALID,-0.37939453,0.703125,-0.0018634796,-1.4840531,LCC-FASD external-dev / cross-domain stress set,-1.2943655252456665,0.0,1.0
spoof_1744.png,1,VALID,-0.30615234,0.4819336,0.04522705,-1.2865319,LCC-FASD external-dev / cross-domain stress set,-1.2943655252456665,1.0,0.0
spoof_1745.png,1,VALID,-0.37353516,0.6821289,-0.038513184,-1.452048,LCC-FASD external-dev / cross-domain stress set,-1.2943655252456665,0.0,1.0
spoof_1746.png,1,VALID,-0.7241211,1.1318359,0.028579712,-2.1424801,LCC-FASD external-dev / cross-domain stress set,-1.2943655252456665,0.0,1.0
spoof_1747.png,1,VALID,-1.359375,1.4951172,0.41503906,-3.14684,LCC-FASD external-dev / cross-domain stress set,-1.2943655252456665,0.0,1.0
spoof_1748.png,1,VALID,-1.0332031,1.2607422,0.25830078,-2.6065512,LCC-FASD external-dev / cross-domain stress set,-1.2943655252456665,0.0,1.0
spoof_1749.png,1,VALID,0.34692383,0.5336914,-0.5629883,-0.47493315,LCC-FASD external-dev / cross-domain stress set,-1.2943655252456665,1.0,0.0
spoof_1750.png,1,VALID,-0.17993164,0.45263672,-0.0066833496,-1.1221988,LCC-FASD external-dev / cross-domain stress set,-1.2943655252456665,1.0,0.0
spoof_1751.png,1,VALID,-1.3789062,1.53125,0.38085938,-3.185143,LCC-FASD external-dev / cross-domain stress set,-1.2943655252456665,0.0,1.0
spoof_1752.png,1,NO_VALID_FACE,,,,,LCC-FASD external-dev / cross-domain stress set,-1.2943655252456665,,
spoof_1753.png,1,VALID,-0.5522461,0.5864258,0.20727539,-1.6601067,LCC-FASD external-dev / cross-domain stress set,-1.2943655252456665,0.0,1.0
spoof_1754.png,1,VALID,-1.5507812,1.7490234,0.49658203,-3.5511906,LCC-FASD external-dev / cross-domain stress set,-1.2943655252456665,0.0,1.0
spoof_1755.png,1,VALID,-0.24353027,0.5703125,-0.049468994,-1.2443659,LCC-FASD external-dev / cross-domain stress set,-1.2943655252456665,1.0,0.0
spoof_1756.png,1,VALID,-0.6010742,0.95166016,0.0018186569,-1.879735,LCC-FASD external-dev / cross-domain stress set,-1.2943655252456665,0.0,1.0
spoof_1757.png,1,VALID,-0.61621094,1.0849609,-0.0023479462,-1.9916917,LCC-FASD external-dev / cross-domain stress set,-1.2943655252456665,0.0,1.0
spoof_1758.png,1,VALID,-1.4257812,1.5917969,0.43481445,-3.290984,LCC-FASD external-dev / cross-domain stress set,-1.2943655252456665,0.0,1.0
spoof_1759.png,1,VALID,-1.8681641,2.1289062,0.60253906,-4.193725,LCC-FASD external-dev / cross-domain stress set,-1.2943655252456665,0.0,1.0
spoof_1760.png,1,VALID,-0.5776367,0.6015625,0.21386719,-1.6971707,LCC-FASD external-dev / cross-domain stress set,-1.2943655252456665,0.0,1.0
spoof_1761.png,1,VALID,-0.37329102,0.9770508,-0.13891602,-1.6337134,LCC-FASD external-dev / cross-domain stress set,-1.2943655252456665,0.0,1.0
spoof_1762.png,1,VALID,-1.1113281,1.3330078,0.2697754,-2.740981,LCC-FASD external-dev / cross-domain stress set,-1.2943655252456665,0.0,1.0
spoof_1763.png,1,VALID,0.32666016,0.02961731,-0.2043457,-0.28594965,LCC-FASD external-dev / cross-domain stress set,-1.2943655252456665,1.0,0.0
spoof_1764.png,1,VALID,-1.1171875,1.4042969,0.33398438,-2.8163168,LCC-FASD external-dev / cross-domain stress set,-1.2943655252456665,0.0,1.0
spoof_1765.png,1,VALID,-0.59375,0.71435547,0.18591309,-1.7715391,LCC-FASD external-dev / cross-domain stress set,-1.2943655252456665,0.0,1.0
spoof_1766.png,1,VALID,-0.8989258,0.8959961,0.35864258,-2.2550597,LCC-FASD external-dev / cross-domain stress set,-1.2943655252456665,0.0,1.0
spoof_1767.png,1,VALID,0.107788086,-0.21264648,0.18066406,-0.5885812,LCC-FASD external-dev / cross-domain stress set,-1.2943655252456665,1.0,0.0
spoof_1768.png,1,VALID,-0.6567383,0.9946289,0.02923584,-1.9740545,LCC-FASD external-dev / cross-domain stress set,-1.2943655252456665,0.0,1.0
spoof_1769.png,1,VALID,-0.8413086,0.76220703,0.33325195,-2.1050115,LCC-FASD external-dev / cross-domain stress set,-1.2943655252456665,0.0,1.0
spoof_1770.png,1,VALID,0.44482422,-0.4038086,0.032440186,-0.0862416,LCC-FASD external-dev / cross-domain stress set,-1.2943655252456665,1.0,0.0
spoof_1771.png,1,VALID,-0.4362793,0.7236328,-0.024429321,-1.5474052,LCC-FASD external-dev / cross-domain stress set,-1.2943655252456665,0.0,1.0
spoof_1772.png,1,VALID,-0.32714844,0.53466797,0.022125244,-1.3311765,LCC-FASD external-dev / cross-domain stress set,-1.2943655252456665,0.0,1.0
spoof_1773.png,1,VALID,0.45239258,-0.40405273,-0.013671875,-0.0508222,LCC-FASD external-dev / cross-domain stress set,-1.2943655252456665,1.0,0.0
spoof_1774.png,1,VALID,-0.7578125,1.0185547,0.084228516,-2.1077194,LCC-FASD external-dev / cross-domain stress set,-1.2943655252456665,0.0,1.0
spoof_1775.png,1,VALID,0.38330078,-0.4560547,0.12432861,-0.18551093,LCC-FASD external-dev / cross-domain stress set,-1.2943655252456665,1.0,0.0
spoof_1776.png,1,VALID,-0.15270996,0.051483154,0.23010254,-0.9906328,LCC-FASD external-dev / cross-domain stress set,-1.2943655252456665,1.0,0.0
spoof_1777.png,1,VALID,-0.8876953,1.1201172,0.20361328,-2.344224,LCC-FASD external-dev / cross-domain stress set,-1.2943655252456665,0.0,1.0
spoof_1778.png,1,VALID,-0.9682617,1.2724609,0.1887207,-2.5321436,LCC-FASD external-dev / cross-domain stress set,-1.2943655252456665,0.0,1.0
spoof_1779.png,1,VALID,-0.1673584,0.3083496,0.08325195,-1.0626267,LCC-FASD external-dev / cross-domain stress set,-1.2943655252456665,1.0,0.0
spoof_1780.png,1,VALID,-0.6323242,0.60498047,0.23425293,-1.7621706,LCC-FASD external-dev / cross-domain stress set,-1.2943655252456665,0.0,1.0
spoof_1781.png,1,VALID,-0.5678711,0.8183594,0.113708496,-1.7878757,LCC-FASD external-dev / cross-domain stress set,-1.2943655252456665,0.0,1.0
spoof_1782.png,1,VALID,-0.31079102,0.5722656,0.04837036,-1.3481791,LCC-FASD external-dev / cross-domain stress set,-1.2943655252456665,0.0,1.0
spoof_1783.png,1,VALID,-1.0166016,1.4375,0.113464355,-2.6900108,LCC-FASD external-dev / cross-domain stress set,-1.2943655252456665,0.0,1.0
spoof_1784.png,1,VALID,0.3232422,0.10681152,-0.26342773,-0.30863458,LCC-FASD external-dev / cross-domain stress set,-1.2943655252456665,1.0,0.0
spoof_1673.png,1,VALID,-0.89160156,1.3291016,0.115234375,-2.4807928,LCC-FASD external-dev / cross-domain stress set,-1.2943655252456665,0.0,1.0
spoof_1674.png,1,VALID,-0.83496094,1.3261719,0.022613525,-2.4013803,LCC-FASD external-dev / cross-domain stress set,-1.2943655252456665,0.0,1.0
spoof_1675.png,1,VALID,-1.5869141,2.0488281,0.32983398,-3.8006177,LCC-FASD external-dev / cross-domain stress set,-1.2943655252456665,0.0,1.0
spoof_1676.png,1,VALID,-1.2285156,1.5390625,0.20910645,-3.0022461,LCC-FASD external-dev / cross-domain stress set,-1.2943655252456665,0.0,1.0
spoof_1677.png,1,VALID,-1.5205078,1.8232422,0.37841797,-3.5554585,LCC-FASD external-dev / cross-domain stress set,-1.2943655252456665,0.0,1.0
spoof_1678.png,1,VALID,-1.4140625,1.9863281,0.23657227,-3.5606508,LCC-FASD external-dev / cross-domain stress set,-1.2943655252456665,0.0,1.0
spoof_1679.png,1,VALID,-1.1992188,1.3085938,0.42626953,-2.8541079,LCC-FASD external-dev / cross-domain stress set,-1.2943655252456665,0.0,1.0
spoof_1680.png,1,VALID,-1.1367188,1.3300781,0.29736328,-2.771365,LCC-FASD external-dev / cross-domain stress set,-1.2943655252456665,0.0,1.0
spoof_1681.png,1,VALID,-1.4013672,1.7724609,0.25073242,-3.3713126,LCC-FASD external-dev / cross-domain stress set,-1.2943655252456665,0.0,1.0
spoof_1682.png,1,VALID,-1.2666016,1.7148438,0.12976074,-3.1678674,LCC-FASD external-dev / cross-domain stress set,-1.2943655252456665,0.0,1.0
spoof_1683.png,1,VALID,-1.5693359,1.8876953,0.37524414,-3.6561847,LCC-FASD external-dev / cross-domain stress set,-1.2943655252456665,0.0,1.0
spoof_1684.png,1,VALID,-1.4267578,1.7978516,0.33276367,-3.432483,LCC-FASD external-dev / cross-domain stress set,-1.2943655252456665,0.0,1.0
spoof_1685.png,1,VALID,-0.9501953,1.2255859,0.20349121,-2.4831486,LCC-FASD external-dev / cross-domain stress set,-1.2943655252456665,0.0,1.0
spoof_1686.png,1,VALID,-1.5478516,1.9824219,0.2529297,-3.6935604,LCC-FASD external-dev / cross-domain stress set,-1.2943655252456665,0.0,1.0
spoof_1687.png,1,VALID,-0.86572266,1.2744141,0.026062012,-2.392433,LCC-FASD external-dev / cross-domain stress set,-1.2943655252456665,0.0,1.0
spoof_1688.png,1,VALID,-0.73876953,1.0068359,0.11743164,-2.0898337,LCC-FASD external-dev / cross-domain stress set,-1.2943655252456665,0.0,1.0
spoof_1689.png,1,VALID,-1.3896484,1.7431641,0.2619629,-3.3376818,LCC-FASD external-dev / cross-domain stress set,-1.2943655252456665,0.0,1.0
spoof_1690.png,1,VALID,-1.2568359,1.6806641,0.19726562,-3.1419625,LCC-FASD external-dev / cross-domain stress set,-1.2943655252456665,0.0,1.0
spoof_1691.png,1,VALID,-1.5273438,1.8388672,0.359375,-3.5713968,LCC-FASD external-dev / cross-domain stress set,-1.2943655252456665,0.0,1.0
spoof_1692.png,1,VALID,-1.1054688,1.2353516,0.328125,-2.6798906,LCC-FASD external-dev / cross-domain stress set,-1.2943655252456665,0.0,1.0
spoof_1693.png,1,VALID,-0.5878906,0.36987305,0.42456055,-1.6786284,LCC-FASD external-dev / cross-domain stress set,-1.2943655252456665,0.0,1.0
spoof_1694.png,1,VALID,-0.32348633,0.9980469,-0.20959473,-1.5830519,LCC-FASD external-dev / cross-domain stress set,-1.2943655252456665,0.0,1.0
spoof_1695.png,1,VALID,0.5214844,-0.23071289,-0.1875,0.037210286,LCC-FASD external-dev / cross-domain stress set,-1.2943655252456665,1.0,0.0
spoof_1696.png,1,VALID,-0.7524414,1.0585938,0.14001465,-2.1468542,LCC-FASD external-dev / cross-domain stress set,-1.2943655252456665,0.0,1.0
spoof_1697.png,1,VALID,-0.6899414,0.48120117,0.45117188,-1.8493878,LCC-FASD external-dev / cross-domain stress set,-1.2943655252456665,0.0,1.0
spoof_1698.png,1,VALID,-0.64453125,1.0458984,-0.007293701,-1.9896617,LCC-FASD external-dev / cross-domain stress set,-1.2943655252456665,0.0,1.0
spoof_1699.png,1,VALID,1.6123047,-0.7182617,-0.78222656,1.6688902,LCC-FASD external-dev / cross-domain stress set,-1.2943655252456665,1.0,0.0
spoof_1700.png,1,VALID,1.203125,-0.6357422,-0.4584961,1.0531751,LCC-FASD external-dev / cross-domain stress set,-1.2943655252456665,1.0,0.0
spoof_1701.png,1,VALID,-0.46362305,0.92089844,-0.015007019,-1.7154286,LCC-FASD external-dev / cross-domain stress set,-1.2943655252456665,0.0,1.0
spoof_1702.png,1,VALID,0.8071289,-0.31445312,-0.34448242,0.44333684,LCC-FASD external-dev / cross-domain stress set,-1.2943655252456665,1.0,0.0
spoof_1703.png,1,VALID,-0.6411133,0.49804688,0.3918457,-1.7806159,LCC-FASD external-dev / cross-domain stress set,-1.2943655252456665,0.0,1.0
spoof_1704.png,1,VALID,-0.06951904,0.09710693,0.11553955,-0.8690319,LCC-FASD external-dev / cross-domain stress set,-1.2943655252456665,1.0,0.0
spoof_1705.png,1,VALID,-0.21704102,0.7402344,-0.17163086,-1.2950141,LCC-FASD external-dev / cross-domain stress set,-1.2943655252456665,0.0,1.0
spoof_1706.png,1,VALID,-0.54052734,0.328125,0.40600586,-1.6014979,LCC-FASD external-dev / cross-domain stress set,-1.2943655252456665,0.0,1.0
spoof_1707.png,1,VALID,0.9453125,-0.5263672,-0.38378906,0.7047045,LCC-FASD external-dev / cross-domain stress set,-1.2943655252456665,1.0,0.0
spoof_1708.png,1,VALID,0.04269409,0.21606445,-0.072021484,-0.7328131,LCC-FASD external-dev / cross-domain stress set,-1.2943655252456665,1.0,0.0
spoof_1709.png,1,VALID,0.5078125,-0.1776123,-0.18713379,-0.0029729605,LCC-FASD external-dev / cross-domain stress set,-1.2943655252456665,1.0,0.0
spoof_1710.png,1,VALID,0.8154297,-0.39624023,-0.34033203,0.49017793,LCC-FASD external-dev / cross-domain stress set,-1.2943655252456665,1.0,0.0
spoof_1711.png,1,VALID,0.55566406,-0.15734863,-0.27416992,0.076571226,LCC-FASD external-dev / cross-domain stress set,-1.2943655252456665,1.0,0.0
spoof_1712.png,1,VALID,-0.125,0.3642578,-0.0037708282,-1.0152266,LCC-FASD external-dev / cross-domain stress set,-1.2943655252456665,1.0,0.0
spoof_1713.png,1,VALID,-0.54248047,0.98876953,-0.033355713,-1.8386092,LCC-FASD external-dev / cross-domain stress set,-1.2943655252456665,0.0,1.0
spoof_1714.png,1,VALID,0.64501953,-0.29541016,-0.24316406,0.22081828,LCC-FASD external-dev / cross-domain stress set,-1.2943655252456665,1.0,0.0
spoof_1715.png,1,VALID,-0.4111328,0.39868164,0.24633789,-1.4296881,LCC-FASD external-dev / cross-domain stress set,-1.2943655252456665,0.0,1.0
spoof_1716.png,1,VALID,-0.7421875,0.7324219,0.29956055,-1.9745665,LCC-FASD external-dev / cross-domain stress set,-1.2943655252456665,0.0,1.0
spoof_1717.png,1,VALID,-0.059387207,0.45092773,-0.0949707,-0.9673101,LCC-FASD external-dev / cross-domain stress set,-1.2943655252456665,1.0,0.0
spoof_1718.png,1,VALID,-0.5942383,1.0996094,-0.039978027,-1.9714423,LCC-FASD external-dev / cross-domain stress set,-1.2943655252456665,0.0,1.0
spoof_1719.png,1,VALID,0.45825195,-0.23278809,-0.08691406,-0.07770175,LCC-FASD external-dev / cross-domain stress set,-1.2943655252456665,1.0,0.0
spoof_1720.png,1,VALID,0.09112549,0.53271484,-0.28100586,-0.80845636,LCC-FASD external-dev / cross-domain stress set,-1.2943655252456665,1.0,0.0
spoof_1721.png,1,VALID,0.53271484,-0.32373047,-0.15612793,0.07598966,LCC-FASD external-dev / cross-domain stress set,-1.2943655252456665,1.0,0.0
spoof_1722.png,1,VALID,-0.0034751892,-0.026306152,0.1352539,-0.75435543,LCC-FASD external-dev / cross-domain stress set,-1.2943655252456665,1.0,0.0
spoof_1723.png,1,VALID,-0.17443848,0.8989258,-0.26586914,-1.3449068,LCC-FASD external-dev / cross-domain stress set,-1.2943655252456665,0.0,1.0
spoof_1724.png,1,VALID,-0.22875977,0.4663086,0.011474609,-1.186438,LCC-FASD external-dev / cross-domain stress set,-1.2943655252456665,1.0,0.0
spoof_1725.png,1,VALID,-0.44335938,0.41625977,0.21557617,-1.4574504,LCC-FASD external-dev / cross-domain stress set,-1.2943655252456665,0.0,1.0
spoof_1726.png,1,VALID,-0.31079102,0.53271484,0.05581665,-1.3263676,LCC-FASD external-dev / cross-domain stress set,-1.2943655252456665,0.0,1.0
spoof_1727.png,1,VALID,-0.88720703,1.1679688,0.16870117,-2.3686347,LCC-FASD external-dev / cross-domain stress set,-1.2943655252456665,0.0,1.0
spoof_1728.png,1,VALID,0.4116211,-0.10235596,-0.15600586,-0.15270495,LCC-FASD external-dev / cross-domain stress set,-1.2943655252456665,1.0,0.0
spoof_1729.png,1,VALID,-0.6020508,1.0068359,0.030929565,-1.9286854,LCC-FASD external-dev / cross-domain stress set,-1.2943655252456665,0.0,1.0
spoof_1619.png,1,VALID,0.17626953,0.02355957,-0.06573486,-0.49678636,LCC-FASD external-dev / cross-domain stress set,-1.2943655252456665,1.0,0.0
spoof_1620.png,1,VALID,-0.7524414,1.0908203,0.12225342,-2.1650748,LCC-FASD external-dev / cross-domain stress set,-1.2943655252456665,0.0,1.0
spoof_1621.png,1,VALID,-0.59716797,0.55322266,0.28076172,-1.7165582,LCC-FASD external-dev / cross-domain stress set,-1.2943655252456665,0.0,1.0
spoof_1622.png,1,VALID,-1.1113281,1.3027344,0.29418945,-2.7250333,LCC-FASD external-dev / cross-domain stress set,-1.2943655252456665,0.0,1.0
spoof_1623.png,1,VALID,-0.5048828,0.64160156,0.10333252,-1.6062849,LCC-FASD external-dev / cross-domain stress set,-1.2943655252456665,0.0,1.0
spoof_1624.png,1,VALID,-0.94628906,1.0615234,0.25976562,-2.3783686,LCC-FASD external-dev / cross-domain stress set,-1.2943655252456665,0.0,1.0
spoof_1625.png,1,VALID,-1.0908203,1.3515625,0.23059082,-2.7245216,LCC-FASD external-dev / cross-domain stress set,-1.2943655252456665,0.0,1.0
spoof_1626.png,1,VALID,-0.27905273,0.5703125,-0.06347656,-1.2750105,LCC-FASD external-dev / cross-domain stress set,-1.2943655252456665,1.0,0.0
spoof_1627.png,1,VALID,-0.6225586,0.6401367,0.22644043,-1.7702365,LCC-FASD external-dev / cross-domain stress set,-1.2943655252456665,0.0,1.0
spoof_1628.png,1,VALID,-0.6123047,0.9526367,-0.0049972534,-1.8897747,LCC-FASD external-dev / cross-domain stress set,-1.2943655252456665,0.0,1.0
spoof_1629.png,1,VALID,-0.6933594,1.0712891,0.03866577,-2.0692406,LCC-FASD external-dev / cross-domain stress set,-1.2943655252456665,0.0,1.0
spoof_1630.png,1,VALID,-1.0146484,1.2285156,0.19750977,-2.548181,LCC-FASD external-dev / cross-domain stress set,-1.2943655252456665,0.0,1.0
spoof_1631.png,1,VALID,-1.2998047,1.4580078,0.40893555,-3.0581117,LCC-FASD external-dev / cross-domain stress set,-1.2943655252456665,0.0,1.0
spoof_1632.png,1,VALID,-1.6181641,2.140625,0.25463867,-3.9000103,LCC-FASD external-dev / cross-domain stress set,-1.2943655252456665,0.0,1.0
spoof_1633.png,1,VALID,-0.63183594,0.92822266,0.0129852295,-1.896832,LCC-FASD external-dev / cross-domain stress set,-1.2943655252456665,0.0,1.0
spoof_1634.png,1,VALID,-0.5966797,1.0322266,-0.035705566,-1.924347,LCC-FASD external-dev / cross-domain stress set,-1.2943655252456665,0.0,1.0
spoof_1635.png,1,VALID,-0.7011719,0.66845703,0.29418945,-1.8930506,LCC-FASD external-dev / cross-domain stress set,-1.2943655252456665,0.0,1.0
spoof_1636.png,1,VALID,-0.8745117,0.9301758,0.296875,-2.230502,LCC-FASD external-dev / cross-domain stress set,-1.2943655252456665,0.0,1.0
spoof_1637.png,1,VALID,-0.34375,0.6635742,-0.029541016,-1.4128,LCC-FASD external-dev / cross-domain stress set,-1.2943655252456665,0.0,1.0
spoof_1638.png,1,VALID,-1.4765625,1.7294922,0.38330078,-3.4373484,LCC-FASD external-dev / cross-domain stress set,-1.2943655252456665,0.0,1.0
spoof_1639.png,1,VALID,-0.48461914,0.62060547,0.1038208,-1.5729978,LCC-FASD external-dev / cross-domain stress set,-1.2943655252456665,0.0,1.0
spoof_1640.png,1,VALID,-0.68896484,0.8276367,0.1394043,-1.9237075,LCC-FASD external-dev / cross-domain stress set,-1.2943655252456665,0.0,1.0
spoof_1641.png,1,VALID,-0.56640625,0.91259766,0.04220581,-1.8288065,LCC-FASD external-dev / cross-domain stress set,-1.2943655252456665,0.0,1.0
spoof_1642.png,1,VALID,-1.1689453,1.453125,0.24328613,-2.8830838,LCC-FASD external-dev / cross-domain stress set,-1.2943655252456665,0.0,1.0
spoof_1643.png,1,VALID,-0.03967285,0.11694336,0.038330078,-0.81122905,LCC-FASD external-dev / cross-domain stress set,-1.2943655252456665,1.0,0.0
spoof_1644.png,1,VALID,0.30419922,-0.10864258,-0.028518677,-0.3211696,LCC-FASD external-dev / cross-domain stress set,-1.2943655252456665,1.0,0.0
spoof_1645.png,1,VALID,-0.5859375,1.1640625,-0.005970001,-2.0202994,LCC-FASD external-dev / cross-domain stress set,-1.2943655252456665,0.0,1.0
spoof_1646.png,1,VALID,-0.18945312,0.6484375,-0.10308838,-1.2242724,LCC-FASD external-dev / cross-domain stress set,-1.2943655252456665,1.0,0.0
spoof_1647.png,1,VALID,0.09906006,-0.11029053,0.10974121,-0.599852,LCC-FASD external-dev / cross-domain stress set,-1.2943655252456665,1.0,0.0
spoof_1648.png,1,VALID,0.30664062,0.06628418,-0.2709961,-0.29830343,LCC-FASD external-dev / cross-domain stress set,-1.2943655252456665,1.0,0.0
spoof_1649.png,1,VALID,-1.1933594,1.2070312,0.44848633,-2.7845283,LCC-FASD external-dev / cross-domain stress set,-1.2943655252456665,0.0,1.0
spoof_1650.png,1,VALID,-0.4248047,0.765625,0.016174316,-1.577477,LCC-FASD external-dev / cross-domain stress set,-1.2943655252456665,0.0,1.0
spoof_1651.png,1,VALID,-0.69384766,1.1005859,0.10772705,-2.1096208,LCC-FASD external-dev / cross-domain stress set,-1.2943655252456665,0.0,1.0
spoof_1652.png,1,VALID,-0.0110321045,0.29296875,0.010299683,-0.86576813,LCC-FASD external-dev / cross-domain stress set,-1.2943655252456665,1.0,0.0
spoof_1653.png,1,VALID,-0.96728516,1.0566406,0.26586914,-2.3978968,LCC-FASD external-dev / cross-domain stress set,-1.2943655252456665,0.0,1.0
spoof_1654.png,1,VALID,-1.4765625,1.7919922,0.3737793,-3.4853954,LCC-FASD external-dev / cross-domain stress set,-1.2943655252456665,0.0,1.0
spoof_1655.png,1,VALID,0.22521973,-0.021102905,-0.020309448,-0.44722134,LCC-FASD external-dev / cross-domain stress set,-1.2943655252456665,1.0,0.0
spoof_1656.png,1,VALID,0.20031738,-0.07727051,-0.044189453,-0.4322366,LCC-FASD external-dev / cross-domain stress set,-1.2943655252456665,1.0,0.0
spoof_1657.png,1,VALID,-0.99658203,0.96191406,0.4104004,-2.413435,LCC-FASD external-dev / cross-domain stress set,-1.2943655252456665,0.0,1.0
spoof_1658.png,1,VALID,-0.5361328,0.8803711,0.029052734,-1.7719743,LCC-FASD external-dev / cross-domain stress set,-1.2943655252456665,0.0,1.0
spoof_1659.png,1,VALID,0.66015625,0.07220459,-0.5019531,0.1412301,LCC-FASD external-dev / cross-domain stress set,-1.2943655252456665,1.0,0.0
spoof_1660.png,1,VALID,-1.1240234,1.2060547,0.3725586,-2.6909137,LCC-FASD external-dev / cross-domain stress set,-1.2943655252456665,0.0,1.0
spoof_1661.png,1,VALID,-0.22473145,0.40893555,0.06768799,-1.1706765,LCC-FASD external-dev / cross-domain stress set,-1.2943655252456665,1.0,0.0
spoof_1662.png,1,VALID,-0.3388672,0.6147461,0.036102295,-1.398721,LCC-FASD external-dev / cross-domain stress set,-1.2943655252456665,0.0,1.0
spoof_1663.png,1,VALID,-0.0062561035,0.27026367,-0.015808105,-0.8368261,LCC-FASD external-dev / cross-domain stress set,-1.2943655252456665,1.0,0.0
spoof_1664.png,1,VALID,-0.63623047,1.015625,0.107055664,-1.9905399,LCC-FASD external-dev / cross-domain stress set,-1.2943655252456665,0.0,1.0
spoof_1665.png,1,VALID,0.08868408,-0.04107666,0.02748108,-0.5982527,LCC-FASD external-dev / cross-domain stress set,-1.2943655252456665,1.0,0.0
spoof_1666.png,1,VALID,-1.4033203,1.4238281,0.55322266,-3.176888,LCC-FASD external-dev / cross-domain stress set,-1.2943655252456665,0.0,1.0
spoof_1667.png,1,VALID,0.039215088,0.65283203,-0.31933594,-0.93444026,LCC-FASD external-dev / cross-domain stress set,-1.2943655252456665,1.0,0.0
spoof_1668.png,1,VALID,0.06781006,0.20947266,-0.033325195,-0.72076166,LCC-FASD external-dev / cross-domain stress set,-1.2943655252456665,1.0,0.0
spoof_1669.png,1,VALID,0.14831543,0.4099121,-0.1697998,-0.70632076,LCC-FASD external-dev / cross-domain stress set,-1.2943655252456665,1.0,0.0
spoof_1670.png,1,VALID,0.66845703,-0.33984375,-0.29882812,0.29443556,LCC-FASD external-dev / cross-domain stress set,-1.2943655252456665,1.0,0.0
spoof_1671.png,1,VALID,-0.35766602,0.4711914,0.15222168,-1.3751838,LCC-FASD external-dev / cross-domain stress set,-1.2943655252456665,0.0,1.0
spoof_1672.png,1,VALID,0.73876953,-0.37695312,-0.27270508,0.36909366,LCC-FASD external-dev / cross-domain stress set,-1.2943655252456665,1.0,0.0
spoof_1567.png,1,VALID,-0.4946289,0.9770508,-0.09008789,-1.7673235,LCC-FASD external-dev / cross-domain stress set,-1.2943655252456665,0.0,1.0
spoof_1568.png,1,VALID,-1.4794922,1.8564453,0.29541016,-3.5264907,LCC-FASD external-dev / cross-domain stress set,-1.2943655252456665,0.0,1.0
spoof_1569.png,1,VALID,-1.1533203,1.4375,0.2709961,-2.8619566,LCC-FASD external-dev / cross-domain stress set,-1.2943655252456665,0.0,1.0
spoof_1570.png,1,VALID,-0.13879395,0.6147461,-0.19445801,-1.1217963,LCC-FASD external-dev / cross-domain stress set,-1.2943655252456665,1.0,0.0
spoof_1571.png,1,VALID,0.5961914,0.46289062,-0.60253906,-0.1627807,LCC-FASD external-dev / cross-domain stress set,-1.2943655252456665,1.0,0.0
spoof_1572.png,1,VALID,-0.47045898,0.8261719,0.17675781,-1.7168872,LCC-FASD external-dev / cross-domain stress set,-1.2943655252456665,0.0,1.0
spoof_1573.png,1,VALID,-0.68115234,0.88378906,0.16821289,-1.962986,LCC-FASD external-dev / cross-domain stress set,-1.2943655252456665,0.0,1.0
spoof_1574.png,1,VALID,-0.5234375,0.8046875,0.04751587,-1.7127008,LCC-FASD external-dev / cross-domain stress set,-1.2943655252456665,0.0,1.0
spoof_1575.png,1,VALID,-0.7988281,1.2080078,0.054016113,-2.280958,LCC-FASD external-dev / cross-domain stress set,-1.2943655252456665,0.0,1.0
spoof_1576.png,1,VALID,-0.33154297,0.61328125,0.013374329,-1.3823452,LCC-FASD external-dev / cross-domain stress set,-1.2943655252456665,0.0,1.0
spoof_1577.png,1,VALID,0.18945312,0.13269043,-0.12243652,-0.5169353,LCC-FASD external-dev / cross-domain stress set,-1.2943655252456665,1.0,0.0
spoof_1578.png,1,VALID,-0.29663086,0.8261719,-0.13098145,-1.4477694,LCC-FASD external-dev / cross-domain stress set,-1.2943655252456665,0.0,1.0
spoof_1579.png,1,VALID,-0.03994751,0.5332031,-0.20617676,-0.9634411,LCC-FASD external-dev / cross-domain stress set,-1.2943655252456665,1.0,0.0
spoof_1580.png,1,VALID,0.08544922,0.62109375,-0.390625,-0.8457681,LCC-FASD external-dev / cross-domain stress set,-1.2943655252456665,1.0,0.0
spoof_1581.png,1,VALID,-0.44677734,0.7192383,-0.030349731,-1.5530188,LCC-FASD external-dev / cross-domain stress set,-1.2943655252456665,0.0,1.0
spoof_1582.png,1,VALID,-0.95947266,1.0693359,0.28076172,-2.4034655,LCC-FASD external-dev / cross-domain stress set,-1.2943655252456665,0.0,1.0
spoof_1583.png,1,VALID,-1.7099609,2.0625,0.42114258,-3.9495327,LCC-FASD external-dev / cross-domain stress set,-1.2943655252456665,0.0,1.0
spoof_1584.png,1,VALID,-0.3684082,0.85009766,-0.11975098,-1.5399662,LCC-FASD external-dev / cross-domain stress set,-1.2943655252456665,0.0,1.0
spoof_1585.png,1,VALID,0.5234375,0.03466797,-0.3635254,-0.024971128,LCC-FASD external-dev / cross-domain stress set,-1.2943655252456665,1.0,0.0
spoof_1586.png,1,VALID,-0.30126953,0.5180664,0.051239014,-1.3060665,LCC-FASD external-dev / cross-domain stress set,-1.2943655252456665,0.0,1.0
spoof_1587.png,1,VALID,-0.27685547,0.6508789,-0.06427002,-1.3259193,LCC-FASD external-dev / cross-domain stress set,-1.2943655252456665,0.0,1.0
spoof_1588.png,1,VALID,-0.8413086,1.1064453,0.15332031,-2.2738397,LCC-FASD external-dev / cross-domain stress set,-1.2943655252456665,0.0,1.0
spoof_1589.png,1,VALID,-1.1904297,1.421875,0.28149414,-2.889707,LCC-FASD external-dev / cross-domain stress set,-1.2943655252456665,0.0,1.0
spoof_1590.png,1,VALID,-0.52685547,0.7290039,0.14257812,-1.6981783,LCC-FASD external-dev / cross-domain stress set,-1.2943655252456665,0.0,1.0
spoof_1591.png,1,VALID,-0.27612305,0.6196289,0.021728516,-1.3339844,LCC-FASD external-dev / cross-domain stress set,-1.2943655252456665,0.0,1.0
spoof_1592.png,1,VALID,0.12054443,0.23022461,-0.117004395,-0.6442087,LCC-FASD external-dev / cross-domain stress set,-1.2943655252456665,1.0,0.0
spoof_1593.png,1,VALID,-1.0634766,1.3994141,0.19396973,-2.7249155,LCC-FASD external-dev / cross-domain stress set,-1.2943655252456665,0.0,1.0
spoof_1594.png,1,VALID,-0.10040283,0.2487793,0.06921387,-0.95657164,LCC-FASD external-dev / cross-domain stress set,-1.2943655252456665,1.0,0.0
spoof_1595.png,1,VALID,-0.93115234,1.0849609,0.34057617,-2.4047892,LCC-FASD external-dev / cross-domain stress set,-1.2943655252456665,0.0,1.0
spoof_1596.png,1,VALID,-0.6772461,0.61376953,0.3088379,-1.8432752,LCC-FASD external-dev / cross-domain stress set,-1.2943655252456665,0.0,1.0
spoof_1597.png,1,VALID,0.25732422,0.15307617,-0.26660156,-0.4009167,LCC-FASD external-dev / cross-domain stress set,-1.2943655252456665,1.0,0.0
spoof_1598.png,1,VALID,-1.8574219,2.1347656,0.578125,-4.1835046,LCC-FASD external-dev / cross-domain stress set,-1.2943655252456665,0.0,1.0
spoof_1599.png,1,VALID,-0.07110596,0.35717773,-0.054870605,-0.93648124,LCC-FASD external-dev / cross-domain stress set,-1.2943655252456665,1.0,0.0
spoof_1600.png,1,VALID,-1.0898438,1.4785156,0.1928711,-2.8124597,LCC-FASD external-dev / cross-domain stress set,-1.2943655252456665,0.0,1.0
spoof_1601.png,1,VALID,-0.6796875,1.0009766,0.11907959,-2.0270844,LCC-FASD external-dev / cross-domain stress set,-1.2943655252456665,0.0,1.0
spoof_1602.png,1,VALID,-0.48486328,0.49316406,0.23913574,-1.5522051,LCC-FASD external-dev / cross-domain stress set,-1.2943655252456665,0.0,1.0
spoof_1603.png,1,VALID,0.46899414,0.054992676,-0.26171875,-0.13327616,LCC-FASD external-dev / cross-domain stress set,-1.2943655252456665,1.0,0.0
spoof_1604.png,1,VALID,-0.54589844,0.5546875,0.22521973,-1.642507,LCC-FASD external-dev / cross-domain stress set,-1.2943655252456665,0.0,1.0
spoof_1605.png,1,VALID,-1.109375,1.4394531,0.24157715,-2.8126025,LCC-FASD external-dev / cross-domain stress set,-1.2943655252456665,0.0,1.0
spoof_1606.png,1,VALID,-0.5810547,1.0966797,-0.083496094,-1.9456408,LCC-FASD external-dev / cross-domain stress set,-1.2943655252456665,0.0,1.0
spoof_1607.png,1,VALID,0.034423828,0.5878906,-0.2783203,-0.90450525,LCC-FASD external-dev / cross-domain stress set,-1.2943655252456665,1.0,0.0
spoof_1608.png,1,VALID,-0.7216797,0.9135742,0.18688965,-2.0296645,LCC-FASD external-dev / cross-domain stress set,-1.2943655252456665,0.0,1.0
spoof_1609.png,1,VALID,-0.70703125,1.1816406,0.04147339,-2.166126,LCC-FASD external-dev / cross-domain stress set,-1.2943655252456665,0.0,1.0
spoof_1610.png,1,VALID,-0.55126953,0.9428711,0.09466553,-1.8505434,LCC-FASD external-dev / cross-domain stress set,-1.2943655252456665,0.0,1.0
spoof_1611.png,1,VALID,0.1427002,0.025512695,-0.027526855,-0.5497915,LCC-FASD external-dev / cross-domain stress set,-1.2943655252456665,1.0,0.0
spoof_1612.png,1,VALID,-0.12890625,0.5600586,-0.062194824,-1.118624,LCC-FASD external-dev / cross-domain stress set,-1.2943655252456665,1.0,0.0
spoof_1613.png,1,VALID,-0.2866211,0.48168945,0.09082031,-1.2850001,LCC-FASD external-dev / cross-domain stress set,-1.2943655252456665,1.0,0.0
spoof_1614.png,1,VALID,-0.45336914,0.9067383,-0.016540527,-1.6945881,LCC-FASD external-dev / cross-domain stress set,-1.2943655252456665,0.0,1.0
spoof_1615.png,1,VALID,-1.2060547,1.3710938,0.39794922,-2.897704,LCC-FASD external-dev / cross-domain stress set,-1.2943655252456665,0.0,1.0
spoof_1616.png,1,VALID,0.31591797,-0.019073486,-0.18078613,-0.28056473,LCC-FASD external-dev / cross-domain stress set,-1.2943655252456665,1.0,0.0
spoof_1617.png,1,VALID,-0.5395508,0.54296875,0.2166748,-1.6257696,LCC-FASD external-dev / cross-domain stress set,-1.2943655252456665,0.0,1.0
spoof_1618.png,1,VALID,-0.19384766,0.625,-0.07952881,-1.2205333,LCC-FASD external-dev / cross-domain stress set,-1.2943655252456665,1.0,0.0
spoof_1511.png,1,VALID,-1.2626953,1.5537109,0.24487305,-3.0555284,LCC-FASD external-dev / cross-domain stress set,-1.2943655252456665,0.0,1.0
spoof_1512.png,1,VALID,-1.0791016,1.4023438,0.19763184,-2.743639,LCC-FASD external-dev / cross-domain stress set,-1.2943655252456665,0.0,1.0
spoof_1513.png,1,VALID,-1.5507812,1.9716797,0.29174805,-3.6933732,LCC-FASD external-dev / cross-domain stress set,-1.2943655252456665,0.0,1.0
spoof_1514.png,1,VALID,-1.2646484,1.5859375,0.2553711,-3.0851264,LCC-FASD external-dev / cross-domain stress set,-1.2943655252456665,0.0,1.0
spoof_1515.png,1,VALID,-1.2666016,1.6347656,0.26293945,-3.1274211,LCC-FASD external-dev / cross-domain stress set,-1.2943655252456665,0.0,1.0
spoof_1516.png,1,VALID,-1.4814453,1.7724609,0.2998047,-3.4603639,LCC-FASD external-dev / cross-domain stress set,-1.2943655252456665,0.0,1.0
spoof_1517.png,1,VALID,-0.671875,1.6757812,-0.35058594,-2.4714775,LCC-FASD external-dev / cross-domain stress set,-1.2943655252456665,0.0,1.0
spoof_1518.png,1,VALID,-0.36279297,0.79833984,-0.08898926,-1.5059657,LCC-FASD external-dev / cross-domain stress set,-1.2943655252456665,0.0,1.0
spoof_1519.png,1,VALID,-1.3496094,1.8886719,0.11669922,-3.3952827,LCC-FASD external-dev / cross-domain stress set,-1.2943655252456665,0.0,1.0
spoof_1520.png,1,VALID,-1.3955078,1.8994141,0.15197754,-3.4555259,LCC-FASD external-dev / cross-domain stress set,-1.2943655252456665,0.0,1.0
spoof_1521.png,1,VALID,-1.4580078,1.7646484,0.30297852,-3.4311724,LCC-FASD external-dev / cross-domain stress set,-1.2943655252456665,0.0,1.0
spoof_1522.png,1,VALID,-1.3759766,1.6650391,0.35009766,-3.278843,LCC-FASD external-dev / cross-domain stress set,-1.2943655252456665,0.0,1.0
spoof_1523.png,1,VALID,-1.2841797,1.5605469,0.29467773,-3.0931435,LCC-FASD external-dev / cross-domain stress set,-1.2943655252456665,0.0,1.0
spoof_1524.png,1,VALID,-1.4736328,1.8330078,0.30126953,-3.5023386,LCC-FASD external-dev / cross-domain stress set,-1.2943655252456665,0.0,1.0
spoof_1525.png,1,VALID,-0.7661133,1.1464844,0.054840088,-2.2020264,LCC-FASD external-dev / cross-domain stress set,-1.2943655252456665,0.0,1.0
spoof_1526.png,1,VALID,-0.62402344,0.7910156,0.14807129,-1.83752,LCC-FASD external-dev / cross-domain stress set,-1.2943655252456665,0.0,1.0
spoof_1527.png,1,VALID,-1.0712891,1.1005859,0.39111328,-2.5719278,LCC-FASD external-dev / cross-domain stress set,-1.2943655252456665,0.0,1.0
spoof_1528.png,1,VALID,-1.0683594,1.2470703,0.23828125,-2.6263351,LCC-FASD external-dev / cross-domain stress set,-1.2943655252456665,0.0,1.0
spoof_1529.png,1,VALID,-1.0087891,0.9511719,0.4255371,-2.4244368,LCC-FASD external-dev / cross-domain stress set,-1.2943655252456665,0.0,1.0
spoof_1530.png,1,VALID,-1.0820312,1.1464844,0.35205078,-2.6013453,LCC-FASD external-dev / cross-domain stress set,-1.2943655252456665,0.0,1.0
spoof_1531.png,1,VALID,-0.1027832,0.7416992,-0.21923828,-1.1684005,LCC-FASD external-dev / cross-domain stress set,-1.2943655252456665,1.0,0.0
spoof_1532.png,1,VALID,-0.89404297,0.8876953,0.37109375,-2.24958,LCC-FASD external-dev / cross-domain stress set,-1.2943655252456665,0.0,1.0
spoof_1533.png,1,NO_VALID_FACE,,,,,LCC-FASD external-dev / cross-domain stress set,-1.2943655252456665,,
spoof_1534.png,1,VALID,-1.0205078,1.1357422,0.2709961,-2.5077224,LCC-FASD external-dev / cross-domain stress set,-1.2943655252456665,0.0,1.0
spoof_1535.png,1,VALID,-0.98046875,1.2050781,0.18359375,-2.4930758,LCC-FASD external-dev / cross-domain stress set,-1.2943655252456665,0.0,1.0
spoof_1536.png,1,VALID,-1.3398438,1.8291016,0.13122559,-3.3370597,LCC-FASD external-dev / cross-domain stress set,-1.2943655252456665,0.0,1.0
spoof_1537.png,1,VALID,-1.1914062,1.3017578,0.35620117,-2.8213615,LCC-FASD external-dev / cross-domain stress set,-1.2943655252456665,0.0,1.0
spoof_1538.png,1,VALID,-0.29052734,0.9980469,-0.22595215,-1.5463525,LCC-FASD external-dev / cross-domain stress set,-1.2943655252456665,0.0,1.0
spoof_1539.png,1,VALID,-0.60791016,0.7626953,0.14428711,-1.8016093,LCC-FASD external-dev / cross-domain stress set,-1.2943655252456665,0.0,1.0
spoof_1540.png,1,VALID,-0.77441406,0.7998047,0.31640625,-2.054596,LCC-FASD external-dev / cross-domain stress set,-1.2943655252456665,0.0,1.0
spoof_1541.png,1,VALID,-0.35302734,0.79248047,-0.043029785,-1.5057336,LCC-FASD external-dev / cross-domain stress set,-1.2943655252456665,0.0,1.0
spoof_1542.png,1,VALID,-0.7001953,0.90722656,0.1665039,-1.9972786,LCC-FASD external-dev / cross-domain stress set,-1.2943655252456665,0.0,1.0
spoof_1543.png,1,VALID,-1.1181641,1.4707031,0.23168945,-2.8432534,LCC-FASD external-dev / cross-domain stress set,-1.2943655252456665,0.0,1.0
spoof_1544.png,1,VALID,-1.3691406,1.5771484,0.41186523,-3.2177155,LCC-FASD external-dev / cross-domain stress set,-1.2943655252456665,0.0,1.0
spoof_1545.png,1,VALID,-1.0917969,1.1757812,0.33007812,-2.6247318,LCC-FASD external-dev / cross-domain stress set,-1.2943655252456665,0.0,1.0
spoof_1546.png,1,VALID,-0.3803711,0.5488281,0.10723877,-1.4257314,LCC-FASD external-dev / cross-domain stress set,-1.2943655252456665,0.0,1.0
spoof_1547.png,1,VALID,-0.38598633,0.69091797,0.00051641464,-1.4832854,LCC-FASD external-dev / cross-domain stress set,-1.2943655252456665,0.0,1.0
spoof_1548.png,1,VALID,-0.9057617,1.6640625,-0.05532837,-2.7346396,LCC-FASD external-dev / cross-domain stress set,-1.2943655252456665,0.0,1.0
spoof_1549.png,1,VALID,-0.17932129,0.8183594,-0.26000977,-1.2904621,LCC-FASD external-dev / cross-domain stress set,-1.2943655252456665,1.0,0.0
spoof_1550.png,1,VALID,-1.5498047,1.9121094,0.3486328,-3.652044,LCC-FASD external-dev / cross-domain stress set,-1.2943655252456665,0.0,1.0
spoof_1551.png,1,VALID,-1.2568359,1.7841797,0.13415527,-3.2166862,LCC-FASD external-dev / cross-domain stress set,-1.2943655252456665,0.0,1.0
spoof_1552.png,1,VALID,-1.3759766,1.7011719,0.30688477,-3.2986984,LCC-FASD external-dev / cross-domain stress set,-1.2943655252456665,0.0,1.0
spoof_1553.png,1,VALID,-0.9394531,1.1386719,0.25317383,-2.4234924,LCC-FASD external-dev / cross-domain stress set,-1.2943655252456665,0.0,1.0
spoof_1554.png,1,VALID,-0.5053711,1.0097656,-0.041534424,-1.8148584,LCC-FASD external-dev / cross-domain stress set,-1.2943655252456665,0.0,1.0
spoof_1555.png,1,VALID,-1.6240234,2.0175781,0.34716797,-3.8140156,LCC-FASD external-dev / cross-domain stress set,-1.2943655252456665,0.0,1.0
spoof_1556.png,1,VALID,-0.8701172,1.3066406,0.08258057,-2.4345222,LCC-FASD external-dev / cross-domain stress set,-1.2943655252456665,0.0,1.0
spoof_1557.png,1,VALID,-1.4726562,2.0683594,0.20410156,-3.6851256,LCC-FASD external-dev / cross-domain stress set,-1.2943655252456665,0.0,1.0
spoof_1558.png,1,VALID,-0.6826172,1.3720703,-0.16455078,-2.2495193,LCC-FASD external-dev / cross-domain stress set,-1.2943655252456665,0.0,1.0
spoof_1559.png,1,VALID,-1.0625,1.6201172,0.039215088,-2.8697515,LCC-FASD external-dev / cross-domain stress set,-1.2943655252456665,0.0,1.0
spoof_1560.png,1,VALID,-0.5307617,0.9433594,-0.013725281,-1.7991067,LCC-FASD external-dev / cross-domain stress set,-1.2943655252456665,0.0,1.0
spoof_1561.png,1,VALID,-0.39990234,1.0390625,-0.18457031,-1.6968265,LCC-FASD external-dev / cross-domain stress set,-1.2943655252456665,0.0,1.0
spoof_1562.png,1,VALID,-1.4873047,1.8242188,0.3395996,-3.5157602,LCC-FASD external-dev / cross-domain stress set,-1.2943655252456665,0.0,1.0
spoof_1563.png,1,VALID,-1.1367188,1.859375,-0.03314209,-3.1364572,LCC-FASD external-dev / cross-domain stress set,-1.2943655252456665,0.0,1.0
spoof_1564.png,1,VALID,-1.1386719,1.5693359,0.1595459,-2.926496,LCC-FASD external-dev / cross-domain stress set,-1.2943655252456665,0.0,1.0
spoof_1565.png,1,VALID,-1.5654297,2.0136719,0.27514648,-3.7410328,LCC-FASD external-dev / cross-domain stress set,-1.2943655252456665,0.0,1.0
spoof_1566.png,1,VALID,-1.4375,1.8300781,0.23535156,-3.4523666,LCC-FASD external-dev / cross-domain stress set,-1.2943655252456665,0.0,1.0
spoof_1453.png,1,VALID,0.11230469,0.27246094,-0.16796875,-0.6571424,LCC-FASD external-dev / cross-domain stress set,-1.2943655252456665,1.0,0.0
spoof_1454.png,1,VALID,0.33398438,0.41015625,-0.3642578,-0.45527506,LCC-FASD external-dev / cross-domain stress set,-1.2943655252456665,1.0,0.0
spoof_1455.png,1,VALID,0.66015625,-0.36132812,-0.16064453,0.22296959,LCC-FASD external-dev / cross-domain stress set,-1.2943655252456665,1.0,0.0
spoof_1456.png,1,VALID,0.84765625,-0.07556152,-0.5761719,0.44937113,LCC-FASD external-dev / cross-domain stress set,-1.2943655252456665,1.0,0.0
spoof_1457.png,1,VALID,0.26049805,0.05178833,-0.171875,-0.378846,LCC-FASD external-dev / cross-domain stress set,-1.2943655252456665,1.0,0.0
spoof_1458.png,1,VALID,-0.15112305,0.6464844,-0.13256836,-1.1752493,LCC-FASD external-dev / cross-domain stress set,-1.2943655252456665,1.0,0.0
spoof_1459.png,1,VALID,-0.51904297,0.8413086,0.014122009,-1.7231025,LCC-FASD external-dev / cross-domain stress set,-1.2943655252456665,0.0,1.0
spoof_1460.png,1,VALID,0.2861328,0.30786133,-0.34228516,-0.4417336,LCC-FASD external-dev / cross-domain stress set,-1.2943655252456665,1.0,0.0
spoof_1461.png,1,VALID,0.734375,-0.20617676,-0.43603516,0.35574389,LCC-FASD external-dev / cross-domain stress set,-1.2943655252456665,1.0,0.0
spoof_1462.png,1,VALID,-0.453125,0.8095703,-0.0256958,-1.6229949,LCC-FASD external-dev / cross-domain stress set,-1.2943655252456665,0.0,1.0
spoof_1463.png,1,VALID,0.30737305,0.24682617,-0.28588867,-0.40130436,LCC-FASD external-dev / cross-domain stress set,-1.2943655252456665,1.0,0.0
spoof_1464.png,1,VALID,0.27685547,0.11920166,-0.22497559,-0.3781395,LCC-FASD external-dev / cross-domain stress set,-1.2943655252456665,1.0,0.0
spoof_1465.png,1,VALID,0.01525116,0.5390625,-0.18603516,-0.9187393,LCC-FASD external-dev / cross-domain stress set,-1.2943655252456665,1.0,0.0
spoof_1466.png,1,VALID,-0.07305908,0.73779297,-0.17907715,-1.1471589,LCC-FASD external-dev / cross-domain stress set,-1.2943655252456665,1.0,0.0
spoof_1467.png,1,VALID,0.10986328,-0.019744873,0.082458496,-0.6159458,LCC-FASD external-dev / cross-domain stress set,-1.2943655252456665,1.0,0.0
spoof_1468.png,1,VALID,0.79345703,-0.19396973,-0.41625977,0.3992607,LCC-FASD external-dev / cross-domain stress set,-1.2943655252456665,1.0,0.0
spoof_1469.png,1,VALID,0.32080078,0.22802734,-0.28295898,-0.37716997,LCC-FASD external-dev / cross-domain stress set,-1.2943655252456665,1.0,0.0
spoof_1470.png,1,VALID,0.33276367,0.27148438,-0.35180664,-0.36801755,LCC-FASD external-dev / cross-domain stress set,-1.2943655252456665,1.0,0.0
spoof_1471.png,1,VALID,0.3347168,-0.04244995,-0.11975098,-0.2780767,LCC-FASD external-dev / cross-domain stress set,-1.2943655252456665,1.0,0.0
spoof_1472.png,1,VALID,-0.5625,0.9121094,0.025146484,-1.8195491,LCC-FASD external-dev / cross-domain stress set,-1.2943655252456665,0.0,1.0
spoof_1473.png,1,VALID,-0.37548828,0.8442383,-0.15136719,-1.534172,LCC-FASD external-dev / cross-domain stress set,-1.2943655252456665,0.0,1.0
spoof_1474.png,1,VALID,-0.9423828,1.2714844,0.14880371,-2.4955864,LCC-FASD external-dev / cross-domain stress set,-1.2943655252456665,0.0,1.0
spoof_1475.png,1,VALID,0.8305664,-0.029525757,-0.56347656,0.39869788,LCC-FASD external-dev / cross-domain stress set,-1.2943655252456665,1.0,0.0
spoof_1476.png,1,VALID,-0.6533203,0.6542969,0.26879883,-1.8264775,LCC-FASD external-dev / cross-domain stress set,-1.2943655252456665,0.0,1.0
spoof_1477.png,1,VALID,-1.3349609,1.4892578,0.3659668,-3.105788,LCC-FASD external-dev / cross-domain stress set,-1.2943655252456665,0.0,1.0
spoof_1478.png,1,VALID,-1.0761719,1.328125,0.24633789,-2.6962118,LCC-FASD external-dev / cross-domain stress set,-1.2943655252456665,0.0,1.0
spoof_1479.png,1,VALID,0.065979004,0.1998291,-0.0914917,-0.691908,LCC-FASD external-dev / cross-domain stress set,-1.2943655252456665,1.0,0.0
spoof_1480.png,1,VALID,-0.50683594,0.88427734,-0.048950195,-1.7227756,LCC-FASD external-dev / cross-domain stress set,-1.2943655252456665,0.0,1.0
spoof_1481.png,1,VALID,0.23583984,0.04257202,-0.12438965,-0.41987902,LCC-FASD external-dev / cross-domain stress set,-1.2943655252456665,1.0,0.0
spoof_1482.png,1,VALID,-1.0957031,1.59375,0.07116699,-2.8867846,LCC-FASD external-dev / cross-domain stress set,-1.2943655252456665,0.0,1.0
spoof_1483.png,1,VALID,-0.44506836,0.43652344,0.21972656,-1.4722042,LCC-FASD external-dev / cross-domain stress set,-1.2943655252456665,0.0,1.0
spoof_1484.png,1,VALID,-0.5595703,0.9458008,0.078125,-1.8559761,LCC-FASD external-dev / cross-domain stress set,-1.2943655252456665,0.0,1.0
spoof_1485.png,1,VALID,-0.14916992,0.49487305,-0.09240723,-1.0860566,LCC-FASD external-dev / cross-domain stress set,-1.2943655252456665,1.0,0.0
spoof_1486.png,1,VALID,-0.6118164,0.65966797,0.22167969,-1.7694273,LCC-FASD external-dev / cross-domain stress set,-1.2943655252456665,0.0,1.0
spoof_1487.png,1,VALID,-0.29174805,0.37426758,0.12670898,-1.2430247,LCC-FASD external-dev / cross-domain stress set,-1.2943655252456665,1.0,0.0
spoof_1488.png,1,VALID,-0.2919922,0.57666016,-0.023925781,-1.3059328,LCC-FASD external-dev / cross-domain stress set,-1.2943655252456665,0.0,1.0
spoof_1489.png,1,VALID,-0.7705078,1.1855469,0.040985107,-2.2324457,LCC-FASD external-dev / cross-domain stress set,-1.2943655252456665,0.0,1.0
spoof_1490.png,1,VALID,-0.90283203,1.2685547,0.06774902,-2.4344828,LCC-FASD external-dev / cross-domain stress set,-1.2943655252456665,0.0,1.0
spoof_1491.png,1,VALID,-0.99609375,1.4912109,0.016647339,-2.6934066,LCC-FASD external-dev / cross-domain stress set,-1.2943655252456665,0.0,1.0
spoof_1492.png,1,VALID,0.23034668,0.22277832,-0.26171875,-0.47238982,LCC-FASD external-dev / cross-domain stress set,-1.2943655252456665,1.0,0.0
spoof_1493.png,1,VALID,-0.089416504,0.1352539,0.10961914,-0.90508235,LCC-FASD external-dev / cross-domain stress set,-1.2943655252456665,1.0,0.0
spoof_1494.png,1,VALID,-0.40551758,0.57373047,0.22692871,-1.5139534,LCC-FASD external-dev / cross-domain stress set,-1.2943655252456665,0.0,1.0
spoof_1495.png,1,VALID,0.023132324,0.06237793,0.063964844,-0.73318654,LCC-FASD external-dev / cross-domain stress set,-1.2943655252456665,1.0,0.0
spoof_1496.png,1,VALID,-0.24841309,0.86376953,-0.19519043,-1.4099262,LCC-FASD external-dev / cross-domain stress set,-1.2943655252456665,0.0,1.0
spoof_1497.png,1,VALID,-0.14294434,0.8666992,-0.31689453,-1.2767477,LCC-FASD external-dev / cross-domain stress set,-1.2943655252456665,1.0,0.0
spoof_1498.png,1,VALID,0.3725586,0.37573242,-0.35766602,-0.395401,LCC-FASD external-dev / cross-domain stress set,-1.2943655252456665,1.0,0.0
spoof_1499.png,1,VALID,-1.5341797,1.9628906,0.25634766,-3.6638484,LCC-FASD external-dev / cross-domain stress set,-1.2943655252456665,0.0,1.0
spoof_1500.png,1,VALID,-0.3564453,0.5966797,0.06439209,-1.4151342,LCC-FASD external-dev / cross-domain stress set,-1.2943655252456665,0.0,1.0
spoof_1501.png,1,NO_VALID_FACE,,,,,LCC-FASD external-dev / cross-domain stress set,-1.2943655252456665,,
spoof_1502.png,1,VALID,-1.5742188,1.9794922,0.28295898,-3.7220333,LCC-FASD external-dev / cross-domain stress set,-1.2943655252456665,0.0,1.0
spoof_1503.png,1,VALID,-0.5805664,0.8959961,0.0014352798,-1.8192916,LCC-FASD external-dev / cross-domain stress set,-1.2943655252456665,0.0,1.0
spoof_1504.png,1,VALID,-0.9663086,1.4150391,0.14074707,-2.6279178,LCC-FASD external-dev / cross-domain stress set,-1.2943655252456665,0.0,1.0
spoof_1505.png,1,VALID,-1.3603516,1.7675781,0.24560547,-3.3253703,LCC-FASD external-dev / cross-domain stress set,-1.2943655252456665,0.0,1.0
spoof_1506.png,1,VALID,-1.5996094,1.8623047,0.4255371,-3.6751647,LCC-FASD external-dev / cross-domain stress set,-1.2943655252456665,0.0,1.0
spoof_1507.png,1,VALID,-1.1230469,1.5546875,0.13110352,-2.8935304,LCC-FASD external-dev / cross-domain stress set,-1.2943655252456665,0.0,1.0
spoof_1508.png,1,VALID,-1.4824219,1.8261719,0.32250977,-3.5093398,LCC-FASD external-dev / cross-domain stress set,-1.2943655252456665,0.0,1.0
spoof_1509.png,1,VALID,-0.8544922,1.1357422,0.14855957,-2.3069594,LCC-FASD external-dev / cross-domain stress set,-1.2943655252456665,0.0,1.0
spoof_1510.png,1,VALID,-1.1474609,1.4560547,0.20227051,-2.8546033,LCC-FASD external-dev / cross-domain stress set,-1.2943655252456665,0.0,1.0
spoof_1401.png,1,VALID,-0.32543945,0.9350586,-0.16394043,-1.5480835,LCC-FASD external-dev / cross-domain stress set,-1.2943655252456665,0.0,1.0
spoof_1402.png,1,VALID,0.17456055,0.114868164,-0.095336914,-0.5338654,LCC-FASD external-dev / cross-domain stress set,-1.2943655252456665,1.0,0.0
spoof_1403.png,1,VALID,-0.5126953,1.0625,-0.07019043,-1.8544662,LCC-FASD external-dev / cross-domain stress set,-1.2943655252456665,0.0,1.0
spoof_1404.png,1,VALID,-0.23388672,0.37036133,0.13586426,-1.1870046,LCC-FASD external-dev / cross-domain stress set,-1.2943655252456665,1.0,0.0
spoof_1405.png,1,VALID,-1.0205078,1.1630859,0.2849121,-2.5311055,LCC-FASD external-dev / cross-domain stress set,-1.2943655252456665,0.0,1.0
spoof_1406.png,1,VALID,-0.56933594,0.70410156,0.14025879,-1.7238876,LCC-FASD external-dev / cross-domain stress set,-1.2943655252456665,0.0,1.0
spoof_1407.png,1,VALID,-0.56640625,0.6669922,0.15539551,-1.7031131,LCC-FASD external-dev / cross-domain stress set,-1.2943655252456665,0.0,1.0
spoof_1408.png,1,VALID,-0.0793457,0.28222656,0.0748291,-0.9563878,LCC-FASD external-dev / cross-domain stress set,-1.2943655252456665,1.0,0.0
spoof_1409.png,1,VALID,-0.61816406,1.1142578,-0.015586853,-2.0123868,LCC-FASD external-dev / cross-domain stress set,-1.2943655252456665,0.0,1.0
spoof_1410.png,1,VALID,-1.0488281,1.1855469,0.28076172,-2.5741482,LCC-FASD external-dev / cross-domain stress set,-1.2943655252456665,0.0,1.0
spoof_1411.png,1,VALID,-0.29248047,0.37109375,0.1352539,-1.245738,LCC-FASD external-dev / cross-domain stress set,-1.2943655252456665,1.0,0.0
spoof_1412.png,1,VALID,-0.9995117,1.2724609,0.18786621,-2.5631776,LCC-FASD external-dev / cross-domain stress set,-1.2943655252456665,0.0,1.0
spoof_1413.png,1,VALID,-0.82666016,1.0097656,0.24707031,-2.2192414,LCC-FASD external-dev / cross-domain stress set,-1.2943655252456665,0.0,1.0
spoof_1414.png,1,VALID,-0.67333984,0.86279297,0.12347412,-1.9264431,LCC-FASD external-dev / cross-domain stress set,-1.2943655252456665,0.0,1.0
spoof_1415.png,1,VALID,-0.26342773,0.6401367,-0.0024547577,-1.3261671,LCC-FASD external-dev / cross-domain stress set,-1.2943655252456665,0.0,1.0
spoof_1416.png,1,VALID,-1.1611328,1.2304688,0.40063477,-2.7535477,LCC-FASD external-dev / cross-domain stress set,-1.2943655252456665,0.0,1.0
spoof_1417.png,1,VALID,-0.83691406,0.8251953,0.29467773,-2.124774,LCC-FASD external-dev / cross-domain stress set,-1.2943655252456665,0.0,1.0
spoof_1418.png,1,VALID,-0.6191406,1.2714844,-0.10858154,-2.1150174,LCC-FASD external-dev / cross-domain stress set,-1.2943655252456665,0.0,1.0
spoof_1419.png,1,VALID,0.43139648,0.016189575,-0.2927246,-0.13536453,LCC-FASD external-dev / cross-domain stress set,-1.2943655252456665,1.0,0.0
spoof_1420.png,1,VALID,-0.22314453,0.42773438,0.040496826,-1.1690354,LCC-FASD external-dev / cross-domain stress set,-1.2943655252456665,1.0,0.0
spoof_1421.png,1,VALID,-0.7265625,1.1132812,0.10217285,-2.15013,LCC-FASD external-dev / cross-domain stress set,-1.2943655252456665,0.0,1.0
spoof_1422.png,1,VALID,-0.8120117,0.9213867,0.31201172,-2.1675744,LCC-FASD external-dev / cross-domain stress set,-1.2943655252456665,0.0,1.0
spoof_1423.png,1,VALID,-0.5336914,0.7426758,0.19641113,-1.733228,LCC-FASD external-dev / cross-domain stress set,-1.2943655252456665,0.0,1.0
spoof_1424.png,1,VALID,-0.29370117,0.50927734,0.15686035,-1.3353622,LCC-FASD external-dev / cross-domain stress set,-1.2943655252456665,0.0,1.0
spoof_1425.png,1,VALID,-0.57421875,0.91748047,0.05407715,-1.8435696,LCC-FASD external-dev / cross-domain stress set,-1.2943655252456665,0.0,1.0
spoof_1426.png,1,VALID,-0.009529114,0.44506836,-0.1373291,-0.8983582,LCC-FASD external-dev / cross-domain stress set,-1.2943655252456665,1.0,0.0
spoof_1427.png,1,VALID,-0.09729004,0.045806885,0.17297363,-0.90184754,LCC-FASD external-dev / cross-domain stress set,-1.2943655252456665,1.0,0.0
spoof_1428.png,1,VALID,0.16442871,0.16772461,-0.10772705,-0.5681716,LCC-FASD external-dev / cross-domain stress set,-1.2943655252456665,1.0,0.0
spoof_1429.png,1,VALID,-0.5024414,0.9746094,-0.06088257,-1.7808903,LCC-FASD external-dev / cross-domain stress set,-1.2943655252456665,0.0,1.0
spoof_1430.png,1,VALID,-0.17553711,0.097351074,0.21838379,-1.0283817,LCC-FASD external-dev / cross-domain stress set,-1.2943655252456665,1.0,0.0
spoof_1431.png,1,VALID,-0.22436523,0.46972656,0.025772095,-1.1896989,LCC-FASD external-dev / cross-domain stress set,-1.2943655252456665,1.0,0.0
spoof_1432.png,1,VALID,-0.19226074,0.14672852,0.23144531,-1.0753918,LCC-FASD external-dev / cross-domain stress set,-1.2943655252456665,1.0,0.0
spoof_1433.png,1,VALID,-0.04724121,0.09259033,0.11175537,-0.84260714,LCC-FASD external-dev / cross-domain stress set,-1.2943655252456665,1.0,0.0
spoof_1434.png,1,VALID,-0.5136719,0.9160156,-0.0035533905,-1.7652242,LCC-FASD external-dev / cross-domain stress set,-1.2943655252456665,0.0,1.0
spoof_1435.png,1,VALID,0.18188477,0.15441895,-0.13830566,-0.529992,LCC-FASD external-dev / cross-domain stress set,-1.2943655252456665,1.0,0.0
spoof_1436.png,1,VALID,-0.3996582,0.6689453,-0.002357483,-1.4814032,LCC-FASD external-dev / cross-domain stress set,-1.2943655252456665,0.0,1.0
spoof_1437.png,1,VALID,-0.49536133,0.6040039,0.13684082,-1.5859666,LCC-FASD external-dev / cross-domain stress set,-1.2943655252456665,0.0,1.0
spoof_1438.png,1,VALID,-0.57910156,0.9765625,-0.002456665,-1.8746117,LCC-FASD external-dev / cross-domain stress set,-1.2943655252456665,0.0,1.0
spoof_1439.png,1,VALID,-0.34277344,0.4873047,0.12915039,-1.3600974,LCC-FASD external-dev / cross-domain stress set,-1.2943655252456665,0.0,1.0
spoof_1440.png,1,VALID,0.017196655,0.5703125,-0.23779297,-0.9217106,LCC-FASD external-dev / cross-domain stress set,-1.2943655252456665,1.0,0.0
spoof_1441.png,1,VALID,-0.21435547,0.65185547,-0.10449219,-1.2510499,LCC-FASD external-dev / cross-domain stress set,-1.2943655252456665,1.0,0.0
spoof_1442.png,1,VALID,-0.5942383,1.1933594,-0.097351074,-2.030603,LCC-FASD external-dev / cross-domain stress set,-1.2943655252456665,0.0,1.0
spoof_1443.png,1,VALID,-0.29125977,0.17700195,0.29174805,-1.2204268,LCC-FASD external-dev / cross-domain stress set,-1.2943655252456665,1.0,0.0
spoof_1444.png,1,VALID,0.27612305,-0.28808594,0.03262329,-0.30209488,LCC-FASD external-dev / cross-domain stress set,-1.2943655252456665,1.0,0.0
spoof_1445.png,1,VALID,0.7182617,-0.4963379,-0.17163086,0.34597713,LCC-FASD external-dev / cross-domain stress set,-1.2943655252456665,1.0,0.0
spoof_1446.png,1,VALID,0.16918945,0.05819702,-0.08660889,-0.51237065,LCC-FASD external-dev / cross-domain stress set,-1.2943655252456665,1.0,0.0
spoof_1447.png,1,VALID,-0.42919922,0.9067383,-0.07171631,-1.6550394,LCC-FASD external-dev / cross-domain stress set,-1.2943655252456665,0.0,1.0
spoof_1448.png,1,VALID,0.4645996,-0.007987976,-0.25756836,-0.10353553,LCC-FASD external-dev / cross-domain stress set,-1.2943655252456665,1.0,0.0
spoof_1449.png,1,VALID,0.08099365,0.00409317,0.047058105,-0.6379599,LCC-FASD external-dev / cross-domain stress set,-1.2943655252456665,1.0,0.0
spoof_1450.png,1,VALID,0.72216797,-0.5234375,-0.17590332,0.3636691,LCC-FASD external-dev / cross-domain stress set,-1.2943655252456665,1.0,0.0
spoof_1451.png,1,VALID,0.6069336,0.02520752,-0.4194336,0.08638716,LCC-FASD external-dev / cross-domain stress set,-1.2943655252456665,1.0,0.0
spoof_1452.png,1,VALID,0.46972656,0.17602539,-0.40625,-0.15010333,LCC-FASD external-dev / cross-domain stress set,-1.2943655252456665,1.0,0.0
spoof_1344.png,1,VALID,-1.5146484,1.8017578,0.38452148,-3.5334375,LCC-FASD external-dev / cross-domain stress set,-1.2943655252456665,0.0,1.0
spoof_1345.png,1,VALID,0.25512695,0.31860352,-0.31201172,-0.49022305,LCC-FASD external-dev / cross-domain stress set,-1.2943655252456665,1.0,0.0
spoof_1346.png,1,VALID,-1.4033203,1.5957031,0.421875,-3.2684252,LCC-FASD external-dev / cross-domain stress set,-1.2943655252456665,0.0,1.0
spoof_1347.png,1,VALID,-1.6572266,1.953125,0.46020508,-3.8130603,LCC-FASD external-dev / cross-domain stress set,-1.2943655252456665,0.0,1.0
spoof_1348.png,1,VALID,-1.4033203,1.6904297,0.35351562,-3.3269668,LCC-FASD external-dev / cross-domain stress set,-1.2943655252456665,0.0,1.0
spoof_1349.png,1,VALID,-1.4863281,1.7207031,0.40283203,-3.4442391,LCC-FASD external-dev / cross-domain stress set,-1.2943655252456665,0.0,1.0
spoof_1350.png,1,VALID,-0.008476257,0.4399414,-0.14501953,-0.8912605,LCC-FASD external-dev / cross-domain stress set,-1.2943655252456665,1.0,0.0
spoof_1351.png,1,VALID,-1.4882812,1.7080078,0.42163086,-3.4402308,LCC-FASD external-dev / cross-domain stress set,-1.2943655252456665,0.0,1.0
spoof_1352.png,1,VALID,-1.0673828,1.0517578,0.41333008,-2.5431802,LCC-FASD external-dev / cross-domain stress set,-1.2943655252456665,0.0,1.0
spoof_1353.png,1,VALID,-1.0380859,1.2158203,0.28198242,-2.5853963,LCC-FASD external-dev / cross-domain stress set,-1.2943655252456665,0.0,1.0
spoof_1354.png,1,VALID,-1.5810547,1.8222656,0.45629883,-3.6305625,LCC-FASD external-dev / cross-domain stress set,-1.2943655252456665,0.0,1.0
spoof_1355.png,1,VALID,-0.9941406,1.1992188,0.24169922,-2.5182242,LCC-FASD external-dev / cross-domain stress set,-1.2943655252456665,0.0,1.0
spoof_1356.png,1,VALID,0.60546875,0.010971069,-0.39648438,0.08446771,LCC-FASD external-dev / cross-domain stress set,-1.2943655252456665,1.0,0.0
spoof_1357.png,1,VALID,-0.21020508,0.52783203,-0.0552063,-1.1815683,LCC-FASD external-dev / cross-domain stress set,-1.2943655252456665,1.0,0.0
spoof_1358.png,1,VALID,0.40063477,-0.36621094,0.04824829,-0.1548512,LCC-FASD external-dev / cross-domain stress set,-1.2943655252456665,1.0,0.0
spoof_1359.png,1,VALID,0.08258057,0.45996094,-0.26611328,-0.7719898,LCC-FASD external-dev / cross-domain stress set,-1.2943655252456665,1.0,0.0
spoof_1360.png,1,VALID,0.15185547,-0.11633301,0.028289795,-0.49988228,LCC-FASD external-dev / cross-domain stress set,-1.2943655252456665,1.0,0.0
spoof_1361.png,1,VALID,0.0010204315,0.3803711,-0.085876465,-0.8663048,LCC-FASD external-dev / cross-domain stress set,-1.2943655252456665,1.0,0.0
spoof_1362.png,1,VALID,0.4975586,-0.39672852,-0.022033691,-0.0036553144,LCC-FASD external-dev / cross-domain stress set,-1.2943655252456665,1.0,0.0
spoof_1363.png,1,VALID,1.0644531,-0.8076172,-0.2758789,0.87811947,LCC-FASD external-dev / cross-domain stress set,-1.2943655252456665,1.0,0.0
spoof_1364.png,1,VALID,0.38305664,-0.42016602,0.018753052,-0.13327444,LCC-FASD external-dev / cross-domain stress set,-1.2943655252456665,1.0,0.0
spoof_1365.png,1,VALID,-0.18859863,0.5029297,-0.07232666,-1.1378542,LCC-FASD external-dev / cross-domain stress set,-1.2943655252456665,1.0,0.0
spoof_1366.png,1,VALID,-0.10467529,0.41333008,-0.07019043,-0.998336,LCC-FASD external-dev / cross-domain stress set,-1.2943655252456665,1.0,0.0
spoof_1367.png,1,VALID,-0.019058228,0.4362793,-0.18383789,-0.88574326,LCC-FASD external-dev / cross-domain stress set,-1.2943655252456665,1.0,0.0
spoof_1368.png,1,VALID,0.48754883,-0.025634766,-0.31274414,-0.04667765,LCC-FASD external-dev / cross-domain stress set,-1.2943655252456665,1.0,0.0
spoof_1369.png,1,VALID,-0.43237305,0.39501953,0.2130127,-1.4336715,LCC-FASD external-dev / cross-domain stress set,-1.2943655252456665,0.0,1.0
spoof_1370.png,1,VALID,-0.27441406,0.8930664,-0.1842041,-1.4605408,LCC-FASD external-dev / cross-domain stress set,-1.2943655252456665,0.0,1.0
spoof_1371.png,1,VALID,0.6455078,-0.3330078,-0.19213867,0.21245539,LCC-FASD external-dev / cross-domain stress set,-1.2943655252456665,1.0,0.0
spoof_1372.png,1,VALID,0.4873047,-0.20825195,-0.16918945,-0.017312527,LCC-FASD external-dev / cross-domain stress set,-1.2943655252456665,1.0,0.0
spoof_1373.png,1,VALID,0.18859863,-0.24230957,0.09210205,-0.44335902,LCC-FASD external-dev / cross-domain stress set,-1.2943655252456665,1.0,0.0
spoof_1374.png,1,VALID,-0.49853516,0.85546875,0.0010623932,-1.7085515,LCC-FASD external-dev / cross-domain stress set,-1.2943655252456665,0.0,1.0
spoof_1375.png,1,VALID,-0.0035095215,0.4050293,-0.12731934,-0.87052554,LCC-FASD external-dev / cross-domain stress set,-1.2943655252456665,1.0,0.0
spoof_1376.png,1,VALID,-0.15515137,0.51416016,-0.093811035,-1.1039822,LCC-FASD external-dev / cross-domain stress set,-1.2943655252456665,1.0,0.0
spoof_1377.png,1,VALID,-0.19555664,0.17126465,0.21984863,-1.0845555,LCC-FASD external-dev / cross-domain stress set,-1.2943655252456665,1.0,0.0
spoof_1378.png,1,VALID,-0.5078125,0.63720703,0.14794922,-1.6231656,LCC-FASD external-dev / cross-domain stress set,-1.2943655252456665,0.0,1.0
spoof_1379.png,1,VALID,-0.7294922,1.2001953,0.032989502,-2.2006574,LCC-FASD external-dev / cross-domain stress set,-1.2943655252456665,0.0,1.0
spoof_1380.png,1,VALID,-0.52685547,0.91552734,-0.0046157837,-1.777756,LCC-FASD external-dev / cross-domain stress set,-1.2943655252456665,0.0,1.0
spoof_1381.png,1,VALID,-0.9609375,1.2441406,0.13647461,-2.4905045,LCC-FASD external-dev / cross-domain stress set,-1.2943655252456665,0.0,1.0
spoof_1382.png,1,VALID,-0.56689453,0.67089844,0.19116211,-1.7195686,LCC-FASD external-dev / cross-domain stress set,-1.2943655252456665,0.0,1.0
spoof_1383.png,1,VALID,-0.2401123,0.40771484,0.053375244,-1.1794176,LCC-FASD external-dev / cross-domain stress set,-1.2943655252456665,1.0,0.0
spoof_1384.png,1,VALID,-0.58496094,1.0634766,-0.09686279,-1.9210413,LCC-FASD external-dev / cross-domain stress set,-1.2943655252456665,0.0,1.0
spoof_1385.png,1,VALID,-0.6142578,0.98876953,0.04046631,-1.9304572,LCC-FASD external-dev / cross-domain stress set,-1.2943655252456665,0.0,1.0
spoof_1386.png,1,VALID,-0.7163086,1.0498047,0.08947754,-2.0902004,LCC-FASD external-dev / cross-domain stress set,-1.2943655252456665,0.0,1.0
spoof_1387.png,1,VALID,0.24194336,0.25708008,-0.24609375,-0.48801672,LCC-FASD external-dev / cross-domain stress set,-1.2943655252456665,1.0,0.0
spoof_1388.png,1,VALID,-1.0917969,1.3242188,0.23400879,-2.7058048,LCC-FASD external-dev / cross-domain stress set,-1.2943655252456665,0.0,1.0
spoof_1389.png,1,VALID,-1.1962891,1.5644531,0.20483398,-2.989278,LCC-FASD external-dev / cross-domain stress set,-1.2943655252456665,0.0,1.0
spoof_1390.png,1,VALID,-0.5966797,0.6767578,0.23413086,-1.7695637,LCC-FASD external-dev / cross-domain stress set,-1.2943655252456665,0.0,1.0
spoof_1391.png,1,VALID,0.113708496,0.515625,-0.33374023,-0.7579717,LCC-FASD external-dev / cross-domain stress set,-1.2943655252456665,1.0,0.0
spoof_1392.png,1,VALID,-1.2900391,1.5556641,0.27172852,-3.0901737,LCC-FASD external-dev / cross-domain stress set,-1.2943655252456665,0.0,1.0
spoof_1393.png,1,VALID,-0.31445312,0.48339844,0.08850098,-1.3129177,LCC-FASD external-dev / cross-domain stress set,-1.2943655252456665,0.0,1.0
spoof_1394.png,1,VALID,-0.95703125,1.3271484,0.17224121,-2.5580823,LCC-FASD external-dev / cross-domain stress set,-1.2943655252456665,0.0,1.0
spoof_1395.png,1,VALID,-0.42529297,1.0849609,-0.18395996,-1.7580001,LCC-FASD external-dev / cross-domain stress set,-1.2943655252456665,0.0,1.0
spoof_1396.png,1,VALID,0.24450684,-0.14416504,0.034179688,-0.39761823,LCC-FASD external-dev / cross-domain stress set,-1.2943655252456665,1.0,0.0
spoof_1397.png,1,VALID,-0.40527344,0.92529297,-0.1508789,-1.623906,LCC-FASD external-dev / cross-domain stress set,-1.2943655252456665,0.0,1.0
spoof_1398.png,1,VALID,-1.2451172,1.5400391,0.23303223,-3.0246682,LCC-FASD external-dev / cross-domain stress set,-1.2943655252456665,0.0,1.0
spoof_1399.png,1,VALID,-0.58740234,1.0458984,-0.019897461,-1.9292884,LCC-FASD external-dev / cross-domain stress set,-1.2943655252456665,0.0,1.0
spoof_1400.png,1,VALID,-1.1787109,1.4736328,0.26953125,-2.9146783,LCC-FASD external-dev / cross-domain stress set,-1.2943655252456665,0.0,1.0
spoof_1294.png,1,VALID,0.93066406,-0.50146484,-0.35986328,0.66567665,LCC-FASD external-dev / cross-domain stress set,-1.2943655252456665,1.0,0.0
spoof_1295.png,1,VALID,1.0302734,-0.6376953,-0.34765625,0.8193234,LCC-FASD external-dev / cross-domain stress set,-1.2943655252456665,1.0,0.0
spoof_1296.png,1,VALID,1.3505859,-0.83935547,-0.49902344,1.3122194,LCC-FASD external-dev / cross-domain stress set,-1.2943655252456665,1.0,0.0
spoof_1297.png,1,VALID,0.18188477,0.22937012,-0.23742676,-0.5342278,LCC-FASD external-dev / cross-domain stress set,-1.2943655252456665,1.0,0.0
spoof_1298.png,1,VALID,0.27270508,0.034851074,-0.13769531,-0.37273687,LCC-FASD external-dev / cross-domain stress set,-1.2943655252456665,1.0,0.0
spoof_1299.png,1,VALID,1.0058594,-0.5234375,-0.4177246,0.78189695,LCC-FASD external-dev / cross-domain stress set,-1.2943655252456665,1.0,0.0
spoof_1300.png,1,VALID,0.49194336,-0.012702942,-0.30810547,-0.05166799,LCC-FASD external-dev / cross-domain stress set,-1.2943655252456665,1.0,0.0
spoof_1301.png,1,VALID,0.40576172,-0.03201294,-0.2475586,-0.15339595,LCC-FASD external-dev / cross-domain stress set,-1.2943655252456665,1.0,0.0
spoof_1302.png,1,VALID,0.42797852,0.06744385,-0.31860352,-0.15810335,LCC-FASD external-dev / cross-domain stress set,-1.2943655252456665,1.0,0.0
spoof_1303.png,1,VALID,0.71240234,-0.54833984,-0.17016602,0.36073667,LCC-FASD external-dev / cross-domain stress set,-1.2943655252456665,1.0,0.0
spoof_1304.png,1,VALID,-0.61621094,0.6972656,0.2553711,-1.8098893,LCC-FASD external-dev / cross-domain stress set,-1.2943655252456665,0.0,1.0
spoof_1305.png,1,VALID,0.50683594,-0.47802734,-0.021484375,0.03761384,LCC-FASD external-dev / cross-domain stress set,-1.2943655252456665,1.0,0.0
spoof_1306.png,1,VALID,-0.09918213,0.12561035,0.1005249,-0.9054756,LCC-FASD external-dev / cross-domain stress set,-1.2943655252456665,1.0,0.0
spoof_1307.png,1,VALID,0.43920898,-0.11126709,-0.16870117,-0.11436629,LCC-FASD external-dev / cross-domain stress set,-1.2943655252456665,1.0,0.0
spoof_1308.png,1,VALID,0.86816406,-0.61865234,-0.21923828,0.5741519,LCC-FASD external-dev / cross-domain stress set,-1.2943655252456665,1.0,0.0
spoof_1309.png,1,VALID,0.3112793,0.02142334,-0.11260986,-0.33851856,LCC-FASD external-dev / cross-domain stress set,-1.2943655252456665,1.0,0.0
spoof_1310.png,1,VALID,0.10644531,0.24365234,-0.15979004,-0.6488422,LCC-FASD external-dev / cross-domain stress set,-1.2943655252456665,1.0,0.0
spoof_1311.png,1,VALID,0.9067383,-0.27856445,-0.5444336,0.6162802,LCC-FASD external-dev / cross-domain stress set,-1.2943655252456665,1.0,0.0
spoof_1312.png,1,VALID,-0.4555664,0.40283203,0.2421875,-1.4744457,LCC-FASD external-dev / cross-domain stress set,-1.2943655252456665,0.0,1.0
spoof_1313.png,1,VALID,0.12512207,-0.118896484,0.07757568,-0.5521822,LCC-FASD external-dev / cross-domain stress set,-1.2943655252456665,1.0,0.0
spoof_1314.png,1,VALID,-1.2392578,1.4794922,0.27661133,-2.9813664,LCC-FASD external-dev / cross-domain stress set,-1.2943655252456665,0.0,1.0
spoof_1315.png,1,VALID,-1.2304688,1.4042969,0.34716797,-2.932981,LCC-FASD external-dev / cross-domain stress set,-1.2943655252456665,0.0,1.0
spoof_1316.png,1,VALID,-1.4140625,1.8349609,0.19006348,-3.4255219,LCC-FASD external-dev / cross-domain stress set,-1.2943655252456665,0.0,1.0
spoof_1317.png,1,VALID,-1.3310547,1.3847656,0.47827148,-3.0551014,LCC-FASD external-dev / cross-domain stress set,-1.2943655252456665,0.0,1.0
spoof_1318.png,1,VALID,-1.5888672,1.9003906,0.35327148,-3.6822393,LCC-FASD external-dev / cross-domain stress set,-1.2943655252456665,0.0,1.0
spoof_1319.png,1,VALID,-1.7402344,2.1347656,0.3527832,-4.0305533,LCC-FASD external-dev / cross-domain stress set,-1.2943655252456665,0.0,1.0
spoof_1320.png,1,VALID,-1.4638672,1.8291016,0.25805664,-3.4817924,LCC-FASD external-dev / cross-domain stress set,-1.2943655252456665,0.0,1.0
spoof_1321.png,1,VALID,-1.3046875,1.4873047,0.38183594,-3.0779645,LCC-FASD external-dev / cross-domain stress set,-1.2943655252456665,0.0,1.0
spoof_1322.png,1,VALID,-1.5888672,2.0839844,0.22692871,-3.8179312,LCC-FASD external-dev / cross-domain stress set,-1.2943655252456665,0.0,1.0
spoof_1323.png,1,VALID,-1.2871094,1.4257812,0.38720703,-3.0159235,LCC-FASD external-dev / cross-domain stress set,-1.2943655252456665,0.0,1.0
spoof_1324.png,1,VALID,-1.0380859,1.2587891,0.19885254,-2.594367,LCC-FASD external-dev / cross-domain stress set,-1.2943655252456665,0.0,1.0
spoof_1325.png,1,VALID,0.022247314,0.32055664,-0.1138916,-0.7976423,LCC-FASD external-dev / cross-domain stress set,-1.2943655252456665,1.0,0.0
spoof_1326.png,1,VALID,-1.0292969,1.4042969,0.13378906,-2.6809921,LCC-FASD external-dev / cross-domain stress set,-1.2943655252456665,0.0,1.0
spoof_1327.png,1,VALID,0.17468262,0.015975952,-0.124694824,-0.4665767,LCC-FASD external-dev / cross-domain stress set,-1.2943655252456665,1.0,0.0
spoof_1328.png,1,VALID,-0.5341797,0.5917969,0.2084961,-1.6457269,LCC-FASD external-dev / cross-domain stress set,-1.2943655252456665,0.0,1.0
spoof_1329.png,1,VALID,-0.41845703,0.7636719,-0.04348755,-1.5510154,LCC-FASD external-dev / cross-domain stress set,-1.2943655252456665,0.0,1.0
spoof_1330.png,1,VALID,0.19262695,0.13549805,-0.13647461,-0.50924975,LCC-FASD external-dev / cross-domain stress set,-1.2943655252456665,1.0,0.0
spoof_1331.png,1,VALID,-0.12145996,0.6333008,-0.12963867,-1.1374987,LCC-FASD external-dev / cross-domain stress set,-1.2943655252456665,1.0,0.0
spoof_1332.png,1,VALID,0.16064453,0.23144531,-0.16955566,-0.58341444,LCC-FASD external-dev / cross-domain stress set,-1.2943655252456665,1.0,0.0
spoof_1333.png,1,VALID,-0.12213135,0.55371094,-0.17199707,-1.0705712,LCC-FASD external-dev / cross-domain stress set,-1.2943655252456665,1.0,0.0
spoof_1334.png,1,VALID,-0.98046875,1.2089844,0.21142578,-2.503372,LCC-FASD external-dev / cross-domain stress set,-1.2943655252456665,0.0,1.0
spoof_1335.png,1,VALID,-0.078430176,0.3552246,-0.055603027,-0.9423388,LCC-FASD external-dev / cross-domain stress set,-1.2943655252456665,1.0,0.0
spoof_1336.png,1,VALID,-0.95410156,1.3505859,0.08117676,-2.5523267,LCC-FASD external-dev / cross-domain stress set,-1.2943655252456665,0.0,1.0
spoof_1337.png,1,VALID,-0.2578125,0.6503906,-0.076293945,-1.3026136,LCC-FASD external-dev / cross-domain stress set,-1.2943655252456665,0.0,1.0
spoof_1338.png,1,VALID,-1.1933594,1.2841797,0.39624023,-2.822194,LCC-FASD external-dev / cross-domain stress set,-1.2943655252456665,0.0,1.0
spoof_1339.png,1,VALID,-0.028961182,0.49951172,-0.16418457,-0.94385165,LCC-FASD external-dev / cross-domain stress set,-1.2943655252456665,1.0,0.0
spoof_1340.png,1,VALID,-1.4287109,1.6162109,0.3840332,-3.3008475,LCC-FASD external-dev / cross-domain stress set,-1.2943655252456665,0.0,1.0
spoof_1341.png,1,VALID,-0.8730469,0.93066406,0.32055664,-2.237629,LCC-FASD external-dev / cross-domain stress set,-1.2943655252456665,0.0,1.0
spoof_1342.png,1,VALID,-1.5341797,1.7890625,0.40771484,-3.547377,LCC-FASD external-dev / cross-domain stress set,-1.2943655252456665,0.0,1.0
spoof_1343.png,1,VALID,-0.7871094,0.89453125,0.2253418,-2.0951557,LCC-FASD external-dev / cross-domain stress set,-1.2943655252456665,0.0,1.0
spoof_1239.png,1,VALID,0.61083984,-0.44262695,-0.12927246,0.19141841,LCC-FASD external-dev / cross-domain stress set,-1.2943655252456665,1.0,0.0
spoof_1240.png,1,VALID,-0.40429688,0.75683594,0.033050537,-1.5564891,LCC-FASD external-dev / cross-domain stress set,-1.2943655252456665,0.0,1.0
spoof_1241.png,1,VALID,0.0927124,0.25146484,-0.070739746,-0.7037186,LCC-FASD external-dev / cross-domain stress set,-1.2943655252456665,1.0,0.0
spoof_1242.png,1,VALID,0.58740234,-0.4934082,-0.09112549,0.16642803,LCC-FASD external-dev / cross-domain stress set,-1.2943655252456665,1.0,0.0
spoof_1243.png,1,VALID,0.3762207,-0.32885742,0.008079529,-0.17066175,LCC-FASD external-dev / cross-domain stress set,-1.2943655252456665,1.0,0.0
spoof_1244.png,1,VALID,-0.61572266,0.7729492,0.23486328,-1.8485397,LCC-FASD external-dev / cross-domain stress set,-1.2943655252456665,0.0,1.0
spoof_1245.png,1,VALID,-1.7060547,1.9560547,0.53759766,-3.8789027,LCC-FASD external-dev / cross-domain stress set,-1.2943655252456665,0.0,1.0
spoof_1246.png,1,VALID,-1.4716797,1.6425781,0.4387207,-3.3766487,LCC-FASD external-dev / cross-domain stress set,-1.2943655252456665,0.0,1.0
spoof_1247.png,1,VALID,-1.109375,1.2236328,0.30786133,-2.6696284,LCC-FASD external-dev / cross-domain stress set,-1.2943655252456665,0.0,1.0
spoof_1248.png,1,VALID,-0.7988281,0.7294922,0.39526367,-2.0682523,LCC-FASD external-dev / cross-domain stress set,-1.2943655252456665,0.0,1.0
spoof_1249.png,1,VALID,-0.0904541,0.14794922,0.052825928,-0.88511944,LCC-FASD external-dev / cross-domain stress set,-1.2943655252456665,1.0,0.0
spoof_1250.png,1,VALID,0.42456055,-0.25170898,-0.055999756,-0.11951244,LCC-FASD external-dev / cross-domain stress set,-1.2943655252456665,1.0,0.0
spoof_1251.png,1,VALID,-1.3779297,1.8046875,0.20910645,-3.3672614,LCC-FASD external-dev / cross-domain stress set,-1.2943655252456665,0.0,1.0
spoof_1252.png,1,VALID,-1.0957031,1.0058594,0.44677734,-2.553742,LCC-FASD external-dev / cross-domain stress set,-1.2943655252456665,0.0,1.0
spoof_1253.png,1,VALID,-1.7431641,1.9570312,0.5605469,-3.921309,LCC-FASD external-dev / cross-domain stress set,-1.2943655252456665,0.0,1.0
spoof_1254.png,1,VALID,-1.1962891,1.5859375,0.16308594,-2.9981647,LCC-FASD external-dev / cross-domain stress set,-1.2943655252456665,0.0,1.0
spoof_1255.png,1,VALID,-1.2089844,1.3095703,0.41259766,-2.8605845,LCC-FASD external-dev / cross-domain stress set,-1.2943655252456665,0.0,1.0
spoof_1256.png,1,VALID,-0.28955078,0.45458984,0.062469482,-1.2603254,LCC-FASD external-dev / cross-domain stress set,-1.2943655252456665,1.0,0.0
spoof_1257.png,1,VALID,-1.375,1.5996094,0.36547852,-3.2300944,LCC-FASD external-dev / cross-domain stress set,-1.2943655252456665,0.0,1.0
spoof_1258.png,1,VALID,-0.021591187,0.2644043,0.026016235,-0.8670355,LCC-FASD external-dev / cross-domain stress set,-1.2943655252456665,1.0,0.0
spoof_1259.png,1,VALID,-0.92626953,1.2626953,0.1538086,-2.4740882,LCC-FASD external-dev / cross-domain stress set,-1.2943655252456665,0.0,1.0
spoof_1260.png,1,VALID,-1.3125,1.6943359,0.18725586,-3.2069614,LCC-FASD external-dev / cross-domain stress set,-1.2943655252456665,0.0,1.0
spoof_1261.png,1,VALID,-1.1904297,1.6230469,0.14733887,-3.0193655,LCC-FASD external-dev / cross-domain stress set,-1.2943655252456665,0.0,1.0
spoof_1262.png,1,VALID,-1.2021484,1.3291016,0.34643555,-2.849203,LCC-FASD external-dev / cross-domain stress set,-1.2943655252456665,0.0,1.0
spoof_1263.png,1,VALID,-1.5488281,1.9013672,0.32714844,-3.6384735,LCC-FASD external-dev / cross-domain stress set,-1.2943655252456665,0.0,1.0
spoof_1264.png,1,VALID,0.0184021,0.023223877,0.18554688,-0.78242046,LCC-FASD external-dev / cross-domain stress set,-1.2943655252456665,1.0,0.0
spoof_1265.png,1,VALID,-0.55908203,0.66845703,0.17541504,-1.7042487,LCC-FASD external-dev / cross-domain stress set,-1.2943655252456665,0.0,1.0
spoof_1266.png,1,VALID,-1.2929688,1.4199219,0.39990234,-3.0208075,LCC-FASD external-dev / cross-domain stress set,-1.2943655252456665,0.0,1.0
spoof_1267.png,1,VALID,-1.2021484,1.3291016,0.37426758,-2.8568606,LCC-FASD external-dev / cross-domain stress set,-1.2943655252456665,0.0,1.0
spoof_1268.png,1,VALID,-1.6904297,2.5371094,0.033966064,-4.3061905,LCC-FASD external-dev / cross-domain stress set,-1.2943655252456665,0.0,1.0
spoof_1269.png,1,VALID,-1.6816406,2.4667969,0.06982422,-4.235526,LCC-FASD external-dev / cross-domain stress set,-1.2943655252456665,0.0,1.0
spoof_1270.png,1,VALID,-1.4150391,1.8525391,0.25927734,-3.452614,LCC-FASD external-dev / cross-domain stress set,-1.2943655252456665,0.0,1.0
spoof_1271.png,1,VALID,-0.9716797,1.5791016,0.028884888,-2.7432199,LCC-FASD external-dev / cross-domain stress set,-1.2943655252456665,0.0,1.0
spoof_1272.png,1,VALID,-0.87841797,1.3017578,0.066223145,-2.4353445,LCC-FASD external-dev / cross-domain stress set,-1.2943655252456665,0.0,1.0
spoof_1273.png,1,VALID,-1.6328125,2.1972656,0.23278809,-3.9613073,LCC-FASD external-dev / cross-domain stress set,-1.2943655252456665,0.0,1.0
spoof_1274.png,1,VALID,-1.40625,1.9726562,0.15185547,-3.5289593,LCC-FASD external-dev / cross-domain stress set,-1.2943655252456665,0.0,1.0
spoof_1275.png,1,VALID,-1.5732422,1.9736328,0.3173828,-3.7215452,LCC-FASD external-dev / cross-domain stress set,-1.2943655252456665,0.0,1.0
spoof_1276.png,1,VALID,-1.6972656,2.1894531,0.3178711,-4.029849,LCC-FASD external-dev / cross-domain stress set,-1.2943655252456665,0.0,1.0
spoof_1277.png,1,VALID,-2.0253906,2.7285156,0.27246094,-4.836198,LCC-FASD external-dev / cross-domain stress set,-1.2943655252456665,0.0,1.0
spoof_1278.png,1,VALID,-1.4414062,2.0078125,0.15600586,-3.5950089,LCC-FASD external-dev / cross-domain stress set,-1.2943655252456665,0.0,1.0
spoof_1279.png,1,VALID,-1.2314453,1.7509766,0.13293457,-3.1633146,LCC-FASD external-dev / cross-domain stress set,-1.2943655252456665,0.0,1.0
spoof_1280.png,1,VALID,-1.6113281,2.0878906,0.26367188,-3.8487964,LCC-FASD external-dev / cross-domain stress set,-1.2943655252456665,0.0,1.0
spoof_1281.png,1,VALID,-1.3330078,1.7490234,0.22070312,-3.2783375,LCC-FASD external-dev / cross-domain stress set,-1.2943655252456665,0.0,1.0
spoof_1282.png,1,VALID,-1.7636719,2.2304688,0.3515625,-4.136297,LCC-FASD external-dev / cross-domain stress set,-1.2943655252456665,0.0,1.0
spoof_1283.png,1,VALID,-0.8144531,1.1484375,0.13867188,-2.2735353,LCC-FASD external-dev / cross-domain stress set,-1.2943655252456665,0.0,1.0
spoof_1284.png,1,VALID,-1.2080078,1.7333984,0.14526367,-3.12731,LCC-FASD external-dev / cross-domain stress set,-1.2943655252456665,0.0,1.0
spoof_1285.png,1,VALID,-1.4833984,1.9648438,0.22595215,-3.6101186,LCC-FASD external-dev / cross-domain stress set,-1.2943655252456665,0.0,1.0
spoof_1286.png,1,VALID,-1.6708984,2.1796875,0.29345703,-3.991775,LCC-FASD external-dev / cross-domain stress set,-1.2943655252456665,0.0,1.0
spoof_1287.png,1,VALID,-1.6816406,2.4042969,0.101135254,-4.1811953,LCC-FASD external-dev / cross-domain stress set,-1.2943655252456665,0.0,1.0
spoof_1288.png,1,VALID,-0.15368652,0.4243164,-0.056793213,-1.0592538,LCC-FASD external-dev / cross-domain stress set,-1.2943655252456665,1.0,0.0
spoof_1289.png,1,VALID,0.875,-0.46679688,-0.33203125,0.5789984,LCC-FASD external-dev / cross-domain stress set,-1.2943655252456665,1.0,0.0
spoof_1290.png,1,VALID,0.6191406,-0.29541016,-0.2163086,0.18107086,LCC-FASD external-dev / cross-domain stress set,-1.2943655252456665,1.0,0.0
spoof_1291.png,1,VALID,0.47021484,-0.115600586,-0.25854492,-0.038411558,LCC-FASD external-dev / cross-domain stress set,-1.2943655252456665,1.0,0.0
spoof_1292.png,1,VALID,0.66748047,-0.10522461,-0.43920898,0.23267126,LCC-FASD external-dev / cross-domain stress set,-1.2943655252456665,1.0,0.0
spoof_1293.png,1,VALID,-0.24743652,0.49194336,-0.0008482933,-1.2161844,LCC-FASD external-dev / cross-domain stress set,-1.2943655252456665,1.0,0.0
spoof_1189.png,1,VALID,-0.50683594,1.0019531,-0.02810669,-1.8140548,LCC-FASD external-dev / cross-domain stress set,-1.2943655252456665,0.0,1.0
spoof_1190.png,1,VALID,-0.8491211,1.1337891,0.13891602,-2.2975533,LCC-FASD external-dev / cross-domain stress set,-1.2943655252456665,0.0,1.0
spoof_1191.png,1,VALID,-0.18835449,0.5756836,-0.059906006,-1.1890595,LCC-FASD external-dev / cross-domain stress set,-1.2943655252456665,1.0,0.0
spoof_1192.png,1,VALID,-1.0927734,1.1435547,0.41455078,-2.6299832,LCC-FASD external-dev / cross-domain stress set,-1.2943655252456665,0.0,1.0
spoof_1193.png,1,VALID,-1.2958984,1.5,0.3696289,-3.0757349,LCC-FASD external-dev / cross-domain stress set,-1.2943655252456665,0.0,1.0
spoof_1194.png,1,VALID,-1.3583984,1.6113281,0.2824707,-3.2046244,LCC-FASD external-dev / cross-domain stress set,-1.2943655252456665,0.0,1.0
spoof_1195.png,1,VALID,-0.37548828,0.6508789,0.024795532,-1.4546902,LCC-FASD external-dev / cross-domain stress set,-1.2943655252456665,0.0,1.0
spoof_1196.png,1,VALID,-0.91259766,1.2539062,0.12634277,-2.4470263,LCC-FASD external-dev / cross-domain stress set,-1.2943655252456665,0.0,1.0
spoof_1197.png,1,VALID,-0.80029297,0.8852539,0.28515625,-2.1230001,LCC-FASD external-dev / cross-domain stress set,-1.2943655252456665,0.0,1.0
spoof_1198.png,1,VALID,-0.69140625,0.8779297,0.15905762,-1.9662994,LCC-FASD external-dev / cross-domain stress set,-1.2943655252456665,0.0,1.0
spoof_1199.png,1,VALID,-1.5400391,1.9023438,0.2944336,-3.6249592,LCC-FASD external-dev / cross-domain stress set,-1.2943655252456665,0.0,1.0
spoof_1200.png,1,VALID,-1.2412109,1.5371094,0.22241211,-3.016199,LCC-FASD external-dev / cross-domain stress set,-1.2943655252456665,0.0,1.0
spoof_1201.png,1,VALID,0.42895508,-0.10296631,-0.1652832,-0.13055271,LCC-FASD external-dev / cross-domain stress set,-1.2943655252456665,1.0,0.0
spoof_1202.png,1,VALID,-0.8457031,1.1953125,0.068481445,-2.3217173,LCC-FASD external-dev / cross-domain stress set,-1.2943655252456665,0.0,1.0
spoof_1203.png,1,VALID,-1.578125,2.1132812,0.16564941,-3.8247225,LCC-FASD external-dev / cross-domain stress set,-1.2943655252456665,0.0,1.0
spoof_1204.png,1,VALID,-1.4179688,1.7578125,0.29248047,-3.383609,LCC-FASD external-dev / cross-domain stress set,-1.2943655252456665,0.0,1.0
spoof_1205.png,1,VALID,-1.2158203,1.5791016,0.17224121,-3.0139859,LCC-FASD external-dev / cross-domain stress set,-1.2943655252456665,0.0,1.0
spoof_1206.png,1,VALID,-1.4150391,1.7099609,0.31396484,-3.3462107,LCC-FASD external-dev / cross-domain stress set,-1.2943655252456665,0.0,1.0
spoof_1207.png,1,VALID,-1.1396484,1.3974609,0.22888184,-2.8077533,LCC-FASD external-dev / cross-domain stress set,-1.2943655252456665,0.0,1.0
spoof_1208.png,1,VALID,-1.1835938,1.7285156,0.09466553,-3.0904036,LCC-FASD external-dev / cross-domain stress set,-1.2943655252456665,0.0,1.0
spoof_1209.png,1,VALID,-0.32348633,0.62646484,-0.10803223,-1.3418221,LCC-FASD external-dev / cross-domain stress set,-1.2943655252456665,0.0,1.0
spoof_1210.png,1,VALID,0.05770874,0.4560547,-0.22192383,-0.80889285,LCC-FASD external-dev / cross-domain stress set,-1.2943655252456665,1.0,0.0
spoof_1211.png,1,VALID,-1.578125,2.0625,0.24182129,-3.7906952,LCC-FASD external-dev / cross-domain stress set,-1.2943655252456665,0.0,1.0
spoof_1212.png,1,VALID,-1.3789062,1.8046875,0.21484375,-3.3692079,LCC-FASD external-dev / cross-domain stress set,-1.2943655252456665,0.0,1.0
spoof_1213.png,1,VALID,-0.62402344,0.7939453,0.16955566,-1.8468823,LCC-FASD external-dev / cross-domain stress set,-1.2943655252456665,0.0,1.0
spoof_1214.png,1,VALID,-0.51171875,0.81933594,-0.020812988,-1.6898797,LCC-FASD external-dev / cross-domain stress set,-1.2943655252456665,0.0,1.0
spoof_1215.png,1,VALID,-0.8129883,0.79589844,0.31860352,-2.0915966,LCC-FASD external-dev / cross-domain stress set,-1.2943655252456665,0.0,1.0
spoof_1216.png,1,VALID,-1.0927734,1.1484375,0.36572266,-2.6177025,LCC-FASD external-dev / cross-domain stress set,-1.2943655252456665,0.0,1.0
spoof_1217.png,1,VALID,-0.1607666,0.49267578,-0.006248474,-1.1279256,LCC-FASD external-dev / cross-domain stress set,-1.2943655252456665,1.0,0.0
spoof_1218.png,1,VALID,-1.5292969,1.7988281,0.3857422,-3.5459673,LCC-FASD external-dev / cross-domain stress set,-1.2943655252456665,0.0,1.0
spoof_1219.png,1,VALID,-0.5566406,0.88134766,0.01725769,-1.7896551,LCC-FASD external-dev / cross-domain stress set,-1.2943655252456665,0.0,1.0
spoof_1220.png,1,VALID,-0.78222656,0.8745117,0.26489258,-2.0908284,LCC-FASD external-dev / cross-domain stress set,-1.2943655252456665,0.0,1.0
spoof_1221.png,1,VALID,-0.95166016,1.1210938,0.22766113,-2.4158106,LCC-FASD external-dev / cross-domain stress set,-1.2943655252456665,0.0,1.0
spoof_1222.png,1,VALID,-0.75634766,0.8613281,0.17053223,-2.0239253,LCC-FASD external-dev / cross-domain stress set,-1.2943655252456665,0.0,1.0
spoof_1223.png,1,VALID,-0.3942871,0.7114258,0.009796143,-1.5083585,LCC-FASD external-dev / cross-domain stress set,-1.2943655252456665,0.0,1.0
spoof_1224.png,1,VALID,-1.1386719,1.4619141,0.2043457,-2.8508346,LCC-FASD external-dev / cross-domain stress set,-1.2943655252456665,0.0,1.0
spoof_1225.png,1,VALID,-1.1845703,1.1621094,0.43701172,-2.7416077,LCC-FASD external-dev / cross-domain stress set,-1.2943655252456665,0.0,1.0
spoof_1226.png,1,VALID,-1.1132812,1.1494141,0.3671875,-2.63934,LCC-FASD external-dev / cross-domain stress set,-1.2943655252456665,0.0,1.0
spoof_1227.png,1,VALID,-0.8671875,1.3046875,0.050231934,-2.4228134,LCC-FASD external-dev / cross-domain stress set,-1.2943655252456665,0.0,1.0
spoof_1228.png,1,VALID,-0.32421875,0.57910156,0.023147583,-1.3566387,LCC-FASD external-dev / cross-domain stress set,-1.2943655252456665,0.0,1.0
spoof_1229.png,1,VALID,-0.4321289,0.64746094,0.026657104,-1.5097555,LCC-FASD external-dev / cross-domain stress set,-1.2943655252456665,0.0,1.0
spoof_1230.png,1,VALID,-1.0917969,1.3730469,0.2010498,-2.7346783,LCC-FASD external-dev / cross-domain stress set,-1.2943655252456665,0.0,1.0
spoof_1231.png,1,VALID,-0.47558594,0.7788086,0.025558472,-1.640224,LCC-FASD external-dev / cross-domain stress set,-1.2943655252456665,0.0,1.0
spoof_1232.png,1,VALID,-0.69628906,0.76416016,0.23828125,-1.9248344,LCC-FASD external-dev / cross-domain stress set,-1.2943655252456665,0.0,1.0
spoof_1233.png,1,VALID,-1.0742188,1.0664062,0.3791504,-2.5480578,LCC-FASD external-dev / cross-domain stress set,-1.2943655252456665,0.0,1.0
spoof_1234.png,1,VALID,-0.47314453,0.64160156,0.1282959,-1.5838205,LCC-FASD external-dev / cross-domain stress set,-1.2943655252456665,0.0,1.0
spoof_1235.png,1,VALID,-0.040802002,0.3149414,-0.01638794,-0.896886,LCC-FASD external-dev / cross-domain stress set,-1.2943655252456665,1.0,0.0
spoof_1236.png,1,VALID,-0.4958496,0.6298828,0.1776123,-1.6180979,LCC-FASD external-dev / cross-domain stress set,-1.2943655252456665,0.0,1.0
spoof_1237.png,1,VALID,-0.12438965,0.09979248,0.13122559,-0.93316936,LCC-FASD external-dev / cross-domain stress set,-1.2943655252456665,1.0,0.0
spoof_1238.png,1,VALID,1.0488281,-0.81933594,-0.2709961,0.863724,LCC-FASD external-dev / cross-domain stress set,-1.2943655252456665,1.0,0.0
spoof_1133.png,1,VALID,-0.35083008,0.6557617,-0.0037956238,-1.4233794,LCC-FASD external-dev / cross-domain stress set,-1.2943655252456665,0.0,1.0
spoof_1134.png,1,VALID,-0.8901367,1.4628906,0.050323486,-2.5709715,LCC-FASD external-dev / cross-domain stress set,-1.2943655252456665,0.0,1.0
spoof_1135.png,1,VALID,-0.21166992,0.52978516,-0.05331421,-1.1849644,LCC-FASD external-dev / cross-domain stress set,-1.2943655252456665,1.0,0.0
spoof_1136.png,1,VALID,-1.2519531,1.3652344,0.35620117,-2.9280279,LCC-FASD external-dev / cross-domain stress set,-1.2943655252456665,0.0,1.0
spoof_1137.png,1,VALID,-0.57177734,0.80322266,0.08062744,-1.7707452,LCC-FASD external-dev / cross-domain stress set,-1.2943655252456665,0.0,1.0
spoof_1138.png,1,VALID,-0.8466797,1.3339844,0.10064697,-2.436328,LCC-FASD external-dev / cross-domain stress set,-1.2943655252456665,0.0,1.0
spoof_1139.png,1,VALID,-1.140625,1.5,0.19689941,-2.8809702,LCC-FASD external-dev / cross-domain stress set,-1.2943655252456665,0.0,1.0
spoof_1140.png,1,VALID,-1.2353516,1.7910156,0.17871094,-3.2082114,LCC-FASD external-dev / cross-domain stress set,-1.2943655252456665,0.0,1.0
spoof_1141.png,1,VALID,-1.21875,1.7460938,0.14416504,-3.1484208,LCC-FASD external-dev / cross-domain stress set,-1.2943655252456665,0.0,1.0
spoof_1142.png,1,VALID,-1.0878906,1.3378906,0.25952148,-2.7185626,LCC-FASD external-dev / cross-domain stress set,-1.2943655252456665,0.0,1.0
spoof_1143.png,1,VALID,-0.24865723,0.5810547,-0.03805542,-1.2604699,LCC-FASD external-dev / cross-domain stress set,-1.2943655252456665,1.0,0.0
spoof_1144.png,1,VALID,-0.68603516,0.9428711,0.10852051,-1.989483,LCC-FASD external-dev / cross-domain stress set,-1.2943655252456665,0.0,1.0
spoof_1145.png,1,VALID,-1.3369141,1.5048828,0.38720703,-3.124747,LCC-FASD external-dev / cross-domain stress set,-1.2943655252456665,0.0,1.0
spoof_1146.png,1,VALID,0.117248535,0.4375,-0.26611328,-0.72224003,LCC-FASD external-dev / cross-domain stress set,-1.2943655252456665,1.0,0.0
spoof_1147.png,1,VALID,-1.3642578,1.7617188,0.28710938,-3.33207,LCC-FASD external-dev / cross-domain stress set,-1.2943655252456665,0.0,1.0
spoof_1148.png,1,VALID,-1.1582031,1.34375,0.32666016,-2.8106472,LCC-FASD external-dev / cross-domain stress set,-1.2943655252456665,0.0,1.0
spoof_1149.png,1,VALID,-0.63916016,1.0966797,0.05657959,-2.038474,LCC-FASD external-dev / cross-domain stress set,-1.2943655252456665,0.0,1.0
spoof_1150.png,1,VALID,-1.2734375,1.5253906,0.28979492,-3.0539832,LCC-FASD external-dev / cross-domain stress set,-1.2943655252456665,0.0,1.0
spoof_1151.png,1,VALID,-1.1601562,1.2705078,0.37329102,-2.772623,LCC-FASD external-dev / cross-domain stress set,-1.2943655252456665,0.0,1.0
spoof_1152.png,1,VALID,-0.6743164,0.9316406,0.15661621,-1.9848677,LCC-FASD external-dev / cross-domain stress set,-1.2943655252456665,0.0,1.0
spoof_1153.png,1,VALID,-1.0732422,1.5302734,0.066345215,-2.8116071,LCC-FASD external-dev / cross-domain stress set,-1.2943655252456665,0.0,1.0
spoof_1154.png,1,VALID,-1.2197266,1.4404297,0.29345703,-2.9359658,LCC-FASD external-dev / cross-domain stress set,-1.2943655252456665,0.0,1.0
spoof_1155.png,1,VALID,-0.28955078,0.91845703,-0.25952148,-1.476431,LCC-FASD external-dev / cross-domain stress set,-1.2943655252456665,0.0,1.0
spoof_1156.png,1,VALID,-0.6152344,0.95654297,0.02281189,-1.9032975,LCC-FASD external-dev / cross-domain stress set,-1.2943655252456665,0.0,1.0
spoof_1157.png,1,VALID,-0.9790039,1.0371094,0.3425293,-2.421101,LCC-FASD external-dev / cross-domain stress set,-1.2943655252456665,0.0,1.0
spoof_1158.png,1,VALID,-1.1132812,1.2958984,0.29589844,-2.7224412,LCC-FASD external-dev / cross-domain stress set,-1.2943655252456665,0.0,1.0
spoof_1159.png,1,VALID,-1.2880859,1.6123047,0.26733398,-3.1319366,LCC-FASD external-dev / cross-domain stress set,-1.2943655252456665,0.0,1.0
spoof_1160.png,1,VALID,-0.073913574,0.37402344,-0.043182373,-0.95408285,LCC-FASD external-dev / cross-domain stress set,-1.2943655252456665,1.0,0.0
spoof_1161.png,1,VALID,-0.47705078,0.5961914,0.19250488,-1.5847796,LCC-FASD external-dev / cross-domain stress set,-1.2943655252456665,0.0,1.0
spoof_1162.png,1,VALID,-1.0576172,1.1865234,0.3095703,-2.592011,LCC-FASD external-dev / cross-domain stress set,-1.2943655252456665,0.0,1.0
spoof_1163.png,1,VALID,-1.3613281,1.7314453,0.2578125,-3.299049,LCC-FASD external-dev / cross-domain stress set,-1.2943655252456665,0.0,1.0
spoof_1164.png,1,VALID,-1.1679688,1.4814453,0.24389648,-2.9041295,LCC-FASD external-dev / cross-domain stress set,-1.2943655252456665,0.0,1.0
spoof_1165.png,1,VALID,-1.3554688,1.5957031,0.35473633,-3.2051196,LCC-FASD external-dev / cross-domain stress set,-1.2943655252456665,0.0,1.0
spoof_1166.png,1,VALID,-1.5810547,2.0097656,0.28125,-3.7542543,LCC-FASD external-dev / cross-domain stress set,-1.2943655252456665,0.0,1.0
spoof_1167.png,1,VALID,-0.79248047,1.1904297,0.113464355,-2.2760482,LCC-FASD external-dev / cross-domain stress set,-1.2943655252456665,0.0,1.0
spoof_1168.png,1,VALID,-0.6142578,0.85302734,0.25439453,-1.9052577,LCC-FASD external-dev / cross-domain stress set,-1.2943655252456665,0.0,1.0
spoof_1169.png,1,VALID,-0.42993164,0.57373047,0.19128418,-1.5237589,LCC-FASD external-dev / cross-domain stress set,-1.2943655252456665,0.0,1.0
spoof_1170.png,1,VALID,-0.6152344,0.8100586,0.10827637,-1.827888,LCC-FASD external-dev / cross-domain stress set,-1.2943655252456665,0.0,1.0
spoof_1171.png,1,VALID,-0.24035645,0.5410156,-0.07489014,-1.2132528,LCC-FASD external-dev / cross-domain stress set,-1.2943655252456665,1.0,0.0
spoof_1172.png,1,VALID,-1.0927734,1.4355469,0.14440918,-2.7712333,LCC-FASD external-dev / cross-domain stress set,-1.2943655252456665,0.0,1.0
spoof_1173.png,1,VALID,-0.69384766,0.9794922,0.1517334,-2.0359168,LCC-FASD external-dev / cross-domain stress set,-1.2943655252456665,0.0,1.0
spoof_1174.png,1,VALID,-1.3535156,1.6425781,0.2479248,-3.217571,LCC-FASD external-dev / cross-domain stress set,-1.2943655252456665,0.0,1.0
spoof_1175.png,1,VALID,-0.63916016,0.83154297,0.18896484,-1.8933103,LCC-FASD external-dev / cross-domain stress set,-1.2943655252456665,0.0,1.0
spoof_1176.png,1,VALID,-1.5664062,1.8486328,0.421875,-3.63022,LCC-FASD external-dev / cross-domain stress set,-1.2943655252456665,0.0,1.0
spoof_1177.png,1,VALID,-1.2587891,1.6269531,0.16174316,-3.0935931,LCC-FASD external-dev / cross-domain stress set,-1.2943655252456665,0.0,1.0
spoof_1178.png,1,VALID,-0.66796875,1.0244141,0.14428711,-2.0393217,LCC-FASD external-dev / cross-domain stress set,-1.2943655252456665,0.0,1.0
spoof_1179.png,1,VALID,-1.1259766,1.5292969,0.14868164,-2.8795555,LCC-FASD external-dev / cross-domain stress set,-1.2943655252456665,0.0,1.0
spoof_1180.png,1,VALID,-0.3647461,0.6279297,0.07940674,-1.448709,LCC-FASD external-dev / cross-domain stress set,-1.2943655252456665,0.0,1.0
spoof_1181.png,1,VALID,-0.7416992,0.8486328,0.23498535,-2.0230055,LCC-FASD external-dev / cross-domain stress set,-1.2943655252456665,0.0,1.0
spoof_1182.png,1,VALID,-1.2509766,1.4208984,0.40722656,-2.9814782,LCC-FASD external-dev / cross-domain stress set,-1.2943655252456665,0.0,1.0
spoof_1183.png,1,VALID,-0.46801758,0.6557617,0.17590332,-1.6055083,LCC-FASD external-dev / cross-domain stress set,-1.2943655252456665,0.0,1.0
spoof_1184.png,1,VALID,0.36499023,0.19384766,-0.23742676,-0.3294391,LCC-FASD external-dev / cross-domain stress set,-1.2943655252456665,1.0,0.0
spoof_1185.png,1,VALID,-0.63964844,0.9892578,0.13305664,-1.9829185,LCC-FASD external-dev / cross-domain stress set,-1.2943655252456665,0.0,1.0
spoof_1186.png,1,VALID,-1.1210938,1.2568359,0.34985352,-2.71707,LCC-FASD external-dev / cross-domain stress set,-1.2943655252456665,0.0,1.0
spoof_1187.png,1,VALID,-0.515625,0.6689453,0.121398926,-1.6409612,LCC-FASD external-dev / cross-domain stress set,-1.2943655252456665,0.0,1.0
spoof_1188.png,1,VALID,0.08514404,0.19763184,-0.044006348,-0.6920968,LCC-FASD external-dev / cross-domain stress set,-1.2943655252456665,1.0,0.0
spoof_1078.png,1,VALID,-0.984375,1.1025391,0.3642578,-2.4775596,LCC-FASD external-dev / cross-domain stress set,-1.2943655252456665,0.0,1.0
spoof_1079.png,1,VALID,-0.62060547,0.8457031,0.15722656,-1.873333,LCC-FASD external-dev / cross-domain stress set,-1.2943655252456665,0.0,1.0
spoof_1080.png,1,VALID,-1.3730469,1.5566406,0.3798828,-3.198398,LCC-FASD external-dev / cross-domain stress set,-1.2943655252456665,0.0,1.0
spoof_1081.png,1,VALID,0.3017578,0.07757568,-0.24316406,-0.3213997,LCC-FASD external-dev / cross-domain stress set,-1.2943655252456665,1.0,0.0
spoof_1082.png,1,VALID,-1.5830078,1.984375,0.31225586,-3.7395265,LCC-FASD external-dev / cross-domain stress set,-1.2943655252456665,0.0,1.0
spoof_1083.png,1,VALID,-1.2695312,1.5390625,0.29370117,-3.0615578,LCC-FASD external-dev / cross-domain stress set,-1.2943655252456665,0.0,1.0
spoof_1084.png,1,VALID,-1.5605469,1.9609375,0.29223633,-3.6941695,LCC-FASD external-dev / cross-domain stress set,-1.2943655252456665,0.0,1.0
spoof_1085.png,1,VALID,-0.7675781,0.92285156,0.29223633,-2.117176,LCC-FASD external-dev / cross-domain stress set,-1.2943655252456665,0.0,1.0
spoof_1086.png,1,VALID,-1.1181641,1.1455078,0.41577148,-2.6570888,LCC-FASD external-dev / cross-domain stress set,-1.2943655252456665,0.0,1.0
spoof_1087.png,1,VALID,-0.08642578,0.39233398,-0.10546875,-0.9536669,LCC-FASD external-dev / cross-domain stress set,-1.2943655252456665,1.0,0.0
spoof_1088.png,1,VALID,0.09020996,0.095825195,-0.06561279,-0.62129766,LCC-FASD external-dev / cross-domain stress set,-1.2943655252456665,1.0,0.0
spoof_1089.png,1,VALID,-0.98583984,1.1894531,0.20861816,-2.493745,LCC-FASD external-dev / cross-domain stress set,-1.2943655252456665,0.0,1.0
spoof_1090.png,1,VALID,-0.39892578,0.69921875,-0.03543091,-1.4899659,LCC-FASD external-dev / cross-domain stress set,-1.2943655252456665,0.0,1.0
spoof_1091.png,1,VALID,-0.6855469,0.95166016,0.13000488,-2.0016441,LCC-FASD external-dev / cross-domain stress set,-1.2943655252456665,0.0,1.0
spoof_1092.png,1,VALID,-0.2631836,0.81347656,-0.21606445,-1.3820624,LCC-FASD external-dev / cross-domain stress set,-1.2943655252456665,0.0,1.0
spoof_1093.png,1,VALID,-0.34350586,0.6147461,0.0071754456,-1.3930639,LCC-FASD external-dev / cross-domain stress set,-1.2943655252456665,0.0,1.0
spoof_1094.png,1,VALID,-0.0892334,0.19702148,0.052246094,-0.9096321,LCC-FASD external-dev / cross-domain stress set,-1.2943655252456665,1.0,0.0
spoof_1095.png,1,VALID,-1.0341797,1.4589844,0.107666016,-2.7234015,LCC-FASD external-dev / cross-domain stress set,-1.2943655252456665,0.0,1.0
spoof_1096.png,1,VALID,-0.35327148,0.69140625,-0.026611328,-1.4419212,LCC-FASD external-dev / cross-domain stress set,-1.2943655252456665,0.0,1.0
spoof_1097.png,1,VALID,-0.7919922,1.1669922,0.036956787,-2.2389028,LCC-FASD external-dev / cross-domain stress set,-1.2943655252456665,0.0,1.0
spoof_1098.png,1,VALID,-0.71484375,1.1591797,-0.03100586,-2.1395864,LCC-FASD external-dev / cross-domain stress set,-1.2943655252456665,0.0,1.0
spoof_1099.png,1,VALID,-0.6748047,0.8544922,0.14379883,-1.9289474,LCC-FASD external-dev / cross-domain stress set,-1.2943655252456665,0.0,1.0
spoof_1100.png,1,VALID,-0.5214844,0.9868164,-0.029907227,-1.8170922,LCC-FASD external-dev / cross-domain stress set,-1.2943655252456665,0.0,1.0
spoof_1101.png,1,VALID,-0.83203125,1.0849609,0.17480469,-2.255221,LCC-FASD external-dev / cross-domain stress set,-1.2943655252456665,0.0,1.0
spoof_1102.png,1,VALID,-1.0341797,1.3857422,0.14245605,-2.67335,LCC-FASD external-dev / cross-domain stress set,-1.2943655252456665,0.0,1.0
spoof_1103.png,1,VALID,-0.4638672,0.78808594,0.050476074,-1.6428158,LCC-FASD external-dev / cross-domain stress set,-1.2943655252456665,0.0,1.0
spoof_1104.png,1,VALID,0.059448242,0.5332031,-0.2644043,-0.845598,LCC-FASD external-dev / cross-domain stress set,-1.2943655252456665,1.0,0.0
spoof_1105.png,1,VALID,-0.22937012,0.63427734,-0.08099365,-1.2617922,LCC-FASD external-dev / cross-domain stress set,-1.2943655252456665,1.0,0.0
spoof_1106.png,1,VALID,-0.28588867,1.0117188,-0.33764648,-1.5282468,LCC-FASD external-dev / cross-domain stress set,-1.2943655252456665,0.0,1.0
spoof_1107.png,1,VALID,-1.4130859,1.5195312,0.45288086,-3.228386,LCC-FASD external-dev / cross-domain stress set,-1.2943655252456665,0.0,1.0
spoof_1108.png,1,VALID,-0.68359375,1.2939453,-0.09033203,-2.2010863,LCC-FASD external-dev / cross-domain stress set,-1.2943655252456665,0.0,1.0
spoof_1109.png,1,VALID,-0.8486328,1.0322266,0.16772461,-2.2324042,LCC-FASD external-dev / cross-domain stress set,-1.2943655252456665,0.0,1.0
spoof_1110.png,1,VALID,-0.42919922,0.29541016,0.31225586,-1.4262149,LCC-FASD external-dev / cross-domain stress set,-1.2943655252456665,0.0,1.0
spoof_1111.png,1,VALID,0.9086914,-0.4243164,-0.43115234,0.64327276,LCC-FASD external-dev / cross-domain stress set,-1.2943655252456665,1.0,0.0
spoof_1112.png,1,VALID,0.73779297,-0.38891602,-0.29907227,0.3876313,LCC-FASD external-dev / cross-domain stress set,-1.2943655252456665,1.0,0.0
spoof_1113.png,1,VALID,-0.41357422,0.55859375,0.12939453,-1.4735675,LCC-FASD external-dev / cross-domain stress set,-1.2943655252456665,0.0,1.0
spoof_1114.png,1,VALID,-0.25024414,0.6533203,-0.080566406,-1.2956333,LCC-FASD external-dev / cross-domain stress set,-1.2943655252456665,0.0,1.0
spoof_1115.png,1,VALID,0.3005371,0.33251953,-0.31689453,-0.4522388,LCC-FASD external-dev / cross-domain stress set,-1.2943655252456665,1.0,0.0
spoof_1116.png,1,VALID,0.029907227,0.23608398,-0.027664185,-0.7761202,LCC-FASD external-dev / cross-domain stress set,-1.2943655252456665,1.0,0.0
spoof_1117.png,1,VALID,-1.2558594,1.6777344,0.15368652,-3.130663,LCC-FASD external-dev / cross-domain stress set,-1.2943655252456665,0.0,1.0
spoof_1118.png,1,VALID,0.01448822,0.04547119,0.076293945,-0.73966026,LCC-FASD external-dev / cross-domain stress set,-1.2943655252456665,1.0,0.0
spoof_1119.png,1,VALID,1.2890625,-0.2849121,-0.77783203,1.0972188,LCC-FASD external-dev / cross-domain stress set,-1.2943655252456665,1.0,0.0
spoof_1120.png,1,VALID,0.04385376,-0.085510254,0.14123535,-0.68356895,LCC-FASD external-dev / cross-domain stress set,-1.2943655252456665,1.0,0.0
spoof_1121.png,1,VALID,0.41430664,-0.21643066,-0.057769775,-0.14488369,LCC-FASD external-dev / cross-domain stress set,-1.2943655252456665,1.0,0.0
spoof_1122.png,1,VALID,0.4580078,-0.34716797,-0.029251099,-0.059510887,LCC-FASD external-dev / cross-domain stress set,-1.2943655252456665,1.0,0.0
spoof_1123.png,1,VALID,0.11553955,-0.15588379,0.1505127,-0.58661133,LCC-FASD external-dev / cross-domain stress set,-1.2943655252456665,1.0,0.0
spoof_1124.png,1,VALID,0.19543457,0.1776123,-0.14343262,-0.5276312,LCC-FASD external-dev / cross-domain stress set,-1.2943655252456665,1.0,0.0
spoof_1125.png,1,VALID,-0.44995117,0.4567871,0.20080566,-1.4800632,LCC-FASD external-dev / cross-domain stress set,-1.2943655252456665,0.0,1.0
spoof_1126.png,1,VALID,0.07531738,-0.2154541,0.21899414,-0.6430097,LCC-FASD external-dev / cross-domain stress set,-1.2943655252456665,1.0,0.0
spoof_1127.png,1,VALID,-0.5048828,0.50146484,0.22009277,-1.5686725,LCC-FASD external-dev / cross-domain stress set,-1.2943655252456665,0.0,1.0
spoof_1128.png,1,VALID,0.085754395,0.3125,-0.12121582,-0.7263665,LCC-FASD external-dev / cross-domain stress set,-1.2943655252456665,1.0,0.0
spoof_1129.png,1,VALID,-0.23669434,0.20800781,0.15234375,-1.1104045,LCC-FASD external-dev / cross-domain stress set,-1.2943655252456665,1.0,0.0
spoof_1130.png,1,VALID,-1.6191406,2.0253906,0.26904297,-3.8038182,LCC-FASD external-dev / cross-domain stress set,-1.2943655252456665,0.0,1.0
spoof_1131.png,1,VALID,-0.8730469,1.0771484,0.16174316,-2.2869205,LCC-FASD external-dev / cross-domain stress set,-1.2943655252456665,0.0,1.0
spoof_1132.png,1,VALID,-0.98291016,1.4970703,0.091308594,-2.6992607,LCC-FASD external-dev / cross-domain stress set,-1.2943655252456665,0.0,1.0
spoof_1025.png,1,VALID,0.921875,-0.43554688,-0.35913086,0.62533695,LCC-FASD external-dev / cross-domain stress set,-1.2943655252456665,1.0,0.0
spoof_1026.png,1,VALID,0.97998047,-0.5595703,-0.4104004,0.76903975,LCC-FASD external-dev / cross-domain stress set,-1.2943655252456665,1.0,0.0
spoof_1027.png,1,VALID,0.002216339,0.41455078,-0.08691406,-0.88585865,LCC-FASD external-dev / cross-domain stress set,-1.2943655252456665,1.0,0.0
spoof_1028.png,1,VALID,-0.47583008,0.64160156,0.26733398,-1.6408533,LCC-FASD external-dev / cross-domain stress set,-1.2943655252456665,0.0,1.0
spoof_1029.png,1,VALID,-0.41577148,0.328125,0.29296875,-1.41962,LCC-FASD external-dev / cross-domain stress set,-1.2943655252456665,0.0,1.0
spoof_1030.png,1,VALID,-0.5957031,0.5239258,0.28320312,-1.6996408,LCC-FASD external-dev / cross-domain stress set,-1.2943655252456665,0.0,1.0
spoof_1031.png,1,VALID,0.47631836,-0.36938477,-0.057525635,-0.015481651,LCC-FASD external-dev / cross-domain stress set,-1.2943655252456665,1.0,0.0
spoof_1032.png,1,VALID,0.20593262,0.30810547,-0.31958008,-0.52993804,LCC-FASD external-dev / cross-domain stress set,-1.2943655252456665,1.0,0.0
spoof_1033.png,1,VALID,-0.26660156,0.30981445,0.1784668,-1.2060443,LCC-FASD external-dev / cross-domain stress set,-1.2943655252456665,1.0,0.0
spoof_1034.png,1,VALID,-1.1015625,1.3759766,0.27172852,-2.7638152,LCC-FASD external-dev / cross-domain stress set,-1.2943655252456665,0.0,1.0
spoof_1035.png,1,VALID,0.09326172,0.005874634,0.012214661,-0.6089351,LCC-FASD external-dev / cross-domain stress set,-1.2943655252456665,1.0,0.0
spoof_1036.png,1,VALID,-0.8691406,0.90527344,0.27416992,-2.200991,LCC-FASD external-dev / cross-domain stress set,-1.2943655252456665,0.0,1.0
spoof_1037.png,1,VALID,0.09844971,0.40429688,-0.19177246,-0.74472964,LCC-FASD external-dev / cross-domain stress set,-1.2943655252456665,1.0,0.0
spoof_1038.png,1,VALID,-1.1308594,1.3613281,0.21704102,-2.768645,LCC-FASD external-dev / cross-domain stress set,-1.2943655252456665,0.0,1.0
spoof_1039.png,1,VALID,-0.63671875,0.5942383,0.33544922,-1.8030579,LCC-FASD external-dev / cross-domain stress set,-1.2943655252456665,0.0,1.0
spoof_1040.png,1,VALID,-0.71972656,0.6660156,0.33666992,-1.9277142,LCC-FASD external-dev / cross-domain stress set,-1.2943655252456665,0.0,1.0
spoof_1041.png,1,VALID,-0.58984375,0.5419922,0.28125,-1.7030864,LCC-FASD external-dev / cross-domain stress set,-1.2943655252456665,0.0,1.0
spoof_1042.png,1,VALID,-1.2392578,1.5820312,0.1965332,-3.044592,LCC-FASD external-dev / cross-domain stress set,-1.2943655252456665,0.0,1.0
spoof_1043.png,1,VALID,-0.45874023,0.7026367,0.11602783,-1.6036305,LCC-FASD external-dev / cross-domain stress set,-1.2943655252456665,0.0,1.0
spoof_1044.png,1,VALID,-0.8754883,1.2421875,0.09741211,-2.3940153,LCC-FASD external-dev / cross-domain stress set,-1.2943655252456665,0.0,1.0
spoof_1045.png,1,VALID,-0.04006958,0.3137207,0.038238525,-0.91865283,LCC-FASD external-dev / cross-domain stress set,-1.2943655252456665,1.0,0.0
spoof_1046.png,1,VALID,-0.03277588,0.16320801,0.025543213,-0.8226658,LCC-FASD external-dev / cross-domain stress set,-1.2943655252456665,1.0,0.0
spoof_1047.png,1,VALID,-0.7036133,0.85302734,0.20031738,-1.9757674,LCC-FASD external-dev / cross-domain stress set,-1.2943655252456665,0.0,1.0
spoof_1048.png,1,VALID,-0.7421875,0.78125,0.24658203,-1.9845667,LCC-FASD external-dev / cross-domain stress set,-1.2943655252456665,0.0,1.0
spoof_1049.png,1,VALID,-0.75634766,1.2822266,-0.050445557,-2.2726748,LCC-FASD external-dev / cross-domain stress set,-1.2943655252456665,0.0,1.0
spoof_1050.png,1,VALID,-0.94970703,0.92285156,0.35913086,-2.323053,LCC-FASD external-dev / cross-domain stress set,-1.2943655252456665,0.0,1.0
spoof_1051.png,1,VALID,-0.97998047,1.1591797,0.23718262,-2.4740052,LCC-FASD external-dev / cross-domain stress set,-1.2943655252456665,0.0,1.0
spoof_1052.png,1,VALID,-0.90527344,1.3613281,0.0826416,-2.512213,LCC-FASD external-dev / cross-domain stress set,-1.2943655252456665,0.0,1.0
spoof_1053.png,1,VALID,0.12805176,-0.06274414,0.040252686,-0.5551752,LCC-FASD external-dev / cross-domain stress set,-1.2943655252456665,1.0,0.0
spoof_1054.png,1,VALID,1.3779297,-0.9140625,-0.41796875,1.3203449,LCC-FASD external-dev / cross-domain stress set,-1.2943655252456665,1.0,0.0
spoof_1055.png,1,VALID,0.51953125,0.29907227,-0.5698242,-0.12978524,LCC-FASD external-dev / cross-domain stress set,-1.2943655252456665,1.0,0.0
spoof_1056.png,1,VALID,-0.28564453,0.33422852,0.17053223,-1.2345179,LCC-FASD external-dev / cross-domain stress set,-1.2943655252456665,1.0,0.0
spoof_1057.png,1,VALID,0.7114258,-0.020019531,-0.42578125,0.22073829,LCC-FASD external-dev / cross-domain stress set,-1.2943655252456665,1.0,0.0
spoof_1058.png,1,VALID,0.6166992,0.20568848,-0.5048828,0.011319995,LCC-FASD external-dev / cross-domain stress set,-1.2943655252456665,1.0,0.0
spoof_1059.png,1,VALID,0.20910645,-0.043518066,-0.00038576126,-0.46232134,LCC-FASD external-dev / cross-domain stress set,-1.2943655252456665,1.0,0.0
spoof_1060.png,1,VALID,-0.13427734,0.2434082,0.11248779,-1.0075135,LCC-FASD external-dev / cross-domain stress set,-1.2943655252456665,1.0,0.0
spoof_1061.png,1,VALID,0.40307617,0.41015625,-0.43847656,-0.36335474,LCC-FASD external-dev / cross-domain stress set,-1.2943655252456665,1.0,0.0
spoof_1062.png,1,VALID,0.2927246,-0.05340576,-0.05166626,-0.34788692,LCC-FASD external-dev / cross-domain stress set,-1.2943655252456665,1.0,0.0
spoof_1063.png,1,VALID,-0.23181152,0.6196289,-0.07647705,-1.2559202,LCC-FASD external-dev / cross-domain stress set,-1.2943655252456665,1.0,0.0
spoof_1064.png,1,VALID,-0.7416992,0.7241211,0.3322754,-1.982116,LCC-FASD external-dev / cross-domain stress set,-1.2943655252456665,0.0,1.0
spoof_1065.png,1,VALID,0.13769531,0.35229492,-0.1538086,-0.68637663,LCC-FASD external-dev / cross-domain stress set,-1.2943655252456665,1.0,0.0
spoof_1066.png,1,VALID,-0.11102295,0.4140625,-0.020233154,-1.0244784,LCC-FASD external-dev / cross-domain stress set,-1.2943655252456665,1.0,0.0
spoof_1067.png,1,VALID,0.31103516,-0.15319824,-0.05392456,-0.27978206,LCC-FASD external-dev / cross-domain stress set,-1.2943655252456665,1.0,0.0
spoof_1068.png,1,VALID,-1.4570312,1.6162109,0.44384766,-3.3429902,LCC-FASD external-dev / cross-domain stress set,-1.2943655252456665,0.0,1.0
spoof_1069.png,1,VALID,0.12963867,0.17138672,-0.1116333,-0.6033645,LCC-FASD external-dev / cross-domain stress set,-1.2943655252456665,1.0,0.0
spoof_1070.png,1,VALID,-0.41918945,0.8935547,-0.09686279,-1.628592,LCC-FASD external-dev / cross-domain stress set,-1.2943655252456665,0.0,1.0
spoof_1071.png,1,VALID,-1.4960938,1.6533203,0.46166992,-3.4146354,LCC-FASD external-dev / cross-domain stress set,-1.2943655252456665,0.0,1.0
spoof_1072.png,1,VALID,0.25561523,0.057525635,-0.1340332,-0.40385795,LCC-FASD external-dev / cross-domain stress set,-1.2943655252456665,1.0,0.0
spoof_1073.png,1,VALID,-1.2910156,1.5214844,0.33935547,-3.0799477,LCC-FASD external-dev / cross-domain stress set,-1.2943655252456665,0.0,1.0
spoof_1074.png,1,VALID,-1.3916016,1.8955078,0.15466309,-3.4486942,LCC-FASD external-dev / cross-domain stress set,-1.2943655252456665,0.0,1.0
spoof_1075.png,1,VALID,-0.7241211,1.0517578,0.10021973,-2.1024065,LCC-FASD external-dev / cross-domain stress set,-1.2943655252456665,0.0,1.0
spoof_1076.png,1,VALID,-0.70703125,0.8881836,0.21411133,-2.0070786,LCC-FASD external-dev / cross-domain stress set,-1.2943655252456665,0.0,1.0
spoof_1077.png,1,VALID,-0.7504883,0.984375,0.13903809,-2.0921268,LCC-FASD external-dev / cross-domain stress set,-1.2943655252456665,0.0,1.0
spoof_1000.png,1,VALID,-1.3193359,2.15625,-0.08947754,-3.5762007,LCC-FASD external-dev / cross-domain stress set,-1.2943655252456665,0.0,1.0
spoof_1001.png,1,VALID,-0.052734375,0.6816406,-0.28637695,-1.0563391,LCC-FASD external-dev / cross-domain stress set,-1.2943655252456665,1.0,0.0
spoof_1002.png,1,VALID,-0.44848633,0.5996094,0.13293457,-1.5348852,LCC-FASD external-dev / cross-domain stress set,-1.2943655252456665,0.0,1.0
spoof_1003.png,1,VALID,-1.1328125,1.6933594,0.078063965,-3.0075197,LCC-FASD external-dev / cross-domain stress set,-1.2943655252456665,0.0,1.0
spoof_1004.png,1,VALID,0.44506836,0.3256836,-0.5209961,-0.2374757,LCC-FASD external-dev / cross-domain stress set,-1.2943655252456665,1.0,0.0
spoof_1005.png,1,VALID,-1.3037109,1.6298828,0.27441406,-3.162979,LCC-FASD external-dev / cross-domain stress set,-1.2943655252456665,0.0,1.0
spoof_1006.png,1,VALID,-0.73095703,1.1240234,0.10809326,-2.1639829,LCC-FASD external-dev / cross-domain stress set,-1.2943655252456665,0.0,1.0
spoof_1007.png,1,VALID,-0.7246094,1.0029297,0.10644531,-2.0697103,LCC-FASD external-dev / cross-domain stress set,-1.2943655252456665,0.0,1.0
spoof_1008.png,1,VALID,-1.5195312,1.953125,0.26489258,-3.642269,LCC-FASD external-dev / cross-domain stress set,-1.2943655252456665,0.0,1.0
spoof_1009.png,1,VALID,-0.29956055,0.61083984,-0.036071777,-1.331516,LCC-FASD external-dev / cross-domain stress set,-1.2943655252456665,0.0,1.0
spoof_1010.png,1,VALID,-1.0947266,1.2519531,0.3215332,-2.6791353,LCC-FASD external-dev / cross-domain stress set,-1.2943655252456665,0.0,1.0
spoof_1011.png,1,VALID,-0.97509766,1.1611328,0.27807617,-2.4823112,LCC-FASD external-dev / cross-domain stress set,-1.2943655252456665,0.0,1.0
spoof_1012.png,1,VALID,0.39135742,-0.46606445,0.11273193,-0.16642737,LCC-FASD external-dev / cross-domain stress set,-1.2943655252456665,1.0,0.0
spoof_1013.png,1,VALID,0.92041016,-0.24743652,-0.49243164,0.5897129,LCC-FASD external-dev / cross-domain stress set,-1.2943655252456665,1.0,0.0
spoof_1014.png,1,VALID,0.5004883,-0.51660156,0.04498291,0.0042357445,LCC-FASD external-dev / cross-domain stress set,-1.2943655252456665,1.0,0.0
spoof_1015.png,1,VALID,0.73876953,-0.14086914,-0.34545898,0.28356344,LCC-FASD external-dev / cross-domain stress set,-1.2943655252456665,1.0,0.0
spoof_1016.png,1,VALID,1.2216797,-0.6582031,-0.4729004,1.0897982,LCC-FASD external-dev / cross-domain stress set,-1.2943655252456665,1.0,0.0
spoof_1017.png,1,VALID,0.39575195,-0.49853516,0.115112305,-0.15203369,LCC-FASD external-dev / cross-domain stress set,-1.2943655252456665,1.0,0.0
spoof_1018.png,1,VALID,1.1699219,-1.0136719,-0.19018555,0.9962293,LCC-FASD external-dev / cross-domain stress set,-1.2943655252456665,1.0,0.0
spoof_1019.png,1,VALID,-0.1060791,0.38183594,-0.099121094,-0.9692242,LCC-FASD external-dev / cross-domain stress set,-1.2943655252456665,1.0,0.0
spoof_1020.png,1,VALID,0.92333984,0.123291016,-0.71191406,0.43973064,LCC-FASD external-dev / cross-domain stress set,-1.2943655252456665,1.0,0.0
spoof_1021.png,1,VALID,0.1821289,0.076293945,-0.06726074,-0.51810867,LCC-FASD external-dev / cross-domain stress set,-1.2943655252456665,1.0,0.0
spoof_1022.png,1,VALID,-0.21582031,0.6635742,-0.20397949,-1.2300357,LCC-FASD external-dev / cross-domain stress set,-1.2943655252456665,1.0,0.0
spoof_1023.png,1,VALID,-0.29077148,0.11303711,0.36914062,-1.2331839,LCC-FASD external-dev / cross-domain stress set,-1.2943655252456665,1.0,0.0
spoof_1024.png,1,VALID,0.23754883,0.1496582,-0.15478516,-0.46457613,LCC-FASD external-dev / cross-domain stress set,-1.2943655252456665,1.0,0.0
YOUTUBE_TP300LA_SGS7E_id48_s1_45.png,1,VALID,-0.63964844,0.9458008,0.030029297,-1.9220698,LCC-FASD external-dev / cross-domain stress set,-1.2943655252456665,0.0,1.0
YOUTUBE_TP300LA_SGS7E_id48_s1_60.png,1,VALID,-1.1005859,1.375,0.19433594,-2.7433777,LCC-FASD external-dev / cross-domain stress set,-1.2943655252456665,0.0,1.0
YOUTUBE_TP300LA_SGS7E_id48_s1_75.png,1,VALID,-1.5224609,1.7480469,0.4230957,-3.5062246,LCC-FASD external-dev / cross-domain stress set,-1.2943655252456665,0.0,1.0
YOUTUBE_TP300LA_SGS7E_id48_s1_90.png,1,VALID,-1.4316406,1.7539062,0.31347656,-3.3980951,LCC-FASD external-dev / cross-domain stress set,-1.2943655252456665,0.0,1.0
YOUTUBE_VSUNKNOWN_REDMIN5A_id48_s0_15.png,1,VALID,-0.8666992,1.3222656,0.13623047,-2.4554973,LCC-FASD external-dev / cross-domain stress set,-1.2943655252456665,0.0,1.0
YOUTUBE_VSUNKNOWN_REDMIN5A_id48_s0_30.png,1,VALID,-0.7675781,1.2324219,0.10858154,-2.2814345,LCC-FASD external-dev / cross-domain stress set,-1.2943655252456665,0.0,1.0
YOUTUBE_VSUNKNOWN_REDMIN5A_id48_s0_45.png,1,VALID,-0.85791016,1.2216797,0.13696289,-2.3707638,LCC-FASD external-dev / cross-domain stress set,-1.2943655252456665,0.0,1.0
YOUTUBE_VSUNKNOWN_REDMIN5A_id48_s0_60.png,1,VALID,-0.25439453,0.85009766,-0.15478516,-1.4164431,LCC-FASD external-dev / cross-domain stress set,-1.2943655252456665,0.0,1.0
YOUTUBE_VSUNKNOWN_REDMIN5A_id48_s0_75.png,1,VALID,0.59228516,-0.006626129,-0.39282227,0.08033347,LCC-FASD external-dev / cross-domain stress set,-1.2943655252456665,1.0,0.0
YOUTUBE_VSUNKNOWN_REDMIN5A_id48_s0_90.png,1,VALID,0.050964355,0.66064453,-0.29174805,-0.9359699,LCC-FASD external-dev / cross-domain stress set,-1.2943655252456665,1.0,0.0
YOUTUBE_VSUNKNOWN_REDMIN5A_id48_s0_105.png,1,VALID,-0.7338867,1.2216797,0.07336426,-2.2310524,LCC-FASD external-dev / cross-domain stress set,-1.2943655252456665,0.0,1.0
YOUTUBE_VSUNKNOWN_REDMIN5A_id48_s0_120.png,1,VALID,-0.21228027,0.67822266,-0.13989258,-1.2560225,LCC-FASD external-dev / cross-domain stress set,-1.2943655252456665,1.0,0.0
YOUTUBE_VSUNKNOWN_REDMIN5A_id48_s0_135.png,1,VALID,-0.9941406,1.4042969,0.16638184,-2.6530704,LCC-FASD external-dev / cross-domain stress set,-1.2943655252456665,0.0,1.0
YOUTUBE_VSUNKNOWN_REDMIN5A_id48_s0_150.png,1,VALID,0.21166992,0.24841309,-0.20422363,-0.5289663,LCC-FASD external-dev / cross-domain stress set,-1.2943655252456665,1.0,0.0
YOUTUBE_VSVA2231WA_MEIZUM3S_id48_s0_15.png,1,VALID,-1.3505859,1.7509766,0.24328613,-3.301577,LCC-FASD external-dev / cross-domain stress set,-1.2943655252456665,0.0,1.0
YOUTUBE_VSVA2231WA_MEIZUM3S_id48_s0_30.png,1,VALID,-1.2998047,1.6533203,0.21264648,-3.1656265,LCC-FASD external-dev / cross-domain stress set,-1.2943655252456665,0.0,1.0
YOUTUBE_VSVA2231WA_MEIZUM3S_id48_s0_45.png,1,VALID,-1.0458984,1.2753906,0.21496582,-2.6186557,LCC-FASD external-dev / cross-domain stress set,-1.2943655252456665,0.0,1.0
YOUTUBE_VSVA2231WA_MEIZUM3S_id48_s0_60.png,1,VALID,-0.21923828,0.5595703,-0.08770752,-1.1997983,LCC-FASD external-dev / cross-domain stress set,-1.2943655252456665,1.0,0.0
YOUTUBE_VSVA2231WA_MEIZUM3S_id48_s0_75.png,1,VALID,0.20654297,0.3527832,-0.28271484,-0.57129335,LCC-FASD external-dev / cross-domain stress set,-1.2943655252456665,1.0,0.0
YOUTUBE_VSVA2231WA_MEIZUM3S_id48_s0_90.png,1,VALID,-0.20861816,0.63671875,-0.115600586,-1.2314644,LCC-FASD external-dev / cross-domain stress set,-1.2943655252456665,1.0,0.0
YOUTUBE_VSVA2231WA_MEIZUM3S_id48_s0_105.png,1,VALID,-0.89501953,1.265625,0.097839355,-2.4314766,LCC-FASD external-dev / cross-domain stress set,-1.2943655252456665,0.0,1.0
YOUTUBE_VSVA2231WA_MEIZUM3S_id48_s0_120.png,1,VALID,0.013076782,0.3864746,-0.16430664,-0.8286046,LCC-FASD external-dev / cross-domain stress set,-1.2943655252456665,1.0,0.0
YOUTUBE_VSVA2231WA_MEIZUM3S_id48_s0_135.png,1,VALID,-1.0273438,1.1894531,0.2553711,-2.5482183,LCC-FASD external-dev / cross-domain stress set,-1.2943655252456665,0.0,1.0
YOUTUBE_VSVA2231WA_MEIZUM3S_id48_s0_150.png,1,VALID,-1.1103516,1.2353516,0.33007812,-2.6853356,LCC-FASD external-dev / cross-domain stress set,-1.2943655252456665,0.0,1.0
YOUTUBE_VX2363SMHL_LGL90_id39_s0_16.png,1,VALID,-1.328125,1.4316406,0.4248047,-3.0711935,LCC-FASD external-dev / cross-domain stress set,-1.2943655252456665,0.0,1.0
YOUTUBE_VX2363SMHL_LGL90_id39_s0_35.png,1,VALID,-0.4165039,0.6899414,0.07055664,-1.5371072,LCC-FASD external-dev / cross-domain stress set,-1.2943655252456665,0.0,1.0
YOUTUBE_VX2363SMHL_LGL90_id39_s0_50.png,1,VALID,-0.65527344,1.0742188,0.111694336,-2.0529714,LCC-FASD external-dev / cross-domain stress set,-1.2943655252456665,0.0,1.0
YOUTUBE_VX2363SMHL_LGL90_id43_s0_15.png,1,VALID,0.12524414,-0.24633789,0.15405273,-0.5416671,LCC-FASD external-dev / cross-domain stress set,-1.2943655252456665,1.0,0.0
YOUTUBE_VX2363SMHL_LGL90_id43_s0_30.png,1,VALID,-0.23242188,0.09814453,0.2553711,-1.1054137,LCC-FASD external-dev / cross-domain stress set,-1.2943655252456665,1.0,0.0
YOUTUBE_VX2363SMHL_LGL90_id43_s0_47.png,1,VALID,0.069885254,-0.05493164,0.10522461,-0.65161127,LCC-FASD external-dev / cross-domain stress set,-1.2943655252456665,1.0,0.0
YOUTUBE_VX2363SMHL_LGL90_id43_s0_62.png,1,VALID,0.22241211,-0.13513184,-0.02720642,-0.39102125,LCC-FASD external-dev / cross-domain stress set,-1.2943655252456665,1.0,0.0
YOUTUBE_VX2363SMHL_LGL90_id43_s0_77.png,1,VALID,1.3339844,-1.0644531,-0.3544922,1.2885847,LCC-FASD external-dev / cross-domain stress set,-1.2943655252456665,1.0,0.0
YOUTUBE_VX2363SMHL_LGL90_id43_s0_92.png,1,VALID,0.30273438,-0.31591797,0.0574646,-0.27851266,LCC-FASD external-dev / cross-domain stress set,-1.2943655252456665,1.0,0.0
YOUTUBE_VX2363SMHL_LGL90_id43_s0_110.png,1,VALID,-0.7885742,0.90185547,0.23022461,-2.1031184,LCC-FASD external-dev / cross-domain stress set,-1.2943655252456665,0.0,1.0
YOUTUBE_VX2363SMHL_LGL90_id43_s0_125.png,1,VALID,0.5678711,-0.16674805,-0.23522949,0.07512665,LCC-FASD external-dev / cross-domain stress set,-1.2943655252456665,1.0,0.0
YOUTUBE_VX2363SMHL_LGL90_id43_s0_140.png,1,VALID,0.80908203,-0.62597656,-0.123168945,0.45923305,LCC-FASD external-dev / cross-domain stress set,-1.2943655252456665,1.0,0.0
YOUTUBE_VX2363SMHL_LGL90_id43_s0_155.png,1,VALID,0.05178833,0.018951416,0.033691406,-0.66770744,LCC-FASD external-dev / cross-domain stress set,-1.2943655252456665,1.0,0.0
YOUTUBE_VX2363SMHL_LGL90_id43_s1_15.png,1,VALID,-0.43237305,0.8886719,-0.09313965,-1.639231,LCC-FASD external-dev / cross-domain stress set,-1.2943655252456665,0.0,1.0
YOUTUBE_VX2363SMHL_LGL90_id43_s1_30.png,1,VALID,0.2368164,0.5209961,-0.39941406,-0.6194767,LCC-FASD external-dev / cross-domain stress set,-1.2943655252456665,1.0,0.0
YOUTUBE_VX2363SMHL_LGL90_id43_s1_45.png,1,VALID,0.6801758,0.06121826,-0.48339844,0.16149211,LCC-FASD external-dev / cross-domain stress set,-1.2943655252456665,1.0,0.0
YOUTUBE_VX2363SMHL_LGL90_id43_s1_60.png,1,VALID,0.43530273,0.13220215,-0.3947754,-0.16087657,LCC-FASD external-dev / cross-domain stress set,-1.2943655252456665,1.0,0.0
YOUTUBE_VX2363SMHL_LGL90_id43_s1_75.png,1,VALID,-0.17150879,0.5058594,-0.060760498,-1.126812,LCC-FASD external-dev / cross-domain stress set,-1.2943655252456665,1.0,0.0
YOUTUBE_VX2363SMHL_LGL90_id43_s1_90.png,1,VALID,0.48779297,0.17614746,-0.4182129,-0.1278444,LCC-FASD external-dev / cross-domain stress set,-1.2943655252456665,1.0,0.0
YOUTUBE_VX2363SMHL_LGL90_id43_s1_105.png,1,VALID,-0.067993164,0.91308594,-0.3857422,-1.2223387,LCC-FASD external-dev / cross-domain stress set,-1.2943655252456665,1.0,0.0
YOUTUBE_VX2363SMHL_LGL90_id43_s1_120.png,1,VALID,0.09906006,0.6801758,-0.37890625,-0.8788278,LCC-FASD external-dev / cross-domain stress set,-1.2943655252456665,1.0,0.0
YOUTUBE_VX2363SMHL_LGL90_id43_s1_135.png,1,VALID,0.44555664,0.5229492,-0.5908203,-0.3613069,LCC-FASD external-dev / cross-domain stress set,-1.2943655252456665,1.0,0.0
YOUTUBE_VX2363SMHL_LGL90_id43_s1_150.png,1,VALID,0.36816406,0.019729614,-0.2763672,-0.20758367,LCC-FASD external-dev / cross-domain stress set,-1.2943655252456665,1.0,0.0
YOUTUBE_VX2363SMHL_LGL90_id48_s1_15.png,1,VALID,0.077941895,0.2692871,-0.13500977,-0.70263827,LCC-FASD external-dev / cross-domain stress set,-1.2943655252456665,1.0,0.0
YOUTUBE_VX2363SMHL_LGL90_id48_s1_30.png,1,VALID,0.24438477,0.16210938,-0.23474121,-0.432005,LCC-FASD external-dev / cross-domain stress set,-1.2943655252456665,1.0,0.0
YOUTUBE_VX2363SMHL_LGL90_id48_s1_45.png,1,VALID,-0.49731445,1.0458984,-0.07550049,-1.8252468,LCC-FASD external-dev / cross-domain stress set,-1.2943655252456665,0.0,1.0
YOUTUBE_VX2363SMHL_LGL90_id48_s1_105.png,1,VALID,-0.64404297,1.1181641,-0.07116699,-2.0279694,LCC-FASD external-dev / cross-domain stress set,-1.2943655252456665,0.0,1.0
YOUTUBE_VX2363SMHL_LGL90_id48_s1_120.png,1,VALID,-0.54248047,0.93310547,-0.005355835,-1.8057737,LCC-FASD external-dev / cross-domain stress set,-1.2943655252456665,0.0,1.0
YOUTUBE_VX2363SMHL_LGL90_id48_s1_135.png,1,VALID,-1.1679688,1.8554688,0.054016113,-3.1762092,LCC-FASD external-dev / cross-domain stress set,-1.2943655252456665,0.0,1.0
YOUTUBE_VX2363SMHL_LGL90_id48_s1_150.png,1,VALID,-0.7866211,1.2431641,-0.0010547638,-2.2830048,LCC-FASD external-dev / cross-domain stress set,-1.2943655252456665,0.0,1.0
YOUTUBE_TFT22W90PS_SA5100_id43_s0_15.png,1,VALID,-1.2763672,1.9189453,0.056915283,-3.3397217,LCC-FASD external-dev / cross-domain stress set,-1.2943655252456665,0.0,1.0
YOUTUBE_TFT22W90PS_SA5100_id43_s0_30.png,1,VALID,-0.88964844,1.4550781,-0.061401367,-2.5431538,LCC-FASD external-dev / cross-domain stress set,-1.2943655252456665,0.0,1.0
YOUTUBE_TFT22W90PS_SA5100_id43_s0_45.png,1,VALID,-0.95751953,1.5576172,-0.016403198,-2.703449,LCC-FASD external-dev / cross-domain stress set,-1.2943655252456665,0.0,1.0
YOUTUBE_TFT22W90PS_SA5100_id43_s0_60.png,1,VALID,-0.6796875,1.4443359,-0.22521973,-2.2965732,LCC-FASD external-dev / cross-domain stress set,-1.2943655252456665,0.0,1.0
YOUTUBE_TFT22W90PS_SA5100_id43_s0_75.png,1,VALID,-0.41845703,1.1279297,-0.27001953,-1.7672101,LCC-FASD external-dev / cross-domain stress set,-1.2943655252456665,0.0,1.0
YOUTUBE_TFT22W90PS_SA5100_id43_s0_90.png,1,VALID,-0.49926758,1.015625,-0.14550781,-1.7873073,LCC-FASD external-dev / cross-domain stress set,-1.2943655252456665,0.0,1.0
YOUTUBE_TFT22W90PS_SA5100_id43_s0_135.png,1,VALID,-0.8901367,1.5195312,-0.058532715,-2.5972874,LCC-FASD external-dev / cross-domain stress set,-1.2943655252456665,0.0,1.0
YOUTUBE_TFT22W90PS_SA5100_id43_s0_150.png,1,VALID,-0.6816406,1.3222656,-0.14624023,-2.2111392,LCC-FASD external-dev / cross-domain stress set,-1.2943655252456665,0.0,1.0
YOUTUBE_TFT22W90PS_SA5100_id43_s1_15.png,1,VALID,-0.7133789,1.4003906,-0.18334961,-2.3004203,LCC-FASD external-dev / cross-domain stress set,-1.2943655252456665,0.0,1.0
YOUTUBE_TFT22W90PS_SA5100_id43_s1_30.png,1,VALID,-0.5600586,1.2783203,-0.21472168,-2.0410652,LCC-FASD external-dev / cross-domain stress set,-1.2943655252456665,0.0,1.0
YOUTUBE_TFT22W90PS_SA5100_id43_s1_45.png,1,VALID,-0.27026367,0.921875,-0.28222656,-1.4544733,LCC-FASD external-dev / cross-domain stress set,-1.2943655252456665,0.0,1.0
YOUTUBE_TFT22W90PS_SA5100_id43_s1_60.png,1,VALID,-0.01751709,0.4736328,-0.23498535,-0.8914845,LCC-FASD external-dev / cross-domain stress set,-1.2943655252456665,1.0,0.0
YOUTUBE_TFT22W90PS_SA5100_id43_s1_75.png,1,VALID,-0.45947266,0.87841797,-0.14611816,-1.6446124,LCC-FASD external-dev / cross-domain stress set,-1.2943655252456665,0.0,1.0
YOUTUBE_TFT22W90PS_SA5100_id43_s1_90.png,1,VALID,-0.6801758,1.1386719,-0.036193848,-2.0880046,LCC-FASD external-dev / cross-domain stress set,-1.2943655252456665,0.0,1.0
YOUTUBE_TFT22W90PS_SA5100_id43_s1_105.png,1,VALID,-0.69433594,1.2480469,-0.08166504,-2.1771019,LCC-FASD external-dev / cross-domain stress set,-1.2943655252456665,0.0,1.0
YOUTUBE_TFT22W90PS_SA5100_id43_s1_120.png,1,VALID,-0.93359375,1.5380859,-0.015777588,-2.6634808,LCC-FASD external-dev / cross-domain stress set,-1.2943655252456665,0.0,1.0
YOUTUBE_TFT22W90PS_SA5100_id43_s1_135.png,1,VALID,-0.87890625,1.5195312,-0.06561279,-2.5848494,LCC-FASD external-dev / cross-domain stress set,-1.2943655252456665,0.0,1.0
YOUTUBE_TFT22W90PS_SA5100_id43_s1_150.png,1,VALID,-0.49316406,1.3798828,-0.32861328,-2.0395253,LCC-FASD external-dev / cross-domain stress set,-1.2943655252456665,0.0,1.0
YOUTUBE_TFT22W90PS_SA5100_id48_s1_15.png,1,VALID,-1.4082031,1.8222656,0.23144531,-3.4159174,LCC-FASD external-dev / cross-domain stress set,-1.2943655252456665,0.0,1.0
YOUTUBE_TFT22W90PS_SA5100_id48_s1_30.png,1,VALID,-0.8540039,1.3662109,-0.04522705,-2.43838,LCC-FASD external-dev / cross-domain stress set,-1.2943655252456665,0.0,1.0
YOUTUBE_TFT22W90PS_SA5100_id48_s1_45.png,1,VALID,-1.1669922,1.6660156,0.12963867,-3.027883,LCC-FASD external-dev / cross-domain stress set,-1.2943655252456665,0.0,1.0
YOUTUBE_TFT22W90PS_SA5100_id48_s1_60.png,1,VALID,-1.5693359,2.1503906,0.18603516,-3.8509707,LCC-FASD external-dev / cross-domain stress set,-1.2943655252456665,0.0,1.0
YOUTUBE_TFT22W90PS_SA5100_id48_s1_75.png,1,VALID,-1.1572266,1.7412109,0.04598999,-3.0669632,LCC-FASD external-dev / cross-domain stress set,-1.2943655252456665,0.0,1.0
YOUTUBE_TFT22W90PS_SA5100_id48_s1_90.png,1,VALID,-1.3505859,1.9677734,0.05126953,-3.4556143,LCC-FASD external-dev / cross-domain stress set,-1.2943655252456665,0.0,1.0
YOUTUBE_TFT22W90PS_SA5100_id48_s1_105.png,1,VALID,-1.0185547,1.5761719,-0.0020427704,-2.78232,LCC-FASD external-dev / cross-domain stress set,-1.2943655252456665,0.0,1.0
YOUTUBE_TFT22W90PS_SA5100_id48_s1_120.png,1,VALID,-1.4990234,2.0175781,0.1842041,-3.6649122,LCC-FASD external-dev / cross-domain stress set,-1.2943655252456665,0.0,1.0
YOUTUBE_TFT22W90PS_SA5100_id48_s1_135.png,1,VALID,-1.0976562,1.5712891,0.059265137,-2.868176,LCC-FASD external-dev / cross-domain stress set,-1.2943655252456665,0.0,1.0
YOUTUBE_TFT22W90PS_SA5100_id48_s1_150.png,1,VALID,-1.5058594,1.9638672,0.22424316,-3.6314938,LCC-FASD external-dev / cross-domain stress set,-1.2943655252456665,0.0,1.0
YOUTUBE_TP300LA_SGS7E_id43_s0_15.png,1,VALID,-0.1619873,0.2055664,0.049468994,-0.98569494,LCC-FASD external-dev / cross-domain stress set,-1.2943655252456665,1.0,0.0
YOUTUBE_TP300LA_SGS7E_id43_s0_30.png,1,VALID,-0.3137207,0.38256836,0.11053467,-1.2626414,LCC-FASD external-dev / cross-domain stress set,-1.2943655252456665,1.0,0.0
YOUTUBE_TP300LA_SGS7E_id43_s0_49.png,1,VALID,-0.24450684,0.3815918,0.023986816,-1.156344,LCC-FASD external-dev / cross-domain stress set,-1.2943655252456665,1.0,0.0
YOUTUBE_TP300LA_SGS7E_id43_s0_65.png,1,VALID,-0.32641602,0.2668457,0.1784668,-1.2431955,LCC-FASD external-dev / cross-domain stress set,-1.2943655252456665,1.0,0.0
YOUTUBE_TP300LA_SGS7E_id43_s0_80.png,1,VALID,-0.41235352,0.32128906,0.19030762,-1.363442,LCC-FASD external-dev / cross-domain stress set,-1.2943655252456665,0.0,1.0
YOUTUBE_TP300LA_SGS7E_id43_s0_95.png,1,VALID,0.10083008,-0.012245178,-0.04901123,-0.5618579,LCC-FASD external-dev / cross-domain stress set,-1.2943655252456665,1.0,0.0
YOUTUBE_TP300LA_SGS7E_id43_s0_112.png,1,VALID,-0.38549805,0.43945312,0.119628906,-1.370918,LCC-FASD external-dev / cross-domain stress set,-1.2943655252456665,0.0,1.0
YOUTUBE_TP300LA_SGS7E_id43_s0_127.png,1,VALID,-0.3095703,0.3774414,0.08270264,-1.2436094,LCC-FASD external-dev / cross-domain stress set,-1.2943655252456665,1.0,0.0
YOUTUBE_TP300LA_SGS7E_id43_s0_142.png,1,VALID,-0.09320068,0.20483398,-0.020050049,-0.88504815,LCC-FASD external-dev / cross-domain stress set,-1.2943655252456665,1.0,0.0
YOUTUBE_TP300LA_SGS7E_id43_s0_165.png,1,VALID,-0.14709473,0.3449707,-0.029846191,-1.0152633,LCC-FASD external-dev / cross-domain stress set,-1.2943655252456665,1.0,0.0
YOUTUBE_TP300LA_SGS7E_id43_s1_15.png,1,VALID,0.5986328,-0.123168945,-0.39453125,0.15515912,LCC-FASD external-dev / cross-domain stress set,-1.2943655252456665,1.0,0.0
YOUTUBE_TP300LA_SGS7E_id43_s1_36.png,1,VALID,0.036193848,0.5385742,-0.31396484,-0.8574858,LCC-FASD external-dev / cross-domain stress set,-1.2943655252456665,1.0,0.0
YOUTUBE_TP300LA_SGS7E_id43_s1_51.png,1,VALID,0.46166992,0.2565918,-0.4897461,-0.18296927,LCC-FASD external-dev / cross-domain stress set,-1.2943655252456665,1.0,0.0
YOUTUBE_TP300LA_SGS7E_id43_s1_66.png,1,VALID,-0.23486328,0.69970703,-0.15783691,-1.2881825,LCC-FASD external-dev / cross-domain stress set,-1.2943655252456665,1.0,0.0
YOUTUBE_TP300LA_SGS7E_id43_s1_81.png,1,VALID,0.4885254,0.3725586,-0.5419922,-0.22100282,LCC-FASD external-dev / cross-domain stress set,-1.2943655252456665,1.0,0.0
YOUTUBE_TP300LA_SGS7E_id43_s1_96.png,1,VALID,0.06732178,0.3527832,-0.22583008,-0.7305801,LCC-FASD external-dev / cross-domain stress set,-1.2943655252456665,1.0,0.0
YOUTUBE_TP300LA_SGS7E_id43_s1_118.png,1,VALID,-0.76416016,1.0761719,0.0803833,-2.154728,LCC-FASD external-dev / cross-domain stress set,-1.2943655252456665,0.0,1.0
YOUTUBE_TP300LA_SGS7E_id43_s1_133.png,1,VALID,-0.07324219,0.8730469,-0.40600586,-1.1918207,LCC-FASD external-dev / cross-domain stress set,-1.2943655252456665,1.0,0.0
YOUTUBE_TP300LA_SGS7E_id43_s1_148.png,1,VALID,0.0021877289,0.64501953,-0.36523438,-0.953346,LCC-FASD external-dev / cross-domain stress set,-1.2943655252456665,1.0,0.0
YOUTUBE_TP300LA_SGS7E_id43_s1_163.png,1,VALID,-0.5214844,0.9477539,-0.01902771,-1.7915428,LCC-FASD external-dev / cross-domain stress set,-1.2943655252456665,0.0,1.0
YOUTUBE_TP300LA_SGS7E_id48_s1_15.png,1,VALID,-1.3212891,1.5175781,0.3305664,-3.1051712,LCC-FASD external-dev / cross-domain stress set,-1.2943655252456665,0.0,1.0
YOUTUBE_TP300LA_SGS7E_id48_s1_105.png,1,VALID,-0.5600586,0.9716797,-0.02809143,-1.8450615,LCC-FASD external-dev / cross-domain stress set,-1.2943655252456665,0.0,1.0
YOUTUBE_TP300LA_SGS7E_id48_s1_126.png,1,VALID,-0.8720703,1.1572266,0.14111328,-2.3382504,LCC-FASD external-dev / cross-domain stress set,-1.2943655252456665,0.0,1.0
YOUTUBE_TP300LA_SGS7E_id48_s1_141.png,1,VALID,-0.83691406,1.15625,0.09631348,-2.290656,LCC-FASD external-dev / cross-domain stress set,-1.2943655252456665,0.0,1.0
YOUTUBE_TP300LA_SGS7E_id48_s1_156.png,1,VALID,-0.8598633,1.1884766,0.1328125,-2.3469331,LCC-FASD external-dev / cross-domain stress set,-1.2943655252456665,0.0,1.0
YOUTUBE_SSM763MB_LA546_id39_s1_49.png,1,VALID,-0.78466797,0.8876953,0.20629883,-2.0817606,LCC-FASD external-dev / cross-domain stress set,-1.2943655252456665,0.0,1.0
YOUTUBE_SSM763MB_LA546_id39_s1_64.png,1,VALID,-1.0429688,1.1484375,0.31225586,-2.551429,LCC-FASD external-dev / cross-domain stress set,-1.2943655252456665,0.0,1.0
YOUTUBE_SSM763MB_LA546_id42_s1_31.png,1,VALID,-0.85009766,1.0097656,0.21472168,-2.2325032,LCC-FASD external-dev / cross-domain stress set,-1.2943655252456665,0.0,1.0
YOUTUBE_SSM940N_AZ3MZC520TL_id48_s0_15.png,1,VALID,-1.3310547,1.6738281,0.22851562,-3.2164981,LCC-FASD external-dev / cross-domain stress set,-1.2943655252456665,0.0,1.0
YOUTUBE_SSM940N_AZ3MZC520TL_id48_s0_30.png,1,VALID,-1.6054688,1.9521484,0.36669922,-3.743977,LCC-FASD external-dev / cross-domain stress set,-1.2943655252456665,0.0,1.0
YOUTUBE_SSM940N_AZ3MZC520TL_id48_s0_45.png,1,VALID,-1.3798828,1.8710938,0.16625977,-3.4180174,LCC-FASD external-dev / cross-domain stress set,-1.2943655252456665,0.0,1.0
YOUTUBE_SSM940N_AZ3MZC520TL_id48_s0_60.png,1,VALID,-0.70458984,1.2460938,-0.08782959,-2.184523,LCC-FASD external-dev / cross-domain stress set,-1.2943655252456665,0.0,1.0
YOUTUBE_SSM940N_AZ3MZC520TL_id48_s0_75.png,1,VALID,-0.375,0.9711914,-0.20288086,-1.6155356,LCC-FASD external-dev / cross-domain stress set,-1.2943655252456665,0.0,1.0
YOUTUBE_SSM940N_AZ3MZC520TL_id48_s0_90.png,1,VALID,-0.6347656,1.2314453,-0.090026855,-2.1026595,LCC-FASD external-dev / cross-domain stress set,-1.2943655252456665,0.0,1.0
YOUTUBE_SSM940N_AZ3MZC520TL_id48_s0_105.png,1,VALID,-0.7519531,1.3046875,-0.026916504,-2.2909641,LCC-FASD external-dev / cross-domain stress set,-1.2943655252456665,0.0,1.0
YOUTUBE_SSM940N_AZ3MZC520TL_id48_s0_120.png,1,VALID,-0.88916016,1.4443359,-0.057281494,-2.5346146,LCC-FASD external-dev / cross-domain stress set,-1.2943655252456665,0.0,1.0
YOUTUBE_SSM940N_AZ3MZC520TL_id48_s0_135.png,1,VALID,-0.8823242,1.4755859,-0.055786133,-2.5536733,LCC-FASD external-dev / cross-domain stress set,-1.2943655252456665,0.0,1.0
YOUTUBE_SSM940N_AZ3MZC520TL_id48_s0_150.png,1,VALID,-0.86572266,1.1328125,0.1239624,-2.3094244,LCC-FASD external-dev / cross-domain stress set,-1.2943655252456665,0.0,1.0
YOUTUBE_SSMB2430_SM4AD_id48_s0_15.png,1,VALID,0.08691406,0.93066406,-0.5317383,-1.0521283,LCC-FASD external-dev / cross-domain stress set,-1.2943655252456665,1.0,0.0
YOUTUBE_SSMB2430_SM4AD_id48_s0_30.png,1,VALID,0.24328613,0.25341797,-0.30566406,-0.46231115,LCC-FASD external-dev / cross-domain stress set,-1.2943655252456665,1.0,0.0
YOUTUBE_SSMB2430_SM4AD_id48_s0_45.png,1,VALID,0.2388916,0.36791992,-0.35498047,-0.5246737,LCC-FASD external-dev / cross-domain stress set,-1.2943655252456665,1.0,0.0
YOUTUBE_SSMB2430_SM4AD_id48_s0_60.png,1,VALID,-0.71484375,1.2529297,0.017211914,-2.2229009,LCC-FASD external-dev / cross-domain stress set,-1.2943655252456665,0.0,1.0
YOUTUBE_SSMB2430_SM4AD_id48_s0_75.png,1,VALID,-0.6269531,0.9790039,0.05731201,-1.9408891,LCC-FASD external-dev / cross-domain stress set,-1.2943655252456665,0.0,1.0
YOUTUBE_SSMB2430_SM4AD_id48_s0_90.png,1,VALID,0.33081055,0.55322266,-0.5107422,-0.5188693,LCC-FASD external-dev / cross-domain stress set,-1.2943655252456665,1.0,0.0
YOUTUBE_SSMB2430_SM4AD_id48_s0_105.png,1,VALID,-0.99853516,1.2734375,0.22192383,-2.571639,LCC-FASD external-dev / cross-domain stress set,-1.2943655252456665,0.0,1.0
YOUTUBE_SSMB2430_SM4AD_id48_s0_120.png,1,VALID,-0.46533203,0.71777344,0.07434082,-1.6054182,LCC-FASD external-dev / cross-domain stress set,-1.2943655252456665,0.0,1.0
YOUTUBE_SSMB2430_SM4AD_id48_s0_135.png,1,VALID,-0.61572266,1.0351562,0.008514404,-1.957045,LCC-FASD external-dev / cross-domain stress set,-1.2943655252456665,0.0,1.0
YOUTUBE_SSMB2430_SM4AD_id48_s0_150.png,1,VALID,0.07006836,0.3166504,-0.15600586,-0.7310704,LCC-FASD external-dev / cross-domain stress set,-1.2943655252456665,1.0,0.0
YOUTUBE_SSMP2250_LVP1M_id39_s1_15.png,1,VALID,0.14086914,0.051513672,-0.053222656,-0.5527941,LCC-FASD external-dev / cross-domain stress set,-1.2943655252456665,1.0,0.0
YOUTUBE_SSMP2250_LVP1M_id39_s1_30.png,1,VALID,0.56396484,-0.53222656,-0.092285156,0.15907258,LCC-FASD external-dev / cross-domain stress set,-1.2943655252456665,1.0,0.0
YOUTUBE_SSMP2250_LVP1M_id39_s1_52.png,1,VALID,1.1347656,-0.5419922,-0.5522461,0.9887244,LCC-FASD external-dev / cross-domain stress set,-1.2943655252456665,1.0,0.0
YOUTUBE_SSMP2250_LVP1M_id39_s1_67.png,1,VALID,0.7036133,-0.34887695,-0.20227051,0.28335553,LCC-FASD external-dev / cross-domain stress set,-1.2943655252456665,1.0,0.0
YOUTUBE_SSMP2250_LVP1M_id39_s1_85.png,1,VALID,0.7182617,-0.46777344,-0.16809082,0.3318622,LCC-FASD external-dev / cross-domain stress set,-1.2943655252456665,1.0,0.0
YOUTUBE_SSMP2250_LVP1M_id39_s1_100.png,1,VALID,1.4384766,-0.72216797,-0.6220703,1.4161966,LCC-FASD external-dev / cross-domain stress set,-1.2943655252456665,1.0,0.0
YOUTUBE_SSMP2250_LVP1M_id39_s1_115.png,1,VALID,0.4345703,-0.3112793,-0.054473877,-0.08392131,LCC-FASD external-dev / cross-domain stress set,-1.2943655252456665,1.0,0.0
YOUTUBE_SSMP2250_LVP1M_id39_s1_130.png,1,VALID,1.0771484,-0.70751953,-0.3256836,0.8824876,LCC-FASD external-dev / cross-domain stress set,-1.2943655252456665,1.0,0.0
YOUTUBE_SSMP2250_LVP1M_id42_s0_17.png,1,VALID,1.8886719,-1.4013672,-0.6645508,2.1621032,LCC-FASD external-dev / cross-domain stress set,-1.2943655252456665,1.0,0.0
YOUTUBE_SSMP2250_LVP1M_id42_s0_32.png,1,VALID,2.2050781,-1.4257812,-0.8457031,2.6061885,LCC-FASD external-dev / cross-domain stress set,-1.2943655252456665,1.0,0.0
YOUTUBE_SSMP2250_LVP1M_id42_s0_47.png,1,VALID,1.8613281,-1.2900391,-0.6699219,2.1008444,LCC-FASD external-dev / cross-domain stress set,-1.2943655252456665,1.0,0.0
YOUTUBE_SSMP2250_LVP1M_id42_s0_62.png,1,VALID,1.96875,-1.4111328,-0.6489258,2.2347047,LCC-FASD external-dev / cross-domain stress set,-1.2943655252456665,1.0,0.0
YOUTUBE_SSMP2250_LVP1M_id42_s0_77.png,1,VALID,1.9072266,-1.3134766,-0.6669922,2.1529562,LCC-FASD external-dev / cross-domain stress set,-1.2943655252456665,1.0,0.0
YOUTUBE_SSMP2250_LVP1M_id42_s0_92.png,1,VALID,1.6386719,-1.2646484,-0.4987793,1.7556438,LCC-FASD external-dev / cross-domain stress set,-1.2943655252456665,1.0,0.0
YOUTUBE_SSMP2250_LVP1M_id42_s0_107.png,1,VALID,1.1376953,-1.0185547,-0.27246094,1.0220304,LCC-FASD external-dev / cross-domain stress set,-1.2943655252456665,1.0,0.0
YOUTUBE_SSMP2250_LVP1M_id42_s0_122.png,1,VALID,2.0742188,-1.4853516,-0.79833984,2.465044,LCC-FASD external-dev / cross-domain stress set,-1.2943655252456665,1.0,0.0
YOUTUBE_SSMP2250_LVP1M_id42_s0_137.png,1,VALID,1.7304688,-1.2675781,-0.625,1.9328616,LCC-FASD external-dev / cross-domain stress set,-1.2943655252456665,1.0,0.0
YOUTUBE_SSMP2250_LVP1M_id42_s0_152.png,1,VALID,1.6757812,-1.3173828,-0.52197266,1.8252281,LCC-FASD external-dev / cross-domain stress set,-1.2943655252456665,1.0,0.0
YOUTUBE_SSMP2250_LVP1M_id42_s1_33.png,1,VALID,0.42407227,-0.24682617,-0.14990234,-0.07188451,LCC-FASD external-dev / cross-domain stress set,-1.2943655252456665,1.0,0.0
YOUTUBE_SSMP2250_LVP1M_id42_s1_49.png,1,VALID,-0.40966797,0.53759766,0.15930176,-1.4690478,LCC-FASD external-dev / cross-domain stress set,-1.2943655252456665,0.0,1.0
YOUTUBE_SSMP2250_LVP1M_id42_s1_64.png,1,VALID,0.21789551,0.35717773,-0.3010254,-0.55653155,LCC-FASD external-dev / cross-domain stress set,-1.2943655252456665,1.0,0.0
YOUTUBE_SSMP2250_LVP1M_id42_s1_79.png,1,VALID,-0.14233398,0.3815918,0.02758789,-1.0556548,LCC-FASD external-dev / cross-domain stress set,-1.2943655252456665,1.0,0.0
YOUTUBE_SSMP2250_LVP1M_id42_s1_94.png,1,VALID,-0.2614746,0.53027344,0.014419556,-1.259869,LCC-FASD external-dev / cross-domain stress set,-1.2943655252456665,1.0,0.0
YOUTUBE_SSMP2250_LVP1M_id42_s1_140.png,1,VALID,0.1418457,0.2479248,-0.15856934,-0.6164933,LCC-FASD external-dev / cross-domain stress set,-1.2943655252456665,1.0,0.0
YOUTUBE_SSMP2250_LVP1M_id42_s1_160.png,1,VALID,0.15966797,0.40478516,-0.26708984,-0.6577234,LCC-FASD external-dev / cross-domain stress set,-1.2943655252456665,1.0,0.0
YOUTUBE_SSMP2250_LVP1M_id42_s1_180.png,1,VALID,0.2680664,0.13671875,-0.21643066,-0.40073377,LCC-FASD external-dev / cross-domain stress set,-1.2943655252456665,1.0,0.0
YOUTUBE_TFT22W90PS_SA5100_id39_s0_37.png,1,VALID,-0.8154297,1.2714844,0.0022945404,-2.3346014,LCC-FASD external-dev / cross-domain stress set,-1.2943655252456665,0.0,1.0
YOUTUBE_TFT22W90PS_SA5100_id43_s0_105.png,1,VALID,-1.046875,1.6113281,0.011192322,-2.842081,LCC-FASD external-dev / cross-domain stress set,-1.2943655252456665,0.0,1.0
YOUTUBE_TFT22W90PS_SA5100_id43_s0_120.png,1,VALID,-0.8017578,1.2480469,-0.006942749,-2.3006248,LCC-FASD external-dev / cross-domain stress set,-1.2943655252456665,0.0,1.0
YOUTUBE_SM943N_REDMIN5_id42_s1_65.png,1,VALID,0.28393555,0.23522949,-0.3076172,-0.40940946,LCC-FASD external-dev / cross-domain stress set,-1.2943655252456665,1.0,0.0
YOUTUBE_SM943N_REDMIN5_id42_s1_87.png,1,VALID,-0.52685547,0.8330078,0.053710938,-1.7374284,LCC-FASD external-dev / cross-domain stress set,-1.2943655252456665,0.0,1.0
YOUTUBE_SRV508_IPHONE5SF_id39_s1_15.png,1,VALID,-0.7910156,1.0019531,0.1628418,-2.1521068,LCC-FASD external-dev / cross-domain stress set,-1.2943655252456665,0.0,1.0
YOUTUBE_SRV508_IPHONE5SF_id39_s1_31.png,1,VALID,-0.6464844,0.9199219,0.08068848,-1.9255074,LCC-FASD external-dev / cross-domain stress set,-1.2943655252456665,0.0,1.0
YOUTUBE_SRV508_IPHONE5SF_id39_s1_49.png,1,VALID,-0.6933594,1.0527344,0.10760498,-2.074411,LCC-FASD external-dev / cross-domain stress set,-1.2943655252456665,0.0,1.0
YOUTUBE_SRV508_IPHONE5SF_id39_s1_64.png,1,VALID,-0.73876953,1.0302734,0.07922363,-2.0957067,LCC-FASD external-dev / cross-domain stress set,-1.2943655252456665,0.0,1.0
YOUTUBE_SRV508_IPHONE5SF_id39_s1_84.png,1,VALID,-0.1529541,0.56884766,-0.13317871,-1.1243159,LCC-FASD external-dev / cross-domain stress set,-1.2943655252456665,1.0,0.0
YOUTUBE_SRV508_IPHONE5SF_id39_s1_99.png,1,VALID,-1.1601562,1.6162109,0.11975098,-2.9784272,LCC-FASD external-dev / cross-domain stress set,-1.2943655252456665,0.0,1.0
YOUTUBE_SRV508_IPHONE5SF_id39_s1_114.png,1,VALID,-0.84765625,1.0791016,0.19665527,-2.2730174,LCC-FASD external-dev / cross-domain stress set,-1.2943655252456665,0.0,1.0
YOUTUBE_SRV508_IPHONE5SF_id39_s1_129.png,1,VALID,-0.27416992,0.93066406,-0.24633789,-1.4734871,LCC-FASD external-dev / cross-domain stress set,-1.2943655252456665,0.0,1.0
YOUTUBE_SRV508_IPHONE5SF_id42_s0_51.png,1,VALID,-0.3425293,0.45776367,0.08050537,-1.3224969,LCC-FASD external-dev / cross-domain stress set,-1.2943655252456665,0.0,1.0
YOUTUBE_SRV508_IPHONE5SF_id42_s0_67.png,1,VALID,0.22241211,0.1373291,-0.23925781,-0.43739414,LCC-FASD external-dev / cross-domain stress set,-1.2943655252456665,1.0,0.0
YOUTUBE_SRV508_IPHONE5SF_id42_s0_84.png,1,VALID,0.72558594,-0.16418457,-0.47143555,0.33849454,LCC-FASD external-dev / cross-domain stress set,-1.2943655252456665,1.0,0.0
YOUTUBE_SRV508_IPHONE5SF_id42_s0_126.png,1,VALID,0.4033203,-0.11846924,-0.25170898,-0.10695523,LCC-FASD external-dev / cross-domain stress set,-1.2943655252456665,1.0,0.0
YOUTUBE_SRV508_IPHONE5SF_id42_s0_141.png,1,VALID,0.5444336,-0.17346191,-0.30029297,0.0861544,LCC-FASD external-dev / cross-domain stress set,-1.2943655252456665,1.0,0.0
YOUTUBE_SRV508_IPHONE5SF_id42_s0_156.png,1,VALID,0.81933594,-0.3034668,-0.45483398,0.5024778,LCC-FASD external-dev / cross-domain stress set,-1.2943655252456665,1.0,0.0
YOUTUBE_SRV508_IPHONE5SF_id42_s0_171.png,1,VALID,0.43481445,-0.08709717,-0.25830078,-0.08929312,LCC-FASD external-dev / cross-domain stress set,-1.2943655252456665,1.0,0.0
YOUTUBE_SRV508_IPHONE5SF_id42_s0_186.png,1,VALID,0.43554688,-0.17871094,-0.18908691,-0.07371485,LCC-FASD external-dev / cross-domain stress set,-1.2943655252456665,1.0,0.0
YOUTUBE_SRV508_IPHONE5SF_id42_s0_201.png,1,VALID,0.3659668,0.3310547,-0.48754883,-0.33045793,LCC-FASD external-dev / cross-domain stress set,-1.2943655252456665,1.0,0.0
YOUTUBE_SRV508_IPHONE5SF_id42_s0_216.png,1,VALID,0.65283203,0.014259338,-0.50341797,0.17113295,LCC-FASD external-dev / cross-domain stress set,-1.2943655252456665,1.0,0.0
YOUTUBE_SRV508_IPHONE5SF_id42_s1_46.png,1,VALID,-1.1972656,1.5839844,0.2133789,-3.0075512,LCC-FASD external-dev / cross-domain stress set,-1.2943655252456665,0.0,1.0
YOUTUBE_SRV508_IPHONE5SF_id42_s1_61.png,1,VALID,-1.2275391,1.5107422,0.26245117,-2.990591,LCC-FASD external-dev / cross-domain stress set,-1.2943655252456665,0.0,1.0
YOUTUBE_SS22C200_REDMIN4X_id48_s0_15.png,1,VALID,-1.3964844,1.8173828,0.21496582,-3.3973622,LCC-FASD external-dev / cross-domain stress set,-1.2943655252456665,0.0,1.0
YOUTUBE_SS22C200_REDMIN4X_id48_s0_30.png,1,VALID,-1.1513672,1.7050781,0.068725586,-3.034331,LCC-FASD external-dev / cross-domain stress set,-1.2943655252456665,0.0,1.0
YOUTUBE_SS22C200_REDMIN4X_id48_s0_48.png,1,VALID,-1.4179688,1.7861328,0.2644043,-3.401586,LCC-FASD external-dev / cross-domain stress set,-1.2943655252456665,0.0,1.0
YOUTUBE_SS22C200_REDMIN4X_id48_s0_63.png,1,VALID,-0.6923828,1.1972656,-0.065979004,-2.138643,LCC-FASD external-dev / cross-domain stress set,-1.2943655252456665,0.0,1.0
YOUTUBE_SS22C200_REDMIN4X_id48_s0_78.png,1,VALID,-0.5703125,1.0869141,-0.11578369,-1.9198852,LCC-FASD external-dev / cross-domain stress set,-1.2943655252456665,0.0,1.0
YOUTUBE_SS22C200_REDMIN4X_id48_s0_93.png,1,VALID,-1.15625,1.6699219,0.1116333,-3.017202,LCC-FASD external-dev / cross-domain stress set,-1.2943655252456665,0.0,1.0
YOUTUBE_SS22C200_REDMIN4X_id48_s0_108.png,1,VALID,-1.3261719,1.8095703,0.17993164,-3.3147252,LCC-FASD external-dev / cross-domain stress set,-1.2943655252456665,0.0,1.0
YOUTUBE_SS22C200_REDMIN4X_id48_s0_123.png,1,VALID,-0.8828125,1.2666016,0.046722412,-2.4081302,LCC-FASD external-dev / cross-domain stress set,-1.2943655252456665,0.0,1.0
YOUTUBE_SS22C200_REDMIN4X_id48_s0_138.png,1,VALID,-0.97265625,1.40625,0.049621582,-2.6080537,LCC-FASD external-dev / cross-domain stress set,-1.2943655252456665,0.0,1.0
YOUTUBE_SS22C200_REDMIN4X_id48_s0_153.png,1,VALID,-1.1132812,1.5585938,0.122558594,-2.8852663,LCC-FASD external-dev / cross-domain stress set,-1.2943655252456665,0.0,1.0
YOUTUBE_SSM757MB_FS407S6_id39_s0_16.png,1,VALID,-0.6386719,1.0947266,0.04458618,-2.0334206,LCC-FASD external-dev / cross-domain stress set,-1.2943655252456665,0.0,1.0
YOUTUBE_SSM757MB_FS407S6_id39_s0_45.png,1,VALID,-0.59716797,0.7680664,0.20239258,-1.8150208,LCC-FASD external-dev / cross-domain stress set,-1.2943655252456665,0.0,1.0
YOUTUBE_SSM757MB_FS407S6_id43_s0_15.png,1,VALID,0.6801758,-0.5883789,-0.11187744,0.3090396,LCC-FASD external-dev / cross-domain stress set,-1.2943655252456665,1.0,0.0
YOUTUBE_SSM757MB_FS407S6_id43_s0_30.png,1,VALID,-0.062683105,-0.0715332,0.18713379,-0.82197094,LCC-FASD external-dev / cross-domain stress set,-1.2943655252456665,1.0,0.0
YOUTUBE_SSM757MB_FS407S6_id43_s0_45.png,1,VALID,-0.006263733,-0.13769531,0.23352051,-0.76445067,LCC-FASD external-dev / cross-domain stress set,-1.2943655252456665,1.0,0.0
YOUTUBE_SSM757MB_FS407S6_id43_s0_60.png,1,VALID,-0.5864258,0.40405273,0.32788086,-1.6462648,LCC-FASD external-dev / cross-domain stress set,-1.2943655252456665,0.0,1.0
YOUTUBE_SSM757MB_FS407S6_id43_s0_75.png,1,VALID,0.085998535,-0.33813477,0.24926758,-0.60523903,LCC-FASD external-dev / cross-domain stress set,-1.2943655252456665,1.0,0.0
YOUTUBE_SSM757MB_FS407S6_id43_s0_90.png,1,VALID,0.23217773,-0.4074707,0.118774414,-0.3508458,LCC-FASD external-dev / cross-domain stress set,-1.2943655252456665,1.0,0.0
YOUTUBE_SSM757MB_FS407S6_id43_s0_105.png,1,VALID,0.5493164,-0.6040039,-0.024932861,0.12929508,LCC-FASD external-dev / cross-domain stress set,-1.2943655252456665,1.0,0.0
YOUTUBE_SSM757MB_FS407S6_id43_s0_122.png,1,VALID,0.008995056,0.022033691,0.0680542,-0.7294608,LCC-FASD external-dev / cross-domain stress set,-1.2943655252456665,1.0,0.0
YOUTUBE_SSM757MB_FS407S6_id43_s0_137.png,1,VALID,0.40795898,-0.39086914,0.011238098,-0.11544925,LCC-FASD external-dev / cross-domain stress set,-1.2943655252456665,1.0,0.0
YOUTUBE_SSM757MB_FS407S6_id43_s0_152.png,1,VALID,0.15393066,-0.2409668,0.097229004,-0.48157704,LCC-FASD external-dev / cross-domain stress set,-1.2943655252456665,1.0,0.0
YOUTUBE_SSM757MB_FS407S6_id43_s1_15.png,1,VALID,0.6743164,-0.13537598,-0.36914062,0.22661233,LCC-FASD external-dev / cross-domain stress set,-1.2943655252456665,1.0,0.0
YOUTUBE_SSM757MB_FS407S6_id43_s1_30.png,1,VALID,0.5029297,-0.24389648,-0.12451172,-0.0077939034,LCC-FASD external-dev / cross-domain stress set,-1.2943655252456665,1.0,0.0
YOUTUBE_SSM757MB_FS407S6_id43_s1_45.png,1,VALID,-0.27172852,0.43798828,0.10437012,-1.2499034,LCC-FASD external-dev / cross-domain stress set,-1.2943655252456665,1.0,0.0
YOUTUBE_SSM757MB_FS407S6_id43_s1_60.png,1,VALID,-0.29956055,0.7993164,-0.1385498,-1.4292321,LCC-FASD external-dev / cross-domain stress set,-1.2943655252456665,0.0,1.0
YOUTUBE_SSM757MB_FS407S6_id43_s1_75.png,1,VALID,-0.41259766,0.80126953,-0.05203247,-1.5687447,LCC-FASD external-dev / cross-domain stress set,-1.2943655252456665,0.0,1.0
YOUTUBE_SSM757MB_FS407S6_id43_s1_90.png,1,VALID,-0.02859497,0.5229492,-0.2043457,-0.94575584,LCC-FASD external-dev / cross-domain stress set,-1.2943655252456665,1.0,0.0
YOUTUBE_SSM757MB_FS407S6_id43_s1_105.png,1,VALID,0.56933594,0.171875,-0.46923828,-0.025651336,LCC-FASD external-dev / cross-domain stress set,-1.2943655252456665,1.0,0.0
YOUTUBE_SSM757MB_FS407S6_id43_s1_120.png,1,VALID,0.32495117,0.4243164,-0.40234375,-0.46227634,LCC-FASD external-dev / cross-domain stress set,-1.2943655252456665,1.0,0.0
YOUTUBE_SSM757MB_FS407S6_id43_s1_135.png,1,VALID,0.123168945,0.57666016,-0.3552246,-0.7855327,LCC-FASD external-dev / cross-domain stress set,-1.2943655252456665,1.0,0.0
YOUTUBE_SSM757MB_FS407S6_id43_s1_150.png,1,VALID,0.6123047,-0.033935547,-0.37036133,0.107224405,LCC-FASD external-dev / cross-domain stress set,-1.2943655252456665,1.0,0.0
YOUTUBE_SSM763MB_LA546_id39_s1_30.png,1,VALID,-0.58935547,0.8925781,0.017990112,-1.8304994,LCC-FASD external-dev / cross-domain stress set,-1.2943655252456665,0.0,1.0
YOUTUBE_SSM2232BW_HISCRZERAF_id48_s0_197.png,1,VALID,-1.2265625,1.3486328,0.40527344,-2.9040082,LCC-FASD external-dev / cross-domain stress set,-1.2943655252456665,0.0,1.0
YOUTUBE_SLS24E390HL0_HUAWEIG620SL01_S0_id48_s1_15.png,1,VALID,-0.60058594,1.2167969,-0.17028809,-2.0403683,LCC-FASD external-dev / cross-domain stress set,-1.2943655252456665,0.0,1.0
YOUTUBE_SLS24E390HL0_HUAWEIG620SL01_S0_id48_s1_30.png,1,VALID,-1.1552734,1.5576172,0.12390137,-2.926728,LCC-FASD external-dev / cross-domain stress set,-1.2943655252456665,0.0,1.0
YOUTUBE_SLS24E390HL0_HUAWEIG620SL01_S0_id48_s1_60.png,1,VALID,0.067993164,0.93847656,-0.6147461,-1.0623963,LCC-FASD external-dev / cross-domain stress set,-1.2943655252456665,1.0,0.0
YOUTUBE_SLS24E390HL0_HUAWEIG620SL01_S0_id48_s1_75.png,1,VALID,-1.4091797,1.9042969,0.17346191,-3.4765613,LCC-FASD external-dev / cross-domain stress set,-1.2943655252456665,0.0,1.0
YOUTUBE_SLS24E390HL0_HUAWEIG620SL01_S0_id48_s1_90.png,1,VALID,-0.7866211,1.1728516,0.0050354004,-2.2302976,LCC-FASD external-dev / cross-domain stress set,-1.2943655252456665,0.0,1.0
YOUTUBE_SLS24E390HL0_HUAWEIG620SL01_S0_id48_s1_150.png,1,VALID,-1.3056641,1.6142578,0.24743652,-3.1469905,LCC-FASD external-dev / cross-domain stress set,-1.2943655252456665,0.0,1.0
YOUTUBE_SLS24E390HL0_HUAWEIG620SL01_S0_id48_s1_165.png,1,VALID,-0.7788086,1.3056641,-0.05984497,-2.311808,LCC-FASD external-dev / cross-domain stress set,-1.2943655252456665,0.0,1.0
YOUTUBE_SLS24E390HL0_HUAWEIG620SL01_S1_id39_s0_15.png,1,VALID,-1.1640625,1.4814453,0.18041992,-2.8862967,LCC-FASD external-dev / cross-domain stress set,-1.2943655252456665,0.0,1.0
YOUTUBE_SLS24E390HL0_HUAWEIG620SL01_S1_id39_s0_31.png,1,VALID,-1.2324219,1.5214844,0.2529297,-3.0017328,LCC-FASD external-dev / cross-domain stress set,-1.2943655252456665,0.0,1.0
YOUTUBE_SLS24E390HL0_HUAWEIG620SL01_S1_id39_s0_46.png,1,VALID,-1.4726562,1.7236328,0.40771484,-3.43391,LCC-FASD external-dev / cross-domain stress set,-1.2943655252456665,0.0,1.0
YOUTUBE_SLS24E390HL0_HUAWEIG620SL01_S1_id43_s0_15.png,1,VALID,-0.76123047,0.7055664,0.33984375,-1.9937096,LCC-FASD external-dev / cross-domain stress set,-1.2943655252456665,0.0,1.0
YOUTUBE_SLS24E390HL0_HUAWEIG620SL01_S1_id43_s0_30.png,1,VALID,-0.5239258,0.6669922,0.109680176,-1.6437414,LCC-FASD external-dev / cross-domain stress set,-1.2943655252456665,0.0,1.0
YOUTUBE_SLS24E390HL0_HUAWEIG620SL01_S1_id43_s0_46.png,1,VALID,-0.79833984,0.93408203,0.19689941,-2.1234229,LCC-FASD external-dev / cross-domain stress set,-1.2943655252456665,0.0,1.0
YOUTUBE_SLS24E390HL0_HUAWEIG620SL01_S1_id43_s0_61.png,1,VALID,-0.20996094,0.43701172,-0.0030651093,-1.144097,LCC-FASD external-dev / cross-domain stress set,-1.2943655252456665,1.0,0.0
YOUTUBE_SLS24E390HL0_HUAWEIG620SL01_S1_id43_s0_76.png,1,VALID,-0.5913086,0.5517578,0.25073242,-1.6969854,LCC-FASD external-dev / cross-domain stress set,-1.2943655252456665,0.0,1.0
YOUTUBE_SLS24E390HL0_HUAWEIG620SL01_S1_id43_s0_91.png,1,VALID,-0.25585938,0.39624023,0.07507324,-1.1975018,LCC-FASD external-dev / cross-domain stress set,-1.2943655252456665,1.0,0.0
YOUTUBE_SLS24E390HL0_HUAWEIG620SL01_S1_id43_s0_116.png,1,VALID,-0.8154297,1.0683594,0.14831543,-2.2191904,LCC-FASD external-dev / cross-domain stress set,-1.2943655252456665,0.0,1.0
YOUTUBE_SLS24E390HL0_HUAWEIG620SL01_S1_id43_s0_131.png,1,VALID,-0.086242676,0.38378906,-0.07904053,-0.9583049,LCC-FASD external-dev / cross-domain stress set,-1.2943655252456665,1.0,0.0
YOUTUBE_SLS24E390HL0_HUAWEIG620SL01_S1_id43_s0_146.png,1,VALID,-0.13305664,0.32788086,0.019256592,-1.0116317,LCC-FASD external-dev / cross-domain stress set,-1.2943655252456665,1.0,0.0
YOUTUBE_SLS24E390HL0_HUAWEIG620SL01_S1_id43_s0_161.png,1,VALID,-0.06921387,0.40014648,-0.08728027,-0.94820285,LCC-FASD external-dev / cross-domain stress set,-1.2943655252456665,1.0,0.0
YOUTUBE_SLS24E390HL0_HUAWEIG620SL01_S1_id43_s1_15.png,1,VALID,-0.53808594,0.828125,-0.007873535,-1.726289,LCC-FASD external-dev / cross-domain stress set,-1.2943655252456665,0.0,1.0
YOUTUBE_SLS24E390HL0_HUAWEIG620SL01_S1_id43_s1_30.png,1,VALID,-1.1523438,1.4326172,0.21557617,-2.8443246,LCC-FASD external-dev / cross-domain stress set,-1.2943655252456665,0.0,1.0
YOUTUBE_SLS24E390HL0_HUAWEIG620SL01_S1_id43_s1_45.png,1,VALID,-1.1923828,1.390625,0.29882812,-2.8723981,LCC-FASD external-dev / cross-domain stress set,-1.2943655252456665,0.0,1.0
YOUTUBE_SLS24E390HL0_HUAWEIG620SL01_S1_id43_s1_60.png,1,VALID,-0.11224365,0.55859375,-0.15979004,-1.0679609,LCC-FASD external-dev / cross-domain stress set,-1.2943655252456665,1.0,0.0
YOUTUBE_SLS24E390HL0_HUAWEIG620SL01_S1_id43_s1_75.png,1,VALID,-0.7836914,1.1259766,0.0791626,-2.2105532,LCC-FASD external-dev / cross-domain stress set,-1.2943655252456665,0.0,1.0
YOUTUBE_SLS24E390HL0_HUAWEIG620SL01_S1_id43_s1_90.png,1,VALID,-0.7246094,1.2871094,-0.072143555,-2.2403293,LCC-FASD external-dev / cross-domain stress set,-1.2943655252456665,0.0,1.0
YOUTUBE_SLS24E390HL0_HUAWEIG620SL01_S1_id43_s1_105.png,1,VALID,-0.54541016,1.1582031,-0.13232422,-1.946658,LCC-FASD external-dev / cross-domain stress set,-1.2943655252456665,0.0,1.0
YOUTUBE_SLS24E390HL0_HUAWEIG620SL01_S1_id43_s1_120.png,1,VALID,-0.98535156,1.2841797,0.14025879,-2.5460773,LCC-FASD external-dev / cross-domain stress set,-1.2943655252456665,0.0,1.0
YOUTUBE_SLS24E390HL0_HUAWEIG620SL01_S1_id43_s1_135.png,1,VALID,-1.1943359,1.5517578,0.21020508,-2.9783473,LCC-FASD external-dev / cross-domain stress set,-1.2943655252456665,0.0,1.0
YOUTUBE_SLS24E390HL0_HUAWEIG620SL01_S1_id43_s1_150.png,1,VALID,-0.76464844,1.1835938,-0.007850647,-2.2135117,LCC-FASD external-dev / cross-domain stress set,-1.2943655252456665,0.0,1.0
YOUTUBE_SLS24E390HL0_HUAWEIG620SL01_S1_id48_s1_15.png,1,VALID,-0.82910156,1.2724609,0.046783447,-2.3589597,LCC-FASD external-dev / cross-domain stress set,-1.2943655252456665,0.0,1.0
YOUTUBE_SLS24E390HL0_HUAWEIG620SL01_S1_id48_s1_30.png,1,VALID,-0.1887207,0.51904297,-0.10443115,-1.1369966,LCC-FASD external-dev / cross-domain stress set,-1.2943655252456665,1.0,0.0
YOUTUBE_SLS24E390HL0_HUAWEIG620SL01_S1_id48_s1_45.png,1,VALID,-1.4970703,1.7958984,0.34448242,-3.5034227,LCC-FASD external-dev / cross-domain stress set,-1.2943655252456665,0.0,1.0
YOUTUBE_SLS24E390HL0_HUAWEIG620SL01_S1_id48_s1_60.png,1,VALID,-1.3476562,1.7539062,0.25,-3.3022642,LCC-FASD external-dev / cross-domain stress set,-1.2943655252456665,0.0,1.0
YOUTUBE_SLS24E390HL0_HUAWEIG620SL01_S1_id48_s1_75.png,1,VALID,-1.1035156,1.4726562,0.15393066,-2.8131995,LCC-FASD external-dev / cross-domain stress set,-1.2943655252456665,0.0,1.0
YOUTUBE_SLS24E390HL0_HUAWEIG620SL01_S1_id48_s1_90.png,1,VALID,-1.0927734,1.3339844,0.25048828,-2.7182405,LCC-FASD external-dev / cross-domain stress set,-1.2943655252456665,0.0,1.0
YOUTUBE_SLS24E390HL0_HUAWEIG620SL01_S1_id48_s1_105.png,1,VALID,-0.14050293,0.53466797,-0.15014648,-1.0834212,LCC-FASD external-dev / cross-domain stress set,-1.2943655252456665,1.0,0.0
YOUTUBE_SLS24E390HL0_HUAWEIG620SL01_S1_id48_s1_120.png,1,VALID,-1.4326172,1.8447266,0.22851562,-3.4585397,LCC-FASD external-dev / cross-domain stress set,-1.2943655252456665,0.0,1.0
YOUTUBE_SLS24E390HL0_HUAWEIG620SL01_S1_id48_s1_135.png,1,VALID,-1.4482422,1.7558594,0.3395996,-3.4213233,LCC-FASD external-dev / cross-domain stress set,-1.2943655252456665,0.0,1.0
YOUTUBE_SLS24E390HL0_HUAWEIG620SL01_S1_id48_s1_150.png,1,VALID,-0.7182617,1.1982422,-0.04876709,-2.1690998,LCC-FASD external-dev / cross-domain stress set,-1.2943655252456665,0.0,1.0
YOUTUBE_SM943N_REDMIN5_id39_s1_15.png,1,VALID,1.4482422,-0.4423828,-0.80810547,1.3637123,LCC-FASD external-dev / cross-domain stress set,-1.2943655252456665,1.0,0.0
YOUTUBE_SM943N_REDMIN5_id39_s1_32.png,1,VALID,0.7089844,-0.11578369,-0.4519043,0.28562504,LCC-FASD external-dev / cross-domain stress set,-1.2943655252456665,1.0,0.0
YOUTUBE_SM943N_REDMIN5_id39_s1_47.png,1,VALID,1.1503906,-0.6015625,-0.5209961,1.0177116,LCC-FASD external-dev / cross-domain stress set,-1.2943655252456665,1.0,0.0
YOUTUBE_SM943N_REDMIN5_id39_s1_64.png,1,VALID,1.2958984,-0.40698242,-0.70996094,1.149792,LCC-FASD external-dev / cross-domain stress set,-1.2943655252456665,1.0,0.0
YOUTUBE_SM943N_REDMIN5_id39_s1_80.png,1,VALID,0.74853516,-0.18359375,-0.42211914,0.35114944,LCC-FASD external-dev / cross-domain stress set,-1.2943655252456665,1.0,0.0
YOUTUBE_SM943N_REDMIN5_id39_s1_95.png,1,VALID,1.1357422,-0.45825195,-0.59277344,0.96584743,LCC-FASD external-dev / cross-domain stress set,-1.2943655252456665,1.0,0.0
YOUTUBE_SM943N_REDMIN5_id39_s1_110.png,1,VALID,1.0996094,-0.38916016,-0.6147461,0.9020676,LCC-FASD external-dev / cross-domain stress set,-1.2943655252456665,1.0,0.0
YOUTUBE_SM943N_REDMIN5_id42_s0_15.png,1,VALID,1.3134766,-0.87060547,-0.50634766,1.2923114,LCC-FASD external-dev / cross-domain stress set,-1.2943655252456665,1.0,0.0
YOUTUBE_SM943N_REDMIN5_id42_s0_30.png,1,VALID,1.4150391,-0.9658203,-0.5336914,1.4484851,LCC-FASD external-dev / cross-domain stress set,-1.2943655252456665,1.0,0.0
YOUTUBE_SM943N_REDMIN5_id42_s0_45.png,1,VALID,1.6894531,-1.2236328,-0.6069336,1.8647841,LCC-FASD external-dev / cross-domain stress set,-1.2943655252456665,1.0,0.0
YOUTUBE_SM943N_REDMIN5_id42_s0_60.png,1,VALID,1.2958984,-0.7963867,-0.51953125,1.2511595,LCC-FASD external-dev / cross-domain stress set,-1.2943655252456665,1.0,0.0
YOUTUBE_SM943N_REDMIN5_id42_s0_75.png,1,VALID,1.3925781,-1.0019531,-0.46435547,1.3968858,LCC-FASD external-dev / cross-domain stress set,-1.2943655252456665,1.0,0.0
YOUTUBE_SM943N_REDMIN5_id42_s0_90.png,1,VALID,1.0478516,-0.7866211,-0.31713867,0.8792819,LCC-FASD external-dev / cross-domain stress set,-1.2943655252456665,1.0,0.0
YOUTUBE_SM943N_REDMIN5_id42_s0_105.png,1,VALID,0.8305664,-0.5883789,-0.2631836,0.55003935,LCC-FASD external-dev / cross-domain stress set,-1.2943655252456665,1.0,0.0
YOUTUBE_SM943N_REDMIN5_id42_s0_120.png,1,VALID,1.0390625,-0.68408203,-0.36694336,0.85890824,LCC-FASD external-dev / cross-domain stress set,-1.2943655252456665,1.0,0.0
YOUTUBE_SM943N_REDMIN5_id42_s0_135.png,1,VALID,1.0615234,-0.83203125,-0.3227539,0.91369283,LCC-FASD external-dev / cross-domain stress set,-1.2943655252456665,1.0,0.0
YOUTUBE_SM943N_REDMIN5_id42_s0_150.png,1,VALID,1.4082031,-0.89501953,-0.56152344,1.4294889,LCC-FASD external-dev / cross-domain stress set,-1.2943655252456665,1.0,0.0
YOUTUBE_S300U1A_HUAWEIY3II_id39_s1_15.png,1,VALID,0.54589844,-0.04699707,-0.29711914,0.017009556,LCC-FASD external-dev / cross-domain stress set,-1.2943655252456665,1.0,0.0
YOUTUBE_S300U1A_HUAWEIY3II_id39_s1_30.png,1,VALID,-0.09100342,0.30444336,0.012702942,-0.95332533,LCC-FASD external-dev / cross-domain stress set,-1.2943655252456665,1.0,0.0
YOUTUBE_S300U1A_HUAWEIY3II_id39_s1_56.png,1,VALID,-1.1152344,1.4423828,0.20178223,-2.8116472,LCC-FASD external-dev / cross-domain stress set,-1.2943655252456665,0.0,1.0
YOUTUBE_S300U1A_HUAWEIY3II_id39_s1_75.png,1,VALID,0.0098724365,0.1895752,0.0013923645,-0.78317857,LCC-FASD external-dev / cross-domain stress set,-1.2943655252456665,1.0,0.0
YOUTUBE_S300U1A_HUAWEIY3II_id39_s1_92.png,1,VALID,0.49072266,-0.11999512,-0.20861816,-0.039099276,LCC-FASD external-dev / cross-domain stress set,-1.2943655252456665,1.0,0.0
YOUTUBE_S300U1A_HUAWEIY3II_id39_s1_107.png,1,VALID,-0.04849243,0.32080078,-0.05126953,-0.8936109,LCC-FASD external-dev / cross-domain stress set,-1.2943655252456665,1.0,0.0
YOUTUBE_S300U1A_HUAWEIY3II_id39_s1_122.png,1,VALID,-0.13024902,0.3642578,-0.018173218,-1.0146098,LCC-FASD external-dev / cross-domain stress set,-1.2943655252456665,1.0,0.0
YOUTUBE_S300U1A_HUAWEIY3II_id39_s1_137.png,1,VALID,0.3720703,0.057617188,-0.2783203,-0.22476625,LCC-FASD external-dev / cross-domain stress set,-1.2943655252456665,1.0,0.0
YOUTUBE_S300U1A_HUAWEIY3II_id42_s0_15.png,1,VALID,1.6074219,-1.2177734,-0.56933594,1.7561662,LCC-FASD external-dev / cross-domain stress set,-1.2943655252456665,1.0,0.0
YOUTUBE_S300U1A_HUAWEIY3II_id42_s0_30.png,1,VALID,1.6816406,-1.2646484,-0.53466797,1.8229711,LCC-FASD external-dev / cross-domain stress set,-1.2943655252456665,1.0,0.0
YOUTUBE_S300U1A_HUAWEIY3II_id42_s0_45.png,1,VALID,1.7724609,-1.3535156,-0.5625,1.9610662,LCC-FASD external-dev / cross-domain stress set,-1.2943655252456665,1.0,0.0
YOUTUBE_S300U1A_HUAWEIY3II_id42_s0_60.png,1,VALID,1.4580078,-1.0712891,-0.49121094,1.5046262,LCC-FASD external-dev / cross-domain stress set,-1.2943655252456665,1.0,0.0
YOUTUBE_S300U1A_HUAWEIY3II_id42_s0_75.png,1,VALID,1.3691406,-0.93310547,-0.47265625,1.3526036,LCC-FASD external-dev / cross-domain stress set,-1.2943655252456665,1.0,0.0
YOUTUBE_S300U1A_HUAWEIY3II_id42_s0_90.png,1,VALID,1.2470703,-0.8984375,-0.42163086,1.1858044,LCC-FASD external-dev / cross-domain stress set,-1.2943655252456665,1.0,0.0
YOUTUBE_S300U1A_HUAWEIY3II_id42_s0_105.png,1,VALID,1.09375,-0.66259766,-0.40771484,0.92766035,LCC-FASD external-dev / cross-domain stress set,-1.2943655252456665,1.0,0.0
YOUTUBE_S300U1A_HUAWEIY3II_id42_s0_120.png,1,VALID,1.4648438,-0.9814453,-0.54345703,1.5103579,LCC-FASD external-dev / cross-domain stress set,-1.2943655252456665,1.0,0.0
YOUTUBE_S300U1A_HUAWEIY3II_id42_s0_135.png,1,VALID,1.2763672,-0.8876953,-0.40795898,1.2025505,LCC-FASD external-dev / cross-domain stress set,-1.2943655252456665,1.0,0.0
YOUTUBE_S300U1A_HUAWEIY3II_id42_s0_150.png,1,VALID,1.3740234,-0.88720703,-0.5307617,1.3740623,LCC-FASD external-dev / cross-domain stress set,-1.2943655252456665,1.0,0.0
YOUTUBE_S300U1A_HUAWEIY3II_id42_s1_65.png,1,VALID,-0.03970337,0.37548828,-0.1026001,-0.8975977,LCC-FASD external-dev / cross-domain stress set,-1.2943655252456665,1.0,0.0
YOUTUBE_S198150N_GM5_id48_s0_15.png,1,VALID,0.009475708,-0.06781006,0.10913086,-0.70824033,LCC-FASD external-dev / cross-domain stress set,-1.2943655252456665,1.0,0.0
YOUTUBE_S198150N_GM5_id48_s0_30.png,1,VALID,-0.2368164,0.41259766,0.06317139,-1.1830335,LCC-FASD external-dev / cross-domain stress set,-1.2943655252456665,1.0,0.0
YOUTUBE_S198150N_GM5_id48_s0_45.png,1,VALID,-0.7368164,1.1152344,0.041748047,-2.1460738,LCC-FASD external-dev / cross-domain stress set,-1.2943655252456665,0.0,1.0
YOUTUBE_S198150N_GM5_id48_s0_60.png,1,VALID,-0.66845703,1.1972656,-0.03930664,-2.1206577,LCC-FASD external-dev / cross-domain stress set,-1.2943655252456665,0.0,1.0
YOUTUBE_S198150N_GM5_id48_s0_75.png,1,VALID,-0.68066406,1.1298828,0.011138916,-2.093234,LCC-FASD external-dev / cross-domain stress set,-1.2943655252456665,0.0,1.0
YOUTUBE_S198150N_GM5_id48_s0_90.png,1,VALID,-0.7607422,1.1865234,0.064208984,-2.2290745,LCC-FASD external-dev / cross-domain stress set,-1.2943655252456665,0.0,1.0
YOUTUBE_S198150N_GM5_id48_s0_120.png,1,VALID,0.12805176,0.45751953,-0.24645996,-0.7313351,LCC-FASD external-dev / cross-domain stress set,-1.2943655252456665,1.0,0.0
YOUTUBE_S198150N_GM5_id48_s0_135.png,1,VALID,-0.31689453,0.80859375,-0.14916992,-1.4502856,LCC-FASD external-dev / cross-domain stress set,-1.2943655252456665,0.0,1.0
YOUTUBE_S198150N_GM5_id48_s0_150.png,1,VALID,-0.3684082,0.8276367,-0.08270264,-1.5342212,LCC-FASD external-dev / cross-domain stress set,-1.2943655252456665,0.0,1.0
YOUTUBE_SLS24E390HL0_HUAWEIG620SL01_S0_id39_s0_39.png,1,VALID,-1.0966797,1.4267578,0.17199707,-2.7743082,LCC-FASD external-dev / cross-domain stress set,-1.2943655252456665,0.0,1.0
YOUTUBE_SLS24E390HL0_HUAWEIG620SL01_S0_id43_s0_15.png,1,VALID,-0.8227539,0.6982422,0.3791504,-2.0672712,LCC-FASD external-dev / cross-domain stress set,-1.2943655252456665,0.0,1.0
YOUTUBE_SLS24E390HL0_HUAWEIG620SL01_S0_id43_s0_30.png,1,VALID,-0.6923828,0.8828125,0.12072754,-1.9582051,LCC-FASD external-dev / cross-domain stress set,-1.2943655252456665,0.0,1.0
YOUTUBE_SLS24E390HL0_HUAWEIG620SL01_S0_id43_s0_46.png,1,VALID,-0.75634766,0.9550781,0.18835449,-2.0929618,LCC-FASD external-dev / cross-domain stress set,-1.2943655252456665,0.0,1.0
YOUTUBE_SLS24E390HL0_HUAWEIG620SL01_S0_id43_s0_61.png,1,VALID,-0.38745117,0.68847656,-0.004863739,-1.4813285,LCC-FASD external-dev / cross-domain stress set,-1.2943655252456665,0.0,1.0
YOUTUBE_SLS24E390HL0_HUAWEIG620SL01_S0_id43_s0_76.png,1,VALID,-0.81347656,0.8071289,0.30395508,-2.0934854,LCC-FASD external-dev / cross-domain stress set,-1.2943655252456665,0.0,1.0
YOUTUBE_SLS24E390HL0_HUAWEIG620SL01_S0_id43_s0_91.png,1,VALID,-0.43725586,0.6347656,0.056518555,-1.5172716,LCC-FASD external-dev / cross-domain stress set,-1.2943655252456665,0.0,1.0
YOUTUBE_SLS24E390HL0_HUAWEIG620SL01_S0_id43_s0_117.png,1,VALID,-1.0556641,1.2392578,0.2548828,-2.6124098,LCC-FASD external-dev / cross-domain stress set,-1.2943655252456665,0.0,1.0
YOUTUBE_SLS24E390HL0_HUAWEIG620SL01_S0_id43_s0_132.png,1,VALID,-0.6303711,0.99072266,0.04714966,-1.9498466,LCC-FASD external-dev / cross-domain stress set,-1.2943655252456665,0.0,1.0
YOUTUBE_SLS24E390HL0_HUAWEIG620SL01_S0_id43_s0_147.png,1,VALID,-0.49487305,0.62060547,0.1303711,-1.5932536,LCC-FASD external-dev / cross-domain stress set,-1.2943655252456665,0.0,1.0
YOUTUBE_SLS24E390HL0_HUAWEIG620SL01_S0_id43_s0_162.png,1,VALID,-1.0527344,1.1357422,0.32104492,-2.5550437,LCC-FASD external-dev / cross-domain stress set,-1.2943655252456665,0.0,1.0
YOUTUBE_SLS24E390HL0_HUAWEIG620SL01_S0_id43_s1_15.png,1,VALID,-0.5986328,1.0859375,-0.10235596,-1.9505748,LCC-FASD external-dev / cross-domain stress set,-1.2943655252456665,0.0,1.0
YOUTUBE_SLS24E390HL0_HUAWEIG620SL01_S0_id43_s1_30.png,1,VALID,-1.296875,1.8046875,0.13806152,-3.274577,LCC-FASD external-dev / cross-domain stress set,-1.2943655252456665,0.0,1.0
YOUTUBE_SLS24E390HL0_HUAWEIG620SL01_S0_id43_s1_45.png,1,VALID,-0.90283203,1.2080078,0.107910156,-2.3981507,LCC-FASD external-dev / cross-domain stress set,-1.2943655252456665,0.0,1.0
YOUTUBE_SLS24E390HL0_HUAWEIG620SL01_S0_id43_s1_60.png,1,VALID,-0.859375,1.3339844,0.037597656,-2.4351428,LCC-FASD external-dev / cross-domain stress set,-1.2943655252456665,0.0,1.0
YOUTUBE_SLS24E390HL0_HUAWEIG620SL01_S0_id43_s1_75.png,1,VALID,-0.85253906,1.2792969,0.072631836,-2.3935795,LCC-FASD external-dev / cross-domain stress set,-1.2943655252456665,0.0,1.0
YOUTUBE_SLS24E390HL0_HUAWEIG620SL01_S0_id43_s1_90.png,1,VALID,-0.96484375,1.3232422,0.1204834,-2.5507307,LCC-FASD external-dev / cross-domain stress set,-1.2943655252456665,0.0,1.0
YOUTUBE_SLS24E390HL0_HUAWEIG620SL01_S0_id43_s1_105.png,1,VALID,-1.3652344,1.7294922,0.23876953,-3.2978387,LCC-FASD external-dev / cross-domain stress set,-1.2943655252456665,0.0,1.0
YOUTUBE_SLS24E390HL0_HUAWEIG620SL01_S0_id43_s1_120.png,1,VALID,-1.0625,1.4921875,0.07891846,-2.7724938,LCC-FASD external-dev / cross-domain stress set,-1.2943655252456665,0.0,1.0
YOUTUBE_SLS24E390HL0_HUAWEIG620SL01_S0_id43_s1_135.png,1,VALID,-1.1425781,1.4169922,0.23095703,-2.8261027,LCC-FASD external-dev / cross-domain stress set,-1.2943655252456665,0.0,1.0
YOUTUBE_SLS24E390HL0_HUAWEIG620SL01_S0_id43_s1_150.png,1,VALID,-0.42016602,1.0898438,-0.21484375,-1.7500162,LCC-FASD external-dev / cross-domain stress set,-1.2943655252456665,0.0,1.0
YOUTUBE_SLS24E390HL0_HUAWEIG620SL01_S0_id48_s1_105.png,1,VALID,-0.74658203,1.1650391,0.00422287,-2.184111,LCC-FASD external-dev / cross-domain stress set,-1.2943655252456665,0.0,1.0
YOUTUBE_SLS24E390HL0_HUAWEIG620SL01_S0_id48_s1_120.png,1,VALID,-0.70751953,1.1230469,-0.017562866,-2.1079133,LCC-FASD external-dev / cross-domain stress set,-1.2943655252456665,0.0,1.0
YOUTUBE_SLS24E390HL0_HUAWEIG620SL01_S0_id48_s1_135.png,1,VALID,-0.76123047,1.2832031,-0.03050232,-2.2825227,LCC-FASD external-dev / cross-domain stress set,-1.2943655252456665,0.0,1.0
YOUTUBE_PBQ5WTS_ZTEBA2_id43_s0_15.png,1,VALID,-0.5629883,0.67529297,0.14489746,-1.7009909,LCC-FASD external-dev / cross-domain stress set,-1.2943655252456665,0.0,1.0
YOUTUBE_PBQ5WTS_ZTEBA2_id43_s0_30.png,1,VALID,-0.9194336,1.0458984,0.2722168,-2.3446665,LCC-FASD external-dev / cross-domain stress set,-1.2943655252456665,0.0,1.0
YOUTUBE_PBQ5WTS_ZTEBA2_id43_s0_45.png,1,VALID,-0.72314453,0.9458008,0.1427002,-2.0390859,LCC-FASD external-dev / cross-domain stress set,-1.2943655252456665,0.0,1.0
YOUTUBE_PBQ5WTS_ZTEBA2_id43_s0_60.png,1,VALID,-0.62353516,0.65722656,0.20983887,-1.7750287,LCC-FASD external-dev / cross-domain stress set,-1.2943655252456665,0.0,1.0
YOUTUBE_PBQ5WTS_ZTEBA2_id43_s0_75.png,1,VALID,-0.35083008,0.4597168,0.08660889,-1.3344413,LCC-FASD external-dev / cross-domain stress set,-1.2943655252456665,0.0,1.0
YOUTUBE_PBQ5WTS_ZTEBA2_id43_s0_90.png,1,VALID,-0.059417725,0.23156738,-0.04458618,-0.855558,LCC-FASD external-dev / cross-domain stress set,-1.2943655252456665,1.0,0.0
YOUTUBE_PBQ5WTS_ZTEBA2_id43_s0_147.png,1,VALID,-0.4477539,0.5600586,0.07800293,-1.488702,LCC-FASD external-dev / cross-domain stress set,-1.2943655252456665,0.0,1.0
YOUTUBE_PBQ5WTS_ZTEBA2_id43_s0_162.png,1,VALID,-0.60498047,0.90283203,0.06518555,-1.8673927,LCC-FASD external-dev / cross-domain stress set,-1.2943655252456665,0.0,1.0
YOUTUBE_PBQ5WTS_ZTEBA2_id43_s1_15.png,1,VALID,-0.55078125,1.1367188,-0.14294434,-1.9328989,LCC-FASD external-dev / cross-domain stress set,-1.2943655252456665,0.0,1.0
YOUTUBE_PBQ5WTS_ZTEBA2_id43_s1_30.png,1,VALID,-0.24938965,0.8251953,-0.2475586,-1.3687946,LCC-FASD external-dev / cross-domain stress set,-1.2943655252456665,0.0,1.0
YOUTUBE_PBQ5WTS_ZTEBA2_id43_s1_45.png,1,VALID,-0.21240234,0.6123047,-0.14794922,-1.2082998,LCC-FASD external-dev / cross-domain stress set,-1.2943655252456665,1.0,0.0
YOUTUBE_PBQ5WTS_ZTEBA2_id43_s1_60.png,1,VALID,0.6113281,0.074401855,-0.51171875,0.09449822,LCC-FASD external-dev / cross-domain stress set,-1.2943655252456665,1.0,0.0
YOUTUBE_PBQ5WTS_ZTEBA2_id43_s1_75.png,1,VALID,-0.1517334,0.6645508,-0.19494629,-1.1693149,LCC-FASD external-dev / cross-domain stress set,-1.2943655252456665,1.0,0.0
YOUTUBE_PBQ5WTS_ZTEBA2_id43_s1_90.png,1,VALID,-0.29418945,0.8496094,-0.19812012,-1.4444463,LCC-FASD external-dev / cross-domain stress set,-1.2943655252456665,0.0,1.0
YOUTUBE_PBQ5WTS_ZTEBA2_id43_s1_105.png,1,VALID,0.109313965,0.55810547,-0.39208984,-0.7756934,LCC-FASD external-dev / cross-domain stress set,-1.2943655252456665,1.0,0.0
YOUTUBE_PBQ5WTS_ZTEBA2_id43_s1_120.png,1,VALID,-0.42822266,0.83251953,-0.12792969,-1.5847955,LCC-FASD external-dev / cross-domain stress set,-1.2943655252456665,0.0,1.0
YOUTUBE_PBQ5WTS_ZTEBA2_id43_s1_135.png,1,VALID,-0.13867188,0.9589844,-0.34814453,-1.3371422,LCC-FASD external-dev / cross-domain stress set,-1.2943655252456665,0.0,1.0
YOUTUBE_PBQ5WTS_ZTEBA2_id43_s1_150.png,1,VALID,0.0064048767,0.6381836,-0.31469727,-0.9579325,LCC-FASD external-dev / cross-domain stress set,-1.2943655252456665,1.0,0.0
YOUTUBE_PBQ5WTS_ZTEBA2_id48_s1_15.png,1,VALID,-0.6723633,1.0380859,-0.019088745,-2.0086527,LCC-FASD external-dev / cross-domain stress set,-1.2943655252456665,0.0,1.0
YOUTUBE_PBQ5WTS_ZTEBA2_id48_s1_30.png,1,VALID,0.39575195,0.17138672,-0.43066406,-0.2123965,LCC-FASD external-dev / cross-domain stress set,-1.2943655252456665,1.0,0.0
YOUTUBE_PBQ5WTS_ZTEBA2_id48_s1_45.png,1,VALID,-0.67041016,1.0791016,-0.034729004,-2.033411,LCC-FASD external-dev / cross-domain stress set,-1.2943655252456665,0.0,1.0
YOUTUBE_PBQ5WTS_ZTEBA2_id48_s1_60.png,1,VALID,-1.0322266,1.4189453,0.09753418,-2.687633,LCC-FASD external-dev / cross-domain stress set,-1.2943655252456665,0.0,1.0
YOUTUBE_PBQ5WTS_ZTEBA2_id48_s1_75.png,1,VALID,-1.0390625,1.5117188,0.08355713,-2.7656903,LCC-FASD external-dev / cross-domain stress set,-1.2943655252456665,0.0,1.0
YOUTUBE_PBQ5WTS_ZTEBA2_id48_s1_90.png,1,VALID,-0.028411865,0.8251953,-0.41015625,-1.1088171,LCC-FASD external-dev / cross-domain stress set,-1.2943655252456665,1.0,0.0
YOUTUBE_PBQ5WTS_ZTEBA2_id48_s1_105.png,1,VALID,-0.05429077,0.64990234,-0.24157715,-1.0478172,LCC-FASD external-dev / cross-domain stress set,-1.2943655252456665,1.0,0.0
YOUTUBE_PBQ5WTS_ZTEBA2_id48_s1_120.png,1,VALID,-0.921875,1.4150391,0.0053596497,-2.5554242,LCC-FASD external-dev / cross-domain stress set,-1.2943655252456665,0.0,1.0
YOUTUBE_PBQ5WTS_ZTEBA2_id48_s1_135.png,1,VALID,-0.13464355,0.6694336,-0.19824219,-1.1546822,LCC-FASD external-dev / cross-domain stress set,-1.2943655252456665,1.0,0.0
YOUTUBE_PBQ5WTS_ZTEBA2_id48_s1_150.png,1,VALID,-1.0146484,1.5605469,0.06756592,-2.7778928,LCC-FASD external-dev / cross-domain stress set,-1.2943655252456665,0.0,1.0
YOUTUBE_PRS133S_PRMD3_id39_s0_27.png,1,VALID,-0.31152344,0.28930664,0.21936035,-1.2596155,LCC-FASD external-dev / cross-domain stress set,-1.2943655252456665,1.0,0.0
YOUTUBE_PRS133S_PRMD3_id43_s0_15.png,1,VALID,0.29760742,-0.4194336,0.12145996,-0.28268635,LCC-FASD external-dev / cross-domain stress set,-1.2943655252456665,1.0,0.0
YOUTUBE_PRS133S_PRMD3_id43_s0_30.png,1,VALID,0.3359375,-0.42211914,0.09197998,-0.22481984,LCC-FASD external-dev / cross-domain stress set,-1.2943655252456665,1.0,0.0
YOUTUBE_PRS133S_PRMD3_id43_s0_45.png,1,VALID,0.49023438,-0.5839844,0.04788208,0.016040206,LCC-FASD external-dev / cross-domain stress set,-1.2943655252456665,1.0,0.0
YOUTUBE_PRS133S_PRMD3_id43_s0_60.png,1,VALID,1.1738281,-1.0507812,-0.28051758,1.0739311,LCC-FASD external-dev / cross-domain stress set,-1.2943655252456665,1.0,0.0
YOUTUBE_PRS133S_PRMD3_id43_s0_81.png,1,VALID,0.58935547,-0.47094727,-0.10534668,0.16773951,LCC-FASD external-dev / cross-domain stress set,-1.2943655252456665,1.0,0.0
YOUTUBE_PRS133S_PRMD3_id43_s0_96.png,1,VALID,0.4951172,-0.4934082,-0.05126953,0.05006954,LCC-FASD external-dev / cross-domain stress set,-1.2943655252456665,1.0,0.0
YOUTUBE_PRS133S_PRMD3_id43_s0_111.png,1,VALID,0.11242676,-0.011039734,0.018661499,-0.5846416,LCC-FASD external-dev / cross-domain stress set,-1.2943655252456665,1.0,0.0
YOUTUBE_PRS133S_PRMD3_id43_s0_142.png,1,VALID,0.6411133,-0.6850586,-0.01789856,0.24480915,LCC-FASD external-dev / cross-domain stress set,-1.2943655252456665,1.0,0.0
YOUTUBE_PRS133S_PRMD3_id43_s1_15.png,1,VALID,0.022094727,0.23388672,-0.05596924,-0.7704767,LCC-FASD external-dev / cross-domain stress set,-1.2943655252456665,1.0,0.0
YOUTUBE_PRS133S_PRMD3_id43_s1_30.png,1,VALID,0.23608398,0.026321411,-0.09954834,-0.4224288,LCC-FASD external-dev / cross-domain stress set,-1.2943655252456665,1.0,0.0
YOUTUBE_PRS133S_PRMD3_id43_s1_45.png,1,VALID,-0.029037476,0.21069336,-0.0039367676,-0.8313102,LCC-FASD external-dev / cross-domain stress set,-1.2943655252456665,1.0,0.0
YOUTUBE_PRS133S_PRMD3_id43_s1_60.png,1,VALID,0.2824707,0.042144775,-0.17346191,-0.35081744,LCC-FASD external-dev / cross-domain stress set,-1.2943655252456665,1.0,0.0
YOUTUBE_PRS133S_PRMD3_id43_s1_75.png,1,VALID,-0.7011719,0.96972656,0.08770752,-2.017283,LCC-FASD external-dev / cross-domain stress set,-1.2943655252456665,0.0,1.0
YOUTUBE_PRS133S_PRMD3_id43_s1_90.png,1,VALID,-0.28881836,0.5175781,0.060180664,-1.2967716,LCC-FASD external-dev / cross-domain stress set,-1.2943655252456665,0.0,1.0
YOUTUBE_PRS133S_PRMD3_id43_s1_105.png,1,VALID,-0.26220703,0.5566406,-0.06347656,-1.2492534,LCC-FASD external-dev / cross-domain stress set,-1.2943655252456665,1.0,0.0
YOUTUBE_PRS133S_PRMD3_id43_s1_128.png,1,VALID,-0.04647827,0.49902344,-0.26586914,-0.927619,LCC-FASD external-dev / cross-domain stress set,-1.2943655252456665,1.0,0.0
YOUTUBE_PRS133S_PRMD3_id43_s1_143.png,1,VALID,0.5385742,-0.1451416,-0.3347168,0.08087057,LCC-FASD external-dev / cross-domain stress set,-1.2943655252456665,1.0,0.0
YOUTUBE_PRS133S_PRMD3_id43_s1_158.png,1,VALID,0.43432617,-0.21679688,-0.1697998,-0.0657987,LCC-FASD external-dev / cross-domain stress set,-1.2943655252456665,1.0,0.0
YOUTUBE_PRS133S_PRMD3_id48_s1_15.png,1,VALID,1.0585938,-0.74365234,-0.37060547,0.90527993,LCC-FASD external-dev / cross-domain stress set,-1.2943655252456665,1.0,0.0
YOUTUBE_PRS133S_PRMD3_id48_s1_30.png,1,VALID,-0.46362305,0.7050781,0.023635864,-1.5780832,LCC-FASD external-dev / cross-domain stress set,-1.2943655252456665,0.0,1.0
YOUTUBE_PRS133S_PRMD3_id48_s1_45.png,1,VALID,1.2363281,-0.63720703,-0.5654297,1.1438555,LCC-FASD external-dev / cross-domain stress set,-1.2943655252456665,1.0,0.0
YOUTUBE_PRS133S_PRMD3_id48_s1_60.png,1,VALID,1.6513672,-0.8183594,-0.79052734,1.7625666,LCC-FASD external-dev / cross-domain stress set,-1.2943655252456665,1.0,0.0
YOUTUBE_PRS133S_PRMD3_id48_s1_75.png,1,VALID,-0.23071289,0.43774414,0.047698975,-1.1854792,LCC-FASD external-dev / cross-domain stress set,-1.2943655252456665,1.0,0.0
YOUTUBE_PRS133S_PRMD3_id48_s1_90.png,1,VALID,-0.23706055,0.3959961,0.12207031,-1.1985912,LCC-FASD external-dev / cross-domain stress set,-1.2943655252456665,1.0,0.0
YOUTUBE_PRS133S_PRMD3_id48_s1_107.png,1,VALID,-0.066345215,0.5419922,-0.15563965,-1.0123098,LCC-FASD external-dev / cross-domain stress set,-1.2943655252456665,1.0,0.0
YOUTUBE_PRS133S_PRMD3_id48_s1_122.png,1,VALID,-0.045715332,0.2607422,-0.03201294,-0.8639023,LCC-FASD external-dev / cross-domain stress set,-1.2943655252456665,1.0,0.0
YOUTUBE_PRS133S_PRMD3_id48_s1_137.png,1,VALID,-0.40161133,0.64160156,0.06695557,-1.4897586,LCC-FASD external-dev / cross-domain stress set,-1.2943655252456665,0.0,1.0
YOUTUBE_PRS133S_PRMD3_id48_s1_152.png,1,VALID,0.09106445,0.18371582,-0.082214355,-0.6616474,LCC-FASD external-dev / cross-domain stress set,-1.2943655252456665,1.0,0.0
YOUTUBE_S198150N_GM5_id48_s0_105.png,1,VALID,-0.042388916,0.44995117,-0.117248535,-0.94157404,LCC-FASD external-dev / cross-domain stress set,-1.2943655252456665,1.0,0.0
YOUTUBE_P223V5LSB_LS650_id42_s1_61.png,1,VALID,-0.4560547,0.7963867,-0.0024375916,-1.6239066,LCC-FASD external-dev / cross-domain stress set,-1.2943655252456665,0.0,1.0
YOUTUBE_P223V5LSB_LS650_id42_s1_76.png,1,VALID,-0.22741699,0.6230469,-0.103881836,-1.2447947,LCC-FASD external-dev / cross-domain stress set,-1.2943655252456665,1.0,0.0
YOUTUBE_P223V5LSB_LS650_id42_s1_92.png,1,VALID,0.09881592,0.4699707,-0.28515625,-0.7563838,LCC-FASD external-dev / cross-domain stress set,-1.2943655252456665,1.0,0.0
YOUTUBE_P226VLSB00_HONOR4CCHMU01_id39_s0_15.png,1,VALID,-1.6455078,1.7558594,0.6225586,-3.6804893,LCC-FASD external-dev / cross-domain stress set,-1.2943655252456665,0.0,1.0
YOUTUBE_P226VLSB00_HONOR4CCHMU01_id39_s0_41.png,1,VALID,-1.4443359,1.5488281,0.5083008,-3.2956867,LCC-FASD external-dev / cross-domain stress set,-1.2943655252456665,0.0,1.0
YOUTUBE_P226VLSB00_HONOR4CCHMU01_id39_s0_56.png,1,VALID,-1.6337891,1.8095703,0.5551758,-3.6943114,LCC-FASD external-dev / cross-domain stress set,-1.2943655252456665,0.0,1.0
YOUTUBE_P226VLSB00_HONOR4CCHMU01_id39_s0_81.png,1,VALID,-1.7011719,1.9882812,0.51464844,-3.8957286,LCC-FASD external-dev / cross-domain stress set,-1.2943655252456665,0.0,1.0
YOUTUBE_P226VLSB00_HONOR4CCHMU01_id48_s1_15.png,1,VALID,-0.70458984,0.9086914,0.1541748,-1.9987054,LCC-FASD external-dev / cross-domain stress set,-1.2943655252456665,0.0,1.0
YOUTUBE_P226VLSB00_HONOR4CCHMU01_id48_s1_30.png,1,VALID,1.2373047,-0.5942383,-0.60009766,1.1413212,LCC-FASD external-dev / cross-domain stress set,-1.2943655252456665,1.0,0.0
YOUTUBE_P226VLSB00_HONOR4CCHMU01_id48_s1_45.png,1,VALID,-0.4416504,0.79833984,-0.019546509,-1.6055799,LCC-FASD external-dev / cross-domain stress set,-1.2943655252456665,0.0,1.0
YOUTUBE_P226VLSB00_HONOR4CCHMU01_id48_s1_60.png,1,VALID,-0.78271484,1.1269531,0.09613037,-2.2147331,LCC-FASD external-dev / cross-domain stress set,-1.2943655252456665,0.0,1.0
YOUTUBE_P226VLSB00_HONOR4CCHMU01_id48_s1_75.png,1,VALID,-0.28881836,0.72265625,-0.05758667,-1.3887423,LCC-FASD external-dev / cross-domain stress set,-1.2943655252456665,0.0,1.0
YOUTUBE_P226VLSB00_HONOR4CCHMU01_id48_s1_90.png,1,VALID,-0.17956543,0.50683594,-0.07293701,-1.1311035,LCC-FASD external-dev / cross-domain stress set,-1.2943655252456665,1.0,0.0
YOUTUBE_P226VLSB00_HONOR4CCHMU01_id48_s1_105.png,1,VALID,0.2631836,0.18554688,-0.2553711,-0.41915822,LCC-FASD external-dev / cross-domain stress set,-1.2943655252456665,1.0,0.0
YOUTUBE_P226VLSB00_HONOR4CCHMU01_id48_s1_120.png,1,VALID,-0.8491211,1.2216797,0.07775879,-2.3473468,LCC-FASD external-dev / cross-domain stress set,-1.2943655252456665,0.0,1.0
YOUTUBE_P226VLSB00_HONOR4CCHMU01_id48_s1_135.png,1,VALID,-0.67333984,1.1474609,0.012382507,-2.0994902,LCC-FASD external-dev / cross-domain stress set,-1.2943655252456665,0.0,1.0
YOUTUBE_P226VLSB00_HONOR4CCHMU01_id48_s1_150.png,1,VALID,-0.3137207,0.6542969,-0.06323242,-1.3654212,LCC-FASD external-dev / cross-domain stress set,-1.2943655252456665,0.0,1.0
YOUTUBE_PBLS11HR_HONOR9L_id39_s1_15.png,1,VALID,0.28295898,0.08569336,-0.17785645,-0.37276393,LCC-FASD external-dev / cross-domain stress set,-1.2943655252456665,1.0,0.0
YOUTUBE_PBLS11HR_HONOR9L_id39_s1_30.png,1,VALID,1.2382812,-0.50878906,-0.6484375,1.1213117,LCC-FASD external-dev / cross-domain stress set,-1.2943655252456665,1.0,0.0
YOUTUBE_PBLS11HR_HONOR9L_id39_s1_45.png,1,VALID,0.34033203,0.15734863,-0.2866211,-0.31261784,LCC-FASD external-dev / cross-domain stress set,-1.2943655252456665,1.0,0.0
YOUTUBE_PBLS11HR_HONOR9L_id39_s1_60.png,1,VALID,0.48583984,0.31347656,-0.5444336,-0.18113983,LCC-FASD external-dev / cross-domain stress set,-1.2943655252456665,1.0,0.0
YOUTUBE_PBLS11HR_HONOR9L_id39_s1_75.png,1,VALID,0.9248047,-0.43017578,-0.4309082,0.66219944,LCC-FASD external-dev / cross-domain stress set,-1.2943655252456665,1.0,0.0
YOUTUBE_PBLS11HR_HONOR9L_id39_s1_90.png,1,VALID,0.7529297,-0.33081055,-0.35595703,0.40308726,LCC-FASD external-dev / cross-domain stress set,-1.2943655252456665,1.0,0.0
YOUTUBE_PBLS11HR_HONOR9L_id39_s1_105.png,1,VALID,0.8857422,-0.24084473,-0.5175781,0.56226414,LCC-FASD external-dev / cross-domain stress set,-1.2943655252456665,1.0,0.0
YOUTUBE_PBLS11HR_HONOR9L_id39_s1_120.png,1,VALID,0.46728516,0.015991211,-0.2849121,-0.10267693,LCC-FASD external-dev / cross-domain stress set,-1.2943655252456665,1.0,0.0
YOUTUBE_PBLS11HR_HONOR9L_id39_s1_135.png,1,VALID,0.21325684,0.27368164,-0.26220703,-0.52110326,LCC-FASD external-dev / cross-domain stress set,-1.2943655252456665,1.0,0.0
YOUTUBE_PBLS11HR_HONOR9L_id42_s0_15.png,1,VALID,0.8588867,-0.515625,-0.34179688,0.5906782,LCC-FASD external-dev / cross-domain stress set,-1.2943655252456665,1.0,0.0
YOUTUBE_PBLS11HR_HONOR9L_id42_s0_30.png,1,VALID,0.95996094,-0.66796875,-0.3059082,0.737455,LCC-FASD external-dev / cross-domain stress set,-1.2943655252456665,1.0,0.0
YOUTUBE_PBLS11HR_HONOR9L_id42_s0_45.png,1,VALID,1.3173828,-0.8457031,-0.46972656,1.2643838,LCC-FASD external-dev / cross-domain stress set,-1.2943655252456665,1.0,0.0
YOUTUBE_PBLS11HR_HONOR9L_id42_s0_60.png,1,VALID,1.5302734,-0.9790039,-0.61816406,1.6195221,LCC-FASD external-dev / cross-domain stress set,-1.2943655252456665,1.0,0.0
YOUTUBE_PBLS11HR_HONOR9L_id42_s0_75.png,1,VALID,1.1660156,-0.80371094,-0.4099121,1.0604193,LCC-FASD external-dev / cross-domain stress set,-1.2943655252456665,1.0,0.0
YOUTUBE_PBLS11HR_HONOR9L_id42_s0_90.png,1,VALID,1.2216797,-0.7553711,-0.47607422,1.1345358,LCC-FASD external-dev / cross-domain stress set,-1.2943655252456665,1.0,0.0
YOUTUBE_PBLS11HR_HONOR9L_id42_s0_105.png,1,VALID,0.99365234,-0.55615234,-0.43725586,0.7954433,LCC-FASD external-dev / cross-domain stress set,-1.2943655252456665,1.0,0.0
YOUTUBE_PBLS11HR_HONOR9L_id42_s0_120.png,1,VALID,1.3134766,-0.81689453,-0.49365234,1.2625986,LCC-FASD external-dev / cross-domain stress set,-1.2943655252456665,1.0,0.0
YOUTUBE_PBLS11HR_HONOR9L_id42_s0_135.png,1,VALID,1.3017578,-0.8984375,-0.44604492,1.2554847,LCC-FASD external-dev / cross-domain stress set,-1.2943655252456665,1.0,0.0
YOUTUBE_PBLS11HR_HONOR9L_id42_s0_150.png,1,VALID,1.25,-0.8261719,-0.45629883,1.181084,LCC-FASD external-dev / cross-domain stress set,-1.2943655252456665,1.0,0.0
YOUTUBE_PBLS11HR_HONOR9L_id42_s1_17.png,1,VALID,-0.17272949,0.37158203,-0.024597168,-1.058862,LCC-FASD external-dev / cross-domain stress set,-1.2943655252456665,1.0,0.0
YOUTUBE_PBLS11HR_HONOR9L_id42_s1_32.png,1,VALID,-0.12359619,0.30786133,-0.028060913,-0.9706833,LCC-FASD external-dev / cross-domain stress set,-1.2943655252456665,1.0,0.0
YOUTUBE_PBLS11HR_HONOR9L_id42_s1_47.png,1,VALID,-0.1541748,0.36108398,0.017608643,-1.0513433,LCC-FASD external-dev / cross-domain stress set,-1.2943655252456665,1.0,0.0
YOUTUBE_PBLS11HR_HONOR9L_id42_s1_62.png,1,VALID,-0.56933594,1.0761719,-0.06616211,-1.9224374,LCC-FASD external-dev / cross-domain stress set,-1.2943655252456665,0.0,1.0
YOUTUBE_PBLS11HR_HONOR9L_id42_s1_77.png,1,VALID,-0.19104004,0.6040039,-0.10412598,-1.1955397,LCC-FASD external-dev / cross-domain stress set,-1.2943655252456665,1.0,0.0
YOUTUBE_PBLS11HR_HONOR9L_id42_s1_92.png,1,VALID,-0.04788208,0.3996582,-0.15722656,-0.90051943,LCC-FASD external-dev / cross-domain stress set,-1.2943655252456665,1.0,0.0
YOUTUBE_PBLS11HR_HONOR9L_id42_s1_107.png,1,VALID,0.018203735,0.5185547,-0.23278809,-0.88679135,LCC-FASD external-dev / cross-domain stress set,-1.2943655252456665,1.0,0.0
YOUTUBE_PBLS11HR_HONOR9L_id42_s1_133.png,1,VALID,-0.008171082,0.39135742,-0.15063477,-0.8579582,LCC-FASD external-dev / cross-domain stress set,-1.2943655252456665,1.0,0.0
YOUTUBE_PBLS11HR_HONOR9L_id42_s1_148.png,1,VALID,0.1776123,0.32128906,-0.29052734,-0.5769936,LCC-FASD external-dev / cross-domain stress set,-1.2943655252456665,1.0,0.0
YOUTUBE_PBLS11HR_HONOR9L_id42_s1_165.png,1,VALID,0.044036865,0.44970703,-0.22436523,-0.8175341,LCC-FASD external-dev / cross-domain stress set,-1.2943655252456665,1.0,0.0
YOUTUBE_PBQ5WTS_ZTEBA2_id39_s0_17.png,1,VALID,-0.74072266,1.2841797,-0.082458496,-2.2520082,LCC-FASD external-dev / cross-domain stress set,-1.2943655252456665,0.0,1.0
YOUTUBE_PBQ5WTS_ZTEBA2_id39_s0_36.png,1,VALID,-0.49609375,0.7104492,0.06384277,-1.6277635,LCC-FASD external-dev / cross-domain stress set,-1.2943655252456665,0.0,1.0
YOUTUBE_PBQ5WTS_ZTEBA2_id43_s0_117.png,1,VALID,-0.7885742,0.84716797,0.25830078,-2.0771892,LCC-FASD external-dev / cross-domain stress set,-1.2943655252456665,0.0,1.0
YOUTUBE_PBQ5WTS_ZTEBA2_id43_s0_132.png,1,VALID,-0.44458008,0.5209961,0.1262207,-1.4806914,LCC-FASD external-dev / cross-domain stress set,-1.2943655252456665,0.0,1.0
YOUTUBE_MBP1314_IPHONE8F_id48_s0_75.png,1,VALID,0.5488281,-0.09564209,-0.33666992,0.06459266,LCC-FASD external-dev / cross-domain stress set,-1.2943655252456665,1.0,0.0
YOUTUBE_MBP1314_IPHONE8F_id48_s0_90.png,1,VALID,0.04144287,0.3022461,-0.140625,-0.7568339,LCC-FASD external-dev / cross-domain stress set,-1.2943655252456665,1.0,0.0
YOUTUBE_MSIGS60_SGJ5_id39_s1_16.png,1,VALID,-0.63916016,0.7548828,0.21386719,-1.8528318,LCC-FASD external-dev / cross-domain stress set,-1.2943655252456665,0.0,1.0
YOUTUBE_MSIGS60_SGJ5_id39_s1_31.png,1,VALID,0.5229492,0.07232666,-0.3798828,-0.041766703,LCC-FASD external-dev / cross-domain stress set,-1.2943655252456665,1.0,0.0
YOUTUBE_MSIGS60_SGJ5_id39_s1_65.png,1,VALID,-0.7475586,0.9511719,0.1508789,-2.0697403,LCC-FASD external-dev / cross-domain stress set,-1.2943655252456665,0.0,1.0
YOUTUBE_MSIGS60_SGJ5_id39_s1_95.png,1,VALID,-0.69628906,0.6538086,0.30639648,-1.8845503,LCC-FASD external-dev / cross-domain stress set,-1.2943655252456665,0.0,1.0
YOUTUBE_MSIGS60_SGJ5_id39_s1_110.png,1,VALID,-0.51464844,0.7993164,0.021316528,-1.6919379,LCC-FASD external-dev / cross-domain stress set,-1.2943655252456665,0.0,1.0
YOUTUBE_MSIGS60_SGJ5_id39_s1_126.png,1,VALID,-0.52001953,0.6772461,0.11224365,-1.6472954,LCC-FASD external-dev / cross-domain stress set,-1.2943655252456665,0.0,1.0
YOUTUBE_MSIGS60_SGJ5_id39_s1_141.png,1,VALID,-0.3190918,0.84277344,-0.18969727,-1.4664973,LCC-FASD external-dev / cross-domain stress set,-1.2943655252456665,0.0,1.0
YOUTUBE_MSIGS60_SGJ5_id42_s0_15.png,1,VALID,0.7636719,-0.5234375,-0.2680664,0.45814687,LCC-FASD external-dev / cross-domain stress set,-1.2943655252456665,1.0,0.0
YOUTUBE_MSIGS60_SGJ5_id42_s0_30.png,1,VALID,0.859375,-0.3774414,-0.41748047,0.56348836,LCC-FASD external-dev / cross-domain stress set,-1.2943655252456665,1.0,0.0
YOUTUBE_MSIGS60_SGJ5_id42_s0_45.png,1,VALID,0.5605469,-0.4008789,-0.13671875,0.12750113,LCC-FASD external-dev / cross-domain stress set,-1.2943655252456665,1.0,0.0
YOUTUBE_MSIGS60_SGJ5_id42_s0_60.png,1,VALID,1.25,-0.7104492,-0.5336914,1.1750228,LCC-FASD external-dev / cross-domain stress set,-1.2943655252456665,1.0,0.0
YOUTUBE_MSIGS60_SGJ5_id42_s0_75.png,1,VALID,0.88671875,-0.5488281,-0.37548828,0.6519786,LCC-FASD external-dev / cross-domain stress set,-1.2943655252456665,1.0,0.0
YOUTUBE_MSIGS60_SGJ5_id42_s0_90.png,1,VALID,1.1171875,-0.79345703,-0.3791504,0.9890395,LCC-FASD external-dev / cross-domain stress set,-1.2943655252456665,1.0,0.0
YOUTUBE_MSIGS60_SGJ5_id42_s0_105.png,1,VALID,1.1796875,-0.73876953,-0.44140625,1.0656157,LCC-FASD external-dev / cross-domain stress set,-1.2943655252456665,1.0,0.0
YOUTUBE_MSIGS60_SGJ5_id42_s0_120.png,1,VALID,0.9423828,-0.64404297,-0.33032227,0.72416574,LCC-FASD external-dev / cross-domain stress set,-1.2943655252456665,1.0,0.0
YOUTUBE_MSIGS60_SGJ5_id42_s0_135.png,1,VALID,1.0078125,-0.7504883,-0.29174805,0.8097057,LCC-FASD external-dev / cross-domain stress set,-1.2943655252456665,1.0,0.0
YOUTUBE_MSIGS60_SGJ5_id42_s0_150.png,1,VALID,1.0117188,-0.6308594,-0.39672852,0.8255289,LCC-FASD external-dev / cross-domain stress set,-1.2943655252456665,1.0,0.0
YOUTUBE_MSIGS60_SGJ5_id42_s1_16.png,1,VALID,-1.2734375,1.6035156,0.23254395,-3.1031802,LCC-FASD external-dev / cross-domain stress set,-1.2943655252456665,0.0,1.0
YOUTUBE_MSIGS60_SGJ5_id42_s1_31.png,1,VALID,-1.1611328,1.4931641,0.18579102,-2.8937309,LCC-FASD external-dev / cross-domain stress set,-1.2943655252456665,0.0,1.0
YOUTUBE_MSIGS60_SGJ5_id42_s1_46.png,1,VALID,-1.2382812,1.5693359,0.24047852,-3.042515,LCC-FASD external-dev / cross-domain stress set,-1.2943655252456665,0.0,1.0
YOUTUBE_MSIGS60_SGJ5_id42_s1_61.png,1,VALID,-1.1904297,1.3984375,0.3022461,-2.877155,LCC-FASD external-dev / cross-domain stress set,-1.2943655252456665,0.0,1.0
YOUTUBE_MSIGS60_SGJ5_id42_s1_77.png,1,VALID,-0.84765625,1.2041016,0.07446289,-2.331773,LCC-FASD external-dev / cross-domain stress set,-1.2943655252456665,0.0,1.0
YOUTUBE_MSIGS60_SGJ5_id42_s1_92.png,1,VALID,-0.91015625,1.2246094,0.10797119,-2.4179716,LCC-FASD external-dev / cross-domain stress set,-1.2943655252456665,0.0,1.0
YOUTUBE_MSIGS60_SGJ5_id42_s1_146.png,1,VALID,-0.31079102,1.0078125,-0.2524414,-1.568258,LCC-FASD external-dev / cross-domain stress set,-1.2943655252456665,0.0,1.0
YOUTUBE_MSIGS60_SGJ5_id42_s1_180.png,1,VALID,-1.0712891,1.4335938,0.17346191,-2.7545643,LCC-FASD external-dev / cross-domain stress set,-1.2943655252456665,0.0,1.0
YOUTUBE_NEC90GX2_ZC554KL_id39_s1_30.png,1,VALID,-0.4440918,0.60839844,0.13378906,-1.5362291,LCC-FASD external-dev / cross-domain stress set,-1.2943655252456665,0.0,1.0
YOUTUBE_NEC90GX2_ZC554KL_id39_s1_45.png,1,VALID,0.3713379,0.05795288,-0.23071289,-0.24580932,LCC-FASD external-dev / cross-domain stress set,-1.2943655252456665,1.0,0.0
YOUTUBE_NEC90GX2_ZC554KL_id39_s1_67.png,1,VALID,-0.035858154,0.37963867,-0.0814209,-0.9044541,LCC-FASD external-dev / cross-domain stress set,-1.2943655252456665,1.0,0.0
YOUTUBE_NEC90GX2_ZC554KL_id39_s1_87.png,1,VALID,-1.1806641,1.625,0.16967773,-3.015378,LCC-FASD external-dev / cross-domain stress set,-1.2943655252456665,0.0,1.0
YOUTUBE_NEC90GX2_ZC554KL_id39_s1_103.png,1,VALID,-0.14025879,0.36450195,-0.024475098,-1.0222143,LCC-FASD external-dev / cross-domain stress set,-1.2943655252456665,1.0,0.0
YOUTUBE_NEC90GX2_ZC554KL_id39_s1_118.png,1,VALID,0.25146484,0.32104492,-0.3125,-0.4953099,LCC-FASD external-dev / cross-domain stress set,-1.2943655252456665,1.0,0.0
YOUTUBE_NEC90GX2_ZC554KL_id39_s1_133.png,1,VALID,0.22424316,0.33422852,-0.27075195,-0.5457114,LCC-FASD external-dev / cross-domain stress set,-1.2943655252456665,1.0,0.0
YOUTUBE_P223V5LSB_LS650_id39_s1_15.png,1,VALID,-0.5234375,1.0693359,-0.1194458,-1.8586639,LCC-FASD external-dev / cross-domain stress set,-1.2943655252456665,0.0,1.0
YOUTUBE_P223V5LSB_LS650_id39_s1_55.png,1,VALID,-0.21740723,0.5649414,-0.11816406,-1.1911721,LCC-FASD external-dev / cross-domain stress set,-1.2943655252456665,1.0,0.0
YOUTUBE_P223V5LSB_LS650_id39_s1_92.png,1,VALID,-0.2064209,0.56347656,-0.10430908,-1.1838881,LCC-FASD external-dev / cross-domain stress set,-1.2943655252456665,1.0,0.0
YOUTUBE_P223V5LSB_LS650_id39_s1_107.png,1,VALID,-0.6245117,1.0996094,-0.09197998,-1.9893568,LCC-FASD external-dev / cross-domain stress set,-1.2943655252456665,0.0,1.0
YOUTUBE_P223V5LSB_LS650_id39_s1_124.png,1,VALID,-0.73095703,1.0869141,0.02243042,-2.114195,LCC-FASD external-dev / cross-domain stress set,-1.2943655252456665,0.0,1.0
YOUTUBE_P223V5LSB_LS650_id42_s0_35.png,1,VALID,0.80615234,-0.38500977,-0.3774414,0.4942236,LCC-FASD external-dev / cross-domain stress set,-1.2943655252456665,1.0,0.0
YOUTUBE_P223V5LSB_LS650_id42_s0_74.png,1,VALID,1.0986328,-0.6694336,-0.41918945,0.9419897,LCC-FASD external-dev / cross-domain stress set,-1.2943655252456665,1.0,0.0
YOUTUBE_P223V5LSB_LS650_id42_s0_89.png,1,VALID,1.5058594,-0.97509766,-0.56152344,1.5597929,LCC-FASD external-dev / cross-domain stress set,-1.2943655252456665,1.0,0.0
YOUTUBE_P223V5LSB_LS650_id42_s0_104.png,1,VALID,0.7885742,-0.44873047,-0.27563477,0.4538691,LCC-FASD external-dev / cross-domain stress set,-1.2943655252456665,1.0,0.0
YOUTUBE_P223V5LSB_LS650_id42_s0_119.png,1,VALID,0.84375,-0.5102539,-0.32006836,0.56124943,LCC-FASD external-dev / cross-domain stress set,-1.2943655252456665,1.0,0.0
YOUTUBE_P223V5LSB_LS650_id42_s0_136.png,1,VALID,1.6445312,-1.1230469,-0.60253906,1.7806865,LCC-FASD external-dev / cross-domain stress set,-1.2943655252456665,1.0,0.0
YOUTUBE_P223V5LSB_LS650_id42_s0_151.png,1,VALID,1.0390625,-0.68652344,-0.38085938,0.8679731,LCC-FASD external-dev / cross-domain stress set,-1.2943655252456665,1.0,0.0
YOUTUBE_P223V5LSB_LS650_id42_s0_166.png,1,VALID,1.3427734,-0.86083984,-0.5332031,1.3332891,LCC-FASD external-dev / cross-domain stress set,-1.2943655252456665,1.0,0.0
YOUTUBE_P223V5LSB_LS650_id42_s0_181.png,1,VALID,1.3457031,-0.859375,-0.5498047,1.3452141,LCC-FASD external-dev / cross-domain stress set,-1.2943655252456665,1.0,0.0
YOUTUBE_P223V5LSB_LS650_id42_s0_196.png,1,VALID,1.1806641,-0.7104492,-0.48461914,1.0786896,LCC-FASD external-dev / cross-domain stress set,-1.2943655252456665,1.0,0.0
YOUTUBE_P223V5LSB_LS650_id42_s1_15.png,1,VALID,0.0871582,0.19458008,-0.18115234,-0.6302469,LCC-FASD external-dev / cross-domain stress set,-1.2943655252456665,1.0,0.0
YOUTUBE_P223V5LSB_LS650_id42_s1_31.png,1,VALID,-0.27368164,0.38256836,0.03375244,-1.1901219,LCC-FASD external-dev / cross-domain stress set,-1.2943655252456665,1.0,0.0
YOUTUBE_P223V5LSB_LS650_id42_s1_46.png,1,VALID,-0.4338379,0.5805664,0.12158203,-1.5041647,LCC-FASD external-dev / cross-domain stress set,-1.2943655252456665,0.0,1.0
YOUTUBE_MBP1314_IPHONE8B_id42_s0_15.png,1,VALID,1.1738281,-0.6040039,-0.5595703,1.0622213,LCC-FASD external-dev / cross-domain stress set,-1.2943655252456665,1.0,0.0
YOUTUBE_MBP1314_IPHONE8B_id42_s0_38.png,1,VALID,1.4433594,-0.7919922,-0.6723633,1.480602,LCC-FASD external-dev / cross-domain stress set,-1.2943655252456665,1.0,0.0
YOUTUBE_MBP1314_IPHONE8B_id42_s0_58.png,1,VALID,0.91748047,-0.59375,-0.31860352,0.67107654,LCC-FASD external-dev / cross-domain stress set,-1.2943655252456665,1.0,0.0
YOUTUBE_MBP1314_IPHONE8B_id42_s0_73.png,1,VALID,0.7685547,-0.2565918,-0.43701172,0.4181459,LCC-FASD external-dev / cross-domain stress set,-1.2943655252456665,1.0,0.0
YOUTUBE_MBP1314_IPHONE8B_id42_s0_88.png,1,VALID,0.90966797,-0.5991211,-0.3112793,0.66139996,LCC-FASD external-dev / cross-domain stress set,-1.2943655252456665,1.0,0.0
YOUTUBE_MBP1314_IPHONE8B_id42_s0_148.png,1,VALID,0.9301758,-0.41186523,-0.42993164,0.6578862,LCC-FASD external-dev / cross-domain stress set,-1.2943655252456665,1.0,0.0
YOUTUBE_MBP1314_IPHONE8B_id42_s0_163.png,1,VALID,0.8364258,-0.49658203,-0.30737305,0.54078776,LCC-FASD external-dev / cross-domain stress set,-1.2943655252456665,1.0,0.0
YOUTUBE_MBP1314_IPHONE8B_id42_s1_15.png,1,VALID,-1.0625,1.5107422,0.10900879,-2.7933168,LCC-FASD external-dev / cross-domain stress set,-1.2943655252456665,0.0,1.0
YOUTUBE_MBP1314_IPHONE8B_id42_s1_30.png,1,VALID,-1.0224609,1.1962891,0.2232666,-2.5393388,LCC-FASD external-dev / cross-domain stress set,-1.2943655252456665,0.0,1.0
YOUTUBE_MBP1314_IPHONE8B_id42_s1_45.png,1,VALID,-0.7495117,0.95703125,0.12902832,-2.0690455,LCC-FASD external-dev / cross-domain stress set,-1.2943655252456665,0.0,1.0
YOUTUBE_MBP1314_IPHONE8B_id42_s1_60.png,1,VALID,-1.140625,1.4560547,0.1665039,-2.8399353,LCC-FASD external-dev / cross-domain stress set,-1.2943655252456665,0.0,1.0
YOUTUBE_MBP1314_IPHONE8B_id43_s0_15.png,1,VALID,-0.24609375,0.11956787,0.22485352,-1.1128366,LCC-FASD external-dev / cross-domain stress set,-1.2943655252456665,1.0,0.0
YOUTUBE_MBP1314_IPHONE8B_id43_s0_30.png,1,VALID,-0.05895996,0.14868164,0.072509766,-0.86342794,LCC-FASD external-dev / cross-domain stress set,-1.2943655252456665,1.0,0.0
YOUTUBE_MBP1314_IPHONE8B_id43_s0_45.png,1,VALID,-0.1430664,0.12817383,0.1361084,-0.9683626,LCC-FASD external-dev / cross-domain stress set,-1.2943655252456665,1.0,0.0
YOUTUBE_MBP1314_IPHONE8B_id43_s0_62.png,1,VALID,0.16870117,-0.13256836,0.003753662,-0.46235985,LCC-FASD external-dev / cross-domain stress set,-1.2943655252456665,1.0,0.0
YOUTUBE_MBP1314_IPHONE8B_id43_s0_82.png,1,VALID,0.2175293,-0.25976562,0.06573486,-0.39178824,LCC-FASD external-dev / cross-domain stress set,-1.2943655252456665,1.0,0.0
YOUTUBE_MBP1314_IPHONE8B_id43_s0_97.png,1,VALID,0.5419922,-0.48608398,-0.06378174,0.101649165,LCC-FASD external-dev / cross-domain stress set,-1.2943655252456665,1.0,0.0
YOUTUBE_MBP1314_IPHONE8B_id43_s0_113.png,1,VALID,-0.8847656,0.8520508,0.35424805,-2.2117236,LCC-FASD external-dev / cross-domain stress set,-1.2943655252456665,0.0,1.0
YOUTUBE_MBP1314_IPHONE8B_id43_s0_128.png,1,VALID,0.08520508,0.06011963,0.03503418,-0.6555977,LCC-FASD external-dev / cross-domain stress set,-1.2943655252456665,1.0,0.0
YOUTUBE_MBP1314_IPHONE8B_id43_s0_143.png,1,VALID,-0.049804688,0.037902832,0.14770508,-0.83726215,LCC-FASD external-dev / cross-domain stress set,-1.2943655252456665,1.0,0.0
YOUTUBE_MBP1314_IPHONE8B_id43_s0_158.png,1,VALID,-0.121398926,0.22924805,0.105651855,-0.98390436,LCC-FASD external-dev / cross-domain stress set,-1.2943655252456665,1.0,0.0
YOUTUBE_MBP1314_IPHONE8B_id43_s1_15.png,1,VALID,0.101501465,0.33935547,-0.22302246,-0.68883556,LCC-FASD external-dev / cross-domain stress set,-1.2943655252456665,1.0,0.0
YOUTUBE_MBP1314_IPHONE8B_id43_s1_30.png,1,VALID,-0.6567383,1.1044922,-0.05722046,-2.0335069,LCC-FASD external-dev / cross-domain stress set,-1.2943655252456665,0.0,1.0
YOUTUBE_MBP1314_IPHONE8B_id43_s1_45.png,1,VALID,0.3798828,0.3005371,-0.35888672,-0.33748734,LCC-FASD external-dev / cross-domain stress set,-1.2943655252456665,1.0,0.0
YOUTUBE_MBP1314_IPHONE8B_id43_s1_60.png,1,VALID,0.19421387,0.33496094,-0.33251953,-0.55484116,LCC-FASD external-dev / cross-domain stress set,-1.2943655252456665,1.0,0.0
YOUTUBE_MBP1314_IPHONE8B_id43_s1_75.png,1,VALID,0.23461914,0.27441406,-0.3034668,-0.4851768,LCC-FASD external-dev / cross-domain stress set,-1.2943655252456665,1.0,0.0
YOUTUBE_MBP1314_IPHONE8B_id43_s1_90.png,1,VALID,-0.2998047,0.76660156,-0.1385498,-1.4060738,LCC-FASD external-dev / cross-domain stress set,-1.2943655252456665,0.0,1.0
YOUTUBE_MBP1314_IPHONE8B_id43_s1_105.png,1,VALID,-1.0205078,1.3701172,0.16333008,-2.6523404,LCC-FASD external-dev / cross-domain stress set,-1.2943655252456665,0.0,1.0
YOUTUBE_MBP1314_IPHONE8B_id43_s1_120.png,1,VALID,0.46655273,0.31933594,-0.49389648,-0.21980017,LCC-FASD external-dev / cross-domain stress set,-1.2943655252456665,1.0,0.0
YOUTUBE_MBP1314_IPHONE8B_id43_s1_135.png,1,VALID,0.3581543,0.5126953,-0.5185547,-0.45949376,LCC-FASD external-dev / cross-domain stress set,-1.2943655252456665,1.0,0.0
YOUTUBE_MBP1314_IPHONE8B_id43_s1_150.png,1,VALID,0.015563965,0.4013672,-0.21069336,-0.8190342,LCC-FASD external-dev / cross-domain stress set,-1.2943655252456665,1.0,0.0
YOUTUBE_MBP1314_IPHONE8B_id48_s1_15.png,1,VALID,-0.6142578,0.7060547,0.14282227,-1.770984,LCC-FASD external-dev / cross-domain stress set,-1.2943655252456665,0.0,1.0
YOUTUBE_MBP1314_IPHONE8B_id48_s1_30.png,1,VALID,0.15795898,0.110839844,-0.11029053,-0.54156274,LCC-FASD external-dev / cross-domain stress set,-1.2943655252456665,1.0,0.0
YOUTUBE_MBP1314_IPHONE8B_id48_s1_45.png,1,VALID,-0.890625,0.9589844,0.2529297,-2.2507906,LCC-FASD external-dev / cross-domain stress set,-1.2943655252456665,0.0,1.0
YOUTUBE_MBP1314_IPHONE8B_id48_s1_60.png,1,VALID,-0.41625977,0.6254883,0.050048828,-1.488008,LCC-FASD external-dev / cross-domain stress set,-1.2943655252456665,0.0,1.0
YOUTUBE_MBP1314_IPHONE8B_id48_s1_75.png,1,VALID,-1.0976562,1.2519531,0.27612305,-2.669429,LCC-FASD external-dev / cross-domain stress set,-1.2943655252456665,0.0,1.0
YOUTUBE_MBP1314_IPHONE8B_id48_s1_90.png,1,VALID,0.34277344,0.19067383,-0.30859375,-0.32225394,LCC-FASD external-dev / cross-domain stress set,-1.2943655252456665,1.0,0.0
YOUTUBE_MBP1314_IPHONE8B_id48_s1_105.png,1,VALID,-1.3183594,1.5380859,0.33544922,-3.1191182,LCC-FASD external-dev / cross-domain stress set,-1.2943655252456665,0.0,1.0
YOUTUBE_MBP1314_IPHONE8B_id48_s1_120.png,1,VALID,-0.20983887,0.53466797,-0.060699463,-1.1836387,LCC-FASD external-dev / cross-domain stress set,-1.2943655252456665,1.0,0.0
YOUTUBE_MBP1314_IPHONE8B_id48_s1_135.png,1,VALID,-0.97021484,1.2392578,0.23425293,-2.521391,LCC-FASD external-dev / cross-domain stress set,-1.2943655252456665,0.0,1.0
YOUTUBE_MBP1314_IPHONE8B_id48_s1_150.png,1,VALID,-0.96240234,1.2421875,0.16223145,-2.4969687,LCC-FASD external-dev / cross-domain stress set,-1.2943655252456665,0.0,1.0
YOUTUBE_MBP1314_IPHONE8F_id48_s0_15.png,1,VALID,-0.9296875,1.3251953,0.10107422,-2.5126333,LCC-FASD external-dev / cross-domain stress set,-1.2943655252456665,0.0,1.0
YOUTUBE_MBP1314_IPHONE8F_id48_s0_30.png,1,VALID,-1.2216797,1.5517578,0.22607422,-3.0090008,LCC-FASD external-dev / cross-domain stress set,-1.2943655252456665,0.0,1.0
YOUTUBE_MBP1314_IPHONE8F_id48_s0_45.png,1,VALID,-1.2128906,1.4736328,0.2800293,-2.9512901,LCC-FASD external-dev / cross-domain stress set,-1.2943655252456665,0.0,1.0
YOUTUBE_MBP1314_IPHONE8F_id48_s0_60.png,1,VALID,0.0010023117,0.48828125,-0.21325684,-0.88995486,LCC-FASD external-dev / cross-domain stress set,-1.2943655252456665,1.0,0.0
YOUTUBE_MBP1314_IPHONE8F_id48_s0_105.png,1,VALID,-0.7573242,1.0019531,0.14086914,-2.1118364,LCC-FASD external-dev / cross-domain stress set,-1.2943655252456665,0.0,1.0
YOUTUBE_MBP1314_IPHONE8F_id48_s0_120.png,1,VALID,0.2849121,0.16064453,-0.2788086,-0.37310112,LCC-FASD external-dev / cross-domain stress set,-1.2943655252456665,1.0,0.0
YOUTUBE_MBP1314_IPHONE8F_id48_s0_135.png,1,VALID,-0.7421875,1.0947266,0.072631836,-2.1442814,LCC-FASD external-dev / cross-domain stress set,-1.2943655252456665,0.0,1.0
YOUTUBE_MBP1314_IPHONE8F_id48_s0_150.png,1,VALID,0.11035156,0.22766113,-0.16015625,-0.6352317,LCC-FASD external-dev / cross-domain stress set,-1.2943655252456665,1.0,0.0
YOUTUBE_LGFIPS235VBN_SMA500F_id43_s0_17.png,1,VALID,-0.41625977,0.2800293,0.2980957,-1.3985102,LCC-FASD external-dev / cross-domain stress set,-1.2943655252456665,0.0,1.0
YOUTUBE_LGFIPS235VBN_SMA500F_id43_s0_32.png,1,VALID,-0.14208984,0.081970215,0.22155762,-0.98943454,LCC-FASD external-dev / cross-domain stress set,-1.2943655252456665,1.0,0.0
YOUTUBE_LGFIPS235VBN_SMA500F_id43_s0_49.png,1,VALID,0.43701172,-0.3137207,-0.06707764,-0.07332116,LCC-FASD external-dev / cross-domain stress set,-1.2943655252456665,1.0,0.0
YOUTUBE_LGFIPS235VBN_SMA500F_id43_s0_67.png,1,VALID,0.4050293,-0.20751953,-0.11273193,-0.12911487,LCC-FASD external-dev / cross-domain stress set,-1.2943655252456665,1.0,0.0
YOUTUBE_LGFIPS235VBN_SMA500F_id43_s0_86.png,1,VALID,0.34423828,-0.33081055,-0.014625549,-0.1886357,LCC-FASD external-dev / cross-domain stress set,-1.2943655252456665,1.0,0.0
YOUTUBE_LGFIPS235VBN_SMA500F_id43_s0_150.png,1,VALID,-0.13842773,0.17626953,0.18469238,-1.0120647,LCC-FASD external-dev / cross-domain stress set,-1.2943655252456665,1.0,0.0
YOUTUBE_LGFIPS235VBN_SMA500F_id43_s0_165.png,1,VALID,0.24145508,-0.22131348,0.05911255,-0.38038945,LCC-FASD external-dev / cross-domain stress set,-1.2943655252456665,1.0,0.0
YOUTUBE_LGFIPS235VBN_SMA500F_id43_s1_15.png,1,VALID,-0.3815918,0.40820312,0.18286133,-1.3766052,LCC-FASD external-dev / cross-domain stress set,-1.2943655252456665,0.0,1.0
YOUTUBE_LGFIPS235VBN_SMA500F_id43_s1_30.png,1,VALID,-0.05065918,0.11090088,0.09881592,-0.848683,LCC-FASD external-dev / cross-domain stress set,-1.2943655252456665,1.0,0.0
YOUTUBE_LGFIPS235VBN_SMA500F_id43_s1_45.png,1,VALID,-0.25976562,0.2770996,0.19396973,-1.189311,LCC-FASD external-dev / cross-domain stress set,-1.2943655252456665,1.0,0.0
YOUTUBE_LGFIPS235VBN_SMA500F_id43_s1_62.png,1,VALID,-0.2130127,0.20544434,0.12145996,-1.0704935,LCC-FASD external-dev / cross-domain stress set,-1.2943655252456665,1.0,0.0
YOUTUBE_LGFIPS235VBN_SMA500F_id43_s1_77.png,1,VALID,-0.19311523,0.27612305,0.13842773,-1.0959059,LCC-FASD external-dev / cross-domain stress set,-1.2943655252456665,1.0,0.0
YOUTUBE_LGFIPS235VBN_SMA500F_id43_s1_92.png,1,VALID,-0.28149414,0.4633789,0.05130005,-1.2530584,LCC-FASD external-dev / cross-domain stress set,-1.2943655252456665,1.0,0.0
YOUTUBE_LGFIPS235VBN_SMA500F_id43_s1_107.png,1,VALID,-0.82177734,1.0556641,0.16784668,-2.222132,LCC-FASD external-dev / cross-domain stress set,-1.2943655252456665,0.0,1.0
YOUTUBE_LGFIPS235VBN_SMA500F_id43_s1_122.png,1,VALID,-0.5136719,0.49902344,0.23034668,-1.5805005,LCC-FASD external-dev / cross-domain stress set,-1.2943655252456665,0.0,1.0
YOUTUBE_LGFIPS235VBN_SMA500F_id43_s1_137.png,1,VALID,-0.41918945,0.73828125,0.014793396,-1.5529242,LCC-FASD external-dev / cross-domain stress set,-1.2943655252456665,0.0,1.0
YOUTUBE_LGFIPS235VBN_SMA500F_id43_s1_152.png,1,VALID,-0.21960449,0.37963867,0.061462402,-1.1459037,LCC-FASD external-dev / cross-domain stress set,-1.2943655252456665,1.0,0.0
YOUTUBE_LY300_REDMIS2_id39_s1_15.png,1,VALID,0.30297852,0.31884766,-0.30200195,-0.4460187,LCC-FASD external-dev / cross-domain stress set,-1.2943655252456665,1.0,0.0
YOUTUBE_LY300_REDMIS2_id39_s1_30.png,1,VALID,0.2553711,0.033813477,-0.1373291,-0.38967502,LCC-FASD external-dev / cross-domain stress set,-1.2943655252456665,1.0,0.0
YOUTUBE_LY300_REDMIS2_id39_s1_48.png,1,VALID,0.3005371,0.079589844,-0.19909668,-0.34253365,LCC-FASD external-dev / cross-domain stress set,-1.2943655252456665,1.0,0.0
YOUTUBE_LY300_REDMIS2_id39_s1_63.png,1,VALID,1.1630859,-0.4020996,-0.6333008,0.98097205,LCC-FASD external-dev / cross-domain stress set,-1.2943655252456665,1.0,0.0
YOUTUBE_LY300_REDMIS2_id39_s1_82.png,1,VALID,-0.98535156,1.4042969,0.10479736,-2.630764,LCC-FASD external-dev / cross-domain stress set,-1.2943655252456665,0.0,1.0
YOUTUBE_LY300_REDMIS2_id39_s1_97.png,1,VALID,0.2890625,0.027770996,-0.19226074,-0.32787937,LCC-FASD external-dev / cross-domain stress set,-1.2943655252456665,1.0,0.0
YOUTUBE_LY300_REDMIS2_id39_s1_112.png,1,VALID,0.9321289,-0.23986816,-0.56640625,0.6288493,LCC-FASD external-dev / cross-domain stress set,-1.2943655252456665,1.0,0.0
YOUTUBE_LY300_REDMIS2_id39_s1_127.png,1,VALID,1.390625,-0.63183594,-0.69873047,1.3622017,LCC-FASD external-dev / cross-domain stress set,-1.2943655252456665,1.0,0.0
YOUTUBE_LY300_REDMIS2_id42_s0_25.png,1,VALID,0.4753418,-0.16918945,-0.2475586,-0.010198832,LCC-FASD external-dev / cross-domain stress set,-1.2943655252456665,1.0,0.0
YOUTUBE_LY300_REDMIS2_id42_s0_47.png,1,VALID,1.0351562,-0.46118164,-0.52197266,0.83312434,LCC-FASD external-dev / cross-domain stress set,-1.2943655252456665,1.0,0.0
YOUTUBE_LY300_REDMIS2_id42_s0_88.png,1,VALID,1.03125,-0.68652344,-0.36694336,0.85212374,LCC-FASD external-dev / cross-domain stress set,-1.2943655252456665,1.0,0.0
YOUTUBE_LY300_REDMIS2_id42_s0_106.png,1,VALID,1.1074219,-0.75927734,-0.35961914,0.9538886,LCC-FASD external-dev / cross-domain stress set,-1.2943655252456665,1.0,0.0
YOUTUBE_LY300_REDMIS2_id42_s0_121.png,1,VALID,1.03125,-0.6020508,-0.42919922,0.84999776,LCC-FASD external-dev / cross-domain stress set,-1.2943655252456665,1.0,0.0
YOUTUBE_LY300_REDMIS2_id42_s0_166.png,1,VALID,1.0683594,-0.6616211,-0.4074707,0.9017057,LCC-FASD external-dev / cross-domain stress set,-1.2943655252456665,1.0,0.0
YOUTUBE_LY300_REDMIS2_id42_s0_181.png,1,VALID,0.9785156,-0.6586914,-0.37231445,0.7906548,LCC-FASD external-dev / cross-domain stress set,-1.2943655252456665,1.0,0.0
YOUTUBE_LY300_REDMIS2_id42_s0_196.png,1,VALID,0.8076172,-0.43115234,-0.35083008,0.504655,LCC-FASD external-dev / cross-domain stress set,-1.2943655252456665,1.0,0.0
YOUTUBE_LY300_REDMIS2_id42_s0_213.png,1,VALID,1.1982422,-0.72314453,-0.4987793,1.1097776,LCC-FASD external-dev / cross-domain stress set,-1.2943655252456665,1.0,0.0
YOUTUBE_LY300_REDMIS2_id42_s0_248.png,1,VALID,1.3037109,-0.7890625,-0.5395508,1.2671084,LCC-FASD external-dev / cross-domain stress set,-1.2943655252456665,1.0,0.0
YOUTUBE_MBP1314_IPHONE8B_id39_s0_15.png,1,VALID,-0.23632812,0.77441406,-0.1505127,-1.3447546,LCC-FASD external-dev / cross-domain stress set,-1.2943655252456665,0.0,1.0
YOUTUBE_MBP1314_IPHONE8B_id39_s0_30.png,1,VALID,-0.72021484,1.1806641,0.041748047,-2.1786363,LCC-FASD external-dev / cross-domain stress set,-1.2943655252456665,0.0,1.0
YOUTUBE_MBP1314_IPHONE8B_id39_s0_45.png,1,VALID,-0.7973633,1.1884766,0.05807495,-2.2656689,LCC-FASD external-dev / cross-domain stress set,-1.2943655252456665,0.0,1.0
YOUTUBE_MBP1314_IPHONE8B_id39_s0_64.png,1,VALID,-0.83447266,1.0732422,0.18884277,-2.2534032,LCC-FASD external-dev / cross-domain stress set,-1.2943655252456665,0.0,1.0
YOUTUBE_MBP1314_IPHONE8B_id39_s1_15.png,1,VALID,0.7685547,0.18920898,-0.61279297,0.20886528,LCC-FASD external-dev / cross-domain stress set,-1.2943655252456665,1.0,0.0
YOUTUBE_MBP1314_IPHONE8B_id39_s1_30.png,1,VALID,0.2355957,0.20617676,-0.22814941,-0.46996206,LCC-FASD external-dev / cross-domain stress set,-1.2943655252456665,1.0,0.0
YOUTUBE_MBP1314_IPHONE8B_id39_s1_45.png,1,VALID,0.8310547,-0.25439453,-0.46679688,0.49287444,LCC-FASD external-dev / cross-domain stress set,-1.2943655252456665,1.0,0.0
YOUTUBE_MBP1314_IPHONE8B_id39_s1_60.png,1,VALID,0.74121094,-0.023529053,-0.51708984,0.28822708,LCC-FASD external-dev / cross-domain stress set,-1.2943655252456665,1.0,0.0
YOUTUBE_MBP1314_IPHONE8B_id39_s1_75.png,1,VALID,1.0820312,-0.25268555,-0.6772461,0.8314856,LCC-FASD external-dev / cross-domain stress set,-1.2943655252456665,1.0,0.0
YOUTUBE_MBP1314_IPHONE8B_id39_s1_90.png,1,VALID,-0.032043457,0.4099121,-0.14038086,-0.8973409,LCC-FASD external-dev / cross-domain stress set,-1.2943655252456665,1.0,0.0
YOUTUBE_MBP1314_IPHONE8B_id39_s1_105.png,1,VALID,0.44580078,0.25073242,-0.44433594,-0.20975679,LCC-FASD external-dev / cross-domain stress set,-1.2943655252456665,1.0,0.0
YOUTUBE_MBP1314_IPHONE8B_id39_s1_120.png,1,VALID,1.2177734,0.14990234,-0.95947266,0.78286886,LCC-FASD external-dev / cross-domain stress set,-1.2943655252456665,1.0,0.0
YOUTUBE_MBP1314_IPHONE8B_id39_s1_135.png,1,VALID,0.25170898,0.46044922,-0.43286133,-0.5518323,LCC-FASD external-dev / cross-domain stress set,-1.2943655252456665,1.0,0.0
YOUTUBE_MBP1314_IPHONE8B_id42_s0_103.png,1,VALID,0.6386719,-0.4375,-0.1661377,0.23816693,LCC-FASD external-dev / cross-domain stress set,-1.2943655252456665,1.0,0.0
YOUTUBE_MBP1314_IPHONE8B_id42_s0_118.png,1,VALID,0.9614258,-0.61279297,-0.3503418,0.7412605,LCC-FASD external-dev / cross-domain stress set,-1.2943655252456665,1.0,0.0
YOUTUBE_MBP1314_IPHONE8B_id42_s0_133.png,1,VALID,1.2431641,-0.8408203,-0.4375,1.1689799,LCC-FASD external-dev / cross-domain stress set,-1.2943655252456665,1.0,0.0
YOUTUBE_L5001EL_IPHONE6F_id43_s1_36.png,1,VALID,0.78515625,-0.083984375,-0.5439453,0.3797583,LCC-FASD external-dev / cross-domain stress set,-1.2943655252456665,1.0,0.0
YOUTUBE_L5001EL_IPHONE6F_id43_s1_51.png,1,VALID,0.68652344,-0.16638184,-0.46777344,0.299142,LCC-FASD external-dev / cross-domain stress set,-1.2943655252456665,1.0,0.0
YOUTUBE_L5001EL_IPHONE6F_id43_s1_66.png,1,VALID,0.08465576,0.15783691,-0.08544922,-0.6520656,LCC-FASD external-dev / cross-domain stress set,-1.2943655252456665,1.0,0.0
YOUTUBE_L5001EL_IPHONE6F_id43_s1_81.png,1,VALID,-0.099731445,0.5185547,-0.15014648,-1.0319666,LCC-FASD external-dev / cross-domain stress set,-1.2943655252456665,1.0,0.0
YOUTUBE_L5001EL_IPHONE6F_id43_s1_175.png,1,VALID,1.5009766,-0.49731445,-0.8779297,1.4774512,LCC-FASD external-dev / cross-domain stress set,-1.2943655252456665,1.0,0.0
YOUTUBE_LG58020157_DOOX5MP_id39_s0_15.png,1,VALID,-0.87353516,1.6210938,-0.17614746,-2.6479983,LCC-FASD external-dev / cross-domain stress set,-1.2943655252456665,0.0,1.0
YOUTUBE_LG58020157_DOOX5MP_id39_s0_30.png,1,VALID,-0.52001953,1.1044922,-0.19018555,-1.8666624,LCC-FASD external-dev / cross-domain stress set,-1.2943655252456665,0.0,1.0
YOUTUBE_LG58020157_DOOX5MP_id43_s0_15.png,1,VALID,0.1451416,0.29296875,-0.23071289,-0.6130291,LCC-FASD external-dev / cross-domain stress set,-1.2943655252456665,1.0,0.0
YOUTUBE_LG58020157_DOOX5MP_id43_s0_31.png,1,VALID,0.14379883,0.33276367,-0.2467041,-0.63377655,LCC-FASD external-dev / cross-domain stress set,-1.2943655252456665,1.0,0.0
YOUTUBE_LG58020157_DOOX5MP_id43_s0_46.png,1,VALID,-0.07574463,0.5175781,-0.15930176,-1.0042398,LCC-FASD external-dev / cross-domain stress set,-1.2943655252456665,1.0,0.0
YOUTUBE_LG58020157_DOOX5MP_id43_s0_67.png,1,VALID,0.07348633,0.28125,-0.15344238,-0.7070007,LCC-FASD external-dev / cross-domain stress set,-1.2943655252456665,1.0,0.0
YOUTUBE_LG58020157_DOOX5MP_id43_s0_82.png,1,VALID,-0.16918945,0.5205078,-0.097961426,-1.1206797,LCC-FASD external-dev / cross-domain stress set,-1.2943655252456665,1.0,0.0
YOUTUBE_LG58020157_DOOX5MP_id43_s0_101.png,1,NO_VALID_FACE,,,,,LCC-FASD external-dev / cross-domain stress set,-1.2943655252456665,,
YOUTUBE_LG58020157_DOOX5MP_id43_s1_15.png,1,VALID,-0.3779297,1.0234375,-0.24975586,-1.6481775,LCC-FASD external-dev / cross-domain stress set,-1.2943655252456665,0.0,1.0
YOUTUBE_LG58020157_DOOX5MP_id43_s1_30.png,1,VALID,-0.26733398,1.0380859,-0.3178711,-1.534705,LCC-FASD external-dev / cross-domain stress set,-1.2943655252456665,0.0,1.0
YOUTUBE_LG58020157_DOOX5MP_id43_s1_45.png,1,VALID,0.07672119,0.5786133,-0.3803711,-0.826351,LCC-FASD external-dev / cross-domain stress set,-1.2943655252456665,1.0,0.0
YOUTUBE_LG58020157_DOOX5MP_id43_s1_60.png,1,VALID,-1.0205078,1.4140625,0.11828613,-2.6764848,LCC-FASD external-dev / cross-domain stress set,-1.2943655252456665,0.0,1.0
YOUTUBE_LG58020157_DOOX5MP_id43_s1_75.png,1,VALID,-0.14257812,0.7084961,-0.26831055,-1.1706266,LCC-FASD external-dev / cross-domain stress set,-1.2943655252456665,1.0,0.0
YOUTUBE_LG58020157_DOOX5MP_id48_s1_15.png,1,VALID,0.3942871,0.114746094,-0.36645508,-0.20167488,LCC-FASD external-dev / cross-domain stress set,-1.2943655252456665,1.0,0.0
YOUTUBE_LG58020157_DOOX5MP_id48_s1_30.png,1,VALID,-0.50341797,0.83496094,-0.055114746,-1.6824116,LCC-FASD external-dev / cross-domain stress set,-1.2943655252456665,0.0,1.0
YOUTUBE_LG58020157_DOOX5MP_id48_s1_45.png,1,VALID,-0.07373047,0.70947266,-0.33374023,-1.0850254,LCC-FASD external-dev / cross-domain stress set,-1.2943655252456665,1.0,0.0
YOUTUBE_LG58020157_DOOX5MP_id48_s1_60.png,1,VALID,-0.8569336,1.2626953,0.06536865,-2.3835309,LCC-FASD external-dev / cross-domain stress set,-1.2943655252456665,0.0,1.0
YOUTUBE_LG58020157_DOOX5MP_id48_s1_75.png,1,VALID,-0.7993164,1.1826172,0.048034668,-2.2607436,LCC-FASD external-dev / cross-domain stress set,-1.2943655252456665,0.0,1.0
YOUTUBE_LG58020157_DOOX5MP_id48_s1_90.png,1,VALID,-0.5620117,0.8383789,0.05105591,-1.7754388,LCC-FASD external-dev / cross-domain stress set,-1.2943655252456665,0.0,1.0
YOUTUBE_LG58020157_DOOX5MP_id48_s1_105.png,1,VALID,-1.1767578,1.5400391,0.20703125,-2.9508274,LCC-FASD external-dev / cross-domain stress set,-1.2943655252456665,0.0,1.0
YOUTUBE_LG58020157_DOOX5MP_id48_s1_120.png,1,VALID,-0.66845703,1.0,0.06573486,-1.9998267,LCC-FASD external-dev / cross-domain stress set,-1.2943655252456665,0.0,1.0
YOUTUBE_LG58020157_DOOX5MP_id48_s1_136.png,1,VALID,-0.95410156,1.4550781,0.024139404,-2.6235523,LCC-FASD external-dev / cross-domain stress set,-1.2943655252456665,0.0,1.0
YOUTUBE_LG58020157_LP770_id42_s0_15.png,1,VALID,1.328125,-0.80908203,-0.5102539,1.2835248,LCC-FASD external-dev / cross-domain stress set,-1.2943655252456665,1.0,0.0
YOUTUBE_LG58020157_LP770_id42_s0_30.png,1,VALID,2.7070312,-1.7539062,-1.0791016,3.374516,LCC-FASD external-dev / cross-domain stress set,-1.2943655252456665,1.0,0.0
YOUTUBE_LG58020157_LP770_id42_s0_45.png,1,VALID,2.2539062,-1.5419922,-0.87890625,2.7172263,LCC-FASD external-dev / cross-domain stress set,-1.2943655252456665,1.0,0.0
YOUTUBE_LG58020157_LP770_id42_s0_60.png,1,VALID,1.6943359,-1.2333984,-0.5419922,1.8302824,LCC-FASD external-dev / cross-domain stress set,-1.2943655252456665,1.0,0.0
YOUTUBE_LG58020157_LP770_id42_s0_75.png,1,VALID,2.0292969,-1.3515625,-0.7211914,2.323657,LCC-FASD external-dev / cross-domain stress set,-1.2943655252456665,1.0,0.0
YOUTUBE_LG58020157_LP770_id42_s0_90.png,1,VALID,2.2265625,-1.2763672,-0.89697266,2.6021996,LCC-FASD external-dev / cross-domain stress set,-1.2943655252456665,1.0,0.0
YOUTUBE_LGFE2240_SDGTS6102_id43_s0_36.png,1,VALID,0.5761719,-0.42285156,-0.19018555,0.18279177,LCC-FASD external-dev / cross-domain stress set,-1.2943655252456665,1.0,0.0
YOUTUBE_LGFE2240_SDGTS6102_id43_s0_95.png,1,VALID,0.33398438,-0.3425293,-0.002166748,-0.20122623,LCC-FASD external-dev / cross-domain stress set,-1.2943655252456665,1.0,0.0
YOUTUBE_LGFE2240_SDGTS6102_id43_s0_124.png,1,VALID,0.53515625,-0.43798828,-0.080322266,0.085258245,LCC-FASD external-dev / cross-domain stress set,-1.2943655252456665,1.0,0.0
YOUTUBE_LGFE2240_SDGTS6102_id48_s1_15.png,1,VALID,-0.76708984,1.0410156,0.103393555,-2.1385293,LCC-FASD external-dev / cross-domain stress set,-1.2943655252456665,0.0,1.0
YOUTUBE_LGFE2240_SDGTS6102_id48_s1_32.png,1,VALID,-0.034332275,0.17224121,0.0012931824,-0.8178951,LCC-FASD external-dev / cross-domain stress set,-1.2943655252456665,1.0,0.0
YOUTUBE_LGFE2240_SDGTS6102_id48_s1_47.png,1,VALID,-1.0361328,1.2988281,0.24133301,-2.633082,LCC-FASD external-dev / cross-domain stress set,-1.2943655252456665,0.0,1.0
YOUTUBE_LGFE2240_SDGTS6102_id48_s1_62.png,1,VALID,-0.5517578,0.8701172,0.055908203,-1.7885921,LCC-FASD external-dev / cross-domain stress set,-1.2943655252456665,0.0,1.0
YOUTUBE_LGFE2240_SDGTS6102_id48_s1_77.png,1,VALID,-0.04034424,0.39526367,-0.08642578,-0.9166373,LCC-FASD external-dev / cross-domain stress set,-1.2943655252456665,1.0,0.0
YOUTUBE_LGFE2240_SDGTS6102_id48_s1_93.png,1,VALID,-0.28173828,0.7871094,-0.14611816,-1.40051,LCC-FASD external-dev / cross-domain stress set,-1.2943655252456665,0.0,1.0
YOUTUBE_LGFE2240_SDGTS6102_id48_s1_108.png,1,VALID,0.07141113,0.26635742,-0.11785889,-0.71432567,LCC-FASD external-dev / cross-domain stress set,-1.2943655252456665,1.0,0.0
YOUTUBE_LGFE2240_SDGTS6102_id48_s1_124.png,1,VALID,-0.21472168,0.6665039,-0.108947754,-1.2600014,LCC-FASD external-dev / cross-domain stress set,-1.2943655252456665,1.0,0.0
YOUTUBE_LGFE2240_SDGTS6102_id48_s1_140.png,1,VALID,0.29589844,0.10650635,-0.25927734,-0.33749557,LCC-FASD external-dev / cross-domain stress set,-1.2943655252456665,1.0,0.0
YOUTUBE_LGFE2240_SDGTS6102_id48_s1_155.png,1,VALID,-0.21032715,0.49609375,-0.046875,-1.1644917,LCC-FASD external-dev / cross-domain stress set,-1.2943655252456665,1.0,0.0
YOUTUBE_LGFIPS235VBN_SMA500F_id39_s0_15.png,1,VALID,-1.0175781,1.1210938,0.35839844,-2.5214875,LCC-FASD external-dev / cross-domain stress set,-1.2943655252456665,0.0,1.0
YOUTUBE_LGFIPS235VBN_SMA500F_id39_s0_31.png,1,VALID,-1.1660156,1.3164062,0.34521484,-2.8035133,LCC-FASD external-dev / cross-domain stress set,-1.2943655252456665,0.0,1.0
YOUTUBE_LGFIPS235VBN_SMA500F_id39_s0_46.png,1,VALID,-0.96972656,1.0126953,0.35864258,-2.4010892,LCC-FASD external-dev / cross-domain stress set,-1.2943655252456665,0.0,1.0
YOUTUBE_LGFIPS235VBN_SMA500F_id43_s0_101.png,1,VALID,-0.15466309,0.06951904,0.2084961,-0.9892303,LCC-FASD external-dev / cross-domain stress set,-1.2943655252456665,1.0,0.0
YOUTUBE_LGFIPS235VBN_SMA500F_id43_s0_116.png,1,VALID,0.1315918,0.11260986,-0.09820557,-0.5743027,LCC-FASD external-dev / cross-domain stress set,-1.2943655252456665,1.0,0.0
YOUTUBE_LGFIPS235VBN_SMA500F_id43_s0_131.png,1,VALID,0.2175293,-0.11993408,0.016937256,-0.42645937,LCC-FASD external-dev / cross-domain stress set,-1.2943655252456665,1.0,0.0
YOUTUBE_IIYAMAXU_ZE520KL_id43_s0_36.png,1,VALID,-0.49682617,0.53271484,0.23791504,-1.5861125,LCC-FASD external-dev / cross-domain stress set,-1.2943655252456665,0.0,1.0
YOUTUBE_IIYAMAXU_ZE520KL_id43_s0_52.png,1,VALID,-0.5522461,0.8823242,0.020263672,-1.7868392,LCC-FASD external-dev / cross-domain stress set,-1.2943655252456665,0.0,1.0
YOUTUBE_IIYAMAXU_ZE520KL_id43_s0_133.png,1,VALID,-0.3930664,0.66308594,0.03503418,-1.48379,LCC-FASD external-dev / cross-domain stress set,-1.2943655252456665,0.0,1.0
YOUTUBE_IIYAMAXU_ZE520KL_id43_s0_158.png,1,VALID,-0.13964844,0.28173828,0.072021484,-1.0151632,LCC-FASD external-dev / cross-domain stress set,-1.2943655252456665,1.0,0.0
YOUTUBE_IIYAMAXU_ZE520KL_id43_s0_173.png,1,VALID,-0.14074707,0.31860352,0.040100098,-1.0229104,LCC-FASD external-dev / cross-domain stress set,-1.2943655252456665,1.0,0.0
YOUTUBE_IIYAMAXU_ZE520KL_id43_s0_193.png,1,VALID,-0.08117676,0.32421875,-0.033569336,-0.9355656,LCC-FASD external-dev / cross-domain stress set,-1.2943655252456665,1.0,0.0
YOUTUBE_IIYAMAXU_ZE520KL_id43_s0_214.png,1,VALID,0.20336914,0.14404297,-0.11602783,-0.5122165,LCC-FASD external-dev / cross-domain stress set,-1.2943655252456665,1.0,0.0
YOUTUBE_IIYAMAXU_ZE520KL_id43_s1_17.png,1,VALID,-0.21350098,0.6977539,-0.16015625,-1.264758,LCC-FASD external-dev / cross-domain stress set,-1.2943655252456665,1.0,0.0
YOUTUBE_IIYAMAXU_ZE520KL_id43_s1_34.png,1,VALID,-0.24853516,0.6279297,-0.09686279,-1.2714924,LCC-FASD external-dev / cross-domain stress set,-1.2943655252456665,1.0,0.0
YOUTUBE_IIYAMAXU_ZE520KL_id43_s1_72.png,1,VALID,-0.020355225,0.52734375,-0.2388916,-0.92939,LCC-FASD external-dev / cross-domain stress set,-1.2943655252456665,1.0,0.0
YOUTUBE_IIYAMAXU_ZE520KL_id43_s1_87.png,1,VALID,-0.50878906,0.85009766,-4.053116e-05,-1.7147105,LCC-FASD external-dev / cross-domain stress set,-1.2943655252456665,0.0,1.0
YOUTUBE_IIYAMAXU_ZE520KL_id43_s1_114.png,1,VALID,-0.5019531,0.9296875,-0.034973145,-1.75453,LCC-FASD external-dev / cross-domain stress set,-1.2943655252456665,0.0,1.0
YOUTUBE_IIYAMAXU_ZE520KL_id43_s1_129.png,1,VALID,-0.18859863,0.7324219,-0.23962402,-1.2418773,LCC-FASD external-dev / cross-domain stress set,-1.2943655252456665,1.0,0.0
YOUTUBE_IIYAMAXU_ZE520KL_id43_s1_144.png,1,VALID,-0.43725586,0.6870117,0.05895996,-1.5519053,LCC-FASD external-dev / cross-domain stress set,-1.2943655252456665,0.0,1.0
YOUTUBE_IIYAMAXU_ZE520KL_id43_s1_159.png,1,VALID,0.07989502,0.66552734,-0.3876953,-0.88485646,LCC-FASD external-dev / cross-domain stress set,-1.2943655252456665,1.0,0.0
YOUTUBE_IIYAMAXU_ZE520KL_id48_s1_15.png,1,VALID,-0.7475586,1.2021484,0.035888672,-2.2209015,LCC-FASD external-dev / cross-domain stress set,-1.2943655252456665,0.0,1.0
YOUTUBE_IIYAMAXU_ZE520KL_id48_s1_30.png,1,VALID,0.48168945,-0.18713379,-0.22290039,-0.006600499,LCC-FASD external-dev / cross-domain stress set,-1.2943655252456665,1.0,0.0
YOUTUBE_IIYAMAXU_ZE520KL_id48_s1_45.png,1,VALID,-0.7348633,1.0419922,0.12695312,-2.1136856,LCC-FASD external-dev / cross-domain stress set,-1.2943655252456665,0.0,1.0
YOUTUBE_IIYAMAXU_ZE520KL_id48_s1_60.png,1,VALID,-0.62890625,1.2001953,-0.06939697,-2.0767007,LCC-FASD external-dev / cross-domain stress set,-1.2943655252456665,0.0,1.0
YOUTUBE_IIYAMAXU_ZE520KL_id48_s1_75.png,1,VALID,-0.032806396,0.30981445,-0.05392456,-0.8703464,LCC-FASD external-dev / cross-domain stress set,-1.2943655252456665,1.0,0.0
YOUTUBE_IIYAMAXU_ZE520KL_id48_s1_95.png,1,VALID,0.8569336,-0.23449707,-0.47607422,0.5117948,LCC-FASD external-dev / cross-domain stress set,-1.2943655252456665,1.0,0.0
YOUTUBE_IIYAMAXU_ZE520KL_id48_s1_110.png,1,VALID,-0.6743164,1.0166016,0.08148193,-2.0220466,LCC-FASD external-dev / cross-domain stress set,-1.2943655252456665,0.0,1.0
YOUTUBE_IIYAMAXU_ZE520KL_id48_s1_125.png,1,VALID,-0.38623047,0.5415039,0.0791626,-1.4161962,LCC-FASD external-dev / cross-domain stress set,-1.2943655252456665,0.0,1.0
YOUTUBE_IIYAMAXU_ZE520KL_id48_s1_140.png,1,VALID,-0.9238281,1.234375,0.2199707,-2.4676113,LCC-FASD external-dev / cross-domain stress set,-1.2943655252456665,0.0,1.0
YOUTUBE_IIYAMAXU_ZE520KL_id48_s1_155.png,1,VALID,-0.6484375,0.9038086,0.13476562,-1.933047,LCC-FASD external-dev / cross-domain stress set,-1.2943655252456665,0.0,1.0
YOUTUBE_L1752S_SGS4M_id48_s0_15.png,1,VALID,-0.20544434,0.69091797,-0.119018555,-1.264393,LCC-FASD external-dev / cross-domain stress set,-1.2943655252456665,1.0,0.0
YOUTUBE_L1752S_SGS4M_id48_s0_30.png,1,VALID,-1.0439453,1.2285156,0.25610352,-2.5932174,LCC-FASD external-dev / cross-domain stress set,-1.2943655252456665,0.0,1.0
YOUTUBE_L1752S_SGS4M_id48_s0_45.png,1,VALID,-0.20959473,0.61376953,-0.09454346,-1.2237996,LCC-FASD external-dev / cross-domain stress set,-1.2943655252456665,1.0,0.0
YOUTUBE_L1752S_SGS4M_id48_s0_60.png,1,VALID,0.74365234,-0.20178223,-0.43823242,0.36354017,LCC-FASD external-dev / cross-domain stress set,-1.2943655252456665,1.0,0.0
YOUTUBE_L1752S_SGS4M_id48_s0_75.png,1,VALID,0.6010742,-0.24645996,-0.30517578,0.18331403,LCC-FASD external-dev / cross-domain stress set,-1.2943655252456665,1.0,0.0
YOUTUBE_L1752S_SGS4M_id48_s0_90.png,1,VALID,0.24645996,0.0748291,-0.16809082,-0.40741456,LCC-FASD external-dev / cross-domain stress set,-1.2943655252456665,1.0,0.0
YOUTUBE_L1752S_SGS4M_id48_s0_105.png,1,VALID,0.3618164,0.09057617,-0.24328613,-0.2688446,LCC-FASD external-dev / cross-domain stress set,-1.2943655252456665,1.0,0.0
YOUTUBE_L1752S_SGS4M_id48_s0_120.png,1,VALID,1.1376953,-0.55615234,-0.5073242,0.97598845,LCC-FASD external-dev / cross-domain stress set,-1.2943655252456665,1.0,0.0
YOUTUBE_L1752S_SGS4M_id48_s0_135.png,1,VALID,-0.10461426,0.22790527,0.03756714,-0.93501943,LCC-FASD external-dev / cross-domain stress set,-1.2943655252456665,1.0,0.0
YOUTUBE_L1752S_SGS4M_id48_s0_150.png,1,VALID,0.84375,-0.41674805,-0.3635254,0.5403855,LCC-FASD external-dev / cross-domain stress set,-1.2943655252456665,1.0,0.0
YOUTUBE_L5001EL_IPHONE6F_id43_s0_15.png,1,VALID,-0.75878906,0.65625,0.3317871,-1.959057,LCC-FASD external-dev / cross-domain stress set,-1.2943655252456665,0.0,1.0
YOUTUBE_L5001EL_IPHONE6F_id43_s0_30.png,1,VALID,-0.72802734,0.7680664,0.19921875,-1.9447317,LCC-FASD external-dev / cross-domain stress set,-1.2943655252456665,0.0,1.0
YOUTUBE_L5001EL_IPHONE6F_id43_s0_48.png,1,VALID,-0.3959961,0.3166504,0.22399902,-1.3605406,LCC-FASD external-dev / cross-domain stress set,-1.2943655252456665,0.0,1.0
YOUTUBE_L5001EL_IPHONE6F_id43_s0_66.png,1,VALID,-0.85498047,0.7763672,0.37060547,-2.1420546,LCC-FASD external-dev / cross-domain stress set,-1.2943655252456665,0.0,1.0
YOUTUBE_L5001EL_IPHONE6F_id43_s0_82.png,1,VALID,-0.4404297,0.36743164,0.20361328,-1.4224502,LCC-FASD external-dev / cross-domain stress set,-1.2943655252456665,0.0,1.0
YOUTUBE_L5001EL_IPHONE6F_id43_s0_98.png,1,VALID,0.031234741,0.16442871,-0.07672119,-0.7130179,LCC-FASD external-dev / cross-domain stress set,-1.2943655252456665,1.0,0.0
YOUTUBE_L5001EL_IPHONE6F_id43_s0_121.png,1,VALID,-0.24841309,0.32763672,0.054748535,-1.1420326,LCC-FASD external-dev / cross-domain stress set,-1.2943655252456665,1.0,0.0
YOUTUBE_L5001EL_IPHONE6F_id43_s0_136.png,1,VALID,-0.8222656,0.8486328,0.2631836,-2.1135666,LCC-FASD external-dev / cross-domain stress set,-1.2943655252456665,0.0,1.0
YOUTUBE_L5001EL_IPHONE6F_id43_s0_151.png,1,VALID,-0.7910156,0.6982422,0.3046875,-2.0048647,LCC-FASD external-dev / cross-domain stress set,-1.2943655252456665,0.0,1.0
YOUTUBE_L5001EL_IPHONE6F_id43_s0_166.png,1,VALID,-0.5776367,0.68359375,0.14526367,-1.7210084,LCC-FASD external-dev / cross-domain stress set,-1.2943655252456665,0.0,1.0
YOUTUBE_L5001EL_IPHONE6F_id43_s1_15.png,1,VALID,1.0019531,-0.16064453,-0.6850586,0.6976681,LCC-FASD external-dev / cross-domain stress set,-1.2943655252456665,1.0,0.0
YOUTUBE_L5001EL_IPHONE6F_id43_s1_104.png,1,VALID,0.7392578,0.06695557,-0.55615234,0.2429415,LCC-FASD external-dev / cross-domain stress set,-1.2943655252456665,1.0,0.0
YOUTUBE_L5001EL_IPHONE6F_id43_s1_119.png,1,VALID,0.36645508,0.06311035,-0.28076172,-0.23257518,LCC-FASD external-dev / cross-domain stress set,-1.2943655252456665,1.0,0.0
YOUTUBE_L5001EL_IPHONE6F_id43_s1_134.png,1,VALID,0.37426758,0.13513184,-0.28735352,-0.26491648,LCC-FASD external-dev / cross-domain stress set,-1.2943655252456665,1.0,0.0
YOUTUBE_L5001EL_IPHONE6F_id43_s1_149.png,1,VALID,-0.046295166,0.6894531,-0.32983398,-1.0438594,LCC-FASD external-dev / cross-domain stress set,-1.2943655252456665,1.0,0.0
YOUTUBE_IIYAMAXU_SMG955U_S0_id48_s1_30.png,1,VALID,-1.4433594,1.9345703,0.23474121,-3.545742,LCC-FASD external-dev / cross-domain stress set,-1.2943655252456665,0.0,1.0
YOUTUBE_IIYAMAXU_SMG955U_S0_id48_s1_45.png,1,VALID,-1.359375,1.7919922,0.24768066,-3.344842,LCC-FASD external-dev / cross-domain stress set,-1.2943655252456665,0.0,1.0
YOUTUBE_IIYAMAXU_SMG955U_S0_id48_s1_60.png,1,VALID,-1.5742188,2.1523438,0.2524414,-3.865962,LCC-FASD external-dev / cross-domain stress set,-1.2943655252456665,0.0,1.0
YOUTUBE_IIYAMAXU_SMG955U_S0_id48_s1_77.png,1,VALID,-1.1708984,1.6611328,0.09069824,-3.0209599,LCC-FASD external-dev / cross-domain stress set,-1.2943655252456665,0.0,1.0
YOUTUBE_IIYAMAXU_SMG955U_S0_id48_s1_92.png,1,VALID,-1.328125,1.8583984,0.18017578,-3.3577044,LCC-FASD external-dev / cross-domain stress set,-1.2943655252456665,0.0,1.0
YOUTUBE_IIYAMAXU_SMG955U_S1_id48_s0_15.png,1,VALID,-1.4287109,1.8525391,0.28466797,-3.4706204,LCC-FASD external-dev / cross-domain stress set,-1.2943655252456665,0.0,1.0
YOUTUBE_IIYAMAXU_SMG955U_S1_id48_s0_30.png,1,VALID,-1.2216797,1.6064453,0.24682617,-3.056661,LCC-FASD external-dev / cross-domain stress set,-1.2943655252456665,0.0,1.0
YOUTUBE_IIYAMAXU_SMG955U_S1_id48_s0_45.png,1,VALID,-0.34521484,0.77685547,-0.029647827,-1.4911593,LCC-FASD external-dev / cross-domain stress set,-1.2943655252456665,0.0,1.0
YOUTUBE_IIYAMAXU_SMG955U_S1_id48_s0_60.png,1,VALID,-0.7182617,1.2724609,-0.05114746,-2.2267218,LCC-FASD external-dev / cross-domain stress set,-1.2943655252456665,0.0,1.0
YOUTUBE_IIYAMAXU_SMG955U_S1_id48_s0_75.png,1,VALID,-1.0947266,1.5722656,0.11541748,-2.8764176,LCC-FASD external-dev / cross-domain stress set,-1.2943655252456665,0.0,1.0
YOUTUBE_IIYAMAXU_SMG955U_S1_id48_s0_90.png,1,VALID,-0.9296875,1.3535156,0.08843994,-2.5317945,LCC-FASD external-dev / cross-domain stress set,-1.2943655252456665,0.0,1.0
YOUTUBE_IIYAMAXU_SMG955U_S1_id48_s0_105.png,1,VALID,-0.49975586,0.984375,-0.016098022,-1.7972653,LCC-FASD external-dev / cross-domain stress set,-1.2943655252456665,0.0,1.0
YOUTUBE_IIYAMAXU_SMG955U_S1_id48_s0_120.png,1,VALID,-0.64404297,0.8725586,0.12225342,-1.9033747,LCC-FASD external-dev / cross-domain stress set,-1.2943655252456665,0.0,1.0
YOUTUBE_IIYAMAXU_SMG955U_S1_id48_s0_135.png,1,VALID,-0.78515625,1.2060547,0.05731201,-2.266594,LCC-FASD external-dev / cross-domain stress set,-1.2943655252456665,0.0,1.0
YOUTUBE_IIYAMAXU_SMG955U_S1_id48_s0_150.png,1,VALID,-1.1630859,1.5878906,0.15576172,-2.9651198,LCC-FASD external-dev / cross-domain stress set,-1.2943655252456665,0.0,1.0
YOUTUBE_IIYAMAXU_SMG955U_S1_id48_s1_15.png,1,VALID,-0.61572266,1.0683594,0.009674072,-1.9818964,LCC-FASD external-dev / cross-domain stress set,-1.2943655252456665,0.0,1.0
YOUTUBE_IIYAMAXU_SMG955U_S1_id48_s1_30.png,1,VALID,-1.4492188,1.8613281,0.30249023,-3.5014815,LCC-FASD external-dev / cross-domain stress set,-1.2943655252456665,0.0,1.0
YOUTUBE_IIYAMAXU_SMG955U_S1_id48_s1_45.png,1,VALID,-1.3232422,1.6699219,0.28588867,-3.2167602,LCC-FASD external-dev / cross-domain stress set,-1.2943655252456665,0.0,1.0
YOUTUBE_IIYAMAXU_SMG955U_S1_id48_s1_60.png,1,VALID,-1.3398438,1.8554688,0.18200684,-3.367244,LCC-FASD external-dev / cross-domain stress set,-1.2943655252456665,0.0,1.0
YOUTUBE_IIYAMAXU_SMG955U_S1_id48_s1_75.png,1,VALID,-0.4177246,0.84521484,-0.068603516,-1.6001188,LCC-FASD external-dev / cross-domain stress set,-1.2943655252456665,0.0,1.0
YOUTUBE_IIYAMAXU_SMG955U_S1_id48_s1_90.png,1,VALID,-0.9980469,1.3310547,0.18273926,-2.6045876,LCC-FASD external-dev / cross-domain stress set,-1.2943655252456665,0.0,1.0
YOUTUBE_IIYAMAXU_SMG955U_S1_id48_s1_105.png,1,VALID,-1.2353516,1.7285156,0.1665039,-3.1542509,LCC-FASD external-dev / cross-domain stress set,-1.2943655252456665,0.0,1.0
YOUTUBE_IIYAMAXU_SMG955U_S1_id48_s1_120.png,1,VALID,-0.7915039,1.1582031,0.08190918,-2.2430155,LCC-FASD external-dev / cross-domain stress set,-1.2943655252456665,0.0,1.0
YOUTUBE_IIYAMAXU_SMG955U_S1_id48_s1_135.png,1,VALID,-0.5986328,1.0820312,-0.05380249,-1.9591699,LCC-FASD external-dev / cross-domain stress set,-1.2943655252456665,0.0,1.0
YOUTUBE_IIYAMAXU_SMG955U_S1_id48_s1_150.png,1,VALID,-0.5058594,1.09375,-0.13623047,-1.8560317,LCC-FASD external-dev / cross-domain stress set,-1.2943655252456665,0.0,1.0
YOUTUBE_IIYAMAXU_SMJ710FN_id29_s0_15.png,1,VALID,-0.7451172,1.2919922,-0.017044067,-2.2761893,LCC-FASD external-dev / cross-domain stress set,-1.2943655252456665,0.0,1.0
YOUTUBE_IIYAMAXU_SMJ710FN_id29_s0_30.png,1,VALID,-1.1669922,1.6640625,0.13195801,-3.0266876,LCC-FASD external-dev / cross-domain stress set,-1.2943655252456665,0.0,1.0
YOUTUBE_IIYAMAXU_SMJ710FN_id29_s0_45.png,1,VALID,-0.35351562,1.0996094,-0.25976562,-1.6817107,LCC-FASD external-dev / cross-domain stress set,-1.2943655252456665,0.0,1.0
YOUTUBE_IIYAMAXU_SMJ710FN_id29_s0_60.png,1,VALID,-1.0048828,1.6181641,0.0066108704,-2.805016,LCC-FASD external-dev / cross-domain stress set,-1.2943655252456665,0.0,1.0
YOUTUBE_IIYAMAXU_SMJ710FN_id29_s0_75.png,1,VALID,-0.8652344,1.4873047,-0.0076942444,-2.5548666,LCC-FASD external-dev / cross-domain stress set,-1.2943655252456665,0.0,1.0
YOUTUBE_IIYAMAXU_SMJ710FN_id29_s0_90.png,1,VALID,-1.2441406,1.7617188,0.15856934,-3.1892319,LCC-FASD external-dev / cross-domain stress set,-1.2943655252456665,0.0,1.0
YOUTUBE_IIYAMAXU_SMJ710FN_id29_s0_105.png,1,VALID,-0.9638672,1.4023438,0.11706543,-2.6103907,LCC-FASD external-dev / cross-domain stress set,-1.2943655252456665,0.0,1.0
YOUTUBE_IIYAMAXU_SMJ710FN_id29_s0_120.png,1,VALID,-0.89501953,1.3300781,0.08892822,-2.4790044,LCC-FASD external-dev / cross-domain stress set,-1.2943655252456665,0.0,1.0
YOUTUBE_IIYAMAXU_SMJ710FN_id29_s0_135.png,1,VALID,-0.96484375,1.4287109,0.1194458,-2.632586,LCC-FASD external-dev / cross-domain stress set,-1.2943655252456665,0.0,1.0
YOUTUBE_IIYAMAXU_ZE520KL_id39_s0_16.png,1,VALID,-1.0605469,1.2070312,0.2878418,-2.603223,LCC-FASD external-dev / cross-domain stress set,-1.2943655252456665,0.0,1.0
YOUTUBE_IIYAMAXU_ZE520KL_id39_s0_36.png,1,VALID,-0.6044922,0.92578125,0.007671356,-1.8662263,LCC-FASD external-dev / cross-domain stress set,-1.2943655252456665,0.0,1.0
YOUTUBE_IIYAMAXU_ZE520KL_id39_s0_51.png,1,VALID,-1.0400391,1.2548828,0.27001953,-2.612277,LCC-FASD external-dev / cross-domain stress set,-1.2943655252456665,0.0,1.0
YOUTUBE_IIYAMAXU_ZE520KL_id39_s0_81.png,1,VALID,-0.7246094,1.0791016,0.06878662,-2.114209,LCC-FASD external-dev / cross-domain stress set,-1.2943655252456665,0.0,1.0
YOUTUBE_IIYAMAXU_ZE520KL_id39_s0_213.png,1,VALID,-1.0732422,1.4023438,0.21118164,-2.740921,LCC-FASD external-dev / cross-domain stress set,-1.2943655252456665,0.0,1.0
YOUTUBE_IIYAMAXU_ZE520KL_id39_s0_311.png,1,VALID,0.26293945,-0.09136963,-0.06036377,-0.3544612,LCC-FASD external-dev / cross-domain stress set,-1.2943655252456665,1.0,0.0
YOUTUBE_IIYAMAXU_ZE520KL_id39_s0_334.png,1,VALID,-0.56396484,0.6171875,0.2319336,-1.7001115,LCC-FASD external-dev / cross-domain stress set,-1.2943655252456665,0.0,1.0
YOUTUBE_IIYAMAXU_ZE520KL_id39_s0_367.png,1,VALID,0.2364502,0.17944336,-0.2043457,-0.4625457,LCC-FASD external-dev / cross-domain stress set,-1.2943655252456665,1.0,0.0
YOUTUBE_IIYAMAXU_ZE520KL_id43_s0_109.png,1,VALID,-0.65722656,0.6958008,0.26782227,-1.8549083,LCC-FASD external-dev / cross-domain stress set,-1.2943655252456665,0.0,1.0
YOUTUBE_IIYAMAXU_SMG955U_S0_id39_s0_32.png,1,VALID,-1.3066406,1.7626953,0.23693848,-3.2660997,LCC-FASD external-dev / cross-domain stress set,-1.2943655252456665,0.0,1.0
YOUTUBE_IIYAMAXU_SMG955U_S0_id43_s0_23.png,1,VALID,-0.83447266,1.0126953,0.2770996,-2.2386827,LCC-FASD external-dev / cross-domain stress set,-1.2943655252456665,0.0,1.0
YOUTUBE_IIYAMAXU_SMG955U_S0_id43_s0_45.png,1,VALID,-1.5234375,1.8544922,0.40478516,-3.5887084,LCC-FASD external-dev / cross-domain stress set,-1.2943655252456665,0.0,1.0
YOUTUBE_IIYAMAXU_SMG955U_S0_id43_s0_101.png,1,VALID,-1.0722656,1.3681641,0.22058105,-2.716092,LCC-FASD external-dev / cross-domain stress set,-1.2943655252456665,0.0,1.0
YOUTUBE_IIYAMAXU_SMG955U_S0_id43_s0_116.png,1,VALID,-1.4169922,1.6933594,0.375,-3.3474565,LCC-FASD external-dev / cross-domain stress set,-1.2943655252456665,0.0,1.0
YOUTUBE_IIYAMAXU_SMG955U_S0_id43_s0_131.png,1,VALID,-0.8979492,1.3359375,0.11505127,-2.4923732,LCC-FASD external-dev / cross-domain stress set,-1.2943655252456665,0.0,1.0
YOUTUBE_IIYAMAXU_SMG955U_S0_id43_s0_146.png,1,VALID,-0.7114258,1.2558594,0.034484863,-2.2256603,LCC-FASD external-dev / cross-domain stress set,-1.2943655252456665,0.0,1.0
YOUTUBE_IIYAMAXU_SMG955U_S0_id43_s0_161.png,1,VALID,-1.0576172,1.4736328,0.11584473,-2.7601602,LCC-FASD external-dev / cross-domain stress set,-1.2943655252456665,0.0,1.0
YOUTUBE_IIYAMAXU_SMG955U_S0_id43_s0_187.png,1,VALID,-0.93847656,1.2148438,0.1541748,-2.450624,LCC-FASD external-dev / cross-domain stress set,-1.2943655252456665,0.0,1.0
YOUTUBE_IIYAMAXU_SMG955U_S0_id43_s0_204.png,1,VALID,-1.2265625,1.4287109,0.35009766,-2.9479928,LCC-FASD external-dev / cross-domain stress set,-1.2943655252456665,0.0,1.0
YOUTUBE_IIYAMAXU_SMG955U_S0_id43_s1_16.png,1,VALID,-0.7944336,1.1572266,0.098083496,-2.2493565,LCC-FASD external-dev / cross-domain stress set,-1.2943655252456665,0.0,1.0
YOUTUBE_IIYAMAXU_SMG955U_S0_id43_s1_44.png,1,VALID,-1.0126953,1.6113281,0.066345215,-2.81738,LCC-FASD external-dev / cross-domain stress set,-1.2943655252456665,0.0,1.0
YOUTUBE_IIYAMAXU_SMG955U_S0_id43_s1_59.png,1,VALID,-0.4873047,1.1660156,-0.18981934,-1.8826305,LCC-FASD external-dev / cross-domain stress set,-1.2943655252456665,0.0,1.0
YOUTUBE_IIYAMAXU_SMG955U_S0_id43_s1_74.png,1,VALID,-0.33666992,1.0009766,-0.20739746,-1.5989969,LCC-FASD external-dev / cross-domain stress set,-1.2943655252456665,0.0,1.0
YOUTUBE_IIYAMAXU_SMG955U_S0_id43_s1_98.png,1,VALID,-1.0302734,1.3994141,0.13708496,-2.678884,LCC-FASD external-dev / cross-domain stress set,-1.2943655252456665,0.0,1.0
YOUTUBE_IIYAMAXU_SMG955U_S0_id43_s1_113.png,1,VALID,-0.16174316,0.87597656,-0.27807617,-1.3118272,LCC-FASD external-dev / cross-domain stress set,-1.2943655252456665,0.0,1.0
YOUTUBE_IIYAMAXU_SMG955U_S0_id43_s1_129.png,1,VALID,-1.0361328,1.4169922,0.13061523,-2.6970668,LCC-FASD external-dev / cross-domain stress set,-1.2943655252456665,0.0,1.0
YOUTUBE_IIYAMAXU_SMG955U_S0_id43_s1_144.png,1,VALID,-0.9711914,1.4277344,0.058380127,-2.6254802,LCC-FASD external-dev / cross-domain stress set,-1.2943655252456665,0.0,1.0
YOUTUBE_IIYAMAXU_SMG955U_S0_id48_s0_15.png,1,VALID,-1.3232422,1.7773438,0.1953125,-3.2875276,LCC-FASD external-dev / cross-domain stress set,-1.2943655252456665,0.0,1.0
YOUTUBE_IIYAMAXU_SMG955U_S0_id48_s0_30.png,1,VALID,-1.4423828,1.8017578,0.3239746,-3.4496439,LCC-FASD external-dev / cross-domain stress set,-1.2943655252456665,0.0,1.0
YOUTUBE_IIYAMAXU_SMG955U_S0_id48_s0_45.png,1,VALID,-1.1464844,1.3779297,0.29663086,-2.8164527,LCC-FASD external-dev / cross-domain stress set,-1.2943655252456665,0.0,1.0
YOUTUBE_IIYAMAXU_SMG955U_S0_id48_s0_60.png,1,VALID,-1.0917969,1.6240234,0.1204834,-2.9165888,LCC-FASD external-dev / cross-domain stress set,-1.2943655252456665,0.0,1.0
YOUTUBE_IIYAMAXU_SMG955U_S0_id48_s0_75.png,1,VALID,-1.4091797,1.8525391,0.24865723,-3.4449685,LCC-FASD external-dev / cross-domain stress set,-1.2943655252456665,0.0,1.0
YOUTUBE_IIYAMAXU_SMG955U_S0_id48_s0_90.png,1,VALID,-0.92578125,1.3134766,0.12371826,-2.5049205,LCC-FASD external-dev / cross-domain stress set,-1.2943655252456665,0.0,1.0
YOUTUBE_IIYAMAXU_SMG955U_S0_id48_s0_105.png,1,VALID,-1.046875,1.5703125,0.11462402,-2.8268323,LCC-FASD external-dev / cross-domain stress set,-1.2943655252456665,0.0,1.0
YOUTUBE_IIYAMAXU_SMG955U_S0_id48_s0_120.png,1,VALID,-1.0351562,1.4658203,0.12408447,-2.733192,LCC-FASD external-dev / cross-domain stress set,-1.2943655252456665,0.0,1.0
YOUTUBE_IIYAMAXU_SMG955U_S0_id48_s0_135.png,1,VALID,-1.1728516,1.4335938,0.29003906,-2.8830798,LCC-FASD external-dev / cross-domain stress set,-1.2943655252456665,0.0,1.0
YOUTUBE_IIYAMAXU_SMG955U_S0_id48_s0_150.png,1,VALID,-1.1582031,1.6796875,0.13244629,-3.0308506,LCC-FASD external-dev / cross-domain stress set,-1.2943655252456665,0.0,1.0
YOUTUBE_IIYAMAXU_SMG955U_S0_id48_s1_15.png,1,VALID,-1.0556641,1.6914062,0.019119263,-2.9191875,LCC-FASD external-dev / cross-domain stress set,-1.2943655252456665,0.0,1.0
YOUTUBE_IIYAMAXU_SMG955U_S0_id48_s1_107.png,1,VALID,-1.1074219,1.7802734,0.0028495789,-3.0439067,LCC-FASD external-dev / cross-domain stress set,-1.2943655252456665,0.0,1.0
YOUTUBE_IIYAMAXU_SMG955U_S0_id48_s1_122.png,1,VALID,-1.1289062,1.5585938,0.10235596,-2.8970408,LCC-FASD external-dev / cross-domain stress set,-1.2943655252456665,0.0,1.0
YOUTUBE_IIYAMAXU_SMG955U_S0_id48_s1_137.png,1,VALID,-1.2753906,1.8085938,0.15466309,-3.2590265,LCC-FASD external-dev / cross-domain stress set,-1.2943655252456665,0.0,1.0
YOUTUBE_IIYAMAXU_SMG955U_S0_id48_s1_152.png,1,VALID,-1.1132812,1.7402344,0.045562744,-3.0221267,LCC-FASD external-dev / cross-domain stress set,-1.2943655252456665,0.0,1.0
YOUTUBE_IIYAMAXU_MOTOMC_S1_id39_s0_33.png,1,VALID,0.18945312,0.26611328,-0.27319336,-0.5360783,LCC-FASD external-dev / cross-domain stress set,-1.2943655252456665,1.0,0.0
YOUTUBE_IIYAMAXU_MOTOMC_S1_id39_s1_15.png,1,VALID,0.66308594,-0.07519531,-0.4309082,0.20725673,LCC-FASD external-dev / cross-domain stress set,-1.2943655252456665,1.0,0.0
YOUTUBE_IIYAMAXU_MOTOMC_S1_id39_s1_30.png,1,VALID,1.1894531,-0.38891602,-0.6586914,1.0110397,LCC-FASD external-dev / cross-domain stress set,-1.2943655252456665,1.0,0.0
YOUTUBE_IIYAMAXU_MOTOMC_S1_id39_s1_45.png,1,VALID,1.1953125,-0.65722656,-0.54833984,1.1034672,LCC-FASD external-dev / cross-domain stress set,-1.2943655252456665,1.0,0.0
YOUTUBE_IIYAMAXU_MOTOMC_S1_id39_s1_60.png,1,VALID,0.6635742,-0.03152466,-0.44677734,0.18817681,LCC-FASD external-dev / cross-domain stress set,-1.2943655252456665,1.0,0.0
YOUTUBE_IIYAMAXU_MOTOMC_S1_id39_s1_75.png,1,VALID,1.4482422,-0.37109375,-0.8569336,1.3398894,LCC-FASD external-dev / cross-domain stress set,-1.2943655252456665,1.0,0.0
YOUTUBE_IIYAMAXU_MOTOMC_S1_id39_s1_90.png,1,VALID,0.9916992,-0.40576172,-0.5136719,0.756814,LCC-FASD external-dev / cross-domain stress set,-1.2943655252456665,1.0,0.0
YOUTUBE_IIYAMAXU_MOTOMC_S1_id42_s0_17.png,1,VALID,1.8125,-1.0429688,-0.7583008,2.009892,LCC-FASD external-dev / cross-domain stress set,-1.2943655252456665,1.0,0.0
YOUTUBE_IIYAMAXU_MOTOMC_S1_id42_s0_36.png,1,VALID,1.6992188,-1.0712891,-0.62353516,1.8286299,LCC-FASD external-dev / cross-domain stress set,-1.2943655252456665,1.0,0.0
YOUTUBE_IIYAMAXU_MOTOMC_S1_id42_s0_51.png,1,VALID,1.5556641,-1.0839844,-0.5371094,1.6361365,LCC-FASD external-dev / cross-domain stress set,-1.2943655252456665,1.0,0.0
YOUTUBE_IIYAMAXU_MOTOMC_S1_id42_s0_66.png,1,VALID,0.9692383,-0.4873047,-0.39746094,0.7174653,LCC-FASD external-dev / cross-domain stress set,-1.2943655252456665,1.0,0.0
YOUTUBE_IIYAMAXU_MOTOMC_S1_id42_s0_81.png,1,VALID,1.2353516,-0.7314453,-0.45483398,1.1258101,LCC-FASD external-dev / cross-domain stress set,-1.2943655252456665,1.0,0.0
YOUTUBE_IIYAMAXU_MOTOMC_S1_id42_s0_96.png,1,VALID,1.5429688,-1.0673828,-0.52783203,1.6114726,LCC-FASD external-dev / cross-domain stress set,-1.2943655252456665,1.0,0.0
YOUTUBE_IIYAMAXU_MOTOMC_S1_id42_s0_111.png,1,VALID,1.9238281,-0.9379883,-0.9692383,2.1841722,LCC-FASD external-dev / cross-domain stress set,-1.2943655252456665,1.0,0.0
YOUTUBE_IIYAMAXU_MOTOMC_S1_id42_s0_126.png,1,VALID,1.3505859,-0.8310547,-0.5253906,1.3240278,LCC-FASD external-dev / cross-domain stress set,-1.2943655252456665,1.0,0.0
YOUTUBE_IIYAMAXU_MOTOMC_S1_id42_s0_141.png,1,VALID,0.6821289,-0.42700195,-0.21289062,0.30320847,LCC-FASD external-dev / cross-domain stress set,-1.2943655252456665,1.0,0.0
YOUTUBE_IIYAMAXU_MOTOMC_S1_id42_s0_156.png,1,VALID,1.328125,-0.9560547,-0.40356445,1.2771074,LCC-FASD external-dev / cross-domain stress set,-1.2943655252456665,1.0,0.0
YOUTUBE_IIYAMAXU_MOTOMC_S1_id43_s0_15.png,1,VALID,-0.5258789,0.37548828,0.35766602,-1.5856429,LCC-FASD external-dev / cross-domain stress set,-1.2943655252456665,0.0,1.0
YOUTUBE_IIYAMAXU_MOTOMC_S1_id43_s0_30.png,1,VALID,-0.23498535,0.32299805,0.17004395,-1.1775751,LCC-FASD external-dev / cross-domain stress set,-1.2943655252456665,1.0,0.0
YOUTUBE_IIYAMAXU_MOTOMC_S1_id43_s0_45.png,1,VALID,0.13537598,-0.26293945,0.12768555,-0.5090977,LCC-FASD external-dev / cross-domain stress set,-1.2943655252456665,1.0,0.0
YOUTUBE_IIYAMAXU_MOTOMC_S1_id43_s0_63.png,1,VALID,0.3059082,-0.27856445,0.04925537,-0.28595793,LCC-FASD external-dev / cross-domain stress set,-1.2943655252456665,1.0,0.0
YOUTUBE_IIYAMAXU_MOTOMC_S1_id43_s0_78.png,1,VALID,-0.047302246,0.14575195,0.1439209,-0.8852863,LCC-FASD external-dev / cross-domain stress set,-1.2943655252456665,1.0,0.0
YOUTUBE_IIYAMAXU_MOTOMC_S1_id43_s0_93.png,1,VALID,-0.11907959,0.17199707,0.14367676,-0.9701639,LCC-FASD external-dev / cross-domain stress set,-1.2943655252456665,1.0,0.0
YOUTUBE_IIYAMAXU_MOTOMC_S1_id43_s0_108.png,1,VALID,-0.2607422,0.42358398,0.10845947,-1.232273,LCC-FASD external-dev / cross-domain stress set,-1.2943655252456665,1.0,0.0
YOUTUBE_IIYAMAXU_MOTOMC_S1_id43_s0_133.png,1,VALID,-0.21484375,0.47338867,0.02381897,-1.1816489,LCC-FASD external-dev / cross-domain stress set,-1.2943655252456665,1.0,0.0
YOUTUBE_IIYAMAXU_MOTOMC_S1_id43_s1_15.png,1,VALID,0.38623047,0.083862305,-0.27612305,-0.22689831,LCC-FASD external-dev / cross-domain stress set,-1.2943655252456665,1.0,0.0
YOUTUBE_IIYAMAXU_MOTOMC_S1_id43_s1_30.png,1,VALID,0.11566162,0.53125,-0.30639648,-0.77516854,LCC-FASD external-dev / cross-domain stress set,-1.2943655252456665,1.0,0.0
YOUTUBE_IIYAMAXU_MOTOMC_S1_id43_s1_45.png,1,VALID,0.3930664,0.28564453,-0.3876953,-0.30468935,LCC-FASD external-dev / cross-domain stress set,-1.2943655252456665,1.0,0.0
YOUTUBE_IIYAMAXU_MOTOMC_S1_id43_s1_60.png,1,VALID,0.2722168,0.48388672,-0.47314453,-0.5366704,LCC-FASD external-dev / cross-domain stress set,-1.2943655252456665,1.0,0.0
YOUTUBE_IIYAMAXU_MOTOMC_S1_id43_s1_75.png,1,VALID,0.0057525635,0.6279297,-0.28588867,-0.9593564,LCC-FASD external-dev / cross-domain stress set,-1.2943655252456665,1.0,0.0
YOUTUBE_IIYAMAXU_MOTOMC_S1_id43_s1_90.png,1,VALID,0.43408203,0.29736328,-0.43725586,-0.25511265,LCC-FASD external-dev / cross-domain stress set,-1.2943655252456665,1.0,0.0
YOUTUBE_IIYAMAXU_MOTOMC_S1_id43_s1_105.png,1,VALID,0.31982422,0.34887695,-0.40112305,-0.4159237,LCC-FASD external-dev / cross-domain stress set,-1.2943655252456665,1.0,0.0
YOUTUBE_IIYAMAXU_MOTOMC_S1_id48_s0_15.png,1,VALID,-0.8808594,1.3720703,0.08135986,-2.495935,LCC-FASD external-dev / cross-domain stress set,-1.2943655252456665,0.0,1.0
YOUTUBE_IIYAMAXU_MOTOMC_S1_id48_s0_30.png,1,VALID,-0.83691406,1.4677734,-0.08514404,-2.4966538,LCC-FASD external-dev / cross-domain stress set,-1.2943655252456665,0.0,1.0
YOUTUBE_IIYAMAXU_MOTOMC_S1_id48_s0_45.png,1,VALID,-0.02986145,0.46826172,-0.20178223,-0.9113488,LCC-FASD external-dev / cross-domain stress set,-1.2943655252456665,1.0,0.0
YOUTUBE_IIYAMAXU_MOTOMC_S1_id48_s0_60.png,1,VALID,-0.17553711,0.88378906,-0.28222656,-1.3305786,LCC-FASD external-dev / cross-domain stress set,-1.2943655252456665,0.0,1.0
YOUTUBE_IIYAMAXU_MOTOMC_S1_id48_s0_75.png,1,VALID,-0.7260742,1.2265625,-0.015380859,-2.2063656,LCC-FASD external-dev / cross-domain stress set,-1.2943655252456665,0.0,1.0
YOUTUBE_IIYAMAXU_MOTOMC_S1_id48_s0_90.png,1,VALID,-1.6025391,1.8378906,0.4572754,-3.6647117,LCC-FASD external-dev / cross-domain stress set,-1.2943655252456665,0.0,1.0
YOUTUBE_IIYAMAXU_MOTOMC_S1_id48_s0_105.png,1,VALID,-1.1572266,1.6103516,0.16491699,-2.97917,LCC-FASD external-dev / cross-domain stress set,-1.2943655252456665,0.0,1.0
YOUTUBE_IIYAMAXU_MOTOMC_S1_id48_s0_120.png,1,VALID,0.5263672,0.19750977,-0.4477539,-0.092824936,LCC-FASD external-dev / cross-domain stress set,-1.2943655252456665,1.0,0.0
YOUTUBE_IIYAMAXU_MOTOMC_S1_id48_s0_135.png,1,VALID,0.08502197,0.37695312,-0.2220459,-0.7297739,LCC-FASD external-dev / cross-domain stress set,-1.2943655252456665,1.0,0.0
YOUTUBE_IIYAMAXU_MOTOMC_S1_id48_s0_150.png,1,VALID,-0.3408203,0.77978516,-0.10656738,-1.4657233,LCC-FASD external-dev / cross-domain stress set,-1.2943655252456665,0.0,1.0
YOUTUBE_IIYAMAXU_MOTOMC_S1_id48_s1_15.png,1,VALID,0.81884766,-0.13000488,-0.5136719,0.42925054,LCC-FASD external-dev / cross-domain stress set,-1.2943655252456665,1.0,0.0
YOUTUBE_IIYAMAXU_MOTOMC_S1_id48_s1_30.png,1,VALID,-0.11413574,0.60302734,-0.1809082,-1.0932717,LCC-FASD external-dev / cross-domain stress set,-1.2943655252456665,1.0,0.0
YOUTUBE_IIYAMAXU_MOTOMC_S1_id48_s1_45.png,1,VALID,0.1973877,0.27685547,-0.24438477,-0.5455786,LCC-FASD external-dev / cross-domain stress set,-1.2943655252456665,1.0,0.0
YOUTUBE_IIYAMAXU_MOTOMC_S1_id48_s1_60.png,1,VALID,1.0341797,0.123413086,-0.8095703,0.5790353,LCC-FASD external-dev / cross-domain stress set,-1.2943655252456665,1.0,0.0
YOUTUBE_IIYAMAXU_MOTOMC_S1_id48_s1_75.png,1,VALID,-0.8339844,1.3251953,-0.028427124,-2.3889437,LCC-FASD external-dev / cross-domain stress set,-1.2943655252456665,0.0,1.0
YOUTUBE_IIYAMAXU_MOTOMC_S1_id48_s1_90.png,1,VALID,-0.38891602,0.7055664,0.074279785,-1.5209959,LCC-FASD external-dev / cross-domain stress set,-1.2943655252456665,0.0,1.0
YOUTUBE_IIYAMAXU_MOTOMC_S1_id48_s1_106.png,1,VALID,-0.3828125,1.015625,-0.1973877,-1.6587229,LCC-FASD external-dev / cross-domain stress set,-1.2943655252456665,0.0,1.0
YOUTUBE_IIYAMAXU_MOTOMC_S1_id48_s1_121.png,1,VALID,-0.8984375,1.3330078,0.09753418,-2.4866278,LCC-FASD external-dev / cross-domain stress set,-1.2943655252456665,0.0,1.0
YOUTUBE_IIYAMAXU_MOTOMC_S1_id48_s1_136.png,1,VALID,-0.08380127,0.82666016,-0.32617188,-1.1848617,LCC-FASD external-dev / cross-domain stress set,-1.2943655252456665,1.0,0.0
YOUTUBE_IIYAMAXU_MOTOMC_S1_id48_s1_151.png,1,VALID,-0.73583984,1.0351562,0.12524414,-2.109295,LCC-FASD external-dev / cross-domain stress set,-1.2943655252456665,0.0,1.0
YOUTUBE_IIYAMAXU_SMG955U_S0_id39_s0_17.png,1,VALID,-1.3564453,1.7001953,0.2890625,-3.2748656,LCC-FASD external-dev / cross-domain stress set,-1.2943655252456665,0.0,1.0
YOUTUBE_IIYAMAXU_MOTOMC_S0_id39_s1_15.png,1,VALID,0.023788452,0.3642578,-0.16296387,-0.804356,LCC-FASD external-dev / cross-domain stress set,-1.2943655252456665,1.0,0.0
YOUTUBE_IIYAMAXU_MOTOMC_S0_id39_s1_30.png,1,VALID,0.3215332,0.10089111,-0.25341797,-0.310961,LCC-FASD external-dev / cross-domain stress set,-1.2943655252456665,1.0,0.0
YOUTUBE_IIYAMAXU_MOTOMC_S0_id39_s1_46.png,1,VALID,0.6269531,-0.08319092,-0.37329102,0.15156382,LCC-FASD external-dev / cross-domain stress set,-1.2943655252456665,1.0,0.0
YOUTUBE_IIYAMAXU_MOTOMC_S0_id39_s1_61.png,1,VALID,0.11999512,0.14489746,-0.091918945,-0.6066353,LCC-FASD external-dev / cross-domain stress set,-1.2943655252456665,1.0,0.0
YOUTUBE_IIYAMAXU_MOTOMC_S0_id39_s1_76.png,1,VALID,0.6118164,0.13549805,-0.53125,0.061975956,LCC-FASD external-dev / cross-domain stress set,-1.2943655252456665,1.0,0.0
YOUTUBE_IIYAMAXU_MOTOMC_S0_id42_s0_21.png,1,VALID,1.4921875,-0.8046875,-0.6455078,1.5209742,LCC-FASD external-dev / cross-domain stress set,-1.2943655252456665,1.0,0.0
YOUTUBE_IIYAMAXU_MOTOMC_S0_id42_s0_37.png,1,VALID,1.3017578,-0.6611328,-0.59521484,1.2362413,LCC-FASD external-dev / cross-domain stress set,-1.2943655252456665,1.0,0.0
YOUTUBE_IIYAMAXU_MOTOMC_S0_id42_s0_52.png,1,VALID,1.7695312,-1.0576172,-0.7290039,1.9562566,LCC-FASD external-dev / cross-domain stress set,-1.2943655252456665,1.0,0.0
YOUTUBE_IIYAMAXU_MOTOMC_S0_id42_s0_67.png,1,VALID,0.8569336,-0.4440918,-0.34448242,0.5568338,LCC-FASD external-dev / cross-domain stress set,-1.2943655252456665,1.0,0.0
YOUTUBE_IIYAMAXU_MOTOMC_S0_id42_s0_82.png,1,VALID,0.81591797,-0.3630371,-0.3659668,0.48727167,LCC-FASD external-dev / cross-domain stress set,-1.2943655252456665,1.0,0.0
YOUTUBE_IIYAMAXU_MOTOMC_S0_id42_s0_97.png,1,VALID,0.82958984,-0.30639648,-0.40356445,0.49024338,LCC-FASD external-dev / cross-domain stress set,-1.2943655252456665,1.0,0.0
YOUTUBE_IIYAMAXU_MOTOMC_S0_id42_s0_112.png,1,VALID,0.6982422,-0.32739258,-0.28588867,0.31152034,LCC-FASD external-dev / cross-domain stress set,-1.2943655252456665,1.0,0.0
YOUTUBE_IIYAMAXU_MOTOMC_S0_id42_s0_127.png,1,VALID,0.97802734,-0.4987793,-0.36132812,0.7125741,LCC-FASD external-dev / cross-domain stress set,-1.2943655252456665,1.0,0.0
YOUTUBE_IIYAMAXU_MOTOMC_S0_id42_s0_142.png,1,VALID,0.5288086,-0.09094238,-0.3215332,0.035267353,LCC-FASD external-dev / cross-domain stress set,-1.2943655252456665,1.0,0.0
YOUTUBE_IIYAMAXU_MOTOMC_S0_id42_s0_157.png,1,VALID,1.2822266,-0.7573242,-0.51464844,1.2177222,LCC-FASD external-dev / cross-domain stress set,-1.2943655252456665,1.0,0.0
YOUTUBE_IIYAMAXU_MOTOMC_S0_id43_s0_15.png,1,VALID,-0.6376953,0.59814453,0.32202148,-1.8004259,LCC-FASD external-dev / cross-domain stress set,-1.2943655252456665,0.0,1.0
YOUTUBE_IIYAMAXU_MOTOMC_S0_id43_s0_30.png,1,VALID,-0.15368652,0.20324707,0.11767578,-1.0082102,LCC-FASD external-dev / cross-domain stress set,-1.2943655252456665,1.0,0.0
YOUTUBE_IIYAMAXU_MOTOMC_S0_id43_s0_45.png,1,VALID,-0.15625,0.082336426,0.21679688,-1.0012221,LCC-FASD external-dev / cross-domain stress set,-1.2943655252456665,1.0,0.0
YOUTUBE_IIYAMAXU_MOTOMC_S0_id43_s0_63.png,1,VALID,0.32641602,-0.2680664,0.0048561096,-0.24440813,LCC-FASD external-dev / cross-domain stress set,-1.2943655252456665,1.0,0.0
YOUTUBE_IIYAMAXU_MOTOMC_S0_id43_s0_78.png,1,VALID,-0.15258789,0.21984863,0.12731934,-1.0203888,LCC-FASD external-dev / cross-domain stress set,-1.2943655252456665,1.0,0.0
YOUTUBE_IIYAMAXU_MOTOMC_S0_id43_s0_93.png,1,VALID,0.08929443,0.11022949,0.033172607,-0.6762958,LCC-FASD external-dev / cross-domain stress set,-1.2943655252456665,1.0,0.0
YOUTUBE_IIYAMAXU_MOTOMC_S0_id43_s0_108.png,1,VALID,-0.39013672,0.54296875,0.1171875,-1.4358542,LCC-FASD external-dev / cross-domain stress set,-1.2943655252456665,0.0,1.0
YOUTUBE_IIYAMAXU_MOTOMC_S0_id43_s0_133.png,1,VALID,-0.8676758,1.046875,0.28149414,-2.296513,LCC-FASD external-dev / cross-domain stress set,-1.2943655252456665,0.0,1.0
YOUTUBE_IIYAMAXU_MOTOMC_S0_id43_s1_16.png,1,VALID,0.37060547,0.107666016,-0.33569336,-0.23290032,LCC-FASD external-dev / cross-domain stress set,-1.2943655252456665,1.0,0.0
YOUTUBE_IIYAMAXU_MOTOMC_S0_id43_s1_31.png,1,VALID,0.45117188,0.22570801,-0.4440918,-0.1878444,LCC-FASD external-dev / cross-domain stress set,-1.2943655252456665,1.0,0.0
YOUTUBE_IIYAMAXU_MOTOMC_S0_id43_s1_46.png,1,VALID,-0.3149414,0.65722656,-0.031982422,-1.3789475,LCC-FASD external-dev / cross-domain stress set,-1.2943655252456665,0.0,1.0
YOUTUBE_IIYAMAXU_MOTOMC_S0_id43_s1_61.png,1,VALID,-0.5708008,0.9316406,0.02355957,-1.8412662,LCC-FASD external-dev / cross-domain stress set,-1.2943655252456665,0.0,1.0
YOUTUBE_IIYAMAXU_MOTOMC_S0_id43_s1_76.png,1,VALID,0.6669922,0.30664062,-0.57910156,0.015055537,LCC-FASD external-dev / cross-domain stress set,-1.2943655252456665,1.0,0.0
YOUTUBE_IIYAMAXU_MOTOMC_S0_id43_s1_91.png,1,VALID,0.07849121,0.53222656,-0.26586914,-0.8254268,LCC-FASD external-dev / cross-domain stress set,-1.2943655252456665,1.0,0.0
YOUTUBE_IIYAMAXU_MOTOMC_S0_id43_s1_106.png,1,VALID,-0.22241211,0.94433594,-0.25732422,-1.4296465,LCC-FASD external-dev / cross-domain stress set,-1.2943655252456665,0.0,1.0
YOUTUBE_IIYAMAXU_MOTOMC_S0_id48_s0_15.png,1,VALID,-1.1884766,1.7177734,0.116882324,-3.090001,LCC-FASD external-dev / cross-domain stress set,-1.2943655252456665,0.0,1.0
YOUTUBE_IIYAMAXU_MOTOMC_S0_id48_s0_30.png,1,VALID,-0.63427734,1.2548828,-0.11669922,-2.1152635,LCC-FASD external-dev / cross-domain stress set,-1.2943655252456665,0.0,1.0
YOUTUBE_IIYAMAXU_MOTOMC_S0_id48_s0_45.png,1,VALID,-0.53759766,0.8613281,-0.0010919571,-1.7510879,LCC-FASD external-dev / cross-domain stress set,-1.2943655252456665,0.0,1.0
YOUTUBE_IIYAMAXU_MOTOMC_S0_id48_s0_60.png,1,VALID,-0.5258789,1.0097656,-0.06921387,-1.828271,LCC-FASD external-dev / cross-domain stress set,-1.2943655252456665,0.0,1.0
YOUTUBE_IIYAMAXU_MOTOMC_S0_id48_s0_75.png,1,VALID,-0.65625,1.3769531,-0.15270996,-2.2292705,LCC-FASD external-dev / cross-domain stress set,-1.2943655252456665,0.0,1.0
YOUTUBE_IIYAMAXU_MOTOMC_S0_id48_s0_90.png,1,VALID,-0.9355469,1.4423828,0.0703125,-2.6039343,LCC-FASD external-dev / cross-domain stress set,-1.2943655252456665,0.0,1.0
YOUTUBE_IIYAMAXU_MOTOMC_S0_id48_s0_105.png,1,VALID,-1.4257812,1.7216797,0.3425293,-3.3720374,LCC-FASD external-dev / cross-domain stress set,-1.2943655252456665,0.0,1.0
YOUTUBE_IIYAMAXU_MOTOMC_S0_id48_s0_120.png,1,VALID,0.27612305,0.3881836,-0.37524414,-0.4946432,LCC-FASD external-dev / cross-domain stress set,-1.2943655252456665,1.0,0.0
YOUTUBE_IIYAMAXU_MOTOMC_S0_id48_s0_135.png,1,VALID,-0.06793213,0.66064453,-0.24560547,-1.067928,LCC-FASD external-dev / cross-domain stress set,-1.2943655252456665,1.0,0.0
YOUTUBE_IIYAMAXU_MOTOMC_S0_id48_s0_150.png,1,VALID,-0.953125,1.3271484,0.12445068,-2.542932,LCC-FASD external-dev / cross-domain stress set,-1.2943655252456665,0.0,1.0
YOUTUBE_IIYAMAXU_MOTOMC_S0_id48_s1_15.png,1,VALID,0.49169922,0.21203613,-0.46362305,-0.13166535,LCC-FASD external-dev / cross-domain stress set,-1.2943655252456665,1.0,0.0
YOUTUBE_IIYAMAXU_MOTOMC_S0_id48_s1_30.png,1,VALID,-0.96777344,1.4189453,0.076538086,-2.6187952,LCC-FASD external-dev / cross-domain stress set,-1.2943655252456665,0.0,1.0
YOUTUBE_IIYAMAXU_MOTOMC_S0_id48_s1_45.png,1,VALID,-0.30444336,0.7109375,-0.1081543,-1.3806015,LCC-FASD external-dev / cross-domain stress set,-1.2943655252456665,0.0,1.0
YOUTUBE_IIYAMAXU_MOTOMC_S0_id48_s1_60.png,1,VALID,0.49926758,0.24560547,-0.48168945,-0.14054954,LCC-FASD external-dev / cross-domain stress set,-1.2943655252456665,1.0,0.0
YOUTUBE_IIYAMAXU_MOTOMC_S0_id48_s1_75.png,1,VALID,-0.9121094,1.4726562,-0.014785767,-2.5884814,LCC-FASD external-dev / cross-domain stress set,-1.2943655252456665,0.0,1.0
YOUTUBE_IIYAMAXU_MOTOMC_S0_id48_s1_90.png,1,VALID,-0.52734375,0.9033203,0.03881836,-1.7822088,LCC-FASD external-dev / cross-domain stress set,-1.2943655252456665,0.0,1.0
YOUTUBE_IIYAMAXU_MOTOMC_S0_id48_s1_107.png,1,VALID,-1.2207031,1.9345703,0.06439209,-3.298591,LCC-FASD external-dev / cross-domain stress set,-1.2943655252456665,0.0,1.0
YOUTUBE_IIYAMAXU_MOTOMC_S0_id48_s1_128.png,1,VALID,-1.2373047,1.640625,0.1694336,-3.0846605,LCC-FASD external-dev / cross-domain stress set,-1.2943655252456665,0.0,1.0
YOUTUBE_IIYAMAXU_MOTOMC_S0_id48_s1_143.png,1,VALID,-0.6015625,1.6416016,-0.3305664,-2.3734508,LCC-FASD external-dev / cross-domain stress set,-1.2943655252456665,0.0,1.0
YOUTUBE_IIYAMAXU_MOTOMC_S0_id48_s1_158.png,1,VALID,-0.85791016,1.4960938,-0.06317139,-2.5448644,LCC-FASD external-dev / cross-domain stress set,-1.2943655252456665,0.0,1.0
YOUTUBE_IIYAMAXU_MOTOMC_S1_id39_s0_18.png,1,VALID,-0.056243896,0.3479004,-0.06665039,-0.9113455,LCC-FASD external-dev / cross-domain stress set,-1.2943655252456665,1.0,0.0
YOUTUBE_IIYAMAGB_GZS4020_id29_s0_15.png,1,VALID,-0.5288086,1.0126953,-0.04473877,-1.8396406,LCC-FASD external-dev / cross-domain stress set,-1.2943655252456665,0.0,1.0
YOUTUBE_IIYAMAGB_GZS4020_id29_s0_30.png,1,VALID,0.024108887,0.74316406,-0.39770508,-0.9963393,LCC-FASD external-dev / cross-domain stress set,-1.2943655252456665,1.0,0.0
YOUTUBE_IIYAMAGB_GZS4020_id29_s0_45.png,1,VALID,-0.48706055,0.9692383,-0.0904541,-1.7538538,LCC-FASD external-dev / cross-domain stress set,-1.2943655252456665,0.0,1.0
YOUTUBE_IIYAMAGB_GZS4020_id29_s0_60.png,1,VALID,-0.42578125,1.0488281,-0.19750977,-1.7273552,LCC-FASD external-dev / cross-domain stress set,-1.2943655252456665,0.0,1.0
YOUTUBE_IIYAMAGB_GZS4020_id29_s0_75.png,1,VALID,-0.5283203,1.1435547,-0.1303711,-1.9185251,LCC-FASD external-dev / cross-domain stress set,-1.2943655252456665,0.0,1.0
YOUTUBE_IIYAMAGB_GZS4020_id29_s0_90.png,1,VALID,-0.83496094,1.3349609,-0.017150879,-2.399996,LCC-FASD external-dev / cross-domain stress set,-1.2943655252456665,0.0,1.0
YOUTUBE_IIYAMAGB_GZS4020_id29_s0_120.png,1,VALID,-0.5449219,1.0185547,-0.044128418,-1.8602626,LCC-FASD external-dev / cross-domain stress set,-1.2943655252456665,0.0,1.0
YOUTUBE_IIYAMAGB_GZS4020_id29_s0_135.png,1,VALID,-0.9394531,1.3632812,0.10369873,-2.5525374,LCC-FASD external-dev / cross-domain stress set,-1.2943655252456665,0.0,1.0
YOUTUBE_IIYAMAGB_IPHONE7F_id29_s0_15.png,1,VALID,-0.6582031,0.98339844,0.10443115,-1.9888805,LCC-FASD external-dev / cross-domain stress set,-1.2943655252456665,0.0,1.0
YOUTUBE_IIYAMAGB_IPHONE7F_id29_s0_30.png,1,VALID,-0.66064453,1.0380859,0.025863647,-2.0087197,LCC-FASD external-dev / cross-domain stress set,-1.2943655252456665,0.0,1.0
YOUTUBE_IIYAMAGB_IPHONE7F_id29_s0_45.png,1,VALID,-0.10675049,0.5097656,-0.08721924,-1.0550735,LCC-FASD external-dev / cross-domain stress set,-1.2943655252456665,1.0,0.0
YOUTUBE_IIYAMAGB_IPHONE7F_id29_s0_60.png,1,VALID,-0.2253418,0.6176758,-0.11645508,-1.2350073,LCC-FASD external-dev / cross-domain stress set,-1.2943655252456665,1.0,0.0
YOUTUBE_IIYAMAGB_IPHONE7F_id29_s0_75.png,1,VALID,-0.4543457,0.8330078,-0.043121338,-1.6354661,LCC-FASD external-dev / cross-domain stress set,-1.2943655252456665,0.0,1.0
YOUTUBE_IIYAMAGB_IPHONE7F_id29_s0_90.png,1,VALID,-0.51171875,1.0634766,-0.12188721,-1.8418849,LCC-FASD external-dev / cross-domain stress set,-1.2943655252456665,0.0,1.0
YOUTUBE_IIYAMAGB_IPHONE7F_id29_s0_105.png,1,VALID,-0.5053711,0.7910156,0.07836914,-1.6953942,LCC-FASD external-dev / cross-domain stress set,-1.2943655252456665,0.0,1.0
YOUTUBE_IIYAMAGB_IPHONE7F_id29_s0_120.png,1,VALID,-0.5078125,0.91064453,-0.021240234,-1.7504985,LCC-FASD external-dev / cross-domain stress set,-1.2943655252456665,0.0,1.0
YOUTUBE_IIYAMAGB_IPHONE7F_id29_s0_135.png,1,VALID,-0.4621582,0.7734375,0.03540039,-1.6263204,LCC-FASD external-dev / cross-domain stress set,-1.2943655252456665,0.0,1.0
YOUTUBE_IIYAMAXB_IPHONE7F_id29_s0_15.png,1,VALID,-0.19458008,0.66748047,-0.18725586,-1.2165098,LCC-FASD external-dev / cross-domain stress set,-1.2943655252456665,1.0,0.0
YOUTUBE_IIYAMAXB_IPHONE7F_id29_s0_30.png,1,VALID,-0.24707031,0.6567383,-0.06896973,-1.2985375,LCC-FASD external-dev / cross-domain stress set,-1.2943655252456665,0.0,1.0
YOUTUBE_IIYAMAXB_IPHONE7F_id29_s0_45.png,1,VALID,0.14038086,0.41015625,-0.27612305,-0.67753506,LCC-FASD external-dev / cross-domain stress set,-1.2943655252456665,1.0,0.0
YOUTUBE_IIYAMAXB_IPHONE7F_id29_s0_60.png,1,VALID,-0.42822266,0.8955078,-0.05545044,-1.6504197,LCC-FASD external-dev / cross-domain stress set,-1.2943655252456665,0.0,1.0
YOUTUBE_IIYAMAXB_IPHONE7F_id29_s0_75.png,1,VALID,-0.07910156,0.45825195,-0.14465332,-0.97381294,LCC-FASD external-dev / cross-domain stress set,-1.2943655252456665,1.0,0.0
YOUTUBE_IIYAMAXB_IPHONE7F_id29_s0_90.png,1,VALID,-0.48291016,1.0644531,-0.10510254,-1.8177757,LCC-FASD external-dev / cross-domain stress set,-1.2943655252456665,0.0,1.0
YOUTUBE_IIYAMAXB_IPHONE7F_id29_s0_105.png,1,VALID,-0.7910156,1.0810547,0.13977051,-2.2014651,LCC-FASD external-dev / cross-domain stress set,-1.2943655252456665,0.0,1.0
YOUTUBE_IIYAMAXB_IPHONE7F_id29_s0_120.png,1,VALID,0.060546875,0.4494629,-0.19189453,-0.8119441,LCC-FASD external-dev / cross-domain stress set,-1.2943655252456665,1.0,0.0
YOUTUBE_IIYAMAXB_IPHONE7F_id29_s0_135.png,1,VALID,-0.72998047,1.0205078,0.13269043,-2.0951788,LCC-FASD external-dev / cross-domain stress set,-1.2943655252456665,0.0,1.0
YOUTUBE_IIYAMAXB_WIZARD1_id29_s0_15.png,1,VALID,-0.06414795,0.41455078,-0.0635376,-0.96110475,LCC-FASD external-dev / cross-domain stress set,-1.2943655252456665,1.0,0.0
YOUTUBE_IIYAMAXB_WIZARD1_id29_s0_30.png,1,VALID,-0.3942871,0.8642578,-0.05670166,-1.5936854,LCC-FASD external-dev / cross-domain stress set,-1.2943655252456665,0.0,1.0
YOUTUBE_IIYAMAXB_WIZARD1_id29_s0_45.png,1,VALID,-0.6713867,1.0712891,0.07720947,-2.0575333,LCC-FASD external-dev / cross-domain stress set,-1.2943655252456665,0.0,1.0
YOUTUBE_IIYAMAXB_WIZARD1_id29_s0_69.png,1,VALID,0.040130615,0.43481445,-0.1817627,-0.82632923,LCC-FASD external-dev / cross-domain stress set,-1.2943655252456665,1.0,0.0
YOUTUBE_IIYAMAXB_WIZARD1_id29_s0_105.png,1,VALID,-0.1887207,0.72265625,-0.15844727,-1.2580297,LCC-FASD external-dev / cross-domain stress set,-1.2943655252456665,1.0,0.0
YOUTUBE_IIYAMAXU_GZS4020_id29_s0_15.png,1,VALID,-0.88134766,1.3701172,0.030548096,-2.4841297,LCC-FASD external-dev / cross-domain stress set,-1.2943655252456665,0.0,1.0
YOUTUBE_IIYAMAXU_GZS4020_id29_s0_30.png,1,VALID,-0.7807617,1.3984375,-0.11682129,-2.3778462,LCC-FASD external-dev / cross-domain stress set,-1.2943655252456665,0.0,1.0
YOUTUBE_IIYAMAXU_GZS4020_id29_s0_45.png,1,VALID,-1.0449219,1.4316406,0.15185547,-2.7219348,LCC-FASD external-dev / cross-domain stress set,-1.2943655252456665,0.0,1.0
YOUTUBE_IIYAMAXU_GZS4020_id29_s0_60.png,1,VALID,-0.8847656,1.4384766,-0.023666382,-2.5316694,LCC-FASD external-dev / cross-domain stress set,-1.2943655252456665,0.0,1.0
YOUTUBE_IIYAMAXU_GZS4020_id29_s0_75.png,1,VALID,-1.0605469,1.4628906,0.14282227,-2.760182,LCC-FASD external-dev / cross-domain stress set,-1.2943655252456665,0.0,1.0
YOUTUBE_IIYAMAXU_GZS4020_id29_s0_90.png,1,VALID,-1.3115234,1.6464844,0.2454834,-3.1782274,LCC-FASD external-dev / cross-domain stress set,-1.2943655252456665,0.0,1.0
YOUTUBE_IIYAMAXU_GZS4020_id29_s0_105.png,1,VALID,-0.8383789,1.2167969,0.06347656,-2.3294587,LCC-FASD external-dev / cross-domain stress set,-1.2943655252456665,0.0,1.0
YOUTUBE_IIYAMAXU_GZS4020_id29_s0_120.png,1,VALID,-0.9951172,1.4335938,0.07659912,-2.6577835,LCC-FASD external-dev / cross-domain stress set,-1.2943655252456665,0.0,1.0
YOUTUBE_IIYAMAXU_GZS4020_id29_s0_135.png,1,VALID,-0.7832031,1.3681641,-0.061035156,-2.3660758,LCC-FASD external-dev / cross-domain stress set,-1.2943655252456665,0.0,1.0
YOUTUBE_IIYAMAXU_IPHONE7F_id29_s0_15.png,1,VALID,-0.38305664,0.9555664,-0.17456055,-1.6185191,LCC-FASD external-dev / cross-domain stress set,-1.2943655252456665,0.0,1.0
YOUTUBE_IIYAMAXU_IPHONE7F_id29_s0_30.png,1,VALID,-0.5595703,0.91015625,0.015792847,-1.812513,LCC-FASD external-dev / cross-domain stress set,-1.2943655252456665,0.0,1.0
YOUTUBE_IIYAMAXU_IPHONE7F_id29_s0_45.png,1,VALID,-0.5234375,0.8647461,-0.045806885,-1.7262986,LCC-FASD external-dev / cross-domain stress set,-1.2943655252456665,0.0,1.0
YOUTUBE_IIYAMAXU_IPHONE7F_id29_s0_60.png,1,VALID,-0.12609863,0.57958984,-0.15844727,-1.0964131,LCC-FASD external-dev / cross-domain stress set,-1.2943655252456665,1.0,0.0
YOUTUBE_IIYAMAXU_IPHONE7F_id29_s0_75.png,1,VALID,-0.71875,1.1181641,0.047607422,-2.1316843,LCC-FASD external-dev / cross-domain stress set,-1.2943655252456665,0.0,1.0
YOUTUBE_IIYAMAXU_IPHONE7F_id29_s0_90.png,1,VALID,-0.5810547,1.1132812,-0.07501221,-1.9603404,LCC-FASD external-dev / cross-domain stress set,-1.2943655252456665,0.0,1.0
YOUTUBE_IIYAMAXU_IPHONE7F_id29_s0_105.png,1,VALID,-0.3996582,0.82470703,-0.046081543,-1.5740507,LCC-FASD external-dev / cross-domain stress set,-1.2943655252456665,0.0,1.0
YOUTUBE_IIYAMAXU_IPHONE7F_id29_s0_120.png,1,VALID,-0.1730957,0.5703125,-0.10852051,-1.1536674,LCC-FASD external-dev / cross-domain stress set,-1.2943655252456665,1.0,0.0
YOUTUBE_IIYAMAXU_IPHONE7F_id29_s0_135.png,1,VALID,-0.30639648,0.75439453,-0.09313965,-1.4173951,LCC-FASD external-dev / cross-domain stress set,-1.2943655252456665,0.0,1.0
YOUTUBE_IIYAMAXU_MOTOMC_S0_id39_s0_17.png,1,VALID,-0.99316406,1.2539062,0.15881348,-2.5356336,LCC-FASD external-dev / cross-domain stress set,-1.2943655252456665,0.0,1.0
YOUTUBE_IIYAMAXU_MOTOMC_S0_id39_s0_32.png,1,VALID,-1.1835938,1.4111328,0.28955078,-2.8767157,LCC-FASD external-dev / cross-domain stress set,-1.2943655252456665,0.0,1.0
YOUTUBE_HPE17J001ER_ZSZD551KL_id48_s0_75.png,1,VALID,1.4863281,-0.92578125,-0.6245117,1.5570247,LCC-FASD external-dev / cross-domain stress set,-1.2943655252456665,1.0,0.0
YOUTUBE_HPE17J001ER_ZSZD551KL_id48_s0_90.png,1,VALID,1.5039062,-1.1142578,-0.50341797,1.573664,LCC-FASD external-dev / cross-domain stress set,-1.2943655252456665,1.0,0.0
YOUTUBE_HPPEXP_IPHONE5SB_id39_s0_15.png,1,VALID,-0.52197266,1.0742188,-0.13623047,-1.8570648,LCC-FASD external-dev / cross-domain stress set,-1.2943655252456665,0.0,1.0
YOUTUBE_HPPEXP_IPHONE5SB_id39_s0_31.png,1,VALID,-0.88671875,1.1621094,0.14111328,-2.3564863,LCC-FASD external-dev / cross-domain stress set,-1.2943655252456665,0.0,1.0
YOUTUBE_HPPEXP_IPHONE5SB_id39_s0_46.png,1,VALID,-0.66064453,1.0322266,0.02935791,-2.005362,LCC-FASD external-dev / cross-domain stress set,-1.2943655252456665,0.0,1.0
YOUTUBE_HPPEXP_IPHONE5SB_id43_s0_15.png,1,VALID,0.2310791,-0.31274414,0.08087158,-0.36537474,LCC-FASD external-dev / cross-domain stress set,-1.2943655252456665,1.0,0.0
YOUTUBE_HPPEXP_IPHONE5SB_id43_s0_30.png,1,VALID,-0.38500977,0.3503418,0.24438477,-1.3769228,LCC-FASD external-dev / cross-domain stress set,-1.2943655252456665,0.0,1.0
YOUTUBE_HPPEXP_IPHONE5SB_id43_s0_46.png,1,VALID,-0.4555664,0.43847656,0.20446777,-1.4770153,LCC-FASD external-dev / cross-domain stress set,-1.2943655252456665,0.0,1.0
YOUTUBE_HPPEXP_IPHONE5SB_id43_s0_61.png,1,VALID,-0.4111328,0.38134766,0.1854248,-1.3924568,LCC-FASD external-dev / cross-domain stress set,-1.2943655252456665,0.0,1.0
YOUTUBE_HPPEXP_IPHONE5SB_id43_s0_76.png,1,VALID,-0.15612793,0.007972717,0.19763184,-0.956567,LCC-FASD external-dev / cross-domain stress set,-1.2943655252456665,1.0,0.0
YOUTUBE_HPPEXP_IPHONE5SB_id43_s0_91.png,1,VALID,0.12182617,-0.2541504,0.14331055,-0.5355194,LCC-FASD external-dev / cross-domain stress set,-1.2943655252456665,1.0,0.0
YOUTUBE_HPPEXP_IPHONE5SB_id43_s0_117.png,1,VALID,0.1743164,-0.09906006,-0.019515991,-0.4603334,LCC-FASD external-dev / cross-domain stress set,-1.2943655252456665,1.0,0.0
YOUTUBE_HPPEXP_IPHONE5SB_id43_s0_132.png,1,VALID,0.5283203,-0.29785156,-0.17785645,0.071228385,LCC-FASD external-dev / cross-domain stress set,-1.2943655252456665,1.0,0.0
YOUTUBE_HPPEXP_IPHONE5SB_id43_s0_147.png,1,VALID,0.40429688,-0.25683594,-0.14746094,-0.088196516,LCC-FASD external-dev / cross-domain stress set,-1.2943655252456665,1.0,0.0
YOUTUBE_HPPEXP_IPHONE5SB_id43_s0_162.png,1,VALID,0.03463745,0.2536621,-0.10437012,-0.74909425,LCC-FASD external-dev / cross-domain stress set,-1.2943655252456665,1.0,0.0
YOUTUBE_HPPEXP_IPHONE5SB_id43_s1_15.png,1,VALID,-0.1739502,0.5395508,-0.085754395,-1.1420952,LCC-FASD external-dev / cross-domain stress set,-1.2943655252456665,1.0,0.0
YOUTUBE_HPPEXP_IPHONE5SB_id43_s1_30.png,1,VALID,-0.17675781,0.6308594,-0.17834473,-1.1758734,LCC-FASD external-dev / cross-domain stress set,-1.2943655252456665,1.0,0.0
YOUTUBE_HPPEXP_IPHONE5SB_id43_s1_45.png,1,VALID,0.36572266,0.014945984,-0.24633789,-0.22023803,LCC-FASD external-dev / cross-domain stress set,-1.2943655252456665,1.0,0.0
YOUTUBE_HPPEXP_IPHONE5SB_id43_s1_60.png,1,VALID,0.44848633,0.1340332,-0.40698242,-0.14433575,LCC-FASD external-dev / cross-domain stress set,-1.2943655252456665,1.0,0.0
YOUTUBE_HPPEXP_IPHONE5SB_id43_s1_75.png,1,VALID,-0.29248047,0.8457031,-0.1307373,-1.4578362,LCC-FASD external-dev / cross-domain stress set,-1.2943655252456665,0.0,1.0
YOUTUBE_HPPEXP_IPHONE5SB_id43_s1_90.png,1,VALID,-0.1619873,0.6142578,-0.16320801,-1.1543865,LCC-FASD external-dev / cross-domain stress set,-1.2943655252456665,1.0,0.0
YOUTUBE_HPPEXP_IPHONE5SB_id43_s1_105.png,1,VALID,0.79785156,-0.06185913,-0.61083984,0.40384513,LCC-FASD external-dev / cross-domain stress set,-1.2943655252456665,1.0,0.0
YOUTUBE_HPPEXP_IPHONE5SB_id43_s1_120.png,1,VALID,-0.43115234,0.7993164,-0.05545044,-1.5849088,LCC-FASD external-dev / cross-domain stress set,-1.2943655252456665,0.0,1.0
YOUTUBE_HPPEXP_IPHONE5SB_id43_s1_135.png,1,VALID,-0.1116333,0.75146484,-0.2680664,-1.1711445,LCC-FASD external-dev / cross-domain stress set,-1.2943655252456665,1.0,0.0
YOUTUBE_HPPEXP_IPHONE5SB_id43_s1_150.png,1,VALID,0.40600586,0.26464844,-0.44189453,-0.2596624,LCC-FASD external-dev / cross-domain stress set,-1.2943655252456665,1.0,0.0
YOUTUBE_HPPEXP_IPHONE5SB_id48_s1_15.png,1,VALID,-0.5859375,0.9995117,-0.031555176,-1.8904501,LCC-FASD external-dev / cross-domain stress set,-1.2943655252456665,0.0,1.0
YOUTUBE_HPPEXP_IPHONE5SB_id48_s1_30.png,1,VALID,0.28320312,0.28027344,-0.36938477,-0.41724288,LCC-FASD external-dev / cross-domain stress set,-1.2943655252456665,1.0,0.0
YOUTUBE_HPPEXP_IPHONE5SB_id48_s1_45.png,1,VALID,-0.96240234,1.2900391,0.14282227,-2.528192,LCC-FASD external-dev / cross-domain stress set,-1.2943655252456665,0.0,1.0
YOUTUBE_HPPEXP_IPHONE5SB_id48_s1_60.png,1,VALID,-0.84472656,1.1669922,0.08795166,-2.3043299,LCC-FASD external-dev / cross-domain stress set,-1.2943655252456665,0.0,1.0
YOUTUBE_HPPEXP_IPHONE5SB_id48_s1_75.png,1,VALID,-0.6352539,1.0175781,0.014457703,-1.9652555,LCC-FASD external-dev / cross-domain stress set,-1.2943655252456665,0.0,1.0
YOUTUBE_HPPEXP_IPHONE5SB_id48_s1_90.png,1,VALID,-0.1381836,0.64697266,-0.19299316,-1.1440364,LCC-FASD external-dev / cross-domain stress set,-1.2943655252456665,1.0,0.0
YOUTUBE_HPPEXP_IPHONE5SB_id48_s1_105.png,1,VALID,-0.72753906,1.2802734,-0.052124023,-2.2419705,LCC-FASD external-dev / cross-domain stress set,-1.2943655252456665,0.0,1.0
YOUTUBE_HPPEXP_IPHONE5SB_id48_s1_120.png,1,VALID,-1.1757812,1.5419922,0.20837402,-2.9516764,LCC-FASD external-dev / cross-domain stress set,-1.2943655252456665,0.0,1.0
YOUTUBE_HPPEXP_IPHONE5SB_id48_s1_135.png,1,VALID,-0.7207031,1.3173828,-0.075805664,-2.2598546,LCC-FASD external-dev / cross-domain stress set,-1.2943655252456665,0.0,1.0
YOUTUBE_HPPEXP_IPHONE5SB_id48_s1_150.png,1,VALID,-0.7915039,1.1582031,0.10021973,-2.2477021,LCC-FASD external-dev / cross-domain stress set,-1.2943655252456665,0.0,1.0
YOUTUBE_I2369VM_HONOR7X_id39_s0_15.png,1,VALID,-1.1044922,1.59375,0.070617676,-2.8954751,LCC-FASD external-dev / cross-domain stress set,-1.2943655252456665,0.0,1.0
YOUTUBE_I2369VM_HONOR7X_id39_s0_31.png,1,VALID,-0.83984375,1.4433594,-0.050354004,-2.4857664,LCC-FASD external-dev / cross-domain stress set,-1.2943655252456665,0.0,1.0
YOUTUBE_I2369VM_HONOR7X_id39_s0_46.png,1,VALID,-1.0107422,1.4980469,0.05899048,-2.7216005,LCC-FASD external-dev / cross-domain stress set,-1.2943655252456665,0.0,1.0
YOUTUBE_I2369VM_HONOR7X_id39_s0_66.png,1,VALID,-0.5751953,1.3408203,-0.25830078,-2.100064,LCC-FASD external-dev / cross-domain stress set,-1.2943655252456665,0.0,1.0
YOUTUBE_I2369VM_HONOR7X_id48_s1_15.png,1,VALID,-0.83203125,1.4433594,-0.06121826,-2.4759703,LCC-FASD external-dev / cross-domain stress set,-1.2943655252456665,0.0,1.0
YOUTUBE_I2369VM_HONOR7X_id48_s1_30.png,1,VALID,-0.2541504,0.7006836,-0.16552734,-1.3058724,LCC-FASD external-dev / cross-domain stress set,-1.2943655252456665,0.0,1.0
YOUTUBE_I2369VM_HONOR7X_id48_s1_45.png,1,VALID,-1.1767578,1.6005859,0.1105957,-2.9805906,LCC-FASD external-dev / cross-domain stress set,-1.2943655252456665,0.0,1.0
YOUTUBE_I2369VM_HONOR7X_id48_s1_60.png,1,VALID,-0.78515625,1.1748047,0.11462402,-2.2573903,LCC-FASD external-dev / cross-domain stress set,-1.2943655252456665,0.0,1.0
YOUTUBE_I2369VM_HONOR7X_id48_s1_75.png,1,VALID,-1.1796875,1.5742188,0.1821289,-2.9758935,LCC-FASD external-dev / cross-domain stress set,-1.2943655252456665,0.0,1.0
YOUTUBE_I2369VM_HONOR7X_id48_s1_90.png,1,VALID,0.1508789,0.4440918,-0.3173828,-0.676417,LCC-FASD external-dev / cross-domain stress set,-1.2943655252456665,1.0,0.0
YOUTUBE_I2369VM_HONOR7X_id48_s1_105.png,1,VALID,-1.1552734,1.6865234,0.09283447,-3.0267606,LCC-FASD external-dev / cross-domain stress set,-1.2943655252456665,0.0,1.0
YOUTUBE_I2369VM_HONOR7X_id48_s1_120.png,1,VALID,-1.0791016,1.7939453,-0.036499023,-3.021762,LCC-FASD external-dev / cross-domain stress set,-1.2943655252456665,0.0,1.0
YOUTUBE_I2369VM_HONOR7X_id48_s1_135.png,1,VALID,-0.54003906,1.1601562,-0.14904785,-1.9392397,LCC-FASD external-dev / cross-domain stress set,-1.2943655252456665,0.0,1.0
YOUTUBE_I2369VM_HONOR7X_id48_s1_150.png,1,VALID,-0.26123047,0.7050781,-0.115112305,-1.3311932,LCC-FASD external-dev / cross-domain stress set,-1.2943655252456665,0.0,1.0
YOUTUBE_IIYAMAGB_GZS4020_id29_s0_105.png,1,VALID,-0.61376953,1.1367188,-0.08654785,-2.0084329,LCC-FASD external-dev / cross-domain stress set,-1.2943655252456665,0.0,1.0
YOUTUBE_HP3165NGW_IPADA1893_id48_s1_15.png,1,VALID,-1.4375,1.9765625,0.14489746,-3.562609,LCC-FASD external-dev / cross-domain stress set,-1.2943655252456665,0.0,1.0
YOUTUBE_HP3165NGW_IPADA1893_id48_s1_30.png,1,VALID,-0.7553711,1.1835938,-0.062164307,-2.1918402,LCC-FASD external-dev / cross-domain stress set,-1.2943655252456665,0.0,1.0
YOUTUBE_HP3165NGW_IPADA1893_id48_s1_45.png,1,VALID,-0.95458984,1.5761719,-0.007083893,-2.717495,LCC-FASD external-dev / cross-domain stress set,-1.2943655252456665,0.0,1.0
YOUTUBE_HP3165NGW_IPADA1893_id48_s1_60.png,1,VALID,-1.1513672,1.7177734,0.06750488,-3.0447717,LCC-FASD external-dev / cross-domain stress set,-1.2943655252456665,0.0,1.0
YOUTUBE_HP3165NGW_IPADA1893_id48_s1_75.png,1,VALID,-1.0537109,1.5537109,0.08270264,-2.814187,LCC-FASD external-dev / cross-domain stress set,-1.2943655252456665,0.0,1.0
YOUTUBE_HP3165NGW_IPADA1893_id48_s1_90.png,1,VALID,-1.3681641,1.8056641,0.21679688,-3.3596077,LCC-FASD external-dev / cross-domain stress set,-1.2943655252456665,0.0,1.0
YOUTUBE_HP3165NGW_IPADA1893_id48_s1_105.png,1,VALID,-0.9472656,1.5273438,-0.006580353,-2.6699193,LCC-FASD external-dev / cross-domain stress set,-1.2943655252456665,0.0,1.0
YOUTUBE_HP3165NGW_IPADA1893_id48_s1_120.png,1,VALID,-1.4404297,2.0078125,0.14379883,-3.592385,LCC-FASD external-dev / cross-domain stress set,-1.2943655252456665,0.0,1.0
YOUTUBE_HP3165NGW_IPADA1893_id48_s1_135.png,1,VALID,-0.9814453,1.5732422,0.007911682,-2.7444968,LCC-FASD external-dev / cross-domain stress set,-1.2943655252456665,0.0,1.0
YOUTUBE_HP3165NGW_IPADA1893_id48_s1_150.png,1,VALID,-1.3447266,2.1074219,0.03933716,-3.5711997,LCC-FASD external-dev / cross-domain stress set,-1.2943655252456665,0.0,1.0
YOUTUBE_HPE17J001ER_REDMIN3P_id39_s0_16.png,1,VALID,-1.4121094,1.609375,0.44213867,-3.2924469,LCC-FASD external-dev / cross-domain stress set,-1.2943655252456665,0.0,1.0
YOUTUBE_HPE17J001ER_REDMIN3P_id39_s0_34.png,1,VALID,-0.70214844,0.88378906,0.14257812,-1.9756367,LCC-FASD external-dev / cross-domain stress set,-1.2943655252456665,0.0,1.0
YOUTUBE_HPE17J001ER_REDMIN3P_id39_s0_49.png,1,VALID,-1.1318359,1.2470703,0.3659668,-2.725559,LCC-FASD external-dev / cross-domain stress set,-1.2943655252456665,0.0,1.0
YOUTUBE_HPE17J001ER_REDMIN3P_id39_s0_68.png,1,VALID,-0.98583984,0.9692383,0.4272461,-2.413508,LCC-FASD external-dev / cross-domain stress set,-1.2943655252456665,0.0,1.0
YOUTUBE_HPE17J001ER_REDMIN3P_id43_s0_15.png,1,VALID,-0.3347168,0.16711426,0.2709961,-1.2482674,LCC-FASD external-dev / cross-domain stress set,-1.2943655252456665,1.0,0.0
YOUTUBE_HPE17J001ER_REDMIN3P_id43_s0_30.png,1,VALID,0.78808594,-0.6254883,-0.16687012,0.46505383,LCC-FASD external-dev / cross-domain stress set,-1.2943655252456665,1.0,0.0
YOUTUBE_HPE17J001ER_REDMIN3P_id43_s0_46.png,1,VALID,-0.01902771,0.13012695,0.053466797,-0.80470616,LCC-FASD external-dev / cross-domain stress set,-1.2943655252456665,1.0,0.0
YOUTUBE_HPE17J001ER_REDMIN3P_id43_s0_61.png,1,VALID,0.34423828,-0.35791016,0.051361084,-0.21642768,LCC-FASD external-dev / cross-domain stress set,-1.2943655252456665,1.0,0.0
YOUTUBE_HPE17J001ER_REDMIN3P_id43_s0_76.png,1,VALID,0.24414062,-0.39916992,0.12445068,-0.34553474,LCC-FASD external-dev / cross-domain stress set,-1.2943655252456665,1.0,0.0
YOUTUBE_HPE17J001ER_REDMIN3P_id43_s0_91.png,1,VALID,1.09375,-1.0869141,-0.13256836,0.900572,LCC-FASD external-dev / cross-domain stress set,-1.2943655252456665,1.0,0.0
YOUTUBE_HPE17J001ER_REDMIN3P_id43_s0_118.png,1,VALID,0.10064697,0.0076179504,-0.0058631897,-0.5934003,LCC-FASD external-dev / cross-domain stress set,-1.2943655252456665,1.0,0.0
YOUTUBE_HPE17J001ER_REDMIN3P_id43_s0_133.png,1,VALID,0.9194336,-0.6176758,-0.24206543,0.63862437,LCC-FASD external-dev / cross-domain stress set,-1.2943655252456665,1.0,0.0
YOUTUBE_HPE17J001ER_REDMIN3P_id43_s0_148.png,1,VALID,0.6503906,-0.515625,-0.13513184,0.26463312,LCC-FASD external-dev / cross-domain stress set,-1.2943655252456665,1.0,0.0
YOUTUBE_HPE17J001ER_REDMIN3P_id43_s0_163.png,1,VALID,0.32177734,-0.14978027,-0.083740234,-0.2551546,LCC-FASD external-dev / cross-domain stress set,-1.2943655252456665,1.0,0.0
YOUTUBE_HPE17J001ER_REDMIN3P_id43_s1_15.png,1,VALID,0.32958984,0.1763916,-0.2993164,-0.3301195,LCC-FASD external-dev / cross-domain stress set,-1.2943655252456665,1.0,0.0
YOUTUBE_HPE17J001ER_REDMIN3P_id43_s1_30.png,1,VALID,0.06488037,0.2548828,-0.079956055,-0.7296798,LCC-FASD external-dev / cross-domain stress set,-1.2943655252456665,1.0,0.0
YOUTUBE_HPE17J001ER_REDMIN3P_id43_s1_45.png,1,VALID,0.78027344,-0.12548828,-0.4597168,0.3658297,LCC-FASD external-dev / cross-domain stress set,-1.2943655252456665,1.0,0.0
YOUTUBE_HPE17J001ER_REDMIN3P_id43_s1_60.png,1,VALID,0.062072754,0.43603516,-0.17785645,-0.80655,LCC-FASD external-dev / cross-domain stress set,-1.2943655252456665,1.0,0.0
YOUTUBE_HPE17J001ER_REDMIN3P_id43_s1_75.png,1,VALID,-0.328125,0.39526367,0.12219238,-1.2892923,LCC-FASD external-dev / cross-domain stress set,-1.2943655252456665,1.0,0.0
YOUTUBE_HPE17J001ER_REDMIN3P_id43_s1_90.png,1,VALID,0.48657227,-0.19433594,-0.1887207,-0.01505053,LCC-FASD external-dev / cross-domain stress set,-1.2943655252456665,1.0,0.0
YOUTUBE_HPE17J001ER_REDMIN3P_id43_s1_105.png,1,VALID,-0.3479004,0.8017578,-0.07836914,-1.496597,LCC-FASD external-dev / cross-domain stress set,-1.2943655252456665,0.0,1.0
YOUTUBE_HPE17J001ER_REDMIN3P_id43_s1_120.png,1,VALID,0.08099365,0.34228516,-0.16491699,-0.7326555,LCC-FASD external-dev / cross-domain stress set,-1.2943655252456665,1.0,0.0
YOUTUBE_HPE17J001ER_REDMIN3P_id43_s1_135.png,1,VALID,0.50878906,-0.093811035,-0.2854004,0.0006662607,LCC-FASD external-dev / cross-domain stress set,-1.2943655252456665,1.0,0.0
YOUTUBE_HPE17J001ER_REDMIN3P_id43_s1_150.png,1,VALID,0.12585449,0.30541992,-0.27001953,-0.6258254,LCC-FASD external-dev / cross-domain stress set,-1.2943655252456665,1.0,0.0
YOUTUBE_HPE17J001ER_REDMIN3P_id48_s1_15.png,1,VALID,2.7304688,-1.1083984,-1.4658203,3.3085465,LCC-FASD external-dev / cross-domain stress set,-1.2943655252456665,1.0,0.0
YOUTUBE_HPE17J001ER_REDMIN3P_id48_s1_30.png,1,VALID,0.49609375,0.1817627,-0.44067383,-0.11526418,LCC-FASD external-dev / cross-domain stress set,-1.2943655252456665,1.0,0.0
YOUTUBE_HPE17J001ER_REDMIN3P_id48_s1_45.png,1,VALID,1.4453125,-0.4326172,-0.85253906,1.3728616,LCC-FASD external-dev / cross-domain stress set,-1.2943655252456665,1.0,0.0
YOUTUBE_HPE17J001ER_REDMIN3P_id48_s1_63.png,1,VALID,-0.43530273,0.9453125,-0.12817383,-1.6746383,LCC-FASD external-dev / cross-domain stress set,-1.2943655252456665,0.0,1.0
YOUTUBE_HPE17J001ER_REDMIN3P_id48_s1_78.png,1,VALID,0.71484375,0.0074501038,-0.5131836,0.2410568,LCC-FASD external-dev / cross-domain stress set,-1.2943655252456665,1.0,0.0
YOUTUBE_HPE17J001ER_REDMIN3P_id48_s1_93.png,1,VALID,0.032348633,0.75927734,-0.31445312,-1.0208895,LCC-FASD external-dev / cross-domain stress set,-1.2943655252456665,1.0,0.0
YOUTUBE_HPE17J001ER_REDMIN3P_id48_s1_112.png,1,VALID,-0.29956055,0.89697266,-0.17480469,-1.4909918,LCC-FASD external-dev / cross-domain stress set,-1.2943655252456665,0.0,1.0
YOUTUBE_HPE17J001ER_REDMIN3P_id48_s1_127.png,1,VALID,-0.7446289,1.2128906,0.03390503,-2.2257056,LCC-FASD external-dev / cross-domain stress set,-1.2943655252456665,0.0,1.0
YOUTUBE_HPE17J001ER_REDMIN3P_id48_s1_142.png,1,VALID,-0.93310547,1.2734375,0.12841797,-2.4828236,LCC-FASD external-dev / cross-domain stress set,-1.2943655252456665,0.0,1.0
YOUTUBE_HPE17J001ER_REDMIN3P_id48_s1_157.png,1,VALID,-0.17822266,0.77197266,-0.2055664,-1.2695475,LCC-FASD external-dev / cross-domain stress set,-1.2943655252456665,1.0,0.0
YOUTUBE_HPE17J001ER_ZSZD551KL_id48_s0_15.png,1,VALID,0.3071289,-0.012611389,-0.14880371,-0.30762744,LCC-FASD external-dev / cross-domain stress set,-1.2943655252456665,1.0,0.0
YOUTUBE_HPE17J001ER_ZSZD551KL_id48_s0_30.png,1,VALID,-0.08282471,0.4350586,-0.076293945,-0.9876894,LCC-FASD external-dev / cross-domain stress set,-1.2943655252456665,1.0,0.0
YOUTUBE_HPE17J001ER_ZSZD551KL_id48_s0_45.png,1,VALID,-0.20788574,0.42529297,0.047302246,-1.1550848,LCC-FASD external-dev / cross-domain stress set,-1.2943655252456665,1.0,0.0
YOUTUBE_HPE17J001ER_ZSZD551KL_id48_s0_60.png,1,VALID,0.6772461,-0.20410156,-0.3635254,0.26473874,LCC-FASD external-dev / cross-domain stress set,-1.2943655252456665,1.0,0.0
YOUTUBE_HPE17J001ER_ZSZD551KL_id48_s0_105.png,1,VALID,1.1835938,-0.9765625,-0.34204102,1.1002434,LCC-FASD external-dev / cross-domain stress set,-1.2943655252456665,1.0,0.0
YOUTUBE_HPE17J001ER_ZSZD551KL_id48_s0_120.png,1,VALID,1.4433594,-1.1123047,-0.4675293,1.4890382,LCC-FASD external-dev / cross-domain stress set,-1.2943655252456665,1.0,0.0
YOUTUBE_HPE17J001ER_ZSZD551KL_id48_s0_135.png,1,VALID,0.86279297,-0.69873047,-0.2331543,0.60873425,LCC-FASD external-dev / cross-domain stress set,-1.2943655252456665,1.0,0.0
YOUTUBE_HPE17J001ER_ZSZD551KL_id48_s0_150.png,1,VALID,1.8945312,-1.3759766,-0.6352539,2.1399283,LCC-FASD external-dev / cross-domain stress set,-1.2943655252456665,1.0,0.0
YOUTUBE_HP250_MEIZUM3S_id39_s1_31.png,1,VALID,-0.9321289,1.4951172,0.06982422,-2.6427107,LCC-FASD external-dev / cross-domain stress set,-1.2943655252456665,0.0,1.0
YOUTUBE_HP250_MEIZUM3S_id39_s1_56.png,1,VALID,-1.2744141,1.6230469,0.30566406,-3.1347718,LCC-FASD external-dev / cross-domain stress set,-1.2943655252456665,0.0,1.0
YOUTUBE_HP250_MEIZUM3S_id39_s1_86.png,1,VALID,-0.90283203,1.2939453,0.08062744,-2.4569926,LCC-FASD external-dev / cross-domain stress set,-1.2943655252456665,0.0,1.0
YOUTUBE_HP250_MEIZUM3S_id39_s1_101.png,1,VALID,-1.1064453,1.4853516,0.14807129,-2.8249373,LCC-FASD external-dev / cross-domain stress set,-1.2943655252456665,0.0,1.0
YOUTUBE_HP250_MEIZUM3S_id39_s1_116.png,1,VALID,-1.3330078,1.6728516,0.27392578,-3.2264895,LCC-FASD external-dev / cross-domain stress set,-1.2943655252456665,0.0,1.0
YOUTUBE_HP250_MEIZUM3S_id39_s1_131.png,1,VALID,-1.1767578,1.5898438,0.20397949,-2.989831,LCC-FASD external-dev / cross-domain stress set,-1.2943655252456665,0.0,1.0
YOUTUBE_HP250_MEIZUM3S_id42_s0_15.png,1,VALID,-0.82470703,1.1220703,0.09686279,-2.253322,LCC-FASD external-dev / cross-domain stress set,-1.2943655252456665,0.0,1.0
YOUTUBE_HP250_MEIZUM3S_id42_s0_30.png,1,VALID,-0.8251953,1.1484375,0.07141113,-2.266755,LCC-FASD external-dev / cross-domain stress set,-1.2943655252456665,0.0,1.0
YOUTUBE_HP250_MEIZUM3S_id42_s0_45.png,1,VALID,-0.76416016,1.0751953,0.023040771,-2.138856,LCC-FASD external-dev / cross-domain stress set,-1.2943655252456665,0.0,1.0
YOUTUBE_HP250_MEIZUM3S_id42_s0_60.png,1,VALID,-1.1621094,1.4072266,0.2244873,-2.8366404,LCC-FASD external-dev / cross-domain stress set,-1.2943655252456665,0.0,1.0
YOUTUBE_HP250_MEIZUM3S_id42_s0_75.png,1,VALID,-1.0253906,1.2207031,0.22595215,-2.56077,LCC-FASD external-dev / cross-domain stress set,-1.2943655252456665,0.0,1.0
YOUTUBE_HP250_MEIZUM3S_id42_s0_90.png,1,VALID,-0.94921875,1.1943359,0.16455078,-2.4488926,LCC-FASD external-dev / cross-domain stress set,-1.2943655252456665,0.0,1.0
YOUTUBE_HP250_MEIZUM3S_id42_s0_105.png,1,VALID,-0.96191406,1.1464844,0.21533203,-2.4406471,LCC-FASD external-dev / cross-domain stress set,-1.2943655252456665,0.0,1.0
YOUTUBE_HP250_MEIZUM3S_id42_s0_120.png,1,VALID,-0.8300781,1.2099609,0.014816284,-2.3044477,LCC-FASD external-dev / cross-domain stress set,-1.2943655252456665,0.0,1.0
YOUTUBE_HP250_MEIZUM3S_id42_s0_135.png,1,VALID,-1.0644531,1.2998047,0.18603516,-2.6481721,LCC-FASD external-dev / cross-domain stress set,-1.2943655252456665,0.0,1.0
YOUTUBE_HP250_MEIZUM3S_id42_s0_150.png,1,VALID,-1.015625,1.3369141,0.1227417,-2.6125588,LCC-FASD external-dev / cross-domain stress set,-1.2943655252456665,0.0,1.0
YOUTUBE_HP250_MEIZUM3S_id42_s1_75.png,1,VALID,-1.3427734,1.9951172,0.09552002,-3.4773297,LCC-FASD external-dev / cross-domain stress set,-1.2943655252456665,0.0,1.0
YOUTUBE_HP250_SGJ7_id39_s1_29.png,1,VALID,-0.2697754,0.71240234,-0.08642578,-1.3536419,LCC-FASD external-dev / cross-domain stress set,-1.2943655252456665,0.0,1.0
YOUTUBE_HP250_SGJ7_id39_s1_59.png,1,VALID,-1.1123047,1.6552734,0.06262207,-2.952717,LCC-FASD external-dev / cross-domain stress set,-1.2943655252456665,0.0,1.0
YOUTUBE_HP250_SGJ7_id39_s1_74.png,1,VALID,-0.7597656,1.0341797,0.13720703,-2.1359751,LCC-FASD external-dev / cross-domain stress set,-1.2943655252456665,0.0,1.0
YOUTUBE_HP250_SGJ7_id39_s1_94.png,1,VALID,-0.69677734,1.0185547,0.09967041,-2.051064,LCC-FASD external-dev / cross-domain stress set,-1.2943655252456665,0.0,1.0
YOUTUBE_HP250_SGJ7_id39_s1_109.png,1,VALID,-0.69628906,1.1269531,0.035339355,-2.1126785,LCC-FASD external-dev / cross-domain stress set,-1.2943655252456665,0.0,1.0
YOUTUBE_HP250_SGJ7_id39_s1_124.png,1,VALID,-0.42456055,0.90771484,-0.16113281,-1.6274822,LCC-FASD external-dev / cross-domain stress set,-1.2943655252456665,0.0,1.0
YOUTUBE_HP250G6_XPERIAZ5_id48_s1_17.png,1,VALID,-1.8027344,2.0234375,0.53759766,-4.0301833,LCC-FASD external-dev / cross-domain stress set,-1.2943655252456665,0.0,1.0
YOUTUBE_HP250G6_XPERIAZ5_id48_s1_32.png,1,VALID,-1.5751953,1.5957031,0.5888672,-3.4823263,LCC-FASD external-dev / cross-domain stress set,-1.2943655252456665,0.0,1.0
YOUTUBE_HP250G6_XPERIAZ5_id48_s1_47.png,1,VALID,-1.1650391,1.3613281,0.26293945,-2.814105,LCC-FASD external-dev / cross-domain stress set,-1.2943655252456665,0.0,1.0
YOUTUBE_HP250G6_XPERIAZ5_id48_s1_62.png,1,VALID,-1.1455078,1.4667969,0.17150879,-2.854324,LCC-FASD external-dev / cross-domain stress set,-1.2943655252456665,0.0,1.0
YOUTUBE_HP250G6_XPERIAZ5_id48_s1_77.png,1,VALID,-1.3242188,1.6386719,0.24365234,-3.1842952,LCC-FASD external-dev / cross-domain stress set,-1.2943655252456665,0.0,1.0
YOUTUBE_HP250G6_XPERIAZ5_id48_s1_92.png,1,VALID,-1.21875,1.8027344,0.04345703,-3.1803403,LCC-FASD external-dev / cross-domain stress set,-1.2943655252456665,0.0,1.0
YOUTUBE_HP250G6_XPERIAZ5_id48_s1_128.png,1,VALID,-1.4697266,1.8574219,0.26586914,-3.512473,LCC-FASD external-dev / cross-domain stress set,-1.2943655252456665,0.0,1.0
YOUTUBE_HP250G6_XPERIAZ5_id48_s1_143.png,1,VALID,-1.3076172,1.5283203,0.31176758,-3.0954127,LCC-FASD external-dev / cross-domain stress set,-1.2943655252456665,0.0,1.0
YOUTUBE_HP250G6_XPERIAZ5_id48_s1_158.png,1,VALID,-1.2226562,1.5029297,0.25317383,-2.9775693,LCC-FASD external-dev / cross-domain stress set,-1.2943655252456665,0.0,1.0
YOUTUBE_HP3165NGW_IPADA1893_id39_s0_17.png,1,VALID,-1.3261719,1.7822266,0.10028076,-3.2789946,LCC-FASD external-dev / cross-domain stress set,-1.2943655252456665,0.0,1.0
YOUTUBE_HP3165NGW_IPADA1893_id39_s0_34.png,1,VALID,-0.86816406,1.2666016,0.076416016,-2.4003286,LCC-FASD external-dev / cross-domain stress set,-1.2943655252456665,0.0,1.0
YOUTUBE_HP3165NGW_IPADA1893_id39_s0_49.png,1,VALID,-1.0253906,1.4980469,0.0769043,-2.739708,LCC-FASD external-dev / cross-domain stress set,-1.2943655252456665,0.0,1.0
YOUTUBE_HP3165NGW_IPADA1893_id43_s0_15.png,1,VALID,-0.45263672,0.5908203,0.07336426,-1.5109794,LCC-FASD external-dev / cross-domain stress set,-1.2943655252456665,0.0,1.0
YOUTUBE_HP3165NGW_IPADA1893_id43_s0_30.png,1,VALID,-0.92041016,1.2363281,0.14355469,-2.4458833,LCC-FASD external-dev / cross-domain stress set,-1.2943655252456665,0.0,1.0
YOUTUBE_HP3165NGW_IPADA1893_id43_s0_45.png,1,VALID,-0.6333008,0.97509766,0.0287323,-1.9363699,LCC-FASD external-dev / cross-domain stress set,-1.2943655252456665,0.0,1.0
YOUTUBE_HP3165NGW_IPADA1893_id43_s0_60.png,1,VALID,0.090270996,0.41967773,-0.24902344,-0.7430872,LCC-FASD external-dev / cross-domain stress set,-1.2943655252456665,1.0,0.0
YOUTUBE_HP3165NGW_IPADA1893_id43_s0_75.png,1,VALID,0.12670898,0.19372559,-0.17980957,-0.5907368,LCC-FASD external-dev / cross-domain stress set,-1.2943655252456665,1.0,0.0
YOUTUBE_HP3165NGW_IPADA1893_id43_s0_90.png,1,VALID,0.01386261,0.31445312,-0.14501953,-0.79016185,LCC-FASD external-dev / cross-domain stress set,-1.2943655252456665,1.0,0.0
YOUTUBE_HP3165NGW_IPADA1893_id43_s0_105.png,1,VALID,-0.5288086,0.87060547,0.017562866,-1.754369,LCC-FASD external-dev / cross-domain stress set,-1.2943655252456665,0.0,1.0
YOUTUBE_HP3165NGW_IPADA1893_id43_s0_120.png,1,VALID,-0.25170898,0.6850586,-0.086364746,-1.3168154,LCC-FASD external-dev / cross-domain stress set,-1.2943655252456665,0.0,1.0
YOUTUBE_HP3165NGW_IPADA1893_id43_s0_135.png,1,VALID,-0.5522461,0.7680664,0.12158203,-1.741575,LCC-FASD external-dev / cross-domain stress set,-1.2943655252456665,0.0,1.0
YOUTUBE_HP3165NGW_IPADA1893_id43_s0_150.png,1,VALID,-0.84716797,1.0927734,0.1661377,-2.273469,LCC-FASD external-dev / cross-domain stress set,-1.2943655252456665,0.0,1.0
YOUTUBE_HP3165NGW_IPADA1893_id43_s1_15.png,1,VALID,-0.95703125,1.4990234,-0.026473999,-2.652865,LCC-FASD external-dev / cross-domain stress set,-1.2943655252456665,0.0,1.0
YOUTUBE_HP3165NGW_IPADA1893_id43_s1_30.png,1,VALID,-1.1914062,1.5400391,0.18737793,-2.9614067,LCC-FASD external-dev / cross-domain stress set,-1.2943655252456665,0.0,1.0
YOUTUBE_HP3165NGW_IPADA1893_id43_s1_45.png,1,VALID,-0.68603516,1.1728516,-0.043945312,-2.1183062,LCC-FASD external-dev / cross-domain stress set,-1.2943655252456665,0.0,1.0
YOUTUBE_HP3165NGW_IPADA1893_id43_s1_60.png,1,VALID,-0.671875,1.2314453,-0.11590576,-2.1343746,LCC-FASD external-dev / cross-domain stress set,-1.2943655252456665,0.0,1.0
YOUTUBE_HP3165NGW_IPADA1893_id43_s1_75.png,1,VALID,-0.59521484,1.0371094,-0.056121826,-1.9213543,LCC-FASD external-dev / cross-domain stress set,-1.2943655252456665,0.0,1.0
YOUTUBE_HP3165NGW_IPADA1893_id43_s1_90.png,1,VALID,-1.3300781,1.8017578,0.15808105,-3.3085318,LCC-FASD external-dev / cross-domain stress set,-1.2943655252456665,0.0,1.0
YOUTUBE_HP3165NGW_IPADA1893_id43_s1_105.png,1,VALID,-1.0205078,1.5791016,-0.011528015,-2.7850904,LCC-FASD external-dev / cross-domain stress set,-1.2943655252456665,0.0,1.0
YOUTUBE_HP3165NGW_IPADA1893_id43_s1_120.png,1,VALID,-0.8647461,1.2763672,0.029418945,-2.3937228,LCC-FASD external-dev / cross-domain stress set,-1.2943655252456665,0.0,1.0
YOUTUBE_HP3165NGW_IPADA1893_id43_s1_135.png,1,VALID,-0.4165039,0.9838867,-0.1328125,-1.6835815,LCC-FASD external-dev / cross-domain stress set,-1.2943655252456665,0.0,1.0
YOUTUBE_DV3360_LA6020A40_id42_s0_45.png,1,VALID,-0.97021484,1.5410156,-0.009391785,-2.7036357,LCC-FASD external-dev / cross-domain stress set,-1.2943655252456665,0.0,1.0
YOUTUBE_DV3360_LA6020A40_id42_s0_60.png,1,VALID,-0.11047363,1.1494141,-0.48950195,-1.4373561,LCC-FASD external-dev / cross-domain stress set,-1.2943655252456665,0.0,1.0
YOUTUBE_DV3360_LA6020A40_id42_s0_75.png,1,VALID,-0.31445312,0.74853516,-0.10626221,-1.4174193,LCC-FASD external-dev / cross-domain stress set,-1.2943655252456665,0.0,1.0
YOUTUBE_DV3360_LA6020A40_id42_s1_15.png,1,VALID,0.21228027,0.26708984,-0.26123047,-0.5182885,LCC-FASD external-dev / cross-domain stress set,-1.2943655252456665,1.0,0.0
YOUTUBE_DV3360_LA6020A40_id42_s1_30.png,1,VALID,-0.6118164,0.8647461,0.04083252,-1.8403103,LCC-FASD external-dev / cross-domain stress set,-1.2943655252456665,0.0,1.0
YOUTUBE_DV3360_LA6020A40_id42_s1_45.png,1,VALID,-0.53564453,0.8276367,0.03451538,-1.7365196,LCC-FASD external-dev / cross-domain stress set,-1.2943655252456665,0.0,1.0
YOUTUBE_DV3360_LA6020A40_id42_s1_60.png,1,VALID,0.06112671,0.66259766,-0.35620117,-0.9097115,LCC-FASD external-dev / cross-domain stress set,-1.2943655252456665,1.0,0.0
YOUTUBE_DV3360_LA6020A40_id42_s1_75.png,1,VALID,0.38598633,0.20349121,-0.40405273,-0.2523262,LCC-FASD external-dev / cross-domain stress set,-1.2943655252456665,1.0,0.0
YOUTUBE_HP15AC113UR_GZS5001_id39_s1_56.png,1,VALID,-0.91015625,1.3876953,0.02218628,-2.525187,LCC-FASD external-dev / cross-domain stress set,-1.2943655252456665,0.0,1.0
YOUTUBE_HP15AC113UR_GZS5001_id39_s1_95.png,1,VALID,0.27490234,-0.13085938,-0.06750488,-0.31956434,LCC-FASD external-dev / cross-domain stress set,-1.2943655252456665,1.0,0.0
YOUTUBE_HP15AC113UR_GZS5001_id39_s1_110.png,1,VALID,0.5908203,-0.29174805,-0.21789551,0.15181327,LCC-FASD external-dev / cross-domain stress set,-1.2943655252456665,1.0,0.0
YOUTUBE_HP15AC113UR_GZS5001_id39_s1_126.png,1,VALID,0.45361328,0.025772095,-0.30200195,-0.11478871,LCC-FASD external-dev / cross-domain stress set,-1.2943655252456665,1.0,0.0
YOUTUBE_HP15AC113UR_GZS5001_id42_s0_36.png,1,VALID,1.4785156,-1.0820312,-0.4855957,1.5253589,LCC-FASD external-dev / cross-domain stress set,-1.2943655252456665,1.0,0.0
YOUTUBE_HP15AC113UR_GZS5001_id42_s0_51.png,1,VALID,1.5507812,-1.1113281,-0.51171875,1.6248736,LCC-FASD external-dev / cross-domain stress set,-1.2943655252456665,1.0,0.0
YOUTUBE_HP15AC113UR_GZS5001_id42_s0_66.png,1,VALID,0.86865234,-0.6425781,-0.22937012,0.5902868,LCC-FASD external-dev / cross-domain stress set,-1.2943655252456665,1.0,0.0
YOUTUBE_HP15AC113UR_GZS5001_id42_s0_81.png,1,VALID,1.7041016,-1.2333984,-0.58154297,1.8662251,LCC-FASD external-dev / cross-domain stress set,-1.2943655252456665,1.0,0.0
YOUTUBE_HP15AC113UR_GZS5001_id42_s0_96.png,1,VALID,1.6025391,-1.140625,-0.54833984,1.7106504,LCC-FASD external-dev / cross-domain stress set,-1.2943655252456665,1.0,0.0
YOUTUBE_HP15AC113UR_GZS5001_id42_s0_111.png,1,VALID,1.5058594,-1.1523438,-0.48242188,1.5750144,LCC-FASD external-dev / cross-domain stress set,-1.2943655252456665,1.0,0.0
YOUTUBE_HP15AC113UR_GZS5001_id42_s0_126.png,1,VALID,1.1162109,-0.8852539,-0.30395508,0.9760113,LCC-FASD external-dev / cross-domain stress set,-1.2943655252456665,1.0,0.0
YOUTUBE_HP15AC113UR_GZS5001_id42_s0_141.png,1,VALID,1.6464844,-1.2265625,-0.5395508,1.7785207,LCC-FASD external-dev / cross-domain stress set,-1.2943655252456665,1.0,0.0
YOUTUBE_HP15AC113UR_GZS5001_id42_s0_156.png,1,VALID,0.9863281,-0.8095703,-0.20300293,0.7541653,LCC-FASD external-dev / cross-domain stress set,-1.2943655252456665,1.0,0.0
YOUTUBE_HP15AC113UR_GZS5001_id42_s0_171.png,1,VALID,1.9833984,-1.2568359,-0.78759766,2.285194,LCC-FASD external-dev / cross-domain stress set,-1.2943655252456665,1.0,0.0
YOUTUBE_HP15AC113UR_GZS5001_id48_s0_15.png,1,VALID,-0.38793945,0.7890625,-0.041107178,-1.5388463,LCC-FASD external-dev / cross-domain stress set,-1.2943655252456665,0.0,1.0
YOUTUBE_HP15AC113UR_GZS5001_id48_s0_30.png,1,VALID,-0.69873047,1.0761719,0.02027893,-2.0734367,LCC-FASD external-dev / cross-domain stress set,-1.2943655252456665,0.0,1.0
YOUTUBE_HP15AC113UR_GZS5001_id48_s0_45.png,1,VALID,-1.0253906,1.4023438,0.13256836,-2.6752932,LCC-FASD external-dev / cross-domain stress set,-1.2943655252456665,0.0,1.0
YOUTUBE_HP15AC113UR_GZS5001_id48_s0_60.png,1,VALID,0.31201172,0.28198242,-0.3786621,-0.38638783,LCC-FASD external-dev / cross-domain stress set,-1.2943655252456665,1.0,0.0
YOUTUBE_HP15AC113UR_GZS5001_id48_s0_75.png,1,VALID,0.32055664,0.15515137,-0.2619629,-0.34077692,LCC-FASD external-dev / cross-domain stress set,-1.2943655252456665,1.0,0.0
YOUTUBE_HP15AC113UR_GZS5001_id48_s0_90.png,1,VALID,0.18762207,0.2680664,-0.22558594,-0.55692255,LCC-FASD external-dev / cross-domain stress set,-1.2943655252456665,1.0,0.0
YOUTUBE_HP15AC113UR_GZS5001_id48_s0_105.png,1,VALID,-0.0077400208,0.37719727,-0.083740234,-0.87394184,LCC-FASD external-dev / cross-domain stress set,-1.2943655252456665,1.0,0.0
YOUTUBE_HP15AC113UR_GZS5001_id48_s0_120.png,1,VALID,0.33740234,0.14807129,-0.29614258,-0.3061748,LCC-FASD external-dev / cross-domain stress set,-1.2943655252456665,1.0,0.0
YOUTUBE_HP15AC113UR_GZS5001_id48_s0_135.png,1,VALID,0.4111328,0.20275879,-0.3701172,-0.23880959,LCC-FASD external-dev / cross-domain stress set,-1.2943655252456665,1.0,0.0
YOUTUBE_HP15AC113UR_GZS5001_id48_s0_150.png,1,VALID,0.46875,-0.06854248,-0.23022461,-0.07827771,LCC-FASD external-dev / cross-domain stress set,-1.2943655252456665,1.0,0.0
YOUTUBE_HP250G6_XPERIAZ5_id43_s0_15.png,1,VALID,-0.71777344,0.58740234,0.37573242,-1.8980781,LCC-FASD external-dev / cross-domain stress set,-1.2943655252456665,0.0,1.0
YOUTUBE_HP250G6_XPERIAZ5_id43_s0_30.png,1,VALID,-0.82128906,0.7729492,0.32495117,-2.0882673,LCC-FASD external-dev / cross-domain stress set,-1.2943655252456665,0.0,1.0
YOUTUBE_HP250G6_XPERIAZ5_id43_s0_47.png,1,VALID,-0.9536133,1.0380859,0.28222656,-2.3766942,LCC-FASD external-dev / cross-domain stress set,-1.2943655252456665,0.0,1.0
YOUTUBE_HP250G6_XPERIAZ5_id43_s0_66.png,1,VALID,-1.03125,1.0175781,0.36523438,-2.4680803,LCC-FASD external-dev / cross-domain stress set,-1.2943655252456665,0.0,1.0
YOUTUBE_HP250G6_XPERIAZ5_id43_s0_81.png,1,VALID,-0.98535156,0.8696289,0.4091797,-2.344174,LCC-FASD external-dev / cross-domain stress set,-1.2943655252456665,0.0,1.0
YOUTUBE_HP250G6_XPERIAZ5_id43_s0_96.png,1,VALID,-0.83984375,0.74902344,0.35107422,-2.102706,LCC-FASD external-dev / cross-domain stress set,-1.2943655252456665,0.0,1.0
YOUTUBE_HP250G6_XPERIAZ5_id43_s0_118.png,1,VALID,-1.1787109,1.2226562,0.37890625,-2.7591078,LCC-FASD external-dev / cross-domain stress set,-1.2943655252456665,0.0,1.0
YOUTUBE_HP250G6_XPERIAZ5_id43_s0_133.png,1,VALID,-1.0507812,1.0234375,0.37329102,-2.4942238,LCC-FASD external-dev / cross-domain stress set,-1.2943655252456665,0.0,1.0
YOUTUBE_HP250G6_XPERIAZ5_id43_s0_148.png,1,VALID,-0.87597656,0.78027344,0.4140625,-2.1829627,LCC-FASD external-dev / cross-domain stress set,-1.2943655252456665,0.0,1.0
YOUTUBE_HP250G6_XPERIAZ5_id43_s0_164.png,1,VALID,-0.8251953,0.9291992,0.25634766,-2.1666708,LCC-FASD external-dev / cross-domain stress set,-1.2943655252456665,0.0,1.0
YOUTUBE_HP250G6_XPERIAZ5_id43_s1_15.png,1,VALID,-0.30078125,0.6357422,-0.026016235,-1.3525614,LCC-FASD external-dev / cross-domain stress set,-1.2943655252456665,0.0,1.0
YOUTUBE_HP250G6_XPERIAZ5_id43_s1_30.png,1,VALID,-0.3803711,0.8496094,-0.09515381,-1.5584002,LCC-FASD external-dev / cross-domain stress set,-1.2943655252456665,0.0,1.0
YOUTUBE_HP250G6_XPERIAZ5_id43_s1_46.png,1,VALID,0.1484375,0.3935547,-0.3010254,-0.6501049,LCC-FASD external-dev / cross-domain stress set,-1.2943655252456665,1.0,0.0
YOUTUBE_HP250G6_XPERIAZ5_id43_s1_61.png,1,VALID,-0.19873047,0.4165039,-0.057434082,-1.0992308,LCC-FASD external-dev / cross-domain stress set,-1.2943655252456665,1.0,0.0
YOUTUBE_HP250G6_XPERIAZ5_id43_s1_76.png,1,VALID,-0.39575195,0.61816406,0.07763672,-1.4728847,LCC-FASD external-dev / cross-domain stress set,-1.2943655252456665,0.0,1.0
YOUTUBE_HP250G6_XPERIAZ5_id43_s1_92.png,1,VALID,-0.84033203,1.1972656,0.1538086,-2.3393564,LCC-FASD external-dev / cross-domain stress set,-1.2943655252456665,0.0,1.0
YOUTUBE_HP250G6_XPERIAZ5_id43_s1_107.png,1,VALID,-0.12231445,0.47998047,-0.11273193,-1.0423713,LCC-FASD external-dev / cross-domain stress set,-1.2943655252456665,1.0,0.0
YOUTUBE_HP250G6_XPERIAZ5_id43_s1_122.png,1,VALID,-0.11450195,0.67822266,-0.19372559,-1.142068,LCC-FASD external-dev / cross-domain stress set,-1.2943655252456665,1.0,0.0
YOUTUBE_HP250G6_XPERIAZ5_id43_s1_137.png,1,VALID,0.21484375,0.12658691,-0.2199707,-0.44654977,LCC-FASD external-dev / cross-domain stress set,-1.2943655252456665,1.0,0.0
YOUTUBE_HP250G6_XPERIAZ5_id43_s1_152.png,1,VALID,0.049957275,0.38354492,-0.2265625,-0.76750576,LCC-FASD external-dev / cross-domain stress set,-1.2943655252456665,1.0,0.0
YOUTUBE_HP250G6_XPERIAZ5_id48_s1_107.png,1,VALID,-1.0957031,1.4941406,0.14794922,-2.8211374,LCC-FASD external-dev / cross-domain stress set,-1.2943655252456665,0.0,1.0
YOUTUBE_DIGUNKNOWN_IPHONE5SF_id42_s1_95.png,1,VALID,-1.2724609,1.6894531,0.18908691,-3.1632605,LCC-FASD external-dev / cross-domain stress set,-1.2943655252456665,0.0,1.0
YOUTUBE_DLE6540_HTCDEYE_id39_s1_15.png,1,VALID,-0.15844727,0.6142578,-0.11248779,-1.1670957,LCC-FASD external-dev / cross-domain stress set,-1.2943655252456665,1.0,0.0
YOUTUBE_DLE6540_HTCDEYE_id39_s1_53.png,1,VALID,-1.1396484,1.5898438,0.13793945,-2.9398537,LCC-FASD external-dev / cross-domain stress set,-1.2943655252456665,0.0,1.0
YOUTUBE_DLE6540_HTCDEYE_id39_s1_68.png,1,VALID,-0.18237305,0.32177734,0.12561035,-1.1040165,LCC-FASD external-dev / cross-domain stress set,-1.2943655252456665,1.0,0.0
YOUTUBE_DLE6540_HTCDEYE_id39_s1_83.png,1,VALID,0.82128906,-0.6616211,-0.20129395,0.53334236,LCC-FASD external-dev / cross-domain stress set,-1.2943655252456665,1.0,0.0
YOUTUBE_DLE6540_HTCDEYE_id39_s1_98.png,1,VALID,0.2878418,0.20080566,-0.2512207,-0.40542436,LCC-FASD external-dev / cross-domain stress set,-1.2943655252456665,1.0,0.0
YOUTUBE_DLE6540_HTCDEYE_id39_s1_113.png,1,VALID,-0.10595703,0.27905273,0.034057617,-0.9631435,LCC-FASD external-dev / cross-domain stress set,-1.2943655252456665,1.0,0.0
YOUTUBE_DLE6540_HTCDEYE_id39_s1_128.png,1,VALID,0.18835449,0.21057129,-0.1928711,-0.533852,LCC-FASD external-dev / cross-domain stress set,-1.2943655252456665,1.0,0.0
YOUTUBE_DLE6540_HTCDEYE_id42_s0_15.png,1,VALID,1.6767578,-1.2695312,-0.55908203,1.8361089,LCC-FASD external-dev / cross-domain stress set,-1.2943655252456665,1.0,0.0
YOUTUBE_DLE6540_HTCDEYE_id42_s0_30.png,1,VALID,1.7275391,-1.2587891,-0.5957031,1.907656,LCC-FASD external-dev / cross-domain stress set,-1.2943655252456665,1.0,0.0
YOUTUBE_DLE6540_HTCDEYE_id42_s0_45.png,1,VALID,1.8505859,-1.4130859,-0.6176758,2.0957358,LCC-FASD external-dev / cross-domain stress set,-1.2943655252456665,1.0,0.0
YOUTUBE_DLE6540_HTCDEYE_id42_s0_60.png,1,VALID,2.0546875,-1.4248047,-0.72216797,2.3745437,LCC-FASD external-dev / cross-domain stress set,-1.2943655252456665,1.0,0.0
YOUTUBE_DLE6540_HTCDEYE_id42_s0_75.png,1,VALID,1.5078125,-1.1582031,-0.50683594,1.5950618,LCC-FASD external-dev / cross-domain stress set,-1.2943655252456665,1.0,0.0
YOUTUBE_DLE6540_HTCDEYE_id42_s0_90.png,1,VALID,1.8154297,-1.3720703,-0.60546875,2.0393236,LCC-FASD external-dev / cross-domain stress set,-1.2943655252456665,1.0,0.0
YOUTUBE_DLE6540_HTCDEYE_id42_s0_105.png,1,VALID,1.9003906,-1.4033203,-0.64697266,2.1625242,LCC-FASD external-dev / cross-domain stress set,-1.2943655252456665,1.0,0.0
YOUTUBE_DLE6540_HTCDEYE_id42_s0_120.png,1,VALID,1.5322266,-1.2724609,-0.4206543,1.5975565,LCC-FASD external-dev / cross-domain stress set,-1.2943655252456665,1.0,0.0
YOUTUBE_DLE6540_HTCDEYE_id42_s0_135.png,1,VALID,1.1523438,-1.0322266,-0.2376709,1.0172229,LCC-FASD external-dev / cross-domain stress set,-1.2943655252456665,1.0,0.0
YOUTUBE_DLE6540_HTCDEYE_id42_s0_150.png,1,VALID,1.2988281,-1.0703125,-0.3540039,1.255028,LCC-FASD external-dev / cross-domain stress set,-1.2943655252456665,1.0,0.0
YOUTUBE_DLE6540_HTCDEYE_id42_s1_15.png,1,VALID,-0.48413086,0.6166992,0.12335205,-1.577424,LCC-FASD external-dev / cross-domain stress set,-1.2943655252456665,0.0,1.0
YOUTUBE_DLE6540_HTCDEYE_id42_s1_30.png,1,VALID,-0.78759766,0.90185547,0.16271973,-2.0798225,LCC-FASD external-dev / cross-domain stress set,-1.2943655252456665,0.0,1.0
YOUTUBE_DLE6540_HTCDEYE_id42_s1_45.png,1,VALID,-0.32470703,0.54345703,0.03048706,-1.3373642,LCC-FASD external-dev / cross-domain stress set,-1.2943655252456665,0.0,1.0
YOUTUBE_DLE6540_HTCDEYE_id42_s1_60.png,1,VALID,-0.7763672,1.0947266,0.09515381,-2.1844704,LCC-FASD external-dev / cross-domain stress set,-1.2943655252456665,0.0,1.0
YOUTUBE_DLE6540_HTCDEYE_id42_s1_75.png,1,VALID,-0.11395264,0.58447266,-0.14660645,-1.0914056,LCC-FASD external-dev / cross-domain stress set,-1.2943655252456665,1.0,0.0
YOUTUBE_DLE6540_HTCDEYE_id42_s1_90.png,1,VALID,-0.71875,0.89404297,0.19628906,-2.0167248,LCC-FASD external-dev / cross-domain stress set,-1.2943655252456665,0.0,1.0
YOUTUBE_DLE6540_HTCDEYE_id42_s1_136.png,1,VALID,0.006603241,0.38891602,-0.13586426,-0.84710616,LCC-FASD external-dev / cross-domain stress set,-1.2943655252456665,1.0,0.0
YOUTUBE_DLE6540_HTCDEYE_id42_s1_152.png,1,VALID,-0.30517578,0.6015625,-0.031585693,-1.3326057,LCC-FASD external-dev / cross-domain stress set,-1.2943655252456665,0.0,1.0
YOUTUBE_DP2717H_HTCONEM9_id48_s0_15.png,1,VALID,-1.2753906,1.7773438,0.18432617,-3.2378116,LCC-FASD external-dev / cross-domain stress set,-1.2943655252456665,0.0,1.0
YOUTUBE_DP2717H_HTCONEM9_id48_s0_30.png,1,VALID,-1.3164062,1.7207031,0.22485352,-3.2392812,LCC-FASD external-dev / cross-domain stress set,-1.2943655252456665,0.0,1.0
YOUTUBE_DP2717H_HTCONEM9_id48_s0_45.png,1,VALID,-1.1992188,1.6064453,0.19213867,-3.0232675,LCC-FASD external-dev / cross-domain stress set,-1.2943655252456665,0.0,1.0
YOUTUBE_DP2717H_HTCONEM9_id48_s0_60.png,1,VALID,0.38354492,0.32104492,-0.4572754,-0.31537235,LCC-FASD external-dev / cross-domain stress set,-1.2943655252456665,1.0,0.0
YOUTUBE_DP2717H_HTCONEM9_id48_s0_75.png,1,VALID,-1.2353516,1.5488281,0.27270508,-3.03035,LCC-FASD external-dev / cross-domain stress set,-1.2943655252456665,0.0,1.0
YOUTUBE_DP2717H_HTCONEM9_id48_s0_90.png,1,VALID,-0.3461914,0.7558594,-0.037841797,-1.4751085,LCC-FASD external-dev / cross-domain stress set,-1.2943655252456665,0.0,1.0
YOUTUBE_DP2717H_HTCONEM9_id48_s0_105.png,1,VALID,-0.9692383,1.2939453,0.22143555,-2.5574555,LCC-FASD external-dev / cross-domain stress set,-1.2943655252456665,0.0,1.0
YOUTUBE_DP2717H_HTCONEM9_id48_s0_120.png,1,VALID,0.15344238,0.56396484,-0.3671875,-0.742771,LCC-FASD external-dev / cross-domain stress set,-1.2943655252456665,1.0,0.0
YOUTUBE_DP2717H_HTCONEM9_id48_s0_135.png,1,VALID,-0.99658203,1.75,-0.07269287,-2.8963718,LCC-FASD external-dev / cross-domain stress set,-1.2943655252456665,0.0,1.0
YOUTUBE_DP2717H_HTCONEM9_id48_s0_150.png,1,VALID,-0.8432617,1.2626953,0.13122559,-2.3855255,LCC-FASD external-dev / cross-domain stress set,-1.2943655252456665,0.0,1.0
YOUTUBE_DV3360_LA6020A40_id39_s1_15.png,1,VALID,0.6347656,0.3779297,-0.6484375,-0.049402595,LCC-FASD external-dev / cross-domain stress set,-1.2943655252456665,1.0,0.0
YOUTUBE_DV3360_LA6020A40_id39_s1_30.png,1,VALID,1.2373047,-0.33862305,-0.7651367,1.0734684,LCC-FASD external-dev / cross-domain stress set,-1.2943655252456665,1.0,0.0
YOUTUBE_DV3360_LA6020A40_id39_s1_45.png,1,VALID,0.78808594,-0.06744385,-0.52685547,0.36593482,LCC-FASD external-dev / cross-domain stress set,-1.2943655252456665,1.0,0.0
YOUTUBE_DV3360_LA6020A40_id39_s1_63.png,1,VALID,-0.61035156,0.890625,0.026046753,-1.8524987,LCC-FASD external-dev / cross-domain stress set,-1.2943655252456665,0.0,1.0
YOUTUBE_DV3360_LA6020A40_id39_s1_78.png,1,VALID,1.0166016,-0.35083008,-0.5732422,0.7793198,LCC-FASD external-dev / cross-domain stress set,-1.2943655252456665,1.0,0.0
YOUTUBE_DV3360_LA6020A40_id39_s1_93.png,1,VALID,0.93066406,-0.013710022,-0.7036133,0.53782654,LCC-FASD external-dev / cross-domain stress set,-1.2943655252456665,1.0,0.0
YOUTUBE_DV3360_LA6020A40_id39_s1_108.png,1,VALID,0.4951172,0.25610352,-0.51660156,-0.14062905,LCC-FASD external-dev / cross-domain stress set,-1.2943655252456665,1.0,0.0
YOUTUBE_DV3360_LA6020A40_id39_s1_123.png,1,VALID,0.55322266,0.20288086,-0.49291992,-0.05423957,LCC-FASD external-dev / cross-domain stress set,-1.2943655252456665,1.0,0.0
YOUTUBE_DV3360_LA6020A40_id42_s0_15.png,1,VALID,-0.44360352,1.0458984,-0.14538574,-1.7548087,LCC-FASD external-dev / cross-domain stress set,-1.2943655252456665,0.0,1.0
YOUTUBE_DV3360_LA6020A40_id42_s0_30.png,1,VALID,-0.2019043,0.8178711,-0.23132324,-1.3200427,LCC-FASD external-dev / cross-domain stress set,-1.2943655252456665,0.0,1.0
YOUTUBE_DV3360_LA6020A40_id42_s0_106.png,1,VALID,-0.6044922,0.9765625,-0.040222168,-1.8898299,LCC-FASD external-dev / cross-domain stress set,-1.2943655252456665,0.0,1.0
YOUTUBE_DV3360_LA6020A40_id42_s0_128.png,1,VALID,-0.1640625,1.0585938,-0.42504883,-1.4270735,LCC-FASD external-dev / cross-domain stress set,-1.2943655252456665,0.0,1.0
YOUTUBE_DV3360_LA6020A40_id42_s0_143.png,1,VALID,0.08935547,0.8364258,-0.50927734,-0.97846496,LCC-FASD external-dev / cross-domain stress set,-1.2943655252456665,1.0,0.0
YOUTUBE_DV3360_LA6020A40_id42_s0_158.png,1,VALID,-0.3244629,0.89746094,-0.2088623,-1.5076838,LCC-FASD external-dev / cross-domain stress set,-1.2943655252456665,0.0,1.0
YOUTUBE_DV3360_LA6020A40_id42_s0_173.png,1,VALID,0.19909668,0.33374023,-0.30004883,-0.5602888,LCC-FASD external-dev / cross-domain stress set,-1.2943655252456665,1.0,0.0
YOUTUBE_C27F591FDI_LGG3D690_id43_s0_15.png,1,VALID,0.50390625,-0.5097656,0.004852295,0.030470729,LCC-FASD external-dev / cross-domain stress set,-1.2943655252456665,1.0,0.0
YOUTUBE_C27F591FDI_LGG3D690_id43_s0_30.png,1,VALID,-0.30371094,0.24194336,0.24304199,-1.2393509,LCC-FASD external-dev / cross-domain stress set,-1.2943655252456665,1.0,0.0
YOUTUBE_C27F591FDI_LGG3D690_id43_s0_46.png,1,VALID,-0.27856445,0.32666016,0.15527344,-1.2163455,LCC-FASD external-dev / cross-domain stress set,-1.2943655252456665,1.0,0.0
YOUTUBE_C27F591FDI_LGG3D690_id43_s0_61.png,1,VALID,-0.44799805,0.37329102,0.26049805,-1.4596292,LCC-FASD external-dev / cross-domain stress set,-1.2943655252456665,0.0,1.0
YOUTUBE_C27F591FDI_LGG3D690_id43_s0_76.png,1,VALID,0.99658203,-0.9633789,-0.18371582,0.80284786,LCC-FASD external-dev / cross-domain stress set,-1.2943655252456665,1.0,0.0
YOUTUBE_C27F591FDI_LGG3D690_id43_s0_91.png,1,VALID,0.35375977,-0.23571777,0.030899048,-0.24583745,LCC-FASD external-dev / cross-domain stress set,-1.2943655252456665,1.0,0.0
YOUTUBE_C27F591FDI_LGG3D690_id43_s0_136.png,1,VALID,0.36523438,-0.25854492,-0.0124435425,-0.19997025,LCC-FASD external-dev / cross-domain stress set,-1.2943655252456665,1.0,0.0
YOUTUBE_C27F591FDI_LGG3D690_id43_s0_151.png,1,VALID,0.6591797,-0.4008789,-0.19848633,0.26060355,LCC-FASD external-dev / cross-domain stress set,-1.2943655252456665,1.0,0.0
YOUTUBE_C27F591FDI_LGG3D690_id43_s1_15.png,1,VALID,0.45776367,0.087646484,-0.3623047,-0.123150826,LCC-FASD external-dev / cross-domain stress set,-1.2943655252456665,1.0,0.0
YOUTUBE_C27F591FDI_LGG3D690_id43_s1_30.png,1,VALID,0.28027344,0.08728027,-0.21801758,-0.359111,LCC-FASD external-dev / cross-domain stress set,-1.2943655252456665,1.0,0.0
YOUTUBE_C27F591FDI_LGG3D690_id43_s1_45.png,1,VALID,0.09429932,0.28344727,-0.16625977,-0.682511,LCC-FASD external-dev / cross-domain stress set,-1.2943655252456665,1.0,0.0
YOUTUBE_C27F591FDI_LGG3D690_id43_s1_60.png,1,VALID,0.028778076,0.119384766,0.01171875,-0.7313692,LCC-FASD external-dev / cross-domain stress set,-1.2943655252456665,1.0,0.0
YOUTUBE_C27F591FDI_LGG3D690_id43_s1_75.png,1,VALID,-0.60302734,0.6635742,0.20629883,-1.757024,LCC-FASD external-dev / cross-domain stress set,-1.2943655252456665,0.0,1.0
YOUTUBE_C27F591FDI_LGG3D690_id43_s1_90.png,1,VALID,-0.43603516,0.59472656,0.10455322,-1.5085601,LCC-FASD external-dev / cross-domain stress set,-1.2943655252456665,0.0,1.0
YOUTUBE_C27F591FDI_LGG3D690_id43_s1_105.png,1,VALID,-0.14904785,0.7495117,-0.23925781,-1.214854,LCC-FASD external-dev / cross-domain stress set,-1.2943655252456665,1.0,0.0
YOUTUBE_C27F591FDI_LGG3D690_id43_s1_120.png,1,VALID,-0.25024414,0.73095703,-0.119018555,-1.3370736,LCC-FASD external-dev / cross-domain stress set,-1.2943655252456665,0.0,1.0
YOUTUBE_C27F591FDI_LGG3D690_id43_s1_135.png,1,VALID,0.9711914,-0.39038086,-0.45629883,0.700841,LCC-FASD external-dev / cross-domain stress set,-1.2943655252456665,1.0,0.0
YOUTUBE_C27F591FDI_LGG3D690_id43_s1_150.png,1,VALID,0.050354004,0.6777344,-0.3400879,-0.93588006,LCC-FASD external-dev / cross-domain stress set,-1.2943655252456665,1.0,0.0
YOUTUBE_C27F591FDI_LGG3D690_id48_s1_15.png,1,VALID,1.0214844,-0.27172852,-0.6411133,0.7677985,LCC-FASD external-dev / cross-domain stress set,-1.2943655252456665,1.0,0.0
YOUTUBE_C27F591FDI_LGG3D690_id48_s1_30.png,1,VALID,-0.10015869,0.6743164,-0.22473145,-1.1159042,LCC-FASD external-dev / cross-domain stress set,-1.2943655252456665,1.0,0.0
YOUTUBE_C27F591FDI_LGG3D690_id48_s1_45.png,1,VALID,-0.5341797,0.7915039,0.030334473,-1.7089847,LCC-FASD external-dev / cross-domain stress set,-1.2943655252456665,0.0,1.0
YOUTUBE_C27F591FDI_LGG3D690_id48_s1_60.png,1,VALID,0.9550781,0.003276825,-0.69189453,0.54701054,LCC-FASD external-dev / cross-domain stress set,-1.2943655252456665,1.0,0.0
YOUTUBE_C27F591FDI_LGG3D690_id48_s1_75.png,1,VALID,0.062438965,0.30786133,-0.15563965,-0.7334362,LCC-FASD external-dev / cross-domain stress set,-1.2943655252456665,1.0,0.0
YOUTUBE_C27F591FDI_LGG3D690_id48_s1_90.png,1,VALID,-1.1445312,1.3417969,0.28173828,-2.783789,LCC-FASD external-dev / cross-domain stress set,-1.2943655252456665,0.0,1.0
YOUTUBE_C27F591FDI_LGG3D690_id48_s1_105.png,1,VALID,-0.45385742,1.0449219,-0.06549072,-1.7835243,LCC-FASD external-dev / cross-domain stress set,-1.2943655252456665,0.0,1.0
YOUTUBE_C27F591FDI_LGG3D690_id48_s1_121.png,1,VALID,-0.23999023,0.93408203,-0.22106934,-1.4479164,LCC-FASD external-dev / cross-domain stress set,-1.2943655252456665,0.0,1.0
YOUTUBE_C27F591FDI_LGG3D690_id48_s1_136.png,1,VALID,-0.30249023,0.890625,-0.13537598,-1.4994504,LCC-FASD external-dev / cross-domain stress set,-1.2943655252456665,0.0,1.0
YOUTUBE_C27F591FDI_LGG3D690_id48_s1_151.png,1,VALID,-0.12475586,0.7246094,-0.2055664,-1.18189,LCC-FASD external-dev / cross-domain stress set,-1.2943655252456665,1.0,0.0
YOUTUBE_DIGUNKNOWN_IPHONE5SF_id39_s1_15.png,1,VALID,-0.8066406,1.1044922,0.09875488,-2.2228546,LCC-FASD external-dev / cross-domain stress set,-1.2943655252456665,0.0,1.0
YOUTUBE_DIGUNKNOWN_IPHONE5SF_id39_s1_35.png,1,VALID,-1.0546875,1.3398438,0.22265625,-2.6776018,LCC-FASD external-dev / cross-domain stress set,-1.2943655252456665,0.0,1.0
YOUTUBE_DIGUNKNOWN_IPHONE5SF_id39_s1_53.png,1,VALID,-1.0888672,1.4003906,0.22192383,-2.757566,LCC-FASD external-dev / cross-domain stress set,-1.2943655252456665,0.0,1.0
YOUTUBE_DIGUNKNOWN_IPHONE5SF_id39_s1_68.png,1,VALID,-1.0,1.3183594,0.17980957,-2.5962057,LCC-FASD external-dev / cross-domain stress set,-1.2943655252456665,0.0,1.0
YOUTUBE_DIGUNKNOWN_IPHONE5SF_id39_s1_91.png,1,VALID,-0.90283203,1.2197266,0.15429688,-2.4186401,LCC-FASD external-dev / cross-domain stress set,-1.2943655252456665,0.0,1.0
YOUTUBE_DIGUNKNOWN_IPHONE5SF_id39_s1_106.png,1,VALID,-0.93408203,1.4306641,0.01777649,-2.5826273,LCC-FASD external-dev / cross-domain stress set,-1.2943655252456665,0.0,1.0
YOUTUBE_DIGUNKNOWN_IPHONE5SF_id39_s1_121.png,1,VALID,-1.0400391,1.3349609,0.15002441,-2.6417894,LCC-FASD external-dev / cross-domain stress set,-1.2943655252456665,0.0,1.0
YOUTUBE_DIGUNKNOWN_IPHONE5SF_id39_s1_136.png,1,VALID,-1.0576172,1.4169922,0.16723633,-2.7265928,LCC-FASD external-dev / cross-domain stress set,-1.2943655252456665,0.0,1.0
YOUTUBE_DIGUNKNOWN_IPHONE5SF_id42_s0_15.png,1,VALID,-0.26586914,0.63671875,-0.117004395,-1.288266,LCC-FASD external-dev / cross-domain stress set,-1.2943655252456665,1.0,0.0
YOUTUBE_DIGUNKNOWN_IPHONE5SF_id42_s0_30.png,1,VALID,-0.16711426,0.5107422,-0.13330078,-1.0999589,LCC-FASD external-dev / cross-domain stress set,-1.2943655252456665,1.0,0.0
YOUTUBE_DIGUNKNOWN_IPHONE5SF_id42_s0_45.png,1,VALID,-0.37670898,0.68066406,-0.07330322,-1.442973,LCC-FASD external-dev / cross-domain stress set,-1.2943655252456665,0.0,1.0
YOUTUBE_DIGUNKNOWN_IPHONE5SF_id42_s0_60.png,1,VALID,-0.16516113,0.55322266,-0.13049316,-1.1270026,LCC-FASD external-dev / cross-domain stress set,-1.2943655252456665,1.0,0.0
YOUTUBE_DIGUNKNOWN_IPHONE5SF_id42_s0_75.png,1,VALID,-0.32714844,0.5751953,-0.0446167,-1.3328563,LCC-FASD external-dev / cross-domain stress set,-1.2943655252456665,0.0,1.0
YOUTUBE_DIGUNKNOWN_IPHONE5SF_id42_s0_90.png,1,VALID,0.07159424,0.44189453,-0.2454834,-0.7776922,LCC-FASD external-dev / cross-domain stress set,-1.2943655252456665,1.0,0.0
YOUTUBE_DIGUNKNOWN_IPHONE5SF_id42_s0_105.png,1,VALID,-0.16821289,0.72216797,-0.24804688,-1.2117406,LCC-FASD external-dev / cross-domain stress set,-1.2943655252456665,1.0,0.0
YOUTUBE_DIGUNKNOWN_IPHONE5SF_id42_s0_120.png,1,VALID,-0.43676758,0.9165039,-0.14355469,-1.6507323,LCC-FASD external-dev / cross-domain stress set,-1.2943655252456665,0.0,1.0
YOUTUBE_DIGUNKNOWN_IPHONE5SF_id42_s0_135.png,1,VALID,-0.5883789,0.87939453,0.009788513,-1.817808,LCC-FASD external-dev / cross-domain stress set,-1.2943655252456665,0.0,1.0
YOUTUBE_DIGUNKNOWN_IPHONE5SF_id42_s0_150.png,1,VALID,-0.86572266,1.0498047,0.16784668,-2.2619298,LCC-FASD external-dev / cross-domain stress set,-1.2943655252456665,0.0,1.0
YOUTUBE_DIGUNKNOWN_IPHONE5SF_id42_s1_18.png,1,VALID,-1.3710938,1.7626953,0.21911621,-3.3273926,LCC-FASD external-dev / cross-domain stress set,-1.2943655252456665,0.0,1.0
YOUTUBE_DIGUNKNOWN_IPHONE5SF_id42_s1_35.png,1,VALID,-1.4658203,1.8710938,0.27319336,-3.5211678,LCC-FASD external-dev / cross-domain stress set,-1.2943655252456665,0.0,1.0
YOUTUBE_DIGUNKNOWN_IPHONE5SF_id42_s1_50.png,1,VALID,-1.6474609,2.0625,0.34301758,-3.8747623,LCC-FASD external-dev / cross-domain stress set,-1.2943655252456665,0.0,1.0
YOUTUBE_DIGUNKNOWN_IPHONE5SF_id42_s1_65.png,1,VALID,-1.3916016,1.8876953,0.2322998,-3.454104,LCC-FASD external-dev / cross-domain stress set,-1.2943655252456665,0.0,1.0
YOUTUBE_DIGUNKNOWN_IPHONE5SF_id42_s1_80.png,1,VALID,-1.2578125,1.8095703,0.10803223,-3.2349315,LCC-FASD external-dev / cross-domain stress set,-1.2943655252456665,0.0,1.0
YOUTUBE_DIGUNKNOWN_IPHONE5SF_id42_s1_141.png,1,VALID,-1.4443359,1.9541016,0.24780273,-3.5652533,LCC-FASD external-dev / cross-domain stress set,-1.2943655252456665,0.0,1.0
YOUTUBE_DIGUNKNOWN_IPHONE5SF_id42_s1_176.png,1,VALID,-1.4042969,1.7158203,0.32250977,-3.3418615,LCC-FASD external-dev / cross-domain stress set,-1.2943655252456665,0.0,1.0
YOUTUBE_BQVW2245_NEXUS5_id42_s0_16.png,1,VALID,0.30395508,0.083862305,-0.22998047,-0.328395,LCC-FASD external-dev / cross-domain stress set,-1.2943655252456665,1.0,0.0
YOUTUBE_BQVW2245_NEXUS5_id42_s0_38.png,1,VALID,0.7480469,-0.24230957,-0.38305664,0.3651086,LCC-FASD external-dev / cross-domain stress set,-1.2943655252456665,1.0,0.0
YOUTUBE_BQVW2245_NEXUS5_id42_s0_156.png,1,VALID,0.12768555,0.22375488,-0.18811035,-0.60433984,LCC-FASD external-dev / cross-domain stress set,-1.2943655252456665,1.0,0.0
YOUTUBE_BQVW2245_NEXUS5_id42_s0_171.png,1,VALID,0.14477539,0.38452148,-0.27539062,-0.6564127,LCC-FASD external-dev / cross-domain stress set,-1.2943655252456665,1.0,0.0
YOUTUBE_BQVW2245_NEXUS5_id42_s0_186.png,1,VALID,0.23522949,0.06750488,-0.16455078,-0.41611093,LCC-FASD external-dev / cross-domain stress set,-1.2943655252456665,1.0,0.0
YOUTUBE_BQVW2245_NEXUS5_id42_s0_201.png,1,VALID,0.111328125,0.31176758,-0.23693848,-0.6564055,LCC-FASD external-dev / cross-domain stress set,-1.2943655252456665,1.0,0.0
YOUTUBE_BQVW2245_NEXUS5_id42_s0_216.png,1,VALID,-0.01687622,0.40478516,-0.20617676,-0.85527873,LCC-FASD external-dev / cross-domain stress set,-1.2943655252456665,1.0,0.0
YOUTUBE_BQVW2245_NEXUS5_id42_s0_232.png,1,VALID,0.27539062,0.2052002,-0.3239746,-0.39297163,LCC-FASD external-dev / cross-domain stress set,-1.2943655252456665,1.0,0.0
YOUTUBE_BQXL2420_NEXUS5_id39_s0_15.png,1,VALID,-1.0732422,1.2578125,0.29638672,-2.6548376,LCC-FASD external-dev / cross-domain stress set,-1.2943655252456665,0.0,1.0
YOUTUBE_BQXL2420_NEXUS5_id39_s0_30.png,1,VALID,-1.1845703,1.4228516,0.27856445,-2.8838794,LCC-FASD external-dev / cross-domain stress set,-1.2943655252456665,0.0,1.0
YOUTUBE_BQXL2420_NEXUS5_id39_s0_45.png,1,VALID,-1.1875,1.2734375,0.41308594,-2.813714,LCC-FASD external-dev / cross-domain stress set,-1.2943655252456665,0.0,1.0
YOUTUBE_BQXL2420_NEXUS5_id43_s0_15.png,1,VALID,-0.02029419,-0.103515625,0.16638184,-0.75395256,LCC-FASD external-dev / cross-domain stress set,-1.2943655252456665,1.0,0.0
YOUTUBE_BQXL2420_NEXUS5_id43_s0_30.png,1,VALID,-0.3803711,0.30004883,0.22692871,-1.3376752,LCC-FASD external-dev / cross-domain stress set,-1.2943655252456665,0.0,1.0
YOUTUBE_BQXL2420_NEXUS5_id43_s0_45.png,1,VALID,-0.24816895,0.19592285,0.19885254,-1.1387049,LCC-FASD external-dev / cross-domain stress set,-1.2943655252456665,1.0,0.0
YOUTUBE_BQXL2420_NEXUS5_id43_s0_60.png,1,VALID,0.4338379,-0.14624023,-0.1887207,-0.09205437,LCC-FASD external-dev / cross-domain stress set,-1.2943655252456665,1.0,0.0
YOUTUBE_BQXL2420_NEXUS5_id43_s0_75.png,1,VALID,0.14672852,-0.18041992,0.07159424,-0.49992377,LCC-FASD external-dev / cross-domain stress set,-1.2943655252456665,1.0,0.0
YOUTUBE_BQXL2420_NEXUS5_id43_s0_90.png,1,VALID,0.42456055,-0.3215332,-0.040405273,-0.097464085,LCC-FASD external-dev / cross-domain stress set,-1.2943655252456665,1.0,0.0
YOUTUBE_BQXL2420_NEXUS5_id43_s0_116.png,1,VALID,-0.057159424,0.076049805,0.113464355,-0.8452387,LCC-FASD external-dev / cross-domain stress set,-1.2943655252456665,1.0,0.0
YOUTUBE_BQXL2420_NEXUS5_id43_s0_131.png,1,VALID,0.6401367,-0.5341797,-0.12145996,0.25366652,LCC-FASD external-dev / cross-domain stress set,-1.2943655252456665,1.0,0.0
YOUTUBE_BQXL2420_NEXUS5_id43_s0_146.png,1,VALID,0.22631836,-0.18847656,0.029006958,-0.39299482,LCC-FASD external-dev / cross-domain stress set,-1.2943655252456665,1.0,0.0
YOUTUBE_BQXL2420_NEXUS5_id43_s0_161.png,1,VALID,0.46923828,-0.23120117,-0.15270996,-0.032723248,LCC-FASD external-dev / cross-domain stress set,-1.2943655252456665,1.0,0.0
YOUTUBE_BQXL2420_NEXUS5_id43_s1_15.png,1,VALID,-0.09234619,0.25390625,-0.010482788,-0.91591746,LCC-FASD external-dev / cross-domain stress set,-1.2943655252456665,1.0,0.0
YOUTUBE_BQXL2420_NEXUS5_id43_s1_36.png,1,VALID,0.6015625,-0.23779297,-0.31933594,0.18614888,LCC-FASD external-dev / cross-domain stress set,-1.2943655252456665,1.0,0.0
YOUTUBE_BQXL2420_NEXUS5_id43_s1_51.png,1,VALID,0.49804688,-0.11065674,-0.30395508,0.007542312,LCC-FASD external-dev / cross-domain stress set,-1.2943655252456665,1.0,0.0
YOUTUBE_BQXL2420_NEXUS5_id43_s1_66.png,1,VALID,0.2878418,0.16357422,-0.22399902,-0.39375323,LCC-FASD external-dev / cross-domain stress set,-1.2943655252456665,1.0,0.0
YOUTUBE_BQXL2420_NEXUS5_id43_s1_92.png,1,VALID,0.22058105,0.29345703,-0.31518555,-0.50731,LCC-FASD external-dev / cross-domain stress set,-1.2943655252456665,1.0,0.0
YOUTUBE_BQXL2420_NEXUS5_id43_s1_118.png,1,VALID,0.1887207,0.40576172,-0.3076172,-0.61580765,LCC-FASD external-dev / cross-domain stress set,-1.2943655252456665,1.0,0.0
YOUTUBE_BQXL2420_NEXUS5_id43_s1_133.png,1,VALID,0.51660156,0.035186768,-0.34838867,-0.03822428,LCC-FASD external-dev / cross-domain stress set,-1.2943655252456665,1.0,0.0
YOUTUBE_BQXL2420_NEXUS5_id43_s1_148.png,1,VALID,0.20727539,0.18151855,-0.21166992,-0.4899975,LCC-FASD external-dev / cross-domain stress set,-1.2943655252456665,1.0,0.0
YOUTUBE_BQXL2420_NEXUS5_id43_s1_163.png,1,VALID,0.099853516,0.17944336,-0.072021484,-0.6548882,LCC-FASD external-dev / cross-domain stress set,-1.2943655252456665,1.0,0.0
YOUTUBE_BQXL2420_NEXUS5_id48_s1_15.png,1,VALID,0.028305054,0.2602539,-0.109558105,-0.7571886,LCC-FASD external-dev / cross-domain stress set,-1.2943655252456665,1.0,0.0
YOUTUBE_BQXL2420_NEXUS5_id48_s1_30.png,1,VALID,0.7524414,-0.3984375,-0.30371094,0.40924716,LCC-FASD external-dev / cross-domain stress set,-1.2943655252456665,1.0,0.0
YOUTUBE_BQXL2420_NEXUS5_id48_s1_45.png,1,VALID,-0.8046875,1.109375,0.10101318,-2.2250824,LCC-FASD external-dev / cross-domain stress set,-1.2943655252456665,0.0,1.0
YOUTUBE_BQXL2420_NEXUS5_id48_s1_60.png,1,VALID,-0.9223633,1.1904297,0.10845947,-2.4046617,LCC-FASD external-dev / cross-domain stress set,-1.2943655252456665,0.0,1.0
YOUTUBE_BQXL2420_NEXUS5_id48_s1_75.png,1,VALID,-0.79345703,1.3486328,-0.035095215,-2.3657472,LCC-FASD external-dev / cross-domain stress set,-1.2943655252456665,0.0,1.0
YOUTUBE_BQXL2420_NEXUS5_id48_s1_90.png,1,VALID,0.61621094,0.094177246,-0.5048828,0.08421254,LCC-FASD external-dev / cross-domain stress set,-1.2943655252456665,1.0,0.0
YOUTUBE_BQXL2420_NEXUS5_id48_s1_105.png,1,VALID,-0.7109375,1.2832031,-0.07208252,-2.2235632,LCC-FASD external-dev / cross-domain stress set,-1.2943655252456665,0.0,1.0
YOUTUBE_BQXL2420_NEXUS5_id48_s1_120.png,1,VALID,-0.24890137,0.9355469,-0.2836914,-1.4433103,LCC-FASD external-dev / cross-domain stress set,-1.2943655252456665,0.0,1.0
YOUTUBE_BQXL2420_NEXUS5_id48_s1_135.png,1,VALID,-0.33935547,0.8876953,-0.15356445,-1.5293822,LCC-FASD external-dev / cross-domain stress set,-1.2943655252456665,0.0,1.0
YOUTUBE_BQXL2420_NEXUS5_id48_s1_150.png,1,VALID,-0.78222656,1.2207031,0.05105591,-2.2733204,LCC-FASD external-dev / cross-domain stress set,-1.2943655252456665,0.0,1.0
YOUTUBE_C27F591FDI_LGG3D690_id39_s0_15.png,1,VALID,-0.8930664,1.0917969,0.2298584,-2.3371685,LCC-FASD external-dev / cross-domain stress set,-1.2943655252456665,0.0,1.0
YOUTUBE_C27F591FDI_LGG3D690_id39_s0_31.png,1,VALID,-0.35620117,0.67529297,0.023788452,-1.4510337,LCC-FASD external-dev / cross-domain stress set,-1.2943655252456665,0.0,1.0
YOUTUBE_C27F591FDI_LGG3D690_id39_s0_46.png,1,VALID,-1.1679688,1.2724609,0.4013672,-2.7900252,LCC-FASD external-dev / cross-domain stress set,-1.2943655252456665,0.0,1.0
YOUTUBE_C27F591FDI_LGG3D690_id39_s0_61.png,1,VALID,-0.2878418,0.36279297,0.18237305,-1.2576354,LCC-FASD external-dev / cross-domain stress set,-1.2943655252456665,1.0,0.0
YOUTUBE_C27F591FDI_LGG3D690_id43_s0_106.png,1,VALID,-0.4333496,0.7553711,0.028411865,-1.5830417,LCC-FASD external-dev / cross-domain stress set,-1.2943655252456665,0.0,1.0
YOUTUBE_C27F591FDI_LGG3D690_id43_s0_121.png,1,VALID,0.36499023,-0.0690918,-0.14404297,-0.22229159,LCC-FASD external-dev / cross-domain stress set,-1.2943655252456665,1.0,0.0
YOUTUBE_AV203H_LEREELE3_id43_s1_45.png,1,VALID,1.0351562,-0.5239258,-0.46655273,0.83683693,LCC-FASD external-dev / cross-domain stress set,-1.2943655252456665,1.0,0.0
YOUTUBE_AV203H_LEREELE3_id43_s1_60.png,1,VALID,0.86035156,-0.25219727,-0.45532227,0.51581556,LCC-FASD external-dev / cross-domain stress set,-1.2943655252456665,1.0,0.0
YOUTUBE_AV203H_LEREELE3_id43_s1_75.png,1,VALID,0.6640625,-0.37817383,-0.23095703,0.2727741,LCC-FASD external-dev / cross-domain stress set,-1.2943655252456665,1.0,0.0
YOUTUBE_AV203H_LEREELE3_id43_s1_90.png,1,VALID,1.1171875,-0.5546875,-0.4873047,0.9444689,LCC-FASD external-dev / cross-domain stress set,-1.2943655252456665,1.0,0.0
YOUTUBE_AVC239H_REDMI4X_id48_s1_15.png,1,VALID,-1.0576172,1.5488281,0.11212158,-2.8197079,LCC-FASD external-dev / cross-domain stress set,-1.2943655252456665,0.0,1.0
YOUTUBE_AVC239H_REDMI4X_id48_s1_30.png,1,VALID,-1.3408203,1.7324219,0.21374512,-3.2712743,LCC-FASD external-dev / cross-domain stress set,-1.2943655252456665,0.0,1.0
YOUTUBE_AVC239H_REDMI4X_id48_s1_45.png,1,VALID,-0.8701172,1.4716797,-0.026611328,-2.5435221,LCC-FASD external-dev / cross-domain stress set,-1.2943655252456665,0.0,1.0
YOUTUBE_AVC239H_REDMI4X_id48_s1_60.png,1,VALID,-0.7529297,1.1708984,-0.009544373,-2.1916718,LCC-FASD external-dev / cross-domain stress set,-1.2943655252456665,0.0,1.0
YOUTUBE_AVC239H_REDMI4X_id48_s1_75.png,1,VALID,-0.7973633,1.2705078,0.013877869,-2.3183274,LCC-FASD external-dev / cross-domain stress set,-1.2943655252456665,0.0,1.0
YOUTUBE_AVC239H_REDMI4X_id48_s1_90.png,1,VALID,-1.1542969,1.6865234,0.1451416,-3.034811,LCC-FASD external-dev / cross-domain stress set,-1.2943655252456665,0.0,1.0
YOUTUBE_AVC239H_REDMI4X_id48_s1_105.png,1,VALID,-0.9370117,1.4111328,0.04748535,-2.5758586,LCC-FASD external-dev / cross-domain stress set,-1.2943655252456665,0.0,1.0
YOUTUBE_AVC239H_REDMI4X_id48_s1_120.png,1,VALID,-0.5961914,1.1513672,-0.12347412,-1.9940087,LCC-FASD external-dev / cross-domain stress set,-1.2943655252456665,0.0,1.0
YOUTUBE_AVC239H_REDMI4X_id48_s1_135.png,1,VALID,-1.0380859,1.4560547,0.08605957,-2.7205653,LCC-FASD external-dev / cross-domain stress set,-1.2943655252456665,0.0,1.0
YOUTUBE_AVC239H_REDMI4X_id48_s1_150.png,1,VALID,-1.0429688,1.3476562,0.18054199,-2.6616163,LCC-FASD external-dev / cross-domain stress set,-1.2943655252456665,0.0,1.0
YOUTUBE_AZPP01T_AZ3ZE552KL_id48_s0_15.png,1,VALID,-0.9916992,1.3447266,0.15856934,-2.6029296,LCC-FASD external-dev / cross-domain stress set,-1.2943655252456665,0.0,1.0
YOUTUBE_AZPP01T_AZ3ZE552KL_id48_s0_30.png,1,VALID,-0.8984375,1.2880859,0.076049805,-2.4470327,LCC-FASD external-dev / cross-domain stress set,-1.2943655252456665,0.0,1.0
YOUTUBE_AZPP01T_AZ3ZE552KL_id48_s0_45.png,1,VALID,-1.2890625,1.7158203,0.18017578,-3.1998878,LCC-FASD external-dev / cross-domain stress set,-1.2943655252456665,0.0,1.0
YOUTUBE_AZPP01T_AZ3ZE552KL_id48_s0_60.png,1,VALID,-0.7089844,1.0908203,0.06414795,-2.1059628,LCC-FASD external-dev / cross-domain stress set,-1.2943655252456665,0.0,1.0
YOUTUBE_AZPP01T_AZ3ZE552KL_id48_s0_75.png,1,VALID,0.06915283,0.5263672,-0.30566406,-0.81849384,LCC-FASD external-dev / cross-domain stress set,-1.2943655252456665,1.0,0.0
YOUTUBE_AZPP01T_AZ3ZE552KL_id48_s0_90.png,1,VALID,0.15673828,0.32543945,-0.22583008,-0.6237294,LCC-FASD external-dev / cross-domain stress set,-1.2943655252456665,1.0,0.0
YOUTUBE_AZPP01T_AZ3ZE552KL_id48_s0_105.png,1,VALID,-0.03656006,0.6484375,-0.26123047,-1.0233665,LCC-FASD external-dev / cross-domain stress set,-1.2943655252456665,1.0,0.0
YOUTUBE_AZPP01T_AZ3ZE552KL_id48_s0_120.png,1,VALID,-0.9951172,1.2431641,0.21252441,-2.5433946,LCC-FASD external-dev / cross-domain stress set,-1.2943655252456665,0.0,1.0
YOUTUBE_AZPP01T_AZ3ZE552KL_id48_s0_135.png,1,VALID,0.546875,0.030151367,-0.390625,0.0119944215,LCC-FASD external-dev / cross-domain stress set,-1.2943655252456665,1.0,0.0
YOUTUBE_AZPP01T_AZ3ZE552KL_id48_s0_150.png,1,VALID,-1.0703125,1.1787109,0.33520508,-2.6068375,LCC-FASD external-dev / cross-domain stress set,-1.2943655252456665,0.0,1.0
YOUTUBE_BQG2411HDA_REDMIN3P_id48_s0_15.png,1,VALID,-0.96728516,1.3183594,0.1340332,-2.552577,LCC-FASD external-dev / cross-domain stress set,-1.2943655252456665,0.0,1.0
YOUTUBE_BQG2411HDA_REDMIN3P_id48_s0_52.png,1,VALID,-0.9477539,1.5087891,-0.04159546,-2.648952,LCC-FASD external-dev / cross-domain stress set,-1.2943655252456665,0.0,1.0
YOUTUBE_BQG2411HDA_REDMIN3P_id48_s0_67.png,1,VALID,0.062042236,0.51220703,-0.26123047,-0.82957625,LCC-FASD external-dev / cross-domain stress set,-1.2943655252456665,1.0,0.0
YOUTUBE_BQG2411HDA_REDMIN3P_id48_s0_82.png,1,VALID,-0.6923828,1.125,0.04989624,-2.110994,LCC-FASD external-dev / cross-domain stress set,-1.2943655252456665,0.0,1.0
YOUTUBE_BQG2411HDA_REDMIN3P_id48_s0_97.png,1,VALID,-0.7114258,1.1787109,-0.011764526,-2.155632,LCC-FASD external-dev / cross-domain stress set,-1.2943655252456665,0.0,1.0
YOUTUBE_BQG2411HDA_REDMIN3P_id48_s0_112.png,1,VALID,-0.42358398,0.8540039,-0.0129852295,-1.628396,LCC-FASD external-dev / cross-domain stress set,-1.2943655252456665,0.0,1.0
YOUTUBE_BQG2411HDA_REDMIN3P_id48_s0_127.png,1,VALID,0.0690918,0.32958984,-0.15209961,-0.74152744,LCC-FASD external-dev / cross-domain stress set,-1.2943655252456665,1.0,0.0
YOUTUBE_BQG2411HDA_REDMIN3P_id48_s0_142.png,1,VALID,-0.48657227,0.93066406,-0.03451538,-1.7399825,LCC-FASD external-dev / cross-domain stress set,-1.2943655252456665,0.0,1.0
YOUTUBE_BQG2411HDA_REDMIN3P_id48_s0_157.png,1,VALID,-1.0537109,1.3447266,0.17150879,-2.6679835,LCC-FASD external-dev / cross-domain stress set,-1.2943655252456665,0.0,1.0
YOUTUBE_BQG2411HDA_REDMIN3P_id48_s0_172.png,1,VALID,-0.15576172,0.4165039,-0.074279785,-1.0498321,LCC-FASD external-dev / cross-domain stress set,-1.2943655252456665,1.0,0.0
YOUTUBE_BQM2200HD_REDMIN3P_id48_s0_15.png,1,VALID,-1.0869141,1.2509766,0.26635742,-2.655312,LCC-FASD external-dev / cross-domain stress set,-1.2943655252456665,0.0,1.0
YOUTUBE_BQM2200HD_REDMIN3P_id48_s0_30.png,1,VALID,-0.28222656,0.9121094,-0.18713379,-1.4818603,LCC-FASD external-dev / cross-domain stress set,-1.2943655252456665,0.0,1.0
YOUTUBE_BQM2200HD_REDMIN3P_id48_s0_45.png,1,VALID,-0.21887207,0.8251953,-0.18798828,-1.3538005,LCC-FASD external-dev / cross-domain stress set,-1.2943655252456665,0.0,1.0
YOUTUBE_BQM2200HD_REDMIN3P_id48_s0_60.png,1,VALID,-0.9863281,1.3701172,0.14465332,-2.6138911,LCC-FASD external-dev / cross-domain stress set,-1.2943655252456665,0.0,1.0
YOUTUBE_BQM2200HD_REDMIN3P_id48_s0_75.png,1,VALID,-0.32373047,0.74316406,-0.11437988,-1.4205067,LCC-FASD external-dev / cross-domain stress set,-1.2943655252456665,0.0,1.0
YOUTUBE_BQM2200HD_REDMIN3P_id48_s0_90.png,1,VALID,0.03527832,0.49169922,-0.22314453,-0.854706,LCC-FASD external-dev / cross-domain stress set,-1.2943655252456665,1.0,0.0
YOUTUBE_BQM2200HD_REDMIN3P_id48_s0_105.png,1,VALID,-1.0146484,1.40625,0.1340332,-2.6679225,LCC-FASD external-dev / cross-domain stress set,-1.2943655252456665,0.0,1.0
YOUTUBE_BQM2200HD_REDMIN3P_id48_s0_120.png,1,VALID,-1.09375,1.5009766,0.15319824,-2.825693,LCC-FASD external-dev / cross-domain stress set,-1.2943655252456665,0.0,1.0
YOUTUBE_BQM2200HD_REDMIN3P_id48_s0_135.png,1,VALID,0.06665039,0.58496094,-0.32250977,-0.8573107,LCC-FASD external-dev / cross-domain stress set,-1.2943655252456665,1.0,0.0
YOUTUBE_BQM2200HD_REDMIN3P_id48_s0_150.png,1,VALID,0.32641602,0.36206055,-0.41723633,-0.41320968,LCC-FASD external-dev / cross-domain stress set,-1.2943655252456665,1.0,0.0
YOUTUBE_BQVW2245_NEXUS5_id39_s1_15.png,1,VALID,-0.63378906,0.9638672,0.022125244,-1.9269226,LCC-FASD external-dev / cross-domain stress set,-1.2943655252456665,0.0,1.0
YOUTUBE_BQVW2245_NEXUS5_id39_s1_50.png,1,VALID,-0.9165039,1.0615234,0.2619629,-2.3492641,LCC-FASD external-dev / cross-domain stress set,-1.2943655252456665,0.0,1.0
YOUTUBE_BQVW2245_NEXUS5_id39_s1_65.png,1,VALID,-1.2685547,1.5097656,0.29614258,-3.038466,LCC-FASD external-dev / cross-domain stress set,-1.2943655252456665,0.0,1.0
YOUTUBE_BQVW2245_NEXUS5_id39_s1_85.png,1,VALID,-0.9790039,1.1728516,0.23010254,-2.4808393,LCC-FASD external-dev / cross-domain stress set,-1.2943655252456665,0.0,1.0
YOUTUBE_BQVW2245_NEXUS5_id39_s1_100.png,1,VALID,-0.64990234,1.1103516,-0.0463562,-2.0337253,LCC-FASD external-dev / cross-domain stress set,-1.2943655252456665,0.0,1.0
YOUTUBE_BQVW2245_NEXUS5_id39_s1_115.png,1,VALID,-0.81884766,1.2285156,0.044281006,-2.3143172,LCC-FASD external-dev / cross-domain stress set,-1.2943655252456665,0.0,1.0
YOUTUBE_BQVW2245_NEXUS5_id39_s1_130.png,1,VALID,-0.7626953,1.1796875,-0.0104904175,-2.2079475,LCC-FASD external-dev / cross-domain stress set,-1.2943655252456665,0.0,1.0
YOUTUBE_BQVW2245_NEXUS5_id42_s0_100.png,1,VALID,0.4375,0.016342163,-0.32104492,-0.11745757,LCC-FASD external-dev / cross-domain stress set,-1.2943655252456665,1.0,0.0
YOUTUBE_BQVW2245_NEXUS5_id42_s0_115.png,1,VALID,0.30932617,0.010276794,-0.22009277,-0.28553218,LCC-FASD external-dev / cross-domain stress set,-1.2943655252456665,1.0,0.0
YOUTUBE_ATMP253MG_XIAOMIMI6_id42_s0_16.png,1,VALID,0.40063477,-0.029067993,-0.24926758,-0.15939337,LCC-FASD external-dev / cross-domain stress set,-1.2943655252456665,1.0,0.0
YOUTUBE_ATMP253MG_XIAOMIMI6_id42_s0_32.png,1,VALID,1.8349609,-0.9760742,-0.8222656,2.0380294,LCC-FASD external-dev / cross-domain stress set,-1.2943655252456665,1.0,0.0
YOUTUBE_ATMP253MG_XIAOMIMI6_id42_s0_47.png,1,VALID,0.3701172,0.025863647,-0.25585938,-0.21792048,LCC-FASD external-dev / cross-domain stress set,-1.2943655252456665,1.0,0.0
YOUTUBE_ATMP253MG_XIAOMIMI6_id42_s0_62.png,1,VALID,1.4697266,-0.609375,-0.7758789,1.465745,LCC-FASD external-dev / cross-domain stress set,-1.2943655252456665,1.0,0.0
YOUTUBE_ATMP253MG_XIAOMIMI6_id42_s0_77.png,1,VALID,0.90966797,-0.4699707,-0.38598633,0.64361787,LCC-FASD external-dev / cross-domain stress set,-1.2943655252456665,1.0,0.0
YOUTUBE_ATMP253MG_XIAOMIMI6_id42_s0_93.png,1,VALID,0.98291016,-0.5283203,-0.43066406,0.76806355,LCC-FASD external-dev / cross-domain stress set,-1.2943655252456665,1.0,0.0
YOUTUBE_ATMP253MG_XIAOMIMI6_id42_s0_123.png,1,VALID,0.69970703,-0.11907959,-0.44848633,0.2768401,LCC-FASD external-dev / cross-domain stress set,-1.2943655252456665,1.0,0.0
YOUTUBE_ATMP253MG_XIAOMIMI6_id42_s0_138.png,1,VALID,0.7661133,-0.15551758,-0.47583008,0.3758694,LCC-FASD external-dev / cross-domain stress set,-1.2943655252456665,1.0,0.0
YOUTUBE_ATMP253MG_XIAOMIMI6_id42_s0_153.png,1,VALID,1.0048828,-0.47583008,-0.43652344,0.76771927,LCC-FASD external-dev / cross-domain stress set,-1.2943655252456665,1.0,0.0
YOUTUBE_ATMP253MG_XIAOMIMI6_id42_s1_18.png,1,VALID,-0.6796875,1.0957031,-0.0065841675,-2.0621552,LCC-FASD external-dev / cross-domain stress set,-1.2943655252456665,0.0,1.0
YOUTUBE_ATMP253MG_XIAOMIMI6_id42_s1_53.png,1,VALID,-1.2099609,1.5185547,0.28198242,-2.9834507,LCC-FASD external-dev / cross-domain stress set,-1.2943655252456665,0.0,1.0
YOUTUBE_ATMP253MG_XIAOMIMI6_id42_s1_75.png,1,VALID,-1.2851562,1.5585938,0.33154297,-3.1008358,LCC-FASD external-dev / cross-domain stress set,-1.2943655252456665,0.0,1.0
YOUTUBE_AUNKNOWN_HUAWEIU22_id43_s0_15.png,1,VALID,-0.68896484,0.7236328,0.27270508,-1.9054854,LCC-FASD external-dev / cross-domain stress set,-1.2943655252456665,0.0,1.0
YOUTUBE_AUNKNOWN_HUAWEIU22_id43_s0_30.png,1,VALID,-1.0527344,1.1328125,0.33398438,-2.5570111,LCC-FASD external-dev / cross-domain stress set,-1.2943655252456665,0.0,1.0
YOUTUBE_AUNKNOWN_HUAWEIU22_id43_s0_51.png,1,VALID,-1.0371094,1.4091797,0.13781738,-2.6935,LCC-FASD external-dev / cross-domain stress set,-1.2943655252456665,0.0,1.0
YOUTUBE_AUNKNOWN_HUAWEIU22_id43_s0_66.png,1,VALID,-0.8598633,0.9375,0.26171875,-2.2086506,LCC-FASD external-dev / cross-domain stress set,-1.2943655252456665,0.0,1.0
YOUTUBE_AUNKNOWN_HUAWEIU22_id43_s0_81.png,1,VALID,-1.1894531,1.3798828,0.29833984,-2.8613129,LCC-FASD external-dev / cross-domain stress set,-1.2943655252456665,0.0,1.0
YOUTUBE_AUNKNOWN_HUAWEIU22_id43_s0_96.png,1,VALID,-0.6953125,0.89160156,0.1619873,-1.9803706,LCC-FASD external-dev / cross-domain stress set,-1.2943655252456665,0.0,1.0
YOUTUBE_AUNKNOWN_HUAWEIU22_id43_s0_111.png,1,VALID,-0.9160156,1.1025391,0.24523926,-2.3722396,LCC-FASD external-dev / cross-domain stress set,-1.2943655252456665,0.0,1.0
YOUTUBE_AUNKNOWN_HUAWEIU22_id43_s0_126.png,1,VALID,-0.9013672,1.1933594,0.14831543,-2.3960721,LCC-FASD external-dev / cross-domain stress set,-1.2943655252456665,0.0,1.0
YOUTUBE_AUNKNOWN_HUAWEIU22_id43_s0_141.png,1,VALID,-0.6894531,0.78564453,0.20593262,-1.9198217,LCC-FASD external-dev / cross-domain stress set,-1.2943655252456665,0.0,1.0
YOUTUBE_AUNKNOWN_HUAWEIU22_id43_s0_156.png,1,VALID,-0.5,0.61376953,0.13842773,-1.5972276,LCC-FASD external-dev / cross-domain stress set,-1.2943655252456665,0.0,1.0
YOUTUBE_AUNKNOWN_HUAWEIU22_id48_s1_15.png,1,VALID,-1.4482422,2.0625,0.075927734,-3.6392803,LCC-FASD external-dev / cross-domain stress set,-1.2943655252456665,0.0,1.0
YOUTUBE_AUNKNOWN_HUAWEIU22_id48_s1_30.png,1,VALID,-0.9848633,1.7275391,-0.1204834,-2.8587067,LCC-FASD external-dev / cross-domain stress set,-1.2943655252456665,0.0,1.0
YOUTUBE_AUNKNOWN_HUAWEIU22_id48_s1_45.png,1,VALID,-1.3886719,1.7548828,0.26953125,-3.3476562,LCC-FASD external-dev / cross-domain stress set,-1.2943655252456665,0.0,1.0
YOUTUBE_AUNKNOWN_HUAWEIU22_id48_s1_60.png,1,VALID,-1.3867188,2.0136719,0.07147217,-3.5343866,LCC-FASD external-dev / cross-domain stress set,-1.2943655252456665,0.0,1.0
YOUTUBE_AUNKNOWN_HUAWEIU22_id48_s1_75.png,1,VALID,-1.1572266,1.6865234,0.103759766,-3.030567,LCC-FASD external-dev / cross-domain stress set,-1.2943655252456665,0.0,1.0
YOUTUBE_AUNKNOWN_HUAWEIU22_id48_s1_90.png,1,VALID,-1.4169922,1.9023438,0.18139648,-3.4839149,LCC-FASD external-dev / cross-domain stress set,-1.2943655252456665,0.0,1.0
YOUTUBE_AUNKNOWN_HUAWEIU22_id48_s1_105.png,1,VALID,-1.3408203,1.7558594,0.23535156,-3.294383,LCC-FASD external-dev / cross-domain stress set,-1.2943655252456665,0.0,1.0
YOUTUBE_AUNKNOWN_HUAWEIU22_id48_s1_120.png,1,VALID,-1.7490234,2.2148438,0.29833984,-4.101122,LCC-FASD external-dev / cross-domain stress set,-1.2943655252456665,0.0,1.0
YOUTUBE_AUNKNOWN_HUAWEIU22_id48_s1_135.png,1,VALID,-1.2724609,1.7919922,0.113464355,-3.2355862,LCC-FASD external-dev / cross-domain stress set,-1.2943655252456665,0.0,1.0
YOUTUBE_AUNKNOWN_HUAWEIU22_id48_s1_150.png,1,VALID,-1.2705078,1.65625,0.21398926,-3.1389558,LCC-FASD external-dev / cross-domain stress set,-1.2943655252456665,0.0,1.0
YOUTUBE_AV203H_LEREELE3_id39_s0_15.png,1,VALID,-0.8432617,0.94384766,0.265625,-2.1975741,LCC-FASD external-dev / cross-domain stress set,-1.2943655252456665,0.0,1.0
YOUTUBE_AV203H_LEREELE3_id39_s0_43.png,1,VALID,-0.61328125,0.5708008,0.27807617,-1.7415398,LCC-FASD external-dev / cross-domain stress set,-1.2943655252456665,0.0,1.0
YOUTUBE_AV203H_LEREELE3_id43_s0_15.png,1,VALID,0.50097656,-0.64697266,0.07702637,0.028663635,LCC-FASD external-dev / cross-domain stress set,-1.2943655252456665,1.0,0.0
YOUTUBE_AV203H_LEREELE3_id43_s0_30.png,1,VALID,0.62353516,-0.6948242,-0.008331299,0.22417834,LCC-FASD external-dev / cross-domain stress set,-1.2943655252456665,1.0,0.0
YOUTUBE_AV203H_LEREELE3_id43_s0_46.png,1,VALID,0.39916992,-0.47973633,0.06677246,-0.124373734,LCC-FASD external-dev / cross-domain stress set,-1.2943655252456665,1.0,0.0
YOUTUBE_AV203H_LEREELE3_id43_s0_61.png,1,VALID,-0.050079346,-0.16894531,0.23864746,-0.7987019,LCC-FASD external-dev / cross-domain stress set,-1.2943655252456665,1.0,0.0
YOUTUBE_AV203H_LEREELE3_id43_s0_76.png,1,VALID,0.9550781,-1.0576172,-0.085632324,0.71983683,LCC-FASD external-dev / cross-domain stress set,-1.2943655252456665,1.0,0.0
YOUTUBE_AV203H_LEREELE3_id43_s0_91.png,1,VALID,0.7734375,-0.8598633,-0.031066895,0.44224295,LCC-FASD external-dev / cross-domain stress set,-1.2943655252456665,1.0,0.0
YOUTUBE_AV203H_LEREELE3_id43_s0_114.png,1,VALID,0.3779297,-0.45532227,0.06439209,-0.15314198,LCC-FASD external-dev / cross-domain stress set,-1.2943655252456665,1.0,0.0
YOUTUBE_AV203H_LEREELE3_id43_s0_129.png,1,VALID,0.84716797,-0.87939453,-0.08203125,0.55728036,LCC-FASD external-dev / cross-domain stress set,-1.2943655252456665,1.0,0.0
YOUTUBE_AV203H_LEREELE3_id43_s0_144.png,1,VALID,0.5527344,-0.6635742,0.029373169,0.1178295,LCC-FASD external-dev / cross-domain stress set,-1.2943655252456665,1.0,0.0
YOUTUBE_AV203H_LEREELE3_id43_s0_159.png,1,VALID,0.15454102,-0.21228027,0.15063477,-0.5241573,LCC-FASD external-dev / cross-domain stress set,-1.2943655252456665,1.0,0.0
YOUTUBE_AV203H_LEREELE3_id43_s1_15.png,1,VALID,1.265625,-0.47509766,-0.6118164,1.1136001,LCC-FASD external-dev / cross-domain stress set,-1.2943655252456665,1.0,0.0
YOUTUBE_AV203H_LEREELE3_id43_s1_30.png,1,VALID,1.1435547,-0.6376953,-0.48364258,1.0081129,LCC-FASD external-dev / cross-domain stress set,-1.2943655252456665,1.0,0.0
YOUTUBE_AV203H_LEREELE3_id43_s1_105.png,1,VALID,0.7788086,-0.17089844,-0.44360352,0.38364506,LCC-FASD external-dev / cross-domain stress set,-1.2943655252456665,1.0,0.0
YOUTUBE_AV203H_LEREELE3_id43_s1_120.png,1,VALID,0.42797852,0.08190918,-0.3190918,-0.16654432,LCC-FASD external-dev / cross-domain stress set,-1.2943655252456665,1.0,0.0
YOUTUBE_AV203H_LEREELE3_id43_s1_135.png,1,VALID,1.0146484,-0.47973633,-0.45092773,0.7867295,LCC-FASD external-dev / cross-domain stress set,-1.2943655252456665,1.0,0.0
YOUTUBE_AV203H_LEREELE3_id43_s1_150.png,1,VALID,1.2919922,-0.7446289,-0.5390625,1.2354177,LCC-FASD external-dev / cross-domain stress set,-1.2943655252456665,1.0,0.0
YOUTUBE_AEME725_HONOR6CP_id43_s1_92.png,1,VALID,0.72753906,-0.27783203,-0.3840332,0.36391532,LCC-FASD external-dev / cross-domain stress set,-1.2943655252456665,1.0,0.0
YOUTUBE_AEME725_HONOR6CP_id48_s0_15.png,1,VALID,-1.2177734,1.765625,0.091918945,-3.1552913,LCC-FASD external-dev / cross-domain stress set,-1.2943655252456665,0.0,1.0
YOUTUBE_AEME725_HONOR6CP_id48_s0_30.png,1,VALID,-1.2431641,1.4990234,0.25854492,-2.996245,LCC-FASD external-dev / cross-domain stress set,-1.2943655252456665,0.0,1.0
YOUTUBE_AEME725_HONOR6CP_id48_s0_45.png,1,VALID,-1.0478516,1.4609375,0.109680176,-2.739039,LCC-FASD external-dev / cross-domain stress set,-1.2943655252456665,0.0,1.0
YOUTUBE_AEME725_HONOR6CP_id48_s0_60.png,1,VALID,-0.03640747,0.47924805,-0.19726562,-0.92669594,LCC-FASD external-dev / cross-domain stress set,-1.2943655252456665,1.0,0.0
YOUTUBE_AEME725_HONOR6CP_id48_s0_75.png,1,VALID,-0.11566162,0.32470703,-0.043884277,-0.96610737,LCC-FASD external-dev / cross-domain stress set,-1.2943655252456665,1.0,0.0
YOUTUBE_AEME725_HONOR6CP_id48_s0_90.png,1,VALID,-0.113464355,0.43188477,-0.07879639,-1.015407,LCC-FASD external-dev / cross-domain stress set,-1.2943655252456665,1.0,0.0
YOUTUBE_AEME725_HONOR6CP_id48_s0_105.png,1,VALID,-0.41308594,0.7783203,-0.044006348,-1.5556382,LCC-FASD external-dev / cross-domain stress set,-1.2943655252456665,0.0,1.0
YOUTUBE_AEME725_HONOR6CP_id48_s0_120.png,1,VALID,-0.2277832,0.40625,0.032348633,-1.1576042,LCC-FASD external-dev / cross-domain stress set,-1.2943655252456665,1.0,0.0
YOUTUBE_AEME725_HONOR6CP_id48_s0_135.png,1,VALID,-0.26904297,0.4855957,-0.023956299,-1.2251201,LCC-FASD external-dev / cross-domain stress set,-1.2943655252456665,1.0,0.0
YOUTUBE_AEME725_HONOR6CP_id48_s0_150.png,1,VALID,-0.07684326,0.35131836,-0.064575195,-0.9348289,LCC-FASD external-dev / cross-domain stress set,-1.2943655252456665,1.0,0.0
YOUTUBE_AEME725_HONOR6CP_id48_s1_15.png,1,VALID,0.60595703,-0.24255371,-0.31152344,0.18925399,LCC-FASD external-dev / cross-domain stress set,-1.2943655252456665,1.0,0.0
YOUTUBE_AEME725_HONOR6CP_id48_s1_30.png,1,VALID,0.38012695,-0.09814453,-0.24194336,-0.14555877,LCC-FASD external-dev / cross-domain stress set,-1.2943655252456665,1.0,0.0
YOUTUBE_AEME725_HONOR6CP_id48_s1_45.png,1,VALID,-0.32861328,0.6201172,0.015731812,-1.3846667,LCC-FASD external-dev / cross-domain stress set,-1.2943655252456665,0.0,1.0
YOUTUBE_AEME725_HONOR6CP_id48_s1_60.png,1,VALID,-1.0761719,1.3291016,0.2277832,-2.6922798,LCC-FASD external-dev / cross-domain stress set,-1.2943655252456665,0.0,1.0
YOUTUBE_AEME725_HONOR6CP_id48_s1_75.png,1,VALID,0.4338379,-0.07598877,-0.24401855,-0.10283071,LCC-FASD external-dev / cross-domain stress set,-1.2943655252456665,1.0,0.0
YOUTUBE_AEME725_HONOR6CP_id48_s1_90.png,1,VALID,-0.98046875,1.1513672,0.2746582,-2.479778,LCC-FASD external-dev / cross-domain stress set,-1.2943655252456665,0.0,1.0
YOUTUBE_AEME725_HONOR6CP_id48_s1_109.png,1,VALID,-0.35205078,0.625,0.014434814,-1.4108078,LCC-FASD external-dev / cross-domain stress set,-1.2943655252456665,0.0,1.0
YOUTUBE_AEME725_HONOR6CP_id48_s1_124.png,1,VALID,-0.4572754,0.7963867,-0.03378296,-1.6155064,LCC-FASD external-dev / cross-domain stress set,-1.2943655252456665,0.0,1.0
YOUTUBE_AEME725_HONOR6CP_id48_s1_139.png,1,VALID,-0.83984375,1.2753906,0.031677246,-2.368567,LCC-FASD external-dev / cross-domain stress set,-1.2943655252456665,0.0,1.0
YOUTUBE_AEME725_HONOR6CP_id48_s1_156.png,1,VALID,-0.4567871,0.83691406,-0.026473999,-1.6455761,LCC-FASD external-dev / cross-domain stress set,-1.2943655252456665,0.0,1.0
YOUTUBE_AK73S_REDMI3S_id39_s1_64.png,1,VALID,0.5620117,-0.58984375,0.033477783,0.09924775,LCC-FASD external-dev / cross-domain stress set,-1.2943655252456665,1.0,0.0
YOUTUBE_AK73S_REDMI3S_id39_s1_119.png,1,VALID,1.0039062,-0.71875,-0.3305664,0.8166986,LCC-FASD external-dev / cross-domain stress set,-1.2943655252456665,1.0,0.0
YOUTUBE_AK73S_REDMI3S_id39_s1_137.png,1,VALID,0.39868164,-0.18591309,-0.10900879,-0.1477437,LCC-FASD external-dev / cross-domain stress set,-1.2943655252456665,1.0,0.0
YOUTUBE_AK73S_REDMI3S_id42_s0_15.png,1,VALID,1.3798828,-1.1982422,-0.35546875,1.3773172,LCC-FASD external-dev / cross-domain stress set,-1.2943655252456665,1.0,0.0
YOUTUBE_AK73S_REDMI3S_id42_s0_30.png,1,VALID,1.7529297,-1.40625,-0.53125,1.9357351,LCC-FASD external-dev / cross-domain stress set,-1.2943655252456665,1.0,0.0
YOUTUBE_AK73S_REDMI3S_id42_s0_45.png,1,VALID,1.9365234,-1.5722656,-0.60498047,2.2193382,LCC-FASD external-dev / cross-domain stress set,-1.2943655252456665,1.0,0.0
YOUTUBE_AK73S_REDMI3S_id42_s0_60.png,1,VALID,1.2753906,-1.1503906,-0.2956543,1.2165956,LCC-FASD external-dev / cross-domain stress set,-1.2943655252456665,1.0,0.0
YOUTUBE_AK73S_REDMI3S_id42_s0_76.png,1,VALID,0.8881836,-0.8613281,-0.14672852,0.63654685,LCC-FASD external-dev / cross-domain stress set,-1.2943655252456665,1.0,0.0
YOUTUBE_AK73S_REDMI3S_id42_s0_91.png,1,VALID,1.1611328,-1.0634766,-0.2758789,1.0620495,LCC-FASD external-dev / cross-domain stress set,-1.2943655252456665,1.0,0.0
YOUTUBE_AK73S_REDMI3S_id42_s0_106.png,1,VALID,1.6259766,-1.3408203,-0.47021484,1.7464519,LCC-FASD external-dev / cross-domain stress set,-1.2943655252456665,1.0,0.0
YOUTUBE_AK73S_REDMI3S_id42_s0_121.png,1,VALID,1.7646484,-1.4951172,-0.50439453,1.9532777,LCC-FASD external-dev / cross-domain stress set,-1.2943655252456665,1.0,0.0
YOUTUBE_AK73S_REDMI3S_id42_s0_136.png,1,VALID,1.6787109,-1.3388672,-0.52001953,1.8334352,LCC-FASD external-dev / cross-domain stress set,-1.2943655252456665,1.0,0.0
YOUTUBE_AK73S_REDMI3S_id42_s0_151.png,1,VALID,1.4726562,-1.1171875,-0.4501953,1.5085919,LCC-FASD external-dev / cross-domain stress set,-1.2943655252456665,1.0,0.0
YOUTUBE_AK73S_REDMI3S_id42_s1_35.png,1,VALID,-0.6542969,0.9355469,0.07989502,-1.9440198,LCC-FASD external-dev / cross-domain stress set,-1.2943655252456665,0.0,1.0
YOUTUBE_AK73S_REDMI3S_id42_s1_50.png,1,VALID,-1.1220703,1.2724609,0.3244629,-2.7220464,LCC-FASD external-dev / cross-domain stress set,-1.2943655252456665,0.0,1.0
YOUTUBE_AK73S_REDMI3S_id42_s1_67.png,1,VALID,-0.82910156,1.0566406,0.1508789,-2.225234,LCC-FASD external-dev / cross-domain stress set,-1.2943655252456665,0.0,1.0
YOUTUBE_AK73S_REDMI3S_id42_s1_82.png,1,VALID,-1.0253906,1.15625,0.30322266,-2.5366,LCC-FASD external-dev / cross-domain stress set,-1.2943655252456665,0.0,1.0
YOUTUBE_ASM710N_MEIZUM2MINI_id43_s0_16.png,1,VALID,-0.4477539,0.5888672,0.103393555,-1.5162072,LCC-FASD external-dev / cross-domain stress set,-1.2943655252456665,0.0,1.0
YOUTUBE_ASM710N_MEIZUM2MINI_id43_s0_31.png,1,VALID,-0.29418945,0.28173828,0.13098145,-1.1965349,LCC-FASD external-dev / cross-domain stress set,-1.2943655252456665,1.0,0.0
YOUTUBE_ASM710N_MEIZUM2MINI_id43_s0_47.png,1,VALID,0.08685303,0.014625549,0.0077819824,-0.61750376,LCC-FASD external-dev / cross-domain stress set,-1.2943655252456665,1.0,0.0
YOUTUBE_ASM710N_MEIZUM2MINI_id43_s0_64.png,1,VALID,-0.054138184,0.2709961,0.0047073364,-0.8939747,LCC-FASD external-dev / cross-domain stress set,-1.2943655252456665,1.0,0.0
YOUTUBE_ASM710N_MEIZUM2MINI_id43_s0_79.png,1,VALID,-0.0104599,0.30151367,-0.032684326,-0.85191834,LCC-FASD external-dev / cross-domain stress set,-1.2943655252456665,1.0,0.0
YOUTUBE_ASM710N_MEIZUM2MINI_id43_s1_15.png,1,VALID,1.3583984,-0.86035156,-0.5703125,1.3701047,LCC-FASD external-dev / cross-domain stress set,-1.2943655252456665,1.0,0.0
YOUTUBE_ASM710N_MEIZUM2MINI_id43_s1_31.png,1,VALID,0.515625,0.12036133,-0.4074707,-0.06839633,LCC-FASD external-dev / cross-domain stress set,-1.2943655252456665,1.0,0.0
YOUTUBE_ASM710N_MEIZUM2MINI_id43_s1_46.png,1,VALID,-0.013793945,0.5292969,-0.24279785,-0.9229264,LCC-FASD external-dev / cross-domain stress set,-1.2943655252456665,1.0,0.0
YOUTUBE_ASM710N_MEIZUM2MINI_id43_s1_61.png,1,VALID,0.60791016,0.0013389587,-0.43945312,0.109726936,LCC-FASD external-dev / cross-domain stress set,-1.2943655252456665,1.0,0.0
YOUTUBE_ASM710N_MEIZUM2MINI_id43_s1_76.png,1,VALID,0.3786621,0.02557373,-0.26611328,-0.204813,LCC-FASD external-dev / cross-domain stress set,-1.2943655252456665,1.0,0.0
YOUTUBE_ASM710N_MEIZUM2MINI_id43_s1_91.png,1,VALID,-0.093444824,0.25317383,0.062469482,-0.94895285,LCC-FASD external-dev / cross-domain stress set,-1.2943655252456665,1.0,0.0
YOUTUBE_ASM710N_MEIZUM2MINI_id48_s1_15.png,1,VALID,-1.4130859,1.6503906,0.35498047,-3.3054698,LCC-FASD external-dev / cross-domain stress set,-1.2943655252456665,0.0,1.0
YOUTUBE_ASM710N_MEIZUM2MINI_id48_s1_30.png,1,VALID,-0.67285156,1.3291016,-0.13635254,-2.2097583,LCC-FASD external-dev / cross-domain stress set,-1.2943655252456665,0.0,1.0
YOUTUBE_ASM710N_MEIZUM2MINI_id48_s1_45.png,1,VALID,-1.1445312,1.6933594,0.11212158,-3.0249677,LCC-FASD external-dev / cross-domain stress set,-1.2943655252456665,0.0,1.0
YOUTUBE_ASM710N_MEIZUM2MINI_id48_s1_60.png,1,VALID,-0.4165039,0.9345703,-0.14440918,-1.6437007,LCC-FASD external-dev / cross-domain stress set,-1.2943655252456665,0.0,1.0
YOUTUBE_ASM710N_MEIZUM2MINI_id48_s1_76.png,1,VALID,-1.0800781,1.5693359,0.05899048,-2.848948,LCC-FASD external-dev / cross-domain stress set,-1.2943655252456665,0.0,1.0
YOUTUBE_ASM710N_MEIZUM2MINI_id48_s1_92.png,1,VALID,-1.125,1.3251953,0.27148438,-2.749293,LCC-FASD external-dev / cross-domain stress set,-1.2943655252456665,0.0,1.0
YOUTUBE_ATMP253MG_XIAOMIMI6_id42_s0_108.png,1,VALID,1.0263672,-0.3474121,-0.59228516,0.79559195,LCC-FASD external-dev / cross-domain stress set,-1.2943655252456665,1.0,0.0
YOUTUBE_ACER5820TG_REDMI4A_id42_s0_30.png,1,VALID,2.0898438,-1.3867188,-0.7944336,2.444049,LCC-FASD external-dev / cross-domain stress set,-1.2943655252456665,1.0,0.0
YOUTUBE_ACER5820TG_REDMI4A_id42_s0_45.png,1,VALID,2.171875,-1.4951172,-0.81933594,2.5799236,LCC-FASD external-dev / cross-domain stress set,-1.2943655252456665,1.0,0.0
YOUTUBE_ACER5820TG_REDMI4A_id42_s0_60.png,1,VALID,1.4394531,-1.0898438,-0.4663086,1.4765501,LCC-FASD external-dev / cross-domain stress set,-1.2943655252456665,1.0,0.0
YOUTUBE_ACER5820TG_REDMI4A_id42_s0_75.png,1,VALID,1.5488281,-1.0537109,-0.54052734,1.6202354,LCC-FASD external-dev / cross-domain stress set,-1.2943655252456665,1.0,0.0
YOUTUBE_ACER5820TG_REDMI4A_id42_s0_90.png,1,VALID,1.6640625,-1.296875,-0.5317383,1.813761,LCC-FASD external-dev / cross-domain stress set,-1.2943655252456665,1.0,0.0
YOUTUBE_ACER5820TG_REDMI4A_id42_s0_150.png,1,VALID,1.3349609,-1.0380859,-0.38330078,1.2998451,LCC-FASD external-dev / cross-domain stress set,-1.2943655252456665,1.0,0.0
YOUTUBE_ACER5820TG_REDMI4A_id42_s1_50.png,1,VALID,-0.4025879,0.5541992,0.10571289,-1.4506257,LCC-FASD external-dev / cross-domain stress set,-1.2943655252456665,0.0,1.0
YOUTUBE_ACER5820TG_REDMI4A_id42_s1_65.png,1,VALID,0.3310547,0.107177734,-0.27807617,-0.2950822,LCC-FASD external-dev / cross-domain stress set,-1.2943655252456665,1.0,0.0
YOUTUBE_ACER5820TG_REDMI4A_id42_s1_80.png,1,VALID,-0.66015625,0.87939453,0.14611816,-1.9318175,LCC-FASD external-dev / cross-domain stress set,-1.2943655252456665,0.0,1.0
YOUTUBE_ACER5820TG_REDMI4A_id42_s1_96.png,1,VALID,-0.007911682,0.34472656,-0.124816895,-0.83832306,LCC-FASD external-dev / cross-domain stress set,-1.2943655252456665,1.0,0.0
YOUTUBE_ACER5820TG_REDMI4A_id42_s1_148.png,1,VALID,-0.020568848,0.30444336,-0.094177246,-0.83858126,LCC-FASD external-dev / cross-domain stress set,-1.2943655252456665,1.0,0.0
YOUTUBE_AEME725_HONOR6CP_id39_s0_40.png,1,VALID,-0.26367188,0.57958984,-0.058441162,-1.2674385,LCC-FASD external-dev / cross-domain stress set,-1.2943655252456665,1.0,0.0
YOUTUBE_AEME725_HONOR6CP_id39_s1_15.png,1,VALID,0.20446777,0.32299805,-0.27783203,-0.55572414,LCC-FASD external-dev / cross-domain stress set,-1.2943655252456665,1.0,0.0
YOUTUBE_AEME725_HONOR6CP_id39_s1_44.png,1,VALID,0.074035645,0.11022949,-0.07287598,-0.64197344,LCC-FASD external-dev / cross-domain stress set,-1.2943655252456665,1.0,0.0
YOUTUBE_AEME725_HONOR6CP_id39_s1_59.png,1,VALID,0.18530273,0.0030574799,-0.051757812,-0.48386985,LCC-FASD external-dev / cross-domain stress set,-1.2943655252456665,1.0,0.0
YOUTUBE_AEME725_HONOR6CP_id39_s1_75.png,1,VALID,0.45825195,-0.04824829,-0.3046875,-0.06662506,LCC-FASD external-dev / cross-domain stress set,-1.2943655252456665,1.0,0.0
YOUTUBE_AEME725_HONOR6CP_id39_s1_94.png,1,VALID,-0.48266602,0.72753906,0.09838867,-1.6374607,LCC-FASD external-dev / cross-domain stress set,-1.2943655252456665,0.0,1.0
YOUTUBE_AEME725_HONOR6CP_id39_s1_109.png,1,VALID,-0.12487793,0.3708496,-0.02458191,-1.0105786,LCC-FASD external-dev / cross-domain stress set,-1.2943655252456665,1.0,0.0
YOUTUBE_AEME725_HONOR6CP_id39_s1_124.png,1,VALID,0.20874023,0.21374512,-0.25317383,-0.4917003,LCC-FASD external-dev / cross-domain stress set,-1.2943655252456665,1.0,0.0
YOUTUBE_AEME725_HONOR6CP_id42_s0_15.png,1,VALID,1.1054688,-0.7661133,-0.35864258,0.9540875,LCC-FASD external-dev / cross-domain stress set,-1.2943655252456665,1.0,0.0
YOUTUBE_AEME725_HONOR6CP_id42_s0_30.png,1,VALID,0.9038086,-0.7050781,-0.25805664,0.6674555,LCC-FASD external-dev / cross-domain stress set,-1.2943655252456665,1.0,0.0
YOUTUBE_AEME725_HONOR6CP_id42_s0_45.png,1,VALID,0.8540039,-0.54052734,-0.31860352,0.58427846,LCC-FASD external-dev / cross-domain stress set,-1.2943655252456665,1.0,0.0
YOUTUBE_AEME725_HONOR6CP_id42_s0_60.png,1,VALID,0.60302734,-0.3149414,-0.25219727,0.19295752,LCC-FASD external-dev / cross-domain stress set,-1.2943655252456665,1.0,0.0
YOUTUBE_AEME725_HONOR6CP_id42_s0_75.png,1,VALID,0.42529297,-0.2722168,-0.107788086,-0.08122754,LCC-FASD external-dev / cross-domain stress set,-1.2943655252456665,1.0,0.0
YOUTUBE_AEME725_HONOR6CP_id42_s0_90.png,1,VALID,1.0634766,-0.7163086,-0.3857422,0.9077573,LCC-FASD external-dev / cross-domain stress set,-1.2943655252456665,1.0,0.0
YOUTUBE_AEME725_HONOR6CP_id42_s0_105.png,1,VALID,1.0371094,-0.62060547,-0.37939453,0.83670694,LCC-FASD external-dev / cross-domain stress set,-1.2943655252456665,1.0,0.0
YOUTUBE_AEME725_HONOR6CP_id42_s0_120.png,1,VALID,0.7963867,-0.38305664,-0.36376953,0.47660613,LCC-FASD external-dev / cross-domain stress set,-1.2943655252456665,1.0,0.0
YOUTUBE_AEME725_HONOR6CP_id42_s0_135.png,1,VALID,0.28930664,-0.15563965,-0.088256836,-0.2824598,LCC-FASD external-dev / cross-domain stress set,-1.2943655252456665,1.0,0.0
YOUTUBE_AEME725_HONOR6CP_id42_s0_150.png,1,VALID,0.60791016,-0.3022461,-0.25170898,0.19142133,LCC-FASD external-dev / cross-domain stress set,-1.2943655252456665,1.0,0.0
YOUTUBE_AEME725_HONOR6CP_id42_s1_40.png,1,VALID,-0.37939453,0.63378906,0.05307007,-1.4575462,LCC-FASD external-dev / cross-domain stress set,-1.2943655252456665,0.0,1.0
YOUTUBE_AEME725_HONOR6CP_id42_s1_57.png,1,VALID,-0.6201172,1.0039062,0.022735596,-1.942384,LCC-FASD external-dev / cross-domain stress set,-1.2943655252456665,0.0,1.0
YOUTUBE_AEME725_HONOR6CP_id42_s1_82.png,1,VALID,-0.1751709,0.58496094,-0.12683105,-1.1594205,LCC-FASD external-dev / cross-domain stress set,-1.2943655252456665,1.0,0.0
YOUTUBE_AEME725_HONOR6CP_id43_s0_15.png,1,VALID,0.064086914,-0.17248535,0.13745117,-0.623503,LCC-FASD external-dev / cross-domain stress set,-1.2943655252456665,1.0,0.0
YOUTUBE_AEME725_HONOR6CP_id43_s0_30.png,1,VALID,-0.24707031,0.21801758,0.15551758,-1.1274734,LCC-FASD external-dev / cross-domain stress set,-1.2943655252456665,1.0,0.0
YOUTUBE_AEME725_HONOR6CP_id43_s0_46.png,1,VALID,-0.5908203,0.5595703,0.25195312,-1.7015114,LCC-FASD external-dev / cross-domain stress set,-1.2943655252456665,0.0,1.0
YOUTUBE_AEME725_HONOR6CP_id43_s0_61.png,1,VALID,-0.45336914,0.28125,0.2631836,-1.4187739,LCC-FASD external-dev / cross-domain stress set,-1.2943655252456665,0.0,1.0
YOUTUBE_AEME725_HONOR6CP_id43_s0_76.png,1,VALID,-0.14562988,-0.0362854,0.21411133,-0.93550694,LCC-FASD external-dev / cross-domain stress set,-1.2943655252456665,1.0,0.0
YOUTUBE_AEME725_HONOR6CP_id43_s0_91.png,1,VALID,0.28735352,-0.31933594,0.013748169,-0.26680422,LCC-FASD external-dev / cross-domain stress set,-1.2943655252456665,1.0,0.0
YOUTUBE_AEME725_HONOR6CP_id43_s0_116.png,1,VALID,-0.28833008,0.27661133,0.15258789,-1.1979984,LCC-FASD external-dev / cross-domain stress set,-1.2943655252456665,1.0,0.0
YOUTUBE_AEME725_HONOR6CP_id43_s0_131.png,1,VALID,-0.38061523,0.32470703,0.18151855,-1.3294358,LCC-FASD external-dev / cross-domain stress set,-1.2943655252456665,0.0,1.0
YOUTUBE_AEME725_HONOR6CP_id43_s0_146.png,1,VALID,-0.30004883,0.16564941,0.2064209,-1.1794388,LCC-FASD external-dev / cross-domain stress set,-1.2943655252456665,1.0,0.0
YOUTUBE_AEME725_HONOR6CP_id43_s0_161.png,1,VALID,-0.09716797,0.09729004,0.08074951,-0.87936914,LCC-FASD external-dev / cross-domain stress set,-1.2943655252456665,1.0,0.0
YOUTUBE_AEME725_HONOR6CP_id43_s1_15.png,1,VALID,-0.07775879,0.29125977,-0.10333252,-0.8842075,LCC-FASD external-dev / cross-domain stress set,-1.2943655252456665,1.0,0.0
YOUTUBE_AEME725_HONOR6CP_id43_s1_30.png,1,VALID,0.21923828,0.17944336,-0.24609375,-0.4630502,LCC-FASD external-dev / cross-domain stress set,-1.2943655252456665,1.0,0.0
YOUTUBE_AEME725_HONOR6CP_id43_s1_45.png,1,VALID,0.13806152,0.26391602,-0.24804688,-0.5954318,LCC-FASD external-dev / cross-domain stress set,-1.2943655252456665,1.0,0.0
YOUTUBE_AEME725_HONOR6CP_id43_s1_62.png,1,VALID,0.40942383,-0.11114502,-0.25463867,-0.10340315,LCC-FASD external-dev / cross-domain stress set,-1.2943655252456665,1.0,0.0
YOUTUBE_AEME725_HONOR6CP_id43_s1_77.png,1,VALID,0.50439453,0.19604492,-0.43676758,-0.11763418,LCC-FASD external-dev / cross-domain stress set,-1.2943655252456665,1.0,0.0
YOUTUBE_AEME725_HONOR6CP_id43_s1_107.png,1,VALID,-0.08465576,0.58251953,-0.25805664,-1.0258715,LCC-FASD external-dev / cross-domain stress set,-1.2943655252456665,1.0,0.0
YOUTUBE_AEME725_HONOR6CP_id43_s1_122.png,1,VALID,0.25439453,0.33203125,-0.35864258,-0.483927,LCC-FASD external-dev / cross-domain stress set,-1.2943655252456665,1.0,0.0
YOUTUBE_AEME725_HONOR6CP_id43_s1_137.png,1,VALID,-0.043518066,0.46777344,-0.15698242,-0.94007725,LCC-FASD external-dev / cross-domain stress set,-1.2943655252456665,1.0,0.0
YOUTUBE_AEME725_HONOR6CP_id43_s1_152.png,1,VALID,0.73046875,-0.024841309,-0.53808594,0.2862129,LCC-FASD external-dev / cross-domain stress set,-1.2943655252456665,1.0,0.0
YOUTUBE_AAL1917_SGT3SMT310_id42_s0_31.png,1,VALID,0.8442383,-0.51904297,-0.30981445,0.56005764,LCC-FASD external-dev / cross-domain stress set,-1.2943655252456665,1.0,0.0
YOUTUBE_AAL1917_SGT3SMT310_id42_s0_46.png,1,VALID,1.5693359,-0.8769531,-0.6899414,1.6552707,LCC-FASD external-dev / cross-domain stress set,-1.2943655252456665,1.0,0.0
YOUTUBE_AAL1917_SGT3SMT310_id42_s0_61.png,1,VALID,1.5048828,-0.92578125,-0.59521484,1.5586362,LCC-FASD external-dev / cross-domain stress set,-1.2943655252456665,1.0,0.0
YOUTUBE_AAL1917_SGT3SMT310_id42_s0_76.png,1,VALID,0.83203125,-0.5917969,-0.2841797,0.5650902,LCC-FASD external-dev / cross-domain stress set,-1.2943655252456665,1.0,0.0
YOUTUBE_AAL1917_SGT3SMT310_id42_s0_91.png,1,VALID,0.20837402,0.0027885437,-0.109191895,-0.43313813,LCC-FASD external-dev / cross-domain stress set,-1.2943655252456665,1.0,0.0
YOUTUBE_AAR7_IPHONE4S_id39_s0_15.png,1,VALID,-0.640625,0.89453125,0.11242676,-1.9118392,LCC-FASD external-dev / cross-domain stress set,-1.2943655252456665,0.0,1.0
YOUTUBE_AAR7_IPHONE4S_id39_s0_35.png,1,VALID,-1.2226562,1.3486328,0.3461914,-2.883895,LCC-FASD external-dev / cross-domain stress set,-1.2943655252456665,0.0,1.0
YOUTUBE_AAR7_IPHONE4S_id39_s0_50.png,1,VALID,-1.34375,1.6318359,0.34350586,-3.2191052,LCC-FASD external-dev / cross-domain stress set,-1.2943655252456665,0.0,1.0
YOUTUBE_AAR7_IPHONE4S_id43_s0_15.png,1,VALID,-0.109680176,-0.041809082,0.19665527,-0.88734186,LCC-FASD external-dev / cross-domain stress set,-1.2943655252456665,1.0,0.0
YOUTUBE_AAR7_IPHONE4S_id43_s0_30.png,1,VALID,-0.34594727,0.49682617,0.097229004,-1.3559504,LCC-FASD external-dev / cross-domain stress set,-1.2943655252456665,0.0,1.0
YOUTUBE_AAR7_IPHONE4S_id43_s0_45.png,1,VALID,-0.24804688,0.20458984,0.19372559,-1.1403666,LCC-FASD external-dev / cross-domain stress set,-1.2943655252456665,1.0,0.0
YOUTUBE_AAR7_IPHONE4S_id43_s0_61.png,1,VALID,-0.040008545,0.0009460449,0.123291016,-0.7971442,LCC-FASD external-dev / cross-domain stress set,-1.2943655252456665,1.0,0.0
YOUTUBE_AAR7_IPHONE4S_id43_s0_81.png,1,VALID,-0.015274048,-0.022872925,0.09649658,-0.7470131,LCC-FASD external-dev / cross-domain stress set,-1.2943655252456665,1.0,0.0
YOUTUBE_AAR7_IPHONE4S_id43_s0_96.png,1,VALID,0.74658203,-0.63964844,-0.16687012,0.4290106,LCC-FASD external-dev / cross-domain stress set,-1.2943655252456665,1.0,0.0
YOUTUBE_AAR7_IPHONE4S_id43_s0_111.png,1,VALID,-0.77685547,0.9794922,0.15356445,-2.1194818,LCC-FASD external-dev / cross-domain stress set,-1.2943655252456665,0.0,1.0
YOUTUBE_AAR7_IPHONE4S_id43_s0_126.png,1,VALID,-0.04147339,0.28564453,-0.03805542,-0.8714561,LCC-FASD external-dev / cross-domain stress set,-1.2943655252456665,1.0,0.0
YOUTUBE_AAR7_IPHONE4S_id43_s0_141.png,1,VALID,0.15161133,-0.018829346,-0.0143585205,-0.5249444,LCC-FASD external-dev / cross-domain stress set,-1.2943655252456665,1.0,0.0
YOUTUBE_AAR7_IPHONE4S_id43_s0_156.png,1,VALID,-0.09472656,0.24316406,0.050048828,-0.93913466,LCC-FASD external-dev / cross-domain stress set,-1.2943655252456665,1.0,0.0
YOUTUBE_AAR7_IPHONE4S_id43_s1_15.png,1,VALID,-0.5332031,0.8847656,-0.020767212,-1.7575265,LCC-FASD external-dev / cross-domain stress set,-1.2943655252456665,0.0,1.0
YOUTUBE_AAR7_IPHONE4S_id43_s1_30.png,1,VALID,-0.7133789,0.9770508,0.0947876,-2.0367427,LCC-FASD external-dev / cross-domain stress set,-1.2943655252456665,0.0,1.0
YOUTUBE_AAR7_IPHONE4S_id43_s1_45.png,1,VALID,0.3786621,0.29833984,-0.40795898,-0.32077813,LCC-FASD external-dev / cross-domain stress set,-1.2943655252456665,1.0,0.0
YOUTUBE_AAR7_IPHONE4S_id43_s1_62.png,1,VALID,-0.8652344,1.2041016,0.099243164,-2.3554602,LCC-FASD external-dev / cross-domain stress set,-1.2943655252456665,0.0,1.0
YOUTUBE_AAR7_IPHONE4S_id43_s1_77.png,1,VALID,-0.006374359,0.4807129,-0.19677734,-0.89779866,LCC-FASD external-dev / cross-domain stress set,-1.2943655252456665,1.0,0.0
YOUTUBE_AAR7_IPHONE4S_id43_s1_92.png,1,VALID,-0.28466797,0.72314453,-0.0993042,-1.3720071,LCC-FASD external-dev / cross-domain stress set,-1.2943655252456665,0.0,1.0
YOUTUBE_AAR7_IPHONE4S_id43_s1_107.png,1,VALID,-0.31689453,0.9506836,-0.2355957,-1.5340533,LCC-FASD external-dev / cross-domain stress set,-1.2943655252456665,0.0,1.0
YOUTUBE_AAR7_IPHONE4S_id43_s1_122.png,1,VALID,-0.34423828,0.953125,-0.22131348,-1.566621,LCC-FASD external-dev / cross-domain stress set,-1.2943655252456665,0.0,1.0
YOUTUBE_AAR7_IPHONE4S_id43_s1_137.png,1,VALID,0.042175293,0.40014648,-0.13684082,-0.8182442,LCC-FASD external-dev / cross-domain stress set,-1.2943655252456665,1.0,0.0
YOUTUBE_AAR7_IPHONE4S_id43_s1_152.png,1,VALID,0.42236328,0.1295166,-0.3894043,-0.17412889,LCC-FASD external-dev / cross-domain stress set,-1.2943655252456665,1.0,0.0
YOUTUBE_AAR7_IPHONE4S_id48_s1_15.png,1,VALID,0.82666016,-0.34545898,-0.38476562,0.49843216,LCC-FASD external-dev / cross-domain stress set,-1.2943655252456665,1.0,0.0
YOUTUBE_AAR7_IPHONE4S_id48_s1_30.png,1,VALID,0.8149414,-0.07684326,-0.5488281,0.4070384,LCC-FASD external-dev / cross-domain stress set,-1.2943655252456665,1.0,0.0
YOUTUBE_AAR7_IPHONE4S_id48_s1_45.png,1,VALID,-0.82177734,1.1552734,0.055358887,-2.2644076,LCC-FASD external-dev / cross-domain stress set,-1.2943655252456665,0.0,1.0
YOUTUBE_AAR7_IPHONE4S_id48_s1_60.png,1,VALID,-1.1542969,1.4472656,0.26000977,-2.8678093,LCC-FASD external-dev / cross-domain stress set,-1.2943655252456665,0.0,1.0
YOUTUBE_AAR7_IPHONE4S_id48_s1_75.png,1,VALID,0.085876465,0.42211914,-0.26342773,-0.7442477,LCC-FASD external-dev / cross-domain stress set,-1.2943655252456665,1.0,0.0
YOUTUBE_AAR7_IPHONE4S_id48_s1_92.png,1,VALID,-1.0019531,1.3056641,0.18286133,-2.5893064,LCC-FASD external-dev / cross-domain stress set,-1.2943655252456665,0.0,1.0
YOUTUBE_AAR7_IPHONE4S_id48_s1_107.png,1,VALID,-0.79785156,1.0175781,0.19128418,-2.1784523,LCC-FASD external-dev / cross-domain stress set,-1.2943655252456665,0.0,1.0
YOUTUBE_AAR7_IPHONE4S_id48_s1_122.png,1,VALID,-0.2553711,0.9267578,-0.20263672,-1.4622037,LCC-FASD external-dev / cross-domain stress set,-1.2943655252456665,0.0,1.0
YOUTUBE_AAR7_IPHONE4S_id48_s1_137.png,1,VALID,-0.21691895,0.79541016,-0.2006836,-1.3266429,LCC-FASD external-dev / cross-domain stress set,-1.2943655252456665,0.0,1.0
YOUTUBE_AAR7_IPHONE4S_id48_s1_161.png,1,VALID,-0.56103516,1.1669922,-0.15490723,-1.9643859,LCC-FASD external-dev / cross-domain stress set,-1.2943655252456665,0.0,1.0
YOUTUBE_ACER5820TG_REDMI4A_id39_s1_15.png,1,VALID,0.31982422,0.048980713,-0.17810059,-0.3151949,LCC-FASD external-dev / cross-domain stress set,-1.2943655252456665,1.0,0.0
YOUTUBE_ACER5820TG_REDMI4A_id39_s1_35.png,1,VALID,-0.95947266,1.5009766,0.029159546,-2.6670632,LCC-FASD external-dev / cross-domain stress set,-1.2943655252456665,0.0,1.0
YOUTUBE_ACER5820TG_REDMI4A_id39_s1_56.png,1,VALID,0.49023438,-0.21459961,-0.2121582,0.0104653835,LCC-FASD external-dev / cross-domain stress set,-1.2943655252456665,1.0,0.0
YOUTUBE_ACER5820TG_REDMI4A_id39_s1_81.png,1,VALID,0.4440918,-0.16760254,-0.1352539,-0.097757936,LCC-FASD external-dev / cross-domain stress set,-1.2943655252456665,1.0,0.0
YOUTUBE_ACER5820TG_REDMI4A_id39_s1_96.png,1,VALID,0.7597656,-0.2097168,-0.41088867,0.37187088,LCC-FASD external-dev / cross-domain stress set,-1.2943655252456665,1.0,0.0
YOUTUBE_ACER5820TG_REDMI4A_id39_s1_111.png,1,VALID,0.6845703,-0.26342773,-0.31689453,0.28122693,LCC-FASD external-dev / cross-domain stress set,-1.2943655252456665,1.0,0.0
YOUTUBE_ACER5820TG_REDMI4A_id39_s1_126.png,1,VALID,0.70996094,-0.43774414,-0.2849121,0.375225,LCC-FASD external-dev / cross-domain stress set,-1.2943655252456665,1.0,0.0
YOUTUBE_ACER5820TG_REDMI4A_id42_s0_15.png,1,VALID,1.4277344,-1.0341797,-0.50097656,1.4670403,LCC-FASD external-dev / cross-domain stress set,-1.2943655252456665,1.0,0.0
YOUTUBE_ACER5820TG_REDMI4A_id42_s0_105.png,1,VALID,1.4326172,-0.8701172,-0.56591797,1.4459648,LCC-FASD external-dev / cross-domain stress set,-1.2943655252456665,1.0,0.0
YOUTUBE_ACER5820TG_REDMI4A_id42_s0_120.png,1,VALID,1.4335938,-0.98779297,-0.5292969,1.4729412,LCC-FASD external-dev / cross-domain stress set,-1.2943655252456665,1.0,0.0
YOUTUBE_ACER5820TG_REDMI4A_id42_s0_135.png,1,VALID,1.3359375,-1.0634766,-0.3569336,1.2918513,LCC-FASD external-dev / cross-domain stress set,-1.2943655252456665,1.0,0.0
FT720P_SSM2433_S4508_id5_s0_15.png,1,VALID,1.1552734,-0.98828125,-0.3071289,1.052923,LCC-FASD external-dev / cross-domain stress set,-1.2943655252456665,1.0,0.0
FT720P_SSM2433_S4508_id5_s0_30.png,1,VALID,1.0517578,-0.86572266,-0.2915039,0.8965621,LCC-FASD external-dev / cross-domain stress set,-1.2943655252456665,1.0,0.0
FT720P_SSM2433_S4508_id5_s0_45.png,1,VALID,1.1669922,-0.8959961,-0.36035156,1.0665753,LCC-FASD external-dev / cross-domain stress set,-1.2943655252456665,1.0,0.0
FT720P_SSM2433_S4508_id5_s0_60.png,1,VALID,1.1054688,-0.84472656,-0.3371582,0.9714006,LCC-FASD external-dev / cross-domain stress set,-1.2943655252456665,1.0,0.0
FT720P_SSM2433_S4508_id5_s0_75.png,1,VALID,0.9628906,-0.8364258,-0.23547363,0.7612136,LCC-FASD external-dev / cross-domain stress set,-1.2943655252456665,1.0,0.0
FT720P_SSM2433_S4508_id5_s0_90.png,1,VALID,0.9980469,-0.77978516,-0.27246094,0.7991897,LCC-FASD external-dev / cross-domain stress set,-1.2943655252456665,1.0,0.0
FT720P_SSM2433_S4508_id5_s0_105.png,1,VALID,0.703125,-0.61035156,-0.14648438,0.3617369,LCC-FASD external-dev / cross-domain stress set,-1.2943655252456665,1.0,0.0
FT720P_SSM2433_S4508_id5_s0_120.png,1,VALID,0.4296875,-0.39257812,-0.059783936,-0.051059246,LCC-FASD external-dev / cross-domain stress set,-1.2943655252456665,1.0,0.0
FT720P_SSM2433_S4508_id5_s0_135.png,1,VALID,0.59228516,-0.5126953,-0.11505127,0.19337499,LCC-FASD external-dev / cross-domain stress set,-1.2943655252456665,1.0,0.0
FT720P_SSM2433_S4508_id5_s0_150.png,1,VALID,0.78271484,-0.6503906,-0.19018555,0.48361254,LCC-FASD external-dev / cross-domain stress set,-1.2943655252456665,1.0,0.0
FT720P_SSM2433_S4508_id5_s1_15.png,1,VALID,-0.59814453,0.65185547,0.27490234,-1.7723281,LCC-FASD external-dev / cross-domain stress set,-1.2943655252456665,0.0,1.0
FT720P_SSM2433_S4508_id5_s1_30.png,1,VALID,-0.031585693,0.1628418,0.02607727,-0.8215287,LCC-FASD external-dev / cross-domain stress set,-1.2943655252456665,1.0,0.0
FT720P_SSM2433_S4508_id5_s1_45.png,1,VALID,-0.3996582,0.49414062,0.16662598,-1.4365374,LCC-FASD external-dev / cross-domain stress set,-1.2943655252456665,0.0,1.0
FT720P_SSM2433_S4508_id5_s1_60.png,1,VALID,-0.13049316,0.22180176,0.083618164,-0.97873527,LCC-FASD external-dev / cross-domain stress set,-1.2943655252456665,1.0,0.0
FT720P_SSM2433_S4508_id5_s1_75.png,1,VALID,0.031188965,0.07171631,0.041381836,-0.7186223,LCC-FASD external-dev / cross-domain stress set,-1.2943655252456665,1.0,0.0
FT720P_SSM2433_S4508_id5_s1_90.png,1,VALID,-0.26367188,0.3515625,0.13842773,-1.2074819,LCC-FASD external-dev / cross-domain stress set,-1.2943655252456665,1.0,0.0
FT720P_SSM2433_S4508_id5_s1_105.png,1,VALID,-0.31396484,0.3564453,0.17224121,-1.2756907,LCC-FASD external-dev / cross-domain stress set,-1.2943655252456665,1.0,0.0
FT720P_SSM2433_S4508_id5_s1_120.png,1,VALID,-0.54345703,0.61865234,0.2783203,-1.6994994,LCC-FASD external-dev / cross-domain stress set,-1.2943655252456665,0.0,1.0
FT720P_SSM2433_S4508_id5_s1_135.png,1,VALID,-0.44482422,0.5019531,0.23999023,-1.5174968,LCC-FASD external-dev / cross-domain stress set,-1.2943655252456665,0.0,1.0
FT720P_SSM2433_S4508_id5_s1_150.png,1,VALID,-0.22497559,0.22167969,0.18737793,-1.1227987,LCC-FASD external-dev / cross-domain stress set,-1.2943655252456665,1.0,0.0
FT720P_SSM2433_S4508_id9_s0_15.png,1,VALID,-0.44750977,0.5629883,0.12939453,-1.5101669,LCC-FASD external-dev / cross-domain stress set,-1.2943655252456665,0.0,1.0
FT720P_SSM2433_S4508_id9_s0_30.png,1,VALID,-0.64941406,0.65771484,0.24499512,-1.8150591,LCC-FASD external-dev / cross-domain stress set,-1.2943655252456665,0.0,1.0
FT720P_SSM2433_S4508_id9_s0_45.png,1,VALID,-0.6411133,0.59521484,0.24914551,-1.771337,LCC-FASD external-dev / cross-domain stress set,-1.2943655252456665,0.0,1.0
FT720P_SSM2433_S4508_id9_s0_60.png,1,VALID,-0.5229492,0.48168945,0.21691895,-1.574138,LCC-FASD external-dev / cross-domain stress set,-1.2943655252456665,0.0,1.0
FT720P_SSM2433_S4508_id9_s0_75.png,1,VALID,-0.27001953,0.42773438,0.022964478,-1.2088577,LCC-FASD external-dev / cross-domain stress set,-1.2943655252456665,1.0,0.0
FT720P_SSM2433_S4508_id9_s0_90.png,1,VALID,-0.7602539,0.6298828,0.3671875,-1.9605377,LCC-FASD external-dev / cross-domain stress set,-1.2943655252456665,0.0,1.0
FT720P_SSM2433_S4508_id9_s0_105.png,1,VALID,-0.5834961,0.5473633,0.22058105,-1.6739048,LCC-FASD external-dev / cross-domain stress set,-1.2943655252456665,0.0,1.0
FT720P_SSM2433_S4508_id9_s0_120.png,1,VALID,-0.30981445,0.2709961,0.19128418,-1.2348957,LCC-FASD external-dev / cross-domain stress set,-1.2943655252456665,1.0,0.0
FT720P_SSM2433_S4508_id9_s0_135.png,1,VALID,-0.7758789,0.7104492,0.32006836,-2.0032148,LCC-FASD external-dev / cross-domain stress set,-1.2943655252456665,0.0,1.0
FT720P_SSM2433_S4508_id9_s0_150.png,1,VALID,-0.64746094,0.57373047,0.2800293,-1.7782321,LCC-FASD external-dev / cross-domain stress set,-1.2943655252456665,0.0,1.0
YOUTUBE_AA6000_HUAWEIY9_id39_s1_15.png,1,VALID,0.40405273,-0.027404785,-0.22558594,-0.1675005,LCC-FASD external-dev / cross-domain stress set,-1.2943655252456665,1.0,0.0
YOUTUBE_AA6000_HUAWEIY9_id39_s1_30.png,1,VALID,0.020111084,0.25854492,-0.055847168,-0.78668976,LCC-FASD external-dev / cross-domain stress set,-1.2943655252456665,1.0,0.0
YOUTUBE_AA6000_HUAWEIY9_id39_s1_58.png,1,VALID,-0.12768555,0.5336914,-0.120910645,-1.0798562,LCC-FASD external-dev / cross-domain stress set,-1.2943655252456665,1.0,0.0
YOUTUBE_AA6000_HUAWEIY9_id39_s1_87.png,1,VALID,0.7607422,-0.26342773,-0.36206055,0.37912357,LCC-FASD external-dev / cross-domain stress set,-1.2943655252456665,1.0,0.0
YOUTUBE_AA6000_HUAWEIY9_id39_s1_102.png,1,VALID,0.17272949,0.09674072,-0.1381836,-0.50657916,LCC-FASD external-dev / cross-domain stress set,-1.2943655252456665,1.0,0.0
YOUTUBE_AA6000_HUAWEIY9_id39_s1_117.png,1,VALID,-0.15246582,0.5332031,-0.085510254,-1.116566,LCC-FASD external-dev / cross-domain stress set,-1.2943655252456665,1.0,0.0
YOUTUBE_AA6000_HUAWEIY9_id39_s1_132.png,1,VALID,0.9086914,-0.31103516,-0.51171875,0.6218954,LCC-FASD external-dev / cross-domain stress set,-1.2943655252456665,1.0,0.0
YOUTUBE_AA6000_HUAWEIY9_id42_s0_15.png,1,VALID,1.5234375,-1.0107422,-0.5595703,1.590215,LCC-FASD external-dev / cross-domain stress set,-1.2943655252456665,1.0,0.0
YOUTUBE_AA6000_HUAWEIY9_id42_s0_30.png,1,VALID,0.9604492,-0.62060547,-0.34326172,0.7396514,LCC-FASD external-dev / cross-domain stress set,-1.2943655252456665,1.0,0.0
YOUTUBE_AA6000_HUAWEIY9_id42_s0_45.png,1,VALID,0.6699219,-0.26342773,-0.32861328,0.27226418,LCC-FASD external-dev / cross-domain stress set,-1.2943655252456665,1.0,0.0
YOUTUBE_AA6000_HUAWEIY9_id42_s0_60.png,1,VALID,0.36157227,-0.140625,-0.1427002,-0.18991286,LCC-FASD external-dev / cross-domain stress set,-1.2943655252456665,1.0,0.0
YOUTUBE_AA6000_HUAWEIY9_id42_s0_75.png,1,VALID,0.74121094,-0.38598633,-0.28637695,0.38300568,LCC-FASD external-dev / cross-domain stress set,-1.2943655252456665,1.0,0.0
YOUTUBE_AA6000_HUAWEIY9_id42_s0_90.png,1,VALID,0.6088867,-0.24951172,-0.27905273,0.17991269,LCC-FASD external-dev / cross-domain stress set,-1.2943655252456665,1.0,0.0
YOUTUBE_AA6000_HUAWEIY9_id42_s0_105.png,1,VALID,0.6953125,-0.33496094,-0.2631836,0.30059373,LCC-FASD external-dev / cross-domain stress set,-1.2943655252456665,1.0,0.0
YOUTUBE_AA6000_HUAWEIY9_id42_s0_120.png,1,VALID,0.46679688,-0.1842041,-0.23693848,-0.016126633,LCC-FASD external-dev / cross-domain stress set,-1.2943655252456665,1.0,0.0
YOUTUBE_AA6000_HUAWEIY9_id42_s0_135.png,1,VALID,0.27172852,-0.052642822,-0.13842773,-0.32680297,LCC-FASD external-dev / cross-domain stress set,-1.2943655252456665,1.0,0.0
YOUTUBE_AA6000_HUAWEIY9_id42_s0_150.png,1,VALID,0.40161133,-0.039978027,-0.26367188,-0.14595276,LCC-FASD external-dev / cross-domain stress set,-1.2943655252456665,1.0,0.0
YOUTUBE_AA6000_HUAWEIY9_id42_s1_65.png,1,VALID,-0.6220703,0.8623047,0.090026855,-1.8641527,LCC-FASD external-dev / cross-domain stress set,-1.2943655252456665,0.0,1.0
YOUTUBE_AA6000_HUAWEIY9_id42_s1_142.png,1,VALID,-0.5126953,0.8203125,0.03894043,-1.7099209,LCC-FASD external-dev / cross-domain stress set,-1.2943655252456665,0.0,1.0
YOUTUBE_AAL1917_SGT3SMT310_id42_s0_16.png,1,VALID,1.3291016,-0.8569336,-0.5102539,1.3045995,LCC-FASD external-dev / cross-domain stress set,-1.2943655252456665,1.0,0.0
YOUTUBE_AAL1917_SGT3SMT310_id42_s0_106.png,1,VALID,1.5302734,-1.03125,-0.5986328,1.6288531,LCC-FASD external-dev / cross-domain stress set,-1.2943655252456665,1.0,0.0
YOUTUBE_AAL1917_SGT3SMT310_id42_s0_121.png,1,VALID,1.1621094,-0.73095703,-0.45214844,1.0508294,LCC-FASD external-dev / cross-domain stress set,-1.2943655252456665,1.0,0.0
YOUTUBE_AAL1917_SGT3SMT310_id42_s0_136.png,1,VALID,1.1396484,-0.77734375,-0.4038086,1.0197368,LCC-FASD external-dev / cross-domain stress set,-1.2943655252456665,1.0,0.0
FT720P_SSM2433_S4508_id0_s1_15.png,1,VALID,-0.52490234,1.2109375,-0.13977051,-1.9662027,LCC-FASD external-dev / cross-domain stress set,-1.2943655252456665,0.0,1.0
FT720P_SSM2433_S4508_id0_s1_30.png,1,VALID,-0.62939453,1.3720703,-0.16784668,-2.195714,LCC-FASD external-dev / cross-domain stress set,-1.2943655252456665,0.0,1.0
FT720P_SSM2433_S4508_id0_s1_45.png,1,VALID,-0.79296875,1.5712891,-0.12207031,-2.5330725,LCC-FASD external-dev / cross-domain stress set,-1.2943655252456665,0.0,1.0
FT720P_SSM2433_S4508_id0_s1_60.png,1,VALID,-0.9716797,1.6201172,-0.0049934387,-2.7715232,LCC-FASD external-dev / cross-domain stress set,-1.2943655252456665,0.0,1.0
FT720P_SSM2433_S4508_id0_s1_75.png,1,VALID,-0.7241211,1.4892578,-0.1928711,-2.3839464,LCC-FASD external-dev / cross-domain stress set,-1.2943655252456665,0.0,1.0
FT720P_SSM2433_S4508_id0_s1_90.png,1,VALID,-0.56884766,1.3378906,-0.21618652,-2.0985022,LCC-FASD external-dev / cross-domain stress set,-1.2943655252456665,0.0,1.0
FT720P_SSM2433_S4508_id0_s1_150.png,1,VALID,-0.7294922,1.4941406,-0.15539551,-2.399382,LCC-FASD external-dev / cross-domain stress set,-1.2943655252456665,0.0,1.0
FT720P_SSM2433_S4508_id0_s2_15.png,1,VALID,-0.110961914,0.7578125,-0.33935547,-1.1568177,LCC-FASD external-dev / cross-domain stress set,-1.2943655252456665,1.0,0.0
FT720P_SSM2433_S4508_id0_s2_30.png,1,VALID,-0.4543457,1.1289062,-0.24316406,-1.8092566,LCC-FASD external-dev / cross-domain stress set,-1.2943655252456665,0.0,1.0
FT720P_SSM2433_S4508_id0_s2_45.png,1,VALID,0.047180176,0.70947266,-0.37353516,-0.95389855,LCC-FASD external-dev / cross-domain stress set,-1.2943655252456665,1.0,0.0
FT720P_SSM2433_S4508_id0_s2_60.png,1,VALID,0.27685547,0.61328125,-0.54589844,-0.60930645,LCC-FASD external-dev / cross-domain stress set,-1.2943655252456665,1.0,0.0
FT720P_SSM2433_S4508_id0_s2_75.png,1,VALID,-0.09527588,0.95947266,-0.40722656,-1.281842,LCC-FASD external-dev / cross-domain stress set,-1.2943655252456665,1.0,0.0
FT720P_SSM2433_S4508_id0_s2_90.png,1,VALID,0.07928467,0.6689453,-0.3947754,-0.8861804,LCC-FASD external-dev / cross-domain stress set,-1.2943655252456665,1.0,0.0
FT720P_SSM2433_S4508_id0_s2_105.png,1,VALID,0.06890869,0.6616211,-0.3642578,-0.8990798,LCC-FASD external-dev / cross-domain stress set,-1.2943655252456665,1.0,0.0
FT720P_SSM2433_S4508_id0_s2_120.png,1,VALID,0.19897461,0.68359375,-0.52246094,-0.7465033,LCC-FASD external-dev / cross-domain stress set,-1.2943655252456665,1.0,0.0
FT720P_SSM2433_S4508_id0_s2_135.png,1,VALID,-0.22546387,1.0400391,-0.3383789,-1.4902267,LCC-FASD external-dev / cross-domain stress set,-1.2943655252456665,0.0,1.0
FT720P_SSM2433_S4508_id0_s2_150.png,1,VALID,-0.21765137,1.0390625,-0.36816406,-1.4757059,LCC-FASD external-dev / cross-domain stress set,-1.2943655252456665,0.0,1.0
FT720P_SSM2433_S4508_id0_s3_15.png,1,VALID,-1.2861328,1.6875,0.18017578,-3.173714,LCC-FASD external-dev / cross-domain stress set,-1.2943655252456665,0.0,1.0
FT720P_SSM2433_S4508_id0_s3_30.png,1,VALID,-1.3886719,1.8056641,0.21350098,-3.3795576,LCC-FASD external-dev / cross-domain stress set,-1.2943655252456665,0.0,1.0
FT720P_SSM2433_S4508_id0_s3_45.png,1,VALID,-1.5986328,1.9697266,0.32617188,-3.745075,LCC-FASD external-dev / cross-domain stress set,-1.2943655252456665,0.0,1.0
FT720P_SSM2433_S4508_id0_s3_60.png,1,VALID,-1.1513672,1.7109375,0.064086914,-3.0384872,LCC-FASD external-dev / cross-domain stress set,-1.2943655252456665,0.0,1.0
FT720P_SSM2433_S4508_id0_s3_75.png,1,VALID,-1.2226562,1.6816406,0.15539551,-3.1009736,LCC-FASD external-dev / cross-domain stress set,-1.2943655252456665,0.0,1.0
FT720P_SSM2433_S4508_id0_s3_90.png,1,VALID,-1.5205078,1.9755859,0.23522949,-3.6577516,LCC-FASD external-dev / cross-domain stress set,-1.2943655252456665,0.0,1.0
FT720P_SSM2433_S4508_id0_s3_105.png,1,VALID,-1.2705078,1.7763672,0.111083984,-3.2201028,LCC-FASD external-dev / cross-domain stress set,-1.2943655252456665,0.0,1.0
FT720P_SSM2433_S4508_id0_s3_120.png,1,VALID,-1.3125,1.8349609,0.09460449,-3.3091187,LCC-FASD external-dev / cross-domain stress set,-1.2943655252456665,0.0,1.0
FT720P_SSM2433_S4508_id0_s3_135.png,1,VALID,-1.5683594,1.9082031,0.30688477,-3.6602418,LCC-FASD external-dev / cross-domain stress set,-1.2943655252456665,0.0,1.0
FT720P_SSM2433_S4508_id0_s3_150.png,1,VALID,-1.3339844,1.6425781,0.23596191,-3.1956744,LCC-FASD external-dev / cross-domain stress set,-1.2943655252456665,0.0,1.0
FT720P_SSM2433_S4508_id12_s0_15.png,1,VALID,0.37182617,-0.36376953,0.0063667297,-0.15964782,LCC-FASD external-dev / cross-domain stress set,-1.2943655252456665,1.0,0.0
FT720P_SSM2433_S4508_id12_s0_30.png,1,VALID,0.17797852,-0.1899414,0.07171631,-0.4645899,LCC-FASD external-dev / cross-domain stress set,-1.2943655252456665,1.0,0.0
FT720P_SSM2433_S4508_id12_s0_45.png,1,VALID,0.7709961,-0.5864258,-0.17797852,0.43934083,LCC-FASD external-dev / cross-domain stress set,-1.2943655252456665,1.0,0.0
FT720P_SSM2433_S4508_id12_s0_60.png,1,VALID,0.66308594,-0.52197266,-0.078308105,0.24567351,LCC-FASD external-dev / cross-domain stress set,-1.2943655252456665,1.0,0.0
FT720P_SSM2433_S4508_id12_s0_75.png,1,VALID,1.1015625,-0.87402344,-0.2944336,0.95122826,LCC-FASD external-dev / cross-domain stress set,-1.2943655252456665,1.0,0.0
FT720P_SSM2433_S4508_id12_s0_90.png,1,VALID,0.91259766,-0.7055664,-0.23547363,0.6625978,LCC-FASD external-dev / cross-domain stress set,-1.2943655252456665,1.0,0.0
FT720P_SSM2433_S4508_id12_s0_105.png,1,VALID,0.44189453,-0.38305664,-0.018127441,-0.06721574,LCC-FASD external-dev / cross-domain stress set,-1.2943655252456665,1.0,0.0
FT720P_SSM2433_S4508_id12_s0_120.png,1,VALID,0.3708496,-0.35058594,-0.0021400452,-0.16103524,LCC-FASD external-dev / cross-domain stress set,-1.2943655252456665,1.0,0.0
FT720P_SSM2433_S4508_id12_s0_135.png,1,VALID,0.3383789,-0.3125,0.02494812,-0.22515917,LCC-FASD external-dev / cross-domain stress set,-1.2943655252456665,1.0,0.0
FT720P_SSM2433_S4508_id12_s0_150.png,1,VALID,0.49804688,-0.4255371,-0.04498291,0.02216518,LCC-FASD external-dev / cross-domain stress set,-1.2943655252456665,1.0,0.0
FT720P_SSM2433_S4508_id12_s1_15.png,1,VALID,-0.19909668,0.28515625,0.12585449,-1.100918,LCC-FASD external-dev / cross-domain stress set,-1.2943655252456665,1.0,0.0
FT720P_SSM2433_S4508_id12_s1_30.png,1,VALID,0.17883301,-0.059814453,0.02482605,-0.49771523,LCC-FASD external-dev / cross-domain stress set,-1.2943655252456665,1.0,0.0
FT720P_SSM2433_S4508_id12_s1_45.png,1,VALID,-0.14611816,0.0826416,0.20202637,-0.98337984,LCC-FASD external-dev / cross-domain stress set,-1.2943655252456665,1.0,0.0
FT720P_SSM2433_S4508_id12_s1_60.png,1,VALID,0.34155273,-0.28100586,-0.0025520325,-0.2194764,LCC-FASD external-dev / cross-domain stress set,-1.2943655252456665,1.0,0.0
FT720P_SSM2433_S4508_id12_s1_75.png,1,VALID,0.26489258,-0.21508789,0.057495117,-0.35871732,LCC-FASD external-dev / cross-domain stress set,-1.2943655252456665,1.0,0.0
FT720P_SSM2433_S4508_id12_s1_90.png,1,VALID,0.17199707,-0.10070801,0.030715942,-0.48831153,LCC-FASD external-dev / cross-domain stress set,-1.2943655252456665,1.0,0.0
FT720P_SSM2433_S4508_id12_s1_105.png,1,VALID,0.014915466,0.022064209,0.07928467,-0.72931534,LCC-FASD external-dev / cross-domain stress set,-1.2943655252456665,1.0,0.0
FT720P_SSM2433_S4508_id12_s1_120.png,1,VALID,-0.07489014,0.085998535,0.124694824,-0.87357116,LCC-FASD external-dev / cross-domain stress set,-1.2943655252456665,1.0,0.0
FT720P_SSM2433_S4508_id12_s1_135.png,1,VALID,0.20361328,-0.21459961,0.09863281,-0.44376504,LCC-FASD external-dev / cross-domain stress set,-1.2943655252456665,1.0,0.0
FT720P_SSM2433_S4508_id12_s1_150.png,1,VALID,0.15429688,-0.090148926,0.05001831,-0.52123886,LCC-FASD external-dev / cross-domain stress set,-1.2943655252456665,1.0,0.0
FT720P_SSM2433_S4508_id12_s2_15.png,1,VALID,0.42797852,-0.18835449,-0.14233398,-0.10008913,LCC-FASD external-dev / cross-domain stress set,-1.2943655252456665,1.0,0.0
FT720P_SSM2433_S4508_id12_s2_30.png,1,VALID,0.23583984,0.07171631,-0.16772461,-0.41645265,LCC-FASD external-dev / cross-domain stress set,-1.2943655252456665,1.0,0.0
FT720P_SSM2433_S4508_id12_s2_45.png,1,VALID,0.36279297,-0.055358887,-0.17944336,-0.21487653,LCC-FASD external-dev / cross-domain stress set,-1.2943655252456665,1.0,0.0
FT720P_SSM2433_S4508_id12_s2_60.png,1,VALID,0.16638184,0.1381836,-0.08929443,-0.5576643,LCC-FASD external-dev / cross-domain stress set,-1.2943655252456665,1.0,0.0
FT720P_SSM2433_S4508_id12_s2_75.png,1,VALID,0.8979492,-0.421875,-0.38330078,0.6072039,LCC-FASD external-dev / cross-domain stress set,-1.2943655252456665,1.0,0.0
FT720P_SSM2433_S4508_id12_s2_90.png,1,VALID,0.2626953,0.059448242,-0.15222168,-0.38965523,LCC-FASD external-dev / cross-domain stress set,-1.2943655252456665,1.0,0.0
FT720P_SSM2433_S4508_id12_s2_105.png,1,VALID,0.29736328,-0.0072135925,-0.097229004,-0.3445751,LCC-FASD external-dev / cross-domain stress set,-1.2943655252456665,1.0,0.0
FT720P_SSM2433_S4508_id12_s2_120.png,1,VALID,0.021530151,0.2824707,-0.076293945,-0.7907089,LCC-FASD external-dev / cross-domain stress set,-1.2943655252456665,1.0,0.0
FT720P_SSM2433_S4508_id12_s2_135.png,1,VALID,0.20825195,0.09326172,-0.14453125,-0.46631205,LCC-FASD external-dev / cross-domain stress set,-1.2943655252456665,1.0,0.0
FT720P_SSM2433_S4508_id12_s2_150.png,1,VALID,0.96240234,-0.6333008,-0.29516602,0.7192642,LCC-FASD external-dev / cross-domain stress set,-1.2943655252456665,1.0,0.0
FT720P_SSM20B370_BQ5204_id5_s0_15.png,1,VALID,0.5385742,-0.37182617,-0.10888672,0.07716614,LCC-FASD external-dev / cross-domain stress set,-1.2943655252456665,1.0,0.0
FT720P_SSM20B370_BQ5204_id5_s0_30.png,1,VALID,0.061920166,0.024627686,0.050750732,-0.6690016,LCC-FASD external-dev / cross-domain stress set,-1.2943655252456665,1.0,0.0
FT720P_SSM20B370_BQ5204_id5_s0_45.png,1,VALID,0.31274414,-0.28564453,0.0055770874,-0.2509333,LCC-FASD external-dev / cross-domain stress set,-1.2943655252456665,1.0,0.0
FT720P_SSM20B370_BQ5204_id5_s0_60.png,1,VALID,0.13098145,-0.070739746,0.037261963,-0.5468842,LCC-FASD external-dev / cross-domain stress set,-1.2943655252456665,1.0,0.0
FT720P_SSM20B370_BQ5204_id5_s0_75.png,1,VALID,0.4177246,-0.25634766,-0.08300781,-0.109496,LCC-FASD external-dev / cross-domain stress set,-1.2943655252456665,1.0,0.0
FT720P_SSM20B370_BQ5204_id5_s0_90.png,1,VALID,0.2770996,-0.23461914,0.026947021,-0.3207394,LCC-FASD external-dev / cross-domain stress set,-1.2943655252456665,1.0,0.0
FT720P_SSM20B370_BQ5204_id5_s0_105.png,1,VALID,0.07519531,-0.016647339,0.042297363,-0.63121116,LCC-FASD external-dev / cross-domain stress set,-1.2943655252456665,1.0,0.0
FT720P_SSM20B370_BQ5204_id5_s0_120.png,1,VALID,0.20214844,-0.11651611,0.00806427,-0.43871164,LCC-FASD external-dev / cross-domain stress set,-1.2943655252456665,1.0,0.0
FT720P_SSM20B370_BQ5204_id5_s0_135.png,1,VALID,0.17077637,-0.08135986,0.018341064,-0.49210346,LCC-FASD external-dev / cross-domain stress set,-1.2943655252456665,1.0,0.0
FT720P_SSM20B370_BQ5204_id5_s0_150.png,1,VALID,0.32470703,-0.19311523,-0.024932861,-0.26294762,LCC-FASD external-dev / cross-domain stress set,-1.2943655252456665,1.0,0.0
FT720P_SSM20B370_BQ5204_id9_s0_15.png,1,VALID,-1.078125,0.9921875,0.4897461,-2.5434685,LCC-FASD external-dev / cross-domain stress set,-1.2943655252456665,0.0,1.0
FT720P_SSM20B370_BQ5204_id9_s0_30.png,1,VALID,-1.3818359,1.3876953,0.52783203,-3.1224532,LCC-FASD external-dev / cross-domain stress set,-1.2943655252456665,0.0,1.0
FT720P_SSM20B370_BQ5204_id9_s0_45.png,1,VALID,-1.3007812,1.2050781,0.5776367,-2.9337096,LCC-FASD external-dev / cross-domain stress set,-1.2943655252456665,0.0,1.0
FT720P_SSM20B370_BQ5204_id9_s0_60.png,1,VALID,-1.2744141,1.3349609,0.4519043,-2.9554558,LCC-FASD external-dev / cross-domain stress set,-1.2943655252456665,0.0,1.0
FT720P_SSM20B370_BQ5204_id9_s0_75.png,1,VALID,-1.3945312,1.3857422,0.55322266,-3.1414049,LCC-FASD external-dev / cross-domain stress set,-1.2943655252456665,0.0,1.0
FT720P_SSM20B370_BQ5204_id9_s0_90.png,1,VALID,-1.1533203,1.2314453,0.40014648,-2.7462673,LCC-FASD external-dev / cross-domain stress set,-1.2943655252456665,0.0,1.0
FT720P_SSM20B370_BQ5204_id9_s0_105.png,1,VALID,-1.0791016,1.0068359,0.4736328,-2.5476081,LCC-FASD external-dev / cross-domain stress set,-1.2943655252456665,0.0,1.0
FT720P_SSM20B370_BQ5204_id9_s0_120.png,1,VALID,-1.3994141,1.3710938,0.5678711,-3.1406105,LCC-FASD external-dev / cross-domain stress set,-1.2943655252456665,0.0,1.0
FT720P_SSM20B370_BQ5204_id9_s0_135.png,1,VALID,-1.2890625,1.3232422,0.46264648,-2.9650087,LCC-FASD external-dev / cross-domain stress set,-1.2943655252456665,0.0,1.0
FT720P_SSM20B370_BQ5204_id9_s0_150.png,1,VALID,-1.484375,1.4580078,0.6308594,-3.3051453,LCC-FASD external-dev / cross-domain stress set,-1.2943655252456665,0.0,1.0
FT720P_SSM20B370_BQ5204_id9_s1_95.png,1,VALID,-1.4990234,1.6230469,0.48950195,-3.401133,LCC-FASD external-dev / cross-domain stress set,-1.2943655252456665,0.0,1.0
FT720P_SSM20B370_BQ5204_id12_s1_30.png,1,VALID,-0.20935059,0.26513672,0.10675049,-1.0915738,LCC-FASD external-dev / cross-domain stress set,-1.2943655252456665,1.0,0.0
FT720P_SSM20B370_BQ5204_id12_s1_45.png,1,VALID,-0.012840271,0.11376953,0.028701782,-0.77812743,LCC-FASD external-dev / cross-domain stress set,-1.2943655252456665,1.0,0.0
FT720P_SSM20B370_BQ5204_id12_s1_60.png,1,VALID,0.5654297,-0.46020508,-0.08312988,0.12628108,LCC-FASD external-dev / cross-domain stress set,-1.2943655252456665,1.0,0.0
FT720P_SSM20B370_BQ5204_id12_s1_75.png,1,VALID,0.28125,-0.1430664,-0.049224854,-0.31685197,LCC-FASD external-dev / cross-domain stress set,-1.2943655252456665,1.0,0.0
FT720P_SSM20B370_BQ5204_id12_s1_90.png,1,VALID,0.23632812,-0.16113281,0.013641357,-0.38688672,LCC-FASD external-dev / cross-domain stress set,-1.2943655252456665,1.0,0.0
FT720P_SSM20B370_BQ5204_id12_s2_15.png,1,VALID,-0.13098145,0.015419006,0.2175293,-0.94570017,LCC-FASD external-dev / cross-domain stress set,-1.2943655252456665,1.0,0.0
FT720P_SSM20B370_BQ5204_id12_s2_30.png,1,VALID,-0.19311523,0.11230469,0.18432617,-1.0352261,LCC-FASD external-dev / cross-domain stress set,-1.2943655252456665,1.0,0.0
FT720P_SSM20B370_BQ5204_id12_s2_45.png,1,VALID,0.07574463,-0.15600586,0.1451416,-0.6232641,LCC-FASD external-dev / cross-domain stress set,-1.2943655252456665,1.0,0.0
FT720P_SSM20B370_BQ5204_id12_s2_60.png,1,VALID,-0.115356445,0.03768921,0.21606445,-0.9393524,LCC-FASD external-dev / cross-domain stress set,-1.2943655252456665,1.0,0.0
FT720P_SSM20B370_BQ5204_id12_s2_75.png,1,VALID,0.10913086,-0.19934082,0.13061523,-0.56320107,LCC-FASD external-dev / cross-domain stress set,-1.2943655252456665,1.0,0.0
FT720P_SSM20B370_BQ5204_id12_s2_90.png,1,VALID,-0.22375488,0.1182251,0.21179199,-1.0830045,LCC-FASD external-dev / cross-domain stress set,-1.2943655252456665,1.0,0.0
FT720P_SSM20B370_BQ5204_id12_s2_105.png,1,VALID,0.37597656,-0.3466797,0.0070762634,-0.1629309,LCC-FASD external-dev / cross-domain stress set,-1.2943655252456665,1.0,0.0
FT720P_SSM20B370_BQ5204_id12_s2_120.png,1,VALID,-0.41992188,0.21777344,0.29052734,-1.367881,LCC-FASD external-dev / cross-domain stress set,-1.2943655252456665,0.0,1.0
FT720P_SSM20B370_BQ5204_id12_s2_135.png,1,VALID,-0.37036133,0.22705078,0.26953125,-1.3120251,LCC-FASD external-dev / cross-domain stress set,-1.2943655252456665,0.0,1.0
FT720P_SSM20B370_BQ5204_id12_s2_150.png,1,VALID,-0.12976074,0.025054932,0.19763184,-0.93796957,LCC-FASD external-dev / cross-domain stress set,-1.2943655252456665,1.0,0.0
FT720P_SSM2433_S4508_id0_s0_15.png,1,VALID,-0.29882812,1.0898438,-0.30322266,-1.6104647,LCC-FASD external-dev / cross-domain stress set,-1.2943655252456665,0.0,1.0
FT720P_SSM2433_S4508_id0_s0_30.png,1,VALID,-0.1829834,0.9707031,-0.3449707,-1.3913589,LCC-FASD external-dev / cross-domain stress set,-1.2943655252456665,0.0,1.0
FT720P_SSM2433_S4508_id0_s0_45.png,1,VALID,-0.2956543,0.9897461,-0.23693848,-1.542569,LCC-FASD external-dev / cross-domain stress set,-1.2943655252456665,0.0,1.0
FT720P_SSM2433_S4508_id0_s0_60.png,1,VALID,-0.24157715,0.92285156,-0.24072266,-1.4362617,LCC-FASD external-dev / cross-domain stress set,-1.2943655252456665,0.0,1.0
FT720P_SSM2433_S4508_id0_s0_75.png,1,VALID,-0.4987793,1.1523438,-0.1307373,-1.8957791,LCC-FASD external-dev / cross-domain stress set,-1.2943655252456665,0.0,1.0
FT720P_SSM2433_S4508_id0_s0_90.png,1,VALID,-0.28588867,1.0185547,-0.27124023,-1.5476462,LCC-FASD external-dev / cross-domain stress set,-1.2943655252456665,0.0,1.0
FT720P_SSM2433_S4508_id0_s0_105.png,1,VALID,-0.6113281,1.2080078,-0.14904785,-2.048396,LCC-FASD external-dev / cross-domain stress set,-1.2943655252456665,0.0,1.0
FT720P_SSM2433_S4508_id0_s0_120.png,1,VALID,-0.80078125,1.3759766,-0.09234619,-2.384025,LCC-FASD external-dev / cross-domain stress set,-1.2943655252456665,0.0,1.0
FT720P_SSM2433_S4508_id0_s0_135.png,1,VALID,-0.023391724,0.73779297,-0.32177734,-1.0587711,LCC-FASD external-dev / cross-domain stress set,-1.2943655252456665,1.0,0.0
FT720P_SSM2433_S4508_id0_s0_150.png,1,VALID,-0.22167969,0.8203125,-0.2401123,-1.3393588,LCC-FASD external-dev / cross-domain stress set,-1.2943655252456665,0.0,1.0
FT720P_SSM2433_S4508_id0_s1_105.png,1,VALID,-0.7416992,1.4931641,-0.12219238,-2.4162009,LCC-FASD external-dev / cross-domain stress set,-1.2943655252456665,0.0,1.0
FT720P_SSM2433_S4508_id0_s1_120.png,1,VALID,-0.6669922,1.4287109,-0.18432617,-2.2774258,LCC-FASD external-dev / cross-domain stress set,-1.2943655252456665,0.0,1.0
FT720P_SSM2433_S4508_id0_s1_135.png,1,VALID,-0.60498047,1.3427734,-0.18395996,-2.1443434,LCC-FASD external-dev / cross-domain stress set,-1.2943655252456665,0.0,1.0
FT720P_NEC90GX2_ZC554KL_id9_s0_15.png,1,VALID,-1.4199219,1.4462891,0.5239258,-3.200952,LCC-FASD external-dev / cross-domain stress set,-1.2943655252456665,0.0,1.0
FT720P_NEC90GX2_ZC554KL_id9_s0_30.png,1,VALID,-1.6865234,1.6816406,0.6567383,-3.6747892,LCC-FASD external-dev / cross-domain stress set,-1.2943655252456665,0.0,1.0
FT720P_NEC90GX2_ZC554KL_id9_s0_45.png,1,VALID,-1.3339844,1.2861328,0.54052734,-3.0084002,LCC-FASD external-dev / cross-domain stress set,-1.2943655252456665,0.0,1.0
FT720P_NEC90GX2_ZC554KL_id9_s0_60.png,1,VALID,-1.2988281,1.2255859,0.51220703,-2.9231806,LCC-FASD external-dev / cross-domain stress set,-1.2943655252456665,0.0,1.0
FT720P_NEC90GX2_ZC554KL_id9_s0_75.png,1,VALID,-1.1542969,1.0556641,0.48828125,-2.6591287,LCC-FASD external-dev / cross-domain stress set,-1.2943655252456665,0.0,1.0
FT720P_NEC90GX2_ZC554KL_id9_s0_90.png,1,VALID,-1.4248047,1.3457031,0.6274414,-3.1676712,LCC-FASD external-dev / cross-domain stress set,-1.2943655252456665,0.0,1.0
FT720P_NEC90GX2_ZC554KL_id9_s0_105.png,1,VALID,-0.9472656,0.8730469,0.3857422,-2.2992015,LCC-FASD external-dev / cross-domain stress set,-1.2943655252456665,0.0,1.0
FT720P_NEC90GX2_ZC554KL_id9_s0_120.png,1,VALID,-1.2304688,1.1210938,0.5620117,-2.803742,LCC-FASD external-dev / cross-domain stress set,-1.2943655252456665,0.0,1.0
FT720P_NEC90GX2_ZC554KL_id9_s0_135.png,1,VALID,-1.0996094,1.0283203,0.47216797,-2.5811756,LCC-FASD external-dev / cross-domain stress set,-1.2943655252456665,0.0,1.0
FT720P_NEC90GX2_ZC554KL_id9_s0_150.png,1,VALID,-1.109375,1.1015625,0.36743164,-2.6029272,LCC-FASD external-dev / cross-domain stress set,-1.2943655252456665,0.0,1.0
FT720P_NEC90GX2_ZC554KL_id12_s2_17.png,1,VALID,-0.56347656,0.5600586,0.23864746,-1.6688347,LCC-FASD external-dev / cross-domain stress set,-1.2943655252456665,0.0,1.0
FT720P_NEC90GX2_ZC554KL_id12_s2_32.png,1,VALID,-0.5288086,0.53808594,0.19543457,-1.6033211,LCC-FASD external-dev / cross-domain stress set,-1.2943655252456665,0.0,1.0
FT720P_NEC90GX2_ZC554KL_id12_s2_47.png,1,VALID,-0.83447266,0.92578125,0.25610352,-2.1736035,LCC-FASD external-dev / cross-domain stress set,-1.2943655252456665,0.0,1.0
FT720P_NEC90GX2_ZC554KL_id12_s2_62.png,1,VALID,-0.80029297,0.7890625,0.2697754,-2.0561943,LCC-FASD external-dev / cross-domain stress set,-1.2943655252456665,0.0,1.0
FT720P_NEC90GX2_ZC554KL_id12_s2_77.png,1,VALID,-0.98828125,0.9824219,0.35058594,-2.3970258,LCC-FASD external-dev / cross-domain stress set,-1.2943655252456665,0.0,1.0
FT720P_NEC90GX2_ZC554KL_id12_s2_92.png,1,VALID,-0.7207031,0.73339844,0.24743652,-1.9335016,LCC-FASD external-dev / cross-domain stress set,-1.2943655252456665,0.0,1.0
FT720P_SSM20B370_BQ5204_id0_s0_15.png,1,VALID,-0.09576416,0.87109375,-0.34521484,-1.2263889,LCC-FASD external-dev / cross-domain stress set,-1.2943655252456665,1.0,0.0
FT720P_SSM20B370_BQ5204_id0_s0_30.png,1,VALID,-0.6352539,1.3193359,-0.12902832,-2.165624,LCC-FASD external-dev / cross-domain stress set,-1.2943655252456665,0.0,1.0
FT720P_SSM20B370_BQ5204_id0_s0_45.png,1,VALID,-0.35595703,1.1054688,-0.28833008,-1.6830729,LCC-FASD external-dev / cross-domain stress set,-1.2943655252456665,0.0,1.0
FT720P_SSM20B370_BQ5204_id0_s0_60.png,1,VALID,0.103149414,0.72265625,-0.4711914,-0.8842167,LCC-FASD external-dev / cross-domain stress set,-1.2943655252456665,1.0,0.0
FT720P_SSM20B370_BQ5204_id0_s0_75.png,1,VALID,-0.47851562,1.3154297,-0.29516602,-1.976074,LCC-FASD external-dev / cross-domain stress set,-1.2943655252456665,0.0,1.0
FT720P_SSM20B370_BQ5204_id0_s0_90.png,1,VALID,-0.6401367,1.4052734,-0.19238281,-2.2297049,LCC-FASD external-dev / cross-domain stress set,-1.2943655252456665,0.0,1.0
FT720P_SSM20B370_BQ5204_id0_s0_105.png,1,VALID,-0.5961914,1.3994141,-0.21191406,-2.1776123,LCC-FASD external-dev / cross-domain stress set,-1.2943655252456665,0.0,1.0
FT720P_SSM20B370_BQ5204_id0_s0_121.png,1,VALID,-0.3371582,1.1113281,-0.26416016,-1.6738005,LCC-FASD external-dev / cross-domain stress set,-1.2943655252456665,0.0,1.0
FT720P_SSM20B370_BQ5204_id0_s0_136.png,1,VALID,-0.49731445,1.2236328,-0.24645996,-1.9278835,LCC-FASD external-dev / cross-domain stress set,-1.2943655252456665,0.0,1.0
FT720P_SSM20B370_BQ5204_id0_s0_151.png,1,VALID,-0.6850586,1.3388672,-0.1463623,-2.2280498,LCC-FASD external-dev / cross-domain stress set,-1.2943655252456665,0.0,1.0
FT720P_SSM20B370_BQ5204_id0_s1_15.png,1,VALID,-0.82177734,1.5722656,-0.1282959,-2.5617423,LCC-FASD external-dev / cross-domain stress set,-1.2943655252456665,0.0,1.0
FT720P_SSM20B370_BQ5204_id0_s1_30.png,1,VALID,-0.8198242,1.5869141,-0.12512207,-2.5726745,LCC-FASD external-dev / cross-domain stress set,-1.2943655252456665,0.0,1.0
FT720P_SSM20B370_BQ5204_id0_s1_45.png,1,VALID,-1.2558594,1.9414062,0.05532837,-3.3384748,LCC-FASD external-dev / cross-domain stress set,-1.2943655252456665,0.0,1.0
FT720P_SSM20B370_BQ5204_id0_s1_60.png,1,VALID,-1.0048828,1.6552734,-0.061828613,-2.8253198,LCC-FASD external-dev / cross-domain stress set,-1.2943655252456665,0.0,1.0
FT720P_SSM20B370_BQ5204_id0_s1_75.png,1,VALID,-1.0429688,1.8154297,-0.044036865,-3.0031528,LCC-FASD external-dev / cross-domain stress set,-1.2943655252456665,0.0,1.0
FT720P_SSM20B370_BQ5204_id0_s1_90.png,1,VALID,-1.1660156,1.8300781,-0.0073509216,-3.1438465,LCC-FASD external-dev / cross-domain stress set,-1.2943655252456665,0.0,1.0
FT720P_SSM20B370_BQ5204_id0_s1_105.png,1,VALID,-0.8798828,1.7236328,-0.1484375,-2.7465806,LCC-FASD external-dev / cross-domain stress set,-1.2943655252456665,0.0,1.0
FT720P_SSM20B370_BQ5204_id0_s1_120.png,1,VALID,-0.89941406,1.6318359,-0.083862305,-2.6966271,LCC-FASD external-dev / cross-domain stress set,-1.2943655252456665,0.0,1.0
FT720P_SSM20B370_BQ5204_id0_s1_135.png,1,VALID,-1.1484375,1.8271484,0.023345947,-3.128025,LCC-FASD external-dev / cross-domain stress set,-1.2943655252456665,0.0,1.0
FT720P_SSM20B370_BQ5204_id0_s1_150.png,1,VALID,-1.171875,1.8789062,0.024551392,-3.1962261,LCC-FASD external-dev / cross-domain stress set,-1.2943655252456665,0.0,1.0
FT720P_SSM20B370_BQ5204_id0_s3_15.png,1,VALID,-1.6445312,2.2011719,0.24450684,-3.9778965,LCC-FASD external-dev / cross-domain stress set,-1.2943655252456665,0.0,1.0
FT720P_SSM20B370_BQ5204_id0_s3_32.png,1,VALID,-1.4726562,2.1328125,0.12207031,-3.7311223,LCC-FASD external-dev / cross-domain stress set,-1.2943655252456665,0.0,1.0
FT720P_SSM20B370_BQ5204_id0_s3_47.png,1,VALID,-1.3769531,1.8867188,0.18347168,-3.430957,LCC-FASD external-dev / cross-domain stress set,-1.2943655252456665,0.0,1.0
FT720P_SSM20B370_BQ5204_id0_s3_62.png,1,VALID,-1.6035156,2.3320312,0.17590332,-4.0450935,LCC-FASD external-dev / cross-domain stress set,-1.2943655252456665,0.0,1.0
FT720P_SSM20B370_BQ5204_id0_s3_77.png,1,VALID,-1.5126953,2.234375,0.092041016,-3.8580575,LCC-FASD external-dev / cross-domain stress set,-1.2943655252456665,0.0,1.0
FT720P_SSM20B370_BQ5204_id0_s3_92.png,1,VALID,-1.5146484,2.1542969,0.15112305,-3.7954955,LCC-FASD external-dev / cross-domain stress set,-1.2943655252456665,0.0,1.0
FT720P_SSM20B370_BQ5204_id0_s3_107.png,1,VALID,-1.421875,2.0917969,0.08123779,-3.639347,LCC-FASD external-dev / cross-domain stress set,-1.2943655252456665,0.0,1.0
FT720P_SSM20B370_BQ5204_id0_s3_122.png,1,VALID,-1.5253906,2.1230469,0.15441895,-3.7791572,LCC-FASD external-dev / cross-domain stress set,-1.2943655252456665,0.0,1.0
FT720P_SSM20B370_BQ5204_id0_s3_137.png,1,VALID,-1.6669922,2.2949219,0.18017578,-4.075835,LCC-FASD external-dev / cross-domain stress set,-1.2943655252456665,0.0,1.0
FT720P_SSM20B370_BQ5204_id0_s3_152.png,1,VALID,-1.625,2.2832031,0.16296387,-4.0215344,LCC-FASD external-dev / cross-domain stress set,-1.2943655252456665,0.0,1.0
FT720P_SSM20B370_BQ5204_id12_s1_15.png,1,VALID,-0.3413086,0.4248047,0.11212158,-1.3150908,LCC-FASD external-dev / cross-domain stress set,-1.2943655252456665,0.0,1.0
FT720P_SSM20B370_BQ5204_id12_s1_105.png,1,VALID,0.16540527,-0.08758545,0.02671814,-0.49894053,LCC-FASD external-dev / cross-domain stress set,-1.2943655252456665,1.0,0.0
FT720P_SSM20B370_BQ5204_id12_s1_120.png,1,VALID,0.2626953,-0.1920166,0.031921387,-0.3566597,LCC-FASD external-dev / cross-domain stress set,-1.2943655252456665,1.0,0.0
FT720P_SSM20B370_BQ5204_id12_s1_135.png,1,VALID,0.039794922,0.0011873245,0.08648682,-0.69809854,LCC-FASD external-dev / cross-domain stress set,-1.2943655252456665,1.0,0.0
FT720P_SSM20B370_BQ5204_id12_s1_150.png,1,VALID,0.04446411,-0.070373535,0.15881348,-0.69945455,LCC-FASD external-dev / cross-domain stress set,-1.2943655252456665,1.0,0.0
FT720P_MBP1314_X014D_id9_s0_15.png,1,VALID,-1.3349609,1.3076172,0.5161133,-3.0163205,LCC-FASD external-dev / cross-domain stress set,-1.2943655252456665,0.0,1.0
FT720P_MBP1314_X014D_id9_s0_30.png,1,VALID,-1.2714844,1.1992188,0.56103516,-2.8948271,LCC-FASD external-dev / cross-domain stress set,-1.2943655252456665,0.0,1.0
FT720P_MBP1314_X014D_id9_s0_45.png,1,VALID,-1.3291016,1.2578125,0.5605469,-2.9910083,LCC-FASD external-dev / cross-domain stress set,-1.2943655252456665,0.0,1.0
FT720P_MBP1314_X014D_id9_s0_60.png,1,VALID,-1.3330078,1.3154297,0.5366211,-3.0261562,LCC-FASD external-dev / cross-domain stress set,-1.2943655252456665,0.0,1.0
FT720P_MBP1314_X014D_id9_s0_75.png,1,VALID,-1.3466797,1.3125,0.52978516,-3.0356712,LCC-FASD external-dev / cross-domain stress set,-1.2943655252456665,0.0,1.0
FT720P_MBP1314_X014D_id9_s0_90.png,1,VALID,-1.2753906,1.2597656,0.53222656,-2.9292884,LCC-FASD external-dev / cross-domain stress set,-1.2943655252456665,0.0,1.0
FT720P_MBP1314_X014D_id9_s0_135.png,1,VALID,-1.4472656,1.4785156,0.5527344,-3.259551,LCC-FASD external-dev / cross-domain stress set,-1.2943655252456665,0.0,1.0
FT720P_MBP1314_X014D_id9_s0_150.png,1,VALID,-1.3320312,1.2724609,0.57128906,-3.0072894,LCC-FASD external-dev / cross-domain stress set,-1.2943655252456665,0.0,1.0
FT720P_NEC90GX2_ZC554KL_id0_s0_15.png,1,VALID,-0.42163086,1.1992188,-0.25878906,-1.830056,LCC-FASD external-dev / cross-domain stress set,-1.2943655252456665,0.0,1.0
FT720P_NEC90GX2_ZC554KL_id0_s0_30.png,1,VALID,-0.4543457,1.1845703,-0.2175293,-1.8589184,LCC-FASD external-dev / cross-domain stress set,-1.2943655252456665,0.0,1.0
FT720P_NEC90GX2_ZC554KL_id0_s0_45.png,1,VALID,0.3461914,0.64404297,-0.60498047,-0.5499983,LCC-FASD external-dev / cross-domain stress set,-1.2943655252456665,1.0,0.0
FT720P_NEC90GX2_ZC554KL_id0_s0_60.png,1,VALID,-0.18945312,0.9980469,-0.35327148,-1.4177374,LCC-FASD external-dev / cross-domain stress set,-1.2943655252456665,0.0,1.0
FT720P_NEC90GX2_ZC554KL_id0_s0_75.png,1,VALID,-0.31469727,1.1308594,-0.27368164,-1.6650774,LCC-FASD external-dev / cross-domain stress set,-1.2943655252456665,0.0,1.0
FT720P_NEC90GX2_ZC554KL_id0_s0_90.png,1,VALID,0.31176758,0.5961914,-0.5566406,-0.55882406,LCC-FASD external-dev / cross-domain stress set,-1.2943655252456665,1.0,0.0
FT720P_NEC90GX2_ZC554KL_id0_s0_105.png,1,VALID,-0.16821289,0.8964844,-0.32666016,-1.3226699,LCC-FASD external-dev / cross-domain stress set,-1.2943655252456665,0.0,1.0
FT720P_NEC90GX2_ZC554KL_id0_s0_120.png,1,VALID,-0.31396484,1.0234375,-0.26733398,-1.5803944,LCC-FASD external-dev / cross-domain stress set,-1.2943655252456665,0.0,1.0
FT720P_NEC90GX2_ZC554KL_id0_s0_135.png,1,VALID,-0.5131836,1.0908203,-0.14208984,-1.8597643,LCC-FASD external-dev / cross-domain stress set,-1.2943655252456665,0.0,1.0
FT720P_NEC90GX2_ZC554KL_id0_s0_150.png,1,VALID,-0.0107421875,0.8652344,-0.39404297,-1.125847,LCC-FASD external-dev / cross-domain stress set,-1.2943655252456665,1.0,0.0
FT720P_NEC90GX2_ZC554KL_id0_s1_15.png,1,VALID,-0.80078125,1.5537109,-0.07739258,-2.5332353,LCC-FASD external-dev / cross-domain stress set,-1.2943655252456665,0.0,1.0
FT720P_NEC90GX2_ZC554KL_id0_s1_30.png,1,VALID,-1.0205078,1.5986328,0.058441162,-2.8133414,LCC-FASD external-dev / cross-domain stress set,-1.2943655252456665,0.0,1.0
FT720P_NEC90GX2_ZC554KL_id0_s1_45.png,1,VALID,-0.5595703,1.4384766,-0.19970703,-2.1756344,LCC-FASD external-dev / cross-domain stress set,-1.2943655252456665,0.0,1.0
FT720P_NEC90GX2_ZC554KL_id0_s1_60.png,1,VALID,-0.4970703,1.4658203,-0.31176758,-2.1190782,LCC-FASD external-dev / cross-domain stress set,-1.2943655252456665,0.0,1.0
FT720P_NEC90GX2_ZC554KL_id0_s1_75.png,1,VALID,-0.6855469,1.5517578,-0.2076416,-2.396143,LCC-FASD external-dev / cross-domain stress set,-1.2943655252456665,0.0,1.0
FT720P_NEC90GX2_ZC554KL_id0_s1_90.png,1,VALID,-0.8652344,1.6103516,-0.1003418,-2.6417277,LCC-FASD external-dev / cross-domain stress set,-1.2943655252456665,0.0,1.0
FT720P_NEC90GX2_ZC554KL_id0_s1_105.png,1,VALID,-0.6225586,1.5908203,-0.28222656,-2.356314,LCC-FASD external-dev / cross-domain stress set,-1.2943655252456665,0.0,1.0
FT720P_NEC90GX2_ZC554KL_id0_s1_120.png,1,VALID,-0.97558594,1.7363281,-0.05621338,-2.865953,LCC-FASD external-dev / cross-domain stress set,-1.2943655252456665,0.0,1.0
FT720P_NEC90GX2_ZC554KL_id0_s1_135.png,1,VALID,-0.61621094,1.4873047,-0.21313477,-2.2712338,LCC-FASD external-dev / cross-domain stress set,-1.2943655252456665,0.0,1.0
FT720P_NEC90GX2_ZC554KL_id0_s1_150.png,1,VALID,-0.80859375,1.5214844,-0.06890869,-2.5155993,LCC-FASD external-dev / cross-domain stress set,-1.2943655252456665,0.0,1.0
FT720P_NEC90GX2_ZC554KL_id0_s2_15.png,1,VALID,-0.80078125,0.97753906,0.17993164,-2.1501634,LCC-FASD external-dev / cross-domain stress set,-1.2943655252456665,0.0,1.0
FT720P_NEC90GX2_ZC554KL_id0_s2_30.png,1,VALID,-0.8515625,1.2607422,0.05154419,-2.3734655,LCC-FASD external-dev / cross-domain stress set,-1.2943655252456665,0.0,1.0
FT720P_NEC90GX2_ZC554KL_id0_s2_45.png,1,VALID,-0.94433594,1.1015625,0.21069336,-2.3897002,LCC-FASD external-dev / cross-domain stress set,-1.2943655252456665,0.0,1.0
FT720P_NEC90GX2_ZC554KL_id0_s2_60.png,1,VALID,-0.86865234,1.3291016,0.045928955,-2.44239,LCC-FASD external-dev / cross-domain stress set,-1.2943655252456665,0.0,1.0
FT720P_NEC90GX2_ZC554KL_id0_s2_75.png,1,VALID,-0.80908203,1.15625,0.093444824,-2.2620869,LCC-FASD external-dev / cross-domain stress set,-1.2943655252456665,0.0,1.0
FT720P_NEC90GX2_ZC554KL_id0_s2_90.png,1,VALID,-0.7211914,1.1396484,-0.010665894,-2.1358447,LCC-FASD external-dev / cross-domain stress set,-1.2943655252456665,0.0,1.0
FT720P_NEC90GX2_ZC554KL_id0_s2_105.png,1,VALID,-0.71191406,0.9199219,0.17370605,-2.0199225,LCC-FASD external-dev / cross-domain stress set,-1.2943655252456665,0.0,1.0
FT720P_NEC90GX2_ZC554KL_id0_s2_120.png,1,VALID,-1.2539062,1.4941406,0.32666016,-3.0189514,LCC-FASD external-dev / cross-domain stress set,-1.2943655252456665,0.0,1.0
FT720P_NEC90GX2_ZC554KL_id0_s2_135.png,1,VALID,-0.7871094,0.9785156,0.16760254,-2.1333551,LCC-FASD external-dev / cross-domain stress set,-1.2943655252456665,0.0,1.0
FT720P_NEC90GX2_ZC554KL_id0_s2_150.png,1,VALID,-0.5917969,1.1337891,-0.099365234,-1.9812912,LCC-FASD external-dev / cross-domain stress set,-1.2943655252456665,0.0,1.0
FT720P_NEC90GX2_ZC554KL_id0_s3_15.png,1,VALID,-1.5693359,2.1835938,0.17077637,-3.8783383,LCC-FASD external-dev / cross-domain stress set,-1.2943655252456665,0.0,1.0
FT720P_NEC90GX2_ZC554KL_id0_s3_30.png,1,VALID,-1.8105469,2.5253906,0.17175293,-4.426713,LCC-FASD external-dev / cross-domain stress set,-1.2943655252456665,0.0,1.0
FT720P_NEC90GX2_ZC554KL_id0_s3_45.png,1,VALID,-1.6367188,2.3261719,0.125,-4.0678573,LCC-FASD external-dev / cross-domain stress set,-1.2943655252456665,0.0,1.0
FT720P_NEC90GX2_ZC554KL_id0_s3_60.png,1,VALID,-1.5126953,2.1621094,0.1307373,-3.7980444,LCC-FASD external-dev / cross-domain stress set,-1.2943655252456665,0.0,1.0
FT720P_NEC90GX2_ZC554KL_id0_s3_75.png,1,VALID,-1.4462891,2.0488281,0.13024902,-3.632106,LCC-FASD external-dev / cross-domain stress set,-1.2943655252456665,0.0,1.0
FT720P_NEC90GX2_ZC554KL_id0_s3_90.png,1,VALID,-1.6689453,2.2792969,0.22497559,-4.0688477,LCC-FASD external-dev / cross-domain stress set,-1.2943655252456665,0.0,1.0
FT720P_NEC90GX2_ZC554KL_id0_s3_105.png,1,VALID,-1.4667969,2.15625,0.09844971,-3.7432578,LCC-FASD external-dev / cross-domain stress set,-1.2943655252456665,0.0,1.0
FT720P_NEC90GX2_ZC554KL_id0_s3_120.png,1,VALID,-1.4677734,2.1269531,0.11364746,-3.7200778,LCC-FASD external-dev / cross-domain stress set,-1.2943655252456665,0.0,1.0
FT720P_NEC90GX2_ZC554KL_id0_s3_135.png,1,VALID,-1.6064453,2.1191406,0.23339844,-3.8668394,LCC-FASD external-dev / cross-domain stress set,-1.2943655252456665,0.0,1.0
FT720P_NEC90GX2_ZC554KL_id0_s3_150.png,1,VALID,-1.3027344,1.9814453,0.038604736,-3.4180954,LCC-FASD external-dev / cross-domain stress set,-1.2943655252456665,0.0,1.0
FT720P_NEC90GX2_ZC554KL_id12_s1_15.png,1,VALID,-0.28076172,0.46240234,0.048309326,-1.2505474,LCC-FASD external-dev / cross-domain stress set,-1.2943655252456665,1.0,0.0
FT720P_NEC90GX2_ZC554KL_id12_s1_142.png,1,VALID,-0.50146484,0.53222656,0.20776367,-1.5777093,LCC-FASD external-dev / cross-domain stress set,-1.2943655252456665,0.0,1.0
FT720P_NEC90GX2_ZC554KL_id12_s2_107.png,1,VALID,-0.6459961,0.60058594,0.25341797,-1.7811358,LCC-FASD external-dev / cross-domain stress set,-1.2943655252456665,0.0,1.0
FT720P_NEC90GX2_ZC554KL_id12_s2_122.png,1,VALID,-0.8286133,0.84033203,0.2788086,-2.120237,LCC-FASD external-dev / cross-domain stress set,-1.2943655252456665,0.0,1.0
FT720P_NEC90GX2_ZC554KL_id12_s2_137.png,1,VALID,-0.9140625,0.91064453,0.31933594,-2.2652836,LCC-FASD external-dev / cross-domain stress set,-1.2943655252456665,0.0,1.0
FT720P_NEC90GX2_ZC554KL_id12_s2_152.png,1,VALID,-0.79345703,0.8432617,0.22290039,-2.067039,LCC-FASD external-dev / cross-domain stress set,-1.2943655252456665,0.0,1.0
FT720P_MBP1314_X014D_id0_s0_15.png,1,VALID,-0.60302734,1.2734375,-0.17077637,-2.0882897,LCC-FASD external-dev / cross-domain stress set,-1.2943655252456665,0.0,1.0
FT720P_MBP1314_X014D_id0_s0_30.png,1,VALID,-0.20898438,0.9448242,-0.3149414,-1.4035711,LCC-FASD external-dev / cross-domain stress set,-1.2943655252456665,0.0,1.0
FT720P_MBP1314_X014D_id0_s0_45.png,1,VALID,-0.17382812,0.9116211,-0.3762207,-1.329074,LCC-FASD external-dev / cross-domain stress set,-1.2943655252456665,0.0,1.0
FT720P_MBP1314_X014D_id0_s0_60.png,1,VALID,0.031707764,0.7290039,-0.3996582,-0.97755,LCC-FASD external-dev / cross-domain stress set,-1.2943655252456665,1.0,0.0
FT720P_MBP1314_X014D_id0_s0_75.png,1,VALID,0.34277344,0.51904297,-0.53759766,-0.47461087,LCC-FASD external-dev / cross-domain stress set,-1.2943655252456665,1.0,0.0
FT720P_MBP1314_X014D_id0_s0_90.png,1,VALID,-0.24914551,0.94873047,-0.31884766,-1.4459171,LCC-FASD external-dev / cross-domain stress set,-1.2943655252456665,0.0,1.0
FT720P_MBP1314_X014D_id0_s0_150.png,1,VALID,-0.055389404,0.80859375,-0.4025879,-1.1246884,LCC-FASD external-dev / cross-domain stress set,-1.2943655252456665,1.0,0.0
FT720P_MBP1314_X014D_id0_s3_15.png,1,VALID,-1.4785156,1.9414062,0.20751953,-3.582548,LCC-FASD external-dev / cross-domain stress set,-1.2943655252456665,0.0,1.0
FT720P_MBP1314_X014D_id0_s3_30.png,1,VALID,-1.5869141,2.0371094,0.26904297,-3.7815933,LCC-FASD external-dev / cross-domain stress set,-1.2943655252456665,0.0,1.0
FT720P_MBP1314_X014D_id0_s3_46.png,1,VALID,-1.5019531,2.0253906,0.18945312,-3.6753016,LCC-FASD external-dev / cross-domain stress set,-1.2943655252456665,0.0,1.0
FT720P_MBP1314_X014D_id0_s3_61.png,1,VALID,-1.4960938,2.0078125,0.19042969,-3.6544363,LCC-FASD external-dev / cross-domain stress set,-1.2943655252456665,0.0,1.0
FT720P_MBP1314_X014D_id0_s3_76.png,1,VALID,-1.5429688,2.0410156,0.22436523,-3.734617,LCC-FASD external-dev / cross-domain stress set,-1.2943655252456665,0.0,1.0
FT720P_MBP1314_X014D_id0_s3_91.png,1,VALID,-1.3271484,1.9345703,0.08276367,-3.4075089,LCC-FASD external-dev / cross-domain stress set,-1.2943655252456665,0.0,1.0
FT720P_MBP1314_X014D_id0_s3_106.png,1,VALID,-1.4121094,1.921875,0.17456055,-3.4946065,LCC-FASD external-dev / cross-domain stress set,-1.2943655252456665,0.0,1.0
FT720P_MBP1314_X014D_id0_s3_121.png,1,VALID,-1.4804688,1.9833984,0.1817627,-3.616613,LCC-FASD external-dev / cross-domain stress set,-1.2943655252456665,0.0,1.0
FT720P_MBP1314_X014D_id0_s3_136.png,1,VALID,-1.5576172,2.0566406,0.19763184,-3.759074,LCC-FASD external-dev / cross-domain stress set,-1.2943655252456665,0.0,1.0
FT720P_MBP1314_X014D_id0_s3_151.png,1,VALID,-1.6494141,2.0273438,0.32958984,-3.844891,LCC-FASD external-dev / cross-domain stress set,-1.2943655252456665,0.0,1.0
FT720P_MBP1314_X014D_id5_s1_15.png,1,VALID,-0.45825195,0.6044922,0.18444824,-1.5677637,LCC-FASD external-dev / cross-domain stress set,-1.2943655252456665,0.0,1.0
FT720P_MBP1314_X014D_id5_s1_30.png,1,VALID,-0.59375,0.6875,0.24523926,-1.7775195,LCC-FASD external-dev / cross-domain stress set,-1.2943655252456665,0.0,1.0
FT720P_MBP1314_X014D_id5_s1_45.png,1,VALID,-0.49682617,0.5493164,0.22497559,-1.5902117,LCC-FASD external-dev / cross-domain stress set,-1.2943655252456665,0.0,1.0
FT720P_MBP1314_X014D_id5_s1_60.png,1,VALID,-0.6191406,0.7529297,0.21765137,-1.8329741,LCC-FASD external-dev / cross-domain stress set,-1.2943655252456665,0.0,1.0
FT720P_MBP1314_X014D_id5_s1_75.png,1,VALID,-0.421875,0.56103516,0.17150879,-1.5001419,LCC-FASD external-dev / cross-domain stress set,-1.2943655252456665,0.0,1.0
FT720P_MBP1314_X014D_id5_s1_90.png,1,VALID,-0.6010742,0.67041016,0.2524414,-1.7773273,LCC-FASD external-dev / cross-domain stress set,-1.2943655252456665,0.0,1.0
FT720P_MBP1314_X014D_id5_s1_105.png,1,VALID,-0.53271484,0.56152344,0.23852539,-1.6388711,LCC-FASD external-dev / cross-domain stress set,-1.2943655252456665,0.0,1.0
FT720P_MBP1314_X014D_id5_s1_120.png,1,VALID,-0.57373047,0.6142578,0.28222656,-1.7288376,LCC-FASD external-dev / cross-domain stress set,-1.2943655252456665,0.0,1.0
FT720P_MBP1314_X014D_id5_s1_135.png,1,VALID,-0.4411621,0.5263672,0.21826172,-1.5184432,LCC-FASD external-dev / cross-domain stress set,-1.2943655252456665,0.0,1.0
FT720P_MBP1314_X014D_id5_s1_150.png,1,VALID,-0.36914062,0.44384766,0.19006348,-1.3872726,LCC-FASD external-dev / cross-domain stress set,-1.2943655252456665,0.0,1.0
FT720P_MBP1314_X014D_id9_s0_105.png,1,VALID,-1.2949219,1.3632812,0.4658203,-3.0000916,LCC-FASD external-dev / cross-domain stress set,-1.2943655252456665,0.0,1.0
FT720P_MBP1314_X014D_id9_s0_120.png,1,VALID,-1.1962891,1.1601562,0.4880371,-2.768969,LCC-FASD external-dev / cross-domain stress set,-1.2943655252456665,0.0,1.0
FT720P_MBP1314_X014D_id12_s0_15.png,1,VALID,-0.4362793,0.4489746,0.2331543,-1.4763019,LCC-FASD external-dev / cross-domain stress set,-1.2943655252456665,0.0,1.0
FT720P_MBP1314_X014D_id12_s0_30.png,1,VALID,-0.41088867,0.40454102,0.24572754,-1.4323195,LCC-FASD external-dev / cross-domain stress set,-1.2943655252456665,0.0,1.0
FT720P_MBP1314_X014D_id12_s0_45.png,1,VALID,-0.47338867,0.4794922,0.24194336,-1.5342908,LCC-FASD external-dev / cross-domain stress set,-1.2943655252456665,0.0,1.0
FT720P_MBP1314_X014D_id12_s0_60.png,1,VALID,-0.4572754,0.49780273,0.22717285,-1.5220376,LCC-FASD external-dev / cross-domain stress set,-1.2943655252456665,0.0,1.0
FT720P_MBP1314_X014D_id12_s0_75.png,1,VALID,-0.5996094,0.5703125,0.2841797,-1.730202,LCC-FASD external-dev / cross-domain stress set,-1.2943655252456665,0.0,1.0
FT720P_MBP1314_X014D_id12_s0_90.png,1,VALID,-0.49291992,0.45922852,0.25219727,-1.5471282,LCC-FASD external-dev / cross-domain stress set,-1.2943655252456665,0.0,1.0
FT720P_MBP1314_X014D_id12_s0_105.png,1,VALID,-0.4428711,0.41552734,0.2578125,-1.4757943,LCC-FASD external-dev / cross-domain stress set,-1.2943655252456665,0.0,1.0
FT720P_MBP1314_X014D_id12_s0_120.png,1,VALID,-0.42919922,0.41137695,0.24316406,-1.4531497,LCC-FASD external-dev / cross-domain stress set,-1.2943655252456665,0.0,1.0
FT720P_MBP1314_X014D_id12_s0_135.png,1,VALID,-0.4255371,0.44506836,0.21350098,-1.454657,LCC-FASD external-dev / cross-domain stress set,-1.2943655252456665,0.0,1.0
FT720P_MBP1314_X014D_id12_s0_150.png,1,VALID,-0.3618164,0.3828125,0.18933105,-1.3457074,LCC-FASD external-dev / cross-domain stress set,-1.2943655252456665,0.0,1.0
FT720P_MBP1314_X014D_id12_s1_15.png,1,VALID,-0.26831055,0.26708984,0.1928711,-1.1921265,LCC-FASD external-dev / cross-domain stress set,-1.2943655252456665,1.0,0.0
FT720P_MBP1314_X014D_id12_s1_30.png,1,VALID,-0.23925781,0.2758789,0.13391113,-1.1398172,LCC-FASD external-dev / cross-domain stress set,-1.2943655252456665,1.0,0.0
FT720P_MBP1314_X014D_id12_s1_45.png,1,VALID,-0.30419922,0.36669922,0.13537598,-1.255058,LCC-FASD external-dev / cross-domain stress set,-1.2943655252456665,1.0,0.0
FT720P_MBP1314_X014D_id12_s1_60.png,1,VALID,-0.4362793,0.47753906,0.17822266,-1.4684646,LCC-FASD external-dev / cross-domain stress set,-1.2943655252456665,0.0,1.0
FT720P_MBP1314_X014D_id12_s1_75.png,1,VALID,-0.33374023,0.39086914,0.15539551,-1.3069347,LCC-FASD external-dev / cross-domain stress set,-1.2943655252456665,0.0,1.0
FT720P_MBP1314_X014D_id12_s1_90.png,1,VALID,-0.51708984,0.53125,0.21704102,-1.596673,LCC-FASD external-dev / cross-domain stress set,-1.2943655252456665,0.0,1.0
FT720P_MBP1314_X014D_id12_s1_105.png,1,VALID,-0.48291016,0.51708984,0.19750977,-1.5460696,LCC-FASD external-dev / cross-domain stress set,-1.2943655252456665,0.0,1.0
FT720P_MBP1314_X014D_id12_s1_120.png,1,VALID,-0.4440918,0.4814453,0.19018555,-1.4836212,LCC-FASD external-dev / cross-domain stress set,-1.2943655252456665,0.0,1.0
FT720P_MBP1314_X014D_id12_s1_135.png,1,VALID,-0.39794922,0.4104004,0.1998291,-1.4017434,LCC-FASD external-dev / cross-domain stress set,-1.2943655252456665,0.0,1.0
FT720P_MBP1314_X014D_id12_s1_150.png,1,VALID,-0.3149414,0.36376953,0.15856934,-1.2745122,LCC-FASD external-dev / cross-domain stress set,-1.2943655252456665,1.0,0.0
FT720P_MBP1314_X014D_id12_s2_15.png,1,VALID,-0.41503906,0.3149414,0.28515625,-1.4083459,LCC-FASD external-dev / cross-domain stress set,-1.2943655252456665,0.0,1.0
FT720P_MBP1314_X014D_id12_s2_30.png,1,VALID,-0.28955078,0.21228027,0.23779297,-1.2078159,LCC-FASD external-dev / cross-domain stress set,-1.2943655252456665,1.0,0.0
FT720P_MBP1314_X014D_id12_s2_45.png,1,VALID,-0.2758789,0.23132324,0.22814941,-1.1987636,LCC-FASD external-dev / cross-domain stress set,-1.2943655252456665,1.0,0.0
FT720P_MBP1314_X014D_id12_s2_60.png,1,VALID,-0.51220703,0.44213867,0.30004883,-1.5789695,LCC-FASD external-dev / cross-domain stress set,-1.2943655252456665,0.0,1.0
FT720P_MBP1314_X014D_id12_s2_75.png,1,VALID,-0.0017967224,0.04171753,0.09844971,-0.7654298,LCC-FASD external-dev / cross-domain stress set,-1.2943655252456665,1.0,0.0
FT720P_MBP1314_X014D_id12_s2_90.png,1,VALID,-0.578125,0.4970703,0.30688477,-1.6777642,LCC-FASD external-dev / cross-domain stress set,-1.2943655252456665,0.0,1.0
FT720P_MBP1314_X014D_id12_s2_105.png,1,VALID,-0.6713867,0.64404297,0.29833984,-1.8505903,LCC-FASD external-dev / cross-domain stress set,-1.2943655252456665,0.0,1.0
FT720P_MBP1314_X014D_id12_s2_120.png,1,VALID,-0.6352539,0.57128906,0.31103516,-1.778006,LCC-FASD external-dev / cross-domain stress set,-1.2943655252456665,0.0,1.0
FT720P_MBP1314_X014D_id12_s2_135.png,1,VALID,-0.48339844,0.4375,0.26586914,-1.5319078,LCC-FASD external-dev / cross-domain stress set,-1.2943655252456665,0.0,1.0
FT720P_MBP1314_X014D_id12_s2_150.png,1,VALID,-0.6142578,0.52734375,0.3251953,-1.7387738,LCC-FASD external-dev / cross-domain stress set,-1.2943655252456665,0.0,1.0
FT720P_MBP1314_IPHONE8F_id5_s0_15.png,1,VALID,0.11846924,0.30322266,-0.21984863,-0.6501825,LCC-FASD external-dev / cross-domain stress set,-1.2943655252456665,1.0,0.0
FT720P_MBP1314_IPHONE8F_id5_s0_30.png,1,VALID,-0.08850098,0.38793945,-0.051330566,-0.9738809,LCC-FASD external-dev / cross-domain stress set,-1.2943655252456665,1.0,0.0
FT720P_MBP1314_IPHONE8F_id5_s0_45.png,1,VALID,0.059661865,0.2824707,-0.13195801,-0.7300586,LCC-FASD external-dev / cross-domain stress set,-1.2943655252456665,1.0,0.0
FT720P_MBP1314_IPHONE8F_id5_s0_60.png,1,VALID,0.24987793,0.08306885,-0.20166016,-0.3940733,LCC-FASD external-dev / cross-domain stress set,-1.2943655252456665,1.0,0.0
FT720P_MBP1314_IPHONE8F_id5_s0_75.png,1,VALID,0.18469238,0.12731934,-0.14929199,-0.50700235,LCC-FASD external-dev / cross-domain stress set,-1.2943655252456665,1.0,0.0
FT720P_MBP1314_IPHONE8F_id5_s0_90.png,1,VALID,0.2088623,0.2692871,-0.22155762,-0.53796816,LCC-FASD external-dev / cross-domain stress set,-1.2943655252456665,1.0,0.0
FT720P_MBP1314_IPHONE8F_id5_s0_105.png,1,VALID,-0.14550781,0.40454102,-0.04006958,-1.0453997,LCC-FASD external-dev / cross-domain stress set,-1.2943655252456665,1.0,0.0
FT720P_MBP1314_IPHONE8F_id5_s0_120.png,1,VALID,0.044708252,0.36914062,-0.16003418,-0.78759444,LCC-FASD external-dev / cross-domain stress set,-1.2943655252456665,1.0,0.0
FT720P_MBP1314_IPHONE8F_id5_s0_135.png,1,VALID,0.44311523,-0.06451416,-0.23400879,-0.10435724,LCC-FASD external-dev / cross-domain stress set,-1.2943655252456665,1.0,0.0
FT720P_MBP1314_IPHONE8F_id5_s0_150.png,1,VALID,0.030639648,0.265625,-0.113220215,-0.7565441,LCC-FASD external-dev / cross-domain stress set,-1.2943655252456665,1.0,0.0
FT720P_MBP1314_IPHONE8F_id5_s1_15.png,1,VALID,-0.51660156,0.8256836,0.048553467,-1.7205322,LCC-FASD external-dev / cross-domain stress set,-1.2943655252456665,0.0,1.0
FT720P_MBP1314_IPHONE8F_id5_s1_30.png,1,VALID,-0.52197266,0.8535156,0.04650879,-1.7444218,LCC-FASD external-dev / cross-domain stress set,-1.2943655252456665,0.0,1.0
FT720P_MBP1314_IPHONE8F_id5_s1_45.png,1,VALID,-0.56884766,0.7963867,0.104003906,-1.7709544,LCC-FASD external-dev / cross-domain stress set,-1.2943655252456665,0.0,1.0
FT720P_MBP1314_IPHONE8F_id5_s1_60.png,1,VALID,-0.24975586,0.48510742,0.025787354,-1.2244937,LCC-FASD external-dev / cross-domain stress set,-1.2943655252456665,1.0,0.0
FT720P_MBP1314_IPHONE8F_id5_s1_75.png,1,VALID,-0.4885254,0.77490234,0.08538818,-1.6701053,LCC-FASD external-dev / cross-domain stress set,-1.2943655252456665,0.0,1.0
FT720P_MBP1314_IPHONE8F_id5_s1_90.png,1,VALID,-0.42358398,0.75927734,0.011734009,-1.5705211,LCC-FASD external-dev / cross-domain stress set,-1.2943655252456665,0.0,1.0
FT720P_MBP1314_IPHONE8F_id5_s1_105.png,1,VALID,-0.6323242,0.79589844,0.18457031,-1.8617113,LCC-FASD external-dev / cross-domain stress set,-1.2943655252456665,0.0,1.0
FT720P_MBP1314_IPHONE8F_id5_s1_120.png,1,VALID,-0.37963867,0.62060547,0.074645996,-1.4572167,LCC-FASD external-dev / cross-domain stress set,-1.2943655252456665,0.0,1.0
FT720P_MBP1314_IPHONE8F_id5_s1_135.png,1,VALID,-0.42749023,0.61328125,0.12432861,-1.5190337,LCC-FASD external-dev / cross-domain stress set,-1.2943655252456665,0.0,1.0
FT720P_MBP1314_IPHONE8F_id5_s1_150.png,1,VALID,-0.4958496,0.75439453,0.10345459,-1.6699772,LCC-FASD external-dev / cross-domain stress set,-1.2943655252456665,0.0,1.0
FT720P_MBP1314_IPHONE8F_id9_s0_15.png,1,VALID,-1.1835938,1.3632812,0.2878418,-2.8404007,LCC-FASD external-dev / cross-domain stress set,-1.2943655252456665,0.0,1.0
FT720P_MBP1314_IPHONE8F_id9_s0_30.png,1,VALID,-0.95947266,1.0791016,0.2548828,-2.402229,LCC-FASD external-dev / cross-domain stress set,-1.2943655252456665,0.0,1.0
FT720P_MBP1314_IPHONE8F_id9_s0_45.png,1,VALID,-1.1738281,1.2412109,0.3798828,-2.7675257,LCC-FASD external-dev / cross-domain stress set,-1.2943655252456665,0.0,1.0
FT720P_MBP1314_IPHONE8F_id9_s0_60.png,1,VALID,-0.92285156,1.0673828,0.23425293,-2.3511808,LCC-FASD external-dev / cross-domain stress set,-1.2943655252456665,0.0,1.0
FT720P_MBP1314_IPHONE8F_id9_s0_75.png,1,VALID,-1.0449219,1.2197266,0.24719238,-2.5853713,LCC-FASD external-dev / cross-domain stress set,-1.2943655252456665,0.0,1.0
FT720P_MBP1314_IPHONE8F_id9_s0_90.png,1,VALID,-0.9082031,1.0976562,0.20935059,-2.3504076,LCC-FASD external-dev / cross-domain stress set,-1.2943655252456665,0.0,1.0
FT720P_MBP1314_IPHONE8F_id9_s0_105.png,1,VALID,-1.2119141,1.2460938,0.41381836,-2.8192134,LCC-FASD external-dev / cross-domain stress set,-1.2943655252456665,0.0,1.0
FT720P_MBP1314_IPHONE8F_id9_s0_120.png,1,VALID,-0.9868164,1.1777344,0.20324707,-2.484738,LCC-FASD external-dev / cross-domain stress set,-1.2943655252456665,0.0,1.0
FT720P_MBP1314_IPHONE8F_id9_s0_135.png,1,VALID,-0.8647461,1.0185547,0.22583008,-2.2566626,LCC-FASD external-dev / cross-domain stress set,-1.2943655252456665,0.0,1.0
FT720P_MBP1314_IPHONE8F_id9_s0_150.png,1,VALID,-1.1064453,1.21875,0.33740234,-2.6717765,LCC-FASD external-dev / cross-domain stress set,-1.2943655252456665,0.0,1.0
FT720P_MBP1314_IPHONE8F_id9_s1_24.png,1,VALID,-0.6176758,0.95214844,0.10046387,-1.9251852,LCC-FASD external-dev / cross-domain stress set,-1.2943655252456665,0.0,1.0
FT720P_MBP1314_IPHONE8F_id9_s1_41.png,1,VALID,-0.64404297,0.8256836,0.19482422,-1.8963883,LCC-FASD external-dev / cross-domain stress set,-1.2943655252456665,0.0,1.0
FT720P_MBP1314_IPHONE8F_id9_s1_137.png,1,VALID,-0.4909668,0.7661133,0.11669922,-1.6773365,LCC-FASD external-dev / cross-domain stress set,-1.2943655252456665,0.0,1.0
FT720P_MBP1314_IPHONE8F_id12_s1_15.png,1,VALID,-0.74072266,1.0039062,0.080566406,-2.0790923,LCC-FASD external-dev / cross-domain stress set,-1.2943655252456665,0.0,1.0
FT720P_MBP1314_IPHONE8F_id12_s1_30.png,1,VALID,-0.6875,0.89453125,0.12402344,-1.9623686,LCC-FASD external-dev / cross-domain stress set,-1.2943655252456665,0.0,1.0
FT720P_MBP1314_IPHONE8F_id12_s1_45.png,1,VALID,-0.71240234,0.9394531,0.13098145,-2.0203373,LCC-FASD external-dev / cross-domain stress set,-1.2943655252456665,0.0,1.0
FT720P_MBP1314_IPHONE8F_id12_s1_60.png,1,VALID,-0.45507812,0.5830078,0.11608887,-1.5247813,LCC-FASD external-dev / cross-domain stress set,-1.2943655252456665,0.0,1.0
FT720P_MBP1314_IPHONE8F_id12_s1_75.png,1,VALID,-0.48339844,0.61572266,0.12219238,-1.5756456,LCC-FASD external-dev / cross-domain stress set,-1.2943655252456665,0.0,1.0
FT720P_MBP1314_IPHONE8F_id12_s1_90.png,1,VALID,-0.5048828,0.75390625,0.06365967,-1.6652219,LCC-FASD external-dev / cross-domain stress set,-1.2943655252456665,0.0,1.0
FT720P_MBP1314_IPHONE8F_id12_s1_150.png,1,VALID,-0.7709961,0.9584961,0.1607666,-2.1012974,LCC-FASD external-dev / cross-domain stress set,-1.2943655252456665,0.0,1.0
FT720P_MBP1314_IPHONE8F_id12_s2_15.png,1,VALID,-0.92871094,0.94970703,0.30517578,-2.3003523,LCC-FASD external-dev / cross-domain stress set,-1.2943655252456665,0.0,1.0
FT720P_MBP1314_IPHONE8F_id12_s2_30.png,1,VALID,-1.0039062,1.0869141,0.29077148,-2.4631186,LCC-FASD external-dev / cross-domain stress set,-1.2943655252456665,0.0,1.0
FT720P_MBP1314_IPHONE8F_id12_s2_45.png,1,VALID,-1.015625,1.0957031,0.31103516,-2.4872074,LCC-FASD external-dev / cross-domain stress set,-1.2943655252456665,0.0,1.0
FT720P_MBP1314_IPHONE8F_id12_s2_60.png,1,VALID,-0.8696289,0.9091797,0.2932129,-2.210668,LCC-FASD external-dev / cross-domain stress set,-1.2943655252456665,0.0,1.0
FT720P_MBP1314_IPHONE8F_id12_s2_75.png,1,VALID,-0.6386719,0.7011719,0.21057129,-1.8174797,LCC-FASD external-dev / cross-domain stress set,-1.2943655252456665,0.0,1.0
FT720P_MBP1314_IPHONE8F_id12_s2_90.png,1,VALID,-0.91308594,1.0429688,0.23327637,-2.3241606,LCC-FASD external-dev / cross-domain stress set,-1.2943655252456665,0.0,1.0
FT720P_MBP1314_IPHONE8F_id12_s2_105.png,1,VALID,-0.8911133,0.9448242,0.2915039,-2.2548552,LCC-FASD external-dev / cross-domain stress set,-1.2943655252456665,0.0,1.0
FT720P_MBP1314_IPHONE8F_id12_s2_120.png,1,VALID,-0.86816406,0.90234375,0.30664062,-2.2095203,LCC-FASD external-dev / cross-domain stress set,-1.2943655252456665,0.0,1.0
FT720P_MBP1314_IPHONE8F_id12_s2_135.png,1,VALID,-0.70996094,0.72558594,0.2692871,-1.926348,LCC-FASD external-dev / cross-domain stress set,-1.2943655252456665,0.0,1.0
FT720P_MBP1314_IPHONE8F_id12_s2_150.png,1,VALID,-0.74609375,0.77197266,0.2541504,-1.9854519,LCC-FASD external-dev / cross-domain stress set,-1.2943655252456665,0.0,1.0
FT720P_MBP1314_X014D_id0_s0_105.png,1,VALID,-0.09503174,0.82421875,-0.37524414,-1.1826574,LCC-FASD external-dev / cross-domain stress set,-1.2943655252456665,1.0,0.0
FT720P_MBP1314_X014D_id0_s0_120.png,1,VALID,-0.15893555,0.90185547,-0.3425293,-1.3139733,LCC-FASD external-dev / cross-domain stress set,-1.2943655252456665,0.0,1.0
FT720P_MBP1314_X014D_id0_s0_135.png,1,VALID,0.03643799,0.7290039,-0.43798828,-0.96358645,LCC-FASD external-dev / cross-domain stress set,-1.2943655252456665,1.0,0.0
FT720P_MBP1314_IPHONE8F_id0_s0_15.png,1,VALID,-0.18591309,1.0371094,-0.40429688,-1.4353839,LCC-FASD external-dev / cross-domain stress set,-1.2943655252456665,0.0,1.0
FT720P_MBP1314_IPHONE8F_id0_s0_30.png,1,VALID,-0.69189453,1.5283203,-0.20593262,-2.382786,LCC-FASD external-dev / cross-domain stress set,-1.2943655252456665,0.0,1.0
FT720P_MBP1314_IPHONE8F_id0_s0_45.png,1,VALID,-0.6689453,1.4541016,-0.1973877,-2.2984815,LCC-FASD external-dev / cross-domain stress set,-1.2943655252456665,0.0,1.0
FT720P_MBP1314_IPHONE8F_id0_s0_60.png,1,VALID,-0.79296875,1.4726562,-0.09460449,-2.4551008,LCC-FASD external-dev / cross-domain stress set,-1.2943655252456665,0.0,1.0
FT720P_MBP1314_IPHONE8F_id0_s0_75.png,1,VALID,-0.31811523,1.0625,-0.24829102,-1.6193224,LCC-FASD external-dev / cross-domain stress set,-1.2943655252456665,0.0,1.0
FT720P_MBP1314_IPHONE8F_id0_s0_90.png,1,VALID,-0.39111328,1.15625,-0.25854492,-1.7648714,LCC-FASD external-dev / cross-domain stress set,-1.2943655252456665,0.0,1.0
FT720P_MBP1314_IPHONE8F_id0_s0_120.png,1,VALID,-0.6430664,1.3613281,-0.15612793,-2.202646,LCC-FASD external-dev / cross-domain stress set,-1.2943655252456665,0.0,1.0
FT720P_MBP1314_IPHONE8F_id0_s0_135.png,1,VALID,-0.6723633,1.4013672,-0.17468262,-2.2616947,LCC-FASD external-dev / cross-domain stress set,-1.2943655252456665,0.0,1.0
FT720P_MBP1314_IPHONE8F_id0_s0_150.png,1,VALID,-0.3659668,1.0380859,-0.23901367,-1.6500099,LCC-FASD external-dev / cross-domain stress set,-1.2943655252456665,0.0,1.0
FT720P_MBP1314_IPHONE8F_id0_s1_15.png,1,VALID,-0.52197266,1.3515625,-0.24475098,-2.058056,LCC-FASD external-dev / cross-domain stress set,-1.2943655252456665,0.0,1.0
FT720P_MBP1314_IPHONE8F_id0_s1_30.png,1,VALID,-0.6748047,1.4169922,-0.16882324,-2.2780943,LCC-FASD external-dev / cross-domain stress set,-1.2943655252456665,0.0,1.0
FT720P_MBP1314_IPHONE8F_id0_s1_45.png,1,VALID,-0.5595703,1.2197266,-0.16821289,-2.0021117,LCC-FASD external-dev / cross-domain stress set,-1.2943655252456665,0.0,1.0
FT720P_MBP1314_IPHONE8F_id0_s1_60.png,1,VALID,-0.69384766,1.4091797,-0.15197754,-2.2935593,LCC-FASD external-dev / cross-domain stress set,-1.2943655252456665,0.0,1.0
FT720P_MBP1314_IPHONE8F_id0_s1_75.png,1,VALID,-0.5830078,1.3339844,-0.23327637,-2.106468,LCC-FASD external-dev / cross-domain stress set,-1.2943655252456665,0.0,1.0
FT720P_MBP1314_IPHONE8F_id0_s1_90.png,1,VALID,-0.7988281,1.4013672,-0.028900146,-2.4146976,LCC-FASD external-dev / cross-domain stress set,-1.2943655252456665,0.0,1.0
FT720P_MBP1314_IPHONE8F_id0_s1_105.png,1,VALID,-0.38134766,1.1113281,-0.23046875,-1.7248785,LCC-FASD external-dev / cross-domain stress set,-1.2943655252456665,0.0,1.0
FT720P_MBP1314_IPHONE8F_id0_s1_120.png,1,VALID,-0.7832031,1.3779297,-0.06976318,-2.3722944,LCC-FASD external-dev / cross-domain stress set,-1.2943655252456665,0.0,1.0
FT720P_MBP1314_IPHONE8F_id0_s1_135.png,1,VALID,-0.98828125,1.5693359,0.016479492,-2.7495942,LCC-FASD external-dev / cross-domain stress set,-1.2943655252456665,0.0,1.0
FT720P_MBP1314_IPHONE8F_id0_s1_150.png,1,VALID,-1.0449219,1.6914062,-0.0101623535,-2.903872,LCC-FASD external-dev / cross-domain stress set,-1.2943655252456665,0.0,1.0
FT720P_MBP1314_IPHONE8F_id0_s2_15.png,1,VALID,-0.6328125,1.2539062,-0.14746094,-2.106866,LCC-FASD external-dev / cross-domain stress set,-1.2943655252456665,0.0,1.0
FT720P_MBP1314_IPHONE8F_id0_s2_30.png,1,VALID,-0.27416992,0.89404297,-0.22497559,-1.4508324,LCC-FASD external-dev / cross-domain stress set,-1.2943655252456665,0.0,1.0
FT720P_MBP1314_IPHONE8F_id0_s2_45.png,1,VALID,-0.46142578,1.09375,-0.20776367,-1.7958602,LCC-FASD external-dev / cross-domain stress set,-1.2943655252456665,0.0,1.0
FT720P_MBP1314_IPHONE8F_id0_s2_60.png,1,VALID,-1.15625,1.4677734,0.20788574,-2.873759,LCC-FASD external-dev / cross-domain stress set,-1.2943655252456665,0.0,1.0
FT720P_MBP1314_IPHONE8F_id0_s2_75.png,1,VALID,-1.015625,1.6113281,0.03540039,-2.8149383,LCC-FASD external-dev / cross-domain stress set,-1.2943655252456665,0.0,1.0
FT720P_MBP1314_IPHONE8F_id0_s2_90.png,1,VALID,-0.9765625,1.4990234,0.09338379,-2.6948903,LCC-FASD external-dev / cross-domain stress set,-1.2943655252456665,0.0,1.0
FT720P_MBP1314_IPHONE8F_id0_s2_105.png,1,VALID,-0.86328125,1.3193359,0.046173096,-2.429434,LCC-FASD external-dev / cross-domain stress set,-1.2943655252456665,0.0,1.0
FT720P_MBP1314_IPHONE8F_id0_s2_120.png,1,VALID,-0.9873047,1.2958984,0.16748047,-2.5635166,LCC-FASD external-dev / cross-domain stress set,-1.2943655252456665,0.0,1.0
FT720P_MBP1314_IPHONE8F_id0_s2_135.png,1,VALID,-1.1337891,1.6367188,0.11956787,-2.9688141,LCC-FASD external-dev / cross-domain stress set,-1.2943655252456665,0.0,1.0
FT720P_MBP1314_IPHONE8F_id0_s2_150.png,1,VALID,-0.9526367,1.4355469,0.059661865,-2.6134176,LCC-FASD external-dev / cross-domain stress set,-1.2943655252456665,0.0,1.0
FT720P_MBP1314_IPHONE8F_id0_s3_16.png,1,VALID,-1.5224609,2.0605469,0.19555664,-3.7270195,LCC-FASD external-dev / cross-domain stress set,-1.2943655252456665,0.0,1.0
FT720P_MBP1314_IPHONE8F_id0_s3_31.png,1,VALID,-1.5126953,1.9951172,0.2364502,-3.6667583,LCC-FASD external-dev / cross-domain stress set,-1.2943655252456665,0.0,1.0
FT720P_MBP1314_IPHONE8F_id0_s3_46.png,1,VALID,-1.4189453,1.8876953,0.20800781,-3.4775913,LCC-FASD external-dev / cross-domain stress set,-1.2943655252456665,0.0,1.0
FT720P_MBP1314_IPHONE8F_id0_s3_61.png,1,VALID,-1.3720703,1.8115234,0.20019531,-3.3656006,LCC-FASD external-dev / cross-domain stress set,-1.2943655252456665,0.0,1.0
FT720P_MBP1314_IPHONE8F_id0_s3_76.png,1,VALID,-1.2099609,1.7539062,0.101379395,-3.139135,LCC-FASD external-dev / cross-domain stress set,-1.2943655252456665,0.0,1.0
FT720P_MBP1314_IPHONE8F_id0_s3_91.png,1,VALID,-1.2832031,1.8115234,0.11975098,-3.2637877,LCC-FASD external-dev / cross-domain stress set,-1.2943655252456665,0.0,1.0
FT720P_MBP1314_IPHONE8F_id0_s3_106.png,1,VALID,-1.4345703,1.9023438,0.20666504,-3.5053687,LCC-FASD external-dev / cross-domain stress set,-1.2943655252456665,0.0,1.0
FT720P_MBP1314_IPHONE8F_id0_s3_121.png,1,VALID,-1.453125,2.0996094,0.12731934,-3.683006,LCC-FASD external-dev / cross-domain stress set,-1.2943655252456665,0.0,1.0
FT720P_MBP1314_IPHONE8F_id0_s3_136.png,1,VALID,-1.4208984,1.8642578,0.203125,-3.4590454,LCC-FASD external-dev / cross-domain stress set,-1.2943655252456665,0.0,1.0
FT720P_MBP1314_IPHONE8F_id0_s3_151.png,1,VALID,-1.4951172,1.9267578,0.21728516,-3.5882037,LCC-FASD external-dev / cross-domain stress set,-1.2943655252456665,0.0,1.0
FT720P_MBP1314_IPHONE8F_id12_s0_15.png,1,VALID,-0.5024414,0.6113281,0.15576172,-1.6048548,LCC-FASD external-dev / cross-domain stress set,-1.2943655252456665,0.0,1.0
FT720P_MBP1314_IPHONE8F_id12_s0_30.png,1,VALID,-0.5058594,0.60009766,0.16345215,-1.6044269,LCC-FASD external-dev / cross-domain stress set,-1.2943655252456665,0.0,1.0
FT720P_MBP1314_IPHONE8F_id12_s0_45.png,1,VALID,-0.59765625,0.7138672,0.16552734,-1.7676237,LCC-FASD external-dev / cross-domain stress set,-1.2943655252456665,0.0,1.0
FT720P_MBP1314_IPHONE8F_id12_s0_60.png,1,VALID,-0.6303711,0.69433594,0.20776367,-1.8038747,LCC-FASD external-dev / cross-domain stress set,-1.2943655252456665,0.0,1.0
FT720P_MBP1314_IPHONE8F_id12_s0_75.png,1,VALID,-0.60839844,0.7114258,0.18115234,-1.7825792,LCC-FASD external-dev / cross-domain stress set,-1.2943655252456665,0.0,1.0
FT720P_MBP1314_IPHONE8F_id12_s0_90.png,1,VALID,-0.26098633,0.37890625,0.08905029,-1.1985773,LCC-FASD external-dev / cross-domain stress set,-1.2943655252456665,1.0,0.0
FT720P_MBP1314_IPHONE8F_id12_s0_105.png,1,VALID,-0.33422852,0.3503418,0.1574707,-1.2859247,LCC-FASD external-dev / cross-domain stress set,-1.2943655252456665,1.0,0.0
FT720P_MBP1314_IPHONE8F_id12_s0_120.png,1,VALID,-0.5698242,0.68603516,0.16833496,-1.7232906,LCC-FASD external-dev / cross-domain stress set,-1.2943655252456665,0.0,1.0
FT720P_MBP1314_IPHONE8F_id12_s0_135.png,1,VALID,-0.5708008,0.6435547,0.18774414,-1.705346,LCC-FASD external-dev / cross-domain stress set,-1.2943655252456665,0.0,1.0
FT720P_MBP1314_IPHONE8F_id12_s0_150.png,1,VALID,-0.5395508,0.6386719,0.16882324,-1.66379,LCC-FASD external-dev / cross-domain stress set,-1.2943655252456665,0.0,1.0
FT720P_MBP1314_IPHONE8F_id12_s1_105.png,1,VALID,-0.25683594,0.47265625,0.026260376,-1.224146,LCC-FASD external-dev / cross-domain stress set,-1.2943655252456665,1.0,0.0
FT720P_MBP1314_IPHONE8F_id12_s1_120.png,1,VALID,-0.5756836,0.67529297,0.15539551,-1.7175878,LCC-FASD external-dev / cross-domain stress set,-1.2943655252456665,0.0,1.0
FT720P_MBP1314_IPHONE8F_id12_s1_135.png,1,VALID,-0.2142334,0.41357422,0.044921875,-1.1535214,LCC-FASD external-dev / cross-domain stress set,-1.2943655252456665,1.0,0.0
FT720P_MBP1314_IPHONE7F_id5_s0_15.png,1,VALID,-0.30126953,0.6035156,-0.03225708,-1.3297431,LCC-FASD external-dev / cross-domain stress set,-1.2943655252456665,0.0,1.0
FT720P_MBP1314_IPHONE7F_id5_s0_30.png,1,VALID,-0.15698242,0.3984375,-0.025939941,-1.0587234,LCC-FASD external-dev / cross-domain stress set,-1.2943655252456665,1.0,0.0
FT720P_MBP1314_IPHONE7F_id5_s0_45.png,1,VALID,-0.22619629,0.44433594,-0.025054932,-1.1562757,LCC-FASD external-dev / cross-domain stress set,-1.2943655252456665,1.0,0.0
FT720P_MBP1314_IPHONE7F_id5_s0_60.png,1,VALID,-0.21142578,0.36865234,0.03213501,-1.1190557,LCC-FASD external-dev / cross-domain stress set,-1.2943655252456665,1.0,0.0
FT720P_MBP1314_IPHONE7F_id5_s0_75.png,1,VALID,-0.23156738,0.39575195,0.042022705,-1.1591616,LCC-FASD external-dev / cross-domain stress set,-1.2943655252456665,1.0,0.0
FT720P_MBP1314_IPHONE7F_id5_s0_90.png,1,VALID,-0.30615234,0.5029297,0.012619019,-1.2868282,LCC-FASD external-dev / cross-domain stress set,-1.2943655252456665,1.0,0.0
FT720P_MBP1314_IPHONE7F_id5_s0_105.png,1,VALID,-0.22558594,0.43115234,0.020568848,-1.1655197,LCC-FASD external-dev / cross-domain stress set,-1.2943655252456665,1.0,0.0
FT720P_MBP1314_IPHONE7F_id5_s0_120.png,1,VALID,-0.30151367,0.42114258,0.06640625,-1.2540832,LCC-FASD external-dev / cross-domain stress set,-1.2943655252456665,1.0,0.0
FT720P_MBP1314_IPHONE7F_id5_s0_135.png,1,VALID,-0.32641602,0.54589844,0.021316528,-1.3371816,LCC-FASD external-dev / cross-domain stress set,-1.2943655252456665,0.0,1.0
FT720P_MBP1314_IPHONE7F_id5_s0_150.png,1,VALID,-0.42578125,0.5786133,0.07537842,-1.4772515,LCC-FASD external-dev / cross-domain stress set,-1.2943655252456665,0.0,1.0
FT720P_MBP1314_IPHONE7F_id5_s1_15.png,1,VALID,-0.765625,1.2001953,0.072509766,-2.2463129,LCC-FASD external-dev / cross-domain stress set,-1.2943655252456665,0.0,1.0
FT720P_MBP1314_IPHONE7F_id5_s1_30.png,1,VALID,-0.57666016,0.9453125,0.045898438,-1.8632959,LCC-FASD external-dev / cross-domain stress set,-1.2943655252456665,0.0,1.0
FT720P_MBP1314_IPHONE7F_id5_s1_45.png,1,VALID,-0.83447266,1.2128906,0.12658691,-2.3381367,LCC-FASD external-dev / cross-domain stress set,-1.2943655252456665,0.0,1.0
FT720P_MBP1314_IPHONE7F_id5_s1_60.png,1,VALID,-0.91552734,1.1835938,0.21313477,-2.4204137,LCC-FASD external-dev / cross-domain stress set,-1.2943655252456665,0.0,1.0
FT720P_MBP1314_IPHONE7F_id5_s1_75.png,1,VALID,-0.9765625,1.2089844,0.24841309,-2.5095663,LCC-FASD external-dev / cross-domain stress set,-1.2943655252456665,0.0,1.0
FT720P_MBP1314_IPHONE7F_id5_s1_90.png,1,VALID,-0.9326172,1.3251953,0.16101074,-2.5295002,LCC-FASD external-dev / cross-domain stress set,-1.2943655252456665,0.0,1.0
FT720P_MBP1314_IPHONE7F_id5_s1_105.png,1,VALID,-0.5991211,0.9667969,0.05429077,-1.9034729,LCC-FASD external-dev / cross-domain stress set,-1.2943655252456665,0.0,1.0
FT720P_MBP1314_IPHONE7F_id5_s1_120.png,1,VALID,-0.73339844,1.1123047,0.12988281,-2.1637228,LCC-FASD external-dev / cross-domain stress set,-1.2943655252456665,0.0,1.0
FT720P_MBP1314_IPHONE7F_id5_s1_135.png,1,VALID,-0.8383789,1.0957031,0.16967773,-2.2677827,LCC-FASD external-dev / cross-domain stress set,-1.2943655252456665,0.0,1.0
FT720P_MBP1314_IPHONE7F_id9_s0_15.png,1,VALID,-1.3681641,1.4921875,0.43530273,-3.15863,LCC-FASD external-dev / cross-domain stress set,-1.2943655252456665,0.0,1.0
FT720P_MBP1314_IPHONE7F_id9_s0_30.png,1,VALID,-1.3837891,1.53125,0.43652344,-3.2036939,LCC-FASD external-dev / cross-domain stress set,-1.2943655252456665,0.0,1.0
FT720P_MBP1314_IPHONE7F_id9_s0_45.png,1,VALID,-1.3867188,1.5800781,0.41088867,-3.237296,LCC-FASD external-dev / cross-domain stress set,-1.2943655252456665,0.0,1.0
FT720P_MBP1314_IPHONE7F_id9_s0_60.png,1,VALID,-1.46875,1.5830078,0.4934082,-3.3417006,LCC-FASD external-dev / cross-domain stress set,-1.2943655252456665,0.0,1.0
FT720P_MBP1314_IPHONE7F_id9_s0_75.png,1,VALID,-1.421875,1.5820312,0.45507812,-3.284578,LCC-FASD external-dev / cross-domain stress set,-1.2943655252456665,0.0,1.0
FT720P_MBP1314_IPHONE7F_id9_s0_90.png,1,VALID,-1.4902344,1.6943359,0.453125,-3.4384634,LCC-FASD external-dev / cross-domain stress set,-1.2943655252456665,0.0,1.0
FT720P_MBP1314_IPHONE7F_id9_s0_105.png,1,VALID,-1.5703125,1.7773438,0.47192383,-3.5875063,LCC-FASD external-dev / cross-domain stress set,-1.2943655252456665,0.0,1.0
FT720P_MBP1314_IPHONE7F_id9_s0_120.png,1,VALID,-1.4521484,1.6513672,0.4206543,-3.3597722,LCC-FASD external-dev / cross-domain stress set,-1.2943655252456665,0.0,1.0
FT720P_MBP1314_IPHONE7F_id9_s0_135.png,1,VALID,-1.4863281,1.7177734,0.41723633,-3.444995,LCC-FASD external-dev / cross-domain stress set,-1.2943655252456665,0.0,1.0
FT720P_MBP1314_IPHONE7F_id9_s0_150.png,1,VALID,-1.484375,1.6943359,0.46044922,-3.4342508,LCC-FASD external-dev / cross-domain stress set,-1.2943655252456665,0.0,1.0
FT720P_MBP1314_IPHONE7F_id12_s1_15.png,1,VALID,-0.9116211,1.1806641,0.15539551,-2.3988137,LCC-FASD external-dev / cross-domain stress set,-1.2943655252456665,0.0,1.0
FT720P_MBP1314_IPHONE7F_id12_s1_30.png,1,VALID,-0.7714844,1.1054688,0.07507324,-2.1821306,LCC-FASD external-dev / cross-domain stress set,-1.2943655252456665,0.0,1.0
FT720P_MBP1314_IPHONE7F_id12_s1_45.png,1,VALID,-0.71191406,1.0107422,0.075927734,-2.053871,LCC-FASD external-dev / cross-domain stress set,-1.2943655252456665,0.0,1.0
FT720P_MBP1314_IPHONE7F_id12_s1_60.png,1,VALID,-0.6386719,0.9135742,0.06945801,-1.9098766,LCC-FASD external-dev / cross-domain stress set,-1.2943655252456665,0.0,1.0
FT720P_MBP1314_IPHONE7F_id12_s1_75.png,1,VALID,-0.77685547,1.0751953,0.11090088,-2.1750412,LCC-FASD external-dev / cross-domain stress set,-1.2943655252456665,0.0,1.0
FT720P_MBP1314_IPHONE7F_id12_s1_90.png,1,VALID,-0.6196289,0.9267578,0.04977417,-1.894248,LCC-FASD external-dev / cross-domain stress set,-1.2943655252456665,0.0,1.0
FT720P_MBP1314_IPHONE7F_id12_s1_105.png,1,VALID,-0.93896484,1.1962891,0.14624023,-2.4352996,LCC-FASD external-dev / cross-domain stress set,-1.2943655252456665,0.0,1.0
FT720P_MBP1314_IPHONE7F_id12_s1_120.png,1,VALID,-0.8540039,1.1113281,0.13720703,-2.2856197,LCC-FASD external-dev / cross-domain stress set,-1.2943655252456665,0.0,1.0
FT720P_MBP1314_IPHONE7F_id12_s1_135.png,1,VALID,-0.8676758,1.0917969,0.15722656,-2.2907562,LCC-FASD external-dev / cross-domain stress set,-1.2943655252456665,0.0,1.0
FT720P_MBP1314_IPHONE7F_id12_s1_150.png,1,VALID,-0.6826172,0.98583984,0.07733154,-2.007159,LCC-FASD external-dev / cross-domain stress set,-1.2943655252456665,0.0,1.0
FT720P_MBP1314_IPHONE7F_id12_s2_15.png,1,VALID,-0.9086914,1.0800781,0.1920166,-2.3333888,LCC-FASD external-dev / cross-domain stress set,-1.2943655252456665,0.0,1.0
FT720P_MBP1314_IPHONE7F_id12_s2_30.png,1,VALID,-0.7373047,0.92822266,0.17407227,-2.0510688,LCC-FASD external-dev / cross-domain stress set,-1.2943655252456665,0.0,1.0
FT720P_MBP1314_IPHONE7F_id12_s2_45.png,1,VALID,-0.8623047,1.0068359,0.21044922,-2.2413628,LCC-FASD external-dev / cross-domain stress set,-1.2943655252456665,0.0,1.0
FT720P_MBP1314_IPHONE7F_id12_s2_60.png,1,VALID,-1.2304688,1.3554688,0.3544922,-2.8989367,LCC-FASD external-dev / cross-domain stress set,-1.2943655252456665,0.0,1.0
FT720P_MBP1314_IPHONE7F_id12_s2_75.png,1,VALID,-1.0712891,1.2958984,0.21594238,-2.6595664,LCC-FASD external-dev / cross-domain stress set,-1.2943655252456665,0.0,1.0
FT720P_MBP1314_IPHONE7F_id12_s2_90.png,1,VALID,-1.125,1.2783203,0.28637695,-2.7187552,LCC-FASD external-dev / cross-domain stress set,-1.2943655252456665,0.0,1.0
FT720P_MBP1314_IPHONE7F_id12_s2_105.png,1,VALID,-1.1035156,1.2890625,0.27661133,-2.7025063,LCC-FASD external-dev / cross-domain stress set,-1.2943655252456665,0.0,1.0
FT720P_MBP1314_IPHONE7F_id12_s2_120.png,1,VALID,-1.0058594,1.1933594,0.22583008,-2.5213175,LCC-FASD external-dev / cross-domain stress set,-1.2943655252456665,0.0,1.0
FT720P_MBP1314_IPHONE7F_id12_s2_135.png,1,VALID,-1.1201172,1.3144531,0.25463867,-2.7320938,LCC-FASD external-dev / cross-domain stress set,-1.2943655252456665,0.0,1.0
FT720P_MBP1314_IPHONE7F_id12_s2_150.png,1,VALID,-1.2236328,1.4130859,0.30126953,-2.921116,LCC-FASD external-dev / cross-domain stress set,-1.2943655252456665,0.0,1.0
FT720P_MBP1314_IPHONE8F_id0_s0_105.png,1,VALID,-0.8203125,1.453125,-0.060791016,-2.4723265,LCC-FASD external-dev / cross-domain stress set,-1.2943655252456665,0.0,1.0
FT720P_MBP1314_IPHONE7F_id0_s0_15.png,1,VALID,-0.07232666,0.8691406,-0.3713379,-1.1955247,LCC-FASD external-dev / cross-domain stress set,-1.2943655252456665,1.0,0.0
FT720P_MBP1314_IPHONE7F_id0_s0_30.png,1,VALID,-0.29052734,1.078125,-0.31030273,-1.5913696,LCC-FASD external-dev / cross-domain stress set,-1.2943655252456665,0.0,1.0
FT720P_MBP1314_IPHONE7F_id0_s0_45.png,1,VALID,-0.50390625,1.171875,-0.19458008,-1.9029243,LCC-FASD external-dev / cross-domain stress set,-1.2943655252456665,0.0,1.0
FT720P_MBP1314_IPHONE7F_id0_s0_60.png,1,VALID,-0.29296875,0.9584961,-0.2253418,-1.5185118,LCC-FASD external-dev / cross-domain stress set,-1.2943655252456665,0.0,1.0
FT720P_MBP1314_IPHONE7F_id0_s0_75.png,1,VALID,-0.42529297,1.1005859,-0.21850586,-1.7628292,LCC-FASD external-dev / cross-domain stress set,-1.2943655252456665,0.0,1.0
FT720P_MBP1314_IPHONE7F_id0_s0_90.png,1,VALID,-0.3984375,1.0380859,-0.19580078,-1.6920635,LCC-FASD external-dev / cross-domain stress set,-1.2943655252456665,0.0,1.0
FT720P_MBP1314_IPHONE7F_id0_s0_120.png,1,VALID,-0.36376953,1.0927734,-0.25927734,-1.6866298,LCC-FASD external-dev / cross-domain stress set,-1.2943655252456665,0.0,1.0
FT720P_MBP1314_IPHONE7F_id0_s0_135.png,1,VALID,-0.36645508,1.1025391,-0.28271484,-1.6923459,LCC-FASD external-dev / cross-domain stress set,-1.2943655252456665,0.0,1.0
FT720P_MBP1314_IPHONE7F_id0_s0_150.png,1,VALID,-0.00793457,0.7939453,-0.40698242,-1.0649476,LCC-FASD external-dev / cross-domain stress set,-1.2943655252456665,1.0,0.0
FT720P_MBP1314_IPHONE7F_id0_s1_15.png,1,VALID,-0.67871094,1.4394531,-0.1730957,-2.2999678,LCC-FASD external-dev / cross-domain stress set,-1.2943655252456665,0.0,1.0
FT720P_MBP1314_IPHONE7F_id0_s1_30.png,1,VALID,-0.34472656,1.0283203,-0.22131348,-1.6250576,LCC-FASD external-dev / cross-domain stress set,-1.2943655252456665,0.0,1.0
FT720P_MBP1314_IPHONE7F_id0_s1_45.png,1,VALID,-0.4921875,1.1826172,-0.19116211,-1.9004638,LCC-FASD external-dev / cross-domain stress set,-1.2943655252456665,0.0,1.0
FT720P_MBP1314_IPHONE7F_id0_s1_60.png,1,VALID,-0.81396484,1.5302734,-0.1015625,-2.5228615,LCC-FASD external-dev / cross-domain stress set,-1.2943655252456665,0.0,1.0
FT720P_MBP1314_IPHONE7F_id0_s1_75.png,1,VALID,-0.81103516,1.5302734,-0.10064697,-2.5200815,LCC-FASD external-dev / cross-domain stress set,-1.2943655252456665,0.0,1.0
FT720P_MBP1314_IPHONE7F_id0_s1_90.png,1,VALID,-0.59228516,1.4257812,-0.2331543,-2.1923065,LCC-FASD external-dev / cross-domain stress set,-1.2943655252456665,0.0,1.0
FT720P_MBP1314_IPHONE7F_id0_s1_105.png,1,VALID,-0.8305664,1.5537109,-0.10681152,-2.558264,LCC-FASD external-dev / cross-domain stress set,-1.2943655252456665,0.0,1.0
FT720P_MBP1314_IPHONE7F_id0_s1_120.png,1,VALID,-0.6347656,1.4960938,-0.22436523,-2.2955122,LCC-FASD external-dev / cross-domain stress set,-1.2943655252456665,0.0,1.0
FT720P_MBP1314_IPHONE7F_id0_s1_135.png,1,VALID,-0.4519043,1.1669922,-0.23657227,-1.8386098,LCC-FASD external-dev / cross-domain stress set,-1.2943655252456665,0.0,1.0
FT720P_MBP1314_IPHONE7F_id0_s1_150.png,1,VALID,-0.8100586,1.4794922,-0.07318115,-2.4815598,LCC-FASD external-dev / cross-domain stress set,-1.2943655252456665,0.0,1.0
FT720P_MBP1314_IPHONE7F_id0_s2_15.png,1,VALID,-0.8466797,1.3554688,0.010948181,-2.4337876,LCC-FASD external-dev / cross-domain stress set,-1.2943655252456665,0.0,1.0
FT720P_MBP1314_IPHONE7F_id0_s2_30.png,1,VALID,-0.93115234,1.3964844,0.04385376,-2.5576043,LCC-FASD external-dev / cross-domain stress set,-1.2943655252456665,0.0,1.0
FT720P_MBP1314_IPHONE7F_id0_s2_45.png,1,VALID,-0.9428711,1.5322266,-0.042144775,-2.6633496,LCC-FASD external-dev / cross-domain stress set,-1.2943655252456665,0.0,1.0
FT720P_MBP1314_IPHONE7F_id0_s2_60.png,1,VALID,-0.5317383,1.0869141,-0.1005249,-1.8848565,LCC-FASD external-dev / cross-domain stress set,-1.2943655252456665,0.0,1.0
FT720P_MBP1314_IPHONE7F_id0_s2_75.png,1,VALID,-0.47216797,1.1503906,-0.22338867,-1.8482177,LCC-FASD external-dev / cross-domain stress set,-1.2943655252456665,0.0,1.0
FT720P_MBP1314_IPHONE7F_id0_s2_90.png,1,VALID,-1.1240234,1.5507812,0.16503906,-2.8980587,LCC-FASD external-dev / cross-domain stress set,-1.2943655252456665,0.0,1.0
FT720P_MBP1314_IPHONE7F_id0_s2_105.png,1,VALID,-1.0244141,1.4667969,0.06225586,-2.7107317,LCC-FASD external-dev / cross-domain stress set,-1.2943655252456665,0.0,1.0
FT720P_MBP1314_IPHONE7F_id0_s2_120.png,1,VALID,-0.8388672,1.3232422,-0.025680542,-2.39284,LCC-FASD external-dev / cross-domain stress set,-1.2943655252456665,0.0,1.0
FT720P_MBP1314_IPHONE7F_id0_s2_135.png,1,VALID,-0.42871094,1.1123047,-0.27075195,-1.7648076,LCC-FASD external-dev / cross-domain stress set,-1.2943655252456665,0.0,1.0
FT720P_MBP1314_IPHONE7F_id0_s2_150.png,1,VALID,-1.0683594,1.3857422,0.16320801,-2.712213,LCC-FASD external-dev / cross-domain stress set,-1.2943655252456665,0.0,1.0
FT720P_MBP1314_IPHONE7F_id0_s3_15.png,1,VALID,-1.4873047,2.0585938,0.13574219,-3.6823413,LCC-FASD external-dev / cross-domain stress set,-1.2943655252456665,0.0,1.0
FT720P_MBP1314_IPHONE7F_id0_s3_30.png,1,VALID,-1.3476562,1.8056641,0.20837402,-3.3376768,LCC-FASD external-dev / cross-domain stress set,-1.2943655252456665,0.0,1.0
FT720P_MBP1314_IPHONE7F_id0_s3_45.png,1,VALID,-1.6591797,2.0976562,0.26953125,-3.9058719,LCC-FASD external-dev / cross-domain stress set,-1.2943655252456665,0.0,1.0
FT720P_MBP1314_IPHONE7F_id0_s3_60.png,1,VALID,-1.3935547,1.8496094,0.22290039,-3.4226277,LCC-FASD external-dev / cross-domain stress set,-1.2943655252456665,0.0,1.0
FT720P_MBP1314_IPHONE7F_id0_s3_75.png,1,VALID,-1.1367188,1.6445312,0.105529785,-2.9756608,LCC-FASD external-dev / cross-domain stress set,-1.2943655252456665,0.0,1.0
FT720P_MBP1314_IPHONE7F_id0_s3_90.png,1,VALID,-1.3652344,1.8017578,0.20581055,-3.351575,LCC-FASD external-dev / cross-domain stress set,-1.2943655252456665,0.0,1.0
FT720P_MBP1314_IPHONE7F_id0_s3_105.png,1,VALID,-1.3457031,1.9677734,0.07293701,-3.4535367,LCC-FASD external-dev / cross-domain stress set,-1.2943655252456665,0.0,1.0
FT720P_MBP1314_IPHONE7F_id0_s3_120.png,1,VALID,-1.1523438,1.71875,0.06112671,-3.045544,LCC-FASD external-dev / cross-domain stress set,-1.2943655252456665,0.0,1.0
FT720P_MBP1314_IPHONE7F_id0_s3_135.png,1,VALID,-1.3066406,1.8212891,0.09814453,-3.2921755,LCC-FASD external-dev / cross-domain stress set,-1.2943655252456665,0.0,1.0
FT720P_MBP1314_IPHONE7F_id0_s3_150.png,1,VALID,-1.2207031,1.7285156,0.095825195,-3.1277022,LCC-FASD external-dev / cross-domain stress set,-1.2943655252456665,0.0,1.0
FT720P_MBP1314_IPHONE7F_id12_s0_15.png,1,VALID,-0.8803711,1.2451172,0.08111572,-2.3972197,LCC-FASD external-dev / cross-domain stress set,-1.2943655252456665,0.0,1.0
FT720P_MBP1314_IPHONE7F_id12_s0_30.png,1,VALID,-1.125,1.421875,0.23474121,-2.8131504,LCC-FASD external-dev / cross-domain stress set,-1.2943655252456665,0.0,1.0
FT720P_MBP1314_IPHONE7F_id12_s0_45.png,1,VALID,-0.89941406,1.1464844,0.17419434,-2.3666883,LCC-FASD external-dev / cross-domain stress set,-1.2943655252456665,0.0,1.0
FT720P_MBP1314_IPHONE7F_id12_s0_60.png,1,VALID,-0.9560547,1.1572266,0.23010254,-2.4466703,LCC-FASD external-dev / cross-domain stress set,-1.2943655252456665,0.0,1.0
FT720P_MBP1314_IPHONE7F_id12_s0_75.png,1,VALID,-0.9477539,1.2167969,0.18151855,-2.4684463,LCC-FASD external-dev / cross-domain stress set,-1.2943655252456665,0.0,1.0
FT720P_MBP1314_IPHONE7F_id12_s0_90.png,1,VALID,-0.9873047,1.2363281,0.22338867,-2.533431,LCC-FASD external-dev / cross-domain stress set,-1.2943655252456665,0.0,1.0
FT720P_MBP1314_IPHONE7F_id12_s0_105.png,1,VALID,-0.80322266,1.0234375,0.1529541,-2.1764357,LCC-FASD external-dev / cross-domain stress set,-1.2943655252456665,0.0,1.0
FT720P_MBP1314_IPHONE7F_id12_s0_120.png,1,VALID,-0.9296875,1.1464844,0.20837402,-2.4064584,LCC-FASD external-dev / cross-domain stress set,-1.2943655252456665,0.0,1.0
FT720P_MBP1314_IPHONE7F_id12_s0_135.png,1,VALID,-0.8041992,0.9975586,0.16516113,-2.1629262,LCC-FASD external-dev / cross-domain stress set,-1.2943655252456665,0.0,1.0
FT720P_MBP1314_IPHONE7F_id12_s0_150.png,1,VALID,-0.5991211,0.8432617,0.11035156,-1.8347685,LCC-FASD external-dev / cross-domain stress set,-1.2943655252456665,0.0,1.0
FT720P_MBP1314_IPHONE7B_id5_s0_15.png,1,VALID,-0.30517578,0.6386719,-0.078125,-1.3414915,LCC-FASD external-dev / cross-domain stress set,-1.2943655252456665,0.0,1.0
FT720P_MBP1314_IPHONE7B_id5_s0_30.png,1,VALID,-0.06213379,0.43041992,-0.16015625,-0.9333911,LCC-FASD external-dev / cross-domain stress set,-1.2943655252456665,1.0,0.0
FT720P_MBP1314_IPHONE7B_id5_s0_45.png,1,VALID,0.1060791,0.21057129,-0.14318848,-0.6363218,LCC-FASD external-dev / cross-domain stress set,-1.2943655252456665,1.0,0.0
FT720P_MBP1314_IPHONE7B_id5_s0_60.png,1,VALID,-0.09124756,0.5185547,-0.14904785,-1.023855,LCC-FASD external-dev / cross-domain stress set,-1.2943655252456665,1.0,0.0
FT720P_MBP1314_IPHONE7B_id5_s0_75.png,1,VALID,-0.24108887,0.56689453,-0.12768555,-1.2129711,LCC-FASD external-dev / cross-domain stress set,-1.2943655252456665,1.0,0.0
FT720P_MBP1314_IPHONE7B_id5_s0_90.png,1,VALID,-0.4038086,0.71875,-0.056396484,-1.5014307,LCC-FASD external-dev / cross-domain stress set,-1.2943655252456665,0.0,1.0
FT720P_MBP1314_IPHONE7B_id5_s0_105.png,1,VALID,0.12658691,0.1373291,-0.11853027,-0.58412045,LCC-FASD external-dev / cross-domain stress set,-1.2943655252456665,1.0,0.0
FT720P_MBP1314_IPHONE7B_id5_s0_120.png,1,VALID,-0.11590576,0.46777344,-0.10632324,-1.0304227,LCC-FASD external-dev / cross-domain stress set,-1.2943655252456665,1.0,0.0
FT720P_MBP1314_IPHONE7B_id5_s0_135.png,1,VALID,-0.10827637,0.4951172,-0.13684082,-1.0296738,LCC-FASD external-dev / cross-domain stress set,-1.2943655252456665,1.0,0.0
FT720P_MBP1314_IPHONE7B_id5_s0_150.png,1,VALID,-0.15161133,0.51416016,-0.11810303,-1.0919459,LCC-FASD external-dev / cross-domain stress set,-1.2943655252456665,1.0,0.0
FT720P_MBP1314_IPHONE7B_id9_s0_15.png,1,VALID,-1.3417969,1.5673828,0.36035156,-3.1708388,LCC-FASD external-dev / cross-domain stress set,-1.2943655252456665,0.0,1.0
FT720P_MBP1314_IPHONE7B_id9_s0_30.png,1,VALID,-1.1748047,1.3837891,0.25708008,-2.8393254,LCC-FASD external-dev / cross-domain stress set,-1.2943655252456665,0.0,1.0
FT720P_MBP1314_IPHONE7B_id9_s0_45.png,1,VALID,-1.2773438,1.5302734,0.29052734,-3.0618389,LCC-FASD external-dev / cross-domain stress set,-1.2943655252456665,0.0,1.0
FT720P_MBP1314_IPHONE7B_id9_s0_60.png,1,VALID,-1.3339844,1.5683594,0.32788086,-3.1564012,LCC-FASD external-dev / cross-domain stress set,-1.2943655252456665,0.0,1.0
FT720P_MBP1314_IPHONE7B_id9_s0_75.png,1,VALID,-1.4238281,1.5732422,0.42871094,-3.2734687,LCC-FASD external-dev / cross-domain stress set,-1.2943655252456665,0.0,1.0
FT720P_MBP1314_IPHONE7B_id9_s0_90.png,1,VALID,-1.4746094,1.6914062,0.43676758,-3.4169135,LCC-FASD external-dev / cross-domain stress set,-1.2943655252456665,0.0,1.0
FT720P_MBP1314_IPHONE7B_id9_s0_105.png,1,VALID,-1.171875,1.3486328,0.30981445,-2.8234768,LCC-FASD external-dev / cross-domain stress set,-1.2943655252456665,0.0,1.0
FT720P_MBP1314_IPHONE7B_id9_s0_120.png,1,VALID,-1.4423828,1.6972656,0.36889648,-3.3746486,LCC-FASD external-dev / cross-domain stress set,-1.2943655252456665,0.0,1.0
FT720P_MBP1314_IPHONE7B_id9_s0_135.png,1,VALID,-1.4384766,1.6386719,0.41992188,-3.336122,LCC-FASD external-dev / cross-domain stress set,-1.2943655252456665,0.0,1.0
FT720P_MBP1314_IPHONE7B_id9_s0_150.png,1,VALID,-1.421875,1.5400391,0.45117188,-3.2520413,LCC-FASD external-dev / cross-domain stress set,-1.2943655252456665,0.0,1.0
FT720P_MBP1314_IPHONE7B_id12_s0_15.png,1,VALID,-0.94433594,1.3867188,0.0982666,-2.5745475,LCC-FASD external-dev / cross-domain stress set,-1.2943655252456665,0.0,1.0
FT720P_MBP1314_IPHONE7B_id12_s0_30.png,1,VALID,-0.7441406,1.0849609,0.08691406,-2.142889,LCC-FASD external-dev / cross-domain stress set,-1.2943655252456665,0.0,1.0
FT720P_MBP1314_IPHONE7B_id12_s0_45.png,1,VALID,-0.7861328,1.0263672,0.13330078,-2.155663,LCC-FASD external-dev / cross-domain stress set,-1.2943655252456665,0.0,1.0
FT720P_MBP1314_IPHONE7B_id12_s0_60.png,1,VALID,-0.7128906,1.0009766,0.1126709,-2.0584154,LCC-FASD external-dev / cross-domain stress set,-1.2943655252456665,0.0,1.0
FT720P_MBP1314_IPHONE7B_id12_s0_75.png,1,VALID,-0.5214844,0.7885742,0.037322998,-1.6965283,LCC-FASD external-dev / cross-domain stress set,-1.2943655252456665,0.0,1.0
FT720P_MBP1314_IPHONE7B_id12_s0_90.png,1,VALID,-0.72802734,1.0361328,0.09991455,-2.0949793,LCC-FASD external-dev / cross-domain stress set,-1.2943655252456665,0.0,1.0
FT720P_MBP1314_IPHONE7B_id12_s0_150.png,1,VALID,-0.96972656,1.2939453,0.13769531,-2.537253,LCC-FASD external-dev / cross-domain stress set,-1.2943655252456665,0.0,1.0
FT720P_MBP1314_IPHONE7B_id12_s1_15.png,1,VALID,-1.109375,1.4667969,0.15319824,-2.8142834,LCC-FASD external-dev / cross-domain stress set,-1.2943655252456665,0.0,1.0
FT720P_MBP1314_IPHONE7B_id12_s1_30.png,1,VALID,-0.98876953,1.2949219,0.13720703,-2.556922,LCC-FASD external-dev / cross-domain stress set,-1.2943655252456665,0.0,1.0
FT720P_MBP1314_IPHONE7B_id12_s1_45.png,1,VALID,-1.0869141,1.375,0.17321777,-2.7247844,LCC-FASD external-dev / cross-domain stress set,-1.2943655252456665,0.0,1.0
FT720P_MBP1314_IPHONE7B_id12_s1_60.png,1,VALID,-1.0175781,1.3046875,0.16125488,-2.5989294,LCC-FASD external-dev / cross-domain stress set,-1.2943655252456665,0.0,1.0
FT720P_MBP1314_IPHONE7B_id12_s1_75.png,1,VALID,-0.9082031,1.2734375,0.09259033,-2.4493892,LCC-FASD external-dev / cross-domain stress set,-1.2943655252456665,0.0,1.0
FT720P_MBP1314_IPHONE7B_id12_s1_90.png,1,VALID,-1.0292969,1.4072266,0.10827637,-2.6777568,LCC-FASD external-dev / cross-domain stress set,-1.2943655252456665,0.0,1.0
FT720P_MBP1314_IPHONE7B_id12_s1_105.png,1,VALID,-0.8515625,1.2177734,0.0491333,-2.3399653,LCC-FASD external-dev / cross-domain stress set,-1.2943655252456665,0.0,1.0
FT720P_MBP1314_IPHONE7B_id12_s1_120.png,1,VALID,-1.0361328,1.3896484,0.1361084,-2.676923,LCC-FASD external-dev / cross-domain stress set,-1.2943655252456665,0.0,1.0
FT720P_MBP1314_IPHONE7B_id12_s1_135.png,1,VALID,-1.0615234,1.3994141,0.15637207,-2.7144203,LCC-FASD external-dev / cross-domain stress set,-1.2943655252456665,0.0,1.0
FT720P_MBP1314_IPHONE7B_id12_s1_150.png,1,VALID,-1.0488281,1.4169922,0.14440918,-2.712764,LCC-FASD external-dev / cross-domain stress set,-1.2943655252456665,0.0,1.0
FT720P_MBP1314_IPHONE7B_id12_s2_15.png,1,VALID,-1.1083984,1.3164062,0.26245117,-2.7238395,LCC-FASD external-dev / cross-domain stress set,-1.2943655252456665,0.0,1.0
FT720P_MBP1314_IPHONE7B_id12_s2_30.png,1,VALID,-0.6665039,0.83447266,0.12512207,-1.9010696,LCC-FASD external-dev / cross-domain stress set,-1.2943655252456665,0.0,1.0
FT720P_MBP1314_IPHONE7B_id12_s2_45.png,1,VALID,-0.9291992,1.0869141,0.22155762,-2.367405,LCC-FASD external-dev / cross-domain stress set,-1.2943655252456665,0.0,1.0
FT720P_MBP1314_IPHONE7B_id12_s2_60.png,1,VALID,-1.0761719,1.2880859,0.23950195,-2.6646836,LCC-FASD external-dev / cross-domain stress set,-1.2943655252456665,0.0,1.0
FT720P_MBP1314_IPHONE7B_id12_s2_75.png,1,VALID,-1.0126953,1.2363281,0.21496582,-2.5565846,LCC-FASD external-dev / cross-domain stress set,-1.2943655252456665,0.0,1.0
FT720P_MBP1314_IPHONE7B_id12_s2_90.png,1,VALID,-0.95214844,1.1416016,0.21508789,-2.4273121,LCC-FASD external-dev / cross-domain stress set,-1.2943655252456665,0.0,1.0
FT720P_MBP1314_IPHONE7B_id12_s2_105.png,1,VALID,-1.0429688,1.1474609,0.28222656,-2.5417573,LCC-FASD external-dev / cross-domain stress set,-1.2943655252456665,0.0,1.0
FT720P_MBP1314_IPHONE7B_id12_s2_120.png,1,VALID,-0.8129883,1.0283203,0.15148926,-2.1892147,LCC-FASD external-dev / cross-domain stress set,-1.2943655252456665,0.0,1.0
FT720P_MBP1314_IPHONE7B_id12_s2_135.png,1,VALID,-1.0351562,1.2607422,0.21472168,-2.59699,LCC-FASD external-dev / cross-domain stress set,-1.2943655252456665,0.0,1.0
FT720P_MBP1314_IPHONE7B_id12_s2_150.png,1,VALID,-1.1835938,1.4306641,0.26000977,-2.8844101,LCC-FASD external-dev / cross-domain stress set,-1.2943655252456665,0.0,1.0
FT720P_MBP1314_IPHONE7F_id0_s0_105.png,1,VALID,-0.4309082,1.0664062,-0.21203613,-1.742979,LCC-FASD external-dev / cross-domain stress set,-1.2943655252456665,0.0,1.0
FT720P_MBP1314_IPHONE6SF_id9_s0_15.png,1,VALID,-1.5380859,1.7734375,0.44677734,-3.5468817,LCC-FASD external-dev / cross-domain stress set,-1.2943655252456665,0.0,1.0
FT720P_MBP1314_IPHONE6SF_id9_s0_30.png,1,VALID,-1.4785156,1.7587891,0.40698242,-3.4674416,LCC-FASD external-dev / cross-domain stress set,-1.2943655252456665,0.0,1.0
FT720P_MBP1314_IPHONE6SF_id9_s0_45.png,1,VALID,-1.5849609,1.8554688,0.44995117,-3.659758,LCC-FASD external-dev / cross-domain stress set,-1.2943655252456665,0.0,1.0
FT720P_MBP1314_IPHONE6SF_id9_s0_60.png,1,VALID,-1.4619141,1.75,0.35742188,-3.433804,LCC-FASD external-dev / cross-domain stress set,-1.2943655252456665,0.0,1.0
FT720P_MBP1314_IPHONE6SF_id9_s0_75.png,1,VALID,-1.4033203,1.6923828,0.34033203,-3.32579,LCC-FASD external-dev / cross-domain stress set,-1.2943655252456665,0.0,1.0
FT720P_MBP1314_IPHONE6SF_id9_s0_90.png,1,VALID,-1.4345703,1.6875,0.35253906,-3.3556936,LCC-FASD external-dev / cross-domain stress set,-1.2943655252456665,0.0,1.0
FT720P_MBP1314_IPHONE6SF_id9_s0_150.png,1,VALID,-1.6201172,1.9501953,0.41015625,-3.7645402,LCC-FASD external-dev / cross-domain stress set,-1.2943655252456665,0.0,1.0
FT720P_MBP1314_IPHONE7B_id0_s0_15.png,1,VALID,-0.45751953,1.1474609,-0.22131348,-1.8316526,LCC-FASD external-dev / cross-domain stress set,-1.2943655252456665,0.0,1.0
FT720P_MBP1314_IPHONE7B_id0_s0_30.png,1,VALID,-0.5385742,1.1894531,-0.17504883,-1.9555676,LCC-FASD external-dev / cross-domain stress set,-1.2943655252456665,0.0,1.0
FT720P_MBP1314_IPHONE7B_id0_s0_45.png,1,VALID,-0.20861816,0.9892578,-0.3388672,-1.4329273,LCC-FASD external-dev / cross-domain stress set,-1.2943655252456665,0.0,1.0
FT720P_MBP1314_IPHONE7B_id0_s0_60.png,1,VALID,-0.08911133,0.91845703,-0.41015625,-1.2425174,LCC-FASD external-dev / cross-domain stress set,-1.2943655252456665,1.0,0.0
FT720P_MBP1314_IPHONE7B_id0_s0_75.png,1,VALID,0.09680176,0.7163086,-0.44018555,-0.89302945,LCC-FASD external-dev / cross-domain stress set,-1.2943655252456665,1.0,0.0
FT720P_MBP1314_IPHONE7B_id0_s0_90.png,1,VALID,-0.4375,1.0097656,-0.16516113,-1.716408,LCC-FASD external-dev / cross-domain stress set,-1.2943655252456665,0.0,1.0
FT720P_MBP1314_IPHONE7B_id0_s0_105.png,1,VALID,0.18554688,0.69970703,-0.5097656,-0.77525795,LCC-FASD external-dev / cross-domain stress set,-1.2943655252456665,1.0,0.0
FT720P_MBP1314_IPHONE7B_id0_s0_120.png,1,VALID,-0.09802246,0.87841797,-0.36254883,-1.2303883,LCC-FASD external-dev / cross-domain stress set,-1.2943655252456665,1.0,0.0
FT720P_MBP1314_IPHONE7B_id0_s0_135.png,1,VALID,-0.2854004,1.0380859,-0.3215332,-1.5520222,LCC-FASD external-dev / cross-domain stress set,-1.2943655252456665,0.0,1.0
FT720P_MBP1314_IPHONE7B_id0_s0_150.png,1,VALID,-0.14929199,0.91552734,-0.3449707,-1.3144201,LCC-FASD external-dev / cross-domain stress set,-1.2943655252456665,0.0,1.0
FT720P_MBP1314_IPHONE7B_id0_s1_15.png,1,VALID,-0.82128906,1.7324219,-0.20263672,-2.6886053,LCC-FASD external-dev / cross-domain stress set,-1.2943655252456665,0.0,1.0
FT720P_MBP1314_IPHONE7B_id0_s1_30.png,1,VALID,-0.7426758,1.6416016,-0.22973633,-2.52744,LCC-FASD external-dev / cross-domain stress set,-1.2943655252456665,0.0,1.0
FT720P_MBP1314_IPHONE7B_id0_s1_45.png,1,VALID,-0.7001953,1.4394531,-0.13256836,-2.328304,LCC-FASD external-dev / cross-domain stress set,-1.2943655252456665,0.0,1.0
FT720P_MBP1314_IPHONE7B_id0_s1_60.png,1,VALID,-0.31713867,1.1982422,-0.36108398,-1.7062306,LCC-FASD external-dev / cross-domain stress set,-1.2943655252456665,0.0,1.0
FT720P_MBP1314_IPHONE7B_id0_s1_75.png,1,VALID,-0.31152344,1.1542969,-0.3635254,-1.664006,LCC-FASD external-dev / cross-domain stress set,-1.2943655252456665,0.0,1.0
FT720P_MBP1314_IPHONE7B_id0_s1_90.png,1,VALID,-0.5180664,1.3857422,-0.29125977,-2.0751817,LCC-FASD external-dev / cross-domain stress set,-1.2943655252456665,0.0,1.0
FT720P_MBP1314_IPHONE7B_id0_s1_105.png,1,VALID,-0.75097656,1.5410156,-0.17175293,-2.4578166,LCC-FASD external-dev / cross-domain stress set,-1.2943655252456665,0.0,1.0
FT720P_MBP1314_IPHONE7B_id0_s1_120.png,1,VALID,-1.0195312,1.71875,-0.046966553,-2.896194,LCC-FASD external-dev / cross-domain stress set,-1.2943655252456665,0.0,1.0
FT720P_MBP1314_IPHONE7B_id0_s1_135.png,1,VALID,-0.55908203,1.4238281,-0.26831055,-2.1519146,LCC-FASD external-dev / cross-domain stress set,-1.2943655252456665,0.0,1.0
FT720P_MBP1314_IPHONE7B_id0_s1_150.png,1,VALID,-0.3955078,1.2695312,-0.34350586,-1.8467617,LCC-FASD external-dev / cross-domain stress set,-1.2943655252456665,0.0,1.0
FT720P_MBP1314_IPHONE7B_id0_s2_15.png,1,VALID,-0.88134766,1.3769531,-0.04574585,-2.4742687,LCC-FASD external-dev / cross-domain stress set,-1.2943655252456665,0.0,1.0
FT720P_MBP1314_IPHONE7B_id0_s2_30.png,1,VALID,-0.59277344,1.0986328,-0.07897949,-1.9599156,LCC-FASD external-dev / cross-domain stress set,-1.2943655252456665,0.0,1.0
FT720P_MBP1314_IPHONE7B_id0_s2_45.png,1,VALID,-0.41918945,1.1318359,-0.23352051,-1.7783917,LCC-FASD external-dev / cross-domain stress set,-1.2943655252456665,0.0,1.0
FT720P_MBP1314_IPHONE7B_id0_s2_60.png,1,VALID,-0.34204102,1.0517578,-0.26831055,-1.6305431,LCC-FASD external-dev / cross-domain stress set,-1.2943655252456665,0.0,1.0
FT720P_MBP1314_IPHONE7B_id0_s2_75.png,1,VALID,-0.47460938,1.2285156,-0.25268555,-1.9079942,LCC-FASD external-dev / cross-domain stress set,-1.2943655252456665,0.0,1.0
FT720P_MBP1314_IPHONE7B_id0_s2_90.png,1,VALID,-0.6586914,1.2324219,-0.07006836,-2.131589,LCC-FASD external-dev / cross-domain stress set,-1.2943655252456665,0.0,1.0
FT720P_MBP1314_IPHONE7B_id0_s2_105.png,1,VALID,-1.1699219,1.5322266,0.1472168,-2.925549,LCC-FASD external-dev / cross-domain stress set,-1.2943655252456665,0.0,1.0
FT720P_MBP1314_IPHONE7B_id0_s2_120.png,1,VALID,-1.328125,1.6123047,0.24804688,-3.1680195,LCC-FASD external-dev / cross-domain stress set,-1.2943655252456665,0.0,1.0
FT720P_MBP1314_IPHONE7B_id0_s2_135.png,1,VALID,-1.1748047,1.484375,0.20239258,-2.9040742,LCC-FASD external-dev / cross-domain stress set,-1.2943655252456665,0.0,1.0
FT720P_MBP1314_IPHONE7B_id0_s2_150.png,1,VALID,-1.0244141,1.5273438,0.03366089,-2.7543263,LCC-FASD external-dev / cross-domain stress set,-1.2943655252456665,0.0,1.0
FT720P_MBP1314_IPHONE7B_id0_s3_15.png,1,VALID,-1.4257812,2.0097656,0.12695312,-3.5771866,LCC-FASD external-dev / cross-domain stress set,-1.2943655252456665,0.0,1.0
FT720P_MBP1314_IPHONE7B_id0_s3_30.png,1,VALID,-1.3876953,1.8779297,0.18151855,-3.4339662,LCC-FASD external-dev / cross-domain stress set,-1.2943655252456665,0.0,1.0
FT720P_MBP1314_IPHONE7B_id0_s3_45.png,1,VALID,-1.4335938,1.8085938,0.23486328,-3.4305496,LCC-FASD external-dev / cross-domain stress set,-1.2943655252456665,0.0,1.0
FT720P_MBP1314_IPHONE7B_id0_s3_60.png,1,VALID,-1.5097656,2.0429688,0.22009277,-3.7024987,LCC-FASD external-dev / cross-domain stress set,-1.2943655252456665,0.0,1.0
FT720P_MBP1314_IPHONE7B_id0_s3_75.png,1,VALID,-1.2871094,1.8564453,0.12432861,-3.3064466,LCC-FASD external-dev / cross-domain stress set,-1.2943655252456665,0.0,1.0
FT720P_MBP1314_IPHONE7B_id0_s3_90.png,1,VALID,-1.3251953,1.8320312,0.13305664,-3.325171,LCC-FASD external-dev / cross-domain stress set,-1.2943655252456665,0.0,1.0
FT720P_MBP1314_IPHONE7B_id0_s3_105.png,1,VALID,-1.5351562,2.2148438,0.09844971,-3.863744,LCC-FASD external-dev / cross-domain stress set,-1.2943655252456665,0.0,1.0
FT720P_MBP1314_IPHONE7B_id0_s3_120.png,1,VALID,-1.5615234,2.2578125,0.09136963,-3.9278176,LCC-FASD external-dev / cross-domain stress set,-1.2943655252456665,0.0,1.0
FT720P_MBP1314_IPHONE7B_id0_s3_135.png,1,VALID,-1.3261719,1.7695312,0.15820312,-3.27771,LCC-FASD external-dev / cross-domain stress set,-1.2943655252456665,0.0,1.0
FT720P_MBP1314_IPHONE7B_id0_s3_150.png,1,VALID,-1.3427734,1.8730469,0.10534668,-3.3734436,LCC-FASD external-dev / cross-domain stress set,-1.2943655252456665,0.0,1.0
FT720P_MBP1314_IPHONE7B_id12_s0_105.png,1,VALID,-0.8442383,1.0908203,0.14440918,-2.2630172,LCC-FASD external-dev / cross-domain stress set,-1.2943655252456665,0.0,1.0
FT720P_MBP1314_IPHONE7B_id12_s0_120.png,1,VALID,-0.86572266,1.1582031,0.15979004,-2.3376145,LCC-FASD external-dev / cross-domain stress set,-1.2943655252456665,0.0,1.0
FT720P_MBP1314_IPHONE7B_id12_s0_135.png,1,VALID,-0.61572266,0.91064453,0.06317139,-1.8829896,LCC-FASD external-dev / cross-domain stress set,-1.2943655252456665,0.0,1.0
FT720P_MBP1314_IPHONE6SF_id0_s2_30.png,1,VALID,-1.1181641,1.8232422,-0.022857666,-3.0879724,LCC-FASD external-dev / cross-domain stress set,-1.2943655252456665,0.0,1.0
FT720P_MBP1314_IPHONE6SF_id0_s2_45.png,1,VALID,-1.4589844,1.8925781,0.2475586,-3.528041,LCC-FASD external-dev / cross-domain stress set,-1.2943655252456665,0.0,1.0
FT720P_MBP1314_IPHONE6SF_id0_s2_60.png,1,VALID,-1.2216797,1.9052734,0.017745972,-3.2679715,LCC-FASD external-dev / cross-domain stress set,-1.2943655252456665,0.0,1.0
FT720P_MBP1314_IPHONE6SF_id0_s2_75.png,1,VALID,-1.265625,1.6660156,0.18896484,-3.13728,LCC-FASD external-dev / cross-domain stress set,-1.2943655252456665,0.0,1.0
FT720P_MBP1314_IPHONE6SF_id0_s2_90.png,1,VALID,-0.91845703,1.5888672,-0.082458496,-2.6795936,LCC-FASD external-dev / cross-domain stress set,-1.2943655252456665,0.0,1.0
FT720P_MBP1314_IPHONE6SF_id0_s3_54.png,1,VALID,-1.3623047,1.9912109,0.13061523,-3.498118,LCC-FASD external-dev / cross-domain stress set,-1.2943655252456665,0.0,1.0
FT720P_MBP1314_IPHONE6SF_id0_s3_81.png,1,VALID,-1.6611328,2.234375,0.23950195,-4.0230484,LCC-FASD external-dev / cross-domain stress set,-1.2943655252456665,0.0,1.0
FT720P_MBP1314_IPHONE6SF_id0_s3_98.png,1,VALID,-1.4482422,1.9833984,0.17797852,-3.583851,LCC-FASD external-dev / cross-domain stress set,-1.2943655252456665,0.0,1.0
FT720P_MBP1314_IPHONE6SF_id0_s3_114.png,1,VALID,-1.5195312,2.1523438,0.13330078,-3.796552,LCC-FASD external-dev / cross-domain stress set,-1.2943655252456665,0.0,1.0
FT720P_MBP1314_IPHONE6SF_id0_s3_129.png,1,VALID,-1.5527344,2.1503906,0.18798828,-3.8346097,LCC-FASD external-dev / cross-domain stress set,-1.2943655252456665,0.0,1.0
FT720P_MBP1314_IPHONE6SF_id0_s3_144.png,1,VALID,-1.6123047,2.1523438,0.20288086,-3.8977365,LCC-FASD external-dev / cross-domain stress set,-1.2943655252456665,0.0,1.0
FT720P_MBP1314_IPHONE6SF_id0_s3_159.png,1,VALID,-1.2646484,1.9882812,0.005558014,-3.381933,LCC-FASD external-dev / cross-domain stress set,-1.2943655252456665,0.0,1.0
FT720P_MBP1314_IPHONE6SF_id0_s3_174.png,1,VALID,-1.4208984,2.0761719,0.095581055,-3.6263318,LCC-FASD external-dev / cross-domain stress set,-1.2943655252456665,0.0,1.0
FT720P_MBP1314_IPHONE6SF_id5_s0_15.png,1,VALID,-0.8442383,1.1572266,0.0925293,-2.297734,LCC-FASD external-dev / cross-domain stress set,-1.2943655252456665,0.0,1.0
FT720P_MBP1314_IPHONE6SF_id5_s0_30.png,1,VALID,-0.75097656,1.0585938,0.06793213,-2.1253521,LCC-FASD external-dev / cross-domain stress set,-1.2943655252456665,0.0,1.0
FT720P_MBP1314_IPHONE6SF_id5_s0_45.png,1,VALID,-0.7636719,1.1064453,0.04019165,-2.1659875,LCC-FASD external-dev / cross-domain stress set,-1.2943655252456665,0.0,1.0
FT720P_MBP1314_IPHONE6SF_id5_s0_60.png,1,VALID,-0.86279297,1.2197266,0.08642578,-2.3616416,LCC-FASD external-dev / cross-domain stress set,-1.2943655252456665,0.0,1.0
FT720P_MBP1314_IPHONE6SF_id5_s0_75.png,1,VALID,-0.7050781,1.0361328,0.08569336,-2.068045,LCC-FASD external-dev / cross-domain stress set,-1.2943655252456665,0.0,1.0
FT720P_MBP1314_IPHONE6SF_id5_s0_90.png,1,VALID,-0.72558594,1.0517578,0.08508301,-2.0996776,LCC-FASD external-dev / cross-domain stress set,-1.2943655252456665,0.0,1.0
FT720P_MBP1314_IPHONE6SF_id5_s0_105.png,1,VALID,-0.81933594,1.1904297,0.046905518,-2.2864075,LCC-FASD external-dev / cross-domain stress set,-1.2943655252456665,0.0,1.0
FT720P_MBP1314_IPHONE6SF_id5_s0_120.png,1,VALID,-0.6542969,1.0244141,0.031158447,-1.993791,LCC-FASD external-dev / cross-domain stress set,-1.2943655252456665,0.0,1.0
FT720P_MBP1314_IPHONE6SF_id5_s0_135.png,1,VALID,-0.8676758,1.1728516,0.12609863,-2.3414285,LCC-FASD external-dev / cross-domain stress set,-1.2943655252456665,0.0,1.0
FT720P_MBP1314_IPHONE6SF_id5_s0_150.png,1,VALID,-0.7866211,1.1816406,0.07385254,-2.2536578,LCC-FASD external-dev / cross-domain stress set,-1.2943655252456665,0.0,1.0
FT720P_MBP1314_IPHONE6SF_id9_s0_105.png,1,VALID,-1.5517578,1.8496094,0.39672852,-3.6115434,LCC-FASD external-dev / cross-domain stress set,-1.2943655252456665,0.0,1.0
FT720P_MBP1314_IPHONE6SF_id9_s0_120.png,1,VALID,-1.4921875,1.7724609,0.34350586,-3.4794042,LCC-FASD external-dev / cross-domain stress set,-1.2943655252456665,0.0,1.0
FT720P_MBP1314_IPHONE6SF_id9_s0_135.png,1,VALID,-1.4980469,1.7783203,0.36914062,-3.4949753,LCC-FASD external-dev / cross-domain stress set,-1.2943655252456665,0.0,1.0
FT720P_MBP1314_IPHONE6SF_id12_s0_15.png,1,VALID,-1.5068359,1.9960938,0.21203613,-3.6581843,LCC-FASD external-dev / cross-domain stress set,-1.2943655252456665,0.0,1.0
FT720P_MBP1314_IPHONE6SF_id12_s0_30.png,1,VALID,-1.3876953,1.8417969,0.1932373,-3.4053988,LCC-FASD external-dev / cross-domain stress set,-1.2943655252456665,0.0,1.0
FT720P_MBP1314_IPHONE6SF_id12_s0_45.png,1,VALID,-1.53125,1.9716797,0.24731445,-3.6669908,LCC-FASD external-dev / cross-domain stress set,-1.2943655252456665,0.0,1.0
FT720P_MBP1314_IPHONE6SF_id12_s0_60.png,1,VALID,-1.4121094,1.8378906,0.21435547,-3.4299858,LCC-FASD external-dev / cross-domain stress set,-1.2943655252456665,0.0,1.0
FT720P_MBP1314_IPHONE6SF_id12_s0_75.png,1,VALID,-1.4492188,1.9179688,0.21118164,-3.5339282,LCC-FASD external-dev / cross-domain stress set,-1.2943655252456665,0.0,1.0
FT720P_MBP1314_IPHONE6SF_id12_s0_90.png,1,VALID,-1.375,1.8173828,0.19934082,-3.3732755,LCC-FASD external-dev / cross-domain stress set,-1.2943655252456665,0.0,1.0
FT720P_MBP1314_IPHONE6SF_id12_s0_105.png,1,VALID,-1.3134766,1.7167969,0.19384766,-3.2275393,LCC-FASD external-dev / cross-domain stress set,-1.2943655252456665,0.0,1.0
FT720P_MBP1314_IPHONE6SF_id12_s0_120.png,1,VALID,-1.3681641,1.8320312,0.1616211,-3.3726094,LCC-FASD external-dev / cross-domain stress set,-1.2943655252456665,0.0,1.0
FT720P_MBP1314_IPHONE6SF_id12_s0_135.png,1,VALID,-1.3125,1.7265625,0.18066406,-3.2322583,LCC-FASD external-dev / cross-domain stress set,-1.2943655252456665,0.0,1.0
FT720P_MBP1314_IPHONE6SF_id12_s0_150.png,1,VALID,-1.4755859,1.8398438,0.26733398,-3.5040014,LCC-FASD external-dev / cross-domain stress set,-1.2943655252456665,0.0,1.0
FT720P_MBP1314_IPHONE6SF_id12_s1_15.png,1,VALID,-1.1083984,1.5439453,0.10070801,-2.864355,LCC-FASD external-dev / cross-domain stress set,-1.2943655252456665,0.0,1.0
FT720P_MBP1314_IPHONE6SF_id12_s1_30.png,1,VALID,-1.0585938,1.4628906,0.1027832,-2.7499204,LCC-FASD external-dev / cross-domain stress set,-1.2943655252456665,0.0,1.0
FT720P_MBP1314_IPHONE6SF_id12_s1_45.png,1,VALID,-1.2255859,1.6191406,0.17041016,-3.0556908,LCC-FASD external-dev / cross-domain stress set,-1.2943655252456665,0.0,1.0
FT720P_MBP1314_IPHONE6SF_id12_s1_60.png,1,VALID,-1.3242188,1.75,0.16894531,-3.2613273,LCC-FASD external-dev / cross-domain stress set,-1.2943655252456665,0.0,1.0
FT720P_MBP1314_IPHONE6SF_id12_s1_75.png,1,VALID,-1.2939453,1.6210938,0.22961426,-3.1371477,LCC-FASD external-dev / cross-domain stress set,-1.2943655252456665,0.0,1.0
FT720P_MBP1314_IPHONE6SF_id12_s1_90.png,1,VALID,-1.2705078,1.6982422,0.1694336,-3.1649694,LCC-FASD external-dev / cross-domain stress set,-1.2943655252456665,0.0,1.0
FT720P_MBP1314_IPHONE6SF_id12_s1_105.png,1,VALID,-1.2714844,1.6894531,0.17163086,-3.1591232,LCC-FASD external-dev / cross-domain stress set,-1.2943655252456665,0.0,1.0
FT720P_MBP1314_IPHONE6SF_id12_s1_120.png,1,VALID,-1.3564453,1.7011719,0.24511719,-3.2671926,LCC-FASD external-dev / cross-domain stress set,-1.2943655252456665,0.0,1.0
FT720P_MBP1314_IPHONE6SF_id12_s1_135.png,1,VALID,-1.1826172,1.515625,0.18762207,-2.933319,LCC-FASD external-dev / cross-domain stress set,-1.2943655252456665,0.0,1.0
FT720P_MBP1314_IPHONE6SF_id12_s1_150.png,1,VALID,-1.3037109,1.6728516,0.1920166,-3.1814995,LCC-FASD external-dev / cross-domain stress set,-1.2943655252456665,0.0,1.0
FT720P_MBP1314_IPHONE6SF_id12_s2_15.png,1,VALID,-1.3359375,1.6972656,0.22509766,-3.2397518,LCC-FASD external-dev / cross-domain stress set,-1.2943655252456665,0.0,1.0
FT720P_MBP1314_IPHONE6SF_id12_s2_30.png,1,VALID,-1.2568359,1.5732422,0.21813965,-3.0595384,LCC-FASD external-dev / cross-domain stress set,-1.2943655252456665,0.0,1.0
FT720P_MBP1314_IPHONE6SF_id12_s2_45.png,1,VALID,-1.4179688,1.7148438,0.29467773,-3.349273,LCC-FASD external-dev / cross-domain stress set,-1.2943655252456665,0.0,1.0
FT720P_MBP1314_IPHONE6SF_id12_s2_60.png,1,VALID,-1.5615234,1.9384766,0.2866211,-3.6753757,LCC-FASD external-dev / cross-domain stress set,-1.2943655252456665,0.0,1.0
FT720P_MBP1314_IPHONE6SF_id12_s2_75.png,1,VALID,-1.4287109,1.7304688,0.29345703,-3.3723836,LCC-FASD external-dev / cross-domain stress set,-1.2943655252456665,0.0,1.0
FT720P_MBP1314_IPHONE6SF_id12_s2_90.png,1,VALID,-1.4990234,1.8017578,0.33520508,-3.5083802,LCC-FASD external-dev / cross-domain stress set,-1.2943655252456665,0.0,1.0
FT720P_MBP1314_IPHONE6SF_id12_s2_105.png,1,VALID,-1.3964844,1.7705078,0.23327637,-3.361716,LCC-FASD external-dev / cross-domain stress set,-1.2943655252456665,0.0,1.0
FT720P_MBP1314_IPHONE6SF_id12_s2_120.png,1,VALID,-1.4824219,1.8867188,0.24072266,-3.5454612,LCC-FASD external-dev / cross-domain stress set,-1.2943655252456665,0.0,1.0
FT720P_MBP1314_IPHONE6SF_id12_s2_135.png,1,VALID,-1.4941406,1.8212891,0.30419922,-3.513747,LCC-FASD external-dev / cross-domain stress set,-1.2943655252456665,0.0,1.0
FT720P_MBP1314_IPHONE6SF_id12_s2_150.png,1,VALID,-1.4941406,1.8828125,0.25854492,-3.5568182,LCC-FASD external-dev / cross-domain stress set,-1.2943655252456665,0.0,1.0
FT720P_MBP1314_IPHONE6F_id5_s0_15.png,1,VALID,-0.2319336,0.6479492,-0.12414551,-1.2597184,LCC-FASD external-dev / cross-domain stress set,-1.2943655252456665,1.0,0.0
FT720P_MBP1314_IPHONE6F_id5_s0_30.png,1,VALID,-0.7685547,1.0449219,0.08343506,-2.1372428,LCC-FASD external-dev / cross-domain stress set,-1.2943655252456665,0.0,1.0
FT720P_MBP1314_IPHONE6F_id5_s0_45.png,1,VALID,-0.5449219,0.85595703,0.040405273,-1.767184,LCC-FASD external-dev / cross-domain stress set,-1.2943655252456665,0.0,1.0
FT720P_MBP1314_IPHONE6F_id5_s0_60.png,1,VALID,-0.57958984,0.8930664,0.05984497,-1.833575,LCC-FASD external-dev / cross-domain stress set,-1.2943655252456665,0.0,1.0
FT720P_MBP1314_IPHONE6F_id5_s0_75.png,1,VALID,-0.41674805,0.7260742,0.009719849,-1.5406114,LCC-FASD external-dev / cross-domain stress set,-1.2943655252456665,0.0,1.0
FT720P_MBP1314_IPHONE6F_id5_s0_90.png,1,VALID,-0.11828613,0.5913086,-0.18701172,-1.0874671,LCC-FASD external-dev / cross-domain stress set,-1.2943655252456665,1.0,0.0
FT720P_MBP1314_IPHONE6F_id5_s0_105.png,1,VALID,-0.25,0.6484375,-0.11907959,-1.279722,LCC-FASD external-dev / cross-domain stress set,-1.2943655252456665,1.0,0.0
FT720P_MBP1314_IPHONE6F_id5_s0_120.png,1,VALID,-0.7114258,0.9892578,0.10772705,-2.0472112,LCC-FASD external-dev / cross-domain stress set,-1.2943655252456665,0.0,1.0
FT720P_MBP1314_IPHONE6F_id5_s0_135.png,1,VALID,-0.5283203,0.7910156,0.08215332,-1.7195901,LCC-FASD external-dev / cross-domain stress set,-1.2943655252456665,0.0,1.0
FT720P_MBP1314_IPHONE6F_id5_s0_150.png,1,VALID,-0.62890625,0.9560547,0.04437256,-1.9227521,LCC-FASD external-dev / cross-domain stress set,-1.2943655252456665,0.0,1.0
FT720P_MBP1314_IPHONE6F_id9_s0_15.png,1,VALID,-1.2929688,1.4521484,0.3569336,-3.0336497,LCC-FASD external-dev / cross-domain stress set,-1.2943655252456665,0.0,1.0
FT720P_MBP1314_IPHONE6F_id9_s0_30.png,1,VALID,-1.2441406,1.484375,0.29492188,-2.9942493,LCC-FASD external-dev / cross-domain stress set,-1.2943655252456665,0.0,1.0
FT720P_MBP1314_IPHONE6F_id9_s0_45.png,1,VALID,-1.3583984,1.6240234,0.3474121,-3.2284856,LCC-FASD external-dev / cross-domain stress set,-1.2943655252456665,0.0,1.0
FT720P_MBP1314_IPHONE6F_id9_s0_60.png,1,VALID,-1.3710938,1.5019531,0.43945312,-3.16988,LCC-FASD external-dev / cross-domain stress set,-1.2943655252456665,0.0,1.0
FT720P_MBP1314_IPHONE6F_id9_s0_75.png,1,VALID,-1.3535156,1.5087891,0.40356445,-3.1483378,LCC-FASD external-dev / cross-domain stress set,-1.2943655252456665,0.0,1.0
FT720P_MBP1314_IPHONE6F_id9_s0_90.png,1,VALID,-1.1162109,1.4023438,0.17651367,-2.7759173,LCC-FASD external-dev / cross-domain stress set,-1.2943655252456665,0.0,1.0
FT720P_MBP1314_IPHONE6F_id9_s0_105.png,1,VALID,-1.0693359,1.3798828,0.15112305,-2.7059174,LCC-FASD external-dev / cross-domain stress set,-1.2943655252456665,0.0,1.0
FT720P_MBP1314_IPHONE6F_id9_s0_120.png,1,VALID,-1.1386719,1.3544922,0.28076172,-2.7871249,LCC-FASD external-dev / cross-domain stress set,-1.2943655252456665,0.0,1.0
FT720P_MBP1314_IPHONE6F_id9_s0_135.png,1,VALID,-1.2734375,1.6162109,0.21960449,-3.110738,LCC-FASD external-dev / cross-domain stress set,-1.2943655252456665,0.0,1.0
FT720P_MBP1314_IPHONE6F_id9_s0_150.png,1,VALID,-1.3076172,1.4677734,0.4086914,-3.0731027,LCC-FASD external-dev / cross-domain stress set,-1.2943655252456665,0.0,1.0
FT720P_MBP1314_IPHONE6F_id12_s2_15.png,1,VALID,-1.3076172,1.7363281,0.17700195,-3.234795,LCC-FASD external-dev / cross-domain stress set,-1.2943655252456665,0.0,1.0
FT720P_MBP1314_IPHONE6F_id12_s2_30.png,1,VALID,-1.1210938,1.4521484,0.15466309,-2.8147898,LCC-FASD external-dev / cross-domain stress set,-1.2943655252456665,0.0,1.0
FT720P_MBP1314_IPHONE6F_id12_s2_45.png,1,VALID,-1.3486328,1.6474609,0.27661133,-3.2223454,LCC-FASD external-dev / cross-domain stress set,-1.2943655252456665,0.0,1.0
FT720P_MBP1314_IPHONE6F_id12_s2_60.png,1,VALID,-1.4003906,1.6982422,0.27783203,-3.3150458,LCC-FASD external-dev / cross-domain stress set,-1.2943655252456665,0.0,1.0
FT720P_MBP1314_IPHONE6F_id12_s2_75.png,1,VALID,-1.2539062,1.5810547,0.22558594,-3.064346,LCC-FASD external-dev / cross-domain stress set,-1.2943655252456665,0.0,1.0
FT720P_MBP1314_IPHONE6F_id12_s2_90.png,1,VALID,-1.3320312,1.7851562,0.18774414,-3.3015234,LCC-FASD external-dev / cross-domain stress set,-1.2943655252456665,0.0,1.0
FT720P_MBP1314_IPHONE6F_id12_s2_120.png,1,VALID,-1.2529297,1.6083984,0.22045898,-3.084143,LCC-FASD external-dev / cross-domain stress set,-1.2943655252456665,0.0,1.0
FT720P_MBP1314_IPHONE6F_id12_s2_135.png,1,VALID,-1.21875,1.5419922,0.20471191,-2.9938827,LCC-FASD external-dev / cross-domain stress set,-1.2943655252456665,0.0,1.0
FT720P_MBP1314_IPHONE6F_id12_s2_150.png,1,VALID,-1.2880859,1.6074219,0.22619629,-3.119667,LCC-FASD external-dev / cross-domain stress set,-1.2943655252456665,0.0,1.0
FT720P_MBP1314_IPHONE6SF_id0_s0_15.png,1,VALID,-0.6538086,1.3408203,-0.18371582,-2.1916108,LCC-FASD external-dev / cross-domain stress set,-1.2943655252456665,0.0,1.0
FT720P_MBP1314_IPHONE6SF_id0_s0_30.png,1,VALID,-0.60253906,1.3105469,-0.16674805,-2.11868,LCC-FASD external-dev / cross-domain stress set,-1.2943655252456665,0.0,1.0
FT720P_MBP1314_IPHONE6SF_id0_s0_45.png,1,VALID,-0.6933594,1.4980469,-0.21398926,-2.3573425,LCC-FASD external-dev / cross-domain stress set,-1.2943655252456665,0.0,1.0
FT720P_MBP1314_IPHONE6SF_id0_s0_60.png,1,VALID,-0.71777344,1.3994141,-0.15673828,-2.3085895,LCC-FASD external-dev / cross-domain stress set,-1.2943655252456665,0.0,1.0
FT720P_MBP1314_IPHONE6SF_id0_s0_75.png,1,VALID,-0.6958008,1.453125,-0.16967773,-2.3290322,LCC-FASD external-dev / cross-domain stress set,-1.2943655252456665,0.0,1.0
FT720P_MBP1314_IPHONE6SF_id0_s0_90.png,1,VALID,-0.7270508,1.4277344,-0.14025879,-2.3441346,LCC-FASD external-dev / cross-domain stress set,-1.2943655252456665,0.0,1.0
FT720P_MBP1314_IPHONE6SF_id0_s0_105.png,1,VALID,-0.6308594,1.3486328,-0.18603516,-2.1746702,LCC-FASD external-dev / cross-domain stress set,-1.2943655252456665,0.0,1.0
FT720P_MBP1314_IPHONE6SF_id0_s0_120.png,1,VALID,-0.85791016,1.6240234,-0.13195801,-2.6412745,LCC-FASD external-dev / cross-domain stress set,-1.2943655252456665,0.0,1.0
FT720P_MBP1314_IPHONE6SF_id0_s0_135.png,1,VALID,-0.58740234,1.4824219,-0.2783203,-2.2284653,LCC-FASD external-dev / cross-domain stress set,-1.2943655252456665,0.0,1.0
FT720P_MBP1314_IPHONE6SF_id0_s0_150.png,1,VALID,-0.7397461,1.515625,-0.20410156,-2.4201353,LCC-FASD external-dev / cross-domain stress set,-1.2943655252456665,0.0,1.0
FT720P_MBP1314_IPHONE6SF_id0_s1_15.png,1,VALID,-0.7866211,1.6269531,-0.17553711,-2.5661988,LCC-FASD external-dev / cross-domain stress set,-1.2943655252456665,0.0,1.0
FT720P_MBP1314_IPHONE6SF_id0_s1_30.png,1,VALID,-0.5654297,1.4677734,-0.28588867,-2.1928859,LCC-FASD external-dev / cross-domain stress set,-1.2943655252456665,0.0,1.0
FT720P_MBP1314_IPHONE6SF_id0_s1_45.png,1,VALID,-0.73535156,1.5195312,-0.16601562,-2.424915,LCC-FASD external-dev / cross-domain stress set,-1.2943655252456665,0.0,1.0
FT720P_MBP1314_IPHONE6SF_id0_s1_60.png,1,VALID,-0.67871094,1.5839844,-0.2619629,-2.4092822,LCC-FASD external-dev / cross-domain stress set,-1.2943655252456665,0.0,1.0
FT720P_MBP1314_IPHONE6SF_id0_s1_75.png,1,VALID,-0.7866211,1.4003906,-0.049041748,-2.3978426,LCC-FASD external-dev / cross-domain stress set,-1.2943655252456665,0.0,1.0
FT720P_MBP1314_IPHONE6SF_id0_s1_90.png,1,VALID,-0.546875,1.2890625,-0.23254395,-2.033444,LCC-FASD external-dev / cross-domain stress set,-1.2943655252456665,0.0,1.0
FT720P_MBP1314_IPHONE6SF_id0_s1_105.png,1,VALID,-0.63134766,1.4560547,-0.21032715,-2.2604556,LCC-FASD external-dev / cross-domain stress set,-1.2943655252456665,0.0,1.0
FT720P_MBP1314_IPHONE6SF_id0_s1_120.png,1,VALID,-0.546875,1.4902344,-0.31884766,-2.1888037,LCC-FASD external-dev / cross-domain stress set,-1.2943655252456665,0.0,1.0
FT720P_MBP1314_IPHONE6SF_id0_s1_135.png,1,VALID,-0.4428711,1.2861328,-0.27197266,-1.920066,LCC-FASD external-dev / cross-domain stress set,-1.2943655252456665,0.0,1.0
FT720P_MBP1314_IPHONE6SF_id0_s1_150.png,1,VALID,-0.4482422,1.4414062,-0.3642578,-2.0418246,LCC-FASD external-dev / cross-domain stress set,-1.2943655252456665,0.0,1.0
FT720P_MBP1314_IPHONE6SF_id0_s2_15.png,1,VALID,-0.9765625,1.7373047,-0.12054443,-2.8588395,LCC-FASD external-dev / cross-domain stress set,-1.2943655252456665,0.0,1.0
FT720P_MBP1314_IPHONE6SF_id0_s2_105.png,1,VALID,-1.2626953,1.7509766,0.14990234,-3.1973922,LCC-FASD external-dev / cross-domain stress set,-1.2943655252456665,0.0,1.0
FT720P_MBP1314_IPHONE6SF_id0_s2_120.png,1,VALID,-1.2568359,1.6582031,0.1574707,-3.1163187,LCC-FASD external-dev / cross-domain stress set,-1.2943655252456665,0.0,1.0
FT720P_MBP1314_IPHONE6SF_id0_s2_135.png,1,VALID,-1.1210938,1.4804688,0.17236328,-2.8408406,LCC-FASD external-dev / cross-domain stress set,-1.2943655252456665,0.0,1.0
FT720P_MBP1314_IPHONE6SF_id0_s2_150.png,1,VALID,-1.0429688,1.5976562,0.03137207,-2.8302693,LCC-FASD external-dev / cross-domain stress set,-1.2943655252456665,0.0,1.0
FT720P_MBP1314_IPHONE6F_id0_s0_30.png,1,VALID,-0.42138672,1.1572266,-0.25146484,-1.7973174,LCC-FASD external-dev / cross-domain stress set,-1.2943655252456665,0.0,1.0
FT720P_MBP1314_IPHONE6F_id0_s0_45.png,1,VALID,-0.082458496,0.9682617,-0.3803711,-1.2815104,LCC-FASD external-dev / cross-domain stress set,-1.2943655252456665,1.0,0.0
FT720P_MBP1314_IPHONE6F_id0_s0_60.png,1,VALID,-0.16235352,0.84814453,-0.26831055,-1.2937492,LCC-FASD external-dev / cross-domain stress set,-1.2943655252456665,1.0,0.0
FT720P_MBP1314_IPHONE6F_id0_s0_75.png,1,VALID,-0.023498535,0.71777344,-0.32055664,-1.0443687,LCC-FASD external-dev / cross-domain stress set,-1.2943655252456665,1.0,0.0
FT720P_MBP1314_IPHONE6F_id0_s0_90.png,1,VALID,-0.07891846,0.73828125,-0.2836914,-1.1245993,LCC-FASD external-dev / cross-domain stress set,-1.2943655252456665,1.0,0.0
FT720P_MBP1314_IPHONE6F_id0_s0_150.png,1,VALID,-0.53271484,1.2089844,-0.10418701,-1.9799014,LCC-FASD external-dev / cross-domain stress set,-1.2943655252456665,0.0,1.0
FT720P_MBP1314_IPHONE6F_id0_s1_15.png,1,VALID,-0.9189453,1.5800781,-0.034606934,-2.6804724,LCC-FASD external-dev / cross-domain stress set,-1.2943655252456665,0.0,1.0
FT720P_MBP1314_IPHONE6F_id0_s1_30.png,1,VALID,-1.2050781,1.6035156,0.16052246,-3.0206518,LCC-FASD external-dev / cross-domain stress set,-1.2943655252456665,0.0,1.0
FT720P_MBP1314_IPHONE6F_id0_s1_45.png,1,VALID,-0.7714844,1.2519531,-0.033691406,-2.2675378,LCC-FASD external-dev / cross-domain stress set,-1.2943655252456665,0.0,1.0
FT720P_MBP1314_IPHONE6F_id0_s1_60.png,1,VALID,-0.82373047,1.4189453,-0.026245117,-2.4543142,LCC-FASD external-dev / cross-domain stress set,-1.2943655252456665,0.0,1.0
FT720P_MBP1314_IPHONE6F_id0_s1_75.png,1,VALID,-0.7597656,1.5566406,-0.15344238,-2.4826415,LCC-FASD external-dev / cross-domain stress set,-1.2943655252456665,0.0,1.0
FT720P_MBP1314_IPHONE6F_id0_s1_90.png,1,VALID,-0.8989258,1.5107422,-0.021347046,-2.6053038,LCC-FASD external-dev / cross-domain stress set,-1.2943655252456665,0.0,1.0
FT720P_MBP1314_IPHONE6F_id0_s1_105.png,1,VALID,-0.99609375,1.4638672,0.07318115,-2.6822276,LCC-FASD external-dev / cross-domain stress set,-1.2943655252456665,0.0,1.0
FT720P_MBP1314_IPHONE6F_id0_s1_120.png,1,VALID,-0.8671875,1.5390625,-0.06561279,-2.589367,LCC-FASD external-dev / cross-domain stress set,-1.2943655252456665,0.0,1.0
FT720P_MBP1314_IPHONE6F_id0_s1_135.png,1,VALID,-0.81347656,1.3037109,-0.023117065,-2.3525105,LCC-FASD external-dev / cross-domain stress set,-1.2943655252456665,0.0,1.0
FT720P_MBP1314_IPHONE6F_id0_s1_150.png,1,VALID,-0.7548828,1.3242188,-0.027572632,-2.3092418,LCC-FASD external-dev / cross-domain stress set,-1.2943655252456665,0.0,1.0
FT720P_MBP1314_IPHONE6F_id0_s2_15.png,1,VALID,-1.0791016,1.7226562,-0.03186035,-2.9613147,LCC-FASD external-dev / cross-domain stress set,-1.2943655252456665,0.0,1.0
FT720P_MBP1314_IPHONE6F_id0_s2_30.png,1,VALID,-0.8955078,1.5605469,-0.071777344,-2.634598,LCC-FASD external-dev / cross-domain stress set,-1.2943655252456665,0.0,1.0
FT720P_MBP1314_IPHONE6F_id0_s2_45.png,1,VALID,-0.9824219,1.6162109,-0.0597229,-2.7701743,LCC-FASD external-dev / cross-domain stress set,-1.2943655252456665,0.0,1.0
FT720P_MBP1314_IPHONE6F_id0_s2_60.png,1,VALID,-1.2900391,1.8974609,0.10797119,-3.3419752,LCC-FASD external-dev / cross-domain stress set,-1.2943655252456665,0.0,1.0
FT720P_MBP1314_IPHONE6F_id0_s2_75.png,1,VALID,-1.2246094,1.8564453,0.09051514,-3.2389364,LCC-FASD external-dev / cross-domain stress set,-1.2943655252456665,0.0,1.0
FT720P_MBP1314_IPHONE6F_id0_s2_90.png,1,VALID,-1.3095703,1.7451172,0.22583008,-3.25261,LCC-FASD external-dev / cross-domain stress set,-1.2943655252456665,0.0,1.0
FT720P_MBP1314_IPHONE6F_id0_s2_105.png,1,VALID,-1.3027344,1.8642578,0.11730957,-3.3276687,LCC-FASD external-dev / cross-domain stress set,-1.2943655252456665,0.0,1.0
FT720P_MBP1314_IPHONE6F_id0_s2_120.png,1,VALID,-1.2822266,1.8251953,0.1315918,-3.2761986,LCC-FASD external-dev / cross-domain stress set,-1.2943655252456665,0.0,1.0
FT720P_MBP1314_IPHONE6F_id0_s2_135.png,1,VALID,-1.0166016,1.5429688,0.058654785,-2.7638636,LCC-FASD external-dev / cross-domain stress set,-1.2943655252456665,0.0,1.0
FT720P_MBP1314_IPHONE6F_id0_s2_150.png,1,VALID,-1.375,1.8476562,0.23278809,-3.404075,LCC-FASD external-dev / cross-domain stress set,-1.2943655252456665,0.0,1.0
FT720P_MBP1314_IPHONE6F_id0_s3_15.png,1,VALID,-1.7236328,2.2832031,0.24682617,-4.1294966,LCC-FASD external-dev / cross-domain stress set,-1.2943655252456665,0.0,1.0
FT720P_MBP1314_IPHONE6F_id0_s3_30.png,1,VALID,-1.6103516,2.1269531,0.23596191,-3.8778682,LCC-FASD external-dev / cross-domain stress set,-1.2943655252456665,0.0,1.0
FT720P_MBP1314_IPHONE6F_id0_s3_45.png,1,VALID,-1.3515625,1.8808594,0.13513184,-3.3932798,LCC-FASD external-dev / cross-domain stress set,-1.2943655252456665,0.0,1.0
FT720P_MBP1314_IPHONE6F_id0_s3_60.png,1,VALID,-1.2382812,1.84375,0.08123779,-3.240413,LCC-FASD external-dev / cross-domain stress set,-1.2943655252456665,0.0,1.0
FT720P_MBP1314_IPHONE6F_id0_s3_75.png,1,VALID,-1.1767578,1.7773438,0.06616211,-3.1201684,LCC-FASD external-dev / cross-domain stress set,-1.2943655252456665,0.0,1.0
FT720P_MBP1314_IPHONE6F_id0_s3_90.png,1,VALID,-1.5644531,2.1347656,0.20874023,-3.8352575,LCC-FASD external-dev / cross-domain stress set,-1.2943655252456665,0.0,1.0
FT720P_MBP1314_IPHONE6F_id0_s3_105.png,1,VALID,-1.3056641,1.9404297,0.0892334,-3.3919668,LCC-FASD external-dev / cross-domain stress set,-1.2943655252456665,0.0,1.0
FT720P_MBP1314_IPHONE6F_id0_s3_120.png,1,VALID,-1.3652344,1.9580078,0.13171387,-3.4725318,LCC-FASD external-dev / cross-domain stress set,-1.2943655252456665,0.0,1.0
FT720P_MBP1314_IPHONE6F_id0_s3_135.png,1,VALID,-1.515625,2.0820312,0.16125488,-3.734364,LCC-FASD external-dev / cross-domain stress set,-1.2943655252456665,0.0,1.0
FT720P_MBP1314_IPHONE6F_id0_s3_150.png,1,VALID,-1.3154297,1.8251953,0.12683105,-3.3086638,LCC-FASD external-dev / cross-domain stress set,-1.2943655252456665,0.0,1.0
FT720P_MBP1314_IPHONE6F_id12_s0_15.png,1,VALID,-1.2294922,1.6708984,0.14123535,-3.096458,LCC-FASD external-dev / cross-domain stress set,-1.2943655252456665,0.0,1.0
FT720P_MBP1314_IPHONE6F_id12_s0_30.png,1,VALID,-1.0322266,1.4707031,0.079589844,-2.7251112,LCC-FASD external-dev / cross-domain stress set,-1.2943655252456665,0.0,1.0
FT720P_MBP1314_IPHONE6F_id12_s0_45.png,1,VALID,-1.0908203,1.5146484,0.09820557,-2.822655,LCC-FASD external-dev / cross-domain stress set,-1.2943655252456665,0.0,1.0
FT720P_MBP1314_IPHONE6F_id12_s0_60.png,1,VALID,-1.0273438,1.4365234,0.095825195,-2.696298,LCC-FASD external-dev / cross-domain stress set,-1.2943655252456665,0.0,1.0
FT720P_MBP1314_IPHONE6F_id12_s0_75.png,1,VALID,-1.1621094,1.5234375,0.16772461,-2.9148822,LCC-FASD external-dev / cross-domain stress set,-1.2943655252456665,0.0,1.0
FT720P_MBP1314_IPHONE6F_id12_s0_90.png,1,VALID,-1.0439453,1.5019531,0.095336914,-2.7650104,LCC-FASD external-dev / cross-domain stress set,-1.2943655252456665,0.0,1.0
FT720P_MBP1314_IPHONE6F_id12_s0_105.png,1,VALID,-1.1308594,1.4980469,0.14367676,-2.8585167,LCC-FASD external-dev / cross-domain stress set,-1.2943655252456665,0.0,1.0
FT720P_MBP1314_IPHONE6F_id12_s0_120.png,1,VALID,-1.2304688,1.703125,0.1340332,-3.1227536,LCC-FASD external-dev / cross-domain stress set,-1.2943655252456665,0.0,1.0
FT720P_MBP1314_IPHONE6F_id12_s0_135.png,1,VALID,-0.98291016,1.4335938,0.058135986,-2.6418242,LCC-FASD external-dev / cross-domain stress set,-1.2943655252456665,0.0,1.0
FT720P_MBP1314_IPHONE6F_id12_s0_150.png,1,VALID,-1.1640625,1.6015625,0.13171387,-2.972607,LCC-FASD external-dev / cross-domain stress set,-1.2943655252456665,0.0,1.0
FT720P_MBP1314_IPHONE6F_id12_s1_15.png,1,VALID,-1.0908203,1.5351562,0.073791504,-2.8345501,LCC-FASD external-dev / cross-domain stress set,-1.2943655252456665,0.0,1.0
FT720P_MBP1314_IPHONE6F_id12_s1_30.png,1,VALID,-1.171875,1.5585938,0.1463623,-2.9484782,LCC-FASD external-dev / cross-domain stress set,-1.2943655252456665,0.0,1.0
FT720P_MBP1314_IPHONE6F_id12_s1_45.png,1,VALID,-1.2226562,1.5185547,0.21374512,-2.9811912,LCC-FASD external-dev / cross-domain stress set,-1.2943655252456665,0.0,1.0
FT720P_MBP1314_IPHONE6F_id12_s1_60.png,1,VALID,-1.2958984,1.6162109,0.23132324,-3.1355343,LCC-FASD external-dev / cross-domain stress set,-1.2943655252456665,0.0,1.0
FT720P_MBP1314_IPHONE6F_id12_s1_75.png,1,VALID,-1.2128906,1.5966797,0.15246582,-3.0213952,LCC-FASD external-dev / cross-domain stress set,-1.2943655252456665,0.0,1.0
FT720P_MBP1314_IPHONE6F_id12_s1_90.png,1,VALID,-1.1972656,1.5,0.21118164,-2.9406793,LCC-FASD external-dev / cross-domain stress set,-1.2943655252456665,0.0,1.0
FT720P_MBP1314_IPHONE6F_id12_s1_105.png,1,VALID,-1.1572266,1.5410156,0.15527344,-2.9214962,LCC-FASD external-dev / cross-domain stress set,-1.2943655252456665,0.0,1.0
FT720P_MBP1314_IPHONE6F_id12_s1_120.png,1,VALID,-1.1455078,1.4755859,0.16088867,-2.8589725,LCC-FASD external-dev / cross-domain stress set,-1.2943655252456665,0.0,1.0
FT720P_MBP1314_IPHONE6F_id12_s1_135.png,1,VALID,-1.1611328,1.5576172,0.13012695,-2.933789,LCC-FASD external-dev / cross-domain stress set,-1.2943655252456665,0.0,1.0
FT720P_MBP1314_IPHONE6F_id12_s1_150.png,1,VALID,-1.0244141,1.4707031,0.08105469,-2.7175908,LCC-FASD external-dev / cross-domain stress set,-1.2943655252456665,0.0,1.0
FT720P_MBP1314_IPHONE6F_id12_s2_105.png,1,VALID,-1.1806641,1.6396484,0.1237793,-3.0188496,LCC-FASD external-dev / cross-domain stress set,-1.2943655252456665,0.0,1.0
FT720P_I2269VWM_DOOX30_id5_s0_30.png,1,VALID,0.40576172,-0.21972656,-0.10583496,-0.12622523,LCC-FASD external-dev / cross-domain stress set,-1.2943655252456665,1.0,0.0
FT720P_I2269VWM_DOOX30_id5_s0_45.png,1,VALID,0.68310547,-0.39135742,-0.24658203,0.3063103,LCC-FASD external-dev / cross-domain stress set,-1.2943655252456665,1.0,0.0
FT720P_I2269VWM_DOOX30_id5_s0_60.png,1,VALID,0.5605469,-0.3623047,-0.16748047,0.12755519,LCC-FASD external-dev / cross-domain stress set,-1.2943655252456665,1.0,0.0
FT720P_I2269VWM_DOOX30_id5_s0_75.png,1,VALID,0.60595703,-0.38720703,-0.14379883,0.17092502,LCC-FASD external-dev / cross-domain stress set,-1.2943655252456665,1.0,0.0
FT720P_I2269VWM_DOOX30_id5_s0_90.png,1,VALID,0.62890625,-0.39697266,-0.18188477,0.21941602,LCC-FASD external-dev / cross-domain stress set,-1.2943655252456665,1.0,0.0
FT720P_I2269VWM_DOOX30_id9_s0_15.png,1,VALID,-1.4833984,1.453125,0.6044922,-3.292798,LCC-FASD external-dev / cross-domain stress set,-1.2943655252456665,0.0,1.0
FT720P_I2269VWM_DOOX30_id9_s0_30.png,1,VALID,-1.2714844,1.1796875,0.53027344,-2.8714283,LCC-FASD external-dev / cross-domain stress set,-1.2943655252456665,0.0,1.0
FT720P_I2269VWM_DOOX30_id9_s0_45.png,1,VALID,-1.4375,1.3867188,0.58496094,-3.1947749,LCC-FASD external-dev / cross-domain stress set,-1.2943655252456665,0.0,1.0
FT720P_I2269VWM_DOOX30_id9_s0_60.png,1,VALID,-1.4462891,1.34375,0.64208984,-3.1926746,LCC-FASD external-dev / cross-domain stress set,-1.2943655252456665,0.0,1.0
FT720P_I2269VWM_DOOX30_id9_s0_75.png,1,VALID,-1.6972656,1.6542969,0.7114258,-3.6805122,LCC-FASD external-dev / cross-domain stress set,-1.2943655252456665,0.0,1.0
FT720P_I2269VWM_DOOX30_id9_s0_90.png,1,VALID,-1.28125,1.1318359,0.5732422,-2.8654428,LCC-FASD external-dev / cross-domain stress set,-1.2943655252456665,0.0,1.0
FT720P_I2269VWM_DOOX30_id9_s0_105.png,1,VALID,-1.3261719,1.2333984,0.56152344,-2.9721766,LCC-FASD external-dev / cross-domain stress set,-1.2943655252456665,0.0,1.0
FT720P_I2269VWM_DOOX30_id9_s0_120.png,1,VALID,-1.15625,1.0048828,0.5703125,-2.6604178,LCC-FASD external-dev / cross-domain stress set,-1.2943655252456665,0.0,1.0
FT720P_I2269VWM_DOOX30_id9_s0_135.png,1,VALID,-1.2822266,1.1660156,0.55908203,-2.8832788,LCC-FASD external-dev / cross-domain stress set,-1.2943655252456665,0.0,1.0
FT720P_I2269VWM_DOOX30_id9_s0_150.png,1,VALID,-1.1591797,1.0722656,0.47338867,-2.6693313,LCC-FASD external-dev / cross-domain stress set,-1.2943655252456665,0.0,1.0
FT720P_IIYAMAGB_IPHONE5SB_id0_s0_15.png,1,VALID,-0.38085938,1.0830078,-0.22949219,-1.7022116,LCC-FASD external-dev / cross-domain stress set,-1.2943655252456665,0.0,1.0
FT720P_IIYAMAGB_IPHONE5SB_id0_s0_30.png,1,VALID,-0.24243164,1.0537109,-0.33520508,-1.5187624,LCC-FASD external-dev / cross-domain stress set,-1.2943655252456665,0.0,1.0
FT720P_IIYAMAGB_IPHONE5SB_id0_s0_45.png,1,VALID,-0.53125,1.2382812,-0.17541504,-1.9872541,LCC-FASD external-dev / cross-domain stress set,-1.2943655252456665,0.0,1.0
FT720P_IIYAMAGB_IPHONE5SB_id0_s0_60.png,1,VALID,-0.6689453,1.2724609,-0.06976318,-2.1735206,LCC-FASD external-dev / cross-domain stress set,-1.2943655252456665,0.0,1.0
FT720P_IIYAMAGB_IPHONE5SB_id0_s0_75.png,1,VALID,-0.43115234,1.1738281,-0.24841309,-1.8210373,LCC-FASD external-dev / cross-domain stress set,-1.2943655252456665,0.0,1.0
FT720P_IIYAMAGB_IPHONE5SB_id0_s0_90.png,1,VALID,-0.3515625,0.92529297,-0.16064453,-1.5677214,LCC-FASD external-dev / cross-domain stress set,-1.2943655252456665,0.0,1.0
FT720P_IIYAMAGB_IPHONE5SB_id0_s0_105.png,1,VALID,-0.07543945,1.0429688,-0.47558594,-1.3164623,LCC-FASD external-dev / cross-domain stress set,-1.2943655252456665,0.0,1.0
FT720P_IIYAMAGB_IPHONE5SB_id0_s0_120.png,1,VALID,-0.07519531,0.7319336,-0.28833008,-1.114981,LCC-FASD external-dev / cross-domain stress set,-1.2943655252456665,1.0,0.0
FT720P_IIYAMAGB_IPHONE5SB_id0_s0_135.png,1,VALID,-0.83496094,1.4042969,-0.04626465,-2.4498742,LCC-FASD external-dev / cross-domain stress set,-1.2943655252456665,0.0,1.0
FT720P_IIYAMAGB_IPHONE5SB_id0_s0_150.png,1,VALID,-0.6425781,1.2880859,-0.10803223,-2.1518507,LCC-FASD external-dev / cross-domain stress set,-1.2943655252456665,0.0,1.0
FT720P_IIYAMAGB_IPHONE5SB_id5_s0_15.png,1,VALID,0.49829102,-0.17126465,-0.23620605,0.008352101,LCC-FASD external-dev / cross-domain stress set,-1.2943655252456665,1.0,0.0
FT720P_IIYAMAGB_IPHONE5SB_id5_s0_30.png,1,VALID,0.12634277,0.13977051,-0.12731934,-0.58192074,LCC-FASD external-dev / cross-domain stress set,-1.2943655252456665,1.0,0.0
FT720P_IIYAMAGB_IPHONE5SB_id5_s0_45.png,1,VALID,0.13598633,0.097229004,-0.11077881,-0.55578464,LCC-FASD external-dev / cross-domain stress set,-1.2943655252456665,1.0,0.0
FT720P_IIYAMAGB_IPHONE5SB_id5_s0_60.png,1,VALID,0.5307617,-2.8669834e-05,-0.32763672,-0.011909068,LCC-FASD external-dev / cross-domain stress set,-1.2943655252456665,1.0,0.0
FT720P_IIYAMAGB_IPHONE5SB_id5_s0_75.png,1,VALID,0.100097656,0.16723633,-0.09686279,-0.6369296,LCC-FASD external-dev / cross-domain stress set,-1.2943655252456665,1.0,0.0
FT720P_IIYAMAGB_IPHONE5SB_id5_s0_90.png,1,VALID,0.34814453,0.07080078,-0.25268555,-0.26708406,LCC-FASD external-dev / cross-domain stress set,-1.2943655252456665,1.0,0.0
FT720P_IIYAMAGB_IPHONE5SB_id5_s0_105.png,1,VALID,-0.23083496,0.45507812,0.0113220215,-1.1815977,LCC-FASD external-dev / cross-domain stress set,-1.2943655252456665,1.0,0.0
FT720P_IIYAMAGB_IPHONE5SB_id5_s0_120.png,1,VALID,0.0927124,0.0960083,-0.09033203,-0.607607,LCC-FASD external-dev / cross-domain stress set,-1.2943655252456665,1.0,0.0
FT720P_IIYAMAGB_IPHONE5SB_id5_s0_135.png,1,VALID,0.24365234,0.051757812,-0.15673828,-0.4024287,LCC-FASD external-dev / cross-domain stress set,-1.2943655252456665,1.0,0.0
FT720P_IIYAMAGB_IPHONE5SB_id5_s0_150.png,1,VALID,0.16101074,0.0546875,-0.1038208,-0.51070714,LCC-FASD external-dev / cross-domain stress set,-1.2943655252456665,1.0,0.0
FT720P_IIYAMAGB_IPHONE5SB_id9_s0_15.png,1,VALID,-1.0761719,1.0488281,0.42456055,-2.553956,LCC-FASD external-dev / cross-domain stress set,-1.2943655252456665,0.0,1.0
FT720P_IIYAMAGB_IPHONE5SB_id9_s0_30.png,1,VALID,-0.71484375,1.0371094,0.07281494,-2.0749435,LCC-FASD external-dev / cross-domain stress set,-1.2943655252456665,0.0,1.0
FT720P_IIYAMAGB_IPHONE5SB_id9_s0_45.png,1,VALID,-1.0136719,0.984375,0.35229492,-2.424285,LCC-FASD external-dev / cross-domain stress set,-1.2943655252456665,0.0,1.0
FT720P_IIYAMAGB_IPHONE5SB_id9_s0_60.png,1,VALID,-1.1054688,1.3300781,0.2602539,-2.730504,LCC-FASD external-dev / cross-domain stress set,-1.2943655252456665,0.0,1.0
FT720P_IIYAMAGB_IPHONE5SB_id9_s0_75.png,1,VALID,-1.0566406,1.2421875,0.21984863,-2.6061308,LCC-FASD external-dev / cross-domain stress set,-1.2943655252456665,0.0,1.0
FT720P_IIYAMAGB_IPHONE5SB_id9_s0_90.png,1,VALID,-1.1474609,1.2021484,0.37768555,-2.7131896,LCC-FASD external-dev / cross-domain stress set,-1.2943655252456665,0.0,1.0
FT720P_IIYAMAGB_IPHONE5SB_id9_s0_105.png,1,VALID,-1.0888672,1.2480469,0.2939453,-2.6627283,LCC-FASD external-dev / cross-domain stress set,-1.2943655252456665,0.0,1.0
FT720P_IIYAMAGB_IPHONE5SB_id9_s0_120.png,1,VALID,-1.3818359,1.4541016,0.48901367,-3.158709,LCC-FASD external-dev / cross-domain stress set,-1.2943655252456665,0.0,1.0
FT720P_IIYAMAGB_IPHONE5SB_id9_s0_135.png,1,VALID,-1.0361328,1.1835938,0.22021484,-2.5429697,LCC-FASD external-dev / cross-domain stress set,-1.2943655252456665,0.0,1.0
FT720P_IIYAMAGB_IPHONE5SB_id9_s0_150.png,1,VALID,-1.1640625,1.2304688,0.39404297,-2.7544804,LCC-FASD external-dev / cross-domain stress set,-1.2943655252456665,0.0,1.0
FT720P_MBP1314_IPHONE6F_id0_s0_15.png,1,VALID,-0.5751953,1.3417969,-0.19897461,-2.1110907,LCC-FASD external-dev / cross-domain stress set,-1.2943655252456665,0.0,1.0
FT720P_MBP1314_IPHONE6F_id0_s0_105.png,1,VALID,0.25683594,0.63671875,-0.4951172,-0.6593619,LCC-FASD external-dev / cross-domain stress set,-1.2943655252456665,1.0,0.0
FT720P_MBP1314_IPHONE6F_id0_s0_120.png,1,VALID,-0.4333496,1.1123047,-0.18115234,-1.7880677,LCC-FASD external-dev / cross-domain stress set,-1.2943655252456665,0.0,1.0
FT720P_MBP1314_IPHONE6F_id0_s0_135.png,1,VALID,-0.17651367,0.9355469,-0.28637695,-1.3703108,LCC-FASD external-dev / cross-domain stress set,-1.2943655252456665,0.0,1.0
FT720P_I2269VWM_DOOX30_id0_s1_60.png,1,VALID,-0.9682617,1.5029297,-0.0079193115,-2.6706343,LCC-FASD external-dev / cross-domain stress set,-1.2943655252456665,0.0,1.0
FT720P_I2269VWM_DOOX30_id0_s1_75.png,1,VALID,-0.91748047,1.5058594,-0.04928589,-2.6149173,LCC-FASD external-dev / cross-domain stress set,-1.2943655252456665,0.0,1.0
FT720P_I2269VWM_DOOX30_id0_s1_90.png,1,VALID,-0.9453125,1.5273438,-0.01889038,-2.6657932,LCC-FASD external-dev / cross-domain stress set,-1.2943655252456665,0.0,1.0
FT720P_I2269VWM_DOOX30_id0_s2_15.png,1,VALID,-0.5131836,0.9824219,-0.06896973,-1.7953033,LCC-FASD external-dev / cross-domain stress set,-1.2943655252456665,0.0,1.0
FT720P_I2269VWM_DOOX30_id0_s2_30.png,1,VALID,-0.17834473,0.7392578,-0.19458008,-1.2490926,LCC-FASD external-dev / cross-domain stress set,-1.2943655252456665,1.0,0.0
FT720P_I2269VWM_DOOX30_id0_s2_45.png,1,VALID,-0.057556152,0.58203125,-0.17419434,-1.0244653,LCC-FASD external-dev / cross-domain stress set,-1.2943655252456665,1.0,0.0
FT720P_I2269VWM_DOOX30_id0_s2_60.png,1,VALID,0.32714844,0.2841797,-0.36669922,-0.37678522,LCC-FASD external-dev / cross-domain stress set,-1.2943655252456665,1.0,0.0
FT720P_I2269VWM_DOOX30_id0_s2_75.png,1,VALID,-0.018371582,0.42822266,-0.16418457,-0.88677925,LCC-FASD external-dev / cross-domain stress set,-1.2943655252456665,1.0,0.0
FT720P_I2269VWM_DOOX30_id0_s2_90.png,1,VALID,-0.13684082,0.68896484,-0.17871094,-1.1764107,LCC-FASD external-dev / cross-domain stress set,-1.2943655252456665,1.0,0.0
FT720P_I2269VWM_DOOX30_id0_s2_105.png,1,VALID,-0.005630493,0.65478516,-0.31591797,-0.98164123,LCC-FASD external-dev / cross-domain stress set,-1.2943655252456665,1.0,0.0
FT720P_I2269VWM_DOOX30_id0_s2_120.png,1,VALID,-0.38452148,0.7836914,-0.0129470825,-1.5403569,LCC-FASD external-dev / cross-domain stress set,-1.2943655252456665,0.0,1.0
FT720P_I2269VWM_DOOX30_id0_s2_135.png,1,VALID,-0.69189453,0.9589844,0.099975586,-2.004055,LCC-FASD external-dev / cross-domain stress set,-1.2943655252456665,0.0,1.0
FT720P_I2269VWM_DOOX30_id0_s2_150.png,1,VALID,-0.2770996,0.7441406,-0.12780762,-1.3705837,LCC-FASD external-dev / cross-domain stress set,-1.2943655252456665,0.0,1.0
FT720P_I2269VWM_DOOX30_id0_s3_15.png,1,VALID,-1.3125,1.7128906,0.19763184,-3.2240376,LCC-FASD external-dev / cross-domain stress set,-1.2943655252456665,0.0,1.0
FT720P_I2269VWM_DOOX30_id0_s3_42.png,1,VALID,-1.3652344,1.7607422,0.22473145,-3.3209167,LCC-FASD external-dev / cross-domain stress set,-1.2943655252456665,0.0,1.0
FT720P_I2269VWM_DOOX30_id0_s3_59.png,1,VALID,-1.3339844,1.8798828,0.17272949,-3.3805516,LCC-FASD external-dev / cross-domain stress set,-1.2943655252456665,0.0,1.0
FT720P_I2269VWM_DOOX30_id0_s3_89.png,1,VALID,-1.0927734,1.5839844,0.09490967,-2.8801732,LCC-FASD external-dev / cross-domain stress set,-1.2943655252456665,0.0,1.0
FT720P_I2269VWM_DOOX30_id0_s3_123.png,1,VALID,-1.3310547,1.6953125,0.24645996,-3.2373083,LCC-FASD external-dev / cross-domain stress set,-1.2943655252456665,0.0,1.0
FT720P_I2269VWM_DOOX30_id0_s3_140.png,1,VALID,-1.4238281,1.8095703,0.22851562,-3.420507,LCC-FASD external-dev / cross-domain stress set,-1.2943655252456665,0.0,1.0
FT720P_I2269VWM_DOOX30_id0_s3_155.png,1,VALID,-1.3378906,1.8349609,0.15588379,-3.3438983,LCC-FASD external-dev / cross-domain stress set,-1.2943655252456665,0.0,1.0
FT720P_I2269VWM_DOOX30_id0_s3_170.png,1,VALID,-1.3603516,1.8974609,0.17224121,-3.4217443,LCC-FASD external-dev / cross-domain stress set,-1.2943655252456665,0.0,1.0
FT720P_I2269VWM_DOOX30_id5_s0_15.png,1,VALID,0.46679688,-0.15698242,-0.20690918,-0.04471606,LCC-FASD external-dev / cross-domain stress set,-1.2943655252456665,1.0,0.0
FT720P_I2269VWM_DOOX30_id5_s0_105.png,1,VALID,0.7675781,-0.3671875,-0.31713867,0.41628098,LCC-FASD external-dev / cross-domain stress set,-1.2943655252456665,1.0,0.0
FT720P_I2269VWM_DOOX30_id5_s0_120.png,1,VALID,0.3791504,-0.13452148,-0.12939453,-0.18204206,LCC-FASD external-dev / cross-domain stress set,-1.2943655252456665,1.0,0.0
FT720P_I2269VWM_DOOX30_id5_s0_135.png,1,VALID,0.69677734,-0.4404297,-0.20983887,0.3221326,LCC-FASD external-dev / cross-domain stress set,-1.2943655252456665,1.0,0.0
FT720P_I2269VWM_DOOX30_id5_s0_150.png,1,VALID,0.75,-0.45922852,-0.2758789,0.42021024,LCC-FASD external-dev / cross-domain stress set,-1.2943655252456665,1.0,0.0
FT720P_I2269VWM_DOOX30_id12_s0_15.png,1,VALID,0.08026123,0.1472168,-0.08673096,-0.6499548,LCC-FASD external-dev / cross-domain stress set,-1.2943655252456665,1.0,0.0
FT720P_I2269VWM_DOOX30_id12_s0_30.png,1,VALID,0.31860352,-0.18603516,-0.012527466,-0.27902073,LCC-FASD external-dev / cross-domain stress set,-1.2943655252456665,1.0,0.0
FT720P_I2269VWM_DOOX30_id12_s0_45.png,1,VALID,0.6230469,-0.5371094,-0.06591797,0.20391372,LCC-FASD external-dev / cross-domain stress set,-1.2943655252456665,1.0,0.0
FT720P_I2269VWM_DOOX30_id12_s0_60.png,1,VALID,0.22973633,-0.18566895,0.066711426,-0.41187304,LCC-FASD external-dev / cross-domain stress set,-1.2943655252456665,1.0,0.0
FT720P_I2269VWM_DOOX30_id12_s0_75.png,1,VALID,0.43725586,-0.38598633,-0.015945435,-0.07194489,LCC-FASD external-dev / cross-domain stress set,-1.2943655252456665,1.0,0.0
FT720P_I2269VWM_DOOX30_id12_s0_90.png,1,VALID,0.5854492,-0.5,-0.08508301,0.16347659,LCC-FASD external-dev / cross-domain stress set,-1.2943655252456665,1.0,0.0
FT720P_I2269VWM_DOOX30_id12_s0_105.png,1,VALID,0.3010254,-0.24975586,0.0018262863,-0.2760479,LCC-FASD external-dev / cross-domain stress set,-1.2943655252456665,1.0,0.0
FT720P_I2269VWM_DOOX30_id12_s0_120.png,1,VALID,0.359375,-0.18591309,-0.04043579,-0.22324085,LCC-FASD external-dev / cross-domain stress set,-1.2943655252456665,1.0,0.0
FT720P_I2269VWM_DOOX30_id12_s0_135.png,1,VALID,0.32080078,-0.17834473,-0.021713257,-0.27538097,LCC-FASD external-dev / cross-domain stress set,-1.2943655252456665,1.0,0.0
FT720P_I2269VWM_DOOX30_id12_s0_150.png,1,VALID,0.39892578,-0.35327148,-0.017669678,-0.12276375,LCC-FASD external-dev / cross-domain stress set,-1.2943655252456665,1.0,0.0
FT720P_I2269VWM_DOOX30_id12_s1_15.png,1,VALID,-0.12634277,0.34106445,0.02709961,-1.0158434,LCC-FASD external-dev / cross-domain stress set,-1.2943655252456665,1.0,0.0
FT720P_I2269VWM_DOOX30_id12_s1_30.png,1,VALID,-0.45483398,0.60595703,0.13708496,-1.5467342,LCC-FASD external-dev / cross-domain stress set,-1.2943655252456665,0.0,1.0
FT720P_I2269VWM_DOOX30_id12_s1_45.png,1,VALID,-0.33154297,0.37548828,0.17602539,-1.3054119,LCC-FASD external-dev / cross-domain stress set,-1.2943655252456665,0.0,1.0
FT720P_I2269VWM_DOOX30_id12_s1_60.png,1,VALID,-0.11755371,0.19567871,0.097595215,-0.95853996,LCC-FASD external-dev / cross-domain stress set,-1.2943655252456665,1.0,0.0
FT720P_I2269VWM_DOOX30_id12_s1_75.png,1,VALID,0.08886719,0.07397461,0.016494751,-0.6499276,LCC-FASD external-dev / cross-domain stress set,-1.2943655252456665,1.0,0.0
FT720P_I2269VWM_DOOX30_id12_s1_90.png,1,VALID,-0.021759033,0.15429688,0.043518066,-0.8153469,LCC-FASD external-dev / cross-domain stress set,-1.2943655252456665,1.0,0.0
FT720P_I2269VWM_DOOX30_id12_s1_105.png,1,VALID,0.04244995,0.091796875,0.010070801,-0.7024657,LCC-FASD external-dev / cross-domain stress set,-1.2943655252456665,1.0,0.0
FT720P_I2269VWM_DOOX30_id12_s1_120.png,1,VALID,-0.28808594,0.42700195,0.0814209,-1.2502992,LCC-FASD external-dev / cross-domain stress set,-1.2943655252456665,1.0,0.0
FT720P_I2269VWM_DOOX30_id12_s1_135.png,1,VALID,-0.4128418,0.46240234,0.17578125,-1.4353147,LCC-FASD external-dev / cross-domain stress set,-1.2943655252456665,0.0,1.0
FT720P_I2269VWM_DOOX30_id12_s1_150.png,1,VALID,-0.107299805,0.296875,0.03781128,-0.976156,LCC-FASD external-dev / cross-domain stress set,-1.2943655252456665,1.0,0.0
FT720P_I2269VWM_DOOX30_id12_s2_15.png,1,VALID,0.032714844,0.15209961,-0.026184082,-0.727358,LCC-FASD external-dev / cross-domain stress set,-1.2943655252456665,1.0,0.0
FT720P_I2269VWM_DOOX30_id12_s2_30.png,1,VALID,0.34692383,-0.32788086,0.0045280457,-0.19829583,LCC-FASD external-dev / cross-domain stress set,-1.2943655252456665,1.0,0.0
FT720P_I2269VWM_DOOX30_id12_s2_45.png,1,VALID,0.033355713,-0.011550903,0.10058594,-0.70588,LCC-FASD external-dev / cross-domain stress set,-1.2943655252456665,1.0,0.0
FT720P_I2269VWM_DOOX30_id12_s2_60.png,1,VALID,0.31469727,-0.24316406,0.0064697266,-0.26787227,LCC-FASD external-dev / cross-domain stress set,-1.2943655252456665,1.0,0.0
FT720P_I2269VWM_DOOX30_id12_s2_75.png,1,VALID,-0.058044434,0.060638428,0.12030029,-0.8421059,LCC-FASD external-dev / cross-domain stress set,-1.2943655252456665,1.0,0.0
FT720P_I2269VWM_DOOX30_id12_s2_90.png,1,VALID,0.0028629303,0.03466797,0.06713867,-0.74131936,LCC-FASD external-dev / cross-domain stress set,-1.2943655252456665,1.0,0.0
FT720P_I2269VWM_DOOX30_id12_s2_105.png,1,VALID,-0.32836914,0.30493164,0.20397949,-1.2772453,LCC-FASD external-dev / cross-domain stress set,-1.2943655252456665,1.0,0.0
FT720P_I2269VWM_DOOX30_id12_s2_120.png,1,VALID,-0.07562256,0.09277344,0.09161377,-0.8609635,LCC-FASD external-dev / cross-domain stress set,-1.2943655252456665,1.0,0.0
FT720P_I2269VWM_DOOX30_id12_s2_135.png,1,VALID,-0.005706787,0.06915283,0.06185913,-0.76436657,LCC-FASD external-dev / cross-domain stress set,-1.2943655252456665,1.0,0.0
FT720P_I2269VWM_DOOX30_id12_s2_150.png,1,VALID,0.2775879,-0.21606445,0.02947998,-0.3297847,LCC-FASD external-dev / cross-domain stress set,-1.2943655252456665,1.0,0.0
FT720P_G780_REDMI4X_id5_s0_15.png,1,VALID,0.58447266,-0.34594727,-0.16809082,0.14439559,LCC-FASD external-dev / cross-domain stress set,-1.2943655252456665,1.0,0.0
FT720P_G780_REDMI4X_id5_s0_30.png,1,VALID,0.68066406,-0.4814453,-0.17492676,0.30400443,LCC-FASD external-dev / cross-domain stress set,-1.2943655252456665,1.0,0.0
FT720P_G780_REDMI4X_id5_s0_45.png,1,VALID,0.6982422,-0.36816406,-0.2692871,0.322599,LCC-FASD external-dev / cross-domain stress set,-1.2943655252456665,1.0,0.0
FT720P_G780_REDMI4X_id5_s0_60.png,1,VALID,0.5415039,-0.39233398,-0.12487793,0.09804767,LCC-FASD external-dev / cross-domain stress set,-1.2943655252456665,1.0,0.0
FT720P_G780_REDMI4X_id5_s0_75.png,1,VALID,0.4765625,-0.40698242,-0.04434204,-0.007271588,LCC-FASD external-dev / cross-domain stress set,-1.2943655252456665,1.0,0.0
FT720P_G780_REDMI4X_id5_s0_90.png,1,VALID,0.69921875,-0.4182129,-0.23571777,0.3288796,LCC-FASD external-dev / cross-domain stress set,-1.2943655252456665,1.0,0.0
FT720P_G780_REDMI4X_id5_s0_105.png,1,VALID,0.6191406,-0.4453125,-0.14709473,0.21112126,LCC-FASD external-dev / cross-domain stress set,-1.2943655252456665,1.0,0.0
FT720P_G780_REDMI4X_id5_s0_120.png,1,VALID,0.77490234,-0.53222656,-0.23852539,0.4563871,LCC-FASD external-dev / cross-domain stress set,-1.2943655252456665,1.0,0.0
FT720P_G780_REDMI4X_id5_s0_135.png,1,VALID,0.3486328,-0.2199707,-0.0848999,-0.19435787,LCC-FASD external-dev / cross-domain stress set,-1.2943655252456665,1.0,0.0
FT720P_G780_REDMI4X_id5_s0_150.png,1,VALID,0.8173828,-0.5698242,-0.2631836,0.5290318,LCC-FASD external-dev / cross-domain stress set,-1.2943655252456665,1.0,0.0
FT720P_G780_REDMI4X_id9_s0_15.png,1,VALID,-0.76220703,0.72216797,0.3083496,-1.9918677,LCC-FASD external-dev / cross-domain stress set,-1.2943655252456665,0.0,1.0
FT720P_G780_REDMI4X_id9_s0_30.png,1,VALID,-0.70410156,0.63134766,0.31347656,-1.8822384,LCC-FASD external-dev / cross-domain stress set,-1.2943655252456665,0.0,1.0
FT720P_G780_REDMI4X_id9_s0_45.png,1,VALID,-0.6801758,0.5805664,0.34570312,-1.843337,LCC-FASD external-dev / cross-domain stress set,-1.2943655252456665,0.0,1.0
FT720P_G780_REDMI4X_id9_s0_60.png,1,VALID,-0.57128906,0.53125,0.24414062,-1.6624002,LCC-FASD external-dev / cross-domain stress set,-1.2943655252456665,0.0,1.0
FT720P_G780_REDMI4X_id9_s0_75.png,1,VALID,-0.5053711,0.5571289,0.14050293,-1.5688763,LCC-FASD external-dev / cross-domain stress set,-1.2943655252456665,0.0,1.0
FT720P_G780_REDMI4X_id9_s0_90.png,1,VALID,-0.828125,0.7910156,0.2861328,-2.091377,LCC-FASD external-dev / cross-domain stress set,-1.2943655252456665,0.0,1.0
FT720P_G780_REDMI4X_id9_s0_105.png,1,VALID,-0.6796875,0.6425781,0.27978516,-1.8503792,LCC-FASD external-dev / cross-domain stress set,-1.2943655252456665,0.0,1.0
FT720P_G780_REDMI4X_id9_s0_120.png,1,VALID,-0.73535156,0.703125,0.28027344,-1.9423839,LCC-FASD external-dev / cross-domain stress set,-1.2943655252456665,0.0,1.0
FT720P_G780_REDMI4X_id9_s0_135.png,1,VALID,-0.90625,0.91015625,0.31347656,-2.255072,LCC-FASD external-dev / cross-domain stress set,-1.2943655252456665,0.0,1.0
FT720P_G780_REDMI4X_id9_s0_150.png,1,VALID,-0.6933594,0.7109375,0.22375488,-1.8832322,LCC-FASD external-dev / cross-domain stress set,-1.2943655252456665,0.0,1.0
FT720P_G780_REDMI4X_id12_s1_15.png,1,VALID,0.09539795,0.39501953,-0.26416016,-0.71653795,LCC-FASD external-dev / cross-domain stress set,-1.2943655252456665,1.0,0.0
FT720P_G780_REDMI4X_id12_s1_30.png,1,VALID,0.064208984,0.42260742,-0.26660156,-0.76517797,LCC-FASD external-dev / cross-domain stress set,-1.2943655252456665,1.0,0.0
FT720P_G780_REDMI4X_id12_s1_45.png,1,VALID,0.11621094,0.37768555,-0.29467773,-0.67391574,LCC-FASD external-dev / cross-domain stress set,-1.2943655252456665,1.0,0.0
FT720P_G780_REDMI4X_id12_s1_60.png,1,VALID,0.26879883,0.22961426,-0.32080078,-0.4161561,LCC-FASD external-dev / cross-domain stress set,-1.2943655252456665,1.0,0.0
FT720P_G780_REDMI4X_id12_s1_75.png,1,VALID,0.27270508,0.27661133,-0.34204102,-0.4348246,LCC-FASD external-dev / cross-domain stress set,-1.2943655252456665,1.0,0.0
FT720P_G780_REDMI4X_id12_s1_90.png,1,VALID,0.18286133,0.40844727,-0.32495117,-0.6178131,LCC-FASD external-dev / cross-domain stress set,-1.2943655252456665,1.0,0.0
FT720P_G780_REDMI4X_id12_s1_120.png,1,VALID,-0.116882324,0.48583984,-0.14465332,-1.0295111,LCC-FASD external-dev / cross-domain stress set,-1.2943655252456665,1.0,0.0
FT720P_G780_REDMI4X_id12_s1_135.png,1,VALID,-0.039398193,0.53808594,-0.23376465,-0.95739686,LCC-FASD external-dev / cross-domain stress set,-1.2943655252456665,1.0,0.0
FT720P_G780_REDMI4X_id12_s1_150.png,1,VALID,-0.13598633,0.59472656,-0.20727539,-1.1011933,LCC-FASD external-dev / cross-domain stress set,-1.2943655252456665,1.0,0.0
FT720P_G780_REDMI4X_id12_s2_15.png,1,VALID,0.012550354,0.35742188,-0.15441895,-0.8144946,LCC-FASD external-dev / cross-domain stress set,-1.2943655252456665,1.0,0.0
FT720P_G780_REDMI4X_id12_s2_30.png,1,VALID,0.1965332,0.10644531,-0.18164062,-0.46935487,LCC-FASD external-dev / cross-domain stress set,-1.2943655252456665,1.0,0.0
FT720P_G780_REDMI4X_id12_s2_45.png,1,VALID,0.19799805,0.22460938,-0.23876953,-0.5146723,LCC-FASD external-dev / cross-domain stress set,-1.2943655252456665,1.0,0.0
FT720P_G780_REDMI4X_id12_s2_60.png,1,VALID,0.010932922,0.25610352,-0.11816406,-0.76859224,LCC-FASD external-dev / cross-domain stress set,-1.2943655252456665,1.0,0.0
FT720P_G780_REDMI4X_id12_s2_75.png,1,VALID,0.049560547,0.27075195,-0.13830566,-0.7305815,LCC-FASD external-dev / cross-domain stress set,-1.2943655252456665,1.0,0.0
FT720P_G780_REDMI4X_id12_s2_90.png,1,VALID,0.05859375,0.24035645,-0.12963867,-0.70692766,LCC-FASD external-dev / cross-domain stress set,-1.2943655252456665,1.0,0.0
FT720P_G780_REDMI4X_id12_s2_105.png,1,VALID,-0.16503906,0.51171875,-0.113098145,-1.1055223,LCC-FASD external-dev / cross-domain stress set,-1.2943655252456665,1.0,0.0
FT720P_G780_REDMI4X_id12_s2_120.png,1,VALID,-0.2175293,0.58251953,-0.11279297,-1.2047927,LCC-FASD external-dev / cross-domain stress set,-1.2943655252456665,1.0,0.0
FT720P_G780_REDMI4X_id12_s2_135.png,1,VALID,0.044769287,0.4494629,-0.2553711,-0.8062782,LCC-FASD external-dev / cross-domain stress set,-1.2943655252456665,1.0,0.0
FT720P_G780_REDMI4X_id12_s2_150.png,1,VALID,0.17443848,0.2241211,-0.22302246,-0.54404473,LCC-FASD external-dev / cross-domain stress set,-1.2943655252456665,1.0,0.0
FT720P_I2269VWM_DOOX30_id0_s0_15.png,1,VALID,0.41503906,0.5449219,-0.6064453,-0.40463483,LCC-FASD external-dev / cross-domain stress set,-1.2943655252456665,1.0,0.0
FT720P_I2269VWM_DOOX30_id0_s0_30.png,1,VALID,0.13110352,0.97753906,-0.5854492,-1.0366501,LCC-FASD external-dev / cross-domain stress set,-1.2943655252456665,1.0,0.0
FT720P_I2269VWM_DOOX30_id0_s0_45.png,1,VALID,0.47705078,0.5361328,-0.6020508,-0.33701712,LCC-FASD external-dev / cross-domain stress set,-1.2943655252456665,1.0,0.0
FT720P_I2269VWM_DOOX30_id0_s0_60.png,1,VALID,0.2915039,0.6972656,-0.5205078,-0.664958,LCC-FASD external-dev / cross-domain stress set,-1.2943655252456665,1.0,0.0
FT720P_I2269VWM_DOOX30_id0_s0_75.png,1,VALID,-0.34936523,1.1259766,-0.20153809,-1.710521,LCC-FASD external-dev / cross-domain stress set,-1.2943655252456665,0.0,1.0
FT720P_I2269VWM_DOOX30_id0_s0_90.png,1,VALID,-0.15661621,0.94384766,-0.3400879,-1.3449346,LCC-FASD external-dev / cross-domain stress set,-1.2943655252456665,0.0,1.0
FT720P_I2269VWM_DOOX30_id0_s0_105.png,1,VALID,-0.08416748,0.8041992,-0.30151367,-1.1742783,LCC-FASD external-dev / cross-domain stress set,-1.2943655252456665,1.0,0.0
FT720P_I2269VWM_DOOX30_id0_s0_120.png,1,VALID,0.27905273,0.6508789,-0.51416016,-0.64331067,LCC-FASD external-dev / cross-domain stress set,-1.2943655252456665,1.0,0.0
FT720P_I2269VWM_DOOX30_id0_s0_135.png,1,VALID,-0.18920898,0.9160156,-0.24560547,-1.3775227,LCC-FASD external-dev / cross-domain stress set,-1.2943655252456665,0.0,1.0
FT720P_I2269VWM_DOOX30_id0_s0_150.png,1,VALID,0.10015869,0.68603516,-0.4177246,-0.87227416,LCC-FASD external-dev / cross-domain stress set,-1.2943655252456665,1.0,0.0
FT720P_I2269VWM_DOOX30_id0_s1_15.png,1,VALID,-0.60546875,1.2607422,-0.12432861,-2.0895994,LCC-FASD external-dev / cross-domain stress set,-1.2943655252456665,0.0,1.0
FT720P_I2269VWM_DOOX30_id0_s1_30.png,1,VALID,-0.89208984,1.4726562,-0.027755737,-2.5660841,LCC-FASD external-dev / cross-domain stress set,-1.2943655252456665,0.0,1.0
FT720P_I2269VWM_DOOX30_id0_s1_45.png,1,VALID,-0.8857422,1.4042969,-0.02960205,-2.5038414,LCC-FASD external-dev / cross-domain stress set,-1.2943655252456665,0.0,1.0
FT720P_I2269VWM_DOOX30_id0_s1_105.png,1,VALID,-0.79296875,1.4072266,-0.067871094,-2.406198,LCC-FASD external-dev / cross-domain stress set,-1.2943655252456665,0.0,1.0
FT720P_I2269VWM_DOOX30_id0_s1_120.png,1,VALID,-0.77001953,1.3818359,-0.052459717,-2.3655813,LCC-FASD external-dev / cross-domain stress set,-1.2943655252456665,0.0,1.0
FT720P_I2269VWM_DOOX30_id0_s1_135.png,1,VALID,-0.68115234,1.3115234,-0.1574707,-2.1998177,LCC-FASD external-dev / cross-domain stress set,-1.2943655252456665,0.0,1.0
FT720P_I2269VWM_DOOX30_id0_s1_150.png,1,VALID,-0.73095703,1.5087891,-0.17419434,-2.4101796,LCC-FASD external-dev / cross-domain stress set,-1.2943655252456665,0.0,1.0
FT720P_G780_REDMI4X_id0_s0_15.png,1,VALID,-0.2529297,1.0673828,-0.3330078,-1.5406526,LCC-FASD external-dev / cross-domain stress set,-1.2943655252456665,0.0,1.0
FT720P_G780_REDMI4X_id0_s0_30.png,1,VALID,0.101379395,0.6982422,-0.41333008,-0.8813206,LCC-FASD external-dev / cross-domain stress set,-1.2943655252456665,1.0,0.0
FT720P_G780_REDMI4X_id0_s0_45.png,1,VALID,0.26538086,0.62402344,-0.5175781,-0.63574934,LCC-FASD external-dev / cross-domain stress set,-1.2943655252456665,1.0,0.0
FT720P_G780_REDMI4X_id0_s0_60.png,1,VALID,0.12841797,0.6557617,-0.40014648,-0.825874,LCC-FASD external-dev / cross-domain stress set,-1.2943655252456665,1.0,0.0
FT720P_G780_REDMI4X_id0_s0_75.png,1,VALID,0.2397461,0.5449219,-0.43701172,-0.62332845,LCC-FASD external-dev / cross-domain stress set,-1.2943655252456665,1.0,0.0
FT720P_G780_REDMI4X_id0_s0_90.png,1,VALID,-0.0949707,0.8754883,-0.37304688,-1.2227145,LCC-FASD external-dev / cross-domain stress set,-1.2943655252456665,1.0,0.0
FT720P_G780_REDMI4X_id0_s0_105.png,1,VALID,-0.119506836,0.9165039,-0.36865234,-1.2802168,LCC-FASD external-dev / cross-domain stress set,-1.2943655252456665,1.0,0.0
FT720P_G780_REDMI4X_id0_s0_120.png,1,VALID,0.16296387,0.63964844,-0.44628906,-0.76755047,LCC-FASD external-dev / cross-domain stress set,-1.2943655252456665,1.0,0.0
FT720P_G780_REDMI4X_id0_s0_135.png,1,VALID,-0.19262695,0.8417969,-0.27197266,-1.3183382,LCC-FASD external-dev / cross-domain stress set,-1.2943655252456665,0.0,1.0
FT720P_G780_REDMI4X_id0_s0_150.png,1,VALID,0.20666504,0.5419922,-0.4321289,-0.65561485,LCC-FASD external-dev / cross-domain stress set,-1.2943655252456665,1.0,0.0
FT720P_G780_REDMI4X_id0_s1_15.png,1,VALID,-0.61621094,1.4511719,-0.20153809,-2.2426212,LCC-FASD external-dev / cross-domain stress set,-1.2943655252456665,0.0,1.0
FT720P_G780_REDMI4X_id0_s1_30.png,1,VALID,-0.42358398,1.2285156,-0.23742676,-1.859813,LCC-FASD external-dev / cross-domain stress set,-1.2943655252456665,0.0,1.0
FT720P_G780_REDMI4X_id0_s1_45.png,1,VALID,-0.53466797,1.1523438,-0.12036133,-1.9339287,LCC-FASD external-dev / cross-domain stress set,-1.2943655252456665,0.0,1.0
FT720P_G780_REDMI4X_id0_s1_60.png,1,VALID,-0.6533203,1.2646484,-0.077819824,-2.1500325,LCC-FASD external-dev / cross-domain stress set,-1.2943655252456665,0.0,1.0
FT720P_G780_REDMI4X_id0_s1_75.png,1,VALID,-0.5078125,1.0761719,-0.08428955,-1.8565592,LCC-FASD external-dev / cross-domain stress set,-1.2943655252456665,0.0,1.0
FT720P_G780_REDMI4X_id0_s1_90.png,1,VALID,-0.43554688,1.0615234,-0.15673828,-1.7561553,LCC-FASD external-dev / cross-domain stress set,-1.2943655252456665,0.0,1.0
FT720P_G780_REDMI4X_id0_s1_105.png,1,VALID,-0.52197266,1.1162109,-0.1048584,-1.8966284,LCC-FASD external-dev / cross-domain stress set,-1.2943655252456665,0.0,1.0
FT720P_G780_REDMI4X_id0_s1_120.png,1,VALID,-0.57177734,1.2197266,-0.13659668,-2.020714,LCC-FASD external-dev / cross-domain stress set,-1.2943655252456665,0.0,1.0
FT720P_G780_REDMI4X_id0_s1_135.png,1,VALID,-0.34448242,1.0078125,-0.19067383,-1.615928,LCC-FASD external-dev / cross-domain stress set,-1.2943655252456665,0.0,1.0
FT720P_G780_REDMI4X_id0_s1_150.png,1,VALID,-0.74121094,1.2470703,-0.022491455,-2.235887,LCC-FASD external-dev / cross-domain stress set,-1.2943655252456665,0.0,1.0
FT720P_G780_REDMI4X_id0_s2_15.png,1,VALID,0.022598267,0.38134766,-0.21533203,-0.79741514,LCC-FASD external-dev / cross-domain stress set,-1.2943655252456665,1.0,0.0
FT720P_G780_REDMI4X_id0_s2_30.png,1,VALID,0.0046195984,0.7270508,-0.3852539,-1.0067077,LCC-FASD external-dev / cross-domain stress set,-1.2943655252456665,1.0,0.0
FT720P_G780_REDMI4X_id0_s2_45.png,1,VALID,-0.08605957,0.5024414,-0.20654297,-0.9887148,LCC-FASD external-dev / cross-domain stress set,-1.2943655252456665,1.0,0.0
FT720P_G780_REDMI4X_id0_s2_60.png,1,VALID,0.36499023,0.46435547,-0.4729004,-0.42989212,LCC-FASD external-dev / cross-domain stress set,-1.2943655252456665,1.0,0.0
FT720P_G780_REDMI4X_id0_s2_75.png,1,VALID,-0.09844971,0.6044922,-0.20385742,-1.0714614,LCC-FASD external-dev / cross-domain stress set,-1.2943655252456665,1.0,0.0
FT720P_G780_REDMI4X_id0_s2_90.png,1,VALID,0.0579834,0.6147461,-0.34399414,-0.88128924,LCC-FASD external-dev / cross-domain stress set,-1.2943655252456665,1.0,0.0
FT720P_G780_REDMI4X_id0_s2_105.png,1,VALID,0.39038086,0.42089844,-0.4885254,-0.36895657,LCC-FASD external-dev / cross-domain stress set,-1.2943655252456665,1.0,0.0
FT720P_G780_REDMI4X_id0_s2_120.png,1,VALID,0.14697266,0.43115234,-0.27978516,-0.6837498,LCC-FASD external-dev / cross-domain stress set,-1.2943655252456665,1.0,0.0
FT720P_G780_REDMI4X_id0_s2_135.png,1,VALID,0.023483276,0.58691406,-0.25561523,-0.9215387,LCC-FASD external-dev / cross-domain stress set,-1.2943655252456665,1.0,0.0
FT720P_G780_REDMI4X_id0_s2_150.png,1,VALID,0.4609375,0.3955078,-0.546875,-0.26365685,LCC-FASD external-dev / cross-domain stress set,-1.2943655252456665,1.0,0.0
FT720P_G780_REDMI4X_id0_s3_15.png,1,VALID,-1.4072266,2.0019531,0.09643555,-3.5478504,LCC-FASD external-dev / cross-domain stress set,-1.2943655252456665,0.0,1.0
FT720P_G780_REDMI4X_id0_s3_30.png,1,VALID,-1.5322266,2.2207031,0.10632324,-3.8668904,LCC-FASD external-dev / cross-domain stress set,-1.2943655252456665,0.0,1.0
FT720P_G780_REDMI4X_id0_s3_45.png,1,VALID,-1.4794922,2.1035156,0.11248779,-3.7110095,LCC-FASD external-dev / cross-domain stress set,-1.2943655252456665,0.0,1.0
FT720P_G780_REDMI4X_id0_s3_60.png,1,VALID,-1.4882812,2.0585938,0.17553711,-3.6884825,LCC-FASD external-dev / cross-domain stress set,-1.2943655252456665,0.0,1.0
FT720P_G780_REDMI4X_id0_s3_75.png,1,VALID,-1.4150391,2.0390625,0.10998535,-3.5897527,LCC-FASD external-dev / cross-domain stress set,-1.2943655252456665,0.0,1.0
FT720P_G780_REDMI4X_id0_s3_90.png,1,VALID,-1.4375,2.0058594,0.13781738,-3.5869625,LCC-FASD external-dev / cross-domain stress set,-1.2943655252456665,0.0,1.0
FT720P_G780_REDMI4X_id0_s3_105.png,1,VALID,-1.6396484,2.2597656,0.19116211,-4.018407,LCC-FASD external-dev / cross-domain stress set,-1.2943655252456665,0.0,1.0
FT720P_G780_REDMI4X_id0_s3_120.png,1,VALID,-1.5332031,2.1503906,0.1505127,-3.8105364,LCC-FASD external-dev / cross-domain stress set,-1.2943655252456665,0.0,1.0
FT720P_G780_REDMI4X_id0_s3_135.png,1,VALID,-1.5136719,2.1523438,0.10394287,-3.7872956,LCC-FASD external-dev / cross-domain stress set,-1.2943655252456665,0.0,1.0
FT720P_G780_REDMI4X_id0_s3_150.png,1,VALID,-1.4785156,1.9492188,0.17883301,-3.5849667,LCC-FASD external-dev / cross-domain stress set,-1.2943655252456665,0.0,1.0
FT720P_G780_REDMI4X_id12_s0_15.png,1,VALID,0.18371582,0.20178223,-0.21118164,-0.5258993,LCC-FASD external-dev / cross-domain stress set,-1.2943655252456665,1.0,0.0
FT720P_G780_REDMI4X_id12_s0_30.png,1,VALID,0.22729492,0.20788574,-0.24987793,-0.47082406,LCC-FASD external-dev / cross-domain stress set,-1.2943655252456665,1.0,0.0
FT720P_G780_REDMI4X_id12_s0_45.png,1,VALID,-0.052337646,0.38476562,-0.123535156,-0.9080545,LCC-FASD external-dev / cross-domain stress set,-1.2943655252456665,1.0,0.0
FT720P_G780_REDMI4X_id12_s0_60.png,1,VALID,0.068237305,0.2705078,-0.16931152,-0.69949573,LCC-FASD external-dev / cross-domain stress set,-1.2943655252456665,1.0,0.0
FT720P_G780_REDMI4X_id12_s0_75.png,1,VALID,-0.13146973,0.41723633,-0.06945801,-1.0278273,LCC-FASD external-dev / cross-domain stress set,-1.2943655252456665,1.0,0.0
FT720P_G780_REDMI4X_id12_s0_90.png,1,VALID,0.07891846,0.26489258,-0.18103027,-0.68081254,LCC-FASD external-dev / cross-domain stress set,-1.2943655252456665,1.0,0.0
FT720P_G780_REDMI4X_id12_s0_105.png,1,VALID,0.1496582,0.20800781,-0.20690918,-0.56540525,LCC-FASD external-dev / cross-domain stress set,-1.2943655252456665,1.0,0.0
FT720P_G780_REDMI4X_id12_s0_120.png,1,VALID,0.20422363,0.19152832,-0.22631836,-0.49319613,LCC-FASD external-dev / cross-domain stress set,-1.2943655252456665,1.0,0.0
FT720P_G780_REDMI4X_id12_s0_135.png,1,VALID,-0.022613525,0.35498047,-0.12145996,-0.860631,LCC-FASD external-dev / cross-domain stress set,-1.2943655252456665,1.0,0.0
FT720P_G780_REDMI4X_id12_s0_150.png,1,VALID,0.17590332,0.23034668,-0.22558594,-0.54538655,LCC-FASD external-dev / cross-domain stress set,-1.2943655252456665,1.0,0.0
FT720P_G780_REDMI4X_id12_s1_105.png,1,VALID,0.015449524,0.5517578,-0.30371094,-0.89053893,LCC-FASD external-dev / cross-domain stress set,-1.2943655252456665,1.0,0.0
YOUTUBE_VX2363SMHL_LGL90_id48_s1_60.png,1,VALID,-0.92626953,1.4433594,0.018966675,-2.585268,LCC-FASD external-dev / cross-domain stress set,-1.2943655252456665,0.0,1.0
YOUTUBE_VX2363SMHL_LGL90_id48_s1_75.png,1,VALID,-0.5683594,0.93896484,0.023376465,-1.8439972,LCC-FASD external-dev / cross-domain stress set,-1.2943655252456665,0.0,1.0
YOUTUBE_VX2363SMHL_LGL90_id48_s1_90.png,1,VALID,-0.8691406,1.6132812,-0.10089111,-2.6480317,LCC-FASD external-dev / cross-domain stress set,-1.2943655252456665,0.0,1.0
YOUTUBE_TP300LA_SGS7E_id48_s1_30.png,1,VALID,-0.734375,1.0576172,0.0692749,-2.1084025,LCC-FASD external-dev / cross-domain stress set,-1.2943655252456665,0.0,1.0
